{"datas":{"jaskcb":{"extParams":{"code":1,"msg":"查询成功"},"pageSize":0,"pageNumber":0,"totalSize":-1,"rows":[{"KKDWDM":"013","XS":48,"BYBZ":"0","JSJC":8,"XXXQDM":"01","KXH":"03","KSJC":6,"XKZRS":22,"SKZC":"111111111100000000000000000000","SKJS":"刘芙蓉","ISTK":0,"ZCMC":"1-10周","YPSJDD":"16-17周 星期一 第6节-第8节 马区东-弘毅楼-413,1-10周 星期一 第6节-第8节 马区东-弘毅楼-413,17周 星期二 第6节-第8节 马区东-弘毅楼-413,12-14周 星期一 第6节-第8节 马区东-弘毅楼-413","XF":3,"SKXQ":1,"XNXQDM":"2024-2025-2","KCM":"电力拖动与控制系统","JASDM":"0101030413","JXLDM":"010103","JXBID":"20242-10009","SKBJ":"电气2201-03","TYXMDM":null,"KCH":"10135121048"},{"KKDWDM":"013","XS":48,"BYBZ":"0","JSJC":8,"XXXQDM":"01","KXH":"03","KSJC":6,"XKZRS":22,"SKZC":"000000000001110000000000000000","SKJS":"刘芙蓉","ISTK":0,"ZCMC":"12-14周","YPSJDD":"16-17周 星期一 第6节-第8节 马区东-弘毅楼-413,1-10周 星期一 第6节-第8节 马区东-弘毅楼-413,17周 星期二 第6节-第8节 马区东-弘毅楼-413,12-14周 星期一 第6节-第8节 马区东-弘毅楼-413","XF":3,"SKXQ":1,"XNXQDM":"2024-2025-2","KCM":"电力拖动与控制系统","JASDM":"0101030413","JXLDM":"010103","JXBID":"20242-10009","SKBJ":"电气2201-03","TYXMDM":null,"KCH":"10135121048"},{"KKDWDM":"013","XS":48,"BYBZ":"0","JSJC":8,"XXXQDM":"01","KXH":"03","KSJC":6,"XKZRS":22,"SKZC":"000000000000000110000000000000","SKJS":"刘芙蓉","ISTK":0,"ZCMC":"16-17周","YPSJDD":"16-17周 星期一 第6节-第8节 马区东-弘毅楼-413,1-10周 星期一 第6节-第8节 马区东-弘毅楼-413,17周 星期二 第6节-第8节 马区东-弘毅楼-413,12-14周 星期一 第6节-第8节 马区东-弘毅楼-413","XF":3,"SKXQ":1,"XNXQDM":"2024-2025-2","KCM":"电力拖动与控制系统","JASDM":"0101030413","JXLDM":"010103","JXBID":"20242-10009","SKBJ":"电气2201-03","TYXMDM":null,"KCH":"10135121048"},{"KKDWDM":"013","XS":48,"BYBZ":"0","JSJC":8,"XXXQDM":"01","KXH":"03","KSJC":6,"XKZRS":22,"SKZC":"000000000000000010000000000000","SKJS":"刘芙蓉","ISTK":0,"ZCMC":"17周","YPSJDD":"16-17周 星期一 第6节-第8节 马区东-弘毅楼-413,1-10周 星期一 第6节-第8节 马区东-弘毅楼-413,17周 星期二 第6节-第8节 马区东-弘毅楼-413,12-14周 星期一 第6节-第8节 马区东-弘毅楼-413","XF":3,"SKXQ":2,"XNXQDM":"2024-2025-2","KCM":"电力拖动与控制系统","JASDM":"0101030413","JXLDM":"010103","JXBID":"20242-10009","SKBJ":"电气2201-03","TYXMDM":null,"KCH":"10135121048"},{"KKDWDM":null,"XS":null,"BYBZ":"3","JSJC":6,"XXXQDM":null,"KXH":null,"KSJC":6,"XKZRS":null,"SKZC":"000010000000000000000000000000","SKJS":null,"ISTK":0,"ZCMC":"5周","YPSJDD":null,"XF":null,"SKXQ":4,"XNXQDM":"2024-2025-2","KCM":"商务沟通技巧","JASDM":"0101030413","JXLDM":null,"JXBID":null,"SKBJ":"GTB2305","TYXMDM":null,"KCH":"20244124098"}]}},"code":"0"}