{"datas":{"jaskcb":{"extParams":{"code":1,"msg":"查询成功"},"pageSize":0,"pageNumber":0,"totalSize":-1,"rows":[{"KKDWDM":null,"XS":null,"BYBZ":"3","JSJC":4,"XXXQDM":null,"KXH":null,"KSJC":3,"XKZRS":null,"SKZC":"011111111111111100000000000000","SKJS":"Robert Mansfield Coates","ISTK":0,"ZCMC":"2-16周","YPSJDD":null,"XF":null,"SKXQ":3,"XNXQDM":"2024-2025-2","KCM":"高级口语","JASDM":"0101030209","JXLDM":null,"JXBID":null,"SKBJ":"A2302","TYXMDM":null,"KCH":"20241124001"},{"KKDWDM":null,"XS":null,"BYBZ":"3","JSJC":10,"XXXQDM":null,"KXH":null,"KSJC":9,"XKZRS":null,"SKZC":"011111111111111100000000000000","SKJS":"Robert Mansfield Coates","ISTK":0,"ZCMC":"2-16周","YPSJDD":null,"XF":null,"SKXQ":2,"XNXQDM":"2024-2025-2","KCM":"高级口语","JASDM":"0101030209","JXLDM":null,"JXBID":null,"SKBJ":"F2302","TYXMDM":null,"KCH":"20241124001"},{"KKDWDM":null,"XS":null,"BYBZ":"3","JSJC":2,"XXXQDM":null,"KXH":null,"KSJC":1,"XKZRS":null,"SKZC":"111111111111111110000000000000","SKJS":null,"ISTK":0,"ZCMC":"1-17周","YPSJDD":null,"XF":null,"SKXQ":1,"XNXQDM":"2024-2025-2","KCM":"阅读与写作","JASDM":"0101030209","JXLDM":null,"JXBID":null,"SKBJ":"F2302","TYXMDM":null,"KCH":"20243124013"},{"KKDWDM":null,"XS":null,"BYBZ":"3","JSJC":10,"XXXQDM":null,"KXH":null,"KSJC":9,"XKZRS":null,"SKZC":"111111111111111110000000000000","SKJS":"刘秋频","ISTK":0,"ZCMC":"1-17周","YPSJDD":null,"XF":null,"SKXQ":1,"XNXQDM":"2024-2025-2","KCM":"财务信息记录","JASDM":"0101030209","JXLDM":null,"JXBID":null,"SKBJ":"A2301","TYXMDM":null,"KCH":"20244124071"},{"KKDWDM":null,"XS":null,"BYBZ":"3","JSJC":7,"XXXQDM":null,"KXH":null,"KSJC":6,"XKZRS":null,"SKZC":"111111111111111100000000000000","SKJS":"祁琳琳","ISTK":0,"ZCMC":"1-16周","YPSJDD":null,"XF":null,"SKXQ":5,"XNXQDM":"2024-2025-2","KCM":"信息技术：应用软件 2","JASDM":"0101030209","JXLDM":null,"JXBID":null,"SKBJ":"F2302","TYXMDM":null,"KCH":"20244124085"},{"KKDWDM":null,"XS":null,"BYBZ":"3","JSJC":4,"XXXQDM":null,"KXH":null,"KSJC":3,"XKZRS":null,"SKZC":"111111111111111100000000000000","SKJS":"祁琳琳","ISTK":0,"ZCMC":"1-16周","YPSJDD":null,"XF":null,"SKXQ":5,"XNXQDM":"2024-2025-2","KCM":"信息技术：应用软件 2","JASDM":"0101030209","JXLDM":null,"JXBID":null,"SKBJ":"F2303","TYXMDM":null,"KCH":"20244124085"},{"KKDWDM":null,"XS":null,"BYBZ":"3","JSJC":7,"XXXQDM":null,"KXH":null,"KSJC":6,"XKZRS":null,"SKZC":"111111111111111110000000000000","SKJS":"魏剑昆","ISTK":0,"ZCMC":"1-17周","YPSJDD":null,"XF":null,"SKXQ":2,"XNXQDM":"2024-2025-2","KCM":"商务会计","JASDM":"0101030209","JXLDM":null,"JXBID":null,"SKBJ":"F2302","TYXMDM":null,"KCH":"20244124087"},{"KKDWDM":null,"XS":null,"BYBZ":"3","JSJC":4,"XXXQDM":null,"KXH":null,"KSJC":3,"XKZRS":null,"SKZC":"000000000000111100000000000000","SKJS":"刘灿","ISTK":0,"ZCMC":"13-16周","YPSJDD":null,"XF":null,"SKXQ":1,"XNXQDM":"2024-2025-2","KCM":"国际理财：分等级考试 1","JASDM":"0101030209","JXLDM":null,"JXBID":null,"SKBJ":"F2302","TYXMDM":null,"KCH":"20244124088"},{"KKDWDM":null,"XS":null,"BYBZ":"3","JSJC":4,"XXXQDM":null,"KXH":null,"KSJC":3,"XKZRS":null,"SKZC":"111111111000000000000000000000","SKJS":"汪文静","ISTK":0,"ZCMC":"1-9周","YPSJDD":null,"XF":null,"SKXQ":1,"XNXQDM":"2024-2025-2","KCM":"国际理财：分等级考试 1","JASDM":"0101030209","JXLDM":null,"JXBID":null,"SKBJ":"F2302","TYXMDM":null,"KCH":"20244124088"},{"KKDWDM":null,"XS":null,"BYBZ":"3","JSJC":4,"XXXQDM":null,"KXH":null,"KSJC":3,"XKZRS":null,"SKZC":"111111111111111110000000000000","SKJS":"胡蝶","ISTK":0,"ZCMC":"1-17周","YPSJDD":null,"XF":null,"SKXQ":2,"XNXQDM":"2024-2025-2","KCM":"客户服务文化构建","JASDM":"0101030209","JXLDM":null,"JXBID":null,"SKBJ":"F2303","TYXMDM":null,"KCH":"20244124095"},{"KKDWDM":null,"XS":null,"BYBZ":"3","JSJC":10,"XXXQDM":null,"KXH":null,"KSJC":9,"XKZRS":null,"SKZC":"111111111111111110000000000000","SKJS":"张静娴","ISTK":0,"ZCMC":"1-17周","YPSJDD":null,"XF":null,"SKXQ":3,"XNXQDM":"2024-2025-2","KCM":"财政预算","JASDM":"0101030209","JXLDM":null,"JXBID":null,"SKBJ":"F2302","TYXMDM":null,"KCH":"20244124096"},{"KKDWDM":null,"XS":null,"BYBZ":"3","JSJC":7,"XXXQDM":null,"KXH":null,"KSJC":6,"XKZRS":null,"SKZC":"111111111111111110000000000000","SKJS":"张静娴","ISTK":0,"ZCMC":"1-17周","YPSJDD":null,"XF":null,"SKXQ":1,"XNXQDM":"2024-2025-2","KCM":"财政预算","JASDM":"0101030209","JXLDM":null,"JXBID":null,"SKBJ":"F2303","TYXMDM":null,"KCH":"20244124096"},{"KKDWDM":null,"XS":null,"BYBZ":"3","JSJC":2,"XXXQDM":null,"KXH":null,"KSJC":1,"XKZRS":null,"SKZC":"111111111111111110000000000000","SKJS":"王小丹","ISTK":0,"ZCMC":"1-17周","YPSJDD":null,"XF":null,"SKXQ":3,"XNXQDM":"2024-2025-2","KCM":"人力与组织管理","JASDM":"0101030209","JXLDM":null,"JXBID":null,"SKBJ":"A2302","TYXMDM":null,"KCH":"20244124097"},{"KKDWDM":null,"XS":null,"BYBZ":"3","JSJC":7,"XXXQDM":null,"KXH":null,"KSJC":6,"XKZRS":null,"SKZC":"111111111111111110000000000000","SKJS":"高莹","ISTK":0,"ZCMC":"1-17周","YPSJDD":null,"XF":null,"SKXQ":3,"XNXQDM":"2024-2025-2","KCM":"人力与组织管理","JASDM":"0101030209","JXLDM":null,"JXBID":null,"SKBJ":"F2302","TYXMDM":null,"KCH":"20244124097"},{"KKDWDM":null,"XS":null,"BYBZ":"3","JSJC":4,"XXXQDM":null,"KXH":null,"KSJC":3,"XKZRS":null,"SKZC":"111111111111111110000000000000","SKJS":"张紫芸","ISTK":0,"ZCMC":"1-17周","YPSJDD":null,"XF":null,"SKXQ":4,"XNXQDM":"2024-2025-2","KCM":"商务沟通技巧","JASDM":"0101030209","JXLDM":null,"JXBID":null,"SKBJ":"F2302","TYXMDM":null,"KCH":"20244124098"},{"KKDWDM":null,"XS":null,"BYBZ":"3","JSJC":2,"XXXQDM":null,"KXH":null,"KSJC":1,"XKZRS":null,"SKZC":"111111111111111110000000000000","SKJS":"张紫芸","ISTK":0,"ZCMC":"1-17周","YPSJDD":null,"XF":null,"SKXQ":5,"XNXQDM":"2024-2025-2","KCM":"商法导论","JASDM":"0101030209","JXLDM":null,"JXBID":null,"SKBJ":"F2303","TYXMDM":null,"KCH":"20244124100"}]}},"code":"0"}