{"datas":{"jaskcb":{"extParams":{"code":1,"msg":"查询成功"},"pageSize":0,"pageNumber":0,"totalSize":-1,"rows":[{"KKDWDM":"020","XS":32,"BYBZ":"0","JSJC":13,"XXXQDM":"01","KXH":"01","KSJC":11,"XKZRS":62,"SKZC":"111111111100000000000000000000","SKJS":"周堂波","ISTK":0,"ZCMC":"1-10周","YPSJDD":"12周 星期一 第11节-第12节 马区东-弘毅楼-201,1-10周 星期一 第11节-第13节 马区东-弘毅楼-201","XF":2,"SKXQ":1,"XNXQDM":"2024-2025-2","KCM":"匠心与创新——基于日本科技创新经典案例分析(JD)","JASDM":"0101020201","JXLDM":"010102","JXBID":"20242-08441","SKBJ":"公选-08441","TYXMDM":null,"KCH":"10206111004"},{"KKDWDM":"021","XS":8,"BYBZ":"0","JSJC":7,"XXXQDM":"01","KXH":"535","KSJC":6,"XKZRS":130,"SKZC":"0001111","SKJS":"杨成刚","ISTK":0,"ZCMC":"4-7周","YPSJDD":"4-7周 星期四 第6节-第7节 马区东-弘毅楼-201","XF":0,"SKXQ":4,"XNXQDM":"2024-2025-2","KCM":"形势与政策","JASDM":"0101020201","JXLDM":"010102","JXBID":"20242-14126","SKBJ":null,"TYXMDM":null,"KCH":"10218121092"},{"KKDWDM":"021","XS":8,"BYBZ":"0","JSJC":10,"XXXQDM":"01","KXH":"544","KSJC":9,"XKZRS":131,"SKZC":"0001111","SKJS":"杨成刚","ISTK":0,"ZCMC":"4-7周","YPSJDD":"4-7周 星期四 第9节-第10节 马区东-弘毅楼-201","XF":0,"SKXQ":4,"XNXQDM":"2024-2025-2","KCM":"形势与政策","JASDM":"0101020201","JXLDM":"010102","JXBID":"20242-14135","SKBJ":null,"TYXMDM":null,"KCH":"10218121092"},{"KKDWDM":"021","XS":8,"BYBZ":"0","JSJC":10,"XXXQDM":"01","KXH":"583","KSJC":9,"XKZRS":129,"SKZC":"000000011011000000000000000000","SKJS":"童泽望","ISTK":0,"ZCMC":"8-9周,11-12周","YPSJDD":"8-9周,11-12周 星期四 第9节-第10节 马区东-弘毅楼-201","XF":0,"SKXQ":4,"XNXQDM":"2024-2025-2","KCM":"形势与政策","JASDM":"0101020201","JXLDM":"010102","JXBID":"20242-14174","SKBJ":null,"TYXMDM":null,"KCH":"10218121092"},{"KKDWDM":"021","XS":8,"BYBZ":"0","JSJC":7,"XXXQDM":"01","KXH":"561","KSJC":6,"XKZRS":130,"SKZC":"000000011011000000000000","SKJS":"蔡春","ISTK":0,"ZCMC":"8-9周,11-12周","YPSJDD":"8-9周,11-12周 星期四 第6节-第7节 马区东-弘毅楼-201","XF":0,"SKXQ":4,"XNXQDM":"2024-2025-2","KCM":"形势与政策","JASDM":"0101020201","JXLDM":"010102","JXBID":"20242-14152","SKBJ":null,"TYXMDM":null,"KCH":"10218121092"},{"KKDWDM":"020","XS":32,"BYBZ":"0","JSJC":12,"XXXQDM":"01","KXH":"01","KSJC":11,"XKZRS":62,"SKZC":"000000000001000000000000000000","SKJS":"周堂波","ISTK":0,"ZCMC":"12周","YPSJDD":"12周 星期一 第11节-第12节 马区东-弘毅楼-201,1-10周 星期一 第11节-第13节 马区东-弘毅楼-201","XF":2,"SKXQ":1,"XNXQDM":"2024-2025-2","KCM":"匠心与创新——基于日本科技创新经典案例分析(JD)","JASDM":"0101020201","JXLDM":"010102","JXBID":"20242-08441","SKBJ":"公选-08441","TYXMDM":null,"KCH":"10206111004"},{"KKDWDM":"021","XS":8,"BYBZ":"0","JSJC":10,"XXXQDM":"01","KXH":"629","KSJC":9,"XKZRS":129,"SKZC":"000000000000111100000000000000","SKJS":"刘浩杰","ISTK":0,"ZCMC":"13-16周","YPSJDD":"13-16周 星期四 第9节-第10节 马区东-弘毅楼-201","XF":0,"SKXQ":4,"XNXQDM":"2024-2025-2","KCM":"形势与政策","JASDM":"0101020201","JXLDM":"010102","JXBID":"20242-14220","SKBJ":null,"TYXMDM":null,"KCH":"10218121092"},{"KKDWDM":"021","XS":8,"BYBZ":"0","JSJC":7,"XXXQDM":"01","KXH":"607","KSJC":6,"XKZRS":129,"SKZC":"0000000000001111","SKJS":"乔云莉","ISTK":0,"ZCMC":"13-16周","YPSJDD":"13-16周 星期四 第6节-第7节 马区东-弘毅楼-201","XF":0,"SKXQ":4,"XNXQDM":"2024-2025-2","KCM":"形势与政策","JASDM":"0101020201","JXLDM":"010102","JXBID":"20242-14198","SKBJ":null,"TYXMDM":null,"KCH":"10218121092"}]}},"code":"0"}