{"datas":{"jaskcb":{"extParams":{"code":1,"msg":"查询成功"},"pageSize":0,"pageNumber":0,"totalSize":-1,"rows":[{"KKDWDM":null,"XS":null,"BYBZ":"3","JSJC":2,"XXXQDM":null,"KXH":null,"KSJC":1,"XKZRS":null,"SKZC":"011111111111111100000000000000","SKJS":"Robert Mansfield Coates","ISTK":0,"ZCMC":"2-16周","YPSJDD":null,"XF":null,"SKXQ":4,"XNXQDM":"2024-2025-2","KCM":"高级口语","JASDM":"0101030309","JXLDM":null,"JXBID":null,"SKBJ":"A2303","TYXMDM":null,"KCH":"20241124001"},{"KKDWDM":null,"XS":null,"BYBZ":"3","JSJC":7,"XXXQDM":null,"KXH":null,"KSJC":6,"XKZRS":null,"SKZC":"011111111111111100000000000000","SKJS":"Robert Mansfield Coates","ISTK":0,"ZCMC":"2-16周","YPSJDD":null,"XF":null,"SKXQ":1,"XNXQDM":"2024-2025-2","KCM":"高级口语","JASDM":"0101030309","JXLDM":null,"JXBID":null,"SKBJ":"A2304","TYXMDM":null,"KCH":"20241124001"},{"KKDWDM":null,"XS":null,"BYBZ":"3","JSJC":7,"XXXQDM":null,"KXH":null,"KSJC":6,"XKZRS":null,"SKZC":"011111111111111100000000000000","SKJS":"Robert Mansfield Coates","ISTK":0,"ZCMC":"2-16周","YPSJDD":null,"XF":null,"SKXQ":2,"XNXQDM":"2024-2025-2","KCM":"高级口语","JASDM":"0101030309","JXLDM":null,"JXBID":null,"SKBJ":"GTB2301","TYXMDM":null,"KCH":"20241124001"},{"KKDWDM":null,"XS":null,"BYBZ":"3","JSJC":2,"XXXQDM":null,"KXH":null,"KSJC":1,"XKZRS":null,"SKZC":"111111111111111110000000000000","SKJS":null,"ISTK":0,"ZCMC":"1-17周","YPSJDD":null,"XF":null,"SKXQ":1,"XNXQDM":"2024-2025-2","KCM":"阅读与写作","JASDM":"0101030309","JXLDM":null,"JXBID":null,"SKBJ":"A2303","TYXMDM":null,"KCH":"20243124013"},{"KKDWDM":null,"XS":null,"BYBZ":"3","JSJC":2,"XXXQDM":null,"KXH":null,"KSJC":1,"XKZRS":null,"SKZC":"111111111111111110000000000000","SKJS":null,"ISTK":0,"ZCMC":"1-17周","YPSJDD":null,"XF":null,"SKXQ":5,"XNXQDM":"2024-2025-2","KCM":"阅读与写作","JASDM":"0101030309","JXLDM":null,"JXBID":null,"SKBJ":"GTB2305","TYXMDM":null,"KCH":"20243124013"},{"KKDWDM":null,"XS":null,"BYBZ":"3","JSJC":2,"XXXQDM":null,"KXH":null,"KSJC":1,"XKZRS":null,"SKZC":"111111111111111110000000000000","SKJS":"刘秋频","ISTK":0,"ZCMC":"1-17周","YPSJDD":null,"XF":null,"SKXQ":2,"XNXQDM":"2024-2025-2","KCM":"财务信息记录","JASDM":"0101030309","JXLDM":null,"JXBID":null,"SKBJ":"A2304","TYXMDM":null,"KCH":"20244124071"},{"KKDWDM":null,"XS":null,"BYBZ":"3","JSJC":7,"XXXQDM":null,"KXH":null,"KSJC":6,"XKZRS":null,"SKZC":"111111111111111110000000000000","SKJS":"魏剑昆","ISTK":0,"ZCMC":"1-17周","YPSJDD":null,"XF":null,"SKXQ":3,"XNXQDM":"2024-2025-2","KCM":"商务会计导论","JASDM":"0101030309","JXLDM":null,"JXBID":null,"SKBJ":"A2303","TYXMDM":null,"KCH":"20244124075"},{"KKDWDM":null,"XS":null,"BYBZ":"3","JSJC":4,"XXXQDM":null,"KXH":null,"KSJC":3,"XKZRS":null,"SKZC":"111111111111111110000000000000","SKJS":"蒋嘉惠","ISTK":0,"ZCMC":"1-17周","YPSJDD":null,"XF":null,"SKXQ":1,"XNXQDM":"2024-2025-2","KCM":"新兴技术商务基础","JASDM":"0101030309","JXLDM":null,"JXBID":null,"SKBJ":"A2303","TYXMDM":null,"KCH":"20244124077"},{"KKDWDM":null,"XS":null,"BYBZ":"3","JSJC":5,"XXXQDM":null,"KXH":null,"KSJC":3,"XKZRS":null,"SKZC":"111111111111111110000000000000","SKJS":"刘欢","ISTK":0,"ZCMC":"1-17周","YPSJDD":null,"XF":null,"SKXQ":5,"XNXQDM":"2024-2025-2","KCM":"经济学：微宏观经济学","JASDM":"0101030309","JXLDM":null,"JXBID":null,"SKBJ":"GTB2305","TYXMDM":null,"KCH":"20244124079"},{"KKDWDM":null,"XS":null,"BYBZ":"3","JSJC":4,"XXXQDM":null,"KXH":null,"KSJC":3,"XKZRS":null,"SKZC":"111111111111111110000000000000","SKJS":"张馨","ISTK":0,"ZCMC":"1-17周","YPSJDD":null,"XF":null,"SKXQ":2,"XNXQDM":"2024-2025-2","KCM":"客户服务文化构建","JASDM":"0101030309","JXLDM":null,"JXBID":null,"SKBJ":"A2304","TYXMDM":null,"KCH":"20244124095"},{"KKDWDM":null,"XS":null,"BYBZ":"3","JSJC":4,"XXXQDM":null,"KXH":null,"KSJC":3,"XKZRS":null,"SKZC":"111111111111111110000000000000","SKJS":"胡蝶","ISTK":0,"ZCMC":"1-17周","YPSJDD":null,"XF":null,"SKXQ":3,"XNXQDM":"2024-2025-2","KCM":"客户服务文化构建","JASDM":"0101030309","JXLDM":null,"JXBID":null,"SKBJ":"F2302","TYXMDM":null,"KCH":"20244124095"},{"KKDWDM":null,"XS":null,"BYBZ":"3","JSJC":4,"XXXQDM":null,"KXH":null,"KSJC":3,"XKZRS":null,"SKZC":"111111111111111110000000000000","SKJS":"赵静玉","ISTK":0,"ZCMC":"1-17周","YPSJDD":null,"XF":null,"SKXQ":4,"XNXQDM":"2024-2025-2","KCM":"商务沟通技巧","JASDM":"0101030309","JXLDM":null,"JXBID":null,"SKBJ":"A2303","TYXMDM":null,"KCH":"20244124098"},{"KKDWDM":null,"XS":null,"BYBZ":"3","JSJC":10,"XXXQDM":null,"KXH":null,"KSJC":9,"XKZRS":null,"SKZC":"111111111111111110000000000000","SKJS":"关景耘","ISTK":0,"ZCMC":"1-17周","YPSJDD":null,"XF":null,"SKXQ":5,"XNXQDM":"2024-2025-2","KCM":"商务沟通技巧","JASDM":"0101030309","JXLDM":null,"JXBID":null,"SKBJ":"A2304","TYXMDM":null,"KCH":"20244124098"},{"KKDWDM":null,"XS":null,"BYBZ":"3","JSJC":7,"XXXQDM":null,"KXH":null,"KSJC":6,"XKZRS":null,"SKZC":"111111111111111110000000000000","SKJS":"张维","ISTK":0,"ZCMC":"1-17周","YPSJDD":null,"XF":null,"SKXQ":5,"XNXQDM":"2024-2025-2","KCM":"商法导论","JASDM":"0101030309","JXLDM":null,"JXBID":null,"SKBJ":"A2304","TYXMDM":null,"KCH":"20244124100"},{"KKDWDM":null,"XS":null,"BYBZ":"3","JSJC":10,"XXXQDM":null,"KXH":null,"KSJC":9,"XKZRS":null,"SKZC":"111111111111111110000000000000","SKJS":"游思源","ISTK":0,"ZCMC":"1-17周","YPSJDD":null,"XF":null,"SKXQ":3,"XNXQDM":"2024-2025-2","KCM":"商法导论","JASDM":"0101030309","JXLDM":null,"JXBID":null,"SKBJ":"HRM2301","TYXMDM":null,"KCH":"20244124100"}]}},"code":"0"}