{"datas":{"jaskcb":{"extParams":{"code":1,"msg":"查询成功"},"pageSize":0,"pageNumber":0,"totalSize":-1,"rows":[{"KKDWDM":"023","XS":48,"BYBZ":"0","JSJC":8,"XXXQDM":"01","KXH":"01","KSJC":6,"XKZRS":69,"SKZC":"111111111111111100000000","SKJS":"罗险峰","ISTK":0,"ZCMC":"1-16周","YPSJDD":"1-16周 星期二 第6节-第8节 马区东-弘毅楼-115","XF":3,"SKXQ":2,"XNXQDM":"2024-2025-2","KCM":"决策理论与方法","JASDM":"0101030115","JXLDM":"010103","JXBID":"20242-02110","SKBJ":"数管2201-03","TYXMDM":null,"KCH":"10234117085"},{"KKDWDM":"023","XS":48,"BYBZ":"0","JSJC":5,"XXXQDM":"01","KXH":"01","KSJC":3,"XKZRS":80,"SKZC":"111111111111000000000000","SKJS":"张伟,郑锐","ISTK":0,"ZCMC":"1-12周","YPSJDD":"13-14周 星期二 第3节-第4节 马区东-弘毅楼-115,1-12周 星期二 第3节-第5节 马区东-弘毅楼-115","XF":3,"SKXQ":2,"XNXQDM":"2024-2025-2","KCM":"大数据行为分析","JASDM":"0101030115","JXLDM":"010103","JXBID":"20242-03956","SKBJ":"数管2201-03","TYXMDM":null,"KCH":"10234121071"},{"KKDWDM":"013","XS":40,"BYBZ":"0","JSJC":5,"XXXQDM":"01","KXH":"02","KSJC":3,"XKZRS":49,"SKZC":"111111111111000000000000","SKJS":"雷震","ISTK":0,"ZCMC":"1-12周","YPSJDD":"13-14周 星期三 第3节-第4节 马区东-弘毅楼-115,1-12周 星期三 第3节-第5节 马区东-弘毅楼-115","XF":2,"SKXQ":3,"XNXQDM":"2024-2025-2","KCM":"人工智能与机器学习","JASDM":"0101030115","JXLDM":"010103","JXBID":"20242-02828","SKBJ":"自动化2204-05","TYXMDM":null,"KCH":"10134121061"},{"KKDWDM":"013","XS":48,"BYBZ":"0","JSJC":5,"XXXQDM":"01","KXH":"01","KSJC":3,"XKZRS":82,"SKZC":"111111111100000000000000000000","SKJS":"胡胜","ISTK":0,"ZCMC":"1-10周","YPSJDD":"16-17周 星期一 第3节-第5节 马区东-弘毅楼-115,12-14周 星期一 第3节-第5节 马区东-弘毅楼-115,1-10周 星期一 第3节-第5节 马区东-弘毅楼-115,17周 星期二 第3节-第5节 马区东-弘毅楼-115","XF":3,"SKXQ":1,"XNXQDM":"2024-2025-2","KCM":"电机与运动控制系统","JASDM":"0101030115","JXLDM":"010103","JXBID":"20242-02382","SKBJ":"机器人2201-02","TYXMDM":null,"KCH":"10134121070"},{"KKDWDM":"023","XS":32,"BYBZ":"0","JSJC":5,"XXXQDM":"01","KXH":"01","KSJC":3,"XKZRS":52,"SKZC":"111111111010000000000000","SKJS":"王喆","ISTK":0,"ZCMC":"1-9周,11周","YPSJDD":"12周 星期四 第3节-第4节 马区东-弘毅楼-115,1-9周,11周 星期四 第3节-第5节 马区东-弘毅楼-115","XF":2,"SKXQ":4,"XNXQDM":"2024-2025-2","KCM":"智慧城市与风险防控","JASDM":"0101030115","JXLDM":"010103","JXBID":"20242-02150","SKBJ":"数管2201-03","TYXMDM":null,"KCH":"10235121025"},{"KKDWDM":"023","XS":32,"BYBZ":"0","JSJC":8,"XXXQDM":"01","KXH":"01","KSJC":6,"XKZRS":38,"SKZC":"111111110000000000000000","SKJS":"张远进","ISTK":0,"ZCMC":"1-8周","YPSJDD":"9-10周 星期一 第6节-第7节 马区东-弘毅楼-115,1-8周 星期一 第6节-第8节 马区东-弘毅楼-115","XF":2,"SKXQ":1,"XNXQDM":"2024-2025-2","KCM":"交通运输安全技术","JASDM":"0101030115","JXLDM":"010103","JXBID":"20242-02668","SKBJ":"安全2201-02","TYXMDM":null,"KCH":"10235121037"},{"KKDWDM":"013","XS":32,"BYBZ":"0","JSJC":2,"XXXQDM":"01","KXH":"07","KSJC":1,"XKZRS":79,"SKZC":"11111111","SKJS":"张侨","ISTK":0,"ZCMC":"1-8周","YPSJDD":"1-8周 星期三 第1节-第2节 马区东-弘毅楼-115,1-8周 星期一 第9节-第10节 马区东-弘毅楼-115","XF":2,"SKXQ":3,"XNXQDM":"2024-2025-2","KCM":"新型电机及应用","JASDM":"0101030115","JXLDM":"010103","JXBID":"20242-10423","SKBJ":"电气2201-03","TYXMDM":null,"KCH":"10135121046"},{"KKDWDM":"013","XS":32,"BYBZ":"0","JSJC":10,"XXXQDM":"01","KXH":"07","KSJC":9,"XKZRS":79,"SKZC":"11111111","SKJS":"张侨","ISTK":0,"ZCMC":"1-8周","YPSJDD":"1-8周 星期三 第1节-第2节 马区东-弘毅楼-115,1-8周 星期一 第9节-第10节 马区东-弘毅楼-115","XF":2,"SKXQ":1,"XNXQDM":"2024-2025-2","KCM":"新型电机及应用","JASDM":"0101030115","JXLDM":"010103","JXBID":"20242-10423","SKBJ":"电气2201-03","TYXMDM":null,"KCH":"10135121046"},{"KKDWDM":"023","XS":32,"BYBZ":"0","JSJC":5,"XXXQDM":"01","KXH":"01","KSJC":3,"XKZRS":56,"SKZC":"111110111010000000000000","SKJS":"程斌武","ISTK":0,"ZCMC":"1-5周,7-9周,11周","YPSJDD":"12周 星期五 第3节-第4节 马区东-弘毅楼-115,1-5周,7-9周,11周 星期五 第3节-第5节 马区东-弘毅楼-115,9周 星期日 第3节-第5节 马区东-弘毅楼-115","XF":2,"SKXQ":5,"XNXQDM":"2024-2025-2","KCM":"数字营销","JASDM":"0101030115","JXLDM":"010103","JXBID":"20242-02119","SKBJ":"数管2201-03","TYXMDM":null,"KCH":"10235121027"},{"KKDWDM":"023","XS":32,"BYBZ":"0","JSJC":8,"XXXQDM":"01","KXH":"01","KSJC":6,"XKZRS":69,"SKZC":"111110100000000000000000","SKJS":"赵不钒,陈西江","ISTK":0,"ZCMC":"1-5周,7周","YPSJDD":"8周 星期五 第6节-第7节 马区东-弘毅楼-115,1-5周,7周 星期五 第6节-第8节 马区东-弘毅楼-115","XF":2,"SKXQ":5,"XNXQDM":"2024-2025-2","KCM":"数据可视化B","JASDM":"0101030115","JXLDM":"010103","JXBID":"20242-02165","SKBJ":"数管2201-03","TYXMDM":null,"KCH":"10235121026"},{"KKDWDM":"023","XS":32,"BYBZ":"0","JSJC":7,"XXXQDM":"01","KXH":"01","KSJC":6,"XKZRS":69,"SKZC":"000000010000000000000000","SKJS":null,"ISTK":0,"ZCMC":"8周","YPSJDD":"8周 星期五 第6节-第7节 马区东-弘毅楼-115,1-5周,7周 星期五 第6节-第8节 马区东-弘毅楼-115","XF":2,"SKXQ":5,"XNXQDM":"2024-2025-2","KCM":"数据可视化B","JASDM":"0101030115","JXLDM":"010103","JXBID":"20242-02165","SKBJ":"数管2201-03","TYXMDM":null,"KCH":"10235121026"},{"KKDWDM":"023","XS":32,"BYBZ":"0","JSJC":7,"XXXQDM":"01","KXH":"01","KSJC":6,"XKZRS":38,"SKZC":"000000001100000000000000","SKJS":"张远进","ISTK":0,"ZCMC":"9-10周","YPSJDD":"9-10周 星期一 第6节-第7节 马区东-弘毅楼-115,1-8周 星期一 第6节-第8节 马区东-弘毅楼-115","XF":2,"SKXQ":1,"XNXQDM":"2024-2025-2","KCM":"交通运输安全技术","JASDM":"0101030115","JXLDM":"010103","JXBID":"20242-02668","SKBJ":"安全2201-02","TYXMDM":null,"KCH":"10235121037"},{"KKDWDM":"023","XS":32,"BYBZ":"0","JSJC":5,"XXXQDM":"01","KXH":"01","KSJC":3,"XKZRS":56,"SKZC":"000000001000000000000000","SKJS":"程斌武","ISTK":0,"ZCMC":"9周","YPSJDD":"12周 星期五 第3节-第4节 马区东-弘毅楼-115,1-5周,7-9周,11周 星期五 第3节-第5节 马区东-弘毅楼-115,9周 星期日 第3节-第5节 马区东-弘毅楼-115","XF":2,"SKXQ":7,"XNXQDM":"2024-2025-2","KCM":"数字营销","JASDM":"0101030115","JXLDM":"010103","JXBID":"20242-02119","SKBJ":"数管2201-03","TYXMDM":null,"KCH":"10235121027"},{"KKDWDM":"013","XS":48,"BYBZ":"0","JSJC":5,"XXXQDM":"01","KXH":"01","KSJC":3,"XKZRS":82,"SKZC":"000000000001110000000000000000","SKJS":"胡胜","ISTK":0,"ZCMC":"12-14周","YPSJDD":"16-17周 星期一 第3节-第5节 马区东-弘毅楼-115,12-14周 星期一 第3节-第5节 马区东-弘毅楼-115,1-10周 星期一 第3节-第5节 马区东-弘毅楼-115,17周 星期二 第3节-第5节 马区东-弘毅楼-115","XF":3,"SKXQ":1,"XNXQDM":"2024-2025-2","KCM":"电机与运动控制系统","JASDM":"0101030115","JXLDM":"010103","JXBID":"20242-02382","SKBJ":"机器人2201-02","TYXMDM":null,"KCH":"10134121070"},{"KKDWDM":"023","XS":32,"BYBZ":"0","JSJC":4,"XXXQDM":"01","KXH":"01","KSJC":3,"XKZRS":56,"SKZC":"000000000001000000000000","SKJS":"程斌武","ISTK":0,"ZCMC":"12周","YPSJDD":"12周 星期五 第3节-第4节 马区东-弘毅楼-115,1-5周,7-9周,11周 星期五 第3节-第5节 马区东-弘毅楼-115,9周 星期日 第3节-第5节 马区东-弘毅楼-115","XF":2,"SKXQ":5,"XNXQDM":"2024-2025-2","KCM":"数字营销","JASDM":"0101030115","JXLDM":"010103","JXBID":"20242-02119","SKBJ":"数管2201-03","TYXMDM":null,"KCH":"10235121027"},{"KKDWDM":"023","XS":32,"BYBZ":"0","JSJC":4,"XXXQDM":"01","KXH":"01","KSJC":3,"XKZRS":52,"SKZC":"000000000001000000000000","SKJS":"王喆","ISTK":0,"ZCMC":"12周","YPSJDD":"12周 星期四 第3节-第4节 马区东-弘毅楼-115,1-9周,11周 星期四 第3节-第5节 马区东-弘毅楼-115","XF":2,"SKXQ":4,"XNXQDM":"2024-2025-2","KCM":"智慧城市与风险防控","JASDM":"0101030115","JXLDM":"010103","JXBID":"20242-02150","SKBJ":"数管2201-03","TYXMDM":null,"KCH":"10235121025"},{"KKDWDM":"013","XS":40,"BYBZ":"0","JSJC":4,"XXXQDM":"01","KXH":"02","KSJC":3,"XKZRS":49,"SKZC":"000000000000110000000000","SKJS":"雷震","ISTK":0,"ZCMC":"13-14周","YPSJDD":"13-14周 星期三 第3节-第4节 马区东-弘毅楼-115,1-12周 星期三 第3节-第5节 马区东-弘毅楼-115","XF":2,"SKXQ":3,"XNXQDM":"2024-2025-2","KCM":"人工智能与机器学习","JASDM":"0101030115","JXLDM":"010103","JXBID":"20242-02828","SKBJ":"自动化2204-05","TYXMDM":null,"KCH":"10134121061"},{"KKDWDM":"023","XS":48,"BYBZ":"0","JSJC":4,"XXXQDM":"01","KXH":"01","KSJC":3,"XKZRS":80,"SKZC":"000000000000110000000000","SKJS":"张伟,郑锐","ISTK":0,"ZCMC":"13-14周","YPSJDD":"13-14周 星期二 第3节-第4节 马区东-弘毅楼-115,1-12周 星期二 第3节-第5节 马区东-弘毅楼-115","XF":3,"SKXQ":2,"XNXQDM":"2024-2025-2","KCM":"大数据行为分析","JASDM":"0101030115","JXLDM":"010103","JXBID":"20242-03956","SKBJ":"数管2201-03","TYXMDM":null,"KCH":"10234121071"},{"KKDWDM":"013","XS":48,"BYBZ":"0","JSJC":5,"XXXQDM":"01","KXH":"01","KSJC":3,"XKZRS":82,"SKZC":"000000000000000110000000000000","SKJS":"胡胜","ISTK":0,"ZCMC":"16-17周","YPSJDD":"16-17周 星期一 第3节-第5节 马区东-弘毅楼-115,12-14周 星期一 第3节-第5节 马区东-弘毅楼-115,1-10周 星期一 第3节-第5节 马区东-弘毅楼-115,17周 星期二 第3节-第5节 马区东-弘毅楼-115","XF":3,"SKXQ":1,"XNXQDM":"2024-2025-2","KCM":"电机与运动控制系统","JASDM":"0101030115","JXLDM":"010103","JXBID":"20242-02382","SKBJ":"机器人2201-02","TYXMDM":null,"KCH":"10134121070"},{"KKDWDM":"013","XS":48,"BYBZ":"0","JSJC":5,"XXXQDM":"01","KXH":"01","KSJC":3,"XKZRS":82,"SKZC":"000000000000000010000000000000","SKJS":"胡胜","ISTK":0,"ZCMC":"17周","YPSJDD":"16-17周 星期一 第3节-第5节 马区东-弘毅楼-115,12-14周 星期一 第3节-第5节 马区东-弘毅楼-115,1-10周 星期一 第3节-第5节 马区东-弘毅楼-115,17周 星期二 第3节-第5节 马区东-弘毅楼-115","XF":3,"SKXQ":2,"XNXQDM":"2024-2025-2","KCM":"电机与运动控制系统","JASDM":"0101030115","JXLDM":"010103","JXBID":"20242-02382","SKBJ":"机器人2201-02","TYXMDM":null,"KCH":"10134121070"}]}},"code":"0"}