{"datas":{"jaskcb":{"extParams":{"code":1,"msg":"查询成功"},"pageSize":0,"pageNumber":0,"totalSize":-1,"rows":[{"KKDWDM":"021","XS":40,"BYBZ":"0","JSJC":5,"XXXQDM":"01","KXH":"01","KSJC":3,"XKZRS":81,"SKZC":"111111111111000000000000","SKJS":"汤桢子,雷江梅","ISTK":0,"ZCMC":"1-12周","YPSJDD":"13-14周 星期二 第3节-第4节 马区东-致远楼-304,1-12周 星期二 第3节-第5节 马区东-致远楼-304","XF":2,"SKXQ":2,"XNXQDM":"2024-2025-2","KCM":"科学社会主义A","JASDM":"0101060304","JXLDM":"010106","JXBID":"20242-05480","SKBJ":"政治2301-02","TYXMDM":null,"KCH":"10215117004"},{"KKDWDM":"021","XS":48,"BYBZ":"0","JSJC":5,"XXXQDM":"01","KXH":"01","KSJC":3,"XKZRS":81,"SKZC":"111111111000000000000000000000","SKJS":"李艳丽","ISTK":0,"ZCMC":"1-9周","YPSJDD":"11-17周 星期四 第3节-第5节 马区东-致远楼-304,1-9周 星期四 第3节-第5节 马区东-致远楼-304","XF":3,"SKXQ":4,"XNXQDM":"2024-2025-2","KCM":"西方文化经典导读","JASDM":"0101060304","JXLDM":"010106","JXBID":"20242-04728","SKBJ":"政治2301-02","TYXMDM":null,"KCH":"10215121011"},{"KKDWDM":"007","XS":24,"BYBZ":"0","JSJC":5,"XXXQDM":"01","KXH":"01","KSJC":3,"XKZRS":28,"SKZC":"11111111","SKJS":"刘志恩,卢炽华","ISTK":0,"ZCMC":"1-8周","YPSJDD":"1-8周 星期一 第3节-第5节 马区东-致远楼-304","XF":1,"SKXQ":1,"XNXQDM":"2024-2025-2","KCM":"动力系统振动与噪声","JASDM":"0101060304","JXLDM":"010106","JXBID":"20242-03525","SKBJ":"能源2201,能源zy2201","TYXMDM":null,"KCH":"10075117045"},{"KKDWDM":"007","XS":24,"BYBZ":"0","JSJC":5,"XXXQDM":"01","KXH":"03","KSJC":3,"XKZRS":21,"SKZC":"000000001000000000000000000000","SKJS":"沈俊,田甜,陈奔","ISTK":0,"ZCMC":"9周","YPSJDD":"9周 星期五 第3节-第5节 马区东-致远楼-304,17周 星期三 第3节-第5节 马区东-致远楼-304,11-16周 星期五 第3节-第5节 马区东-致远楼-304","XF":1,"SKXQ":5,"XNXQDM":"2024-2025-2","KCM":"车用燃料电池设计","JASDM":"0101060304","JXLDM":"010106","JXBID":"20242-03308","SKBJ":"储能2201-02","TYXMDM":null,"KCH":"10076121145"},{"KKDWDM":"021","XS":48,"BYBZ":"0","JSJC":5,"XXXQDM":"01","KXH":"01","KSJC":3,"XKZRS":81,"SKZC":"000000000011111110000000000000","SKJS":"李艳丽","ISTK":0,"ZCMC":"11-17周","YPSJDD":"11-17周 星期四 第3节-第5节 马区东-致远楼-304,1-9周 星期四 第3节-第5节 马区东-致远楼-304","XF":3,"SKXQ":4,"XNXQDM":"2024-2025-2","KCM":"西方文化经典导读","JASDM":"0101060304","JXLDM":"010106","JXBID":"20242-04728","SKBJ":"政治2301-02","TYXMDM":null,"KCH":"10215121011"},{"KKDWDM":"007","XS":24,"BYBZ":"0","JSJC":5,"XXXQDM":"01","KXH":"03","KSJC":3,"XKZRS":21,"SKZC":"000000000011111100000000000000","SKJS":"沈俊,田甜,陈奔","ISTK":0,"ZCMC":"11-16周","YPSJDD":"9周 星期五 第3节-第5节 马区东-致远楼-304,17周 星期三 第3节-第5节 马区东-致远楼-304,11-16周 星期五 第3节-第5节 马区东-致远楼-304","XF":1,"SKXQ":5,"XNXQDM":"2024-2025-2","KCM":"车用燃料电池设计","JASDM":"0101060304","JXLDM":"010106","JXBID":"20242-03308","SKBJ":"储能2201-02","TYXMDM":null,"KCH":"10076121145"},{"KKDWDM":"021","XS":40,"BYBZ":"0","JSJC":4,"XXXQDM":"01","KXH":"01","KSJC":3,"XKZRS":81,"SKZC":"000000000000110000000000","SKJS":"汤桢子,雷江梅","ISTK":0,"ZCMC":"13-14周","YPSJDD":"13-14周 星期二 第3节-第4节 马区东-致远楼-304,1-12周 星期二 第3节-第5节 马区东-致远楼-304","XF":2,"SKXQ":2,"XNXQDM":"2024-2025-2","KCM":"科学社会主义A","JASDM":"0101060304","JXLDM":"010106","JXBID":"20242-05480","SKBJ":"政治2301-02","TYXMDM":null,"KCH":"10215117004"},{"KKDWDM":"007","XS":24,"BYBZ":"0","JSJC":5,"XXXQDM":"01","KXH":"03","KSJC":3,"XKZRS":21,"SKZC":"000000000000000010000000000000","SKJS":"沈俊,田甜,陈奔","ISTK":0,"ZCMC":"17周","YPSJDD":"9周 星期五 第3节-第5节 马区东-致远楼-304,17周 星期三 第3节-第5节 马区东-致远楼-304,11-16周 星期五 第3节-第5节 马区东-致远楼-304","XF":1,"SKXQ":3,"XNXQDM":"2024-2025-2","KCM":"车用燃料电池设计","JASDM":"0101060304","JXLDM":"010106","JXBID":"20242-03308","SKBJ":"储能2201-02","TYXMDM":null,"KCH":"10076121145"}]}},"code":"0"}