{"datas":{"jaskcb":{"extParams":{"code":1,"msg":"查询成功"},"pageSize":0,"pageNumber":0,"totalSize":-1,"rows":[{"KKDWDM":"007","XS":32,"BYBZ":"0","JSJC":2,"XXXQDM":"01","KXH":"01","KSJC":1,"XKZRS":23,"SKZC":"11111111","SKJS":"沈俊,罗马吉,陈奔","ISTK":0,"ZCMC":"1-8周","YPSJDD":"1-8周 星期一 第1节-第2节 马区东-弘毅楼-301,1-8周 星期四 第1节-第2节 马区东-弘毅楼-301","XF":2,"SKXQ":1,"XNXQDM":"2024-2025-2","KCM":"质子交换膜燃料电池水热管理","JASDM":"0101020301","JXLDM":"010102","JXBID":"20242-02880","SKBJ":"储能2201-02,能源2202-03","TYXMDM":null,"KCH":"10075121037"},{"KKDWDM":"007","XS":32,"BYBZ":"0","JSJC":2,"XXXQDM":"01","KXH":"01","KSJC":1,"XKZRS":23,"SKZC":"11111111","SKJS":"沈俊,罗马吉,陈奔","ISTK":0,"ZCMC":"1-8周","YPSJDD":"1-8周 星期一 第1节-第2节 马区东-弘毅楼-301,1-8周 星期四 第1节-第2节 马区东-弘毅楼-301","XF":2,"SKXQ":4,"XNXQDM":"2024-2025-2","KCM":"质子交换膜燃料电池水热管理","JASDM":"0101020301","JXLDM":"010102","JXBID":"20242-02880","SKBJ":"储能2201-02,能源2202-03","TYXMDM":null,"KCH":"10075121037"},{"KKDWDM":"021","XS":8,"BYBZ":"0","JSJC":7,"XXXQDM":"01","KXH":"562","KSJC":6,"XKZRS":129,"SKZC":"000000011011000000000000","SKJS":"喻平","ISTK":0,"ZCMC":"8-9周,11-12周","YPSJDD":"8-9周,11-12周 星期四 第6节-第7节 马区东-弘毅楼-301","XF":0,"SKXQ":4,"XNXQDM":"2024-2025-2","KCM":"形势与政策","JASDM":"0101020301","JXLDM":"010102","JXBID":"20242-14153","SKBJ":null,"TYXMDM":null,"KCH":"10218121092"},{"KKDWDM":"021","XS":8,"BYBZ":"0","JSJC":10,"XXXQDM":"01","KXH":"584","KSJC":9,"XKZRS":129,"SKZC":"000000011011000000000000","SKJS":"汪星刚,黄嵩","ISTK":0,"ZCMC":"8-9周,11-12周","YPSJDD":"8-9周,11-12周 星期四 第9节-第10节 马区东-弘毅楼-301","XF":0,"SKXQ":4,"XNXQDM":"2024-2025-2","KCM":"形势与政策","JASDM":"0101020301","JXLDM":"010102","JXBID":"20242-14175","SKBJ":null,"TYXMDM":null,"KCH":"10218121092"},{"KKDWDM":"021","XS":8,"BYBZ":"0","JSJC":10,"XXXQDM":"01","KXH":"628","KSJC":9,"XKZRS":136,"SKZC":"0000000000001111","SKJS":"高筱卉","ISTK":0,"ZCMC":"13-16周","YPSJDD":"13-16周 星期四 第9节-第10节 马区东-弘毅楼-301","XF":0,"SKXQ":4,"XNXQDM":"2024-2025-2","KCM":"形势与政策","JASDM":"0101020301","JXLDM":"010102","JXBID":"20242-14219","SKBJ":null,"TYXMDM":null,"KCH":"10218121092"}]}},"code":"0"}