{"datas":{"jaskcb":{"extParams":{"code":1,"msg":"查询成功"},"pageSize":0,"pageNumber":0,"totalSize":-1,"rows":[{"KKDWDM":null,"XS":null,"BYBZ":"1","JSJC":8,"XXXQDM":null,"KXH":null,"KSJC":6,"XKZRS":null,"SKZC":"011111100000000000000000000000","SKJS":"尹智帅","ISTK":0,"ZCMC":"2-7周","YPSJDD":null,"XF":null,"SKXQ":3,"XNXQDM":"2024-2025-2","KCM":"智能网联汽车概论","JASDM":"0101060112","JXLDM":null,"JXBID":null,"SKBJ":null,"TYXMDM":null,"KCH":"40070223058"},{"KKDWDM":null,"XS":null,"BYBZ":"1","JSJC":8,"XXXQDM":null,"KXH":null,"KSJC":6,"XKZRS":null,"SKZC":"000000010000000000000000000000","SKJS":"张洪昌","ISTK":0,"ZCMC":"8周","YPSJDD":null,"XF":null,"SKXQ":3,"XNXQDM":"2024-2025-2","KCM":"汽车CAN总线原理与应用","JASDM":"0101060112","JXLDM":null,"JXBID":null,"SKBJ":null,"TYXMDM":null,"KCH":"40070323086"},{"KKDWDM":null,"XS":null,"BYBZ":"1","JSJC":8,"XXXQDM":null,"KXH":null,"KSJC":6,"XKZRS":null,"SKZC":"011111110000000000000000000000","SKJS":"张洪昌","ISTK":0,"ZCMC":"2-8周","YPSJDD":null,"XF":null,"SKXQ":4,"XNXQDM":"2024-2025-2","KCM":"汽车CAN总线原理与应用","JASDM":"0101060112","JXLDM":null,"JXBID":null,"SKBJ":null,"TYXMDM":null,"KCH":"40070323086"},{"KKDWDM":null,"XS":null,"BYBZ":"1","JSJC":8,"XXXQDM":null,"KXH":null,"KSJC":6,"XKZRS":null,"SKZC":"000000000111111000000000000000","SKJS":"蔡永华","ISTK":0,"ZCMC":"10-15周","YPSJDD":null,"XF":null,"SKXQ":1,"XNXQDM":"2024-2025-2","KCM":"燃料电池模拟与仿真","JASDM":"0101060112","JXLDM":null,"JXBID":null,"SKBJ":null,"TYXMDM":null,"KCH":"40070323095"},{"KKDWDM":null,"XS":null,"BYBZ":"1","JSJC":5,"XXXQDM":null,"KXH":null,"KSJC":3,"XKZRS":null,"SKZC":"000000000111111000000000000000","SKJS":"蔡永华","ISTK":0,"ZCMC":"10-15周","YPSJDD":null,"XF":null,"SKXQ":2,"XNXQDM":"2024-2025-2","KCM":"燃料电池模拟与仿真","JASDM":"0101060112","JXLDM":null,"JXBID":null,"SKBJ":null,"TYXMDM":null,"KCH":"40070323095"},{"KKDWDM":null,"XS":null,"BYBZ":"1","JSJC":5,"XXXQDM":null,"KXH":null,"KSJC":3,"XKZRS":null,"SKZC":"000000000000111111000000000000","SKJS":"张永权","ISTK":0,"ZCMC":"13-18周","YPSJDD":null,"XF":null,"SKXQ":1,"XNXQDM":"2024-2025-2","KCM":"机器人技术","JASDM":"0101060112","JXLDM":null,"JXBID":null,"SKBJ":null,"TYXMDM":null,"KCH":"40080324004"},{"KKDWDM":null,"XS":null,"BYBZ":"1","JSJC":5,"XXXQDM":null,"KXH":null,"KSJC":3,"XKZRS":null,"SKZC":"000000000000111111000000000000","SKJS":"张永权","ISTK":0,"ZCMC":"13-18周","YPSJDD":null,"XF":null,"SKXQ":3,"XNXQDM":"2024-2025-2","KCM":"机器人技术","JASDM":"0101060112","JXLDM":null,"JXBID":null,"SKBJ":null,"TYXMDM":null,"KCH":"40080324004"},{"KKDWDM":null,"XS":null,"BYBZ":"1","JSJC":8,"XXXQDM":null,"KXH":null,"KSJC":6,"XKZRS":null,"SKZC":"000000001111111111100000000000","SKJS":"张金良","ISTK":0,"ZCMC":"9-19周","YPSJDD":null,"XF":null,"SKXQ":3,"XNXQDM":"2024-2025-2","KCM":"机械中的有限元方法","JASDM":"0101060112","JXLDM":null,"JXBID":null,"SKBJ":null,"TYXMDM":null,"KCH":"40080324008"},{"KKDWDM":null,"XS":null,"BYBZ":"1","JSJC":5,"XXXQDM":null,"KXH":null,"KSJC":3,"XKZRS":null,"SKZC":"111111111111000000000000000000","SKJS":"邹琳","ISTK":0,"ZCMC":"1-12周","YPSJDD":null,"XF":null,"SKXQ":5,"XNXQDM":"2024-2025-2","KCM":"机械中的有限元方法","JASDM":"0101060112","JXLDM":null,"JXBID":null,"SKBJ":null,"TYXMDM":null,"KCH":"40080324008"},{"KKDWDM":null,"XS":null,"BYBZ":"1","JSJC":8,"XXXQDM":null,"KXH":null,"KSJC":6,"XKZRS":null,"SKZC":"111111111111000000000000000000","SKJS":"黎水平","ISTK":0,"ZCMC":"1-12周","YPSJDD":null,"XF":null,"SKXQ":6,"XNXQDM":"2024-2025-2","KCM":"嵌入式系统与接口设计","JASDM":"0101060112","JXLDM":null,"JXBID":null,"SKBJ":null,"TYXMDM":null,"KCH":"40080324010"},{"KKDWDM":null,"XS":null,"BYBZ":"1","JSJC":5,"XXXQDM":null,"KXH":null,"KSJC":3,"XKZRS":null,"SKZC":"111111111111000000000000000000","SKJS":"黄丰云","ISTK":0,"ZCMC":"1-12周","YPSJDD":null,"XF":null,"SKXQ":1,"XNXQDM":"2024-2025-2","KCM":"数据结构与算法","JASDM":"0101060112","JXLDM":null,"JXBID":null,"SKBJ":null,"TYXMDM":null,"KCH":"40080324012"},{"KKDWDM":null,"XS":null,"BYBZ":"1","JSJC":8,"XXXQDM":null,"KXH":null,"KSJC":6,"XKZRS":null,"SKZC":"000000100000000000000000000000","SKJS":"黄丰云","ISTK":0,"ZCMC":"7周","YPSJDD":null,"XF":null,"SKXQ":5,"XNXQDM":"2024-2025-2","KCM":"数据结构与算法(调课)","JASDM":"0101060112","JXLDM":null,"JXBID":null,"SKBJ":null,"TYXMDM":null,"KCH":"40080324012"},{"KKDWDM":null,"XS":null,"BYBZ":"1","JSJC":8,"XXXQDM":null,"KXH":null,"KSJC":6,"XKZRS":null,"SKZC":"000000000000000001100000000000","SKJS":"王磊","ISTK":0,"ZCMC":"18-19周","YPSJDD":null,"XF":null,"SKXQ":5,"XNXQDM":"2024-2025-2","KCM":"数据库系统","JASDM":"0101060112","JXLDM":null,"JXBID":null,"SKBJ":null,"TYXMDM":null,"KCH":"40080324013"},{"KKDWDM":null,"XS":null,"BYBZ":"1","JSJC":10,"XXXQDM":null,"KXH":null,"KSJC":6,"XKZRS":null,"SKZC":"000000000001111110000000000000","SKJS":"王磊","ISTK":0,"ZCMC":"12-17周","YPSJDD":null,"XF":null,"SKXQ":5,"XNXQDM":"2024-2025-2","KCM":"数据库系统","JASDM":"0101060112","JXLDM":null,"JXBID":null,"SKBJ":null,"TYXMDM":null,"KCH":"40080324013"},{"KKDWDM":null,"XS":null,"BYBZ":"1","JSJC":5,"XXXQDM":null,"KXH":null,"KSJC":3,"XKZRS":null,"SKZC":"000000010000000000000000000000","SKJS":"刘国龙,吕威,张芳娟,杨先保,杨安妮,梅运彬,王堂生,罗干,翁建明,肖萍,薛焱,许传红,许瑶,郑伟,雷五明,韩露,黄薇","ISTK":0,"ZCMC":"8周","YPSJDD":null,"XF":null,"SKXQ":4,"XNXQDM":"2024-2025-2","KCM":"思想政治理论课教学与研究（硕士）","JASDM":"0101060112","JXLDM":null,"JXBID":null,"SKBJ":null,"TYXMDM":null,"KCH":"40210224006"},{"KKDWDM":null,"XS":null,"BYBZ":"1","JSJC":5,"XXXQDM":null,"KXH":null,"KSJC":3,"XKZRS":null,"SKZC":"000000000000010000000000000000","SKJS":"刘国龙,吕威,张芳娟,杨先保,杨安妮,梅运彬,王堂生,罗干,翁建明,肖萍,薛焱,许传红,许瑶,郑伟,雷五明,韩露,黄薇","ISTK":0,"ZCMC":"14周","YPSJDD":null,"XF":null,"SKXQ":6,"XNXQDM":"2024-2025-2","KCM":"思想政治理论课教学与研究（硕士）","JASDM":"0101060112","JXLDM":null,"JXBID":null,"SKBJ":null,"TYXMDM":null,"KCH":"40210224006"},{"KKDWDM":null,"XS":null,"BYBZ":"1","JSJC":8,"XXXQDM":null,"KXH":null,"KSJC":6,"XKZRS":null,"SKZC":"011111111111100000000000000000","SKJS":"刘骏","ISTK":0,"ZCMC":"2-13周","YPSJDD":null,"XF":null,"SKXQ":2,"XNXQDM":"2024-2025-2","KCM":"公共管理学专题","JASDM":"0101060112","JXLDM":null,"JXBID":null,"SKBJ":null,"TYXMDM":null,"KCH":"40210324006"},{"KKDWDM":null,"XS":null,"BYBZ":"1","JSJC":13,"XXXQDM":null,"KXH":null,"KSJC":11,"XKZRS":null,"SKZC":"000000111111111111000000000000","SKJS":"王军","ISTK":0,"ZCMC":"7-18周","YPSJDD":null,"XF":null,"SKXQ":1,"XNXQDM":"2024-2025-2","KCM":"中西文化比较研究","JASDM":"0101060112","JXLDM":null,"JXBID":null,"SKBJ":null,"TYXMDM":null,"KCH":"40210324019"},{"KKDWDM":null,"XS":null,"BYBZ":"1","JSJC":5,"XXXQDM":null,"KXH":null,"KSJC":1,"XKZRS":null,"SKZC":"000000000011101110000000000000","SKJS":"郭钧","ISTK":0,"ZCMC":"11-13周,15-17周","YPSJDD":null,"XF":null,"SKXQ":6,"XNXQDM":"2024-2025-2","KCM":"决策理论与方法","JASDM":"0101060112","JXLDM":null,"JXBID":null,"SKBJ":null,"TYXMDM":null,"KCH":"50080224001"},{"KKDWDM":null,"XS":null,"BYBZ":"1","JSJC":5,"XXXQDM":null,"KXH":null,"KSJC":3,"XKZRS":null,"SKZC":"000000000000000001100000000000","SKJS":"郭钧","ISTK":0,"ZCMC":"18-19周","YPSJDD":null,"XF":null,"SKXQ":6,"XNXQDM":"2024-2025-2","KCM":"决策理论与方法","JASDM":"0101060112","JXLDM":null,"JXBID":null,"SKBJ":null,"TYXMDM":null,"KCH":"50080224001"},{"KKDWDM":null,"XS":null,"BYBZ":"1","JSJC":10,"XXXQDM":null,"KXH":null,"KSJC":9,"XKZRS":null,"SKZC":"111111000000000000000000000000","SKJS":"庄可佳","ISTK":0,"ZCMC":"1-6周","YPSJDD":null,"XF":null,"SKXQ":3,"XNXQDM":"2024-2025-2","KCM":"数控技术与应用","JASDM":"0101060112","JXLDM":null,"JXBID":null,"SKBJ":null,"TYXMDM":null,"KCH":"50080324009"},{"KKDWDM":null,"XS":null,"BYBZ":"1","JSJC":13,"XXXQDM":null,"KXH":null,"KSJC":11,"XKZRS":null,"SKZC":"111111110000000000000000000000","SKJS":"庄可佳","ISTK":0,"ZCMC":"1-8周","YPSJDD":null,"XF":null,"SKXQ":4,"XNXQDM":"2024-2025-2","KCM":"数控技术与应用","JASDM":"0101060112","JXLDM":null,"JXBID":null,"SKBJ":null,"TYXMDM":null,"KCH":"50080324009"},{"KKDWDM":null,"XS":null,"BYBZ":"1","JSJC":13,"XXXQDM":null,"KXH":null,"KSJC":11,"XKZRS":null,"SKZC":"000000001111100000000000000000","SKJS":"徐衍,权宗田,齐远飞","ISTK":0,"ZCMC":"9-13周","YPSJDD":null,"XF":null,"SKXQ":2,"XNXQDM":"2024-2025-2","KCM":"中国近现代史基本问题研究","JASDM":"0101060112","JXLDM":null,"JXBID":null,"SKBJ":null,"TYXMDM":null,"KCH":"60210324003"},{"KKDWDM":null,"XS":null,"BYBZ":"1","JSJC":10,"XXXQDM":null,"KXH":null,"KSJC":9,"XKZRS":null,"SKZC":"011111111111111111100000000000","SKJS":"朱喆","ISTK":0,"ZCMC":"2-19周","YPSJDD":null,"XF":null,"SKXQ":2,"XNXQDM":"2024-2025-2","KCM":"马克思主义与中国文化研究","JASDM":"0101060112","JXLDM":null,"JXBID":null,"SKBJ":null,"TYXMDM":null,"KCH":"60210324014"},{"KKDWDM":null,"XS":null,"BYBZ":"1","JSJC":13,"XXXQDM":null,"KXH":null,"KSJC":11,"XKZRS":null,"SKZC":"011111111111100000000000000000","SKJS":"朱喆","ISTK":0,"ZCMC":"2-13周","YPSJDD":null,"XF":null,"SKXQ":3,"XNXQDM":"2024-2025-2","KCM":"马克思主义与现实问题研究","JASDM":"0101060112","JXLDM":null,"JXBID":null,"SKBJ":null,"TYXMDM":null,"KCH":"60210324015"}]}},"code":"0"}