{"datas":{"jaskcb":{"extParams":{"code":1,"msg":"查询成功"},"pageSize":0,"pageNumber":0,"totalSize":-1,"rows":[{"KKDWDM":null,"XS":null,"BYBZ":"1","JSJC":5,"XXXQDM":null,"KXH":null,"KSJC":3,"XKZRS":null,"SKZC":"011111100000000000000000000000","SKJS":"申祖国","ISTK":0,"ZCMC":"2-7周","YPSJDD":null,"XF":null,"SKXQ":4,"XNXQDM":"2024-2025-2","KCM":"高等传热学","JASDM":"0101060101","JXLDM":null,"JXBID":null,"SKBJ":null,"TYXMDM":null,"KCH":"40070223103"},{"KKDWDM":null,"XS":null,"BYBZ":"1","JSJC":8,"XXXQDM":null,"KXH":null,"KSJC":6,"XKZRS":null,"SKZC":"011111100000000000000000000000","SKJS":"申祖国","ISTK":0,"ZCMC":"2-7周","YPSJDD":null,"XF":null,"SKXQ":5,"XNXQDM":"2024-2025-2","KCM":"高等传热学","JASDM":"0101060101","JXLDM":null,"JXBID":null,"SKBJ":null,"TYXMDM":null,"KCH":"40070223103"},{"KKDWDM":null,"XS":null,"BYBZ":"1","JSJC":5,"XXXQDM":null,"KXH":null,"KSJC":3,"XKZRS":null,"SKZC":"011111100000000000000000000000","SKJS":"王辉","ISTK":0,"ZCMC":"2-7周","YPSJDD":null,"XF":null,"SKXQ":1,"XNXQDM":"2024-2025-2","KCM":"高等流体力学","JASDM":"0101060101","JXLDM":null,"JXBID":null,"SKBJ":null,"TYXMDM":null,"KCH":"40070223104"},{"KKDWDM":null,"XS":null,"BYBZ":"1","JSJC":8,"XXXQDM":null,"KXH":null,"KSJC":6,"XKZRS":null,"SKZC":"011111100000000000000000000000","SKJS":"王辉","ISTK":0,"ZCMC":"2-7周","YPSJDD":null,"XF":null,"SKXQ":3,"XNXQDM":"2024-2025-2","KCM":"高等流体力学","JASDM":"0101060101","JXLDM":null,"JXBID":null,"SKBJ":null,"TYXMDM":null,"KCH":"40070223104"},{"KKDWDM":null,"XS":null,"BYBZ":"1","JSJC":13,"XXXQDM":null,"KXH":null,"KSJC":11,"XKZRS":null,"SKZC":"000000010000000000000000000000","SKJS":"刘艳雄","ISTK":0,"ZCMC":"8周","YPSJDD":null,"XF":null,"SKXQ":1,"XNXQDM":"2024-2025-2","KCM":"汽车覆盖件成形理论和技术","JASDM":"0101060101","JXLDM":null,"JXBID":null,"SKBJ":null,"TYXMDM":null,"KCH":"40070323073"},{"KKDWDM":null,"XS":null,"BYBZ":"1","JSJC":5,"XXXQDM":null,"KXH":null,"KSJC":3,"XKZRS":null,"SKZC":"000000010000000000000000000000","SKJS":"刘艳雄","ISTK":0,"ZCMC":"8周","YPSJDD":null,"XF":null,"SKXQ":2,"XNXQDM":"2024-2025-2","KCM":"汽车覆盖件成形理论和技术","JASDM":"0101060101","JXLDM":null,"JXBID":null,"SKBJ":null,"TYXMDM":null,"KCH":"40070323073"},{"KKDWDM":null,"XS":null,"BYBZ":"1","JSJC":13,"XXXQDM":null,"KXH":null,"KSJC":9,"XKZRS":null,"SKZC":"011111100000000000000000000000","SKJS":"刘艳雄","ISTK":0,"ZCMC":"2-7周","YPSJDD":null,"XF":null,"SKXQ":3,"XNXQDM":"2024-2025-2","KCM":"汽车覆盖件成形理论和技术","JASDM":"0101060101","JXLDM":null,"JXBID":null,"SKBJ":null,"TYXMDM":null,"KCH":"40070323073"},{"KKDWDM":null,"XS":null,"BYBZ":"1","JSJC":8,"XXXQDM":null,"KXH":null,"KSJC":6,"XKZRS":null,"SKZC":"000000000111111000000000000000","SKJS":"韩星会","ISTK":0,"ZCMC":"10-15周","YPSJDD":null,"XF":null,"SKXQ":4,"XNXQDM":"2024-2025-2","KCM":"汽车成形制造数字模拟","JASDM":"0101060101","JXLDM":null,"JXBID":null,"SKBJ":null,"TYXMDM":null,"KCH":"40070323076"},{"KKDWDM":null,"XS":null,"BYBZ":"1","JSJC":5,"XXXQDM":null,"KXH":null,"KSJC":1,"XKZRS":null,"SKZC":"011111100000000000000000000000","SKJS":"李江天","ISTK":0,"ZCMC":"2-7周","YPSJDD":null,"XF":null,"SKXQ":7,"XNXQDM":"2024-2025-2","KCM":"管理学研究方法","JASDM":"0101060101","JXLDM":null,"JXBID":null,"SKBJ":null,"TYXMDM":null,"KCH":"40070323093"},{"KKDWDM":null,"XS":null,"BYBZ":"1","JSJC":8,"XXXQDM":null,"KXH":null,"KSJC":3,"XKZRS":null,"SKZC":"000000010000000000000000000000","SKJS":"李江天","ISTK":0,"ZCMC":"8周","YPSJDD":null,"XF":null,"SKXQ":7,"XNXQDM":"2024-2025-2","KCM":"管理学研究方法","JASDM":"0101060101","JXLDM":null,"JXBID":null,"SKBJ":null,"TYXMDM":null,"KCH":"40070323093"},{"KKDWDM":null,"XS":null,"BYBZ":"1","JSJC":5,"XXXQDM":null,"KXH":null,"KSJC":3,"XKZRS":null,"SKZC":"000000000111111000000000000000","SKJS":"马柳昊","ISTK":0,"ZCMC":"10-15周","YPSJDD":null,"XF":null,"SKXQ":1,"XNXQDM":"2024-2025-2","KCM":"现代光学气体传感技术","JASDM":"0101060101","JXLDM":null,"JXBID":null,"SKBJ":null,"TYXMDM":null,"KCH":"40070323123"},{"KKDWDM":null,"XS":null,"BYBZ":"1","JSJC":8,"XXXQDM":null,"KXH":null,"KSJC":3,"XKZRS":null,"SKZC":"000000000111111000000000000000","SKJS":"余庆华","ISTK":0,"ZCMC":"10-15周","YPSJDD":null,"XF":null,"SKXQ":7,"XNXQDM":"2024-2025-2","KCM":"新能源存储技术","JASDM":"0101060101","JXLDM":null,"JXBID":null,"SKBJ":null,"TYXMDM":null,"KCH":"40070323124"},{"KKDWDM":null,"XS":null,"BYBZ":"1","JSJC":5,"XXXQDM":null,"KXH":null,"KSJC":3,"XKZRS":null,"SKZC":"111111111111111111000000000000","SKJS":"邓喜道","ISTK":0,"ZCMC":"1-18周","YPSJDD":null,"XF":null,"SKXQ":3,"XNXQDM":"2024-2025-2","KCM":"哲学经典研读","JASDM":"0101060101","JXLDM":null,"JXBID":null,"SKBJ":null,"TYXMDM":null,"KCH":"40210224012"},{"KKDWDM":null,"XS":null,"BYBZ":"1","JSJC":5,"XXXQDM":null,"KXH":null,"KSJC":3,"XKZRS":null,"SKZC":"001111111110000000000000000000","SKJS":"余佳,孙德忠,彭肖建,杨海波,陈亚立,陈明益","ISTK":0,"ZCMC":"3-11周","YPSJDD":null,"XF":null,"SKXQ":6,"XNXQDM":"2024-2025-2","KCM":"哲学学科前沿问题","JASDM":"0101060101","JXLDM":null,"JXBID":null,"SKBJ":null,"TYXMDM":null,"KCH":"40210224014"},{"KKDWDM":null,"XS":null,"BYBZ":"1","JSJC":8,"XXXQDM":null,"KXH":null,"KSJC":6,"XKZRS":null,"SKZC":"011111111111100000000000000000","SKJS":"郭国祥","ISTK":0,"ZCMC":"2-13周","YPSJDD":null,"XF":null,"SKXQ":1,"XNXQDM":"2024-2025-2","KCM":"中国近现代基本问题专题","JASDM":"0101060101","JXLDM":null,"JXBID":null,"SKBJ":null,"TYXMDM":null,"KCH":"40210224034"},{"KKDWDM":null,"XS":null,"BYBZ":"1","JSJC":10,"XXXQDM":null,"KXH":null,"KSJC":9,"XKZRS":null,"SKZC":"111111000000000000000000000000","SKJS":"季爱民","ISTK":0,"ZCMC":"1-6周","YPSJDD":null,"XF":null,"SKXQ":4,"XNXQDM":"2024-2025-2","KCM":"教育学理论与方法","JASDM":"0101060101","JXLDM":null,"JXBID":null,"SKBJ":null,"TYXMDM":null,"KCH":"40210324027"},{"KKDWDM":null,"XS":null,"BYBZ":"1","JSJC":13,"XXXQDM":null,"KXH":null,"KSJC":11,"XKZRS":null,"SKZC":"000000000111111000000000000000","SKJS":"谭罡风","ISTK":0,"ZCMC":"10-15周","YPSJDD":null,"XF":null,"SKXQ":3,"XNXQDM":"2024-2025-2","KCM":"车辆底盘控制技术","JASDM":"0101060101","JXLDM":null,"JXBID":null,"SKBJ":null,"TYXMDM":null,"KCH":"60070323014"},{"KKDWDM":null,"XS":null,"BYBZ":"1","JSJC":8,"XXXQDM":null,"KXH":null,"KSJC":6,"XKZRS":null,"SKZC":"111111111111000000000000000000","SKJS":"冯谦","ISTK":0,"ZCMC":"1-12周","YPSJDD":null,"XF":null,"SKXQ":2,"XNXQDM":"2024-2025-2","KCM":"防灾工程学","JASDM":"0101060101","JXLDM":null,"JXBID":null,"SKBJ":null,"TYXMDM":null,"KCH":"60230323004"},{"KKDWDM":null,"XS":null,"BYBZ":"1","JSJC":5,"XXXQDM":null,"KXH":null,"KSJC":3,"XKZRS":null,"SKZC":"111111111111000000000000000000","SKJS":"冯谦","ISTK":0,"ZCMC":"1-12周","YPSJDD":null,"XF":null,"SKXQ":5,"XNXQDM":"2024-2025-2","KCM":"综合灾害监测与预警","JASDM":"0101060101","JXLDM":null,"JXBID":null,"SKBJ":null,"TYXMDM":null,"KCH":"60230323011"},{"KKDWDM":null,"XS":null,"BYBZ":"1","JSJC":8,"XXXQDM":null,"KXH":null,"KSJC":6,"XKZRS":null,"SKZC":"000000000000100000000000000000","SKJS":"冯谦","ISTK":0,"ZCMC":"13周","YPSJDD":null,"XF":null,"SKXQ":2,"XNXQDM":"2024-2025-2","KCM":"综合灾害监测与预警(调课)","JASDM":"0101060101","JXLDM":null,"JXBID":null,"SKBJ":null,"TYXMDM":null,"KCH":"60230323011"}]}},"code":"0"}