{"datas":{"jaskcb":{"extParams":{"code":1,"msg":"查询成功"},"pageSize":0,"pageNumber":0,"totalSize":-1,"rows":[{"KKDWDM":null,"XS":null,"BYBZ":"1","JSJC":5,"XXXQDM":null,"KXH":null,"KSJC":1,"XKZRS":null,"SKZC":"011111100000000000000000000000","SKJS":"宋燕利","ISTK":0,"ZCMC":"2-7周","YPSJDD":null,"XF":null,"SKXQ":3,"XNXQDM":"2024-2025-2","KCM":"汽车焊接理论与技术","JASDM":"0101060105","JXLDM":null,"JXBID":null,"SKBJ":null,"TYXMDM":null,"KCH":"40070323070"},{"KKDWDM":null,"XS":null,"BYBZ":"1","JSJC":5,"XXXQDM":null,"KXH":null,"KSJC":3,"XKZRS":null,"SKZC":"000000010000000000000000000000","SKJS":"宋燕利","ISTK":0,"ZCMC":"8周","YPSJDD":null,"XF":null,"SKXQ":3,"XNXQDM":"2024-2025-2","KCM":"汽车焊接理论与技术","JASDM":"0101060105","JXLDM":null,"JXBID":null,"SKBJ":null,"TYXMDM":null,"KCH":"40070323070"},{"KKDWDM":null,"XS":null,"BYBZ":"1","JSJC":8,"XXXQDM":null,"KXH":null,"KSJC":6,"XKZRS":null,"SKZC":"000000010000000000000000000000","SKJS":"宋燕利","ISTK":0,"ZCMC":"8周","YPSJDD":null,"XF":null,"SKXQ":5,"XNXQDM":"2024-2025-2","KCM":"汽车焊接理论与技术","JASDM":"0101060105","JXLDM":null,"JXBID":null,"SKBJ":null,"TYXMDM":null,"KCH":"40070323070"},{"KKDWDM":null,"XS":null,"BYBZ":"1","JSJC":5,"XXXQDM":null,"KXH":null,"KSJC":3,"XKZRS":null,"SKZC":"001111111111110000000000000000","SKJS":"姜迎春","ISTK":0,"ZCMC":"3-14周","YPSJDD":null,"XF":null,"SKXQ":1,"XNXQDM":"2024-2025-2","KCM":"中共党史党建前沿问题研究","JASDM":"0101060105","JXLDM":null,"JXBID":null,"SKBJ":null,"TYXMDM":null,"KCH":"40210224025"},{"KKDWDM":null,"XS":null,"BYBZ":"1","JSJC":8,"XXXQDM":null,"KXH":null,"KSJC":6,"XKZRS":null,"SKZC":"000011111111111100000000000000","SKJS":"庞培培","ISTK":0,"ZCMC":"5-16周","YPSJDD":null,"XF":null,"SKXQ":1,"XNXQDM":"2024-2025-2","KCM":"16-18世纪的欧洲哲学","JASDM":"0101060105","JXLDM":null,"JXBID":null,"SKBJ":null,"TYXMDM":null,"KCH":"40210324045"},{"KKDWDM":null,"XS":null,"BYBZ":"1","JSJC":5,"XXXQDM":null,"KXH":null,"KSJC":3,"XKZRS":null,"SKZC":"011111111111100000000000000000","SKJS":"程宏燕","ISTK":0,"ZCMC":"2-13周","YPSJDD":null,"XF":null,"SKXQ":4,"XNXQDM":"2024-2025-2","KCM":"西方马克思主义哲学","JASDM":"0101060105","JXLDM":null,"JXBID":null,"SKBJ":null,"TYXMDM":null,"KCH":"40210324053"},{"KKDWDM":null,"XS":null,"BYBZ":"1","JSJC":5,"XXXQDM":null,"KXH":null,"KSJC":3,"XKZRS":null,"SKZC":"000000000001111110000000000000","SKJS":"陈雪","ISTK":0,"ZCMC":"12-17周","YPSJDD":null,"XF":null,"SKXQ":2,"XNXQDM":"2024-2025-2","KCM":"公共管理评价方法与建模","JASDM":"0101060105","JXLDM":null,"JXBID":null,"SKBJ":null,"TYXMDM":null,"KCH":"40220524063"},{"KKDWDM":null,"XS":null,"BYBZ":"1","JSJC":8,"XXXQDM":null,"KXH":null,"KSJC":6,"XKZRS":null,"SKZC":"000000000001111110000000000000","SKJS":"陈雪","ISTK":0,"ZCMC":"12-17周","YPSJDD":null,"XF":null,"SKXQ":5,"XNXQDM":"2024-2025-2","KCM":"公共管理评价方法与建模","JASDM":"0101060105","JXLDM":null,"JXBID":null,"SKBJ":null,"TYXMDM":null,"KCH":"40220524063"},{"KKDWDM":null,"XS":null,"BYBZ":"1","JSJC":8,"XXXQDM":null,"KXH":null,"KSJC":6,"XKZRS":null,"SKZC":"111111111111000000000000000000","SKJS":"刘艳艳","ISTK":0,"ZCMC":"1-12周","YPSJDD":null,"XF":null,"SKXQ":2,"XNXQDM":"2024-2025-2","KCM":"安全健康环境实务","JASDM":"0101060105","JXLDM":null,"JXBID":null,"SKBJ":null,"TYXMDM":null,"KCH":"50230323008"},{"KKDWDM":null,"XS":null,"BYBZ":"1","JSJC":8,"XXXQDM":null,"KXH":null,"KSJC":6,"XKZRS":null,"SKZC":"011111100000000000000000000000","SKJS":"徐衍,权宗田,齐远飞","ISTK":0,"ZCMC":"2-7周","YPSJDD":null,"XF":null,"SKXQ":5,"XNXQDM":"2024-2025-2","KCM":"中国近现代史基本问题研究","JASDM":"0101060105","JXLDM":null,"JXBID":null,"SKBJ":null,"TYXMDM":null,"KCH":"60210324003"}]}},"code":"0"}