{"datas":{"jaskcb":{"extParams":{"code":1,"msg":"查询成功"},"pageSize":0,"pageNumber":0,"totalSize":-1,"rows":[{"KKDWDM":"007","XS":48,"BYBZ":"0","JSJC":5,"XXXQDM":"01","KXH":"04","KSJC":3,"XKZRS":69,"SKZC":"111111111100000000000000000000","SKJS":"刘珣","ISTK":0,"ZCMC":"1-10周","YPSJDD":"12-14周 星期一 第3节-第5节 马区东-致远楼-303,1-10周 星期一 第3节-第5节 马区东-致远楼-303,16-17周 星期一 第3节-第5节 马区东-致远楼-303,17周 星期二 第3节-第5节 马区东-致远楼-303","XF":3,"SKXQ":1,"XNXQDM":"2024-2025-2","KCM":"汽车理论E","JASDM":"0101060303","JXLDM":"010106","JXBID":"20242-11160","SKBJ":"车辆2201-02","TYXMDM":null,"KCH":"10074117122"},{"KKDWDM":"023","XS":48,"BYBZ":"0","JSJC":8,"XXXQDM":"01","KXH":"02","KSJC":6,"XKZRS":80,"SKZC":"111111111100000000000000","SKJS":"赵不钒","ISTK":0,"ZCMC":"1-10周","YPSJDD":"12周 星期一 第6节-第7节 马区东-致远楼-303,1-10周 星期一 第6节-第8节 马区东-致远楼-303","XF":3,"SKXQ":1,"XNXQDM":"2024-2025-2","KCM":"大数据技术","JASDM":"0101060303","JXLDM":"010106","JXBID":"20242-03640","SKBJ":"数管2201-03","TYXMDM":null,"KCH":"10235121039"},{"KKDWDM":"013","XS":40,"BYBZ":"0","JSJC":5,"XXXQDM":"01","KXH":"01","KSJC":3,"XKZRS":38,"SKZC":"111111111100000000000000","SKJS":"罗璠","ISTK":0,"ZCMC":"1-10周","YPSJDD":"11周 星期二 第3节-第4节 马区东-致远楼-303,1-10周 星期二 第3节-第5节 马区东-致远楼-303","XF":2,"SKXQ":2,"XNXQDM":"2024-2025-2","KCM":"电器控制与可编程序控制器","JASDM":"0101060303","JXLDM":"010106","JXBID":"20242-02217","SKBJ":"电气2201-05,电气zy2201","TYXMDM":null,"KCH":"10135121029"},{"KKDWDM":"007","XS":40,"BYBZ":"0","JSJC":5,"XXXQDM":"01","KXH":"01","KSJC":3,"XKZRS":82,"SKZC":"111111111011100000000000","SKJS":"康健强,杜常清","ISTK":0,"ZCMC":"1-9周,11-13周","YPSJDD":"14-15周 星期四 第3节-第4节 马区东-致远楼-303,1-9周,11-13周 星期四 第3节-第5节 马区东-致远楼-303","XF":2,"SKXQ":4,"XNXQDM":"2024-2025-2","KCM":"电池及其管理系统","JASDM":"0101060303","JXLDM":"010106","JXBID":"20242-03344","SKBJ":"储能2201-02","TYXMDM":null,"KCH":"10075121043"},{"KKDWDM":"013","XS":32,"BYBZ":"0","JSJC":10,"XXXQDM":"01","KXH":"01","KSJC":9,"XKZRS":29,"SKZC":"111111110000000000000000000000","SKJS":"罗晶,蔡振华","ISTK":0,"ZCMC":"1-8周","YPSJDD":"1-5周 星期五 第1节-第2节 马区东-弘毅楼-207,1-8周 星期三 第9节-第10节 马区东-致远楼-303,7-8周 星期五 第1节-第2节 马区东-弘毅楼-207,9周 星期日 第1节-第2节 马区东-弘毅楼-207","XF":2,"SKXQ":3,"XNXQDM":"2024-2025-2","KCM":"仿生机器人","JASDM":"0101060303","JXLDM":"010106","JXBID":"20242-02105","SKBJ":"机器人2201-02,自动化2201-05,自动化zy2201","TYXMDM":null,"KCH":"10135121023"},{"KKDWDM":"021","XS":40,"BYBZ":"0","JSJC":5,"XXXQDM":"01","KXH":"01","KSJC":3,"XKZRS":75,"SKZC":"111110111011100000000000","SKJS":"罗干","ISTK":0,"ZCMC":"1-5周,7-9周,11-13周","YPSJDD":"14-15周 星期五 第3节-第4节 马区东-致远楼-303,1-5周,7-9周,11-13周 星期五 第3节-第5节 马区东-致远楼-303,9周 星期日 第3节-第5节 马区东-致远楼-303","XF":2,"SKXQ":5,"XNXQDM":"2024-2025-2","KCM":"比较政党制度","JASDM":"0101060303","JXLDM":"010106","JXBID":"20242-05460","SKBJ":"政治2301-02","TYXMDM":null,"KCH":"10215117005"},{"KKDWDM":"013","XS":32,"BYBZ":"0","JSJC":2,"XXXQDM":"01","KXH":"03","KSJC":1,"XKZRS":73,"SKZC":"0000000011111111","SKJS":"王枭","ISTK":0,"ZCMC":"9-16周","YPSJDD":"9-16周 星期二 第1节-第2节 马区东-致远楼-303","XF":2,"SKXQ":2,"XNXQDM":"2024-2025-2","KCM":"控制系统建模与仿真","JASDM":"0101060303","JXLDM":"010106","JXBID":"20242-10667","SKBJ":"自动化2201-03","TYXMDM":null,"KCH":"10135121012"},{"KKDWDM":"013","XS":32,"BYBZ":"0","JSJC":2,"XXXQDM":"01","KXH":"06","KSJC":1,"XKZRS":70,"SKZC":"0000000011111111","SKJS":"王枭","ISTK":0,"ZCMC":"9-16周","YPSJDD":"9-16周 星期三 第1节-第2节 马区东-致远楼-303","XF":2,"SKXQ":3,"XNXQDM":"2024-2025-2","KCM":"控制系统建模与仿真","JASDM":"0101060303","JXLDM":"010106","JXBID":"20242-10670","SKBJ":"自动化2204-05,自动化zy2201","TYXMDM":null,"KCH":"10135121012"},{"KKDWDM":"021","XS":40,"BYBZ":"0","JSJC":5,"XXXQDM":"01","KXH":"01","KSJC":3,"XKZRS":75,"SKZC":"000000001000000000000000","SKJS":"罗干","ISTK":0,"ZCMC":"9周","YPSJDD":"14-15周 星期五 第3节-第4节 马区东-致远楼-303,1-5周,7-9周,11-13周 星期五 第3节-第5节 马区东-致远楼-303,9周 星期日 第3节-第5节 马区东-致远楼-303","XF":2,"SKXQ":7,"XNXQDM":"2024-2025-2","KCM":"比较政党制度","JASDM":"0101060303","JXLDM":"010106","JXBID":"20242-05460","SKBJ":"政治2301-02","TYXMDM":null,"KCH":"10215117005"},{"KKDWDM":"013","XS":40,"BYBZ":"0","JSJC":4,"XXXQDM":"01","KXH":"01","KSJC":3,"XKZRS":38,"SKZC":"000000000010000000000000","SKJS":"罗璠","ISTK":0,"ZCMC":"11周","YPSJDD":"11周 星期二 第3节-第4节 马区东-致远楼-303,1-10周 星期二 第3节-第5节 马区东-致远楼-303","XF":2,"SKXQ":2,"XNXQDM":"2024-2025-2","KCM":"电器控制与可编程序控制器","JASDM":"0101060303","JXLDM":"010106","JXBID":"20242-02217","SKBJ":"电气2201-05,电气zy2201","TYXMDM":null,"KCH":"10135121029"},{"KKDWDM":"007","XS":48,"BYBZ":"0","JSJC":5,"XXXQDM":"01","KXH":"04","KSJC":3,"XKZRS":69,"SKZC":"000000000001110000000000000000","SKJS":"刘珣","ISTK":0,"ZCMC":"12-14周","YPSJDD":"12-14周 星期一 第3节-第5节 马区东-致远楼-303,1-10周 星期一 第3节-第5节 马区东-致远楼-303,16-17周 星期一 第3节-第5节 马区东-致远楼-303,17周 星期二 第3节-第5节 马区东-致远楼-303","XF":3,"SKXQ":1,"XNXQDM":"2024-2025-2","KCM":"汽车理论E","JASDM":"0101060303","JXLDM":"010106","JXBID":"20242-11160","SKBJ":"车辆2201-02","TYXMDM":null,"KCH":"10074117122"},{"KKDWDM":"023","XS":48,"BYBZ":"0","JSJC":7,"XXXQDM":"01","KXH":"02","KSJC":6,"XKZRS":80,"SKZC":"000000000001000000000000","SKJS":"赵不钒","ISTK":0,"ZCMC":"12周","YPSJDD":"12周 星期一 第6节-第7节 马区东-致远楼-303,1-10周 星期一 第6节-第8节 马区东-致远楼-303","XF":3,"SKXQ":1,"XNXQDM":"2024-2025-2","KCM":"大数据技术","JASDM":"0101060303","JXLDM":"010106","JXBID":"20242-03640","SKBJ":"数管2201-03","TYXMDM":null,"KCH":"10235121039"},{"KKDWDM":"007","XS":40,"BYBZ":"0","JSJC":4,"XXXQDM":"01","KXH":"01","KSJC":3,"XKZRS":82,"SKZC":"000000000000011000000000","SKJS":"康健强,杜常清","ISTK":0,"ZCMC":"14-15周","YPSJDD":"14-15周 星期四 第3节-第4节 马区东-致远楼-303,1-9周,11-13周 星期四 第3节-第5节 马区东-致远楼-303","XF":2,"SKXQ":4,"XNXQDM":"2024-2025-2","KCM":"电池及其管理系统","JASDM":"0101060303","JXLDM":"010106","JXBID":"20242-03344","SKBJ":"储能2201-02","TYXMDM":null,"KCH":"10075121043"},{"KKDWDM":"021","XS":40,"BYBZ":"0","JSJC":4,"XXXQDM":"01","KXH":"01","KSJC":3,"XKZRS":75,"SKZC":"000000000000011000000000","SKJS":"罗干","ISTK":0,"ZCMC":"14-15周","YPSJDD":"14-15周 星期五 第3节-第4节 马区东-致远楼-303,1-5周,7-9周,11-13周 星期五 第3节-第5节 马区东-致远楼-303,9周 星期日 第3节-第5节 马区东-致远楼-303","XF":2,"SKXQ":5,"XNXQDM":"2024-2025-2","KCM":"比较政党制度","JASDM":"0101060303","JXLDM":"010106","JXBID":"20242-05460","SKBJ":"政治2301-02","TYXMDM":null,"KCH":"10215117005"},{"KKDWDM":"007","XS":48,"BYBZ":"0","JSJC":5,"XXXQDM":"01","KXH":"04","KSJC":3,"XKZRS":69,"SKZC":"000000000000000110000000000000","SKJS":"刘珣","ISTK":0,"ZCMC":"16-17周","YPSJDD":"12-14周 星期一 第3节-第5节 马区东-致远楼-303,1-10周 星期一 第3节-第5节 马区东-致远楼-303,16-17周 星期一 第3节-第5节 马区东-致远楼-303,17周 星期二 第3节-第5节 马区东-致远楼-303","XF":3,"SKXQ":1,"XNXQDM":"2024-2025-2","KCM":"汽车理论E","JASDM":"0101060303","JXLDM":"010106","JXBID":"20242-11160","SKBJ":"车辆2201-02","TYXMDM":null,"KCH":"10074117122"},{"KKDWDM":"007","XS":48,"BYBZ":"0","JSJC":5,"XXXQDM":"01","KXH":"04","KSJC":3,"XKZRS":69,"SKZC":"000000000000000010000000000000","SKJS":"刘珣","ISTK":0,"ZCMC":"17周","YPSJDD":"12-14周 星期一 第3节-第5节 马区东-致远楼-303,1-10周 星期一 第3节-第5节 马区东-致远楼-303,16-17周 星期一 第3节-第5节 马区东-致远楼-303,17周 星期二 第3节-第5节 马区东-致远楼-303","XF":3,"SKXQ":2,"XNXQDM":"2024-2025-2","KCM":"汽车理论E","JASDM":"0101060303","JXLDM":"010106","JXBID":"20242-11160","SKBJ":"车辆2201-02","TYXMDM":null,"KCH":"10074117122"}]}},"code":"0"}