{"datas":{"jaskcb":{"extParams":{"code":1,"msg":"查询成功"},"pageSize":0,"pageNumber":0,"totalSize":-1,"rows":[{"KKDWDM":null,"XS":null,"BYBZ":"3","JSJC":2,"XXXQDM":null,"KXH":null,"KSJC":1,"XKZRS":null,"SKZC":"111111111111111110000000000000","SKJS":"游思源","ISTK":0,"ZCMC":"1-17周","YPSJDD":null,"XF":null,"SKXQ":1,"XNXQDM":"2024-2025-2","KCM":"纪律与申述措施","JASDM":"0101030506","JXLDM":null,"JXBID":null,"SKBJ":"HRM2302","TYXMDM":null,"KCH":"20244124066"},{"KKDWDM":null,"XS":null,"BYBZ":"3","JSJC":10,"XXXQDM":null,"KXH":null,"KSJC":9,"XKZRS":null,"SKZC":"111111111111111110000000000000","SKJS":"张紫芸","ISTK":0,"ZCMC":"1-17周","YPSJDD":null,"XF":null,"SKXQ":2,"XNXQDM":"2024-2025-2","KCM":"纪律与申述措施","JASDM":"0101030506","JXLDM":null,"JXBID":null,"SKBJ":"HRM2303","TYXMDM":null,"KCH":"20244124066"},{"KKDWDM":null,"XS":null,"BYBZ":"3","JSJC":10,"XXXQDM":null,"KXH":null,"KSJC":9,"XKZRS":null,"SKZC":"000000000111111110000000000000","SKJS":"关景耘","ISTK":0,"ZCMC":"10-17周","YPSJDD":null,"XF":null,"SKXQ":3,"XNXQDM":"2024-2025-2","KCM":"商务信息技术：电子制表","JASDM":"0101030506","JXLDM":null,"JXBID":null,"SKBJ":"HRM2302","TYXMDM":null,"KCH":"20244124073"},{"KKDWDM":null,"XS":null,"BYBZ":"3","JSJC":7,"XXXQDM":null,"KXH":null,"KSJC":6,"XKZRS":null,"SKZC":"000000000111111110000000000000","SKJS":"关景耘","ISTK":0,"ZCMC":"10-17周","YPSJDD":null,"XF":null,"SKXQ":5,"XNXQDM":"2024-2025-2","KCM":"商务信息技术：电子制表","JASDM":"0101030506","JXLDM":null,"JXBID":null,"SKBJ":"HRM2302","TYXMDM":null,"KCH":"20244124073"},{"KKDWDM":null,"XS":null,"BYBZ":"3","JSJC":4,"XXXQDM":null,"KXH":null,"KSJC":3,"XKZRS":null,"SKZC":"111111111111111110000000000000","SKJS":"魏剑昆","ISTK":0,"ZCMC":"1-17周","YPSJDD":null,"XF":null,"SKXQ":4,"XNXQDM":"2024-2025-2","KCM":"商务会计导论","JASDM":"0101030506","JXLDM":null,"JXBID":null,"SKBJ":"HRM2302","TYXMDM":null,"KCH":"20244124075"},{"KKDWDM":null,"XS":null,"BYBZ":"3","JSJC":4,"XXXQDM":null,"KXH":null,"KSJC":1,"XKZRS":null,"SKZC":"001000000000000000000000000000","SKJS":"魏剑昆","ISTK":0,"ZCMC":"3周","YPSJDD":null,"XF":null,"SKXQ":2,"XNXQDM":"2024-2025-2","KCM":"商务会计导论【集中重修】","JASDM":"0101030506","JXLDM":null,"JXBID":null,"SKBJ":"集中重修","TYXMDM":null,"KCH":"20244124075"},{"KKDWDM":null,"XS":null,"BYBZ":"3","JSJC":8,"XXXQDM":null,"KXH":null,"KSJC":6,"XKZRS":null,"SKZC":"111111111111111110000000000000","SKJS":"周超霞","ISTK":0,"ZCMC":"1-17周","YPSJDD":null,"XF":null,"SKXQ":3,"XNXQDM":"2024-2025-2","KCM":"经济学：微宏观经济学","JASDM":"0101030506","JXLDM":null,"JXBID":null,"SKBJ":"HRM2302","TYXMDM":null,"KCH":"20244124079"},{"KKDWDM":null,"XS":null,"BYBZ":"3","JSJC":4,"XXXQDM":null,"KXH":null,"KSJC":3,"XKZRS":null,"SKZC":"111111111111111110000000000000","SKJS":"张静娴","ISTK":0,"ZCMC":"1-17周","YPSJDD":null,"XF":null,"SKXQ":1,"XNXQDM":"2024-2025-2","KCM":"财政预算","JASDM":"0101030506","JXLDM":null,"JXBID":null,"SKBJ":"HRM2302","TYXMDM":null,"KCH":"20244124096"},{"KKDWDM":null,"XS":null,"BYBZ":"3","JSJC":7,"XXXQDM":null,"KXH":null,"KSJC":6,"XKZRS":null,"SKZC":"111111111111111110000000000000","SKJS":"张静娴","ISTK":0,"ZCMC":"1-17周","YPSJDD":null,"XF":null,"SKXQ":2,"XNXQDM":"2024-2025-2","KCM":"财政预算","JASDM":"0101030506","JXLDM":null,"JXBID":null,"SKBJ":"HRM2303","TYXMDM":null,"KCH":"20244124096"},{"KKDWDM":null,"XS":null,"BYBZ":"3","JSJC":2,"XXXQDM":null,"KXH":null,"KSJC":1,"XKZRS":null,"SKZC":"111111111111111110000000000000","SKJS":"赵静玉","ISTK":0,"ZCMC":"1-17周","YPSJDD":null,"XF":null,"SKXQ":4,"XNXQDM":"2024-2025-2","KCM":"商务沟通技巧","JASDM":"0101030506","JXLDM":null,"JXBID":null,"SKBJ":"HRM2302","TYXMDM":null,"KCH":"20244124098"}]}},"code":"0"}