{"datas":{"jaskcb":{"extParams":{"code":1,"msg":"查询成功"},"pageSize":0,"pageNumber":0,"totalSize":-1,"rows":[{"KKDWDM":"007","XS":24,"BYBZ":"0","JSJC":2,"XXXQDM":"01","KXH":"01","KSJC":1,"XKZRS":21,"SKZC":"111111111111000000000000","SKJS":"廖燕","ISTK":0,"ZCMC":"1-12周","YPSJDD":"1-12周 星期三 第1节-第2节 马区东-弘毅楼-207","XF":1,"SKXQ":3,"XNXQDM":"2024-2025-2","KCM":"汽车服务工程专业英语","JASDM":"0101020207","JXLDM":"010103","JXBID":"20242-02243","SKBJ":"汽服2201-02","TYXMDM":null,"KCH":"10075117016"},{"KKDWDM":"007","XS":40,"BYBZ":"0","JSJC":8,"XXXQDM":"01","KXH":"01","KSJC":6,"XKZRS":60,"SKZC":"111111111111000000000000","SKJS":"卢炽华,张佩","ISTK":0,"ZCMC":"1-12周","YPSJDD":"13-14周 星期二 第6节-第7节 马区东-弘毅楼-207,1-12周 星期二 第6节-第8节 马区东-弘毅楼-207","XF":2,"SKXQ":2,"XNXQDM":"2024-2025-2","KCM":"电动汽车设计基础","JASDM":"0101020207","JXLDM":"010103","JXBID":"20242-02864","SKBJ":"能源2202-03","TYXMDM":null,"KCH":"10075121038"},{"KKDWDM":"007","XS":48,"BYBZ":"0","JSJC":8,"XXXQDM":"01","KXH":"02","KSJC":6,"XKZRS":51,"SKZC":"111111111100000000000000000000","SKJS":"汪怡平","ISTK":0,"ZCMC":"1-10周","YPSJDD":"12-14周 星期一 第6节-第8节 马区东-弘毅楼-207,1-10周 星期一 第6节-第8节 马区东-弘毅楼-207,17周 星期二 第6节-第8节 马区东-弘毅楼-207,16-17周 星期一 第6节-第8节 马区东-弘毅楼-207","XF":3,"SKXQ":1,"XNXQDM":"2024-2025-2","KCM":"汽车理论E","JASDM":"0101020207","JXLDM":"010103","JXBID":"20242-02895","SKBJ":"车辆2206","TYXMDM":null,"KCH":"10074117122"},{"KKDWDM":"007","XS":32,"BYBZ":"0","JSJC":5,"XXXQDM":"01","KXH":"01","KSJC":3,"XKZRS":56,"SKZC":"111111111010000000000000","SKJS":"邹斌","ISTK":0,"ZCMC":"1-9周,11周","YPSJDD":"12周 星期四 第3节-第4节 马区东-弘毅楼-207,1-9周,11周 星期四 第3节-第5节 马区东-弘毅楼-207","XF":2,"SKXQ":4,"XNXQDM":"2024-2025-2","KCM":"智能车辆控制基础","JASDM":"0101020207","JXLDM":"010103","JXBID":"20242-02813","SKBJ":"能源2201,能源zy2201","TYXMDM":null,"KCH":"10075121034"},{"KKDWDM":"007","XS":24,"BYBZ":"0","JSJC":13,"XXXQDM":"01","KXH":"01","KSJC":11,"XKZRS":21,"SKZC":"111111110000000000000000","SKJS":"王宇宁","ISTK":0,"ZCMC":"1-8周","YPSJDD":"1-8周 星期三 第11节-第13节 马区东-弘毅楼-207","XF":1,"SKXQ":3,"XNXQDM":"2024-2025-2","KCM":"创业理论与创业管理","JASDM":"0101020207","JXLDM":"010103","JXBID":"20242-07474","SKBJ":"公选-07474","TYXMDM":null,"KCH":"10076121147"},{"KKDWDM":"007","XS":24,"BYBZ":"0","JSJC":8,"XXXQDM":"01","KXH":"01","KSJC":6,"XKZRS":27,"SKZC":"11111111","SKJS":"郭冠伦,魏明锐","ISTK":0,"ZCMC":"1-8周","YPSJDD":"1-8周 星期三 第6节-第8节 马区东-弘毅楼-207","XF":1,"SKXQ":3,"XNXQDM":"2024-2025-2","KCM":"汽车发动机排放与控制B","JASDM":"0101020207","JXLDM":"010103","JXBID":"20242-03712","SKBJ":"能源2201,能源zy2201","TYXMDM":null,"KCH":"10075117048"},{"KKDWDM":"007","XS":24,"BYBZ":"0","JSJC":10,"XXXQDM":"01","KXH":"02","KSJC":9,"XKZRS":70,"SKZC":"111111100000000000000000","SKJS":"孙胜男,江涛","ISTK":0,"ZCMC":"1-7周","YPSJDD":"1-7周 星期一 第9节-第10节 马区东-弘毅楼-207","XF":1,"SKXQ":1,"XNXQDM":"2024-2025-2","KCM":"汽车车身艺术设计","JASDM":"0101020207","JXLDM":"010103","JXBID":"20242-03693","SKBJ":"车辆2203-04","TYXMDM":null,"KCH":"10075121060"},{"KKDWDM":"007","XS":24,"BYBZ":"0","JSJC":5,"XXXQDM":"01","KXH":"02","KSJC":3,"XKZRS":72,"SKZC":"111111000000000000000000","SKJS":"余晨光","ISTK":0,"ZCMC":"1-6周","YPSJDD":"7周 星期三 第3节-第4节 马区东-弘毅楼-207,1-6周 星期三 第3节-第5节 马区东-弘毅楼-207","XF":1,"SKXQ":3,"XNXQDM":"2024-2025-2","KCM":"汽车自动变速技术","JASDM":"0101020207","JXLDM":"010103","JXBID":"20242-03037","SKBJ":"车辆2201-02","TYXMDM":null,"KCH":"10075121001"},{"KKDWDM":"013","XS":32,"BYBZ":"0","JSJC":2,"XXXQDM":"01","KXH":"01","KSJC":1,"XKZRS":29,"SKZC":"111110000000000000000000000000","SKJS":"罗晶,蔡振华","ISTK":0,"ZCMC":"1-5周","YPSJDD":"1-5周 星期五 第1节-第2节 马区东-弘毅楼-207,1-8周 星期三 第9节-第10节 马区东-致远楼-303,7-8周 星期五 第1节-第2节 马区东-弘毅楼-207,9周 星期日 第1节-第2节 马区东-弘毅楼-207","XF":2,"SKXQ":5,"XNXQDM":"2024-2025-2","KCM":"仿生机器人","JASDM":"0101020207","JXLDM":"010103","JXBID":"20242-02105","SKBJ":"机器人2201-02,自动化2201-05,自动化zy2201","TYXMDM":null,"KCH":"10135121023"},{"KKDWDM":"013","XS":32,"BYBZ":"0","JSJC":2,"XXXQDM":"01","KXH":"01","KSJC":1,"XKZRS":29,"SKZC":"000000110000000000000000000000","SKJS":"罗晶,蔡振华","ISTK":0,"ZCMC":"7-8周","YPSJDD":"1-5周 星期五 第1节-第2节 马区东-弘毅楼-207,1-8周 星期三 第9节-第10节 马区东-致远楼-303,7-8周 星期五 第1节-第2节 马区东-弘毅楼-207,9周 星期日 第1节-第2节 马区东-弘毅楼-207","XF":2,"SKXQ":5,"XNXQDM":"2024-2025-2","KCM":"仿生机器人","JASDM":"0101020207","JXLDM":"010103","JXBID":"20242-02105","SKBJ":"机器人2201-02,自动化2201-05,自动化zy2201","TYXMDM":null,"KCH":"10135121023"},{"KKDWDM":"007","XS":24,"BYBZ":"0","JSJC":4,"XXXQDM":"01","KXH":"02","KSJC":3,"XKZRS":72,"SKZC":"000000100000000000000000","SKJS":"余晨光","ISTK":0,"ZCMC":"7周","YPSJDD":"7周 星期三 第3节-第4节 马区东-弘毅楼-207,1-6周 星期三 第3节-第5节 马区东-弘毅楼-207","XF":1,"SKXQ":3,"XNXQDM":"2024-2025-2","KCM":"汽车自动变速技术","JASDM":"0101020207","JXLDM":"010103","JXBID":"20242-03037","SKBJ":"车辆2201-02","TYXMDM":null,"KCH":"10075121001"},{"KKDWDM":"007","XS":24,"BYBZ":"0","JSJC":2,"XXXQDM":"01","KXH":"01","KSJC":1,"XKZRS":67,"SKZC":"000000001111110000000000000000","SKJS":"杨天麒","ISTK":0,"ZCMC":"9-14周","YPSJDD":"9-14周 星期二 第1节-第2节 马区东-弘毅楼-207,11-15周 星期四 第1节-第2节 马区东-弘毅楼-207,9周 星期四 第1节-第2节 马区东-弘毅楼-207","XF":1,"SKXQ":2,"XNXQDM":"2024-2025-2","KCM":"现代汽车流体传动","JASDM":"0101020207","JXLDM":"010103","JXBID":"20242-02311","SKBJ":"汽服2201-02","TYXMDM":null,"KCH":"10075121020"},{"KKDWDM":"007","XS":24,"BYBZ":"0","JSJC":10,"XXXQDM":"01","KXH":"02","KSJC":9,"XKZRS":55,"SKZC":"000000001100000000000000000000","SKJS":"孙胜男,杜小芳,王晓丽,田哲文","ISTK":0,"ZCMC":"9-10周","YPSJDD":"16-17周 星期一 第9节-第10节 马区东-弘毅楼-207,12-14周 星期一 第9节-第10节 马区东-弘毅楼-207,17周 星期二 第9节-第10节 马区东-弘毅楼-207,9-10周 星期一 第9节-第10节 马区东-弘毅楼-207","XF":1,"SKXQ":1,"XNXQDM":"2024-2025-2","KCM":"整车开发与项目管理","JASDM":"0101020207","JXLDM":"010103","JXBID":"20242-02872","SKBJ":"车辆2203,车辆gcgj2201","TYXMDM":null,"KCH":"10074117120"},{"KKDWDM":"007","XS":24,"BYBZ":"0","JSJC":2,"XXXQDM":"01","KXH":"01","KSJC":1,"XKZRS":67,"SKZC":"000000001000000000000000000000","SKJS":"杨天麒","ISTK":0,"ZCMC":"9周","YPSJDD":"9-14周 星期二 第1节-第2节 马区东-弘毅楼-207,11-15周 星期四 第1节-第2节 马区东-弘毅楼-207,9周 星期四 第1节-第2节 马区东-弘毅楼-207","XF":1,"SKXQ":4,"XNXQDM":"2024-2025-2","KCM":"现代汽车流体传动","JASDM":"0101020207","JXLDM":"010103","JXBID":"20242-02311","SKBJ":"汽服2201-02","TYXMDM":null,"KCH":"10075121020"},{"KKDWDM":"013","XS":32,"BYBZ":"0","JSJC":2,"XXXQDM":"01","KXH":"01","KSJC":1,"XKZRS":29,"SKZC":"000000001000000000000000000000","SKJS":"罗晶,蔡振华","ISTK":0,"ZCMC":"9周","YPSJDD":"1-5周 星期五 第1节-第2节 马区东-弘毅楼-207,1-8周 星期三 第9节-第10节 马区东-致远楼-303,7-8周 星期五 第1节-第2节 马区东-弘毅楼-207,9周 星期日 第1节-第2节 马区东-弘毅楼-207","XF":2,"SKXQ":7,"XNXQDM":"2024-2025-2","KCM":"仿生机器人","JASDM":"0101020207","JXLDM":"010103","JXBID":"20242-02105","SKBJ":"机器人2201-02,自动化2201-05,自动化zy2201","TYXMDM":null,"KCH":"10135121023"},{"KKDWDM":"007","XS":24,"BYBZ":"0","JSJC":10,"XXXQDM":"01","KXH":"04","KSJC":9,"XKZRS":41,"SKZC":"000000001000000000000000000000","SKJS":"孙胜男,杜小芳,王晓丽,田哲文","ISTK":0,"ZCMC":"9周","YPSJDD":"17周 星期三 第9节-第10节 马区东-弘毅楼-207,11-16周 星期五 第9节-第10节 马区东-弘毅楼-207,9周 星期五 第9节-第10节 马区东-弘毅楼-207","XF":1,"SKXQ":5,"XNXQDM":"2024-2025-2","KCM":"整车开发与项目管理","JASDM":"0101020207","JXLDM":"010103","JXBID":"20242-11171","SKBJ":"车辆2201,车辆zy2201","TYXMDM":null,"KCH":"10074117120"},{"KKDWDM":"007","XS":24,"BYBZ":"0","JSJC":10,"XXXQDM":"01","KXH":"04","KSJC":9,"XKZRS":41,"SKZC":"000000000011111100000000000000","SKJS":"孙胜男,杜小芳,王晓丽,田哲文","ISTK":0,"ZCMC":"11-16周","YPSJDD":"17周 星期三 第9节-第10节 马区东-弘毅楼-207,11-16周 星期五 第9节-第10节 马区东-弘毅楼-207,9周 星期五 第9节-第10节 马区东-弘毅楼-207","XF":1,"SKXQ":5,"XNXQDM":"2024-2025-2","KCM":"整车开发与项目管理","JASDM":"0101020207","JXLDM":"010103","JXBID":"20242-11171","SKBJ":"车辆2201,车辆zy2201","TYXMDM":null,"KCH":"10074117120"},{"KKDWDM":"007","XS":24,"BYBZ":"0","JSJC":2,"XXXQDM":"01","KXH":"01","KSJC":1,"XKZRS":67,"SKZC":"000000000011111000000000000000","SKJS":"杨天麒","ISTK":0,"ZCMC":"11-15周","YPSJDD":"9-14周 星期二 第1节-第2节 马区东-弘毅楼-207,11-15周 星期四 第1节-第2节 马区东-弘毅楼-207,9周 星期四 第1节-第2节 马区东-弘毅楼-207","XF":1,"SKXQ":4,"XNXQDM":"2024-2025-2","KCM":"现代汽车流体传动","JASDM":"0101020207","JXLDM":"010103","JXBID":"20242-02311","SKBJ":"汽服2201-02","TYXMDM":null,"KCH":"10075121020"},{"KKDWDM":"007","XS":24,"BYBZ":"0","JSJC":10,"XXXQDM":"01","KXH":"02","KSJC":9,"XKZRS":55,"SKZC":"000000000001110000000000000000","SKJS":"孙胜男,杜小芳,王晓丽,田哲文","ISTK":0,"ZCMC":"12-14周","YPSJDD":"16-17周 星期一 第9节-第10节 马区东-弘毅楼-207,12-14周 星期一 第9节-第10节 马区东-弘毅楼-207,17周 星期二 第9节-第10节 马区东-弘毅楼-207,9-10周 星期一 第9节-第10节 马区东-弘毅楼-207","XF":1,"SKXQ":1,"XNXQDM":"2024-2025-2","KCM":"整车开发与项目管理","JASDM":"0101020207","JXLDM":"010103","JXBID":"20242-02872","SKBJ":"车辆2203,车辆gcgj2201","TYXMDM":null,"KCH":"10074117120"},{"KKDWDM":"007","XS":48,"BYBZ":"0","JSJC":8,"XXXQDM":"01","KXH":"02","KSJC":6,"XKZRS":51,"SKZC":"000000000001110000000000000000","SKJS":"汪怡平","ISTK":0,"ZCMC":"12-14周","YPSJDD":"12-14周 星期一 第6节-第8节 马区东-弘毅楼-207,1-10周 星期一 第6节-第8节 马区东-弘毅楼-207,17周 星期二 第6节-第8节 马区东-弘毅楼-207,16-17周 星期一 第6节-第8节 马区东-弘毅楼-207","XF":3,"SKXQ":1,"XNXQDM":"2024-2025-2","KCM":"汽车理论E","JASDM":"0101020207","JXLDM":"010103","JXBID":"20242-02895","SKBJ":"车辆2206","TYXMDM":null,"KCH":"10074117122"},{"KKDWDM":"007","XS":32,"BYBZ":"0","JSJC":4,"XXXQDM":"01","KXH":"01","KSJC":3,"XKZRS":56,"SKZC":"000000000001000000000000","SKJS":"邹斌","ISTK":0,"ZCMC":"12周","YPSJDD":"12周 星期四 第3节-第4节 马区东-弘毅楼-207,1-9周,11周 星期四 第3节-第5节 马区东-弘毅楼-207","XF":2,"SKXQ":4,"XNXQDM":"2024-2025-2","KCM":"智能车辆控制基础","JASDM":"0101020207","JXLDM":"010103","JXBID":"20242-02813","SKBJ":"能源2201,能源zy2201","TYXMDM":null,"KCH":"10075121034"},{"KKDWDM":"007","XS":40,"BYBZ":"0","JSJC":7,"XXXQDM":"01","KXH":"01","KSJC":6,"XKZRS":60,"SKZC":"000000000000110000000000","SKJS":"卢炽华,张佩","ISTK":0,"ZCMC":"13-14周","YPSJDD":"13-14周 星期二 第6节-第7节 马区东-弘毅楼-207,1-12周 星期二 第6节-第8节 马区东-弘毅楼-207","XF":2,"SKXQ":2,"XNXQDM":"2024-2025-2","KCM":"电动汽车设计基础","JASDM":"0101020207","JXLDM":"010103","JXBID":"20242-02864","SKBJ":"能源2202-03","TYXMDM":null,"KCH":"10075121038"},{"KKDWDM":"007","XS":48,"BYBZ":"0","JSJC":8,"XXXQDM":"01","KXH":"02","KSJC":6,"XKZRS":51,"SKZC":"000000000000000110000000000000","SKJS":"汪怡平","ISTK":0,"ZCMC":"16-17周","YPSJDD":"12-14周 星期一 第6节-第8节 马区东-弘毅楼-207,1-10周 星期一 第6节-第8节 马区东-弘毅楼-207,17周 星期二 第6节-第8节 马区东-弘毅楼-207,16-17周 星期一 第6节-第8节 马区东-弘毅楼-207","XF":3,"SKXQ":1,"XNXQDM":"2024-2025-2","KCM":"汽车理论E","JASDM":"0101020207","JXLDM":"010103","JXBID":"20242-02895","SKBJ":"车辆2206","TYXMDM":null,"KCH":"10074117122"},{"KKDWDM":"007","XS":24,"BYBZ":"0","JSJC":10,"XXXQDM":"01","KXH":"02","KSJC":9,"XKZRS":55,"SKZC":"000000000000000110000000000000","SKJS":"孙胜男,杜小芳,王晓丽,田哲文","ISTK":0,"ZCMC":"16-17周","YPSJDD":"16-17周 星期一 第9节-第10节 马区东-弘毅楼-207,12-14周 星期一 第9节-第10节 马区东-弘毅楼-207,17周 星期二 第9节-第10节 马区东-弘毅楼-207,9-10周 星期一 第9节-第10节 马区东-弘毅楼-207","XF":1,"SKXQ":1,"XNXQDM":"2024-2025-2","KCM":"整车开发与项目管理","JASDM":"0101020207","JXLDM":"010103","JXBID":"20242-02872","SKBJ":"车辆2203,车辆gcgj2201","TYXMDM":null,"KCH":"10074117120"},{"KKDWDM":"007","XS":48,"BYBZ":"0","JSJC":8,"XXXQDM":"01","KXH":"02","KSJC":6,"XKZRS":51,"SKZC":"000000000000000010000000000000","SKJS":"汪怡平","ISTK":0,"ZCMC":"17周","YPSJDD":"12-14周 星期一 第6节-第8节 马区东-弘毅楼-207,1-10周 星期一 第6节-第8节 马区东-弘毅楼-207,17周 星期二 第6节-第8节 马区东-弘毅楼-207,16-17周 星期一 第6节-第8节 马区东-弘毅楼-207","XF":3,"SKXQ":2,"XNXQDM":"2024-2025-2","KCM":"汽车理论E","JASDM":"0101020207","JXLDM":"010103","JXBID":"20242-02895","SKBJ":"车辆2206","TYXMDM":null,"KCH":"10074117122"},{"KKDWDM":"007","XS":24,"BYBZ":"0","JSJC":10,"XXXQDM":"01","KXH":"04","KSJC":9,"XKZRS":41,"SKZC":"000000000000000010000000000000","SKJS":"孙胜男,杜小芳,王晓丽,田哲文","ISTK":0,"ZCMC":"17周","YPSJDD":"17周 星期三 第9节-第10节 马区东-弘毅楼-207,11-16周 星期五 第9节-第10节 马区东-弘毅楼-207,9周 星期五 第9节-第10节 马区东-弘毅楼-207","XF":1,"SKXQ":3,"XNXQDM":"2024-2025-2","KCM":"整车开发与项目管理","JASDM":"0101020207","JXLDM":"010103","JXBID":"20242-11171","SKBJ":"车辆2201,车辆zy2201","TYXMDM":null,"KCH":"10074117120"},{"KKDWDM":"007","XS":24,"BYBZ":"0","JSJC":10,"XXXQDM":"01","KXH":"02","KSJC":9,"XKZRS":55,"SKZC":"000000000000000010000000000000","SKJS":"孙胜男,杜小芳,王晓丽,田哲文","ISTK":0,"ZCMC":"17周","YPSJDD":"16-17周 星期一 第9节-第10节 马区东-弘毅楼-207,12-14周 星期一 第9节-第10节 马区东-弘毅楼-207,17周 星期二 第9节-第10节 马区东-弘毅楼-207,9-10周 星期一 第9节-第10节 马区东-弘毅楼-207","XF":1,"SKXQ":2,"XNXQDM":"2024-2025-2","KCM":"整车开发与项目管理","JASDM":"0101020207","JXLDM":"010103","JXBID":"20242-02872","SKBJ":"车辆2203,车辆gcgj2201","TYXMDM":null,"KCH":"10074117120"}]}},"code":"0"}