{"datas":{"jaskcb":{"extParams":{"code":1,"msg":"查询成功"},"pageSize":0,"pageNumber":0,"totalSize":-1,"rows":[{"KKDWDM":null,"XS":null,"BYBZ":"3","JSJC":4,"XXXQDM":null,"KXH":null,"KSJC":3,"XKZRS":null,"SKZC":"111111111111111110000000000000","SKJS":"张紫芸","ISTK":0,"ZCMC":"1-17周","YPSJDD":null,"XF":null,"SKXQ":5,"XNXQDM":"2024-2025-2","KCM":"纪律与申述措施","JASDM":"0101030317","JXLDM":null,"JXBID":null,"SKBJ":"HRM2304","TYXMDM":null,"KCH":"20244124066"},{"KKDWDM":null,"XS":null,"BYBZ":"3","JSJC":7,"XXXQDM":null,"KXH":null,"KSJC":6,"XKZRS":null,"SKZC":"111111111111111110000000000000","SKJS":"周超霞","ISTK":0,"ZCMC":"1-17周","YPSJDD":null,"XF":null,"SKXQ":1,"XNXQDM":"2024-2025-2","KCM":"商务会计导论","JASDM":"0101030317","JXLDM":null,"JXBID":null,"SKBJ":"GTB2302","TYXMDM":null,"KCH":"20244124075"},{"KKDWDM":null,"XS":null,"BYBZ":"3","JSJC":2,"XXXQDM":null,"KXH":null,"KSJC":1,"XKZRS":null,"SKZC":"111111111111111110000000000000","SKJS":"周超霞","ISTK":0,"ZCMC":"1-17周","YPSJDD":null,"XF":null,"SKXQ":4,"XNXQDM":"2024-2025-2","KCM":"商务会计导论","JASDM":"0101030317","JXLDM":null,"JXBID":null,"SKBJ":"GTB2303","TYXMDM":null,"KCH":"20244124075"},{"KKDWDM":null,"XS":null,"BYBZ":"3","JSJC":2,"XXXQDM":null,"KXH":null,"KSJC":1,"XKZRS":null,"SKZC":"111111111111111110000000000000","SKJS":"周欣","ISTK":0,"ZCMC":"1-17周","YPSJDD":null,"XF":null,"SKXQ":1,"XNXQDM":"2024-2025-2","KCM":"新兴技术商务基础","JASDM":"0101030317","JXLDM":null,"JXBID":null,"SKBJ":"GTB2301","TYXMDM":null,"KCH":"20244124077"},{"KKDWDM":null,"XS":null,"BYBZ":"3","JSJC":8,"XXXQDM":null,"KXH":null,"KSJC":6,"XKZRS":null,"SKZC":"111111111111111110000000000000","SKJS":"董婷","ISTK":0,"ZCMC":"1-17周","YPSJDD":null,"XF":null,"SKXQ":5,"XNXQDM":"2024-2025-2","KCM":"经济学：微宏观经济学","JASDM":"0101030317","JXLDM":null,"JXBID":null,"SKBJ":"GTB2302","TYXMDM":null,"KCH":"20244124079"},{"KKDWDM":null,"XS":null,"BYBZ":"3","JSJC":4,"XXXQDM":null,"KXH":null,"KSJC":3,"XKZRS":null,"SKZC":"111111111111111110000000000000","SKJS":"李昊佳","ISTK":0,"ZCMC":"1-17周","YPSJDD":null,"XF":null,"SKXQ":1,"XNXQDM":"2024-2025-2","KCM":"人力与组织管理","JASDM":"0101030317","JXLDM":null,"JXBID":null,"SKBJ":"GTB2301","TYXMDM":null,"KCH":"20244124097"},{"KKDWDM":null,"XS":null,"BYBZ":"3","JSJC":10,"XXXQDM":null,"KXH":null,"KSJC":9,"XKZRS":null,"SKZC":"111111111111111110000000000000","SKJS":"游思源","ISTK":0,"ZCMC":"1-17周","YPSJDD":null,"XF":null,"SKXQ":5,"XNXQDM":"2024-2025-2","KCM":"商务沟通技巧","JASDM":"0101030317","JXLDM":null,"JXBID":null,"SKBJ":"GTB2302","TYXMDM":null,"KCH":"20244124098"},{"KKDWDM":null,"XS":null,"BYBZ":"3","JSJC":2,"XXXQDM":null,"KXH":null,"KSJC":1,"XKZRS":null,"SKZC":"111111111111111110000000000000","SKJS":"张维","ISTK":0,"ZCMC":"1-17周","YPSJDD":null,"XF":null,"SKXQ":2,"XNXQDM":"2024-2025-2","KCM":"商法导论","JASDM":"0101030317","JXLDM":null,"JXBID":null,"SKBJ":"GTB2302","TYXMDM":null,"KCH":"20244124100"},{"KKDWDM":null,"XS":null,"BYBZ":"3","JSJC":7,"XXXQDM":null,"KXH":null,"KSJC":6,"XKZRS":null,"SKZC":"111111111111111110000000000000","SKJS":"袁明清","ISTK":0,"ZCMC":"1-17周","YPSJDD":null,"XF":null,"SKXQ":3,"XNXQDM":"2024-2025-2","KCM":"国际商务环境：地理环境的影响","JASDM":"0101030317","JXLDM":null,"JXBID":null,"SKBJ":"GTB2301","TYXMDM":null,"KCH":"20244124107"},{"KKDWDM":null,"XS":null,"BYBZ":"3","JSJC":4,"XXXQDM":null,"KXH":null,"KSJC":3,"XKZRS":null,"SKZC":"000000000111111110000000000000","SKJS":"张敏","ISTK":0,"ZCMC":"10-17周","YPSJDD":null,"XF":null,"SKXQ":2,"XNXQDM":"2024-2025-2","KCM":"国际营销导论","JASDM":"0101030317","JXLDM":null,"JXBID":null,"SKBJ":"GTB2302","TYXMDM":null,"KCH":"20244124110"},{"KKDWDM":null,"XS":null,"BYBZ":"3","JSJC":7,"XXXQDM":null,"KXH":null,"KSJC":6,"XKZRS":null,"SKZC":"000000000111111110000000000000","SKJS":"张敏","ISTK":0,"ZCMC":"10-17周","YPSJDD":null,"XF":null,"SKXQ":2,"XNXQDM":"2024-2025-2","KCM":"国际营销导论","JASDM":"0101030317","JXLDM":null,"JXBID":null,"SKBJ":"GTB2303","TYXMDM":null,"KCH":"20244124110"}]}},"code":"0"}