{"datas":{"jaskcb":{"extParams":{"code":1,"msg":"查询成功"},"pageSize":0,"pageNumber":0,"totalSize":-1,"rows":[{"KKDWDM":null,"XS":null,"BYBZ":"1","JSJC":13,"XXXQDM":null,"KXH":null,"KSJC":11,"XKZRS":null,"SKZC":"000000000111111000000000000000","SKJS":"郭巍","ISTK":0,"ZCMC":"10-15周","YPSJDD":null,"XF":null,"SKXQ":3,"XNXQDM":"2024-2025-2","KCM":"汽车全寿命周期理论和技术","JASDM":"0101060106","JXLDM":null,"JXBID":null,"SKBJ":null,"TYXMDM":null,"KCH":"60070223004"},{"KKDWDM":null,"XS":null,"BYBZ":"1","JSJC":5,"XXXQDM":null,"KXH":null,"KSJC":3,"XKZRS":null,"SKZC":"000000000111111000000000000000","SKJS":"郭巍","ISTK":0,"ZCMC":"10-15周","YPSJDD":null,"XF":null,"SKXQ":4,"XNXQDM":"2024-2025-2","KCM":"汽车全寿命周期理论和技术","JASDM":"0101060106","JXLDM":null,"JXBID":null,"SKBJ":null,"TYXMDM":null,"KCH":"60070223004"},{"KKDWDM":null,"XS":null,"BYBZ":"1","JSJC":5,"XXXQDM":null,"KXH":null,"KSJC":3,"XKZRS":null,"SKZC":"011111100000000000000000000000","SKJS":"朱大虎","ISTK":0,"ZCMC":"2-7周","YPSJDD":null,"XF":null,"SKXQ":1,"XNXQDM":"2024-2025-2","KCM":"汽车智能制造","JASDM":"0101060106","JXLDM":null,"JXBID":null,"SKBJ":null,"TYXMDM":null,"KCH":"60070223005"},{"KKDWDM":null,"XS":null,"BYBZ":"1","JSJC":13,"XXXQDM":null,"KXH":null,"KSJC":11,"XKZRS":null,"SKZC":"011111100000000000000000000000","SKJS":"朱大虎","ISTK":0,"ZCMC":"2-7周","YPSJDD":null,"XF":null,"SKXQ":1,"XNXQDM":"2024-2025-2","KCM":"汽车智能制造","JASDM":"0101060106","JXLDM":null,"JXBID":null,"SKBJ":null,"TYXMDM":null,"KCH":"60070223005"},{"KKDWDM":null,"XS":null,"BYBZ":"1","JSJC":5,"XXXQDM":null,"KXH":null,"KSJC":3,"XKZRS":null,"SKZC":"111111111111111111110000000000","SKJS":"易艳","ISTK":0,"ZCMC":"1-20周","YPSJDD":null,"XF":null,"SKXQ":2,"XNXQDM":"2024-2025-2","KCM":"马克思主义基本原理专题","JASDM":"0101060106","JXLDM":null,"JXBID":null,"SKBJ":null,"TYXMDM":null,"KCH":"60210324001"}]}},"code":"0"}