{"datas":{"jaskcb":{"extParams":{"code":1,"msg":"查询成功"},"pageSize":0,"pageNumber":0,"totalSize":-1,"rows":[{"KKDWDM":"007","XS":48,"BYBZ":"0","JSJC":5,"XXXQDM":"01","KXH":"07","KSJC":3,"XKZRS":73,"SKZC":"111111111101110110000000000000","SKJS":"余晨光,王军彦","ISTK":0,"ZCMC":"1-10周,12-14周,16-17周","YPSJDD":"17周 星期二 第3节-第5节 马区东-弘毅楼-101,1-10周,12-14周,16-17周 星期一 第3节-第5节 马区东-弘毅楼-101","XF":3,"SKXQ":1,"XNXQDM":"2024-2025-2","KCM":"汽车理论E","JASDM":"0101020101","JXLDM":"010102","JXBID":"20242-11163","SKBJ":"车辆2205,车辆zy2201","TYXMDM":null,"KCH":"10074117122"},{"KKDWDM":"007","XS":16,"BYBZ":"0","JSJC":2,"XXXQDM":"01","KXH":"06","KSJC":1,"XKZRS":84,"SKZC":"111111110000000000000000000000","SKJS":"喻厚宇,黄妙华","ISTK":0,"ZCMC":"1-8周","YPSJDD":"1-8周 星期一 第1节-第2节 马区东-弘毅楼-101","XF":1,"SKXQ":1,"XNXQDM":"2024-2025-2","KCM":"汽车创新设计A","JASDM":"0101020101","JXLDM":"010102","JXBID":"20242-11427","SKBJ":"车辆2203-04","TYXMDM":null,"KCH":"10075117017"},{"KKDWDM":"007","XS":16,"BYBZ":"0","JSJC":10,"XXXQDM":"01","KXH":"08","KSJC":9,"XKZRS":120,"SKZC":"111111110000000000000000000000","SKJS":"喻厚宇,黄妙华","ISTK":0,"ZCMC":"1-8周","YPSJDD":"1-8周 星期一 第9节-第10节 马区东-弘毅楼-101","XF":1,"SKXQ":1,"XNXQDM":"2024-2025-2","KCM":"汽车创新设计A","JASDM":"0101020101","JXLDM":"010102","JXBID":"20242-10990","SKBJ":"车辆2205-06,车辆gcgj2201,车辆zy2201","TYXMDM":null,"KCH":"10075117017"},{"KKDWDM":"021","XS":8,"BYBZ":"0","JSJC":7,"XXXQDM":"01","KXH":"606","KSJC":6,"XKZRS":128,"SKZC":"0000000000001111","SKJS":"李舒妮","ISTK":0,"ZCMC":"13-16周","YPSJDD":"13-16周 星期四 第6节-第7节 马区东-弘毅楼-101","XF":0,"SKXQ":4,"XNXQDM":"2024-2025-2","KCM":"形势与政策","JASDM":"0101020101","JXLDM":"010102","JXBID":"20242-14197","SKBJ":null,"TYXMDM":null,"KCH":"10218121092"},{"KKDWDM":"007","XS":48,"BYBZ":"0","JSJC":5,"XXXQDM":"01","KXH":"07","KSJC":3,"XKZRS":73,"SKZC":"000000000000000010000000000000","SKJS":"余晨光,王军彦","ISTK":0,"ZCMC":"17周","YPSJDD":"17周 星期二 第3节-第5节 马区东-弘毅楼-101,1-10周,12-14周,16-17周 星期一 第3节-第5节 马区东-弘毅楼-101","XF":3,"SKXQ":2,"XNXQDM":"2024-2025-2","KCM":"汽车理论E","JASDM":"0101020101","JXLDM":"010102","JXBID":"20242-11163","SKBJ":"车辆2205,车辆zy2201","TYXMDM":null,"KCH":"10074117122"}]}},"code":"0"}