{"datas":{"jaskcb":{"extParams":{"code":1,"msg":"查询成功"},"pageSize":0,"pageNumber":0,"totalSize":-1,"rows":[{"KKDWDM":"013","XS":40,"BYBZ":"0","JSJC":5,"XXXQDM":"01","KXH":"06","KSJC":3,"XKZRS":123,"SKZC":"111111111100000000000000","SKJS":"周新民","ISTK":0,"ZCMC":"1-10周","YPSJDD":"11周 星期二 第3节-第4节 马区东-致远楼-311,1-10周 星期二 第3节-第5节 马区东-致远楼-311","XF":2,"SKXQ":2,"XNXQDM":"2024-2025-2","KCM":"电器控制与可编程序控制器","JASDM":"0101060311","JXLDM":"010106","JXBID":"20242-10863","SKBJ":"自动化2201-04","TYXMDM":null,"KCH":"10135121029"},{"KKDWDM":"013","XS":40,"BYBZ":"0","JSJC":2,"XXXQDM":"01","KXH":"03","KSJC":1,"XKZRS":123,"SKZC":"000000001100000000000000000000","SKJS":"雷震","ISTK":0,"ZCMC":"9-10周","YPSJDD":"16-17周 星期一 第1节-第2节 马区东-致远楼-311,17周 星期二 第1节-第2节 马区东-致远楼-311,17周 星期三 第1节-第2节 马区东-致远楼-311,11-16周 星期五 第1节-第2节 马区东-致远楼-311,12-14周 星期一 第1节-第2节 马区东-致远楼-311,9周 星期五 第1节-第2节 马区东-致远楼-311,9-10周 星期一 第1节-第2节 马区东-致远楼-311","XF":2,"SKXQ":1,"XNXQDM":"2024-2025-2","KCM":"模式识别概论","JASDM":"0101060311","JXLDM":"010106","JXBID":"20242-10660","SKBJ":"自动化2201-05,自动化zy2201","TYXMDM":null,"KCH":"10135121008"},{"KKDWDM":"013","XS":40,"BYBZ":"0","JSJC":2,"XXXQDM":"01","KXH":"03","KSJC":1,"XKZRS":123,"SKZC":"000000001000000000000000000000","SKJS":"雷震","ISTK":0,"ZCMC":"9周","YPSJDD":"16-17周 星期一 第1节-第2节 马区东-致远楼-311,17周 星期二 第1节-第2节 马区东-致远楼-311,17周 星期三 第1节-第2节 马区东-致远楼-311,11-16周 星期五 第1节-第2节 马区东-致远楼-311,12-14周 星期一 第1节-第2节 马区东-致远楼-311,9周 星期五 第1节-第2节 马区东-致远楼-311,9-10周 星期一 第1节-第2节 马区东-致远楼-311","XF":2,"SKXQ":5,"XNXQDM":"2024-2025-2","KCM":"模式识别概论","JASDM":"0101060311","JXLDM":"010106","JXBID":"20242-10660","SKBJ":"自动化2201-05,自动化zy2201","TYXMDM":null,"KCH":"10135121008"},{"KKDWDM":"013","XS":40,"BYBZ":"0","JSJC":2,"XXXQDM":"01","KXH":"03","KSJC":1,"XKZRS":123,"SKZC":"000000000011111100000000000000","SKJS":"雷震","ISTK":0,"ZCMC":"11-16周","YPSJDD":"16-17周 星期一 第1节-第2节 马区东-致远楼-311,17周 星期二 第1节-第2节 马区东-致远楼-311,17周 星期三 第1节-第2节 马区东-致远楼-311,11-16周 星期五 第1节-第2节 马区东-致远楼-311,12-14周 星期一 第1节-第2节 马区东-致远楼-311,9周 星期五 第1节-第2节 马区东-致远楼-311,9-10周 星期一 第1节-第2节 马区东-致远楼-311","XF":2,"SKXQ":5,"XNXQDM":"2024-2025-2","KCM":"模式识别概论","JASDM":"0101060311","JXLDM":"010106","JXBID":"20242-10660","SKBJ":"自动化2201-05,自动化zy2201","TYXMDM":null,"KCH":"10135121008"},{"KKDWDM":"013","XS":40,"BYBZ":"0","JSJC":4,"XXXQDM":"01","KXH":"06","KSJC":3,"XKZRS":123,"SKZC":"000000000010000000000000","SKJS":"周新民","ISTK":0,"ZCMC":"11周","YPSJDD":"11周 星期二 第3节-第4节 马区东-致远楼-311,1-10周 星期二 第3节-第5节 马区东-致远楼-311","XF":2,"SKXQ":2,"XNXQDM":"2024-2025-2","KCM":"电器控制与可编程序控制器","JASDM":"0101060311","JXLDM":"010106","JXBID":"20242-10863","SKBJ":"自动化2201-04","TYXMDM":null,"KCH":"10135121029"},{"KKDWDM":"013","XS":40,"BYBZ":"0","JSJC":2,"XXXQDM":"01","KXH":"03","KSJC":1,"XKZRS":123,"SKZC":"000000000001110000000000000000","SKJS":"雷震","ISTK":0,"ZCMC":"12-14周","YPSJDD":"16-17周 星期一 第1节-第2节 马区东-致远楼-311,17周 星期二 第1节-第2节 马区东-致远楼-311,17周 星期三 第1节-第2节 马区东-致远楼-311,11-16周 星期五 第1节-第2节 马区东-致远楼-311,12-14周 星期一 第1节-第2节 马区东-致远楼-311,9周 星期五 第1节-第2节 马区东-致远楼-311,9-10周 星期一 第1节-第2节 马区东-致远楼-311","XF":2,"SKXQ":1,"XNXQDM":"2024-2025-2","KCM":"模式识别概论","JASDM":"0101060311","JXLDM":"010106","JXBID":"20242-10660","SKBJ":"自动化2201-05,自动化zy2201","TYXMDM":null,"KCH":"10135121008"},{"KKDWDM":"013","XS":40,"BYBZ":"0","JSJC":2,"XXXQDM":"01","KXH":"03","KSJC":1,"XKZRS":123,"SKZC":"000000000000000110000000000000","SKJS":"雷震","ISTK":0,"ZCMC":"16-17周","YPSJDD":"16-17周 星期一 第1节-第2节 马区东-致远楼-311,17周 星期二 第1节-第2节 马区东-致远楼-311,17周 星期三 第1节-第2节 马区东-致远楼-311,11-16周 星期五 第1节-第2节 马区东-致远楼-311,12-14周 星期一 第1节-第2节 马区东-致远楼-311,9周 星期五 第1节-第2节 马区东-致远楼-311,9-10周 星期一 第1节-第2节 马区东-致远楼-311","XF":2,"SKXQ":1,"XNXQDM":"2024-2025-2","KCM":"模式识别概论","JASDM":"0101060311","JXLDM":"010106","JXBID":"20242-10660","SKBJ":"自动化2201-05,自动化zy2201","TYXMDM":null,"KCH":"10135121008"},{"KKDWDM":"013","XS":40,"BYBZ":"0","JSJC":2,"XXXQDM":"01","KXH":"03","KSJC":1,"XKZRS":123,"SKZC":"000000000000000010000000000000","SKJS":"雷震","ISTK":0,"ZCMC":"17周","YPSJDD":"16-17周 星期一 第1节-第2节 马区东-致远楼-311,17周 星期二 第1节-第2节 马区东-致远楼-311,17周 星期三 第1节-第2节 马区东-致远楼-311,11-16周 星期五 第1节-第2节 马区东-致远楼-311,12-14周 星期一 第1节-第2节 马区东-致远楼-311,9周 星期五 第1节-第2节 马区东-致远楼-311,9-10周 星期一 第1节-第2节 马区东-致远楼-311","XF":2,"SKXQ":2,"XNXQDM":"2024-2025-2","KCM":"模式识别概论","JASDM":"0101060311","JXLDM":"010106","JXBID":"20242-10660","SKBJ":"自动化2201-05,自动化zy2201","TYXMDM":null,"KCH":"10135121008"},{"KKDWDM":"013","XS":40,"BYBZ":"0","JSJC":2,"XXXQDM":"01","KXH":"03","KSJC":1,"XKZRS":123,"SKZC":"000000000000000010000000000000","SKJS":"雷震","ISTK":0,"ZCMC":"17周","YPSJDD":"16-17周 星期一 第1节-第2节 马区东-致远楼-311,17周 星期二 第1节-第2节 马区东-致远楼-311,17周 星期三 第1节-第2节 马区东-致远楼-311,11-16周 星期五 第1节-第2节 马区东-致远楼-311,12-14周 星期一 第1节-第2节 马区东-致远楼-311,9周 星期五 第1节-第2节 马区东-致远楼-311,9-10周 星期一 第1节-第2节 马区东-致远楼-311","XF":2,"SKXQ":3,"XNXQDM":"2024-2025-2","KCM":"模式识别概论","JASDM":"0101060311","JXLDM":"010106","JXBID":"20242-10660","SKBJ":"自动化2201-05,自动化zy2201","TYXMDM":null,"KCH":"10135121008"},{"KKDWDM":null,"XS":null,"BYBZ":"1","JSJC":5,"XXXQDM":null,"KXH":null,"KSJC":3,"XKZRS":null,"SKZC":"000001111111111110000000000000","SKJS":"刘佳宜","ISTK":0,"ZCMC":"6-17周","YPSJDD":null,"XF":null,"SKXQ":1,"XNXQDM":"2024-2025-2","KCM":"物联网与未来网络技术（A）","JASDM":"0101060311","JXLDM":null,"JXBID":null,"SKBJ":null,"TYXMDM":null,"KCH":"40110323013"},{"KKDWDM":null,"XS":null,"BYBZ":"1","JSJC":5,"XXXQDM":null,"KXH":null,"KSJC":3,"XKZRS":null,"SKZC":"000001111111111110000000000000","SKJS":"刘佳宜","ISTK":0,"ZCMC":"6-17周","YPSJDD":null,"XF":null,"SKXQ":1,"XNXQDM":"2024-2025-2","KCM":"物联网与未来网络技术","JASDM":"0101060311","JXLDM":null,"JXBID":null,"SKBJ":null,"TYXMDM":null,"KCH":"50110323011"}]}},"code":"0"}