{"datas":{"jaskcb":{"extParams":{"code":1,"msg":"查询成功"},"pageSize":0,"pageNumber":0,"totalSize":-1,"rows":[{"KKDWDM":null,"XS":null,"BYBZ":"3","JSJC":9,"XXXQDM":null,"KXH":null,"KSJC":6,"XKZRS":null,"SKZC":"000000011111111000000000000000","SKJS":null,"ISTK":0,"ZCMC":"8-15周","YPSJDD":null,"XF":null,"SKXQ":1,"XNXQDM":"2024-2025-2","KCM":"定格动画","JASDM":"0101060407","JXLDM":null,"JXBID":null,"SKBJ":"数媒2302","TYXMDM":null,"KCH":"20244124029"},{"KKDWDM":null,"XS":null,"BYBZ":"3","JSJC":9,"XXXQDM":null,"KXH":null,"KSJC":6,"XKZRS":null,"SKZC":"000000011111111000000000000000","SKJS":null,"ISTK":0,"ZCMC":"8-15周","YPSJDD":null,"XF":null,"SKXQ":5,"XNXQDM":"2024-2025-2","KCM":"定格动画","JASDM":"0101060407","JXLDM":null,"JXBID":null,"SKBJ":"数媒2302","TYXMDM":null,"KCH":"20244124029"}]}},"code":"0"}