{"datas":{"jaskcb":{"extParams":{"code":1,"msg":"查询成功"},"pageSize":0,"pageNumber":0,"totalSize":-1,"rows":[{"KKDWDM":"007","XS":48,"BYBZ":"0","JSJC":5,"XXXQDM":"01","KXH":"01","KSJC":3,"XKZRS":35,"SKZC":"11111111","SKJS":"杜小芳","ISTK":0,"ZCMC":"1-8周","YPSJDD":"1-8周 星期二 第3节-第5节 马区东-致远楼-208,1-8周 星期四 第3节-第5节 马区东-致远楼-208","XF":3,"SKXQ":2,"XNXQDM":"2024-2025-2","KCM":"汽车制造工艺学A","JASDM":"0101060208","JXLDM":"010106","JXBID":"20242-03974","SKBJ":"车辆2204","TYXMDM":null,"KCH":"10075117086"},{"KKDWDM":"007","XS":24,"BYBZ":"0","JSJC":8,"XXXQDM":"01","KXH":"01","KSJC":6,"XKZRS":34,"SKZC":"11111111","SKJS":"柴方,赵娟,闫飞","ISTK":0,"ZCMC":"1-8周","YPSJDD":"1-8周 星期二 第6节-第8节 马区东-致远楼-208","XF":1,"SKXQ":2,"XNXQDM":"2024-2025-2","KCM":"热工与流体力学基础","JASDM":"0101060208","JXLDM":"010106","JXBID":"20242-02402","SKBJ":"汽服2202","TYXMDM":null,"KCH":"10075121028"},{"KKDWDM":"007","XS":48,"BYBZ":"0","JSJC":5,"XXXQDM":"01","KXH":"01","KSJC":3,"XKZRS":35,"SKZC":"11111111","SKJS":"杜小芳","ISTK":0,"ZCMC":"1-8周","YPSJDD":"1-8周 星期二 第3节-第5节 马区东-致远楼-208,1-8周 星期四 第3节-第5节 马区东-致远楼-208","XF":3,"SKXQ":4,"XNXQDM":"2024-2025-2","KCM":"汽车制造工艺学A","JASDM":"0101060208","JXLDM":"010106","JXBID":"20242-03974","SKBJ":"车辆2204","TYXMDM":null,"KCH":"10075117086"},{"KKDWDM":"023","XS":40,"BYBZ":"0","JSJC":7,"XXXQDM":"01","KXH":"02","KSJC":6,"XKZRS":21,"SKZC":"000000001111111000000000000000","SKJS":"吕伟,罗险峰","ISTK":0,"ZCMC":"9-15周","YPSJDD":"9周,11-16周 星期五 第6节-第7节 马区东-致远楼-208,9-15周 星期三 第6节-第7节 马区东-致远楼-208","XF":2,"SKXQ":3,"XNXQDM":"2024-2025-2","KCM":"社会网络分析","JASDM":"0101060208","JXLDM":"010106","JXBID":"20242-02793","SKBJ":"应急2201","TYXMDM":null,"KCH":"10235117023"},{"KKDWDM":"023","XS":40,"BYBZ":"0","JSJC":7,"XXXQDM":"01","KXH":"02","KSJC":6,"XKZRS":21,"SKZC":"000000001011111100000000000000","SKJS":"吕伟,罗险峰","ISTK":0,"ZCMC":"9周,11-16周","YPSJDD":"9周,11-16周 星期五 第6节-第7节 马区东-致远楼-208,9-15周 星期三 第6节-第7节 马区东-致远楼-208","XF":2,"SKXQ":5,"XNXQDM":"2024-2025-2","KCM":"社会网络分析","JASDM":"0101060208","JXLDM":"010106","JXBID":"20242-02793","SKBJ":"应急2201","TYXMDM":null,"KCH":"10235117023"},{"KKDWDM":null,"XS":null,"BYBZ":"1","JSJC":8,"XXXQDM":null,"KXH":null,"KSJC":6,"XKZRS":null,"SKZC":"001010101000000000000000000000","SKJS":"张峻豪","ISTK":0,"ZCMC":"3-9周(单)","YPSJDD":null,"XF":null,"SKXQ":1,"XNXQDM":"2024-2025-2","KCM":"社会政策分析","JASDM":"0101060208","JXLDM":null,"JXBID":null,"SKBJ":null,"TYXMDM":null,"KCH":"50220224033"},{"KKDWDM":null,"XS":null,"BYBZ":"1","JSJC":10,"XXXQDM":null,"KXH":null,"KSJC":6,"XKZRS":null,"SKZC":"010101010100000000000000000000","SKJS":"张峻豪","ISTK":0,"ZCMC":"2-10周(双)","YPSJDD":null,"XF":null,"SKXQ":1,"XNXQDM":"2024-2025-2","KCM":"社会政策分析","JASDM":"0101060208","JXLDM":null,"JXBID":null,"SKBJ":null,"TYXMDM":null,"KCH":"50220224033"},{"KKDWDM":null,"XS":null,"BYBZ":"1","JSJC":5,"XXXQDM":null,"KXH":null,"KSJC":3,"XKZRS":null,"SKZC":"011111100000000000000000000000","SKJS":"杨海峰","ISTK":0,"ZCMC":"2-7周","YPSJDD":null,"XF":null,"SKXQ":1,"XNXQDM":"2024-2025-2","KCM":"汉语语言要素教学","JASDM":"0101060208","JXLDM":null,"JXBID":null,"SKBJ":null,"TYXMDM":null,"KCH":"50220524076"},{"KKDWDM":null,"XS":null,"BYBZ":"1","JSJC":5,"XXXQDM":null,"KXH":null,"KSJC":3,"XKZRS":null,"SKZC":"011111100000000000000000000000","SKJS":"杨海峰","ISTK":0,"ZCMC":"2-7周","YPSJDD":null,"XF":null,"SKXQ":3,"XNXQDM":"2024-2025-2","KCM":"汉语语言要素教学","JASDM":"0101060208","JXLDM":null,"JXBID":null,"SKBJ":null,"TYXMDM":null,"KCH":"50220524076"}]}},"code":"0"}