{"datas":{"jaskcb":{"extParams":{"code":1,"msg":"查询成功"},"pageSize":0,"pageNumber":0,"totalSize":-1,"rows":[{"KKDWDM":"023","XS":56,"BYBZ":"0","JSJC":5,"XXXQDM":"01","KXH":"01","KSJC":3,"XKZRS":76,"SKZC":"111111111111000000000000","SKJS":"刘丹,覃梦娇,赵不钒","ISTK":0,"ZCMC":"1-12周","YPSJDD":"13-14周 星期三 第3节-第4节 马区东-弘毅楼-415,1-12周 星期三 第3节-第5节 马区东-弘毅楼-415","XF":3,"SKXQ":3,"XNXQDM":"2024-2025-2","KCM":"大数据与机器学习","JASDM":"0101030415","JXLDM":"010103","JXBID":"20242-02390","SKBJ":"数管2201-03","TYXMDM":null,"KCH":"10234121083"},{"KKDWDM":"023","XS":56,"BYBZ":"0","JSJC":4,"XXXQDM":"01","KXH":"01","KSJC":3,"XKZRS":76,"SKZC":"000000000000110000000000","SKJS":"刘丹,覃梦娇,赵不钒","ISTK":0,"ZCMC":"13-14周","YPSJDD":"13-14周 星期三 第3节-第4节 马区东-弘毅楼-415,1-12周 星期三 第3节-第5节 马区东-弘毅楼-415","XF":3,"SKXQ":3,"XNXQDM":"2024-2025-2","KCM":"大数据与机器学习","JASDM":"0101030415","JXLDM":"010103","JXBID":"20242-02390","SKBJ":"数管2201-03","TYXMDM":null,"KCH":"10234121083"},{"KKDWDM":null,"XS":null,"BYBZ":"3","JSJC":6,"XXXQDM":null,"KXH":null,"KSJC":6,"XKZRS":null,"SKZC":"000010000000000000000000000000","SKJS":null,"ISTK":0,"ZCMC":"5周","YPSJDD":null,"XF":null,"SKXQ":4,"XNXQDM":"2024-2025-2","KCM":"商务沟通技巧","JASDM":"0101030415","JXLDM":null,"JXBID":null,"SKBJ":"F2303","TYXMDM":null,"KCH":"20244124098"}]}},"code":"0"}