{"datas":{"jaskcb":{"extParams":{"code":1,"msg":"查询成功"},"pageSize":0,"pageNumber":0,"totalSize":-1,"rows":[{"KKDWDM":null,"XS":null,"BYBZ":"3","JSJC":9,"XXXQDM":null,"KXH":null,"KSJC":6,"XKZRS":null,"SKZC":"000100000000000000000000000000","SKJS":"应晓玥","ISTK":0,"ZCMC":"4周","YPSJDD":null,"XF":null,"SKXQ":6,"XNXQDM":"2024-2025-2","KCM":"外教指导21级车辆国教学生毕业论文，主要包括格式、英语语法及文献引用方面","JASDM":"0101030606","JXLDM":null,"JXBID":null,"SKBJ":null,"TYXMDM":null,"KCH":null},{"KKDWDM":null,"XS":null,"BYBZ":"3","JSJC":9,"XXXQDM":null,"KXH":null,"KSJC":6,"XKZRS":null,"SKZC":"000010010000000000000000000000","SKJS":"应晓玥","ISTK":0,"ZCMC":"5周,8周","YPSJDD":null,"XF":null,"SKXQ":6,"XNXQDM":"2024-2025-2","KCM":"外教指导21级车辆国教学生毕业论文，主要包括格式、英语语法及文献引用方面；外教 要求安排在东院教四409","JASDM":"0101030606","JXLDM":null,"JXBID":null,"SKBJ":null,"TYXMDM":null,"KCH":null},{"KKDWDM":null,"XS":null,"BYBZ":"3","JSJC":5,"XXXQDM":null,"KXH":null,"KSJC":5,"XKZRS":null,"SKZC":"000100000000000000000000000000","SKJS":"应晓玥","ISTK":0,"ZCMC":"4周","YPSJDD":null,"XF":null,"SKXQ":7,"XNXQDM":"2024-2025-2","KCM":"外教指导21级车辆国教学生毕业论文，主要包括格式、英语语法及文献引用方面；外教 要求安排在东院教四409","JASDM":"0101030606","JXLDM":null,"JXBID":null,"SKBJ":null,"TYXMDM":null,"KCH":null},{"KKDWDM":null,"XS":null,"BYBZ":"3","JSJC":9,"XXXQDM":null,"KXH":null,"KSJC":6,"XKZRS":null,"SKZC":"000010000000000000000000000000","SKJS":"应晓玥","ISTK":0,"ZCMC":"5周","YPSJDD":null,"XF":null,"SKXQ":7,"XNXQDM":"2024-2025-2","KCM":"外教指导21级车辆国教学生毕业论文，主要包括格式、英语语法及文献引用方面；外教 要求安排在东院教四409","JASDM":"0101030606","JXLDM":null,"JXBID":null,"SKBJ":null,"TYXMDM":null,"KCH":null},{"KKDWDM":null,"XS":null,"BYBZ":"3","JSJC":2,"XXXQDM":null,"KXH":null,"KSJC":1,"XKZRS":null,"SKZC":"011111111111111100000000000000","SKJS":"Robert Mansfield Coates","ISTK":0,"ZCMC":"2-16周","YPSJDD":null,"XF":null,"SKXQ":1,"XNXQDM":"2024-2025-2","KCM":"高级口语","JASDM":"0101030606","JXLDM":null,"JXBID":null,"SKBJ":"GTB2302","TYXMDM":null,"KCH":"20241124001"},{"KKDWDM":null,"XS":null,"BYBZ":"3","JSJC":4,"XXXQDM":null,"KXH":null,"KSJC":3,"XKZRS":null,"SKZC":"000011000000000000000000000000","SKJS":"刘秋频","ISTK":0,"ZCMC":"5-6周","YPSJDD":null,"XF":null,"SKXQ":2,"XNXQDM":"2024-2025-2","KCM":"财务信息记录【集中重修】","JASDM":"0101030606","JXLDM":null,"JXBID":null,"SKBJ":"集中重修","TYXMDM":null,"KCH":"20244124071"},{"KKDWDM":null,"XS":null,"BYBZ":"3","JSJC":4,"XXXQDM":null,"KXH":null,"KSJC":3,"XKZRS":null,"SKZC":"000000000111111110000000000000","SKJS":"周欣","ISTK":0,"ZCMC":"10-17周","YPSJDD":null,"XF":null,"SKXQ":2,"XNXQDM":"2024-2025-2","KCM":"商务信息技术：电子制表","JASDM":"0101030606","JXLDM":null,"JXBID":null,"SKBJ":"HRM2301","TYXMDM":null,"KCH":"20244124073"},{"KKDWDM":null,"XS":null,"BYBZ":"3","JSJC":4,"XXXQDM":null,"KXH":null,"KSJC":3,"XKZRS":null,"SKZC":"111111111111111110000000000000","SKJS":"周超霞","ISTK":0,"ZCMC":"1-17周","YPSJDD":null,"XF":null,"SKXQ":4,"XNXQDM":"2024-2025-2","KCM":"商务会计导论","JASDM":"0101030606","JXLDM":null,"JXBID":null,"SKBJ":"GTB2305","TYXMDM":null,"KCH":"20244124075"},{"KKDWDM":null,"XS":null,"BYBZ":"3","JSJC":7,"XXXQDM":null,"KXH":null,"KSJC":6,"XKZRS":null,"SKZC":"111111111111111110000000000000","SKJS":"周欣","ISTK":0,"ZCMC":"1-17周","YPSJDD":null,"XF":null,"SKXQ":3,"XNXQDM":"2024-2025-2","KCM":"新兴技术商务基础","JASDM":"0101030606","JXLDM":null,"JXBID":null,"SKBJ":"GTB2302","TYXMDM":null,"KCH":"20244124077"},{"KKDWDM":null,"XS":null,"BYBZ":"3","JSJC":8,"XXXQDM":null,"KXH":null,"KSJC":6,"XKZRS":null,"SKZC":"111111111111111110000000000000","SKJS":"刘欢","ISTK":0,"ZCMC":"1-17周","YPSJDD":null,"XF":null,"SKXQ":5,"XNXQDM":"2024-2025-2","KCM":"经济学：微宏观经济学","JASDM":"0101030606","JXLDM":null,"JXBID":null,"SKBJ":"GTB2303","TYXMDM":null,"KCH":"20244124079"},{"KKDWDM":null,"XS":null,"BYBZ":"3","JSJC":11,"XXXQDM":null,"KXH":null,"KSJC":9,"XKZRS":null,"SKZC":"000110000000000000000000000000","SKJS":"魏剑昆","ISTK":0,"ZCMC":"4-5周","YPSJDD":null,"XF":null,"SKXQ":1,"XNXQDM":"2024-2025-2","KCM":"商务会计【集中重修】","JASDM":"0101030606","JXLDM":null,"JXBID":null,"SKBJ":"集中重修","TYXMDM":null,"KCH":"20244124087"},{"KKDWDM":null,"XS":null,"BYBZ":"3","JSJC":4,"XXXQDM":null,"KXH":null,"KSJC":3,"XKZRS":null,"SKZC":"111111111111111110000000000000","SKJS":"祁琳琳","ISTK":0,"ZCMC":"1-17周","YPSJDD":null,"XF":null,"SKXQ":1,"XNXQDM":"2024-2025-2","KCM":"人力与组织管理","JASDM":"0101030606","JXLDM":null,"JXBID":null,"SKBJ":"GTB2302","TYXMDM":null,"KCH":"20244124097"},{"KKDWDM":null,"XS":null,"BYBZ":"3","JSJC":7,"XXXQDM":null,"KXH":null,"KSJC":6,"XKZRS":null,"SKZC":"111111111111111110000000000000","SKJS":"张紫芸","ISTK":0,"ZCMC":"1-17周","YPSJDD":null,"XF":null,"SKXQ":1,"XNXQDM":"2024-2025-2","KCM":"商务沟通技巧","JASDM":"0101030606","JXLDM":null,"JXBID":null,"SKBJ":"GTB2304","TYXMDM":null,"KCH":"20244124098"},{"KKDWDM":null,"XS":null,"BYBZ":"3","JSJC":2,"XXXQDM":null,"KXH":null,"KSJC":1,"XKZRS":null,"SKZC":"111111111111111110000000000000","SKJS":"关景耘","ISTK":0,"ZCMC":"1-17周","YPSJDD":null,"XF":null,"SKXQ":2,"XNXQDM":"2024-2025-2","KCM":"商务沟通技巧","JASDM":"0101030606","JXLDM":null,"JXBID":null,"SKBJ":"HRM2301","TYXMDM":null,"KCH":"20244124098"},{"KKDWDM":null,"XS":null,"BYBZ":"3","JSJC":7,"XXXQDM":null,"KXH":null,"KSJC":6,"XKZRS":null,"SKZC":"111111111111111110000000000000","SKJS":"张维","ISTK":0,"ZCMC":"1-17周","YPSJDD":null,"XF":null,"SKXQ":2,"XNXQDM":"2024-2025-2","KCM":"商法导论","JASDM":"0101030606","JXLDM":null,"JXBID":null,"SKBJ":"GTB2304","TYXMDM":null,"KCH":"20244124100"},{"KKDWDM":null,"XS":null,"BYBZ":"3","JSJC":4,"XXXQDM":null,"KXH":null,"KSJC":3,"XKZRS":null,"SKZC":"111111111111111110000000000000","SKJS":"张维","ISTK":0,"ZCMC":"1-17周","YPSJDD":null,"XF":null,"SKXQ":3,"XNXQDM":"2024-2025-2","KCM":"商法导论","JASDM":"0101030606","JXLDM":null,"JXBID":null,"SKBJ":"GTB2305","TYXMDM":null,"KCH":"20244124100"},{"KKDWDM":null,"XS":null,"BYBZ":"3","JSJC":10,"XXXQDM":null,"KXH":null,"KSJC":9,"XKZRS":null,"SKZC":"000000000111111110000000000000","SKJS":"张敏","ISTK":0,"ZCMC":"10-17周","YPSJDD":null,"XF":null,"SKXQ":3,"XNXQDM":"2024-2025-2","KCM":"国际营销导论","JASDM":"0101030606","JXLDM":null,"JXBID":null,"SKBJ":"GTB2302","TYXMDM":null,"KCH":"20244124110"},{"KKDWDM":null,"XS":null,"BYBZ":"3","JSJC":10,"XXXQDM":null,"KXH":null,"KSJC":9,"XKZRS":null,"SKZC":"000000000111111110000000000000","SKJS":"张敏","ISTK":0,"ZCMC":"10-17周","YPSJDD":null,"XF":null,"SKXQ":2,"XNXQDM":"2024-2025-2","KCM":"国际营销导论","JASDM":"0101030606","JXLDM":null,"JXBID":null,"SKBJ":"GTB2304","TYXMDM":null,"KCH":"20244124110"},{"KKDWDM":null,"XS":null,"BYBZ":"3","JSJC":2,"XXXQDM":null,"KXH":null,"KSJC":1,"XKZRS":null,"SKZC":"000000000111111110000000000000","SKJS":"张敏","ISTK":0,"ZCMC":"10-17周","YPSJDD":null,"XF":null,"SKXQ":4,"XNXQDM":"2024-2025-2","KCM":"国际营销导论","JASDM":"0101030606","JXLDM":null,"JXBID":null,"SKBJ":"GTB2305","TYXMDM":null,"KCH":"20244124110"},{"KKDWDM":null,"XS":null,"BYBZ":"3","JSJC":4,"XXXQDM":null,"KXH":null,"KSJC":3,"XKZRS":null,"SKZC":"111111111111111110000000000000","SKJS":"刘灿","ISTK":0,"ZCMC":"1-17周","YPSJDD":null,"XF":null,"SKXQ":5,"XNXQDM":"2024-2025-2","KCM":"国际贸易惯例","JASDM":"0101030606","JXLDM":null,"JXBID":null,"SKBJ":"GTB2304","TYXMDM":null,"KCH":"20244124111"},{"KKDWDM":null,"XS":null,"BYBZ":"3","JSJC":2,"XXXQDM":null,"KXH":null,"KSJC":1,"XKZRS":null,"SKZC":"000000111100000000000000000000","SKJS":"周欣","ISTK":0,"ZCMC":"7-10周","YPSJDD":null,"XF":null,"SKXQ":3,"XNXQDM":"2024-2025-2","KCM":"国际贸易：分等级考试 1","JASDM":"0101030606","JXLDM":null,"JXBID":null,"SKBJ":"GTB2305","TYXMDM":null,"KCH":"20244124112"},{"KKDWDM":null,"XS":null,"BYBZ":"3","JSJC":2,"XXXQDM":null,"KXH":null,"KSJC":1,"XKZRS":null,"SKZC":"111111000000000000000000000000","SKJS":"张馨","ISTK":0,"ZCMC":"1-6周","YPSJDD":null,"XF":null,"SKXQ":3,"XNXQDM":"2024-2025-2","KCM":"国际贸易：分等级考试 1","JASDM":"0101030606","JXLDM":null,"JXBID":null,"SKBJ":"GTB2305","TYXMDM":null,"KCH":"20244124112"},{"KKDWDM":null,"XS":null,"BYBZ":"3","JSJC":2,"XXXQDM":null,"KXH":null,"KSJC":1,"XKZRS":null,"SKZC":"000000000011110000000000000000","SKJS":"肖潇","ISTK":0,"ZCMC":"11-14周","YPSJDD":null,"XF":null,"SKXQ":3,"XNXQDM":"2024-2025-2","KCM":"国际贸易：分等级考试 1","JASDM":"0101030606","JXLDM":null,"JXBID":null,"SKBJ":"GTB2305","TYXMDM":null,"KCH":"20244124112"}]}},"code":"0"}