{"datas":{"jaskcb":{"extParams":{"code":1,"msg":"查询成功"},"pageSize":0,"pageNumber":0,"totalSize":-1,"rows":[{"KKDWDM":null,"XS":null,"BYBZ":"3","JSJC":8,"XXXQDM":null,"KXH":null,"KSJC":6,"XKZRS":null,"SKZC":"001000000000000000000000000000","SKJS":"王照地","ISTK":0,"ZCMC":"3周","YPSJDD":null,"XF":null,"SKXQ":4,"XNXQDM":"2024-2025-2","KCM":"每周四政治理论学习","JASDM":"0101030306","JXLDM":null,"JXBID":null,"SKBJ":null,"TYXMDM":null,"KCH":null},{"KKDWDM":null,"XS":null,"BYBZ":"3","JSJC":9,"XXXQDM":null,"KXH":null,"KSJC":6,"XKZRS":null,"SKZC":"000100000000000000000000000000","SKJS":"应晓玥","ISTK":0,"ZCMC":"4周","YPSJDD":null,"XF":null,"SKXQ":2,"XNXQDM":"2024-2025-2","KCM":"外教外教指导21级车辆工程国教学生毕业论文，主要包括格式、英语语法及文献引用方面","JASDM":"0101030306","JXLDM":null,"JXBID":null,"SKBJ":null,"TYXMDM":null,"KCH":null},{"KKDWDM":null,"XS":null,"BYBZ":"3","JSJC":2,"XXXQDM":null,"KXH":null,"KSJC":1,"XKZRS":null,"SKZC":"111111111111111110000000000000","SKJS":null,"ISTK":0,"ZCMC":"1-17周","YPSJDD":null,"XF":null,"SKXQ":3,"XNXQDM":"2024-2025-2","KCM":"阅读与写作","JASDM":"0101030306","JXLDM":null,"JXBID":null,"SKBJ":"GTB2301","TYXMDM":null,"KCH":"20243124013"},{"KKDWDM":null,"XS":null,"BYBZ":"3","JSJC":10,"XXXQDM":null,"KXH":null,"KSJC":9,"XKZRS":null,"SKZC":"111111111111111110000000000000","SKJS":"刘秋频","ISTK":0,"ZCMC":"1-17周","YPSJDD":null,"XF":null,"SKXQ":3,"XNXQDM":"2024-2025-2","KCM":"财务信息记录","JASDM":"0101030306","JXLDM":null,"JXBID":null,"SKBJ":"A2302","TYXMDM":null,"KCH":"20244124071"},{"KKDWDM":null,"XS":null,"BYBZ":"3","JSJC":4,"XXXQDM":null,"KXH":null,"KSJC":3,"XKZRS":null,"SKZC":"111111111111111110000000000000","SKJS":"刘秋频","ISTK":0,"ZCMC":"1-17周","YPSJDD":null,"XF":null,"SKXQ":5,"XNXQDM":"2024-2025-2","KCM":"财务信息记录","JASDM":"0101030306","JXLDM":null,"JXBID":null,"SKBJ":"A2303","TYXMDM":null,"KCH":"20244124071"},{"KKDWDM":null,"XS":null,"BYBZ":"3","JSJC":7,"XXXQDM":null,"KXH":null,"KSJC":6,"XKZRS":null,"SKZC":"000000000111111110000000000000","SKJS":"蒋嘉惠","ISTK":0,"ZCMC":"10-17周","YPSJDD":null,"XF":null,"SKXQ":3,"XNXQDM":"2024-2025-2","KCM":"商务信息技术：电子制表","JASDM":"0101030306","JXLDM":null,"JXBID":null,"SKBJ":"A2302","TYXMDM":null,"KCH":"20244124073"},{"KKDWDM":null,"XS":null,"BYBZ":"3","JSJC":7,"XXXQDM":null,"KXH":null,"KSJC":6,"XKZRS":null,"SKZC":"000000000111111110000000000000","SKJS":"周欣","ISTK":0,"ZCMC":"10-17周","YPSJDD":null,"XF":null,"SKXQ":1,"XNXQDM":"2024-2025-2","KCM":"商务信息技术：电子制表","JASDM":"0101030306","JXLDM":null,"JXBID":null,"SKBJ":"A2303","TYXMDM":null,"KCH":"20244124073"},{"KKDWDM":null,"XS":null,"BYBZ":"3","JSJC":7,"XXXQDM":null,"KXH":null,"KSJC":6,"XKZRS":null,"SKZC":"000000000111111110000000000000","SKJS":"关景耘","ISTK":0,"ZCMC":"10-17周","YPSJDD":null,"XF":null,"SKXQ":2,"XNXQDM":"2024-2025-2","KCM":"商务信息技术：电子制表","JASDM":"0101030306","JXLDM":null,"JXBID":null,"SKBJ":"A2304","TYXMDM":null,"KCH":"20244124073"},{"KKDWDM":null,"XS":null,"BYBZ":"3","JSJC":4,"XXXQDM":null,"KXH":null,"KSJC":3,"XKZRS":null,"SKZC":"111111111111111110000000000000","SKJS":"周超霞","ISTK":0,"ZCMC":"1-17周","YPSJDD":null,"XF":null,"SKXQ":3,"XNXQDM":"2024-2025-2","KCM":"商务会计导论","JASDM":"0101030306","JXLDM":null,"JXBID":null,"SKBJ":"GTB2301","TYXMDM":null,"KCH":"20244124075"},{"KKDWDM":null,"XS":null,"BYBZ":"3","JSJC":8,"XXXQDM":null,"KXH":null,"KSJC":6,"XKZRS":null,"SKZC":"111111111111111110000000000000","SKJS":"刘秋频","ISTK":0,"ZCMC":"1-17周","YPSJDD":null,"XF":null,"SKXQ":5,"XNXQDM":"2024-2025-2","KCM":"经济学：微宏观经济学","JASDM":"0101030306","JXLDM":null,"JXBID":null,"SKBJ":"A2303","TYXMDM":null,"KCH":"20244124079"},{"KKDWDM":null,"XS":null,"BYBZ":"3","JSJC":4,"XXXQDM":null,"KXH":null,"KSJC":3,"XKZRS":null,"SKZC":"111111111111111110000000000000","SKJS":"张馨","ISTK":0,"ZCMC":"1-17周","YPSJDD":null,"XF":null,"SKXQ":1,"XNXQDM":"2024-2025-2","KCM":"客户服务文化构建","JASDM":"0101030306","JXLDM":null,"JXBID":null,"SKBJ":"A2302","TYXMDM":null,"KCH":"20244124095"},{"KKDWDM":null,"XS":null,"BYBZ":"3","JSJC":2,"XXXQDM":null,"KXH":null,"KSJC":1,"XKZRS":null,"SKZC":"111111111111111110000000000000","SKJS":"张馨","ISTK":0,"ZCMC":"1-17周","YPSJDD":null,"XF":null,"SKXQ":2,"XNXQDM":"2024-2025-2","KCM":"客户服务文化构建","JASDM":"0101030306","JXLDM":null,"JXBID":null,"SKBJ":"A2303","TYXMDM":null,"KCH":"20244124095"},{"KKDWDM":null,"XS":null,"BYBZ":"3","JSJC":4,"XXXQDM":null,"KXH":null,"KSJC":3,"XKZRS":null,"SKZC":"111111111111111110000000000000","SKJS":"张静娴","ISTK":0,"ZCMC":"1-17周","YPSJDD":null,"XF":null,"SKXQ":4,"XNXQDM":"2024-2025-2","KCM":"财政预算","JASDM":"0101030306","JXLDM":null,"JXBID":null,"SKBJ":"A2302","TYXMDM":null,"KCH":"20244124096"},{"KKDWDM":null,"XS":null,"BYBZ":"3","JSJC":10,"XXXQDM":null,"KXH":null,"KSJC":9,"XKZRS":null,"SKZC":"000000000000000100000000000000","SKJS":"张静娴","ISTK":0,"ZCMC":"16周","YPSJDD":null,"XF":null,"SKXQ":1,"XNXQDM":"2024-2025-2","KCM":"财政预算(调课)","JASDM":"0101030306","JXLDM":null,"JXBID":null,"SKBJ":"HRM2301","TYXMDM":null,"KCH":"20244124096"},{"KKDWDM":null,"XS":null,"BYBZ":"3","JSJC":4,"XXXQDM":null,"KXH":null,"KSJC":3,"XKZRS":null,"SKZC":"111111111111111110000000000000","SKJS":"王小丹","ISTK":0,"ZCMC":"1-17周","YPSJDD":null,"XF":null,"SKXQ":2,"XNXQDM":"2024-2025-2","KCM":"人力与组织管理","JASDM":"0101030306","JXLDM":null,"JXBID":null,"SKBJ":"A2303","TYXMDM":null,"KCH":"20244124097"},{"KKDWDM":null,"XS":null,"BYBZ":"3","JSJC":2,"XXXQDM":null,"KXH":null,"KSJC":1,"XKZRS":null,"SKZC":"111111111111111110000000000000","SKJS":"张维","ISTK":0,"ZCMC":"1-17周","YPSJDD":null,"XF":null,"SKXQ":4,"XNXQDM":"2024-2025-2","KCM":"商法导论","JASDM":"0101030306","JXLDM":null,"JXBID":null,"SKBJ":"A2302","TYXMDM":null,"KCH":"20244124100"},{"KKDWDM":null,"XS":null,"BYBZ":"3","JSJC":10,"XXXQDM":null,"KXH":null,"KSJC":9,"XKZRS":null,"SKZC":"111111111111111110000000000000","SKJS":"张维","ISTK":0,"ZCMC":"1-17周","YPSJDD":null,"XF":null,"SKXQ":5,"XNXQDM":"2024-2025-2","KCM":"商法导论","JASDM":"0101030306","JXLDM":null,"JXBID":null,"SKBJ":"A2303","TYXMDM":null,"KCH":"20244124100"}]}},"code":"0"}