{"datas":{"jaskcb":{"extParams":{"code":1,"msg":"查询成功"},"pageSize":0,"pageNumber":0,"totalSize":-1,"rows":[{"KKDWDM":null,"XS":null,"BYBZ":"3","JSJC":7,"XXXQDM":null,"KXH":null,"KSJC":6,"XKZRS":null,"SKZC":"000000000011110000000000000000","SKJS":"肖潇","ISTK":0,"ZCMC":"11-14周","YPSJDD":null,"XF":null,"SKXQ":1,"XNXQDM":"2024-2025-2","KCM":"人力资源：分等级考试 1","JASDM":"0101030308","JXLDM":null,"JXBID":null,"SKBJ":"HRM2303,HRM2304","TYXMDM":null,"KCH":"20244124063"},{"KKDWDM":null,"XS":null,"BYBZ":"3","JSJC":7,"XXXQDM":null,"KXH":null,"KSJC":6,"XKZRS":null,"SKZC":"000000111100000000000000000000","SKJS":"蒋嘉惠","ISTK":0,"ZCMC":"7-10周","YPSJDD":null,"XF":null,"SKXQ":1,"XNXQDM":"2024-2025-2","KCM":"人力资源：分等级考试 1","JASDM":"0101030308","JXLDM":null,"JXBID":null,"SKBJ":"HRM2303,HRM2304","TYXMDM":null,"KCH":"20244124063"},{"KKDWDM":null,"XS":null,"BYBZ":"3","JSJC":10,"XXXQDM":null,"KXH":null,"KSJC":9,"XKZRS":null,"SKZC":"000000000011110000000000000000","SKJS":"张馨","ISTK":0,"ZCMC":"11-14周","YPSJDD":null,"XF":null,"SKXQ":1,"XNXQDM":"2024-2025-2","KCM":"人力资源：分等级考试 1","JASDM":"0101030308","JXLDM":null,"JXBID":null,"SKBJ":"HRM2303,HRM2304","TYXMDM":null,"KCH":"20244124063"},{"KKDWDM":null,"XS":null,"BYBZ":"3","JSJC":10,"XXXQDM":null,"KXH":null,"KSJC":9,"XKZRS":null,"SKZC":"000000111100000000000000000000","SKJS":"廖生潇","ISTK":0,"ZCMC":"7-10周","YPSJDD":null,"XF":null,"SKXQ":1,"XNXQDM":"2024-2025-2","KCM":"人力资源：分等级考试 1","JASDM":"0101030308","JXLDM":null,"JXBID":null,"SKBJ":"HRM2303,HRM2304","TYXMDM":null,"KCH":"20244124063"},{"KKDWDM":null,"XS":null,"BYBZ":"3","JSJC":10,"XXXQDM":null,"KXH":null,"KSJC":9,"XKZRS":null,"SKZC":"000000000011110000000000000000","SKJS":"李殊琦","ISTK":0,"ZCMC":"11-14周","YPSJDD":null,"XF":null,"SKXQ":1,"XNXQDM":"2024-2025-2","KCM":"人力资源：分等级考试 1","JASDM":"0101030308","JXLDM":null,"JXBID":null,"SKBJ":"HRM2303,HRM2304","TYXMDM":null,"KCH":"20244124063"},{"KKDWDM":null,"XS":null,"BYBZ":"3","JSJC":10,"XXXQDM":null,"KXH":null,"KSJC":9,"XKZRS":null,"SKZC":"111111000000000000000000000000","SKJS":"王小丹","ISTK":0,"ZCMC":"1-6周","YPSJDD":null,"XF":null,"SKXQ":1,"XNXQDM":"2024-2025-2","KCM":"人力资源：分等级考试 1","JASDM":"0101030308","JXLDM":null,"JXBID":null,"SKBJ":"HRM2303,HRM2304","TYXMDM":null,"KCH":"20244124063"},{"KKDWDM":null,"XS":null,"BYBZ":"3","JSJC":8,"XXXQDM":null,"KXH":null,"KSJC":6,"XKZRS":null,"SKZC":"000010000000000000000000000000","SKJS":null,"ISTK":0,"ZCMC":"5周","YPSJDD":null,"XF":null,"SKXQ":4,"XNXQDM":"2024-2025-2","KCM":"决策管理会计","JASDM":"0101030308","JXLDM":null,"JXBID":null,"SKBJ":"A2201","TYXMDM":null,"KCH":"20244124068"},{"KKDWDM":null,"XS":null,"BYBZ":"3","JSJC":7,"XXXQDM":null,"KXH":null,"KSJC":6,"XKZRS":null,"SKZC":"000000100000000000000000000000","SKJS":"王小丹","ISTK":0,"ZCMC":"7周","YPSJDD":null,"XF":null,"SKXQ":2,"XNXQDM":"2024-2025-2","KCM":"商务会计：分等级考试 1(调课)","JASDM":"0101030308","JXLDM":null,"JXBID":null,"SKBJ":"A2303,A2304","TYXMDM":null,"KCH":"20244124069"},{"KKDWDM":null,"XS":null,"BYBZ":"3","JSJC":9,"XXXQDM":null,"KXH":null,"KSJC":9,"XKZRS":null,"SKZC":"000010000000000000000000000000","SKJS":null,"ISTK":0,"ZCMC":"5周","YPSJDD":null,"XF":null,"SKXQ":4,"XNXQDM":"2024-2025-2","KCM":"财务报告与分析","JASDM":"0101030308","JXLDM":null,"JXBID":null,"SKBJ":"A2201","TYXMDM":null,"KCH":"20244124072"},{"KKDWDM":null,"XS":null,"BYBZ":"3","JSJC":8,"XXXQDM":null,"KXH":null,"KSJC":6,"XKZRS":null,"SKZC":"000000001000000000000000000000","SKJS":null,"ISTK":0,"ZCMC":"9周","YPSJDD":null,"XF":null,"SKXQ":4,"XNXQDM":"2024-2025-2","KCM":"商务会计导论","JASDM":"0101030308","JXLDM":null,"JXBID":null,"SKBJ":"A2301","TYXMDM":null,"KCH":"20244124075"},{"KKDWDM":null,"XS":null,"BYBZ":"3","JSJC":7,"XXXQDM":null,"KXH":null,"KSJC":6,"XKZRS":null,"SKZC":"000001000000000000000000000000","SKJS":null,"ISTK":0,"ZCMC":"6周","YPSJDD":null,"XF":null,"SKXQ":4,"XNXQDM":"2024-2025-2","KCM":"商务会计","JASDM":"0101030308","JXLDM":null,"JXBID":null,"SKBJ":"F2303","TYXMDM":null,"KCH":"20244124087"},{"KKDWDM":null,"XS":null,"BYBZ":"3","JSJC":6,"XXXQDM":null,"KXH":null,"KSJC":6,"XKZRS":null,"SKZC":"000010000000000000000000000000","SKJS":null,"ISTK":0,"ZCMC":"5周","YPSJDD":null,"XF":null,"SKXQ":4,"XNXQDM":"2024-2025-2","KCM":"商务沟通技巧","JASDM":"0101030308","JXLDM":null,"JXBID":null,"SKBJ":"A2303","TYXMDM":null,"KCH":"20244124098"},{"KKDWDM":null,"XS":null,"BYBZ":"3","JSJC":4,"XXXQDM":null,"KXH":null,"KSJC":3,"XKZRS":null,"SKZC":"111111111111111110000000000000","SKJS":"游思源","ISTK":0,"ZCMC":"1-17周","YPSJDD":null,"XF":null,"SKXQ":2,"XNXQDM":"2024-2025-2","KCM":"商法导论","JASDM":"0101030308","JXLDM":null,"JXBID":null,"SKBJ":"HRM2304","TYXMDM":null,"KCH":"20244124100"}]}},"code":"0"}