{"datas":{"jaskcb":{"extParams":{"code":1,"msg":"查询成功"},"pageSize":0,"pageNumber":0,"totalSize":-1,"rows":[{"KKDWDM":null,"XS":null,"BYBZ":"1","JSJC":5,"XXXQDM":null,"KXH":null,"KSJC":3,"XKZRS":null,"SKZC":"000000010000000000000000000000","SKJS":"黄锋","ISTK":0,"ZCMC":"8周","YPSJDD":null,"XF":null,"SKXQ":3,"XNXQDM":"2024-2025-2","KCM":"车辆噪声及振动控制","JASDM":"0101060102","JXLDM":null,"JXBID":null,"SKBJ":null,"TYXMDM":null,"KCH":"40070323075"},{"KKDWDM":null,"XS":null,"BYBZ":"1","JSJC":5,"XXXQDM":null,"KXH":null,"KSJC":3,"XKZRS":null,"SKZC":"000000010000000000000000000000","SKJS":"黄锋","ISTK":0,"ZCMC":"8周","YPSJDD":null,"XF":null,"SKXQ":4,"XNXQDM":"2024-2025-2","KCM":"车辆噪声及振动控制","JASDM":"0101060102","JXLDM":null,"JXBID":null,"SKBJ":null,"TYXMDM":null,"KCH":"40070323075"},{"KKDWDM":null,"XS":null,"BYBZ":"1","JSJC":13,"XXXQDM":null,"KXH":null,"KSJC":9,"XKZRS":null,"SKZC":"011111100000000000000000000000","SKJS":"黄锋","ISTK":0,"ZCMC":"2-7周","YPSJDD":null,"XF":null,"SKXQ":5,"XNXQDM":"2024-2025-2","KCM":"车辆噪声及振动控制","JASDM":"0101060102","JXLDM":null,"JXBID":null,"SKBJ":null,"TYXMDM":null,"KCH":"40070323075"},{"KKDWDM":null,"XS":null,"BYBZ":"1","JSJC":10,"XXXQDM":null,"KXH":null,"KSJC":9,"XKZRS":null,"SKZC":"111111111111111111110000000000","SKJS":"陈鹏","ISTK":0,"ZCMC":"1-20周","YPSJDD":null,"XF":null,"SKXQ":3,"XNXQDM":"2024-2025-2","KCM":"马克思学院专业外语","JASDM":"0101060102","JXLDM":null,"JXBID":null,"SKBJ":null,"TYXMDM":null,"KCH":"40210224004"},{"KKDWDM":null,"XS":null,"BYBZ":"1","JSJC":5,"XXXQDM":null,"KXH":null,"KSJC":3,"XKZRS":null,"SKZC":"000111111111000000000000000000","SKJS":"吴琳","ISTK":0,"ZCMC":"4-12周","YPSJDD":null,"XF":null,"SKXQ":2,"XNXQDM":"2024-2025-2","KCM":"哲学基本问题与方法","JASDM":"0101060102","JXLDM":null,"JXBID":null,"SKBJ":null,"TYXMDM":null,"KCH":"40210224013"},{"KKDWDM":null,"XS":null,"BYBZ":"1","JSJC":5,"XXXQDM":null,"KXH":null,"KSJC":3,"XKZRS":null,"SKZC":"001111111110000000000000000000","SKJS":"余佳,孙德忠,彭肖建,杨海波,陈亚立,陈明益","ISTK":0,"ZCMC":"3-11周","YPSJDD":null,"XF":null,"SKXQ":7,"XNXQDM":"2024-2025-2","KCM":"哲学学科前沿问题","JASDM":"0101060102","JXLDM":null,"JXBID":null,"SKBJ":null,"TYXMDM":null,"KCH":"40210224014"},{"KKDWDM":null,"XS":null,"BYBZ":"1","JSJC":13,"XXXQDM":null,"KXH":null,"KSJC":11,"XKZRS":null,"SKZC":"111111111111000000000000000000","SKJS":"肖融知","ISTK":0,"ZCMC":"1-12周","YPSJDD":null,"XF":null,"SKXQ":2,"XNXQDM":"2024-2025-2","KCM":"党的学说与党的建设","JASDM":"0101060102","JXLDM":null,"JXBID":null,"SKBJ":null,"TYXMDM":null,"KCH":"40210224024"},{"KKDWDM":null,"XS":null,"BYBZ":"1","JSJC":8,"XXXQDM":null,"KXH":null,"KSJC":6,"XKZRS":null,"SKZC":"001111111111110000000000000000","SKJS":"罗干","ISTK":0,"ZCMC":"3-14周","YPSJDD":null,"XF":null,"SKXQ":5,"XNXQDM":"2024-2025-2","KCM":"中国近现代政治思想史研究","JASDM":"0101060102","JXLDM":null,"JXBID":null,"SKBJ":null,"TYXMDM":null,"KCH":"40210224027"},{"KKDWDM":null,"XS":null,"BYBZ":"1","JSJC":13,"XXXQDM":null,"KXH":null,"KSJC":11,"XKZRS":null,"SKZC":"000011111111111100000000000000","SKJS":"李燕","ISTK":0,"ZCMC":"5-16周","YPSJDD":null,"XF":null,"SKXQ":3,"XNXQDM":"2024-2025-2","KCM":"中国历史文献与史料学","JASDM":"0101060102","JXLDM":null,"JXBID":null,"SKBJ":null,"TYXMDM":null,"KCH":"40210224032"},{"KKDWDM":null,"XS":null,"BYBZ":"1","JSJC":8,"XXXQDM":null,"KXH":null,"KSJC":6,"XKZRS":null,"SKZC":"111111111111000000000000000000","SKJS":"陈鹏","ISTK":0,"ZCMC":"1-12周","YPSJDD":null,"XF":null,"SKXQ":1,"XNXQDM":"2024-2025-2","KCM":"政治学方法论研究专题","JASDM":"0101060102","JXLDM":null,"JXBID":null,"SKBJ":null,"TYXMDM":null,"KCH":"40210324001"},{"KKDWDM":null,"XS":null,"BYBZ":"1","JSJC":8,"XXXQDM":null,"KXH":null,"KSJC":6,"XKZRS":null,"SKZC":"001111111111110000000000000000","SKJS":"孙德忠","ISTK":0,"ZCMC":"3-14周","YPSJDD":null,"XF":null,"SKXQ":4,"XNXQDM":"2024-2025-2","KCM":"马克思主义哲学经典著作研究","JASDM":"0101060102","JXLDM":null,"JXBID":null,"SKBJ":null,"TYXMDM":null,"KCH":"40210324035"},{"KKDWDM":null,"XS":null,"BYBZ":"1","JSJC":5,"XXXQDM":null,"KXH":null,"KSJC":3,"XKZRS":null,"SKZC":"111111111111000000000000000000","SKJS":"陈亚立","ISTK":0,"ZCMC":"1-12周","YPSJDD":null,"XF":null,"SKXQ":5,"XNXQDM":"2024-2025-2","KCM":"现代西方哲学","JASDM":"0101060102","JXLDM":null,"JXBID":null,"SKBJ":null,"TYXMDM":null,"KCH":"40210324046"},{"KKDWDM":null,"XS":null,"BYBZ":"1","JSJC":5,"XXXQDM":null,"KXH":null,"KSJC":3,"XKZRS":null,"SKZC":"000000000000111111000000000000","SKJS":"杨青","ISTK":0,"ZCMC":"13-18周","YPSJDD":null,"XF":null,"SKXQ":2,"XNXQDM":"2024-2025-2","KCM":"管理科学与工程前沿","JASDM":"0101060102","JXLDM":null,"JXBID":null,"SKBJ":null,"TYXMDM":null,"KCH":"40230323014"},{"KKDWDM":null,"XS":null,"BYBZ":"1","JSJC":5,"XXXQDM":null,"KXH":null,"KSJC":3,"XKZRS":null,"SKZC":"011111100000000000000000000000","SKJS":"秦琴","ISTK":0,"ZCMC":"2-7周","YPSJDD":null,"XF":null,"SKXQ":4,"XNXQDM":"2024-2025-2","KCM":"高级社会工作实务","JASDM":"0101060102","JXLDM":null,"JXBID":null,"SKBJ":null,"TYXMDM":null,"KCH":"50220224031"},{"KKDWDM":null,"XS":null,"BYBZ":"1","JSJC":8,"XXXQDM":null,"KXH":null,"KSJC":6,"XKZRS":null,"SKZC":"111111111111000000000000000000","SKJS":"宋英华","ISTK":0,"ZCMC":"1-12周","YPSJDD":null,"XF":null,"SKXQ":3,"XNXQDM":"2024-2025-2","KCM":"国家应急管理战略工程","JASDM":"0101060102","JXLDM":null,"JXBID":null,"SKBJ":null,"TYXMDM":null,"KCH":"60230223002"},{"KKDWDM":null,"XS":null,"BYBZ":"1","JSJC":5,"XXXQDM":null,"KXH":null,"KSJC":3,"XKZRS":null,"SKZC":"111111111111000000000000000000","SKJS":"罗险峰","ISTK":0,"ZCMC":"1-12周","YPSJDD":null,"XF":null,"SKXQ":1,"XNXQDM":"2024-2025-2","KCM":"管理研究方法论","JASDM":"0101060102","JXLDM":null,"JXBID":null,"SKBJ":null,"TYXMDM":null,"KCH":"60230223003"},{"KKDWDM":null,"XS":null,"BYBZ":"1","JSJC":5,"XXXQDM":null,"KXH":null,"KSJC":3,"XKZRS":null,"SKZC":"011111100000000000000000000000","SKJS":"吕伟","ISTK":0,"ZCMC":"2-7周","YPSJDD":null,"XF":null,"SKXQ":3,"XNXQDM":"2024-2025-2","KCM":"公共安全与应急管理专题","JASDM":"0101060102","JXLDM":null,"JXBID":null,"SKBJ":null,"TYXMDM":null,"KCH":"60230223004"},{"KKDWDM":null,"XS":null,"BYBZ":"1","JSJC":8,"XXXQDM":null,"KXH":null,"KSJC":6,"XKZRS":null,"SKZC":"111111111111000000000000000000","SKJS":"刘丹","ISTK":0,"ZCMC":"1-12周","YPSJDD":null,"XF":null,"SKXQ":2,"XNXQDM":"2024-2025-2","KCM":"人工智能与安全仿真","JASDM":"0101060102","JXLDM":null,"JXBID":null,"SKBJ":null,"TYXMDM":null,"KCH":"60230323007"}]}},"code":"0"}