{"datas":{"jaskcb":{"extParams":{"code":1,"msg":"查询成功"},"pageSize":0,"pageNumber":0,"totalSize":-1,"rows":[{"KKDWDM":"023","XS":32,"BYBZ":"0","JSJC":2,"XXXQDM":"01","KXH":"01","KSJC":1,"XKZRS":35,"SKZC":"111111111100000000000000000000","SKJS":"刘艳艳,牛奕","ISTK":0,"ZCMC":"1-10周","YPSJDD":"16周 星期一 第1节-第2节 马区东-致远楼-209,12-14周 星期一 第1节-第2节 马区东-致远楼-209,1-10周 星期一 第1节-第2节 马区东-致远楼-209","XF":2,"SKXQ":1,"XNXQDM":"2024-2025-2","KCM":"职业安全卫生A","JASDM":"0101060209","JXLDM":"010106","JXBID":"20242-03866","SKBJ":"安全2202","TYXMDM":null,"KCH":"10234121097"},{"KKDWDM":"007","XS":48,"BYBZ":"0","JSJC":5,"XXXQDM":"01","KXH":"02","KSJC":3,"XKZRS":34,"SKZC":"11111111","SKJS":"宋燕利","ISTK":0,"ZCMC":"1-8周","YPSJDD":"1-8周 星期二 第3节-第5节 马区东-致远楼-209,1-8周 星期四 第3节-第5节 马区东-致远楼-209","XF":3,"SKXQ":2,"XNXQDM":"2024-2025-2","KCM":"汽车制造工艺学A","JASDM":"0101060209","JXLDM":"010106","JXBID":"20242-10971","SKBJ":"车辆2203","TYXMDM":null,"KCH":"10075117086"},{"KKDWDM":"007","XS":48,"BYBZ":"0","JSJC":5,"XXXQDM":"01","KXH":"02","KSJC":3,"XKZRS":34,"SKZC":"11111111","SKJS":"宋燕利","ISTK":0,"ZCMC":"1-8周","YPSJDD":"1-8周 星期二 第3节-第5节 马区东-致远楼-209,1-8周 星期四 第3节-第5节 马区东-致远楼-209","XF":3,"SKXQ":4,"XNXQDM":"2024-2025-2","KCM":"汽车制造工艺学A","JASDM":"0101060209","JXLDM":"010106","JXBID":"20242-10971","SKBJ":"车辆2203","TYXMDM":null,"KCH":"10075117086"},{"KKDWDM":"023","XS":32,"BYBZ":"0","JSJC":4,"XXXQDM":"01","KXH":"01","KSJC":3,"XKZRS":16,"SKZC":"000000001111111100000000000000","SKJS":"吕伟","ISTK":0,"ZCMC":"9-16周","YPSJDD":"9周 星期五 第3节-第4节 马区东-致远楼-209,9-16周 星期三 第3节-第4节 马区东-致远楼-209,17周 星期三 第3节-第4节 马区东-致远楼-209,11-16周 星期五 第3节-第4节 马区东-致远楼-209","XF":2,"SKXQ":3,"XNXQDM":"2024-2025-2","KCM":"交通安全分析与评价","JASDM":"0101060209","JXLDM":"010106","JXBID":"20242-03317","SKBJ":"应急2201","TYXMDM":null,"KCH":"10234121068"},{"KKDWDM":"023","XS":32,"BYBZ":"0","JSJC":4,"XXXQDM":"01","KXH":"01","KSJC":3,"XKZRS":16,"SKZC":"000000001000000000000000000000","SKJS":"吕伟","ISTK":0,"ZCMC":"9周","YPSJDD":"9周 星期五 第3节-第4节 马区东-致远楼-209,9-16周 星期三 第3节-第4节 马区东-致远楼-209,17周 星期三 第3节-第4节 马区东-致远楼-209,11-16周 星期五 第3节-第4节 马区东-致远楼-209","XF":2,"SKXQ":5,"XNXQDM":"2024-2025-2","KCM":"交通安全分析与评价","JASDM":"0101060209","JXLDM":"010106","JXBID":"20242-03317","SKBJ":"应急2201","TYXMDM":null,"KCH":"10234121068"},{"KKDWDM":"023","XS":32,"BYBZ":"0","JSJC":4,"XXXQDM":"01","KXH":"01","KSJC":3,"XKZRS":16,"SKZC":"000000000011111100000000000000","SKJS":"吕伟","ISTK":0,"ZCMC":"11-16周","YPSJDD":"9周 星期五 第3节-第4节 马区东-致远楼-209,9-16周 星期三 第3节-第4节 马区东-致远楼-209,17周 星期三 第3节-第4节 马区东-致远楼-209,11-16周 星期五 第3节-第4节 马区东-致远楼-209","XF":2,"SKXQ":5,"XNXQDM":"2024-2025-2","KCM":"交通安全分析与评价","JASDM":"0101060209","JXLDM":"010106","JXBID":"20242-03317","SKBJ":"应急2201","TYXMDM":null,"KCH":"10234121068"},{"KKDWDM":"023","XS":32,"BYBZ":"0","JSJC":2,"XXXQDM":"01","KXH":"01","KSJC":1,"XKZRS":35,"SKZC":"000000000001110000000000000000","SKJS":"刘艳艳,牛奕","ISTK":0,"ZCMC":"12-14周","YPSJDD":"16周 星期一 第1节-第2节 马区东-致远楼-209,12-14周 星期一 第1节-第2节 马区东-致远楼-209,1-10周 星期一 第1节-第2节 马区东-致远楼-209","XF":2,"SKXQ":1,"XNXQDM":"2024-2025-2","KCM":"职业安全卫生A","JASDM":"0101060209","JXLDM":"010106","JXBID":"20242-03866","SKBJ":"安全2202","TYXMDM":null,"KCH":"10234121097"},{"KKDWDM":"023","XS":32,"BYBZ":"0","JSJC":2,"XXXQDM":"01","KXH":"01","KSJC":1,"XKZRS":35,"SKZC":"000000000000000100000000000000","SKJS":"刘艳艳,牛奕","ISTK":0,"ZCMC":"16周","YPSJDD":"16周 星期一 第1节-第2节 马区东-致远楼-209,12-14周 星期一 第1节-第2节 马区东-致远楼-209,1-10周 星期一 第1节-第2节 马区东-致远楼-209","XF":2,"SKXQ":1,"XNXQDM":"2024-2025-2","KCM":"职业安全卫生A","JASDM":"0101060209","JXLDM":"010106","JXBID":"20242-03866","SKBJ":"安全2202","TYXMDM":null,"KCH":"10234121097"},{"KKDWDM":"023","XS":32,"BYBZ":"0","JSJC":4,"XXXQDM":"01","KXH":"01","KSJC":3,"XKZRS":16,"SKZC":"000000000000000010000000000000","SKJS":"吕伟","ISTK":0,"ZCMC":"17周","YPSJDD":"9周 星期五 第3节-第4节 马区东-致远楼-209,9-16周 星期三 第3节-第4节 马区东-致远楼-209,17周 星期三 第3节-第4节 马区东-致远楼-209,11-16周 星期五 第3节-第4节 马区东-致远楼-209","XF":2,"SKXQ":3,"XNXQDM":"2024-2025-2","KCM":"交通安全分析与评价","JASDM":"0101060209","JXLDM":"010106","JXBID":"20242-03317","SKBJ":"应急2201","TYXMDM":null,"KCH":"10234121068"},{"KKDWDM":null,"XS":null,"BYBZ":"1","JSJC":5,"XXXQDM":null,"KXH":null,"KSJC":3,"XKZRS":null,"SKZC":"011111100000000000000000000000","SKJS":"秦琴","ISTK":0,"ZCMC":"2-7周","YPSJDD":null,"XF":null,"SKXQ":1,"XNXQDM":"2024-2025-2","KCM":"高级社会工作实务","JASDM":"0101060209","JXLDM":null,"JXBID":null,"SKBJ":null,"TYXMDM":null,"KCH":"50220224031"},{"KKDWDM":null,"XS":null,"BYBZ":"1","JSJC":5,"XXXQDM":null,"KXH":null,"KSJC":3,"XKZRS":null,"SKZC":"011111100000000000000000000000","SKJS":"秦琴","ISTK":0,"ZCMC":"2-7周","YPSJDD":null,"XF":null,"SKXQ":3,"XNXQDM":"2024-2025-2","KCM":"高级社会工作实务","JASDM":"0101060209","JXLDM":null,"JXBID":null,"SKBJ":null,"TYXMDM":null,"KCH":"50220224031"}]}},"code":"0"}