{"datas":{"jaskcb":{"extParams":{"code":1,"msg":"查询成功"},"pageSize":0,"pageNumber":0,"totalSize":-1,"rows":[{"KKDWDM":"013","XS":40,"BYBZ":"0","JSJC":5,"XXXQDM":"01","KXH":"03","KSJC":3,"XKZRS":106,"SKZC":"111111111111000000000000","SKJS":"廉城","ISTK":0,"ZCMC":"1-12周","YPSJDD":"13-14周 星期三 第3节-第4节 马区东-弘毅楼-311,1-12周 星期三 第3节-第5节 马区东-弘毅楼-311","XF":2,"SKXQ":3,"XNXQDM":"2024-2025-2","KCM":"人工智能与机器学习","JASDM":"0101030311","JXLDM":"010103","JXBID":"20242-06945","SKBJ":"自动化2201-03","TYXMDM":null,"KCH":"10134121061"},{"KKDWDM":"013","XS":40,"BYBZ":"0","JSJC":2,"XXXQDM":"01","KXH":"06","KSJC":1,"XKZRS":102,"SKZC":"11111111","SKJS":"王枭,贺远华","ISTK":0,"ZCMC":"1-8周","YPSJDD":"1-8周 星期一 第1节-第2节 马区东-弘毅楼-311,1-8周 星期三 第1节-第2节 马区东-弘毅楼-311","XF":2,"SKXQ":3,"XNXQDM":"2024-2025-2","KCM":"计算机控制系统","JASDM":"0101030311","JXLDM":"010103","JXBID":"20242-10640","SKBJ":"自动化2204-05,自动化zy2201","TYXMDM":null,"KCH":"10134121062"},{"KKDWDM":"013","XS":40,"BYBZ":"0","JSJC":2,"XXXQDM":"01","KXH":"03","KSJC":1,"XKZRS":109,"SKZC":"11111111","SKJS":"李向舜,王枭","ISTK":0,"ZCMC":"1-8周","YPSJDD":"1-8周 星期二 第1节-第2节 马区东-弘毅楼-311,1-8周 星期四 第1节-第2节 马区东-弘毅楼-311","XF":2,"SKXQ":2,"XNXQDM":"2024-2025-2","KCM":"计算机控制系统","JASDM":"0101030311","JXLDM":"010103","JXBID":"20242-10637","SKBJ":"自动化2201-03","TYXMDM":null,"KCH":"10134121062"},{"KKDWDM":"013","XS":40,"BYBZ":"0","JSJC":2,"XXXQDM":"01","KXH":"03","KSJC":1,"XKZRS":109,"SKZC":"11111111","SKJS":"李向舜,王枭","ISTK":0,"ZCMC":"1-8周","YPSJDD":"1-8周 星期二 第1节-第2节 马区东-弘毅楼-311,1-8周 星期四 第1节-第2节 马区东-弘毅楼-311","XF":2,"SKXQ":4,"XNXQDM":"2024-2025-2","KCM":"计算机控制系统","JASDM":"0101030311","JXLDM":"010103","JXBID":"20242-10637","SKBJ":"自动化2201-03","TYXMDM":null,"KCH":"10134121062"},{"KKDWDM":"013","XS":40,"BYBZ":"0","JSJC":2,"XXXQDM":"01","KXH":"06","KSJC":1,"XKZRS":102,"SKZC":"11111111","SKJS":"王枭,贺远华","ISTK":0,"ZCMC":"1-8周","YPSJDD":"1-8周 星期一 第1节-第2节 马区东-弘毅楼-311,1-8周 星期三 第1节-第2节 马区东-弘毅楼-311","XF":2,"SKXQ":1,"XNXQDM":"2024-2025-2","KCM":"计算机控制系统","JASDM":"0101030311","JXLDM":"010103","JXBID":"20242-10640","SKBJ":"自动化2204-05,自动化zy2201","TYXMDM":null,"KCH":"10134121062"},{"KKDWDM":"013","XS":32,"BYBZ":"0","JSJC":7,"XXXQDM":"01","KXH":"04","KSJC":6,"XKZRS":87,"SKZC":"000000001111111100000000000000","SKJS":"王栋","ISTK":0,"ZCMC":"9-16周","YPSJDD":"9周 星期四 第3节-第4节 马区东-弘毅楼-311,11-17周 星期四 第3节-第4节 马区东-弘毅楼-311,9-16周 星期二 第6节-第7节 马区东-弘毅楼-311","XF":2,"SKXQ":2,"XNXQDM":"2024-2025-2","KCM":"发电厂电气系统","JASDM":"0101030311","JXLDM":"010103","JXBID":"20242-10438","SKBJ":"电气2204-05,电气zy2201","TYXMDM":null,"KCH":"10135121032"},{"KKDWDM":"007","XS":24,"BYBZ":"0","JSJC":8,"XXXQDM":"01","KXH":"01","KSJC":6,"XKZRS":19,"SKZC":"0000000011111111","SKJS":"田甜,罗马吉","ISTK":0,"ZCMC":"9-16周","YPSJDD":"9-16周 星期三 第6节-第8节 马区东-弘毅楼-311","XF":1,"SKXQ":3,"XNXQDM":"2024-2025-2","KCM":"车用燃料电池设计","JASDM":"0101030311","JXLDM":"010103","JXBID":"20242-03287","SKBJ":"能源2201-03,能源zy2201","TYXMDM":null,"KCH":"10076121145"},{"KKDWDM":"007","XS":32,"BYBZ":"0","JSJC":7,"XXXQDM":"01","KXH":"01","KSJC":6,"XKZRS":73,"SKZC":"000000001100000000000000000000","SKJS":"王志红,胡杰","ISTK":0,"ZCMC":"9-10周","YPSJDD":"16-17周 星期一 第6节-第7节 马区东-弘毅楼-311,12-14周 星期一 第6节-第7节 马区东-弘毅楼-311,9-16周 星期三 第3节-第4节 马区东-弘毅楼-108,17周 星期二 第6节-第7节 马区东-弘毅楼-311,9-10周 星期一 第6节-第7节 马区东-弘毅楼-311","XF":2,"SKXQ":1,"XNXQDM":"2024-2025-2","KCM":"汽车动力装置控制管理系统B","JASDM":"0101030311","JXLDM":"010103","JXBID":"20242-02488","SKBJ":"储能2201-02,能源2201-03,能源zy2201","TYXMDM":null,"KCH":"10075117056"},{"KKDWDM":"013","XS":40,"BYBZ":"0","JSJC":5,"XXXQDM":"01","KXH":"01","KSJC":3,"XKZRS":83,"SKZC":"000000001000000000000000000000","SKJS":"蔡振华","ISTK":0,"ZCMC":"9周","YPSJDD":"9周 星期五 第3节-第5节 马区东-弘毅楼-311,11-16周 星期五 第3节-第5节 马区东-弘毅楼-311,17周 星期三 第3节-第5节 马区东-弘毅楼-311","XF":2,"SKXQ":5,"XNXQDM":"2024-2025-2","KCM":"工业机器人编程与实践","JASDM":"0101030311","JXLDM":"010103","JXBID":"20242-02133","SKBJ":"机器人2201-02,自动化zy2201","TYXMDM":null,"KCH":"10135121025"},{"KKDWDM":"013","XS":32,"BYBZ":"0","JSJC":4,"XXXQDM":"01","KXH":"04","KSJC":3,"XKZRS":87,"SKZC":"000000001000000000000000000000","SKJS":"王栋","ISTK":0,"ZCMC":"9周","YPSJDD":"9周 星期四 第3节-第4节 马区东-弘毅楼-311,11-17周 星期四 第3节-第4节 马区东-弘毅楼-311,9-16周 星期二 第6节-第7节 马区东-弘毅楼-311","XF":2,"SKXQ":4,"XNXQDM":"2024-2025-2","KCM":"发电厂电气系统","JASDM":"0101030311","JXLDM":"010103","JXBID":"20242-10438","SKBJ":"电气2204-05,电气zy2201","TYXMDM":null,"KCH":"10135121032"},{"KKDWDM":"013","XS":32,"BYBZ":"0","JSJC":4,"XXXQDM":"01","KXH":"04","KSJC":3,"XKZRS":87,"SKZC":"000000000011111110000000000000","SKJS":"王栋","ISTK":0,"ZCMC":"11-17周","YPSJDD":"9周 星期四 第3节-第4节 马区东-弘毅楼-311,11-17周 星期四 第3节-第4节 马区东-弘毅楼-311,9-16周 星期二 第6节-第7节 马区东-弘毅楼-311","XF":2,"SKXQ":4,"XNXQDM":"2024-2025-2","KCM":"发电厂电气系统","JASDM":"0101030311","JXLDM":"010103","JXBID":"20242-10438","SKBJ":"电气2204-05,电气zy2201","TYXMDM":null,"KCH":"10135121032"},{"KKDWDM":"013","XS":40,"BYBZ":"0","JSJC":5,"XXXQDM":"01","KXH":"01","KSJC":3,"XKZRS":83,"SKZC":"000000000011111100000000000000","SKJS":"蔡振华","ISTK":0,"ZCMC":"11-16周","YPSJDD":"9周 星期五 第3节-第5节 马区东-弘毅楼-311,11-16周 星期五 第3节-第5节 马区东-弘毅楼-311,17周 星期三 第3节-第5节 马区东-弘毅楼-311","XF":2,"SKXQ":5,"XNXQDM":"2024-2025-2","KCM":"工业机器人编程与实践","JASDM":"0101030311","JXLDM":"010103","JXBID":"20242-02133","SKBJ":"机器人2201-02,自动化zy2201","TYXMDM":null,"KCH":"10135121025"},{"KKDWDM":"007","XS":32,"BYBZ":"0","JSJC":7,"XXXQDM":"01","KXH":"01","KSJC":6,"XKZRS":73,"SKZC":"000000000001110000000000000000","SKJS":"王志红,胡杰","ISTK":0,"ZCMC":"12-14周","YPSJDD":"16-17周 星期一 第6节-第7节 马区东-弘毅楼-311,12-14周 星期一 第6节-第7节 马区东-弘毅楼-311,9-16周 星期三 第3节-第4节 马区东-弘毅楼-108,17周 星期二 第6节-第7节 马区东-弘毅楼-311,9-10周 星期一 第6节-第7节 马区东-弘毅楼-311","XF":2,"SKXQ":1,"XNXQDM":"2024-2025-2","KCM":"汽车动力装置控制管理系统B","JASDM":"0101030311","JXLDM":"010103","JXBID":"20242-02488","SKBJ":"储能2201-02,能源2201-03,能源zy2201","TYXMDM":null,"KCH":"10075117056"},{"KKDWDM":"013","XS":40,"BYBZ":"0","JSJC":4,"XXXQDM":"01","KXH":"03","KSJC":3,"XKZRS":106,"SKZC":"000000000000110000000000","SKJS":"廉城","ISTK":0,"ZCMC":"13-14周","YPSJDD":"13-14周 星期三 第3节-第4节 马区东-弘毅楼-311,1-12周 星期三 第3节-第5节 马区东-弘毅楼-311","XF":2,"SKXQ":3,"XNXQDM":"2024-2025-2","KCM":"人工智能与机器学习","JASDM":"0101030311","JXLDM":"010103","JXBID":"20242-06945","SKBJ":"自动化2201-03","TYXMDM":null,"KCH":"10134121061"},{"KKDWDM":"007","XS":32,"BYBZ":"0","JSJC":7,"XXXQDM":"01","KXH":"01","KSJC":6,"XKZRS":73,"SKZC":"000000000000000110000000000000","SKJS":"王志红,胡杰","ISTK":0,"ZCMC":"16-17周","YPSJDD":"16-17周 星期一 第6节-第7节 马区东-弘毅楼-311,12-14周 星期一 第6节-第7节 马区东-弘毅楼-311,9-16周 星期三 第3节-第4节 马区东-弘毅楼-108,17周 星期二 第6节-第7节 马区东-弘毅楼-311,9-10周 星期一 第6节-第7节 马区东-弘毅楼-311","XF":2,"SKXQ":1,"XNXQDM":"2024-2025-2","KCM":"汽车动力装置控制管理系统B","JASDM":"0101030311","JXLDM":"010103","JXBID":"20242-02488","SKBJ":"储能2201-02,能源2201-03,能源zy2201","TYXMDM":null,"KCH":"10075117056"},{"KKDWDM":"007","XS":32,"BYBZ":"0","JSJC":7,"XXXQDM":"01","KXH":"01","KSJC":6,"XKZRS":73,"SKZC":"000000000000000010000000000000","SKJS":"王志红,胡杰","ISTK":0,"ZCMC":"17周","YPSJDD":"16-17周 星期一 第6节-第7节 马区东-弘毅楼-311,12-14周 星期一 第6节-第7节 马区东-弘毅楼-311,9-16周 星期三 第3节-第4节 马区东-弘毅楼-108,17周 星期二 第6节-第7节 马区东-弘毅楼-311,9-10周 星期一 第6节-第7节 马区东-弘毅楼-311","XF":2,"SKXQ":2,"XNXQDM":"2024-2025-2","KCM":"汽车动力装置控制管理系统B","JASDM":"0101030311","JXLDM":"010103","JXBID":"20242-02488","SKBJ":"储能2201-02,能源2201-03,能源zy2201","TYXMDM":null,"KCH":"10075117056"},{"KKDWDM":"013","XS":40,"BYBZ":"0","JSJC":5,"XXXQDM":"01","KXH":"01","KSJC":3,"XKZRS":83,"SKZC":"000000000000000010000000000000","SKJS":"蔡振华","ISTK":0,"ZCMC":"17周","YPSJDD":"9周 星期五 第3节-第5节 马区东-弘毅楼-311,11-16周 星期五 第3节-第5节 马区东-弘毅楼-311,17周 星期三 第3节-第5节 马区东-弘毅楼-311","XF":2,"SKXQ":3,"XNXQDM":"2024-2025-2","KCM":"工业机器人编程与实践","JASDM":"0101030311","JXLDM":"010103","JXBID":"20242-02133","SKBJ":"机器人2201-02,自动化zy2201","TYXMDM":null,"KCH":"10135121025"},{"KKDWDM":null,"XS":null,"BYBZ":"3","JSJC":6,"XXXQDM":null,"KXH":null,"KSJC":6,"XKZRS":null,"SKZC":"000010000000000000000000000000","SKJS":null,"ISTK":0,"ZCMC":"5周","YPSJDD":null,"XF":null,"SKXQ":4,"XNXQDM":"2024-2025-2","KCM":"商务沟通技巧","JASDM":"0101030311","JXLDM":null,"JXBID":null,"SKBJ":"GTB2302","TYXMDM":null,"KCH":"20244124098"}]}},"code":"0"}