{"datas":{"jaskcb":{"extParams":{"code":1,"msg":"查询成功"},"pageSize":0,"pageNumber":0,"totalSize":-1,"rows":[{"KKDWDM":"021","XS":40,"BYBZ":"0","JSJC":5,"XXXQDM":"01","KXH":"01","KSJC":3,"XKZRS":82,"SKZC":"111111111101100000000000","SKJS":"陈鹏","ISTK":0,"ZCMC":"1-10周,12-13周","YPSJDD":"14-16周(双) 星期一 第3节-第4节 马区东-致远楼-312,1-10周,12-13周 星期一 第3节-第5节 马区东-致远楼-312","XF":2,"SKXQ":1,"XNXQDM":"2024-2025-2","KCM":"思想政治教育方法论（含案例分析）","JASDM":"0101060312","JXLDM":"010106","JXBID":"20242-05811","SKBJ":"政治2301-02","TYXMDM":null,"KCH":"10214121026"},{"KKDWDM":"007","XS":32,"BYBZ":"0","JSJC":5,"XXXQDM":"01","KXH":"01","KSJC":3,"XKZRS":33,"SKZC":"000010000000000000000000000000","SKJS":"王辉","ISTK":0,"ZCMC":"5周","YPSJDD":"5周 星期六 第3节-第5节 马区东-致远楼-312,7周 星期六 第3节-第5节 马区东-弘毅楼-117,1-4周 星期六 第3节-第5节 马区东-弘毅楼-117","XF":2,"SKXQ":6,"XNXQDM":"2024-2025-2","KCM":"碳纤维复合材料汽车零部件高性能制造技术(JD)","JASDM":"0101060312","JXLDM":"010106","JXBID":"20242-07444","SKBJ":"公选-07444","TYXMDM":null,"KCH":"10076121234"},{"KKDWDM":"021","XS":40,"BYBZ":"0","JSJC":4,"XXXQDM":"01","KXH":"01","KSJC":3,"XKZRS":82,"SKZC":"000000000000010100000000","SKJS":"陈鹏","ISTK":0,"ZCMC":"14-16周(双)","YPSJDD":"14-16周(双) 星期一 第3节-第4节 马区东-致远楼-312,1-10周,12-13周 星期一 第3节-第5节 马区东-致远楼-312","XF":2,"SKXQ":1,"XNXQDM":"2024-2025-2","KCM":"思想政治教育方法论（含案例分析）","JASDM":"0101060312","JXLDM":"010106","JXBID":"20242-05811","SKBJ":"政治2301-02","TYXMDM":null,"KCH":"10214121026"},{"KKDWDM":null,"XS":null,"BYBZ":"1","JSJC":10,"XXXQDM":null,"KXH":null,"KSJC":1,"XKZRS":null,"SKZC":"000000000010000000000000000000","SKJS":"阮菲菲","ISTK":0,"ZCMC":"11周","YPSJDD":null,"XF":null,"SKXQ":1,"XNXQDM":"2024-2025-2","KCM":"MPA授课(借用)","JASDM":"0101060312","JXLDM":null,"JXBID":null,"SKBJ":null,"TYXMDM":null,"KCH":null},{"KKDWDM":null,"XS":null,"BYBZ":"1","JSJC":13,"XXXQDM":null,"KXH":null,"KSJC":1,"XKZRS":null,"SKZC":"000000000100000000000000000000","SKJS":"阮菲菲","ISTK":0,"ZCMC":"10周","YPSJDD":null,"XF":null,"SKXQ":4,"XNXQDM":"2024-2025-2","KCM":"MPA授课(借用)","JASDM":"0101060312","JXLDM":null,"JXBID":null,"SKBJ":null,"TYXMDM":null,"KCH":null},{"KKDWDM":null,"XS":null,"BYBZ":"1","JSJC":13,"XXXQDM":null,"KXH":null,"KSJC":1,"XKZRS":null,"SKZC":"000000000100000000000000000000","SKJS":"阮菲菲","ISTK":0,"ZCMC":"10周","YPSJDD":null,"XF":null,"SKXQ":5,"XNXQDM":"2024-2025-2","KCM":"MPA授课(借用)","JASDM":"0101060312","JXLDM":null,"JXBID":null,"SKBJ":null,"TYXMDM":null,"KCH":null},{"KKDWDM":null,"XS":null,"BYBZ":"1","JSJC":13,"XXXQDM":null,"KXH":null,"KSJC":1,"XKZRS":null,"SKZC":"000000000100000000000000000000","SKJS":"阮菲菲","ISTK":0,"ZCMC":"10周","YPSJDD":null,"XF":null,"SKXQ":6,"XNXQDM":"2024-2025-2","KCM":"MPA授课(借用)","JASDM":"0101060312","JXLDM":null,"JXBID":null,"SKBJ":null,"TYXMDM":null,"KCH":null},{"KKDWDM":null,"XS":null,"BYBZ":"1","JSJC":13,"XXXQDM":null,"KXH":null,"KSJC":1,"XKZRS":null,"SKZC":"000000000100000000000000000000","SKJS":"阮菲菲","ISTK":0,"ZCMC":"10周","YPSJDD":null,"XF":null,"SKXQ":7,"XNXQDM":"2024-2025-2","KCM":"MPA授课(借用)","JASDM":"0101060312","JXLDM":null,"JXBID":null,"SKBJ":null,"TYXMDM":null,"KCH":null},{"KKDWDM":null,"XS":null,"BYBZ":"1","JSJC":5,"XXXQDM":null,"KXH":null,"KSJC":3,"XKZRS":null,"SKZC":"000011111111111100000000000000","SKJS":"娄平","ISTK":0,"ZCMC":"5-16周","YPSJDD":null,"XF":null,"SKXQ":2,"XNXQDM":"2024-2025-2","KCM":"现代电路与系统（A）","JASDM":"0101060312","JXLDM":null,"JXBID":null,"SKBJ":null,"TYXMDM":null,"KCH":"40110223005"},{"KKDWDM":null,"XS":null,"BYBZ":"1","JSJC":5,"XXXQDM":null,"KXH":null,"KSJC":3,"XKZRS":null,"SKZC":"000011111111111100000000000000","SKJS":"娄平","ISTK":0,"ZCMC":"5-16周","YPSJDD":null,"XF":null,"SKXQ":2,"XNXQDM":"2024-2025-2","KCM":"现代电路与系统","JASDM":"0101060312","JXLDM":null,"JXBID":null,"SKBJ":null,"TYXMDM":null,"KCH":"50110223003"}]}},"code":"0"}