{"datas":{"jaskcb":{"extParams":{"code":1,"msg":"查询成功"},"pageSize":0,"pageNumber":0,"totalSize":-1,"rows":[{"KKDWDM":null,"XS":null,"BYBZ":"1","JSJC":8,"XXXQDM":null,"KXH":null,"KSJC":6,"XKZRS":null,"SKZC":"001010101000000000000000000000","SKJS":"沈凌","ISTK":0,"ZCMC":"3-9周(单)","YPSJDD":null,"XF":null,"SKXQ":3,"XNXQDM":"2024-2025-2","KCM":"公共部门人力资源管理","JASDM":"0101060308","JXLDM":null,"JXBID":null,"SKBJ":null,"TYXMDM":null,"KCH":"40220224044"},{"KKDWDM":null,"XS":null,"BYBZ":"1","JSJC":10,"XXXQDM":null,"KXH":null,"KSJC":6,"XKZRS":null,"SKZC":"010101010100000000000000000000","SKJS":"沈凌","ISTK":0,"ZCMC":"2-10周(双)","YPSJDD":null,"XF":null,"SKXQ":3,"XNXQDM":"2024-2025-2","KCM":"公共部门人力资源管理","JASDM":"0101060308","JXLDM":null,"JXBID":null,"SKBJ":null,"TYXMDM":null,"KCH":"40220224044"},{"KKDWDM":null,"XS":null,"BYBZ":"1","JSJC":4,"XXXQDM":null,"KXH":null,"KSJC":1,"XKZRS":null,"SKZC":"011111111100000000000000000000","SKJS":"张雄军","ISTK":0,"ZCMC":"2-10周","YPSJDD":null,"XF":null,"SKXQ":3,"XNXQDM":"2024-2025-2","KCM":"营销传播实务","JASDM":"0101060308","JXLDM":null,"JXBID":null,"SKBJ":null,"TYXMDM":null,"KCH":"50220224026"},{"KKDWDM":null,"XS":null,"BYBZ":"1","JSJC":4,"XXXQDM":null,"KXH":null,"KSJC":1,"XKZRS":null,"SKZC":"011111111100000000000000000000","SKJS":"刘林","ISTK":0,"ZCMC":"2-10周","YPSJDD":null,"XF":null,"SKXQ":2,"XNXQDM":"2024-2025-2","KCM":"网络舆情检测与研判","JASDM":"0101060308","JXLDM":null,"JXBID":null,"SKBJ":null,"TYXMDM":null,"KCH":"50220524054"}]}},"code":"0"}