{"datas":{"jaskcb":{"extParams":{"code":1,"msg":"查询成功"},"pageSize":0,"pageNumber":0,"totalSize":-1,"rows":[{"KKDWDM":"017","XS":48,"BYBZ":"0","JSJC":8,"XXXQDM":"01","KXH":"01","KSJC":6,"XKZRS":82,"SKZC":"1111111111111111","SKJS":"陈国干","ISTK":0,"ZCMC":"1-16周","YPSJDD":"1-16周 星期二 第6节-第8节 马区东-致远楼-302","XF":3,"SKXQ":2,"XNXQDM":"2024-2025-2","KCM":"企业管理学","JASDM":"0101060302","JXLDM":"010106","JXBID":"20242-05695","SKBJ":"政治2301-02","TYXMDM":null,"KCH":"4170094110"},{"KKDWDM":"021","XS":40,"BYBZ":"0","JSJC":8,"XXXQDM":"01","KXH":"01","KSJC":6,"XKZRS":75,"SKZC":"111111111101100000000000","SKJS":"刘骏","ISTK":0,"ZCMC":"1-10周,12-13周","YPSJDD":"14-16周(双) 星期一 第6节-第7节 马区东-致远楼-302,1-10周,12-13周 星期一 第6节-第8节 马区东-致远楼-302","XF":2,"SKXQ":1,"XNXQDM":"2024-2025-2","KCM":"行政组织关系学B","JASDM":"0101060302","JXLDM":"010106","JXBID":"20242-05786","SKBJ":"政治2301-02","TYXMDM":null,"KCH":"10215117010"},{"KKDWDM":"007","XS":48,"BYBZ":"0","JSJC":5,"XXXQDM":"01","KXH":"05","KSJC":3,"XKZRS":68,"SKZC":"111111111100000000000000000000","SKJS":"杨波,郭会茹","ISTK":0,"ZCMC":"1-10周","YPSJDD":"16-17周 星期一 第3节-第5节 马区东-致远楼-302,17周 星期二 第3节-第5节 马区东-致远楼-302,1-10周 星期一 第3节-第5节 马区东-致远楼-302,12-14周 星期一 第3节-第5节 马区东-致远楼-302","XF":3,"SKXQ":1,"XNXQDM":"2024-2025-2","KCM":"汽车理论E","JASDM":"0101060302","JXLDM":"010106","JXBID":"20242-11161","SKBJ":"车辆2203-04","TYXMDM":null,"KCH":"10074117122"},{"KKDWDM":"013","XS":40,"BYBZ":"0","JSJC":2,"XXXQDM":"01","KXH":"01","KSJC":1,"XKZRS":84,"SKZC":"111111110000000000000000","SKJS":"杜路遥,蔡振华","ISTK":0,"ZCMC":"1-8周","YPSJDD":"1-8周 星期二 第1节-第2节 马区东-致远楼-302,1-8周 星期四 第3节-第5节 马区东-致远楼-302","XF":2,"SKXQ":2,"XNXQDM":"2024-2025-2","KCM":"机器人学下","JASDM":"0101060302","JXLDM":"010106","JXBID":"20242-02753","SKBJ":"机器人2201-02","TYXMDM":null,"KCH":"10134121068"},{"KKDWDM":"013","XS":40,"BYBZ":"0","JSJC":5,"XXXQDM":"01","KXH":"01","KSJC":3,"XKZRS":84,"SKZC":"111111110000000000000000","SKJS":"杜路遥,蔡振华","ISTK":0,"ZCMC":"1-8周","YPSJDD":"1-8周 星期二 第1节-第2节 马区东-致远楼-302,1-8周 星期四 第3节-第5节 马区东-致远楼-302","XF":2,"SKXQ":4,"XNXQDM":"2024-2025-2","KCM":"机器人学下","JASDM":"0101060302","JXLDM":"010106","JXBID":"20242-02753","SKBJ":"机器人2201-02","TYXMDM":null,"KCH":"10134121068"},{"KKDWDM":"023","XS":32,"BYBZ":"0","JSJC":7,"XXXQDM":"01","KXH":"01","KSJC":6,"XKZRS":60,"SKZC":"11111111","SKJS":"郭晨","ISTK":0,"ZCMC":"1-8周","YPSJDD":"1-8周 星期一 第1节-第2节 马区东-致远楼-302,1-8周 星期三 第6节-第7节 马区东-致远楼-302","XF":2,"SKXQ":3,"XNXQDM":"2024-2025-2","KCM":"大数据与人力资源管理","JASDM":"0101060302","JXLDM":"010106","JXBID":"20242-02206","SKBJ":"数管2201-03","TYXMDM":null,"KCH":"10235121024"},{"KKDWDM":"023","XS":32,"BYBZ":"0","JSJC":2,"XXXQDM":"01","KXH":"01","KSJC":1,"XKZRS":60,"SKZC":"11111111","SKJS":"郭晨","ISTK":0,"ZCMC":"1-8周","YPSJDD":"1-8周 星期一 第1节-第2节 马区东-致远楼-302,1-8周 星期三 第6节-第7节 马区东-致远楼-302","XF":2,"SKXQ":1,"XNXQDM":"2024-2025-2","KCM":"大数据与人力资源管理","JASDM":"0101060302","JXLDM":"010106","JXBID":"20242-02206","SKBJ":"数管2201-03","TYXMDM":null,"KCH":"10235121024"},{"KKDWDM":"007","XS":40,"BYBZ":"0","JSJC":2,"XXXQDM":"01","KXH":"05","KSJC":1,"XKZRS":69,"SKZC":"000000001111111100000000000000","SKJS":"孙胜男,杨莹,江涛","ISTK":0,"ZCMC":"9-16周","YPSJDD":"11-17周 星期四 第3节-第5节 马区东-致远楼-302,9周 星期四 第3节-第5节 马区东-致远楼-302,9-16周 星期二 第1节-第2节 马区东-致远楼-302","XF":2,"SKXQ":2,"XNXQDM":"2024-2025-2","KCM":"汽车设计E","JASDM":"0101060302","JXLDM":"010106","JXBID":"20242-11265","SKBJ":"车辆2203-04","TYXMDM":null,"KCH":"10074117121"},{"KKDWDM":"007","XS":40,"BYBZ":"0","JSJC":2,"XXXQDM":"01","KXH":"07","KSJC":1,"XKZRS":78,"SKZC":"000000001111111100000000000000","SKJS":"孙胜男,郭巍,陶冶","ISTK":0,"ZCMC":"9-16周","YPSJDD":"17周 星期三 第3节-第5节 马区东-致远楼-302,9-16周 星期三 第1节-第2节 马区东-致远楼-302,11-16周 星期五 第3节-第5节 马区东-致远楼-302,9周 星期五 第3节-第5节 马区东-致远楼-302","XF":2,"SKXQ":3,"XNXQDM":"2024-2025-2","KCM":"汽车设计E","JASDM":"0101060302","JXLDM":"010106","JXBID":"20242-11267","SKBJ":"车辆2205-06","TYXMDM":null,"KCH":"10074117121"},{"KKDWDM":"007","XS":40,"BYBZ":"0","JSJC":8,"XXXQDM":"01","KXH":"03","KSJC":6,"XKZRS":73,"SKZC":"000000001111111100000000000000","SKJS":"孙胜男,黄妙华","ISTK":0,"ZCMC":"9-16周","YPSJDD":"9周 星期五 第6节-第7节 马区东-致远楼-302,17周 星期三 第6节-第7节 马区东-致远楼-302,9-16周 星期三 第6节-第8节 马区东-致远楼-302,11-16周 星期五 第6节-第7节 马区东-致远楼-302","XF":2,"SKXQ":3,"XNXQDM":"2024-2025-2","KCM":"汽车设计E","JASDM":"0101060302","JXLDM":"010106","JXBID":"20242-11263","SKBJ":"车辆2201-02","TYXMDM":null,"KCH":"10074117121"},{"KKDWDM":"007","XS":40,"BYBZ":"0","JSJC":5,"XXXQDM":"01","KXH":"07","KSJC":3,"XKZRS":78,"SKZC":"000000001000000000000000000000","SKJS":"孙胜男,郭巍,陶冶","ISTK":0,"ZCMC":"9周","YPSJDD":"17周 星期三 第3节-第5节 马区东-致远楼-302,9-16周 星期三 第1节-第2节 马区东-致远楼-302,11-16周 星期五 第3节-第5节 马区东-致远楼-302,9周 星期五 第3节-第5节 马区东-致远楼-302","XF":2,"SKXQ":5,"XNXQDM":"2024-2025-2","KCM":"汽车设计E","JASDM":"0101060302","JXLDM":"010106","JXBID":"20242-11267","SKBJ":"车辆2205-06","TYXMDM":null,"KCH":"10074117121"},{"KKDWDM":"007","XS":40,"BYBZ":"0","JSJC":7,"XXXQDM":"01","KXH":"03","KSJC":6,"XKZRS":73,"SKZC":"000000001000000000000000000000","SKJS":"孙胜男,黄妙华","ISTK":0,"ZCMC":"9周","YPSJDD":"9周 星期五 第6节-第7节 马区东-致远楼-302,17周 星期三 第6节-第7节 马区东-致远楼-302,9-16周 星期三 第6节-第8节 马区东-致远楼-302,11-16周 星期五 第6节-第7节 马区东-致远楼-302","XF":2,"SKXQ":5,"XNXQDM":"2024-2025-2","KCM":"汽车设计E","JASDM":"0101060302","JXLDM":"010106","JXBID":"20242-11263","SKBJ":"车辆2201-02","TYXMDM":null,"KCH":"10074117121"},{"KKDWDM":"007","XS":40,"BYBZ":"0","JSJC":5,"XXXQDM":"01","KXH":"05","KSJC":3,"XKZRS":69,"SKZC":"000000001000000000000000000000","SKJS":"孙胜男,杨莹,江涛","ISTK":0,"ZCMC":"9周","YPSJDD":"11-17周 星期四 第3节-第5节 马区东-致远楼-302,9周 星期四 第3节-第5节 马区东-致远楼-302,9-16周 星期二 第1节-第2节 马区东-致远楼-302","XF":2,"SKXQ":4,"XNXQDM":"2024-2025-2","KCM":"汽车设计E","JASDM":"0101060302","JXLDM":"010106","JXBID":"20242-11265","SKBJ":"车辆2203-04","TYXMDM":null,"KCH":"10074117121"},{"KKDWDM":"007","XS":40,"BYBZ":"0","JSJC":5,"XXXQDM":"01","KXH":"05","KSJC":3,"XKZRS":69,"SKZC":"000000000011111110000000000000","SKJS":"孙胜男,杨莹,江涛","ISTK":0,"ZCMC":"11-17周","YPSJDD":"11-17周 星期四 第3节-第5节 马区东-致远楼-302,9周 星期四 第3节-第5节 马区东-致远楼-302,9-16周 星期二 第1节-第2节 马区东-致远楼-302","XF":2,"SKXQ":4,"XNXQDM":"2024-2025-2","KCM":"汽车设计E","JASDM":"0101060302","JXLDM":"010106","JXBID":"20242-11265","SKBJ":"车辆2203-04","TYXMDM":null,"KCH":"10074117121"},{"KKDWDM":"007","XS":40,"BYBZ":"0","JSJC":7,"XXXQDM":"01","KXH":"03","KSJC":6,"XKZRS":73,"SKZC":"000000000011111100000000000000","SKJS":"孙胜男,黄妙华","ISTK":0,"ZCMC":"11-16周","YPSJDD":"9周 星期五 第6节-第7节 马区东-致远楼-302,17周 星期三 第6节-第7节 马区东-致远楼-302,9-16周 星期三 第6节-第8节 马区东-致远楼-302,11-16周 星期五 第6节-第7节 马区东-致远楼-302","XF":2,"SKXQ":5,"XNXQDM":"2024-2025-2","KCM":"汽车设计E","JASDM":"0101060302","JXLDM":"010106","JXBID":"20242-11263","SKBJ":"车辆2201-02","TYXMDM":null,"KCH":"10074117121"},{"KKDWDM":"007","XS":40,"BYBZ":"0","JSJC":5,"XXXQDM":"01","KXH":"07","KSJC":3,"XKZRS":78,"SKZC":"000000000011111100000000000000","SKJS":"孙胜男,郭巍,陶冶","ISTK":0,"ZCMC":"11-16周","YPSJDD":"17周 星期三 第3节-第5节 马区东-致远楼-302,9-16周 星期三 第1节-第2节 马区东-致远楼-302,11-16周 星期五 第3节-第5节 马区东-致远楼-302,9周 星期五 第3节-第5节 马区东-致远楼-302","XF":2,"SKXQ":5,"XNXQDM":"2024-2025-2","KCM":"汽车设计E","JASDM":"0101060302","JXLDM":"010106","JXBID":"20242-11267","SKBJ":"车辆2205-06","TYXMDM":null,"KCH":"10074117121"},{"KKDWDM":"007","XS":48,"BYBZ":"0","JSJC":5,"XXXQDM":"01","KXH":"05","KSJC":3,"XKZRS":68,"SKZC":"000000000001110000000000000000","SKJS":"杨波,郭会茹","ISTK":0,"ZCMC":"12-14周","YPSJDD":"16-17周 星期一 第3节-第5节 马区东-致远楼-302,17周 星期二 第3节-第5节 马区东-致远楼-302,1-10周 星期一 第3节-第5节 马区东-致远楼-302,12-14周 星期一 第3节-第5节 马区东-致远楼-302","XF":3,"SKXQ":1,"XNXQDM":"2024-2025-2","KCM":"汽车理论E","JASDM":"0101060302","JXLDM":"010106","JXBID":"20242-11161","SKBJ":"车辆2203-04","TYXMDM":null,"KCH":"10074117122"},{"KKDWDM":"021","XS":40,"BYBZ":"0","JSJC":7,"XXXQDM":"01","KXH":"01","KSJC":6,"XKZRS":75,"SKZC":"000000000000010100000000","SKJS":"刘骏","ISTK":0,"ZCMC":"14-16周(双)","YPSJDD":"14-16周(双) 星期一 第6节-第7节 马区东-致远楼-302,1-10周,12-13周 星期一 第6节-第8节 马区东-致远楼-302","XF":2,"SKXQ":1,"XNXQDM":"2024-2025-2","KCM":"行政组织关系学B","JASDM":"0101060302","JXLDM":"010106","JXBID":"20242-05786","SKBJ":"政治2301-02","TYXMDM":null,"KCH":"10215117010"},{"KKDWDM":"007","XS":48,"BYBZ":"0","JSJC":5,"XXXQDM":"01","KXH":"05","KSJC":3,"XKZRS":68,"SKZC":"000000000000000110000000000000","SKJS":"杨波,郭会茹","ISTK":0,"ZCMC":"16-17周","YPSJDD":"16-17周 星期一 第3节-第5节 马区东-致远楼-302,17周 星期二 第3节-第5节 马区东-致远楼-302,1-10周 星期一 第3节-第5节 马区东-致远楼-302,12-14周 星期一 第3节-第5节 马区东-致远楼-302","XF":3,"SKXQ":1,"XNXQDM":"2024-2025-2","KCM":"汽车理论E","JASDM":"0101060302","JXLDM":"010106","JXBID":"20242-11161","SKBJ":"车辆2203-04","TYXMDM":null,"KCH":"10074117122"},{"KKDWDM":"007","XS":40,"BYBZ":"0","JSJC":5,"XXXQDM":"01","KXH":"07","KSJC":3,"XKZRS":78,"SKZC":"000000000000000010000000000000","SKJS":"孙胜男,郭巍,陶冶","ISTK":0,"ZCMC":"17周","YPSJDD":"17周 星期三 第3节-第5节 马区东-致远楼-302,9-16周 星期三 第1节-第2节 马区东-致远楼-302,11-16周 星期五 第3节-第5节 马区东-致远楼-302,9周 星期五 第3节-第5节 马区东-致远楼-302","XF":2,"SKXQ":3,"XNXQDM":"2024-2025-2","KCM":"汽车设计E","JASDM":"0101060302","JXLDM":"010106","JXBID":"20242-11267","SKBJ":"车辆2205-06","TYXMDM":null,"KCH":"10074117121"},{"KKDWDM":"007","XS":48,"BYBZ":"0","JSJC":5,"XXXQDM":"01","KXH":"05","KSJC":3,"XKZRS":68,"SKZC":"000000000000000010000000000000","SKJS":"杨波,郭会茹","ISTK":0,"ZCMC":"17周","YPSJDD":"16-17周 星期一 第3节-第5节 马区东-致远楼-302,17周 星期二 第3节-第5节 马区东-致远楼-302,1-10周 星期一 第3节-第5节 马区东-致远楼-302,12-14周 星期一 第3节-第5节 马区东-致远楼-302","XF":3,"SKXQ":2,"XNXQDM":"2024-2025-2","KCM":"汽车理论E","JASDM":"0101060302","JXLDM":"010106","JXBID":"20242-11161","SKBJ":"车辆2203-04","TYXMDM":null,"KCH":"10074117122"},{"KKDWDM":"007","XS":40,"BYBZ":"0","JSJC":7,"XXXQDM":"01","KXH":"03","KSJC":6,"XKZRS":73,"SKZC":"000000000000000010000000000000","SKJS":"孙胜男,黄妙华","ISTK":0,"ZCMC":"17周","YPSJDD":"9周 星期五 第6节-第7节 马区东-致远楼-302,17周 星期三 第6节-第7节 马区东-致远楼-302,9-16周 星期三 第6节-第8节 马区东-致远楼-302,11-16周 星期五 第6节-第7节 马区东-致远楼-302","XF":2,"SKXQ":3,"XNXQDM":"2024-2025-2","KCM":"汽车设计E","JASDM":"0101060302","JXLDM":"010106","JXBID":"20242-11263","SKBJ":"车辆2201-02","TYXMDM":null,"KCH":"10074117121"}]}},"code":"0"}