{"datas":{"jaskcb":{"extParams":{"code":1,"msg":"查询成功"},"pageSize":0,"pageNumber":0,"totalSize":-1,"rows":[{"KKDWDM":"013","XS":40,"BYBZ":"0","JSJC":5,"XXXQDM":"01","KXH":"01","KSJC":3,"XKZRS":86,"SKZC":"111111111111000000000000","SKJS":"徐冰瑢","ISTK":0,"ZCMC":"1-12周","YPSJDD":"13-14周 星期三 第3节-第4节 马区东-弘毅楼-408,1-12周 星期三 第3节-第5节 马区东-弘毅楼-408","XF":2,"SKXQ":3,"XNXQDM":"2024-2025-2","KCM":"人工智能与机器学习","JASDM":"0101030408","JXLDM":"010103","JXBID":"20242-02826","SKBJ":"机器人2201-02","TYXMDM":null,"KCH":"10134121061"},{"KKDWDM":"023","XS":32,"BYBZ":"0","JSJC":2,"XXXQDM":"01","KXH":"01","KSJC":1,"XKZRS":75,"SKZC":"111111110000000000000000000000","SKJS":"张远进,李萍","ISTK":0,"ZCMC":"1-8周","YPSJDD":"1-8周 星期三 第1节-第2节 马区东-弘毅楼-408,1-5周 星期五 第3节-第4节 马区东-弘毅楼-408,9周 星期日 第3节-第4节 马区东-弘毅楼-408,7-8周 星期五 第3节-第4节 马区东-弘毅楼-408","XF":2,"SKXQ":3,"XNXQDM":"2024-2025-2","KCM":"建设工程力学基础","JASDM":"0101030408","JXLDM":"010103","JXBID":"20242-03264","SKBJ":"安全2201-02","TYXMDM":null,"KCH":"10234121089"},{"KKDWDM":"023","XS":32,"BYBZ":"0","JSJC":4,"XXXQDM":"01","KXH":"01","KSJC":3,"XKZRS":75,"SKZC":"111110000000000000000000000000","SKJS":"张远进,李萍","ISTK":0,"ZCMC":"1-5周","YPSJDD":"1-8周 星期三 第1节-第2节 马区东-弘毅楼-408,1-5周 星期五 第3节-第4节 马区东-弘毅楼-408,9周 星期日 第3节-第4节 马区东-弘毅楼-408,7-8周 星期五 第3节-第4节 马区东-弘毅楼-408","XF":2,"SKXQ":5,"XNXQDM":"2024-2025-2","KCM":"建设工程力学基础","JASDM":"0101030408","JXLDM":"010103","JXBID":"20242-03264","SKBJ":"安全2201-02","TYXMDM":null,"KCH":"10234121089"},{"KKDWDM":"021","XS":40,"BYBZ":"0","JSJC":8,"XXXQDM":"01","KXH":"01","KSJC":6,"XKZRS":52,"SKZC":"000001111111100000000000000000","SKJS":"许瑶","ISTK":0,"ZCMC":"6-13周","YPSJDD":"6-13周 星期二 第6节-第8节 马区东-弘毅楼-408,6-9周,11-14周 星期四 第11节-第12节 马区东-弘毅楼-408","XF":2,"SKXQ":2,"XNXQDM":"2024-2025-2","KCM":"中国政治制度史C","JASDM":"0101030408","JXLDM":"010103","JXBID":"20242-03085","SKBJ":"政治2201-02","TYXMDM":null,"KCH":"10215117008"},{"KKDWDM":"021","XS":40,"BYBZ":"0","JSJC":12,"XXXQDM":"01","KXH":"01","KSJC":11,"XKZRS":52,"SKZC":"000001111011110000000000000000","SKJS":"许瑶","ISTK":0,"ZCMC":"6-9周,11-14周","YPSJDD":"6-13周 星期二 第6节-第8节 马区东-弘毅楼-408,6-9周,11-14周 星期四 第11节-第12节 马区东-弘毅楼-408","XF":2,"SKXQ":4,"XNXQDM":"2024-2025-2","KCM":"中国政治制度史C","JASDM":"0101030408","JXLDM":"010103","JXBID":"20242-03085","SKBJ":"政治2201-02","TYXMDM":null,"KCH":"10215117008"},{"KKDWDM":"023","XS":32,"BYBZ":"0","JSJC":4,"XXXQDM":"01","KXH":"01","KSJC":3,"XKZRS":75,"SKZC":"000000110000000000000000000000","SKJS":"张远进,李萍","ISTK":0,"ZCMC":"7-8周","YPSJDD":"1-8周 星期三 第1节-第2节 马区东-弘毅楼-408,1-5周 星期五 第3节-第4节 马区东-弘毅楼-408,9周 星期日 第3节-第4节 马区东-弘毅楼-408,7-8周 星期五 第3节-第4节 马区东-弘毅楼-408","XF":2,"SKXQ":5,"XNXQDM":"2024-2025-2","KCM":"建设工程力学基础","JASDM":"0101030408","JXLDM":"010103","JXBID":"20242-03264","SKBJ":"安全2201-02","TYXMDM":null,"KCH":"10234121089"},{"KKDWDM":"023","XS":32,"BYBZ":"0","JSJC":4,"XXXQDM":"01","KXH":"01","KSJC":3,"XKZRS":75,"SKZC":"000000001000000000000000000000","SKJS":"张远进,李萍","ISTK":0,"ZCMC":"9周","YPSJDD":"1-8周 星期三 第1节-第2节 马区东-弘毅楼-408,1-5周 星期五 第3节-第4节 马区东-弘毅楼-408,9周 星期日 第3节-第4节 马区东-弘毅楼-408,7-8周 星期五 第3节-第4节 马区东-弘毅楼-408","XF":2,"SKXQ":7,"XNXQDM":"2024-2025-2","KCM":"建设工程力学基础","JASDM":"0101030408","JXLDM":"010103","JXBID":"20242-03264","SKBJ":"安全2201-02","TYXMDM":null,"KCH":"10234121089"},{"KKDWDM":"013","XS":40,"BYBZ":"0","JSJC":4,"XXXQDM":"01","KXH":"01","KSJC":3,"XKZRS":86,"SKZC":"000000000000110000000000","SKJS":"徐冰瑢","ISTK":0,"ZCMC":"13-14周","YPSJDD":"13-14周 星期三 第3节-第4节 马区东-弘毅楼-408,1-12周 星期三 第3节-第5节 马区东-弘毅楼-408","XF":2,"SKXQ":3,"XNXQDM":"2024-2025-2","KCM":"人工智能与机器学习","JASDM":"0101030408","JXLDM":"010103","JXBID":"20242-02826","SKBJ":"机器人2201-02","TYXMDM":null,"KCH":"10134121061"},{"KKDWDM":null,"XS":null,"BYBZ":"3","JSJC":6,"XXXQDM":null,"KXH":null,"KSJC":6,"XKZRS":null,"SKZC":"000010000000000000000000000000","SKJS":null,"ISTK":0,"ZCMC":"5周","YPSJDD":null,"XF":null,"SKXQ":4,"XNXQDM":"2024-2025-2","KCM":"商务沟通技巧","JASDM":"0101030408","JXLDM":null,"JXBID":null,"SKBJ":"F2302","TYXMDM":null,"KCH":"20244124098"}]}},"code":"0"}