{"datas":{"jaskcb":{"extParams":{"code":1,"msg":"查询成功"},"pageSize":0,"pageNumber":0,"totalSize":-1,"rows":[{"KKDWDM":"013","XS":48,"BYBZ":"0","JSJC":8,"XXXQDM":"01","KXH":"06","KSJC":6,"XKZRS":109,"SKZC":"111111111100000000000000000000","SKJS":"吴勇,王茜","ISTK":0,"ZCMC":"1-10周","YPSJDD":"16-17周 星期一 第6节-第8节 马区东-弘毅楼-313,1-10周 星期一 第6节-第8节 马区东-弘毅楼-313,17周 星期二 第6节-第8节 马区东-弘毅楼-313,12-14周 星期一 第6节-第8节 马区东-弘毅楼-313","XF":3,"SKXQ":1,"XNXQDM":"2024-2025-2","KCM":"电机与运动控制系统","JASDM":"0101030313","JXLDM":"010103","JXBID":"20242-09994","SKBJ":"自动化2201-03","TYXMDM":null,"KCH":"10134121070"},{"KKDWDM":"013","XS":32,"BYBZ":"0","JSJC":2,"XXXQDM":"01","KXH":"02","KSJC":1,"XKZRS":65,"SKZC":"11111111","SKJS":"陈亚红","ISTK":0,"ZCMC":"1-8周","YPSJDD":"1-8周 星期三 第1节-第2节 马区东-弘毅楼-313,1-8周 星期一 第9节-第10节 马区东-弘毅楼-313","XF":2,"SKXQ":3,"XNXQDM":"2024-2025-2","KCM":"新型电机及应用","JASDM":"0101030313","JXLDM":"010103","JXBID":"20242-10424","SKBJ":"机器人2201-02,电气2204-05,电气zy2201","TYXMDM":null,"KCH":"10135121046"},{"KKDWDM":"013","XS":32,"BYBZ":"0","JSJC":10,"XXXQDM":"01","KXH":"02","KSJC":9,"XKZRS":65,"SKZC":"11111111","SKJS":"陈亚红","ISTK":0,"ZCMC":"1-8周","YPSJDD":"1-8周 星期三 第1节-第2节 马区东-弘毅楼-313,1-8周 星期一 第9节-第10节 马区东-弘毅楼-313","XF":2,"SKXQ":1,"XNXQDM":"2024-2025-2","KCM":"新型电机及应用","JASDM":"0101030313","JXLDM":"010103","JXBID":"20242-10424","SKBJ":"机器人2201-02,电气2204-05,电气zy2201","TYXMDM":null,"KCH":"10135121046"},{"KKDWDM":"013","XS":48,"BYBZ":"0","JSJC":8,"XXXQDM":"01","KXH":"02","KSJC":6,"XKZRS":107,"SKZC":"111110000000000000000000000000","SKJS":"吴勇,王茜","ISTK":0,"ZCMC":"1-5周","YPSJDD":"1-5周 星期五 第6节-第8节 马区东-弘毅楼-313,7-9周 星期五 第6节-第8节 马区东-弘毅楼-313,9周 星期日 第6节-第8节 马区东-弘毅楼-313,11-16周 星期五 第6节-第8节 马区东-弘毅楼-313,17周 星期三 第6节-第8节 马区东-弘毅楼-313","XF":3,"SKXQ":5,"XNXQDM":"2024-2025-2","KCM":"电机与运动控制系统","JASDM":"0101030313","JXLDM":"010103","JXBID":"20242-02392","SKBJ":"自动化2204-05,自动化zy2201","TYXMDM":null,"KCH":"10134121070"},{"KKDWDM":"013","XS":48,"BYBZ":"0","JSJC":8,"XXXQDM":"01","KXH":"02","KSJC":6,"XKZRS":107,"SKZC":"000000111000000000000000000000","SKJS":"吴勇,王茜","ISTK":0,"ZCMC":"7-9周","YPSJDD":"1-5周 星期五 第6节-第8节 马区东-弘毅楼-313,7-9周 星期五 第6节-第8节 马区东-弘毅楼-313,9周 星期日 第6节-第8节 马区东-弘毅楼-313,11-16周 星期五 第6节-第8节 马区东-弘毅楼-313,17周 星期三 第6节-第8节 马区东-弘毅楼-313","XF":3,"SKXQ":5,"XNXQDM":"2024-2025-2","KCM":"电机与运动控制系统","JASDM":"0101030313","JXLDM":"010103","JXBID":"20242-02392","SKBJ":"自动化2204-05,自动化zy2201","TYXMDM":null,"KCH":"10134121070"},{"KKDWDM":"013","XS":40,"BYBZ":"0","JSJC":5,"XXXQDM":"01","KXH":"02","KSJC":3,"XKZRS":18,"SKZC":"000000001111111100000000000000","SKJS":"周泽","ISTK":0,"ZCMC":"9-16周","YPSJDD":"17周 星期二 第1节-第2节 马区东-弘毅楼-313,9-16周 星期三 第3节-第5节 马区东-弘毅楼-313,9-10周,12-14周,16-17周 星期一 第1节-第2节 马区东-弘毅楼-313","XF":2,"SKXQ":3,"XNXQDM":"2024-2025-2","KCM":"电力系统分析Ⅱ","JASDM":"0101030313","JXLDM":"010103","JXBID":"20242-03387","SKBJ":"电气2204-05,电气zy2201","TYXMDM":null,"KCH":"10135121047"},{"KKDWDM":"013","XS":40,"BYBZ":"0","JSJC":2,"XXXQDM":"01","KXH":"02","KSJC":1,"XKZRS":18,"SKZC":"000000001101110110000000000000","SKJS":"周泽","ISTK":0,"ZCMC":"9-10周,12-14周,16-17周","YPSJDD":"17周 星期二 第1节-第2节 马区东-弘毅楼-313,9-16周 星期三 第3节-第5节 马区东-弘毅楼-313,9-10周,12-14周,16-17周 星期一 第1节-第2节 马区东-弘毅楼-313","XF":2,"SKXQ":1,"XNXQDM":"2024-2025-2","KCM":"电力系统分析Ⅱ","JASDM":"0101030313","JXLDM":"010103","JXBID":"20242-03387","SKBJ":"电气2204-05,电气zy2201","TYXMDM":null,"KCH":"10135121047"},{"KKDWDM":"013","XS":48,"BYBZ":"0","JSJC":8,"XXXQDM":"01","KXH":"02","KSJC":6,"XKZRS":107,"SKZC":"000000001000000000000000000000","SKJS":"吴勇,王茜","ISTK":0,"ZCMC":"9周","YPSJDD":"1-5周 星期五 第6节-第8节 马区东-弘毅楼-313,7-9周 星期五 第6节-第8节 马区东-弘毅楼-313,9周 星期日 第6节-第8节 马区东-弘毅楼-313,11-16周 星期五 第6节-第8节 马区东-弘毅楼-313,17周 星期三 第6节-第8节 马区东-弘毅楼-313","XF":3,"SKXQ":7,"XNXQDM":"2024-2025-2","KCM":"电机与运动控制系统","JASDM":"0101030313","JXLDM":"010103","JXBID":"20242-02392","SKBJ":"自动化2204-05,自动化zy2201","TYXMDM":null,"KCH":"10134121070"},{"KKDWDM":"013","XS":48,"BYBZ":"0","JSJC":8,"XXXQDM":"01","KXH":"02","KSJC":6,"XKZRS":107,"SKZC":"000000000011111100000000000000","SKJS":"吴勇,王茜","ISTK":0,"ZCMC":"11-16周","YPSJDD":"1-5周 星期五 第6节-第8节 马区东-弘毅楼-313,7-9周 星期五 第6节-第8节 马区东-弘毅楼-313,9周 星期日 第6节-第8节 马区东-弘毅楼-313,11-16周 星期五 第6节-第8节 马区东-弘毅楼-313,17周 星期三 第6节-第8节 马区东-弘毅楼-313","XF":3,"SKXQ":5,"XNXQDM":"2024-2025-2","KCM":"电机与运动控制系统","JASDM":"0101030313","JXLDM":"010103","JXBID":"20242-02392","SKBJ":"自动化2204-05,自动化zy2201","TYXMDM":null,"KCH":"10134121070"},{"KKDWDM":"013","XS":48,"BYBZ":"0","JSJC":8,"XXXQDM":"01","KXH":"06","KSJC":6,"XKZRS":109,"SKZC":"000000000001110000000000000000","SKJS":"吴勇,王茜","ISTK":0,"ZCMC":"12-14周","YPSJDD":"16-17周 星期一 第6节-第8节 马区东-弘毅楼-313,1-10周 星期一 第6节-第8节 马区东-弘毅楼-313,17周 星期二 第6节-第8节 马区东-弘毅楼-313,12-14周 星期一 第6节-第8节 马区东-弘毅楼-313","XF":3,"SKXQ":1,"XNXQDM":"2024-2025-2","KCM":"电机与运动控制系统","JASDM":"0101030313","JXLDM":"010103","JXBID":"20242-09994","SKBJ":"自动化2201-03","TYXMDM":null,"KCH":"10134121070"},{"KKDWDM":"013","XS":48,"BYBZ":"0","JSJC":8,"XXXQDM":"01","KXH":"06","KSJC":6,"XKZRS":109,"SKZC":"000000000000000110000000000000","SKJS":"吴勇,王茜","ISTK":0,"ZCMC":"16-17周","YPSJDD":"16-17周 星期一 第6节-第8节 马区东-弘毅楼-313,1-10周 星期一 第6节-第8节 马区东-弘毅楼-313,17周 星期二 第6节-第8节 马区东-弘毅楼-313,12-14周 星期一 第6节-第8节 马区东-弘毅楼-313","XF":3,"SKXQ":1,"XNXQDM":"2024-2025-2","KCM":"电机与运动控制系统","JASDM":"0101030313","JXLDM":"010103","JXBID":"20242-09994","SKBJ":"自动化2201-03","TYXMDM":null,"KCH":"10134121070"},{"KKDWDM":"013","XS":48,"BYBZ":"0","JSJC":8,"XXXQDM":"01","KXH":"02","KSJC":6,"XKZRS":107,"SKZC":"000000000000000010000000000000","SKJS":"吴勇,王茜","ISTK":0,"ZCMC":"17周","YPSJDD":"1-5周 星期五 第6节-第8节 马区东-弘毅楼-313,7-9周 星期五 第6节-第8节 马区东-弘毅楼-313,9周 星期日 第6节-第8节 马区东-弘毅楼-313,11-16周 星期五 第6节-第8节 马区东-弘毅楼-313,17周 星期三 第6节-第8节 马区东-弘毅楼-313","XF":3,"SKXQ":3,"XNXQDM":"2024-2025-2","KCM":"电机与运动控制系统","JASDM":"0101030313","JXLDM":"010103","JXBID":"20242-02392","SKBJ":"自动化2204-05,自动化zy2201","TYXMDM":null,"KCH":"10134121070"},{"KKDWDM":"013","XS":40,"BYBZ":"0","JSJC":2,"XXXQDM":"01","KXH":"02","KSJC":1,"XKZRS":18,"SKZC":"000000000000000010000000000000","SKJS":"周泽","ISTK":0,"ZCMC":"17周","YPSJDD":"17周 星期二 第1节-第2节 马区东-弘毅楼-313,9-16周 星期三 第3节-第5节 马区东-弘毅楼-313,9-10周,12-14周,16-17周 星期一 第1节-第2节 马区东-弘毅楼-313","XF":2,"SKXQ":2,"XNXQDM":"2024-2025-2","KCM":"电力系统分析Ⅱ","JASDM":"0101030313","JXLDM":"010103","JXBID":"20242-03387","SKBJ":"电气2204-05,电气zy2201","TYXMDM":null,"KCH":"10135121047"},{"KKDWDM":"013","XS":48,"BYBZ":"0","JSJC":8,"XXXQDM":"01","KXH":"06","KSJC":6,"XKZRS":109,"SKZC":"000000000000000010000000000000","SKJS":"吴勇,王茜","ISTK":0,"ZCMC":"17周","YPSJDD":"16-17周 星期一 第6节-第8节 马区东-弘毅楼-313,1-10周 星期一 第6节-第8节 马区东-弘毅楼-313,17周 星期二 第6节-第8节 马区东-弘毅楼-313,12-14周 星期一 第6节-第8节 马区东-弘毅楼-313","XF":3,"SKXQ":2,"XNXQDM":"2024-2025-2","KCM":"电机与运动控制系统","JASDM":"0101030313","JXLDM":"010103","JXBID":"20242-09994","SKBJ":"自动化2201-03","TYXMDM":null,"KCH":"10134121070"},{"KKDWDM":null,"XS":null,"BYBZ":"3","JSJC":6,"XXXQDM":null,"KXH":null,"KSJC":6,"XKZRS":null,"SKZC":"000010000000000000000000000000","SKJS":null,"ISTK":0,"ZCMC":"5周","YPSJDD":null,"XF":null,"SKXQ":4,"XNXQDM":"2024-2025-2","KCM":"商务沟通技巧","JASDM":"0101030313","JXLDM":null,"JXBID":null,"SKBJ":"GTB2303","TYXMDM":null,"KCH":"20244124098"}]}},"code":"0"}