{"datas":{"jaskcb":{"extParams":{"code":1,"msg":"查询成功"},"pageSize":0,"pageNumber":0,"totalSize":-1,"rows":[{"KKDWDM":"013","XS":32,"BYBZ":"0","JSJC":2,"XXXQDM":"01","KXH":"02","KSJC":1,"XKZRS":137,"SKZC":"111111110000000000000000000000","SKJS":"肖朋,陈启宏","ISTK":0,"ZCMC":"1-8周","YPSJDD":"1-8周 星期四 第1节-第2节 马区东-致远楼-412,1-8周 星期一 第1节-第2节 马区东-致远楼-412","XF":2,"SKXQ":1,"XNXQDM":"2024-2025-2","KCM":"电机驱动与控制技术","JASDM":"0101060412","JXLDM":"010106","JXBID":"20242-10037","SKBJ":"电气2201-04","TYXMDM":null,"KCH":"10135121045"},{"KKDWDM":"013","XS":32,"BYBZ":"0","JSJC":4,"XXXQDM":"01","KXH":"01","KSJC":3,"XKZRS":49,"SKZC":"111111110000000000000000000000","SKJS":"李向明,黄云辉","ISTK":0,"ZCMC":"1-8周","YPSJDD":"1-8周 星期四 第3节-第4节 马区东-致远楼-412,1-8周 星期二 第1节-第2节 马区东-致远楼-412","XF":2,"SKXQ":4,"XNXQDM":"2024-2025-2","KCM":"智能电网新技术","JASDM":"0101060412","JXLDM":"010106","JXBID":"20242-02345","SKBJ":"电气2201-05,电气zy2201","TYXMDM":null,"KCH":"10135116022"},{"KKDWDM":"013","XS":32,"BYBZ":"0","JSJC":7,"XXXQDM":"01","KXH":"05","KSJC":6,"XKZRS":23,"SKZC":"111111110000000000000000000000","SKJS":"李维波","ISTK":0,"ZCMC":"1-8周","YPSJDD":"9周 星期日 第1节-第2节 马区东-致远楼-412,1-8周 星期三 第6节-第7节 马区东-致远楼-412,1-5周 星期五 第1节-第2节 马区东-致远楼-412,7-8周 星期五 第1节-第2节 马区东-致远楼-412","XF":2,"SKXQ":3,"XNXQDM":"2024-2025-2","KCM":"电力变换与控制技术","JASDM":"0101060412","JXLDM":"010106","JXBID":"20242-10007","SKBJ":"电气2201-05,电气zy2201","TYXMDM":null,"KCH":"10135121034"},{"KKDWDM":"013","XS":32,"BYBZ":"0","JSJC":2,"XXXQDM":"01","KXH":"01","KSJC":1,"XKZRS":49,"SKZC":"111111110000000000000000000000","SKJS":"李向明,黄云辉","ISTK":0,"ZCMC":"1-8周","YPSJDD":"1-8周 星期四 第3节-第4节 马区东-致远楼-412,1-8周 星期二 第1节-第2节 马区东-致远楼-412","XF":2,"SKXQ":2,"XNXQDM":"2024-2025-2","KCM":"智能电网新技术","JASDM":"0101060412","JXLDM":"010106","JXBID":"20242-02345","SKBJ":"电气2201-05,电气zy2201","TYXMDM":null,"KCH":"10135116022"},{"KKDWDM":"013","XS":32,"BYBZ":"0","JSJC":2,"XXXQDM":"01","KXH":"02","KSJC":1,"XKZRS":137,"SKZC":"111111110000000000000000000000","SKJS":"肖朋,陈启宏","ISTK":0,"ZCMC":"1-8周","YPSJDD":"1-8周 星期四 第1节-第2节 马区东-致远楼-412,1-8周 星期一 第1节-第2节 马区东-致远楼-412","XF":2,"SKXQ":4,"XNXQDM":"2024-2025-2","KCM":"电机驱动与控制技术","JASDM":"0101060412","JXLDM":"010106","JXBID":"20242-10037","SKBJ":"电气2201-04","TYXMDM":null,"KCH":"10135121045"},{"KKDWDM":"013","XS":40,"BYBZ":"0","JSJC":8,"XXXQDM":"01","KXH":"05","KSJC":6,"XKZRS":84,"SKZC":"111110111011100000000000","SKJS":"胡红明","ISTK":0,"ZCMC":"1-5周,7-9周,11-13周","YPSJDD":"14-15周 星期五 第6节-第7节 马区东-致远楼-412,1-5周,7-9周,11-13周 星期五 第6节-第8节 马区东-致远楼-412,9周 星期日 第6节-第8节 马区东-致远楼-412","XF":2,"SKXQ":5,"XNXQDM":"2024-2025-2","KCM":"电力电子装置及控制","JASDM":"0101060412","JXLDM":"010106","JXBID":"20242-10001","SKBJ":"电气2201-05,电气zy2201","TYXMDM":null,"KCH":"10135121049"},{"KKDWDM":"013","XS":32,"BYBZ":"0","JSJC":2,"XXXQDM":"01","KXH":"05","KSJC":1,"XKZRS":23,"SKZC":"111110000000000000000000000000","SKJS":"李维波","ISTK":0,"ZCMC":"1-5周","YPSJDD":"9周 星期日 第1节-第2节 马区东-致远楼-412,1-8周 星期三 第6节-第7节 马区东-致远楼-412,1-5周 星期五 第1节-第2节 马区东-致远楼-412,7-8周 星期五 第1节-第2节 马区东-致远楼-412","XF":2,"SKXQ":5,"XNXQDM":"2024-2025-2","KCM":"电力变换与控制技术","JASDM":"0101060412","JXLDM":"010106","JXBID":"20242-10007","SKBJ":"电气2201-05,电气zy2201","TYXMDM":null,"KCH":"10135121034"},{"KKDWDM":"013","XS":32,"BYBZ":"0","JSJC":2,"XXXQDM":"01","KXH":"05","KSJC":1,"XKZRS":23,"SKZC":"000000110000000000000000000000","SKJS":"李维波","ISTK":0,"ZCMC":"7-8周","YPSJDD":"9周 星期日 第1节-第2节 马区东-致远楼-412,1-8周 星期三 第6节-第7节 马区东-致远楼-412,1-5周 星期五 第1节-第2节 马区东-致远楼-412,7-8周 星期五 第1节-第2节 马区东-致远楼-412","XF":2,"SKXQ":5,"XNXQDM":"2024-2025-2","KCM":"电力变换与控制技术","JASDM":"0101060412","JXLDM":"010106","JXBID":"20242-10007","SKBJ":"电气2201-05,电气zy2201","TYXMDM":null,"KCH":"10135121034"},{"KKDWDM":"013","XS":48,"BYBZ":"0","JSJC":8,"XXXQDM":"01","KXH":"02","KSJC":6,"XKZRS":139,"SKZC":"000000001111111100000000000000","SKJS":"肖繁","ISTK":0,"ZCMC":"9-16周","YPSJDD":"17周 星期三 第1节-第2节 马区东-致远楼-412,11-16周 星期五 第1节-第2节 马区东-致远楼-412,9周 星期五 第1节-第2节 马区东-致远楼-412,9-16周 星期三 第6节-第8节 马区东-致远楼-412","XF":3,"SKXQ":3,"XNXQDM":"2024-2025-2","KCM":"电力系统自动化","JASDM":"0101060412","JXLDM":"010106","JXBID":"20242-03459","SKBJ":"电气2201-05,电气zy2201","TYXMDM":null,"KCH":"10135121043"},{"KKDWDM":"013","XS":48,"BYBZ":"0","JSJC":2,"XXXQDM":"01","KXH":"02","KSJC":1,"XKZRS":68,"SKZC":"000000001111111100000000000000","SKJS":"唐金锐,熊斌宇","ISTK":0,"ZCMC":"9-16周","YPSJDD":"12-14周 星期一 第3节-第5节 马区东-致远楼-412,9-10周 星期一 第3节-第5节 马区东-致远楼-412,17周 星期二 第3节-第5节 马区东-致远楼-412,9-16周 星期三 第1节-第2节 马区东-致远楼-412,16-17周 星期一 第3节-第5节 马区东-致远楼-412","XF":3,"SKXQ":3,"XNXQDM":"2024-2025-2","KCM":"电力系统继电保护B","JASDM":"0101060412","JXLDM":"010106","JXBID":"20242-02587","SKBJ":"电气2201-05","TYXMDM":null,"KCH":"10125111005"},{"KKDWDM":"013","XS":48,"BYBZ":"0","JSJC":5,"XXXQDM":"01","KXH":"02","KSJC":3,"XKZRS":68,"SKZC":"000000001100000000000000000000","SKJS":"唐金锐,熊斌宇","ISTK":0,"ZCMC":"9-10周","YPSJDD":"12-14周 星期一 第3节-第5节 马区东-致远楼-412,9-10周 星期一 第3节-第5节 马区东-致远楼-412,17周 星期二 第3节-第5节 马区东-致远楼-412,9-16周 星期三 第1节-第2节 马区东-致远楼-412,16-17周 星期一 第3节-第5节 马区东-致远楼-412","XF":3,"SKXQ":1,"XNXQDM":"2024-2025-2","KCM":"电力系统继电保护B","JASDM":"0101060412","JXLDM":"010106","JXBID":"20242-02587","SKBJ":"电气2201-05","TYXMDM":null,"KCH":"10125111005"},{"KKDWDM":"013","XS":48,"BYBZ":"0","JSJC":2,"XXXQDM":"01","KXH":"02","KSJC":1,"XKZRS":139,"SKZC":"000000001000000000000000000000","SKJS":"肖繁","ISTK":0,"ZCMC":"9周","YPSJDD":"17周 星期三 第1节-第2节 马区东-致远楼-412,11-16周 星期五 第1节-第2节 马区东-致远楼-412,9周 星期五 第1节-第2节 马区东-致远楼-412,9-16周 星期三 第6节-第8节 马区东-致远楼-412","XF":3,"SKXQ":5,"XNXQDM":"2024-2025-2","KCM":"电力系统自动化","JASDM":"0101060412","JXLDM":"010106","JXBID":"20242-03459","SKBJ":"电气2201-05,电气zy2201","TYXMDM":null,"KCH":"10135121043"},{"KKDWDM":"013","XS":32,"BYBZ":"0","JSJC":2,"XXXQDM":"01","KXH":"05","KSJC":1,"XKZRS":23,"SKZC":"000000001000000000000000000000","SKJS":"李维波","ISTK":0,"ZCMC":"9周","YPSJDD":"9周 星期日 第1节-第2节 马区东-致远楼-412,1-8周 星期三 第6节-第7节 马区东-致远楼-412,1-5周 星期五 第1节-第2节 马区东-致远楼-412,7-8周 星期五 第1节-第2节 马区东-致远楼-412","XF":2,"SKXQ":7,"XNXQDM":"2024-2025-2","KCM":"电力变换与控制技术","JASDM":"0101060412","JXLDM":"010106","JXBID":"20242-10007","SKBJ":"电气2201-05,电气zy2201","TYXMDM":null,"KCH":"10135121034"},{"KKDWDM":"013","XS":40,"BYBZ":"0","JSJC":8,"XXXQDM":"01","KXH":"05","KSJC":6,"XKZRS":84,"SKZC":"000000001000000000000000","SKJS":"胡红明","ISTK":0,"ZCMC":"9周","YPSJDD":"14-15周 星期五 第6节-第7节 马区东-致远楼-412,1-5周,7-9周,11-13周 星期五 第6节-第8节 马区东-致远楼-412,9周 星期日 第6节-第8节 马区东-致远楼-412","XF":2,"SKXQ":7,"XNXQDM":"2024-2025-2","KCM":"电力电子装置及控制","JASDM":"0101060412","JXLDM":"010106","JXBID":"20242-10001","SKBJ":"电气2201-05,电气zy2201","TYXMDM":null,"KCH":"10135121049"},{"KKDWDM":"013","XS":48,"BYBZ":"0","JSJC":2,"XXXQDM":"01","KXH":"02","KSJC":1,"XKZRS":139,"SKZC":"000000000011111100000000000000","SKJS":"肖繁","ISTK":0,"ZCMC":"11-16周","YPSJDD":"17周 星期三 第1节-第2节 马区东-致远楼-412,11-16周 星期五 第1节-第2节 马区东-致远楼-412,9周 星期五 第1节-第2节 马区东-致远楼-412,9-16周 星期三 第6节-第8节 马区东-致远楼-412","XF":3,"SKXQ":5,"XNXQDM":"2024-2025-2","KCM":"电力系统自动化","JASDM":"0101060412","JXLDM":"010106","JXBID":"20242-03459","SKBJ":"电气2201-05,电气zy2201","TYXMDM":null,"KCH":"10135121043"},{"KKDWDM":"013","XS":48,"BYBZ":"0","JSJC":5,"XXXQDM":"01","KXH":"02","KSJC":3,"XKZRS":68,"SKZC":"000000000001110000000000000000","SKJS":"唐金锐,熊斌宇","ISTK":0,"ZCMC":"12-14周","YPSJDD":"12-14周 星期一 第3节-第5节 马区东-致远楼-412,9-10周 星期一 第3节-第5节 马区东-致远楼-412,17周 星期二 第3节-第5节 马区东-致远楼-412,9-16周 星期三 第1节-第2节 马区东-致远楼-412,16-17周 星期一 第3节-第5节 马区东-致远楼-412","XF":3,"SKXQ":1,"XNXQDM":"2024-2025-2","KCM":"电力系统继电保护B","JASDM":"0101060412","JXLDM":"010106","JXBID":"20242-02587","SKBJ":"电气2201-05","TYXMDM":null,"KCH":"10125111005"},{"KKDWDM":"013","XS":40,"BYBZ":"0","JSJC":7,"XXXQDM":"01","KXH":"05","KSJC":6,"XKZRS":84,"SKZC":"000000000000011000000000","SKJS":"胡红明","ISTK":0,"ZCMC":"14-15周","YPSJDD":"14-15周 星期五 第6节-第7节 马区东-致远楼-412,1-5周,7-9周,11-13周 星期五 第6节-第8节 马区东-致远楼-412,9周 星期日 第6节-第8节 马区东-致远楼-412","XF":2,"SKXQ":5,"XNXQDM":"2024-2025-2","KCM":"电力电子装置及控制","JASDM":"0101060412","JXLDM":"010106","JXBID":"20242-10001","SKBJ":"电气2201-05,电气zy2201","TYXMDM":null,"KCH":"10135121049"},{"KKDWDM":"013","XS":48,"BYBZ":"0","JSJC":5,"XXXQDM":"01","KXH":"02","KSJC":3,"XKZRS":68,"SKZC":"000000000000000110000000000000","SKJS":"唐金锐,熊斌宇","ISTK":0,"ZCMC":"16-17周","YPSJDD":"12-14周 星期一 第3节-第5节 马区东-致远楼-412,9-10周 星期一 第3节-第5节 马区东-致远楼-412,17周 星期二 第3节-第5节 马区东-致远楼-412,9-16周 星期三 第1节-第2节 马区东-致远楼-412,16-17周 星期一 第3节-第5节 马区东-致远楼-412","XF":3,"SKXQ":1,"XNXQDM":"2024-2025-2","KCM":"电力系统继电保护B","JASDM":"0101060412","JXLDM":"010106","JXBID":"20242-02587","SKBJ":"电气2201-05","TYXMDM":null,"KCH":"10125111005"},{"KKDWDM":"013","XS":48,"BYBZ":"0","JSJC":5,"XXXQDM":"01","KXH":"02","KSJC":3,"XKZRS":68,"SKZC":"000000000000000010000000000000","SKJS":"唐金锐,熊斌宇","ISTK":0,"ZCMC":"17周","YPSJDD":"12-14周 星期一 第3节-第5节 马区东-致远楼-412,9-10周 星期一 第3节-第5节 马区东-致远楼-412,17周 星期二 第3节-第5节 马区东-致远楼-412,9-16周 星期三 第1节-第2节 马区东-致远楼-412,16-17周 星期一 第3节-第5节 马区东-致远楼-412","XF":3,"SKXQ":2,"XNXQDM":"2024-2025-2","KCM":"电力系统继电保护B","JASDM":"0101060412","JXLDM":"010106","JXBID":"20242-02587","SKBJ":"电气2201-05","TYXMDM":null,"KCH":"10125111005"},{"KKDWDM":"013","XS":48,"BYBZ":"0","JSJC":2,"XXXQDM":"01","KXH":"02","KSJC":1,"XKZRS":139,"SKZC":"000000000000000010000000000000","SKJS":"肖繁","ISTK":0,"ZCMC":"17周","YPSJDD":"17周 星期三 第1节-第2节 马区东-致远楼-412,11-16周 星期五 第1节-第2节 马区东-致远楼-412,9周 星期五 第1节-第2节 马区东-致远楼-412,9-16周 星期三 第6节-第8节 马区东-致远楼-412","XF":3,"SKXQ":3,"XNXQDM":"2024-2025-2","KCM":"电力系统自动化","JASDM":"0101060412","JXLDM":"010106","JXBID":"20242-03459","SKBJ":"电气2201-05,电气zy2201","TYXMDM":null,"KCH":"10135121043"},{"KKDWDM":null,"XS":null,"BYBZ":"1","JSJC":13,"XXXQDM":null,"KXH":null,"KSJC":9,"XKZRS":null,"SKZC":"000010000000000000000000000000","SKJS":"张媚娟","ISTK":0,"ZCMC":"5周","YPSJDD":null,"XF":null,"SKXQ":7,"XNXQDM":"2024-2025-2","KCM":"法学社会学院2024级研究生研学讲堂(借用)","JASDM":"0101060412","JXLDM":null,"JXBID":null,"SKBJ":null,"TYXMDM":null,"KCH":null}]}},"code":"0"}