{"datas":{"jaskcb":{"extParams":{"code":1,"msg":"查询成功"},"pageSize":0,"pageNumber":0,"totalSize":-1,"rows":[{"KKDWDM":null,"XS":null,"BYBZ":"1","JSJC":5,"XXXQDM":null,"KXH":null,"KSJC":3,"XKZRS":null,"SKZC":"011111111111111111000000000000","SKJS":"叶琼琼","ISTK":0,"ZCMC":"2-18周","YPSJDD":null,"XF":null,"SKXQ":4,"XNXQDM":"2024-2025-2","KCM":"中华文化与传播","JASDM":"0101060204","JXLDM":null,"JXBID":null,"SKBJ":null,"TYXMDM":null,"KCH":"50220224038"},{"KKDWDM":null,"XS":null,"BYBZ":"1","JSJC":5,"XXXQDM":null,"KXH":null,"KSJC":3,"XKZRS":null,"SKZC":"000000000000000001000000000000","SKJS":"叶琼琼","ISTK":0,"ZCMC":"18周","YPSJDD":null,"XF":null,"SKXQ":5,"XNXQDM":"2024-2025-2","KCM":"中华文化与传播","JASDM":"0101060204","JXLDM":null,"JXBID":null,"SKBJ":null,"TYXMDM":null,"KCH":"50220224038"},{"KKDWDM":null,"XS":null,"BYBZ":"1","JSJC":5,"XXXQDM":null,"KXH":null,"KSJC":3,"XKZRS":null,"SKZC":"000011111111100000000000000000","SKJS":"龚琼芳","ISTK":0,"ZCMC":"5-13周","YPSJDD":null,"XF":null,"SKXQ":2,"XNXQDM":"2024-2025-2","KCM":"跨文化交际","JASDM":"0101060204","JXLDM":null,"JXBID":null,"SKBJ":null,"TYXMDM":null,"KCH":"50220224039"},{"KKDWDM":null,"XS":null,"BYBZ":"1","JSJC":8,"XXXQDM":null,"KXH":null,"KSJC":6,"XKZRS":null,"SKZC":"000011111111100000000000000000","SKJS":"龚琼芳","ISTK":0,"ZCMC":"5-13周","YPSJDD":null,"XF":null,"SKXQ":3,"XNXQDM":"2024-2025-2","KCM":"跨文化交际","JASDM":"0101060204","JXLDM":null,"JXBID":null,"SKBJ":null,"TYXMDM":null,"KCH":"50220224039"}]}},"code":"0"}