{"datas":{"jaskcb":{"extParams":{"code":1,"msg":"查询成功"},"pageSize":0,"pageNumber":0,"totalSize":-1,"rows":[{"KKDWDM":null,"XS":null,"BYBZ":"1","JSJC":4,"XXXQDM":null,"KXH":null,"KSJC":1,"XKZRS":null,"SKZC":"011111111100000000000000000000","SKJS":"翟红蕾","ISTK":0,"ZCMC":"2-10周","YPSJDD":null,"XF":null,"SKXQ":2,"XNXQDM":"2024-2025-2","KCM":"传播学理论研究","JASDM":"0101060203","JXLDM":null,"JXBID":null,"SKBJ":null,"TYXMDM":null,"KCH":"40220224007"},{"KKDWDM":null,"XS":null,"BYBZ":"1","JSJC":8,"XXXQDM":null,"KXH":null,"KSJC":6,"XKZRS":null,"SKZC":"001010101000000000000000000000","SKJS":"李明文","ISTK":0,"ZCMC":"3-9周(单)","YPSJDD":null,"XF":null,"SKXQ":3,"XNXQDM":"2024-2025-2","KCM":"新闻学理论研究","JASDM":"0101060203","JXLDM":null,"JXBID":null,"SKBJ":null,"TYXMDM":null,"KCH":"40220224010"},{"KKDWDM":null,"XS":null,"BYBZ":"1","JSJC":10,"XXXQDM":null,"KXH":null,"KSJC":6,"XKZRS":null,"SKZC":"010101010100000000000000000000","SKJS":"李明文","ISTK":0,"ZCMC":"2-10周(双)","YPSJDD":null,"XF":null,"SKXQ":3,"XNXQDM":"2024-2025-2","KCM":"新闻学理论研究","JASDM":"0101060203","JXLDM":null,"JXBID":null,"SKBJ":null,"TYXMDM":null,"KCH":"40220224010"},{"KKDWDM":null,"XS":null,"BYBZ":"1","JSJC":4,"XXXQDM":null,"KXH":null,"KSJC":1,"XKZRS":null,"SKZC":"011111111100000000000000000000","SKJS":"方迎丰","ISTK":0,"ZCMC":"2-10周","YPSJDD":null,"XF":null,"SKXQ":3,"XNXQDM":"2024-2025-2","KCM":"营销传播研究","JASDM":"0101060203","JXLDM":null,"JXBID":null,"SKBJ":null,"TYXMDM":null,"KCH":"40220224014"},{"KKDWDM":null,"XS":null,"BYBZ":"1","JSJC":4,"XXXQDM":null,"KXH":null,"KSJC":1,"XKZRS":null,"SKZC":"011111111100000000000000000000","SKJS":"李银波","ISTK":0,"ZCMC":"2-10周","YPSJDD":null,"XF":null,"SKXQ":4,"XNXQDM":"2024-2025-2","KCM":"跨文化传播研究","JASDM":"0101060203","JXLDM":null,"JXBID":null,"SKBJ":null,"TYXMDM":null,"KCH":"40220224015"},{"KKDWDM":null,"XS":null,"BYBZ":"1","JSJC":8,"XXXQDM":null,"KXH":null,"KSJC":6,"XKZRS":null,"SKZC":"001010101000000000000000000000","SKJS":"秦崇文","ISTK":0,"ZCMC":"3-9周(单)","YPSJDD":null,"XF":null,"SKXQ":1,"XNXQDM":"2024-2025-2","KCM":"中外文化比较","JASDM":"0101060203","JXLDM":null,"JXBID":null,"SKBJ":null,"TYXMDM":null,"KCH":"50220524078"},{"KKDWDM":null,"XS":null,"BYBZ":"1","JSJC":10,"XXXQDM":null,"KXH":null,"KSJC":6,"XKZRS":null,"SKZC":"010101010100000000000000000000","SKJS":"秦崇文","ISTK":0,"ZCMC":"2-10周(双)","YPSJDD":null,"XF":null,"SKXQ":1,"XNXQDM":"2024-2025-2","KCM":"中外文化比较","JASDM":"0101060203","JXLDM":null,"JXBID":null,"SKBJ":null,"TYXMDM":null,"KCH":"50220524078"},{"KKDWDM":null,"XS":null,"BYBZ":"3","JSJC":4,"XXXQDM":null,"KXH":null,"KSJC":3,"XKZRS":null,"SKZC":"111111111111111110000000000000","SKJS":"许鹏","ISTK":0,"ZCMC":"1-17周","YPSJDD":null,"XF":null,"SKXQ":1,"XNXQDM":"2024-2025-2","KCM":"个人理财服务","JASDM":"0101060203","JXLDM":null,"JXBID":null,"SKBJ":"F2303","TYXMDM":null,"KCH":"20244124082"}]}},"code":"0"}