{"datas":{"jaskcb":{"extParams":{"code":1,"msg":"查询成功"},"pageSize":0,"pageNumber":0,"totalSize":-1,"rows":[{"KKDWDM":null,"XS":null,"BYBZ":"1","JSJC":9,"XXXQDM":null,"KXH":null,"KSJC":6,"XKZRS":null,"SKZC":"111111111111110000000000000000","SKJS":"徐向丹,沈敏","ISTK":0,"ZCMC":"1-14周","YPSJDD":null,"XF":null,"SKXQ":1,"XNXQDM":"2024-2025-2","KCM":"初级汉语2","JASDM":"0101060103","JXLDM":null,"JXBID":null,"SKBJ":null,"TYXMDM":null,"KCH":"40240524001"},{"KKDWDM":null,"XS":null,"BYBZ":"1","JSJC":9,"XXXQDM":null,"KXH":null,"KSJC":6,"XKZRS":null,"SKZC":"111111111111100000000000000000","SKJS":"徐向丹,沈敏","ISTK":0,"ZCMC":"1-13周","YPSJDD":null,"XF":null,"SKXQ":5,"XNXQDM":"2024-2025-2","KCM":"初级汉语2","JASDM":"0101060103","JXLDM":null,"JXBID":null,"SKBJ":null,"TYXMDM":null,"KCH":"40240524001"},{"KKDWDM":null,"XS":null,"BYBZ":"1","JSJC":5,"XXXQDM":null,"KXH":null,"KSJC":2,"XKZRS":null,"SKZC":"111111111111110000000000000000","SKJS":"叶琼琼,杨海峰,龚琼芳","ISTK":0,"ZCMC":"1-14周","YPSJDD":null,"XF":null,"SKXQ":6,"XNXQDM":"2024-2025-2","KCM":"初级汉语2","JASDM":"0101060103","JXLDM":null,"JXBID":null,"SKBJ":null,"TYXMDM":null,"KCH":"40240524001"},{"KKDWDM":null,"XS":null,"BYBZ":"1","JSJC":5,"XXXQDM":null,"KXH":null,"KSJC":2,"XKZRS":null,"SKZC":"111111111111100000000000000000","SKJS":"叶琼琼,杨海峰,龚琼芳","ISTK":0,"ZCMC":"1-13周","YPSJDD":null,"XF":null,"SKXQ":7,"XNXQDM":"2024-2025-2","KCM":"初级汉语2","JASDM":"0101060103","JXLDM":null,"JXBID":null,"SKBJ":null,"TYXMDM":null,"KCH":"40240524001"}]}},"code":"0"}