{"datas":{"jaskcb":{"extParams":{"code":1,"msg":"查询成功"},"pageSize":0,"pageNumber":0,"totalSize":-1,"rows":[{"KKDWDM":"007","XS":32,"BYBZ":"0","JSJC":5,"XXXQDM":"01","KXH":"01","KSJC":3,"XKZRS":140,"SKZC":"111111111010000000000000","SKJS":"尹智帅,张洪昌,熊欣,纪剑,聂琳真","ISTK":0,"ZCMC":"1-9周,11周","YPSJDD":"12周 星期四 第3节-第4节 马区东-致远楼-411,1-9周,11周 星期四 第3节-第5节 马区东-致远楼-411","XF":2,"SKXQ":4,"XNXQDM":"2024-2025-2","KCM":"智能汽车环境感知技术","JASDM":"0101060411","JXLDM":"010106","JXBID":"20242-02831","SKBJ":"车辆2205-06,车辆gcgj2201,车辆zy2201","TYXMDM":null,"KCH":"10075121079"},{"KKDWDM":"013","XS":32,"BYBZ":"0","JSJC":10,"XXXQDM":"01","KXH":"01","KSJC":9,"XKZRS":86,"SKZC":"111111110000000000000000000000","SKJS":"唐必伟","ISTK":0,"ZCMC":"1-8周","YPSJDD":"7-8周 星期五 第3节-第4节 马区东-致远楼-411,1-5周 星期五 第3节-第4节 马区东-致远楼-411,9周 星期日 第3节-第4节 马区东-致远楼-411,1-8周 星期二 第9节-第10节 马区东-致远楼-411","XF":2,"SKXQ":2,"XNXQDM":"2024-2025-2","KCM":"无人机系统","JASDM":"0101060411","JXLDM":"010106","JXBID":"20242-02083","SKBJ":"机器人2201-02,电气2201-05,电气zy2201,自动化2201-05,自动化zy2201","TYXMDM":null,"KCH":"10135121024"},{"KKDWDM":"007","XS":32,"BYBZ":"0","JSJC":7,"XXXQDM":"01","KXH":"01","KSJC":6,"XKZRS":35,"SKZC":"111111110000000000000000","SKJS":"陈词","ISTK":0,"ZCMC":"1-8周","YPSJDD":"1-8周 星期三 第6节-第7节 马区东-致远楼-411,1-5周,7-8周 星期五 第6节-第7节 马区东-致远楼-411","XF":2,"SKXQ":3,"XNXQDM":"2024-2025-2","KCM":"电机学基础","JASDM":"0101060411","JXLDM":"010106","JXBID":"20242-02878","SKBJ":"车辆2205-06,车辆gcgj2201,车辆zy2201","TYXMDM":null,"KCH":"10075111013"},{"KKDWDM":"007","XS":32,"BYBZ":"0","JSJC":7,"XXXQDM":"01","KXH":"01","KSJC":6,"XKZRS":35,"SKZC":"111110110000000000000000","SKJS":"陈词","ISTK":0,"ZCMC":"1-5周,7-8周","YPSJDD":"1-8周 星期三 第6节-第7节 马区东-致远楼-411,1-5周,7-8周 星期五 第6节-第7节 马区东-致远楼-411","XF":2,"SKXQ":5,"XNXQDM":"2024-2025-2","KCM":"电机学基础","JASDM":"0101060411","JXLDM":"010106","JXBID":"20242-02878","SKBJ":"车辆2205-06,车辆gcgj2201,车辆zy2201","TYXMDM":null,"KCH":"10075111013"},{"KKDWDM":"013","XS":32,"BYBZ":"0","JSJC":4,"XXXQDM":"01","KXH":"01","KSJC":3,"XKZRS":86,"SKZC":"111110000000000000000000000000","SKJS":"唐必伟","ISTK":0,"ZCMC":"1-5周","YPSJDD":"7-8周 星期五 第3节-第4节 马区东-致远楼-411,1-5周 星期五 第3节-第4节 马区东-致远楼-411,9周 星期日 第3节-第4节 马区东-致远楼-411,1-8周 星期二 第9节-第10节 马区东-致远楼-411","XF":2,"SKXQ":5,"XNXQDM":"2024-2025-2","KCM":"无人机系统","JASDM":"0101060411","JXLDM":"010106","JXBID":"20242-02083","SKBJ":"机器人2201-02,电气2201-05,电气zy2201,自动化2201-05,自动化zy2201","TYXMDM":null,"KCH":"10135121024"},{"KKDWDM":"013","XS":32,"BYBZ":"0","JSJC":4,"XXXQDM":"01","KXH":"01","KSJC":3,"XKZRS":86,"SKZC":"000000110000000000000000000000","SKJS":"唐必伟","ISTK":0,"ZCMC":"7-8周","YPSJDD":"7-8周 星期五 第3节-第4节 马区东-致远楼-411,1-5周 星期五 第3节-第4节 马区东-致远楼-411,9周 星期日 第3节-第4节 马区东-致远楼-411,1-8周 星期二 第9节-第10节 马区东-致远楼-411","XF":2,"SKXQ":5,"XNXQDM":"2024-2025-2","KCM":"无人机系统","JASDM":"0101060411","JXLDM":"010106","JXBID":"20242-02083","SKBJ":"机器人2201-02,电气2201-05,电气zy2201,自动化2201-05,自动化zy2201","TYXMDM":null,"KCH":"10135121024"},{"KKDWDM":"007","XS":32,"BYBZ":"0","JSJC":2,"XXXQDM":"01","KXH":"01","KSJC":1,"XKZRS":41,"SKZC":"000000001111111100000000000000","SKJS":"黄斌","ISTK":0,"ZCMC":"9-16周","YPSJDD":"9-16周 星期三 第1节-第2节 马区东-致远楼-411,16-17周 星期一 第1节-第2节 马区东-致远楼-411,12-14周 星期一 第1节-第2节 马区东-致远楼-411,9-10周 星期一 第1节-第2节 马区东-致远楼-411,17周 星期二 第1节-第2节 马区东-致远楼-411","XF":2,"SKXQ":3,"XNXQDM":"2024-2025-2","KCM":"电动汽车电驱动理论与控制","JASDM":"0101060411","JXLDM":"010106","JXBID":"20242-02846","SKBJ":"储能2201-02,能源2202-03","TYXMDM":null,"KCH":"10075112003"},{"KKDWDM":"007","XS":32,"BYBZ":"0","JSJC":4,"XXXQDM":"01","KXH":"01","KSJC":3,"XKZRS":105,"SKZC":"000000001111111100000000000000","SKJS":"冯智勇,陈词","ISTK":0,"ZCMC":"9-16周","YPSJDD":"17周 星期三 第11节-第12节 马区东-致远楼-411,9周 星期四 第11节-第12节 马区东-致远楼-411,11-16周 星期四 第11节-第12节 马区东-致远楼-411,9-16周 星期二 第3节-第4节 马区东-致远楼-411","XF":2,"SKXQ":2,"XNXQDM":"2024-2025-2","KCM":"信号与系统","JASDM":"0101060411","JXLDM":"010106","JXBID":"20242-03795","SKBJ":"车辆2205-06,车辆gcgj2201,车辆zy2201","TYXMDM":null,"KCH":"10075121056"},{"KKDWDM":"007","XS":40,"BYBZ":"0","JSJC":7,"XXXQDM":"01","KXH":"01","KSJC":6,"XKZRS":92,"SKZC":"000000001111111100000000000000","SKJS":"冯智勇,张成才,武冬梅","ISTK":0,"ZCMC":"9-16周","YPSJDD":"17周 星期三 第6节-第7节 马区东-致远楼-411,11-16周 星期五 第6节-第7节 马区东-致远楼-411,9-16周 星期三 第6节-第7节 马区东-致远楼-411,9周 星期五 第6节-第7节 马区东-致远楼-411","XF":2,"SKXQ":3,"XNXQDM":"2024-2025-2","KCM":"汽车电器与电控系统B","JASDM":"0101060411","JXLDM":"010106","JXBID":"20242-03350","SKBJ":"车辆2205-06,车辆gcgj2201,车辆zy2201","TYXMDM":null,"KCH":"10075117079"},{"KKDWDM":"007","XS":16,"BYBZ":"0","JSJC":7,"XXXQDM":"01","KXH":"03","KSJC":6,"XKZRS":83,"SKZC":"0000000011111111","SKJS":"喻厚宇,武冬梅,聂琳真,谢冲,郭巍","ISTK":0,"ZCMC":"9-16周","YPSJDD":"9-16周 星期二 第6节-第7节 马区东-致远楼-411","XF":1,"SKXQ":2,"XNXQDM":"2024-2025-2","KCM":"汽车新技术概论B","JASDM":"0101060411","JXLDM":"010106","JXBID":"20242-03286","SKBJ":"车辆2201-06,车辆gcgj2201,车辆zy2201","TYXMDM":null,"KCH":"10076117151"},{"KKDWDM":"007","XS":32,"BYBZ":"0","JSJC":4,"XXXQDM":"01","KXH":"01","KSJC":3,"XKZRS":23,"SKZC":"000000001111111000000000000000","SKJS":"冯智勇,张成才,武冬梅","ISTK":0,"ZCMC":"9-15周","YPSJDD":"9周 星期五 第1节-第2节 马区东-致远楼-411,9-15周 星期三 第3节-第4节 马区东-致远楼-411,11-15周 星期五 第1节-第2节 马区东-致远楼-411","XF":2,"SKXQ":3,"XNXQDM":"2024-2025-2","KCM":"汽车电器与电控系统C","JASDM":"0101060411","JXLDM":"010106","JXBID":"20242-02394","SKBJ":"车辆2201-06","TYXMDM":null,"KCH":"10075121066"},{"KKDWDM":"007","XS":32,"BYBZ":"0","JSJC":2,"XXXQDM":"01","KXH":"01","KSJC":1,"XKZRS":41,"SKZC":"000000001100000000000000000000","SKJS":"黄斌","ISTK":0,"ZCMC":"9-10周","YPSJDD":"9-16周 星期三 第1节-第2节 马区东-致远楼-411,16-17周 星期一 第1节-第2节 马区东-致远楼-411,12-14周 星期一 第1节-第2节 马区东-致远楼-411,9-10周 星期一 第1节-第2节 马区东-致远楼-411,17周 星期二 第1节-第2节 马区东-致远楼-411","XF":2,"SKXQ":1,"XNXQDM":"2024-2025-2","KCM":"电动汽车电驱动理论与控制","JASDM":"0101060411","JXLDM":"010106","JXBID":"20242-02846","SKBJ":"储能2201-02,能源2202-03","TYXMDM":null,"KCH":"10075112003"},{"KKDWDM":"013","XS":40,"BYBZ":"0","JSJC":5,"XXXQDM":"01","KXH":"02","KSJC":3,"XKZRS":22,"SKZC":"000000001100000000000000000000","SKJS":"蔡振华","ISTK":0,"ZCMC":"9-10周","YPSJDD":"17周 星期二 第3节-第5节 马区东-致远楼-411,12-14周 星期一 第3节-第5节 马区东-致远楼-411,9-10周 星期一 第3节-第5节 马区东-致远楼-411,16-17周 星期一 第3节-第5节 马区东-致远楼-411","XF":2,"SKXQ":1,"XNXQDM":"2024-2025-2","KCM":"工业机器人编程与实践","JASDM":"0101060411","JXLDM":"010106","JXBID":"20242-02136","SKBJ":"自动化2201-05","TYXMDM":null,"KCH":"10135121025"},{"KKDWDM":"007","XS":40,"BYBZ":"0","JSJC":7,"XXXQDM":"01","KXH":"01","KSJC":6,"XKZRS":92,"SKZC":"000000001000000000000000000000","SKJS":"冯智勇,张成才,武冬梅","ISTK":0,"ZCMC":"9周","YPSJDD":"17周 星期三 第6节-第7节 马区东-致远楼-411,11-16周 星期五 第6节-第7节 马区东-致远楼-411,9-16周 星期三 第6节-第7节 马区东-致远楼-411,9周 星期五 第6节-第7节 马区东-致远楼-411","XF":2,"SKXQ":5,"XNXQDM":"2024-2025-2","KCM":"汽车电器与电控系统B","JASDM":"0101060411","JXLDM":"010106","JXBID":"20242-03350","SKBJ":"车辆2205-06,车辆gcgj2201,车辆zy2201","TYXMDM":null,"KCH":"10075117079"},{"KKDWDM":"013","XS":32,"BYBZ":"0","JSJC":4,"XXXQDM":"01","KXH":"01","KSJC":3,"XKZRS":86,"SKZC":"000000001000000000000000000000","SKJS":"唐必伟","ISTK":0,"ZCMC":"9周","YPSJDD":"7-8周 星期五 第3节-第4节 马区东-致远楼-411,1-5周 星期五 第3节-第4节 马区东-致远楼-411,9周 星期日 第3节-第4节 马区东-致远楼-411,1-8周 星期二 第9节-第10节 马区东-致远楼-411","XF":2,"SKXQ":7,"XNXQDM":"2024-2025-2","KCM":"无人机系统","JASDM":"0101060411","JXLDM":"010106","JXBID":"20242-02083","SKBJ":"机器人2201-02,电气2201-05,电气zy2201,自动化2201-05,自动化zy2201","TYXMDM":null,"KCH":"10135121024"},{"KKDWDM":"007","XS":32,"BYBZ":"0","JSJC":2,"XXXQDM":"01","KXH":"01","KSJC":1,"XKZRS":23,"SKZC":"000000001000000000000000000000","SKJS":"冯智勇,张成才,武冬梅","ISTK":0,"ZCMC":"9周","YPSJDD":"9周 星期五 第1节-第2节 马区东-致远楼-411,9-15周 星期三 第3节-第4节 马区东-致远楼-411,11-15周 星期五 第1节-第2节 马区东-致远楼-411","XF":2,"SKXQ":5,"XNXQDM":"2024-2025-2","KCM":"汽车电器与电控系统C","JASDM":"0101060411","JXLDM":"010106","JXBID":"20242-02394","SKBJ":"车辆2201-06","TYXMDM":null,"KCH":"10075121066"},{"KKDWDM":"007","XS":32,"BYBZ":"0","JSJC":12,"XXXQDM":"01","KXH":"01","KSJC":11,"XKZRS":105,"SKZC":"000000001000000000000000000000","SKJS":"冯智勇,陈词","ISTK":0,"ZCMC":"9周","YPSJDD":"17周 星期三 第11节-第12节 马区东-致远楼-411,9周 星期四 第11节-第12节 马区东-致远楼-411,11-16周 星期四 第11节-第12节 马区东-致远楼-411,9-16周 星期二 第3节-第4节 马区东-致远楼-411","XF":2,"SKXQ":4,"XNXQDM":"2024-2025-2","KCM":"信号与系统","JASDM":"0101060411","JXLDM":"010106","JXBID":"20242-03795","SKBJ":"车辆2205-06,车辆gcgj2201,车辆zy2201","TYXMDM":null,"KCH":"10075121056"},{"KKDWDM":"007","XS":32,"BYBZ":"0","JSJC":12,"XXXQDM":"01","KXH":"01","KSJC":11,"XKZRS":105,"SKZC":"000000000011111100000000000000","SKJS":"冯智勇,陈词","ISTK":0,"ZCMC":"11-16周","YPSJDD":"17周 星期三 第11节-第12节 马区东-致远楼-411,9周 星期四 第11节-第12节 马区东-致远楼-411,11-16周 星期四 第11节-第12节 马区东-致远楼-411,9-16周 星期二 第3节-第4节 马区东-致远楼-411","XF":2,"SKXQ":4,"XNXQDM":"2024-2025-2","KCM":"信号与系统","JASDM":"0101060411","JXLDM":"010106","JXBID":"20242-03795","SKBJ":"车辆2205-06,车辆gcgj2201,车辆zy2201","TYXMDM":null,"KCH":"10075121056"},{"KKDWDM":"007","XS":40,"BYBZ":"0","JSJC":7,"XXXQDM":"01","KXH":"01","KSJC":6,"XKZRS":92,"SKZC":"000000000011111100000000000000","SKJS":"冯智勇,张成才,武冬梅","ISTK":0,"ZCMC":"11-16周","YPSJDD":"17周 星期三 第6节-第7节 马区东-致远楼-411,11-16周 星期五 第6节-第7节 马区东-致远楼-411,9-16周 星期三 第6节-第7节 马区东-致远楼-411,9周 星期五 第6节-第7节 马区东-致远楼-411","XF":2,"SKXQ":5,"XNXQDM":"2024-2025-2","KCM":"汽车电器与电控系统B","JASDM":"0101060411","JXLDM":"010106","JXBID":"20242-03350","SKBJ":"车辆2205-06,车辆gcgj2201,车辆zy2201","TYXMDM":null,"KCH":"10075117079"},{"KKDWDM":"007","XS":32,"BYBZ":"0","JSJC":2,"XXXQDM":"01","KXH":"01","KSJC":1,"XKZRS":23,"SKZC":"000000000011111000000000000000","SKJS":"冯智勇,张成才,武冬梅","ISTK":0,"ZCMC":"11-15周","YPSJDD":"9周 星期五 第1节-第2节 马区东-致远楼-411,9-15周 星期三 第3节-第4节 马区东-致远楼-411,11-15周 星期五 第1节-第2节 马区东-致远楼-411","XF":2,"SKXQ":5,"XNXQDM":"2024-2025-2","KCM":"汽车电器与电控系统C","JASDM":"0101060411","JXLDM":"010106","JXBID":"20242-02394","SKBJ":"车辆2201-06","TYXMDM":null,"KCH":"10075121066"},{"KKDWDM":"013","XS":40,"BYBZ":"0","JSJC":5,"XXXQDM":"01","KXH":"02","KSJC":3,"XKZRS":22,"SKZC":"000000000001110000000000000000","SKJS":"蔡振华","ISTK":0,"ZCMC":"12-14周","YPSJDD":"17周 星期二 第3节-第5节 马区东-致远楼-411,12-14周 星期一 第3节-第5节 马区东-致远楼-411,9-10周 星期一 第3节-第5节 马区东-致远楼-411,16-17周 星期一 第3节-第5节 马区东-致远楼-411","XF":2,"SKXQ":1,"XNXQDM":"2024-2025-2","KCM":"工业机器人编程与实践","JASDM":"0101060411","JXLDM":"010106","JXBID":"20242-02136","SKBJ":"自动化2201-05","TYXMDM":null,"KCH":"10135121025"},{"KKDWDM":"007","XS":32,"BYBZ":"0","JSJC":2,"XXXQDM":"01","KXH":"01","KSJC":1,"XKZRS":41,"SKZC":"000000000001110000000000000000","SKJS":"黄斌","ISTK":0,"ZCMC":"12-14周","YPSJDD":"9-16周 星期三 第1节-第2节 马区东-致远楼-411,16-17周 星期一 第1节-第2节 马区东-致远楼-411,12-14周 星期一 第1节-第2节 马区东-致远楼-411,9-10周 星期一 第1节-第2节 马区东-致远楼-411,17周 星期二 第1节-第2节 马区东-致远楼-411","XF":2,"SKXQ":1,"XNXQDM":"2024-2025-2","KCM":"电动汽车电驱动理论与控制","JASDM":"0101060411","JXLDM":"010106","JXBID":"20242-02846","SKBJ":"储能2201-02,能源2202-03","TYXMDM":null,"KCH":"10075112003"},{"KKDWDM":"007","XS":32,"BYBZ":"0","JSJC":4,"XXXQDM":"01","KXH":"01","KSJC":3,"XKZRS":140,"SKZC":"000000000001000000000000","SKJS":"尹智帅,张洪昌,熊欣,纪剑,聂琳真","ISTK":0,"ZCMC":"12周","YPSJDD":"12周 星期四 第3节-第4节 马区东-致远楼-411,1-9周,11周 星期四 第3节-第5节 马区东-致远楼-411","XF":2,"SKXQ":4,"XNXQDM":"2024-2025-2","KCM":"智能汽车环境感知技术","JASDM":"0101060411","JXLDM":"010106","JXBID":"20242-02831","SKBJ":"车辆2205-06,车辆gcgj2201,车辆zy2201","TYXMDM":null,"KCH":"10075121079"},{"KKDWDM":"007","XS":32,"BYBZ":"0","JSJC":2,"XXXQDM":"01","KXH":"01","KSJC":1,"XKZRS":41,"SKZC":"000000000000000110000000000000","SKJS":"黄斌","ISTK":0,"ZCMC":"16-17周","YPSJDD":"9-16周 星期三 第1节-第2节 马区东-致远楼-411,16-17周 星期一 第1节-第2节 马区东-致远楼-411,12-14周 星期一 第1节-第2节 马区东-致远楼-411,9-10周 星期一 第1节-第2节 马区东-致远楼-411,17周 星期二 第1节-第2节 马区东-致远楼-411","XF":2,"SKXQ":1,"XNXQDM":"2024-2025-2","KCM":"电动汽车电驱动理论与控制","JASDM":"0101060411","JXLDM":"010106","JXBID":"20242-02846","SKBJ":"储能2201-02,能源2202-03","TYXMDM":null,"KCH":"10075112003"},{"KKDWDM":"013","XS":40,"BYBZ":"0","JSJC":5,"XXXQDM":"01","KXH":"02","KSJC":3,"XKZRS":22,"SKZC":"000000000000000110000000000000","SKJS":"蔡振华","ISTK":0,"ZCMC":"16-17周","YPSJDD":"17周 星期二 第3节-第5节 马区东-致远楼-411,12-14周 星期一 第3节-第5节 马区东-致远楼-411,9-10周 星期一 第3节-第5节 马区东-致远楼-411,16-17周 星期一 第3节-第5节 马区东-致远楼-411","XF":2,"SKXQ":1,"XNXQDM":"2024-2025-2","KCM":"工业机器人编程与实践","JASDM":"0101060411","JXLDM":"010106","JXBID":"20242-02136","SKBJ":"自动化2201-05","TYXMDM":null,"KCH":"10135121025"},{"KKDWDM":"007","XS":32,"BYBZ":"0","JSJC":12,"XXXQDM":"01","KXH":"01","KSJC":11,"XKZRS":105,"SKZC":"000000000000000010000000000000","SKJS":"冯智勇,陈词","ISTK":0,"ZCMC":"17周","YPSJDD":"17周 星期三 第11节-第12节 马区东-致远楼-411,9周 星期四 第11节-第12节 马区东-致远楼-411,11-16周 星期四 第11节-第12节 马区东-致远楼-411,9-16周 星期二 第3节-第4节 马区东-致远楼-411","XF":2,"SKXQ":3,"XNXQDM":"2024-2025-2","KCM":"信号与系统","JASDM":"0101060411","JXLDM":"010106","JXBID":"20242-03795","SKBJ":"车辆2205-06,车辆gcgj2201,车辆zy2201","TYXMDM":null,"KCH":"10075121056"},{"KKDWDM":"007","XS":40,"BYBZ":"0","JSJC":7,"XXXQDM":"01","KXH":"01","KSJC":6,"XKZRS":92,"SKZC":"000000000000000010000000000000","SKJS":"冯智勇,张成才,武冬梅","ISTK":0,"ZCMC":"17周","YPSJDD":"17周 星期三 第6节-第7节 马区东-致远楼-411,11-16周 星期五 第6节-第7节 马区东-致远楼-411,9-16周 星期三 第6节-第7节 马区东-致远楼-411,9周 星期五 第6节-第7节 马区东-致远楼-411","XF":2,"SKXQ":3,"XNXQDM":"2024-2025-2","KCM":"汽车电器与电控系统B","JASDM":"0101060411","JXLDM":"010106","JXBID":"20242-03350","SKBJ":"车辆2205-06,车辆gcgj2201,车辆zy2201","TYXMDM":null,"KCH":"10075117079"},{"KKDWDM":"007","XS":32,"BYBZ":"0","JSJC":2,"XXXQDM":"01","KXH":"01","KSJC":1,"XKZRS":41,"SKZC":"000000000000000010000000000000","SKJS":"黄斌","ISTK":0,"ZCMC":"17周","YPSJDD":"9-16周 星期三 第1节-第2节 马区东-致远楼-411,16-17周 星期一 第1节-第2节 马区东-致远楼-411,12-14周 星期一 第1节-第2节 马区东-致远楼-411,9-10周 星期一 第1节-第2节 马区东-致远楼-411,17周 星期二 第1节-第2节 马区东-致远楼-411","XF":2,"SKXQ":2,"XNXQDM":"2024-2025-2","KCM":"电动汽车电驱动理论与控制","JASDM":"0101060411","JXLDM":"010106","JXBID":"20242-02846","SKBJ":"储能2201-02,能源2202-03","TYXMDM":null,"KCH":"10075112003"},{"KKDWDM":"013","XS":40,"BYBZ":"0","JSJC":5,"XXXQDM":"01","KXH":"02","KSJC":3,"XKZRS":22,"SKZC":"000000000000000010000000000000","SKJS":"蔡振华","ISTK":0,"ZCMC":"17周","YPSJDD":"17周 星期二 第3节-第5节 马区东-致远楼-411,12-14周 星期一 第3节-第5节 马区东-致远楼-411,9-10周 星期一 第3节-第5节 马区东-致远楼-411,16-17周 星期一 第3节-第5节 马区东-致远楼-411","XF":2,"SKXQ":2,"XNXQDM":"2024-2025-2","KCM":"工业机器人编程与实践","JASDM":"0101060411","JXLDM":"010106","JXBID":"20242-02136","SKBJ":"自动化2201-05","TYXMDM":null,"KCH":"10135121025"}]}},"code":"0"}