{"datas":{"jaskcb":{"extParams":{"code":1,"msg":"查询成功"},"pageSize":0,"pageNumber":0,"totalSize":-1,"rows":[{"KKDWDM":"023","XS":32,"BYBZ":"0","JSJC":13,"XXXQDM":"01","KXH":"01","KSJC":11,"XKZRS":null,"SKZC":"110000000000000000000000000000","SKJS":"雷鹏","ISTK":0,"ZCMC":"1-2周","YPSJDD":"1-2周 星期四 第11节-第13节 马区东-弘毅楼-401","XF":2,"SKXQ":4,"XNXQDM":"2024-2025-2","KCM":"国家安全概论(GX)","JASDM":"0101020401","JXLDM":"010102","JXBID":"20242-08729","SKBJ":"公选-08729","TYXMDM":null,"KCH":"10232124158"}]}},"code":"0"}