{"datas":{"jaskcb":{"extParams":{"code":1,"msg":"查询成功"},"pageSize":0,"pageNumber":0,"totalSize":-1,"rows":[{"KKDWDM":"023","XS":32,"BYBZ":"0","JSJC":5,"XXXQDM":"01","KXH":"02","KSJC":3,"XKZRS":25,"SKZC":"111111111100000000000000","SKJS":"袁必和","ISTK":0,"ZCMC":"1-10周","YPSJDD":"11周 星期二 第3节-第4节 马区东-弘毅楼-409,1-10周 星期二 第3节-第5节 马区东-弘毅楼-409","XF":2,"SKXQ":2,"XNXQDM":"2024-2025-2","KCM":"防火防爆工程","JASDM":"0101030409","JXLDM":"010103","JXBID":"20242-06941","SKBJ":"安全2201","TYXMDM":null,"KCH":"10235121046"},{"KKDWDM":"013","XS":40,"BYBZ":"0","JSJC":8,"XXXQDM":"01","KXH":"03","KSJC":6,"XKZRS":47,"SKZC":"111111111100000000000000","SKJS":"徐小强","ISTK":0,"ZCMC":"1-10周","YPSJDD":"11周 星期三 第6节-第7节 马区东-弘毅楼-409,1-10周 星期三 第6节-第8节 马区东-弘毅楼-409","XF":2,"SKXQ":3,"XNXQDM":"2024-2025-2","KCM":"物联网技术与工程","JASDM":"0101030409","JXLDM":"010103","JXBID":"20242-02474","SKBJ":"机器人2201-02,自动化zy2201","TYXMDM":null,"KCH":"10135117015"},{"KKDWDM":"023","XS":32,"BYBZ":"0","JSJC":4,"XXXQDM":"01","KXH":"02","KSJC":3,"XKZRS":25,"SKZC":"000000000010000000000000","SKJS":"袁必和","ISTK":0,"ZCMC":"11周","YPSJDD":"11周 星期二 第3节-第4节 马区东-弘毅楼-409,1-10周 星期二 第3节-第5节 马区东-弘毅楼-409","XF":2,"SKXQ":2,"XNXQDM":"2024-2025-2","KCM":"防火防爆工程","JASDM":"0101030409","JXLDM":"010103","JXBID":"20242-06941","SKBJ":"安全2201","TYXMDM":null,"KCH":"10235121046"},{"KKDWDM":"013","XS":40,"BYBZ":"0","JSJC":7,"XXXQDM":"01","KXH":"03","KSJC":6,"XKZRS":47,"SKZC":"000000000010000000000000","SKJS":"徐小强","ISTK":0,"ZCMC":"11周","YPSJDD":"11周 星期三 第6节-第7节 马区东-弘毅楼-409,1-10周 星期三 第6节-第8节 马区东-弘毅楼-409","XF":2,"SKXQ":3,"XNXQDM":"2024-2025-2","KCM":"物联网技术与工程","JASDM":"0101030409","JXLDM":"010103","JXBID":"20242-02474","SKBJ":"机器人2201-02,自动化zy2201","TYXMDM":null,"KCH":"10135117015"}]}},"code":"0"}