{"datas":{"jaskcb":{"extParams":{"code":1,"msg":"查询成功"},"pageSize":0,"pageNumber":0,"totalSize":-1,"rows":[{"KKDWDM":"013","XS":48,"BYBZ":"0","JSJC":8,"XXXQDM":"01","KXH":"02","KSJC":6,"XKZRS":82,"SKZC":"111111111100000000000000000000","SKJS":"胡红明","ISTK":0,"ZCMC":"1-10周","YPSJDD":"17周 星期二 第6节-第8节 马区东-弘毅楼-411,12-14周 星期一 第6节-第8节 马区东-弘毅楼-411,16-17周 星期一 第6节-第8节 马区东-弘毅楼-411,1-10周 星期一 第6节-第8节 马区东-弘毅楼-411","XF":3,"SKXQ":1,"XNXQDM":"2024-2025-2","KCM":"电力拖动与控制系统","JASDM":"0101030411","JXLDM":"010103","JXBID":"20242-03402","SKBJ":"电气2204-05,电气zy2201","TYXMDM":null,"KCH":"10135121048"},{"KKDWDM":"013","XS":32,"BYBZ":"0","JSJC":8,"XXXQDM":"01","KXH":"04","KSJC":6,"XKZRS":102,"SKZC":"111111111100000000000000","SKJS":"罗杰","ISTK":0,"ZCMC":"1-10周","YPSJDD":"11周 星期二 第6节-第7节 马区东-弘毅楼-411,1-10周 星期二 第6节-第8节 马区东-弘毅楼-411","XF":2,"SKXQ":2,"XNXQDM":"2024-2025-2","KCM":"智能控制技术","JASDM":"0101030411","JXLDM":"010103","JXBID":"20242-10677","SKBJ":"自动化2201-03","TYXMDM":null,"KCH":"10136121127"},{"KKDWDM":"013","XS":32,"BYBZ":"0","JSJC":7,"XXXQDM":"01","KXH":"04","KSJC":6,"XKZRS":102,"SKZC":"000000000010000000000000","SKJS":"罗杰","ISTK":0,"ZCMC":"11周","YPSJDD":"11周 星期二 第6节-第7节 马区东-弘毅楼-411,1-10周 星期二 第6节-第8节 马区东-弘毅楼-411","XF":2,"SKXQ":2,"XNXQDM":"2024-2025-2","KCM":"智能控制技术","JASDM":"0101030411","JXLDM":"010103","JXBID":"20242-10677","SKBJ":"自动化2201-03","TYXMDM":null,"KCH":"10136121127"},{"KKDWDM":"013","XS":48,"BYBZ":"0","JSJC":8,"XXXQDM":"01","KXH":"02","KSJC":6,"XKZRS":82,"SKZC":"000000000001110000000000000000","SKJS":"胡红明","ISTK":0,"ZCMC":"12-14周","YPSJDD":"17周 星期二 第6节-第8节 马区东-弘毅楼-411,12-14周 星期一 第6节-第8节 马区东-弘毅楼-411,16-17周 星期一 第6节-第8节 马区东-弘毅楼-411,1-10周 星期一 第6节-第8节 马区东-弘毅楼-411","XF":3,"SKXQ":1,"XNXQDM":"2024-2025-2","KCM":"电力拖动与控制系统","JASDM":"0101030411","JXLDM":"010103","JXBID":"20242-03402","SKBJ":"电气2204-05,电气zy2201","TYXMDM":null,"KCH":"10135121048"},{"KKDWDM":"013","XS":48,"BYBZ":"0","JSJC":8,"XXXQDM":"01","KXH":"02","KSJC":6,"XKZRS":82,"SKZC":"000000000000000110000000000000","SKJS":"胡红明","ISTK":0,"ZCMC":"16-17周","YPSJDD":"17周 星期二 第6节-第8节 马区东-弘毅楼-411,12-14周 星期一 第6节-第8节 马区东-弘毅楼-411,16-17周 星期一 第6节-第8节 马区东-弘毅楼-411,1-10周 星期一 第6节-第8节 马区东-弘毅楼-411","XF":3,"SKXQ":1,"XNXQDM":"2024-2025-2","KCM":"电力拖动与控制系统","JASDM":"0101030411","JXLDM":"010103","JXBID":"20242-03402","SKBJ":"电气2204-05,电气zy2201","TYXMDM":null,"KCH":"10135121048"},{"KKDWDM":"013","XS":48,"BYBZ":"0","JSJC":8,"XXXQDM":"01","KXH":"02","KSJC":6,"XKZRS":82,"SKZC":"000000000000000010000000000000","SKJS":"胡红明","ISTK":0,"ZCMC":"17周","YPSJDD":"17周 星期二 第6节-第8节 马区东-弘毅楼-411,12-14周 星期一 第6节-第8节 马区东-弘毅楼-411,16-17周 星期一 第6节-第8节 马区东-弘毅楼-411,1-10周 星期一 第6节-第8节 马区东-弘毅楼-411","XF":3,"SKXQ":2,"XNXQDM":"2024-2025-2","KCM":"电力拖动与控制系统","JASDM":"0101030411","JXLDM":"010103","JXBID":"20242-03402","SKBJ":"电气2204-05,电气zy2201","TYXMDM":null,"KCH":"10135121048"},{"KKDWDM":null,"XS":null,"BYBZ":"3","JSJC":6,"XXXQDM":null,"KXH":null,"KSJC":6,"XKZRS":null,"SKZC":"000010000000000000000000000000","SKJS":null,"ISTK":0,"ZCMC":"5周","YPSJDD":null,"XF":null,"SKXQ":4,"XNXQDM":"2024-2025-2","KCM":"商务沟通技巧","JASDM":"0101030411","JXLDM":null,"JXBID":null,"SKBJ":"GTB2301","TYXMDM":null,"KCH":"20244124098"}]}},"code":"0"}