{"datas":{"jaskcb":{"extParams":{"code":1,"msg":"查询成功"},"pageSize":0,"pageNumber":0,"totalSize":-1,"rows":[{"KKDWDM":"007","XS":48,"BYBZ":"0","JSJC":5,"XXXQDM":"01","KXH":"02","KSJC":3,"XKZRS":36,"SKZC":"11111111111111","SKJS":"杨天麒,蔡永华","ISTK":0,"ZCMC":"1-14周","YPSJDD":"1-14周 星期三 第3节-第5节 马区东-致远楼-206","XF":3,"SKXQ":3,"XNXQDM":"2024-2025-2","KCM":"汽车理论","JASDM":"0101060206","JXLDM":"010106","JXBID":"20242-11207","SKBJ":"汽服2201","TYXMDM":null,"KCH":"10074121096"},{"KKDWDM":"007","XS":40,"BYBZ":"0","JSJC":8,"XXXQDM":"01","KXH":"01","KSJC":6,"XKZRS":26,"SKZC":"111111111111000000000000","SKJS":"肖合林","ISTK":0,"ZCMC":"1-12周","YPSJDD":"13-14周 星期二 第6节-第7节 马区东-致远楼-206,1-12周 星期二 第6节-第8节 马区东-致远楼-206","XF":2,"SKXQ":2,"XNXQDM":"2024-2025-2","KCM":"汽车发动机设计E","JASDM":"0101060206","JXLDM":"010106","JXBID":"20242-02483","SKBJ":"能源2201","TYXMDM":null,"KCH":"10075117057"},{"KKDWDM":"007","XS":32,"BYBZ":"0","JSJC":8,"XXXQDM":"01","KXH":"01","KSJC":6,"XKZRS":36,"SKZC":"111111111100000000000000","SKJS":"吴婧","ISTK":0,"ZCMC":"1-10周","YPSJDD":"12周 星期一 第6节-第7节 马区东-致远楼-206,1-10周 星期一 第6节-第8节 马区东-致远楼-206","XF":2,"SKXQ":1,"XNXQDM":"2024-2025-2","KCM":"汽车感知技术","JASDM":"0101060206","JXLDM":"010106","JXBID":"20242-02383","SKBJ":"汽服2201","TYXMDM":null,"KCH":"10075121025"},{"KKDWDM":"004","XS":32,"BYBZ":"0","JSJC":13,"XXXQDM":"01","KXH":"01","KSJC":11,"XKZRS":34,"SKZC":"111111111100000000000000","SKJS":"尤雅,许絮","ISTK":0,"ZCMC":"1-10周","YPSJDD":"11周 星期二 第11节-第12节 马区东-致远楼-206,1-10周 星期二 第11节-第13节 马区东-致远楼-206","XF":2,"SKXQ":2,"XNXQDM":"2024-2025-2","KCM":"锂离子电池(JD)","JASDM":"0101060206","JXLDM":"010106","JXBID":"20242-07162","SKBJ":"公选-07162","TYXMDM":null,"KCH":"10046121064"},{"KKDWDM":"007","XS":48,"BYBZ":"0","JSJC":5,"XXXQDM":"01","KXH":"01","KSJC":3,"XKZRS":34,"SKZC":"111111111000000000000000000000","SKJS":"杨天麒,蔡永华","ISTK":0,"ZCMC":"1-9周","YPSJDD":"1-9周 星期四 第3节-第5节 马区东-致远楼-206,11-15周 星期四 第3节-第5节 马区东-致远楼-206","XF":3,"SKXQ":4,"XNXQDM":"2024-2025-2","KCM":"汽车理论","JASDM":"0101060206","JXLDM":"010106","JXBID":"20242-03520","SKBJ":"汽服2202","TYXMDM":null,"KCH":"10074121096"},{"KKDWDM":"007","XS":24,"BYBZ":"0","JSJC":5,"XXXQDM":"01","KXH":"01","KSJC":3,"XKZRS":43,"SKZC":"11111111","SKJS":"郑方焱","ISTK":0,"ZCMC":"1-8周","YPSJDD":"1-8周 星期二 第3节-第5节 马区东-致远楼-206","XF":1,"SKXQ":2,"XNXQDM":"2024-2025-2","KCM":"汽车制造工艺学","JASDM":"0101060206","JXLDM":"010106","JXBID":"20242-10972","SKBJ":"车辆2205","TYXMDM":null,"KCH":"10075121068"},{"KKDWDM":"007","XS":24,"BYBZ":"0","JSJC":8,"XXXQDM":"01","KXH":"01","KSJC":6,"XKZRS":34,"SKZC":"11111111","SKJS":"王宇宁","ISTK":0,"ZCMC":"1-8周","YPSJDD":"1-8周 星期三 第6节-第8节 马区东-致远楼-206","XF":1,"SKXQ":3,"XNXQDM":"2024-2025-2","KCM":"汽车新零售理论与实务","JASDM":"0101060206","JXLDM":"010106","JXBID":"20242-03659","SKBJ":"汽服2202","TYXMDM":null,"KCH":"10075121012"},{"KKDWDM":"007","XS":32,"BYBZ":"0","JSJC":2,"XXXQDM":"01","KXH":"04","KSJC":1,"XKZRS":36,"SKZC":"11111111","SKJS":"万小金","ISTK":0,"ZCMC":"1-8周","YPSJDD":"1-8周 星期一 第1节-第2节 马区东-致远楼-206,1-8周 星期三 第1节-第2节 马区东-致远楼-206","XF":2,"SKXQ":3,"XNXQDM":"2024-2025-2","KCM":"汽车制造工艺学B","JASDM":"0101060206","JXLDM":"010106","JXBID":"20242-10970","SKBJ":"车辆2201","TYXMDM":null,"KCH":"10075117088"},{"KKDWDM":"007","XS":32,"BYBZ":"0","JSJC":2,"XXXQDM":"01","KXH":"04","KSJC":1,"XKZRS":36,"SKZC":"11111111","SKJS":"万小金","ISTK":0,"ZCMC":"1-8周","YPSJDD":"1-8周 星期一 第1节-第2节 马区东-致远楼-206,1-8周 星期三 第1节-第2节 马区东-致远楼-206","XF":2,"SKXQ":1,"XNXQDM":"2024-2025-2","KCM":"汽车制造工艺学B","JASDM":"0101060206","JXLDM":"010106","JXBID":"20242-10970","SKBJ":"车辆2201","TYXMDM":null,"KCH":"10075117088"},{"KKDWDM":"007","XS":32,"BYBZ":"0","JSJC":2,"XXXQDM":"01","KXH":"01","KSJC":1,"XKZRS":37,"SKZC":"111111100000000000000000","SKJS":"付翔,纪剑","ISTK":0,"ZCMC":"1-7周","YPSJDD":"1-7周 星期二 第1节-第2节 马区东-致远楼-206,1-7周 星期四 第1节-第2节 马区东-致远楼-206","XF":2,"SKXQ":2,"XNXQDM":"2024-2025-2","KCM":"汽车控制原理","JASDM":"0101060206","JXLDM":"010106","JXBID":"20242-02360","SKBJ":"汽服2201","TYXMDM":null,"KCH":"10075121024"},{"KKDWDM":"007","XS":32,"BYBZ":"0","JSJC":2,"XXXQDM":"01","KXH":"01","KSJC":1,"XKZRS":37,"SKZC":"111111100000000000000000","SKJS":"付翔,纪剑","ISTK":0,"ZCMC":"1-7周","YPSJDD":"1-7周 星期二 第1节-第2节 马区东-致远楼-206,1-7周 星期四 第1节-第2节 马区东-致远楼-206","XF":2,"SKXQ":4,"XNXQDM":"2024-2025-2","KCM":"汽车控制原理","JASDM":"0101060206","JXLDM":"010106","JXBID":"20242-02360","SKBJ":"汽服2201","TYXMDM":null,"KCH":"10075121024"},{"KKDWDM":"007","XS":32,"BYBZ":"0","JSJC":8,"XXXQDM":"01","KXH":"03","KSJC":6,"XKZRS":27,"SKZC":"111110000000000000000000000000","SKJS":"侯献军,李文浩","ISTK":0,"ZCMC":"1-5周","YPSJDD":"9周 星期日 第6节-第8节 马区东-致远楼-206,11周 星期五 第6节-第8节 马区东-致远楼-206,7-9周 星期五 第6节-第8节 马区东-致远楼-206,1-5周 星期五 第6节-第8节 马区东-致远楼-206","XF":2,"SKXQ":5,"XNXQDM":"2024-2025-2","KCM":"热能与动力机械测试技术","JASDM":"0101060206","JXLDM":"010106","JXBID":"20242-10119","SKBJ":"能源2201","TYXMDM":null,"KCH":"10075121092"},{"KKDWDM":"007","XS":32,"BYBZ":"0","JSJC":5,"XXXQDM":"01","KXH":"01","KSJC":3,"XKZRS":29,"SKZC":"111110000000000000000000000000","SKJS":"侯献军,申祖国","ISTK":0,"ZCMC":"1-5周","YPSJDD":"1-5周 星期五 第3节-第5节 马区东-致远楼-206,7-9周 星期五 第3节-第5节 马区东-致远楼-206,9周 星期日 第3节-第5节 马区东-致远楼-206,11周 星期五 第3节-第5节 马区东-致远楼-206","XF":2,"SKXQ":5,"XNXQDM":"2024-2025-2","KCM":"热能与动力机械测试技术","JASDM":"0101060206","JXLDM":"010106","JXBID":"20242-03103","SKBJ":"能源zy2201","TYXMDM":null,"KCH":"10075121092"},{"KKDWDM":"007","XS":32,"BYBZ":"0","JSJC":8,"XXXQDM":"01","KXH":"03","KSJC":6,"XKZRS":27,"SKZC":"000000111000000000000000000000","SKJS":"侯献军,李文浩","ISTK":0,"ZCMC":"7-9周","YPSJDD":"9周 星期日 第6节-第8节 马区东-致远楼-206,11周 星期五 第6节-第8节 马区东-致远楼-206,7-9周 星期五 第6节-第8节 马区东-致远楼-206,1-5周 星期五 第6节-第8节 马区东-致远楼-206","XF":2,"SKXQ":5,"XNXQDM":"2024-2025-2","KCM":"热能与动力机械测试技术","JASDM":"0101060206","JXLDM":"010106","JXBID":"20242-10119","SKBJ":"能源2201","TYXMDM":null,"KCH":"10075121092"},{"KKDWDM":"007","XS":32,"BYBZ":"0","JSJC":5,"XXXQDM":"01","KXH":"01","KSJC":3,"XKZRS":29,"SKZC":"000000111000000000000000000000","SKJS":"侯献军,申祖国","ISTK":0,"ZCMC":"7-9周","YPSJDD":"1-5周 星期五 第3节-第5节 马区东-致远楼-206,7-9周 星期五 第3节-第5节 马区东-致远楼-206,9周 星期日 第3节-第5节 马区东-致远楼-206,11周 星期五 第3节-第5节 马区东-致远楼-206","XF":2,"SKXQ":5,"XNXQDM":"2024-2025-2","KCM":"热能与动力机械测试技术","JASDM":"0101060206","JXLDM":"010106","JXBID":"20242-03103","SKBJ":"能源zy2201","TYXMDM":null,"KCH":"10075121092"},{"KKDWDM":"007","XS":32,"BYBZ":"0","JSJC":2,"XXXQDM":"01","KXH":"03","KSJC":1,"XKZRS":18,"SKZC":"000000001111111100000000000000","SKJS":"刘毅辉,王超","ISTK":0,"ZCMC":"9-16周","YPSJDD":"16-17周 星期一 第1节-第2节 马区东-致远楼-206,9-10周 星期一 第1节-第2节 马区东-致远楼-206,9-16周 星期三 第1节-第2节 马区东-致远楼-206,17周 星期二 第1节-第2节 马区东-致远楼-206,12-14周 星期一 第1节-第2节 马区东-致远楼-206","XF":2,"SKXQ":3,"XNXQDM":"2024-2025-2","KCM":"汽车试验学B","JASDM":"0101060206","JXLDM":"010106","JXBID":"20242-02441","SKBJ":"车辆gcgj2201","TYXMDM":null,"KCH":"10075112015"},{"KKDWDM":"007","XS":32,"BYBZ":"0","JSJC":2,"XXXQDM":"01","KXH":"05","KSJC":1,"XKZRS":35,"SKZC":"000000001111111100000000000000","SKJS":"吴孟武,田林雳","ISTK":0,"ZCMC":"9-16周","YPSJDD":"11-17周 星期四 第1节-第2节 马区东-致远楼-206,9-16周 星期二 第1节-第2节 马区东-致远楼-206,9周 星期四 第1节-第2节 马区东-致远楼-206","XF":2,"SKXQ":2,"XNXQDM":"2024-2025-2","KCM":"汽车试验学B","JASDM":"0101060206","JXLDM":"010106","JXBID":"20242-11255","SKBJ":"车辆2201","TYXMDM":null,"KCH":"10075112015"},{"KKDWDM":"007","XS":32,"BYBZ":"0","JSJC":2,"XXXQDM":"01","KXH":"03","KSJC":1,"XKZRS":18,"SKZC":"000000001100000000000000000000","SKJS":"刘毅辉,王超","ISTK":0,"ZCMC":"9-10周","YPSJDD":"16-17周 星期一 第1节-第2节 马区东-致远楼-206,9-10周 星期一 第1节-第2节 马区东-致远楼-206,9-16周 星期三 第1节-第2节 马区东-致远楼-206,17周 星期二 第1节-第2节 马区东-致远楼-206,12-14周 星期一 第1节-第2节 马区东-致远楼-206","XF":2,"SKXQ":1,"XNXQDM":"2024-2025-2","KCM":"汽车试验学B","JASDM":"0101060206","JXLDM":"010106","JXBID":"20242-02441","SKBJ":"车辆gcgj2201","TYXMDM":null,"KCH":"10075112015"},{"KKDWDM":"007","XS":32,"BYBZ":"0","JSJC":2,"XXXQDM":"01","KXH":"05","KSJC":1,"XKZRS":35,"SKZC":"000000001000000000000000000000","SKJS":"吴孟武,田林雳","ISTK":0,"ZCMC":"9周","YPSJDD":"11-17周 星期四 第1节-第2节 马区东-致远楼-206,9-16周 星期二 第1节-第2节 马区东-致远楼-206,9周 星期四 第1节-第2节 马区东-致远楼-206","XF":2,"SKXQ":4,"XNXQDM":"2024-2025-2","KCM":"汽车试验学B","JASDM":"0101060206","JXLDM":"010106","JXBID":"20242-11255","SKBJ":"车辆2201","TYXMDM":null,"KCH":"10075112015"},{"KKDWDM":"007","XS":32,"BYBZ":"0","JSJC":8,"XXXQDM":"01","KXH":"03","KSJC":6,"XKZRS":27,"SKZC":"000000001000000000000000000000","SKJS":"侯献军,李文浩","ISTK":0,"ZCMC":"9周","YPSJDD":"9周 星期日 第6节-第8节 马区东-致远楼-206,11周 星期五 第6节-第8节 马区东-致远楼-206,7-9周 星期五 第6节-第8节 马区东-致远楼-206,1-5周 星期五 第6节-第8节 马区东-致远楼-206","XF":2,"SKXQ":7,"XNXQDM":"2024-2025-2","KCM":"热能与动力机械测试技术","JASDM":"0101060206","JXLDM":"010106","JXBID":"20242-10119","SKBJ":"能源2201","TYXMDM":null,"KCH":"10075121092"},{"KKDWDM":"007","XS":32,"BYBZ":"0","JSJC":5,"XXXQDM":"01","KXH":"01","KSJC":3,"XKZRS":29,"SKZC":"000000001000000000000000000000","SKJS":"侯献军,申祖国","ISTK":0,"ZCMC":"9周","YPSJDD":"1-5周 星期五 第3节-第5节 马区东-致远楼-206,7-9周 星期五 第3节-第5节 马区东-致远楼-206,9周 星期日 第3节-第5节 马区东-致远楼-206,11周 星期五 第3节-第5节 马区东-致远楼-206","XF":2,"SKXQ":7,"XNXQDM":"2024-2025-2","KCM":"热能与动力机械测试技术","JASDM":"0101060206","JXLDM":"010106","JXBID":"20242-03103","SKBJ":"能源zy2201","TYXMDM":null,"KCH":"10075121092"},{"KKDWDM":"007","XS":32,"BYBZ":"0","JSJC":2,"XXXQDM":"01","KXH":"05","KSJC":1,"XKZRS":35,"SKZC":"000000000011111110000000000000","SKJS":"吴孟武,田林雳","ISTK":0,"ZCMC":"11-17周","YPSJDD":"11-17周 星期四 第1节-第2节 马区东-致远楼-206,9-16周 星期二 第1节-第2节 马区东-致远楼-206,9周 星期四 第1节-第2节 马区东-致远楼-206","XF":2,"SKXQ":4,"XNXQDM":"2024-2025-2","KCM":"汽车试验学B","JASDM":"0101060206","JXLDM":"010106","JXBID":"20242-11255","SKBJ":"车辆2201","TYXMDM":null,"KCH":"10075112015"},{"KKDWDM":"007","XS":48,"BYBZ":"0","JSJC":5,"XXXQDM":"01","KXH":"01","KSJC":3,"XKZRS":34,"SKZC":"000000000011111000000000000000","SKJS":"杨天麒,蔡永华","ISTK":0,"ZCMC":"11-15周","YPSJDD":"1-9周 星期四 第3节-第5节 马区东-致远楼-206,11-15周 星期四 第3节-第5节 马区东-致远楼-206","XF":3,"SKXQ":4,"XNXQDM":"2024-2025-2","KCM":"汽车理论","JASDM":"0101060206","JXLDM":"010106","JXBID":"20242-03520","SKBJ":"汽服2202","TYXMDM":null,"KCH":"10074121096"},{"KKDWDM":"007","XS":32,"BYBZ":"0","JSJC":8,"XXXQDM":"01","KXH":"03","KSJC":6,"XKZRS":27,"SKZC":"000000000010000000000000000000","SKJS":"侯献军,李文浩","ISTK":0,"ZCMC":"11周","YPSJDD":"9周 星期日 第6节-第8节 马区东-致远楼-206,11周 星期五 第6节-第8节 马区东-致远楼-206,7-9周 星期五 第6节-第8节 马区东-致远楼-206,1-5周 星期五 第6节-第8节 马区东-致远楼-206","XF":2,"SKXQ":5,"XNXQDM":"2024-2025-2","KCM":"热能与动力机械测试技术","JASDM":"0101060206","JXLDM":"010106","JXBID":"20242-10119","SKBJ":"能源2201","TYXMDM":null,"KCH":"10075121092"},{"KKDWDM":"007","XS":32,"BYBZ":"0","JSJC":5,"XXXQDM":"01","KXH":"01","KSJC":3,"XKZRS":29,"SKZC":"000000000010000000000000000000","SKJS":"侯献军,申祖国","ISTK":0,"ZCMC":"11周","YPSJDD":"1-5周 星期五 第3节-第5节 马区东-致远楼-206,7-9周 星期五 第3节-第5节 马区东-致远楼-206,9周 星期日 第3节-第5节 马区东-致远楼-206,11周 星期五 第3节-第5节 马区东-致远楼-206","XF":2,"SKXQ":5,"XNXQDM":"2024-2025-2","KCM":"热能与动力机械测试技术","JASDM":"0101060206","JXLDM":"010106","JXBID":"20242-03103","SKBJ":"能源zy2201","TYXMDM":null,"KCH":"10075121092"},{"KKDWDM":"004","XS":32,"BYBZ":"0","JSJC":12,"XXXQDM":"01","KXH":"01","KSJC":11,"XKZRS":34,"SKZC":"000000000010000000000000","SKJS":"尤雅,许絮","ISTK":0,"ZCMC":"11周","YPSJDD":"11周 星期二 第11节-第12节 马区东-致远楼-206,1-10周 星期二 第11节-第13节 马区东-致远楼-206","XF":2,"SKXQ":2,"XNXQDM":"2024-2025-2","KCM":"锂离子电池(JD)","JASDM":"0101060206","JXLDM":"010106","JXBID":"20242-07162","SKBJ":"公选-07162","TYXMDM":null,"KCH":"10046121064"},{"KKDWDM":"007","XS":32,"BYBZ":"0","JSJC":2,"XXXQDM":"01","KXH":"03","KSJC":1,"XKZRS":18,"SKZC":"000000000001110000000000000000","SKJS":"刘毅辉,王超","ISTK":0,"ZCMC":"12-14周","YPSJDD":"16-17周 星期一 第1节-第2节 马区东-致远楼-206,9-10周 星期一 第1节-第2节 马区东-致远楼-206,9-16周 星期三 第1节-第2节 马区东-致远楼-206,17周 星期二 第1节-第2节 马区东-致远楼-206,12-14周 星期一 第1节-第2节 马区东-致远楼-206","XF":2,"SKXQ":1,"XNXQDM":"2024-2025-2","KCM":"汽车试验学B","JASDM":"0101060206","JXLDM":"010106","JXBID":"20242-02441","SKBJ":"车辆gcgj2201","TYXMDM":null,"KCH":"10075112015"},{"KKDWDM":"007","XS":32,"BYBZ":"0","JSJC":7,"XXXQDM":"01","KXH":"01","KSJC":6,"XKZRS":36,"SKZC":"000000000001000000000000","SKJS":"吴婧","ISTK":0,"ZCMC":"12周","YPSJDD":"12周 星期一 第6节-第7节 马区东-致远楼-206,1-10周 星期一 第6节-第8节 马区东-致远楼-206","XF":2,"SKXQ":1,"XNXQDM":"2024-2025-2","KCM":"汽车感知技术","JASDM":"0101060206","JXLDM":"010106","JXBID":"20242-02383","SKBJ":"汽服2201","TYXMDM":null,"KCH":"10075121025"},{"KKDWDM":"007","XS":40,"BYBZ":"0","JSJC":7,"XXXQDM":"01","KXH":"01","KSJC":6,"XKZRS":26,"SKZC":"000000000000110000000000","SKJS":"肖合林","ISTK":0,"ZCMC":"13-14周","YPSJDD":"13-14周 星期二 第6节-第7节 马区东-致远楼-206,1-12周 星期二 第6节-第8节 马区东-致远楼-206","XF":2,"SKXQ":2,"XNXQDM":"2024-2025-2","KCM":"汽车发动机设计E","JASDM":"0101060206","JXLDM":"010106","JXBID":"20242-02483","SKBJ":"能源2201","TYXMDM":null,"KCH":"10075117057"},{"KKDWDM":"007","XS":32,"BYBZ":"0","JSJC":2,"XXXQDM":"01","KXH":"03","KSJC":1,"XKZRS":18,"SKZC":"000000000000000110000000000000","SKJS":"刘毅辉,王超","ISTK":0,"ZCMC":"16-17周","YPSJDD":"16-17周 星期一 第1节-第2节 马区东-致远楼-206,9-10周 星期一 第1节-第2节 马区东-致远楼-206,9-16周 星期三 第1节-第2节 马区东-致远楼-206,17周 星期二 第1节-第2节 马区东-致远楼-206,12-14周 星期一 第1节-第2节 马区东-致远楼-206","XF":2,"SKXQ":1,"XNXQDM":"2024-2025-2","KCM":"汽车试验学B","JASDM":"0101060206","JXLDM":"010106","JXBID":"20242-02441","SKBJ":"车辆gcgj2201","TYXMDM":null,"KCH":"10075112015"},{"KKDWDM":"007","XS":32,"BYBZ":"0","JSJC":2,"XXXQDM":"01","KXH":"03","KSJC":1,"XKZRS":18,"SKZC":"000000000000000010000000000000","SKJS":"刘毅辉,王超","ISTK":0,"ZCMC":"17周","YPSJDD":"16-17周 星期一 第1节-第2节 马区东-致远楼-206,9-10周 星期一 第1节-第2节 马区东-致远楼-206,9-16周 星期三 第1节-第2节 马区东-致远楼-206,17周 星期二 第1节-第2节 马区东-致远楼-206,12-14周 星期一 第1节-第2节 马区东-致远楼-206","XF":2,"SKXQ":2,"XNXQDM":"2024-2025-2","KCM":"汽车试验学B","JASDM":"0101060206","JXLDM":"010106","JXBID":"20242-02441","SKBJ":"车辆gcgj2201","TYXMDM":null,"KCH":"10075112015"}]}},"code":"0"}