{"datas":{"jaskcb":{"extParams":{"code":1,"msg":"查询成功"},"pageSize":0,"pageNumber":0,"totalSize":-1,"rows":[{"KKDWDM":null,"XS":null,"BYBZ":"1","JSJC":13,"XXXQDM":null,"KXH":null,"KSJC":9,"XKZRS":null,"SKZC":"011111100000000000000000000000","SKJS":"秦岭","ISTK":0,"ZCMC":"2-7周","YPSJDD":null,"XF":null,"SKXQ":1,"XNXQDM":"2024-2025-2","KCM":"汽车电驱动系统及控制","JASDM":"0101060109","JXLDM":null,"JXBID":null,"SKBJ":null,"TYXMDM":null,"KCH":"40070323071"},{"KKDWDM":null,"XS":null,"BYBZ":"1","JSJC":13,"XXXQDM":null,"KXH":null,"KSJC":11,"XKZRS":null,"SKZC":"000000010000000000000000000000","SKJS":"秦岭","ISTK":0,"ZCMC":"8周","YPSJDD":null,"XF":null,"SKXQ":1,"XNXQDM":"2024-2025-2","KCM":"汽车电驱动系统及控制","JASDM":"0101060109","JXLDM":null,"JXBID":null,"SKBJ":null,"TYXMDM":null,"KCH":"40070323071"},{"KKDWDM":null,"XS":null,"BYBZ":"1","JSJC":5,"XXXQDM":null,"KXH":null,"KSJC":3,"XKZRS":null,"SKZC":"000000010000000000000000000000","SKJS":"秦岭","ISTK":0,"ZCMC":"8周","YPSJDD":null,"XF":null,"SKXQ":2,"XNXQDM":"2024-2025-2","KCM":"汽车电驱动系统及控制","JASDM":"0101060109","JXLDM":null,"JXBID":null,"SKBJ":null,"TYXMDM":null,"KCH":"40070323071"},{"KKDWDM":null,"XS":null,"BYBZ":"1","JSJC":5,"XXXQDM":null,"KXH":null,"KSJC":3,"XKZRS":null,"SKZC":"000000000111111000000000000000","SKJS":"刘志恩","ISTK":0,"ZCMC":"10-15周","YPSJDD":null,"XF":null,"SKXQ":3,"XNXQDM":"2024-2025-2","KCM":"振动与噪声控制","JASDM":"0101060109","JXLDM":null,"JXBID":null,"SKBJ":null,"TYXMDM":null,"KCH":"40070323111"},{"KKDWDM":null,"XS":null,"BYBZ":"1","JSJC":5,"XXXQDM":null,"KXH":null,"KSJC":3,"XKZRS":null,"SKZC":"000000000111111000000000000000","SKJS":"刘志恩","ISTK":0,"ZCMC":"10-15周","YPSJDD":null,"XF":null,"SKXQ":5,"XNXQDM":"2024-2025-2","KCM":"振动与噪声控制","JASDM":"0101060109","JXLDM":null,"JXBID":null,"SKBJ":null,"TYXMDM":null,"KCH":"40070323111"},{"KKDWDM":null,"XS":null,"BYBZ":"1","JSJC":13,"XXXQDM":null,"KXH":null,"KSJC":9,"XKZRS":null,"SKZC":"011111100000000000000000000000","SKJS":"康健强","ISTK":0,"ZCMC":"2-7周","YPSJDD":null,"XF":null,"SKXQ":3,"XNXQDM":"2024-2025-2","KCM":"动力电池新材料与新技术","JASDM":"0101060109","JXLDM":null,"JXBID":null,"SKBJ":null,"TYXMDM":null,"KCH":"40070323116"},{"KKDWDM":null,"XS":null,"BYBZ":"1","JSJC":13,"XXXQDM":null,"KXH":null,"KSJC":11,"XKZRS":null,"SKZC":"000000010000000000000000000000","SKJS":"康健强","ISTK":0,"ZCMC":"8周","YPSJDD":null,"XF":null,"SKXQ":3,"XNXQDM":"2024-2025-2","KCM":"动力电池新材料与新技术","JASDM":"0101060109","JXLDM":null,"JXBID":null,"SKBJ":null,"TYXMDM":null,"KCH":"40070323116"},{"KKDWDM":null,"XS":null,"BYBZ":"1","JSJC":8,"XXXQDM":null,"KXH":null,"KSJC":6,"XKZRS":null,"SKZC":"000000010000000000000000000000","SKJS":"康健强","ISTK":0,"ZCMC":"8周","YPSJDD":null,"XF":null,"SKXQ":5,"XNXQDM":"2024-2025-2","KCM":"动力电池新材料与新技术","JASDM":"0101060109","JXLDM":null,"JXBID":null,"SKBJ":null,"TYXMDM":null,"KCH":"40070323116"},{"KKDWDM":null,"XS":null,"BYBZ":"1","JSJC":5,"XXXQDM":null,"KXH":null,"KSJC":3,"XKZRS":null,"SKZC":"000000001000000000000000000000","SKJS":"刘国龙,吕威,张芳娟,杨先保,杨安妮,梅运彬,王堂生,罗干,翁建明,肖萍,薛焱,许传红,许瑶,郑伟,雷五明,韩露,黄薇","ISTK":0,"ZCMC":"9周","YPSJDD":null,"XF":null,"SKXQ":6,"XNXQDM":"2024-2025-2","KCM":"思想政治理论课教学与研究（硕士）","JASDM":"0101060109","JXLDM":null,"JXBID":null,"SKBJ":null,"TYXMDM":null,"KCH":"40210224006"},{"KKDWDM":null,"XS":null,"BYBZ":"1","JSJC":8,"XXXQDM":null,"KXH":null,"KSJC":6,"XKZRS":null,"SKZC":"000111111111000000000000000000","SKJS":"吴琳","ISTK":0,"ZCMC":"4-12周","YPSJDD":null,"XF":null,"SKXQ":2,"XNXQDM":"2024-2025-2","KCM":"哲学基本问题与方法","JASDM":"0101060109","JXLDM":null,"JXBID":null,"SKBJ":null,"TYXMDM":null,"KCH":"40210224013"},{"KKDWDM":null,"XS":null,"BYBZ":"1","JSJC":5,"XXXQDM":null,"KXH":null,"KSJC":3,"XKZRS":null,"SKZC":"000111111111111000000000000000","SKJS":"王春娟","ISTK":0,"ZCMC":"4-15周","YPSJDD":null,"XF":null,"SKXQ":4,"XNXQDM":"2024-2025-2","KCM":"政治学理论前沿问题研究","JASDM":"0101060109","JXLDM":null,"JXBID":null,"SKBJ":null,"TYXMDM":null,"KCH":"40210224026"},{"KKDWDM":null,"XS":null,"BYBZ":"1","JSJC":8,"XXXQDM":null,"KXH":null,"KSJC":6,"XKZRS":null,"SKZC":"111111111111000000000000000000","SKJS":"张乃平","ISTK":0,"ZCMC":"1-12周","YPSJDD":null,"XF":null,"SKXQ":1,"XNXQDM":"2024-2025-2","KCM":"工程风险管理","JASDM":"0101060109","JXLDM":null,"JXBID":null,"SKBJ":null,"TYXMDM":null,"KCH":"40230323009"},{"KKDWDM":null,"XS":null,"BYBZ":"1","JSJC":8,"XXXQDM":null,"KXH":null,"KSJC":6,"XKZRS":null,"SKZC":"011111111111100000000000000000","SKJS":"唐丹","ISTK":0,"ZCMC":"2-13周","YPSJDD":null,"XF":null,"SKXQ":3,"XNXQDM":"2024-2025-2","KCM":"新媒体研究与应用","JASDM":"0101060109","JXLDM":null,"JXBID":null,"SKBJ":null,"TYXMDM":null,"KCH":"50220224025"},{"KKDWDM":null,"XS":null,"BYBZ":"1","JSJC":5,"XXXQDM":null,"KXH":null,"KSJC":3,"XKZRS":null,"SKZC":"011111100000000000000000000000","SKJS":"杜常清","ISTK":0,"ZCMC":"2-7周","YPSJDD":null,"XF":null,"SKXQ":3,"XNXQDM":"2024-2025-2","KCM":"车辆动力系统控制与仿真","JASDM":"0101060109","JXLDM":null,"JXBID":null,"SKBJ":null,"TYXMDM":null,"KCH":"60070223008"},{"KKDWDM":null,"XS":null,"BYBZ":"1","JSJC":5,"XXXQDM":null,"KXH":null,"KSJC":3,"XKZRS":null,"SKZC":"011111100000000000000000000000","SKJS":"杜常清","ISTK":0,"ZCMC":"2-7周","YPSJDD":null,"XF":null,"SKXQ":5,"XNXQDM":"2024-2025-2","KCM":"车辆动力系统控制与仿真","JASDM":"0101060109","JXLDM":null,"JXBID":null,"SKBJ":null,"TYXMDM":null,"KCH":"60070223008"}]}},"code":"0"}