{"datas":{"jaskcb":{"extParams":{"code":1,"msg":"查询成功"},"pageSize":0,"pageNumber":0,"totalSize":-1,"rows":[{"KKDWDM":null,"XS":null,"BYBZ":"1","JSJC":8,"XXXQDM":null,"KXH":null,"KSJC":6,"XKZRS":null,"SKZC":"011111100000000000000000000000","SKJS":"廖燕","ISTK":0,"ZCMC":"2-7周","YPSJDD":null,"XF":null,"SKXQ":1,"XNXQDM":"2024-2025-2","KCM":"管理经济学","JASDM":"0101060108","JXLDM":null,"JXBID":null,"SKBJ":null,"TYXMDM":null,"KCH":"40070223090"},{"KKDWDM":null,"XS":null,"BYBZ":"1","JSJC":5,"XXXQDM":null,"KXH":null,"KSJC":3,"XKZRS":null,"SKZC":"011111100000000000000000000000","SKJS":"廖燕","ISTK":0,"ZCMC":"2-7周","YPSJDD":null,"XF":null,"SKXQ":4,"XNXQDM":"2024-2025-2","KCM":"管理经济学","JASDM":"0101060108","JXLDM":null,"JXBID":null,"SKBJ":null,"TYXMDM":null,"KCH":"40070223090"},{"KKDWDM":null,"XS":null,"BYBZ":"1","JSJC":5,"XXXQDM":null,"KXH":null,"KSJC":3,"XKZRS":null,"SKZC":"011111111111100000000000000000","SKJS":"胡业发","ISTK":0,"ZCMC":"2-13周","YPSJDD":null,"XF":null,"SKXQ":7,"XNXQDM":"2024-2025-2","KCM":"数字制造技术","JASDM":"0101060108","JXLDM":null,"JXBID":null,"SKBJ":null,"TYXMDM":null,"KCH":"40080224009"},{"KKDWDM":null,"XS":null,"BYBZ":"1","JSJC":8,"XXXQDM":null,"KXH":null,"KSJC":6,"XKZRS":null,"SKZC":"000000000000111111000000000000","SKJS":"胥军","ISTK":0,"ZCMC":"13-18周","YPSJDD":null,"XF":null,"SKXQ":1,"XNXQDM":"2024-2025-2","KCM":"先进气动控制技术","JASDM":"0101060108","JXLDM":null,"JXBID":null,"SKBJ":null,"TYXMDM":null,"KCH":"40080324014"},{"KKDWDM":null,"XS":null,"BYBZ":"1","JSJC":5,"XXXQDM":null,"KXH":null,"KSJC":3,"XKZRS":null,"SKZC":"000000000000111111000000000000","SKJS":"胥军","ISTK":0,"ZCMC":"13-18周","YPSJDD":null,"XF":null,"SKXQ":2,"XNXQDM":"2024-2025-2","KCM":"先进气动控制技术","JASDM":"0101060108","JXLDM":null,"JXBID":null,"SKBJ":null,"TYXMDM":null,"KCH":"40080324014"},{"KKDWDM":null,"XS":null,"BYBZ":"1","JSJC":8,"XXXQDM":null,"KXH":null,"KSJC":6,"XKZRS":null,"SKZC":"111111111111000000000000000000","SKJS":"吴超群","ISTK":0,"ZCMC":"1-12周","YPSJDD":null,"XF":null,"SKXQ":2,"XNXQDM":"2024-2025-2","KCM":"振动与噪声控制","JASDM":"0101060108","JXLDM":null,"JXBID":null,"SKBJ":null,"TYXMDM":null,"KCH":"40080324015"},{"KKDWDM":null,"XS":null,"BYBZ":"1","JSJC":8,"XXXQDM":null,"KXH":null,"KSJC":6,"XKZRS":null,"SKZC":"000000000000010000000000000000","SKJS":"刘国龙,吕威,张芳娟,杨先保,杨安妮,梅运彬,王堂生,罗干,翁建明,肖萍,薛焱,许传红,许瑶,郑伟,雷五明,韩露,黄薇","ISTK":0,"ZCMC":"14周","YPSJDD":null,"XF":null,"SKXQ":2,"XNXQDM":"2024-2025-2","KCM":"思想政治理论课教学与研究（硕士）","JASDM":"0101060108","JXLDM":null,"JXBID":null,"SKBJ":null,"TYXMDM":null,"KCH":"40210224006"},{"KKDWDM":null,"XS":null,"BYBZ":"1","JSJC":5,"XXXQDM":null,"KXH":null,"KSJC":3,"XKZRS":null,"SKZC":"011111111111100000000000000000","SKJS":"郭国祥","ISTK":0,"ZCMC":"2-13周","YPSJDD":null,"XF":null,"SKXQ":1,"XNXQDM":"2024-2025-2","KCM":"中共党史与执政党建设","JASDM":"0101060108","JXLDM":null,"JXBID":null,"SKBJ":null,"TYXMDM":null,"KCH":"40210224008"},{"KKDWDM":null,"XS":null,"BYBZ":"1","JSJC":5,"XXXQDM":null,"KXH":null,"KSJC":3,"XKZRS":null,"SKZC":"001110001111110000000000000000","SKJS":"侯欣,王军","ISTK":0,"ZCMC":"3-5周,9-14周","YPSJDD":null,"XF":null,"SKXQ":3,"XNXQDM":"2024-2025-2","KCM":"思想政治教育前沿问题专题","JASDM":"0101060108","JXLDM":null,"JXBID":null,"SKBJ":null,"TYXMDM":null,"KCH":"40210224009"},{"KKDWDM":null,"XS":null,"BYBZ":"1","JSJC":5,"XXXQDM":null,"KXH":null,"KSJC":3,"XKZRS":null,"SKZC":"111111110000000000000000000000","SKJS":"季爱民","ISTK":0,"ZCMC":"1-8周","YPSJDD":null,"XF":null,"SKXQ":5,"XNXQDM":"2024-2025-2","KCM":"教育学理论与方法","JASDM":"0101060108","JXLDM":null,"JXBID":null,"SKBJ":null,"TYXMDM":null,"KCH":"40210324027"},{"KKDWDM":null,"XS":null,"BYBZ":"1","JSJC":5,"XXXQDM":null,"KXH":null,"KSJC":3,"XKZRS":null,"SKZC":"111111111111000000000000000000","SKJS":"吴飞","ISTK":0,"ZCMC":"1-12周","YPSJDD":null,"XF":null,"SKXQ":2,"XNXQDM":"2024-2025-2","KCM":"汽车电子控制与零部件检测技术","JASDM":"0101060108","JXLDM":null,"JXBID":null,"SKBJ":null,"TYXMDM":null,"KCH":"50080324008"},{"KKDWDM":null,"XS":null,"BYBZ":"1","JSJC":13,"XXXQDM":null,"KXH":null,"KSJC":11,"XKZRS":null,"SKZC":"000001111110000000000000000000","SKJS":"高忠梅","ISTK":0,"ZCMC":"6-11周","YPSJDD":null,"XF":null,"SKXQ":3,"XNXQDM":"2024-2025-2","KCM":"特种加工技术","JASDM":"0101060108","JXLDM":null,"JXBID":null,"SKBJ":null,"TYXMDM":null,"KCH":"50080324012"},{"KKDWDM":null,"XS":null,"BYBZ":"1","JSJC":13,"XXXQDM":null,"KXH":null,"KSJC":11,"XKZRS":null,"SKZC":"000001111110000000000000000000","SKJS":"高忠梅","ISTK":0,"ZCMC":"6-11周","YPSJDD":null,"XF":null,"SKXQ":6,"XNXQDM":"2024-2025-2","KCM":"特种加工技术","JASDM":"0101060108","JXLDM":null,"JXBID":null,"SKBJ":null,"TYXMDM":null,"KCH":"50080324012"},{"KKDWDM":null,"XS":null,"BYBZ":"1","JSJC":8,"XXXQDM":null,"KXH":null,"KSJC":6,"XKZRS":null,"SKZC":"001010101000000000000000000000","SKJS":"胡璟","ISTK":0,"ZCMC":"3-9周(单)","YPSJDD":null,"XF":null,"SKXQ":5,"XNXQDM":"2024-2025-2","KCM":"跨文化管理实务","JASDM":"0101060108","JXLDM":null,"JXBID":null,"SKBJ":null,"TYXMDM":null,"KCH":"50220224028"},{"KKDWDM":null,"XS":null,"BYBZ":"1","JSJC":10,"XXXQDM":null,"KXH":null,"KSJC":6,"XKZRS":null,"SKZC":"010101010100000000000000000000","SKJS":"胡璟","ISTK":0,"ZCMC":"2-10周(双)","YPSJDD":null,"XF":null,"SKXQ":5,"XNXQDM":"2024-2025-2","KCM":"跨文化管理实务","JASDM":"0101060108","JXLDM":null,"JXBID":null,"SKBJ":null,"TYXMDM":null,"KCH":"50220224028"},{"KKDWDM":null,"XS":null,"BYBZ":"1","JSJC":8,"XXXQDM":null,"KXH":null,"KSJC":6,"XKZRS":null,"SKZC":"111111111111000000000000000000","SKJS":"李开源","ISTK":0,"ZCMC":"1-12周","YPSJDD":null,"XF":null,"SKXQ":3,"XNXQDM":"2024-2025-2","KCM":"建筑性能化防火设计","JASDM":"0101060108","JXLDM":null,"JXBID":null,"SKBJ":null,"TYXMDM":null,"KCH":"50230323004"}]}},"code":"0"}