{"datas":{"jaskcb":{"extParams":{"code":1,"msg":"查询成功"},"pageSize":0,"pageNumber":0,"totalSize":-1,"rows":[{"KKDWDM":"009","XS":32,"BYBZ":"0","JSJC":2,"XXXQDM":"01","KXH":"01","KSJC":1,"XKZRS":21,"SKZC":"111111110000000000000000000000","SKJS":"彭恺","ISTK":0,"ZCMC":"1-8周","YPSJDD":"1-5周 星期五 第1节-第2节 马区西-东教学楼-505,9周 星期日 第1节-第2节 马区西-东教学楼-505,1-8周 星期二 第1节-第2节 马区西-东教学楼-505,7-8周 星期五 第1节-第2节 马区西-东教学楼-505","XF":2,"SKXQ":2,"XNXQDM":"2024-2025-2","KCM":"城市总体规划原理B","JASDM":"0102010505","JXLDM":"010201","JXBID":"20242-06651","SKBJ":"城规2201","TYXMDM":null,"KCH":"10094117095"},{"KKDWDM":"009","XS":48,"BYBZ":"0","JSJC":5,"XXXQDM":"01","KXH":"01","KSJC":3,"XKZRS":11,"SKZC":"11111111","SKJS":"彭恺","ISTK":0,"ZCMC":"1-8周","YPSJDD":"1-8周 星期二 第3节-第5节 马区西-东教学楼-505,1-8周 星期四 第3节-第5节 马区西-东教学楼-505","XF":3,"SKXQ":4,"XNXQDM":"2024-2025-2","KCM":"居住区规划设计","JASDM":"0102010505","JXLDM":"010201","JXBID":"20242-06653","SKBJ":"城规2201","TYXMDM":null,"KCH":"10094121051"},{"KKDWDM":"009","XS":48,"BYBZ":"0","JSJC":5,"XXXQDM":"01","KXH":"01","KSJC":3,"XKZRS":11,"SKZC":"11111111","SKJS":"彭恺","ISTK":0,"ZCMC":"1-8周","YPSJDD":"1-8周 星期二 第3节-第5节 马区西-东教学楼-505,1-8周 星期四 第3节-第5节 马区西-东教学楼-505","XF":3,"SKXQ":2,"XNXQDM":"2024-2025-2","KCM":"居住区规划设计","JASDM":"0102010505","JXLDM":"010201","JXBID":"20242-06653","SKBJ":"城规2201","TYXMDM":null,"KCH":"10094121051"},{"KKDWDM":"009","XS":32,"BYBZ":"0","JSJC":2,"XXXQDM":"01","KXH":"01","KSJC":1,"XKZRS":21,"SKZC":"111110000000000000000000000000","SKJS":"彭恺","ISTK":0,"ZCMC":"1-5周","YPSJDD":"1-5周 星期五 第1节-第2节 马区西-东教学楼-505,9周 星期日 第1节-第2节 马区西-东教学楼-505,1-8周 星期二 第1节-第2节 马区西-东教学楼-505,7-8周 星期五 第1节-第2节 马区西-东教学楼-505","XF":2,"SKXQ":5,"XNXQDM":"2024-2025-2","KCM":"城市总体规划原理B","JASDM":"0102010505","JXLDM":"010201","JXBID":"20242-06651","SKBJ":"城规2201","TYXMDM":null,"KCH":"10094117095"},{"KKDWDM":"009","XS":32,"BYBZ":"0","JSJC":2,"XXXQDM":"01","KXH":"01","KSJC":1,"XKZRS":21,"SKZC":"000000110000000000000000000000","SKJS":"彭恺","ISTK":0,"ZCMC":"7-8周","YPSJDD":"1-5周 星期五 第1节-第2节 马区西-东教学楼-505,9周 星期日 第1节-第2节 马区西-东教学楼-505,1-8周 星期二 第1节-第2节 马区西-东教学楼-505,7-8周 星期五 第1节-第2节 马区西-东教学楼-505","XF":2,"SKXQ":5,"XNXQDM":"2024-2025-2","KCM":"城市总体规划原理B","JASDM":"0102010505","JXLDM":"010201","JXBID":"20242-06651","SKBJ":"城规2201","TYXMDM":null,"KCH":"10094117095"},{"KKDWDM":"009","XS":48,"BYBZ":"0","JSJC":5,"XXXQDM":"01","KXH":"01","KSJC":3,"XKZRS":11,"SKZC":"000000001111111100000000000000","SKJS":"彭恺","ISTK":0,"ZCMC":"9-16周","YPSJDD":"11-17周 星期四 第3节-第5节 马区西-东教学楼-505,9-16周 星期二 第3节-第5节 马区西-东教学楼-505,9周 星期四 第3节-第5节 马区西-东教学楼-505","XF":3,"SKXQ":2,"XNXQDM":"2024-2025-2","KCM":"特色地段详细规划","JASDM":"0102010505","JXLDM":"010201","JXBID":"20242-06652","SKBJ":"城规2201","TYXMDM":null,"KCH":"10094121050"},{"KKDWDM":"009","XS":32,"BYBZ":"0","JSJC":2,"XXXQDM":"01","KXH":"01","KSJC":1,"XKZRS":21,"SKZC":"000000001000000000000000000000","SKJS":"彭恺","ISTK":0,"ZCMC":"9周","YPSJDD":"1-5周 星期五 第1节-第2节 马区西-东教学楼-505,9周 星期日 第1节-第2节 马区西-东教学楼-505,1-8周 星期二 第1节-第2节 马区西-东教学楼-505,7-8周 星期五 第1节-第2节 马区西-东教学楼-505","XF":2,"SKXQ":7,"XNXQDM":"2024-2025-2","KCM":"城市总体规划原理B","JASDM":"0102010505","JXLDM":"010201","JXBID":"20242-06651","SKBJ":"城规2201","TYXMDM":null,"KCH":"10094117095"},{"KKDWDM":"009","XS":48,"BYBZ":"0","JSJC":5,"XXXQDM":"01","KXH":"01","KSJC":3,"XKZRS":11,"SKZC":"000000001000000000000000000000","SKJS":"彭恺","ISTK":0,"ZCMC":"9周","YPSJDD":"11-17周 星期四 第3节-第5节 马区西-东教学楼-505,9-16周 星期二 第3节-第5节 马区西-东教学楼-505,9周 星期四 第3节-第5节 马区西-东教学楼-505","XF":3,"SKXQ":4,"XNXQDM":"2024-2025-2","KCM":"特色地段详细规划","JASDM":"0102010505","JXLDM":"010201","JXBID":"20242-06652","SKBJ":"城规2201","TYXMDM":null,"KCH":"10094121050"},{"KKDWDM":"009","XS":48,"BYBZ":"0","JSJC":5,"XXXQDM":"01","KXH":"01","KSJC":3,"XKZRS":11,"SKZC":"000000000011111110000000000000","SKJS":"彭恺","ISTK":0,"ZCMC":"11-17周","YPSJDD":"11-17周 星期四 第3节-第5节 马区西-东教学楼-505,9-16周 星期二 第3节-第5节 马区西-东教学楼-505,9周 星期四 第3节-第5节 马区西-东教学楼-505","XF":3,"SKXQ":4,"XNXQDM":"2024-2025-2","KCM":"特色地段详细规划","JASDM":"0102010505","JXLDM":"010201","JXBID":"20242-06652","SKBJ":"城规2201","TYXMDM":null,"KCH":"10094121050"}]}},"code":"0"}