{"datas":{"jaskcb":{"extParams":{"code":1,"msg":"查询成功"},"pageSize":0,"pageNumber":0,"totalSize":-1,"rows":[{"KKDWDM":"009","XS":56,"BYBZ":"0","JSJC":4,"XXXQDM":"01","KXH":"02","KSJC":1,"XKZRS":15,"SKZC":"111111110000000000000000000000","SKJS":"刘凌云","ISTK":0,"ZCMC":"1-8周","YPSJDD":"1-5周 星期五 第3节-第5节 马区西-东教学楼-403,1-8周 星期二 第1节-第4节 马区西-东教学楼-403,9周 星期日 第3节-第5节 马区西-东教学楼-403,7-8周 星期五 第3节-第5节 马区西-东教学楼-403","XF":3,"SKXQ":2,"XNXQDM":"2024-2025-2","KCM":"居住区规划","JASDM":"0102010403","JXLDM":"010201","JXBID":"20242-12800","SKBJ":"建筑学2101","TYXMDM":null,"KCH":"10094121067"},{"KKDWDM":"009","XS":56,"BYBZ":"0","JSJC":5,"XXXQDM":"01","KXH":"02","KSJC":3,"XKZRS":15,"SKZC":"111110000000000000000000000000","SKJS":"刘凌云","ISTK":0,"ZCMC":"1-5周","YPSJDD":"1-5周 星期五 第3节-第5节 马区西-东教学楼-403,1-8周 星期二 第1节-第4节 马区西-东教学楼-403,9周 星期日 第3节-第5节 马区西-东教学楼-403,7-8周 星期五 第3节-第5节 马区西-东教学楼-403","XF":3,"SKXQ":5,"XNXQDM":"2024-2025-2","KCM":"居住区规划","JASDM":"0102010403","JXLDM":"010201","JXBID":"20242-12800","SKBJ":"建筑学2101","TYXMDM":null,"KCH":"10094121067"},{"KKDWDM":"009","XS":56,"BYBZ":"0","JSJC":5,"XXXQDM":"01","KXH":"02","KSJC":3,"XKZRS":15,"SKZC":"000000110000000000000000000000","SKJS":"刘凌云","ISTK":0,"ZCMC":"7-8周","YPSJDD":"1-5周 星期五 第3节-第5节 马区西-东教学楼-403,1-8周 星期二 第1节-第4节 马区西-东教学楼-403,9周 星期日 第3节-第5节 马区西-东教学楼-403,7-8周 星期五 第3节-第5节 马区西-东教学楼-403","XF":3,"SKXQ":5,"XNXQDM":"2024-2025-2","KCM":"居住区规划","JASDM":"0102010403","JXLDM":"010201","JXBID":"20242-12800","SKBJ":"建筑学2101","TYXMDM":null,"KCH":"10094121067"},{"KKDWDM":"009","XS":56,"BYBZ":"0","JSJC":4,"XXXQDM":"01","KXH":"02","KSJC":1,"XKZRS":15,"SKZC":"000000001111111100000000000000","SKJS":"刘凌云","ISTK":0,"ZCMC":"9-16周","YPSJDD":"11-16周 星期五 第3节-第5节 马区西-东教学楼-403,9周 星期五 第3节-第5节 马区西-东教学楼-403,9-16周 星期二 第1节-第4节 马区西-东教学楼-403,17周 星期三 第3节-第5节 马区西-东教学楼-403","XF":3,"SKXQ":2,"XNXQDM":"2024-2025-2","KCM":"城市设计","JASDM":"0102010403","JXLDM":"010201","JXBID":"20242-12797","SKBJ":"建筑学2101","TYXMDM":null,"KCH":"10094121066"},{"KKDWDM":"009","XS":56,"BYBZ":"0","JSJC":5,"XXXQDM":"01","KXH":"02","KSJC":3,"XKZRS":15,"SKZC":"000000001000000000000000000000","SKJS":"刘凌云","ISTK":0,"ZCMC":"9周","YPSJDD":"1-5周 星期五 第3节-第5节 马区西-东教学楼-403,1-8周 星期二 第1节-第4节 马区西-东教学楼-403,9周 星期日 第3节-第5节 马区西-东教学楼-403,7-8周 星期五 第3节-第5节 马区西-东教学楼-403","XF":3,"SKXQ":7,"XNXQDM":"2024-2025-2","KCM":"居住区规划","JASDM":"0102010403","JXLDM":"010201","JXBID":"20242-12800","SKBJ":"建筑学2101","TYXMDM":null,"KCH":"10094121067"},{"KKDWDM":"009","XS":56,"BYBZ":"0","JSJC":5,"XXXQDM":"01","KXH":"02","KSJC":3,"XKZRS":15,"SKZC":"000000001000000000000000000000","SKJS":"刘凌云","ISTK":0,"ZCMC":"9周","YPSJDD":"11-16周 星期五 第3节-第5节 马区西-东教学楼-403,9周 星期五 第3节-第5节 马区西-东教学楼-403,9-16周 星期二 第1节-第4节 马区西-东教学楼-403,17周 星期三 第3节-第5节 马区西-东教学楼-403","XF":3,"SKXQ":5,"XNXQDM":"2024-2025-2","KCM":"城市设计","JASDM":"0102010403","JXLDM":"010201","JXBID":"20242-12797","SKBJ":"建筑学2101","TYXMDM":null,"KCH":"10094121066"},{"KKDWDM":"009","XS":56,"BYBZ":"0","JSJC":5,"XXXQDM":"01","KXH":"02","KSJC":3,"XKZRS":15,"SKZC":"000000000011111100000000000000","SKJS":"刘凌云","ISTK":0,"ZCMC":"11-16周","YPSJDD":"11-16周 星期五 第3节-第5节 马区西-东教学楼-403,9周 星期五 第3节-第5节 马区西-东教学楼-403,9-16周 星期二 第1节-第4节 马区西-东教学楼-403,17周 星期三 第3节-第5节 马区西-东教学楼-403","XF":3,"SKXQ":5,"XNXQDM":"2024-2025-2","KCM":"城市设计","JASDM":"0102010403","JXLDM":"010201","JXBID":"20242-12797","SKBJ":"建筑学2101","TYXMDM":null,"KCH":"10094121066"},{"KKDWDM":"009","XS":56,"BYBZ":"0","JSJC":5,"XXXQDM":"01","KXH":"02","KSJC":3,"XKZRS":15,"SKZC":"000000000000000010000000000000","SKJS":"刘凌云","ISTK":0,"ZCMC":"17周","YPSJDD":"11-16周 星期五 第3节-第5节 马区西-东教学楼-403,9周 星期五 第3节-第5节 马区西-东教学楼-403,9-16周 星期二 第1节-第4节 马区西-东教学楼-403,17周 星期三 第3节-第5节 马区西-东教学楼-403","XF":3,"SKXQ":3,"XNXQDM":"2024-2025-2","KCM":"城市设计","JASDM":"0102010403","JXLDM":"010201","JXBID":"20242-12797","SKBJ":"建筑学2101","TYXMDM":null,"KCH":"10094121066"}]}},"code":"0"}