{"datas":{"jaskcb":{"extParams":{"code":1,"msg":"查询成功"},"pageSize":0,"pageNumber":0,"totalSize":-1,"rows":[{"KKDWDM":"028","XS":24,"BYBZ":"0","JSJC":13,"XXXQDM":"01","KXH":"01","KSJC":11,"XKZRS":32,"SKZC":"000000001111000000000000","SKJS":"季伟,解晶晶","ISTK":0,"ZCMC":"9-12周","YPSJDD":"9-12周 星期二 第11节-第13节 马区西-东教学楼-133","XF":1,"SKXQ":2,"XNXQDM":"2024-2025-2","KCM":"特种陶瓷的仿生制备新技术(JD)","JASDM":"0102010133","JXLDM":"010201","JXBID":"20242-08821","SKBJ":"公选-08821","TYXMDM":null,"KCH":"10286121005"},{"KKDWDM":null,"XS":null,"BYBZ":"1","JSJC":13,"XXXQDM":null,"KXH":null,"KSJC":11,"XKZRS":null,"SKZC":"000100000000000000000000000000","SKJS":"聂雨晴","ISTK":0,"ZCMC":"4周","YPSJDD":null,"XF":null,"SKXQ":7,"XNXQDM":"2024-2025-2","KCM":"研学讲堂(借用)","JASDM":"0102010133","JXLDM":null,"JXBID":null,"SKBJ":null,"TYXMDM":null,"KCH":null},{"KKDWDM":null,"XS":null,"BYBZ":"1","JSJC":5,"XXXQDM":null,"KXH":null,"KSJC":3,"XKZRS":null,"SKZC":"001111111111110000000000000000","SKJS":"郝华","ISTK":0,"ZCMC":"3-14周","YPSJDD":null,"XF":null,"SKXQ":1,"XNXQDM":"2024-2025-2","KCM":"材料科学进展","JASDM":"0102010133","JXLDM":null,"JXBID":null,"SKBJ":null,"TYXMDM":null,"KCH":"40030224001"},{"KKDWDM":null,"XS":null,"BYBZ":"1","JSJC":5,"XXXQDM":null,"KXH":null,"KSJC":3,"XKZRS":null,"SKZC":"001111111111110000000000000000","SKJS":"郝华","ISTK":0,"ZCMC":"3-14周","YPSJDD":null,"XF":null,"SKXQ":4,"XNXQDM":"2024-2025-2","KCM":"材料科学进展","JASDM":"0102010133","JXLDM":null,"JXBID":null,"SKBJ":null,"TYXMDM":null,"KCH":"40030224001"},{"KKDWDM":null,"XS":null,"BYBZ":"1","JSJC":5,"XXXQDM":null,"KXH":null,"KSJC":3,"XKZRS":null,"SKZC":"001111110000000000000000000000","SKJS":"乔昂","ISTK":0,"ZCMC":"3-8周","YPSJDD":null,"XF":null,"SKXQ":2,"XNXQDM":"2024-2025-2","KCM":"科技论文写作规范","JASDM":"0102010133","JXLDM":null,"JXBID":null,"SKBJ":null,"TYXMDM":null,"KCH":"40030324002"},{"KKDWDM":null,"XS":null,"BYBZ":"1","JSJC":8,"XXXQDM":null,"KXH":null,"KSJC":6,"XKZRS":null,"SKZC":"001111111111110000000000000000","SKJS":"田歌","ISTK":0,"ZCMC":"3-14周","YPSJDD":null,"XF":null,"SKXQ":1,"XNXQDM":"2024-2025-2","KCM":"材料结构与性能","JASDM":"0102010133","JXLDM":null,"JXBID":null,"SKBJ":null,"TYXMDM":null,"KCH":"40030324009"},{"KKDWDM":null,"XS":null,"BYBZ":"1","JSJC":13,"XXXQDM":null,"KXH":null,"KSJC":11,"XKZRS":null,"SKZC":"111000000000000000000000000000","SKJS":"邢伟宏","ISTK":0,"ZCMC":"1-3周","YPSJDD":null,"XF":null,"SKXQ":3,"XNXQDM":"2024-2025-2","KCM":"材料科技英语","JASDM":"0102010133","JXLDM":null,"JXBID":null,"SKBJ":null,"TYXMDM":null,"KCH":"40030324030"},{"KKDWDM":null,"XS":null,"BYBZ":"1","JSJC":5,"XXXQDM":null,"KXH":null,"KSJC":3,"XKZRS":null,"SKZC":"111000000000000000000000000000","SKJS":"王堃","ISTK":0,"ZCMC":"1-3周","YPSJDD":null,"XF":null,"SKXQ":5,"XNXQDM":"2024-2025-2","KCM":"材料科技英语","JASDM":"0102010133","JXLDM":null,"JXBID":null,"SKBJ":null,"TYXMDM":null,"KCH":"40030324030"},{"KKDWDM":null,"XS":null,"BYBZ":"1","JSJC":5,"XXXQDM":null,"KXH":null,"KSJC":3,"XKZRS":null,"SKZC":"000111000000000000000000000000","SKJS":"邢伟宏","ISTK":0,"ZCMC":"4-6周","YPSJDD":null,"XF":null,"SKXQ":5,"XNXQDM":"2024-2025-2","KCM":"材料科技英语","JASDM":"0102010133","JXLDM":null,"JXBID":null,"SKBJ":null,"TYXMDM":null,"KCH":"40030324030"},{"KKDWDM":null,"XS":null,"BYBZ":"1","JSJC":8,"XXXQDM":null,"KXH":null,"KSJC":6,"XKZRS":null,"SKZC":"000111000000000000000000000000","SKJS":"赵春霞","ISTK":0,"ZCMC":"4-6周","YPSJDD":null,"XF":null,"SKXQ":5,"XNXQDM":"2024-2025-2","KCM":"材料科技英语","JASDM":"0102010133","JXLDM":null,"JXBID":null,"SKBJ":null,"TYXMDM":null,"KCH":"40030324030"},{"KKDWDM":null,"XS":null,"BYBZ":"1","JSJC":13,"XXXQDM":null,"KXH":null,"KSJC":11,"XKZRS":null,"SKZC":"111000000000000000000000000000","SKJS":"王堃","ISTK":0,"ZCMC":"1-3周","YPSJDD":null,"XF":null,"SKXQ":6,"XNXQDM":"2024-2025-2","KCM":"材料科技英语","JASDM":"0102010133","JXLDM":null,"JXBID":null,"SKBJ":null,"TYXMDM":null,"KCH":"40030324030"},{"KKDWDM":null,"XS":null,"BYBZ":"1","JSJC":13,"XXXQDM":null,"KXH":null,"KSJC":11,"XKZRS":null,"SKZC":"000001111110000000000000000000","SKJS":"刘韩星","ISTK":0,"ZCMC":"6-11周","YPSJDD":null,"XF":null,"SKXQ":6,"XNXQDM":"2024-2025-2","KCM":"材料信息学与人工智能","JASDM":"0102010133","JXLDM":null,"JXBID":null,"SKBJ":null,"TYXMDM":null,"KCH":"40030423002"},{"KKDWDM":null,"XS":null,"BYBZ":"1","JSJC":8,"XXXQDM":null,"KXH":null,"KSJC":3,"XKZRS":null,"SKZC":"000000000000000100000000000000","SKJS":"邹斌","ISTK":0,"ZCMC":"16周","YPSJDD":null,"XF":null,"SKXQ":2,"XNXQDM":"2024-2025-2","KCM":"智能汽车系统开发基础","JASDM":"0102010133","JXLDM":null,"JXBID":null,"SKBJ":null,"TYXMDM":null,"KCH":"40070223059"},{"KKDWDM":null,"XS":null,"BYBZ":"1","JSJC":10,"XXXQDM":null,"KXH":null,"KSJC":6,"XKZRS":null,"SKZC":"000000000111111000000000000000","SKJS":"邹斌","ISTK":0,"ZCMC":"10-15周","YPSJDD":null,"XF":null,"SKXQ":3,"XNXQDM":"2024-2025-2","KCM":"智能汽车系统开发基础","JASDM":"0102010133","JXLDM":null,"JXBID":null,"SKBJ":null,"TYXMDM":null,"KCH":"40070223059"},{"KKDWDM":null,"XS":null,"BYBZ":"1","JSJC":8,"XXXQDM":null,"KXH":null,"KSJC":6,"XKZRS":null,"SKZC":"000111111111111000000000000000","SKJS":"唐红涛","ISTK":0,"ZCMC":"4-15周","YPSJDD":null,"XF":null,"SKXQ":7,"XNXQDM":"2024-2025-2","KCM":"生产运作理论与方法","JASDM":"0102010133","JXLDM":null,"JXBID":null,"SKBJ":null,"TYXMDM":null,"KCH":"40080224008"},{"KKDWDM":null,"XS":null,"BYBZ":"1","JSJC":8,"XXXQDM":null,"KXH":null,"KSJC":6,"XKZRS":null,"SKZC":"111111111111000000000000000000","SKJS":"刘扬","ISTK":0,"ZCMC":"1-12周","YPSJDD":null,"XF":null,"SKXQ":4,"XNXQDM":"2024-2025-2","KCM":"数值分析","JASDM":"0102010133","JXLDM":null,"JXBID":null,"SKBJ":null,"TYXMDM":null,"KCH":"40150123005"},{"KKDWDM":null,"XS":null,"BYBZ":"1","JSJC":8,"XXXQDM":null,"KXH":null,"KSJC":6,"XKZRS":null,"SKZC":"111111111111000000000000000000","SKJS":"刘扬","ISTK":0,"ZCMC":"1-12周","YPSJDD":null,"XF":null,"SKXQ":2,"XNXQDM":"2024-2025-2","KCM":"数学模型","JASDM":"0102010133","JXLDM":null,"JXBID":null,"SKBJ":null,"TYXMDM":null,"KCH":"40150123006"},{"KKDWDM":null,"XS":null,"BYBZ":"1","JSJC":5,"XXXQDM":null,"KXH":null,"KSJC":1,"XKZRS":null,"SKZC":"011111100000000000000000000000","SKJS":"杜百岗","ISTK":0,"ZCMC":"2-7周","YPSJDD":null,"XF":null,"SKXQ":6,"XNXQDM":"2024-2025-2","KCM":"智能优化算法","JASDM":"0102010133","JXLDM":null,"JXBID":null,"SKBJ":null,"TYXMDM":null,"KCH":"50080224003"},{"KKDWDM":null,"XS":null,"BYBZ":"1","JSJC":5,"XXXQDM":null,"KXH":null,"KSJC":3,"XKZRS":null,"SKZC":"100000010000000000000000000000","SKJS":"杜百岗","ISTK":0,"ZCMC":"1周,8周","YPSJDD":null,"XF":null,"SKXQ":6,"XNXQDM":"2024-2025-2","KCM":"智能优化算法","JASDM":"0102010133","JXLDM":null,"JXBID":null,"SKBJ":null,"TYXMDM":null,"KCH":"50080224003"},{"KKDWDM":null,"XS":null,"BYBZ":"1","JSJC":13,"XXXQDM":null,"KXH":null,"KSJC":11,"XKZRS":null,"SKZC":"001111111111110000000000000000","SKJS":"戚欣","ISTK":0,"ZCMC":"3-14周","YPSJDD":null,"XF":null,"SKXQ":4,"XNXQDM":"2024-2025-2","KCM":"企业级应用软件设计与开发","JASDM":"0102010133","JXLDM":null,"JXBID":null,"SKBJ":null,"TYXMDM":null,"KCH":"50120224001"},{"KKDWDM":null,"XS":null,"BYBZ":"1","JSJC":5,"XXXQDM":null,"KXH":null,"KSJC":3,"XKZRS":null,"SKZC":"111111110000000000000000000000","SKJS":"权宗田","ISTK":0,"ZCMC":"1-8周","YPSJDD":null,"XF":null,"SKXQ":3,"XNXQDM":"2024-2025-2","KCM":"新时代中国特色社会主义理论与实践","JASDM":"0102010133","JXLDM":null,"JXBID":null,"SKBJ":null,"TYXMDM":null,"KCH":"50210123001"},{"KKDWDM":null,"XS":null,"BYBZ":"1","JSJC":8,"XXXQDM":null,"KXH":null,"KSJC":6,"XKZRS":null,"SKZC":"111111110000000000000000000000","SKJS":"陈哲","ISTK":0,"ZCMC":"1-8周","YPSJDD":null,"XF":null,"SKXQ":3,"XNXQDM":"2024-2025-2","KCM":"新时代中国特色社会主义理论与实践","JASDM":"0102010133","JXLDM":null,"JXBID":null,"SKBJ":null,"TYXMDM":null,"KCH":"50210123001"},{"KKDWDM":null,"XS":null,"BYBZ":"1","JSJC":5,"XXXQDM":null,"KXH":null,"KSJC":3,"XKZRS":null,"SKZC":"110000000000000000000000000000","SKJS":"唐新峰","ISTK":0,"ZCMC":"1-2周","YPSJDD":null,"XF":null,"SKXQ":1,"XNXQDM":"2024-2025-2","KCM":"半导体物理学","JASDM":"0102010133","JXLDM":null,"JXBID":null,"SKBJ":null,"TYXMDM":null,"KCH":"60030224012"},{"KKDWDM":null,"XS":null,"BYBZ":"1","JSJC":2,"XXXQDM":null,"KXH":null,"KSJC":1,"XKZRS":null,"SKZC":"000000000000001111000000000000","SKJS":"唐新峰","ISTK":0,"ZCMC":"15-18周","YPSJDD":null,"XF":null,"SKXQ":3,"XNXQDM":"2024-2025-2","KCM":"半导体物理学","JASDM":"0102010133","JXLDM":null,"JXBID":null,"SKBJ":null,"TYXMDM":null,"KCH":"60030224012"},{"KKDWDM":null,"XS":null,"BYBZ":"1","JSJC":8,"XXXQDM":null,"KXH":null,"KSJC":6,"XKZRS":null,"SKZC":"000000001110000000000000000000","SKJS":"唐新峰","ISTK":0,"ZCMC":"9-11周","YPSJDD":null,"XF":null,"SKXQ":5,"XNXQDM":"2024-2025-2","KCM":"半导体物理学","JASDM":"0102010133","JXLDM":null,"JXBID":null,"SKBJ":null,"TYXMDM":null,"KCH":"60030224012"},{"KKDWDM":null,"XS":null,"BYBZ":"1","JSJC":8,"XXXQDM":null,"KXH":null,"KSJC":6,"XKZRS":null,"SKZC":"110000000000000000000000000000","SKJS":"唐新峰","ISTK":0,"ZCMC":"1-2周","YPSJDD":null,"XF":null,"SKXQ":6,"XNXQDM":"2024-2025-2","KCM":"半导体物理学","JASDM":"0102010133","JXLDM":null,"JXBID":null,"SKBJ":null,"TYXMDM":null,"KCH":"60030224012"},{"KKDWDM":null,"XS":null,"BYBZ":"1","JSJC":10,"XXXQDM":null,"KXH":null,"KSJC":9,"XKZRS":null,"SKZC":"000000000000001111000000000000","SKJS":"唐新峰","ISTK":0,"ZCMC":"15-18周","YPSJDD":null,"XF":null,"SKXQ":6,"XNXQDM":"2024-2025-2","KCM":"半导体物理学","JASDM":"0102010133","JXLDM":null,"JXBID":null,"SKBJ":null,"TYXMDM":null,"KCH":"60030224012"},{"KKDWDM":null,"XS":null,"BYBZ":"1","JSJC":5,"XXXQDM":null,"KXH":null,"KSJC":3,"XKZRS":null,"SKZC":"111111111111000000000000000000","SKJS":"安琴友","ISTK":0,"ZCMC":"1-12周","YPSJDD":null,"XF":null,"SKXQ":7,"XNXQDM":"2024-2025-2","KCM":"电化学原理与应用","JASDM":"0102010133","JXLDM":null,"JXBID":null,"SKBJ":null,"TYXMDM":null,"KCH":"60030224016"}]}},"code":"0"}