{"datas":{"jaskcb":{"extParams":{"code":1,"msg":"查询成功"},"pageSize":0,"pageNumber":0,"totalSize":-1,"rows":[{"KKDWDM":"009","XS":48,"BYBZ":"0","JSJC":9,"XXXQDM":"01","KXH":"01","KSJC":6,"XKZRS":15,"SKZC":"111111111100000000000000000000","SKJS":"王涛","ISTK":0,"ZCMC":"1-10周","YPSJDD":"1-10周 星期一 第6节-第9节 马区西-东教学楼-408,12-13周 星期一 第6节-第9节 马区西-东教学楼-408","XF":3,"SKXQ":1,"XNXQDM":"2024-2025-2","KCM":"美术4","JASDM":"0102010408","JXLDM":"010201","JXBID":"20242-05303","SKBJ":"城规2301","TYXMDM":null,"KCH":"10094120001"},{"KKDWDM":"009","XS":40,"BYBZ":"0","JSJC":9,"XXXQDM":"01","KXH":"02","KSJC":6,"XKZRS":16,"SKZC":"1111111111","SKJS":"白亮","ISTK":0,"ZCMC":"1-10周","YPSJDD":"1-10周 星期二 第6节-第9节 马区西-东教学楼-408","XF":2,"SKXQ":2,"XNXQDM":"2024-2025-2","KCM":"美术2","JASDM":"0102010408","JXLDM":"010201","JXBID":"20242-12780","SKBJ":"建筑类2401","TYXMDM":null,"KCH":"10173111003"},{"KKDWDM":"009","XS":48,"BYBZ":"0","JSJC":9,"XXXQDM":"01","KXH":"01","KSJC":6,"XKZRS":15,"SKZC":"000000000001100000000000000000","SKJS":"王涛","ISTK":0,"ZCMC":"12-13周","YPSJDD":"1-10周 星期一 第6节-第9节 马区西-东教学楼-408,12-13周 星期一 第6节-第9节 马区西-东教学楼-408","XF":3,"SKXQ":1,"XNXQDM":"2024-2025-2","KCM":"美术4","JASDM":"0102010408","JXLDM":"010201","JXBID":"20242-05303","SKBJ":"城规2301","TYXMDM":null,"KCH":"10094120001"}]}},"code":"0"}