{"datas":{"jaskcb":{"extParams":{"code":1,"msg":"查询成功"},"pageSize":0,"pageNumber":0,"totalSize":-1,"rows":[{"KKDWDM":"009","XS":112,"BYBZ":"0","JSJC":4,"XXXQDM":"01","KXH":"01","KSJC":3,"XKZRS":14,"SKZC":"111111111100000000000000000000","SKJS":"陆静","ISTK":0,"ZCMC":"1-10周","YPSJDD":"17周 星期二 第3节-第4节 马区西-东教学楼-404,1-9周 星期四 第1节-第5节 马区西-东教学楼-404,11-17周 星期四 第1节-第5节 马区西-东教学楼-404,1-10周 星期一 第3节-第4节 马区西-东教学楼-404,12-14周 星期一 第3节-第4节 马区西-东教学楼-404,16-17周 星期一 第3节-第4节 马区西-东教学楼-404","XF":7,"SKXQ":1,"XNXQDM":"2024-2025-2","KCM":"建筑设计初步A2","JASDM":"0102010404","JXLDM":"010201","JXBID":"20242-06231","SKBJ":"建筑类2402","TYXMDM":null,"KCH":"10166111001"},{"KKDWDM":"009","XS":112,"BYBZ":"0","JSJC":5,"XXXQDM":"01","KXH":"01","KSJC":1,"XKZRS":14,"SKZC":"111111111000000000000000000000","SKJS":"陆静","ISTK":0,"ZCMC":"1-9周","YPSJDD":"17周 星期二 第3节-第4节 马区西-东教学楼-404,1-9周 星期四 第1节-第5节 马区西-东教学楼-404,11-17周 星期四 第1节-第5节 马区西-东教学楼-404,1-10周 星期一 第3节-第4节 马区西-东教学楼-404,12-14周 星期一 第3节-第4节 马区西-东教学楼-404,16-17周 星期一 第3节-第4节 马区西-东教学楼-404","XF":7,"SKXQ":4,"XNXQDM":"2024-2025-2","KCM":"建筑设计初步A2","JASDM":"0102010404","JXLDM":"010201","JXBID":"20242-06231","SKBJ":"建筑类2402","TYXMDM":null,"KCH":"10166111001"},{"KKDWDM":"009","XS":112,"BYBZ":"0","JSJC":5,"XXXQDM":"01","KXH":"01","KSJC":1,"XKZRS":14,"SKZC":"000000000011111110000000000000","SKJS":"陆静","ISTK":0,"ZCMC":"11-17周","YPSJDD":"17周 星期二 第3节-第4节 马区西-东教学楼-404,1-9周 星期四 第1节-第5节 马区西-东教学楼-404,11-17周 星期四 第1节-第5节 马区西-东教学楼-404,1-10周 星期一 第3节-第4节 马区西-东教学楼-404,12-14周 星期一 第3节-第4节 马区西-东教学楼-404,16-17周 星期一 第3节-第4节 马区西-东教学楼-404","XF":7,"SKXQ":4,"XNXQDM":"2024-2025-2","KCM":"建筑设计初步A2","JASDM":"0102010404","JXLDM":"010201","JXBID":"20242-06231","SKBJ":"建筑类2402","TYXMDM":null,"KCH":"10166111001"},{"KKDWDM":"009","XS":112,"BYBZ":"0","JSJC":4,"XXXQDM":"01","KXH":"01","KSJC":3,"XKZRS":14,"SKZC":"000000000001110000000000000000","SKJS":"陆静","ISTK":0,"ZCMC":"12-14周","YPSJDD":"17周 星期二 第3节-第4节 马区西-东教学楼-404,1-9周 星期四 第1节-第5节 马区西-东教学楼-404,11-17周 星期四 第1节-第5节 马区西-东教学楼-404,1-10周 星期一 第3节-第4节 马区西-东教学楼-404,12-14周 星期一 第3节-第4节 马区西-东教学楼-404,16-17周 星期一 第3节-第4节 马区西-东教学楼-404","XF":7,"SKXQ":1,"XNXQDM":"2024-2025-2","KCM":"建筑设计初步A2","JASDM":"0102010404","JXLDM":"010201","JXBID":"20242-06231","SKBJ":"建筑类2402","TYXMDM":null,"KCH":"10166111001"},{"KKDWDM":"009","XS":112,"BYBZ":"0","JSJC":4,"XXXQDM":"01","KXH":"01","KSJC":3,"XKZRS":14,"SKZC":"000000000000000110000000000000","SKJS":"陆静","ISTK":0,"ZCMC":"16-17周","YPSJDD":"17周 星期二 第3节-第4节 马区西-东教学楼-404,1-9周 星期四 第1节-第5节 马区西-东教学楼-404,11-17周 星期四 第1节-第5节 马区西-东教学楼-404,1-10周 星期一 第3节-第4节 马区西-东教学楼-404,12-14周 星期一 第3节-第4节 马区西-东教学楼-404,16-17周 星期一 第3节-第4节 马区西-东教学楼-404","XF":7,"SKXQ":1,"XNXQDM":"2024-2025-2","KCM":"建筑设计初步A2","JASDM":"0102010404","JXLDM":"010201","JXBID":"20242-06231","SKBJ":"建筑类2402","TYXMDM":null,"KCH":"10166111001"},{"KKDWDM":"009","XS":112,"BYBZ":"0","JSJC":4,"XXXQDM":"01","KXH":"01","KSJC":3,"XKZRS":14,"SKZC":"000000000000000010000000000000","SKJS":"陆静","ISTK":0,"ZCMC":"17周","YPSJDD":"17周 星期二 第3节-第4节 马区西-东教学楼-404,1-9周 星期四 第1节-第5节 马区西-东教学楼-404,11-17周 星期四 第1节-第5节 马区西-东教学楼-404,1-10周 星期一 第3节-第4节 马区西-东教学楼-404,12-14周 星期一 第3节-第4节 马区西-东教学楼-404,16-17周 星期一 第3节-第4节 马区西-东教学楼-404","XF":7,"SKXQ":2,"XNXQDM":"2024-2025-2","KCM":"建筑设计初步A2","JASDM":"0102010404","JXLDM":"010201","JXBID":"20242-06231","SKBJ":"建筑类2402","TYXMDM":null,"KCH":"10166111001"}]}},"code":"0"}