{"datas":{"jaskcb":{"extParams":{"code":1,"msg":"查询成功"},"pageSize":0,"pageNumber":0,"totalSize":-1,"rows":[{"KKDWDM":null,"XS":null,"BYBZ":"1","JSJC":9,"XXXQDM":null,"KXH":null,"KSJC":8,"XKZRS":null,"SKZC":"000010000000000000000000000000","SKJS":"卢文婧","ISTK":0,"ZCMC":"5周","YPSJDD":null,"XF":null,"SKXQ":1,"XNXQDM":"2024-2025-2","KCM":"研学讲堂(借用)","JASDM":"0102010233","JXLDM":null,"JXBID":null,"SKBJ":null,"TYXMDM":null,"KCH":null},{"KKDWDM":null,"XS":null,"BYBZ":"1","JSJC":13,"XXXQDM":null,"KXH":null,"KSJC":11,"XKZRS":null,"SKZC":"001000000000000000000000000000","SKJS":"陈倩文","ISTK":0,"ZCMC":"3周","YPSJDD":null,"XF":null,"SKXQ":6,"XNXQDM":"2024-2025-2","KCM":"党支部共建(借用)","JASDM":"0102010233","JXLDM":null,"JXBID":null,"SKBJ":null,"TYXMDM":null,"KCH":null},{"KKDWDM":null,"XS":null,"BYBZ":"1","JSJC":8,"XXXQDM":null,"KXH":null,"KSJC":6,"XKZRS":null,"SKZC":"000010000000000000000000000000","SKJS":"陈海霞","ISTK":0,"ZCMC":"5周","YPSJDD":null,"XF":null,"SKXQ":4,"XNXQDM":"2024-2025-2","KCM":"材料学院硕士专家培训(借用)","JASDM":"0102010233","JXLDM":null,"JXBID":null,"SKBJ":null,"TYXMDM":null,"KCH":null},{"KKDWDM":null,"XS":null,"BYBZ":"1","JSJC":13,"XXXQDM":null,"KXH":null,"KSJC":11,"XKZRS":null,"SKZC":"111111111111000000000000000000","SKJS":"胡婧,范静遐","ISTK":0,"ZCMC":"1-12周","YPSJDD":null,"XF":null,"SKXQ":2,"XNXQDM":"2024-2025-2","KCM":"第二外国语（日）","JASDM":"0102010233","JXLDM":null,"JXBID":null,"SKBJ":null,"TYXMDM":null,"KCH":"01813002"},{"KKDWDM":null,"XS":null,"BYBZ":"1","JSJC":13,"XXXQDM":null,"KXH":null,"KSJC":11,"XKZRS":null,"SKZC":"111111111111000000000000000000","SKJS":"胡婧,范静遐","ISTK":0,"ZCMC":"1-12周","YPSJDD":null,"XF":null,"SKXQ":4,"XNXQDM":"2024-2025-2","KCM":"第二外国语（日）","JASDM":"0102010233","JXLDM":null,"JXBID":null,"SKBJ":null,"TYXMDM":null,"KCH":"01813002"},{"KKDWDM":null,"XS":null,"BYBZ":"1","JSJC":12,"XXXQDM":null,"KXH":null,"KSJC":9,"XKZRS":null,"SKZC":"111111111111110000000000000000","SKJS":"冯静","ISTK":0,"ZCMC":"1-14周","YPSJDD":null,"XF":null,"SKXQ":3,"XNXQDM":"2024-2025-2","KCM":"现代数据库技术","JASDM":"0102010233","JXLDM":null,"JXBID":null,"SKBJ":null,"TYXMDM":null,"KCH":"40120224005"},{"KKDWDM":null,"XS":null,"BYBZ":"1","JSJC":8,"XXXQDM":null,"KXH":null,"KSJC":6,"XKZRS":null,"SKZC":"000001111111111110000000000000","SKJS":"陈昆","ISTK":0,"ZCMC":"6-17周","YPSJDD":null,"XF":null,"SKXQ":5,"XNXQDM":"2024-2025-2","KCM":"通信理论与系统","JASDM":"0102010233","JXLDM":null,"JXBID":null,"SKBJ":null,"TYXMDM":null,"KCH":"50110223009"},{"KKDWDM":null,"XS":null,"BYBZ":"1","JSJC":5,"XXXQDM":null,"KXH":null,"KSJC":3,"XKZRS":null,"SKZC":"111111110000000000000000000000","SKJS":"郭国祥","ISTK":0,"ZCMC":"1-8周","YPSJDD":null,"XF":null,"SKXQ":3,"XNXQDM":"2024-2025-2","KCM":"新时代中国特色社会主义理论与实践","JASDM":"0102010233","JXLDM":null,"JXBID":null,"SKBJ":null,"TYXMDM":null,"KCH":"50210123001"},{"KKDWDM":null,"XS":null,"BYBZ":"1","JSJC":8,"XXXQDM":null,"KXH":null,"KSJC":6,"XKZRS":null,"SKZC":"111111110000000000000000000000","SKJS":"许春涛","ISTK":0,"ZCMC":"1-8周","YPSJDD":null,"XF":null,"SKXQ":3,"XNXQDM":"2024-2025-2","KCM":"新时代中国特色社会主义理论与实践","JASDM":"0102010233","JXLDM":null,"JXBID":null,"SKBJ":null,"TYXMDM":null,"KCH":"50210123001"},{"KKDWDM":null,"XS":null,"BYBZ":"1","JSJC":5,"XXXQDM":null,"KXH":null,"KSJC":3,"XKZRS":null,"SKZC":"111111110000000000000000000000","SKJS":"翁建明","ISTK":0,"ZCMC":"1-8周","YPSJDD":null,"XF":null,"SKXQ":4,"XNXQDM":"2024-2025-2","KCM":"新时代中国特色社会主义理论与实践","JASDM":"0102010233","JXLDM":null,"JXBID":null,"SKBJ":null,"TYXMDM":null,"KCH":"50210123001"},{"KKDWDM":null,"XS":null,"BYBZ":"1","JSJC":5,"XXXQDM":null,"KXH":null,"KSJC":3,"XKZRS":null,"SKZC":"111111110000000000000000000000","SKJS":"齐远飞","ISTK":0,"ZCMC":"1-8周","YPSJDD":null,"XF":null,"SKXQ":5,"XNXQDM":"2024-2025-2","KCM":"新时代中国特色社会主义理论与实践","JASDM":"0102010233","JXLDM":null,"JXBID":null,"SKBJ":null,"TYXMDM":null,"KCH":"50210123001"},{"KKDWDM":null,"XS":null,"BYBZ":"1","JSJC":13,"XXXQDM":null,"KXH":null,"KSJC":11,"XKZRS":null,"SKZC":"111111111111000000000000000000","SKJS":"胡婧,范静遐","ISTK":0,"ZCMC":"1-12周","YPSJDD":null,"XF":null,"SKXQ":2,"XNXQDM":"2024-2025-2","KCM":"第二外国语（日）","JASDM":"0102010233","JXLDM":null,"JXBID":null,"SKBJ":null,"TYXMDM":null,"KCH":"60200523001"},{"KKDWDM":null,"XS":null,"BYBZ":"1","JSJC":13,"XXXQDM":null,"KXH":null,"KSJC":11,"XKZRS":null,"SKZC":"111111111111000000000000000000","SKJS":"胡婧,范静遐","ISTK":0,"ZCMC":"1-12周","YPSJDD":null,"XF":null,"SKXQ":4,"XNXQDM":"2024-2025-2","KCM":"第二外国语（日）","JASDM":"0102010233","JXLDM":null,"JXBID":null,"SKBJ":null,"TYXMDM":null,"KCH":"60200523001"}]}},"code":"0"}