{"datas":{"jaskcb":{"extParams":{"code":1,"msg":"查询成功"},"pageSize":0,"pageNumber":0,"totalSize":-1,"rows":[{"KKDWDM":"009","XS":40,"BYBZ":"0","JSJC":9,"XXXQDM":"01","KXH":"01","KSJC":6,"XKZRS":14,"SKZC":"1111111111","SKJS":"王涛","ISTK":0,"ZCMC":"1-10周","YPSJDD":"1-10周 星期二 第6节-第9节 马区西-东教学楼-406","XF":2,"SKXQ":2,"XNXQDM":"2024-2025-2","KCM":"美术2","JASDM":"0102010406","JXLDM":"010201","JXBID":"20242-06014","SKBJ":"建筑类2402","TYXMDM":null,"KCH":"10173111003"},{"KKDWDM":"009","XS":40,"BYBZ":"0","JSJC":9,"XXXQDM":"01","KXH":"01","KSJC":6,"XKZRS":25,"SKZC":"1111111111","SKJS":"王涛,白亮","ISTK":0,"ZCMC":"1-10周","YPSJDD":"1-10周 星期三 第6节-第9节 马区西-东教学楼-406","XF":2,"SKXQ":3,"XNXQDM":"2024-2025-2","KCM":"美术4","JASDM":"0102010406","JXLDM":"010201","JXBID":"20242-04309","SKBJ":"建筑学2301","TYXMDM":null,"KCH":"10094121139"}]}},"code":"0"}