{"datas":{"jaskcb":{"extParams":{"code":1,"msg":"查询成功"},"pageSize":0,"pageNumber":0,"totalSize":-1,"rows":[{"KKDWDM":"020","XS":32,"BYBZ":"0","JSJC":13,"XXXQDM":"01","KXH":"01","KSJC":11,"XKZRS":74,"SKZC":"111111111100000000000000","SKJS":"周堂波","ISTK":0,"ZCMC":"1-10周","YPSJDD":"11周 星期三 第11节-第12节 马区西-东教学楼-134,1-10周 星期三 第11节-第13节 马区西-东教学楼-134","XF":2,"SKXQ":3,"XNXQDM":"2024-2025-2","KCM":"日本饮食与文化(GX)","JASDM":"0102010134","JXLDM":"010201","JXBID":"20242-08445","SKBJ":"公选-08445","TYXMDM":null,"KCH":"10202121180"},{"KKDWDM":"020","XS":32,"BYBZ":"0","JSJC":12,"XXXQDM":"01","KXH":"01","KSJC":11,"XKZRS":74,"SKZC":"000000000010000000000000","SKJS":"周堂波","ISTK":0,"ZCMC":"11周","YPSJDD":"11周 星期三 第11节-第12节 马区西-东教学楼-134,1-10周 星期三 第11节-第13节 马区西-东教学楼-134","XF":2,"SKXQ":3,"XNXQDM":"2024-2025-2","KCM":"日本饮食与文化(GX)","JASDM":"0102010134","JXLDM":"010201","JXBID":"20242-08445","SKBJ":"公选-08445","TYXMDM":null,"KCH":"10202121180"},{"KKDWDM":null,"XS":null,"BYBZ":"1","JSJC":8,"XXXQDM":null,"KXH":null,"KSJC":6,"XKZRS":null,"SKZC":"010000000000000000000000000000","SKJS":"吴婷婷","ISTK":0,"ZCMC":"2周","YPSJDD":null,"XF":null,"SKXQ":4,"XNXQDM":"2024-2025-2","KCM":"校医院(借用)","JASDM":"0102010134","JXLDM":null,"JXBID":null,"SKBJ":null,"TYXMDM":null,"KCH":null},{"KKDWDM":null,"XS":null,"BYBZ":"1","JSJC":13,"XXXQDM":null,"KXH":null,"KSJC":11,"XKZRS":null,"SKZC":"000010000000000000000000000000","SKJS":"聂雨晴","ISTK":0,"ZCMC":"5周","YPSJDD":null,"XF":null,"SKXQ":4,"XNXQDM":"2024-2025-2","KCM":"研学讲堂(借用)","JASDM":"0102010134","JXLDM":null,"JXBID":null,"SKBJ":null,"TYXMDM":null,"KCH":null},{"KKDWDM":null,"XS":null,"BYBZ":"1","JSJC":10,"XXXQDM":null,"KXH":null,"KSJC":6,"XKZRS":null,"SKZC":"000100000000000000000000000000","SKJS":"罗沛圆","ISTK":0,"ZCMC":"4周","YPSJDD":null,"XF":null,"SKXQ":4,"XNXQDM":"2024-2025-2","KCM":"研究生研学讲座(借用)","JASDM":"0102010134","JXLDM":null,"JXBID":null,"SKBJ":null,"TYXMDM":null,"KCH":null},{"KKDWDM":null,"XS":null,"BYBZ":"1","JSJC":8,"XXXQDM":null,"KXH":null,"KSJC":6,"XKZRS":null,"SKZC":"001000000000000000000000000000","SKJS":"王航","ISTK":0,"ZCMC":"3周","YPSJDD":null,"XF":null,"SKXQ":4,"XNXQDM":"2024-2025-2","KCM":"校医院工作布置会(借用)","JASDM":"0102010134","JXLDM":null,"JXBID":null,"SKBJ":null,"TYXMDM":null,"KCH":null},{"KKDWDM":null,"XS":null,"BYBZ":"1","JSJC":10,"XXXQDM":null,"KXH":null,"KSJC":6,"XKZRS":null,"SKZC":"000010000000000000000000000000","SKJS":"彭文语","ISTK":0,"ZCMC":"5周","YPSJDD":null,"XF":null,"SKXQ":4,"XNXQDM":"2024-2025-2","KCM":"自动化学院研学讲堂(借用)","JASDM":"0102010134","JXLDM":null,"JXBID":null,"SKBJ":null,"TYXMDM":null,"KCH":null},{"KKDWDM":null,"XS":null,"BYBZ":"1","JSJC":2,"XXXQDM":null,"KXH":null,"KSJC":1,"XKZRS":null,"SKZC":"000100000000000000000000000000","SKJS":"原思辰","ISTK":0,"ZCMC":"4周","YPSJDD":null,"XF":null,"SKXQ":6,"XNXQDM":"2024-2025-2","KCM":"校级金相大赛启动仪式(借用)","JASDM":"0102010134","JXLDM":null,"JXBID":null,"SKBJ":null,"TYXMDM":null,"KCH":null},{"KKDWDM":null,"XS":null,"BYBZ":"1","JSJC":5,"XXXQDM":null,"KXH":null,"KSJC":2,"XKZRS":null,"SKZC":"010000000000000000000000000000","SKJS":"彭文语","ISTK":0,"ZCMC":"2周","YPSJDD":null,"XF":null,"SKXQ":7,"XNXQDM":"2024-2025-2","KCM":"自动化学院团支书培训(借用)","JASDM":"0102010134","JXLDM":null,"JXBID":null,"SKBJ":null,"TYXMDM":null,"KCH":null},{"KKDWDM":null,"XS":null,"BYBZ":"1","JSJC":5,"XXXQDM":null,"KXH":null,"KSJC":2,"XKZRS":null,"SKZC":"010000000000000000000000000000","SKJS":"彭文语","ISTK":0,"ZCMC":"2周","YPSJDD":null,"XF":null,"SKXQ":6,"XNXQDM":"2024-2025-2","KCM":"自动化学院团支书培训会(借用)","JASDM":"0102010134","JXLDM":null,"JXBID":null,"SKBJ":null,"TYXMDM":null,"KCH":null},{"KKDWDM":null,"XS":null,"BYBZ":"1","JSJC":13,"XXXQDM":null,"KXH":null,"KSJC":11,"XKZRS":null,"SKZC":"000000010000000000000000000000","SKJS":"冯小平","ISTK":0,"ZCMC":"8周","YPSJDD":null,"XF":null,"SKXQ":1,"XNXQDM":"2024-2025-2","KCM":"实验室安全学","JASDM":"0102010134","JXLDM":null,"JXBID":null,"SKBJ":null,"TYXMDM":null,"KCH":"40030324013"},{"KKDWDM":null,"XS":null,"BYBZ":"1","JSJC":5,"XXXQDM":null,"KXH":null,"KSJC":3,"XKZRS":null,"SKZC":"000000000101000000000000000000","SKJS":"冯小平","ISTK":0,"ZCMC":"10-12周(双)","YPSJDD":null,"XF":null,"SKXQ":2,"XNXQDM":"2024-2025-2","KCM":"实验室安全学","JASDM":"0102010134","JXLDM":null,"JXBID":null,"SKBJ":null,"TYXMDM":null,"KCH":"40030324013"},{"KKDWDM":null,"XS":null,"BYBZ":"1","JSJC":13,"XXXQDM":null,"KXH":null,"KSJC":11,"XKZRS":null,"SKZC":"000000000100000000000000000000","SKJS":"曹茜","ISTK":0,"ZCMC":"10周","YPSJDD":null,"XF":null,"SKXQ":2,"XNXQDM":"2024-2025-2","KCM":"实验室安全学","JASDM":"0102010134","JXLDM":null,"JXBID":null,"SKBJ":null,"TYXMDM":null,"KCH":"40030324013"},{"KKDWDM":null,"XS":null,"BYBZ":"1","JSJC":13,"XXXQDM":null,"KXH":null,"KSJC":11,"XKZRS":null,"SKZC":"000000000001000000000000000000","SKJS":"冯小平","ISTK":0,"ZCMC":"12周","YPSJDD":null,"XF":null,"SKXQ":2,"XNXQDM":"2024-2025-2","KCM":"实验室安全学","JASDM":"0102010134","JXLDM":null,"JXBID":null,"SKBJ":null,"TYXMDM":null,"KCH":"40030324013"},{"KKDWDM":null,"XS":null,"BYBZ":"1","JSJC":8,"XXXQDM":null,"KXH":null,"KSJC":6,"XKZRS":null,"SKZC":"000000000100000000000000000000","SKJS":"曹茜","ISTK":0,"ZCMC":"10周","YPSJDD":null,"XF":null,"SKXQ":3,"XNXQDM":"2024-2025-2","KCM":"实验室安全学","JASDM":"0102010134","JXLDM":null,"JXBID":null,"SKBJ":null,"TYXMDM":null,"KCH":"40030324013"},{"KKDWDM":null,"XS":null,"BYBZ":"1","JSJC":5,"XXXQDM":null,"KXH":null,"KSJC":3,"XKZRS":null,"SKZC":"000101000000000000000000000000","SKJS":"曹茜","ISTK":0,"ZCMC":"4-6周(双)","YPSJDD":null,"XF":null,"SKXQ":4,"XNXQDM":"2024-2025-2","KCM":"实验室安全学","JASDM":"0102010134","JXLDM":null,"JXBID":null,"SKBJ":null,"TYXMDM":null,"KCH":"40030324013"},{"KKDWDM":null,"XS":null,"BYBZ":"1","JSJC":13,"XXXQDM":null,"KXH":null,"KSJC":11,"XKZRS":null,"SKZC":"001000000000000000000000000000","SKJS":"冯小平","ISTK":0,"ZCMC":"3周","YPSJDD":null,"XF":null,"SKXQ":4,"XNXQDM":"2024-2025-2","KCM":"实验室安全学","JASDM":"0102010134","JXLDM":null,"JXBID":null,"SKBJ":null,"TYXMDM":null,"KCH":"40030324013"},{"KKDWDM":null,"XS":null,"BYBZ":"1","JSJC":5,"XXXQDM":null,"KXH":null,"KSJC":3,"XKZRS":null,"SKZC":"000000000001000000000000000000","SKJS":"曹茜","ISTK":0,"ZCMC":"12周","YPSJDD":null,"XF":null,"SKXQ":5,"XNXQDM":"2024-2025-2","KCM":"实验室安全学","JASDM":"0102010134","JXLDM":null,"JXBID":null,"SKBJ":null,"TYXMDM":null,"KCH":"40030324013"},{"KKDWDM":null,"XS":null,"BYBZ":"1","JSJC":5,"XXXQDM":null,"KXH":null,"KSJC":3,"XKZRS":null,"SKZC":"000001000000000000000000000000","SKJS":"冯小平","ISTK":0,"ZCMC":"6周","YPSJDD":null,"XF":null,"SKXQ":6,"XNXQDM":"2024-2025-2","KCM":"实验室安全学","JASDM":"0102010134","JXLDM":null,"JXBID":null,"SKBJ":null,"TYXMDM":null,"KCH":"40030324013"},{"KKDWDM":null,"XS":null,"BYBZ":"1","JSJC":13,"XXXQDM":null,"KXH":null,"KSJC":11,"XKZRS":null,"SKZC":"000100000000000000000000000000","SKJS":"曹茜","ISTK":0,"ZCMC":"4周","YPSJDD":null,"XF":null,"SKXQ":6,"XNXQDM":"2024-2025-2","KCM":"实验室安全学","JASDM":"0102010134","JXLDM":null,"JXBID":null,"SKBJ":null,"TYXMDM":null,"KCH":"40030324013"},{"KKDWDM":null,"XS":null,"BYBZ":"1","JSJC":5,"XXXQDM":null,"KXH":null,"KSJC":3,"XKZRS":null,"SKZC":"111000000000000000000000000000","SKJS":"邢伟宏","ISTK":0,"ZCMC":"1-3周","YPSJDD":null,"XF":null,"SKXQ":4,"XNXQDM":"2024-2025-2","KCM":"材料科技英语","JASDM":"0102010134","JXLDM":null,"JXBID":null,"SKBJ":null,"TYXMDM":null,"KCH":"40030324030"},{"KKDWDM":null,"XS":null,"BYBZ":"1","JSJC":5,"XXXQDM":null,"KXH":null,"KSJC":3,"XKZRS":null,"SKZC":"111000000000000000000000000000","SKJS":"邢伟宏","ISTK":0,"ZCMC":"1-3周","YPSJDD":null,"XF":null,"SKXQ":5,"XNXQDM":"2024-2025-2","KCM":"材料科技英语","JASDM":"0102010134","JXLDM":null,"JXBID":null,"SKBJ":null,"TYXMDM":null,"KCH":"40030324030"},{"KKDWDM":null,"XS":null,"BYBZ":"1","JSJC":13,"XXXQDM":null,"KXH":null,"KSJC":11,"XKZRS":null,"SKZC":"111000000000000000000000000000","SKJS":"赵春霞","ISTK":0,"ZCMC":"1-3周","YPSJDD":null,"XF":null,"SKXQ":6,"XNXQDM":"2024-2025-2","KCM":"材料科技英语","JASDM":"0102010134","JXLDM":null,"JXBID":null,"SKBJ":null,"TYXMDM":null,"KCH":"40030324030"},{"KKDWDM":null,"XS":null,"BYBZ":"1","JSJC":5,"XXXQDM":null,"KXH":null,"KSJC":3,"XKZRS":null,"SKZC":"000000000111111000000000000000","SKJS":"段薇","ISTK":0,"ZCMC":"10-15周","YPSJDD":null,"XF":null,"SKXQ":4,"XNXQDM":"2024-2025-2","KCM":"学科前沿讲座","JASDM":"0102010134","JXLDM":null,"JXBID":null,"SKBJ":null,"TYXMDM":null,"KCH":"40070223051"},{"KKDWDM":null,"XS":null,"BYBZ":"1","JSJC":8,"XXXQDM":null,"KXH":null,"KSJC":6,"XKZRS":null,"SKZC":"000000000111111000000000000000","SKJS":"尹智帅","ISTK":0,"ZCMC":"10-15周","YPSJDD":null,"XF":null,"SKXQ":5,"XNXQDM":"2024-2025-2","KCM":"学科前沿讲座","JASDM":"0102010134","JXLDM":null,"JXBID":null,"SKBJ":null,"TYXMDM":null,"KCH":"40070223051"},{"KKDWDM":null,"XS":null,"BYBZ":"1","JSJC":13,"XXXQDM":null,"KXH":null,"KSJC":11,"XKZRS":null,"SKZC":"000000010000000000000000000000","SKJS":"邓小禾","ISTK":0,"ZCMC":"8周","YPSJDD":null,"XF":null,"SKXQ":2,"XNXQDM":"2024-2025-2","KCM":"汽车试验系统与试验方法","JASDM":"0102010134","JXLDM":null,"JXBID":null,"SKBJ":null,"TYXMDM":null,"KCH":"40070223055"},{"KKDWDM":null,"XS":null,"BYBZ":"1","JSJC":8,"XXXQDM":null,"KXH":null,"KSJC":6,"XKZRS":null,"SKZC":"111111111111000000000000000000","SKJS":"詹金鹏","ISTK":0,"ZCMC":"1-12周","YPSJDD":null,"XF":null,"SKXQ":1,"XNXQDM":"2024-2025-2","KCM":"数学模型","JASDM":"0102010134","JXLDM":null,"JXBID":null,"SKBJ":null,"TYXMDM":null,"KCH":"40150123006"},{"KKDWDM":null,"XS":null,"BYBZ":"1","JSJC":8,"XXXQDM":null,"KXH":null,"KSJC":6,"XKZRS":null,"SKZC":"000000000000001111000000000000","SKJS":"周启来","ISTK":0,"ZCMC":"15-18周","YPSJDD":null,"XF":null,"SKXQ":2,"XNXQDM":"2024-2025-2","KCM":"材料加工技术与应用","JASDM":"0102010134","JXLDM":null,"JXBID":null,"SKBJ":null,"TYXMDM":null,"KCH":"50030224013"},{"KKDWDM":null,"XS":null,"BYBZ":"1","JSJC":8,"XXXQDM":null,"KXH":null,"KSJC":6,"XKZRS":null,"SKZC":"000000000011110000000000000000","SKJS":"周启来","ISTK":0,"ZCMC":"11-14周","YPSJDD":null,"XF":null,"SKXQ":3,"XNXQDM":"2024-2025-2","KCM":"材料加工技术与应用","JASDM":"0102010134","JXLDM":null,"JXBID":null,"SKBJ":null,"TYXMDM":null,"KCH":"50030224013"},{"KKDWDM":null,"XS":null,"BYBZ":"1","JSJC":8,"XXXQDM":null,"KXH":null,"KSJC":6,"XKZRS":null,"SKZC":"000000000000001111000000000000","SKJS":"周启来","ISTK":0,"ZCMC":"15-18周","YPSJDD":null,"XF":null,"SKXQ":4,"XNXQDM":"2024-2025-2","KCM":"材料加工技术与应用","JASDM":"0102010134","JXLDM":null,"JXBID":null,"SKBJ":null,"TYXMDM":null,"KCH":"50030224013"},{"KKDWDM":null,"XS":null,"BYBZ":"1","JSJC":8,"XXXQDM":null,"KXH":null,"KSJC":6,"XKZRS":null,"SKZC":"111111111111000000000000000000","SKJS":"高足","ISTK":0,"ZCMC":"1-12周","YPSJDD":null,"XF":null,"SKXQ":2,"XNXQDM":"2024-2025-2","KCM":"数学建模","JASDM":"0102010134","JXLDM":null,"JXBID":null,"SKBJ":null,"TYXMDM":null,"KCH":"50150123006"},{"KKDWDM":null,"XS":null,"BYBZ":"1","JSJC":5,"XXXQDM":null,"KXH":null,"KSJC":3,"XKZRS":null,"SKZC":"111111110000000000000000000000","SKJS":"薛焱","ISTK":0,"ZCMC":"1-8周","YPSJDD":null,"XF":null,"SKXQ":3,"XNXQDM":"2024-2025-2","KCM":"新时代中国特色社会主义理论与实践","JASDM":"0102010134","JXLDM":null,"JXBID":null,"SKBJ":null,"TYXMDM":null,"KCH":"50210123001"},{"KKDWDM":null,"XS":null,"BYBZ":"1","JSJC":8,"XXXQDM":null,"KXH":null,"KSJC":6,"XKZRS":null,"SKZC":"111111110000000000000000000000","SKJS":"姜迎春","ISTK":0,"ZCMC":"1-8周","YPSJDD":null,"XF":null,"SKXQ":3,"XNXQDM":"2024-2025-2","KCM":"新时代中国特色社会主义理论与实践","JASDM":"0102010134","JXLDM":null,"JXBID":null,"SKBJ":null,"TYXMDM":null,"KCH":"50210123001"},{"KKDWDM":null,"XS":null,"BYBZ":"1","JSJC":5,"XXXQDM":null,"KXH":null,"KSJC":3,"XKZRS":null,"SKZC":"001111111111110000000000000000","SKJS":"朱晓萌","ISTK":0,"ZCMC":"3-14周","YPSJDD":null,"XF":null,"SKXQ":1,"XNXQDM":"2024-2025-2","KCM":"激光加工及增材制造","JASDM":"0102010134","JXLDM":null,"JXBID":null,"SKBJ":null,"TYXMDM":null,"KCH":"70030224004"}]}},"code":"0"}