{"datas":{"jaskcb":{"extParams":{"code":1,"msg":"查询成功"},"pageSize":0,"pageNumber":0,"totalSize":-1,"rows":[{"KKDWDM":"009","XS":48,"BYBZ":"0","JSJC":5,"XXXQDM":"01","KXH":"02","KSJC":3,"XKZRS":11,"SKZC":"111111110000000000000000000000","SKJS":"徐涛","ISTK":0,"ZCMC":"1-8周","YPSJDD":"1-8周 星期二 第3节-第5节 马区西-东教学楼-506,9周 星期日 第3节-第5节 马区西-东教学楼-506,7-8周 星期五 第3节-第5节 马区西-东教学楼-506,1-5周 星期五 第3节-第5节 马区西-东教学楼-506","XF":3,"SKXQ":2,"XNXQDM":"2024-2025-2","KCM":"控制性详细规划设计","JASDM":"0102010506","JXLDM":"010201","JXBID":"20242-12796","SKBJ":"城规2101","TYXMDM":null,"KCH":"10094117092"},{"KKDWDM":"009","XS":48,"BYBZ":"0","JSJC":5,"XXXQDM":"01","KXH":"02","KSJC":3,"XKZRS":11,"SKZC":"111110000000000000000000000000","SKJS":"徐涛","ISTK":0,"ZCMC":"1-5周","YPSJDD":"1-8周 星期二 第3节-第5节 马区西-东教学楼-506,9周 星期日 第3节-第5节 马区西-东教学楼-506,7-8周 星期五 第3节-第5节 马区西-东教学楼-506,1-5周 星期五 第3节-第5节 马区西-东教学楼-506","XF":3,"SKXQ":5,"XNXQDM":"2024-2025-2","KCM":"控制性详细规划设计","JASDM":"0102010506","JXLDM":"010201","JXBID":"20242-12796","SKBJ":"城规2101","TYXMDM":null,"KCH":"10094117092"},{"KKDWDM":"009","XS":48,"BYBZ":"0","JSJC":5,"XXXQDM":"01","KXH":"02","KSJC":3,"XKZRS":11,"SKZC":"000000110000000000000000000000","SKJS":"徐涛","ISTK":0,"ZCMC":"7-8周","YPSJDD":"1-8周 星期二 第3节-第5节 马区西-东教学楼-506,9周 星期日 第3节-第5节 马区西-东教学楼-506,7-8周 星期五 第3节-第5节 马区西-东教学楼-506,1-5周 星期五 第3节-第5节 马区西-东教学楼-506","XF":3,"SKXQ":5,"XNXQDM":"2024-2025-2","KCM":"控制性详细规划设计","JASDM":"0102010506","JXLDM":"010201","JXBID":"20242-12796","SKBJ":"城规2101","TYXMDM":null,"KCH":"10094117092"},{"KKDWDM":"009","XS":48,"BYBZ":"0","JSJC":5,"XXXQDM":"01","KXH":"01","KSJC":3,"XKZRS":13,"SKZC":"000000001111111100000000000000","SKJS":"莫文竞","ISTK":0,"ZCMC":"9-16周","YPSJDD":"9-16周 星期二 第3节-第5节 马区西-东教学楼-506,17周 星期三 第3节-第5节 马区西-东教学楼-506,11-16周 星期五 第3节-第5节 马区西-东教学楼-506,9周 星期五 第3节-第5节 马区西-东教学楼-506","XF":3,"SKXQ":2,"XNXQDM":"2024-2025-2","KCM":"城市设计A","JASDM":"0102010506","JXLDM":"010201","JXBID":"20242-03995","SKBJ":"城规2101","TYXMDM":null,"KCH":"10094121138"},{"KKDWDM":"009","XS":48,"BYBZ":"0","JSJC":5,"XXXQDM":"01","KXH":"01","KSJC":3,"XKZRS":13,"SKZC":"000000001000000000000000000000","SKJS":"莫文竞","ISTK":0,"ZCMC":"9周","YPSJDD":"9-16周 星期二 第3节-第5节 马区西-东教学楼-506,17周 星期三 第3节-第5节 马区西-东教学楼-506,11-16周 星期五 第3节-第5节 马区西-东教学楼-506,9周 星期五 第3节-第5节 马区西-东教学楼-506","XF":3,"SKXQ":5,"XNXQDM":"2024-2025-2","KCM":"城市设计A","JASDM":"0102010506","JXLDM":"010201","JXBID":"20242-03995","SKBJ":"城规2101","TYXMDM":null,"KCH":"10094121138"},{"KKDWDM":"009","XS":48,"BYBZ":"0","JSJC":5,"XXXQDM":"01","KXH":"02","KSJC":3,"XKZRS":11,"SKZC":"000000001000000000000000000000","SKJS":"徐涛","ISTK":0,"ZCMC":"9周","YPSJDD":"1-8周 星期二 第3节-第5节 马区西-东教学楼-506,9周 星期日 第3节-第5节 马区西-东教学楼-506,7-8周 星期五 第3节-第5节 马区西-东教学楼-506,1-5周 星期五 第3节-第5节 马区西-东教学楼-506","XF":3,"SKXQ":7,"XNXQDM":"2024-2025-2","KCM":"控制性详细规划设计","JASDM":"0102010506","JXLDM":"010201","JXBID":"20242-12796","SKBJ":"城规2101","TYXMDM":null,"KCH":"10094117092"},{"KKDWDM":"009","XS":48,"BYBZ":"0","JSJC":5,"XXXQDM":"01","KXH":"01","KSJC":3,"XKZRS":13,"SKZC":"000000000011111100000000000000","SKJS":"莫文竞","ISTK":0,"ZCMC":"11-16周","YPSJDD":"9-16周 星期二 第3节-第5节 马区西-东教学楼-506,17周 星期三 第3节-第5节 马区西-东教学楼-506,11-16周 星期五 第3节-第5节 马区西-东教学楼-506,9周 星期五 第3节-第5节 马区西-东教学楼-506","XF":3,"SKXQ":5,"XNXQDM":"2024-2025-2","KCM":"城市设计A","JASDM":"0102010506","JXLDM":"010201","JXBID":"20242-03995","SKBJ":"城规2101","TYXMDM":null,"KCH":"10094121138"},{"KKDWDM":"009","XS":48,"BYBZ":"0","JSJC":5,"XXXQDM":"01","KXH":"01","KSJC":3,"XKZRS":13,"SKZC":"000000000000000010000000000000","SKJS":"莫文竞","ISTK":0,"ZCMC":"17周","YPSJDD":"9-16周 星期二 第3节-第5节 马区西-东教学楼-506,17周 星期三 第3节-第5节 马区西-东教学楼-506,11-16周 星期五 第3节-第5节 马区西-东教学楼-506,9周 星期五 第3节-第5节 马区西-东教学楼-506","XF":3,"SKXQ":3,"XNXQDM":"2024-2025-2","KCM":"城市设计A","JASDM":"0102010506","JXLDM":"010201","JXBID":"20242-03995","SKBJ":"城规2101","TYXMDM":null,"KCH":"10094121138"}]}},"code":"0"}