{"datas":{"jaskcb":{"extParams":{"code":1,"msg":"查询成功"},"pageSize":0,"pageNumber":0,"totalSize":-1,"rows":[{"KKDWDM":"009","XS":80,"BYBZ":"0","JSJC":4,"XXXQDM":"01","KXH":"02","KSJC":1,"XKZRS":11,"SKZC":"111111111101000000000000","SKJS":"刘红红","ISTK":0,"ZCMC":"1-10周,12周","YPSJDD":"13周 星期一 第1节-第3节 马区西-东教学楼-508,1-10周,12周 星期一 第1节-第4节 马区西-东教学楼-508,1-9周,11-12周 星期四 第3节-第5节 马区西-东教学楼-508","XF":5,"SKXQ":1,"XNXQDM":"2024-2025-2","KCM":"建筑设计4","JASDM":"0102010508","JXLDM":"010201","JXBID":"20242-11132","SKBJ":"建筑学2201","TYXMDM":null,"KCH":"10094121069"},{"KKDWDM":"009","XS":80,"BYBZ":"0","JSJC":5,"XXXQDM":"01","KXH":"02","KSJC":3,"XKZRS":11,"SKZC":"111111111011000000000000","SKJS":"刘红红","ISTK":0,"ZCMC":"1-9周,11-12周","YPSJDD":"13周 星期一 第1节-第3节 马区西-东教学楼-508,1-10周,12周 星期一 第1节-第4节 马区西-东教学楼-508,1-9周,11-12周 星期四 第3节-第5节 马区西-东教学楼-508","XF":5,"SKXQ":4,"XNXQDM":"2024-2025-2","KCM":"建筑设计4","JASDM":"0102010508","JXLDM":"010201","JXBID":"20242-11132","SKBJ":"建筑学2201","TYXMDM":null,"KCH":"10094121069"},{"KKDWDM":"009","XS":32,"BYBZ":"0","JSJC":5,"XXXQDM":"01","KXH":"02","KSJC":3,"XKZRS":10,"SKZC":"000000000011111100000000","SKJS":"刘红红","ISTK":0,"ZCMC":"11-16周","YPSJDD":"17周 星期四 第3节-第4节 马区西-东教学楼-508,11-16周 星期二 第3节-第5节 马区西-东教学楼-508,13-16周 星期四 第3节-第5节 马区西-东教学楼-508","XF":2,"SKXQ":2,"XNXQDM":"2024-2025-2","KCM":"建筑创新设计","JASDM":"0102010508","JXLDM":"010201","JXBID":"20242-11101","SKBJ":"建筑学2201","TYXMDM":null,"KCH":"10094121065"},{"KKDWDM":"009","XS":32,"BYBZ":"0","JSJC":5,"XXXQDM":"01","KXH":"02","KSJC":3,"XKZRS":10,"SKZC":"000000000000111100000000","SKJS":"刘红红","ISTK":0,"ZCMC":"13-16周","YPSJDD":"17周 星期四 第3节-第4节 马区西-东教学楼-508,11-16周 星期二 第3节-第5节 马区西-东教学楼-508,13-16周 星期四 第3节-第5节 马区西-东教学楼-508","XF":2,"SKXQ":4,"XNXQDM":"2024-2025-2","KCM":"建筑创新设计","JASDM":"0102010508","JXLDM":"010201","JXBID":"20242-11101","SKBJ":"建筑学2201","TYXMDM":null,"KCH":"10094121065"},{"KKDWDM":"009","XS":80,"BYBZ":"0","JSJC":3,"XXXQDM":"01","KXH":"02","KSJC":1,"XKZRS":11,"SKZC":"000000000000100000000000","SKJS":"刘红红","ISTK":0,"ZCMC":"13周","YPSJDD":"13周 星期一 第1节-第3节 马区西-东教学楼-508,1-10周,12周 星期一 第1节-第4节 马区西-东教学楼-508,1-9周,11-12周 星期四 第3节-第5节 马区西-东教学楼-508","XF":5,"SKXQ":1,"XNXQDM":"2024-2025-2","KCM":"建筑设计4","JASDM":"0102010508","JXLDM":"010201","JXBID":"20242-11132","SKBJ":"建筑学2201","TYXMDM":null,"KCH":"10094121069"},{"KKDWDM":"009","XS":32,"BYBZ":"0","JSJC":4,"XXXQDM":"01","KXH":"02","KSJC":3,"XKZRS":10,"SKZC":"000000000000000010000000","SKJS":"刘红红","ISTK":0,"ZCMC":"17周","YPSJDD":"17周 星期四 第3节-第4节 马区西-东教学楼-508,11-16周 星期二 第3节-第5节 马区西-东教学楼-508,13-16周 星期四 第3节-第5节 马区西-东教学楼-508","XF":2,"SKXQ":4,"XNXQDM":"2024-2025-2","KCM":"建筑创新设计","JASDM":"0102010508","JXLDM":"010201","JXBID":"20242-11101","SKBJ":"建筑学2201","TYXMDM":null,"KCH":"10094121065"}]}},"code":"0"}