{"datas":{"jaskcb":{"extParams":{"code":1,"msg":"查询成功"},"pageSize":0,"pageNumber":0,"totalSize":-1,"rows":[{"KKDWDM":"012","XS":32,"BYBZ":"0","JSJC":12,"XXXQDM":"02","KXH":"05","KSJC":9,"XKZRS":40,"SKZC":"111111110000000000000000","SKJS":"李晓红","ISTK":0,"ZCMC":"1-8周","YPSJDD":"1-8周 星期二 第9节-第12节 南湖北-学海楼-304","XF":1,"SKXQ":2,"XNXQDM":"2024-2025-2","KCM":"数据结构与算法综合实验","JASDM":"0201050304","JXLDM":"020105","JXBID":"20242-04583","SKBJ":"软件sy2301","TYXMDM":null,"KCH":"10124214069"},{"KKDWDM":"012","XS":32,"BYBZ":"0","JSJC":12,"XXXQDM":"02","KXH":"10","KSJC":9,"XKZRS":42,"SKZC":"0000000011111111","SKJS":"蔡菁","ISTK":0,"ZCMC":"9-16周","YPSJDD":"9-16周 星期二 第9节-第12节 南湖北-学海楼-304","XF":1,"SKXQ":2,"XNXQDM":"2024-2025-2","KCM":"程序设计综合实验","JASDM":"0201050304","JXLDM":"020105","JXBID":"20242-10784","SKBJ":"计算机类2408","TYXMDM":null,"KCH":"10124221076"},{"KKDWDM":"012","XS":32,"BYBZ":"0","JSJC":9,"XXXQDM":"02","KXH":"09","KSJC":6,"XKZRS":38,"SKZC":"000000001000000000000000000000","SKJS":"蔡菁","ISTK":0,"ZCMC":"9周","YPSJDD":"11-17周 星期四 第6节-第9节 南湖北-学海楼-304,9周 星期四 第6节-第9节 南湖北-学海楼-304","XF":1,"SKXQ":4,"XNXQDM":"2024-2025-2","KCM":"程序设计综合实验","JASDM":"0201050304","JXLDM":"020105","JXBID":"20242-10783","SKBJ":"计算机类2407","TYXMDM":null,"KCH":"10124221076"},{"KKDWDM":"012","XS":32,"BYBZ":"0","JSJC":9,"XXXQDM":"02","KXH":"09","KSJC":6,"XKZRS":38,"SKZC":"000000000011111110000000000000","SKJS":"蔡菁","ISTK":0,"ZCMC":"11-17周","YPSJDD":"11-17周 星期四 第6节-第9节 南湖北-学海楼-304,9周 星期四 第6节-第9节 南湖北-学海楼-304","XF":1,"SKXQ":4,"XNXQDM":"2024-2025-2","KCM":"程序设计综合实验","JASDM":"0201050304","JXLDM":"020105","JXBID":"20242-10783","SKBJ":"计算机类2407","TYXMDM":null,"KCH":"10124221076"}]}},"code":"0"}