{"datas":{"jaskcb":{"extParams":{"code":1,"msg":"查询成功"},"pageSize":0,"pageNumber":0,"totalSize":-1,"rows":[{"KKDWDM":"044","XS":32,"BYBZ":"0","JSJC":10,"XXXQDM":"02","KXH":"01","KSJC":9,"XKZRS":34,"SKZC":"111111111111111100000000","SKJS":"何慧","ISTK":0,"ZCMC":"1-16周","YPSJDD":"1-16周 星期二 第9节-第10节 南湖北-北教二-308","XF":2,"SKXQ":2,"XNXQDM":"2024-2025-2","KCM":"打击乐表演与实践(GX)","JASDM":"0201030308","JXLDM":"020103","JXBID":"20242-09021","SKBJ":"公选-09021","TYXMDM":null,"KCH":"10442124078"}]}},"code":"0"}