{"datas":{"jaskcb":{"extParams":{"code":1,"msg":"查询成功"},"pageSize":0,"pageNumber":0,"totalSize":-1,"rows":[{"KKDWDM":"012","XS":32,"BYBZ":"0","JSJC":9,"XXXQDM":"02","KXH":"01","KSJC":6,"XKZRS":40,"SKZC":"111111110000000000000000","SKJS":"杨焱超","ISTK":0,"ZCMC":"1-8周","YPSJDD":"1-8周 星期二 第6节-第9节 南湖北-学海楼-305","XF":1,"SKXQ":2,"XNXQDM":"2024-2025-2","KCM":"计算机视觉综合实验","JASDM":"0201050305","JXLDM":"020105","JXBID":"20242-02641","SKBJ":"人工智能2202","TYXMDM":null,"KCH":"10125221053"},{"KKDWDM":"012","XS":32,"BYBZ":"0","JSJC":9,"XXXQDM":"02","KXH":"02","KSJC":6,"XKZRS":35,"SKZC":"111111110000000000000000","SKJS":"杨焱超","ISTK":0,"ZCMC":"1-8周","YPSJDD":"1-8周 星期三 第6节-第9节 南湖北-学海楼-305","XF":1,"SKXQ":3,"XNXQDM":"2024-2025-2","KCM":"计算机视觉综合实验","JASDM":"0201050305","JXLDM":"020105","JXBID":"20242-10901","SKBJ":"人工智能2201","TYXMDM":null,"KCH":"10125221053"},{"KKDWDM":null,"XS":null,"BYBZ":"1","JSJC":5,"XXXQDM":null,"KXH":null,"KSJC":3,"XKZRS":null,"SKZC":"011111100000000000000000000000","SKJS":"田璟","ISTK":0,"ZCMC":"2-7周","YPSJDD":null,"XF":null,"SKXQ":1,"XNXQDM":"2024-2025-2","KCM":"电子商务与电子政务","JASDM":"0201050305","JXLDM":null,"JXBID":null,"SKBJ":null,"TYXMDM":null,"KCH":"40120324007"},{"KKDWDM":null,"XS":null,"BYBZ":"1","JSJC":8,"XXXQDM":null,"KXH":null,"KSJC":6,"XKZRS":null,"SKZC":"011111100000000000000000000000","SKJS":"田璟","ISTK":0,"ZCMC":"2-7周","YPSJDD":null,"XF":null,"SKXQ":5,"XNXQDM":"2024-2025-2","KCM":"电子商务与电子政务","JASDM":"0201050305","JXLDM":null,"JXBID":null,"SKBJ":null,"TYXMDM":null,"KCH":"40120324007"}]}},"code":"0"}