{"datas":{"jaskcb":{"extParams":{"code":1,"msg":"查询成功"},"pageSize":0,"pageNumber":0,"totalSize":-1,"rows":[{"KKDWDM":"020","XS":32,"BYBZ":"0","JSJC":4,"XXXQDM":"02","KXH":"03","KSJC":3,"XKZRS":23,"SKZC":"1111111111111111","SKJS":"马文丽","ISTK":0,"ZCMC":"1-16周","YPSJDD":"1-16周 星期二 第3节-第4节 南湖北-学海楼-1210","XF":2,"SKXQ":2,"XNXQDM":"2024-2025-2","KCM":"中国文化通览","JASDM":"0201051210","JXLDM":"020105","JXBID":"20242-09899","SKBJ":"英语2302","TYXMDM":null,"KCH":"10065111008"},{"KKDWDM":"020","XS":32,"BYBZ":"0","JSJC":4,"XXXQDM":"02","KXH":"01","KSJC":3,"XKZRS":13,"SKZC":"1111111111111111","SKJS":"范静遐","ISTK":0,"ZCMC":"1-16周","YPSJDD":"1-16周 星期三 第3节-第4节 南湖北-学海楼-1210","XF":2,"SKXQ":3,"XNXQDM":"2024-2025-2","KCM":"日语阅读2","JASDM":"0201051210","JXLDM":"020105","JXBID":"20242-04332","SKBJ":"日语2301","TYXMDM":null,"KCH":"10204121052"},{"KKDWDM":"020","XS":32,"BYBZ":"0","JSJC":2,"XXXQDM":"02","KXH":"03","KSJC":1,"XKZRS":21,"SKZC":"1111111111111111","SKJS":"胡叶","ISTK":0,"ZCMC":"1-16周","YPSJDD":"1-16周 星期二 第1节-第2节 南湖北-学海楼-1210","XF":2,"SKXQ":2,"XNXQDM":"2024-2025-2","KCM":"英语词汇学A","JASDM":"0201051210","JXLDM":"020105","JXBID":"20242-10164","SKBJ":"英语2302","TYXMDM":null,"KCH":"10065111003"},{"KKDWDM":"020","XS":32,"BYBZ":"0","JSJC":2,"XXXQDM":"02","KXH":"01","KSJC":1,"XKZRS":12,"SKZC":"1111111111111111","SKJS":"Jeremie Christophe Sebastien Cuevas Miguelez","ISTK":0,"ZCMC":"1-16周","YPSJDD":"1-16周 星期三 第1节-第2节 南湖北-学海楼-1210","XF":2,"SKXQ":3,"XNXQDM":"2024-2025-2","KCM":"法语国家与地区概况","JASDM":"0201051210","JXLDM":"020105","JXBID":"20242-04674","SKBJ":"英法sy2301","TYXMDM":null,"KCH":"10206121090"},{"KKDWDM":"020","XS":32,"BYBZ":"0","JSJC":2,"XXXQDM":"02","KXH":"02","KSJC":1,"XKZRS":16,"SKZC":"111111111100000000000000000000","SKJS":"戴楚轩","ISTK":0,"ZCMC":"1-10周","YPSJDD":"16-17周 星期一 第1节-第2节 南湖北-学海楼-1210,17周 星期二 第1节-第2节 南湖北-学海楼-1210,1-10周 星期一 第1节-第2节 南湖北-学海楼-1210,12-14周 星期一 第1节-第2节 南湖北-学海楼-1210","XF":2,"SKXQ":1,"XNXQDM":"2024-2025-2","KCM":"法语专业写作","JASDM":"0201051210","JXLDM":"020105","JXBID":"20242-10618","SKBJ":"法语2201","TYXMDM":null,"KCH":"10064111006"},{"KKDWDM":"020","XS":32,"BYBZ":"0","JSJC":4,"XXXQDM":"02","KXH":"01","KSJC":3,"XKZRS":13,"SKZC":"111111111100000000000000000000","SKJS":"梁憬君","ISTK":0,"ZCMC":"1-10周","YPSJDD":"17周 星期二 第3节-第4节 南湖北-学海楼-1210,16-17周 星期一 第3节-第4节 南湖北-学海楼-1210,1-10周 星期一 第3节-第4节 南湖北-学海楼-1210,12-14周 星期一 第3节-第4节 南湖北-学海楼-1210","XF":2,"SKXQ":1,"XNXQDM":"2024-2025-2","KCM":"日语视听说3","JASDM":"0201051210","JXLDM":"020105","JXBID":"20242-04634","SKBJ":"日语2301","TYXMDM":null,"KCH":"10204121046"},{"KKDWDM":"020","XS":32,"BYBZ":"0","JSJC":4,"XXXQDM":"02","KXH":"03","KSJC":3,"XKZRS":24,"SKZC":"111111111000000000000000000000","SKJS":"郑晓曦","ISTK":0,"ZCMC":"1-9周","YPSJDD":"1-9周 星期四 第3节-第4节 南湖北-学海楼-1210,11-17周 星期四 第3节-第4节 南湖北-学海楼-1210","XF":2,"SKXQ":4,"XNXQDM":"2024-2025-2","KCM":"英语听力2","JASDM":"0201051210","JXLDM":"020105","JXBID":"20242-09903","SKBJ":"英语2302","TYXMDM":null,"KCH":"10065111004"},{"KKDWDM":"020","XS":32,"BYBZ":"0","JSJC":2,"XXXQDM":"02","KXH":"03","KSJC":1,"XKZRS":24,"SKZC":"111111111000000000000000000000","SKJS":"吴卫平","ISTK":0,"ZCMC":"1-9周","YPSJDD":"1-9周 星期四 第1节-第2节 南湖北-学海楼-1210,11-17周 星期四 第1节-第2节 南湖北-学海楼-1210","XF":2,"SKXQ":4,"XNXQDM":"2024-2025-2","KCM":"跨文化交际B","JASDM":"0201051210","JXLDM":"020105","JXBID":"20242-09901","SKBJ":"英语2302","TYXMDM":null,"KCH":"10206117172"},{"KKDWDM":"020","XS":32,"BYBZ":"0","JSJC":4,"XXXQDM":"02","KXH":"01","KSJC":3,"XKZRS":20,"SKZC":"111110000000000000000000000000","SKJS":"王燕萍","ISTK":0,"ZCMC":"1-5周","YPSJDD":"11-16周 星期五 第3节-第4节 南湖北-学海楼-1210,9周 星期日 第3节-第4节 南湖北-学海楼-1210,1-5周 星期五 第3节-第4节 南湖北-学海楼-1210,7-9周 星期五 第3节-第4节 南湖北-学海楼-1210,17周 星期三 第3节-第4节 南湖北-学海楼-1210","XF":2,"SKXQ":5,"XNXQDM":"2024-2025-2","KCM":"中国文化通览","JASDM":"0201051210","JXLDM":"020105","JXBID":"20242-04628","SKBJ":"英语2303","TYXMDM":null,"KCH":"10065111008"},{"KKDWDM":"020","XS":32,"BYBZ":"0","JSJC":2,"XXXQDM":"02","KXH":"01","KSJC":1,"XKZRS":24,"SKZC":"111110000000000000000000000000","SKJS":"吴卫平","ISTK":0,"ZCMC":"1-5周","YPSJDD":"11-16周 星期五 第1节-第2节 南湖北-学海楼-1210,9周 星期日 第1节-第2节 南湖北-学海楼-1210,1-5周 星期五 第1节-第2节 南湖北-学海楼-1210,17周 星期三 第1节-第2节 南湖北-学海楼-1210,7-9周 星期五 第1节-第2节 南湖北-学海楼-1210","XF":2,"SKXQ":5,"XNXQDM":"2024-2025-2","KCM":"英语精读3","JASDM":"0201051210","JXLDM":"020105","JXBID":"20242-05363","SKBJ":"英法sy2301","TYXMDM":null,"KCH":"10204114028"},{"KKDWDM":"020","XS":32,"BYBZ":"0","JSJC":4,"XXXQDM":"02","KXH":"01","KSJC":3,"XKZRS":20,"SKZC":"000000111000000000000000000000","SKJS":"王燕萍","ISTK":0,"ZCMC":"7-9周","YPSJDD":"11-16周 星期五 第3节-第4节 南湖北-学海楼-1210,9周 星期日 第3节-第4节 南湖北-学海楼-1210,1-5周 星期五 第3节-第4节 南湖北-学海楼-1210,7-9周 星期五 第3节-第4节 南湖北-学海楼-1210,17周 星期三 第3节-第4节 南湖北-学海楼-1210","XF":2,"SKXQ":5,"XNXQDM":"2024-2025-2","KCM":"中国文化通览","JASDM":"0201051210","JXLDM":"020105","JXBID":"20242-04628","SKBJ":"英语2303","TYXMDM":null,"KCH":"10065111008"},{"KKDWDM":"020","XS":32,"BYBZ":"0","JSJC":2,"XXXQDM":"02","KXH":"01","KSJC":1,"XKZRS":24,"SKZC":"000000111000000000000000000000","SKJS":"吴卫平","ISTK":0,"ZCMC":"7-9周","YPSJDD":"11-16周 星期五 第1节-第2节 南湖北-学海楼-1210,9周 星期日 第1节-第2节 南湖北-学海楼-1210,1-5周 星期五 第1节-第2节 南湖北-学海楼-1210,17周 星期三 第1节-第2节 南湖北-学海楼-1210,7-9周 星期五 第1节-第2节 南湖北-学海楼-1210","XF":2,"SKXQ":5,"XNXQDM":"2024-2025-2","KCM":"英语精读3","JASDM":"0201051210","JXLDM":"020105","JXBID":"20242-05363","SKBJ":"英法sy2301","TYXMDM":null,"KCH":"10204114028"},{"KKDWDM":"020","XS":32,"BYBZ":"0","JSJC":4,"XXXQDM":"02","KXH":"01","KSJC":3,"XKZRS":20,"SKZC":"000000001000000000000000000000","SKJS":"王燕萍","ISTK":0,"ZCMC":"9周","YPSJDD":"11-16周 星期五 第3节-第4节 南湖北-学海楼-1210,9周 星期日 第3节-第4节 南湖北-学海楼-1210,1-5周 星期五 第3节-第4节 南湖北-学海楼-1210,7-9周 星期五 第3节-第4节 南湖北-学海楼-1210,17周 星期三 第3节-第4节 南湖北-学海楼-1210","XF":2,"SKXQ":7,"XNXQDM":"2024-2025-2","KCM":"中国文化通览","JASDM":"0201051210","JXLDM":"020105","JXBID":"20242-04628","SKBJ":"英语2303","TYXMDM":null,"KCH":"10065111008"},{"KKDWDM":"020","XS":32,"BYBZ":"0","JSJC":2,"XXXQDM":"02","KXH":"01","KSJC":1,"XKZRS":24,"SKZC":"000000001000000000000000000000","SKJS":"吴卫平","ISTK":0,"ZCMC":"9周","YPSJDD":"11-16周 星期五 第1节-第2节 南湖北-学海楼-1210,9周 星期日 第1节-第2节 南湖北-学海楼-1210,1-5周 星期五 第1节-第2节 南湖北-学海楼-1210,17周 星期三 第1节-第2节 南湖北-学海楼-1210,7-9周 星期五 第1节-第2节 南湖北-学海楼-1210","XF":2,"SKXQ":7,"XNXQDM":"2024-2025-2","KCM":"英语精读3","JASDM":"0201051210","JXLDM":"020105","JXBID":"20242-05363","SKBJ":"英法sy2301","TYXMDM":null,"KCH":"10204114028"},{"KKDWDM":"020","XS":32,"BYBZ":"0","JSJC":4,"XXXQDM":"02","KXH":"03","KSJC":3,"XKZRS":24,"SKZC":"000000000011111110000000000000","SKJS":"郑晓曦","ISTK":0,"ZCMC":"11-17周","YPSJDD":"1-9周 星期四 第3节-第4节 南湖北-学海楼-1210,11-17周 星期四 第3节-第4节 南湖北-学海楼-1210","XF":2,"SKXQ":4,"XNXQDM":"2024-2025-2","KCM":"英语听力2","JASDM":"0201051210","JXLDM":"020105","JXBID":"20242-09903","SKBJ":"英语2302","TYXMDM":null,"KCH":"10065111004"},{"KKDWDM":"020","XS":32,"BYBZ":"0","JSJC":2,"XXXQDM":"02","KXH":"03","KSJC":1,"XKZRS":24,"SKZC":"000000000011111110000000000000","SKJS":"吴卫平","ISTK":0,"ZCMC":"11-17周","YPSJDD":"1-9周 星期四 第1节-第2节 南湖北-学海楼-1210,11-17周 星期四 第1节-第2节 南湖北-学海楼-1210","XF":2,"SKXQ":4,"XNXQDM":"2024-2025-2","KCM":"跨文化交际B","JASDM":"0201051210","JXLDM":"020105","JXBID":"20242-09901","SKBJ":"英语2302","TYXMDM":null,"KCH":"10206117172"},{"KKDWDM":"020","XS":32,"BYBZ":"0","JSJC":4,"XXXQDM":"02","KXH":"01","KSJC":3,"XKZRS":20,"SKZC":"000000000011111100000000000000","SKJS":"王燕萍","ISTK":0,"ZCMC":"11-16周","YPSJDD":"11-16周 星期五 第3节-第4节 南湖北-学海楼-1210,9周 星期日 第3节-第4节 南湖北-学海楼-1210,1-5周 星期五 第3节-第4节 南湖北-学海楼-1210,7-9周 星期五 第3节-第4节 南湖北-学海楼-1210,17周 星期三 第3节-第4节 南湖北-学海楼-1210","XF":2,"SKXQ":5,"XNXQDM":"2024-2025-2","KCM":"中国文化通览","JASDM":"0201051210","JXLDM":"020105","JXBID":"20242-04628","SKBJ":"英语2303","TYXMDM":null,"KCH":"10065111008"},{"KKDWDM":"020","XS":32,"BYBZ":"0","JSJC":2,"XXXQDM":"02","KXH":"01","KSJC":1,"XKZRS":24,"SKZC":"000000000011111100000000000000","SKJS":"吴卫平","ISTK":0,"ZCMC":"11-16周","YPSJDD":"11-16周 星期五 第1节-第2节 南湖北-学海楼-1210,9周 星期日 第1节-第2节 南湖北-学海楼-1210,1-5周 星期五 第1节-第2节 南湖北-学海楼-1210,17周 星期三 第1节-第2节 南湖北-学海楼-1210,7-9周 星期五 第1节-第2节 南湖北-学海楼-1210","XF":2,"SKXQ":5,"XNXQDM":"2024-2025-2","KCM":"英语精读3","JASDM":"0201051210","JXLDM":"020105","JXBID":"20242-05363","SKBJ":"英法sy2301","TYXMDM":null,"KCH":"10204114028"},{"KKDWDM":"020","XS":32,"BYBZ":"0","JSJC":4,"XXXQDM":"02","KXH":"01","KSJC":3,"XKZRS":13,"SKZC":"000000000001110000000000000000","SKJS":"梁憬君","ISTK":0,"ZCMC":"12-14周","YPSJDD":"17周 星期二 第3节-第4节 南湖北-学海楼-1210,16-17周 星期一 第3节-第4节 南湖北-学海楼-1210,1-10周 星期一 第3节-第4节 南湖北-学海楼-1210,12-14周 星期一 第3节-第4节 南湖北-学海楼-1210","XF":2,"SKXQ":1,"XNXQDM":"2024-2025-2","KCM":"日语视听说3","JASDM":"0201051210","JXLDM":"020105","JXBID":"20242-04634","SKBJ":"日语2301","TYXMDM":null,"KCH":"10204121046"},{"KKDWDM":"020","XS":32,"BYBZ":"0","JSJC":2,"XXXQDM":"02","KXH":"02","KSJC":1,"XKZRS":16,"SKZC":"000000000001110000000000000000","SKJS":"戴楚轩","ISTK":0,"ZCMC":"12-14周","YPSJDD":"16-17周 星期一 第1节-第2节 南湖北-学海楼-1210,17周 星期二 第1节-第2节 南湖北-学海楼-1210,1-10周 星期一 第1节-第2节 南湖北-学海楼-1210,12-14周 星期一 第1节-第2节 南湖北-学海楼-1210","XF":2,"SKXQ":1,"XNXQDM":"2024-2025-2","KCM":"法语专业写作","JASDM":"0201051210","JXLDM":"020105","JXBID":"20242-10618","SKBJ":"法语2201","TYXMDM":null,"KCH":"10064111006"},{"KKDWDM":"020","XS":32,"BYBZ":"0","JSJC":4,"XXXQDM":"02","KXH":"01","KSJC":3,"XKZRS":13,"SKZC":"000000000000000110000000000000","SKJS":"梁憬君","ISTK":0,"ZCMC":"16-17周","YPSJDD":"17周 星期二 第3节-第4节 南湖北-学海楼-1210,16-17周 星期一 第3节-第4节 南湖北-学海楼-1210,1-10周 星期一 第3节-第4节 南湖北-学海楼-1210,12-14周 星期一 第3节-第4节 南湖北-学海楼-1210","XF":2,"SKXQ":1,"XNXQDM":"2024-2025-2","KCM":"日语视听说3","JASDM":"0201051210","JXLDM":"020105","JXBID":"20242-04634","SKBJ":"日语2301","TYXMDM":null,"KCH":"10204121046"},{"KKDWDM":"020","XS":32,"BYBZ":"0","JSJC":2,"XXXQDM":"02","KXH":"02","KSJC":1,"XKZRS":16,"SKZC":"000000000000000110000000000000","SKJS":"戴楚轩","ISTK":0,"ZCMC":"16-17周","YPSJDD":"16-17周 星期一 第1节-第2节 南湖北-学海楼-1210,17周 星期二 第1节-第2节 南湖北-学海楼-1210,1-10周 星期一 第1节-第2节 南湖北-学海楼-1210,12-14周 星期一 第1节-第2节 南湖北-学海楼-1210","XF":2,"SKXQ":1,"XNXQDM":"2024-2025-2","KCM":"法语专业写作","JASDM":"0201051210","JXLDM":"020105","JXBID":"20242-10618","SKBJ":"法语2201","TYXMDM":null,"KCH":"10064111006"},{"KKDWDM":"020","XS":32,"BYBZ":"0","JSJC":2,"XXXQDM":"02","KXH":"02","KSJC":1,"XKZRS":16,"SKZC":"000000000000000010000000000000","SKJS":"戴楚轩","ISTK":0,"ZCMC":"17周","YPSJDD":"16-17周 星期一 第1节-第2节 南湖北-学海楼-1210,17周 星期二 第1节-第2节 南湖北-学海楼-1210,1-10周 星期一 第1节-第2节 南湖北-学海楼-1210,12-14周 星期一 第1节-第2节 南湖北-学海楼-1210","XF":2,"SKXQ":2,"XNXQDM":"2024-2025-2","KCM":"法语专业写作","JASDM":"0201051210","JXLDM":"020105","JXBID":"20242-10618","SKBJ":"法语2201","TYXMDM":null,"KCH":"10064111006"},{"KKDWDM":"020","XS":32,"BYBZ":"0","JSJC":4,"XXXQDM":"02","KXH":"01","KSJC":3,"XKZRS":20,"SKZC":"000000000000000010000000000000","SKJS":"王燕萍","ISTK":0,"ZCMC":"17周","YPSJDD":"11-16周 星期五 第3节-第4节 南湖北-学海楼-1210,9周 星期日 第3节-第4节 南湖北-学海楼-1210,1-5周 星期五 第3节-第4节 南湖北-学海楼-1210,7-9周 星期五 第3节-第4节 南湖北-学海楼-1210,17周 星期三 第3节-第4节 南湖北-学海楼-1210","XF":2,"SKXQ":3,"XNXQDM":"2024-2025-2","KCM":"中国文化通览","JASDM":"0201051210","JXLDM":"020105","JXBID":"20242-04628","SKBJ":"英语2303","TYXMDM":null,"KCH":"10065111008"},{"KKDWDM":"020","XS":32,"BYBZ":"0","JSJC":4,"XXXQDM":"02","KXH":"01","KSJC":3,"XKZRS":13,"SKZC":"000000000000000010000000000000","SKJS":"梁憬君","ISTK":0,"ZCMC":"17周","YPSJDD":"17周 星期二 第3节-第4节 南湖北-学海楼-1210,16-17周 星期一 第3节-第4节 南湖北-学海楼-1210,1-10周 星期一 第3节-第4节 南湖北-学海楼-1210,12-14周 星期一 第3节-第4节 南湖北-学海楼-1210","XF":2,"SKXQ":2,"XNXQDM":"2024-2025-2","KCM":"日语视听说3","JASDM":"0201051210","JXLDM":"020105","JXBID":"20242-04634","SKBJ":"日语2301","TYXMDM":null,"KCH":"10204121046"},{"KKDWDM":"020","XS":32,"BYBZ":"0","JSJC":2,"XXXQDM":"02","KXH":"01","KSJC":1,"XKZRS":24,"SKZC":"000000000000000010000000000000","SKJS":"吴卫平","ISTK":0,"ZCMC":"17周","YPSJDD":"11-16周 星期五 第1节-第2节 南湖北-学海楼-1210,9周 星期日 第1节-第2节 南湖北-学海楼-1210,1-5周 星期五 第1节-第2节 南湖北-学海楼-1210,17周 星期三 第1节-第2节 南湖北-学海楼-1210,7-9周 星期五 第1节-第2节 南湖北-学海楼-1210","XF":2,"SKXQ":3,"XNXQDM":"2024-2025-2","KCM":"英语精读3","JASDM":"0201051210","JXLDM":"020105","JXBID":"20242-05363","SKBJ":"英法sy2301","TYXMDM":null,"KCH":"10204114028"}]}},"code":"0"}