{"datas":{"jaskcb":{"extParams":{"code":1,"msg":"查询成功"},"pageSize":0,"pageNumber":0,"totalSize":-1,"rows":[{"KKDWDM":"011","XS":32,"BYBZ":"0","JSJC":7,"XXXQDM":"02","KXH":"01","KSJC":6,"XKZRS":32,"SKZC":"111111111111111100000000000000","SKJS":"吴皓莹,孙贤伟,徐宁,陈彧","ISTK":0,"ZCMC":"1-16周","YPSJDD":"1-16周 星期三 第6节-第7节 南湖北-爱特楼-104","XF":2,"SKXQ":3,"XNXQDM":"2024-2025-2","KCM":"集成电路数学基础","JASDM":"0201010104","JXLDM":"020101","JXBID":"20242-04414","SKBJ":"集成电路2301","TYXMDM":null,"KCH":"10115121022"},{"KKDWDM":"020","XS":48,"BYBZ":"0","JSJC":8,"XXXQDM":"02","KXH":"04","KSJC":6,"XKZRS":35,"SKZC":"1111111111111111","SKJS":"姚静","ISTK":0,"ZCMC":"1-16周","YPSJDD":"1-16周 星期二 第6节-第8节 南湖北-爱特楼-104","XF":3,"SKXQ":2,"XNXQDM":"2024-2025-2","KCM":"高级英语2","JASDM":"0201010104","JXLDM":"020101","JXBID":"20242-06293","SKBJ":"微电子zs2401","TYXMDM":null,"KCH":"10201121070"},{"KKDWDM":"011","XS":48,"BYBZ":"0","JSJC":5,"XXXQDM":"02","KXH":"01","KSJC":3,"XKZRS":34,"SKZC":"1111111111111111","SKJS":"邓联贵","ISTK":0,"ZCMC":"1-16周","YPSJDD":"1-16周 星期三 第3节-第5节 南湖北-爱特楼-104","XF":3,"SKXQ":3,"XNXQDM":"2024-2025-2","KCM":"半导体器件物理","JASDM":"0201010104","JXLDM":"020101","JXBID":"20242-05853","SKBJ":"集成电路2301","TYXMDM":null,"KCH":"10114121056"},{"KKDWDM":"020","XS":48,"BYBZ":"0","JSJC":8,"XXXQDM":"02","KXH":"11","KSJC":6,"XKZRS":33,"SKZC":"111111111100000000000000000000","SKJS":"万孜","ISTK":0,"ZCMC":"1-10周","YPSJDD":"1-10周 星期一 第6节-第8节 南湖北-爱特楼-104,17周 星期二 第6节-第8节 南湖北-爱特楼-104,12-14周 星期一 第6节-第8节 南湖北-爱特楼-104,16-17周 星期一 第6节-第8节 南湖北-爱特楼-104","XF":3,"SKXQ":1,"XNXQDM":"2024-2025-2","KCM":"高级英语2","JASDM":"0201010104","JXLDM":"020101","JXBID":"20242-11924","SKBJ":"材科sy2402","TYXMDM":null,"KCH":"10201121070"},{"KKDWDM":"003","XS":40,"BYBZ":"0","JSJC":10,"XXXQDM":"02","KXH":"01","KSJC":9,"XKZRS":50,"SKZC":"111111111100000000000000000000","SKJS":"张志英,林耀军","ISTK":0,"ZCMC":"1-10周","YPSJDD":"11周 星期五 第3节-第4节 南湖北-爱特楼-104,1-5周 星期五 第3节-第4节 南湖北-爱特楼-104,9周 星期日 第3节-第4节 南湖北-爱特楼-104,1-10周 星期三 第9节-第10节 南湖北-爱特楼-104,7-9周 星期五 第3节-第4节 南湖北-爱特楼-104","XF":2,"SKXQ":3,"XNXQDM":"2024-2025-2","KCM":"金属材料学A","JASDM":"0201010104","JXLDM":"020101","JXBID":"20242-02930","SKBJ":"材科2203-04","TYXMDM":null,"KCH":"10035112004"},{"KKDWDM":"011","XS":48,"BYBZ":"0","JSJC":5,"XXXQDM":"02","KXH":"01","KSJC":3,"XKZRS":36,"SKZC":"111111111100000000000000000000","SKJS":"撒继铭","ISTK":0,"ZCMC":"1-10周","YPSJDD":"1-10周 星期一 第3节-第5节 南湖北-爱特楼-104,17周 星期二 第3节-第5节 南湖北-爱特楼-104,16-17周 星期一 第3节-第5节 南湖北-爱特楼-104,12-14周 星期一 第3节-第5节 南湖北-爱特楼-104","XF":3,"SKXQ":1,"XNXQDM":"2024-2025-2","KCM":"单片机及嵌入式系统原理","JASDM":"0201010104","JXLDM":"020101","JXBID":"20242-05865","SKBJ":"通信本硕2301","TYXMDM":null,"KCH":"10114121053"},{"KKDWDM":"020","XS":32,"BYBZ":"0","JSJC":7,"XXXQDM":"02","KXH":"01","KSJC":6,"XKZRS":32,"SKZC":"111110111011111100000000000000","SKJS":"王芳","ISTK":0,"ZCMC":"1-5周,7-9周,11-16周","YPSJDD":"9周 星期日 第6节-第7节 南湖北-爱特楼-104,17周 星期三 第6节-第7节 南湖北-爱特楼-104,1-5周,7-9周,11-16周 星期五 第6节-第7节 南湖北-爱特楼-104","XF":2,"SKXQ":5,"XNXQDM":"2024-2025-2","KCM":"英语文体学A","JASDM":"0201010104","JXLDM":"020101","JXBID":"20242-02495","SKBJ":"英语2201-03","TYXMDM":null,"KCH":"10065111005"},{"KKDWDM":"022","XS":48,"BYBZ":"0","JSJC":10,"XXXQDM":"02","KXH":"01","KSJC":6,"XKZRS":36,"SKZC":"111110111010000000000000000000","SKJS":"魏瀚申","ISTK":0,"ZCMC":"1-5周,7-9周,11周","YPSJDD":"1-5周,7-9周,11周 星期六 第6节-第10节 南湖北-爱特楼-104,12周 星期六 第6节-第8节 南湖北-爱特楼-104","XF":3,"SKXQ":6,"XNXQDM":"2024-2025-2","KCM":"刑法学","JASDM":"0201010104","JXLDM":"020101","JXBID":"20242-12462","SKBJ":"法学fx2023","TYXMDM":null,"KCH":"10224121192"},{"KKDWDM":"010","XS":48,"BYBZ":"0","JSJC":5,"XXXQDM":"02","KXH":"01","KSJC":3,"XKZRS":12,"SKZC":"111110110011100000000000","SKJS":"尹海波,李源","ISTK":0,"ZCMC":"1-5周,7-8周,11-13周","YPSJDD":"15周 星期日 第3节-第4节 南湖北-爱特楼-104,1-5周,7-8周,11-13周 星期日 第3节-第5节 南湖北-爱特楼-104","XF":3,"SKXQ":7,"XNXQDM":"2024-2025-2","KCM":"二氧化碳排放与控制技术","JASDM":"0201010104","JXLDM":"020101","JXBID":"20242-06136","SKBJ":"碳循环与碳减排微2024","TYXMDM":null,"KCH":"10104123006"},{"KKDWDM":"022","XS":48,"BYBZ":"0","JSJC":10,"XXXQDM":"02","KXH":"01","KSJC":6,"XKZRS":36,"SKZC":"111110110011000000000000000000","SKJS":"薛志华","ISTK":0,"ZCMC":"1-5周,7-8周,11-12周","YPSJDD":"1-5周,7-8周,11-12周 星期日 第6节-第10节 南湖北-爱特楼-104,13周 星期日 第6节-第8节 南湖北-爱特楼-104","XF":3,"SKXQ":7,"XNXQDM":"2024-2025-2","KCM":"宪法学","JASDM":"0201010104","JXLDM":"020101","JXBID":"20242-12465","SKBJ":"法学fx2023","TYXMDM":null,"KCH":"10224121195"},{"KKDWDM":"025","XS":48,"BYBZ":"0","JSJC":13,"XXXQDM":"02","KXH":"01","KSJC":11,"XKZRS":13,"SKZC":"111110000000000000000000000000","SKJS":"彭华涛","ISTK":0,"ZCMC":"1-5周","YPSJDD":"7-9周 星期六 第11节-第13节 南湖北-爱特楼-104,1-5周 星期六 第11节-第13节 南湖北-爱特楼-104","XF":3,"SKXQ":6,"XNXQDM":"2024-2025-2","KCM":"商业计划书撰写与路演","JASDM":"0201010104","JXLDM":"020101","JXBID":"20242-06449","SKBJ":"产品创新与科技创业微2024","TYXMDM":null,"KCH":"10254123004"},{"KKDWDM":"003","XS":32,"BYBZ":"0","JSJC":2,"XXXQDM":"02","KXH":"01","KSJC":1,"XKZRS":12,"SKZC":"111110000000000000000000000000","SKJS":"关山月,冯玮,朱大虎,汪小凯,王丰","ISTK":0,"ZCMC":"1-5周","YPSJDD":"1-5周 星期日 第1节-第2节 南湖北-爱特楼-104,11-13周 星期日 第1节-第2节 南湖北-爱特楼-104,7-8周 星期日 第1节-第2节 南湖北-爱特楼-104","XF":2,"SKXQ":7,"XNXQDM":"2024-2025-2","KCM":"运载装备构件成形制造质量智能检","JASDM":"0201010104","JXLDM":"020101","JXBID":"20242-06263","SKBJ":"运载装备智能成形制造微2024","TYXMDM":null,"KCH":"10034123020"},{"KKDWDM":"013","XS":32,"BYBZ":"0","JSJC":2,"XXXQDM":"02","KXH":"02","KSJC":1,"XKZRS":46,"SKZC":"111110000000000000000000000000","SKJS":"冒燕,童杏林,胡卓","ISTK":0,"ZCMC":"1-5周","YPSJDD":"17周 星期三 第1节-第2节 南湖北-爱特楼-104,1-5周 星期五 第1节-第2节 南湖北-爱特楼-104,7-9周 星期五 第1节-第2节 南湖北-爱特楼-104,11-16周 星期五 第1节-第2节 南湖北-爱特楼-104,9周 星期日 第1节-第2节 南湖北-爱特楼-104","XF":2,"SKXQ":5,"XNXQDM":"2024-2025-2","KCM":"科学研究方法与学术论文写作","JASDM":"0201010104","JXLDM":"020101","JXBID":"20242-05816","SKBJ":"机器人2301-02,自动化2301-05,自动化zy2301","TYXMDM":null,"KCH":"10136117057"},{"KKDWDM":"011","XS":16,"BYBZ":"0","JSJC":2,"XXXQDM":"02","KXH":"01","KSJC":1,"XKZRS":38,"SKZC":"111110000000000000000000000000","SKJS":"郑林","ISTK":0,"ZCMC":"1-5周","YPSJDD":"7-9周 星期六 第1节-第2节 南湖北-爱特楼-104,1-5周 星期六 第1节-第2节 南湖北-爱特楼-104","XF":1,"SKXQ":6,"XNXQDM":"2024-2025-2","KCM":"自动驾驶编程与开发(JD)","JASDM":"0201010104","JXLDM":"020101","JXBID":"20242-07745","SKBJ":"公选-07745","TYXMDM":null,"KCH":"10116121178"},{"KKDWDM":"003","XS":40,"BYBZ":"0","JSJC":4,"XXXQDM":"02","KXH":"01","KSJC":3,"XKZRS":50,"SKZC":"111110000000000000000000000000","SKJS":"张志英,林耀军","ISTK":0,"ZCMC":"1-5周","YPSJDD":"11周 星期五 第3节-第4节 南湖北-爱特楼-104,1-5周 星期五 第3节-第4节 南湖北-爱特楼-104,9周 星期日 第3节-第4节 南湖北-爱特楼-104,1-10周 星期三 第9节-第10节 南湖北-爱特楼-104,7-9周 星期五 第3节-第4节 南湖北-爱特楼-104","XF":2,"SKXQ":5,"XNXQDM":"2024-2025-2","KCM":"金属材料学A","JASDM":"0201010104","JXLDM":"020101","JXBID":"20242-02930","SKBJ":"材科2203-04","TYXMDM":null,"KCH":"10035112004"},{"KKDWDM":"022","XS":32,"BYBZ":"0","JSJC":13,"XXXQDM":"02","KXH":"01","KSJC":11,"XKZRS":32,"SKZC":"0011101110111100000000000","SKJS":"鲍焕然","ISTK":0,"ZCMC":"3-5周,7-9周,11-14周","YPSJDD":"15周 星期五 第11节-第12节 南湖北-爱特楼-104,3-5周,7-9周,11-14周 星期五 第11节-第13节 南湖北-爱特楼-104","XF":2,"SKXQ":5,"XNXQDM":"2024-2025-2","KCM":"中级汉语听说2","JASDM":"0201010104","JXLDM":"020101","JXBID":"20242-14302","SKBJ":null,"TYXMDM":null,"KCH":"30221124003"},{"KKDWDM":"022","XS":32,"BYBZ":"0","JSJC":5,"XXXQDM":"02","KXH":"01","KSJC":3,"XKZRS":26,"SKZC":"000111111111100000000000","SKJS":"黄道主","ISTK":0,"ZCMC":"4-13周","YPSJDD":"14周 星期二 第3节-第4节 南湖北-爱特楼-104,4-13周 星期二 第3节-第5节 南湖北-爱特楼-104","XF":2,"SKXQ":2,"XNXQDM":"2024-2025-2","KCM":"现代西方哲学","JASDM":"0201010104","JXLDM":"020101","JXBID":"20242-02940","SKBJ":"汉语2201","TYXMDM":null,"KCH":"10225121059"},{"KKDWDM":"013","XS":40,"BYBZ":"0","JSJC":2,"XXXQDM":"02","KXH":"05","KSJC":1,"XKZRS":46,"SKZC":"000000111100000000000000000000","SKJS":"魏怡","ISTK":0,"ZCMC":"7-10周","YPSJDD":"7-9周 星期四 第1节-第2节 南湖北-爱特楼-104,16周 星期一 第1节-第2节 南湖北-爱特楼-104,7-10周 星期一 第1节-第2节 南湖北-爱特楼-104,12-14周 星期一 第1节-第2节 南湖北-爱特楼-104,11-15周 星期四 第1节-第2节 南湖北-爱特楼-104","XF":2,"SKXQ":1,"XNXQDM":"2024-2025-2","KCM":"程序设计方法(C++)","JASDM":"0201010104","JXLDM":"020101","JXBID":"20242-10883","SKBJ":"机器人2301-02,自动化2304-05,自动化zy2301","TYXMDM":null,"KCH":"10135121039"},{"KKDWDM":"003","XS":40,"BYBZ":"0","JSJC":4,"XXXQDM":"02","KXH":"01","KSJC":3,"XKZRS":50,"SKZC":"000000111000000000000000000000","SKJS":"张志英,林耀军","ISTK":0,"ZCMC":"7-9周","YPSJDD":"11周 星期五 第3节-第4节 南湖北-爱特楼-104,1-5周 星期五 第3节-第4节 南湖北-爱特楼-104,9周 星期日 第3节-第4节 南湖北-爱特楼-104,1-10周 星期三 第9节-第10节 南湖北-爱特楼-104,7-9周 星期五 第3节-第4节 南湖北-爱特楼-104","XF":2,"SKXQ":5,"XNXQDM":"2024-2025-2","KCM":"金属材料学A","JASDM":"0201010104","JXLDM":"020101","JXBID":"20242-02930","SKBJ":"材科2203-04","TYXMDM":null,"KCH":"10035112004"},{"KKDWDM":"013","XS":40,"BYBZ":"0","JSJC":2,"XXXQDM":"02","KXH":"05","KSJC":1,"XKZRS":46,"SKZC":"000000111000000000000000000000","SKJS":"魏怡","ISTK":0,"ZCMC":"7-9周","YPSJDD":"7-9周 星期四 第1节-第2节 南湖北-爱特楼-104,16周 星期一 第1节-第2节 南湖北-爱特楼-104,7-10周 星期一 第1节-第2节 南湖北-爱特楼-104,12-14周 星期一 第1节-第2节 南湖北-爱特楼-104,11-15周 星期四 第1节-第2节 南湖北-爱特楼-104","XF":2,"SKXQ":4,"XNXQDM":"2024-2025-2","KCM":"程序设计方法(C++)","JASDM":"0201010104","JXLDM":"020101","JXBID":"20242-10883","SKBJ":"机器人2301-02,自动化2304-05,自动化zy2301","TYXMDM":null,"KCH":"10135121039"},{"KKDWDM":"013","XS":32,"BYBZ":"0","JSJC":2,"XXXQDM":"02","KXH":"02","KSJC":1,"XKZRS":46,"SKZC":"000000111000000000000000000000","SKJS":"冒燕,童杏林,胡卓","ISTK":0,"ZCMC":"7-9周","YPSJDD":"17周 星期三 第1节-第2节 南湖北-爱特楼-104,1-5周 星期五 第1节-第2节 南湖北-爱特楼-104,7-9周 星期五 第1节-第2节 南湖北-爱特楼-104,11-16周 星期五 第1节-第2节 南湖北-爱特楼-104,9周 星期日 第1节-第2节 南湖北-爱特楼-104","XF":2,"SKXQ":5,"XNXQDM":"2024-2025-2","KCM":"科学研究方法与学术论文写作","JASDM":"0201010104","JXLDM":"020101","JXBID":"20242-05816","SKBJ":"机器人2301-02,自动化2301-05,自动化zy2301","TYXMDM":null,"KCH":"10136117057"},{"KKDWDM":"025","XS":48,"BYBZ":"0","JSJC":13,"XXXQDM":"02","KXH":"01","KSJC":11,"XKZRS":13,"SKZC":"000000111000000000000000000000","SKJS":"彭华涛","ISTK":0,"ZCMC":"7-9周","YPSJDD":"7-9周 星期六 第11节-第13节 南湖北-爱特楼-104,1-5周 星期六 第11节-第13节 南湖北-爱特楼-104","XF":3,"SKXQ":6,"XNXQDM":"2024-2025-2","KCM":"商业计划书撰写与路演","JASDM":"0201010104","JXLDM":"020101","JXBID":"20242-06449","SKBJ":"产品创新与科技创业微2024","TYXMDM":null,"KCH":"10254123004"},{"KKDWDM":"011","XS":16,"BYBZ":"0","JSJC":2,"XXXQDM":"02","KXH":"01","KSJC":1,"XKZRS":38,"SKZC":"000000111000000000000000000000","SKJS":"郑林","ISTK":0,"ZCMC":"7-9周","YPSJDD":"7-9周 星期六 第1节-第2节 南湖北-爱特楼-104,1-5周 星期六 第1节-第2节 南湖北-爱特楼-104","XF":1,"SKXQ":6,"XNXQDM":"2024-2025-2","KCM":"自动驾驶编程与开发(JD)","JASDM":"0201010104","JXLDM":"020101","JXBID":"20242-07745","SKBJ":"公选-07745","TYXMDM":null,"KCH":"10116121178"},{"KKDWDM":"003","XS":32,"BYBZ":"0","JSJC":2,"XXXQDM":"02","KXH":"01","KSJC":1,"XKZRS":12,"SKZC":"000000110000000000000000000000","SKJS":"关山月,冯玮,朱大虎,汪小凯,王丰","ISTK":0,"ZCMC":"7-8周","YPSJDD":"1-5周 星期日 第1节-第2节 南湖北-爱特楼-104,11-13周 星期日 第1节-第2节 南湖北-爱特楼-104,7-8周 星期日 第1节-第2节 南湖北-爱特楼-104","XF":2,"SKXQ":7,"XNXQDM":"2024-2025-2","KCM":"运载装备构件成形制造质量智能检","JASDM":"0201010104","JXLDM":"020101","JXBID":"20242-06263","SKBJ":"运载装备智能成形制造微2024","TYXMDM":null,"KCH":"10034123020"},{"KKDWDM":"003","XS":40,"BYBZ":"0","JSJC":4,"XXXQDM":"02","KXH":"01","KSJC":3,"XKZRS":50,"SKZC":"000000001000000000000000000000","SKJS":"张志英,林耀军","ISTK":0,"ZCMC":"9周","YPSJDD":"11周 星期五 第3节-第4节 南湖北-爱特楼-104,1-5周 星期五 第3节-第4节 南湖北-爱特楼-104,9周 星期日 第3节-第4节 南湖北-爱特楼-104,1-10周 星期三 第9节-第10节 南湖北-爱特楼-104,7-9周 星期五 第3节-第4节 南湖北-爱特楼-104","XF":2,"SKXQ":7,"XNXQDM":"2024-2025-2","KCM":"金属材料学A","JASDM":"0201010104","JXLDM":"020101","JXBID":"20242-02930","SKBJ":"材科2203-04","TYXMDM":null,"KCH":"10035112004"},{"KKDWDM":"013","XS":32,"BYBZ":"0","JSJC":2,"XXXQDM":"02","KXH":"02","KSJC":1,"XKZRS":46,"SKZC":"000000001000000000000000000000","SKJS":"冒燕,童杏林,胡卓","ISTK":0,"ZCMC":"9周","YPSJDD":"17周 星期三 第1节-第2节 南湖北-爱特楼-104,1-5周 星期五 第1节-第2节 南湖北-爱特楼-104,7-9周 星期五 第1节-第2节 南湖北-爱特楼-104,11-16周 星期五 第1节-第2节 南湖北-爱特楼-104,9周 星期日 第1节-第2节 南湖北-爱特楼-104","XF":2,"SKXQ":7,"XNXQDM":"2024-2025-2","KCM":"科学研究方法与学术论文写作","JASDM":"0201010104","JXLDM":"020101","JXBID":"20242-05816","SKBJ":"机器人2301-02,自动化2301-05,自动化zy2301","TYXMDM":null,"KCH":"10136117057"},{"KKDWDM":"020","XS":32,"BYBZ":"0","JSJC":7,"XXXQDM":"02","KXH":"01","KSJC":6,"XKZRS":32,"SKZC":"000000001000000000000000000000","SKJS":"王芳","ISTK":0,"ZCMC":"9周","YPSJDD":"9周 星期日 第6节-第7节 南湖北-爱特楼-104,17周 星期三 第6节-第7节 南湖北-爱特楼-104,1-5周,7-9周,11-16周 星期五 第6节-第7节 南湖北-爱特楼-104","XF":2,"SKXQ":7,"XNXQDM":"2024-2025-2","KCM":"英语文体学A","JASDM":"0201010104","JXLDM":"020101","JXBID":"20242-02495","SKBJ":"英语2201-03","TYXMDM":null,"KCH":"10065111005"},{"KKDWDM":"013","XS":32,"BYBZ":"0","JSJC":2,"XXXQDM":"02","KXH":"02","KSJC":1,"XKZRS":46,"SKZC":"000000000011111100000000000000","SKJS":"冒燕,童杏林,胡卓","ISTK":0,"ZCMC":"11-16周","YPSJDD":"17周 星期三 第1节-第2节 南湖北-爱特楼-104,1-5周 星期五 第1节-第2节 南湖北-爱特楼-104,7-9周 星期五 第1节-第2节 南湖北-爱特楼-104,11-16周 星期五 第1节-第2节 南湖北-爱特楼-104,9周 星期日 第1节-第2节 南湖北-爱特楼-104","XF":2,"SKXQ":5,"XNXQDM":"2024-2025-2","KCM":"科学研究方法与学术论文写作","JASDM":"0201010104","JXLDM":"020101","JXBID":"20242-05816","SKBJ":"机器人2301-02,自动化2301-05,自动化zy2301","TYXMDM":null,"KCH":"10136117057"},{"KKDWDM":"013","XS":40,"BYBZ":"0","JSJC":2,"XXXQDM":"02","KXH":"05","KSJC":1,"XKZRS":46,"SKZC":"000000000011111000000000000000","SKJS":"魏怡","ISTK":0,"ZCMC":"11-15周","YPSJDD":"7-9周 星期四 第1节-第2节 南湖北-爱特楼-104,16周 星期一 第1节-第2节 南湖北-爱特楼-104,7-10周 星期一 第1节-第2节 南湖北-爱特楼-104,12-14周 星期一 第1节-第2节 南湖北-爱特楼-104,11-15周 星期四 第1节-第2节 南湖北-爱特楼-104","XF":2,"SKXQ":4,"XNXQDM":"2024-2025-2","KCM":"程序设计方法(C++)","JASDM":"0201010104","JXLDM":"020101","JXBID":"20242-10883","SKBJ":"机器人2301-02,自动化2304-05,自动化zy2301","TYXMDM":null,"KCH":"10135121039"},{"KKDWDM":"003","XS":32,"BYBZ":"0","JSJC":2,"XXXQDM":"02","KXH":"01","KSJC":1,"XKZRS":12,"SKZC":"000000000011100000000000000000","SKJS":"关山月,冯玮,朱大虎,汪小凯,王丰","ISTK":0,"ZCMC":"11-13周","YPSJDD":"1-5周 星期日 第1节-第2节 南湖北-爱特楼-104,11-13周 星期日 第1节-第2节 南湖北-爱特楼-104,7-8周 星期日 第1节-第2节 南湖北-爱特楼-104","XF":2,"SKXQ":7,"XNXQDM":"2024-2025-2","KCM":"运载装备构件成形制造质量智能检","JASDM":"0201010104","JXLDM":"020101","JXBID":"20242-06263","SKBJ":"运载装备智能成形制造微2024","TYXMDM":null,"KCH":"10034123020"},{"KKDWDM":"003","XS":40,"BYBZ":"0","JSJC":4,"XXXQDM":"02","KXH":"01","KSJC":3,"XKZRS":50,"SKZC":"000000000010000000000000000000","SKJS":"张志英,林耀军","ISTK":0,"ZCMC":"11周","YPSJDD":"11周 星期五 第3节-第4节 南湖北-爱特楼-104,1-5周 星期五 第3节-第4节 南湖北-爱特楼-104,9周 星期日 第3节-第4节 南湖北-爱特楼-104,1-10周 星期三 第9节-第10节 南湖北-爱特楼-104,7-9周 星期五 第3节-第4节 南湖北-爱特楼-104","XF":2,"SKXQ":5,"XNXQDM":"2024-2025-2","KCM":"金属材料学A","JASDM":"0201010104","JXLDM":"020101","JXBID":"20242-02930","SKBJ":"材科2203-04","TYXMDM":null,"KCH":"10035112004"},{"KKDWDM":"020","XS":48,"BYBZ":"0","JSJC":8,"XXXQDM":"02","KXH":"11","KSJC":6,"XKZRS":33,"SKZC":"000000000001110000000000000000","SKJS":"万孜","ISTK":0,"ZCMC":"12-14周","YPSJDD":"1-10周 星期一 第6节-第8节 南湖北-爱特楼-104,17周 星期二 第6节-第8节 南湖北-爱特楼-104,12-14周 星期一 第6节-第8节 南湖北-爱特楼-104,16-17周 星期一 第6节-第8节 南湖北-爱特楼-104","XF":3,"SKXQ":1,"XNXQDM":"2024-2025-2","KCM":"高级英语2","JASDM":"0201010104","JXLDM":"020101","JXBID":"20242-11924","SKBJ":"材科sy2402","TYXMDM":null,"KCH":"10201121070"},{"KKDWDM":"011","XS":48,"BYBZ":"0","JSJC":5,"XXXQDM":"02","KXH":"01","KSJC":3,"XKZRS":36,"SKZC":"000000000001110000000000000000","SKJS":"撒继铭","ISTK":0,"ZCMC":"12-14周","YPSJDD":"1-10周 星期一 第3节-第5节 南湖北-爱特楼-104,17周 星期二 第3节-第5节 南湖北-爱特楼-104,16-17周 星期一 第3节-第5节 南湖北-爱特楼-104,12-14周 星期一 第3节-第5节 南湖北-爱特楼-104","XF":3,"SKXQ":1,"XNXQDM":"2024-2025-2","KCM":"单片机及嵌入式系统原理","JASDM":"0201010104","JXLDM":"020101","JXBID":"20242-05865","SKBJ":"通信本硕2301","TYXMDM":null,"KCH":"10114121053"},{"KKDWDM":"013","XS":40,"BYBZ":"0","JSJC":2,"XXXQDM":"02","KXH":"05","KSJC":1,"XKZRS":46,"SKZC":"000000000001110000000000000000","SKJS":"魏怡","ISTK":0,"ZCMC":"12-14周","YPSJDD":"7-9周 星期四 第1节-第2节 南湖北-爱特楼-104,16周 星期一 第1节-第2节 南湖北-爱特楼-104,7-10周 星期一 第1节-第2节 南湖北-爱特楼-104,12-14周 星期一 第1节-第2节 南湖北-爱特楼-104,11-15周 星期四 第1节-第2节 南湖北-爱特楼-104","XF":2,"SKXQ":1,"XNXQDM":"2024-2025-2","KCM":"程序设计方法(C++)","JASDM":"0201010104","JXLDM":"020101","JXBID":"20242-10883","SKBJ":"机器人2301-02,自动化2304-05,自动化zy2301","TYXMDM":null,"KCH":"10135121039"},{"KKDWDM":"022","XS":48,"BYBZ":"0","JSJC":8,"XXXQDM":"02","KXH":"01","KSJC":6,"XKZRS":36,"SKZC":"000000000001000000000000000000","SKJS":"魏瀚申","ISTK":0,"ZCMC":"12周","YPSJDD":"1-5周,7-9周,11周 星期六 第6节-第10节 南湖北-爱特楼-104,12周 星期六 第6节-第8节 南湖北-爱特楼-104","XF":3,"SKXQ":6,"XNXQDM":"2024-2025-2","KCM":"刑法学","JASDM":"0201010104","JXLDM":"020101","JXBID":"20242-12462","SKBJ":"法学fx2023","TYXMDM":null,"KCH":"10224121192"},{"KKDWDM":"022","XS":48,"BYBZ":"0","JSJC":8,"XXXQDM":"02","KXH":"01","KSJC":6,"XKZRS":36,"SKZC":"000000000000100000000000000000","SKJS":"薛志华","ISTK":0,"ZCMC":"13周","YPSJDD":"1-5周,7-8周,11-12周 星期日 第6节-第10节 南湖北-爱特楼-104,13周 星期日 第6节-第8节 南湖北-爱特楼-104","XF":3,"SKXQ":7,"XNXQDM":"2024-2025-2","KCM":"宪法学","JASDM":"0201010104","JXLDM":"020101","JXBID":"20242-12465","SKBJ":"法学fx2023","TYXMDM":null,"KCH":"10224121195"},{"KKDWDM":"022","XS":32,"BYBZ":"0","JSJC":4,"XXXQDM":"02","KXH":"01","KSJC":3,"XKZRS":26,"SKZC":"000000000000010000000000","SKJS":"黄道主","ISTK":0,"ZCMC":"14周","YPSJDD":"14周 星期二 第3节-第4节 南湖北-爱特楼-104,4-13周 星期二 第3节-第5节 南湖北-爱特楼-104","XF":2,"SKXQ":2,"XNXQDM":"2024-2025-2","KCM":"现代西方哲学","JASDM":"0201010104","JXLDM":"020101","JXBID":"20242-02940","SKBJ":"汉语2201","TYXMDM":null,"KCH":"10225121059"},{"KKDWDM":"022","XS":32,"BYBZ":"0","JSJC":12,"XXXQDM":"02","KXH":"01","KSJC":11,"XKZRS":32,"SKZC":"0000000000000010000000000","SKJS":"鲍焕然","ISTK":0,"ZCMC":"15周","YPSJDD":"15周 星期五 第11节-第12节 南湖北-爱特楼-104,3-5周,7-9周,11-14周 星期五 第11节-第13节 南湖北-爱特楼-104","XF":2,"SKXQ":5,"XNXQDM":"2024-2025-2","KCM":"中级汉语听说2","JASDM":"0201010104","JXLDM":"020101","JXBID":"20242-14302","SKBJ":null,"TYXMDM":null,"KCH":"30221124003"},{"KKDWDM":"010","XS":48,"BYBZ":"0","JSJC":4,"XXXQDM":"02","KXH":"01","KSJC":3,"XKZRS":12,"SKZC":"000000000000001000000000","SKJS":"尹海波,李源","ISTK":0,"ZCMC":"15周","YPSJDD":"15周 星期日 第3节-第4节 南湖北-爱特楼-104,1-5周,7-8周,11-13周 星期日 第3节-第5节 南湖北-爱特楼-104","XF":3,"SKXQ":7,"XNXQDM":"2024-2025-2","KCM":"二氧化碳排放与控制技术","JASDM":"0201010104","JXLDM":"020101","JXBID":"20242-06136","SKBJ":"碳循环与碳减排微2024","TYXMDM":null,"KCH":"10104123006"},{"KKDWDM":"011","XS":48,"BYBZ":"0","JSJC":5,"XXXQDM":"02","KXH":"01","KSJC":3,"XKZRS":36,"SKZC":"000000000000000110000000000000","SKJS":"撒继铭","ISTK":0,"ZCMC":"16-17周","YPSJDD":"1-10周 星期一 第3节-第5节 南湖北-爱特楼-104,17周 星期二 第3节-第5节 南湖北-爱特楼-104,16-17周 星期一 第3节-第5节 南湖北-爱特楼-104,12-14周 星期一 第3节-第5节 南湖北-爱特楼-104","XF":3,"SKXQ":1,"XNXQDM":"2024-2025-2","KCM":"单片机及嵌入式系统原理","JASDM":"0201010104","JXLDM":"020101","JXBID":"20242-05865","SKBJ":"通信本硕2301","TYXMDM":null,"KCH":"10114121053"},{"KKDWDM":"020","XS":48,"BYBZ":"0","JSJC":8,"XXXQDM":"02","KXH":"11","KSJC":6,"XKZRS":33,"SKZC":"000000000000000110000000000000","SKJS":"万孜","ISTK":0,"ZCMC":"16-17周","YPSJDD":"1-10周 星期一 第6节-第8节 南湖北-爱特楼-104,17周 星期二 第6节-第8节 南湖北-爱特楼-104,12-14周 星期一 第6节-第8节 南湖北-爱特楼-104,16-17周 星期一 第6节-第8节 南湖北-爱特楼-104","XF":3,"SKXQ":1,"XNXQDM":"2024-2025-2","KCM":"高级英语2","JASDM":"0201010104","JXLDM":"020101","JXBID":"20242-11924","SKBJ":"材科sy2402","TYXMDM":null,"KCH":"10201121070"},{"KKDWDM":"013","XS":40,"BYBZ":"0","JSJC":2,"XXXQDM":"02","KXH":"05","KSJC":1,"XKZRS":46,"SKZC":"000000000000000100000000000000","SKJS":"魏怡","ISTK":0,"ZCMC":"16周","YPSJDD":"7-9周 星期四 第1节-第2节 南湖北-爱特楼-104,16周 星期一 第1节-第2节 南湖北-爱特楼-104,7-10周 星期一 第1节-第2节 南湖北-爱特楼-104,12-14周 星期一 第1节-第2节 南湖北-爱特楼-104,11-15周 星期四 第1节-第2节 南湖北-爱特楼-104","XF":2,"SKXQ":1,"XNXQDM":"2024-2025-2","KCM":"程序设计方法(C++)","JASDM":"0201010104","JXLDM":"020101","JXBID":"20242-10883","SKBJ":"机器人2301-02,自动化2304-05,自动化zy2301","TYXMDM":null,"KCH":"10135121039"},{"KKDWDM":"022","XS":48,"BYBZ":"0","JSJC":4,"XXXQDM":"02","KXH":"01","KSJC":1,"XKZRS":22,"SKZC":"0000000000000001000000000","SKJS":"占莉娟,王晓醉","ISTK":0,"ZCMC":"16周","YPSJDD":"16周 星期六 第1节-第4节 南湖北-爱特楼-104,2-10周,12-14周,16-17周 星期一 第9节-第10节 南湖南-博学北楼-102","XF":3,"SKXQ":6,"XNXQDM":"2024-2025-2","KCM":"编辑实务与应用写作","JASDM":"0201010104","JXLDM":"020101","JXBID":"20242-04578","SKBJ":"新媒体2302","TYXMDM":null,"KCH":"10225121005"},{"KKDWDM":"013","XS":32,"BYBZ":"0","JSJC":2,"XXXQDM":"02","KXH":"02","KSJC":1,"XKZRS":46,"SKZC":"000000000000000010000000000000","SKJS":"冒燕,童杏林,胡卓","ISTK":0,"ZCMC":"17周","YPSJDD":"17周 星期三 第1节-第2节 南湖北-爱特楼-104,1-5周 星期五 第1节-第2节 南湖北-爱特楼-104,7-9周 星期五 第1节-第2节 南湖北-爱特楼-104,11-16周 星期五 第1节-第2节 南湖北-爱特楼-104,9周 星期日 第1节-第2节 南湖北-爱特楼-104","XF":2,"SKXQ":3,"XNXQDM":"2024-2025-2","KCM":"科学研究方法与学术论文写作","JASDM":"0201010104","JXLDM":"020101","JXBID":"20242-05816","SKBJ":"机器人2301-02,自动化2301-05,自动化zy2301","TYXMDM":null,"KCH":"10136117057"},{"KKDWDM":"011","XS":48,"BYBZ":"0","JSJC":5,"XXXQDM":"02","KXH":"01","KSJC":3,"XKZRS":36,"SKZC":"000000000000000010000000000000","SKJS":"撒继铭","ISTK":0,"ZCMC":"17周","YPSJDD":"1-10周 星期一 第3节-第5节 南湖北-爱特楼-104,17周 星期二 第3节-第5节 南湖北-爱特楼-104,16-17周 星期一 第3节-第5节 南湖北-爱特楼-104,12-14周 星期一 第3节-第5节 南湖北-爱特楼-104","XF":3,"SKXQ":2,"XNXQDM":"2024-2025-2","KCM":"单片机及嵌入式系统原理","JASDM":"0201010104","JXLDM":"020101","JXBID":"20242-05865","SKBJ":"通信本硕2301","TYXMDM":null,"KCH":"10114121053"},{"KKDWDM":"020","XS":32,"BYBZ":"0","JSJC":7,"XXXQDM":"02","KXH":"01","KSJC":6,"XKZRS":32,"SKZC":"000000000000000010000000000000","SKJS":"王芳","ISTK":0,"ZCMC":"17周","YPSJDD":"9周 星期日 第6节-第7节 南湖北-爱特楼-104,17周 星期三 第6节-第7节 南湖北-爱特楼-104,1-5周,7-9周,11-16周 星期五 第6节-第7节 南湖北-爱特楼-104","XF":2,"SKXQ":3,"XNXQDM":"2024-2025-2","KCM":"英语文体学A","JASDM":"0201010104","JXLDM":"020101","JXBID":"20242-02495","SKBJ":"英语2201-03","TYXMDM":null,"KCH":"10065111005"},{"KKDWDM":"020","XS":48,"BYBZ":"0","JSJC":8,"XXXQDM":"02","KXH":"11","KSJC":6,"XKZRS":33,"SKZC":"000000000000000010000000000000","SKJS":"万孜","ISTK":0,"ZCMC":"17周","YPSJDD":"1-10周 星期一 第6节-第8节 南湖北-爱特楼-104,17周 星期二 第6节-第8节 南湖北-爱特楼-104,12-14周 星期一 第6节-第8节 南湖北-爱特楼-104,16-17周 星期一 第6节-第8节 南湖北-爱特楼-104","XF":3,"SKXQ":2,"XNXQDM":"2024-2025-2","KCM":"高级英语2","JASDM":"0201010104","JXLDM":"020101","JXBID":"20242-11924","SKBJ":"材科sy2402","TYXMDM":null,"KCH":"10201121070"}]}},"code":"0"}