{"datas":{"jaskcb":{"extParams":{"code":1,"msg":"查询成功"},"pageSize":0,"pageNumber":0,"totalSize":-1,"rows":[{"KKDWDM":null,"XS":null,"BYBZ":"1","JSJC":13,"XXXQDM":null,"KXH":null,"KSJC":11,"XKZRS":null,"SKZC":"111111111111111111000000000000","SKJS":"向剑文","ISTK":0,"ZCMC":"1-18周","YPSJDD":null,"XF":null,"SKXQ":1,"XNXQDM":"2024-2025-2","KCM":"可信计算","JASDM":"0201011207","JXLDM":null,"JXBID":null,"SKBJ":null,"TYXMDM":null,"KCH":"60120224003"},{"KKDWDM":null,"XS":null,"BYBZ":"1","JSJC":8,"XXXQDM":null,"KXH":null,"KSJC":6,"XKZRS":null,"SKZC":"001111111111110000000000000000","SKJS":"钟忺","ISTK":0,"ZCMC":"3-14周","YPSJDD":null,"XF":null,"SKXQ":1,"XNXQDM":"2024-2025-2","KCM":"视觉信息处理","JASDM":"0201011207","JXLDM":null,"JXBID":null,"SKBJ":null,"TYXMDM":null,"KCH":"60120323001"}]}},"code":"0"}