{"datas":{"jaskcb":{"extParams":{"code":1,"msg":"查询成功"},"pageSize":0,"pageNumber":0,"totalSize":-1,"rows":[{"KKDWDM":"020","XS":128,"BYBZ":"0","JSJC":4,"XXXQDM":"02","KXH":"02","KSJC":3,"XKZRS":18,"SKZC":"111111111111111100000000000000","SKJS":"白琰媛","ISTK":0,"ZCMC":"1-16周","YPSJDD":"17周 星期三 第3节-第4节 南湖北-学海楼-1209,12-14周 星期一 第1节-第2节 南湖北-学海楼-1209,1-10周 星期一 第1节-第2节 南湖北-学海楼-1209,1-16周 星期三 第3节-第4节 南湖北-学海楼-1209,1-5周 星期五 第3节-第4节 南湖北-学海楼-1209,1-9周 星期四 第1节-第2节 南湖北-学海楼-1209,11-16周 星期五 第3节-第4节 南湖北-学海楼-1209,7-9周 星期五 第3节-第4节 南湖北-学海楼-1209,16-17周 星期一 第1节-第2节 南湖北-学海楼-1209,9周 星期日 第3节-第4节 南湖北-学海楼-1209,17周 星期二 第1节-第2节 南湖北-学海楼-1209,11-17周 星期四 第1节-第2节 南湖北-学海楼-1209","XF":8,"SKXQ":3,"XNXQDM":"2024-2025-2","KCM":"基础法语精读2","JASDM":"0201051209","JXLDM":"020105","JXBID":"20242-10644","SKBJ":"法语2301","TYXMDM":null,"KCH":"10204117072"},{"KKDWDM":"020","XS":128,"BYBZ":"0","JSJC":2,"XXXQDM":"02","KXH":"01","KSJC":1,"XKZRS":18,"SKZC":"111111111111111100000000000000","SKJS":"彭佳","ISTK":0,"ZCMC":"1-16周","YPSJDD":"1-5周 星期五 第1节-第2节 南湖北-学海楼-1209,12-14周 星期一 第3节-第4节 南湖北-学海楼-1209,17周 星期三 第1节-第2节 南湖北-学海楼-1209,16-17周 星期一 第3节-第4节 南湖北-学海楼-1209,9周 星期日 第1节-第2节 南湖北-学海楼-1209,1-16周 星期三 第1节-第2节 南湖北-学海楼-1209,17周 星期二 第3节-第4节 南湖北-学海楼-1209,11-16周 星期五 第1节-第2节 南湖北-学海楼-1209,1-9周 星期四 第3节-第4节 南湖北-学海楼-1209,11-17周 星期四 第3节-第4节 南湖北-学海楼-1209,7-9周 星期五 第1节-第2节 南湖北-学海楼-1209,1-10周 星期一 第3节-第4节 南湖北-学海楼-1209","XF":8,"SKXQ":3,"XNXQDM":"2024-2025-2","KCM":"基础法语精读2","JASDM":"0201051209","JXLDM":"020105","JXBID":"20242-04818","SKBJ":"法语2302","TYXMDM":null,"KCH":"10204117072"},{"KKDWDM":"020","XS":32,"BYBZ":"0","JSJC":2,"XXXQDM":"02","KXH":"02","KSJC":1,"XKZRS":18,"SKZC":"1111111111111111","SKJS":"周力","ISTK":0,"ZCMC":"1-16周","YPSJDD":"1-16周 星期二 第1节-第2节 南湖北-学海楼-1209","XF":2,"SKXQ":2,"XNXQDM":"2024-2025-2","KCM":"法语词汇与语法2","JASDM":"0201051209","JXLDM":"020105","JXBID":"20242-10647","SKBJ":"法语2301","TYXMDM":null,"KCH":"10205121009"},{"KKDWDM":"020","XS":32,"BYBZ":"0","JSJC":4,"XXXQDM":"02","KXH":"01","KSJC":3,"XKZRS":18,"SKZC":"1111111111111111","SKJS":"周力","ISTK":0,"ZCMC":"1-16周","YPSJDD":"1-16周 星期二 第3节-第4节 南湖北-学海楼-1209","XF":2,"SKXQ":2,"XNXQDM":"2024-2025-2","KCM":"法语词汇与语法2","JASDM":"0201051209","JXLDM":"020105","JXBID":"20242-05647","SKBJ":"法语2302","TYXMDM":null,"KCH":"10205121009"},{"KKDWDM":"020","XS":32,"BYBZ":"0","JSJC":7,"XXXQDM":"02","KXH":"03","KSJC":6,"XKZRS":23,"SKZC":"1111111111111111","SKJS":"徐亚,郑晓曦","ISTK":0,"ZCMC":"1-16周","YPSJDD":"1-16周 星期二 第6节-第7节 南湖北-学海楼-1209","XF":2,"SKXQ":2,"XNXQDM":"2024-2025-2","KCM":"英美戏剧赏析","JASDM":"0201051209","JXLDM":"020105","JXBID":"20242-10162","SKBJ":"英语2302","TYXMDM":null,"KCH":"10205117006"},{"KKDWDM":"020","XS":128,"BYBZ":"0","JSJC":2,"XXXQDM":"02","KXH":"02","KSJC":1,"XKZRS":18,"SKZC":"111111111100000000000000000000","SKJS":"白琰媛","ISTK":0,"ZCMC":"1-10周","YPSJDD":"17周 星期三 第3节-第4节 南湖北-学海楼-1209,12-14周 星期一 第1节-第2节 南湖北-学海楼-1209,1-10周 星期一 第1节-第2节 南湖北-学海楼-1209,1-16周 星期三 第3节-第4节 南湖北-学海楼-1209,1-5周 星期五 第3节-第4节 南湖北-学海楼-1209,1-9周 星期四 第1节-第2节 南湖北-学海楼-1209,11-16周 星期五 第3节-第4节 南湖北-学海楼-1209,7-9周 星期五 第3节-第4节 南湖北-学海楼-1209,16-17周 星期一 第1节-第2节 南湖北-学海楼-1209,9周 星期日 第3节-第4节 南湖北-学海楼-1209,17周 星期二 第1节-第2节 南湖北-学海楼-1209,11-17周 星期四 第1节-第2节 南湖北-学海楼-1209","XF":8,"SKXQ":1,"XNXQDM":"2024-2025-2","KCM":"基础法语精读2","JASDM":"0201051209","JXLDM":"020105","JXBID":"20242-10644","SKBJ":"法语2301","TYXMDM":null,"KCH":"10204117072"},{"KKDWDM":"020","XS":128,"BYBZ":"0","JSJC":4,"XXXQDM":"02","KXH":"01","KSJC":3,"XKZRS":18,"SKZC":"111111111100000000000000000000","SKJS":"彭佳","ISTK":0,"ZCMC":"1-10周","YPSJDD":"1-5周 星期五 第1节-第2节 南湖北-学海楼-1209,12-14周 星期一 第3节-第4节 南湖北-学海楼-1209,17周 星期三 第1节-第2节 南湖北-学海楼-1209,16-17周 星期一 第3节-第4节 南湖北-学海楼-1209,9周 星期日 第1节-第2节 南湖北-学海楼-1209,1-16周 星期三 第1节-第2节 南湖北-学海楼-1209,17周 星期二 第3节-第4节 南湖北-学海楼-1209,11-16周 星期五 第1节-第2节 南湖北-学海楼-1209,1-9周 星期四 第3节-第4节 南湖北-学海楼-1209,11-17周 星期四 第3节-第4节 南湖北-学海楼-1209,7-9周 星期五 第1节-第2节 南湖北-学海楼-1209,1-10周 星期一 第3节-第4节 南湖北-学海楼-1209","XF":8,"SKXQ":1,"XNXQDM":"2024-2025-2","KCM":"基础法语精读2","JASDM":"0201051209","JXLDM":"020105","JXBID":"20242-04818","SKBJ":"法语2302","TYXMDM":null,"KCH":"10204117072"},{"KKDWDM":"020","XS":32,"BYBZ":"0","JSJC":7,"XXXQDM":"02","KXH":"02","KSJC":6,"XKZRS":18,"SKZC":"111111111100000000000000000000","SKJS":"彭佳","ISTK":0,"ZCMC":"1-10周","YPSJDD":"12-14周 星期一 第6节-第7节 南湖北-学海楼-1209,16-17周 星期一 第6节-第7节 南湖北-学海楼-1209,17周 星期二 第6节-第7节 南湖北-学海楼-1209,1-10周 星期一 第6节-第7节 南湖北-学海楼-1209","XF":2,"SKXQ":1,"XNXQDM":"2024-2025-2","KCM":"法语基础写作","JASDM":"0201051209","JXLDM":"020105","JXBID":"20242-10671","SKBJ":"法语2301","TYXMDM":null,"KCH":"10204117045"},{"KKDWDM":"020","XS":128,"BYBZ":"0","JSJC":2,"XXXQDM":"02","KXH":"02","KSJC":1,"XKZRS":18,"SKZC":"111111111000000000000000000000","SKJS":"白琰媛","ISTK":0,"ZCMC":"1-9周","YPSJDD":"17周 星期三 第3节-第4节 南湖北-学海楼-1209,12-14周 星期一 第1节-第2节 南湖北-学海楼-1209,1-10周 星期一 第1节-第2节 南湖北-学海楼-1209,1-16周 星期三 第3节-第4节 南湖北-学海楼-1209,1-5周 星期五 第3节-第4节 南湖北-学海楼-1209,1-9周 星期四 第1节-第2节 南湖北-学海楼-1209,11-16周 星期五 第3节-第4节 南湖北-学海楼-1209,7-9周 星期五 第3节-第4节 南湖北-学海楼-1209,16-17周 星期一 第1节-第2节 南湖北-学海楼-1209,9周 星期日 第3节-第4节 南湖北-学海楼-1209,17周 星期二 第1节-第2节 南湖北-学海楼-1209,11-17周 星期四 第1节-第2节 南湖北-学海楼-1209","XF":8,"SKXQ":4,"XNXQDM":"2024-2025-2","KCM":"基础法语精读2","JASDM":"0201051209","JXLDM":"020105","JXBID":"20242-10644","SKBJ":"法语2301","TYXMDM":null,"KCH":"10204117072"},{"KKDWDM":"020","XS":128,"BYBZ":"0","JSJC":4,"XXXQDM":"02","KXH":"01","KSJC":3,"XKZRS":18,"SKZC":"111111111000000000000000000000","SKJS":"彭佳","ISTK":0,"ZCMC":"1-9周","YPSJDD":"1-5周 星期五 第1节-第2节 南湖北-学海楼-1209,12-14周 星期一 第3节-第4节 南湖北-学海楼-1209,17周 星期三 第1节-第2节 南湖北-学海楼-1209,16-17周 星期一 第3节-第4节 南湖北-学海楼-1209,9周 星期日 第1节-第2节 南湖北-学海楼-1209,1-16周 星期三 第1节-第2节 南湖北-学海楼-1209,17周 星期二 第3节-第4节 南湖北-学海楼-1209,11-16周 星期五 第1节-第2节 南湖北-学海楼-1209,1-9周 星期四 第3节-第4节 南湖北-学海楼-1209,11-17周 星期四 第3节-第4节 南湖北-学海楼-1209,7-9周 星期五 第1节-第2节 南湖北-学海楼-1209,1-10周 星期一 第3节-第4节 南湖北-学海楼-1209","XF":8,"SKXQ":4,"XNXQDM":"2024-2025-2","KCM":"基础法语精读2","JASDM":"0201051209","JXLDM":"020105","JXBID":"20242-04818","SKBJ":"法语2302","TYXMDM":null,"KCH":"10204117072"},{"KKDWDM":"020","XS":128,"BYBZ":"0","JSJC":4,"XXXQDM":"02","KXH":"02","KSJC":3,"XKZRS":18,"SKZC":"111110000000000000000000000000","SKJS":"白琰媛","ISTK":0,"ZCMC":"1-5周","YPSJDD":"17周 星期三 第3节-第4节 南湖北-学海楼-1209,12-14周 星期一 第1节-第2节 南湖北-学海楼-1209,1-10周 星期一 第1节-第2节 南湖北-学海楼-1209,1-16周 星期三 第3节-第4节 南湖北-学海楼-1209,1-5周 星期五 第3节-第4节 南湖北-学海楼-1209,1-9周 星期四 第1节-第2节 南湖北-学海楼-1209,11-16周 星期五 第3节-第4节 南湖北-学海楼-1209,7-9周 星期五 第3节-第4节 南湖北-学海楼-1209,16-17周 星期一 第1节-第2节 南湖北-学海楼-1209,9周 星期日 第3节-第4节 南湖北-学海楼-1209,17周 星期二 第1节-第2节 南湖北-学海楼-1209,11-17周 星期四 第1节-第2节 南湖北-学海楼-1209","XF":8,"SKXQ":5,"XNXQDM":"2024-2025-2","KCM":"基础法语精读2","JASDM":"0201051209","JXLDM":"020105","JXBID":"20242-10644","SKBJ":"法语2301","TYXMDM":null,"KCH":"10204117072"},{"KKDWDM":"020","XS":128,"BYBZ":"0","JSJC":2,"XXXQDM":"02","KXH":"01","KSJC":1,"XKZRS":18,"SKZC":"111110000000000000000000000000","SKJS":"彭佳","ISTK":0,"ZCMC":"1-5周","YPSJDD":"1-5周 星期五 第1节-第2节 南湖北-学海楼-1209,12-14周 星期一 第3节-第4节 南湖北-学海楼-1209,17周 星期三 第1节-第2节 南湖北-学海楼-1209,16-17周 星期一 第3节-第4节 南湖北-学海楼-1209,9周 星期日 第1节-第2节 南湖北-学海楼-1209,1-16周 星期三 第1节-第2节 南湖北-学海楼-1209,17周 星期二 第3节-第4节 南湖北-学海楼-1209,11-16周 星期五 第1节-第2节 南湖北-学海楼-1209,1-9周 星期四 第3节-第4节 南湖北-学海楼-1209,11-17周 星期四 第3节-第4节 南湖北-学海楼-1209,7-9周 星期五 第1节-第2节 南湖北-学海楼-1209,1-10周 星期一 第3节-第4节 南湖北-学海楼-1209","XF":8,"SKXQ":5,"XNXQDM":"2024-2025-2","KCM":"基础法语精读2","JASDM":"0201051209","JXLDM":"020105","JXBID":"20242-04818","SKBJ":"法语2302","TYXMDM":null,"KCH":"10204117072"},{"KKDWDM":"020","XS":128,"BYBZ":"0","JSJC":4,"XXXQDM":"02","KXH":"02","KSJC":3,"XKZRS":18,"SKZC":"000000111000000000000000000000","SKJS":"白琰媛","ISTK":0,"ZCMC":"7-9周","YPSJDD":"17周 星期三 第3节-第4节 南湖北-学海楼-1209,12-14周 星期一 第1节-第2节 南湖北-学海楼-1209,1-10周 星期一 第1节-第2节 南湖北-学海楼-1209,1-16周 星期三 第3节-第4节 南湖北-学海楼-1209,1-5周 星期五 第3节-第4节 南湖北-学海楼-1209,1-9周 星期四 第1节-第2节 南湖北-学海楼-1209,11-16周 星期五 第3节-第4节 南湖北-学海楼-1209,7-9周 星期五 第3节-第4节 南湖北-学海楼-1209,16-17周 星期一 第1节-第2节 南湖北-学海楼-1209,9周 星期日 第3节-第4节 南湖北-学海楼-1209,17周 星期二 第1节-第2节 南湖北-学海楼-1209,11-17周 星期四 第1节-第2节 南湖北-学海楼-1209","XF":8,"SKXQ":5,"XNXQDM":"2024-2025-2","KCM":"基础法语精读2","JASDM":"0201051209","JXLDM":"020105","JXBID":"20242-10644","SKBJ":"法语2301","TYXMDM":null,"KCH":"10204117072"},{"KKDWDM":"020","XS":128,"BYBZ":"0","JSJC":2,"XXXQDM":"02","KXH":"01","KSJC":1,"XKZRS":18,"SKZC":"000000111000000000000000000000","SKJS":"彭佳","ISTK":0,"ZCMC":"7-9周","YPSJDD":"1-5周 星期五 第1节-第2节 南湖北-学海楼-1209,12-14周 星期一 第3节-第4节 南湖北-学海楼-1209,17周 星期三 第1节-第2节 南湖北-学海楼-1209,16-17周 星期一 第3节-第4节 南湖北-学海楼-1209,9周 星期日 第1节-第2节 南湖北-学海楼-1209,1-16周 星期三 第1节-第2节 南湖北-学海楼-1209,17周 星期二 第3节-第4节 南湖北-学海楼-1209,11-16周 星期五 第1节-第2节 南湖北-学海楼-1209,1-9周 星期四 第3节-第4节 南湖北-学海楼-1209,11-17周 星期四 第3节-第4节 南湖北-学海楼-1209,7-9周 星期五 第1节-第2节 南湖北-学海楼-1209,1-10周 星期一 第3节-第4节 南湖北-学海楼-1209","XF":8,"SKXQ":5,"XNXQDM":"2024-2025-2","KCM":"基础法语精读2","JASDM":"0201051209","JXLDM":"020105","JXBID":"20242-04818","SKBJ":"法语2302","TYXMDM":null,"KCH":"10204117072"},{"KKDWDM":"020","XS":128,"BYBZ":"0","JSJC":2,"XXXQDM":"02","KXH":"01","KSJC":1,"XKZRS":18,"SKZC":"000000001000000000000000000000","SKJS":"彭佳","ISTK":0,"ZCMC":"9周","YPSJDD":"1-5周 星期五 第1节-第2节 南湖北-学海楼-1209,12-14周 星期一 第3节-第4节 南湖北-学海楼-1209,17周 星期三 第1节-第2节 南湖北-学海楼-1209,16-17周 星期一 第3节-第4节 南湖北-学海楼-1209,9周 星期日 第1节-第2节 南湖北-学海楼-1209,1-16周 星期三 第1节-第2节 南湖北-学海楼-1209,17周 星期二 第3节-第4节 南湖北-学海楼-1209,11-16周 星期五 第1节-第2节 南湖北-学海楼-1209,1-9周 星期四 第3节-第4节 南湖北-学海楼-1209,11-17周 星期四 第3节-第4节 南湖北-学海楼-1209,7-9周 星期五 第1节-第2节 南湖北-学海楼-1209,1-10周 星期一 第3节-第4节 南湖北-学海楼-1209","XF":8,"SKXQ":7,"XNXQDM":"2024-2025-2","KCM":"基础法语精读2","JASDM":"0201051209","JXLDM":"020105","JXBID":"20242-04818","SKBJ":"法语2302","TYXMDM":null,"KCH":"10204117072"},{"KKDWDM":"020","XS":128,"BYBZ":"0","JSJC":4,"XXXQDM":"02","KXH":"02","KSJC":3,"XKZRS":18,"SKZC":"000000001000000000000000000000","SKJS":"白琰媛","ISTK":0,"ZCMC":"9周","YPSJDD":"17周 星期三 第3节-第4节 南湖北-学海楼-1209,12-14周 星期一 第1节-第2节 南湖北-学海楼-1209,1-10周 星期一 第1节-第2节 南湖北-学海楼-1209,1-16周 星期三 第3节-第4节 南湖北-学海楼-1209,1-5周 星期五 第3节-第4节 南湖北-学海楼-1209,1-9周 星期四 第1节-第2节 南湖北-学海楼-1209,11-16周 星期五 第3节-第4节 南湖北-学海楼-1209,7-9周 星期五 第3节-第4节 南湖北-学海楼-1209,16-17周 星期一 第1节-第2节 南湖北-学海楼-1209,9周 星期日 第3节-第4节 南湖北-学海楼-1209,17周 星期二 第1节-第2节 南湖北-学海楼-1209,11-17周 星期四 第1节-第2节 南湖北-学海楼-1209","XF":8,"SKXQ":7,"XNXQDM":"2024-2025-2","KCM":"基础法语精读2","JASDM":"0201051209","JXLDM":"020105","JXBID":"20242-10644","SKBJ":"法语2301","TYXMDM":null,"KCH":"10204117072"},{"KKDWDM":"020","XS":128,"BYBZ":"0","JSJC":2,"XXXQDM":"02","KXH":"02","KSJC":1,"XKZRS":18,"SKZC":"000000000011111110000000000000","SKJS":"白琰媛","ISTK":0,"ZCMC":"11-17周","YPSJDD":"17周 星期三 第3节-第4节 南湖北-学海楼-1209,12-14周 星期一 第1节-第2节 南湖北-学海楼-1209,1-10周 星期一 第1节-第2节 南湖北-学海楼-1209,1-16周 星期三 第3节-第4节 南湖北-学海楼-1209,1-5周 星期五 第3节-第4节 南湖北-学海楼-1209,1-9周 星期四 第1节-第2节 南湖北-学海楼-1209,11-16周 星期五 第3节-第4节 南湖北-学海楼-1209,7-9周 星期五 第3节-第4节 南湖北-学海楼-1209,16-17周 星期一 第1节-第2节 南湖北-学海楼-1209,9周 星期日 第3节-第4节 南湖北-学海楼-1209,17周 星期二 第1节-第2节 南湖北-学海楼-1209,11-17周 星期四 第1节-第2节 南湖北-学海楼-1209","XF":8,"SKXQ":4,"XNXQDM":"2024-2025-2","KCM":"基础法语精读2","JASDM":"0201051209","JXLDM":"020105","JXBID":"20242-10644","SKBJ":"法语2301","TYXMDM":null,"KCH":"10204117072"},{"KKDWDM":"020","XS":128,"BYBZ":"0","JSJC":4,"XXXQDM":"02","KXH":"01","KSJC":3,"XKZRS":18,"SKZC":"000000000011111110000000000000","SKJS":"彭佳","ISTK":0,"ZCMC":"11-17周","YPSJDD":"1-5周 星期五 第1节-第2节 南湖北-学海楼-1209,12-14周 星期一 第3节-第4节 南湖北-学海楼-1209,17周 星期三 第1节-第2节 南湖北-学海楼-1209,16-17周 星期一 第3节-第4节 南湖北-学海楼-1209,9周 星期日 第1节-第2节 南湖北-学海楼-1209,1-16周 星期三 第1节-第2节 南湖北-学海楼-1209,17周 星期二 第3节-第4节 南湖北-学海楼-1209,11-16周 星期五 第1节-第2节 南湖北-学海楼-1209,1-9周 星期四 第3节-第4节 南湖北-学海楼-1209,11-17周 星期四 第3节-第4节 南湖北-学海楼-1209,7-9周 星期五 第1节-第2节 南湖北-学海楼-1209,1-10周 星期一 第3节-第4节 南湖北-学海楼-1209","XF":8,"SKXQ":4,"XNXQDM":"2024-2025-2","KCM":"基础法语精读2","JASDM":"0201051209","JXLDM":"020105","JXBID":"20242-04818","SKBJ":"法语2302","TYXMDM":null,"KCH":"10204117072"},{"KKDWDM":"020","XS":128,"BYBZ":"0","JSJC":2,"XXXQDM":"02","KXH":"01","KSJC":1,"XKZRS":18,"SKZC":"000000000011111100000000000000","SKJS":"彭佳","ISTK":0,"ZCMC":"11-16周","YPSJDD":"1-5周 星期五 第1节-第2节 南湖北-学海楼-1209,12-14周 星期一 第3节-第4节 南湖北-学海楼-1209,17周 星期三 第1节-第2节 南湖北-学海楼-1209,16-17周 星期一 第3节-第4节 南湖北-学海楼-1209,9周 星期日 第1节-第2节 南湖北-学海楼-1209,1-16周 星期三 第1节-第2节 南湖北-学海楼-1209,17周 星期二 第3节-第4节 南湖北-学海楼-1209,11-16周 星期五 第1节-第2节 南湖北-学海楼-1209,1-9周 星期四 第3节-第4节 南湖北-学海楼-1209,11-17周 星期四 第3节-第4节 南湖北-学海楼-1209,7-9周 星期五 第1节-第2节 南湖北-学海楼-1209,1-10周 星期一 第3节-第4节 南湖北-学海楼-1209","XF":8,"SKXQ":5,"XNXQDM":"2024-2025-2","KCM":"基础法语精读2","JASDM":"0201051209","JXLDM":"020105","JXBID":"20242-04818","SKBJ":"法语2302","TYXMDM":null,"KCH":"10204117072"},{"KKDWDM":"020","XS":128,"BYBZ":"0","JSJC":4,"XXXQDM":"02","KXH":"02","KSJC":3,"XKZRS":18,"SKZC":"000000000011111100000000000000","SKJS":"白琰媛","ISTK":0,"ZCMC":"11-16周","YPSJDD":"17周 星期三 第3节-第4节 南湖北-学海楼-1209,12-14周 星期一 第1节-第2节 南湖北-学海楼-1209,1-10周 星期一 第1节-第2节 南湖北-学海楼-1209,1-16周 星期三 第3节-第4节 南湖北-学海楼-1209,1-5周 星期五 第3节-第4节 南湖北-学海楼-1209,1-9周 星期四 第1节-第2节 南湖北-学海楼-1209,11-16周 星期五 第3节-第4节 南湖北-学海楼-1209,7-9周 星期五 第3节-第4节 南湖北-学海楼-1209,16-17周 星期一 第1节-第2节 南湖北-学海楼-1209,9周 星期日 第3节-第4节 南湖北-学海楼-1209,17周 星期二 第1节-第2节 南湖北-学海楼-1209,11-17周 星期四 第1节-第2节 南湖北-学海楼-1209","XF":8,"SKXQ":5,"XNXQDM":"2024-2025-2","KCM":"基础法语精读2","JASDM":"0201051209","JXLDM":"020105","JXBID":"20242-10644","SKBJ":"法语2301","TYXMDM":null,"KCH":"10204117072"},{"KKDWDM":"020","XS":128,"BYBZ":"0","JSJC":2,"XXXQDM":"02","KXH":"02","KSJC":1,"XKZRS":18,"SKZC":"000000000001110000000000000000","SKJS":"白琰媛","ISTK":0,"ZCMC":"12-14周","YPSJDD":"17周 星期三 第3节-第4节 南湖北-学海楼-1209,12-14周 星期一 第1节-第2节 南湖北-学海楼-1209,1-10周 星期一 第1节-第2节 南湖北-学海楼-1209,1-16周 星期三 第3节-第4节 南湖北-学海楼-1209,1-5周 星期五 第3节-第4节 南湖北-学海楼-1209,1-9周 星期四 第1节-第2节 南湖北-学海楼-1209,11-16周 星期五 第3节-第4节 南湖北-学海楼-1209,7-9周 星期五 第3节-第4节 南湖北-学海楼-1209,16-17周 星期一 第1节-第2节 南湖北-学海楼-1209,9周 星期日 第3节-第4节 南湖北-学海楼-1209,17周 星期二 第1节-第2节 南湖北-学海楼-1209,11-17周 星期四 第1节-第2节 南湖北-学海楼-1209","XF":8,"SKXQ":1,"XNXQDM":"2024-2025-2","KCM":"基础法语精读2","JASDM":"0201051209","JXLDM":"020105","JXBID":"20242-10644","SKBJ":"法语2301","TYXMDM":null,"KCH":"10204117072"},{"KKDWDM":"020","XS":128,"BYBZ":"0","JSJC":4,"XXXQDM":"02","KXH":"01","KSJC":3,"XKZRS":18,"SKZC":"000000000001110000000000000000","SKJS":"彭佳","ISTK":0,"ZCMC":"12-14周","YPSJDD":"1-5周 星期五 第1节-第2节 南湖北-学海楼-1209,12-14周 星期一 第3节-第4节 南湖北-学海楼-1209,17周 星期三 第1节-第2节 南湖北-学海楼-1209,16-17周 星期一 第3节-第4节 南湖北-学海楼-1209,9周 星期日 第1节-第2节 南湖北-学海楼-1209,1-16周 星期三 第1节-第2节 南湖北-学海楼-1209,17周 星期二 第3节-第4节 南湖北-学海楼-1209,11-16周 星期五 第1节-第2节 南湖北-学海楼-1209,1-9周 星期四 第3节-第4节 南湖北-学海楼-1209,11-17周 星期四 第3节-第4节 南湖北-学海楼-1209,7-9周 星期五 第1节-第2节 南湖北-学海楼-1209,1-10周 星期一 第3节-第4节 南湖北-学海楼-1209","XF":8,"SKXQ":1,"XNXQDM":"2024-2025-2","KCM":"基础法语精读2","JASDM":"0201051209","JXLDM":"020105","JXBID":"20242-04818","SKBJ":"法语2302","TYXMDM":null,"KCH":"10204117072"},{"KKDWDM":"020","XS":32,"BYBZ":"0","JSJC":7,"XXXQDM":"02","KXH":"02","KSJC":6,"XKZRS":18,"SKZC":"000000000001110000000000000000","SKJS":"彭佳","ISTK":0,"ZCMC":"12-14周","YPSJDD":"12-14周 星期一 第6节-第7节 南湖北-学海楼-1209,16-17周 星期一 第6节-第7节 南湖北-学海楼-1209,17周 星期二 第6节-第7节 南湖北-学海楼-1209,1-10周 星期一 第6节-第7节 南湖北-学海楼-1209","XF":2,"SKXQ":1,"XNXQDM":"2024-2025-2","KCM":"法语基础写作","JASDM":"0201051209","JXLDM":"020105","JXBID":"20242-10671","SKBJ":"法语2301","TYXMDM":null,"KCH":"10204117045"},{"KKDWDM":"020","XS":128,"BYBZ":"0","JSJC":4,"XXXQDM":"02","KXH":"01","KSJC":3,"XKZRS":18,"SKZC":"000000000000000110000000000000","SKJS":"彭佳","ISTK":0,"ZCMC":"16-17周","YPSJDD":"1-5周 星期五 第1节-第2节 南湖北-学海楼-1209,12-14周 星期一 第3节-第4节 南湖北-学海楼-1209,17周 星期三 第1节-第2节 南湖北-学海楼-1209,16-17周 星期一 第3节-第4节 南湖北-学海楼-1209,9周 星期日 第1节-第2节 南湖北-学海楼-1209,1-16周 星期三 第1节-第2节 南湖北-学海楼-1209,17周 星期二 第3节-第4节 南湖北-学海楼-1209,11-16周 星期五 第1节-第2节 南湖北-学海楼-1209,1-9周 星期四 第3节-第4节 南湖北-学海楼-1209,11-17周 星期四 第3节-第4节 南湖北-学海楼-1209,7-9周 星期五 第1节-第2节 南湖北-学海楼-1209,1-10周 星期一 第3节-第4节 南湖北-学海楼-1209","XF":8,"SKXQ":1,"XNXQDM":"2024-2025-2","KCM":"基础法语精读2","JASDM":"0201051209","JXLDM":"020105","JXBID":"20242-04818","SKBJ":"法语2302","TYXMDM":null,"KCH":"10204117072"},{"KKDWDM":"020","XS":128,"BYBZ":"0","JSJC":2,"XXXQDM":"02","KXH":"02","KSJC":1,"XKZRS":18,"SKZC":"000000000000000110000000000000","SKJS":"白琰媛","ISTK":0,"ZCMC":"16-17周","YPSJDD":"17周 星期三 第3节-第4节 南湖北-学海楼-1209,12-14周 星期一 第1节-第2节 南湖北-学海楼-1209,1-10周 星期一 第1节-第2节 南湖北-学海楼-1209,1-16周 星期三 第3节-第4节 南湖北-学海楼-1209,1-5周 星期五 第3节-第4节 南湖北-学海楼-1209,1-9周 星期四 第1节-第2节 南湖北-学海楼-1209,11-16周 星期五 第3节-第4节 南湖北-学海楼-1209,7-9周 星期五 第3节-第4节 南湖北-学海楼-1209,16-17周 星期一 第1节-第2节 南湖北-学海楼-1209,9周 星期日 第3节-第4节 南湖北-学海楼-1209,17周 星期二 第1节-第2节 南湖北-学海楼-1209,11-17周 星期四 第1节-第2节 南湖北-学海楼-1209","XF":8,"SKXQ":1,"XNXQDM":"2024-2025-2","KCM":"基础法语精读2","JASDM":"0201051209","JXLDM":"020105","JXBID":"20242-10644","SKBJ":"法语2301","TYXMDM":null,"KCH":"10204117072"},{"KKDWDM":"020","XS":32,"BYBZ":"0","JSJC":7,"XXXQDM":"02","KXH":"02","KSJC":6,"XKZRS":18,"SKZC":"000000000000000110000000000000","SKJS":"彭佳","ISTK":0,"ZCMC":"16-17周","YPSJDD":"12-14周 星期一 第6节-第7节 南湖北-学海楼-1209,16-17周 星期一 第6节-第7节 南湖北-学海楼-1209,17周 星期二 第6节-第7节 南湖北-学海楼-1209,1-10周 星期一 第6节-第7节 南湖北-学海楼-1209","XF":2,"SKXQ":1,"XNXQDM":"2024-2025-2","KCM":"法语基础写作","JASDM":"0201051209","JXLDM":"020105","JXBID":"20242-10671","SKBJ":"法语2301","TYXMDM":null,"KCH":"10204117045"},{"KKDWDM":"020","XS":32,"BYBZ":"0","JSJC":7,"XXXQDM":"02","KXH":"02","KSJC":6,"XKZRS":18,"SKZC":"000000000000000010000000000000","SKJS":"彭佳","ISTK":0,"ZCMC":"17周","YPSJDD":"12-14周 星期一 第6节-第7节 南湖北-学海楼-1209,16-17周 星期一 第6节-第7节 南湖北-学海楼-1209,17周 星期二 第6节-第7节 南湖北-学海楼-1209,1-10周 星期一 第6节-第7节 南湖北-学海楼-1209","XF":2,"SKXQ":2,"XNXQDM":"2024-2025-2","KCM":"法语基础写作","JASDM":"0201051209","JXLDM":"020105","JXBID":"20242-10671","SKBJ":"法语2301","TYXMDM":null,"KCH":"10204117045"},{"KKDWDM":"020","XS":128,"BYBZ":"0","JSJC":2,"XXXQDM":"02","KXH":"02","KSJC":1,"XKZRS":18,"SKZC":"000000000000000010000000000000","SKJS":"白琰媛","ISTK":0,"ZCMC":"17周","YPSJDD":"17周 星期三 第3节-第4节 南湖北-学海楼-1209,12-14周 星期一 第1节-第2节 南湖北-学海楼-1209,1-10周 星期一 第1节-第2节 南湖北-学海楼-1209,1-16周 星期三 第3节-第4节 南湖北-学海楼-1209,1-5周 星期五 第3节-第4节 南湖北-学海楼-1209,1-9周 星期四 第1节-第2节 南湖北-学海楼-1209,11-16周 星期五 第3节-第4节 南湖北-学海楼-1209,7-9周 星期五 第3节-第4节 南湖北-学海楼-1209,16-17周 星期一 第1节-第2节 南湖北-学海楼-1209,9周 星期日 第3节-第4节 南湖北-学海楼-1209,17周 星期二 第1节-第2节 南湖北-学海楼-1209,11-17周 星期四 第1节-第2节 南湖北-学海楼-1209","XF":8,"SKXQ":2,"XNXQDM":"2024-2025-2","KCM":"基础法语精读2","JASDM":"0201051209","JXLDM":"020105","JXBID":"20242-10644","SKBJ":"法语2301","TYXMDM":null,"KCH":"10204117072"},{"KKDWDM":"020","XS":128,"BYBZ":"0","JSJC":4,"XXXQDM":"02","KXH":"02","KSJC":3,"XKZRS":18,"SKZC":"000000000000000010000000000000","SKJS":"白琰媛","ISTK":0,"ZCMC":"17周","YPSJDD":"17周 星期三 第3节-第4节 南湖北-学海楼-1209,12-14周 星期一 第1节-第2节 南湖北-学海楼-1209,1-10周 星期一 第1节-第2节 南湖北-学海楼-1209,1-16周 星期三 第3节-第4节 南湖北-学海楼-1209,1-5周 星期五 第3节-第4节 南湖北-学海楼-1209,1-9周 星期四 第1节-第2节 南湖北-学海楼-1209,11-16周 星期五 第3节-第4节 南湖北-学海楼-1209,7-9周 星期五 第3节-第4节 南湖北-学海楼-1209,16-17周 星期一 第1节-第2节 南湖北-学海楼-1209,9周 星期日 第3节-第4节 南湖北-学海楼-1209,17周 星期二 第1节-第2节 南湖北-学海楼-1209,11-17周 星期四 第1节-第2节 南湖北-学海楼-1209","XF":8,"SKXQ":3,"XNXQDM":"2024-2025-2","KCM":"基础法语精读2","JASDM":"0201051209","JXLDM":"020105","JXBID":"20242-10644","SKBJ":"法语2301","TYXMDM":null,"KCH":"10204117072"},{"KKDWDM":"020","XS":128,"BYBZ":"0","JSJC":2,"XXXQDM":"02","KXH":"01","KSJC":1,"XKZRS":18,"SKZC":"000000000000000010000000000000","SKJS":"彭佳","ISTK":0,"ZCMC":"17周","YPSJDD":"1-5周 星期五 第1节-第2节 南湖北-学海楼-1209,12-14周 星期一 第3节-第4节 南湖北-学海楼-1209,17周 星期三 第1节-第2节 南湖北-学海楼-1209,16-17周 星期一 第3节-第4节 南湖北-学海楼-1209,9周 星期日 第1节-第2节 南湖北-学海楼-1209,1-16周 星期三 第1节-第2节 南湖北-学海楼-1209,17周 星期二 第3节-第4节 南湖北-学海楼-1209,11-16周 星期五 第1节-第2节 南湖北-学海楼-1209,1-9周 星期四 第3节-第4节 南湖北-学海楼-1209,11-17周 星期四 第3节-第4节 南湖北-学海楼-1209,7-9周 星期五 第1节-第2节 南湖北-学海楼-1209,1-10周 星期一 第3节-第4节 南湖北-学海楼-1209","XF":8,"SKXQ":3,"XNXQDM":"2024-2025-2","KCM":"基础法语精读2","JASDM":"0201051209","JXLDM":"020105","JXBID":"20242-04818","SKBJ":"法语2302","TYXMDM":null,"KCH":"10204117072"},{"KKDWDM":"020","XS":128,"BYBZ":"0","JSJC":4,"XXXQDM":"02","KXH":"01","KSJC":3,"XKZRS":18,"SKZC":"000000000000000010000000000000","SKJS":"彭佳","ISTK":0,"ZCMC":"17周","YPSJDD":"1-5周 星期五 第1节-第2节 南湖北-学海楼-1209,12-14周 星期一 第3节-第4节 南湖北-学海楼-1209,17周 星期三 第1节-第2节 南湖北-学海楼-1209,16-17周 星期一 第3节-第4节 南湖北-学海楼-1209,9周 星期日 第1节-第2节 南湖北-学海楼-1209,1-16周 星期三 第1节-第2节 南湖北-学海楼-1209,17周 星期二 第3节-第4节 南湖北-学海楼-1209,11-16周 星期五 第1节-第2节 南湖北-学海楼-1209,1-9周 星期四 第3节-第4节 南湖北-学海楼-1209,11-17周 星期四 第3节-第4节 南湖北-学海楼-1209,7-9周 星期五 第1节-第2节 南湖北-学海楼-1209,1-10周 星期一 第3节-第4节 南湖北-学海楼-1209","XF":8,"SKXQ":2,"XNXQDM":"2024-2025-2","KCM":"基础法语精读2","JASDM":"0201051209","JXLDM":"020105","JXBID":"20242-04818","SKBJ":"法语2302","TYXMDM":null,"KCH":"10204117072"}]}},"code":"0"}