{"datas":{"jaskcb":{"extParams":{"code":1,"msg":"查询成功"},"pageSize":0,"pageNumber":0,"totalSize":-1,"rows":[{"KKDWDM":"020","XS":32,"BYBZ":"0","JSJC":4,"XXXQDM":"02","KXH":"01","KSJC":3,"XKZRS":19,"SKZC":"111111111111111100000000000000","SKJS":"夏军","ISTK":0,"ZCMC":"1-16周","YPSJDD":"1-16周 星期二 第3节-第4节 南湖北-学海楼-1207","XF":2,"SKXQ":2,"XNXQDM":"2024-2025-2","KCM":"英语人文阅读2","JASDM":"0201051207","JXLDM":"020105","JXBID":"20242-04461","SKBJ":"英语2303","TYXMDM":null,"KCH":"10204117037"},{"KKDWDM":"020","XS":32,"BYBZ":"0","JSJC":2,"XXXQDM":"02","KXH":"02","KSJC":1,"XKZRS":19,"SKZC":"111111111111111100000000000000","SKJS":"夏军","ISTK":0,"ZCMC":"1-16周","YPSJDD":"1-16周 星期二 第1节-第2节 南湖北-学海楼-1207","XF":2,"SKXQ":2,"XNXQDM":"2024-2025-2","KCM":"英语写作A2","JASDM":"0201051207","JXLDM":"020105","JXBID":"20242-04653","SKBJ":"英语2303","TYXMDM":null,"KCH":"10065111006"},{"KKDWDM":"020","XS":32,"BYBZ":"0","JSJC":2,"XXXQDM":"02","KXH":"03","KSJC":1,"XKZRS":30,"SKZC":"1111111111111111","SKJS":"张文","ISTK":0,"ZCMC":"1-16周","YPSJDD":"1-16周 星期三 第1节-第2节 南湖北-学海楼-1207","XF":2,"SKXQ":3,"XNXQDM":"2024-2025-2","KCM":"英语口语B2","JASDM":"0201051207","JXLDM":"020105","JXBID":"20242-09895","SKBJ":"英语2302","TYXMDM":null,"KCH":"10204117039"},{"KKDWDM":"020","XS":32,"BYBZ":"0","JSJC":7,"XXXQDM":"02","KXH":"01","KSJC":6,"XKZRS":19,"SKZC":"1111111111111111","SKJS":"李清萍","ISTK":0,"ZCMC":"1-16周","YPSJDD":"1-16周 星期二 第6节-第7节 南湖北-学海楼-1207","XF":2,"SKXQ":2,"XNXQDM":"2024-2025-2","KCM":"日语语言学概论","JASDM":"0201051207","JXLDM":"020105","JXBID":"20242-02445","SKBJ":"日语2201","TYXMDM":null,"KCH":"10204121049"},{"KKDWDM":"020","XS":32,"BYBZ":"0","JSJC":4,"XXXQDM":"02","KXH":"01","KSJC":3,"XKZRS":24,"SKZC":"111111111100000000000000000000","SKJS":"周雅娜,张进","ISTK":0,"ZCMC":"1-10周","YPSJDD":"1-10周 星期一 第3节-第4节 南湖北-学海楼-1207,16-17周 星期一 第3节-第4节 南湖北-学海楼-1207,17周 星期二 第3节-第4节 南湖北-学海楼-1207,12-14周 星期一 第3节-第4节 南湖北-学海楼-1207","XF":2,"SKXQ":1,"XNXQDM":"2024-2025-2","KCM":"跨文化交际（英法）","JASDM":"0201051207","JXLDM":"020105","JXBID":"20242-04607","SKBJ":"英法sy2301","TYXMDM":null,"KCH":"10206121095"},{"KKDWDM":"020","XS":32,"BYBZ":"0","JSJC":4,"XXXQDM":"02","KXH":"01","KSJC":3,"XKZRS":20,"SKZC":"111111111000000000000000000000","SKJS":"马文丽","ISTK":0,"ZCMC":"1-9周","YPSJDD":"11-17周 星期四 第3节-第4节 南湖北-学海楼-1207,1-9周 星期四 第3节-第4节 南湖北-学海楼-1207","XF":2,"SKXQ":4,"XNXQDM":"2024-2025-2","KCM":"跨文化交际B","JASDM":"0201051207","JXLDM":"020105","JXBID":"20242-04778","SKBJ":"英语2303","TYXMDM":null,"KCH":"10206117172"},{"KKDWDM":"020","XS":32,"BYBZ":"0","JSJC":2,"XXXQDM":"02","KXH":"01","KSJC":1,"XKZRS":20,"SKZC":"111111111000000000000000000000","SKJS":"郑晓曦","ISTK":0,"ZCMC":"1-9周","YPSJDD":"1-9周 星期四 第1节-第2节 南湖北-学海楼-1207,11-17周 星期四 第1节-第2节 南湖北-学海楼-1207","XF":2,"SKXQ":4,"XNXQDM":"2024-2025-2","KCM":"英语听力2","JASDM":"0201051207","JXLDM":"020105","JXBID":"20242-04686","SKBJ":"英语2303","TYXMDM":null,"KCH":"10065111004"},{"KKDWDM":"020","XS":32,"BYBZ":"0","JSJC":4,"XXXQDM":"02","KXH":"03","KSJC":3,"XKZRS":24,"SKZC":"111110111011111100000000000000","SKJS":"夏军","ISTK":0,"ZCMC":"1-5周,7-9周,11-16周","YPSJDD":"17周 星期三 第3节-第4节 南湖北-学海楼-1207,9周 星期日 第3节-第4节 南湖北-学海楼-1207,1-5周,7-9周,11-16周 星期五 第3节-第4节 南湖北-学海楼-1207","XF":2,"SKXQ":5,"XNXQDM":"2024-2025-2","KCM":"英语人文阅读2","JASDM":"0201051207","JXLDM":"020105","JXBID":"20242-09893","SKBJ":"英语2302","TYXMDM":null,"KCH":"10204117037"},{"KKDWDM":"020","XS":32,"BYBZ":"0","JSJC":2,"XXXQDM":"02","KXH":"01","KSJC":1,"XKZRS":19,"SKZC":"111110000000000000000000000000","SKJS":"朱汉雄","ISTK":0,"ZCMC":"1-5周","YPSJDD":"7-9周 星期五 第1节-第2节 南湖北-学海楼-1207,11-16周 星期五 第1节-第2节 南湖北-学海楼-1207,9周 星期日 第1节-第2节 南湖北-学海楼-1207,1-5周 星期五 第1节-第2节 南湖北-学海楼-1207,17周 星期三 第1节-第2节 南湖北-学海楼-1207","XF":2,"SKXQ":5,"XNXQDM":"2024-2025-2","KCM":"英语口语B2","JASDM":"0201051207","JXLDM":"020105","JXBID":"20242-04490","SKBJ":"英语2303","TYXMDM":null,"KCH":"10204117039"},{"KKDWDM":"020","XS":64,"BYBZ":"0","JSJC":2,"XXXQDM":"02","KXH":"01","KSJC":1,"XKZRS":24,"SKZC":"100000000000000000000000000000","SKJS":"章睿","ISTK":0,"ZCMC":"1周","YPSJDD":"17周 星期二 第1节-第2节 南湖北-学海楼-710,1周 星期一 第1节-第2节 南湖北-学海楼-1207,2-16周 星期三 第3节-第4节 南湖北-学海楼-710,2-10周,12-14周,16-17周 星期一 第1节-第2节 南湖北-学海楼-710,1周 星期三 第3节-第4节 南湖北-学海楼-1207","XF":4,"SKXQ":1,"XNXQDM":"2024-2025-2","KCM":"法语精读4","JASDM":"0201051207","JXLDM":"020105","JXBID":"20242-05489","SKBJ":"英法sy2301","TYXMDM":null,"KCH":"10204117057"},{"KKDWDM":"020","XS":64,"BYBZ":"0","JSJC":4,"XXXQDM":"02","KXH":"01","KSJC":3,"XKZRS":24,"SKZC":"100000000000000000000000000000","SKJS":"章睿","ISTK":0,"ZCMC":"1周","YPSJDD":"17周 星期二 第1节-第2节 南湖北-学海楼-710,1周 星期一 第1节-第2节 南湖北-学海楼-1207,2-16周 星期三 第3节-第4节 南湖北-学海楼-710,2-10周,12-14周,16-17周 星期一 第1节-第2节 南湖北-学海楼-710,1周 星期三 第3节-第4节 南湖北-学海楼-1207","XF":4,"SKXQ":3,"XNXQDM":"2024-2025-2","KCM":"法语精读4","JASDM":"0201051207","JXLDM":"020105","JXBID":"20242-05489","SKBJ":"英法sy2301","TYXMDM":null,"KCH":"10204117057"},{"KKDWDM":"020","XS":32,"BYBZ":"0","JSJC":2,"XXXQDM":"02","KXH":"01","KSJC":1,"XKZRS":19,"SKZC":"000000111000000000000000000000","SKJS":"朱汉雄","ISTK":0,"ZCMC":"7-9周","YPSJDD":"7-9周 星期五 第1节-第2节 南湖北-学海楼-1207,11-16周 星期五 第1节-第2节 南湖北-学海楼-1207,9周 星期日 第1节-第2节 南湖北-学海楼-1207,1-5周 星期五 第1节-第2节 南湖北-学海楼-1207,17周 星期三 第1节-第2节 南湖北-学海楼-1207","XF":2,"SKXQ":5,"XNXQDM":"2024-2025-2","KCM":"英语口语B2","JASDM":"0201051207","JXLDM":"020105","JXBID":"20242-04490","SKBJ":"英语2303","TYXMDM":null,"KCH":"10204117039"},{"KKDWDM":"020","XS":32,"BYBZ":"0","JSJC":2,"XXXQDM":"02","KXH":"01","KSJC":1,"XKZRS":19,"SKZC":"000000001000000000000000000000","SKJS":"朱汉雄","ISTK":0,"ZCMC":"9周","YPSJDD":"7-9周 星期五 第1节-第2节 南湖北-学海楼-1207,11-16周 星期五 第1节-第2节 南湖北-学海楼-1207,9周 星期日 第1节-第2节 南湖北-学海楼-1207,1-5周 星期五 第1节-第2节 南湖北-学海楼-1207,17周 星期三 第1节-第2节 南湖北-学海楼-1207","XF":2,"SKXQ":7,"XNXQDM":"2024-2025-2","KCM":"英语口语B2","JASDM":"0201051207","JXLDM":"020105","JXBID":"20242-04490","SKBJ":"英语2303","TYXMDM":null,"KCH":"10204117039"},{"KKDWDM":"020","XS":32,"BYBZ":"0","JSJC":4,"XXXQDM":"02","KXH":"03","KSJC":3,"XKZRS":24,"SKZC":"000000001000000000000000000000","SKJS":"夏军","ISTK":0,"ZCMC":"9周","YPSJDD":"17周 星期三 第3节-第4节 南湖北-学海楼-1207,9周 星期日 第3节-第4节 南湖北-学海楼-1207,1-5周,7-9周,11-16周 星期五 第3节-第4节 南湖北-学海楼-1207","XF":2,"SKXQ":7,"XNXQDM":"2024-2025-2","KCM":"英语人文阅读2","JASDM":"0201051207","JXLDM":"020105","JXBID":"20242-09893","SKBJ":"英语2302","TYXMDM":null,"KCH":"10204117037"},{"KKDWDM":"020","XS":32,"BYBZ":"0","JSJC":2,"XXXQDM":"02","KXH":"01","KSJC":1,"XKZRS":20,"SKZC":"000000000011111110000000000000","SKJS":"郑晓曦","ISTK":0,"ZCMC":"11-17周","YPSJDD":"1-9周 星期四 第1节-第2节 南湖北-学海楼-1207,11-17周 星期四 第1节-第2节 南湖北-学海楼-1207","XF":2,"SKXQ":4,"XNXQDM":"2024-2025-2","KCM":"英语听力2","JASDM":"0201051207","JXLDM":"020105","JXBID":"20242-04686","SKBJ":"英语2303","TYXMDM":null,"KCH":"10065111004"},{"KKDWDM":"020","XS":32,"BYBZ":"0","JSJC":4,"XXXQDM":"02","KXH":"01","KSJC":3,"XKZRS":20,"SKZC":"000000000011111110000000000000","SKJS":"马文丽","ISTK":0,"ZCMC":"11-17周","YPSJDD":"11-17周 星期四 第3节-第4节 南湖北-学海楼-1207,1-9周 星期四 第3节-第4节 南湖北-学海楼-1207","XF":2,"SKXQ":4,"XNXQDM":"2024-2025-2","KCM":"跨文化交际B","JASDM":"0201051207","JXLDM":"020105","JXBID":"20242-04778","SKBJ":"英语2303","TYXMDM":null,"KCH":"10206117172"},{"KKDWDM":"020","XS":32,"BYBZ":"0","JSJC":2,"XXXQDM":"02","KXH":"01","KSJC":1,"XKZRS":19,"SKZC":"000000000011111100000000000000","SKJS":"朱汉雄","ISTK":0,"ZCMC":"11-16周","YPSJDD":"7-9周 星期五 第1节-第2节 南湖北-学海楼-1207,11-16周 星期五 第1节-第2节 南湖北-学海楼-1207,9周 星期日 第1节-第2节 南湖北-学海楼-1207,1-5周 星期五 第1节-第2节 南湖北-学海楼-1207,17周 星期三 第1节-第2节 南湖北-学海楼-1207","XF":2,"SKXQ":5,"XNXQDM":"2024-2025-2","KCM":"英语口语B2","JASDM":"0201051207","JXLDM":"020105","JXBID":"20242-04490","SKBJ":"英语2303","TYXMDM":null,"KCH":"10204117039"},{"KKDWDM":"020","XS":32,"BYBZ":"0","JSJC":4,"XXXQDM":"02","KXH":"01","KSJC":3,"XKZRS":24,"SKZC":"000000000001110000000000000000","SKJS":"周雅娜,张进","ISTK":0,"ZCMC":"12-14周","YPSJDD":"1-10周 星期一 第3节-第4节 南湖北-学海楼-1207,16-17周 星期一 第3节-第4节 南湖北-学海楼-1207,17周 星期二 第3节-第4节 南湖北-学海楼-1207,12-14周 星期一 第3节-第4节 南湖北-学海楼-1207","XF":2,"SKXQ":1,"XNXQDM":"2024-2025-2","KCM":"跨文化交际（英法）","JASDM":"0201051207","JXLDM":"020105","JXBID":"20242-04607","SKBJ":"英法sy2301","TYXMDM":null,"KCH":"10206121095"},{"KKDWDM":"020","XS":32,"BYBZ":"0","JSJC":4,"XXXQDM":"02","KXH":"01","KSJC":3,"XKZRS":24,"SKZC":"000000000000000110000000000000","SKJS":"周雅娜,张进","ISTK":0,"ZCMC":"16-17周","YPSJDD":"1-10周 星期一 第3节-第4节 南湖北-学海楼-1207,16-17周 星期一 第3节-第4节 南湖北-学海楼-1207,17周 星期二 第3节-第4节 南湖北-学海楼-1207,12-14周 星期一 第3节-第4节 南湖北-学海楼-1207","XF":2,"SKXQ":1,"XNXQDM":"2024-2025-2","KCM":"跨文化交际（英法）","JASDM":"0201051207","JXLDM":"020105","JXBID":"20242-04607","SKBJ":"英法sy2301","TYXMDM":null,"KCH":"10206121095"},{"KKDWDM":"020","XS":32,"BYBZ":"0","JSJC":4,"XXXQDM":"02","KXH":"03","KSJC":3,"XKZRS":24,"SKZC":"000000000000000010000000000000","SKJS":"夏军","ISTK":0,"ZCMC":"17周","YPSJDD":"17周 星期三 第3节-第4节 南湖北-学海楼-1207,9周 星期日 第3节-第4节 南湖北-学海楼-1207,1-5周,7-9周,11-16周 星期五 第3节-第4节 南湖北-学海楼-1207","XF":2,"SKXQ":3,"XNXQDM":"2024-2025-2","KCM":"英语人文阅读2","JASDM":"0201051207","JXLDM":"020105","JXBID":"20242-09893","SKBJ":"英语2302","TYXMDM":null,"KCH":"10204117037"},{"KKDWDM":"020","XS":32,"BYBZ":"0","JSJC":4,"XXXQDM":"02","KXH":"01","KSJC":3,"XKZRS":24,"SKZC":"000000000000000010000000000000","SKJS":"周雅娜,张进","ISTK":0,"ZCMC":"17周","YPSJDD":"1-10周 星期一 第3节-第4节 南湖北-学海楼-1207,16-17周 星期一 第3节-第4节 南湖北-学海楼-1207,17周 星期二 第3节-第4节 南湖北-学海楼-1207,12-14周 星期一 第3节-第4节 南湖北-学海楼-1207","XF":2,"SKXQ":2,"XNXQDM":"2024-2025-2","KCM":"跨文化交际（英法）","JASDM":"0201051207","JXLDM":"020105","JXBID":"20242-04607","SKBJ":"英法sy2301","TYXMDM":null,"KCH":"10206121095"},{"KKDWDM":"020","XS":32,"BYBZ":"0","JSJC":2,"XXXQDM":"02","KXH":"01","KSJC":1,"XKZRS":19,"SKZC":"000000000000000010000000000000","SKJS":"朱汉雄","ISTK":0,"ZCMC":"17周","YPSJDD":"7-9周 星期五 第1节-第2节 南湖北-学海楼-1207,11-16周 星期五 第1节-第2节 南湖北-学海楼-1207,9周 星期日 第1节-第2节 南湖北-学海楼-1207,1-5周 星期五 第1节-第2节 南湖北-学海楼-1207,17周 星期三 第1节-第2节 南湖北-学海楼-1207","XF":2,"SKXQ":3,"XNXQDM":"2024-2025-2","KCM":"英语口语B2","JASDM":"0201051207","JXLDM":"020105","JXBID":"20242-04490","SKBJ":"英语2303","TYXMDM":null,"KCH":"10204117039"}]}},"code":"0"}