{"datas":{"jaskcb":{"extParams":{"code":1,"msg":"查询成功"},"pageSize":0,"pageNumber":0,"totalSize":-1,"rows":[{"KKDWDM":null,"XS":null,"BYBZ":"3","JSJC":4,"XXXQDM":null,"KXH":null,"KSJC":3,"XKZRS":null,"SKZC":"111111111000000000000000000000","SKJS":"高莹","ISTK":0,"ZCMC":"1-9周","YPSJDD":null,"XF":null,"SKXQ":1,"XNXQDM":"2024-2025-2","KCM":"人力资源管理实务","JASDM":"0201020202","JXLDM":null,"JXBID":null,"SKBJ":"HRM2202","TYXMDM":null,"KCH":"20244124061"},{"KKDWDM":null,"XS":null,"BYBZ":"3","JSJC":2,"XXXQDM":null,"KXH":null,"KSJC":1,"XKZRS":null,"SKZC":"111111111000000000000000000000","SKJS":"高莹","ISTK":0,"ZCMC":"1-9周","YPSJDD":null,"XF":null,"SKXQ":5,"XNXQDM":"2024-2025-2","KCM":"人力资源管理实务","JASDM":"0201020202","JXLDM":null,"JXBID":null,"SKBJ":"HRM2202","TYXMDM":null,"KCH":"20244124061"},{"KKDWDM":null,"XS":null,"BYBZ":"3","JSJC":7,"XXXQDM":null,"KXH":null,"KSJC":6,"XKZRS":null,"SKZC":"111111111000000000000000000000","SKJS":"李昊佳","ISTK":0,"ZCMC":"1-9周","YPSJDD":null,"XF":null,"SKXQ":1,"XNXQDM":"2024-2025-2","KCM":"持续职业发展","JASDM":"0201020202","JXLDM":null,"JXBID":null,"SKBJ":"HRM2201","TYXMDM":null,"KCH":"20244124065"},{"KKDWDM":null,"XS":null,"BYBZ":"3","JSJC":10,"XXXQDM":null,"KXH":null,"KSJC":9,"XKZRS":null,"SKZC":"111111111000000000000000000000","SKJS":"李昊佳","ISTK":0,"ZCMC":"1-9周","YPSJDD":null,"XF":null,"SKXQ":2,"XNXQDM":"2024-2025-2","KCM":"持续职业发展","JASDM":"0201020202","JXLDM":null,"JXBID":null,"SKBJ":"HRM2201","TYXMDM":null,"KCH":"20244124065"},{"KKDWDM":null,"XS":null,"BYBZ":"3","JSJC":4,"XXXQDM":null,"KXH":null,"KSJC":3,"XKZRS":null,"SKZC":"111111111000000000000000000000","SKJS":"李昊佳","ISTK":0,"ZCMC":"1-9周","YPSJDD":null,"XF":null,"SKXQ":5,"XNXQDM":"2024-2025-2","KCM":"持续职业发展","JASDM":"0201020202","JXLDM":null,"JXBID":null,"SKBJ":"HRM2202","TYXMDM":null,"KCH":"20244124065"},{"KKDWDM":null,"XS":null,"BYBZ":"3","JSJC":7,"XXXQDM":null,"KXH":null,"KSJC":6,"XKZRS":null,"SKZC":"111111111000000000000000000000","SKJS":"胡蝶","ISTK":0,"ZCMC":"1-9周","YPSJDD":null,"XF":null,"SKXQ":3,"XNXQDM":"2024-2025-2","KCM":"管理企业文化与战略","JASDM":"0201020202","JXLDM":null,"JXBID":null,"SKBJ":"GTB2201","TYXMDM":null,"KCH":"20244124078"},{"KKDWDM":null,"XS":null,"BYBZ":"3","JSJC":7,"XXXQDM":null,"KXH":null,"KSJC":6,"XKZRS":null,"SKZC":"111111111000000000000000000000","SKJS":"胡蝶","ISTK":0,"ZCMC":"1-9周","YPSJDD":null,"XF":null,"SKXQ":5,"XNXQDM":"2024-2025-2","KCM":"管理企业文化与战略","JASDM":"0201020202","JXLDM":null,"JXBID":null,"SKBJ":"GTB2201","TYXMDM":null,"KCH":"20244124078"},{"KKDWDM":null,"XS":null,"BYBZ":"3","JSJC":4,"XXXQDM":null,"KXH":null,"KSJC":3,"XKZRS":null,"SKZC":"111111111000000000000000000000","SKJS":"刘灿","ISTK":0,"ZCMC":"1-9周","YPSJDD":null,"XF":null,"SKXQ":4,"XNXQDM":"2024-2025-2","KCM":"出口援助资源使用","JASDM":"0201020202","JXLDM":null,"JXBID":null,"SKBJ":"GTB2201","TYXMDM":null,"KCH":"20244124105"},{"KKDWDM":null,"XS":null,"BYBZ":"3","JSJC":4,"XXXQDM":null,"KXH":null,"KSJC":3,"XKZRS":null,"SKZC":"111111111000000000000000000000","SKJS":"徐晓明","ISTK":0,"ZCMC":"1-9周","YPSJDD":null,"XF":null,"SKXQ":3,"XNXQDM":"2024-2025-2","KCM":"出口援助资源使用","JASDM":"0201020202","JXLDM":null,"JXBID":null,"SKBJ":"GTB2204","TYXMDM":null,"KCH":"20244124105"},{"KKDWDM":null,"XS":null,"BYBZ":"3","JSJC":2,"XXXQDM":null,"KXH":null,"KSJC":1,"XKZRS":null,"SKZC":"111111111000000000000000000000","SKJS":"许鹏","ISTK":0,"ZCMC":"1-9周","YPSJDD":null,"XF":null,"SKXQ":4,"XNXQDM":"2024-2025-2","KCM":"国际商业组织","JASDM":"0201020202","JXLDM":null,"JXBID":null,"SKBJ":"GTB2201","TYXMDM":null,"KCH":"20244124106"}]}},"code":"0"}