{"datas":{"jaskcb":{"extParams":{"code":1,"msg":"查询成功"},"pageSize":0,"pageNumber":0,"totalSize":-1,"rows":[{"KKDWDM":"011","XS":40,"BYBZ":"0","JSJC":10,"XXXQDM":"02","KXH":"01","KSJC":9,"XKZRS":135,"SKZC":"111111111111111100000000000000","SKJS":"刘佳宜,左洁,王克浩,钟毅","ISTK":0,"ZCMC":"1-16周","YPSJDD":"1-16周 星期二 第9节-第10节 南湖北-北教三-104","XF":2,"SKXQ":2,"XNXQDM":"2024-2025-2","KCM":"Linux系统概论","JASDM":"0201040104","JXLDM":"020104","JXBID":"20242-04432","SKBJ":"电信2301-05","TYXMDM":null,"KCH":"10115121020"},{"KKDWDM":"011","XS":32,"BYBZ":"0","JSJC":2,"XXXQDM":"02","KXH":"01","KSJC":1,"XKZRS":142,"SKZC":"111111111111000000000000000000","SKJS":"王昱","ISTK":0,"ZCMC":"1-12周","YPSJDD":"1-12周 星期三 第1节-第2节 南湖北-北教三-104","XF":2,"SKXQ":3,"XNXQDM":"2024-2025-2","KCM":"数据库与信息系统","JASDM":"0201040104","JXLDM":"020104","JXBID":"20242-04581","SKBJ":"信息2301-03","TYXMDM":null,"KCH":"10115111018"},{"KKDWDM":"003","XS":32,"BYBZ":"0","JSJC":5,"XXXQDM":"02","KXH":"01","KSJC":3,"XKZRS":73,"SKZC":"111111111100000000000000","SKJS":"田晓聪,陈伟","ISTK":0,"ZCMC":"1-10周","YPSJDD":"12周 星期一 第3节-第4节 南湖北-北教三-104,1-10周 星期一 第3节-第5节 南湖北-北教三-104","XF":2,"SKXQ":1,"XNXQDM":"2024-2025-2","KCM":"材料合成与加工","JASDM":"0201040104","JXLDM":"020104","JXBID":"20242-03238","SKBJ":"材科2201-02","TYXMDM":null,"KCH":"10105111045"},{"KKDWDM":"021","XS":36,"BYBZ":"0","JSJC":5,"XXXQDM":"02","KXH":"114","KSJC":3,"XKZRS":109,"SKZC":"111110000000000000000000000000","SKJS":"张芳娟","ISTK":0,"ZCMC":"1-5周","YPSJDD":"7-9周 星期五 第3节-第5节 南湖北-北教三-104,9周 星期日 第3节-第5节 南湖北-北教三-104,11-13周 星期五 第3节-第5节 南湖北-北教三-104,1-5周 星期五 第3节-第5节 南湖北-北教三-104","XF":2,"SKXQ":5,"XNXQDM":"2024-2025-2","KCM":"习近平新时代中国特色社会主义思想概论","JASDM":"0201040104","JXLDM":"020104","JXBID":"20242-05072","SKBJ":"材科sy2301-03","TYXMDM":null,"KCH":"10211121033"},{"KKDWDM":"011","XS":32,"BYBZ":"0","JSJC":5,"XXXQDM":"02","KXH":"04","KSJC":3,"XKZRS":45,"SKZC":"011111110000000000000000000000","SKJS":"于泉","ISTK":0,"ZCMC":"2-8周","YPSJDD":"1周 星期三 第3节-第5节 南湖北-学海楼-609,2-8周 星期三 第3节-第5节 南湖北-北教三-104","XF":2,"SKXQ":3,"XNXQDM":"2024-2025-2","KCM":"云计算与云服务","JASDM":"0201040104","JXLDM":"020104","JXBID":"20242-13679","SKBJ":"电信2205","TYXMDM":null,"KCH":"10115121038"},{"KKDWDM":"071","XS":72,"BYBZ":"0","JSJC":4,"XXXQDM":"02","KXH":"01","KSJC":1,"XKZRS":130,"SKZC":"0111101100111000000000000","SKJS":"陈彧","ISTK":0,"ZCMC":"2-5周,7-8周,11-13周","YPSJDD":"2-5周,7-8周,11-13周 星期六 第1节-第4节 南湖北-北教三-104,2-5周,7-8周,11-13周 星期日 第1节-第4节 南湖北-北教三-104","XF":4,"SKXQ":6,"XNXQDM":"2024-2025-2","KCM":"高等数学A上","JASDM":"0201040104","JXLDM":"020104","JXBID":"20242-14307","SKBJ":null,"TYXMDM":null,"KCH":"10153121061"},{"KKDWDM":"071","XS":72,"BYBZ":"0","JSJC":4,"XXXQDM":"02","KXH":"01","KSJC":1,"XKZRS":130,"SKZC":"0111101100111000000000000","SKJS":"陈彧","ISTK":0,"ZCMC":"2-5周,7-8周,11-13周","YPSJDD":"2-5周,7-8周,11-13周 星期六 第1节-第4节 南湖北-北教三-104,2-5周,7-8周,11-13周 星期日 第1节-第4节 南湖北-北教三-104","XF":4,"SKXQ":7,"XNXQDM":"2024-2025-2","KCM":"高等数学A上","JASDM":"0201040104","JXLDM":"020104","JXBID":"20242-14307","SKBJ":null,"TYXMDM":null,"KCH":"10153121061"},{"KKDWDM":"021","XS":36,"BYBZ":"0","JSJC":5,"XXXQDM":"02","KXH":"114","KSJC":3,"XKZRS":109,"SKZC":"000000111000000000000000000000","SKJS":"张芳娟","ISTK":0,"ZCMC":"7-9周","YPSJDD":"7-9周 星期五 第3节-第5节 南湖北-北教三-104,9周 星期日 第3节-第5节 南湖北-北教三-104,11-13周 星期五 第3节-第5节 南湖北-北教三-104,1-5周 星期五 第3节-第5节 南湖北-北教三-104","XF":2,"SKXQ":5,"XNXQDM":"2024-2025-2","KCM":"习近平新时代中国特色社会主义思想概论","JASDM":"0201040104","JXLDM":"020104","JXBID":"20242-05072","SKBJ":"材科sy2301-03","TYXMDM":null,"KCH":"10211121033"},{"KKDWDM":"021","XS":36,"BYBZ":"0","JSJC":5,"XXXQDM":"02","KXH":"114","KSJC":3,"XKZRS":109,"SKZC":"000000001000000000000000000000","SKJS":"张芳娟","ISTK":0,"ZCMC":"9周","YPSJDD":"7-9周 星期五 第3节-第5节 南湖北-北教三-104,9周 星期日 第3节-第5节 南湖北-北教三-104,11-13周 星期五 第3节-第5节 南湖北-北教三-104,1-5周 星期五 第3节-第5节 南湖北-北教三-104","XF":2,"SKXQ":7,"XNXQDM":"2024-2025-2","KCM":"习近平新时代中国特色社会主义思想概论","JASDM":"0201040104","JXLDM":"020104","JXBID":"20242-05072","SKBJ":"材科sy2301-03","TYXMDM":null,"KCH":"10211121033"},{"KKDWDM":"021","XS":36,"BYBZ":"0","JSJC":5,"XXXQDM":"02","KXH":"114","KSJC":3,"XKZRS":109,"SKZC":"000000000011100000000000000000","SKJS":"张芳娟","ISTK":0,"ZCMC":"11-13周","YPSJDD":"7-9周 星期五 第3节-第5节 南湖北-北教三-104,9周 星期日 第3节-第5节 南湖北-北教三-104,11-13周 星期五 第3节-第5节 南湖北-北教三-104,1-5周 星期五 第3节-第5节 南湖北-北教三-104","XF":2,"SKXQ":5,"XNXQDM":"2024-2025-2","KCM":"习近平新时代中国特色社会主义思想概论","JASDM":"0201040104","JXLDM":"020104","JXBID":"20242-05072","SKBJ":"材科sy2301-03","TYXMDM":null,"KCH":"10211121033"},{"KKDWDM":"003","XS":32,"BYBZ":"0","JSJC":4,"XXXQDM":"02","KXH":"01","KSJC":3,"XKZRS":73,"SKZC":"000000000001000000000000","SKJS":"田晓聪,陈伟","ISTK":0,"ZCMC":"12周","YPSJDD":"12周 星期一 第3节-第4节 南湖北-北教三-104,1-10周 星期一 第3节-第5节 南湖北-北教三-104","XF":2,"SKXQ":1,"XNXQDM":"2024-2025-2","KCM":"材料合成与加工","JASDM":"0201040104","JXLDM":"020104","JXBID":"20242-03238","SKBJ":"材科2201-02","TYXMDM":null,"KCH":"10105111045"}]}},"code":"0"}