{"datas":{"jaskcb":{"extParams":{"code":1,"msg":"查询成功"},"pageSize":0,"pageNumber":0,"totalSize":-1,"rows":[{"KKDWDM":"003","XS":40,"BYBZ":"0","JSJC":2,"XXXQDM":"02","KXH":"02","KSJC":1,"XKZRS":34,"SKZC":"111111100000000000000000","SKJS":"刘桃香","ISTK":0,"ZCMC":"1-7周","YPSJDD":"1-7周 星期三 第1节-第2节 南湖北-北教三-202,1-5周,7-8周 星期五 第3节-第4节 南湖北-北教三-202","XF":2,"SKXQ":3,"XNXQDM":"2024-2025-2","KCM":"无机非金属材料工厂设计概论","JASDM":"0201040202","JXLDM":"020104","JXBID":"20242-02131","SKBJ":"材科2205","TYXMDM":null,"KCH":"4070143110"},{"KKDWDM":"003","XS":40,"BYBZ":"0","JSJC":4,"XXXQDM":"02","KXH":"02","KSJC":3,"XKZRS":34,"SKZC":"111110110000000000000000","SKJS":"刘桃香","ISTK":0,"ZCMC":"1-5周,7-8周","YPSJDD":"1-7周 星期三 第1节-第2节 南湖北-北教三-202,1-5周,7-8周 星期五 第3节-第4节 南湖北-北教三-202","XF":2,"SKXQ":5,"XNXQDM":"2024-2025-2","KCM":"无机非金属材料工厂设计概论","JASDM":"0201040202","JXLDM":"020104","JXBID":"20242-02131","SKBJ":"材科2205","TYXMDM":null,"KCH":"4070143110"},{"KKDWDM":null,"XS":null,"BYBZ":"1","JSJC":13,"XXXQDM":null,"KXH":null,"KSJC":1,"XKZRS":null,"SKZC":"000000000010000000000000000000","SKJS":"梁卫平","ISTK":0,"ZCMC":"11周","YPSJDD":null,"XF":null,"SKXQ":1,"XNXQDM":"2024-2025-2","KCM":"MPA教学(借用)","JASDM":"0201040202","JXLDM":null,"JXBID":null,"SKBJ":null,"TYXMDM":null,"KCH":null},{"KKDWDM":null,"XS":null,"BYBZ":"1","JSJC":13,"XXXQDM":null,"KXH":null,"KSJC":1,"XKZRS":null,"SKZC":"000000000100000000000000000000","SKJS":"梁卫平","ISTK":0,"ZCMC":"10周","YPSJDD":null,"XF":null,"SKXQ":4,"XNXQDM":"2024-2025-2","KCM":"MPA教学(借用)","JASDM":"0201040202","JXLDM":null,"JXBID":null,"SKBJ":null,"TYXMDM":null,"KCH":null},{"KKDWDM":null,"XS":null,"BYBZ":"1","JSJC":13,"XXXQDM":null,"KXH":null,"KSJC":1,"XKZRS":null,"SKZC":"000000000100000000000000000000","SKJS":"梁卫平","ISTK":0,"ZCMC":"10周","YPSJDD":null,"XF":null,"SKXQ":5,"XNXQDM":"2024-2025-2","KCM":"MPA教学(借用)","JASDM":"0201040202","JXLDM":null,"JXBID":null,"SKBJ":null,"TYXMDM":null,"KCH":null},{"KKDWDM":null,"XS":null,"BYBZ":"1","JSJC":13,"XXXQDM":null,"KXH":null,"KSJC":1,"XKZRS":null,"SKZC":"001010110101100000000000000000","SKJS":"梁卫平","ISTK":0,"ZCMC":"3-5周(单),7-8周,10周,12-13周","YPSJDD":null,"XF":null,"SKXQ":6,"XNXQDM":"2024-2025-2","KCM":"MPA教学(借用)","JASDM":"0201040202","JXLDM":null,"JXBID":null,"SKBJ":null,"TYXMDM":null,"KCH":null},{"KKDWDM":null,"XS":null,"BYBZ":"1","JSJC":13,"XXXQDM":null,"KXH":null,"KSJC":1,"XKZRS":null,"SKZC":"001010110101100000000000000000","SKJS":"梁卫平","ISTK":0,"ZCMC":"3-5周(单),7-8周,10周,12-13周","YPSJDD":null,"XF":null,"SKXQ":7,"XNXQDM":"2024-2025-2","KCM":"MPA教学(借用)","JASDM":"0201040202","JXLDM":null,"JXBID":null,"SKBJ":null,"TYXMDM":null,"KCH":null}]}},"code":"0"}