{"datas":{"jaskcb":{"extParams":{"code":1,"msg":"查询成功"},"pageSize":0,"pageNumber":0,"totalSize":-1,"rows":[{"KKDWDM":null,"XS":null,"BYBZ":"3","JSJC":9,"XXXQDM":null,"KXH":null,"KSJC":6,"XKZRS":null,"SKZC":"000001111111111110000000000000","SKJS":"夏静","ISTK":0,"ZCMC":"6-17周","YPSJDD":null,"XF":null,"SKXQ":1,"XNXQDM":"2024-2025-2","KCM":"设计软件基础","JASDM":"0201020304","JXLDM":null,"JXBID":null,"SKBJ":"数媒2401","TYXMDM":null,"KCH":"20243124005"},{"KKDWDM":null,"XS":null,"BYBZ":"3","JSJC":9,"XXXQDM":null,"KXH":null,"KSJC":6,"XKZRS":null,"SKZC":"111110000000000000000000000000","SKJS":"覃孟楠","ISTK":0,"ZCMC":"1-5周","YPSJDD":null,"XF":null,"SKXQ":1,"XNXQDM":"2024-2025-2","KCM":"设计软件基础","JASDM":"0201020304","JXLDM":null,"JXBID":null,"SKBJ":"数媒2401","TYXMDM":null,"KCH":"20243124005"},{"KKDWDM":null,"XS":null,"BYBZ":"3","JSJC":9,"XXXQDM":null,"KXH":null,"KSJC":6,"XKZRS":null,"SKZC":"000001111111111110000000000000","SKJS":"夏静","ISTK":0,"ZCMC":"6-17周","YPSJDD":null,"XF":null,"SKXQ":3,"XNXQDM":"2024-2025-2","KCM":"设计软件基础","JASDM":"0201020304","JXLDM":null,"JXBID":null,"SKBJ":"数媒2403","TYXMDM":null,"KCH":"20243124005"},{"KKDWDM":null,"XS":null,"BYBZ":"3","JSJC":9,"XXXQDM":null,"KXH":null,"KSJC":6,"XKZRS":null,"SKZC":"111110000000000000000000000000","SKJS":"覃孟楠","ISTK":0,"ZCMC":"1-5周","YPSJDD":null,"XF":null,"SKXQ":3,"XNXQDM":"2024-2025-2","KCM":"设计软件基础","JASDM":"0201020304","JXLDM":null,"JXBID":null,"SKBJ":"数媒2403","TYXMDM":null,"KCH":"20243124005"},{"KKDWDM":null,"XS":null,"BYBZ":"3","JSJC":4,"XXXQDM":null,"KXH":null,"KSJC":1,"XKZRS":null,"SKZC":"000001111110000000000000000000","SKJS":"张腾","ISTK":0,"ZCMC":"6-11周","YPSJDD":null,"XF":null,"SKXQ":4,"XNXQDM":"2024-2025-2","KCM":"IP形象设计","JASDM":"0201020304","JXLDM":null,"JXBID":null,"SKBJ":"平面2302","TYXMDM":null,"KCH":"20244124010"},{"KKDWDM":null,"XS":null,"BYBZ":"3","JSJC":9,"XXXQDM":null,"KXH":null,"KSJC":6,"XKZRS":null,"SKZC":"111111111110000000000000000000","SKJS":"张腾","ISTK":0,"ZCMC":"1-11周","YPSJDD":null,"XF":null,"SKXQ":5,"XNXQDM":"2024-2025-2","KCM":"IP形象设计","JASDM":"0201020304","JXLDM":null,"JXBID":null,"SKBJ":"平面2302","TYXMDM":null,"KCH":"20244124010"},{"KKDWDM":null,"XS":null,"BYBZ":"3","JSJC":4,"XXXQDM":null,"KXH":null,"KSJC":1,"XKZRS":null,"SKZC":"000000001111111110000000000000","SKJS":"代丹蕾","ISTK":0,"ZCMC":"9-17周","YPSJDD":null,"XF":null,"SKXQ":2,"XNXQDM":"2024-2025-2","KCM":"书籍设计","JASDM":"0201020304","JXLDM":null,"JXBID":null,"SKBJ":"平面2303","TYXMDM":null,"KCH":"20244124011"},{"KKDWDM":null,"XS":null,"BYBZ":"3","JSJC":4,"XXXQDM":null,"KXH":null,"KSJC":1,"XKZRS":null,"SKZC":"000000000111111110000000000000","SKJS":"代丹蕾","ISTK":0,"ZCMC":"10-17周","YPSJDD":null,"XF":null,"SKXQ":4,"XNXQDM":"2024-2025-2","KCM":"书籍设计","JASDM":"0201020304","JXLDM":null,"JXBID":null,"SKBJ":"平面2303","TYXMDM":null,"KCH":"20244124011"},{"KKDWDM":null,"XS":null,"BYBZ":"3","JSJC":2,"XXXQDM":null,"KXH":null,"KSJC":1,"XKZRS":null,"SKZC":"111111111111111110000000000000","SKJS":"杨春","ISTK":0,"ZCMC":"1-17周","YPSJDD":null,"XF":null,"SKXQ":3,"XNXQDM":"2024-2025-2","KCM":"设计概论","JASDM":"0201020304","JXLDM":null,"JXBID":null,"SKBJ":"平面2303","TYXMDM":null,"KCH":"20244124019"},{"KKDWDM":null,"XS":null,"BYBZ":"3","JSJC":9,"XXXQDM":null,"KXH":null,"KSJC":6,"XKZRS":null,"SKZC":"000000000111111000000000000000","SKJS":"李建萍","ISTK":0,"ZCMC":"10-15周","YPSJDD":null,"XF":null,"SKXQ":2,"XNXQDM":"2024-2025-2","KCM":"项目设计","JASDM":"0201020304","JXLDM":null,"JXBID":null,"SKBJ":"平面2201","TYXMDM":null,"KCH":"20244124020"},{"KKDWDM":null,"XS":null,"BYBZ":"3","JSJC":4,"XXXQDM":null,"KXH":null,"KSJC":1,"XKZRS":null,"SKZC":"000000000111111000000000000000","SKJS":"李建萍","ISTK":0,"ZCMC":"10-15周","YPSJDD":null,"XF":null,"SKXQ":5,"XNXQDM":"2024-2025-2","KCM":"项目设计","JASDM":"0201020304","JXLDM":null,"JXBID":null,"SKBJ":"平面2201","TYXMDM":null,"KCH":"20244124020"},{"KKDWDM":null,"XS":null,"BYBZ":"3","JSJC":4,"XXXQDM":null,"KXH":null,"KSJC":1,"XKZRS":null,"SKZC":"111111110000000000000000000000","SKJS":null,"ISTK":0,"ZCMC":"1-8周","YPSJDD":null,"XF":null,"SKXQ":2,"XNXQDM":"2024-2025-2","KCM":"数字插画","JASDM":"0201020304","JXLDM":null,"JXBID":null,"SKBJ":"数媒2302","TYXMDM":null,"KCH":"20244124033"},{"KKDWDM":null,"XS":null,"BYBZ":"3","JSJC":4,"XXXQDM":null,"KXH":null,"KSJC":1,"XKZRS":null,"SKZC":"111111111000000000000000000000","SKJS":"Dhaneshwar Shah  寿天,王德群","ISTK":0,"ZCMC":"1-9周","YPSJDD":null,"XF":null,"SKXQ":2,"XNXQDM":"2024-2025-2","KCM":"数字插画","JASDM":"0201020304","JXLDM":null,"JXBID":null,"SKBJ":"数媒2302","TYXMDM":null,"KCH":"20244124033"},{"KKDWDM":null,"XS":null,"BYBZ":"3","JSJC":4,"XXXQDM":null,"KXH":null,"KSJC":1,"XKZRS":null,"SKZC":"111111110000000000000000000000","SKJS":"张禹","ISTK":0,"ZCMC":"1-8周","YPSJDD":null,"XF":null,"SKXQ":4,"XNXQDM":"2024-2025-2","KCM":"CI设计2","JASDM":"0201020304","JXLDM":null,"JXBID":null,"SKBJ":"平面2202","TYXMDM":null,"KCH":"20244124035"},{"KKDWDM":null,"XS":null,"BYBZ":"3","JSJC":4,"XXXQDM":null,"KXH":null,"KSJC":3,"XKZRS":null,"SKZC":"111111111000000000000000000000","SKJS":"刘灿","ISTK":0,"ZCMC":"1-9周","YPSJDD":null,"XF":null,"SKXQ":1,"XNXQDM":"2024-2025-2","KCM":"出口援助资源使用","JASDM":"0201020304","JXLDM":null,"JXBID":null,"SKBJ":"GTB2201","TYXMDM":null,"KCH":"20244124105"},{"KKDWDM":null,"XS":null,"BYBZ":"3","JSJC":10,"XXXQDM":null,"KXH":null,"KSJC":9,"XKZRS":null,"SKZC":"111111111000000000000000000000","SKJS":"许鹏","ISTK":0,"ZCMC":"1-9周","YPSJDD":null,"XF":null,"SKXQ":2,"XNXQDM":"2024-2025-2","KCM":"国际商业组织","JASDM":"0201020304","JXLDM":null,"JXBID":null,"SKBJ":"GTB2201","TYXMDM":null,"KCH":"20244124106"},{"KKDWDM":null,"XS":null,"BYBZ":"3","JSJC":2,"XXXQDM":null,"KXH":null,"KSJC":1,"XKZRS":null,"SKZC":"111111111000000000000000000000","SKJS":"张敏","ISTK":0,"ZCMC":"1-9周","YPSJDD":null,"XF":null,"SKXQ":1,"XNXQDM":"2024-2025-2","KCM":"国际采购与供应","JASDM":"0201020304","JXLDM":null,"JXBID":null,"SKBJ":"GTB2201","TYXMDM":null,"KCH":"20244124114"},{"KKDWDM":null,"XS":null,"BYBZ":"3","JSJC":4,"XXXQDM":null,"KXH":null,"KSJC":3,"XKZRS":null,"SKZC":"111111111000000000000000000000","SKJS":"张敏","ISTK":0,"ZCMC":"1-9周","YPSJDD":null,"XF":null,"SKXQ":3,"XNXQDM":"2024-2025-2","KCM":"国际采购与供应","JASDM":"0201020304","JXLDM":null,"JXBID":null,"SKBJ":"GTB2201","TYXMDM":null,"KCH":"20244124114"}]}},"code":"0"}