{"datas":{"jaskcb":{"extParams":{"code":1,"msg":"查询成功"},"pageSize":0,"pageNumber":0,"totalSize":-1,"rows":[{"KKDWDM":"020","XS":48,"BYBZ":"0","JSJC":5,"XXXQDM":"02","KXH":"03","KSJC":3,"XKZRS":21,"SKZC":"1111111111111111","SKJS":"张颖","ISTK":0,"ZCMC":"1-16周","YPSJDD":"1-16周 星期二 第3节-第5节 南湖北-学海楼-1204","XF":3,"SKXQ":2,"XNXQDM":"2024-2025-2","KCM":"英语语言学","JASDM":"0201051204","JXLDM":"020105","JXBID":"20242-09887","SKBJ":"英语2202","TYXMDM":null,"KCH":"10204121056"},{"KKDWDM":"020","XS":48,"BYBZ":"0","JSJC":5,"XXXQDM":"02","KXH":"02","KSJC":3,"XKZRS":20,"SKZC":"1111111111111111","SKJS":"王芳","ISTK":0,"ZCMC":"1-16周","YPSJDD":"1-16周 星期三 第3节-第5节 南湖北-学海楼-1204","XF":3,"SKXQ":3,"XNXQDM":"2024-2025-2","KCM":"高级英语读写2","JASDM":"0201051204","JXLDM":"020105","JXBID":"20242-09904","SKBJ":"英语2201","TYXMDM":null,"KCH":"10204117035"},{"KKDWDM":"020","XS":32,"BYBZ":"0","JSJC":2,"XXXQDM":"02","KXH":"01","KSJC":1,"XKZRS":12,"SKZC":"1111111111111111","SKJS":"Thomas Burckel","ISTK":0,"ZCMC":"1-16周","YPSJDD":"1-16周 星期二 第1节-第2节 南湖北-学海楼-1204","XF":2,"SKXQ":2,"XNXQDM":"2024-2025-2","KCM":"法语视听说A4","JASDM":"0201051204","JXLDM":"020105","JXBID":"20242-03595","SKBJ":"法语2202","TYXMDM":null,"KCH":"10205117017"},{"KKDWDM":"020","XS":48,"BYBZ":"0","JSJC":5,"XXXQDM":"02","KXH":"02","KSJC":3,"XKZRS":18,"SKZC":"111111111100000000000000000000","SKJS":"张颖","ISTK":0,"ZCMC":"1-10周","YPSJDD":"17周 星期二 第3节-第5节 南湖北-学海楼-1204,16-17周 星期一 第3节-第5节 南湖北-学海楼-1204,12-14周 星期一 第3节-第5节 南湖北-学海楼-1204,1-10周 星期一 第3节-第5节 南湖北-学海楼-1204","XF":3,"SKXQ":1,"XNXQDM":"2024-2025-2","KCM":"英语语言学","JASDM":"0201051204","JXLDM":"020105","JXBID":"20242-09886","SKBJ":"英语2201","TYXMDM":null,"KCH":"10204121056"},{"KKDWDM":"020","XS":32,"BYBZ":"0","JSJC":2,"XXXQDM":"02","KXH":"03","KSJC":1,"XKZRS":21,"SKZC":"111111111000000000000000000000","SKJS":"甘文平","ISTK":0,"ZCMC":"1-9周","YPSJDD":"11-17周 星期四 第1节-第2节 南湖北-学海楼-1204,1-9周 星期四 第1节-第2节 南湖北-学海楼-1204","XF":2,"SKXQ":4,"XNXQDM":"2024-2025-2","KCM":"美国文学2","JASDM":"0201051204","JXLDM":"020105","JXBID":"20242-09889","SKBJ":"英语2202","TYXMDM":null,"KCH":"10064111009"},{"KKDWDM":"020","XS":32,"BYBZ":"0","JSJC":4,"XXXQDM":"02","KXH":"01","KSJC":3,"XKZRS":24,"SKZC":"111111111000000000000000000000","SKJS":"刘黄蓉","ISTK":0,"ZCMC":"1-9周","YPSJDD":"1-9周 星期四 第3节-第4节 南湖北-学海楼-1204,11-17周 星期四 第3节-第4节 南湖北-学海楼-1204","XF":2,"SKXQ":4,"XNXQDM":"2024-2025-2","KCM":"法语词汇与语法3","JASDM":"0201051204","JXLDM":"020105","JXBID":"20242-03558","SKBJ":"法语2202","TYXMDM":null,"KCH":"10205121008"},{"KKDWDM":"020","XS":32,"BYBZ":"0","JSJC":4,"XXXQDM":"02","KXH":"01","KSJC":3,"XKZRS":22,"SKZC":"111110000000000000000000000000","SKJS":"胡敏","ISTK":0,"ZCMC":"1-5周","YPSJDD":"11-16周 星期五 第3节-第4节 南湖北-学海楼-1204,1-5周 星期五 第3节-第4节 南湖北-学海楼-1204,17周 星期三 第3节-第4节 南湖北-学海楼-1204,7-9周 星期五 第3节-第4节 南湖北-学海楼-1204,9周 星期日 第3节-第4节 南湖北-学海楼-1204","XF":2,"SKXQ":5,"XNXQDM":"2024-2025-2","KCM":"英国文学2","JASDM":"0201051204","JXLDM":"020105","JXBID":"20242-02318","SKBJ":"英语2203","TYXMDM":null,"KCH":"10065111001"},{"KKDWDM":"020","XS":32,"BYBZ":"0","JSJC":2,"XXXQDM":"02","KXH":"02","KSJC":1,"XKZRS":19,"SKZC":"111110000000000000000000000000","SKJS":"胡叶","ISTK":0,"ZCMC":"1-5周","YPSJDD":"1-5周 星期五 第1节-第2节 南湖北-学海楼-1204,17周 星期三 第1节-第2节 南湖北-学海楼-1204,7-9周 星期五 第1节-第2节 南湖北-学海楼-1204,11-16周 星期五 第1节-第2节 南湖北-学海楼-1204,9周 星期日 第1节-第2节 南湖北-学海楼-1204","XF":2,"SKXQ":5,"XNXQDM":"2024-2025-2","KCM":"翻译理论与实践2","JASDM":"0201051204","JXLDM":"020105","JXBID":"20242-09906","SKBJ":"英语2201","TYXMDM":null,"KCH":"10204121041"},{"KKDWDM":"020","XS":32,"BYBZ":"0","JSJC":2,"XXXQDM":"02","KXH":"02","KSJC":1,"XKZRS":19,"SKZC":"000000111000000000000000000000","SKJS":"胡叶","ISTK":0,"ZCMC":"7-9周","YPSJDD":"1-5周 星期五 第1节-第2节 南湖北-学海楼-1204,17周 星期三 第1节-第2节 南湖北-学海楼-1204,7-9周 星期五 第1节-第2节 南湖北-学海楼-1204,11-16周 星期五 第1节-第2节 南湖北-学海楼-1204,9周 星期日 第1节-第2节 南湖北-学海楼-1204","XF":2,"SKXQ":5,"XNXQDM":"2024-2025-2","KCM":"翻译理论与实践2","JASDM":"0201051204","JXLDM":"020105","JXBID":"20242-09906","SKBJ":"英语2201","TYXMDM":null,"KCH":"10204121041"},{"KKDWDM":"020","XS":32,"BYBZ":"0","JSJC":4,"XXXQDM":"02","KXH":"01","KSJC":3,"XKZRS":22,"SKZC":"000000111000000000000000000000","SKJS":"胡敏","ISTK":0,"ZCMC":"7-9周","YPSJDD":"11-16周 星期五 第3节-第4节 南湖北-学海楼-1204,1-5周 星期五 第3节-第4节 南湖北-学海楼-1204,17周 星期三 第3节-第4节 南湖北-学海楼-1204,7-9周 星期五 第3节-第4节 南湖北-学海楼-1204,9周 星期日 第3节-第4节 南湖北-学海楼-1204","XF":2,"SKXQ":5,"XNXQDM":"2024-2025-2","KCM":"英国文学2","JASDM":"0201051204","JXLDM":"020105","JXBID":"20242-02318","SKBJ":"英语2203","TYXMDM":null,"KCH":"10065111001"},{"KKDWDM":"020","XS":32,"BYBZ":"0","JSJC":2,"XXXQDM":"02","KXH":"02","KSJC":1,"XKZRS":19,"SKZC":"000000001000000000000000000000","SKJS":"胡叶","ISTK":0,"ZCMC":"9周","YPSJDD":"1-5周 星期五 第1节-第2节 南湖北-学海楼-1204,17周 星期三 第1节-第2节 南湖北-学海楼-1204,7-9周 星期五 第1节-第2节 南湖北-学海楼-1204,11-16周 星期五 第1节-第2节 南湖北-学海楼-1204,9周 星期日 第1节-第2节 南湖北-学海楼-1204","XF":2,"SKXQ":7,"XNXQDM":"2024-2025-2","KCM":"翻译理论与实践2","JASDM":"0201051204","JXLDM":"020105","JXBID":"20242-09906","SKBJ":"英语2201","TYXMDM":null,"KCH":"10204121041"},{"KKDWDM":"020","XS":32,"BYBZ":"0","JSJC":4,"XXXQDM":"02","KXH":"01","KSJC":3,"XKZRS":22,"SKZC":"000000001000000000000000000000","SKJS":"胡敏","ISTK":0,"ZCMC":"9周","YPSJDD":"11-16周 星期五 第3节-第4节 南湖北-学海楼-1204,1-5周 星期五 第3节-第4节 南湖北-学海楼-1204,17周 星期三 第3节-第4节 南湖北-学海楼-1204,7-9周 星期五 第3节-第4节 南湖北-学海楼-1204,9周 星期日 第3节-第4节 南湖北-学海楼-1204","XF":2,"SKXQ":7,"XNXQDM":"2024-2025-2","KCM":"英国文学2","JASDM":"0201051204","JXLDM":"020105","JXBID":"20242-02318","SKBJ":"英语2203","TYXMDM":null,"KCH":"10065111001"},{"KKDWDM":"020","XS":32,"BYBZ":"0","JSJC":2,"XXXQDM":"02","KXH":"03","KSJC":1,"XKZRS":21,"SKZC":"000000000011111110000000000000","SKJS":"甘文平","ISTK":0,"ZCMC":"11-17周","YPSJDD":"11-17周 星期四 第1节-第2节 南湖北-学海楼-1204,1-9周 星期四 第1节-第2节 南湖北-学海楼-1204","XF":2,"SKXQ":4,"XNXQDM":"2024-2025-2","KCM":"美国文学2","JASDM":"0201051204","JXLDM":"020105","JXBID":"20242-09889","SKBJ":"英语2202","TYXMDM":null,"KCH":"10064111009"},{"KKDWDM":"020","XS":32,"BYBZ":"0","JSJC":4,"XXXQDM":"02","KXH":"01","KSJC":3,"XKZRS":24,"SKZC":"000000000011111110000000000000","SKJS":"刘黄蓉","ISTK":0,"ZCMC":"11-17周","YPSJDD":"1-9周 星期四 第3节-第4节 南湖北-学海楼-1204,11-17周 星期四 第3节-第4节 南湖北-学海楼-1204","XF":2,"SKXQ":4,"XNXQDM":"2024-2025-2","KCM":"法语词汇与语法3","JASDM":"0201051204","JXLDM":"020105","JXBID":"20242-03558","SKBJ":"法语2202","TYXMDM":null,"KCH":"10205121008"},{"KKDWDM":"020","XS":32,"BYBZ":"0","JSJC":2,"XXXQDM":"02","KXH":"02","KSJC":1,"XKZRS":19,"SKZC":"000000000011111100000000000000","SKJS":"胡叶","ISTK":0,"ZCMC":"11-16周","YPSJDD":"1-5周 星期五 第1节-第2节 南湖北-学海楼-1204,17周 星期三 第1节-第2节 南湖北-学海楼-1204,7-9周 星期五 第1节-第2节 南湖北-学海楼-1204,11-16周 星期五 第1节-第2节 南湖北-学海楼-1204,9周 星期日 第1节-第2节 南湖北-学海楼-1204","XF":2,"SKXQ":5,"XNXQDM":"2024-2025-2","KCM":"翻译理论与实践2","JASDM":"0201051204","JXLDM":"020105","JXBID":"20242-09906","SKBJ":"英语2201","TYXMDM":null,"KCH":"10204121041"},{"KKDWDM":"020","XS":32,"BYBZ":"0","JSJC":4,"XXXQDM":"02","KXH":"01","KSJC":3,"XKZRS":22,"SKZC":"000000000011111100000000000000","SKJS":"胡敏","ISTK":0,"ZCMC":"11-16周","YPSJDD":"11-16周 星期五 第3节-第4节 南湖北-学海楼-1204,1-5周 星期五 第3节-第4节 南湖北-学海楼-1204,17周 星期三 第3节-第4节 南湖北-学海楼-1204,7-9周 星期五 第3节-第4节 南湖北-学海楼-1204,9周 星期日 第3节-第4节 南湖北-学海楼-1204","XF":2,"SKXQ":5,"XNXQDM":"2024-2025-2","KCM":"英国文学2","JASDM":"0201051204","JXLDM":"020105","JXBID":"20242-02318","SKBJ":"英语2203","TYXMDM":null,"KCH":"10065111001"},{"KKDWDM":"020","XS":48,"BYBZ":"0","JSJC":5,"XXXQDM":"02","KXH":"02","KSJC":3,"XKZRS":18,"SKZC":"000000000001110000000000000000","SKJS":"张颖","ISTK":0,"ZCMC":"12-14周","YPSJDD":"17周 星期二 第3节-第5节 南湖北-学海楼-1204,16-17周 星期一 第3节-第5节 南湖北-学海楼-1204,12-14周 星期一 第3节-第5节 南湖北-学海楼-1204,1-10周 星期一 第3节-第5节 南湖北-学海楼-1204","XF":3,"SKXQ":1,"XNXQDM":"2024-2025-2","KCM":"英语语言学","JASDM":"0201051204","JXLDM":"020105","JXBID":"20242-09886","SKBJ":"英语2201","TYXMDM":null,"KCH":"10204121056"},{"KKDWDM":"020","XS":48,"BYBZ":"0","JSJC":5,"XXXQDM":"02","KXH":"02","KSJC":3,"XKZRS":18,"SKZC":"000000000000000110000000000000","SKJS":"张颖","ISTK":0,"ZCMC":"16-17周","YPSJDD":"17周 星期二 第3节-第5节 南湖北-学海楼-1204,16-17周 星期一 第3节-第5节 南湖北-学海楼-1204,12-14周 星期一 第3节-第5节 南湖北-学海楼-1204,1-10周 星期一 第3节-第5节 南湖北-学海楼-1204","XF":3,"SKXQ":1,"XNXQDM":"2024-2025-2","KCM":"英语语言学","JASDM":"0201051204","JXLDM":"020105","JXBID":"20242-09886","SKBJ":"英语2201","TYXMDM":null,"KCH":"10204121056"},{"KKDWDM":"020","XS":48,"BYBZ":"0","JSJC":5,"XXXQDM":"02","KXH":"02","KSJC":3,"XKZRS":18,"SKZC":"000000000000000010000000000000","SKJS":"张颖","ISTK":0,"ZCMC":"17周","YPSJDD":"17周 星期二 第3节-第5节 南湖北-学海楼-1204,16-17周 星期一 第3节-第5节 南湖北-学海楼-1204,12-14周 星期一 第3节-第5节 南湖北-学海楼-1204,1-10周 星期一 第3节-第5节 南湖北-学海楼-1204","XF":3,"SKXQ":2,"XNXQDM":"2024-2025-2","KCM":"英语语言学","JASDM":"0201051204","JXLDM":"020105","JXBID":"20242-09886","SKBJ":"英语2201","TYXMDM":null,"KCH":"10204121056"},{"KKDWDM":"020","XS":32,"BYBZ":"0","JSJC":2,"XXXQDM":"02","KXH":"02","KSJC":1,"XKZRS":19,"SKZC":"000000000000000010000000000000","SKJS":"胡叶","ISTK":0,"ZCMC":"17周","YPSJDD":"1-5周 星期五 第1节-第2节 南湖北-学海楼-1204,17周 星期三 第1节-第2节 南湖北-学海楼-1204,7-9周 星期五 第1节-第2节 南湖北-学海楼-1204,11-16周 星期五 第1节-第2节 南湖北-学海楼-1204,9周 星期日 第1节-第2节 南湖北-学海楼-1204","XF":2,"SKXQ":3,"XNXQDM":"2024-2025-2","KCM":"翻译理论与实践2","JASDM":"0201051204","JXLDM":"020105","JXBID":"20242-09906","SKBJ":"英语2201","TYXMDM":null,"KCH":"10204121041"},{"KKDWDM":"020","XS":32,"BYBZ":"0","JSJC":4,"XXXQDM":"02","KXH":"01","KSJC":3,"XKZRS":22,"SKZC":"000000000000000010000000000000","SKJS":"胡敏","ISTK":0,"ZCMC":"17周","YPSJDD":"11-16周 星期五 第3节-第4节 南湖北-学海楼-1204,1-5周 星期五 第3节-第4节 南湖北-学海楼-1204,17周 星期三 第3节-第4节 南湖北-学海楼-1204,7-9周 星期五 第3节-第4节 南湖北-学海楼-1204,9周 星期日 第3节-第4节 南湖北-学海楼-1204","XF":2,"SKXQ":3,"XNXQDM":"2024-2025-2","KCM":"英国文学2","JASDM":"0201051204","JXLDM":"020105","JXBID":"20242-02318","SKBJ":"英语2203","TYXMDM":null,"KCH":"10065111001"}]}},"code":"0"}