{"datas":{"jaskcb":{"extParams":{"code":1,"msg":"查询成功"},"pageSize":0,"pageNumber":0,"totalSize":-1,"rows":[{"KKDWDM":"003","XS":64,"BYBZ":"0","JSJC":2,"XXXQDM":"02","KXH":"01","KSJC":1,"XKZRS":120,"SKZC":"111111111111111100000000000000","SKJS":"殷官超,顾少轩","ISTK":0,"ZCMC":"1-16周","YPSJDD":"7-9周 星期五 第1节-第2节 南湖北-北教三-201,1-5周 星期五 第1节-第2节 南湖北-北教三-201,17周 星期三 第1节-第2节 南湖北-北教三-201,1-16周 星期三 第1节-第2节 南湖北-北教三-201,11-16周 星期五 第1节-第2节 南湖北-北教三-201,9周 星期日 第1节-第2节 南湖北-北教三-201","XF":4,"SKXQ":3,"XNXQDM":"2024-2025-2","KCM":"材料科学基础B","JASDM":"0201040201","JXLDM":"020104","JXBID":"20242-04991","SKBJ":"新能源2301,材化2301,材物2301","TYXMDM":null,"KCH":"10034117075"},{"KKDWDM":"021","XS":36,"BYBZ":"0","JSJC":5,"XXXQDM":"02","KXH":"06","KSJC":3,"XKZRS":109,"SKZC":"111111111100000000000000000000","SKJS":"陈哲","ISTK":0,"ZCMC":"1-10周","YPSJDD":"12-13周 星期一 第3节-第5节 南湖北-北教三-201,1-10周 星期一 第3节-第5节 南湖北-北教三-201","XF":2,"SKXQ":1,"XNXQDM":"2024-2025-2","KCM":"习近平新时代中国特色社会主义思想概论","JASDM":"0201040201","JXLDM":"020104","JXBID":"20242-04462","SKBJ":"电子2301-02,集成电路2301","TYXMDM":null,"KCH":"10211121033"},{"KKDWDM":"003","XS":32,"BYBZ":"0","JSJC":5,"XXXQDM":"02","KXH":"02","KSJC":3,"XKZRS":111,"SKZC":"111111111100000000000000","SKJS":"张枫,黄端平","ISTK":0,"ZCMC":"1-10周","YPSJDD":"11周 星期二 第3节-第4节 南湖北-北教三-201,1-10周 星期二 第3节-第5节 南湖北-北教三-201","XF":2,"SKXQ":2,"XNXQDM":"2024-2025-2","KCM":"材料腐蚀与防护","JASDM":"0201040201","JXLDM":"020104","JXBID":"20242-03196","SKBJ":"材物2201,材科2201-02,高分子2201-02","TYXMDM":null,"KCH":"10105111043"},{"KKDWDM":"003","XS":40,"BYBZ":"0","JSJC":2,"XXXQDM":"02","KXH":"01","KSJC":1,"XKZRS":76,"SKZC":"11111111","SKJS":"冯小平","ISTK":0,"ZCMC":"1-8周","YPSJDD":"1-8周 星期二 第1节-第2节 南湖北-北教三-201,1-8周 星期四 第3节-第5节 南湖北-北教三-201","XF":2,"SKXQ":2,"XNXQDM":"2024-2025-2","KCM":"材料工艺与设备A","JASDM":"0201040201","JXLDM":"020104","JXBID":"20242-02237","SKBJ":"材科2201-02","TYXMDM":null,"KCH":"4070161110"},{"KKDWDM":"003","XS":40,"BYBZ":"0","JSJC":5,"XXXQDM":"02","KXH":"01","KSJC":3,"XKZRS":76,"SKZC":"11111111","SKJS":"冯小平","ISTK":0,"ZCMC":"1-8周","YPSJDD":"1-8周 星期二 第1节-第2节 南湖北-北教三-201,1-8周 星期四 第3节-第5节 南湖北-北教三-201","XF":2,"SKXQ":4,"XNXQDM":"2024-2025-2","KCM":"材料工艺与设备A","JASDM":"0201040201","JXLDM":"020104","JXBID":"20242-02237","SKBJ":"材科2201-02","TYXMDM":null,"KCH":"4070161110"},{"KKDWDM":"011","XS":24,"BYBZ":"0","JSJC":5,"XXXQDM":"02","KXH":"02","KSJC":3,"XKZRS":76,"SKZC":"11111111","SKJS":"徐宁","ISTK":0,"ZCMC":"1-8周","YPSJDD":"1-8周 星期三 第3节-第5节 南湖北-北教三-201","XF":1,"SKXQ":3,"XNXQDM":"2024-2025-2","KCM":"微电子器件与集成电路设计B","JASDM":"0201040201","JXLDM":"020104","JXBID":"20242-03126","SKBJ":"电子2201-02,集成电路2201","TYXMDM":null,"KCH":"10115117021"},{"KKDWDM":"022","XS":32,"BYBZ":"0","JSJC":8,"XXXQDM":"02","KXH":"01","KSJC":6,"XKZRS":21,"SKZC":"111110111011000000000000","SKJS":"胡神松,高珺","ISTK":0,"ZCMC":"1-5周,7-9周,11-12周","YPSJDD":"13周 星期六 第6节-第7节 南湖北-北教三-201,1-5周,7-9周,11-12周 星期六 第6节-第8节 南湖北-北教三-201","XF":2,"SKXQ":6,"XNXQDM":"2024-2025-2","KCM":"专利检索分析与撰写","JASDM":"0201040201","JXLDM":"020104","JXBID":"20242-03715","SKBJ":"法学fx2022","TYXMDM":null,"KCH":"10224121184"},{"KKDWDM":"022","XS":32,"BYBZ":"0","JSJC":5,"XXXQDM":"02","KXH":"01","KSJC":3,"XKZRS":140,"SKZC":"111110111011000000000000","SKJS":"夏颖","ISTK":0,"ZCMC":"1-5周,7-9周,11-12周","YPSJDD":"13周 星期六 第3节-第4节 南湖北-北教三-201,1-5周,7-9周,11-12周 星期六 第3节-第5节 南湖北-北教三-201","XF":2,"SKXQ":6,"XNXQDM":"2024-2025-2","KCM":"合同法原理与实务","JASDM":"0201040201","JXLDM":"020104","JXBID":"20242-08558","SKBJ":"公选-08558","TYXMDM":null,"KCH":"10226121370"},{"KKDWDM":"003","XS":64,"BYBZ":"0","JSJC":2,"XXXQDM":"02","KXH":"01","KSJC":1,"XKZRS":120,"SKZC":"111110000000000000000000000000","SKJS":"殷官超,顾少轩","ISTK":0,"ZCMC":"1-5周","YPSJDD":"7-9周 星期五 第1节-第2节 南湖北-北教三-201,1-5周 星期五 第1节-第2节 南湖北-北教三-201,17周 星期三 第1节-第2节 南湖北-北教三-201,1-16周 星期三 第1节-第2节 南湖北-北教三-201,11-16周 星期五 第1节-第2节 南湖北-北教三-201,9周 星期日 第1节-第2节 南湖北-北教三-201","XF":4,"SKXQ":5,"XNXQDM":"2024-2025-2","KCM":"材料科学基础B","JASDM":"0201040201","JXLDM":"020104","JXBID":"20242-04991","SKBJ":"新能源2301,材化2301,材物2301","TYXMDM":null,"KCH":"10034117075"},{"KKDWDM":"011","XS":32,"BYBZ":"0","JSJC":5,"XXXQDM":"02","KXH":"03","KSJC":3,"XKZRS":140,"SKZC":"111110000000000000000000000000","SKJS":"于泉","ISTK":0,"ZCMC":"1-5周","YPSJDD":"9周 星期日 第3节-第5节 南湖北-北教三-201,1-5周 星期五 第3节-第5节 南湖北-北教三-201,7-8周 星期五 第3节-第5节 南湖北-北教三-201","XF":2,"SKXQ":5,"XNXQDM":"2024-2025-2","KCM":"云计算与云服务","JASDM":"0201040201","JXLDM":"020104","JXBID":"20242-02577","SKBJ":"电信2201-04,电信2206","TYXMDM":null,"KCH":"10115121038"},{"KKDWDM":"022","XS":24,"BYBZ":"0","JSJC":5,"XXXQDM":"02","KXH":"01","KSJC":3,"XKZRS":140,"SKZC":"111110000000000000000000000000","SKJS":"徐江萍","ISTK":0,"ZCMC":"1-5周","YPSJDD":"1-5周 星期日 第3节-第5节 南湖北-北教三-201,11周 星期日 第3节-第5节 南湖北-北教三-201,7-8周 星期日 第3节-第5节 南湖北-北教三-201","XF":1,"SKXQ":7,"XNXQDM":"2024-2025-2","KCM":"劳动与社会保障法(RW)","JASDM":"0201040201","JXLDM":"020104","JXBID":"20242-08681","SKBJ":"公选-08681","TYXMDM":null,"KCH":"10226121396"},{"KKDWDM":"003","XS":64,"BYBZ":"0","JSJC":2,"XXXQDM":"02","KXH":"01","KSJC":1,"XKZRS":120,"SKZC":"000000111000000000000000000000","SKJS":"殷官超,顾少轩","ISTK":0,"ZCMC":"7-9周","YPSJDD":"7-9周 星期五 第1节-第2节 南湖北-北教三-201,1-5周 星期五 第1节-第2节 南湖北-北教三-201,17周 星期三 第1节-第2节 南湖北-北教三-201,1-16周 星期三 第1节-第2节 南湖北-北教三-201,11-16周 星期五 第1节-第2节 南湖北-北教三-201,9周 星期日 第1节-第2节 南湖北-北教三-201","XF":4,"SKXQ":5,"XNXQDM":"2024-2025-2","KCM":"材料科学基础B","JASDM":"0201040201","JXLDM":"020104","JXBID":"20242-04991","SKBJ":"新能源2301,材化2301,材物2301","TYXMDM":null,"KCH":"10034117075"},{"KKDWDM":"022","XS":24,"BYBZ":"0","JSJC":5,"XXXQDM":"02","KXH":"01","KSJC":3,"XKZRS":140,"SKZC":"000000110000000000000000000000","SKJS":"徐江萍","ISTK":0,"ZCMC":"7-8周","YPSJDD":"1-5周 星期日 第3节-第5节 南湖北-北教三-201,11周 星期日 第3节-第5节 南湖北-北教三-201,7-8周 星期日 第3节-第5节 南湖北-北教三-201","XF":1,"SKXQ":7,"XNXQDM":"2024-2025-2","KCM":"劳动与社会保障法(RW)","JASDM":"0201040201","JXLDM":"020104","JXBID":"20242-08681","SKBJ":"公选-08681","TYXMDM":null,"KCH":"10226121396"},{"KKDWDM":"011","XS":32,"BYBZ":"0","JSJC":5,"XXXQDM":"02","KXH":"03","KSJC":3,"XKZRS":140,"SKZC":"000000110000000000000000000000","SKJS":"于泉","ISTK":0,"ZCMC":"7-8周","YPSJDD":"9周 星期日 第3节-第5节 南湖北-北教三-201,1-5周 星期五 第3节-第5节 南湖北-北教三-201,7-8周 星期五 第3节-第5节 南湖北-北教三-201","XF":2,"SKXQ":5,"XNXQDM":"2024-2025-2","KCM":"云计算与云服务","JASDM":"0201040201","JXLDM":"020104","JXBID":"20242-02577","SKBJ":"电信2201-04,电信2206","TYXMDM":null,"KCH":"10115121038"},{"KKDWDM":"011","XS":32,"BYBZ":"0","JSJC":5,"XXXQDM":"02","KXH":"03","KSJC":3,"XKZRS":140,"SKZC":"000000001000000000000000000000","SKJS":"于泉","ISTK":0,"ZCMC":"9周","YPSJDD":"9周 星期日 第3节-第5节 南湖北-北教三-201,1-5周 星期五 第3节-第5节 南湖北-北教三-201,7-8周 星期五 第3节-第5节 南湖北-北教三-201","XF":2,"SKXQ":7,"XNXQDM":"2024-2025-2","KCM":"云计算与云服务","JASDM":"0201040201","JXLDM":"020104","JXBID":"20242-02577","SKBJ":"电信2201-04,电信2206","TYXMDM":null,"KCH":"10115121038"},{"KKDWDM":"003","XS":64,"BYBZ":"0","JSJC":2,"XXXQDM":"02","KXH":"01","KSJC":1,"XKZRS":120,"SKZC":"000000001000000000000000000000","SKJS":"殷官超,顾少轩","ISTK":0,"ZCMC":"9周","YPSJDD":"7-9周 星期五 第1节-第2节 南湖北-北教三-201,1-5周 星期五 第1节-第2节 南湖北-北教三-201,17周 星期三 第1节-第2节 南湖北-北教三-201,1-16周 星期三 第1节-第2节 南湖北-北教三-201,11-16周 星期五 第1节-第2节 南湖北-北教三-201,9周 星期日 第1节-第2节 南湖北-北教三-201","XF":4,"SKXQ":7,"XNXQDM":"2024-2025-2","KCM":"材料科学基础B","JASDM":"0201040201","JXLDM":"020104","JXBID":"20242-04991","SKBJ":"新能源2301,材化2301,材物2301","TYXMDM":null,"KCH":"10034117075"},{"KKDWDM":"011","XS":32,"BYBZ":"0","JSJC":5,"XXXQDM":"02","KXH":"01","KSJC":3,"XKZRS":112,"SKZC":"000000001000000000000000000000","SKJS":"黄龙庭","ISTK":0,"ZCMC":"9周","YPSJDD":"9周 星期五 第3节-第5节 南湖北-北教三-201,17周 星期三 第3节-第5节 南湖北-北教三-201,11-16周 星期五 第3节-第5节 南湖北-北教三-201","XF":2,"SKXQ":5,"XNXQDM":"2024-2025-2","KCM":"语音信号处理基础","JASDM":"0201040201","JXLDM":"020104","JXBID":"20242-02942","SKBJ":"电信2201-06","TYXMDM":null,"KCH":"10135111003"},{"KKDWDM":"011","XS":32,"BYBZ":"0","JSJC":5,"XXXQDM":"02","KXH":"01","KSJC":3,"XKZRS":112,"SKZC":"000000000011111100000000000000","SKJS":"黄龙庭","ISTK":0,"ZCMC":"11-16周","YPSJDD":"9周 星期五 第3节-第5节 南湖北-北教三-201,17周 星期三 第3节-第5节 南湖北-北教三-201,11-16周 星期五 第3节-第5节 南湖北-北教三-201","XF":2,"SKXQ":5,"XNXQDM":"2024-2025-2","KCM":"语音信号处理基础","JASDM":"0201040201","JXLDM":"020104","JXBID":"20242-02942","SKBJ":"电信2201-06","TYXMDM":null,"KCH":"10135111003"},{"KKDWDM":"003","XS":64,"BYBZ":"0","JSJC":2,"XXXQDM":"02","KXH":"01","KSJC":1,"XKZRS":120,"SKZC":"000000000011111100000000000000","SKJS":"殷官超,顾少轩","ISTK":0,"ZCMC":"11-16周","YPSJDD":"7-9周 星期五 第1节-第2节 南湖北-北教三-201,1-5周 星期五 第1节-第2节 南湖北-北教三-201,17周 星期三 第1节-第2节 南湖北-北教三-201,1-16周 星期三 第1节-第2节 南湖北-北教三-201,11-16周 星期五 第1节-第2节 南湖北-北教三-201,9周 星期日 第1节-第2节 南湖北-北教三-201","XF":4,"SKXQ":5,"XNXQDM":"2024-2025-2","KCM":"材料科学基础B","JASDM":"0201040201","JXLDM":"020104","JXBID":"20242-04991","SKBJ":"新能源2301,材化2301,材物2301","TYXMDM":null,"KCH":"10034117075"},{"KKDWDM":"022","XS":24,"BYBZ":"0","JSJC":5,"XXXQDM":"02","KXH":"01","KSJC":3,"XKZRS":140,"SKZC":"000000000010000000000000000000","SKJS":"徐江萍","ISTK":0,"ZCMC":"11周","YPSJDD":"1-5周 星期日 第3节-第5节 南湖北-北教三-201,11周 星期日 第3节-第5节 南湖北-北教三-201,7-8周 星期日 第3节-第5节 南湖北-北教三-201","XF":1,"SKXQ":7,"XNXQDM":"2024-2025-2","KCM":"劳动与社会保障法(RW)","JASDM":"0201040201","JXLDM":"020104","JXBID":"20242-08681","SKBJ":"公选-08681","TYXMDM":null,"KCH":"10226121396"},{"KKDWDM":"003","XS":32,"BYBZ":"0","JSJC":4,"XXXQDM":"02","KXH":"02","KSJC":3,"XKZRS":111,"SKZC":"000000000010000000000000","SKJS":"张枫,黄端平","ISTK":0,"ZCMC":"11周","YPSJDD":"11周 星期二 第3节-第4节 南湖北-北教三-201,1-10周 星期二 第3节-第5节 南湖北-北教三-201","XF":2,"SKXQ":2,"XNXQDM":"2024-2025-2","KCM":"材料腐蚀与防护","JASDM":"0201040201","JXLDM":"020104","JXBID":"20242-03196","SKBJ":"材物2201,材科2201-02,高分子2201-02","TYXMDM":null,"KCH":"10105111043"},{"KKDWDM":"022","XS":24,"BYBZ":"0","JSJC":8,"XXXQDM":"02","KXH":"01","KSJC":3,"XKZRS":117,"SKZC":"0000000000011011000000000","SKJS":"徐江萍","ISTK":0,"ZCMC":"12-13周,15-16周","YPSJDD":"12-13周,15-16周 星期日 第3节-第8节 南湖北-北教三-201","XF":1,"SKXQ":7,"XNXQDM":"2024-2025-2","KCM":"劳动与社会保障法(GX)","JASDM":"0201040201","JXLDM":"020104","JXBID":"20242-08546","SKBJ":"公选-08546","TYXMDM":null,"KCH":"10222121292"},{"KKDWDM":"021","XS":36,"BYBZ":"0","JSJC":5,"XXXQDM":"02","KXH":"06","KSJC":3,"XKZRS":109,"SKZC":"000000000001100000000000000000","SKJS":"陈哲","ISTK":0,"ZCMC":"12-13周","YPSJDD":"12-13周 星期一 第3节-第5节 南湖北-北教三-201,1-10周 星期一 第3节-第5节 南湖北-北教三-201","XF":2,"SKXQ":1,"XNXQDM":"2024-2025-2","KCM":"习近平新时代中国特色社会主义思想概论","JASDM":"0201040201","JXLDM":"020104","JXBID":"20242-04462","SKBJ":"电子2301-02,集成电路2301","TYXMDM":null,"KCH":"10211121033"},{"KKDWDM":"022","XS":32,"BYBZ":"0","JSJC":7,"XXXQDM":"02","KXH":"01","KSJC":6,"XKZRS":21,"SKZC":"000000000000100000000000","SKJS":"胡神松,高珺","ISTK":0,"ZCMC":"13周","YPSJDD":"13周 星期六 第6节-第7节 南湖北-北教三-201,1-5周,7-9周,11-12周 星期六 第6节-第8节 南湖北-北教三-201","XF":2,"SKXQ":6,"XNXQDM":"2024-2025-2","KCM":"专利检索分析与撰写","JASDM":"0201040201","JXLDM":"020104","JXBID":"20242-03715","SKBJ":"法学fx2022","TYXMDM":null,"KCH":"10224121184"},{"KKDWDM":"022","XS":32,"BYBZ":"0","JSJC":4,"XXXQDM":"02","KXH":"01","KSJC":3,"XKZRS":140,"SKZC":"000000000000100000000000","SKJS":"夏颖","ISTK":0,"ZCMC":"13周","YPSJDD":"13周 星期六 第3节-第4节 南湖北-北教三-201,1-5周,7-9周,11-12周 星期六 第3节-第5节 南湖北-北教三-201","XF":2,"SKXQ":6,"XNXQDM":"2024-2025-2","KCM":"合同法原理与实务","JASDM":"0201040201","JXLDM":"020104","JXBID":"20242-08558","SKBJ":"公选-08558","TYXMDM":null,"KCH":"10226121370"},{"KKDWDM":"003","XS":64,"BYBZ":"0","JSJC":2,"XXXQDM":"02","KXH":"01","KSJC":1,"XKZRS":120,"SKZC":"000000000000000010000000000000","SKJS":"殷官超,顾少轩","ISTK":0,"ZCMC":"17周","YPSJDD":"7-9周 星期五 第1节-第2节 南湖北-北教三-201,1-5周 星期五 第1节-第2节 南湖北-北教三-201,17周 星期三 第1节-第2节 南湖北-北教三-201,1-16周 星期三 第1节-第2节 南湖北-北教三-201,11-16周 星期五 第1节-第2节 南湖北-北教三-201,9周 星期日 第1节-第2节 南湖北-北教三-201","XF":4,"SKXQ":3,"XNXQDM":"2024-2025-2","KCM":"材料科学基础B","JASDM":"0201040201","JXLDM":"020104","JXBID":"20242-04991","SKBJ":"新能源2301,材化2301,材物2301","TYXMDM":null,"KCH":"10034117075"},{"KKDWDM":"011","XS":32,"BYBZ":"0","JSJC":5,"XXXQDM":"02","KXH":"01","KSJC":3,"XKZRS":112,"SKZC":"000000000000000010000000000000","SKJS":"黄龙庭","ISTK":0,"ZCMC":"17周","YPSJDD":"9周 星期五 第3节-第5节 南湖北-北教三-201,17周 星期三 第3节-第5节 南湖北-北教三-201,11-16周 星期五 第3节-第5节 南湖北-北教三-201","XF":2,"SKXQ":3,"XNXQDM":"2024-2025-2","KCM":"语音信号处理基础","JASDM":"0201040201","JXLDM":"020104","JXBID":"20242-02942","SKBJ":"电信2201-06","TYXMDM":null,"KCH":"10135111003"}]}},"code":"0"}