{"datas":{"jaskcb":{"extParams":{"code":1,"msg":"查询成功"},"pageSize":0,"pageNumber":0,"totalSize":-1,"rows":[{"KKDWDM":"004","XS":32,"BYBZ":"0","JSJC":5,"XXXQDM":"02","KXH":"01","KSJC":3,"XKZRS":35,"SKZC":"111111110000000000000000","SKJS":"彭健,王传彬,黄志锋","ISTK":0,"ZCMC":"1-8周","YPSJDD":"1-8周 星期一 第3节-第5节 南湖北-学海楼-608,12周 星期五 第6节-第7节 南湖北-学海楼-608,9-11周(单) 星期五 第6节-第8节 南湖北-学海楼-608","XF":2,"SKXQ":1,"XNXQDM":"2024-2025-2","KCM":"微电子器件封装","JASDM":"0201050608","JXLDM":"020105","JXBID":"20242-03027","SKBJ":"微电子本硕2201","TYXMDM":null,"KCH":"10044121031"},{"KKDWDM":"003","XS":32,"BYBZ":"0","JSJC":4,"XXXQDM":"02","KXH":"01","KSJC":3,"XKZRS":34,"SKZC":"111111100000000000000000","SKJS":"彭军波,肖勇","ISTK":0,"ZCMC":"1-7周","YPSJDD":"1-7周 星期二 第1节-第2节 南湖北-学海楼-608,1-7周 星期四 第3节-第4节 南湖北-学海楼-608","XF":2,"SKXQ":4,"XNXQDM":"2024-2025-2","KCM":"材料连接方法","JASDM":"0201050608","JXLDM":"020105","JXBID":"20242-02218","SKBJ":"成型zy2201","TYXMDM":null,"KCH":"10035121049"},{"KKDWDM":"003","XS":32,"BYBZ":"0","JSJC":2,"XXXQDM":"02","KXH":"01","KSJC":1,"XKZRS":34,"SKZC":"111111100000000000000000","SKJS":"彭军波,肖勇","ISTK":0,"ZCMC":"1-7周","YPSJDD":"1-7周 星期二 第1节-第2节 南湖北-学海楼-608,1-7周 星期四 第3节-第4节 南湖北-学海楼-608","XF":2,"SKXQ":2,"XNXQDM":"2024-2025-2","KCM":"材料连接方法","JASDM":"0201050608","JXLDM":"020105","JXBID":"20242-02218","SKBJ":"成型zy2201","TYXMDM":null,"KCH":"10035121049"},{"KKDWDM":"004","XS":32,"BYBZ":"0","JSJC":8,"XXXQDM":"02","KXH":"01","KSJC":6,"XKZRS":35,"SKZC":"000000001010000000000000","SKJS":"彭健,王传彬,黄志锋","ISTK":0,"ZCMC":"9-11周(单)","YPSJDD":"1-8周 星期一 第3节-第5节 南湖北-学海楼-608,12周 星期五 第6节-第7节 南湖北-学海楼-608,9-11周(单) 星期五 第6节-第8节 南湖北-学海楼-608","XF":2,"SKXQ":5,"XNXQDM":"2024-2025-2","KCM":"微电子器件封装","JASDM":"0201050608","JXLDM":"020105","JXBID":"20242-03027","SKBJ":"微电子本硕2201","TYXMDM":null,"KCH":"10044121031"},{"KKDWDM":"004","XS":32,"BYBZ":"0","JSJC":7,"XXXQDM":"02","KXH":"01","KSJC":6,"XKZRS":35,"SKZC":"000000000001000000000000","SKJS":"彭健,王传彬,黄志锋","ISTK":0,"ZCMC":"12周","YPSJDD":"1-8周 星期一 第3节-第5节 南湖北-学海楼-608,12周 星期五 第6节-第7节 南湖北-学海楼-608,9-11周(单) 星期五 第6节-第8节 南湖北-学海楼-608","XF":2,"SKXQ":5,"XNXQDM":"2024-2025-2","KCM":"微电子器件封装","JASDM":"0201050608","JXLDM":"020105","JXBID":"20242-03027","SKBJ":"微电子本硕2201","TYXMDM":null,"KCH":"10044121031"}]}},"code":"0"}