{"datas":{"jaskcb":{"extParams":{"code":1,"msg":"查询成功"},"pageSize":0,"pageNumber":0,"totalSize":-1,"rows":[{"KKDWDM":null,"XS":null,"BYBZ":"1","JSJC":7,"XXXQDM":null,"KXH":null,"KSJC":6,"XKZRS":null,"SKZC":"000000000111111111000000000000","SKJS":"黄蕙萍","ISTK":0,"ZCMC":"10-18周","YPSJDD":null,"XF":null,"SKXQ":4,"XNXQDM":"2024-2025-2","KCM":"国际贸易前沿","JASDM":"0201051505","JXLDM":null,"JXBID":null,"SKBJ":null,"TYXMDM":null,"KCH":"40180324007"},{"KKDWDM":null,"XS":null,"BYBZ":"1","JSJC":10,"XXXQDM":null,"KXH":null,"KSJC":9,"XKZRS":null,"SKZC":"000000000111111111000000000000","SKJS":"黄蕙萍","ISTK":0,"ZCMC":"10-18周","YPSJDD":null,"XF":null,"SKXQ":4,"XNXQDM":"2024-2025-2","KCM":"国际贸易前沿","JASDM":"0201051505","JXLDM":null,"JXBID":null,"SKBJ":null,"TYXMDM":null,"KCH":"40180324007"}]}},"code":"0"}