{"datas":{"jaskcb":{"extParams":{"code":1,"msg":"查询成功"},"pageSize":0,"pageNumber":0,"totalSize":-1,"rows":[{"KKDWDM":null,"XS":null,"BYBZ":"3","JSJC":4,"XXXQDM":null,"KXH":null,"KSJC":3,"XKZRS":null,"SKZC":"011111111111111100000000000000","SKJS":null,"ISTK":0,"ZCMC":"2-16周","YPSJDD":null,"XF":null,"SKXQ":1,"XNXQDM":"2024-2025-2","KCM":"高级口语","JASDM":"0201020207","JXLDM":null,"JXBID":null,"SKBJ":"数媒2302","TYXMDM":null,"KCH":"20241124001"},{"KKDWDM":null,"XS":null,"BYBZ":"3","JSJC":4,"XXXQDM":null,"KXH":null,"KSJC":1,"XKZRS":null,"SKZC":"001111111100000000000000000000","SKJS":"代丹蕾","ISTK":0,"ZCMC":"3-10周","YPSJDD":null,"XF":null,"SKXQ":5,"XNXQDM":"2024-2025-2","KCM":"摄影基础","JASDM":"0201020207","JXLDM":null,"JXBID":null,"SKBJ":"平面2401","TYXMDM":null,"KCH":"20243124001"},{"KKDWDM":null,"XS":null,"BYBZ":"3","JSJC":2,"XXXQDM":null,"KXH":null,"KSJC":1,"XKZRS":null,"SKZC":"111111111111111110000000000000","SKJS":"肖淋译","ISTK":0,"ZCMC":"1-17周","YPSJDD":null,"XF":null,"SKXQ":1,"XNXQDM":"2024-2025-2","KCM":"电影、形式、历史","JASDM":"0201020207","JXLDM":null,"JXBID":null,"SKBJ":"数媒2302","TYXMDM":null,"KCH":"20244124034"},{"KKDWDM":null,"XS":null,"BYBZ":"3","JSJC":7,"XXXQDM":null,"KXH":null,"KSJC":6,"XKZRS":null,"SKZC":"111111111000000000000000000000","SKJS":"高莹","ISTK":0,"ZCMC":"1-9周","YPSJDD":null,"XF":null,"SKXQ":1,"XNXQDM":"2024-2025-2","KCM":"人力资源管理实务","JASDM":"0201020207","JXLDM":null,"JXBID":null,"SKBJ":"HRM2203","TYXMDM":null,"KCH":"20244124061"},{"KKDWDM":null,"XS":null,"BYBZ":"3","JSJC":4,"XXXQDM":null,"KXH":null,"KSJC":3,"XKZRS":null,"SKZC":"111111111000000000000000000000","SKJS":"李昊佳","ISTK":0,"ZCMC":"1-9周","YPSJDD":null,"XF":null,"SKXQ":3,"XNXQDM":"2024-2025-2","KCM":"持续职业发展","JASDM":"0201020207","JXLDM":null,"JXBID":null,"SKBJ":"HRM2203","TYXMDM":null,"KCH":"20244124065"},{"KKDWDM":null,"XS":null,"BYBZ":"3","JSJC":7,"XXXQDM":null,"KXH":null,"KSJC":6,"XKZRS":null,"SKZC":"111111111000000000000000000000","SKJS":"胡蝶","ISTK":0,"ZCMC":"1-9周","YPSJDD":null,"XF":null,"SKXQ":2,"XNXQDM":"2024-2025-2","KCM":"管理企业文化与战略","JASDM":"0201020207","JXLDM":null,"JXBID":null,"SKBJ":"GTB2203","TYXMDM":null,"KCH":"20244124078"},{"KKDWDM":null,"XS":null,"BYBZ":"3","JSJC":2,"XXXQDM":null,"KXH":null,"KSJC":1,"XKZRS":null,"SKZC":"111111111000000000000000000000","SKJS":"于蓉","ISTK":0,"ZCMC":"1-9周","YPSJDD":null,"XF":null,"SKXQ":4,"XNXQDM":"2024-2025-2","KCM":"管理企业文化与战略","JASDM":"0201020207","JXLDM":null,"JXBID":null,"SKBJ":"HRM2202","TYXMDM":null,"KCH":"20244124078"},{"KKDWDM":null,"XS":null,"BYBZ":"3","JSJC":7,"XXXQDM":null,"KXH":null,"KSJC":6,"XKZRS":null,"SKZC":"111111111000000000000000000000","SKJS":"刘灿","ISTK":0,"ZCMC":"1-9周","YPSJDD":null,"XF":null,"SKXQ":3,"XNXQDM":"2024-2025-2","KCM":"出口援助资源使用","JASDM":"0201020207","JXLDM":null,"JXBID":null,"SKBJ":"GTB2202","TYXMDM":null,"KCH":"20244124105"},{"KKDWDM":null,"XS":null,"BYBZ":"3","JSJC":7,"XXXQDM":null,"KXH":null,"KSJC":6,"XKZRS":null,"SKZC":"111111111000000000000000000000","SKJS":"徐晓明","ISTK":0,"ZCMC":"1-9周","YPSJDD":null,"XF":null,"SKXQ":5,"XNXQDM":"2024-2025-2","KCM":"出口援助资源使用","JASDM":"0201020207","JXLDM":null,"JXBID":null,"SKBJ":"GTB2203","TYXMDM":null,"KCH":"20244124105"},{"KKDWDM":null,"XS":null,"BYBZ":"3","JSJC":10,"XXXQDM":null,"KXH":null,"KSJC":9,"XKZRS":null,"SKZC":"111111111000000000000000000000","SKJS":"许鹏","ISTK":0,"ZCMC":"1-9周","YPSJDD":null,"XF":null,"SKXQ":5,"XNXQDM":"2024-2025-2","KCM":"国际商业组织","JASDM":"0201020207","JXLDM":null,"JXBID":null,"SKBJ":"GTB2203","TYXMDM":null,"KCH":"20244124106"},{"KKDWDM":null,"XS":null,"BYBZ":"3","JSJC":10,"XXXQDM":null,"KXH":null,"KSJC":9,"XKZRS":null,"SKZC":"111111111000000000000000000000","SKJS":"张敏","ISTK":0,"ZCMC":"1-9周","YPSJDD":null,"XF":null,"SKXQ":3,"XNXQDM":"2024-2025-2","KCM":"国际采购与供应","JASDM":"0201020207","JXLDM":null,"JXBID":null,"SKBJ":"GTB2202","TYXMDM":null,"KCH":"20244124114"}]}},"code":"0"}