{"datas":{"jaskcb":{"extParams":{"code":1,"msg":"查询成功"},"pageSize":0,"pageNumber":0,"totalSize":-1,"rows":[{"KKDWDM":"012","XS":32,"BYBZ":"0","JSJC":9,"XXXQDM":"02","KXH":"04","KSJC":6,"XKZRS":34,"SKZC":"111111110000000000000000","SKJS":"张晓盼","ISTK":0,"ZCMC":"1-8周","YPSJDD":"1-8周 星期四 第6节-第9节 南湖北-学海楼-407","XF":1,"SKXQ":4,"XNXQDM":"2024-2025-2","KCM":"数据结构与算法综合实验","JASDM":"0201050407","JXLDM":"020105","JXBID":"20242-04579","SKBJ":"软件zy2302","TYXMDM":null,"KCH":"10124214069"},{"KKDWDM":"012","XS":32,"BYBZ":"0","JSJC":9,"XXXQDM":"02","KXH":"07","KSJC":6,"XKZRS":33,"SKZC":"111110000000000000000000000000","SKJS":"刘钢","ISTK":0,"ZCMC":"1-5周","YPSJDD":"9周 星期日 第6节-第9节 南湖北-学海楼-407,1-5周 星期五 第6节-第9节 南湖北-学海楼-407,7-8周 星期五 第6节-第9节 南湖北-学海楼-407","XF":1,"SKXQ":5,"XNXQDM":"2024-2025-2","KCM":"数据结构与算法综合实验","JASDM":"0201050407","JXLDM":"020105","JXBID":"20242-04590","SKBJ":"计算机2304","TYXMDM":null,"KCH":"10124214069"},{"KKDWDM":"012","XS":32,"BYBZ":"0","JSJC":4,"XXXQDM":"02","KXH":"11","KSJC":1,"XKZRS":11,"SKZC":"111110000000000000000000000000","SKJS":"刘钢","ISTK":0,"ZCMC":"1-5周","YPSJDD":"9周 星期日 第1节-第4节 南湖北-学海楼-407,1-5周 星期五 第1节-第4节 南湖北-学海楼-407,7-8周 星期五 第1节-第4节 南湖北-学海楼-407","XF":1,"SKXQ":5,"XNXQDM":"2024-2025-2","KCM":"数据结构与算法综合实验","JASDM":"0201050407","JXLDM":"020105","JXBID":"20242-10769","SKBJ":"计算机2303","TYXMDM":null,"KCH":"10124214069"},{"KKDWDM":"012","XS":32,"BYBZ":"0","JSJC":9,"XXXQDM":"02","KXH":"07","KSJC":6,"XKZRS":33,"SKZC":"000000110000000000000000000000","SKJS":"刘钢","ISTK":0,"ZCMC":"7-8周","YPSJDD":"9周 星期日 第6节-第9节 南湖北-学海楼-407,1-5周 星期五 第6节-第9节 南湖北-学海楼-407,7-8周 星期五 第6节-第9节 南湖北-学海楼-407","XF":1,"SKXQ":5,"XNXQDM":"2024-2025-2","KCM":"数据结构与算法综合实验","JASDM":"0201050407","JXLDM":"020105","JXBID":"20242-04590","SKBJ":"计算机2304","TYXMDM":null,"KCH":"10124214069"},{"KKDWDM":"012","XS":32,"BYBZ":"0","JSJC":4,"XXXQDM":"02","KXH":"11","KSJC":1,"XKZRS":11,"SKZC":"000000110000000000000000000000","SKJS":"刘钢","ISTK":0,"ZCMC":"7-8周","YPSJDD":"9周 星期日 第1节-第4节 南湖北-学海楼-407,1-5周 星期五 第1节-第4节 南湖北-学海楼-407,7-8周 星期五 第1节-第4节 南湖北-学海楼-407","XF":1,"SKXQ":5,"XNXQDM":"2024-2025-2","KCM":"数据结构与算法综合实验","JASDM":"0201050407","JXLDM":"020105","JXBID":"20242-10769","SKBJ":"计算机2303","TYXMDM":null,"KCH":"10124214069"},{"KKDWDM":"012","XS":32,"BYBZ":"0","JSJC":9,"XXXQDM":"02","KXH":"07","KSJC":6,"XKZRS":33,"SKZC":"000000001000000000000000000000","SKJS":"刘钢","ISTK":0,"ZCMC":"9周","YPSJDD":"9周 星期日 第6节-第9节 南湖北-学海楼-407,1-5周 星期五 第6节-第9节 南湖北-学海楼-407,7-8周 星期五 第6节-第9节 南湖北-学海楼-407","XF":1,"SKXQ":7,"XNXQDM":"2024-2025-2","KCM":"数据结构与算法综合实验","JASDM":"0201050407","JXLDM":"020105","JXBID":"20242-04590","SKBJ":"计算机2304","TYXMDM":null,"KCH":"10124214069"},{"KKDWDM":"012","XS":32,"BYBZ":"0","JSJC":4,"XXXQDM":"02","KXH":"11","KSJC":1,"XKZRS":11,"SKZC":"000000001000000000000000000000","SKJS":"刘钢","ISTK":0,"ZCMC":"9周","YPSJDD":"9周 星期日 第1节-第4节 南湖北-学海楼-407,1-5周 星期五 第1节-第4节 南湖北-学海楼-407,7-8周 星期五 第1节-第4节 南湖北-学海楼-407","XF":1,"SKXQ":7,"XNXQDM":"2024-2025-2","KCM":"数据结构与算法综合实验","JASDM":"0201050407","JXLDM":"020105","JXBID":"20242-10769","SKBJ":"计算机2303","TYXMDM":null,"KCH":"10124214069"}]}},"code":"0"}