{"datas":{"jaskcb":{"extParams":{"code":1,"msg":"查询成功"},"pageSize":0,"pageNumber":0,"totalSize":-1,"rows":[{"KKDWDM":"011","XS":48,"BYBZ":"0","JSJC":5,"XXXQDM":"02","KXH":"01","KSJC":3,"XKZRS":68,"SKZC":"111111111100000000000000000000","SKJS":"李成军","ISTK":0,"ZCMC":"1-10周","YPSJDD":"16-17周 星期一 第3节-第5节 南湖北-北教三-501,1-10周 星期一 第3节-第5节 南湖北-北教三-501,17周 星期二 第3节-第5节 南湖北-北教三-501,12-14周 星期一 第3节-第5节 南湖北-北教三-501","XF":3,"SKXQ":1,"XNXQDM":"2024-2025-2","KCM":"微电子工艺原理","JASDM":"0201040501","JXLDM":"020104","JXBID":"20242-03259","SKBJ":"电子2201-02","TYXMDM":null,"KCH":"10114121061"},{"KKDWDM":"003","XS":56,"BYBZ":"0","JSJC":2,"XXXQDM":"02","KXH":"01","KSJC":1,"XKZRS":71,"SKZC":"111111111100000000000000","SKJS":"刘丹","ISTK":0,"ZCMC":"1-10周","YPSJDD":"1-10周 星期一 第1节-第2节 南湖北-北教三-501,1-10周 星期三 第3节-第4节 南湖北-北教三-501","XF":3,"SKXQ":1,"XNXQDM":"2024-2025-2","KCM":"聚合物合成工艺学A","JASDM":"0201040501","JXLDM":"020104","JXBID":"20242-02106","SKBJ":"高分子2201-02","TYXMDM":null,"KCH":"10034112035"},{"KKDWDM":"003","XS":56,"BYBZ":"0","JSJC":4,"XXXQDM":"02","KXH":"01","KSJC":3,"XKZRS":71,"SKZC":"111111111100000000000000","SKJS":"刘丹","ISTK":0,"ZCMC":"1-10周","YPSJDD":"1-10周 星期一 第1节-第2节 南湖北-北教三-501,1-10周 星期三 第3节-第4节 南湖北-北教三-501","XF":3,"SKXQ":3,"XNXQDM":"2024-2025-2","KCM":"聚合物合成工艺学A","JASDM":"0201040501","JXLDM":"020104","JXBID":"20242-02106","SKBJ":"高分子2201-02","TYXMDM":null,"KCH":"10034112035"},{"KKDWDM":"003","XS":32,"BYBZ":"0","JSJC":5,"XXXQDM":"02","KXH":"01","KSJC":3,"XKZRS":77,"SKZC":"111111111010000000000000","SKJS":"兰箭","ISTK":0,"ZCMC":"1-9周,11周","YPSJDD":"12周 星期四 第3节-第4节 南湖北-北教三-501,1-9周,11周 星期四 第3节-第5节 南湖北-北教三-501","XF":2,"SKXQ":4,"XNXQDM":"2024-2025-2","KCM":"高分子材料成型工艺与模具设计","JASDM":"0201040501","JXLDM":"020104","JXBID":"20242-03939","SKBJ":"成型2201-02","TYXMDM":null,"KCH":"10035121064"},{"KKDWDM":"008","XS":32,"BYBZ":"0","JSJC":5,"XXXQDM":"02","KXH":"01","KSJC":3,"XKZRS":20,"SKZC":"111110111011000000000000","SKJS":"赵维玮,魏翼鹰","ISTK":0,"ZCMC":"1-5周,7-9周,11-12周","YPSJDD":"13周 星期六 第3节-第4节 南湖北-北教三-501,1-5周,7-9周,11-12周 星期六 第3节-第5节 南湖北-北教三-501","XF":2,"SKXQ":6,"XNXQDM":"2024-2025-2","KCM":"半导体生产工艺装备","JASDM":"0201040501","JXLDM":"020104","JXBID":"20242-06442","SKBJ":"半导体制造工程微2024","TYXMDM":null,"KCH":"10084123002"},{"KKDWDM":"003","XS":24,"BYBZ":"0","JSJC":5,"XXXQDM":"02","KXH":"01","KSJC":3,"XKZRS":58,"SKZC":"111110000000000000000000000000","SKJS":"高山俊","ISTK":0,"ZCMC":"1-5周","YPSJDD":"9周 星期日 第3节-第5节 南湖北-北教三-501,7-8周 星期五 第3节-第5节 南湖北-北教三-501,1-5周 星期五 第3节-第5节 南湖北-北教三-501","XF":1,"SKXQ":5,"XNXQDM":"2024-2025-2","KCM":"聚合反应工程","JASDM":"0201040501","JXLDM":"020104","JXBID":"20242-03543","SKBJ":"高分子2201-02","TYXMDM":null,"KCH":"4070106110"},{"KKDWDM":"003","XS":24,"BYBZ":"0","JSJC":5,"XXXQDM":"02","KXH":"01","KSJC":3,"XKZRS":58,"SKZC":"000000110000000000000000000000","SKJS":"高山俊","ISTK":0,"ZCMC":"7-8周","YPSJDD":"9周 星期日 第3节-第5节 南湖北-北教三-501,7-8周 星期五 第3节-第5节 南湖北-北教三-501,1-5周 星期五 第3节-第5节 南湖北-北教三-501","XF":1,"SKXQ":5,"XNXQDM":"2024-2025-2","KCM":"聚合反应工程","JASDM":"0201040501","JXLDM":"020104","JXBID":"20242-03543","SKBJ":"高分子2201-02","TYXMDM":null,"KCH":"4070106110"},{"KKDWDM":"003","XS":24,"BYBZ":"0","JSJC":5,"XXXQDM":"02","KXH":"01","KSJC":3,"XKZRS":58,"SKZC":"000000001000000000000000000000","SKJS":"高山俊","ISTK":0,"ZCMC":"9周","YPSJDD":"9周 星期日 第3节-第5节 南湖北-北教三-501,7-8周 星期五 第3节-第5节 南湖北-北教三-501,1-5周 星期五 第3节-第5节 南湖北-北教三-501","XF":1,"SKXQ":7,"XNXQDM":"2024-2025-2","KCM":"聚合反应工程","JASDM":"0201040501","JXLDM":"020104","JXBID":"20242-03543","SKBJ":"高分子2201-02","TYXMDM":null,"KCH":"4070106110"},{"KKDWDM":"011","XS":48,"BYBZ":"0","JSJC":5,"XXXQDM":"02","KXH":"01","KSJC":3,"XKZRS":68,"SKZC":"000000000001110000000000000000","SKJS":"李成军","ISTK":0,"ZCMC":"12-14周","YPSJDD":"16-17周 星期一 第3节-第5节 南湖北-北教三-501,1-10周 星期一 第3节-第5节 南湖北-北教三-501,17周 星期二 第3节-第5节 南湖北-北教三-501,12-14周 星期一 第3节-第5节 南湖北-北教三-501","XF":3,"SKXQ":1,"XNXQDM":"2024-2025-2","KCM":"微电子工艺原理","JASDM":"0201040501","JXLDM":"020104","JXBID":"20242-03259","SKBJ":"电子2201-02","TYXMDM":null,"KCH":"10114121061"},{"KKDWDM":"003","XS":32,"BYBZ":"0","JSJC":4,"XXXQDM":"02","KXH":"01","KSJC":3,"XKZRS":77,"SKZC":"000000000001000000000000","SKJS":"兰箭","ISTK":0,"ZCMC":"12周","YPSJDD":"12周 星期四 第3节-第4节 南湖北-北教三-501,1-9周,11周 星期四 第3节-第5节 南湖北-北教三-501","XF":2,"SKXQ":4,"XNXQDM":"2024-2025-2","KCM":"高分子材料成型工艺与模具设计","JASDM":"0201040501","JXLDM":"020104","JXBID":"20242-03939","SKBJ":"成型2201-02","TYXMDM":null,"KCH":"10035121064"},{"KKDWDM":"008","XS":32,"BYBZ":"0","JSJC":4,"XXXQDM":"02","KXH":"01","KSJC":3,"XKZRS":20,"SKZC":"000000000000100000000000","SKJS":"赵维玮,魏翼鹰","ISTK":0,"ZCMC":"13周","YPSJDD":"13周 星期六 第3节-第4节 南湖北-北教三-501,1-5周,7-9周,11-12周 星期六 第3节-第5节 南湖北-北教三-501","XF":2,"SKXQ":6,"XNXQDM":"2024-2025-2","KCM":"半导体生产工艺装备","JASDM":"0201040501","JXLDM":"020104","JXBID":"20242-06442","SKBJ":"半导体制造工程微2024","TYXMDM":null,"KCH":"10084123002"},{"KKDWDM":"011","XS":48,"BYBZ":"0","JSJC":5,"XXXQDM":"02","KXH":"01","KSJC":3,"XKZRS":68,"SKZC":"000000000000000110000000000000","SKJS":"李成军","ISTK":0,"ZCMC":"16-17周","YPSJDD":"16-17周 星期一 第3节-第5节 南湖北-北教三-501,1-10周 星期一 第3节-第5节 南湖北-北教三-501,17周 星期二 第3节-第5节 南湖北-北教三-501,12-14周 星期一 第3节-第5节 南湖北-北教三-501","XF":3,"SKXQ":1,"XNXQDM":"2024-2025-2","KCM":"微电子工艺原理","JASDM":"0201040501","JXLDM":"020104","JXBID":"20242-03259","SKBJ":"电子2201-02","TYXMDM":null,"KCH":"10114121061"},{"KKDWDM":"011","XS":48,"BYBZ":"0","JSJC":5,"XXXQDM":"02","KXH":"01","KSJC":3,"XKZRS":68,"SKZC":"000000000000000010000000000000","SKJS":"李成军","ISTK":0,"ZCMC":"17周","YPSJDD":"16-17周 星期一 第3节-第5节 南湖北-北教三-501,1-10周 星期一 第3节-第5节 南湖北-北教三-501,17周 星期二 第3节-第5节 南湖北-北教三-501,12-14周 星期一 第3节-第5节 南湖北-北教三-501","XF":3,"SKXQ":2,"XNXQDM":"2024-2025-2","KCM":"微电子工艺原理","JASDM":"0201040501","JXLDM":"020104","JXBID":"20242-03259","SKBJ":"电子2201-02","TYXMDM":null,"KCH":"10114121061"}]}},"code":"0"}