{"datas":{"jaskcb":{"extParams":{"code":1,"msg":"查询成功"},"pageSize":0,"pageNumber":0,"totalSize":-1,"rows":[{"KKDWDM":"020","XS":64,"BYBZ":"0","JSJC":4,"XXXQDM":"02","KXH":"01","KSJC":3,"XKZRS":17,"SKZC":"111111111111111100000000000000","SKJS":"Thomas Burckel","ISTK":0,"ZCMC":"1-16周","YPSJDD":"16-17周 星期一 第1节-第2节 南湖北-学海楼-1201,1-10周 星期一 第1节-第2节 南湖北-学海楼-1201,12-14周 星期一 第1节-第2节 南湖北-学海楼-1201,1-16周 星期三 第3节-第4节 南湖北-学海楼-1201,17周 星期二 第1节-第2节 南湖北-学海楼-1201","XF":4,"SKXQ":3,"XNXQDM":"2024-2025-2","KCM":"法语视听说A2","JASDM":"0201051201","JXLDM":"020105","JXBID":"20242-05615","SKBJ":"法语2302","TYXMDM":null,"KCH":"10205117019"},{"KKDWDM":"020","XS":64,"BYBZ":"0","JSJC":2,"XXXQDM":"02","KXH":"02","KSJC":1,"XKZRS":18,"SKZC":"111111111111111100000000000000","SKJS":"Thomas Burckel","ISTK":0,"ZCMC":"1-16周","YPSJDD":"12-14周 星期一 第3节-第4节 南湖北-学海楼-1201,1-16周 星期三 第1节-第2节 南湖北-学海楼-1201,1-10周 星期一 第3节-第4节 南湖北-学海楼-1201,16-17周 星期一 第3节-第4节 南湖北-学海楼-1201,17周 星期二 第3节-第4节 南湖北-学海楼-1201","XF":4,"SKXQ":3,"XNXQDM":"2024-2025-2","KCM":"法语视听说A2","JASDM":"0201051201","JXLDM":"020105","JXBID":"20242-10646","SKBJ":"法语2301","TYXMDM":null,"KCH":"10205117019"},{"KKDWDM":"020","XS":32,"BYBZ":"0","JSJC":2,"XXXQDM":"02","KXH":"02","KSJC":1,"XKZRS":15,"SKZC":"1111111111111111","SKJS":"夏燕","ISTK":0,"ZCMC":"1-16周","YPSJDD":"1-16周 星期二 第1节-第2节 南湖北-学海楼-1201","XF":2,"SKXQ":2,"XNXQDM":"2024-2025-2","KCM":"法国文学史2","JASDM":"0201051201","JXLDM":"020105","JXBID":"20242-10737","SKBJ":"法语2201","TYXMDM":null,"KCH":"10064111005"},{"KKDWDM":"020","XS":32,"BYBZ":"0","JSJC":7,"XXXQDM":"02","KXH":"01","KSJC":6,"XKZRS":20,"SKZC":"1111111111111111","SKJS":"刘应亮","ISTK":0,"ZCMC":"1-16周","YPSJDD":"1-16周 星期二 第6节-第7节 南湖北-学海楼-1201","XF":2,"SKXQ":2,"XNXQDM":"2024-2025-2","KCM":"英语实用写作","JASDM":"0201051201","JXLDM":"020105","JXBID":"20242-05864","SKBJ":"英法sy2301","TYXMDM":null,"KCH":"10205117013"},{"KKDWDM":"020","XS":32,"BYBZ":"0","JSJC":4,"XXXQDM":"02","KXH":"01","KSJC":3,"XKZRS":19,"SKZC":"1111111111111111","SKJS":"夏燕","ISTK":0,"ZCMC":"1-16周","YPSJDD":"1-16周 星期二 第3节-第4节 南湖北-学海楼-1201","XF":2,"SKXQ":2,"XNXQDM":"2024-2025-2","KCM":"法国文学史2","JASDM":"0201051201","JXLDM":"020105","JXBID":"20242-02271","SKBJ":"法语2202","TYXMDM":null,"KCH":"10064111005"},{"KKDWDM":"020","XS":64,"BYBZ":"0","JSJC":4,"XXXQDM":"02","KXH":"02","KSJC":3,"XKZRS":18,"SKZC":"111111111100000000000000000000","SKJS":"Thomas Burckel","ISTK":0,"ZCMC":"1-10周","YPSJDD":"12-14周 星期一 第3节-第4节 南湖北-学海楼-1201,1-16周 星期三 第1节-第2节 南湖北-学海楼-1201,1-10周 星期一 第3节-第4节 南湖北-学海楼-1201,16-17周 星期一 第3节-第4节 南湖北-学海楼-1201,17周 星期二 第3节-第4节 南湖北-学海楼-1201","XF":4,"SKXQ":1,"XNXQDM":"2024-2025-2","KCM":"法语视听说A2","JASDM":"0201051201","JXLDM":"020105","JXBID":"20242-10646","SKBJ":"法语2301","TYXMDM":null,"KCH":"10205117019"},{"KKDWDM":"020","XS":64,"BYBZ":"0","JSJC":2,"XXXQDM":"02","KXH":"01","KSJC":1,"XKZRS":17,"SKZC":"111111111100000000000000000000","SKJS":"Thomas Burckel","ISTK":0,"ZCMC":"1-10周","YPSJDD":"16-17周 星期一 第1节-第2节 南湖北-学海楼-1201,1-10周 星期一 第1节-第2节 南湖北-学海楼-1201,12-14周 星期一 第1节-第2节 南湖北-学海楼-1201,1-16周 星期三 第3节-第4节 南湖北-学海楼-1201,17周 星期二 第1节-第2节 南湖北-学海楼-1201","XF":4,"SKXQ":1,"XNXQDM":"2024-2025-2","KCM":"法语视听说A2","JASDM":"0201051201","JXLDM":"020105","JXBID":"20242-05615","SKBJ":"法语2302","TYXMDM":null,"KCH":"10205117019"},{"KKDWDM":"020","XS":32,"BYBZ":"0","JSJC":4,"XXXQDM":"02","KXH":"01","KSJC":3,"XKZRS":24,"SKZC":"111111111000000000000000000000","SKJS":"夏燕","ISTK":0,"ZCMC":"1-9周","YPSJDD":"11-17周 星期四 第3节-第4节 南湖北-学海楼-1201,1-9周 星期四 第3节-第4节 南湖北-学海楼-1201","XF":2,"SKXQ":4,"XNXQDM":"2024-2025-2","KCM":"法语泛读B2","JASDM":"0201051201","JXLDM":"020105","JXBID":"20242-05869","SKBJ":"英法sy2301","TYXMDM":null,"KCH":"10204117046"},{"KKDWDM":"020","XS":32,"BYBZ":"0","JSJC":2,"XXXQDM":"02","KXH":"01","KSJC":1,"XKZRS":19,"SKZC":"111111111000000000000000000000","SKJS":"夏燕","ISTK":0,"ZCMC":"1-9周","YPSJDD":"11-17周 星期四 第1节-第2节 南湖北-学海楼-1201,1-9周 星期四 第1节-第2节 南湖北-学海楼-1201","XF":2,"SKXQ":4,"XNXQDM":"2024-2025-2","KCM":"法语泛读A2","JASDM":"0201051201","JXLDM":"020105","JXBID":"20242-04356","SKBJ":"法语2302","TYXMDM":null,"KCH":"10204121054"},{"KKDWDM":"020","XS":32,"BYBZ":"0","JSJC":4,"XXXQDM":"02","KXH":"01","KSJC":3,"XKZRS":19,"SKZC":"111110000000000000000000000000","SKJS":"彭佳","ISTK":0,"ZCMC":"1-5周","YPSJDD":"11-16周 星期五 第3节-第4节 南湖北-学海楼-1201,7-9周 星期五 第3节-第4节 南湖北-学海楼-1201,17周 星期三 第3节-第4节 南湖北-学海楼-1201,9周 星期日 第3节-第4节 南湖北-学海楼-1201,1-5周 星期五 第3节-第4节 南湖北-学海楼-1201","XF":2,"SKXQ":5,"XNXQDM":"2024-2025-2","KCM":"法语基础写作","JASDM":"0201051201","JXLDM":"020105","JXBID":"20242-05858","SKBJ":"法语2302","TYXMDM":null,"KCH":"10204117045"},{"KKDWDM":"020","XS":32,"BYBZ":"0","JSJC":2,"XXXQDM":"02","KXH":"02","KSJC":1,"XKZRS":18,"SKZC":"111110000000000000000000000000","SKJS":"Jeremie Christophe Sebastien Cuevas Miguelez","ISTK":0,"ZCMC":"1-5周","YPSJDD":"17周 星期三 第1节-第2节 南湖北-学海楼-1201,7-9周 星期五 第1节-第2节 南湖北-学海楼-1201,9周 星期日 第1节-第2节 南湖北-学海楼-1201,11-16周 星期五 第1节-第2节 南湖北-学海楼-1201,1-5周 星期五 第1节-第2节 南湖北-学海楼-1201","XF":2,"SKXQ":5,"XNXQDM":"2024-2025-2","KCM":"法国概况1","JASDM":"0201051201","JXLDM":"020105","JXBID":"20242-10645","SKBJ":"法语2301","TYXMDM":null,"KCH":"10063111001"},{"KKDWDM":"020","XS":32,"BYBZ":"0","JSJC":4,"XXXQDM":"02","KXH":"01","KSJC":3,"XKZRS":19,"SKZC":"000000111000000000000000000000","SKJS":"彭佳","ISTK":0,"ZCMC":"7-9周","YPSJDD":"11-16周 星期五 第3节-第4节 南湖北-学海楼-1201,7-9周 星期五 第3节-第4节 南湖北-学海楼-1201,17周 星期三 第3节-第4节 南湖北-学海楼-1201,9周 星期日 第3节-第4节 南湖北-学海楼-1201,1-5周 星期五 第3节-第4节 南湖北-学海楼-1201","XF":2,"SKXQ":5,"XNXQDM":"2024-2025-2","KCM":"法语基础写作","JASDM":"0201051201","JXLDM":"020105","JXBID":"20242-05858","SKBJ":"法语2302","TYXMDM":null,"KCH":"10204117045"},{"KKDWDM":"020","XS":32,"BYBZ":"0","JSJC":2,"XXXQDM":"02","KXH":"02","KSJC":1,"XKZRS":18,"SKZC":"000000111000000000000000000000","SKJS":"Jeremie Christophe Sebastien Cuevas Miguelez","ISTK":0,"ZCMC":"7-9周","YPSJDD":"17周 星期三 第1节-第2节 南湖北-学海楼-1201,7-9周 星期五 第1节-第2节 南湖北-学海楼-1201,9周 星期日 第1节-第2节 南湖北-学海楼-1201,11-16周 星期五 第1节-第2节 南湖北-学海楼-1201,1-5周 星期五 第1节-第2节 南湖北-学海楼-1201","XF":2,"SKXQ":5,"XNXQDM":"2024-2025-2","KCM":"法国概况1","JASDM":"0201051201","JXLDM":"020105","JXBID":"20242-10645","SKBJ":"法语2301","TYXMDM":null,"KCH":"10063111001"},{"KKDWDM":"020","XS":32,"BYBZ":"0","JSJC":4,"XXXQDM":"02","KXH":"01","KSJC":3,"XKZRS":19,"SKZC":"000000001000000000000000000000","SKJS":"彭佳","ISTK":0,"ZCMC":"9周","YPSJDD":"11-16周 星期五 第3节-第4节 南湖北-学海楼-1201,7-9周 星期五 第3节-第4节 南湖北-学海楼-1201,17周 星期三 第3节-第4节 南湖北-学海楼-1201,9周 星期日 第3节-第4节 南湖北-学海楼-1201,1-5周 星期五 第3节-第4节 南湖北-学海楼-1201","XF":2,"SKXQ":7,"XNXQDM":"2024-2025-2","KCM":"法语基础写作","JASDM":"0201051201","JXLDM":"020105","JXBID":"20242-05858","SKBJ":"法语2302","TYXMDM":null,"KCH":"10204117045"},{"KKDWDM":"020","XS":32,"BYBZ":"0","JSJC":2,"XXXQDM":"02","KXH":"02","KSJC":1,"XKZRS":18,"SKZC":"000000001000000000000000000000","SKJS":"Jeremie Christophe Sebastien Cuevas Miguelez","ISTK":0,"ZCMC":"9周","YPSJDD":"17周 星期三 第1节-第2节 南湖北-学海楼-1201,7-9周 星期五 第1节-第2节 南湖北-学海楼-1201,9周 星期日 第1节-第2节 南湖北-学海楼-1201,11-16周 星期五 第1节-第2节 南湖北-学海楼-1201,1-5周 星期五 第1节-第2节 南湖北-学海楼-1201","XF":2,"SKXQ":7,"XNXQDM":"2024-2025-2","KCM":"法国概况1","JASDM":"0201051201","JXLDM":"020105","JXBID":"20242-10645","SKBJ":"法语2301","TYXMDM":null,"KCH":"10063111001"},{"KKDWDM":"020","XS":32,"BYBZ":"0","JSJC":2,"XXXQDM":"02","KXH":"01","KSJC":1,"XKZRS":19,"SKZC":"000000000011111110000000000000","SKJS":"夏燕","ISTK":0,"ZCMC":"11-17周","YPSJDD":"11-17周 星期四 第1节-第2节 南湖北-学海楼-1201,1-9周 星期四 第1节-第2节 南湖北-学海楼-1201","XF":2,"SKXQ":4,"XNXQDM":"2024-2025-2","KCM":"法语泛读A2","JASDM":"0201051201","JXLDM":"020105","JXBID":"20242-04356","SKBJ":"法语2302","TYXMDM":null,"KCH":"10204121054"},{"KKDWDM":"020","XS":32,"BYBZ":"0","JSJC":4,"XXXQDM":"02","KXH":"01","KSJC":3,"XKZRS":24,"SKZC":"000000000011111110000000000000","SKJS":"夏燕","ISTK":0,"ZCMC":"11-17周","YPSJDD":"11-17周 星期四 第3节-第4节 南湖北-学海楼-1201,1-9周 星期四 第3节-第4节 南湖北-学海楼-1201","XF":2,"SKXQ":4,"XNXQDM":"2024-2025-2","KCM":"法语泛读B2","JASDM":"0201051201","JXLDM":"020105","JXBID":"20242-05869","SKBJ":"英法sy2301","TYXMDM":null,"KCH":"10204117046"},{"KKDWDM":"020","XS":32,"BYBZ":"0","JSJC":4,"XXXQDM":"02","KXH":"01","KSJC":3,"XKZRS":19,"SKZC":"000000000011111100000000000000","SKJS":"彭佳","ISTK":0,"ZCMC":"11-16周","YPSJDD":"11-16周 星期五 第3节-第4节 南湖北-学海楼-1201,7-9周 星期五 第3节-第4节 南湖北-学海楼-1201,17周 星期三 第3节-第4节 南湖北-学海楼-1201,9周 星期日 第3节-第4节 南湖北-学海楼-1201,1-5周 星期五 第3节-第4节 南湖北-学海楼-1201","XF":2,"SKXQ":5,"XNXQDM":"2024-2025-2","KCM":"法语基础写作","JASDM":"0201051201","JXLDM":"020105","JXBID":"20242-05858","SKBJ":"法语2302","TYXMDM":null,"KCH":"10204117045"},{"KKDWDM":"020","XS":32,"BYBZ":"0","JSJC":2,"XXXQDM":"02","KXH":"02","KSJC":1,"XKZRS":18,"SKZC":"000000000011111100000000000000","SKJS":"Jeremie Christophe Sebastien Cuevas Miguelez","ISTK":0,"ZCMC":"11-16周","YPSJDD":"17周 星期三 第1节-第2节 南湖北-学海楼-1201,7-9周 星期五 第1节-第2节 南湖北-学海楼-1201,9周 星期日 第1节-第2节 南湖北-学海楼-1201,11-16周 星期五 第1节-第2节 南湖北-学海楼-1201,1-5周 星期五 第1节-第2节 南湖北-学海楼-1201","XF":2,"SKXQ":5,"XNXQDM":"2024-2025-2","KCM":"法国概况1","JASDM":"0201051201","JXLDM":"020105","JXBID":"20242-10645","SKBJ":"法语2301","TYXMDM":null,"KCH":"10063111001"},{"KKDWDM":"020","XS":64,"BYBZ":"0","JSJC":2,"XXXQDM":"02","KXH":"01","KSJC":1,"XKZRS":17,"SKZC":"000000000001110000000000000000","SKJS":"Thomas Burckel","ISTK":0,"ZCMC":"12-14周","YPSJDD":"16-17周 星期一 第1节-第2节 南湖北-学海楼-1201,1-10周 星期一 第1节-第2节 南湖北-学海楼-1201,12-14周 星期一 第1节-第2节 南湖北-学海楼-1201,1-16周 星期三 第3节-第4节 南湖北-学海楼-1201,17周 星期二 第1节-第2节 南湖北-学海楼-1201","XF":4,"SKXQ":1,"XNXQDM":"2024-2025-2","KCM":"法语视听说A2","JASDM":"0201051201","JXLDM":"020105","JXBID":"20242-05615","SKBJ":"法语2302","TYXMDM":null,"KCH":"10205117019"},{"KKDWDM":"020","XS":64,"BYBZ":"0","JSJC":4,"XXXQDM":"02","KXH":"02","KSJC":3,"XKZRS":18,"SKZC":"000000000001110000000000000000","SKJS":"Thomas Burckel","ISTK":0,"ZCMC":"12-14周","YPSJDD":"12-14周 星期一 第3节-第4节 南湖北-学海楼-1201,1-16周 星期三 第1节-第2节 南湖北-学海楼-1201,1-10周 星期一 第3节-第4节 南湖北-学海楼-1201,16-17周 星期一 第3节-第4节 南湖北-学海楼-1201,17周 星期二 第3节-第4节 南湖北-学海楼-1201","XF":4,"SKXQ":1,"XNXQDM":"2024-2025-2","KCM":"法语视听说A2","JASDM":"0201051201","JXLDM":"020105","JXBID":"20242-10646","SKBJ":"法语2301","TYXMDM":null,"KCH":"10205117019"},{"KKDWDM":"020","XS":64,"BYBZ":"0","JSJC":2,"XXXQDM":"02","KXH":"01","KSJC":1,"XKZRS":17,"SKZC":"000000000000000110000000000000","SKJS":"Thomas Burckel","ISTK":0,"ZCMC":"16-17周","YPSJDD":"16-17周 星期一 第1节-第2节 南湖北-学海楼-1201,1-10周 星期一 第1节-第2节 南湖北-学海楼-1201,12-14周 星期一 第1节-第2节 南湖北-学海楼-1201,1-16周 星期三 第3节-第4节 南湖北-学海楼-1201,17周 星期二 第1节-第2节 南湖北-学海楼-1201","XF":4,"SKXQ":1,"XNXQDM":"2024-2025-2","KCM":"法语视听说A2","JASDM":"0201051201","JXLDM":"020105","JXBID":"20242-05615","SKBJ":"法语2302","TYXMDM":null,"KCH":"10205117019"},{"KKDWDM":"020","XS":64,"BYBZ":"0","JSJC":4,"XXXQDM":"02","KXH":"02","KSJC":3,"XKZRS":18,"SKZC":"000000000000000110000000000000","SKJS":"Thomas Burckel","ISTK":0,"ZCMC":"16-17周","YPSJDD":"12-14周 星期一 第3节-第4节 南湖北-学海楼-1201,1-16周 星期三 第1节-第2节 南湖北-学海楼-1201,1-10周 星期一 第3节-第4节 南湖北-学海楼-1201,16-17周 星期一 第3节-第4节 南湖北-学海楼-1201,17周 星期二 第3节-第4节 南湖北-学海楼-1201","XF":4,"SKXQ":1,"XNXQDM":"2024-2025-2","KCM":"法语视听说A2","JASDM":"0201051201","JXLDM":"020105","JXBID":"20242-10646","SKBJ":"法语2301","TYXMDM":null,"KCH":"10205117019"},{"KKDWDM":"020","XS":32,"BYBZ":"0","JSJC":2,"XXXQDM":"02","KXH":"02","KSJC":1,"XKZRS":18,"SKZC":"000000000000000010000000000000","SKJS":"Jeremie Christophe Sebastien Cuevas Miguelez","ISTK":0,"ZCMC":"17周","YPSJDD":"17周 星期三 第1节-第2节 南湖北-学海楼-1201,7-9周 星期五 第1节-第2节 南湖北-学海楼-1201,9周 星期日 第1节-第2节 南湖北-学海楼-1201,11-16周 星期五 第1节-第2节 南湖北-学海楼-1201,1-5周 星期五 第1节-第2节 南湖北-学海楼-1201","XF":2,"SKXQ":3,"XNXQDM":"2024-2025-2","KCM":"法国概况1","JASDM":"0201051201","JXLDM":"020105","JXBID":"20242-10645","SKBJ":"法语2301","TYXMDM":null,"KCH":"10063111001"},{"KKDWDM":"020","XS":32,"BYBZ":"0","JSJC":4,"XXXQDM":"02","KXH":"01","KSJC":3,"XKZRS":19,"SKZC":"000000000000000010000000000000","SKJS":"彭佳","ISTK":0,"ZCMC":"17周","YPSJDD":"11-16周 星期五 第3节-第4节 南湖北-学海楼-1201,7-9周 星期五 第3节-第4节 南湖北-学海楼-1201,17周 星期三 第3节-第4节 南湖北-学海楼-1201,9周 星期日 第3节-第4节 南湖北-学海楼-1201,1-5周 星期五 第3节-第4节 南湖北-学海楼-1201","XF":2,"SKXQ":3,"XNXQDM":"2024-2025-2","KCM":"法语基础写作","JASDM":"0201051201","JXLDM":"020105","JXBID":"20242-05858","SKBJ":"法语2302","TYXMDM":null,"KCH":"10204117045"},{"KKDWDM":"020","XS":64,"BYBZ":"0","JSJC":4,"XXXQDM":"02","KXH":"02","KSJC":3,"XKZRS":18,"SKZC":"000000000000000010000000000000","SKJS":"Thomas Burckel","ISTK":0,"ZCMC":"17周","YPSJDD":"12-14周 星期一 第3节-第4节 南湖北-学海楼-1201,1-16周 星期三 第1节-第2节 南湖北-学海楼-1201,1-10周 星期一 第3节-第4节 南湖北-学海楼-1201,16-17周 星期一 第3节-第4节 南湖北-学海楼-1201,17周 星期二 第3节-第4节 南湖北-学海楼-1201","XF":4,"SKXQ":2,"XNXQDM":"2024-2025-2","KCM":"法语视听说A2","JASDM":"0201051201","JXLDM":"020105","JXBID":"20242-10646","SKBJ":"法语2301","TYXMDM":null,"KCH":"10205117019"},{"KKDWDM":"020","XS":64,"BYBZ":"0","JSJC":2,"XXXQDM":"02","KXH":"01","KSJC":1,"XKZRS":17,"SKZC":"000000000000000010000000000000","SKJS":"Thomas Burckel","ISTK":0,"ZCMC":"17周","YPSJDD":"16-17周 星期一 第1节-第2节 南湖北-学海楼-1201,1-10周 星期一 第1节-第2节 南湖北-学海楼-1201,12-14周 星期一 第1节-第2节 南湖北-学海楼-1201,1-16周 星期三 第3节-第4节 南湖北-学海楼-1201,17周 星期二 第1节-第2节 南湖北-学海楼-1201","XF":4,"SKXQ":2,"XNXQDM":"2024-2025-2","KCM":"法语视听说A2","JASDM":"0201051201","JXLDM":"020105","JXBID":"20242-05615","SKBJ":"法语2302","TYXMDM":null,"KCH":"10205117019"}]}},"code":"0"}