{"datas":{"jaskcb":{"extParams":{"code":1,"msg":"查询成功"},"pageSize":0,"pageNumber":0,"totalSize":-1,"rows":[{"KKDWDM":"003","XS":48,"BYBZ":"0","JSJC":7,"XXXQDM":"02","KXH":"01","KSJC":6,"XKZRS":35,"SKZC":"111111111111000000000000000000","SKJS":"殷官超,钟杰","ISTK":0,"ZCMC":"1-12周","YPSJDD":"1-12周 星期三 第6节-第7节 南湖北-学海楼-607,1-5周 星期五 第6节-第7节 南湖北-学海楼-607,7-9周 星期五 第6节-第7节 南湖北-学海楼-607,9周 星期日 第6节-第7节 南湖北-学海楼-607,11-13周 星期五 第6节-第7节 南湖北-学海楼-607","XF":3,"SKXQ":3,"XNXQDM":"2024-2025-2","KCM":"半导体物理基础C","JASDM":"0201050607","JXLDM":"020105","JXBID":"20242-02816","SKBJ":"新能源2201","TYXMDM":null,"KCH":"10034117074"},{"KKDWDM":"003","XS":48,"BYBZ":"0","JSJC":5,"XXXQDM":"02","KXH":"01","KSJC":3,"XKZRS":35,"SKZC":"111111111100000000000000000000","SKJS":"田晶,祝振奇","ISTK":0,"ZCMC":"1-10周","YPSJDD":"16-17周 星期一 第3节-第5节 南湖北-学海楼-607,12-14周 星期一 第3节-第5节 南湖北-学海楼-607,1-10周 星期一 第3节-第5节 南湖北-学海楼-607,17周 星期二 第3节-第5节 南湖北-学海楼-607","XF":3,"SKXQ":1,"XNXQDM":"2024-2025-2","KCM":"理论物理C","JASDM":"0201050607","JXLDM":"020105","JXBID":"20242-05666","SKBJ":"材物2301","TYXMDM":null,"KCH":"10034121098"},{"KKDWDM":"003","XS":24,"BYBZ":"0","JSJC":5,"XXXQDM":"02","KXH":"01","KSJC":3,"XKZRS":34,"SKZC":"11111111","SKJS":"彭军波","ISTK":0,"ZCMC":"1-8周","YPSJDD":"1-8周 星期三 第3节-第5节 南湖北-学海楼-607","XF":1,"SKXQ":3,"XNXQDM":"2024-2025-2","KCM":"焊接质量检测","JASDM":"0201050607","JXLDM":"020105","JXBID":"20242-02268","SKBJ":"成型zy2201","TYXMDM":null,"KCH":"10035121046"},{"KKDWDM":"017","XS":40,"BYBZ":"0","JSJC":13,"XXXQDM":"02","KXH":"01","KSJC":11,"XKZRS":12,"SKZC":"111110111011101000000000","SKJS":"王红军","ISTK":0,"ZCMC":"1-5周,7-9周,11-13周,15周","YPSJDD":"16周 星期六 第6节-第7节 南湖北-学海楼-607,16周 星期六 第11节-第12节 南湖北-学海楼-607,1-5周,7-9周,11-13周,15周 星期六 第11节-第13节 南湖北-学海楼-607","XF":2,"SKXQ":6,"XNXQDM":"2024-2025-2","KCM":"统计学","JASDM":"0201050607","JXLDM":"020105","JXBID":"20242-12456","SKBJ":"工商fx2023","TYXMDM":null,"KCH":"10174121240"},{"KKDWDM":"017","XS":54,"BYBZ":"0","JSJC":10,"XXXQDM":"02","KXH":"01","KSJC":6,"XKZRS":12,"SKZC":"111110111011000000000000","SKJS":"王家祺","ISTK":0,"ZCMC":"1-5周,7-9周,11-12周","YPSJDD":"13周 星期六 第6节-第9节 南湖北-学海楼-607,1-5周,7-9周,11-12周 星期六 第6节-第10节 南湖北-学海楼-607","XF":3,"SKXQ":6,"XNXQDM":"2024-2025-2","KCM":"管理学原理","JASDM":"0201050607","JXLDM":"020105","JXBID":"20242-12458","SKBJ":"工商fx2023","TYXMDM":null,"KCH":"10174121249"},{"KKDWDM":"003","XS":32,"BYBZ":"0","JSJC":5,"XXXQDM":"02","KXH":"01","KSJC":3,"XKZRS":26,"SKZC":"111110111010000000000000000000","SKJS":"李蔚,殷官超,童金辉,胡执一","ISTK":0,"ZCMC":"1-5周,7-9周,11周","YPSJDD":"9周 星期日 第3节-第5节 南湖北-学海楼-607,1-5周,7-9周,11周 星期五 第3节-第5节 南湖北-学海楼-607,12周 星期五 第3节-第4节 南湖北-学海楼-607","XF":2,"SKXQ":5,"XNXQDM":"2024-2025-2","KCM":"半导体材料与器件","JASDM":"0201050607","JXLDM":"020105","JXBID":"20242-03087","SKBJ":"材化2201","TYXMDM":null,"KCH":"10107311005"},{"KKDWDM":"003","XS":48,"BYBZ":"0","JSJC":7,"XXXQDM":"02","KXH":"01","KSJC":6,"XKZRS":35,"SKZC":"111110000000000000000000000000","SKJS":"殷官超,钟杰","ISTK":0,"ZCMC":"1-5周","YPSJDD":"1-12周 星期三 第6节-第7节 南湖北-学海楼-607,1-5周 星期五 第6节-第7节 南湖北-学海楼-607,7-9周 星期五 第6节-第7节 南湖北-学海楼-607,9周 星期日 第6节-第7节 南湖北-学海楼-607,11-13周 星期五 第6节-第7节 南湖北-学海楼-607","XF":3,"SKXQ":5,"XNXQDM":"2024-2025-2","KCM":"半导体物理基础C","JASDM":"0201050607","JXLDM":"020105","JXBID":"20242-02816","SKBJ":"新能源2201","TYXMDM":null,"KCH":"10034117074"},{"KKDWDM":"022","XS":40,"BYBZ":"0","JSJC":4,"XXXQDM":"02","KXH":"01","KSJC":1,"XKZRS":12,"SKZC":"111110000000000000000000000000","SKJS":"龚晓川","ISTK":0,"ZCMC":"1-5周","YPSJDD":"11-13周 星期日 第1节-第4节 南湖北-学海楼-607,7-8周 星期日 第1节-第4节 南湖北-学海楼-607,1-5周 星期日 第1节-第4节 南湖北-学海楼-607","XF":2,"SKXQ":7,"XNXQDM":"2024-2025-2","KCM":"经济法","JASDM":"0201050607","JXLDM":"020105","JXBID":"20242-12460","SKBJ":"工商fx2023","TYXMDM":null,"KCH":"10224121181"},{"KKDWDM":"017","XS":40,"BYBZ":"0","JSJC":10,"XXXQDM":"02","KXH":"01","KSJC":6,"XKZRS":12,"SKZC":"111110000000000000000000000000","SKJS":"石路","ISTK":0,"ZCMC":"1-5周","YPSJDD":"1-5周 星期日 第6节-第10节 南湖北-学海楼-607,11周 星期日 第6节-第10节 南湖北-学海楼-607,7-8周 星期日 第6节-第10节 南湖北-学海楼-607","XF":2,"SKXQ":7,"XNXQDM":"2024-2025-2","KCM":"会计学原理","JASDM":"0201050607","JXLDM":"020105","JXBID":"20242-12457","SKBJ":"工商fx2023","TYXMDM":null,"KCH":"10174121247"},{"KKDWDM":"022","XS":48,"BYBZ":"0","JSJC":5,"XXXQDM":"02","KXH":"01","KSJC":1,"XKZRS":34,"SKZC":"0111101110110000000000000","SKJS":"刘馨逸,孙霞,江艳","ISTK":0,"ZCMC":"2-5周,7-9周,11-12周","YPSJDD":"2-5周,7-9周,11-12周 星期六 第1节-第5节 南湖北-学海楼-607,13周 星期六 第3节-第5节 南湖北-学海楼-607","XF":3,"SKXQ":6,"XNXQDM":"2024-2025-2","KCM":"中级汉语读写2","JASDM":"0201050607","JXLDM":"020105","JXBID":"20242-14303","SKBJ":null,"TYXMDM":null,"KCH":"10221124002"},{"KKDWDM":"003","XS":48,"BYBZ":"0","JSJC":7,"XXXQDM":"02","KXH":"01","KSJC":6,"XKZRS":35,"SKZC":"000000111000000000000000000000","SKJS":"殷官超,钟杰","ISTK":0,"ZCMC":"7-9周","YPSJDD":"1-12周 星期三 第6节-第7节 南湖北-学海楼-607,1-5周 星期五 第6节-第7节 南湖北-学海楼-607,7-9周 星期五 第6节-第7节 南湖北-学海楼-607,9周 星期日 第6节-第7节 南湖北-学海楼-607,11-13周 星期五 第6节-第7节 南湖北-学海楼-607","XF":3,"SKXQ":5,"XNXQDM":"2024-2025-2","KCM":"半导体物理基础C","JASDM":"0201050607","JXLDM":"020105","JXBID":"20242-02816","SKBJ":"新能源2201","TYXMDM":null,"KCH":"10034117074"},{"KKDWDM":"017","XS":40,"BYBZ":"0","JSJC":10,"XXXQDM":"02","KXH":"01","KSJC":6,"XKZRS":12,"SKZC":"000000110000000000000000000000","SKJS":"石路","ISTK":0,"ZCMC":"7-8周","YPSJDD":"1-5周 星期日 第6节-第10节 南湖北-学海楼-607,11周 星期日 第6节-第10节 南湖北-学海楼-607,7-8周 星期日 第6节-第10节 南湖北-学海楼-607","XF":2,"SKXQ":7,"XNXQDM":"2024-2025-2","KCM":"会计学原理","JASDM":"0201050607","JXLDM":"020105","JXBID":"20242-12457","SKBJ":"工商fx2023","TYXMDM":null,"KCH":"10174121247"},{"KKDWDM":"022","XS":40,"BYBZ":"0","JSJC":4,"XXXQDM":"02","KXH":"01","KSJC":1,"XKZRS":12,"SKZC":"000000110000000000000000000000","SKJS":"龚晓川","ISTK":0,"ZCMC":"7-8周","YPSJDD":"11-13周 星期日 第1节-第4节 南湖北-学海楼-607,7-8周 星期日 第1节-第4节 南湖北-学海楼-607,1-5周 星期日 第1节-第4节 南湖北-学海楼-607","XF":2,"SKXQ":7,"XNXQDM":"2024-2025-2","KCM":"经济法","JASDM":"0201050607","JXLDM":"020105","JXBID":"20242-12460","SKBJ":"工商fx2023","TYXMDM":null,"KCH":"10224121181"},{"KKDWDM":"003","XS":32,"BYBZ":"0","JSJC":4,"XXXQDM":"02","KXH":"01","KSJC":3,"XKZRS":34,"SKZC":"000000001111111000000000000000","SKJS":"陈超","ISTK":0,"ZCMC":"9-15周","YPSJDD":"9周 星期四 第1节-第2节 南湖北-学海楼-607,11-16周 星期四 第1节-第2节 南湖北-学海楼-607,9-15周 星期二 第3节-第4节 南湖北-学海楼-607","XF":2,"SKXQ":2,"XNXQDM":"2024-2025-2","KCM":"焊接装备及自动化","JASDM":"0201050607","JXLDM":"020105","JXBID":"20242-02159","SKBJ":"成型zy2201","TYXMDM":null,"KCH":"10035121048"},{"KKDWDM":"003","XS":32,"BYBZ":"0","JSJC":5,"XXXQDM":"02","KXH":"01","KSJC":3,"XKZRS":26,"SKZC":"000000001000000000000000000000","SKJS":"李蔚,殷官超,童金辉,胡执一","ISTK":0,"ZCMC":"9周","YPSJDD":"9周 星期日 第3节-第5节 南湖北-学海楼-607,1-5周,7-9周,11周 星期五 第3节-第5节 南湖北-学海楼-607,12周 星期五 第3节-第4节 南湖北-学海楼-607","XF":2,"SKXQ":7,"XNXQDM":"2024-2025-2","KCM":"半导体材料与器件","JASDM":"0201050607","JXLDM":"020105","JXBID":"20242-03087","SKBJ":"材化2201","TYXMDM":null,"KCH":"10107311005"},{"KKDWDM":"003","XS":48,"BYBZ":"0","JSJC":7,"XXXQDM":"02","KXH":"01","KSJC":6,"XKZRS":35,"SKZC":"000000001000000000000000000000","SKJS":"殷官超,钟杰","ISTK":0,"ZCMC":"9周","YPSJDD":"1-12周 星期三 第6节-第7节 南湖北-学海楼-607,1-5周 星期五 第6节-第7节 南湖北-学海楼-607,7-9周 星期五 第6节-第7节 南湖北-学海楼-607,9周 星期日 第6节-第7节 南湖北-学海楼-607,11-13周 星期五 第6节-第7节 南湖北-学海楼-607","XF":3,"SKXQ":7,"XNXQDM":"2024-2025-2","KCM":"半导体物理基础C","JASDM":"0201050607","JXLDM":"020105","JXBID":"20242-02816","SKBJ":"新能源2201","TYXMDM":null,"KCH":"10034117074"},{"KKDWDM":"003","XS":32,"BYBZ":"0","JSJC":2,"XXXQDM":"02","KXH":"01","KSJC":1,"XKZRS":34,"SKZC":"000000001000000000000000000000","SKJS":"陈超","ISTK":0,"ZCMC":"9周","YPSJDD":"9周 星期四 第1节-第2节 南湖北-学海楼-607,11-16周 星期四 第1节-第2节 南湖北-学海楼-607,9-15周 星期二 第3节-第4节 南湖北-学海楼-607","XF":2,"SKXQ":4,"XNXQDM":"2024-2025-2","KCM":"焊接装备及自动化","JASDM":"0201050607","JXLDM":"020105","JXBID":"20242-02159","SKBJ":"成型zy2201","TYXMDM":null,"KCH":"10035121048"},{"KKDWDM":"003","XS":32,"BYBZ":"0","JSJC":2,"XXXQDM":"02","KXH":"01","KSJC":1,"XKZRS":34,"SKZC":"000000000011111100000000000000","SKJS":"陈超","ISTK":0,"ZCMC":"11-16周","YPSJDD":"9周 星期四 第1节-第2节 南湖北-学海楼-607,11-16周 星期四 第1节-第2节 南湖北-学海楼-607,9-15周 星期二 第3节-第4节 南湖北-学海楼-607","XF":2,"SKXQ":4,"XNXQDM":"2024-2025-2","KCM":"焊接装备及自动化","JASDM":"0201050607","JXLDM":"020105","JXBID":"20242-02159","SKBJ":"成型zy2201","TYXMDM":null,"KCH":"10035121048"},{"KKDWDM":"003","XS":48,"BYBZ":"0","JSJC":7,"XXXQDM":"02","KXH":"01","KSJC":6,"XKZRS":35,"SKZC":"000000000011100000000000000000","SKJS":"殷官超,钟杰","ISTK":0,"ZCMC":"11-13周","YPSJDD":"1-12周 星期三 第6节-第7节 南湖北-学海楼-607,1-5周 星期五 第6节-第7节 南湖北-学海楼-607,7-9周 星期五 第6节-第7节 南湖北-学海楼-607,9周 星期日 第6节-第7节 南湖北-学海楼-607,11-13周 星期五 第6节-第7节 南湖北-学海楼-607","XF":3,"SKXQ":5,"XNXQDM":"2024-2025-2","KCM":"半导体物理基础C","JASDM":"0201050607","JXLDM":"020105","JXBID":"20242-02816","SKBJ":"新能源2201","TYXMDM":null,"KCH":"10034117074"},{"KKDWDM":"022","XS":40,"BYBZ":"0","JSJC":4,"XXXQDM":"02","KXH":"01","KSJC":1,"XKZRS":12,"SKZC":"000000000011100000000000000000","SKJS":"龚晓川","ISTK":0,"ZCMC":"11-13周","YPSJDD":"11-13周 星期日 第1节-第4节 南湖北-学海楼-607,7-8周 星期日 第1节-第4节 南湖北-学海楼-607,1-5周 星期日 第1节-第4节 南湖北-学海楼-607","XF":2,"SKXQ":7,"XNXQDM":"2024-2025-2","KCM":"经济法","JASDM":"0201050607","JXLDM":"020105","JXBID":"20242-12460","SKBJ":"工商fx2023","TYXMDM":null,"KCH":"10224121181"},{"KKDWDM":"017","XS":40,"BYBZ":"0","JSJC":10,"XXXQDM":"02","KXH":"01","KSJC":6,"XKZRS":12,"SKZC":"000000000010000000000000000000","SKJS":"石路","ISTK":0,"ZCMC":"11周","YPSJDD":"1-5周 星期日 第6节-第10节 南湖北-学海楼-607,11周 星期日 第6节-第10节 南湖北-学海楼-607,7-8周 星期日 第6节-第10节 南湖北-学海楼-607","XF":2,"SKXQ":7,"XNXQDM":"2024-2025-2","KCM":"会计学原理","JASDM":"0201050607","JXLDM":"020105","JXBID":"20242-12457","SKBJ":"工商fx2023","TYXMDM":null,"KCH":"10174121247"},{"KKDWDM":"003","XS":48,"BYBZ":"0","JSJC":5,"XXXQDM":"02","KXH":"01","KSJC":3,"XKZRS":35,"SKZC":"000000000001110000000000000000","SKJS":"田晶,祝振奇","ISTK":0,"ZCMC":"12-14周","YPSJDD":"16-17周 星期一 第3节-第5节 南湖北-学海楼-607,12-14周 星期一 第3节-第5节 南湖北-学海楼-607,1-10周 星期一 第3节-第5节 南湖北-学海楼-607,17周 星期二 第3节-第5节 南湖北-学海楼-607","XF":3,"SKXQ":1,"XNXQDM":"2024-2025-2","KCM":"理论物理C","JASDM":"0201050607","JXLDM":"020105","JXBID":"20242-05666","SKBJ":"材物2301","TYXMDM":null,"KCH":"10034121098"},{"KKDWDM":"003","XS":32,"BYBZ":"0","JSJC":4,"XXXQDM":"02","KXH":"01","KSJC":3,"XKZRS":26,"SKZC":"000000000001000000000000000000","SKJS":"李蔚,殷官超,童金辉,胡执一","ISTK":0,"ZCMC":"12周","YPSJDD":"9周 星期日 第3节-第5节 南湖北-学海楼-607,1-5周,7-9周,11周 星期五 第3节-第5节 南湖北-学海楼-607,12周 星期五 第3节-第4节 南湖北-学海楼-607","XF":2,"SKXQ":5,"XNXQDM":"2024-2025-2","KCM":"半导体材料与器件","JASDM":"0201050607","JXLDM":"020105","JXBID":"20242-03087","SKBJ":"材化2201","TYXMDM":null,"KCH":"10107311005"},{"KKDWDM":"022","XS":48,"BYBZ":"0","JSJC":5,"XXXQDM":"02","KXH":"01","KSJC":3,"XKZRS":34,"SKZC":"0000000000001000000000000","SKJS":null,"ISTK":0,"ZCMC":"13周","YPSJDD":"2-5周,7-9周,11-12周 星期六 第1节-第5节 南湖北-学海楼-607,13周 星期六 第3节-第5节 南湖北-学海楼-607","XF":3,"SKXQ":6,"XNXQDM":"2024-2025-2","KCM":"中级汉语读写2","JASDM":"0201050607","JXLDM":"020105","JXBID":"20242-14303","SKBJ":null,"TYXMDM":null,"KCH":"10221124002"},{"KKDWDM":"017","XS":54,"BYBZ":"0","JSJC":9,"XXXQDM":"02","KXH":"01","KSJC":6,"XKZRS":12,"SKZC":"000000000000100000000000","SKJS":"王家祺","ISTK":0,"ZCMC":"13周","YPSJDD":"13周 星期六 第6节-第9节 南湖北-学海楼-607,1-5周,7-9周,11-12周 星期六 第6节-第10节 南湖北-学海楼-607","XF":3,"SKXQ":6,"XNXQDM":"2024-2025-2","KCM":"管理学原理","JASDM":"0201050607","JXLDM":"020105","JXBID":"20242-12458","SKBJ":"工商fx2023","TYXMDM":null,"KCH":"10174121249"},{"KKDWDM":"003","XS":48,"BYBZ":"0","JSJC":5,"XXXQDM":"02","KXH":"01","KSJC":3,"XKZRS":35,"SKZC":"000000000000000110000000000000","SKJS":"田晶,祝振奇","ISTK":0,"ZCMC":"16-17周","YPSJDD":"16-17周 星期一 第3节-第5节 南湖北-学海楼-607,12-14周 星期一 第3节-第5节 南湖北-学海楼-607,1-10周 星期一 第3节-第5节 南湖北-学海楼-607,17周 星期二 第3节-第5节 南湖北-学海楼-607","XF":3,"SKXQ":1,"XNXQDM":"2024-2025-2","KCM":"理论物理C","JASDM":"0201050607","JXLDM":"020105","JXBID":"20242-05666","SKBJ":"材物2301","TYXMDM":null,"KCH":"10034121098"},{"KKDWDM":"017","XS":40,"BYBZ":"0","JSJC":12,"XXXQDM":"02","KXH":"01","KSJC":11,"XKZRS":12,"SKZC":"000000000000000100000000","SKJS":"王红军","ISTK":0,"ZCMC":"16周","YPSJDD":"16周 星期六 第6节-第7节 南湖北-学海楼-607,16周 星期六 第11节-第12节 南湖北-学海楼-607,1-5周,7-9周,11-13周,15周 星期六 第11节-第13节 南湖北-学海楼-607","XF":2,"SKXQ":6,"XNXQDM":"2024-2025-2","KCM":"统计学","JASDM":"0201050607","JXLDM":"020105","JXBID":"20242-12456","SKBJ":"工商fx2023","TYXMDM":null,"KCH":"10174121240"},{"KKDWDM":"017","XS":40,"BYBZ":"0","JSJC":7,"XXXQDM":"02","KXH":"01","KSJC":6,"XKZRS":12,"SKZC":"000000000000000100000000","SKJS":"王红军","ISTK":0,"ZCMC":"16周","YPSJDD":"16周 星期六 第6节-第7节 南湖北-学海楼-607,16周 星期六 第11节-第12节 南湖北-学海楼-607,1-5周,7-9周,11-13周,15周 星期六 第11节-第13节 南湖北-学海楼-607","XF":2,"SKXQ":6,"XNXQDM":"2024-2025-2","KCM":"统计学","JASDM":"0201050607","JXLDM":"020105","JXBID":"20242-12456","SKBJ":"工商fx2023","TYXMDM":null,"KCH":"10174121240"},{"KKDWDM":"003","XS":48,"BYBZ":"0","JSJC":5,"XXXQDM":"02","KXH":"01","KSJC":3,"XKZRS":35,"SKZC":"000000000000000010000000000000","SKJS":"田晶,祝振奇","ISTK":0,"ZCMC":"17周","YPSJDD":"16-17周 星期一 第3节-第5节 南湖北-学海楼-607,12-14周 星期一 第3节-第5节 南湖北-学海楼-607,1-10周 星期一 第3节-第5节 南湖北-学海楼-607,17周 星期二 第3节-第5节 南湖北-学海楼-607","XF":3,"SKXQ":2,"XNXQDM":"2024-2025-2","KCM":"理论物理C","JASDM":"0201050607","JXLDM":"020105","JXBID":"20242-05666","SKBJ":"材物2301","TYXMDM":null,"KCH":"10034121098"}]}},"code":"0"}