{"datas":{"jaskcb":{"extParams":{"code":1,"msg":"查询成功"},"pageSize":0,"pageNumber":0,"totalSize":-1,"rows":[{"KKDWDM":"011","XS":48,"BYBZ":"0","JSJC":2,"XXXQDM":"02","KXH":"01","KSJC":1,"XKZRS":40,"SKZC":"111111111111000000000000000000","SKJS":"王一鸣","ISTK":0,"ZCMC":"1-12周","YPSJDD":"12-13周 星期一 第6节-第7节 南湖北-爱特楼-303,1-10周 星期一 第6节-第7节 南湖北-爱特楼-303,1-12周 星期三 第1节-第2节 南湖北-爱特楼-303","XF":3,"SKXQ":3,"XNXQDM":"2024-2025-2","KCM":"通信原理D","JASDM":"0201010303","JXLDM":"020101","JXBID":"20242-03912","SKBJ":"电子2201-02","TYXMDM":null,"KCH":"10114117044"},{"KKDWDM":"013","XS":40,"BYBZ":"0","JSJC":5,"XXXQDM":"02","KXH":"06","KSJC":3,"XKZRS":100,"SKZC":"111111111111000000000000000000","SKJS":"孟培培,罗冰洋","ISTK":0,"ZCMC":"1-12周","YPSJDD":"1-12周 星期二 第3节-第5节 南湖北-爱特楼-303,13-14周 星期二 第3节-第4节 南湖北-爱特楼-303","XF":2,"SKXQ":2,"XNXQDM":"2024-2025-2","KCM":"电机学（上）","JASDM":"0201010303","JXLDM":"020101","JXBID":"20242-10430","SKBJ":"电气2303-04","TYXMDM":null,"KCH":"10134121078"},{"KKDWDM":"011","XS":48,"BYBZ":"0","JSJC":7,"XXXQDM":"02","KXH":"01","KSJC":6,"XKZRS":40,"SKZC":"111111111100000000000000000000","SKJS":"王一鸣","ISTK":0,"ZCMC":"1-10周","YPSJDD":"12-13周 星期一 第6节-第7节 南湖北-爱特楼-303,1-10周 星期一 第6节-第7节 南湖北-爱特楼-303,1-12周 星期三 第1节-第2节 南湖北-爱特楼-303","XF":3,"SKXQ":1,"XNXQDM":"2024-2025-2","KCM":"通信原理D","JASDM":"0201010303","JXLDM":"020101","JXBID":"20242-03912","SKBJ":"电子2201-02","TYXMDM":null,"KCH":"10114117044"},{"KKDWDM":"003","XS":32,"BYBZ":"0","JSJC":8,"XXXQDM":"02","KXH":"08","KSJC":6,"XKZRS":75,"SKZC":"111111111100000000000000","SKJS":"刘爽","ISTK":0,"ZCMC":"1-10周","YPSJDD":"11周 星期二 第6节-第7节 南湖北-爱特楼-303,1-10周 星期二 第6节-第8节 南湖北-爱特楼-303","XF":2,"SKXQ":2,"XNXQDM":"2024-2025-2","KCM":"聚合物形态与结构B","JASDM":"0201010303","JXLDM":"020101","JXBID":"20242-10958","SKBJ":"新能源2201,材科2201-03,材科2205","TYXMDM":null,"KCH":"10036113043"},{"KKDWDM":"013","XS":40,"BYBZ":"0","JSJC":2,"XXXQDM":"02","KXH":"04","KSJC":1,"XKZRS":57,"SKZC":"111111111000000000000000000000","SKJS":"罗璠","ISTK":0,"ZCMC":"1-9周","YPSJDD":"11-17周 星期四 第1节-第2节 南湖北-爱特楼-303,1-9周 星期四 第1节-第2节 南湖北-爱特楼-303","XF":2,"SKXQ":4,"XNXQDM":"2024-2025-2","KCM":"程序设计方法(C++)","JASDM":"0201010303","JXLDM":"020101","JXBID":"20242-04839","SKBJ":"电气2302-05,电气zy2301","TYXMDM":null,"KCH":"10135121039"},{"KKDWDM":"003","XS":16,"BYBZ":"0","JSJC":2,"XXXQDM":"02","KXH":"01","KSJC":1,"XKZRS":25,"SKZC":"11111111","SKJS":"郑伟宏","ISTK":0,"ZCMC":"1-8周","YPSJDD":"1-8周 星期一 第1节-第2节 南湖北-爱特楼-303","XF":1,"SKXQ":1,"XNXQDM":"2024-2025-2","KCM":"光电子材料及应用","JASDM":"0201010303","JXLDM":"020101","JXBID":"20242-03483","SKBJ":"新能源2201,材物2201","TYXMDM":null,"KCH":"10036111003"},{"KKDWDM":"011","XS":32,"BYBZ":"0","JSJC":5,"XXXQDM":"02","KXH":"06","KSJC":3,"XKZRS":69,"SKZC":"11111111","SKJS":"靳淇文","ISTK":0,"ZCMC":"1-8周","YPSJDD":"1-8周 星期三 第3节-第5节 南湖北-爱特楼-303","XF":2,"SKXQ":3,"XNXQDM":"2024-2025-2","KCM":"数字图像处理E","JASDM":"0201010303","JXLDM":"020101","JXBID":"20242-10615","SKBJ":"电信2203-04","TYXMDM":null,"KCH":"10115117023"},{"KKDWDM":"011","XS":48,"BYBZ":"0","JSJC":5,"XXXQDM":"02","KXH":"01","KSJC":3,"XKZRS":76,"SKZC":"111110000000000000000000000000","SKJS":"贺振华","ISTK":0,"ZCMC":"1-5周","YPSJDD":"1-5周 星期五 第3节-第5节 南湖北-爱特楼-303,17周 星期三 第3节-第5节 南湖北-爱特楼-303,11-16周 星期五 第3节-第5节 南湖北-爱特楼-303,7-9周 星期五 第3节-第5节 南湖北-爱特楼-303,9周 星期日 第3节-第5节 南湖北-爱特楼-303","XF":3,"SKXQ":5,"XNXQDM":"2024-2025-2","KCM":"量子力学","JASDM":"0201010303","JXLDM":"020101","JXBID":"20242-05473","SKBJ":"电子2301-02","TYXMDM":null,"KCH":"10114121063"},{"KKDWDM":"016","XS":32,"BYBZ":"0","JSJC":4,"XXXQDM":"02","KXH":"01","KSJC":1,"XKZRS":49,"SKZC":"111100000000000000000000","SKJS":"李单,郑化","ISTK":0,"ZCMC":"1-4周","YPSJDD":"1-4周 星期六 第1节-第4节 南湖北-爱特楼-303","XF":2,"SKXQ":6,"XNXQDM":"2024-2025-2","KCM":"靶向纳米给药系统的设计、制备与评价(JD)","JASDM":"0201010303","JXLDM":"020101","JXBID":"20242-08111","SKBJ":"公选-08111","TYXMDM":null,"KCH":"10161121153"},{"KKDWDM":"011","XS":40,"BYBZ":"0","JSJC":5,"XXXQDM":"02","KXH":"02","KSJC":3,"XKZRS":null,"SKZC":"110000000000000000000000000000","SKJS":"李平安","ISTK":0,"ZCMC":"1-2周","YPSJDD":"1-2周 星期四 第3节-第5节 南湖北-爱特楼-303","XF":2,"SKXQ":4,"XNXQDM":"2024-2025-2","KCM":"移动通信A","JASDM":"0201010303","JXLDM":"020101","JXBID":"20242-02144","SKBJ":"通信2204-06","TYXMDM":null,"KCH":"10147311002"},{"KKDWDM":"022","XS":96,"BYBZ":"0","JSJC":10,"XXXQDM":"02","KXH":"01","KSJC":6,"XKZRS":35,"SKZC":"0111101110111011000000000","SKJS":"曾李,黄雪晴","ISTK":0,"ZCMC":"2-5周,7-9周,11-13周,15-16周","YPSJDD":"2-5周,7-8周,11-13周 星期日 第1节-第4节 南湖北-爱特楼-303,2-5周,7-9周,11-13周,15-16周 星期六 第6节-第10节 南湖北-爱特楼-303","XF":6,"SKXQ":6,"XNXQDM":"2024-2025-2","KCM":"中级汉语综合2","JASDM":"0201010303","JXLDM":"020101","JXBID":"20242-14301","SKBJ":null,"TYXMDM":null,"KCH":"30221124006"},{"KKDWDM":"022","XS":96,"BYBZ":"0","JSJC":4,"XXXQDM":"02","KXH":"01","KSJC":1,"XKZRS":35,"SKZC":"0111101100111000000000000","SKJS":"曾李,黄雪晴","ISTK":0,"ZCMC":"2-5周,7-8周,11-13周","YPSJDD":"2-5周,7-8周,11-13周 星期日 第1节-第4节 南湖北-爱特楼-303,2-5周,7-9周,11-13周,15-16周 星期六 第6节-第10节 南湖北-爱特楼-303","XF":6,"SKXQ":7,"XNXQDM":"2024-2025-2","KCM":"中级汉语综合2","JASDM":"0201010303","JXLDM":"020101","JXBID":"20242-14301","SKBJ":null,"TYXMDM":null,"KCH":"30221124006"},{"KKDWDM":"011","XS":48,"BYBZ":"0","JSJC":5,"XXXQDM":"02","KXH":"01","KSJC":3,"XKZRS":76,"SKZC":"000000111000000000000000000000","SKJS":"贺振华","ISTK":0,"ZCMC":"7-9周","YPSJDD":"1-5周 星期五 第3节-第5节 南湖北-爱特楼-303,17周 星期三 第3节-第5节 南湖北-爱特楼-303,11-16周 星期五 第3节-第5节 南湖北-爱特楼-303,7-9周 星期五 第3节-第5节 南湖北-爱特楼-303,9周 星期日 第3节-第5节 南湖北-爱特楼-303","XF":3,"SKXQ":5,"XNXQDM":"2024-2025-2","KCM":"量子力学","JASDM":"0201010303","JXLDM":"020101","JXBID":"20242-05473","SKBJ":"电子2301-02","TYXMDM":null,"KCH":"10114121063"},{"KKDWDM":"011","XS":48,"BYBZ":"0","JSJC":5,"XXXQDM":"02","KXH":"01","KSJC":3,"XKZRS":76,"SKZC":"000000001000000000000000000000","SKJS":"贺振华","ISTK":0,"ZCMC":"9周","YPSJDD":"1-5周 星期五 第3节-第5节 南湖北-爱特楼-303,17周 星期三 第3节-第5节 南湖北-爱特楼-303,11-16周 星期五 第3节-第5节 南湖北-爱特楼-303,7-9周 星期五 第3节-第5节 南湖北-爱特楼-303,9周 星期日 第3节-第5节 南湖北-爱特楼-303","XF":3,"SKXQ":7,"XNXQDM":"2024-2025-2","KCM":"量子力学","JASDM":"0201010303","JXLDM":"020101","JXBID":"20242-05473","SKBJ":"电子2301-02","TYXMDM":null,"KCH":"10114121063"},{"KKDWDM":"013","XS":40,"BYBZ":"0","JSJC":2,"XXXQDM":"02","KXH":"04","KSJC":1,"XKZRS":57,"SKZC":"000000000011111110000000000000","SKJS":"罗璠","ISTK":0,"ZCMC":"11-17周","YPSJDD":"11-17周 星期四 第1节-第2节 南湖北-爱特楼-303,1-9周 星期四 第1节-第2节 南湖北-爱特楼-303","XF":2,"SKXQ":4,"XNXQDM":"2024-2025-2","KCM":"程序设计方法(C++)","JASDM":"0201010303","JXLDM":"020101","JXBID":"20242-04839","SKBJ":"电气2302-05,电气zy2301","TYXMDM":null,"KCH":"10135121039"},{"KKDWDM":"011","XS":48,"BYBZ":"0","JSJC":5,"XXXQDM":"02","KXH":"01","KSJC":3,"XKZRS":76,"SKZC":"000000000011111100000000000000","SKJS":"贺振华","ISTK":0,"ZCMC":"11-16周","YPSJDD":"1-5周 星期五 第3节-第5节 南湖北-爱特楼-303,17周 星期三 第3节-第5节 南湖北-爱特楼-303,11-16周 星期五 第3节-第5节 南湖北-爱特楼-303,7-9周 星期五 第3节-第5节 南湖北-爱特楼-303,9周 星期日 第3节-第5节 南湖北-爱特楼-303","XF":3,"SKXQ":5,"XNXQDM":"2024-2025-2","KCM":"量子力学","JASDM":"0201010303","JXLDM":"020101","JXBID":"20242-05473","SKBJ":"电子2301-02","TYXMDM":null,"KCH":"10114121063"},{"KKDWDM":"003","XS":32,"BYBZ":"0","JSJC":7,"XXXQDM":"02","KXH":"08","KSJC":6,"XKZRS":75,"SKZC":"000000000010000000000000","SKJS":"刘爽","ISTK":0,"ZCMC":"11周","YPSJDD":"11周 星期二 第6节-第7节 南湖北-爱特楼-303,1-10周 星期二 第6节-第8节 南湖北-爱特楼-303","XF":2,"SKXQ":2,"XNXQDM":"2024-2025-2","KCM":"聚合物形态与结构B","JASDM":"0201010303","JXLDM":"020101","JXBID":"20242-10958","SKBJ":"新能源2201,材科2201-03,材科2205","TYXMDM":null,"KCH":"10036113043"},{"KKDWDM":"011","XS":48,"BYBZ":"0","JSJC":7,"XXXQDM":"02","KXH":"01","KSJC":6,"XKZRS":40,"SKZC":"000000000001100000000000000000","SKJS":"王一鸣","ISTK":0,"ZCMC":"12-13周","YPSJDD":"12-13周 星期一 第6节-第7节 南湖北-爱特楼-303,1-10周 星期一 第6节-第7节 南湖北-爱特楼-303,1-12周 星期三 第1节-第2节 南湖北-爱特楼-303","XF":3,"SKXQ":1,"XNXQDM":"2024-2025-2","KCM":"通信原理D","JASDM":"0201010303","JXLDM":"020101","JXBID":"20242-03912","SKBJ":"电子2201-02","TYXMDM":null,"KCH":"10114117044"},{"KKDWDM":"013","XS":40,"BYBZ":"0","JSJC":4,"XXXQDM":"02","KXH":"06","KSJC":3,"XKZRS":100,"SKZC":"000000000000110000000000000000","SKJS":"孟培培,罗冰洋","ISTK":0,"ZCMC":"13-14周","YPSJDD":"1-12周 星期二 第3节-第5节 南湖北-爱特楼-303,13-14周 星期二 第3节-第4节 南湖北-爱特楼-303","XF":2,"SKXQ":2,"XNXQDM":"2024-2025-2","KCM":"电机学（上）","JASDM":"0201010303","JXLDM":"020101","JXBID":"20242-10430","SKBJ":"电气2303-04","TYXMDM":null,"KCH":"10134121078"},{"KKDWDM":"011","XS":48,"BYBZ":"0","JSJC":5,"XXXQDM":"02","KXH":"01","KSJC":3,"XKZRS":76,"SKZC":"000000000000000010000000000000","SKJS":"贺振华","ISTK":0,"ZCMC":"17周","YPSJDD":"1-5周 星期五 第3节-第5节 南湖北-爱特楼-303,17周 星期三 第3节-第5节 南湖北-爱特楼-303,11-16周 星期五 第3节-第5节 南湖北-爱特楼-303,7-9周 星期五 第3节-第5节 南湖北-爱特楼-303,9周 星期日 第3节-第5节 南湖北-爱特楼-303","XF":3,"SKXQ":3,"XNXQDM":"2024-2025-2","KCM":"量子力学","JASDM":"0201010303","JXLDM":"020101","JXBID":"20242-05473","SKBJ":"电子2301-02","TYXMDM":null,"KCH":"10114121063"}]}},"code":"0"}