{"datas":{"jaskcb":{"extParams":{"code":1,"msg":"查询成功"},"pageSize":0,"pageNumber":0,"totalSize":-1,"rows":[{"KKDWDM":null,"XS":null,"BYBZ":"1","JSJC":5,"XXXQDM":null,"KXH":null,"KSJC":3,"XKZRS":null,"SKZC":"000011111111111100000000000000","SKJS":"娄平","ISTK":0,"ZCMC":"5-16周","YPSJDD":null,"XF":null,"SKXQ":4,"XNXQDM":"2024-2025-2","KCM":"网络环境下的智能控制","JASDM":"0201011813","JXLDM":null,"JXBID":null,"SKBJ":null,"TYXMDM":null,"KCH":"60110223002"},{"KKDWDM":null,"XS":null,"BYBZ":"1","JSJC":5,"XXXQDM":null,"KXH":null,"KSJC":3,"XKZRS":null,"SKZC":"000001111111111110000000000000","SKJS":"孟伟","ISTK":0,"ZCMC":"6-17周","YPSJDD":null,"XF":null,"SKXQ":5,"XNXQDM":"2024-2025-2","KCM":"智能机器人","JASDM":"0201011813","JXLDM":null,"JXBID":null,"SKBJ":null,"TYXMDM":null,"KCH":"60110323004"}]}},"code":"0"}