{"datas":{"jaskcb":{"extParams":{"code":1,"msg":"查询成功"},"pageSize":0,"pageNumber":0,"totalSize":-1,"rows":[{"KKDWDM":"044","XS":32,"BYBZ":"0","JSJC":13,"XXXQDM":"02","KXH":"01","KSJC":11,"XKZRS":95,"SKZC":"111111111100000000000000","SKJS":"龚向阳","ISTK":0,"ZCMC":"1-10周","YPSJDD":"12周 星期一 第11节-第12节 南湖北-北教二-302,1-10周 星期一 第11节-第13节 南湖北-北教二-302","XF":2,"SKXQ":1,"XNXQDM":"2024-2025-2","KCM":"流行歌曲演唱(GX)","JASDM":"0201030302","JXLDM":"020103","JXBID":"20242-09023","SKBJ":"公选-09023","TYXMDM":null,"KCH":"10442121016"},{"KKDWDM":"044","XS":32,"BYBZ":"0","JSJC":13,"XXXQDM":"02","KXH":"02","KSJC":11,"XKZRS":82,"SKZC":"111111111100000000000000","SKJS":"龚向阳","ISTK":0,"ZCMC":"1-10周","YPSJDD":"11周 星期三 第11节-第12节 南湖北-北教二-302,1-10周 星期三 第11节-第13节 南湖北-北教二-302","XF":2,"SKXQ":3,"XNXQDM":"2024-2025-2","KCM":"流行歌曲演唱(GX)","JASDM":"0201030302","JXLDM":"020103","JXBID":"20242-11452","SKBJ":"公选-11452","TYXMDM":null,"KCH":"10442121016"},{"KKDWDM":"044","XS":32,"BYBZ":"0","JSJC":13,"XXXQDM":"02","KXH":"01","KSJC":11,"XKZRS":34,"SKZC":"111111111100000000000000","SKJS":"龚向阳","ISTK":0,"ZCMC":"1-10周","YPSJDD":"11周 星期二 第11节-第12节 南湖北-北教二-302,1-10周 星期二 第11节-第13节 南湖北-北教二-302","XF":2,"SKXQ":2,"XNXQDM":"2024-2025-2","KCM":"民谣吉他演奏入门(GX)","JASDM":"0201030302","JXLDM":"020103","JXBID":"20242-09150","SKBJ":"公选-09150","TYXMDM":null,"KCH":"10442121015"},{"KKDWDM":"044","XS":32,"BYBZ":"0","JSJC":13,"XXXQDM":"02","KXH":"02","KSJC":11,"XKZRS":34,"SKZC":"111111111010000000000000","SKJS":"龚向阳","ISTK":0,"ZCMC":"1-9周,11周","YPSJDD":"12周 星期四 第11节-第12节 南湖北-北教二-302,1-9周,11周 星期四 第11节-第13节 南湖北-北教二-302","XF":2,"SKXQ":4,"XNXQDM":"2024-2025-2","KCM":"民谣吉他演奏入门(GX)","JASDM":"0201030302","JXLDM":"020103","JXBID":"20242-11451","SKBJ":"公选-11451","TYXMDM":null,"KCH":"10442121015"},{"KKDWDM":"044","XS":32,"BYBZ":"0","JSJC":12,"XXXQDM":"02","KXH":"02","KSJC":11,"XKZRS":82,"SKZC":"000000000010000000000000","SKJS":"龚向阳","ISTK":0,"ZCMC":"11周","YPSJDD":"11周 星期三 第11节-第12节 南湖北-北教二-302,1-10周 星期三 第11节-第13节 南湖北-北教二-302","XF":2,"SKXQ":3,"XNXQDM":"2024-2025-2","KCM":"流行歌曲演唱(GX)","JASDM":"0201030302","JXLDM":"020103","JXBID":"20242-11452","SKBJ":"公选-11452","TYXMDM":null,"KCH":"10442121016"},{"KKDWDM":"044","XS":32,"BYBZ":"0","JSJC":12,"XXXQDM":"02","KXH":"01","KSJC":11,"XKZRS":34,"SKZC":"000000000010000000000000","SKJS":"龚向阳","ISTK":0,"ZCMC":"11周","YPSJDD":"11周 星期二 第11节-第12节 南湖北-北教二-302,1-10周 星期二 第11节-第13节 南湖北-北教二-302","XF":2,"SKXQ":2,"XNXQDM":"2024-2025-2","KCM":"民谣吉他演奏入门(GX)","JASDM":"0201030302","JXLDM":"020103","JXBID":"20242-09150","SKBJ":"公选-09150","TYXMDM":null,"KCH":"10442121015"},{"KKDWDM":"044","XS":32,"BYBZ":"0","JSJC":12,"XXXQDM":"02","KXH":"01","KSJC":11,"XKZRS":95,"SKZC":"000000000001000000000000","SKJS":"龚向阳","ISTK":0,"ZCMC":"12周","YPSJDD":"12周 星期一 第11节-第12节 南湖北-北教二-302,1-10周 星期一 第11节-第13节 南湖北-北教二-302","XF":2,"SKXQ":1,"XNXQDM":"2024-2025-2","KCM":"流行歌曲演唱(GX)","JASDM":"0201030302","JXLDM":"020103","JXBID":"20242-09023","SKBJ":"公选-09023","TYXMDM":null,"KCH":"10442121016"},{"KKDWDM":"044","XS":32,"BYBZ":"0","JSJC":12,"XXXQDM":"02","KXH":"02","KSJC":11,"XKZRS":34,"SKZC":"000000000001000000000000","SKJS":"龚向阳","ISTK":0,"ZCMC":"12周","YPSJDD":"12周 星期四 第11节-第12节 南湖北-北教二-302,1-9周,11周 星期四 第11节-第13节 南湖北-北教二-302","XF":2,"SKXQ":4,"XNXQDM":"2024-2025-2","KCM":"民谣吉他演奏入门(GX)","JASDM":"0201030302","JXLDM":"020103","JXBID":"20242-11451","SKBJ":"公选-11451","TYXMDM":null,"KCH":"10442121015"}]}},"code":"0"}