{"datas":{"jaskcb":{"extParams":{"code":1,"msg":"查询成功"},"pageSize":0,"pageNumber":0,"totalSize":-1,"rows":[{"KKDWDM":"012","XS":32,"BYBZ":"0","JSJC":9,"XXXQDM":"02","KXH":"01","KSJC":6,"XKZRS":75,"SKZC":"111111110000000000000000","SKJS":"刘伟","ISTK":0,"ZCMC":"1-8周","YPSJDD":"1-8周 星期二 第6节-第9节 南湖北-学海楼-308","XF":1,"SKXQ":2,"XNXQDM":"2024-2025-2","KCM":"分布式并行计算实验","JASDM":"0201050308","JXLDM":"020105","JXBID":"20242-02809","SKBJ":"大数据2201-02","TYXMDM":null,"KCH":"10124221079"},{"KKDWDM":"012","XS":32,"BYBZ":"0","JSJC":9,"XXXQDM":"02","KXH":"02","KSJC":6,"XKZRS":80,"SKZC":"111111110000000000000000","SKJS":"李晓红","ISTK":0,"ZCMC":"1-8周","YPSJDD":"1-8周 星期四 第6节-第9节 南湖北-学海楼-308","XF":1,"SKXQ":4,"XNXQDM":"2024-2025-2","KCM":"数据结构与算法综合实验","JASDM":"0201050308","JXLDM":"020105","JXBID":"20242-04569","SKBJ":"大数据2301-02","TYXMDM":null,"KCH":"10124214069"},{"KKDWDM":"012","XS":32,"BYBZ":"0","JSJC":4,"XXXQDM":"02","KXH":"01","KSJC":1,"XKZRS":80,"SKZC":"111110000000000000000000000000","SKJS":"李晓红","ISTK":0,"ZCMC":"1-5周","YPSJDD":"7-8周 星期五 第1节-第4节 南湖北-学海楼-308,9周 星期日 第1节-第4节 南湖北-学海楼-308,1-5周 星期五 第1节-第4节 南湖北-学海楼-308","XF":1,"SKXQ":5,"XNXQDM":"2024-2025-2","KCM":"数据结构与算法综合实验","JASDM":"0201050308","JXLDM":"020105","JXBID":"20242-04564","SKBJ":"人工智能2301-02","TYXMDM":null,"KCH":"10124214069"},{"KKDWDM":"012","XS":32,"BYBZ":"0","JSJC":4,"XXXQDM":"02","KXH":"01","KSJC":1,"XKZRS":80,"SKZC":"000000110000000000000000000000","SKJS":"李晓红","ISTK":0,"ZCMC":"7-8周","YPSJDD":"7-8周 星期五 第1节-第4节 南湖北-学海楼-308,9周 星期日 第1节-第4节 南湖北-学海楼-308,1-5周 星期五 第1节-第4节 南湖北-学海楼-308","XF":1,"SKXQ":5,"XNXQDM":"2024-2025-2","KCM":"数据结构与算法综合实验","JASDM":"0201050308","JXLDM":"020105","JXBID":"20242-04564","SKBJ":"人工智能2301-02","TYXMDM":null,"KCH":"10124214069"},{"KKDWDM":"012","XS":32,"BYBZ":"0","JSJC":4,"XXXQDM":"02","KXH":"01","KSJC":1,"XKZRS":80,"SKZC":"000000001000000000000000000000","SKJS":"李晓红","ISTK":0,"ZCMC":"9周","YPSJDD":"7-8周 星期五 第1节-第4节 南湖北-学海楼-308,9周 星期日 第1节-第4节 南湖北-学海楼-308,1-5周 星期五 第1节-第4节 南湖北-学海楼-308","XF":1,"SKXQ":7,"XNXQDM":"2024-2025-2","KCM":"数据结构与算法综合实验","JASDM":"0201050308","JXLDM":"020105","JXBID":"20242-04564","SKBJ":"人工智能2301-02","TYXMDM":null,"KCH":"10124214069"},{"KKDWDM":"012","XS":32,"BYBZ":"0","JSJC":9,"XXXQDM":"02","KXH":"02","KSJC":6,"XKZRS":79,"SKZC":"000000001000000000000000000000","SKJS":"袁胜琼","ISTK":0,"ZCMC":"9周","YPSJDD":"9周 星期五 第6节-第9节 南湖北-学海楼-308,11-16周 星期五 第6节-第9节 南湖北-学海楼-308,17周 星期三 第6节-第9节 南湖北-学海楼-308","XF":1,"SKXQ":5,"XNXQDM":"2024-2025-2","KCM":"软件工程基础实验","JASDM":"0201050308","JXLDM":"020105","JXBID":"20242-04507","SKBJ":"软件2301-02","TYXMDM":null,"KCH":"10124214065"},{"KKDWDM":"012","XS":32,"BYBZ":"0","JSJC":9,"XXXQDM":"02","KXH":"02","KSJC":6,"XKZRS":79,"SKZC":"000000000011111100000000000000","SKJS":"袁胜琼","ISTK":0,"ZCMC":"11-16周","YPSJDD":"9周 星期五 第6节-第9节 南湖北-学海楼-308,11-16周 星期五 第6节-第9节 南湖北-学海楼-308,17周 星期三 第6节-第9节 南湖北-学海楼-308","XF":1,"SKXQ":5,"XNXQDM":"2024-2025-2","KCM":"软件工程基础实验","JASDM":"0201050308","JXLDM":"020105","JXBID":"20242-04507","SKBJ":"软件2301-02","TYXMDM":null,"KCH":"10124214065"},{"KKDWDM":"012","XS":32,"BYBZ":"0","JSJC":9,"XXXQDM":"02","KXH":"02","KSJC":6,"XKZRS":79,"SKZC":"000000000000000010000000000000","SKJS":"袁胜琼","ISTK":0,"ZCMC":"17周","YPSJDD":"9周 星期五 第6节-第9节 南湖北-学海楼-308,11-16周 星期五 第6节-第9节 南湖北-学海楼-308,17周 星期三 第6节-第9节 南湖北-学海楼-308","XF":1,"SKXQ":3,"XNXQDM":"2024-2025-2","KCM":"软件工程基础实验","JASDM":"0201050308","JXLDM":"020105","JXBID":"20242-04507","SKBJ":"软件2301-02","TYXMDM":null,"KCH":"10124214065"}]}},"code":"0"}