{"datas":{"jaskcb":{"extParams":{"code":1,"msg":"查询成功"},"pageSize":0,"pageNumber":0,"totalSize":-1,"rows":[{"KKDWDM":"044","XS":32,"BYBZ":"0","JSJC":13,"XXXQDM":"02","KXH":"01","KSJC":11,"XKZRS":32,"SKZC":"111111111100000000000000","SKJS":"李兰萍","ISTK":0,"ZCMC":"1-10周","YPSJDD":"12周 星期一 第11节-第12节 南湖北-北教二-203,1-10周 星期一 第11节-第13节 南湖北-北教二-203","XF":2,"SKXQ":1,"XNXQDM":"2024-2025-2","KCM":"京剧身段及演唱(初级)(GX)","JASDM":"0201030203","JXLDM":"020103","JXBID":"20242-09030","SKBJ":"公选-09030","TYXMDM":null,"KCH":"10442121026"},{"KKDWDM":"044","XS":32,"BYBZ":"0","JSJC":13,"XXXQDM":"02","KXH":"01","KSJC":11,"XKZRS":33,"SKZC":"111111111010000000000000","SKJS":"刘丽","ISTK":0,"ZCMC":"1-9周,11周","YPSJDD":"12周 星期四 第11节-第12节 南湖北-北教二-203,1-9周,11周 星期四 第11节-第13节 南湖北-北教二-203","XF":2,"SKXQ":4,"XNXQDM":"2024-2025-2","KCM":"汉剧身段及唱腔表演(GX)","JASDM":"0201030203","JXLDM":"020103","JXBID":"20242-09164","SKBJ":"公选-09164","TYXMDM":null,"KCH":"10442121023"},{"KKDWDM":"044","XS":32,"BYBZ":"0","JSJC":12,"XXXQDM":"02","KXH":"01","KSJC":11,"XKZRS":32,"SKZC":"000000000001000000000000","SKJS":"李兰萍","ISTK":0,"ZCMC":"12周","YPSJDD":"12周 星期一 第11节-第12节 南湖北-北教二-203,1-10周 星期一 第11节-第13节 南湖北-北教二-203","XF":2,"SKXQ":1,"XNXQDM":"2024-2025-2","KCM":"京剧身段及演唱(初级)(GX)","JASDM":"0201030203","JXLDM":"020103","JXBID":"20242-09030","SKBJ":"公选-09030","TYXMDM":null,"KCH":"10442121026"},{"KKDWDM":"044","XS":32,"BYBZ":"0","JSJC":12,"XXXQDM":"02","KXH":"01","KSJC":11,"XKZRS":33,"SKZC":"000000000001000000000000","SKJS":"刘丽","ISTK":0,"ZCMC":"12周","YPSJDD":"12周 星期四 第11节-第12节 南湖北-北教二-203,1-9周,11周 星期四 第11节-第13节 南湖北-北教二-203","XF":2,"SKXQ":4,"XNXQDM":"2024-2025-2","KCM":"汉剧身段及唱腔表演(GX)","JASDM":"0201030203","JXLDM":"020103","JXBID":"20242-09164","SKBJ":"公选-09164","TYXMDM":null,"KCH":"10442121023"}]}},"code":"0"}