{"datas":{"jaskcb":{"extParams":{"code":1,"msg":"查询成功"},"pageSize":0,"pageNumber":0,"totalSize":-1,"rows":[{"KKDWDM":"011","XS":40,"BYBZ":"0","JSJC":2,"XXXQDM":"02","KXH":"01","KSJC":1,"XKZRS":68,"SKZC":"111111111111111100000000","SKJS":"旷海兰","ISTK":0,"ZCMC":"1-16周","YPSJDD":"1-16周 星期三 第1节-第2节 南湖北-北教三-503","XF":2,"SKXQ":3,"XNXQDM":"2024-2025-2","KCM":"数据结构与算法","JASDM":"0201040503","JXLDM":"020104","JXBID":"20242-04750","SKBJ":"电子2301-02","TYXMDM":null,"KCH":"10115121039"},{"KKDWDM":"011","XS":48,"BYBZ":"0","JSJC":5,"XXXQDM":"02","KXH":"01","KSJC":3,"XKZRS":73,"SKZC":"1111111111111111","SKJS":"贾博文","ISTK":0,"ZCMC":"1-16周","YPSJDD":"1-16周 星期三 第3节-第5节 南湖北-北教三-503","XF":3,"SKXQ":3,"XNXQDM":"2024-2025-2","KCM":"固体物理A","JASDM":"0201040503","JXLDM":"020104","JXBID":"20242-05886","SKBJ":"电子2301-02","TYXMDM":null,"KCH":"10114121059"},{"KKDWDM":"011","XS":40,"BYBZ":"0","JSJC":8,"XXXQDM":"02","KXH":"01","KSJC":6,"XKZRS":34,"SKZC":"111111111111000000000000","SKJS":"娄平","ISTK":0,"ZCMC":"1-12周","YPSJDD":"13-14周 星期二 第6节-第7节 南湖北-北教三-503,1-12周 星期二 第6节-第8节 南湖北-北教三-503","XF":2,"SKXQ":2,"XNXQDM":"2024-2025-2","KCM":"微机原理与通信接口C","JASDM":"0201040503","JXLDM":"020104","JXBID":"20242-05680","SKBJ":"电子2301-02","TYXMDM":null,"KCH":"10114112021"},{"KKDWDM":"013","XS":40,"BYBZ":"0","JSJC":5,"XXXQDM":"02","KXH":"03","KSJC":3,"XKZRS":80,"SKZC":"111111111111000000000000","SKJS":"田猛","ISTK":0,"ZCMC":"1-12周","YPSJDD":"13-14周 星期二 第3节-第4节 南湖北-北教三-503,1-12周 星期二 第3节-第5节 南湖北-北教三-503","XF":2,"SKXQ":2,"XNXQDM":"2024-2025-2","KCM":"微机原理及接口技术","JASDM":"0201040503","JXLDM":"020104","JXBID":"20242-04645","SKBJ":"机器人2301-02","TYXMDM":null,"KCH":"10134121075"},{"KKDWDM":"071","XS":36,"BYBZ":"0","JSJC":8,"XXXQDM":"02","KXH":"02","KSJC":6,"XKZRS":70,"SKZC":"111111111111","SKJS":"余旌胡","ISTK":0,"ZCMC":"1-12周","YPSJDD":"1-12周 星期三 第6节-第8节 南湖北-北教三-503","XF":2,"SKXQ":3,"XNXQDM":"2024-2025-2","KCM":"随机过程","JASDM":"0201040503","JXLDM":"020104","JXBID":"20242-03748","SKBJ":"微电子本硕2201,微电子本硕2301","TYXMDM":null,"KCH":"40150123004"},{"KKDWDM":"011","XS":64,"BYBZ":"0","JSJC":2,"XXXQDM":"02","KXH":"09","KSJC":1,"XKZRS":80,"SKZC":"111111111100000000000000000000","SKJS":"贺云","ISTK":0,"ZCMC":"1-10周","YPSJDD":"12-14周 星期一 第1节-第2节 南湖北-北教三-503,16周 星期一 第1节-第2节 南湖北-北教三-503,11-15周 星期四 第3节-第4节 南湖北-北教三-503,1-9周 星期四 第3节-第4节 南湖北-北教三-503,1-10周 星期一 第1节-第2节 南湖北-北教三-503","XF":4,"SKXQ":1,"XNXQDM":"2024-2025-2","KCM":"信号与系统A","JASDM":"0201040503","JXLDM":"020104","JXBID":"20242-10499","SKBJ":"电信2301-02","TYXMDM":null,"KCH":"10145111001"},{"KKDWDM":"011","XS":64,"BYBZ":"0","JSJC":4,"XXXQDM":"02","KXH":"12","KSJC":3,"XKZRS":68,"SKZC":"111111111100000000000000000000","SKJS":"李家普","ISTK":0,"ZCMC":"1-10周","YPSJDD":"12-14周 星期一 第3节-第4节 南湖北-北教三-503,11-15周 星期四 第1节-第2节 南湖北-北教三-503,16周 星期一 第3节-第4节 南湖北-北教三-503,1-10周 星期一 第3节-第4节 南湖北-北教三-503,1-9周 星期四 第1节-第2节 南湖北-北教三-503","XF":4,"SKXQ":1,"XNXQDM":"2024-2025-2","KCM":"信号与系统A","JASDM":"0201040503","JXLDM":"020104","JXBID":"20242-10502","SKBJ":"电信2305-06","TYXMDM":null,"KCH":"10145111001"},{"KKDWDM":"899","XS":32,"BYBZ":"0","JSJC":12,"XXXQDM":"02","KXH":"01","KSJC":11,"XKZRS":78,"SKZC":"111111111000000000000000000000","SKJS":"王曦","ISTK":0,"ZCMC":"1-9周","YPSJDD":"1-9周 星期四 第11节-第12节 南湖北-北教三-503,11周 星期四 第11节-第12节 南湖北-北教三-503","XF":2,"SKXQ":4,"XNXQDM":"2024-2025-2","KCM":"法国电影与文化(GX)","JASDM":"0201040503","JXLDM":"020104","JXBID":"20242-09170","SKBJ":"公选-09170","TYXMDM":null,"KCH":"18992121038"},{"KKDWDM":"011","XS":64,"BYBZ":"0","JSJC":4,"XXXQDM":"02","KXH":"09","KSJC":3,"XKZRS":80,"SKZC":"111111111000000000000000000000","SKJS":"贺云","ISTK":0,"ZCMC":"1-9周","YPSJDD":"12-14周 星期一 第1节-第2节 南湖北-北教三-503,16周 星期一 第1节-第2节 南湖北-北教三-503,11-15周 星期四 第3节-第4节 南湖北-北教三-503,1-9周 星期四 第3节-第4节 南湖北-北教三-503,1-10周 星期一 第1节-第2节 南湖北-北教三-503","XF":4,"SKXQ":4,"XNXQDM":"2024-2025-2","KCM":"信号与系统A","JASDM":"0201040503","JXLDM":"020104","JXBID":"20242-10499","SKBJ":"电信2301-02","TYXMDM":null,"KCH":"10145111001"},{"KKDWDM":"011","XS":64,"BYBZ":"0","JSJC":2,"XXXQDM":"02","KXH":"12","KSJC":1,"XKZRS":68,"SKZC":"111111111000000000000000000000","SKJS":"李家普","ISTK":0,"ZCMC":"1-9周","YPSJDD":"12-14周 星期一 第3节-第4节 南湖北-北教三-503,11-15周 星期四 第1节-第2节 南湖北-北教三-503,16周 星期一 第3节-第4节 南湖北-北教三-503,1-10周 星期一 第3节-第4节 南湖北-北教三-503,1-9周 星期四 第1节-第2节 南湖北-北教三-503","XF":4,"SKXQ":4,"XNXQDM":"2024-2025-2","KCM":"信号与系统A","JASDM":"0201040503","JXLDM":"020104","JXBID":"20242-10502","SKBJ":"电信2305-06","TYXMDM":null,"KCH":"10145111001"},{"KKDWDM":"003","XS":32,"BYBZ":"0","JSJC":10,"XXXQDM":"02","KXH":"01","KSJC":9,"XKZRS":52,"SKZC":"111111110000000000000000000000","SKJS":"平航,王堃","ISTK":0,"ZCMC":"1-8周","YPSJDD":"9周 星期日 第1节-第2节 南湖北-爱特楼-203,1-8周 星期三 第9节-第10节 南湖北-北教三-503,7-8周 星期五 第1节-第2节 南湖北-爱特楼-203,1-5周 星期五 第1节-第2节 南湖北-爱特楼-203","XF":2,"SKXQ":3,"XNXQDM":"2024-2025-2","KCM":"太阳能电池材料与器件","JASDM":"0201040503","JXLDM":"020104","JXBID":"20242-03332","SKBJ":"新能源2201,材化2201","TYXMDM":null,"KCH":"10035113011"},{"KKDWDM":"022","XS":32,"BYBZ":"0","JSJC":8,"XXXQDM":"02","KXH":"01","KSJC":6,"XKZRS":30,"SKZC":"111110111011000000000000","SKJS":"李静蓉","ISTK":0,"ZCMC":"1-5周,7-9周,11-12周","YPSJDD":"13周 星期六 第6节-第7节 南湖北-北教三-503,1-5周,7-9周,11-12周 星期六 第6节-第8节 南湖北-北教三-503","XF":2,"SKXQ":6,"XNXQDM":"2024-2025-2","KCM":"中国教育史话(GX)","JASDM":"0201040503","JXLDM":"020104","JXBID":"20242-08687","SKBJ":"公选-08687","TYXMDM":null,"KCH":"10222121320"},{"KKDWDM":"018","XS":64,"BYBZ":"0","JSJC":10,"XXXQDM":"02","KXH":"01","KSJC":6,"XKZRS":13,"SKZC":"111110110011101100000000000000","SKJS":"覃一冬","ISTK":0,"ZCMC":"1-5周,7-8周,11-13周,15-16周","YPSJDD":"1-5周,7-8周,11-13周,15-16周 星期日 第6节-第10节 南湖北-北教三-503,16周 星期六 第1节-第4节 南湖北-北教三-503","XF":4,"SKXQ":7,"XNXQDM":"2024-2025-2","KCM":"西方经济学","JASDM":"0201040503","JXLDM":"020104","JXBID":"20242-09719","SKBJ":"国贸fx2023","TYXMDM":null,"KCH":"10184121114"},{"KKDWDM":"009","XS":32,"BYBZ":"0","JSJC":5,"XXXQDM":"02","KXH":"01","KSJC":3,"XKZRS":56,"SKZC":"111110100000000000000000","SKJS":"王曦","ISTK":0,"ZCMC":"1-5周,7周","YPSJDD":"8周 星期日 第3节-第4节 南湖北-北教三-503,1-5周,7周 星期日 第3节-第5节 南湖北-北教三-503","XF":2,"SKXQ":7,"XNXQDM":"2024-2025-2","KCM":"新城市科学(JD)","JASDM":"0201040503","JXLDM":"020104","JXBID":"20242-07629","SKBJ":"公选-07629","TYXMDM":null,"KCH":"10096121170"},{"KKDWDM":"010","XS":48,"BYBZ":"0","JSJC":5,"XXXQDM":"02","KXH":"01","KSJC":3,"XKZRS":12,"SKZC":"111110000000000000000000000000","SKJS":"杨红刚,王珺婷","ISTK":0,"ZCMC":"1-5周","YPSJDD":"1-5周 星期六 第3节-第5节 南湖北-北教三-503,7-9周 星期六 第3节-第5节 南湖北-北教三-503","XF":3,"SKXQ":6,"XNXQDM":"2024-2025-2","KCM":"碳核算与碳资产管理","JASDM":"0201040503","JXLDM":"020104","JXBID":"20242-06245","SKBJ":"碳循环与碳减排微2024","TYXMDM":null,"KCH":"10104123002"},{"KKDWDM":"011","XS":48,"BYBZ":"0","JSJC":5,"XXXQDM":"02","KXH":"05","KSJC":3,"XKZRS":78,"SKZC":"111110000000000000000000000000","SKJS":"许菲","ISTK":0,"ZCMC":"1-5周","YPSJDD":"7-9周 星期五 第3节-第5节 南湖北-北教三-503,1-5周 星期五 第3节-第5节 南湖北-北教三-503,9周 星期日 第3节-第5节 南湖北-北教三-503,17周 星期三 第3节-第5节 南湖北-北教三-503,11-16周 星期五 第3节-第5节 南湖北-北教三-503","XF":3,"SKXQ":5,"XNXQDM":"2024-2025-2","KCM":"数字电子技术基础C","JASDM":"0201040503","JXLDM":"020104","JXBID":"20242-05284","SKBJ":"机器人2301-02","TYXMDM":null,"KCH":"10115121002"},{"KKDWDM":"003","XS":16,"BYBZ":"0","JSJC":2,"XXXQDM":"02","KXH":"02","KSJC":1,"XKZRS":69,"SKZC":"111110000000000000000000000000","SKJS":"沈卫国","ISTK":0,"ZCMC":"1-5周","YPSJDD":"9周 星期日 第1节-第2节 南湖北-北教三-503,7-8周 星期五 第1节-第2节 南湖北-北教三-503,1-5周 星期五 第1节-第2节 南湖北-北教三-503","XF":1,"SKXQ":5,"XNXQDM":"2024-2025-2","KCM":"材料与环境B","JASDM":"0201040503","JXLDM":"020104","JXBID":"20242-02325","SKBJ":"复材2201-02","TYXMDM":null,"KCH":"10035117050"},{"KKDWDM":"013","XS":32,"BYBZ":"0","JSJC":2,"XXXQDM":"02","KXH":"06","KSJC":1,"XKZRS":null,"SKZC":"110000000000000000000000000000","SKJS":"肖朋,陈启宏","ISTK":0,"ZCMC":"1-2周","YPSJDD":"1-2周 星期二 第1节-第2节 南湖北-北教三-503","XF":2,"SKXQ":2,"XNXQDM":"2024-2025-2","KCM":"电气工程基础","JASDM":"0201040503","JXLDM":"020104","JXBID":"20242-10742","SKBJ":"电气2303-04","TYXMDM":null,"KCH":"10134121076"},{"KKDWDM":"010","XS":48,"BYBZ":"0","JSJC":5,"XXXQDM":"02","KXH":"01","KSJC":3,"XKZRS":12,"SKZC":"000000111000000000000000000000","SKJS":"杨红刚,王珺婷","ISTK":0,"ZCMC":"7-9周","YPSJDD":"1-5周 星期六 第3节-第5节 南湖北-北教三-503,7-9周 星期六 第3节-第5节 南湖北-北教三-503","XF":3,"SKXQ":6,"XNXQDM":"2024-2025-2","KCM":"碳核算与碳资产管理","JASDM":"0201040503","JXLDM":"020104","JXBID":"20242-06245","SKBJ":"碳循环与碳减排微2024","TYXMDM":null,"KCH":"10104123002"},{"KKDWDM":"011","XS":48,"BYBZ":"0","JSJC":5,"XXXQDM":"02","KXH":"05","KSJC":3,"XKZRS":78,"SKZC":"000000111000000000000000000000","SKJS":"许菲","ISTK":0,"ZCMC":"7-9周","YPSJDD":"7-9周 星期五 第3节-第5节 南湖北-北教三-503,1-5周 星期五 第3节-第5节 南湖北-北教三-503,9周 星期日 第3节-第5节 南湖北-北教三-503,17周 星期三 第3节-第5节 南湖北-北教三-503,11-16周 星期五 第3节-第5节 南湖北-北教三-503","XF":3,"SKXQ":5,"XNXQDM":"2024-2025-2","KCM":"数字电子技术基础C","JASDM":"0201040503","JXLDM":"020104","JXBID":"20242-05284","SKBJ":"机器人2301-02","TYXMDM":null,"KCH":"10115121002"},{"KKDWDM":"003","XS":16,"BYBZ":"0","JSJC":2,"XXXQDM":"02","KXH":"02","KSJC":1,"XKZRS":69,"SKZC":"000000110000000000000000000000","SKJS":"沈卫国","ISTK":0,"ZCMC":"7-8周","YPSJDD":"9周 星期日 第1节-第2节 南湖北-北教三-503,7-8周 星期五 第1节-第2节 南湖北-北教三-503,1-5周 星期五 第1节-第2节 南湖北-北教三-503","XF":1,"SKXQ":5,"XNXQDM":"2024-2025-2","KCM":"材料与环境B","JASDM":"0201040503","JXLDM":"020104","JXBID":"20242-02325","SKBJ":"复材2201-02","TYXMDM":null,"KCH":"10035117050"},{"KKDWDM":"009","XS":32,"BYBZ":"0","JSJC":4,"XXXQDM":"02","KXH":"01","KSJC":3,"XKZRS":56,"SKZC":"000000010000000000000000","SKJS":"王曦","ISTK":0,"ZCMC":"8周","YPSJDD":"8周 星期日 第3节-第4节 南湖北-北教三-503,1-5周,7周 星期日 第3节-第5节 南湖北-北教三-503","XF":2,"SKXQ":7,"XNXQDM":"2024-2025-2","KCM":"新城市科学(JD)","JASDM":"0201040503","JXLDM":"020104","JXBID":"20242-07629","SKBJ":"公选-07629","TYXMDM":null,"KCH":"10096121170"},{"KKDWDM":"003","XS":16,"BYBZ":"0","JSJC":2,"XXXQDM":"02","KXH":"02","KSJC":1,"XKZRS":69,"SKZC":"000000001000000000000000000000","SKJS":"沈卫国","ISTK":0,"ZCMC":"9周","YPSJDD":"9周 星期日 第1节-第2节 南湖北-北教三-503,7-8周 星期五 第1节-第2节 南湖北-北教三-503,1-5周 星期五 第1节-第2节 南湖北-北教三-503","XF":1,"SKXQ":7,"XNXQDM":"2024-2025-2","KCM":"材料与环境B","JASDM":"0201040503","JXLDM":"020104","JXBID":"20242-02325","SKBJ":"复材2201-02","TYXMDM":null,"KCH":"10035117050"},{"KKDWDM":"011","XS":48,"BYBZ":"0","JSJC":5,"XXXQDM":"02","KXH":"05","KSJC":3,"XKZRS":78,"SKZC":"000000001000000000000000000000","SKJS":"许菲","ISTK":0,"ZCMC":"9周","YPSJDD":"7-9周 星期五 第3节-第5节 南湖北-北教三-503,1-5周 星期五 第3节-第5节 南湖北-北教三-503,9周 星期日 第3节-第5节 南湖北-北教三-503,17周 星期三 第3节-第5节 南湖北-北教三-503,11-16周 星期五 第3节-第5节 南湖北-北教三-503","XF":3,"SKXQ":7,"XNXQDM":"2024-2025-2","KCM":"数字电子技术基础C","JASDM":"0201040503","JXLDM":"020104","JXBID":"20242-05284","SKBJ":"机器人2301-02","TYXMDM":null,"KCH":"10115121002"},{"KKDWDM":"011","XS":48,"BYBZ":"0","JSJC":5,"XXXQDM":"02","KXH":"05","KSJC":3,"XKZRS":78,"SKZC":"000000000011111100000000000000","SKJS":"许菲","ISTK":0,"ZCMC":"11-16周","YPSJDD":"7-9周 星期五 第3节-第5节 南湖北-北教三-503,1-5周 星期五 第3节-第5节 南湖北-北教三-503,9周 星期日 第3节-第5节 南湖北-北教三-503,17周 星期三 第3节-第5节 南湖北-北教三-503,11-16周 星期五 第3节-第5节 南湖北-北教三-503","XF":3,"SKXQ":5,"XNXQDM":"2024-2025-2","KCM":"数字电子技术基础C","JASDM":"0201040503","JXLDM":"020104","JXBID":"20242-05284","SKBJ":"机器人2301-02","TYXMDM":null,"KCH":"10115121002"},{"KKDWDM":"011","XS":64,"BYBZ":"0","JSJC":4,"XXXQDM":"02","KXH":"09","KSJC":3,"XKZRS":80,"SKZC":"000000000011111000000000000000","SKJS":"贺云","ISTK":0,"ZCMC":"11-15周","YPSJDD":"12-14周 星期一 第1节-第2节 南湖北-北教三-503,16周 星期一 第1节-第2节 南湖北-北教三-503,11-15周 星期四 第3节-第4节 南湖北-北教三-503,1-9周 星期四 第3节-第4节 南湖北-北教三-503,1-10周 星期一 第1节-第2节 南湖北-北教三-503","XF":4,"SKXQ":4,"XNXQDM":"2024-2025-2","KCM":"信号与系统A","JASDM":"0201040503","JXLDM":"020104","JXBID":"20242-10499","SKBJ":"电信2301-02","TYXMDM":null,"KCH":"10145111001"},{"KKDWDM":"011","XS":64,"BYBZ":"0","JSJC":2,"XXXQDM":"02","KXH":"12","KSJC":1,"XKZRS":68,"SKZC":"000000000011111000000000000000","SKJS":"李家普","ISTK":0,"ZCMC":"11-15周","YPSJDD":"12-14周 星期一 第3节-第4节 南湖北-北教三-503,11-15周 星期四 第1节-第2节 南湖北-北教三-503,16周 星期一 第3节-第4节 南湖北-北教三-503,1-10周 星期一 第3节-第4节 南湖北-北教三-503,1-9周 星期四 第1节-第2节 南湖北-北教三-503","XF":4,"SKXQ":4,"XNXQDM":"2024-2025-2","KCM":"信号与系统A","JASDM":"0201040503","JXLDM":"020104","JXBID":"20242-10502","SKBJ":"电信2305-06","TYXMDM":null,"KCH":"10145111001"},{"KKDWDM":"899","XS":32,"BYBZ":"0","JSJC":12,"XXXQDM":"02","KXH":"01","KSJC":11,"XKZRS":78,"SKZC":"000000000010000000000000000000","SKJS":"王曦","ISTK":0,"ZCMC":"11周","YPSJDD":"1-9周 星期四 第11节-第12节 南湖北-北教三-503,11周 星期四 第11节-第12节 南湖北-北教三-503","XF":2,"SKXQ":4,"XNXQDM":"2024-2025-2","KCM":"法国电影与文化(GX)","JASDM":"0201040503","JXLDM":"020104","JXBID":"20242-09170","SKBJ":"公选-09170","TYXMDM":null,"KCH":"18992121038"},{"KKDWDM":"011","XS":64,"BYBZ":"0","JSJC":2,"XXXQDM":"02","KXH":"09","KSJC":1,"XKZRS":80,"SKZC":"000000000001110000000000000000","SKJS":"贺云","ISTK":0,"ZCMC":"12-14周","YPSJDD":"12-14周 星期一 第1节-第2节 南湖北-北教三-503,16周 星期一 第1节-第2节 南湖北-北教三-503,11-15周 星期四 第3节-第4节 南湖北-北教三-503,1-9周 星期四 第3节-第4节 南湖北-北教三-503,1-10周 星期一 第1节-第2节 南湖北-北教三-503","XF":4,"SKXQ":1,"XNXQDM":"2024-2025-2","KCM":"信号与系统A","JASDM":"0201040503","JXLDM":"020104","JXBID":"20242-10499","SKBJ":"电信2301-02","TYXMDM":null,"KCH":"10145111001"},{"KKDWDM":"011","XS":64,"BYBZ":"0","JSJC":4,"XXXQDM":"02","KXH":"12","KSJC":3,"XKZRS":68,"SKZC":"000000000001110000000000000000","SKJS":"李家普","ISTK":0,"ZCMC":"12-14周","YPSJDD":"12-14周 星期一 第3节-第4节 南湖北-北教三-503,11-15周 星期四 第1节-第2节 南湖北-北教三-503,16周 星期一 第3节-第4节 南湖北-北教三-503,1-10周 星期一 第3节-第4节 南湖北-北教三-503,1-9周 星期四 第1节-第2节 南湖北-北教三-503","XF":4,"SKXQ":1,"XNXQDM":"2024-2025-2","KCM":"信号与系统A","JASDM":"0201040503","JXLDM":"020104","JXBID":"20242-10502","SKBJ":"电信2305-06","TYXMDM":null,"KCH":"10145111001"},{"KKDWDM":"011","XS":40,"BYBZ":"0","JSJC":7,"XXXQDM":"02","KXH":"01","KSJC":6,"XKZRS":34,"SKZC":"000000000000110000000000","SKJS":"娄平","ISTK":0,"ZCMC":"13-14周","YPSJDD":"13-14周 星期二 第6节-第7节 南湖北-北教三-503,1-12周 星期二 第6节-第8节 南湖北-北教三-503","XF":2,"SKXQ":2,"XNXQDM":"2024-2025-2","KCM":"微机原理与通信接口C","JASDM":"0201040503","JXLDM":"020104","JXBID":"20242-05680","SKBJ":"电子2301-02","TYXMDM":null,"KCH":"10114112021"},{"KKDWDM":"013","XS":40,"BYBZ":"0","JSJC":4,"XXXQDM":"02","KXH":"03","KSJC":3,"XKZRS":80,"SKZC":"000000000000110000000000","SKJS":"田猛","ISTK":0,"ZCMC":"13-14周","YPSJDD":"13-14周 星期二 第3节-第4节 南湖北-北教三-503,1-12周 星期二 第3节-第5节 南湖北-北教三-503","XF":2,"SKXQ":2,"XNXQDM":"2024-2025-2","KCM":"微机原理及接口技术","JASDM":"0201040503","JXLDM":"020104","JXBID":"20242-04645","SKBJ":"机器人2301-02","TYXMDM":null,"KCH":"10134121075"},{"KKDWDM":"022","XS":32,"BYBZ":"0","JSJC":7,"XXXQDM":"02","KXH":"01","KSJC":6,"XKZRS":30,"SKZC":"000000000000100000000000","SKJS":"李静蓉","ISTK":0,"ZCMC":"13周","YPSJDD":"13周 星期六 第6节-第7节 南湖北-北教三-503,1-5周,7-9周,11-12周 星期六 第6节-第8节 南湖北-北教三-503","XF":2,"SKXQ":6,"XNXQDM":"2024-2025-2","KCM":"中国教育史话(GX)","JASDM":"0201040503","JXLDM":"020104","JXBID":"20242-08687","SKBJ":"公选-08687","TYXMDM":null,"KCH":"10222121320"},{"KKDWDM":"011","XS":64,"BYBZ":"0","JSJC":2,"XXXQDM":"02","KXH":"09","KSJC":1,"XKZRS":80,"SKZC":"000000000000000100000000000000","SKJS":"贺云","ISTK":0,"ZCMC":"16周","YPSJDD":"12-14周 星期一 第1节-第2节 南湖北-北教三-503,16周 星期一 第1节-第2节 南湖北-北教三-503,11-15周 星期四 第3节-第4节 南湖北-北教三-503,1-9周 星期四 第3节-第4节 南湖北-北教三-503,1-10周 星期一 第1节-第2节 南湖北-北教三-503","XF":4,"SKXQ":1,"XNXQDM":"2024-2025-2","KCM":"信号与系统A","JASDM":"0201040503","JXLDM":"020104","JXBID":"20242-10499","SKBJ":"电信2301-02","TYXMDM":null,"KCH":"10145111001"},{"KKDWDM":"011","XS":64,"BYBZ":"0","JSJC":4,"XXXQDM":"02","KXH":"12","KSJC":3,"XKZRS":68,"SKZC":"000000000000000100000000000000","SKJS":"李家普","ISTK":0,"ZCMC":"16周","YPSJDD":"12-14周 星期一 第3节-第4节 南湖北-北教三-503,11-15周 星期四 第1节-第2节 南湖北-北教三-503,16周 星期一 第3节-第4节 南湖北-北教三-503,1-10周 星期一 第3节-第4节 南湖北-北教三-503,1-9周 星期四 第1节-第2节 南湖北-北教三-503","XF":4,"SKXQ":1,"XNXQDM":"2024-2025-2","KCM":"信号与系统A","JASDM":"0201040503","JXLDM":"020104","JXBID":"20242-10502","SKBJ":"电信2305-06","TYXMDM":null,"KCH":"10145111001"},{"KKDWDM":"018","XS":64,"BYBZ":"0","JSJC":4,"XXXQDM":"02","KXH":"01","KSJC":1,"XKZRS":13,"SKZC":"000000000000000100000000000000","SKJS":"覃一冬","ISTK":0,"ZCMC":"16周","YPSJDD":"1-5周,7-8周,11-13周,15-16周 星期日 第6节-第10节 南湖北-北教三-503,16周 星期六 第1节-第4节 南湖北-北教三-503","XF":4,"SKXQ":6,"XNXQDM":"2024-2025-2","KCM":"西方经济学","JASDM":"0201040503","JXLDM":"020104","JXBID":"20242-09719","SKBJ":"国贸fx2023","TYXMDM":null,"KCH":"10184121114"},{"KKDWDM":"011","XS":48,"BYBZ":"0","JSJC":5,"XXXQDM":"02","KXH":"05","KSJC":3,"XKZRS":78,"SKZC":"000000000000000010000000000000","SKJS":"许菲","ISTK":0,"ZCMC":"17周","YPSJDD":"7-9周 星期五 第3节-第5节 南湖北-北教三-503,1-5周 星期五 第3节-第5节 南湖北-北教三-503,9周 星期日 第3节-第5节 南湖北-北教三-503,17周 星期三 第3节-第5节 南湖北-北教三-503,11-16周 星期五 第3节-第5节 南湖北-北教三-503","XF":3,"SKXQ":3,"XNXQDM":"2024-2025-2","KCM":"数字电子技术基础C","JASDM":"0201040503","JXLDM":"020104","JXBID":"20242-05284","SKBJ":"机器人2301-02","TYXMDM":null,"KCH":"10115121002"}]}},"code":"0"}