{"datas":{"jaskcb":{"extParams":{"code":1,"msg":"查询成功"},"pageSize":0,"pageNumber":0,"totalSize":-1,"rows":[{"KKDWDM":null,"XS":null,"BYBZ":"1","JSJC":4,"XXXQDM":null,"KXH":null,"KSJC":1,"XKZRS":null,"SKZC":"011111111100000000000000000000","SKJS":"王海燕","ISTK":0,"ZCMC":"2-10周","YPSJDD":null,"XF":null,"SKXQ":3,"XNXQDM":"2024-2025-2","KCM":"英国文学作品导读","JASDM":"0201051111","JXLDM":null,"JXBID":null,"SKBJ":null,"TYXMDM":null,"KCH":"40200223014"},{"KKDWDM":null,"XS":null,"BYBZ":"1","JSJC":13,"XXXQDM":null,"KXH":null,"KSJC":9,"XKZRS":null,"SKZC":"011111110000000000000000000000","SKJS":"张小兵","ISTK":0,"ZCMC":"2-8周","YPSJDD":null,"XF":null,"SKXQ":1,"XNXQDM":"2024-2025-2","KCM":"专业第二外国语（英语）B","JASDM":"0201051111","JXLDM":null,"JXBID":null,"SKBJ":null,"TYXMDM":null,"KCH":"40200223025"},{"KKDWDM":null,"XS":null,"BYBZ":"1","JSJC":8,"XXXQDM":null,"KXH":null,"KSJC":6,"XKZRS":null,"SKZC":"011111111111100000000000000000","SKJS":"周力","ISTK":0,"ZCMC":"2-13周","YPSJDD":null,"XF":null,"SKXQ":1,"XNXQDM":"2024-2025-2","KCM":"专业第二外国语（法语）B","JASDM":"0201051111","JXLDM":null,"JXBID":null,"SKBJ":null,"TYXMDM":null,"KCH":"40200223027"},{"KKDWDM":null,"XS":null,"BYBZ":"1","JSJC":8,"XXXQDM":null,"KXH":null,"KSJC":6,"XKZRS":null,"SKZC":"011111111111100000000000000000","SKJS":"门高春","ISTK":0,"ZCMC":"2-13周","YPSJDD":null,"XF":null,"SKXQ":2,"XNXQDM":"2024-2025-2","KCM":"英美戏剧赏析","JASDM":"0201051111","JXLDM":null,"JXBID":null,"SKBJ":null,"TYXMDM":null,"KCH":"40200323015"},{"KKDWDM":null,"XS":null,"BYBZ":"1","JSJC":8,"XXXQDM":null,"KXH":null,"KSJC":6,"XKZRS":null,"SKZC":"011111111111111111100000000000","SKJS":"黎慧","ISTK":0,"ZCMC":"2-19周","YPSJDD":null,"XF":null,"SKXQ":3,"XNXQDM":"2024-2025-2","KCM":"交替传译","JASDM":"0201051111","JXLDM":null,"JXBID":null,"SKBJ":null,"TYXMDM":null,"KCH":"50200223007"},{"KKDWDM":null,"XS":null,"BYBZ":"1","JSJC":5,"XXXQDM":null,"KXH":null,"KSJC":3,"XKZRS":null,"SKZC":"000000111111111111000000000000","SKJS":"李尼","ISTK":0,"ZCMC":"7-18周","YPSJDD":null,"XF":null,"SKXQ":2,"XNXQDM":"2024-2025-2","KCM":"联络口译","JASDM":"0201051111","JXLDM":null,"JXBID":null,"SKBJ":null,"TYXMDM":null,"KCH":"50200323007"}]}},"code":"0"}