{"datas":{"jaskcb":{"extParams":{"code":1,"msg":"查询成功"},"pageSize":0,"pageNumber":0,"totalSize":-1,"rows":[{"KKDWDM":"011","XS":40,"BYBZ":"0","JSJC":5,"XXXQDM":"02","KXH":"05","KSJC":3,"XKZRS":98,"SKZC":"111111111101100000000000","SKJS":"魏勤","ISTK":0,"ZCMC":"1-10周,12-13周","YPSJDD":"14-16周(双) 星期一 第3节-第4节 南湖北-北教三-301,1-10周,12-13周 星期一 第3节-第5节 南湖北-北教三-301","XF":2,"SKXQ":1,"XNXQDM":"2024-2025-2","KCM":"信息理论与编码C","JASDM":"0201040301","JXLDM":"020104","JXBID":"20242-11194","SKBJ":"通信2201-02,通信本硕2201","TYXMDM":null,"KCH":"10114121058"},{"KKDWDM":"003","XS":40,"BYBZ":"0","JSJC":4,"XXXQDM":"02","KXH":"01","KSJC":3,"XKZRS":104,"SKZC":"111111111100000000000000000000","SKJS":"杨雪,郭毅","ISTK":0,"ZCMC":"1-10周","YPSJDD":"1-10周 星期三 第3节-第4节 南湖北-北教三-301,1-10周 星期一 第1节-第2节 南湖北-北教三-301","XF":2,"SKXQ":3,"XNXQDM":"2024-2025-2","KCM":"材料研究与测试方法B","JASDM":"0201040301","JXLDM":"020104","JXBID":"20242-02573","SKBJ":"无机非2201-02,材化2201","TYXMDM":null,"KCH":"10034111017"},{"KKDWDM":"003","XS":40,"BYBZ":"0","JSJC":2,"XXXQDM":"02","KXH":"01","KSJC":1,"XKZRS":104,"SKZC":"111111111100000000000000000000","SKJS":"杨雪,郭毅","ISTK":0,"ZCMC":"1-10周","YPSJDD":"1-10周 星期三 第3节-第4节 南湖北-北教三-301,1-10周 星期一 第1节-第2节 南湖北-北教三-301","XF":2,"SKXQ":1,"XNXQDM":"2024-2025-2","KCM":"材料研究与测试方法B","JASDM":"0201040301","JXLDM":"020104","JXBID":"20242-02573","SKBJ":"无机非2201-02,材化2201","TYXMDM":null,"KCH":"10034111017"},{"KKDWDM":"003","XS":32,"BYBZ":"0","JSJC":5,"XXXQDM":"02","KXH":"01","KSJC":3,"XKZRS":62,"SKZC":"111111111010000000000000","SKJS":"张宏泉","ISTK":0,"ZCMC":"1-9周,11周","YPSJDD":"12周 星期四 第3节-第4节 南湖北-北教三-301,1-9周,11周 星期四 第3节-第5节 南湖北-北教三-301","XF":2,"SKXQ":4,"XNXQDM":"2024-2025-2","KCM":"无机非金属材料工学B","JASDM":"0201040301","JXLDM":"020104","JXBID":"20242-03688","SKBJ":"新能源2201,材化2201,材物2201","TYXMDM":null,"KCH":"10107323001"},{"KKDWDM":"003","XS":32,"BYBZ":"0","JSJC":2,"XXXQDM":"02","KXH":"01","KSJC":1,"XKZRS":76,"SKZC":"111111110000000000000000000000","SKJS":"曹明贺,田晓聪","ISTK":0,"ZCMC":"1-8周","YPSJDD":"9周 星期日 第3节-第4节 南湖北-北教三-301,7-8周 星期五 第3节-第4节 南湖北-北教三-301,1-5周 星期五 第3节-第4节 南湖北-北教三-301,1-8周 星期三 第1节-第2节 南湖北-北教三-301","XF":2,"SKXQ":3,"XNXQDM":"2024-2025-2","KCM":"结构缺陷","JASDM":"0201040301","JXLDM":"020104","JXBID":"20242-03788","SKBJ":"材科2201-02","TYXMDM":null,"KCH":"10034111034"},{"KKDWDM":"044","XS":32,"BYBZ":"0","JSJC":5,"XXXQDM":"02","KXH":"01","KSJC":3,"XKZRS":140,"SKZC":"111110111011000000000000","SKJS":"何慧","ISTK":0,"ZCMC":"1-5周,7-9周,11-12周","YPSJDD":"13周 星期六 第3节-第4节 南湖北-北教三-301,1-5周,7-9周,11-12周 星期六 第3节-第5节 南湖北-北教三-301","XF":2,"SKXQ":6,"XNXQDM":"2024-2025-2","KCM":"书法鉴赏(GX)","JASDM":"0201040301","JXLDM":"020104","JXBID":"20242-09045","SKBJ":"公选-09045","TYXMDM":null,"KCH":"10442121077"},{"KKDWDM":"003","XS":32,"BYBZ":"0","JSJC":4,"XXXQDM":"02","KXH":"01","KSJC":3,"XKZRS":76,"SKZC":"111110000000000000000000000000","SKJS":"曹明贺,田晓聪","ISTK":0,"ZCMC":"1-5周","YPSJDD":"9周 星期日 第3节-第4节 南湖北-北教三-301,7-8周 星期五 第3节-第4节 南湖北-北教三-301,1-5周 星期五 第3节-第4节 南湖北-北教三-301,1-8周 星期三 第1节-第2节 南湖北-北教三-301","XF":2,"SKXQ":5,"XNXQDM":"2024-2025-2","KCM":"结构缺陷","JASDM":"0201040301","JXLDM":"020104","JXBID":"20242-03788","SKBJ":"材科2201-02","TYXMDM":null,"KCH":"10034111034"},{"KKDWDM":"011","XS":64,"BYBZ":"0","JSJC":10,"XXXQDM":"02","KXH":"02","KSJC":6,"XKZRS":110,"SKZC":"0111101110111011000000000","SKJS":"曾刚","ISTK":0,"ZCMC":"2-5周,7-9周,11-13周,15-16周","YPSJDD":"2周 星期日 第6节-第9节 南湖北-北教三-301,2-5周,7-9周,11-13周,15-16周 星期六 第6节-第10节 南湖北-北教三-301","XF":4,"SKXQ":6,"XNXQDM":"2024-2025-2","KCM":"模拟电子技术基础A","JASDM":"0201040301","JXLDM":"020104","JXBID":"20242-14298","SKBJ":null,"TYXMDM":null,"KCH":"10113111001"},{"KKDWDM":"011","XS":64,"BYBZ":"0","JSJC":9,"XXXQDM":"02","KXH":"02","KSJC":6,"XKZRS":110,"SKZC":"0100000000000000000000000","SKJS":"曾刚","ISTK":0,"ZCMC":"2周","YPSJDD":"2周 星期日 第6节-第9节 南湖北-北教三-301,2-5周,7-9周,11-13周,15-16周 星期六 第6节-第10节 南湖北-北教三-301","XF":4,"SKXQ":7,"XNXQDM":"2024-2025-2","KCM":"模拟电子技术基础A","JASDM":"0201040301","JXLDM":"020104","JXBID":"20242-14298","SKBJ":null,"TYXMDM":null,"KCH":"10113111001"},{"KKDWDM":"003","XS":32,"BYBZ":"0","JSJC":4,"XXXQDM":"02","KXH":"01","KSJC":3,"XKZRS":76,"SKZC":"000000110000000000000000000000","SKJS":"曹明贺,田晓聪","ISTK":0,"ZCMC":"7-8周","YPSJDD":"9周 星期日 第3节-第4节 南湖北-北教三-301,7-8周 星期五 第3节-第4节 南湖北-北教三-301,1-5周 星期五 第3节-第4节 南湖北-北教三-301,1-8周 星期三 第1节-第2节 南湖北-北教三-301","XF":2,"SKXQ":5,"XNXQDM":"2024-2025-2","KCM":"结构缺陷","JASDM":"0201040301","JXLDM":"020104","JXBID":"20242-03788","SKBJ":"材科2201-02","TYXMDM":null,"KCH":"10034111034"},{"KKDWDM":"003","XS":32,"BYBZ":"0","JSJC":4,"XXXQDM":"02","KXH":"01","KSJC":3,"XKZRS":76,"SKZC":"000000001000000000000000000000","SKJS":"曹明贺,田晓聪","ISTK":0,"ZCMC":"9周","YPSJDD":"9周 星期日 第3节-第4节 南湖北-北教三-301,7-8周 星期五 第3节-第4节 南湖北-北教三-301,1-5周 星期五 第3节-第4节 南湖北-北教三-301,1-8周 星期三 第1节-第2节 南湖北-北教三-301","XF":2,"SKXQ":7,"XNXQDM":"2024-2025-2","KCM":"结构缺陷","JASDM":"0201040301","JXLDM":"020104","JXBID":"20242-03788","SKBJ":"材科2201-02","TYXMDM":null,"KCH":"10034111034"},{"KKDWDM":"003","XS":32,"BYBZ":"0","JSJC":4,"XXXQDM":"02","KXH":"01","KSJC":3,"XKZRS":62,"SKZC":"000000000001000000000000","SKJS":"张宏泉","ISTK":0,"ZCMC":"12周","YPSJDD":"12周 星期四 第3节-第4节 南湖北-北教三-301,1-9周,11周 星期四 第3节-第5节 南湖北-北教三-301","XF":2,"SKXQ":4,"XNXQDM":"2024-2025-2","KCM":"无机非金属材料工学B","JASDM":"0201040301","JXLDM":"020104","JXBID":"20242-03688","SKBJ":"新能源2201,材化2201,材物2201","TYXMDM":null,"KCH":"10107323001"},{"KKDWDM":"044","XS":32,"BYBZ":"0","JSJC":4,"XXXQDM":"02","KXH":"01","KSJC":3,"XKZRS":140,"SKZC":"000000000000100000000000","SKJS":"何慧","ISTK":0,"ZCMC":"13周","YPSJDD":"13周 星期六 第3节-第4节 南湖北-北教三-301,1-5周,7-9周,11-12周 星期六 第3节-第5节 南湖北-北教三-301","XF":2,"SKXQ":6,"XNXQDM":"2024-2025-2","KCM":"书法鉴赏(GX)","JASDM":"0201040301","JXLDM":"020104","JXBID":"20242-09045","SKBJ":"公选-09045","TYXMDM":null,"KCH":"10442121077"},{"KKDWDM":"011","XS":40,"BYBZ":"0","JSJC":4,"XXXQDM":"02","KXH":"05","KSJC":3,"XKZRS":98,"SKZC":"000000000000010100000000","SKJS":"魏勤","ISTK":0,"ZCMC":"14-16周(双)","YPSJDD":"14-16周(双) 星期一 第3节-第4节 南湖北-北教三-301,1-10周,12-13周 星期一 第3节-第5节 南湖北-北教三-301","XF":2,"SKXQ":1,"XNXQDM":"2024-2025-2","KCM":"信息理论与编码C","JASDM":"0201040301","JXLDM":"020104","JXBID":"20242-11194","SKBJ":"通信2201-02,通信本硕2201","TYXMDM":null,"KCH":"10114121058"}]}},"code":"0"}