{"datas":{"jaskcb":{"extParams":{"code":1,"msg":"查询成功"},"pageSize":0,"pageNumber":0,"totalSize":-1,"rows":[{"KKDWDM":"012","XS":32,"BYBZ":"0","JSJC":9,"XXXQDM":"02","KXH":"01","KSJC":6,"XKZRS":35,"SKZC":"011111111000000000000000","SKJS":"彭静","ISTK":0,"ZCMC":"2-9周","YPSJDD":"2-9周 星期二 第6节-第9节 南湖北-学海楼-202","XF":1,"SKXQ":2,"XNXQDM":"2024-2025-2","KCM":"新媒体设计技术实验","JASDM":"0201050202","JXLDM":"020105","JXBID":"20242-02490","SKBJ":"软件sy2201","TYXMDM":null,"KCH":"10124214061"},{"KKDWDM":"012","XS":32,"BYBZ":"0","JSJC":12,"XXXQDM":"02","KXH":"14","KSJC":9,"XKZRS":41,"SKZC":"0000000011111111","SKJS":"罗芳,郭小兵","ISTK":0,"ZCMC":"9-16周","YPSJDD":"9-16周 星期三 第9节-第12节 南湖北-学海楼-202","XF":1,"SKXQ":3,"XNXQDM":"2024-2025-2","KCM":"程序设计综合实验","JASDM":"0201050202","JXLDM":"020105","JXBID":"20242-10788","SKBJ":"计算机类2412","TYXMDM":null,"KCH":"10124221076"},{"KKDWDM":"012","XS":32,"BYBZ":"0","JSJC":9,"XXXQDM":"02","KXH":"13","KSJC":6,"XKZRS":33,"SKZC":"000000001000000000000000000000","SKJS":"罗芳,郭小兵","ISTK":0,"ZCMC":"9周","YPSJDD":"11-17周 星期四 第6节-第9节 南湖北-学海楼-202,9周 星期四 第6节-第9节 南湖北-学海楼-202","XF":1,"SKXQ":4,"XNXQDM":"2024-2025-2","KCM":"程序设计综合实验","JASDM":"0201050202","JXLDM":"020105","JXBID":"20242-10787","SKBJ":"计算机类2411","TYXMDM":null,"KCH":"10124221076"},{"KKDWDM":"012","XS":32,"BYBZ":"0","JSJC":9,"XXXQDM":"02","KXH":"13","KSJC":6,"XKZRS":33,"SKZC":"000000000011111110000000000000","SKJS":"罗芳,郭小兵","ISTK":0,"ZCMC":"11-17周","YPSJDD":"11-17周 星期四 第6节-第9节 南湖北-学海楼-202,9周 星期四 第6节-第9节 南湖北-学海楼-202","XF":1,"SKXQ":4,"XNXQDM":"2024-2025-2","KCM":"程序设计综合实验","JASDM":"0201050202","JXLDM":"020105","JXBID":"20242-10787","SKBJ":"计算机类2411","TYXMDM":null,"KCH":"10124221076"}]}},"code":"0"}