{"datas":{"jaskcb":{"extParams":{"code":1,"msg":"查询成功"},"pageSize":0,"pageNumber":0,"totalSize":-1,"rows":[{"KKDWDM":"018","XS":48,"BYBZ":"0","JSJC":4,"XXXQDM":"02","KXH":"01","KSJC":1,"XKZRS":19,"SKZC":"100000000000000000000000000000","SKJS":"刘华,周玉荣","ISTK":0,"ZCMC":"1周","YPSJDD":"2-5周,7-9周,11-13周,15周 星期六 第1节-第4节 南湖北-学海楼-603,1周 星期六 第1节-第4节 南湖北-爱特楼-502","XF":3,"SKXQ":6,"XNXQDM":"2024-2025-2","KCM":"国际金融学","JASDM":"0201010502","JXLDM":"020101","JXBID":"20242-02359","SKBJ":"国贸fx2022","TYXMDM":null,"KCH":"10184121127"}]}},"code":"0"}