{"datas":{"jaskcb":{"extParams":{"code":1,"msg":"查询成功"},"pageSize":0,"pageNumber":0,"totalSize":-1,"rows":[{"KKDWDM":"011","XS":64,"BYBZ":"0","JSJC":4,"XXXQDM":"02","KXH":"04","KSJC":3,"XKZRS":111,"SKZC":"111111111111111100000000000000","SKJS":"许菲","ISTK":0,"ZCMC":"1-16周","YPSJDD":"1-16周 星期三 第3节-第4节 南湖北-爱特楼-102,1-10周 星期一 第1节-第2节 南湖北-爱特楼-102,16-17周 星期一 第1节-第2节 南湖北-爱特楼-102,12-14周 星期一 第1节-第2节 南湖北-爱特楼-102,17周 星期二 第1节-第2节 南湖北-爱特楼-102","XF":4,"SKXQ":3,"XNXQDM":"2024-2025-2","KCM":"数字电子技术基础A","JASDM":"0201010102","JXLDM":"020101","JXBID":"20242-05569","SKBJ":"信息2301-03","TYXMDM":null,"KCH":"10113121069"},{"KKDWDM":"011","XS":64,"BYBZ":"0","JSJC":4,"XXXQDM":"02","KXH":"06","KSJC":3,"XKZRS":120,"SKZC":"111111111111110000000000000000","SKJS":"梁小宇","ISTK":0,"ZCMC":"1-14周","YPSJDD":"11-15周 星期五 第1节-第2节 南湖北-爱特楼-102,7-9周 星期五 第1节-第2节 南湖北-爱特楼-102,9周 星期日 第1节-第2节 南湖北-爱特楼-102,1-5周 星期五 第1节-第2节 南湖北-爱特楼-102,1-14周 星期二 第3节-第4节 南湖北-爱特楼-102","XF":4,"SKXQ":2,"XNXQDM":"2024-2025-2","KCM":"信号与系统A","JASDM":"0201010102","JXLDM":"020101","JXBID":"20242-05470","SKBJ":"电子2301-02,集成电路2301","TYXMDM":null,"KCH":"10145111001"},{"KKDWDM":"021","XS":36,"BYBZ":"0","JSJC":8,"XXXQDM":"02","KXH":"62","KSJC":6,"XKZRS":109,"SKZC":"111111111111","SKJS":"张芳娟","ISTK":0,"ZCMC":"1-12周","YPSJDD":"1-12周 星期三 第6节-第8节 南湖北-爱特楼-102","XF":2,"SKXQ":3,"XNXQDM":"2024-2025-2","KCM":"习近平新时代中国特色社会主义思想概论","JASDM":"0201010102","JXLDM":"020101","JXBID":"20242-04864","SKBJ":"自动化2301-03","TYXMDM":null,"KCH":"10211121033"},{"KKDWDM":"011","XS":64,"BYBZ":"0","JSJC":2,"XXXQDM":"02","KXH":"04","KSJC":1,"XKZRS":111,"SKZC":"111111111100000000000000000000","SKJS":"许菲","ISTK":0,"ZCMC":"1-10周","YPSJDD":"1-16周 星期三 第3节-第4节 南湖北-爱特楼-102,1-10周 星期一 第1节-第2节 南湖北-爱特楼-102,16-17周 星期一 第1节-第2节 南湖北-爱特楼-102,12-14周 星期一 第1节-第2节 南湖北-爱特楼-102,17周 星期二 第1节-第2节 南湖北-爱特楼-102","XF":4,"SKXQ":1,"XNXQDM":"2024-2025-2","KCM":"数字电子技术基础A","JASDM":"0201010102","JXLDM":"020101","JXBID":"20242-05569","SKBJ":"信息2301-03","TYXMDM":null,"KCH":"10113121069"},{"KKDWDM":"011","XS":48,"BYBZ":"0","JSJC":8,"XXXQDM":"02","KXH":"04","KSJC":6,"XKZRS":71,"SKZC":"111111111100000000000000000000","SKJS":"李新友","ISTK":0,"ZCMC":"1-10周","YPSJDD":"1-10周 星期一 第6节-第8节 南湖北-爱特楼-102,16-17周 星期一 第6节-第8节 南湖北-爱特楼-102,12-14周 星期一 第6节-第8节 南湖北-爱特楼-102,17周 星期二 第6节-第8节 南湖北-爱特楼-102","XF":3,"SKXQ":1,"XNXQDM":"2024-2025-2","KCM":"高频电子线路D","JASDM":"0201010102","JXLDM":"020101","JXBID":"20242-03530","SKBJ":"信息2201-03","TYXMDM":null,"KCH":"10114117047"},{"KKDWDM":"021","XS":36,"BYBZ":"0","JSJC":5,"XXXQDM":"02","KXH":"59","KSJC":3,"XKZRS":107,"SKZC":"111111111000000000000000000000","SKJS":"韩露","ISTK":0,"ZCMC":"1-9周","YPSJDD":"1-9周 星期四 第3节-第5节 南湖北-爱特楼-102,11-13周 星期四 第3节-第5节 南湖北-爱特楼-102","XF":2,"SKXQ":4,"XNXQDM":"2024-2025-2","KCM":"习近平新时代中国特色社会主义思想概论","JASDM":"0201010102","JXLDM":"020101","JXBID":"20242-04853","SKBJ":"电气2304-05,电气zy2301","TYXMDM":null,"KCH":"10211121033"},{"KKDWDM":"011","XS":32,"BYBZ":"0","JSJC":8,"XXXQDM":"02","KXH":"06","KSJC":6,"XKZRS":112,"SKZC":"11111111","SKJS":"阮军","ISTK":0,"ZCMC":"1-8周","YPSJDD":"1-8周 星期二 第6节-第8节 南湖北-爱特楼-102","XF":2,"SKXQ":2,"XNXQDM":"2024-2025-2","KCM":"机器学习导论","JASDM":"0201010102","JXLDM":"020101","JXBID":"20242-10522","SKBJ":"电信2201-03","TYXMDM":null,"KCH":"10115121037"},{"KKDWDM":"011","XS":32,"BYBZ":"0","JSJC":5,"XXXQDM":"02","KXH":"01","KSJC":3,"XKZRS":115,"SKZC":"11111111","SKJS":"汪阳","ISTK":0,"ZCMC":"1-8周","YPSJDD":"1-8周 星期一 第3节-第5节 南湖北-爱特楼-102","XF":2,"SKXQ":1,"XNXQDM":"2024-2025-2","KCM":"感测技术","JASDM":"0201010102","JXLDM":"020101","JXBID":"20242-05410","SKBJ":"信息2301-03","TYXMDM":null,"KCH":"10114121060"},{"KKDWDM":"011","XS":48,"BYBZ":"0","JSJC":8,"XXXQDM":"02","KXH":"01","KSJC":6,"XKZRS":89,"SKZC":"111110111011100000000000","SKJS":"周宁,周建新","ISTK":0,"ZCMC":"1-5周,7-9周,11-13周","YPSJDD":"14-15周 星期五 第6节-第7节 南湖北-爱特楼-102,1-5周,7-9周,11-13周 星期五 第6节-第8节 南湖北-爱特楼-102,9周 星期日 第6节-第8节 南湖北-爱特楼-102","XF":3,"SKXQ":5,"XNXQDM":"2024-2025-2","KCM":"高级程序设计A","JASDM":"0201010102","JXLDM":"020101","JXBID":"20242-04914","SKBJ":"通信2303-06","TYXMDM":null,"KCH":"10115115001"},{"KKDWDM":"011","XS":48,"BYBZ":"0","JSJC":5,"XXXQDM":"02","KXH":"07","KSJC":3,"XKZRS":112,"SKZC":"111110000000000000000000000000","SKJS":"李达","ISTK":0,"ZCMC":"1-5周","YPSJDD":"7-9周 星期五 第3节-第5节 南湖北-爱特楼-102,11-16周 星期五 第3节-第5节 南湖北-爱特楼-102,9周 星期日 第3节-第5节 南湖北-爱特楼-102,17周 星期三 第3节-第5节 南湖北-爱特楼-102,1-5周 星期五 第3节-第5节 南湖北-爱特楼-102","XF":3,"SKXQ":5,"XNXQDM":"2024-2025-2","KCM":"高频电子线路D","JASDM":"0201010102","JXLDM":"020101","JXBID":"20242-10476","SKBJ":"电信2301-03","TYXMDM":null,"KCH":"10114117047"},{"KKDWDM":"011","XS":64,"BYBZ":"0","JSJC":2,"XXXQDM":"02","KXH":"06","KSJC":1,"XKZRS":120,"SKZC":"111110000000000000000000000000","SKJS":"梁小宇","ISTK":0,"ZCMC":"1-5周","YPSJDD":"11-15周 星期五 第1节-第2节 南湖北-爱特楼-102,7-9周 星期五 第1节-第2节 南湖北-爱特楼-102,9周 星期日 第1节-第2节 南湖北-爱特楼-102,1-5周 星期五 第1节-第2节 南湖北-爱特楼-102,1-14周 星期二 第3节-第4节 南湖北-爱特楼-102","XF":4,"SKXQ":5,"XNXQDM":"2024-2025-2","KCM":"信号与系统A","JASDM":"0201010102","JXLDM":"020101","JXBID":"20242-05470","SKBJ":"电子2301-02,集成电路2301","TYXMDM":null,"KCH":"10145111001"},{"KKDWDM":"011","XS":48,"BYBZ":"0","JSJC":4,"XXXQDM":"02","KXH":"01","KSJC":1,"XKZRS":99,"SKZC":"111110000000000000000000000000","SKJS":"韩屏","ISTK":0,"ZCMC":"1-5周","YPSJDD":"7-9周 星期六 第1节-第4节 南湖北-爱特楼-102,1-5周 星期六 第1节-第4节 南湖北-爱特楼-102,11-12周 星期六 第1节-第4节 南湖北-爱特楼-102","XF":3,"SKXQ":6,"XNXQDM":"2024-2025-2","KCM":"光电子技术D","JASDM":"0201010102","JXLDM":"020101","JXBID":"20242-07743","SKBJ":"公选-07743","TYXMDM":null,"KCH":"10116117081"},{"KKDWDM":"011","XS":32,"BYBZ":"0","JSJC":5,"XXXQDM":"02","KXH":"01","KSJC":3,"XKZRS":36,"SKZC":"111110000000000000000000000000","SKJS":"葛华","ISTK":0,"ZCMC":"1-5周","YPSJDD":"1-5周 星期日 第3节-第5节 南湖北-爱特楼-102,11周 星期日 第3节-第5节 南湖北-爱特楼-102,7-8周 星期日 第3节-第5节 南湖北-爱特楼-102","XF":2,"SKXQ":7,"XNXQDM":"2024-2025-2","KCM":"光波导原理与器件(JD)","JASDM":"0201010102","JXLDM":"020101","JXBID":"20242-07772","SKBJ":"公选-07772","TYXMDM":null,"KCH":"10116121161"},{"KKDWDM":"011","XS":32,"BYBZ":"0","JSJC":8,"XXXQDM":"02","KXH":"01","KSJC":6,"XKZRS":96,"SKZC":"111110000000000000000000000000","SKJS":"贺振华","ISTK":0,"ZCMC":"1-5周","YPSJDD":"7-9周 星期六 第6节-第8节 南湖北-爱特楼-102,1-5周 星期六 第6节-第8节 南湖北-爱特楼-102","XF":2,"SKXQ":6,"XNXQDM":"2024-2025-2","KCM":"FPGA原理与实践(JD)","JASDM":"0201010102","JXLDM":"020101","JXBID":"20242-07750","SKBJ":"公选-07750","TYXMDM":null,"KCH":"10116124001"},{"KKDWDM":"013","XS":32,"BYBZ":"0","JSJC":2,"XXXQDM":"02","KXH":"02","KSJC":1,"XKZRS":126,"SKZC":"110000000000000000000000000000","SKJS":"侯慧","ISTK":0,"ZCMC":"1-2周","YPSJDD":"1-2周 星期二 第1节-第2节 南湖北-爱特楼-102,3-16周 星期二 第1节-第2节 南湖北-北教三-203","XF":2,"SKXQ":2,"XNXQDM":"2024-2025-2","KCM":"电气工程基础","JASDM":"0201010102","JXLDM":"020101","JXBID":"20242-04696","SKBJ":"电气2305","TYXMDM":null,"KCH":"10134121076"},{"KKDWDM":"011","XS":32,"BYBZ":"0","JSJC":8,"XXXQDM":"02","KXH":"01","KSJC":6,"XKZRS":96,"SKZC":"000000111000000000000000000000","SKJS":"贺振华","ISTK":0,"ZCMC":"7-9周","YPSJDD":"7-9周 星期六 第6节-第8节 南湖北-爱特楼-102,1-5周 星期六 第6节-第8节 南湖北-爱特楼-102","XF":2,"SKXQ":6,"XNXQDM":"2024-2025-2","KCM":"FPGA原理与实践(JD)","JASDM":"0201010102","JXLDM":"020101","JXBID":"20242-07750","SKBJ":"公选-07750","TYXMDM":null,"KCH":"10116124001"},{"KKDWDM":"011","XS":48,"BYBZ":"0","JSJC":5,"XXXQDM":"02","KXH":"07","KSJC":3,"XKZRS":112,"SKZC":"000000111000000000000000000000","SKJS":"李达","ISTK":0,"ZCMC":"7-9周","YPSJDD":"7-9周 星期五 第3节-第5节 南湖北-爱特楼-102,11-16周 星期五 第3节-第5节 南湖北-爱特楼-102,9周 星期日 第3节-第5节 南湖北-爱特楼-102,17周 星期三 第3节-第5节 南湖北-爱特楼-102,1-5周 星期五 第3节-第5节 南湖北-爱特楼-102","XF":3,"SKXQ":5,"XNXQDM":"2024-2025-2","KCM":"高频电子线路D","JASDM":"0201010102","JXLDM":"020101","JXBID":"20242-10476","SKBJ":"电信2301-03","TYXMDM":null,"KCH":"10114117047"},{"KKDWDM":"011","XS":64,"BYBZ":"0","JSJC":2,"XXXQDM":"02","KXH":"06","KSJC":1,"XKZRS":120,"SKZC":"000000111000000000000000000000","SKJS":"梁小宇","ISTK":0,"ZCMC":"7-9周","YPSJDD":"11-15周 星期五 第1节-第2节 南湖北-爱特楼-102,7-9周 星期五 第1节-第2节 南湖北-爱特楼-102,9周 星期日 第1节-第2节 南湖北-爱特楼-102,1-5周 星期五 第1节-第2节 南湖北-爱特楼-102,1-14周 星期二 第3节-第4节 南湖北-爱特楼-102","XF":4,"SKXQ":5,"XNXQDM":"2024-2025-2","KCM":"信号与系统A","JASDM":"0201010102","JXLDM":"020101","JXBID":"20242-05470","SKBJ":"电子2301-02,集成电路2301","TYXMDM":null,"KCH":"10145111001"},{"KKDWDM":"011","XS":48,"BYBZ":"0","JSJC":4,"XXXQDM":"02","KXH":"01","KSJC":1,"XKZRS":99,"SKZC":"000000111000000000000000000000","SKJS":"韩屏","ISTK":0,"ZCMC":"7-9周","YPSJDD":"7-9周 星期六 第1节-第4节 南湖北-爱特楼-102,1-5周 星期六 第1节-第4节 南湖北-爱特楼-102,11-12周 星期六 第1节-第4节 南湖北-爱特楼-102","XF":3,"SKXQ":6,"XNXQDM":"2024-2025-2","KCM":"光电子技术D","JASDM":"0201010102","JXLDM":"020101","JXBID":"20242-07743","SKBJ":"公选-07743","TYXMDM":null,"KCH":"10116117081"},{"KKDWDM":"011","XS":32,"BYBZ":"0","JSJC":5,"XXXQDM":"02","KXH":"01","KSJC":3,"XKZRS":36,"SKZC":"000000110000000000000000000000","SKJS":"葛华","ISTK":0,"ZCMC":"7-8周","YPSJDD":"1-5周 星期日 第3节-第5节 南湖北-爱特楼-102,11周 星期日 第3节-第5节 南湖北-爱特楼-102,7-8周 星期日 第3节-第5节 南湖北-爱特楼-102","XF":2,"SKXQ":7,"XNXQDM":"2024-2025-2","KCM":"光波导原理与器件(JD)","JASDM":"0201010102","JXLDM":"020101","JXBID":"20242-07772","SKBJ":"公选-07772","TYXMDM":null,"KCH":"10116121161"},{"KKDWDM":"011","XS":48,"BYBZ":"0","JSJC":5,"XXXQDM":"02","KXH":"07","KSJC":3,"XKZRS":112,"SKZC":"000000001000000000000000000000","SKJS":"李达","ISTK":0,"ZCMC":"9周","YPSJDD":"7-9周 星期五 第3节-第5节 南湖北-爱特楼-102,11-16周 星期五 第3节-第5节 南湖北-爱特楼-102,9周 星期日 第3节-第5节 南湖北-爱特楼-102,17周 星期三 第3节-第5节 南湖北-爱特楼-102,1-5周 星期五 第3节-第5节 南湖北-爱特楼-102","XF":3,"SKXQ":7,"XNXQDM":"2024-2025-2","KCM":"高频电子线路D","JASDM":"0201010102","JXLDM":"020101","JXBID":"20242-10476","SKBJ":"电信2301-03","TYXMDM":null,"KCH":"10114117047"},{"KKDWDM":"011","XS":64,"BYBZ":"0","JSJC":2,"XXXQDM":"02","KXH":"06","KSJC":1,"XKZRS":120,"SKZC":"000000001000000000000000000000","SKJS":"梁小宇","ISTK":0,"ZCMC":"9周","YPSJDD":"11-15周 星期五 第1节-第2节 南湖北-爱特楼-102,7-9周 星期五 第1节-第2节 南湖北-爱特楼-102,9周 星期日 第1节-第2节 南湖北-爱特楼-102,1-5周 星期五 第1节-第2节 南湖北-爱特楼-102,1-14周 星期二 第3节-第4节 南湖北-爱特楼-102","XF":4,"SKXQ":7,"XNXQDM":"2024-2025-2","KCM":"信号与系统A","JASDM":"0201010102","JXLDM":"020101","JXBID":"20242-05470","SKBJ":"电子2301-02,集成电路2301","TYXMDM":null,"KCH":"10145111001"},{"KKDWDM":"011","XS":48,"BYBZ":"0","JSJC":8,"XXXQDM":"02","KXH":"01","KSJC":6,"XKZRS":89,"SKZC":"000000001000000000000000","SKJS":"周宁,周建新","ISTK":0,"ZCMC":"9周","YPSJDD":"14-15周 星期五 第6节-第7节 南湖北-爱特楼-102,1-5周,7-9周,11-13周 星期五 第6节-第8节 南湖北-爱特楼-102,9周 星期日 第6节-第8节 南湖北-爱特楼-102","XF":3,"SKXQ":7,"XNXQDM":"2024-2025-2","KCM":"高级程序设计A","JASDM":"0201010102","JXLDM":"020101","JXBID":"20242-04914","SKBJ":"通信2303-06","TYXMDM":null,"KCH":"10115115001"},{"KKDWDM":"011","XS":48,"BYBZ":"0","JSJC":5,"XXXQDM":"02","KXH":"07","KSJC":3,"XKZRS":112,"SKZC":"000000000011111100000000000000","SKJS":"李达","ISTK":0,"ZCMC":"11-16周","YPSJDD":"7-9周 星期五 第3节-第5节 南湖北-爱特楼-102,11-16周 星期五 第3节-第5节 南湖北-爱特楼-102,9周 星期日 第3节-第5节 南湖北-爱特楼-102,17周 星期三 第3节-第5节 南湖北-爱特楼-102,1-5周 星期五 第3节-第5节 南湖北-爱特楼-102","XF":3,"SKXQ":5,"XNXQDM":"2024-2025-2","KCM":"高频电子线路D","JASDM":"0201010102","JXLDM":"020101","JXBID":"20242-10476","SKBJ":"电信2301-03","TYXMDM":null,"KCH":"10114117047"},{"KKDWDM":"011","XS":64,"BYBZ":"0","JSJC":2,"XXXQDM":"02","KXH":"06","KSJC":1,"XKZRS":120,"SKZC":"000000000011111000000000000000","SKJS":"梁小宇","ISTK":0,"ZCMC":"11-15周","YPSJDD":"11-15周 星期五 第1节-第2节 南湖北-爱特楼-102,7-9周 星期五 第1节-第2节 南湖北-爱特楼-102,9周 星期日 第1节-第2节 南湖北-爱特楼-102,1-5周 星期五 第1节-第2节 南湖北-爱特楼-102,1-14周 星期二 第3节-第4节 南湖北-爱特楼-102","XF":4,"SKXQ":5,"XNXQDM":"2024-2025-2","KCM":"信号与系统A","JASDM":"0201010102","JXLDM":"020101","JXBID":"20242-05470","SKBJ":"电子2301-02,集成电路2301","TYXMDM":null,"KCH":"10145111001"},{"KKDWDM":"021","XS":36,"BYBZ":"0","JSJC":5,"XXXQDM":"02","KXH":"59","KSJC":3,"XKZRS":107,"SKZC":"000000000011100000000000000000","SKJS":"韩露","ISTK":0,"ZCMC":"11-13周","YPSJDD":"1-9周 星期四 第3节-第5节 南湖北-爱特楼-102,11-13周 星期四 第3节-第5节 南湖北-爱特楼-102","XF":2,"SKXQ":4,"XNXQDM":"2024-2025-2","KCM":"习近平新时代中国特色社会主义思想概论","JASDM":"0201010102","JXLDM":"020101","JXBID":"20242-04853","SKBJ":"电气2304-05,电气zy2301","TYXMDM":null,"KCH":"10211121033"},{"KKDWDM":"011","XS":48,"BYBZ":"0","JSJC":4,"XXXQDM":"02","KXH":"01","KSJC":1,"XKZRS":99,"SKZC":"000000000011000000000000000000","SKJS":"韩屏","ISTK":0,"ZCMC":"11-12周","YPSJDD":"7-9周 星期六 第1节-第4节 南湖北-爱特楼-102,1-5周 星期六 第1节-第4节 南湖北-爱特楼-102,11-12周 星期六 第1节-第4节 南湖北-爱特楼-102","XF":3,"SKXQ":6,"XNXQDM":"2024-2025-2","KCM":"光电子技术D","JASDM":"0201010102","JXLDM":"020101","JXBID":"20242-07743","SKBJ":"公选-07743","TYXMDM":null,"KCH":"10116117081"},{"KKDWDM":"011","XS":32,"BYBZ":"0","JSJC":5,"XXXQDM":"02","KXH":"01","KSJC":3,"XKZRS":36,"SKZC":"000000000010000000000000000000","SKJS":"葛华","ISTK":0,"ZCMC":"11周","YPSJDD":"1-5周 星期日 第3节-第5节 南湖北-爱特楼-102,11周 星期日 第3节-第5节 南湖北-爱特楼-102,7-8周 星期日 第3节-第5节 南湖北-爱特楼-102","XF":2,"SKXQ":7,"XNXQDM":"2024-2025-2","KCM":"光波导原理与器件(JD)","JASDM":"0201010102","JXLDM":"020101","JXBID":"20242-07772","SKBJ":"公选-07772","TYXMDM":null,"KCH":"10116121161"},{"KKDWDM":"011","XS":64,"BYBZ":"0","JSJC":2,"XXXQDM":"02","KXH":"04","KSJC":1,"XKZRS":111,"SKZC":"000000000001110000000000000000","SKJS":"许菲","ISTK":0,"ZCMC":"12-14周","YPSJDD":"1-16周 星期三 第3节-第4节 南湖北-爱特楼-102,1-10周 星期一 第1节-第2节 南湖北-爱特楼-102,16-17周 星期一 第1节-第2节 南湖北-爱特楼-102,12-14周 星期一 第1节-第2节 南湖北-爱特楼-102,17周 星期二 第1节-第2节 南湖北-爱特楼-102","XF":4,"SKXQ":1,"XNXQDM":"2024-2025-2","KCM":"数字电子技术基础A","JASDM":"0201010102","JXLDM":"020101","JXBID":"20242-05569","SKBJ":"信息2301-03","TYXMDM":null,"KCH":"10113121069"},{"KKDWDM":"011","XS":48,"BYBZ":"0","JSJC":8,"XXXQDM":"02","KXH":"04","KSJC":6,"XKZRS":71,"SKZC":"000000000001110000000000000000","SKJS":"李新友","ISTK":0,"ZCMC":"12-14周","YPSJDD":"1-10周 星期一 第6节-第8节 南湖北-爱特楼-102,16-17周 星期一 第6节-第8节 南湖北-爱特楼-102,12-14周 星期一 第6节-第8节 南湖北-爱特楼-102,17周 星期二 第6节-第8节 南湖北-爱特楼-102","XF":3,"SKXQ":1,"XNXQDM":"2024-2025-2","KCM":"高频电子线路D","JASDM":"0201010102","JXLDM":"020101","JXBID":"20242-03530","SKBJ":"信息2201-03","TYXMDM":null,"KCH":"10114117047"},{"KKDWDM":"011","XS":48,"BYBZ":"0","JSJC":7,"XXXQDM":"02","KXH":"01","KSJC":6,"XKZRS":89,"SKZC":"000000000000011000000000","SKJS":"周宁,周建新","ISTK":0,"ZCMC":"14-15周","YPSJDD":"14-15周 星期五 第6节-第7节 南湖北-爱特楼-102,1-5周,7-9周,11-13周 星期五 第6节-第8节 南湖北-爱特楼-102,9周 星期日 第6节-第8节 南湖北-爱特楼-102","XF":3,"SKXQ":5,"XNXQDM":"2024-2025-2","KCM":"高级程序设计A","JASDM":"0201010102","JXLDM":"020101","JXBID":"20242-04914","SKBJ":"通信2303-06","TYXMDM":null,"KCH":"10115115001"},{"KKDWDM":"011","XS":64,"BYBZ":"0","JSJC":2,"XXXQDM":"02","KXH":"04","KSJC":1,"XKZRS":111,"SKZC":"000000000000000110000000000000","SKJS":"许菲","ISTK":0,"ZCMC":"16-17周","YPSJDD":"1-16周 星期三 第3节-第4节 南湖北-爱特楼-102,1-10周 星期一 第1节-第2节 南湖北-爱特楼-102,16-17周 星期一 第1节-第2节 南湖北-爱特楼-102,12-14周 星期一 第1节-第2节 南湖北-爱特楼-102,17周 星期二 第1节-第2节 南湖北-爱特楼-102","XF":4,"SKXQ":1,"XNXQDM":"2024-2025-2","KCM":"数字电子技术基础A","JASDM":"0201010102","JXLDM":"020101","JXBID":"20242-05569","SKBJ":"信息2301-03","TYXMDM":null,"KCH":"10113121069"},{"KKDWDM":"011","XS":48,"BYBZ":"0","JSJC":8,"XXXQDM":"02","KXH":"04","KSJC":6,"XKZRS":71,"SKZC":"000000000000000110000000000000","SKJS":"李新友","ISTK":0,"ZCMC":"16-17周","YPSJDD":"1-10周 星期一 第6节-第8节 南湖北-爱特楼-102,16-17周 星期一 第6节-第8节 南湖北-爱特楼-102,12-14周 星期一 第6节-第8节 南湖北-爱特楼-102,17周 星期二 第6节-第8节 南湖北-爱特楼-102","XF":3,"SKXQ":1,"XNXQDM":"2024-2025-2","KCM":"高频电子线路D","JASDM":"0201010102","JXLDM":"020101","JXBID":"20242-03530","SKBJ":"信息2201-03","TYXMDM":null,"KCH":"10114117047"},{"KKDWDM":"011","XS":48,"BYBZ":"0","JSJC":8,"XXXQDM":"02","KXH":"04","KSJC":6,"XKZRS":71,"SKZC":"000000000000000010000000000000","SKJS":"李新友","ISTK":0,"ZCMC":"17周","YPSJDD":"1-10周 星期一 第6节-第8节 南湖北-爱特楼-102,16-17周 星期一 第6节-第8节 南湖北-爱特楼-102,12-14周 星期一 第6节-第8节 南湖北-爱特楼-102,17周 星期二 第6节-第8节 南湖北-爱特楼-102","XF":3,"SKXQ":2,"XNXQDM":"2024-2025-2","KCM":"高频电子线路D","JASDM":"0201010102","JXLDM":"020101","JXBID":"20242-03530","SKBJ":"信息2201-03","TYXMDM":null,"KCH":"10114117047"},{"KKDWDM":"011","XS":48,"BYBZ":"0","JSJC":5,"XXXQDM":"02","KXH":"07","KSJC":3,"XKZRS":112,"SKZC":"000000000000000010000000000000","SKJS":"李达","ISTK":0,"ZCMC":"17周","YPSJDD":"7-9周 星期五 第3节-第5节 南湖北-爱特楼-102,11-16周 星期五 第3节-第5节 南湖北-爱特楼-102,9周 星期日 第3节-第5节 南湖北-爱特楼-102,17周 星期三 第3节-第5节 南湖北-爱特楼-102,1-5周 星期五 第3节-第5节 南湖北-爱特楼-102","XF":3,"SKXQ":3,"XNXQDM":"2024-2025-2","KCM":"高频电子线路D","JASDM":"0201010102","JXLDM":"020101","JXBID":"20242-10476","SKBJ":"电信2301-03","TYXMDM":null,"KCH":"10114117047"},{"KKDWDM":"011","XS":64,"BYBZ":"0","JSJC":2,"XXXQDM":"02","KXH":"04","KSJC":1,"XKZRS":111,"SKZC":"000000000000000010000000000000","SKJS":"许菲","ISTK":0,"ZCMC":"17周","YPSJDD":"1-16周 星期三 第3节-第4节 南湖北-爱特楼-102,1-10周 星期一 第1节-第2节 南湖北-爱特楼-102,16-17周 星期一 第1节-第2节 南湖北-爱特楼-102,12-14周 星期一 第1节-第2节 南湖北-爱特楼-102,17周 星期二 第1节-第2节 南湖北-爱特楼-102","XF":4,"SKXQ":2,"XNXQDM":"2024-2025-2","KCM":"数字电子技术基础A","JASDM":"0201010102","JXLDM":"020101","JXBID":"20242-05569","SKBJ":"信息2301-03","TYXMDM":null,"KCH":"10113121069"}]}},"code":"0"}