{"datas":{"jaskcb":{"extParams":{"code":1,"msg":"查询成功"},"pageSize":0,"pageNumber":0,"totalSize":-1,"rows":[{"KKDWDM":"011","XS":32,"BYBZ":"0","JSJC":2,"XXXQDM":"02","KXH":"03","KSJC":1,"XKZRS":95,"SKZC":"111111111111111100000000","SKJS":"肖攸安","ISTK":0,"ZCMC":"1-16周","YPSJDD":"1-16周 星期三 第1节-第2节 南湖北-爱特楼-103","XF":2,"SKXQ":3,"XNXQDM":"2024-2025-2","KCM":"信息安全技术","JASDM":"0201010103","JXLDM":"020101","JXBID":"20242-10894","SKBJ":"电信2301-03","TYXMDM":null,"KCH":"10115111016"},{"KKDWDM":"011","XS":40,"BYBZ":"0","JSJC":4,"XXXQDM":"02","KXH":"04","KSJC":3,"XKZRS":105,"SKZC":"1111111111111111","SKJS":"杨媛媛","ISTK":0,"ZCMC":"1-16周","YPSJDD":"1-16周 星期二 第3节-第4节 南湖北-爱特楼-103","XF":2,"SKXQ":2,"XNXQDM":"2024-2025-2","KCM":"现代检测技术B","JASDM":"0201010103","JXLDM":"020101","JXBID":"20242-10485","SKBJ":"电信2301-03","TYXMDM":null,"KCH":"10137324003"},{"KKDWDM":"021","XS":36,"BYBZ":"0","JSJC":8,"XXXQDM":"02","KXH":"60","KSJC":6,"XKZRS":104,"SKZC":"111111111111","SKJS":"杨爱杰","ISTK":0,"ZCMC":"1-12周","YPSJDD":"1-12周 星期三 第6节-第8节 南湖北-爱特楼-103","XF":2,"SKXQ":3,"XNXQDM":"2024-2025-2","KCM":"习近平新时代中国特色社会主义思想概论","JASDM":"0201010103","JXLDM":"020101","JXBID":"20242-04862","SKBJ":"自动化2304-05,自动化zy2301","TYXMDM":null,"KCH":"10211121033"},{"KKDWDM":"021","XS":36,"BYBZ":"0","JSJC":5,"XXXQDM":"02","KXH":"125","KSJC":3,"XKZRS":109,"SKZC":"111111111111","SKJS":"张芳娟","ISTK":0,"ZCMC":"1-12周","YPSJDD":"1-12周 星期三 第3节-第5节 南湖北-爱特楼-103","XF":2,"SKXQ":3,"XNXQDM":"2024-2025-2","KCM":"习近平新时代中国特色社会主义思想概论","JASDM":"0201010103","JXLDM":"020101","JXBID":"20242-05255","SKBJ":"微电子本硕2301,财务2301-02","TYXMDM":null,"KCH":"10211121033"},{"KKDWDM":"003","XS":32,"BYBZ":"0","JSJC":10,"XXXQDM":"02","KXH":"04","KSJC":9,"XKZRS":109,"SKZC":"111111111100000000000000000000","SKJS":"陆平,饶美娟","ISTK":0,"ZCMC":"1-10周","YPSJDD":"17周 星期二 第9节-第10节 南湖北-爱特楼-103,16-17周 星期一 第9节-第10节 南湖北-爱特楼-103,12-14周 星期一 第9节-第10节 南湖北-爱特楼-103,1-10周 星期一 第9节-第10节 南湖北-爱特楼-103","XF":2,"SKXQ":1,"XNXQDM":"2024-2025-2","KCM":"功能材料A","JASDM":"0201010103","JXLDM":"020101","JXBID":"20242-05605","SKBJ":"新能源2301,材化2301,材物2301","TYXMDM":null,"KCH":"10107311012"},{"KKDWDM":"011","XS":64,"BYBZ":"0","JSJC":4,"XXXQDM":"02","KXH":"06","KSJC":3,"XKZRS":108,"SKZC":"111111111100000000000000000000","SKJS":"黄铮","ISTK":0,"ZCMC":"1-10周","YPSJDD":"11-17周 星期四 第1节-第2节 南湖北-爱特楼-103,1-9周 星期四 第1节-第2节 南湖北-爱特楼-103,1-10周 星期一 第3节-第4节 南湖北-爱特楼-103,16-17周 星期一 第3节-第4节 南湖北-爱特楼-103,12-14周 星期一 第3节-第4节 南湖北-爱特楼-103,17周 星期二 第3节-第4节 南湖北-爱特楼-103","XF":4,"SKXQ":1,"XNXQDM":"2024-2025-2","KCM":"数字电子技术基础A","JASDM":"0201010103","JXLDM":"020101","JXBID":"20242-11075","SKBJ":"通信2301-03","TYXMDM":null,"KCH":"10113121069"},{"KKDWDM":"011","XS":64,"BYBZ":"0","JSJC":2,"XXXQDM":"02","KXH":"05","KSJC":1,"XKZRS":110,"SKZC":"111111111100000000000000000000","SKJS":"葛华","ISTK":0,"ZCMC":"1-10周","YPSJDD":"12-14周 星期一 第1节-第2节 南湖北-爱特楼-103,1-10周 星期一 第1节-第2节 南湖北-爱特楼-103,16-17周 星期一 第1节-第2节 南湖北-爱特楼-103,1-9周 星期四 第3节-第4节 南湖北-爱特楼-103,17周 星期二 第1节-第2节 南湖北-爱特楼-103,11-17周 星期四 第3节-第4节 南湖北-爱特楼-103","XF":4,"SKXQ":1,"XNXQDM":"2024-2025-2","KCM":"数字电子技术基础A","JASDM":"0201010103","JXLDM":"020101","JXBID":"20242-05579","SKBJ":"电子2301-02,集成电路2301","TYXMDM":null,"KCH":"10113121069"},{"KKDWDM":"003","XS":32,"BYBZ":"0","JSJC":8,"XXXQDM":"02","KXH":"01","KSJC":6,"XKZRS":67,"SKZC":"111111111100000000000000","SKJS":"田培静,赵青林","ISTK":0,"ZCMC":"1-10周","YPSJDD":"12周 星期一 第6节-第7节 南湖北-爱特楼-103,1-10周 星期一 第6节-第8节 南湖北-爱特楼-103","XF":2,"SKXQ":1,"XNXQDM":"2024-2025-2","KCM":"热工设备","JASDM":"0201010103","JXLDM":"020101","JXBID":"20242-03887","SKBJ":"材科2205-06","TYXMDM":null,"KCH":"4070120110"},{"KKDWDM":"011","XS":64,"BYBZ":"0","JSJC":4,"XXXQDM":"02","KXH":"05","KSJC":3,"XKZRS":110,"SKZC":"111111111000000000000000000000","SKJS":"葛华","ISTK":0,"ZCMC":"1-9周","YPSJDD":"12-14周 星期一 第1节-第2节 南湖北-爱特楼-103,1-10周 星期一 第1节-第2节 南湖北-爱特楼-103,16-17周 星期一 第1节-第2节 南湖北-爱特楼-103,1-9周 星期四 第3节-第4节 南湖北-爱特楼-103,17周 星期二 第1节-第2节 南湖北-爱特楼-103,11-17周 星期四 第3节-第4节 南湖北-爱特楼-103","XF":4,"SKXQ":4,"XNXQDM":"2024-2025-2","KCM":"数字电子技术基础A","JASDM":"0201010103","JXLDM":"020101","JXBID":"20242-05579","SKBJ":"电子2301-02,集成电路2301","TYXMDM":null,"KCH":"10113121069"},{"KKDWDM":"011","XS":64,"BYBZ":"0","JSJC":2,"XXXQDM":"02","KXH":"06","KSJC":1,"XKZRS":108,"SKZC":"111111111000000000000000000000","SKJS":"黄铮","ISTK":0,"ZCMC":"1-9周","YPSJDD":"11-17周 星期四 第1节-第2节 南湖北-爱特楼-103,1-9周 星期四 第1节-第2节 南湖北-爱特楼-103,1-10周 星期一 第3节-第4节 南湖北-爱特楼-103,16-17周 星期一 第3节-第4节 南湖北-爱特楼-103,12-14周 星期一 第3节-第4节 南湖北-爱特楼-103,17周 星期二 第3节-第4节 南湖北-爱特楼-103","XF":4,"SKXQ":4,"XNXQDM":"2024-2025-2","KCM":"数字电子技术基础A","JASDM":"0201010103","JXLDM":"020101","JXBID":"20242-11075","SKBJ":"通信2301-03","TYXMDM":null,"KCH":"10113121069"},{"KKDWDM":"011","XS":32,"BYBZ":"0","JSJC":8,"XXXQDM":"02","KXH":"08","KSJC":6,"XKZRS":102,"SKZC":"11111111","SKJS":"黄龙庭","ISTK":0,"ZCMC":"1-8周","YPSJDD":"1-8周 星期二 第6节-第8节 南湖北-爱特楼-103","XF":2,"SKXQ":2,"XNXQDM":"2024-2025-2","KCM":"机器学习导论","JASDM":"0201010103","JXLDM":"020101","JXBID":"20242-10524","SKBJ":"电信2204-06","TYXMDM":null,"KCH":"10115121037"},{"KKDWDM":"012","XS":48,"BYBZ":"0","JSJC":5,"XXXQDM":"02","KXH":"01","KSJC":3,"XKZRS":76,"SKZC":"111110111011000000000000","SKJS":"荣毅","ISTK":0,"ZCMC":"1-5周,7-9周,11-12周","YPSJDD":"13周 星期六 第3节-第4节 南湖北-爱特楼-103,1-5周,7-9周,11-12周 星期六 第3节-第5节 南湖北-爱特楼-103","XF":3,"SKXQ":6,"XNXQDM":"2024-2025-2","KCM":"计算机视觉","JASDM":"0201010103","JXLDM":"020101","JXBID":"20242-06544","SKBJ":"华农微2401,智能系统技术微2024","TYXMDM":null,"KCH":"10124123004"},{"KKDWDM":"022","XS":48,"BYBZ":"0","JSJC":4,"XXXQDM":"02","KXH":"01","KSJC":1,"XKZRS":36,"SKZC":"111110110011101100000000000000","SKJS":"王丽,罗先平","ISTK":0,"ZCMC":"1-5周,7-8周,11-13周,15-16周","YPSJDD":"1-5周,7-8周,11-13周,15-16周 星期日 第1节-第4节 南湖北-爱特楼-103","XF":3,"SKXQ":7,"XNXQDM":"2024-2025-2","KCM":"法理学","JASDM":"0201010103","JXLDM":"020101","JXBID":"20242-12464","SKBJ":"法学fx2023","TYXMDM":null,"KCH":"10224121194"},{"KKDWDM":"021","XS":36,"BYBZ":"0","JSJC":5,"XXXQDM":"02","KXH":"02","KSJC":3,"XKZRS":99,"SKZC":"111110000000000000000000000000","SKJS":"陈文安","ISTK":0,"ZCMC":"1-5周","YPSJDD":"11-13周 星期五 第3节-第5节 南湖北-爱特楼-103,1-5周 星期五 第3节-第5节 南湖北-爱特楼-103,9周 星期日 第3节-第5节 南湖北-爱特楼-103,7-9周 星期五 第3节-第5节 南湖北-爱特楼-103","XF":2,"SKXQ":5,"XNXQDM":"2024-2025-2","KCM":"新时代中国特色社会主义理论与实践","JASDM":"0201010103","JXLDM":"020101","JXBID":"20242-02122","SKBJ":"微电子本硕2201,智能制造本硕2201,通信本硕2201","TYXMDM":null,"KCH":"50210123001"},{"KKDWDM":"021","XS":18,"BYBZ":"0","JSJC":2,"XXXQDM":"02","KXH":"02","KSJC":1,"XKZRS":67,"SKZC":"111110000000000000000000000000","SKJS":"彭攀","ISTK":0,"ZCMC":"1-5周","YPSJDD":"1-5周 星期五 第1节-第2节 南湖北-爱特楼-103,7-9周 星期五 第1节-第2节 南湖北-爱特楼-103,9周 星期日 第1节-第2节 南湖北-爱特楼-103","XF":1,"SKXQ":5,"XNXQDM":"2024-2025-2","KCM":"自然辩证法概论","JASDM":"0201010103","JXLDM":"020101","JXBID":"20242-03166","SKBJ":"微电子本硕2201,智能制造本硕2201,通信本硕2201","TYXMDM":null,"KCH":"40210123002"},{"KKDWDM":"021","XS":18,"BYBZ":"0","JSJC":2,"XXXQDM":"02","KXH":"02","KSJC":1,"XKZRS":67,"SKZC":"000000111000000000000000000000","SKJS":"彭攀","ISTK":0,"ZCMC":"7-9周","YPSJDD":"1-5周 星期五 第1节-第2节 南湖北-爱特楼-103,7-9周 星期五 第1节-第2节 南湖北-爱特楼-103,9周 星期日 第1节-第2节 南湖北-爱特楼-103","XF":1,"SKXQ":5,"XNXQDM":"2024-2025-2","KCM":"自然辩证法概论","JASDM":"0201010103","JXLDM":"020101","JXBID":"20242-03166","SKBJ":"微电子本硕2201,智能制造本硕2201,通信本硕2201","TYXMDM":null,"KCH":"40210123002"},{"KKDWDM":"021","XS":36,"BYBZ":"0","JSJC":5,"XXXQDM":"02","KXH":"02","KSJC":3,"XKZRS":99,"SKZC":"000000111000000000000000000000","SKJS":"陈文安","ISTK":0,"ZCMC":"7-9周","YPSJDD":"11-13周 星期五 第3节-第5节 南湖北-爱特楼-103,1-5周 星期五 第3节-第5节 南湖北-爱特楼-103,9周 星期日 第3节-第5节 南湖北-爱特楼-103,7-9周 星期五 第3节-第5节 南湖北-爱特楼-103","XF":2,"SKXQ":5,"XNXQDM":"2024-2025-2","KCM":"新时代中国特色社会主义理论与实践","JASDM":"0201010103","JXLDM":"020101","JXBID":"20242-02122","SKBJ":"微电子本硕2201,智能制造本硕2201,通信本硕2201","TYXMDM":null,"KCH":"50210123001"},{"KKDWDM":"011","XS":16,"BYBZ":"0","JSJC":7,"XXXQDM":"02","KXH":"01","KSJC":6,"XKZRS":93,"SKZC":"000000110000000000000000000000","SKJS":"靳淇文","ISTK":0,"ZCMC":"7-8周","YPSJDD":"9周 星期六 第6节-第7节 南湖北-爱特楼-103,15-16周 星期六 第6节-第7节 南湖北-爱特楼-103,7-8周 星期六 第6节-第7节 南湖北-爱特楼-103,11-13周 星期六 第6节-第7节 南湖北-爱特楼-103","XF":1,"SKXQ":6,"XNXQDM":"2024-2025-2","KCM":"深度学习与计算机视觉(JD)","JASDM":"0201010103","JXLDM":"020101","JXBID":"20242-07792","SKBJ":"公选-07792","TYXMDM":null,"KCH":"10116121174"},{"KKDWDM":"011","XS":40,"BYBZ":"0","JSJC":8,"XXXQDM":"02","KXH":"01","KSJC":6,"XKZRS":31,"SKZC":"000000001000000000000000000000","SKJS":"马小林","ISTK":0,"ZCMC":"9周","YPSJDD":"11-16周 星期五 第6节-第8节 南湖北-爱特楼-103,9周 星期五 第6节-第8节 南湖北-爱特楼-103,17周 星期三 第6节-第8节 南湖北-爱特楼-103","XF":2,"SKXQ":5,"XNXQDM":"2024-2025-2","KCM":"安卓应用程序设计","JASDM":"0201010103","JXLDM":"020101","JXBID":"20242-05453","SKBJ":"电子2301-02,集成电路2301","TYXMDM":null,"KCH":"10116117086"},{"KKDWDM":"021","XS":18,"BYBZ":"0","JSJC":2,"XXXQDM":"02","KXH":"02","KSJC":1,"XKZRS":67,"SKZC":"000000001000000000000000000000","SKJS":"彭攀","ISTK":0,"ZCMC":"9周","YPSJDD":"1-5周 星期五 第1节-第2节 南湖北-爱特楼-103,7-9周 星期五 第1节-第2节 南湖北-爱特楼-103,9周 星期日 第1节-第2节 南湖北-爱特楼-103","XF":1,"SKXQ":7,"XNXQDM":"2024-2025-2","KCM":"自然辩证法概论","JASDM":"0201010103","JXLDM":"020101","JXBID":"20242-03166","SKBJ":"微电子本硕2201,智能制造本硕2201,通信本硕2201","TYXMDM":null,"KCH":"40210123002"},{"KKDWDM":"011","XS":16,"BYBZ":"0","JSJC":7,"XXXQDM":"02","KXH":"01","KSJC":6,"XKZRS":93,"SKZC":"000000001000000000000000000000","SKJS":"靳淇文","ISTK":0,"ZCMC":"9周","YPSJDD":"9周 星期六 第6节-第7节 南湖北-爱特楼-103,15-16周 星期六 第6节-第7节 南湖北-爱特楼-103,7-8周 星期六 第6节-第7节 南湖北-爱特楼-103,11-13周 星期六 第6节-第7节 南湖北-爱特楼-103","XF":1,"SKXQ":6,"XNXQDM":"2024-2025-2","KCM":"深度学习与计算机视觉(JD)","JASDM":"0201010103","JXLDM":"020101","JXBID":"20242-07792","SKBJ":"公选-07792","TYXMDM":null,"KCH":"10116121174"},{"KKDWDM":"021","XS":36,"BYBZ":"0","JSJC":5,"XXXQDM":"02","KXH":"02","KSJC":3,"XKZRS":99,"SKZC":"000000001000000000000000000000","SKJS":"陈文安","ISTK":0,"ZCMC":"9周","YPSJDD":"11-13周 星期五 第3节-第5节 南湖北-爱特楼-103,1-5周 星期五 第3节-第5节 南湖北-爱特楼-103,9周 星期日 第3节-第5节 南湖北-爱特楼-103,7-9周 星期五 第3节-第5节 南湖北-爱特楼-103","XF":2,"SKXQ":7,"XNXQDM":"2024-2025-2","KCM":"新时代中国特色社会主义理论与实践","JASDM":"0201010103","JXLDM":"020101","JXBID":"20242-02122","SKBJ":"微电子本硕2201,智能制造本硕2201,通信本硕2201","TYXMDM":null,"KCH":"50210123001"},{"KKDWDM":"011","XS":64,"BYBZ":"0","JSJC":4,"XXXQDM":"02","KXH":"05","KSJC":3,"XKZRS":110,"SKZC":"000000000011111110000000000000","SKJS":"葛华","ISTK":0,"ZCMC":"11-17周","YPSJDD":"12-14周 星期一 第1节-第2节 南湖北-爱特楼-103,1-10周 星期一 第1节-第2节 南湖北-爱特楼-103,16-17周 星期一 第1节-第2节 南湖北-爱特楼-103,1-9周 星期四 第3节-第4节 南湖北-爱特楼-103,17周 星期二 第1节-第2节 南湖北-爱特楼-103,11-17周 星期四 第3节-第4节 南湖北-爱特楼-103","XF":4,"SKXQ":4,"XNXQDM":"2024-2025-2","KCM":"数字电子技术基础A","JASDM":"0201010103","JXLDM":"020101","JXBID":"20242-05579","SKBJ":"电子2301-02,集成电路2301","TYXMDM":null,"KCH":"10113121069"},{"KKDWDM":"011","XS":64,"BYBZ":"0","JSJC":2,"XXXQDM":"02","KXH":"06","KSJC":1,"XKZRS":108,"SKZC":"000000000011111110000000000000","SKJS":"黄铮","ISTK":0,"ZCMC":"11-17周","YPSJDD":"11-17周 星期四 第1节-第2节 南湖北-爱特楼-103,1-9周 星期四 第1节-第2节 南湖北-爱特楼-103,1-10周 星期一 第3节-第4节 南湖北-爱特楼-103,16-17周 星期一 第3节-第4节 南湖北-爱特楼-103,12-14周 星期一 第3节-第4节 南湖北-爱特楼-103,17周 星期二 第3节-第4节 南湖北-爱特楼-103","XF":4,"SKXQ":4,"XNXQDM":"2024-2025-2","KCM":"数字电子技术基础A","JASDM":"0201010103","JXLDM":"020101","JXBID":"20242-11075","SKBJ":"通信2301-03","TYXMDM":null,"KCH":"10113121069"},{"KKDWDM":"011","XS":40,"BYBZ":"0","JSJC":8,"XXXQDM":"02","KXH":"01","KSJC":6,"XKZRS":31,"SKZC":"000000000011111100000000000000","SKJS":"马小林","ISTK":0,"ZCMC":"11-16周","YPSJDD":"11-16周 星期五 第6节-第8节 南湖北-爱特楼-103,9周 星期五 第6节-第8节 南湖北-爱特楼-103,17周 星期三 第6节-第8节 南湖北-爱特楼-103","XF":2,"SKXQ":5,"XNXQDM":"2024-2025-2","KCM":"安卓应用程序设计","JASDM":"0201010103","JXLDM":"020101","JXBID":"20242-05453","SKBJ":"电子2301-02,集成电路2301","TYXMDM":null,"KCH":"10116117086"},{"KKDWDM":"021","XS":36,"BYBZ":"0","JSJC":5,"XXXQDM":"02","KXH":"02","KSJC":3,"XKZRS":99,"SKZC":"000000000011100000000000000000","SKJS":"陈文安","ISTK":0,"ZCMC":"11-13周","YPSJDD":"11-13周 星期五 第3节-第5节 南湖北-爱特楼-103,1-5周 星期五 第3节-第5节 南湖北-爱特楼-103,9周 星期日 第3节-第5节 南湖北-爱特楼-103,7-9周 星期五 第3节-第5节 南湖北-爱特楼-103","XF":2,"SKXQ":5,"XNXQDM":"2024-2025-2","KCM":"新时代中国特色社会主义理论与实践","JASDM":"0201010103","JXLDM":"020101","JXBID":"20242-02122","SKBJ":"微电子本硕2201,智能制造本硕2201,通信本硕2201","TYXMDM":null,"KCH":"50210123001"},{"KKDWDM":"011","XS":16,"BYBZ":"0","JSJC":7,"XXXQDM":"02","KXH":"01","KSJC":6,"XKZRS":93,"SKZC":"000000000011100000000000000000","SKJS":"靳淇文","ISTK":0,"ZCMC":"11-13周","YPSJDD":"9周 星期六 第6节-第7节 南湖北-爱特楼-103,15-16周 星期六 第6节-第7节 南湖北-爱特楼-103,7-8周 星期六 第6节-第7节 南湖北-爱特楼-103,11-13周 星期六 第6节-第7节 南湖北-爱特楼-103","XF":1,"SKXQ":6,"XNXQDM":"2024-2025-2","KCM":"深度学习与计算机视觉(JD)","JASDM":"0201010103","JXLDM":"020101","JXBID":"20242-07792","SKBJ":"公选-07792","TYXMDM":null,"KCH":"10116121174"},{"KKDWDM":"003","XS":32,"BYBZ":"0","JSJC":10,"XXXQDM":"02","KXH":"04","KSJC":9,"XKZRS":109,"SKZC":"000000000001110000000000000000","SKJS":"陆平,饶美娟","ISTK":0,"ZCMC":"12-14周","YPSJDD":"17周 星期二 第9节-第10节 南湖北-爱特楼-103,16-17周 星期一 第9节-第10节 南湖北-爱特楼-103,12-14周 星期一 第9节-第10节 南湖北-爱特楼-103,1-10周 星期一 第9节-第10节 南湖北-爱特楼-103","XF":2,"SKXQ":1,"XNXQDM":"2024-2025-2","KCM":"功能材料A","JASDM":"0201010103","JXLDM":"020101","JXBID":"20242-05605","SKBJ":"新能源2301,材化2301,材物2301","TYXMDM":null,"KCH":"10107311012"},{"KKDWDM":"011","XS":64,"BYBZ":"0","JSJC":4,"XXXQDM":"02","KXH":"06","KSJC":3,"XKZRS":108,"SKZC":"000000000001110000000000000000","SKJS":"黄铮","ISTK":0,"ZCMC":"12-14周","YPSJDD":"11-17周 星期四 第1节-第2节 南湖北-爱特楼-103,1-9周 星期四 第1节-第2节 南湖北-爱特楼-103,1-10周 星期一 第3节-第4节 南湖北-爱特楼-103,16-17周 星期一 第3节-第4节 南湖北-爱特楼-103,12-14周 星期一 第3节-第4节 南湖北-爱特楼-103,17周 星期二 第3节-第4节 南湖北-爱特楼-103","XF":4,"SKXQ":1,"XNXQDM":"2024-2025-2","KCM":"数字电子技术基础A","JASDM":"0201010103","JXLDM":"020101","JXBID":"20242-11075","SKBJ":"通信2301-03","TYXMDM":null,"KCH":"10113121069"},{"KKDWDM":"011","XS":64,"BYBZ":"0","JSJC":2,"XXXQDM":"02","KXH":"05","KSJC":1,"XKZRS":110,"SKZC":"000000000001110000000000000000","SKJS":"葛华","ISTK":0,"ZCMC":"12-14周","YPSJDD":"12-14周 星期一 第1节-第2节 南湖北-爱特楼-103,1-10周 星期一 第1节-第2节 南湖北-爱特楼-103,16-17周 星期一 第1节-第2节 南湖北-爱特楼-103,1-9周 星期四 第3节-第4节 南湖北-爱特楼-103,17周 星期二 第1节-第2节 南湖北-爱特楼-103,11-17周 星期四 第3节-第4节 南湖北-爱特楼-103","XF":4,"SKXQ":1,"XNXQDM":"2024-2025-2","KCM":"数字电子技术基础A","JASDM":"0201010103","JXLDM":"020101","JXBID":"20242-05579","SKBJ":"电子2301-02,集成电路2301","TYXMDM":null,"KCH":"10113121069"},{"KKDWDM":"003","XS":32,"BYBZ":"0","JSJC":7,"XXXQDM":"02","KXH":"01","KSJC":6,"XKZRS":67,"SKZC":"000000000001000000000000","SKJS":"田培静,赵青林","ISTK":0,"ZCMC":"12周","YPSJDD":"12周 星期一 第6节-第7节 南湖北-爱特楼-103,1-10周 星期一 第6节-第8节 南湖北-爱特楼-103","XF":2,"SKXQ":1,"XNXQDM":"2024-2025-2","KCM":"热工设备","JASDM":"0201010103","JXLDM":"020101","JXBID":"20242-03887","SKBJ":"材科2205-06","TYXMDM":null,"KCH":"4070120110"},{"KKDWDM":"012","XS":48,"BYBZ":"0","JSJC":4,"XXXQDM":"02","KXH":"01","KSJC":3,"XKZRS":76,"SKZC":"000000000000100000000000","SKJS":"荣毅","ISTK":0,"ZCMC":"13周","YPSJDD":"13周 星期六 第3节-第4节 南湖北-爱特楼-103,1-5周,7-9周,11-12周 星期六 第3节-第5节 南湖北-爱特楼-103","XF":3,"SKXQ":6,"XNXQDM":"2024-2025-2","KCM":"计算机视觉","JASDM":"0201010103","JXLDM":"020101","JXBID":"20242-06544","SKBJ":"华农微2401,智能系统技术微2024","TYXMDM":null,"KCH":"10124123004"},{"KKDWDM":"011","XS":16,"BYBZ":"0","JSJC":7,"XXXQDM":"02","KXH":"01","KSJC":6,"XKZRS":93,"SKZC":"000000000000001100000000000000","SKJS":"靳淇文","ISTK":0,"ZCMC":"15-16周","YPSJDD":"9周 星期六 第6节-第7节 南湖北-爱特楼-103,15-16周 星期六 第6节-第7节 南湖北-爱特楼-103,7-8周 星期六 第6节-第7节 南湖北-爱特楼-103,11-13周 星期六 第6节-第7节 南湖北-爱特楼-103","XF":1,"SKXQ":6,"XNXQDM":"2024-2025-2","KCM":"深度学习与计算机视觉(JD)","JASDM":"0201010103","JXLDM":"020101","JXBID":"20242-07792","SKBJ":"公选-07792","TYXMDM":null,"KCH":"10116121174"},{"KKDWDM":"003","XS":32,"BYBZ":"0","JSJC":10,"XXXQDM":"02","KXH":"04","KSJC":9,"XKZRS":109,"SKZC":"000000000000000110000000000000","SKJS":"陆平,饶美娟","ISTK":0,"ZCMC":"16-17周","YPSJDD":"17周 星期二 第9节-第10节 南湖北-爱特楼-103,16-17周 星期一 第9节-第10节 南湖北-爱特楼-103,12-14周 星期一 第9节-第10节 南湖北-爱特楼-103,1-10周 星期一 第9节-第10节 南湖北-爱特楼-103","XF":2,"SKXQ":1,"XNXQDM":"2024-2025-2","KCM":"功能材料A","JASDM":"0201010103","JXLDM":"020101","JXBID":"20242-05605","SKBJ":"新能源2301,材化2301,材物2301","TYXMDM":null,"KCH":"10107311012"},{"KKDWDM":"011","XS":64,"BYBZ":"0","JSJC":2,"XXXQDM":"02","KXH":"05","KSJC":1,"XKZRS":110,"SKZC":"000000000000000110000000000000","SKJS":"葛华","ISTK":0,"ZCMC":"16-17周","YPSJDD":"12-14周 星期一 第1节-第2节 南湖北-爱特楼-103,1-10周 星期一 第1节-第2节 南湖北-爱特楼-103,16-17周 星期一 第1节-第2节 南湖北-爱特楼-103,1-9周 星期四 第3节-第4节 南湖北-爱特楼-103,17周 星期二 第1节-第2节 南湖北-爱特楼-103,11-17周 星期四 第3节-第4节 南湖北-爱特楼-103","XF":4,"SKXQ":1,"XNXQDM":"2024-2025-2","KCM":"数字电子技术基础A","JASDM":"0201010103","JXLDM":"020101","JXBID":"20242-05579","SKBJ":"电子2301-02,集成电路2301","TYXMDM":null,"KCH":"10113121069"},{"KKDWDM":"011","XS":64,"BYBZ":"0","JSJC":4,"XXXQDM":"02","KXH":"06","KSJC":3,"XKZRS":108,"SKZC":"000000000000000110000000000000","SKJS":"黄铮","ISTK":0,"ZCMC":"16-17周","YPSJDD":"11-17周 星期四 第1节-第2节 南湖北-爱特楼-103,1-9周 星期四 第1节-第2节 南湖北-爱特楼-103,1-10周 星期一 第3节-第4节 南湖北-爱特楼-103,16-17周 星期一 第3节-第4节 南湖北-爱特楼-103,12-14周 星期一 第3节-第4节 南湖北-爱特楼-103,17周 星期二 第3节-第4节 南湖北-爱特楼-103","XF":4,"SKXQ":1,"XNXQDM":"2024-2025-2","KCM":"数字电子技术基础A","JASDM":"0201010103","JXLDM":"020101","JXBID":"20242-11075","SKBJ":"通信2301-03","TYXMDM":null,"KCH":"10113121069"},{"KKDWDM":"011","XS":64,"BYBZ":"0","JSJC":4,"XXXQDM":"02","KXH":"06","KSJC":3,"XKZRS":108,"SKZC":"000000000000000010000000000000","SKJS":"黄铮","ISTK":0,"ZCMC":"17周","YPSJDD":"11-17周 星期四 第1节-第2节 南湖北-爱特楼-103,1-9周 星期四 第1节-第2节 南湖北-爱特楼-103,1-10周 星期一 第3节-第4节 南湖北-爱特楼-103,16-17周 星期一 第3节-第4节 南湖北-爱特楼-103,12-14周 星期一 第3节-第4节 南湖北-爱特楼-103,17周 星期二 第3节-第4节 南湖北-爱特楼-103","XF":4,"SKXQ":2,"XNXQDM":"2024-2025-2","KCM":"数字电子技术基础A","JASDM":"0201010103","JXLDM":"020101","JXBID":"20242-11075","SKBJ":"通信2301-03","TYXMDM":null,"KCH":"10113121069"},{"KKDWDM":"011","XS":40,"BYBZ":"0","JSJC":8,"XXXQDM":"02","KXH":"01","KSJC":6,"XKZRS":31,"SKZC":"000000000000000010000000000000","SKJS":"马小林","ISTK":0,"ZCMC":"17周","YPSJDD":"11-16周 星期五 第6节-第8节 南湖北-爱特楼-103,9周 星期五 第6节-第8节 南湖北-爱特楼-103,17周 星期三 第6节-第8节 南湖北-爱特楼-103","XF":2,"SKXQ":3,"XNXQDM":"2024-2025-2","KCM":"安卓应用程序设计","JASDM":"0201010103","JXLDM":"020101","JXBID":"20242-05453","SKBJ":"电子2301-02,集成电路2301","TYXMDM":null,"KCH":"10116117086"},{"KKDWDM":"011","XS":64,"BYBZ":"0","JSJC":2,"XXXQDM":"02","KXH":"05","KSJC":1,"XKZRS":110,"SKZC":"000000000000000010000000000000","SKJS":"葛华","ISTK":0,"ZCMC":"17周","YPSJDD":"12-14周 星期一 第1节-第2节 南湖北-爱特楼-103,1-10周 星期一 第1节-第2节 南湖北-爱特楼-103,16-17周 星期一 第1节-第2节 南湖北-爱特楼-103,1-9周 星期四 第3节-第4节 南湖北-爱特楼-103,17周 星期二 第1节-第2节 南湖北-爱特楼-103,11-17周 星期四 第3节-第4节 南湖北-爱特楼-103","XF":4,"SKXQ":2,"XNXQDM":"2024-2025-2","KCM":"数字电子技术基础A","JASDM":"0201010103","JXLDM":"020101","JXBID":"20242-05579","SKBJ":"电子2301-02,集成电路2301","TYXMDM":null,"KCH":"10113121069"},{"KKDWDM":"003","XS":32,"BYBZ":"0","JSJC":10,"XXXQDM":"02","KXH":"04","KSJC":9,"XKZRS":109,"SKZC":"000000000000000010000000000000","SKJS":"陆平,饶美娟","ISTK":0,"ZCMC":"17周","YPSJDD":"17周 星期二 第9节-第10节 南湖北-爱特楼-103,16-17周 星期一 第9节-第10节 南湖北-爱特楼-103,12-14周 星期一 第9节-第10节 南湖北-爱特楼-103,1-10周 星期一 第9节-第10节 南湖北-爱特楼-103","XF":2,"SKXQ":2,"XNXQDM":"2024-2025-2","KCM":"功能材料A","JASDM":"0201010103","JXLDM":"020101","JXBID":"20242-05605","SKBJ":"新能源2301,材化2301,材物2301","TYXMDM":null,"KCH":"10107311012"}]}},"code":"0"}