{"datas":{"jaskcb":{"extParams":{"code":1,"msg":"查询成功"},"pageSize":0,"pageNumber":0,"totalSize":-1,"rows":[{"KKDWDM":"011","XS":40,"BYBZ":"0","JSJC":5,"XXXQDM":"02","KXH":"06","KSJC":3,"XKZRS":66,"SKZC":"111111111101100000000000","SKJS":"刘雪冬","ISTK":0,"ZCMC":"1-10周,12-13周","YPSJDD":"14-16周(双) 星期一 第3节-第4节 南湖北-北教三-203,1-10周,12-13周 星期一 第3节-第5节 南湖北-北教三-203","XF":2,"SKXQ":1,"XNXQDM":"2024-2025-2","KCM":"信息理论与编码C","JASDM":"0201040203","JXLDM":"020104","JXBID":"20242-11195","SKBJ":"通信2203-04","TYXMDM":null,"KCH":"10114121058"},{"KKDWDM":"003","XS":24,"BYBZ":"0","JSJC":5,"XXXQDM":"02","KXH":"01","KSJC":3,"XKZRS":64,"SKZC":"111111110000000000000000","SKJS":"谭洪波,蹇守卫","ISTK":0,"ZCMC":"1-8周","YPSJDD":"1-8周 星期四 第3节-第5节 南湖北-北教三-203","XF":1,"SKXQ":4,"XNXQDM":"2024-2025-2","KCM":"节能墙体材料","JASDM":"0201040203","JXLDM":"020104","JXBID":"20242-03379","SKBJ":"材科2205-06","TYXMDM":null,"KCH":"10035121074"},{"KKDWDM":"003","XS":24,"BYBZ":"0","JSJC":5,"XXXQDM":"02","KXH":"01","KSJC":3,"XKZRS":94,"SKZC":"111111110000000000000000","SKJS":"孙在春,李宝文","ISTK":0,"ZCMC":"1-8周","YPSJDD":"1-8周 星期三 第3节-第5节 南湖北-北教三-203","XF":1,"SKXQ":3,"XNXQDM":"2024-2025-2","KCM":"特种陶瓷A","JASDM":"0201040203","JXLDM":"020104","JXBID":"20242-03663","SKBJ":"新能源2201,材科2205-06","TYXMDM":null,"KCH":"10035111001"},{"KKDWDM":"003","XS":24,"BYBZ":"0","JSJC":5,"XXXQDM":"02","KXH":"01","KSJC":3,"XKZRS":104,"SKZC":"111111110000000000000000","SKJS":"田培静,郑伟宏","ISTK":0,"ZCMC":"1-8周","YPSJDD":"1-8周 星期二 第3节-第5节 南湖北-北教三-203","XF":1,"SKXQ":2,"XNXQDM":"2024-2025-2","KCM":"特种玻璃A","JASDM":"0201040203","JXLDM":"020104","JXBID":"20242-02093","SKBJ":"新能源2201,材化2201,材科2205-06","TYXMDM":null,"KCH":"10034111028"},{"KKDWDM":"022","XS":32,"BYBZ":"0","JSJC":5,"XXXQDM":"02","KXH":"04","KSJC":3,"XKZRS":120,"SKZC":"111110111011000000000000","SKJS":"刘介明,梁本部","ISTK":0,"ZCMC":"1-5周,7-9周,11-12周","YPSJDD":"13周 星期六 第3节-第4节 南湖北-北教三-203,1-5周,7-9周,11-12周 星期六 第3节-第5节 南湖北-北教三-203","XF":2,"SKXQ":6,"XNXQDM":"2024-2025-2","KCM":"研究设计与论文写作(GX)","JASDM":"0201040203","JXLDM":"020104","JXBID":"20242-11588","SKBJ":"公选-11588","TYXMDM":null,"KCH":"10226224430"},{"KKDWDM":"022","XS":32,"BYBZ":"0","JSJC":5,"XXXQDM":"02","KXH":"01","KSJC":3,"XKZRS":21,"SKZC":"111110110011100000000000","SKJS":"刘介明,梁本部","ISTK":0,"ZCMC":"1-5周,7-8周,11-13周","YPSJDD":"15周 星期日 第3节-第4节 南湖北-北教三-203,1-5周,7-8周,11-13周 星期日 第3节-第5节 南湖北-北教三-203","XF":2,"SKXQ":7,"XNXQDM":"2024-2025-2","KCM":"知识产权战略管理","JASDM":"0201040203","JXLDM":"020104","JXBID":"20242-03726","SKBJ":"法学fx2022","TYXMDM":null,"KCH":"10224121185"},{"KKDWDM":"011","XS":32,"BYBZ":"0","JSJC":5,"XXXQDM":"02","KXH":"02","KSJC":3,"XKZRS":138,"SKZC":"111110000000000000000000000000","SKJS":"廖杨喆","ISTK":0,"ZCMC":"1-5周","YPSJDD":"9周 星期日 第3节-第5节 南湖北-北教三-203,7-8周 星期五 第3节-第5节 南湖北-北教三-203,1-5周 星期五 第3节-第5节 南湖北-北教三-203","XF":2,"SKXQ":5,"XNXQDM":"2024-2025-2","KCM":"云计算与云服务","JASDM":"0201040203","JXLDM":"020104","JXBID":"20242-02575","SKBJ":"通信2201-06","TYXMDM":null,"KCH":"10115121038"},{"KKDWDM":"022","XS":32,"BYBZ":"0","JSJC":9,"XXXQDM":"02","KXH":"01","KSJC":6,"XKZRS":21,"SKZC":"111110000000000000000000000000","SKJS":"胡秀娟,谭晓杰","ISTK":0,"ZCMC":"1-5周","YPSJDD":"1-5周 星期日 第6节-第9节 南湖北-北教三-203,11周 星期日 第6节-第9节 南湖北-北教三-203,7-8周 星期日 第6节-第9节 南湖北-北教三-203","XF":2,"SKXQ":7,"XNXQDM":"2024-2025-2","KCM":"国际法学","JASDM":"0201040203","JXLDM":"020104","JXBID":"20242-03621","SKBJ":"法学fx2022","TYXMDM":null,"KCH":"10224121186"},{"KKDWDM":"013","XS":32,"BYBZ":"0","JSJC":2,"XXXQDM":"02","KXH":"02","KSJC":1,"XKZRS":126,"SKZC":"001111111111111100000000000000","SKJS":"侯慧","ISTK":0,"ZCMC":"3-16周","YPSJDD":"1-2周 星期二 第1节-第2节 南湖北-爱特楼-102,3-16周 星期二 第1节-第2节 南湖北-北教三-203","XF":2,"SKXQ":2,"XNXQDM":"2024-2025-2","KCM":"电气工程基础","JASDM":"0201040203","JXLDM":"020104","JXBID":"20242-04696","SKBJ":"电气2305","TYXMDM":null,"KCH":"10134121076"},{"KKDWDM":"011","XS":32,"BYBZ":"0","JSJC":5,"XXXQDM":"02","KXH":"02","KSJC":3,"XKZRS":138,"SKZC":"000000110000000000000000000000","SKJS":"廖杨喆","ISTK":0,"ZCMC":"7-8周","YPSJDD":"9周 星期日 第3节-第5节 南湖北-北教三-203,7-8周 星期五 第3节-第5节 南湖北-北教三-203,1-5周 星期五 第3节-第5节 南湖北-北教三-203","XF":2,"SKXQ":5,"XNXQDM":"2024-2025-2","KCM":"云计算与云服务","JASDM":"0201040203","JXLDM":"020104","JXBID":"20242-02575","SKBJ":"通信2201-06","TYXMDM":null,"KCH":"10115121038"},{"KKDWDM":"022","XS":32,"BYBZ":"0","JSJC":9,"XXXQDM":"02","KXH":"01","KSJC":6,"XKZRS":21,"SKZC":"000000110000000000000000000000","SKJS":"胡秀娟,谭晓杰","ISTK":0,"ZCMC":"7-8周","YPSJDD":"1-5周 星期日 第6节-第9节 南湖北-北教三-203,11周 星期日 第6节-第9节 南湖北-北教三-203,7-8周 星期日 第6节-第9节 南湖北-北教三-203","XF":2,"SKXQ":7,"XNXQDM":"2024-2025-2","KCM":"国际法学","JASDM":"0201040203","JXLDM":"020104","JXBID":"20242-03621","SKBJ":"法学fx2022","TYXMDM":null,"KCH":"10224121186"},{"KKDWDM":"011","XS":40,"BYBZ":"0","JSJC":2,"XXXQDM":"02","KXH":"06","KSJC":1,"XKZRS":136,"SKZC":"000000001111111000000000000000","SKJS":"傅雪蕾","ISTK":0,"ZCMC":"9-15周","YPSJDD":"16-17周 星期一 第1节-第2节 南湖北-北教三-203,9-15周 星期三 第1节-第2节 南湖北-北教三-203,12-14周 星期一 第1节-第2节 南湖北-北教三-203,9-10周 星期一 第1节-第2节 南湖北-北教三-203","XF":2,"SKXQ":3,"XNXQDM":"2024-2025-2","KCM":"光纤通信B","JASDM":"0201040203","JXLDM":"020104","JXBID":"20242-11168","SKBJ":"通信2201-05,通信本硕2201","TYXMDM":null,"KCH":"10137311013"},{"KKDWDM":"011","XS":40,"BYBZ":"0","JSJC":2,"XXXQDM":"02","KXH":"06","KSJC":1,"XKZRS":136,"SKZC":"000000001100000000000000000000","SKJS":"傅雪蕾","ISTK":0,"ZCMC":"9-10周","YPSJDD":"16-17周 星期一 第1节-第2节 南湖北-北教三-203,9-15周 星期三 第1节-第2节 南湖北-北教三-203,12-14周 星期一 第1节-第2节 南湖北-北教三-203,9-10周 星期一 第1节-第2节 南湖北-北教三-203","XF":2,"SKXQ":1,"XNXQDM":"2024-2025-2","KCM":"光纤通信B","JASDM":"0201040203","JXLDM":"020104","JXBID":"20242-11168","SKBJ":"通信2201-05,通信本硕2201","TYXMDM":null,"KCH":"10137311013"},{"KKDWDM":"011","XS":32,"BYBZ":"0","JSJC":5,"XXXQDM":"02","KXH":"02","KSJC":3,"XKZRS":138,"SKZC":"000000001000000000000000000000","SKJS":"廖杨喆","ISTK":0,"ZCMC":"9周","YPSJDD":"9周 星期日 第3节-第5节 南湖北-北教三-203,7-8周 星期五 第3节-第5节 南湖北-北教三-203,1-5周 星期五 第3节-第5节 南湖北-北教三-203","XF":2,"SKXQ":7,"XNXQDM":"2024-2025-2","KCM":"云计算与云服务","JASDM":"0201040203","JXLDM":"020104","JXBID":"20242-02575","SKBJ":"通信2201-06","TYXMDM":null,"KCH":"10115121038"},{"KKDWDM":"022","XS":32,"BYBZ":"0","JSJC":9,"XXXQDM":"02","KXH":"01","KSJC":6,"XKZRS":21,"SKZC":"000000000010000000000000000000","SKJS":"胡秀娟,谭晓杰","ISTK":0,"ZCMC":"11周","YPSJDD":"1-5周 星期日 第6节-第9节 南湖北-北教三-203,11周 星期日 第6节-第9节 南湖北-北教三-203,7-8周 星期日 第6节-第9节 南湖北-北教三-203","XF":2,"SKXQ":7,"XNXQDM":"2024-2025-2","KCM":"国际法学","JASDM":"0201040203","JXLDM":"020104","JXBID":"20242-03621","SKBJ":"法学fx2022","TYXMDM":null,"KCH":"10224121186"},{"KKDWDM":"011","XS":40,"BYBZ":"0","JSJC":2,"XXXQDM":"02","KXH":"06","KSJC":1,"XKZRS":136,"SKZC":"000000000001110000000000000000","SKJS":"傅雪蕾","ISTK":0,"ZCMC":"12-14周","YPSJDD":"16-17周 星期一 第1节-第2节 南湖北-北教三-203,9-15周 星期三 第1节-第2节 南湖北-北教三-203,12-14周 星期一 第1节-第2节 南湖北-北教三-203,9-10周 星期一 第1节-第2节 南湖北-北教三-203","XF":2,"SKXQ":1,"XNXQDM":"2024-2025-2","KCM":"光纤通信B","JASDM":"0201040203","JXLDM":"020104","JXBID":"20242-11168","SKBJ":"通信2201-05,通信本硕2201","TYXMDM":null,"KCH":"10137311013"},{"KKDWDM":"022","XS":32,"BYBZ":"0","JSJC":4,"XXXQDM":"02","KXH":"04","KSJC":3,"XKZRS":120,"SKZC":"000000000000100000000000","SKJS":"刘介明,梁本部","ISTK":0,"ZCMC":"13周","YPSJDD":"13周 星期六 第3节-第4节 南湖北-北教三-203,1-5周,7-9周,11-12周 星期六 第3节-第5节 南湖北-北教三-203","XF":2,"SKXQ":6,"XNXQDM":"2024-2025-2","KCM":"研究设计与论文写作(GX)","JASDM":"0201040203","JXLDM":"020104","JXBID":"20242-11588","SKBJ":"公选-11588","TYXMDM":null,"KCH":"10226224430"},{"KKDWDM":"011","XS":40,"BYBZ":"0","JSJC":4,"XXXQDM":"02","KXH":"06","KSJC":3,"XKZRS":66,"SKZC":"000000000000010100000000","SKJS":"刘雪冬","ISTK":0,"ZCMC":"14-16周(双)","YPSJDD":"14-16周(双) 星期一 第3节-第4节 南湖北-北教三-203,1-10周,12-13周 星期一 第3节-第5节 南湖北-北教三-203","XF":2,"SKXQ":1,"XNXQDM":"2024-2025-2","KCM":"信息理论与编码C","JASDM":"0201040203","JXLDM":"020104","JXBID":"20242-11195","SKBJ":"通信2203-04","TYXMDM":null,"KCH":"10114121058"},{"KKDWDM":"022","XS":32,"BYBZ":"0","JSJC":4,"XXXQDM":"02","KXH":"01","KSJC":3,"XKZRS":21,"SKZC":"000000000000001000000000","SKJS":"刘介明,梁本部","ISTK":0,"ZCMC":"15周","YPSJDD":"15周 星期日 第3节-第4节 南湖北-北教三-203,1-5周,7-8周,11-13周 星期日 第3节-第5节 南湖北-北教三-203","XF":2,"SKXQ":7,"XNXQDM":"2024-2025-2","KCM":"知识产权战略管理","JASDM":"0201040203","JXLDM":"020104","JXBID":"20242-03726","SKBJ":"法学fx2022","TYXMDM":null,"KCH":"10224121185"},{"KKDWDM":"011","XS":40,"BYBZ":"0","JSJC":2,"XXXQDM":"02","KXH":"06","KSJC":1,"XKZRS":136,"SKZC":"000000000000000110000000000000","SKJS":"傅雪蕾","ISTK":0,"ZCMC":"16-17周","YPSJDD":"16-17周 星期一 第1节-第2节 南湖北-北教三-203,9-15周 星期三 第1节-第2节 南湖北-北教三-203,12-14周 星期一 第1节-第2节 南湖北-北教三-203,9-10周 星期一 第1节-第2节 南湖北-北教三-203","XF":2,"SKXQ":1,"XNXQDM":"2024-2025-2","KCM":"光纤通信B","JASDM":"0201040203","JXLDM":"020104","JXBID":"20242-11168","SKBJ":"通信2201-05,通信本硕2201","TYXMDM":null,"KCH":"10137311013"}]}},"code":"0"}