{"datas":{"jaskcb":{"extParams":{"code":1,"msg":"查询成功"},"pageSize":0,"pageNumber":0,"totalSize":-1,"rows":[{"KKDWDM":null,"XS":null,"BYBZ":"1","JSJC":8,"XXXQDM":null,"KXH":null,"KSJC":6,"XKZRS":null,"SKZC":"011111111111100000000000000000","SKJS":"周堂波","ISTK":0,"ZCMC":"2-13周","YPSJDD":null,"XF":null,"SKXQ":1,"XNXQDM":"2024-2025-2","KCM":"日本教育专题研究","JASDM":"0201051116","JXLDM":null,"JXBID":null,"SKBJ":null,"TYXMDM":null,"KCH":"40200223006"},{"KKDWDM":null,"XS":null,"BYBZ":"1","JSJC":5,"XXXQDM":null,"KXH":null,"KSJC":3,"XKZRS":null,"SKZC":"011111111111100000000000000000","SKJS":"赵晋平","ISTK":0,"ZCMC":"2-13周","YPSJDD":null,"XF":null,"SKXQ":3,"XNXQDM":"2024-2025-2","KCM":"日语科技概论","JASDM":"0201051116","JXLDM":null,"JXBID":null,"SKBJ":null,"TYXMDM":null,"KCH":"40200223007"},{"KKDWDM":null,"XS":null,"BYBZ":"1","JSJC":8,"XXXQDM":null,"KXH":null,"KSJC":6,"XKZRS":null,"SKZC":"011111111111100000000000000000","SKJS":"范静遐","ISTK":0,"ZCMC":"2-13周","YPSJDD":null,"XF":null,"SKXQ":3,"XNXQDM":"2024-2025-2","KCM":"专业第二外国语（日语）B","JASDM":"0201051116","JXLDM":null,"JXBID":null,"SKBJ":null,"TYXMDM":null,"KCH":"40200223026"},{"KKDWDM":null,"XS":null,"BYBZ":"1","JSJC":5,"XXXQDM":null,"KXH":null,"KSJC":3,"XKZRS":null,"SKZC":"011111111111100000000000000000","SKJS":"范静遐","ISTK":0,"ZCMC":"2-13周","YPSJDD":null,"XF":null,"SKXQ":5,"XNXQDM":"2024-2025-2","KCM":"文学概论","JASDM":"0201051116","JXLDM":null,"JXBID":null,"SKBJ":null,"TYXMDM":null,"KCH":"40200323001"}]}},"code":"0"}