{"datas":{"jaskcb":{"extParams":{"code":1,"msg":"查询成功"},"pageSize":0,"pageNumber":0,"totalSize":-1,"rows":[{"KKDWDM":"003","XS":48,"BYBZ":"0","JSJC":2,"XXXQDM":"02","KXH":"01","KSJC":1,"XKZRS":34,"SKZC":"111111111111000000000000000000","SKJS":"金伟","ISTK":0,"ZCMC":"1-12周","YPSJDD":"1-12周 星期三 第1节-第2节 南湖北-学海楼-609,1-10周 星期一 第3节-第4节 南湖北-学海楼-609,12-13周 星期一 第3节-第4节 南湖北-学海楼-609","XF":3,"SKXQ":3,"XNXQDM":"2024-2025-2","KCM":"半导体物理与器件","JASDM":"0201050609","JXLDM":"020105","JXBID":"20242-02870","SKBJ":"材物2201","TYXMDM":null,"KCH":"10034117071"},{"KKDWDM":"003","XS":48,"BYBZ":"0","JSJC":4,"XXXQDM":"02","KXH":"01","KSJC":3,"XKZRS":34,"SKZC":"111111111100000000000000000000","SKJS":"金伟","ISTK":0,"ZCMC":"1-10周","YPSJDD":"1-12周 星期三 第1节-第2节 南湖北-学海楼-609,1-10周 星期一 第3节-第4节 南湖北-学海楼-609,12-13周 星期一 第3节-第4节 南湖北-学海楼-609","XF":3,"SKXQ":1,"XNXQDM":"2024-2025-2","KCM":"半导体物理与器件","JASDM":"0201050609","JXLDM":"020105","JXBID":"20242-02870","SKBJ":"材物2201","TYXMDM":null,"KCH":"10034117071"},{"KKDWDM":"004","XS":32,"BYBZ":"0","JSJC":2,"XXXQDM":"02","KXH":"01","KSJC":1,"XKZRS":35,"SKZC":"111111110000000000000000000000","SKJS":"赵锐哲","ISTK":0,"ZCMC":"1-8周","YPSJDD":"17周 星期二 第6节-第7节 南湖北-学海楼-609,1-8周 星期一 第1节-第2节 南湖北-学海楼-609,12-14周 星期一 第6节-第7节 南湖北-学海楼-609,9-10周 星期一 第6节-第7节 南湖北-学海楼-609,16-17周 星期一 第6节-第7节 南湖北-学海楼-609","XF":2,"SKXQ":1,"XNXQDM":"2024-2025-2","KCM":"半导体材料与器件","JASDM":"0201050609","JXLDM":"020105","JXBID":"20242-10176","SKBJ":"微电子本硕2201","TYXMDM":null,"KCH":"10044124006"},{"KKDWDM":"003","XS":24,"BYBZ":"0","JSJC":8,"XXXQDM":"02","KXH":"01","KSJC":6,"XKZRS":30,"SKZC":"111111110000000000000000","SKJS":"刘凯,陈鹏","ISTK":0,"ZCMC":"1-8周","YPSJDD":"1-8周 星期三 第6节-第8节 南湖北-学海楼-609","XF":1,"SKXQ":3,"XNXQDM":"2024-2025-2","KCM":"增材制造技术","JASDM":"0201050609","JXLDM":"020105","JXBID":"20242-03940","SKBJ":"成型2201-02","TYXMDM":null,"KCH":"10036117106"},{"KKDWDM":"011","XS":32,"BYBZ":"0","JSJC":5,"XXXQDM":"02","KXH":"03","KSJC":3,"XKZRS":38,"SKZC":"11111111","SKJS":"廖杨喆,阳俊","ISTK":0,"ZCMC":"1-8周","YPSJDD":"1-8周 星期四 第3节-第5节 南湖北-学海楼-609","XF":2,"SKXQ":4,"XNXQDM":"2024-2025-2","KCM":"机器学习导论","JASDM":"0201050609","JXLDM":"020105","JXBID":"20242-02663","SKBJ":"通信本硕2201","TYXMDM":null,"KCH":"10115121037"},{"KKDWDM":"003","XS":16,"BYBZ":"0","JSJC":2,"XXXQDM":"02","KXH":"01","KSJC":1,"XKZRS":40,"SKZC":"11111111","SKJS":"潘建军,王宁","ISTK":0,"ZCMC":"1-8周","YPSJDD":"1-8周 星期四 第1节-第2节 南湖北-学海楼-609","XF":1,"SKXQ":4,"XNXQDM":"2024-2025-2","KCM":"光纤传感材料与技术","JASDM":"0201050609","JXLDM":"020105","JXBID":"20242-02278","SKBJ":"材物2201","TYXMDM":null,"KCH":"10035115002"},{"KKDWDM":"003","XS":32,"BYBZ":"0","JSJC":5,"XXXQDM":"02","KXH":"02","KSJC":3,"XKZRS":30,"SKZC":"111110111010000000000000","SKJS":"张鹏超,陈骁","ISTK":0,"ZCMC":"1-5周,7-9周,11周","YPSJDD":"12周 星期五 第3节-第4节 南湖北-学海楼-609,1-5周,7-9周,11周 星期五 第3节-第5节 南湖北-学海楼-609,9周 星期日 第3节-第5节 南湖北-学海楼-609","XF":2,"SKXQ":5,"XNXQDM":"2024-2025-2","KCM":"材料合成与加工","JASDM":"0201050609","JXLDM":"020105","JXBID":"20242-03241","SKBJ":"材物2201","TYXMDM":null,"KCH":"10105111045"},{"KKDWDM":"018","XS":40,"BYBZ":"0","JSJC":10,"XXXQDM":"02","KXH":"01","KSJC":6,"XKZRS":19,"SKZC":"111110110010000000000000000000","SKJS":"孙艳琳,田祖海","ISTK":0,"ZCMC":"1-5周,7-8周,11周","YPSJDD":"1-5周,7-8周,11周 星期日 第6节-第10节 南湖北-学海楼-609","XF":2,"SKXQ":7,"XNXQDM":"2024-2025-2","KCM":"跨国公司经营与管理","JASDM":"0201050609","JXLDM":"020105","JXBID":"20242-02154","SKBJ":"国贸fx2022","TYXMDM":null,"KCH":"10184121116"},{"KKDWDM":"007","XS":32,"BYBZ":"0","JSJC":5,"XXXQDM":"02","KXH":"01","KSJC":3,"XKZRS":16,"SKZC":"111110000000000000000000000000","SKJS":"陈友明,黄斌","ISTK":0,"ZCMC":"1-5周","YPSJDD":"7周 星期六 第3节-第5节 南湖北-学海楼-609,1-5周 星期六 第1节-第2节 南湖北-学海楼-609,1-5周 星期六 第3节-第5节 南湖北-学海楼-609","XF":2,"SKXQ":6,"XNXQDM":"2024-2025-2","KCM":"智能汽车新能源动力系统结构与原理","JASDM":"0201050609","JXLDM":"020105","JXBID":"20242-06352","SKBJ":"智能汽车技术微2024","TYXMDM":null,"KCH":"10074123004"},{"KKDWDM":"007","XS":32,"BYBZ":"0","JSJC":2,"XXXQDM":"02","KXH":"01","KSJC":1,"XKZRS":16,"SKZC":"111110000000000000000000000000","SKJS":"陈友明,黄斌","ISTK":0,"ZCMC":"1-5周","YPSJDD":"7周 星期六 第3节-第5节 南湖北-学海楼-609,1-5周 星期六 第1节-第2节 南湖北-学海楼-609,1-5周 星期六 第3节-第5节 南湖北-学海楼-609","XF":2,"SKXQ":6,"XNXQDM":"2024-2025-2","KCM":"智能汽车新能源动力系统结构与原理","JASDM":"0201050609","JXLDM":"020105","JXBID":"20242-06352","SKBJ":"智能汽车技术微2024","TYXMDM":null,"KCH":"10074123004"},{"KKDWDM":"020","XS":32,"BYBZ":"0","JSJC":9,"XXXQDM":"02","KXH":"01","KSJC":6,"XKZRS":19,"SKZC":"111110000000000000000000000000","SKJS":"范静遐","ISTK":0,"ZCMC":"1-5周","YPSJDD":"1-5周 星期六 第6节-第9节 南湖北-学海楼-609,7-9周 星期六 第6节-第9节 南湖北-学海楼-609","XF":2,"SKXQ":6,"XNXQDM":"2024-2025-2","KCM":"大学日语2","JASDM":"0201050609","JXLDM":"020105","JXBID":"20242-13696","SKBJ":null,"TYXMDM":null,"KCH":"10204121030"},{"KKDWDM":"011","XS":32,"BYBZ":"0","JSJC":5,"XXXQDM":"02","KXH":"04","KSJC":3,"XKZRS":45,"SKZC":"100000000000000000000000000000","SKJS":"于泉","ISTK":0,"ZCMC":"1周","YPSJDD":"1周 星期三 第3节-第5节 南湖北-学海楼-609,2-8周 星期三 第3节-第5节 南湖北-北教三-104","XF":2,"SKXQ":3,"XNXQDM":"2024-2025-2","KCM":"云计算与云服务","JASDM":"0201050609","JXLDM":"020105","JXBID":"20242-13679","SKBJ":"电信2205","TYXMDM":null,"KCH":"10115121038"},{"KKDWDM":"020","XS":32,"BYBZ":"0","JSJC":9,"XXXQDM":"02","KXH":"01","KSJC":6,"XKZRS":19,"SKZC":"000000111000000000000000000000","SKJS":"范静遐","ISTK":0,"ZCMC":"7-9周","YPSJDD":"1-5周 星期六 第6节-第9节 南湖北-学海楼-609,7-9周 星期六 第6节-第9节 南湖北-学海楼-609","XF":2,"SKXQ":6,"XNXQDM":"2024-2025-2","KCM":"大学日语2","JASDM":"0201050609","JXLDM":"020105","JXBID":"20242-13696","SKBJ":null,"TYXMDM":null,"KCH":"10204121030"},{"KKDWDM":"007","XS":32,"BYBZ":"0","JSJC":5,"XXXQDM":"02","KXH":"01","KSJC":3,"XKZRS":16,"SKZC":"000000100000000000000000000000","SKJS":"陈友明,黄斌","ISTK":0,"ZCMC":"7周","YPSJDD":"7周 星期六 第3节-第5节 南湖北-学海楼-609,1-5周 星期六 第1节-第2节 南湖北-学海楼-609,1-5周 星期六 第3节-第5节 南湖北-学海楼-609","XF":2,"SKXQ":6,"XNXQDM":"2024-2025-2","KCM":"智能汽车新能源动力系统结构与原理","JASDM":"0201050609","JXLDM":"020105","JXBID":"20242-06352","SKBJ":"智能汽车技术微2024","TYXMDM":null,"KCH":"10074123004"},{"KKDWDM":"004","XS":32,"BYBZ":"0","JSJC":7,"XXXQDM":"02","KXH":"01","KSJC":6,"XKZRS":35,"SKZC":"000000001100000000000000000000","SKJS":"赵锐哲","ISTK":0,"ZCMC":"9-10周","YPSJDD":"17周 星期二 第6节-第7节 南湖北-学海楼-609,1-8周 星期一 第1节-第2节 南湖北-学海楼-609,12-14周 星期一 第6节-第7节 南湖北-学海楼-609,9-10周 星期一 第6节-第7节 南湖北-学海楼-609,16-17周 星期一 第6节-第7节 南湖北-学海楼-609","XF":2,"SKXQ":1,"XNXQDM":"2024-2025-2","KCM":"半导体材料与器件","JASDM":"0201050609","JXLDM":"020105","JXBID":"20242-10176","SKBJ":"微电子本硕2201","TYXMDM":null,"KCH":"10044124006"},{"KKDWDM":"003","XS":32,"BYBZ":"0","JSJC":5,"XXXQDM":"02","KXH":"02","KSJC":3,"XKZRS":30,"SKZC":"000000001000000000000000","SKJS":"张鹏超,陈骁","ISTK":0,"ZCMC":"9周","YPSJDD":"12周 星期五 第3节-第4节 南湖北-学海楼-609,1-5周,7-9周,11周 星期五 第3节-第5节 南湖北-学海楼-609,9周 星期日 第3节-第5节 南湖北-学海楼-609","XF":2,"SKXQ":7,"XNXQDM":"2024-2025-2","KCM":"材料合成与加工","JASDM":"0201050609","JXLDM":"020105","JXBID":"20242-03241","SKBJ":"材物2201","TYXMDM":null,"KCH":"10105111045"},{"KKDWDM":"004","XS":32,"BYBZ":"0","JSJC":7,"XXXQDM":"02","KXH":"01","KSJC":6,"XKZRS":35,"SKZC":"000000000001110000000000000000","SKJS":"赵锐哲","ISTK":0,"ZCMC":"12-14周","YPSJDD":"17周 星期二 第6节-第7节 南湖北-学海楼-609,1-8周 星期一 第1节-第2节 南湖北-学海楼-609,12-14周 星期一 第6节-第7节 南湖北-学海楼-609,9-10周 星期一 第6节-第7节 南湖北-学海楼-609,16-17周 星期一 第6节-第7节 南湖北-学海楼-609","XF":2,"SKXQ":1,"XNXQDM":"2024-2025-2","KCM":"半导体材料与器件","JASDM":"0201050609","JXLDM":"020105","JXBID":"20242-10176","SKBJ":"微电子本硕2201","TYXMDM":null,"KCH":"10044124006"},{"KKDWDM":"003","XS":48,"BYBZ":"0","JSJC":4,"XXXQDM":"02","KXH":"01","KSJC":3,"XKZRS":34,"SKZC":"000000000001100000000000000000","SKJS":"金伟","ISTK":0,"ZCMC":"12-13周","YPSJDD":"1-12周 星期三 第1节-第2节 南湖北-学海楼-609,1-10周 星期一 第3节-第4节 南湖北-学海楼-609,12-13周 星期一 第3节-第4节 南湖北-学海楼-609","XF":3,"SKXQ":1,"XNXQDM":"2024-2025-2","KCM":"半导体物理与器件","JASDM":"0201050609","JXLDM":"020105","JXBID":"20242-02870","SKBJ":"材物2201","TYXMDM":null,"KCH":"10034117071"},{"KKDWDM":"003","XS":32,"BYBZ":"0","JSJC":4,"XXXQDM":"02","KXH":"02","KSJC":3,"XKZRS":30,"SKZC":"000000000001000000000000","SKJS":"张鹏超,陈骁","ISTK":0,"ZCMC":"12周","YPSJDD":"12周 星期五 第3节-第4节 南湖北-学海楼-609,1-5周,7-9周,11周 星期五 第3节-第5节 南湖北-学海楼-609,9周 星期日 第3节-第5节 南湖北-学海楼-609","XF":2,"SKXQ":5,"XNXQDM":"2024-2025-2","KCM":"材料合成与加工","JASDM":"0201050609","JXLDM":"020105","JXBID":"20242-03241","SKBJ":"材物2201","TYXMDM":null,"KCH":"10105111045"},{"KKDWDM":"004","XS":32,"BYBZ":"0","JSJC":7,"XXXQDM":"02","KXH":"01","KSJC":6,"XKZRS":35,"SKZC":"000000000000000110000000000000","SKJS":"赵锐哲","ISTK":0,"ZCMC":"16-17周","YPSJDD":"17周 星期二 第6节-第7节 南湖北-学海楼-609,1-8周 星期一 第1节-第2节 南湖北-学海楼-609,12-14周 星期一 第6节-第7节 南湖北-学海楼-609,9-10周 星期一 第6节-第7节 南湖北-学海楼-609,16-17周 星期一 第6节-第7节 南湖北-学海楼-609","XF":2,"SKXQ":1,"XNXQDM":"2024-2025-2","KCM":"半导体材料与器件","JASDM":"0201050609","JXLDM":"020105","JXBID":"20242-10176","SKBJ":"微电子本硕2201","TYXMDM":null,"KCH":"10044124006"},{"KKDWDM":"004","XS":32,"BYBZ":"0","JSJC":7,"XXXQDM":"02","KXH":"01","KSJC":6,"XKZRS":35,"SKZC":"000000000000000010000000000000","SKJS":"赵锐哲","ISTK":0,"ZCMC":"17周","YPSJDD":"17周 星期二 第6节-第7节 南湖北-学海楼-609,1-8周 星期一 第1节-第2节 南湖北-学海楼-609,12-14周 星期一 第6节-第7节 南湖北-学海楼-609,9-10周 星期一 第6节-第7节 南湖北-学海楼-609,16-17周 星期一 第6节-第7节 南湖北-学海楼-609","XF":2,"SKXQ":2,"XNXQDM":"2024-2025-2","KCM":"半导体材料与器件","JASDM":"0201050609","JXLDM":"020105","JXBID":"20242-10176","SKBJ":"微电子本硕2201","TYXMDM":null,"KCH":"10044124006"}]}},"code":"0"}