{"datas":{"jaskcb":{"extParams":{"code":1,"msg":"查询成功"},"pageSize":0,"pageNumber":0,"totalSize":-1,"rows":[{"KKDWDM":null,"XS":null,"BYBZ":"3","JSJC":9,"XXXQDM":null,"KXH":null,"KSJC":6,"XKZRS":null,"SKZC":"111111111000000000000000000000","SKJS":"李建萍","ISTK":0,"ZCMC":"1-9周","YPSJDD":null,"XF":null,"SKXQ":1,"XNXQDM":"2024-2025-2","KCM":"影视广告制作","JASDM":"0201020305","JXLDM":null,"JXBID":null,"SKBJ":"平面2202","TYXMDM":null,"KCH":"20244124014"},{"KKDWDM":null,"XS":null,"BYBZ":"3","JSJC":4,"XXXQDM":null,"KXH":null,"KSJC":1,"XKZRS":null,"SKZC":"111111110000000000000000000000","SKJS":"李建萍","ISTK":0,"ZCMC":"1-8周","YPSJDD":null,"XF":null,"SKXQ":5,"XNXQDM":"2024-2025-2","KCM":"影视广告制作","JASDM":"0201020305","JXLDM":null,"JXBID":null,"SKBJ":"平面2202","TYXMDM":null,"KCH":"20244124014"},{"KKDWDM":null,"XS":null,"BYBZ":"3","JSJC":4,"XXXQDM":null,"KXH":null,"KSJC":1,"XKZRS":null,"SKZC":"000000111100000000000000000000","SKJS":"陈顶","ISTK":0,"ZCMC":"7-10周","YPSJDD":null,"XF":null,"SKXQ":2,"XNXQDM":"2024-2025-2","KCM":"动画包装","JASDM":"0201020305","JXLDM":null,"JXBID":null,"SKBJ":"数媒2102","TYXMDM":null,"KCH":"20244124025"},{"KKDWDM":null,"XS":null,"BYBZ":"3","JSJC":4,"XXXQDM":null,"KXH":null,"KSJC":1,"XKZRS":null,"SKZC":"000000111100000000000000000000","SKJS":"陈顶","ISTK":0,"ZCMC":"7-10周","YPSJDD":null,"XF":null,"SKXQ":4,"XNXQDM":"2024-2025-2","KCM":"动画包装","JASDM":"0201020305","JXLDM":null,"JXBID":null,"SKBJ":"数媒2102","TYXMDM":null,"KCH":"20244124025"},{"KKDWDM":null,"XS":null,"BYBZ":"3","JSJC":4,"XXXQDM":null,"KXH":null,"KSJC":1,"XKZRS":null,"SKZC":"111111111000000000000000000000","SKJS":"Dhaneshwar Shah  寿天,曹飘","ISTK":0,"ZCMC":"1-9周","YPSJDD":null,"XF":null,"SKXQ":1,"XNXQDM":"2024-2025-2","KCM":"视觉与技术研究3","JASDM":"0201020305","JXLDM":null,"JXBID":null,"SKBJ":"平面2202","TYXMDM":null,"KCH":"20244124039"},{"KKDWDM":null,"XS":null,"BYBZ":"3","JSJC":9,"XXXQDM":null,"KXH":null,"KSJC":6,"XKZRS":null,"SKZC":"111111110000000000000000000000","SKJS":"Dhaneshwar Shah  寿天,曹飘","ISTK":0,"ZCMC":"1-8周","YPSJDD":null,"XF":null,"SKXQ":3,"XNXQDM":"2024-2025-2","KCM":"视觉与技术研究3","JASDM":"0201020305","JXLDM":null,"JXBID":null,"SKBJ":"平面2202","TYXMDM":null,"KCH":"20244124039"},{"KKDWDM":null,"XS":null,"BYBZ":"3","JSJC":7,"XXXQDM":null,"KXH":null,"KSJC":6,"XKZRS":null,"SKZC":"111111111000000000000000000000","SKJS":"于蓉","ISTK":0,"ZCMC":"1-9周","YPSJDD":null,"XF":null,"SKXQ":5,"XNXQDM":"2024-2025-2","KCM":"管理企业文化与战略","JASDM":"0201020305","JXLDM":null,"JXBID":null,"SKBJ":"HRM2201","TYXMDM":null,"KCH":"20244124078"}]}},"code":"0"}