{"datas":{"jaskcb":{"extParams":{"code":1,"msg":"查询成功"},"pageSize":0,"pageNumber":0,"totalSize":-1,"rows":[{"KKDWDM":"011","XS":40,"BYBZ":"0","JSJC":2,"XXXQDM":"02","KXH":"01","KSJC":1,"XKZRS":33,"SKZC":"1111111111111111","SKJS":"徐文君","ISTK":0,"ZCMC":"1-16周","YPSJDD":"1-16周 星期二 第1节-第2节 南湖北-学海楼-605","XF":2,"SKXQ":2,"XNXQDM":"2024-2025-2","KCM":"计算机网络与通信D","JASDM":"0201050605","JXLDM":"020105","JXBID":"20242-05638","SKBJ":"通信本硕2301","TYXMDM":null,"KCH":"10114112026"},{"KKDWDM":"003","XS":48,"BYBZ":"0","JSJC":4,"XXXQDM":"02","KXH":"01","KSJC":3,"XKZRS":35,"SKZC":"111111111111000000000000000000","SKJS":"熊玉立,陈骁","ISTK":0,"ZCMC":"1-12周","YPSJDD":"1-12周 星期三 第3节-第4节 南湖北-学海楼-605,1-5周 星期五 第1节-第2节 南湖北-学海楼-605,7-9周 星期五 第1节-第2节 南湖北-学海楼-605,9周 星期日 第1节-第2节 南湖北-学海楼-605,11-13周 星期五 第1节-第2节 南湖北-学海楼-605","XF":3,"SKXQ":3,"XNXQDM":"2024-2025-2","KCM":"材料物理C","JASDM":"0201050605","JXLDM":"020105","JXBID":"20242-02216","SKBJ":"材物2201","TYXMDM":null,"KCH":"10034121088"},{"KKDWDM":"003","XS":32,"BYBZ":"0","JSJC":8,"XXXQDM":"02","KXH":"03","KSJC":6,"XKZRS":32,"SKZC":"111111111100000000000000","SKJS":"余志勇","ISTK":0,"ZCMC":"1-10周","YPSJDD":"11周 星期二 第6节-第7节 南湖北-学海楼-605,1-10周 星期二 第6节-第8节 南湖北-学海楼-605","XF":2,"SKXQ":2,"XNXQDM":"2024-2025-2","KCM":"材料合成与加工","JASDM":"0201050605","JXLDM":"020105","JXBID":"20242-03242","SKBJ":"材化2201","TYXMDM":null,"KCH":"10105111045"},{"KKDWDM":"011","XS":30,"BYBZ":"0","JSJC":5,"XXXQDM":"02","KXH":"01","KSJC":3,"XKZRS":31,"SKZC":"111111111100000000000000","SKJS":"韩一,马力","ISTK":0,"ZCMC":"1-10周","YPSJDD":"1-10周 星期二 第3节-第5节 南湖北-学海楼-605","XF":2,"SKXQ":2,"XNXQDM":"2024-2025-2","KCM":"数字通信","JASDM":"0201050605","JXLDM":"020105","JXBID":"20242-02898","SKBJ":"通信本硕2201","TYXMDM":null,"KCH":"50110223002"},{"KKDWDM":"003","XS":32,"BYBZ":"0","JSJC":8,"XXXQDM":"02","KXH":"01","KSJC":6,"XKZRS":40,"SKZC":"111111111100000000000000","SKJS":"徐庆","ISTK":0,"ZCMC":"1-10周","YPSJDD":"12周 星期一 第6节-第7节 南湖北-学海楼-605,1-10周 星期一 第6节-第8节 南湖北-学海楼-605","XF":2,"SKXQ":1,"XNXQDM":"2024-2025-2","KCM":"电介质材料及应用","JASDM":"0201050605","JXLDM":"020105","JXBID":"20242-03737","SKBJ":"材物2201","TYXMDM":null,"KCH":"10034111031"},{"KKDWDM":"020","XS":36,"BYBZ":"0","JSJC":5,"XXXQDM":"02","KXH":"01","KSJC":3,"XKZRS":34,"SKZC":"111111111011100000000000000000","SKJS":"杜玲莉","ISTK":0,"ZCMC":"1-9周,11-13周","YPSJDD":"1-9周,11-13周 星期四 第3节-第5节 南湖北-学海楼-605","XF":2,"SKXQ":4,"XNXQDM":"2024-2025-2","KCM":"学术英语交流","JASDM":"0201050605","JXLDM":"020105","JXBID":"20242-05247","SKBJ":"通信本硕2301","TYXMDM":null,"KCH":"40200123002"},{"KKDWDM":"011","XS":40,"BYBZ":"0","JSJC":2,"XXXQDM":"02","KXH":"01","KSJC":1,"XKZRS":34,"SKZC":"111111111000000000000000000000","SKJS":"胡辑伟","ISTK":0,"ZCMC":"1-9周","YPSJDD":"1-9周 星期四 第1节-第2节 南湖北-学海楼-605,11-15周 星期四 第1节-第2节 南湖北-学海楼-605","XF":2,"SKXQ":4,"XNXQDM":"2024-2025-2","KCM":"现代交换技术","JASDM":"0201050605","JXLDM":"020105","JXBID":"20242-05778","SKBJ":"通信本硕2301","TYXMDM":null,"KCH":"10115111021"},{"KKDWDM":"003","XS":48,"BYBZ":"0","JSJC":8,"XXXQDM":"02","KXH":"01","KSJC":6,"XKZRS":28,"SKZC":"111110111011100000000000","SKJS":"沈春晖,罗巍","ISTK":0,"ZCMC":"1-5周,7-9周,11-13周","YPSJDD":"14-15周 星期五 第6节-第7节 南湖北-学海楼-605,1-5周,7-9周,11-13周 星期五 第6节-第8节 南湖北-学海楼-605,9周 星期日 第6节-第8节 南湖北-学海楼-605","XF":3,"SKXQ":5,"XNXQDM":"2024-2025-2","KCM":"高分子化学与物理B","JASDM":"0201050605","JXLDM":"020105","JXBID":"20242-03830","SKBJ":"材化2201","TYXMDM":null,"KCH":"10035117035"},{"KKDWDM":"018","XS":32,"BYBZ":"0","JSJC":13,"XXXQDM":"02","KXH":"01","KSJC":11,"XKZRS":16,"SKZC":"111110111010000000000000","SKJS":"王建成","ISTK":0,"ZCMC":"1-5周,7-9周,11周","YPSJDD":"12周 星期五 第11节-第12节 南湖北-学海楼-605,1-5周,7-9周,11周 星期五 第11节-第13节 南湖北-学海楼-605,9周 星期日 第11节-第13节 南湖北-学海楼-605","XF":2,"SKXQ":5,"XNXQDM":"2024-2025-2","KCM":"能源低碳管理","JASDM":"0201050605","JXLDM":"020105","JXBID":"20242-06452","SKBJ":"碳经济与碳数字化微2024","TYXMDM":null,"KCH":"10184123002"},{"KKDWDM":"018","XS":24,"BYBZ":"0","JSJC":13,"XXXQDM":"02","KXH":"01","KSJC":11,"XKZRS":16,"SKZC":"111110111000000000000000000000","SKJS":"吕娜,石大千,韩书成","ISTK":0,"ZCMC":"1-5周,7-9周","YPSJDD":"1-5周,7-9周 星期六 第11节-第13节 南湖北-学海楼-605","XF":1,"SKXQ":6,"XNXQDM":"2024-2025-2","KCM":"习近平经济思想专题(GX)","JASDM":"0201050605","JXLDM":"020105","JXBID":"20242-08322","SKBJ":"公选-08322","TYXMDM":null,"KCH":"10182121182"},{"KKDWDM":"018","XS":48,"BYBZ":"0","JSJC":4,"XXXQDM":"02","KXH":"01","KSJC":1,"XKZRS":13,"SKZC":"111110000000000000000000000000","SKJS":"方建珍","ISTK":0,"ZCMC":"1-5周","YPSJDD":"11-13周 星期日 第1节-第4节 南湖北-学海楼-605,1-5周 星期日 第1节-第4节 南湖北-学海楼-605,7-8周 星期日 第1节-第4节 南湖北-学海楼-605,15-16周 星期日 第1节-第4节 南湖北-学海楼-605","XF":3,"SKXQ":7,"XNXQDM":"2024-2025-2","KCM":"货币银行学","JASDM":"0201050605","JXLDM":"020105","JXBID":"20242-09720","SKBJ":"国贸fx2023","TYXMDM":null,"KCH":"10184121117"},{"KKDWDM":"003","XS":48,"BYBZ":"0","JSJC":2,"XXXQDM":"02","KXH":"01","KSJC":1,"XKZRS":35,"SKZC":"111110000000000000000000000000","SKJS":"熊玉立,陈骁","ISTK":0,"ZCMC":"1-5周","YPSJDD":"1-12周 星期三 第3节-第4节 南湖北-学海楼-605,1-5周 星期五 第1节-第2节 南湖北-学海楼-605,7-9周 星期五 第1节-第2节 南湖北-学海楼-605,9周 星期日 第1节-第2节 南湖北-学海楼-605,11-13周 星期五 第1节-第2节 南湖北-学海楼-605","XF":3,"SKXQ":5,"XNXQDM":"2024-2025-2","KCM":"材料物理C","JASDM":"0201050605","JXLDM":"020105","JXBID":"20242-02216","SKBJ":"材物2201","TYXMDM":null,"KCH":"10034121088"},{"KKDWDM":"011","XS":48,"BYBZ":"0","JSJC":5,"XXXQDM":"02","KXH":"01","KSJC":3,"XKZRS":35,"SKZC":"111110000000000000000000000000","SKJS":"李家普,王一鸣,邱金星","ISTK":0,"ZCMC":"1-5周","YPSJDD":"17周 星期三 第3节-第5节 南湖北-学海楼-605,11-16周 星期五 第3节-第5节 南湖北-学海楼-605,9周 星期日 第3节-第5节 南湖北-学海楼-605,1-5周 星期五 第3节-第5节 南湖北-学海楼-605,7-9周 星期五 第3节-第5节 南湖北-学海楼-605","XF":3,"SKXQ":5,"XNXQDM":"2024-2025-2","KCM":"凸优化","JASDM":"0201050605","JXLDM":"020105","JXBID":"20242-02731","SKBJ":"集成电路2201","TYXMDM":null,"KCH":"10115121032"},{"KKDWDM":"003","XS":48,"BYBZ":"0","JSJC":2,"XXXQDM":"02","KXH":"01","KSJC":1,"XKZRS":35,"SKZC":"000000111000000000000000000000","SKJS":"熊玉立,陈骁","ISTK":0,"ZCMC":"7-9周","YPSJDD":"1-12周 星期三 第3节-第4节 南湖北-学海楼-605,1-5周 星期五 第1节-第2节 南湖北-学海楼-605,7-9周 星期五 第1节-第2节 南湖北-学海楼-605,9周 星期日 第1节-第2节 南湖北-学海楼-605,11-13周 星期五 第1节-第2节 南湖北-学海楼-605","XF":3,"SKXQ":5,"XNXQDM":"2024-2025-2","KCM":"材料物理C","JASDM":"0201050605","JXLDM":"020105","JXBID":"20242-02216","SKBJ":"材物2201","TYXMDM":null,"KCH":"10034121088"},{"KKDWDM":"011","XS":48,"BYBZ":"0","JSJC":5,"XXXQDM":"02","KXH":"01","KSJC":3,"XKZRS":35,"SKZC":"000000111000000000000000000000","SKJS":"李家普,王一鸣,邱金星","ISTK":0,"ZCMC":"7-9周","YPSJDD":"17周 星期三 第3节-第5节 南湖北-学海楼-605,11-16周 星期五 第3节-第5节 南湖北-学海楼-605,9周 星期日 第3节-第5节 南湖北-学海楼-605,1-5周 星期五 第3节-第5节 南湖北-学海楼-605,7-9周 星期五 第3节-第5节 南湖北-学海楼-605","XF":3,"SKXQ":5,"XNXQDM":"2024-2025-2","KCM":"凸优化","JASDM":"0201050605","JXLDM":"020105","JXBID":"20242-02731","SKBJ":"集成电路2201","TYXMDM":null,"KCH":"10115121032"},{"KKDWDM":"018","XS":48,"BYBZ":"0","JSJC":4,"XXXQDM":"02","KXH":"01","KSJC":1,"XKZRS":13,"SKZC":"000000110000000000000000000000","SKJS":"方建珍","ISTK":0,"ZCMC":"7-8周","YPSJDD":"11-13周 星期日 第1节-第4节 南湖北-学海楼-605,1-5周 星期日 第1节-第4节 南湖北-学海楼-605,7-8周 星期日 第1节-第4节 南湖北-学海楼-605,15-16周 星期日 第1节-第4节 南湖北-学海楼-605","XF":3,"SKXQ":7,"XNXQDM":"2024-2025-2","KCM":"货币银行学","JASDM":"0201050605","JXLDM":"020105","JXBID":"20242-09720","SKBJ":"国贸fx2023","TYXMDM":null,"KCH":"10184121117"},{"KKDWDM":"004","XS":32,"BYBZ":"0","JSJC":2,"XXXQDM":"02","KXH":"01","KSJC":1,"XKZRS":35,"SKZC":"000000001111111100000000000000","SKJS":"王学文,王欢","ISTK":0,"ZCMC":"9-16周","YPSJDD":"17周 星期二 第3节-第4节 南湖北-学海楼-605,9-10周 星期一 第3节-第4节 南湖北-学海楼-605,16-17周 星期一 第3节-第4节 南湖北-学海楼-605,12-14周 星期一 第3节-第4节 南湖北-学海楼-605,9-16周 星期三 第1节-第2节 南湖北-学海楼-605","XF":2,"SKXQ":3,"XNXQDM":"2024-2025-2","KCM":"微纳米加工技术","JASDM":"0201050605","JXLDM":"020105","JXBID":"20242-03005","SKBJ":"微电子本硕2201","TYXMDM":null,"KCH":"10044121032"},{"KKDWDM":"003","XS":16,"BYBZ":"0","JSJC":2,"XXXQDM":"02","KXH":"01","KSJC":1,"XKZRS":34,"SKZC":"000000001100000000000000000000","SKJS":"常明","ISTK":0,"ZCMC":"9-10周","YPSJDD":"16-17周 星期一 第1节-第2节 南湖北-学海楼-605,12-14周 星期一 第1节-第2节 南湖北-学海楼-605,17周 星期二 第1节-第2节 南湖北-学海楼-605,9-10周 星期一 第1节-第2节 南湖北-学海楼-605","XF":1,"SKXQ":1,"XNXQDM":"2024-2025-2","KCM":"焊接工程项目管理","JASDM":"0201050605","JXLDM":"020105","JXBID":"20242-02235","SKBJ":"成型zy2201","TYXMDM":null,"KCH":"10035121044"},{"KKDWDM":"004","XS":32,"BYBZ":"0","JSJC":4,"XXXQDM":"02","KXH":"01","KSJC":3,"XKZRS":35,"SKZC":"000000001100000000000000000000","SKJS":"王学文,王欢","ISTK":0,"ZCMC":"9-10周","YPSJDD":"17周 星期二 第3节-第4节 南湖北-学海楼-605,9-10周 星期一 第3节-第4节 南湖北-学海楼-605,16-17周 星期一 第3节-第4节 南湖北-学海楼-605,12-14周 星期一 第3节-第4节 南湖北-学海楼-605,9-16周 星期三 第1节-第2节 南湖北-学海楼-605","XF":2,"SKXQ":1,"XNXQDM":"2024-2025-2","KCM":"微纳米加工技术","JASDM":"0201050605","JXLDM":"020105","JXBID":"20242-03005","SKBJ":"微电子本硕2201","TYXMDM":null,"KCH":"10044121032"},{"KKDWDM":"007","XS":24,"BYBZ":"0","JSJC":4,"XXXQDM":"02","KXH":"03","KSJC":1,"XKZRS":38,"SKZC":"000000001000000000000000000000","SKJS":"Chalati Siwapimon,Luigi Buffone,邓加东,郭巍","ISTK":0,"ZCMC":"9周","YPSJDD":"11-13周 星期六 第1节-第4节 南湖北-学海楼-605,9周 星期六 第1节-第4节 南湖北-学海楼-605,15周 星期六 第1节-第4节 南湖北-学海楼-605","XF":1,"SKXQ":6,"XNXQDM":"2024-2025-2","KCM":"汽车CAD\/CAE技术（B）","JASDM":"0201050605","JXLDM":"020105","JXBID":"20242-12775","SKBJ":"车辆gj2302","TYXMDM":null,"KCH":"10075124212"},{"KKDWDM":"003","XS":48,"BYBZ":"0","JSJC":2,"XXXQDM":"02","KXH":"01","KSJC":1,"XKZRS":35,"SKZC":"000000001000000000000000000000","SKJS":"熊玉立,陈骁","ISTK":0,"ZCMC":"9周","YPSJDD":"1-12周 星期三 第3节-第4节 南湖北-学海楼-605,1-5周 星期五 第1节-第2节 南湖北-学海楼-605,7-9周 星期五 第1节-第2节 南湖北-学海楼-605,9周 星期日 第1节-第2节 南湖北-学海楼-605,11-13周 星期五 第1节-第2节 南湖北-学海楼-605","XF":3,"SKXQ":7,"XNXQDM":"2024-2025-2","KCM":"材料物理C","JASDM":"0201050605","JXLDM":"020105","JXBID":"20242-02216","SKBJ":"材物2201","TYXMDM":null,"KCH":"10034121088"},{"KKDWDM":"011","XS":48,"BYBZ":"0","JSJC":5,"XXXQDM":"02","KXH":"01","KSJC":3,"XKZRS":35,"SKZC":"000000001000000000000000000000","SKJS":"李家普,王一鸣,邱金星","ISTK":0,"ZCMC":"9周","YPSJDD":"17周 星期三 第3节-第5节 南湖北-学海楼-605,11-16周 星期五 第3节-第5节 南湖北-学海楼-605,9周 星期日 第3节-第5节 南湖北-学海楼-605,1-5周 星期五 第3节-第5节 南湖北-学海楼-605,7-9周 星期五 第3节-第5节 南湖北-学海楼-605","XF":3,"SKXQ":7,"XNXQDM":"2024-2025-2","KCM":"凸优化","JASDM":"0201050605","JXLDM":"020105","JXBID":"20242-02731","SKBJ":"集成电路2201","TYXMDM":null,"KCH":"10115121032"},{"KKDWDM":"003","XS":48,"BYBZ":"0","JSJC":8,"XXXQDM":"02","KXH":"01","KSJC":6,"XKZRS":28,"SKZC":"000000001000000000000000","SKJS":"沈春晖,罗巍","ISTK":0,"ZCMC":"9周","YPSJDD":"14-15周 星期五 第6节-第7节 南湖北-学海楼-605,1-5周,7-9周,11-13周 星期五 第6节-第8节 南湖北-学海楼-605,9周 星期日 第6节-第8节 南湖北-学海楼-605","XF":3,"SKXQ":7,"XNXQDM":"2024-2025-2","KCM":"高分子化学与物理B","JASDM":"0201050605","JXLDM":"020105","JXBID":"20242-03830","SKBJ":"材化2201","TYXMDM":null,"KCH":"10035117035"},{"KKDWDM":"018","XS":32,"BYBZ":"0","JSJC":13,"XXXQDM":"02","KXH":"01","KSJC":11,"XKZRS":16,"SKZC":"000000001000000000000000","SKJS":"王建成","ISTK":0,"ZCMC":"9周","YPSJDD":"12周 星期五 第11节-第12节 南湖北-学海楼-605,1-5周,7-9周,11周 星期五 第11节-第13节 南湖北-学海楼-605,9周 星期日 第11节-第13节 南湖北-学海楼-605","XF":2,"SKXQ":7,"XNXQDM":"2024-2025-2","KCM":"能源低碳管理","JASDM":"0201050605","JXLDM":"020105","JXBID":"20242-06452","SKBJ":"碳经济与碳数字化微2024","TYXMDM":null,"KCH":"10184123002"},{"KKDWDM":"011","XS":48,"BYBZ":"0","JSJC":5,"XXXQDM":"02","KXH":"01","KSJC":3,"XKZRS":35,"SKZC":"000000000011111100000000000000","SKJS":"李家普,王一鸣,邱金星","ISTK":0,"ZCMC":"11-16周","YPSJDD":"17周 星期三 第3节-第5节 南湖北-学海楼-605,11-16周 星期五 第3节-第5节 南湖北-学海楼-605,9周 星期日 第3节-第5节 南湖北-学海楼-605,1-5周 星期五 第3节-第5节 南湖北-学海楼-605,7-9周 星期五 第3节-第5节 南湖北-学海楼-605","XF":3,"SKXQ":5,"XNXQDM":"2024-2025-2","KCM":"凸优化","JASDM":"0201050605","JXLDM":"020105","JXBID":"20242-02731","SKBJ":"集成电路2201","TYXMDM":null,"KCH":"10115121032"},{"KKDWDM":"011","XS":40,"BYBZ":"0","JSJC":2,"XXXQDM":"02","KXH":"01","KSJC":1,"XKZRS":34,"SKZC":"000000000011111000000000000000","SKJS":"胡辑伟","ISTK":0,"ZCMC":"11-15周","YPSJDD":"1-9周 星期四 第1节-第2节 南湖北-学海楼-605,11-15周 星期四 第1节-第2节 南湖北-学海楼-605","XF":2,"SKXQ":4,"XNXQDM":"2024-2025-2","KCM":"现代交换技术","JASDM":"0201050605","JXLDM":"020105","JXBID":"20242-05778","SKBJ":"通信本硕2301","TYXMDM":null,"KCH":"10115111021"},{"KKDWDM":"007","XS":24,"BYBZ":"0","JSJC":4,"XXXQDM":"02","KXH":"03","KSJC":1,"XKZRS":38,"SKZC":"000000000011100000000000000000","SKJS":"Chalati Siwapimon,Luigi Buffone,邓加东,郭巍","ISTK":0,"ZCMC":"11-13周","YPSJDD":"11-13周 星期六 第1节-第4节 南湖北-学海楼-605,9周 星期六 第1节-第4节 南湖北-学海楼-605,15周 星期六 第1节-第4节 南湖北-学海楼-605","XF":1,"SKXQ":6,"XNXQDM":"2024-2025-2","KCM":"汽车CAD\/CAE技术（B）","JASDM":"0201050605","JXLDM":"020105","JXBID":"20242-12775","SKBJ":"车辆gj2302","TYXMDM":null,"KCH":"10075124212"},{"KKDWDM":"018","XS":48,"BYBZ":"0","JSJC":4,"XXXQDM":"02","KXH":"01","KSJC":1,"XKZRS":13,"SKZC":"000000000011100000000000000000","SKJS":"方建珍","ISTK":0,"ZCMC":"11-13周","YPSJDD":"11-13周 星期日 第1节-第4节 南湖北-学海楼-605,1-5周 星期日 第1节-第4节 南湖北-学海楼-605,7-8周 星期日 第1节-第4节 南湖北-学海楼-605,15-16周 星期日 第1节-第4节 南湖北-学海楼-605","XF":3,"SKXQ":7,"XNXQDM":"2024-2025-2","KCM":"货币银行学","JASDM":"0201050605","JXLDM":"020105","JXBID":"20242-09720","SKBJ":"国贸fx2023","TYXMDM":null,"KCH":"10184121117"},{"KKDWDM":"003","XS":48,"BYBZ":"0","JSJC":2,"XXXQDM":"02","KXH":"01","KSJC":1,"XKZRS":35,"SKZC":"000000000011100000000000000000","SKJS":"熊玉立,陈骁","ISTK":0,"ZCMC":"11-13周","YPSJDD":"1-12周 星期三 第3节-第4节 南湖北-学海楼-605,1-5周 星期五 第1节-第2节 南湖北-学海楼-605,7-9周 星期五 第1节-第2节 南湖北-学海楼-605,9周 星期日 第1节-第2节 南湖北-学海楼-605,11-13周 星期五 第1节-第2节 南湖北-学海楼-605","XF":3,"SKXQ":5,"XNXQDM":"2024-2025-2","KCM":"材料物理C","JASDM":"0201050605","JXLDM":"020105","JXBID":"20242-02216","SKBJ":"材物2201","TYXMDM":null,"KCH":"10034121088"},{"KKDWDM":"003","XS":32,"BYBZ":"0","JSJC":7,"XXXQDM":"02","KXH":"03","KSJC":6,"XKZRS":32,"SKZC":"000000000010000000000000","SKJS":"余志勇","ISTK":0,"ZCMC":"11周","YPSJDD":"11周 星期二 第6节-第7节 南湖北-学海楼-605,1-10周 星期二 第6节-第8节 南湖北-学海楼-605","XF":2,"SKXQ":2,"XNXQDM":"2024-2025-2","KCM":"材料合成与加工","JASDM":"0201050605","JXLDM":"020105","JXBID":"20242-03242","SKBJ":"材化2201","TYXMDM":null,"KCH":"10105111045"},{"KKDWDM":"004","XS":32,"BYBZ":"0","JSJC":4,"XXXQDM":"02","KXH":"01","KSJC":3,"XKZRS":35,"SKZC":"000000000001110000000000000000","SKJS":"王学文,王欢","ISTK":0,"ZCMC":"12-14周","YPSJDD":"17周 星期二 第3节-第4节 南湖北-学海楼-605,9-10周 星期一 第3节-第4节 南湖北-学海楼-605,16-17周 星期一 第3节-第4节 南湖北-学海楼-605,12-14周 星期一 第3节-第4节 南湖北-学海楼-605,9-16周 星期三 第1节-第2节 南湖北-学海楼-605","XF":2,"SKXQ":1,"XNXQDM":"2024-2025-2","KCM":"微纳米加工技术","JASDM":"0201050605","JXLDM":"020105","JXBID":"20242-03005","SKBJ":"微电子本硕2201","TYXMDM":null,"KCH":"10044121032"},{"KKDWDM":"003","XS":16,"BYBZ":"0","JSJC":2,"XXXQDM":"02","KXH":"01","KSJC":1,"XKZRS":34,"SKZC":"000000000001110000000000000000","SKJS":"常明","ISTK":0,"ZCMC":"12-14周","YPSJDD":"16-17周 星期一 第1节-第2节 南湖北-学海楼-605,12-14周 星期一 第1节-第2节 南湖北-学海楼-605,17周 星期二 第1节-第2节 南湖北-学海楼-605,9-10周 星期一 第1节-第2节 南湖北-学海楼-605","XF":1,"SKXQ":1,"XNXQDM":"2024-2025-2","KCM":"焊接工程项目管理","JASDM":"0201050605","JXLDM":"020105","JXBID":"20242-02235","SKBJ":"成型zy2201","TYXMDM":null,"KCH":"10035121044"},{"KKDWDM":"018","XS":32,"BYBZ":"0","JSJC":12,"XXXQDM":"02","KXH":"01","KSJC":11,"XKZRS":16,"SKZC":"000000000001000000000000","SKJS":"王建成","ISTK":0,"ZCMC":"12周","YPSJDD":"12周 星期五 第11节-第12节 南湖北-学海楼-605,1-5周,7-9周,11周 星期五 第11节-第13节 南湖北-学海楼-605,9周 星期日 第11节-第13节 南湖北-学海楼-605","XF":2,"SKXQ":5,"XNXQDM":"2024-2025-2","KCM":"能源低碳管理","JASDM":"0201050605","JXLDM":"020105","JXBID":"20242-06452","SKBJ":"碳经济与碳数字化微2024","TYXMDM":null,"KCH":"10184123002"},{"KKDWDM":"003","XS":32,"BYBZ":"0","JSJC":7,"XXXQDM":"02","KXH":"01","KSJC":6,"XKZRS":40,"SKZC":"000000000001000000000000","SKJS":"徐庆","ISTK":0,"ZCMC":"12周","YPSJDD":"12周 星期一 第6节-第7节 南湖北-学海楼-605,1-10周 星期一 第6节-第8节 南湖北-学海楼-605","XF":2,"SKXQ":1,"XNXQDM":"2024-2025-2","KCM":"电介质材料及应用","JASDM":"0201050605","JXLDM":"020105","JXBID":"20242-03737","SKBJ":"材物2201","TYXMDM":null,"KCH":"10034111031"},{"KKDWDM":"003","XS":48,"BYBZ":"0","JSJC":7,"XXXQDM":"02","KXH":"01","KSJC":6,"XKZRS":28,"SKZC":"000000000000011000000000","SKJS":"沈春晖,罗巍","ISTK":0,"ZCMC":"14-15周","YPSJDD":"14-15周 星期五 第6节-第7节 南湖北-学海楼-605,1-5周,7-9周,11-13周 星期五 第6节-第8节 南湖北-学海楼-605,9周 星期日 第6节-第8节 南湖北-学海楼-605","XF":3,"SKXQ":5,"XNXQDM":"2024-2025-2","KCM":"高分子化学与物理B","JASDM":"0201050605","JXLDM":"020105","JXBID":"20242-03830","SKBJ":"材化2201","TYXMDM":null,"KCH":"10035117035"},{"KKDWDM":"018","XS":48,"BYBZ":"0","JSJC":4,"XXXQDM":"02","KXH":"01","KSJC":1,"XKZRS":13,"SKZC":"000000000000001100000000000000","SKJS":"方建珍","ISTK":0,"ZCMC":"15-16周","YPSJDD":"11-13周 星期日 第1节-第4节 南湖北-学海楼-605,1-5周 星期日 第1节-第4节 南湖北-学海楼-605,7-8周 星期日 第1节-第4节 南湖北-学海楼-605,15-16周 星期日 第1节-第4节 南湖北-学海楼-605","XF":3,"SKXQ":7,"XNXQDM":"2024-2025-2","KCM":"货币银行学","JASDM":"0201050605","JXLDM":"020105","JXBID":"20242-09720","SKBJ":"国贸fx2023","TYXMDM":null,"KCH":"10184121117"},{"KKDWDM":"007","XS":24,"BYBZ":"0","JSJC":4,"XXXQDM":"02","KXH":"03","KSJC":1,"XKZRS":38,"SKZC":"000000000000001000000000000000","SKJS":"Chalati Siwapimon,Luigi Buffone,邓加东,郭巍","ISTK":0,"ZCMC":"15周","YPSJDD":"11-13周 星期六 第1节-第4节 南湖北-学海楼-605,9周 星期六 第1节-第4节 南湖北-学海楼-605,15周 星期六 第1节-第4节 南湖北-学海楼-605","XF":1,"SKXQ":6,"XNXQDM":"2024-2025-2","KCM":"汽车CAD\/CAE技术（B）","JASDM":"0201050605","JXLDM":"020105","JXBID":"20242-12775","SKBJ":"车辆gj2302","TYXMDM":null,"KCH":"10075124212"},{"KKDWDM":"003","XS":16,"BYBZ":"0","JSJC":2,"XXXQDM":"02","KXH":"01","KSJC":1,"XKZRS":34,"SKZC":"000000000000000110000000000000","SKJS":"常明","ISTK":0,"ZCMC":"16-17周","YPSJDD":"16-17周 星期一 第1节-第2节 南湖北-学海楼-605,12-14周 星期一 第1节-第2节 南湖北-学海楼-605,17周 星期二 第1节-第2节 南湖北-学海楼-605,9-10周 星期一 第1节-第2节 南湖北-学海楼-605","XF":1,"SKXQ":1,"XNXQDM":"2024-2025-2","KCM":"焊接工程项目管理","JASDM":"0201050605","JXLDM":"020105","JXBID":"20242-02235","SKBJ":"成型zy2201","TYXMDM":null,"KCH":"10035121044"},{"KKDWDM":"004","XS":32,"BYBZ":"0","JSJC":4,"XXXQDM":"02","KXH":"01","KSJC":3,"XKZRS":35,"SKZC":"000000000000000110000000000000","SKJS":"王学文,王欢","ISTK":0,"ZCMC":"16-17周","YPSJDD":"17周 星期二 第3节-第4节 南湖北-学海楼-605,9-10周 星期一 第3节-第4节 南湖北-学海楼-605,16-17周 星期一 第3节-第4节 南湖北-学海楼-605,12-14周 星期一 第3节-第4节 南湖北-学海楼-605,9-16周 星期三 第1节-第2节 南湖北-学海楼-605","XF":2,"SKXQ":1,"XNXQDM":"2024-2025-2","KCM":"微纳米加工技术","JASDM":"0201050605","JXLDM":"020105","JXBID":"20242-03005","SKBJ":"微电子本硕2201","TYXMDM":null,"KCH":"10044121032"},{"KKDWDM":"003","XS":16,"BYBZ":"0","JSJC":2,"XXXQDM":"02","KXH":"01","KSJC":1,"XKZRS":34,"SKZC":"000000000000000010000000000000","SKJS":"常明","ISTK":0,"ZCMC":"17周","YPSJDD":"16-17周 星期一 第1节-第2节 南湖北-学海楼-605,12-14周 星期一 第1节-第2节 南湖北-学海楼-605,17周 星期二 第1节-第2节 南湖北-学海楼-605,9-10周 星期一 第1节-第2节 南湖北-学海楼-605","XF":1,"SKXQ":2,"XNXQDM":"2024-2025-2","KCM":"焊接工程项目管理","JASDM":"0201050605","JXLDM":"020105","JXBID":"20242-02235","SKBJ":"成型zy2201","TYXMDM":null,"KCH":"10035121044"},{"KKDWDM":"011","XS":48,"BYBZ":"0","JSJC":5,"XXXQDM":"02","KXH":"01","KSJC":3,"XKZRS":35,"SKZC":"000000000000000010000000000000","SKJS":"李家普,王一鸣,邱金星","ISTK":0,"ZCMC":"17周","YPSJDD":"17周 星期三 第3节-第5节 南湖北-学海楼-605,11-16周 星期五 第3节-第5节 南湖北-学海楼-605,9周 星期日 第3节-第5节 南湖北-学海楼-605,1-5周 星期五 第3节-第5节 南湖北-学海楼-605,7-9周 星期五 第3节-第5节 南湖北-学海楼-605","XF":3,"SKXQ":3,"XNXQDM":"2024-2025-2","KCM":"凸优化","JASDM":"0201050605","JXLDM":"020105","JXBID":"20242-02731","SKBJ":"集成电路2201","TYXMDM":null,"KCH":"10115121032"},{"KKDWDM":"004","XS":32,"BYBZ":"0","JSJC":4,"XXXQDM":"02","KXH":"01","KSJC":3,"XKZRS":35,"SKZC":"000000000000000010000000000000","SKJS":"王学文,王欢","ISTK":0,"ZCMC":"17周","YPSJDD":"17周 星期二 第3节-第4节 南湖北-学海楼-605,9-10周 星期一 第3节-第4节 南湖北-学海楼-605,16-17周 星期一 第3节-第4节 南湖北-学海楼-605,12-14周 星期一 第3节-第4节 南湖北-学海楼-605,9-16周 星期三 第1节-第2节 南湖北-学海楼-605","XF":2,"SKXQ":2,"XNXQDM":"2024-2025-2","KCM":"微纳米加工技术","JASDM":"0201050605","JXLDM":"020105","JXBID":"20242-03005","SKBJ":"微电子本硕2201","TYXMDM":null,"KCH":"10044121032"}]}},"code":"0"}