{"datas":{"jaskcb":{"extParams":{"code":1,"msg":"查询成功"},"pageSize":0,"pageNumber":0,"totalSize":-1,"rows":[{"KKDWDM":"020","XS":64,"BYBZ":"0","JSJC":4,"XXXQDM":"02","KXH":"01","KSJC":3,"XKZRS":18,"SKZC":"111111111111111100000000000000","SKJS":"赵晋平","ISTK":0,"ZCMC":"1-16周","YPSJDD":"11-17周 星期四 第1节-第2节 南湖北-学海楼-802,1-16周 星期二 第3节-第4节 南湖北-学海楼-802,1-9周 星期四 第1节-第2节 南湖北-学海楼-802","XF":4,"SKXQ":2,"XNXQDM":"2024-2025-2","KCM":"高级日语2","JASDM":"0201050802","JXLDM":"020105","JXBID":"20242-02992","SKBJ":"日语2201","TYXMDM":null,"KCH":"10204117063"},{"KKDWDM":"020","XS":32,"BYBZ":"0","JSJC":7,"XXXQDM":"02","KXH":"01","KSJC":6,"XKZRS":42,"SKZC":"1111111111111111","SKJS":"王瑛芳","ISTK":0,"ZCMC":"1-16周","YPSJDD":"1-16周 星期二 第6节-第7节 南湖北-学海楼-802","XF":2,"SKXQ":2,"XNXQDM":"2024-2025-2","KCM":"英语词汇学A","JASDM":"0201050802","JXLDM":"020105","JXBID":"20242-04477","SKBJ":"英语2301-03","TYXMDM":null,"KCH":"10065111003"},{"KKDWDM":"020","XS":32,"BYBZ":"0","JSJC":7,"XXXQDM":"02","KXH":"01","KSJC":6,"XKZRS":32,"SKZC":"1111111111111111","SKJS":"李怡昕","ISTK":0,"ZCMC":"1-16周","YPSJDD":"1-16周 星期三 第6节-第7节 南湖北-学海楼-802","XF":2,"SKXQ":3,"XNXQDM":"2024-2025-2","KCM":"科技法语阅读2","JASDM":"0201050802","JXLDM":"020105","JXBID":"20242-02153","SKBJ":"法语2201-02","TYXMDM":null,"KCH":"10064111008"},{"KKDWDM":"020","XS":48,"BYBZ":"0","JSJC":5,"XXXQDM":"02","KXH":"01","KSJC":3,"XKZRS":20,"SKZC":"111111111100000000000000000000","SKJS":"周丹","ISTK":0,"ZCMC":"1-10周","YPSJDD":"17周 星期二 第3节-第5节 南湖北-学海楼-802,16-17周 星期一 第3节-第5节 南湖北-学海楼-802,1-10周 星期一 第3节-第5节 南湖北-学海楼-802,12-14周 星期一 第3节-第5节 南湖北-学海楼-802","XF":3,"SKXQ":1,"XNXQDM":"2024-2025-2","KCM":"高级英语读写2","JASDM":"0201050802","JXLDM":"020105","JXBID":"20242-02485","SKBJ":"英语2203","TYXMDM":null,"KCH":"10204117035"},{"KKDWDM":"020","XS":32,"BYBZ":"0","JSJC":5,"XXXQDM":"02","KXH":"01","KSJC":3,"XKZRS":18,"SKZC":"111111111100000000000000","SKJS":"邹茜","ISTK":0,"ZCMC":"1-10周","YPSJDD":"11周 星期三 第3节-第4节 南湖北-学海楼-802,1-10周 星期三 第3节-第5节 南湖北-学海楼-802","XF":2,"SKXQ":3,"XNXQDM":"2024-2025-2","KCM":"日本近现代文学作品选读","JASDM":"0201050802","JXLDM":"020105","JXBID":"20242-02413","SKBJ":"日语2201","TYXMDM":null,"KCH":"10204121047"},{"KKDWDM":"020","XS":32,"BYBZ":"0","JSJC":4,"XXXQDM":"02","KXH":"01","KSJC":3,"XKZRS":20,"SKZC":"111111111000000000000000000000","SKJS":"胡叶","ISTK":0,"ZCMC":"1-9周","YPSJDD":"11-17周 星期四 第3节-第4节 南湖北-学海楼-802,1-9周 星期四 第3节-第4节 南湖北-学海楼-802","XF":2,"SKXQ":4,"XNXQDM":"2024-2025-2","KCM":"翻译理论与实践2","JASDM":"0201050802","JXLDM":"020105","JXBID":"20242-02609","SKBJ":"英语2203","TYXMDM":null,"KCH":"10204121041"},{"KKDWDM":"020","XS":64,"BYBZ":"0","JSJC":2,"XXXQDM":"02","KXH":"01","KSJC":1,"XKZRS":18,"SKZC":"111111111000000000000000000000","SKJS":"赵晋平","ISTK":0,"ZCMC":"1-9周","YPSJDD":"11-17周 星期四 第1节-第2节 南湖北-学海楼-802,1-16周 星期二 第3节-第4节 南湖北-学海楼-802,1-9周 星期四 第1节-第2节 南湖北-学海楼-802","XF":4,"SKXQ":4,"XNXQDM":"2024-2025-2","KCM":"高级日语2","JASDM":"0201050802","JXLDM":"020105","JXBID":"20242-02992","SKBJ":"日语2201","TYXMDM":null,"KCH":"10204117063"},{"KKDWDM":"020","XS":32,"BYBZ":"0","JSJC":2,"XXXQDM":"02","KXH":"01","KSJC":1,"XKZRS":19,"SKZC":"111110000000000000000000000000","SKJS":"王瑛芳","ISTK":0,"ZCMC":"1-5周","YPSJDD":"9周 星期日 第1节-第2节 南湖北-学海楼-802,11-16周 星期五 第1节-第2节 南湖北-学海楼-802,1-5周 星期五 第1节-第2节 南湖北-学海楼-802,17周 星期三 第1节-第2节 南湖北-学海楼-802,7-9周 星期五 第1节-第2节 南湖北-学海楼-802","XF":2,"SKXQ":5,"XNXQDM":"2024-2025-2","KCM":"英语报刊阅读","JASDM":"0201050802","JXLDM":"020105","JXBID":"20242-02101","SKBJ":"英法sy2201","TYXMDM":null,"KCH":"10205117008"},{"KKDWDM":"020","XS":32,"BYBZ":"0","JSJC":7,"XXXQDM":"02","KXH":"02","KSJC":6,"XKZRS":41,"SKZC":"111110000000000000000000000000","SKJS":"徐亚,郑晓曦","ISTK":0,"ZCMC":"1-5周","YPSJDD":"11-16周 星期五 第6节-第7节 南湖北-学海楼-802,9周 星期日 第6节-第7节 南湖北-学海楼-802,7-9周 星期五 第6节-第7节 南湖北-学海楼-802,17周 星期三 第6节-第7节 南湖北-学海楼-802,1-5周 星期五 第6节-第7节 南湖北-学海楼-802","XF":2,"SKXQ":5,"XNXQDM":"2024-2025-2","KCM":"英美戏剧赏析","JASDM":"0201050802","JXLDM":"020105","JXBID":"20242-10161","SKBJ":"英语2301-03","TYXMDM":null,"KCH":"10205117006"},{"KKDWDM":"020","XS":32,"BYBZ":"0","JSJC":4,"XXXQDM":"02","KXH":"01","KSJC":3,"XKZRS":19,"SKZC":"111110000000000000000000000000","SKJS":"徐亚","ISTK":0,"ZCMC":"1-5周","YPSJDD":"9周 星期日 第3节-第4节 南湖北-学海楼-802,11-16周 星期五 第3节-第4节 南湖北-学海楼-802,17周 星期三 第3节-第4节 南湖北-学海楼-802,1-5周 星期五 第3节-第4节 南湖北-学海楼-802,7-9周 星期五 第3节-第4节 南湖北-学海楼-802","XF":2,"SKXQ":5,"XNXQDM":"2024-2025-2","KCM":"商务英语B","JASDM":"0201050802","JXLDM":"020105","JXBID":"20242-03337","SKBJ":"英法sy2201","TYXMDM":null,"KCH":"10204114022"},{"KKDWDM":"020","XS":32,"BYBZ":"0","JSJC":4,"XXXQDM":"02","KXH":"01","KSJC":3,"XKZRS":19,"SKZC":"000000111000000000000000000000","SKJS":"徐亚","ISTK":0,"ZCMC":"7-9周","YPSJDD":"9周 星期日 第3节-第4节 南湖北-学海楼-802,11-16周 星期五 第3节-第4节 南湖北-学海楼-802,17周 星期三 第3节-第4节 南湖北-学海楼-802,1-5周 星期五 第3节-第4节 南湖北-学海楼-802,7-9周 星期五 第3节-第4节 南湖北-学海楼-802","XF":2,"SKXQ":5,"XNXQDM":"2024-2025-2","KCM":"商务英语B","JASDM":"0201050802","JXLDM":"020105","JXBID":"20242-03337","SKBJ":"英法sy2201","TYXMDM":null,"KCH":"10204114022"},{"KKDWDM":"020","XS":32,"BYBZ":"0","JSJC":7,"XXXQDM":"02","KXH":"02","KSJC":6,"XKZRS":41,"SKZC":"000000111000000000000000000000","SKJS":"徐亚,郑晓曦","ISTK":0,"ZCMC":"7-9周","YPSJDD":"11-16周 星期五 第6节-第7节 南湖北-学海楼-802,9周 星期日 第6节-第7节 南湖北-学海楼-802,7-9周 星期五 第6节-第7节 南湖北-学海楼-802,17周 星期三 第6节-第7节 南湖北-学海楼-802,1-5周 星期五 第6节-第7节 南湖北-学海楼-802","XF":2,"SKXQ":5,"XNXQDM":"2024-2025-2","KCM":"英美戏剧赏析","JASDM":"0201050802","JXLDM":"020105","JXBID":"20242-10161","SKBJ":"英语2301-03","TYXMDM":null,"KCH":"10205117006"},{"KKDWDM":"020","XS":32,"BYBZ":"0","JSJC":2,"XXXQDM":"02","KXH":"01","KSJC":1,"XKZRS":19,"SKZC":"000000111000000000000000000000","SKJS":"王瑛芳","ISTK":0,"ZCMC":"7-9周","YPSJDD":"9周 星期日 第1节-第2节 南湖北-学海楼-802,11-16周 星期五 第1节-第2节 南湖北-学海楼-802,1-5周 星期五 第1节-第2节 南湖北-学海楼-802,17周 星期三 第1节-第2节 南湖北-学海楼-802,7-9周 星期五 第1节-第2节 南湖北-学海楼-802","XF":2,"SKXQ":5,"XNXQDM":"2024-2025-2","KCM":"英语报刊阅读","JASDM":"0201050802","JXLDM":"020105","JXBID":"20242-02101","SKBJ":"英法sy2201","TYXMDM":null,"KCH":"10205117008"},{"KKDWDM":"020","XS":32,"BYBZ":"0","JSJC":2,"XXXQDM":"02","KXH":"01","KSJC":1,"XKZRS":19,"SKZC":"000000001000000000000000000000","SKJS":"王瑛芳","ISTK":0,"ZCMC":"9周","YPSJDD":"9周 星期日 第1节-第2节 南湖北-学海楼-802,11-16周 星期五 第1节-第2节 南湖北-学海楼-802,1-5周 星期五 第1节-第2节 南湖北-学海楼-802,17周 星期三 第1节-第2节 南湖北-学海楼-802,7-9周 星期五 第1节-第2节 南湖北-学海楼-802","XF":2,"SKXQ":7,"XNXQDM":"2024-2025-2","KCM":"英语报刊阅读","JASDM":"0201050802","JXLDM":"020105","JXBID":"20242-02101","SKBJ":"英法sy2201","TYXMDM":null,"KCH":"10205117008"},{"KKDWDM":"020","XS":32,"BYBZ":"0","JSJC":7,"XXXQDM":"02","KXH":"02","KSJC":6,"XKZRS":41,"SKZC":"000000001000000000000000000000","SKJS":"徐亚,郑晓曦","ISTK":0,"ZCMC":"9周","YPSJDD":"11-16周 星期五 第6节-第7节 南湖北-学海楼-802,9周 星期日 第6节-第7节 南湖北-学海楼-802,7-9周 星期五 第6节-第7节 南湖北-学海楼-802,17周 星期三 第6节-第7节 南湖北-学海楼-802,1-5周 星期五 第6节-第7节 南湖北-学海楼-802","XF":2,"SKXQ":7,"XNXQDM":"2024-2025-2","KCM":"英美戏剧赏析","JASDM":"0201050802","JXLDM":"020105","JXBID":"20242-10161","SKBJ":"英语2301-03","TYXMDM":null,"KCH":"10205117006"},{"KKDWDM":"020","XS":32,"BYBZ":"0","JSJC":4,"XXXQDM":"02","KXH":"01","KSJC":3,"XKZRS":19,"SKZC":"000000001000000000000000000000","SKJS":"徐亚","ISTK":0,"ZCMC":"9周","YPSJDD":"9周 星期日 第3节-第4节 南湖北-学海楼-802,11-16周 星期五 第3节-第4节 南湖北-学海楼-802,17周 星期三 第3节-第4节 南湖北-学海楼-802,1-5周 星期五 第3节-第4节 南湖北-学海楼-802,7-9周 星期五 第3节-第4节 南湖北-学海楼-802","XF":2,"SKXQ":7,"XNXQDM":"2024-2025-2","KCM":"商务英语B","JASDM":"0201050802","JXLDM":"020105","JXBID":"20242-03337","SKBJ":"英法sy2201","TYXMDM":null,"KCH":"10204114022"},{"KKDWDM":"020","XS":32,"BYBZ":"0","JSJC":4,"XXXQDM":"02","KXH":"01","KSJC":3,"XKZRS":20,"SKZC":"000000000011111110000000000000","SKJS":"胡叶","ISTK":0,"ZCMC":"11-17周","YPSJDD":"11-17周 星期四 第3节-第4节 南湖北-学海楼-802,1-9周 星期四 第3节-第4节 南湖北-学海楼-802","XF":2,"SKXQ":4,"XNXQDM":"2024-2025-2","KCM":"翻译理论与实践2","JASDM":"0201050802","JXLDM":"020105","JXBID":"20242-02609","SKBJ":"英语2203","TYXMDM":null,"KCH":"10204121041"},{"KKDWDM":"020","XS":64,"BYBZ":"0","JSJC":2,"XXXQDM":"02","KXH":"01","KSJC":1,"XKZRS":18,"SKZC":"000000000011111110000000000000","SKJS":"赵晋平","ISTK":0,"ZCMC":"11-17周","YPSJDD":"11-17周 星期四 第1节-第2节 南湖北-学海楼-802,1-16周 星期二 第3节-第4节 南湖北-学海楼-802,1-9周 星期四 第1节-第2节 南湖北-学海楼-802","XF":4,"SKXQ":4,"XNXQDM":"2024-2025-2","KCM":"高级日语2","JASDM":"0201050802","JXLDM":"020105","JXBID":"20242-02992","SKBJ":"日语2201","TYXMDM":null,"KCH":"10204117063"},{"KKDWDM":"020","XS":32,"BYBZ":"0","JSJC":2,"XXXQDM":"02","KXH":"01","KSJC":1,"XKZRS":19,"SKZC":"000000000011111100000000000000","SKJS":"王瑛芳","ISTK":0,"ZCMC":"11-16周","YPSJDD":"9周 星期日 第1节-第2节 南湖北-学海楼-802,11-16周 星期五 第1节-第2节 南湖北-学海楼-802,1-5周 星期五 第1节-第2节 南湖北-学海楼-802,17周 星期三 第1节-第2节 南湖北-学海楼-802,7-9周 星期五 第1节-第2节 南湖北-学海楼-802","XF":2,"SKXQ":5,"XNXQDM":"2024-2025-2","KCM":"英语报刊阅读","JASDM":"0201050802","JXLDM":"020105","JXBID":"20242-02101","SKBJ":"英法sy2201","TYXMDM":null,"KCH":"10205117008"},{"KKDWDM":"020","XS":32,"BYBZ":"0","JSJC":4,"XXXQDM":"02","KXH":"01","KSJC":3,"XKZRS":19,"SKZC":"000000000011111100000000000000","SKJS":"徐亚","ISTK":0,"ZCMC":"11-16周","YPSJDD":"9周 星期日 第3节-第4节 南湖北-学海楼-802,11-16周 星期五 第3节-第4节 南湖北-学海楼-802,17周 星期三 第3节-第4节 南湖北-学海楼-802,1-5周 星期五 第3节-第4节 南湖北-学海楼-802,7-9周 星期五 第3节-第4节 南湖北-学海楼-802","XF":2,"SKXQ":5,"XNXQDM":"2024-2025-2","KCM":"商务英语B","JASDM":"0201050802","JXLDM":"020105","JXBID":"20242-03337","SKBJ":"英法sy2201","TYXMDM":null,"KCH":"10204114022"},{"KKDWDM":"020","XS":32,"BYBZ":"0","JSJC":7,"XXXQDM":"02","KXH":"02","KSJC":6,"XKZRS":41,"SKZC":"000000000011111100000000000000","SKJS":"徐亚,郑晓曦","ISTK":0,"ZCMC":"11-16周","YPSJDD":"11-16周 星期五 第6节-第7节 南湖北-学海楼-802,9周 星期日 第6节-第7节 南湖北-学海楼-802,7-9周 星期五 第6节-第7节 南湖北-学海楼-802,17周 星期三 第6节-第7节 南湖北-学海楼-802,1-5周 星期五 第6节-第7节 南湖北-学海楼-802","XF":2,"SKXQ":5,"XNXQDM":"2024-2025-2","KCM":"英美戏剧赏析","JASDM":"0201050802","JXLDM":"020105","JXBID":"20242-10161","SKBJ":"英语2301-03","TYXMDM":null,"KCH":"10205117006"},{"KKDWDM":"020","XS":32,"BYBZ":"0","JSJC":4,"XXXQDM":"02","KXH":"01","KSJC":3,"XKZRS":18,"SKZC":"000000000010000000000000","SKJS":"邹茜","ISTK":0,"ZCMC":"11周","YPSJDD":"11周 星期三 第3节-第4节 南湖北-学海楼-802,1-10周 星期三 第3节-第5节 南湖北-学海楼-802","XF":2,"SKXQ":3,"XNXQDM":"2024-2025-2","KCM":"日本近现代文学作品选读","JASDM":"0201050802","JXLDM":"020105","JXBID":"20242-02413","SKBJ":"日语2201","TYXMDM":null,"KCH":"10204121047"},{"KKDWDM":"020","XS":48,"BYBZ":"0","JSJC":5,"XXXQDM":"02","KXH":"01","KSJC":3,"XKZRS":20,"SKZC":"000000000001110000000000000000","SKJS":"周丹","ISTK":0,"ZCMC":"12-14周","YPSJDD":"17周 星期二 第3节-第5节 南湖北-学海楼-802,16-17周 星期一 第3节-第5节 南湖北-学海楼-802,1-10周 星期一 第3节-第5节 南湖北-学海楼-802,12-14周 星期一 第3节-第5节 南湖北-学海楼-802","XF":3,"SKXQ":1,"XNXQDM":"2024-2025-2","KCM":"高级英语读写2","JASDM":"0201050802","JXLDM":"020105","JXBID":"20242-02485","SKBJ":"英语2203","TYXMDM":null,"KCH":"10204117035"},{"KKDWDM":"020","XS":48,"BYBZ":"0","JSJC":5,"XXXQDM":"02","KXH":"01","KSJC":3,"XKZRS":20,"SKZC":"000000000000000110000000000000","SKJS":"周丹","ISTK":0,"ZCMC":"16-17周","YPSJDD":"17周 星期二 第3节-第5节 南湖北-学海楼-802,16-17周 星期一 第3节-第5节 南湖北-学海楼-802,1-10周 星期一 第3节-第5节 南湖北-学海楼-802,12-14周 星期一 第3节-第5节 南湖北-学海楼-802","XF":3,"SKXQ":1,"XNXQDM":"2024-2025-2","KCM":"高级英语读写2","JASDM":"0201050802","JXLDM":"020105","JXBID":"20242-02485","SKBJ":"英语2203","TYXMDM":null,"KCH":"10204117035"},{"KKDWDM":"020","XS":32,"BYBZ":"0","JSJC":7,"XXXQDM":"02","KXH":"02","KSJC":6,"XKZRS":41,"SKZC":"000000000000000010000000000000","SKJS":"徐亚,郑晓曦","ISTK":0,"ZCMC":"17周","YPSJDD":"11-16周 星期五 第6节-第7节 南湖北-学海楼-802,9周 星期日 第6节-第7节 南湖北-学海楼-802,7-9周 星期五 第6节-第7节 南湖北-学海楼-802,17周 星期三 第6节-第7节 南湖北-学海楼-802,1-5周 星期五 第6节-第7节 南湖北-学海楼-802","XF":2,"SKXQ":3,"XNXQDM":"2024-2025-2","KCM":"英美戏剧赏析","JASDM":"0201050802","JXLDM":"020105","JXBID":"20242-10161","SKBJ":"英语2301-03","TYXMDM":null,"KCH":"10205117006"},{"KKDWDM":"020","XS":32,"BYBZ":"0","JSJC":2,"XXXQDM":"02","KXH":"01","KSJC":1,"XKZRS":19,"SKZC":"000000000000000010000000000000","SKJS":"王瑛芳","ISTK":0,"ZCMC":"17周","YPSJDD":"9周 星期日 第1节-第2节 南湖北-学海楼-802,11-16周 星期五 第1节-第2节 南湖北-学海楼-802,1-5周 星期五 第1节-第2节 南湖北-学海楼-802,17周 星期三 第1节-第2节 南湖北-学海楼-802,7-9周 星期五 第1节-第2节 南湖北-学海楼-802","XF":2,"SKXQ":3,"XNXQDM":"2024-2025-2","KCM":"英语报刊阅读","JASDM":"0201050802","JXLDM":"020105","JXBID":"20242-02101","SKBJ":"英法sy2201","TYXMDM":null,"KCH":"10205117008"},{"KKDWDM":"020","XS":32,"BYBZ":"0","JSJC":4,"XXXQDM":"02","KXH":"01","KSJC":3,"XKZRS":19,"SKZC":"000000000000000010000000000000","SKJS":"徐亚","ISTK":0,"ZCMC":"17周","YPSJDD":"9周 星期日 第3节-第4节 南湖北-学海楼-802,11-16周 星期五 第3节-第4节 南湖北-学海楼-802,17周 星期三 第3节-第4节 南湖北-学海楼-802,1-5周 星期五 第3节-第4节 南湖北-学海楼-802,7-9周 星期五 第3节-第4节 南湖北-学海楼-802","XF":2,"SKXQ":3,"XNXQDM":"2024-2025-2","KCM":"商务英语B","JASDM":"0201050802","JXLDM":"020105","JXBID":"20242-03337","SKBJ":"英法sy2201","TYXMDM":null,"KCH":"10204114022"},{"KKDWDM":"020","XS":48,"BYBZ":"0","JSJC":5,"XXXQDM":"02","KXH":"01","KSJC":3,"XKZRS":20,"SKZC":"000000000000000010000000000000","SKJS":"周丹","ISTK":0,"ZCMC":"17周","YPSJDD":"17周 星期二 第3节-第5节 南湖北-学海楼-802,16-17周 星期一 第3节-第5节 南湖北-学海楼-802,1-10周 星期一 第3节-第5节 南湖北-学海楼-802,12-14周 星期一 第3节-第5节 南湖北-学海楼-802","XF":3,"SKXQ":2,"XNXQDM":"2024-2025-2","KCM":"高级英语读写2","JASDM":"0201050802","JXLDM":"020105","JXBID":"20242-02485","SKBJ":"英语2203","TYXMDM":null,"KCH":"10204117035"}]}},"code":"0"}