{"datas":{"jaskcb":{"extParams":{"code":1,"msg":"查询成功"},"pageSize":0,"pageNumber":0,"totalSize":-1,"rows":[{"KKDWDM":"012","XS":32,"BYBZ":"0","JSJC":2,"XXXQDM":"02","KXH":"07","KSJC":1,"XKZRS":110,"SKZC":"11111111111111110000","SKJS":"秦珀石","ISTK":0,"ZCMC":"1-16周","YPSJDD":"1-16周 星期三 第1节-第2节 南湖北-北教三-101","XF":2,"SKXQ":3,"XNXQDM":"2024-2025-2","KCM":"Python程序设计基础A","JASDM":"0201040101","JXLDM":"020104","JXBID":"20242-06435","SKBJ":"材科sy2401-03","TYXMDM":null,"KCH":"10121121086"},{"KKDWDM":"072","XS":56,"BYBZ":"0","JSJC":2,"XXXQDM":"02","KXH":"09","KSJC":1,"XKZRS":100,"SKZC":"111111111111110000000000000000","SKJS":"刘勋,黄海军","ISTK":0,"ZCMC":"1-14周","YPSJDD":"9周 星期日 第3节-第4节 南湖北-北教三-101,11-15周 星期五 第3节-第4节 南湖北-北教三-101,1-14周 星期二 第1节-第2节 南湖北-北教三-101,7-9周 星期五 第3节-第4节 南湖北-北教三-101,1-5周 星期五 第3节-第4节 南湖北-北教三-101","XF":3,"SKXQ":2,"XNXQDM":"2024-2025-2","KCM":"大学物理A上","JASDM":"0201040101","JXLDM":"020104","JXBID":"20242-06413","SKBJ":"材科sy2401-03","TYXMDM":null,"KCH":"10153111005"},{"KKDWDM":"011","XS":48,"BYBZ":"0","JSJC":5,"XXXQDM":"02","KXH":"04","KSJC":3,"XKZRS":97,"SKZC":"111111111111000000000000","SKJS":"付琴,魏勤","ISTK":0,"ZCMC":"1-12周","YPSJDD":"13-14周 星期三 第3节-第4节 南湖北-北教三-101,1-12周 星期三 第3节-第5节 南湖北-北教三-101","XF":3,"SKXQ":3,"XNXQDM":"2024-2025-2","KCM":"微波技术与天线A","JASDM":"0201040101","JXLDM":"020104","JXBID":"20242-11181","SKBJ":"通信2201-06,通信本硕2201","TYXMDM":null,"KCH":"10115117013"},{"KKDWDM":"008","XS":40,"BYBZ":"0","JSJC":5,"XXXQDM":"02","KXH":"04","KSJC":3,"XKZRS":104,"SKZC":"111111111111000000000000","SKJS":"高忠梅","ISTK":0,"ZCMC":"1-12周","YPSJDD":"13-14周 星期二 第3节-第4节 南湖北-北教三-101,1-12周 星期二 第3节-第5节 南湖北-北教三-101","XF":2,"SKXQ":2,"XNXQDM":"2024-2025-2","KCM":"机械设计基础B","JASDM":"0201040101","JXLDM":"020104","JXBID":"20242-04295","SKBJ":"材科sy2301-03","TYXMDM":null,"KCH":"10083117102"},{"KKDWDM":"004","XS":40,"BYBZ":"0","JSJC":5,"XXXQDM":"02","KXH":"01","KSJC":3,"XKZRS":102,"SKZC":"111111111101100000000000","SKJS":"许楷,赵素玲","ISTK":0,"ZCMC":"1-10周,12-13周","YPSJDD":"14-16周(双) 星期一 第3节-第4节 南湖北-北教三-101,1-10周,12-13周 星期一 第3节-第5节 南湖北-北教三-101","XF":2,"SKXQ":1,"XNXQDM":"2024-2025-2","KCM":"材料研究与测试方法B","JASDM":"0201040101","JXLDM":"020104","JXBID":"20242-04378","SKBJ":"材科sy2301-03","TYXMDM":null,"KCH":"10044114019"},{"KKDWDM":"011","XS":32,"BYBZ":"0","JSJC":10,"XXXQDM":"02","KXH":"03","KSJC":9,"XKZRS":76,"SKZC":"111111111100000000000000000000","SKJS":"聂明新","ISTK":0,"ZCMC":"1-10周","YPSJDD":"1-10周 星期一 第9节-第10节 南湖北-北教三-101,12-13周 星期一 第9节-第10节 南湖北-北教三-101","XF":2,"SKXQ":1,"XNXQDM":"2024-2025-2","KCM":"DSP原理及应用C","JASDM":"0201040101","JXLDM":"020104","JXBID":"20242-02103","SKBJ":"通信2201-06,通信本硕2201","TYXMDM":null,"KCH":"10127311005"},{"KKDWDM":"011","XS":40,"BYBZ":"0","JSJC":8,"XXXQDM":"02","KXH":"03","KSJC":6,"XKZRS":29,"SKZC":"111111111100000000000000","SKJS":"李瑞芳","ISTK":0,"ZCMC":"1-10周","YPSJDD":"11周 星期二 第6节-第7节 南湖北-北教三-101,1-10周 星期二 第6节-第8节 南湖北-北教三-101","XF":2,"SKXQ":2,"XNXQDM":"2024-2025-2","KCM":"移动通信A","JASDM":"0201040101","JXLDM":"020104","JXBID":"20242-11076","SKBJ":"通信2201-03,通信本硕2201","TYXMDM":null,"KCH":"10147311002"},{"KKDWDM":"021","XS":36,"BYBZ":"0","JSJC":5,"XXXQDM":"02","KXH":"21","KSJC":3,"XKZRS":104,"SKZC":"111111111000000000000000000000","SKJS":"方莉","ISTK":0,"ZCMC":"1-9周","YPSJDD":"11-13周 星期四 第3节-第5节 南湖北-北教三-101,1-9周 星期四 第3节-第5节 南湖北-北教三-101","XF":2,"SKXQ":4,"XNXQDM":"2024-2025-2","KCM":"习近平新时代中国特色社会主义思想概论","JASDM":"0201040101","JXLDM":"020104","JXBID":"20242-12199","SKBJ":"通信2301-03","TYXMDM":null,"KCH":"10211121033"},{"KKDWDM":"011","XS":40,"BYBZ":"0","JSJC":2,"XXXQDM":"02","KXH":"05","KSJC":1,"XKZRS":139,"SKZC":"111111111000000000000000000000","SKJS":"李瑞芳","ISTK":0,"ZCMC":"1-9周","YPSJDD":"11-17周 星期四 第1节-第2节 南湖北-北教三-101,1-9周 星期四 第1节-第2节 南湖北-北教三-101","XF":2,"SKXQ":4,"XNXQDM":"2024-2025-2","KCM":"计算机网络与通信D","JASDM":"0201040101","JXLDM":"020104","JXBID":"20242-11155","SKBJ":"通信2201-06","TYXMDM":null,"KCH":"10114112026"},{"KKDWDM":"011","XS":32,"BYBZ":"0","JSJC":8,"XXXQDM":"02","KXH":"02","KSJC":6,"XKZRS":138,"SKZC":"11111111","SKJS":"李达","ISTK":0,"ZCMC":"1-8周","YPSJDD":"1-8周 星期一 第6节-第8节 南湖北-北教三-101","XF":2,"SKXQ":1,"XNXQDM":"2024-2025-2","KCM":"DSP原理及应用C","JASDM":"0201040101","JXLDM":"020104","JXBID":"20242-02097","SKBJ":"电信2201-06","TYXMDM":null,"KCH":"10127311005"},{"KKDWDM":"011","XS":48,"BYBZ":"0","JSJC":2,"XXXQDM":"02","KXH":"02","KSJC":1,"XKZRS":139,"SKZC":"11111111","SKJS":"张家亮,黄铮","ISTK":0,"ZCMC":"1-8周","YPSJDD":"1-8周 星期一 第1节-第2节 南湖北-北教三-101","XF":3,"SKXQ":1,"XNXQDM":"2024-2025-2","KCM":"FPGA原理及应用B","JASDM":"0201040101","JXLDM":"020104","JXBID":"20242-11174","SKBJ":"通信2201-06","TYXMDM":null,"KCH":"10115117012"},{"KKDWDM":"044","XS":32,"BYBZ":"0","JSJC":8,"XXXQDM":"02","KXH":"03","KSJC":6,"XKZRS":134,"SKZC":"111110111011000000000000","SKJS":"何慧","ISTK":0,"ZCMC":"1-5周,7-9周,11-12周","YPSJDD":"13周 星期六 第6节-第7节 南湖北-北教三-101,1-5周,7-9周,11-12周 星期六 第6节-第8节 南湖北-北教三-101","XF":2,"SKXQ":6,"XNXQDM":"2024-2025-2","KCM":"世界经典艺术作品解读(GX)","JASDM":"0201040101","JXLDM":"020104","JXBID":"20242-11600","SKBJ":"公选-11600","TYXMDM":null,"KCH":"10442121012"},{"KKDWDM":"003","XS":32,"BYBZ":"0","JSJC":5,"XXXQDM":"02","KXH":"01","KSJC":3,"XKZRS":63,"SKZC":"111110111011000000000000","SKJS":"王桂明","ISTK":0,"ZCMC":"1-5周,7-9周,11-12周","YPSJDD":"13周 星期六 第3节-第4节 南湖北-北教三-101,1-5周,7-9周,11-12周 星期六 第3节-第5节 南湖北-北教三-101","XF":2,"SKXQ":6,"XNXQDM":"2024-2025-2","KCM":"建筑功能材料","JASDM":"0201040101","JXLDM":"020104","JXBID":"20242-07070","SKBJ":"公选-07070","TYXMDM":null,"KCH":"10036124481"},{"KKDWDM":"003","XS":32,"BYBZ":"0","JSJC":5,"XXXQDM":"02","KXH":"01","KSJC":3,"XKZRS":87,"SKZC":"111110110011100000000000","SKJS":"王桂明","ISTK":0,"ZCMC":"1-5周,7-8周,11-13周","YPSJDD":"15周 星期日 第3节-第4节 南湖北-北教三-101,1-5周,7-8周,11-13周 星期日 第3节-第5节 南湖北-北教三-101","XF":2,"SKXQ":7,"XNXQDM":"2024-2025-2","KCM":"新型建筑材料C","JASDM":"0201040101","JXLDM":"020104","JXBID":"20242-07069","SKBJ":"公选-07069","TYXMDM":null,"KCH":"10036121145"},{"KKDWDM":"021","XS":48,"BYBZ":"0","JSJC":8,"XXXQDM":"02","KXH":"04","KSJC":6,"XKZRS":99,"SKZC":"111110000000000000000000000000","SKJS":"肖汉勇","ISTK":0,"ZCMC":"1-5周","YPSJDD":"11-15周 星期五 第6节-第8节 南湖北-北教三-101,7-9周 星期五 第6节-第8节 南湖北-北教三-101,9周 星期日 第6节-第8节 南湖北-北教三-101,1-5周 星期五 第6节-第8节 南湖北-北教三-101","XF":3,"SKXQ":5,"XNXQDM":"2024-2025-2","KCM":"中国近现代史纲要","JASDM":"0201040101","JXLDM":"020104","JXBID":"20242-05949","SKBJ":"材科sy2401-03","TYXMDM":null,"KCH":"10211124005"},{"KKDWDM":"072","XS":56,"BYBZ":"0","JSJC":4,"XXXQDM":"02","KXH":"09","KSJC":3,"XKZRS":100,"SKZC":"111110000000000000000000000000","SKJS":"刘勋,黄海军","ISTK":0,"ZCMC":"1-5周","YPSJDD":"9周 星期日 第3节-第4节 南湖北-北教三-101,11-15周 星期五 第3节-第4节 南湖北-北教三-101,1-14周 星期二 第1节-第2节 南湖北-北教三-101,7-9周 星期五 第3节-第4节 南湖北-北教三-101,1-5周 星期五 第3节-第4节 南湖北-北教三-101","XF":3,"SKXQ":5,"XNXQDM":"2024-2025-2","KCM":"大学物理A上","JASDM":"0201040101","JXLDM":"020104","JXBID":"20242-06413","SKBJ":"材科sy2401-03","TYXMDM":null,"KCH":"10153111005"},{"KKDWDM":"011","XS":32,"BYBZ":"0","JSJC":10,"XXXQDM":"02","KXH":"02","KSJC":9,"XKZRS":135,"SKZC":"111110000000000000000000000000","SKJS":"聂明新","ISTK":0,"ZCMC":"1-5周","YPSJDD":"7-9周 星期五 第9节-第10节 南湖北-北教三-101,9周 星期日 第9节-第10节 南湖北-北教三-101,17周 星期三 第9节-第10节 南湖北-北教三-101,1-5周 星期五 第9节-第10节 南湖北-北教三-101,11-16周 星期五 第9节-第10节 南湖北-北教三-101","XF":2,"SKXQ":5,"XNXQDM":"2024-2025-2","KCM":"电子设计原理与应用","JASDM":"0201040101","JXLDM":"020104","JXBID":"20242-05474","SKBJ":"通信2301-06","TYXMDM":null,"KCH":"10115113018"},{"KKDWDM":"003","XS":16,"BYBZ":"0","JSJC":2,"XXXQDM":"02","KXH":"01","KSJC":1,"XKZRS":128,"SKZC":"111110000000000000000000000000","SKJS":"姜洪义","ISTK":0,"ZCMC":"1-5周","YPSJDD":"9周 星期日 第1节-第2节 南湖北-北教三-101,1-5周 星期五 第1节-第2节 南湖北-北教三-101,7-8周 星期五 第1节-第2节 南湖北-北教三-101","XF":1,"SKXQ":5,"XNXQDM":"2024-2025-2","KCM":"材料与环境B","JASDM":"0201040101","JXLDM":"020104","JXBID":"20242-02304","SKBJ":"材科2201-06","TYXMDM":null,"KCH":"10035117050"},{"KKDWDM":"011","XS":32,"BYBZ":"0","JSJC":10,"XXXQDM":"02","KXH":"02","KSJC":9,"XKZRS":135,"SKZC":"000000111000000000000000000000","SKJS":"聂明新","ISTK":0,"ZCMC":"7-9周","YPSJDD":"7-9周 星期五 第9节-第10节 南湖北-北教三-101,9周 星期日 第9节-第10节 南湖北-北教三-101,17周 星期三 第9节-第10节 南湖北-北教三-101,1-5周 星期五 第9节-第10节 南湖北-北教三-101,11-16周 星期五 第9节-第10节 南湖北-北教三-101","XF":2,"SKXQ":5,"XNXQDM":"2024-2025-2","KCM":"电子设计原理与应用","JASDM":"0201040101","JXLDM":"020104","JXBID":"20242-05474","SKBJ":"通信2301-06","TYXMDM":null,"KCH":"10115113018"},{"KKDWDM":"021","XS":48,"BYBZ":"0","JSJC":8,"XXXQDM":"02","KXH":"04","KSJC":6,"XKZRS":99,"SKZC":"000000111000000000000000000000","SKJS":"肖汉勇","ISTK":0,"ZCMC":"7-9周","YPSJDD":"11-15周 星期五 第6节-第8节 南湖北-北教三-101,7-9周 星期五 第6节-第8节 南湖北-北教三-101,9周 星期日 第6节-第8节 南湖北-北教三-101,1-5周 星期五 第6节-第8节 南湖北-北教三-101","XF":3,"SKXQ":5,"XNXQDM":"2024-2025-2","KCM":"中国近现代史纲要","JASDM":"0201040101","JXLDM":"020104","JXBID":"20242-05949","SKBJ":"材科sy2401-03","TYXMDM":null,"KCH":"10211124005"},{"KKDWDM":"072","XS":56,"BYBZ":"0","JSJC":4,"XXXQDM":"02","KXH":"09","KSJC":3,"XKZRS":100,"SKZC":"000000111000000000000000000000","SKJS":"刘勋,黄海军","ISTK":0,"ZCMC":"7-9周","YPSJDD":"9周 星期日 第3节-第4节 南湖北-北教三-101,11-15周 星期五 第3节-第4节 南湖北-北教三-101,1-14周 星期二 第1节-第2节 南湖北-北教三-101,7-9周 星期五 第3节-第4节 南湖北-北教三-101,1-5周 星期五 第3节-第4节 南湖北-北教三-101","XF":3,"SKXQ":5,"XNXQDM":"2024-2025-2","KCM":"大学物理A上","JASDM":"0201040101","JXLDM":"020104","JXBID":"20242-06413","SKBJ":"材科sy2401-03","TYXMDM":null,"KCH":"10153111005"},{"KKDWDM":"003","XS":16,"BYBZ":"0","JSJC":2,"XXXQDM":"02","KXH":"01","KSJC":1,"XKZRS":128,"SKZC":"000000110000000000000000000000","SKJS":"姜洪义","ISTK":0,"ZCMC":"7-8周","YPSJDD":"9周 星期日 第1节-第2节 南湖北-北教三-101,1-5周 星期五 第1节-第2节 南湖北-北教三-101,7-8周 星期五 第1节-第2节 南湖北-北教三-101","XF":1,"SKXQ":5,"XNXQDM":"2024-2025-2","KCM":"材料与环境B","JASDM":"0201040101","JXLDM":"020104","JXBID":"20242-02304","SKBJ":"材科2201-06","TYXMDM":null,"KCH":"10035117050"},{"KKDWDM":"021","XS":48,"BYBZ":"0","JSJC":8,"XXXQDM":"02","KXH":"04","KSJC":6,"XKZRS":99,"SKZC":"000000001000000000000000000000","SKJS":"肖汉勇","ISTK":0,"ZCMC":"9周","YPSJDD":"11-15周 星期五 第6节-第8节 南湖北-北教三-101,7-9周 星期五 第6节-第8节 南湖北-北教三-101,9周 星期日 第6节-第8节 南湖北-北教三-101,1-5周 星期五 第6节-第8节 南湖北-北教三-101","XF":3,"SKXQ":7,"XNXQDM":"2024-2025-2","KCM":"中国近现代史纲要","JASDM":"0201040101","JXLDM":"020104","JXBID":"20242-05949","SKBJ":"材科sy2401-03","TYXMDM":null,"KCH":"10211124005"},{"KKDWDM":"003","XS":16,"BYBZ":"0","JSJC":2,"XXXQDM":"02","KXH":"01","KSJC":1,"XKZRS":128,"SKZC":"000000001000000000000000000000","SKJS":"姜洪义","ISTK":0,"ZCMC":"9周","YPSJDD":"9周 星期日 第1节-第2节 南湖北-北教三-101,1-5周 星期五 第1节-第2节 南湖北-北教三-101,7-8周 星期五 第1节-第2节 南湖北-北教三-101","XF":1,"SKXQ":7,"XNXQDM":"2024-2025-2","KCM":"材料与环境B","JASDM":"0201040101","JXLDM":"020104","JXBID":"20242-02304","SKBJ":"材科2201-06","TYXMDM":null,"KCH":"10035117050"},{"KKDWDM":"011","XS":32,"BYBZ":"0","JSJC":10,"XXXQDM":"02","KXH":"02","KSJC":9,"XKZRS":135,"SKZC":"000000001000000000000000000000","SKJS":"聂明新","ISTK":0,"ZCMC":"9周","YPSJDD":"7-9周 星期五 第9节-第10节 南湖北-北教三-101,9周 星期日 第9节-第10节 南湖北-北教三-101,17周 星期三 第9节-第10节 南湖北-北教三-101,1-5周 星期五 第9节-第10节 南湖北-北教三-101,11-16周 星期五 第9节-第10节 南湖北-北教三-101","XF":2,"SKXQ":7,"XNXQDM":"2024-2025-2","KCM":"电子设计原理与应用","JASDM":"0201040101","JXLDM":"020104","JXBID":"20242-05474","SKBJ":"通信2301-06","TYXMDM":null,"KCH":"10115113018"},{"KKDWDM":"072","XS":56,"BYBZ":"0","JSJC":4,"XXXQDM":"02","KXH":"09","KSJC":3,"XKZRS":100,"SKZC":"000000001000000000000000000000","SKJS":"刘勋,黄海军","ISTK":0,"ZCMC":"9周","YPSJDD":"9周 星期日 第3节-第4节 南湖北-北教三-101,11-15周 星期五 第3节-第4节 南湖北-北教三-101,1-14周 星期二 第1节-第2节 南湖北-北教三-101,7-9周 星期五 第3节-第4节 南湖北-北教三-101,1-5周 星期五 第3节-第4节 南湖北-北教三-101","XF":3,"SKXQ":7,"XNXQDM":"2024-2025-2","KCM":"大学物理A上","JASDM":"0201040101","JXLDM":"020104","JXBID":"20242-06413","SKBJ":"材科sy2401-03","TYXMDM":null,"KCH":"10153111005"},{"KKDWDM":"011","XS":40,"BYBZ":"0","JSJC":2,"XXXQDM":"02","KXH":"05","KSJC":1,"XKZRS":139,"SKZC":"000000000011111110000000000000","SKJS":"李瑞芳","ISTK":0,"ZCMC":"11-17周","YPSJDD":"11-17周 星期四 第1节-第2节 南湖北-北教三-101,1-9周 星期四 第1节-第2节 南湖北-北教三-101","XF":2,"SKXQ":4,"XNXQDM":"2024-2025-2","KCM":"计算机网络与通信D","JASDM":"0201040101","JXLDM":"020104","JXBID":"20242-11155","SKBJ":"通信2201-06","TYXMDM":null,"KCH":"10114112026"},{"KKDWDM":"011","XS":32,"BYBZ":"0","JSJC":10,"XXXQDM":"02","KXH":"02","KSJC":9,"XKZRS":135,"SKZC":"000000000011111100000000000000","SKJS":"聂明新","ISTK":0,"ZCMC":"11-16周","YPSJDD":"7-9周 星期五 第9节-第10节 南湖北-北教三-101,9周 星期日 第9节-第10节 南湖北-北教三-101,17周 星期三 第9节-第10节 南湖北-北教三-101,1-5周 星期五 第9节-第10节 南湖北-北教三-101,11-16周 星期五 第9节-第10节 南湖北-北教三-101","XF":2,"SKXQ":5,"XNXQDM":"2024-2025-2","KCM":"电子设计原理与应用","JASDM":"0201040101","JXLDM":"020104","JXBID":"20242-05474","SKBJ":"通信2301-06","TYXMDM":null,"KCH":"10115113018"},{"KKDWDM":"072","XS":56,"BYBZ":"0","JSJC":4,"XXXQDM":"02","KXH":"09","KSJC":3,"XKZRS":100,"SKZC":"000000000011111000000000000000","SKJS":"刘勋,黄海军","ISTK":0,"ZCMC":"11-15周","YPSJDD":"9周 星期日 第3节-第4节 南湖北-北教三-101,11-15周 星期五 第3节-第4节 南湖北-北教三-101,1-14周 星期二 第1节-第2节 南湖北-北教三-101,7-9周 星期五 第3节-第4节 南湖北-北教三-101,1-5周 星期五 第3节-第4节 南湖北-北教三-101","XF":3,"SKXQ":5,"XNXQDM":"2024-2025-2","KCM":"大学物理A上","JASDM":"0201040101","JXLDM":"020104","JXBID":"20242-06413","SKBJ":"材科sy2401-03","TYXMDM":null,"KCH":"10153111005"},{"KKDWDM":"021","XS":48,"BYBZ":"0","JSJC":8,"XXXQDM":"02","KXH":"04","KSJC":6,"XKZRS":99,"SKZC":"000000000011111000000000000000","SKJS":"肖汉勇","ISTK":0,"ZCMC":"11-15周","YPSJDD":"11-15周 星期五 第6节-第8节 南湖北-北教三-101,7-9周 星期五 第6节-第8节 南湖北-北教三-101,9周 星期日 第6节-第8节 南湖北-北教三-101,1-5周 星期五 第6节-第8节 南湖北-北教三-101","XF":3,"SKXQ":5,"XNXQDM":"2024-2025-2","KCM":"中国近现代史纲要","JASDM":"0201040101","JXLDM":"020104","JXBID":"20242-05949","SKBJ":"材科sy2401-03","TYXMDM":null,"KCH":"10211124005"},{"KKDWDM":"021","XS":36,"BYBZ":"0","JSJC":5,"XXXQDM":"02","KXH":"21","KSJC":3,"XKZRS":104,"SKZC":"000000000011100000000000000000","SKJS":"方莉","ISTK":0,"ZCMC":"11-13周","YPSJDD":"11-13周 星期四 第3节-第5节 南湖北-北教三-101,1-9周 星期四 第3节-第5节 南湖北-北教三-101","XF":2,"SKXQ":4,"XNXQDM":"2024-2025-2","KCM":"习近平新时代中国特色社会主义思想概论","JASDM":"0201040101","JXLDM":"020104","JXBID":"20242-12199","SKBJ":"通信2301-03","TYXMDM":null,"KCH":"10211121033"},{"KKDWDM":"011","XS":40,"BYBZ":"0","JSJC":7,"XXXQDM":"02","KXH":"03","KSJC":6,"XKZRS":29,"SKZC":"000000000010000000000000","SKJS":"李瑞芳","ISTK":0,"ZCMC":"11周","YPSJDD":"11周 星期二 第6节-第7节 南湖北-北教三-101,1-10周 星期二 第6节-第8节 南湖北-北教三-101","XF":2,"SKXQ":2,"XNXQDM":"2024-2025-2","KCM":"移动通信A","JASDM":"0201040101","JXLDM":"020104","JXBID":"20242-11076","SKBJ":"通信2201-03,通信本硕2201","TYXMDM":null,"KCH":"10147311002"},{"KKDWDM":"011","XS":32,"BYBZ":"0","JSJC":10,"XXXQDM":"02","KXH":"03","KSJC":9,"XKZRS":76,"SKZC":"000000000001100000000000000000","SKJS":"聂明新","ISTK":0,"ZCMC":"12-13周","YPSJDD":"1-10周 星期一 第9节-第10节 南湖北-北教三-101,12-13周 星期一 第9节-第10节 南湖北-北教三-101","XF":2,"SKXQ":1,"XNXQDM":"2024-2025-2","KCM":"DSP原理及应用C","JASDM":"0201040101","JXLDM":"020104","JXBID":"20242-02103","SKBJ":"通信2201-06,通信本硕2201","TYXMDM":null,"KCH":"10127311005"},{"KKDWDM":"038","XS":32,"BYBZ":"0","JSJC":7,"XXXQDM":"02","KXH":"04","KSJC":6,"XKZRS":140,"SKZC":"000000000001000000000000000000","SKJS":"卫泽","ISTK":0,"ZCMC":"12周","YPSJDD":"12周 星期日 第6节-第7节 南湖北-北教三-101,1-4周,6-16周 星期三 第6节-第7节 南湖南-博学东楼-409","XF":2,"SKXQ":7,"XNXQDM":"2024-2025-2","KCM":"军事理论","JASDM":"0201040101","JXLDM":"020104","JXBID":"20242-05954","SKBJ":"计算机类2413-14,软件sy2401","TYXMDM":null,"KCH":"10381121001"},{"KKDWDM":"008","XS":40,"BYBZ":"0","JSJC":4,"XXXQDM":"02","KXH":"04","KSJC":3,"XKZRS":104,"SKZC":"000000000000110000000000","SKJS":"高忠梅","ISTK":0,"ZCMC":"13-14周","YPSJDD":"13-14周 星期二 第3节-第4节 南湖北-北教三-101,1-12周 星期二 第3节-第5节 南湖北-北教三-101","XF":2,"SKXQ":2,"XNXQDM":"2024-2025-2","KCM":"机械设计基础B","JASDM":"0201040101","JXLDM":"020104","JXBID":"20242-04295","SKBJ":"材科sy2301-03","TYXMDM":null,"KCH":"10083117102"},{"KKDWDM":"011","XS":48,"BYBZ":"0","JSJC":4,"XXXQDM":"02","KXH":"04","KSJC":3,"XKZRS":97,"SKZC":"000000000000110000000000","SKJS":"付琴,魏勤","ISTK":0,"ZCMC":"13-14周","YPSJDD":"13-14周 星期三 第3节-第4节 南湖北-北教三-101,1-12周 星期三 第3节-第5节 南湖北-北教三-101","XF":3,"SKXQ":3,"XNXQDM":"2024-2025-2","KCM":"微波技术与天线A","JASDM":"0201040101","JXLDM":"020104","JXBID":"20242-11181","SKBJ":"通信2201-06,通信本硕2201","TYXMDM":null,"KCH":"10115117013"},{"KKDWDM":"038","XS":32,"BYBZ":"0","JSJC":10,"XXXQDM":"02","KXH":"12","KSJC":9,"XKZRS":140,"SKZC":"000000000000100000000000000000","SKJS":"卫泽","ISTK":0,"ZCMC":"13周","YPSJDD":"13周 星期六 第9节-第10节 南湖北-北教三-101,1-4周,6-16周 星期二 第6节-第7节 南湖南-博学主楼-301","XF":2,"SKXQ":6,"XNXQDM":"2024-2025-2","KCM":"军事理论","JASDM":"0201040101","JXLDM":"020104","JXBID":"20242-12122","SKBJ":"车辆类2405-08","TYXMDM":null,"KCH":"10381121001"},{"KKDWDM":"038","XS":32,"BYBZ":"0","JSJC":12,"XXXQDM":"02","KXH":"34","KSJC":11,"XKZRS":140,"SKZC":"000000000000100000000000000000","SKJS":"卫泽","ISTK":0,"ZCMC":"13周","YPSJDD":"13周 星期六 第11节-第12节 南湖北-北教三-101,1-4周,6-16周 星期二 第1节-第2节 南湖南-博学西楼-203","XF":2,"SKXQ":6,"XNXQDM":"2024-2025-2","KCM":"军事理论","JASDM":"0201040101","JXLDM":"020104","JXBID":"20242-12127","SKBJ":"电信类2409-12","TYXMDM":null,"KCH":"10381121001"},{"KKDWDM":"044","XS":32,"BYBZ":"0","JSJC":7,"XXXQDM":"02","KXH":"03","KSJC":6,"XKZRS":134,"SKZC":"000000000000100000000000","SKJS":"何慧","ISTK":0,"ZCMC":"13周","YPSJDD":"13周 星期六 第6节-第7节 南湖北-北教三-101,1-5周,7-9周,11-12周 星期六 第6节-第8节 南湖北-北教三-101","XF":2,"SKXQ":6,"XNXQDM":"2024-2025-2","KCM":"世界经典艺术作品解读(GX)","JASDM":"0201040101","JXLDM":"020104","JXBID":"20242-11600","SKBJ":"公选-11600","TYXMDM":null,"KCH":"10442121012"},{"KKDWDM":"003","XS":32,"BYBZ":"0","JSJC":4,"XXXQDM":"02","KXH":"01","KSJC":3,"XKZRS":63,"SKZC":"000000000000100000000000","SKJS":"王桂明","ISTK":0,"ZCMC":"13周","YPSJDD":"13周 星期六 第3节-第4节 南湖北-北教三-101,1-5周,7-9周,11-12周 星期六 第3节-第5节 南湖北-北教三-101","XF":2,"SKXQ":6,"XNXQDM":"2024-2025-2","KCM":"建筑功能材料","JASDM":"0201040101","JXLDM":"020104","JXBID":"20242-07070","SKBJ":"公选-07070","TYXMDM":null,"KCH":"10036124481"},{"KKDWDM":"004","XS":40,"BYBZ":"0","JSJC":4,"XXXQDM":"02","KXH":"01","KSJC":3,"XKZRS":102,"SKZC":"000000000000010100000000","SKJS":"许楷,赵素玲","ISTK":0,"ZCMC":"14-16周(双)","YPSJDD":"14-16周(双) 星期一 第3节-第4节 南湖北-北教三-101,1-10周,12-13周 星期一 第3节-第5节 南湖北-北教三-101","XF":2,"SKXQ":1,"XNXQDM":"2024-2025-2","KCM":"材料研究与测试方法B","JASDM":"0201040101","JXLDM":"020104","JXBID":"20242-04378","SKBJ":"材科sy2301-03","TYXMDM":null,"KCH":"10044114019"},{"KKDWDM":"003","XS":32,"BYBZ":"0","JSJC":4,"XXXQDM":"02","KXH":"01","KSJC":3,"XKZRS":87,"SKZC":"000000000000001000000000","SKJS":"王桂明","ISTK":0,"ZCMC":"15周","YPSJDD":"15周 星期日 第3节-第4节 南湖北-北教三-101,1-5周,7-8周,11-13周 星期日 第3节-第5节 南湖北-北教三-101","XF":2,"SKXQ":7,"XNXQDM":"2024-2025-2","KCM":"新型建筑材料C","JASDM":"0201040101","JXLDM":"020104","JXBID":"20242-07069","SKBJ":"公选-07069","TYXMDM":null,"KCH":"10036121145"},{"KKDWDM":"011","XS":32,"BYBZ":"0","JSJC":10,"XXXQDM":"02","KXH":"02","KSJC":9,"XKZRS":135,"SKZC":"000000000000000010000000000000","SKJS":"聂明新","ISTK":0,"ZCMC":"17周","YPSJDD":"7-9周 星期五 第9节-第10节 南湖北-北教三-101,9周 星期日 第9节-第10节 南湖北-北教三-101,17周 星期三 第9节-第10节 南湖北-北教三-101,1-5周 星期五 第9节-第10节 南湖北-北教三-101,11-16周 星期五 第9节-第10节 南湖北-北教三-101","XF":2,"SKXQ":3,"XNXQDM":"2024-2025-2","KCM":"电子设计原理与应用","JASDM":"0201040101","JXLDM":"020104","JXBID":"20242-05474","SKBJ":"通信2301-06","TYXMDM":null,"KCH":"10115113018"}]}},"code":"0"}