{"datas":{"jaskcb":{"extParams":{"code":1,"msg":"查询成功"},"pageSize":0,"pageNumber":0,"totalSize":-1,"rows":[{"KKDWDM":null,"XS":null,"BYBZ":"3","JSJC":4,"XXXQDM":null,"KXH":null,"KSJC":1,"XKZRS":null,"SKZC":"000001111111111110000000000000","SKJS":"夏静","ISTK":0,"ZCMC":"6-17周","YPSJDD":null,"XF":null,"SKXQ":2,"XNXQDM":"2024-2025-2","KCM":"设计软件基础","JASDM":"0201020204","JXLDM":null,"JXBID":null,"SKBJ":"数媒2402","TYXMDM":null,"KCH":"20243124005"},{"KKDWDM":null,"XS":null,"BYBZ":"3","JSJC":4,"XXXQDM":null,"KXH":null,"KSJC":1,"XKZRS":null,"SKZC":"111110000000000000000000000000","SKJS":"覃孟楠","ISTK":0,"ZCMC":"1-5周","YPSJDD":null,"XF":null,"SKXQ":2,"XNXQDM":"2024-2025-2","KCM":"设计软件基础","JASDM":"0201020204","JXLDM":null,"JXBID":null,"SKBJ":"数媒2402","TYXMDM":null,"KCH":"20243124005"},{"KKDWDM":null,"XS":null,"BYBZ":"3","JSJC":9,"XXXQDM":null,"KXH":null,"KSJC":6,"XKZRS":null,"SKZC":"111111110000000000000000000000","SKJS":"王子豪","ISTK":0,"ZCMC":"1-8周","YPSJDD":null,"XF":null,"SKXQ":1,"XNXQDM":"2024-2025-2","KCM":"信息可视化设计","JASDM":"0201020204","JXLDM":null,"JXBID":null,"SKBJ":"平面2203","TYXMDM":null,"KCH":"20244124013"},{"KKDWDM":null,"XS":null,"BYBZ":"3","JSJC":4,"XXXQDM":null,"KXH":null,"KSJC":1,"XKZRS":null,"SKZC":"111111111000000000000000000000","SKJS":"王子豪","ISTK":0,"ZCMC":"1-9周","YPSJDD":null,"XF":null,"SKXQ":5,"XNXQDM":"2024-2025-2","KCM":"信息可视化设计","JASDM":"0201020204","JXLDM":null,"JXBID":null,"SKBJ":"平面2203","TYXMDM":null,"KCH":"20244124013"},{"KKDWDM":null,"XS":null,"BYBZ":"3","JSJC":4,"XXXQDM":null,"KXH":null,"KSJC":1,"XKZRS":null,"SKZC":"000000001111111110000000000000","SKJS":"张禹","ISTK":0,"ZCMC":"9-17周","YPSJDD":null,"XF":null,"SKXQ":1,"XNXQDM":"2024-2025-2","KCM":"视觉与技术研究3","JASDM":"0201020204","JXLDM":null,"JXBID":null,"SKBJ":"平面2203","TYXMDM":null,"KCH":"20244124039"},{"KKDWDM":null,"XS":null,"BYBZ":"3","JSJC":4,"XXXQDM":null,"KXH":null,"KSJC":1,"XKZRS":null,"SKZC":"000000001111111100000000000000","SKJS":"张禹","ISTK":0,"ZCMC":"9-16周","YPSJDD":null,"XF":null,"SKXQ":3,"XNXQDM":"2024-2025-2","KCM":"视觉与技术研究3","JASDM":"0201020204","JXLDM":null,"JXBID":null,"SKBJ":"平面2203","TYXMDM":null,"KCH":"20244124039"},{"KKDWDM":null,"XS":null,"BYBZ":"3","JSJC":4,"XXXQDM":null,"KXH":null,"KSJC":3,"XKZRS":null,"SKZC":"111111111000000000000000000000","SKJS":"胡蝶","ISTK":0,"ZCMC":"1-9周","YPSJDD":null,"XF":null,"SKXQ":4,"XNXQDM":"2024-2025-2","KCM":"管理企业文化与战略","JASDM":"0201020204","JXLDM":null,"JXBID":null,"SKBJ":"GTB2204","TYXMDM":null,"KCH":"20244124078"},{"KKDWDM":null,"XS":null,"BYBZ":"3","JSJC":10,"XXXQDM":null,"KXH":null,"KSJC":9,"XKZRS":null,"SKZC":"111111111000000000000000000000","SKJS":"徐晓明","ISTK":0,"ZCMC":"1-9周","YPSJDD":null,"XF":null,"SKXQ":5,"XNXQDM":"2024-2025-2","KCM":"出口援助资源使用","JASDM":"0201020204","JXLDM":null,"JXBID":null,"SKBJ":"GTB2204","TYXMDM":null,"KCH":"20244124105"},{"KKDWDM":null,"XS":null,"BYBZ":"3","JSJC":7,"XXXQDM":null,"KXH":null,"KSJC":6,"XKZRS":null,"SKZC":"111111111000000000000000000000","SKJS":"许鹏","ISTK":0,"ZCMC":"1-9周","YPSJDD":null,"XF":null,"SKXQ":5,"XNXQDM":"2024-2025-2","KCM":"国际商业组织","JASDM":"0201020204","JXLDM":null,"JXBID":null,"SKBJ":"GTB2204","TYXMDM":null,"KCH":"20244124106"},{"KKDWDM":null,"XS":null,"BYBZ":"3","JSJC":7,"XXXQDM":null,"KXH":null,"KSJC":6,"XKZRS":null,"SKZC":"111111111000000000000000000000","SKJS":"张敏","ISTK":0,"ZCMC":"1-9周","YPSJDD":null,"XF":null,"SKXQ":3,"XNXQDM":"2024-2025-2","KCM":"国际采购与供应","JASDM":"0201020204","JXLDM":null,"JXBID":null,"SKBJ":"GTB2204","TYXMDM":null,"KCH":"20244124114"},{"KKDWDM":null,"XS":null,"BYBZ":"3","JSJC":2,"XXXQDM":null,"KXH":null,"KSJC":1,"XKZRS":null,"SKZC":"111111111000000000000000000000","SKJS":"张敏","ISTK":0,"ZCMC":"1-9周","YPSJDD":null,"XF":null,"SKXQ":4,"XNXQDM":"2024-2025-2","KCM":"国际采购与供应","JASDM":"0201020204","JXLDM":null,"JXBID":null,"SKBJ":"GTB2204","TYXMDM":null,"KCH":"20244124114"}]}},"code":"0"}