{"datas":{"jaskcb":{"extParams":{"code":1,"msg":"查询成功"},"pageSize":0,"pageNumber":0,"totalSize":-1,"rows":[{"KKDWDM":"020","XS":32,"BYBZ":"0","JSJC":7,"XXXQDM":"02","KXH":"01","KSJC":6,"XKZRS":36,"SKZC":"111111111111111100000000000000","SKJS":"王海燕","ISTK":0,"ZCMC":"1-16周","YPSJDD":"1-16周 星期二 第6节-第7节 南湖北-学海楼-601","XF":2,"SKXQ":2,"XNXQDM":"2024-2025-2","KCM":"华裔美国文学","JASDM":"0201050601","JXLDM":"020105","JXBID":"20242-02058","SKBJ":"英语2201-03","TYXMDM":null,"KCH":"10205117004"},{"KKDWDM":"020","XS":32,"BYBZ":"0","JSJC":8,"XXXQDM":"02","KXH":"01","KSJC":6,"XKZRS":18,"SKZC":"111111111100000000000000000000","SKJS":"邹茜","ISTK":0,"ZCMC":"1-10周","YPSJDD":"1-10周 星期三 第6节-第8节 南湖北-学海楼-601,11周 星期三 第6节-第7节 南湖北-学海楼-601","XF":2,"SKXQ":3,"XNXQDM":"2024-2025-2","KCM":"日本影视动漫文学","JASDM":"0201050601","JXLDM":"020105","JXBID":"20242-02839","SKBJ":"日语2201","TYXMDM":null,"KCH":"10205121023"},{"KKDWDM":"003","XS":32,"BYBZ":"0","JSJC":8,"XXXQDM":"02","KXH":"01","KSJC":6,"XKZRS":44,"SKZC":"111111111100000000000000","SKJS":"伍冬,朱晓萌","ISTK":0,"ZCMC":"1-10周","YPSJDD":"12周 星期一 第6节-第7节 南湖北-学海楼-601,1-10周 星期一 第6节-第8节 南湖北-学海楼-601","XF":2,"SKXQ":1,"XNXQDM":"2024-2025-2","KCM":"金属材料质量与失效分析","JASDM":"0201050601","JXLDM":"020105","JXBID":"20242-02980","SKBJ":"材科2203-04","TYXMDM":null,"KCH":"10035121069"},{"KKDWDM":"003","XS":40,"BYBZ":"0","JSJC":5,"XXXQDM":"02","KXH":"01","KSJC":3,"XKZRS":45,"SKZC":"111111110000000000000000","SKJS":"伍冬","ISTK":0,"ZCMC":"1-8周","YPSJDD":"1-8周 星期一 第1节-第2节 南湖北-学海楼-601,1-8周 星期三 第3节-第5节 南湖北-学海楼-601","XF":2,"SKXQ":3,"XNXQDM":"2024-2025-2","KCM":"热加工设备原理与设计","JASDM":"0201050601","JXLDM":"020105","JXBID":"20242-03109","SKBJ":"材科2203-04","TYXMDM":null,"KCH":"10035121022"},{"KKDWDM":"003","XS":40,"BYBZ":"0","JSJC":2,"XXXQDM":"02","KXH":"01","KSJC":1,"XKZRS":45,"SKZC":"111111110000000000000000","SKJS":"伍冬","ISTK":0,"ZCMC":"1-8周","YPSJDD":"1-8周 星期一 第1节-第2节 南湖北-学海楼-601,1-8周 星期三 第3节-第5节 南湖北-学海楼-601","XF":2,"SKXQ":1,"XNXQDM":"2024-2025-2","KCM":"热加工设备原理与设计","JASDM":"0201050601","JXLDM":"020105","JXBID":"20242-03109","SKBJ":"材科2203-04","TYXMDM":null,"KCH":"10035121022"},{"KKDWDM":"003","XS":24,"BYBZ":"0","JSJC":5,"XXXQDM":"02","KXH":"01","KSJC":3,"XKZRS":44,"SKZC":"11111111","SKJS":"李元元","ISTK":0,"ZCMC":"1-8周","YPSJDD":"1-8周 星期二 第3节-第5节 南湖北-学海楼-601","XF":1,"SKXQ":2,"XNXQDM":"2024-2025-2","KCM":"轻质高强金属及应用","JASDM":"0201050601","JXLDM":"020105","JXBID":"20242-03132","SKBJ":"材科2203-04","TYXMDM":null,"KCH":"10035121021"},{"KKDWDM":"003","XS":32,"BYBZ":"0","JSJC":2,"XXXQDM":"02","KXH":"01","KSJC":1,"XKZRS":45,"SKZC":"11111111","SKJS":"张志英","ISTK":0,"ZCMC":"1-8周","YPSJDD":"1-8周 星期三 第1节-第2节 南湖北-学海楼-601,1-8周 星期一 第3节-第4节 南湖北-学海楼-601","XF":2,"SKXQ":3,"XNXQDM":"2024-2025-2","KCM":"功能金属材料","JASDM":"0201050601","JXLDM":"020105","JXBID":"20242-03074","SKBJ":"材科2203-04","TYXMDM":null,"KCH":"10035121020"},{"KKDWDM":"003","XS":32,"BYBZ":"0","JSJC":4,"XXXQDM":"02","KXH":"01","KSJC":3,"XKZRS":45,"SKZC":"11111111","SKJS":"张志英","ISTK":0,"ZCMC":"1-8周","YPSJDD":"1-8周 星期三 第1节-第2节 南湖北-学海楼-601,1-8周 星期一 第3节-第4节 南湖北-学海楼-601","XF":2,"SKXQ":1,"XNXQDM":"2024-2025-2","KCM":"功能金属材料","JASDM":"0201050601","JXLDM":"020105","JXBID":"20242-03074","SKBJ":"材科2203-04","TYXMDM":null,"KCH":"10035121020"},{"KKDWDM":"003","XS":40,"BYBZ":"0","JSJC":2,"XXXQDM":"02","KXH":"01","KSJC":1,"XKZRS":45,"SKZC":"11111111","SKJS":"张覃轶","ISTK":0,"ZCMC":"1-8周","YPSJDD":"1-8周 星期二 第1节-第2节 南湖北-学海楼-601,1-8周 星期四 第3节-第5节 南湖北-学海楼-601","XF":2,"SKXQ":2,"XNXQDM":"2024-2025-2","KCM":"金属固态相变原理及应用","JASDM":"0201050601","JXLDM":"020105","JXBID":"20242-03427","SKBJ":"材科2203-04","TYXMDM":null,"KCH":"10035113016"},{"KKDWDM":"003","XS":40,"BYBZ":"0","JSJC":5,"XXXQDM":"02","KXH":"01","KSJC":3,"XKZRS":45,"SKZC":"11111111","SKJS":"张覃轶","ISTK":0,"ZCMC":"1-8周","YPSJDD":"1-8周 星期二 第1节-第2节 南湖北-学海楼-601,1-8周 星期四 第3节-第5节 南湖北-学海楼-601","XF":2,"SKXQ":4,"XNXQDM":"2024-2025-2","KCM":"金属固态相变原理及应用","JASDM":"0201050601","JXLDM":"020105","JXBID":"20242-03427","SKBJ":"材科2203-04","TYXMDM":null,"KCH":"10035113016"},{"KKDWDM":"018","XS":48,"BYBZ":"0","JSJC":10,"XXXQDM":"02","KXH":"01","KSJC":6,"XKZRS":20,"SKZC":"111110111010000000000000","SKJS":"凌丹,汤岳利","ISTK":0,"ZCMC":"1-5周,7-9周,11周","YPSJDD":"12周 星期六 第6节-第8节 南湖北-学海楼-601,1-5周,7-9周,11周 星期六 第6节-第10节 南湖北-学海楼-601","XF":3,"SKXQ":6,"XNXQDM":"2024-2025-2","KCM":"国际贸易实务","JASDM":"0201050601","JXLDM":"020105","JXBID":"20242-02349","SKBJ":"国贸fx2022","TYXMDM":null,"KCH":"10184121124"},{"KKDWDM":"018","XS":48,"BYBZ":"0","JSJC":4,"XXXQDM":"02","KXH":"01","KSJC":1,"XKZRS":13,"SKZC":"111110000000000000000000000000","SKJS":"张函","ISTK":0,"ZCMC":"1-5周","YPSJDD":"7-9周 星期六 第1节-第4节 南湖北-学海楼-601,11-13周 星期六 第1节-第4节 南湖北-学海楼-601,1-5周 星期六 第1节-第4节 南湖北-学海楼-601,15周 星期六 第1节-第4节 南湖北-学海楼-601","XF":3,"SKXQ":6,"XNXQDM":"2024-2025-2","KCM":"国际贸易学","JASDM":"0201050601","JXLDM":"020105","JXBID":"20242-09722","SKBJ":"国贸fx2023","TYXMDM":null,"KCH":"10184121123"},{"KKDWDM":"018","XS":40,"BYBZ":"0","JSJC":5,"XXXQDM":"02","KXH":"02","KSJC":1,"XKZRS":19,"SKZC":"111110000000000000000000000000","SKJS":"凌丹,王龙","ISTK":0,"ZCMC":"1-5周","YPSJDD":"7-8周 星期日 第1节-第5节 南湖北-学海楼-601,1-5周 星期日 第1节-第5节 南湖北-学海楼-601,11周 星期日 第1节-第5节 南湖北-学海楼-601","XF":2,"SKXQ":7,"XNXQDM":"2024-2025-2","KCM":"国际经济技术合作","JASDM":"0201050601","JXLDM":"020105","JXBID":"20242-09716","SKBJ":"国贸fx2022","TYXMDM":null,"KCH":"10184121126"},{"KKDWDM":"018","XS":48,"BYBZ":"0","JSJC":4,"XXXQDM":"02","KXH":"01","KSJC":1,"XKZRS":13,"SKZC":"000000111000000000000000000000","SKJS":"张函","ISTK":0,"ZCMC":"7-9周","YPSJDD":"7-9周 星期六 第1节-第4节 南湖北-学海楼-601,11-13周 星期六 第1节-第4节 南湖北-学海楼-601,1-5周 星期六 第1节-第4节 南湖北-学海楼-601,15周 星期六 第1节-第4节 南湖北-学海楼-601","XF":3,"SKXQ":6,"XNXQDM":"2024-2025-2","KCM":"国际贸易学","JASDM":"0201050601","JXLDM":"020105","JXBID":"20242-09722","SKBJ":"国贸fx2023","TYXMDM":null,"KCH":"10184121123"},{"KKDWDM":"018","XS":40,"BYBZ":"0","JSJC":5,"XXXQDM":"02","KXH":"02","KSJC":1,"XKZRS":19,"SKZC":"000000110000000000000000000000","SKJS":"凌丹,王龙","ISTK":0,"ZCMC":"7-8周","YPSJDD":"7-8周 星期日 第1节-第5节 南湖北-学海楼-601,1-5周 星期日 第1节-第5节 南湖北-学海楼-601,11周 星期日 第1节-第5节 南湖北-学海楼-601","XF":2,"SKXQ":7,"XNXQDM":"2024-2025-2","KCM":"国际经济技术合作","JASDM":"0201050601","JXLDM":"020105","JXBID":"20242-09716","SKBJ":"国贸fx2022","TYXMDM":null,"KCH":"10184121126"},{"KKDWDM":"018","XS":48,"BYBZ":"0","JSJC":4,"XXXQDM":"02","KXH":"01","KSJC":1,"XKZRS":13,"SKZC":"000000000011100000000000000000","SKJS":"张函","ISTK":0,"ZCMC":"11-13周","YPSJDD":"7-9周 星期六 第1节-第4节 南湖北-学海楼-601,11-13周 星期六 第1节-第4节 南湖北-学海楼-601,1-5周 星期六 第1节-第4节 南湖北-学海楼-601,15周 星期六 第1节-第4节 南湖北-学海楼-601","XF":3,"SKXQ":6,"XNXQDM":"2024-2025-2","KCM":"国际贸易学","JASDM":"0201050601","JXLDM":"020105","JXBID":"20242-09722","SKBJ":"国贸fx2023","TYXMDM":null,"KCH":"10184121123"},{"KKDWDM":"020","XS":32,"BYBZ":"0","JSJC":7,"XXXQDM":"02","KXH":"01","KSJC":6,"XKZRS":18,"SKZC":"000000000010000000000000000000","SKJS":"邹茜","ISTK":0,"ZCMC":"11周","YPSJDD":"1-10周 星期三 第6节-第8节 南湖北-学海楼-601,11周 星期三 第6节-第7节 南湖北-学海楼-601","XF":2,"SKXQ":3,"XNXQDM":"2024-2025-2","KCM":"日本影视动漫文学","JASDM":"0201050601","JXLDM":"020105","JXBID":"20242-02839","SKBJ":"日语2201","TYXMDM":null,"KCH":"10205121023"},{"KKDWDM":"018","XS":40,"BYBZ":"0","JSJC":5,"XXXQDM":"02","KXH":"02","KSJC":1,"XKZRS":19,"SKZC":"000000000010000000000000000000","SKJS":"凌丹,王龙","ISTK":0,"ZCMC":"11周","YPSJDD":"7-8周 星期日 第1节-第5节 南湖北-学海楼-601,1-5周 星期日 第1节-第5节 南湖北-学海楼-601,11周 星期日 第1节-第5节 南湖北-学海楼-601","XF":2,"SKXQ":7,"XNXQDM":"2024-2025-2","KCM":"国际经济技术合作","JASDM":"0201050601","JXLDM":"020105","JXBID":"20242-09716","SKBJ":"国贸fx2022","TYXMDM":null,"KCH":"10184121126"},{"KKDWDM":"018","XS":48,"BYBZ":"0","JSJC":8,"XXXQDM":"02","KXH":"01","KSJC":6,"XKZRS":20,"SKZC":"000000000001000000000000","SKJS":"凌丹,汤岳利","ISTK":0,"ZCMC":"12周","YPSJDD":"12周 星期六 第6节-第8节 南湖北-学海楼-601,1-5周,7-9周,11周 星期六 第6节-第10节 南湖北-学海楼-601","XF":3,"SKXQ":6,"XNXQDM":"2024-2025-2","KCM":"国际贸易实务","JASDM":"0201050601","JXLDM":"020105","JXBID":"20242-02349","SKBJ":"国贸fx2022","TYXMDM":null,"KCH":"10184121124"},{"KKDWDM":"003","XS":32,"BYBZ":"0","JSJC":7,"XXXQDM":"02","KXH":"01","KSJC":6,"XKZRS":44,"SKZC":"000000000001000000000000","SKJS":"伍冬,朱晓萌","ISTK":0,"ZCMC":"12周","YPSJDD":"12周 星期一 第6节-第7节 南湖北-学海楼-601,1-10周 星期一 第6节-第8节 南湖北-学海楼-601","XF":2,"SKXQ":1,"XNXQDM":"2024-2025-2","KCM":"金属材料质量与失效分析","JASDM":"0201050601","JXLDM":"020105","JXBID":"20242-02980","SKBJ":"材科2203-04","TYXMDM":null,"KCH":"10035121069"},{"KKDWDM":"018","XS":48,"BYBZ":"0","JSJC":4,"XXXQDM":"02","KXH":"01","KSJC":1,"XKZRS":13,"SKZC":"000000000000001000000000000000","SKJS":"张函","ISTK":0,"ZCMC":"15周","YPSJDD":"7-9周 星期六 第1节-第4节 南湖北-学海楼-601,11-13周 星期六 第1节-第4节 南湖北-学海楼-601,1-5周 星期六 第1节-第4节 南湖北-学海楼-601,15周 星期六 第1节-第4节 南湖北-学海楼-601","XF":3,"SKXQ":6,"XNXQDM":"2024-2025-2","KCM":"国际贸易学","JASDM":"0201050601","JXLDM":"020105","JXBID":"20242-09722","SKBJ":"国贸fx2023","TYXMDM":null,"KCH":"10184121123"}]}},"code":"0"}