{"datas":{"jaskcb":{"extParams":{"code":1,"msg":"查询成功"},"pageSize":0,"pageNumber":0,"totalSize":-1,"rows":[{"KKDWDM":"003","XS":32,"BYBZ":"0","JSJC":5,"XXXQDM":"02","KXH":"01","KSJC":3,"XKZRS":67,"SKZC":"111111111100000000000000","SKJS":"尧中华,徐任信","ISTK":0,"ZCMC":"1-10周","YPSJDD":"12周 星期一 第3节-第4节 南湖北-北教三-302,1-10周 星期一 第3节-第5节 南湖北-北教三-302","XF":2,"SKXQ":1,"XNXQDM":"2024-2025-2","KCM":"复合材料界面A","JASDM":"0201040302","JXLDM":"020104","JXBID":"20242-03563","SKBJ":"复材2201-02","TYXMDM":null,"KCH":"10107311015"},{"KKDWDM":"011","XS":32,"BYBZ":"0","JSJC":5,"XXXQDM":"02","KXH":"03","KSJC":3,"XKZRS":68,"SKZC":"11111111","SKJS":"郭志强","ISTK":0,"ZCMC":"1-8周","YPSJDD":"1-8周 星期三 第3节-第5节 南湖北-北教三-302","XF":2,"SKXQ":3,"XNXQDM":"2024-2025-2","KCM":"数字图像处理E","JASDM":"0201040302","JXLDM":"020104","JXBID":"20242-10612","SKBJ":"电信2201-02","TYXMDM":null,"KCH":"10115117023"},{"KKDWDM":"003","XS":32,"BYBZ":"0","JSJC":4,"XXXQDM":"02","KXH":"01","KSJC":3,"XKZRS":67,"SKZC":"000000000001000000000000","SKJS":"尧中华,徐任信","ISTK":0,"ZCMC":"12周","YPSJDD":"12周 星期一 第3节-第4节 南湖北-北教三-302,1-10周 星期一 第3节-第5节 南湖北-北教三-302","XF":2,"SKXQ":1,"XNXQDM":"2024-2025-2","KCM":"复合材料界面A","JASDM":"0201040302","JXLDM":"020104","JXBID":"20242-03563","SKBJ":"复材2201-02","TYXMDM":null,"KCH":"10107311015"}]}},"code":"0"}