{"datas":{"jaskcb":{"extParams":{"code":1,"msg":"查询成功"},"pageSize":0,"pageNumber":0,"totalSize":-1,"rows":[{"KKDWDM":"012","XS":32,"BYBZ":"0","JSJC":9,"XXXQDM":"02","KXH":"03","KSJC":6,"XKZRS":95,"SKZC":"000000001011111100000000000000","SKJS":"谈诚","ISTK":0,"ZCMC":"9周,11-16周","YPSJDD":"17周 星期三 第6节-第9节 南湖北-学海楼-103,9周,11-16周 星期五 第6节-第9节 南湖北-学海楼-103","XF":1,"SKXQ":5,"XNXQDM":"2024-2025-2","KCM":"大数据原理与技术综合实验","JASDM":"0201050103","JXLDM":"020105","JXBID":"20242-02722","SKBJ":"人工智能2201-02,大数据2201-02,物联网2201","TYXMDM":null,"KCH":"10125221055"},{"KKDWDM":"012","XS":32,"BYBZ":"0","JSJC":9,"XXXQDM":"02","KXH":"03","KSJC":6,"XKZRS":95,"SKZC":"000000000000000010000000000000","SKJS":"谈诚","ISTK":0,"ZCMC":"17周","YPSJDD":"17周 星期三 第6节-第9节 南湖北-学海楼-103,9周,11-16周 星期五 第6节-第9节 南湖北-学海楼-103","XF":1,"SKXQ":3,"XNXQDM":"2024-2025-2","KCM":"大数据原理与技术综合实验","JASDM":"0201050103","JXLDM":"020105","JXBID":"20242-02722","SKBJ":"人工智能2201-02,大数据2201-02,物联网2201","TYXMDM":null,"KCH":"10125221055"}]}},"code":"0"}