{"datas":{"jaskcb":{"extParams":{"code":1,"msg":"查询成功"},"pageSize":0,"pageNumber":0,"totalSize":-1,"rows":[{"KKDWDM":"044","XS":32,"BYBZ":"0","JSJC":10,"XXXQDM":"02","KXH":"01","KSJC":9,"XKZRS":35,"SKZC":"111111111111111100000000","SKJS":"王晓旻","ISTK":0,"ZCMC":"1-16周","YPSJDD":"1-16周 星期三 第9节-第10节 南湖北-北教二-301","XF":2,"SKXQ":3,"XNXQDM":"2024-2025-2","KCM":"古筝(初级)(GX)","JASDM":"0201030301","JXLDM":"020103","JXBID":"20242-09031","SKBJ":"公选-09031","TYXMDM":null,"KCH":"10442121031"},{"KKDWDM":"044","XS":32,"BYBZ":"0","JSJC":10,"XXXQDM":"02","KXH":"02","KSJC":9,"XKZRS":35,"SKZC":"111111111111111100000000","SKJS":"董文静","ISTK":0,"ZCMC":"1-16周","YPSJDD":"1-16周 星期二 第9节-第10节 南湖北-北教二-301","XF":2,"SKXQ":2,"XNXQDM":"2024-2025-2","KCM":"古筝(初级)(GX)","JASDM":"0201030301","JXLDM":"020103","JXBID":"20242-11289","SKBJ":"公选-11289","TYXMDM":null,"KCH":"10442121031"}]}},"code":"0"}