{"datas":{"jaskcb":{"extParams":{"code":1,"msg":"查询成功"},"pageSize":0,"pageNumber":0,"totalSize":-1,"rows":[{"KKDWDM":"011","XS":48,"BYBZ":"0","JSJC":5,"XXXQDM":"02","KXH":"02","KSJC":3,"XKZRS":28,"SKZC":"111111111111000000000000000000","SKJS":"方艺霖","ISTK":0,"ZCMC":"1-12周","YPSJDD":"1-12周 星期二 第3节-第5节 南湖北-爱特楼-106,13-14周 星期二 第3节-第4节 南湖北-爱特楼-106","XF":3,"SKXQ":2,"XNXQDM":"2024-2025-2","KCM":"高级程序设计A","JASDM":"0201010106","JXLDM":"020101","JXBID":"20242-11201","SKBJ":"通信2301-02","TYXMDM":null,"KCH":"10115115001"},{"KKDWDM":"013","XS":40,"BYBZ":"0","JSJC":5,"XXXQDM":"02","KXH":"05","KSJC":3,"XKZRS":60,"SKZC":"111111111101100000000000","SKJS":"董政呈","ISTK":0,"ZCMC":"1-10周,12-13周","YPSJDD":"14-16周(双) 星期一 第3节-第4节 南湖北-爱特楼-106,1-10周,12-13周 星期一 第3节-第5节 南湖北-爱特楼-106","XF":2,"SKXQ":1,"XNXQDM":"2024-2025-2","KCM":"微机原理及接口技术","JASDM":"0201010106","JXLDM":"020101","JXBID":"20242-04654","SKBJ":"电气2305,电气zy2301","TYXMDM":null,"KCH":"10134121075"},{"KKDWDM":"020","XS":48,"BYBZ":"0","JSJC":8,"XXXQDM":"02","KXH":"03","KSJC":6,"XKZRS":33,"SKZC":"111111111100000000000000000000","SKJS":"徐熙君","ISTK":0,"ZCMC":"1-10周","YPSJDD":"17周 星期二 第6节-第8节 南湖北-爱特楼-106,1-10周 星期一 第6节-第8节 南湖北-爱特楼-106,12-14周 星期一 第6节-第8节 南湖北-爱特楼-106,16-17周 星期一 第6节-第8节 南湖北-爱特楼-106","XF":3,"SKXQ":1,"XNXQDM":"2024-2025-2","KCM":"高级英语2","JASDM":"0201010106","JXLDM":"020101","JXBID":"20242-06153","SKBJ":"材科sy2403","TYXMDM":null,"KCH":"10201121070"},{"KKDWDM":"003","XS":32,"BYBZ":"0","JSJC":8,"XXXQDM":"02","KXH":"01","KSJC":6,"XKZRS":45,"SKZC":"111111111100000000000000","SKJS":"李元元","ISTK":0,"ZCMC":"1-10周","YPSJDD":"11周 星期三 第6节-第7节 南湖北-爱特楼-106,1-10周 星期三 第6节-第8节 南湖北-爱特楼-106","XF":2,"SKXQ":3,"XNXQDM":"2024-2025-2","KCM":"铸造工艺学B","JASDM":"0201010106","JXLDM":"020101","JXBID":"20242-02909","SKBJ":"材科2203-04","TYXMDM":null,"KCH":"10035112006"},{"KKDWDM":"012","XS":32,"BYBZ":"0","JSJC":8,"XXXQDM":"02","KXH":"01","KSJC":6,"XKZRS":28,"SKZC":"111111111100000000000000","SKJS":"谈诚","ISTK":0,"ZCMC":"1-10周","YPSJDD":"11周 星期二 第6节-第7节 南湖北-爱特楼-106,1-10周 星期二 第6节-第8节 南湖北-爱特楼-106","XF":2,"SKXQ":2,"XNXQDM":"2024-2025-2","KCM":"区块链","JASDM":"0201010106","JXLDM":"020101","JXBID":"20242-02259","SKBJ":"金融kj2201","TYXMDM":null,"KCH":"10125117050"},{"KKDWDM":"013","XS":40,"BYBZ":"0","JSJC":2,"XXXQDM":"02","KXH":"01","KSJC":1,"XKZRS":51,"SKZC":"111111111000000000000000000000","SKJS":"赵希","ISTK":0,"ZCMC":"1-9周","YPSJDD":"11-17周 星期四 第1节-第2节 南湖北-爱特楼-106,1-9周 星期四 第1节-第2节 南湖北-爱特楼-106","XF":2,"SKXQ":4,"XNXQDM":"2024-2025-2","KCM":"程序设计方法(C++)","JASDM":"0201010106","JXLDM":"020101","JXBID":"20242-10880","SKBJ":"电气2301,自动化2301-03","TYXMDM":null,"KCH":"10135121039"},{"KKDWDM":"009","XS":48,"BYBZ":"0","JSJC":5,"XXXQDM":"02","KXH":"01","KSJC":3,"XKZRS":28,"SKZC":"111111110000000000000000000000","SKJS":"王先锋,郑华冬","ISTK":0,"ZCMC":"1-8周","YPSJDD":"1-5周,7-8周 星期五 第6节-第8节 南湖北-爱特楼-106,1-8周 星期三 第3节-第5节 南湖北-爱特楼-106,9周 星期日 第6节-第8节 南湖北-爱特楼-106","XF":3,"SKXQ":3,"XNXQDM":"2024-2025-2","KCM":"建筑结构A","JASDM":"0201010106","JXLDM":"020101","JXBID":"20242-04902","SKBJ":"建筑学2301","TYXMDM":null,"KCH":"10094121053"},{"KKDWDM":"003","XS":40,"BYBZ":"0","JSJC":2,"XXXQDM":"02","KXH":"04","KSJC":1,"XKZRS":33,"SKZC":"111111100000000000000000","SKJS":"何永佳","ISTK":0,"ZCMC":"1-7周","YPSJDD":"1-7周 星期三 第1节-第2节 南湖北-爱特楼-106,1-5周,7-8周 星期五 第3节-第4节 南湖北-爱特楼-106","XF":2,"SKXQ":3,"XNXQDM":"2024-2025-2","KCM":"无机非金属材料工厂设计概论","JASDM":"0201010106","JXLDM":"020101","JXBID":"20242-13828","SKBJ":"材科2206","TYXMDM":null,"KCH":"4070143110"},{"KKDWDM":"998","XS":32,"BYBZ":"0","JSJC":5,"XXXQDM":"02","KXH":"01","KSJC":3,"XKZRS":18,"SKZC":"111110111011000000000000","SKJS":"周春英","ISTK":0,"ZCMC":"1-5周,7-9周,11-12周","YPSJDD":"13周 星期六 第3节-第4节 南湖北-爱特楼-106,1-5周,7-9周,11-12周 星期六 第3节-第5节 南湖北-爱特楼-106","XF":2,"SKXQ":6,"XNXQDM":"2024-2025-2","KCM":"财政改革与大国兴衰(GX)","JASDM":"0201010106","JXLDM":"020101","JXBID":"20242-09186","SKBJ":"公选-09186","TYXMDM":null,"KCH":"19982121016"},{"KKDWDM":"018","XS":32,"BYBZ":"0","JSJC":8,"XXXQDM":"02","KXH":"01","KSJC":6,"XKZRS":15,"SKZC":"111110111011000000000000","SKJS":"刘平峰","ISTK":0,"ZCMC":"1-5周,7-9周,11-12周","YPSJDD":"13周 星期六 第6节-第7节 南湖北-爱特楼-106,1-5周,7-9周,11-12周 星期六 第6节-第8节 南湖北-爱特楼-106","XF":2,"SKXQ":6,"XNXQDM":"2024-2025-2","KCM":"碳资产数字化管理","JASDM":"0201010106","JXLDM":"020101","JXBID":"20242-06454","SKBJ":"碳经济与碳数字化微2024","TYXMDM":null,"KCH":"10184123001"},{"KKDWDM":"008","XS":32,"BYBZ":"0","JSJC":5,"XXXQDM":"02","KXH":"01","KSJC":3,"XKZRS":20,"SKZC":"111110110011100000000000","SKJS":"李军锋,赵维玮","ISTK":0,"ZCMC":"1-5周,7-8周,11-13周","YPSJDD":"15周 星期日 第3节-第4节 南湖北-爱特楼-106,1-5周,7-8周,11-13周 星期日 第3节-第5节 南湖北-爱特楼-106","XF":2,"SKXQ":7,"XNXQDM":"2024-2025-2","KCM":"半导体器件封装与测试","JASDM":"0201010106","JXLDM":"020101","JXBID":"20242-06426","SKBJ":"半导体制造工程微2024","TYXMDM":null,"KCH":"10084123003"},{"KKDWDM":"009","XS":48,"BYBZ":"0","JSJC":8,"XXXQDM":"02","KXH":"01","KSJC":6,"XKZRS":28,"SKZC":"111110110000000000000000000000","SKJS":"王先锋,郑华冬","ISTK":0,"ZCMC":"1-5周,7-8周","YPSJDD":"1-5周,7-8周 星期五 第6节-第8节 南湖北-爱特楼-106,1-8周 星期三 第3节-第5节 南湖北-爱特楼-106,9周 星期日 第6节-第8节 南湖北-爱特楼-106","XF":3,"SKXQ":5,"XNXQDM":"2024-2025-2","KCM":"建筑结构A","JASDM":"0201010106","JXLDM":"020101","JXBID":"20242-04902","SKBJ":"建筑学2301","TYXMDM":null,"KCH":"10094121053"},{"KKDWDM":"003","XS":40,"BYBZ":"0","JSJC":4,"XXXQDM":"02","KXH":"04","KSJC":3,"XKZRS":33,"SKZC":"1111101100000000000000000","SKJS":"何永佳","ISTK":0,"ZCMC":"1-5周,7-8周","YPSJDD":"1-7周 星期三 第1节-第2节 南湖北-爱特楼-106,1-5周,7-8周 星期五 第3节-第4节 南湖北-爱特楼-106","XF":2,"SKXQ":5,"XNXQDM":"2024-2025-2","KCM":"无机非金属材料工厂设计概论","JASDM":"0201010106","JXLDM":"020101","JXBID":"20242-13828","SKBJ":"材科2206","TYXMDM":null,"KCH":"4070143110"},{"KKDWDM":"003","XS":32,"BYBZ":"0","JSJC":2,"XXXQDM":"02","KXH":"01","KSJC":1,"XKZRS":11,"SKZC":"111110000000000000000000000000","SKJS":"吴劲松,柳伟,苏贤礼","ISTK":0,"ZCMC":"1-5周","YPSJDD":"11-12周 星期六 第1节-第2节 南湖北-爱特楼-106,7-9周 星期六 第1节-第2节 南湖北-爱特楼-106,1-5周 星期六 第1节-第2节 南湖北-爱特楼-106","XF":2,"SKXQ":6,"XNXQDM":"2024-2025-2","KCM":"半导体热电材料与器件","JASDM":"0201010106","JXLDM":"020101","JXBID":"20242-06103","SKBJ":"绿色储能材料与器件微2024","TYXMDM":null,"KCH":"10034123012"},{"KKDWDM":"003","XS":32,"BYBZ":"0","JSJC":2,"XXXQDM":"02","KXH":"01","KSJC":1,"XKZRS":11,"SKZC":"000000111000000000000000000000","SKJS":"吴劲松,柳伟,苏贤礼","ISTK":0,"ZCMC":"7-9周","YPSJDD":"11-12周 星期六 第1节-第2节 南湖北-爱特楼-106,7-9周 星期六 第1节-第2节 南湖北-爱特楼-106,1-5周 星期六 第1节-第2节 南湖北-爱特楼-106","XF":2,"SKXQ":6,"XNXQDM":"2024-2025-2","KCM":"半导体热电材料与器件","JASDM":"0201010106","JXLDM":"020101","JXBID":"20242-06103","SKBJ":"绿色储能材料与器件微2024","TYXMDM":null,"KCH":"10034123012"},{"KKDWDM":"009","XS":48,"BYBZ":"0","JSJC":8,"XXXQDM":"02","KXH":"01","KSJC":6,"XKZRS":28,"SKZC":"000000001000000000000000000000","SKJS":"王先锋,郑华冬","ISTK":0,"ZCMC":"9周","YPSJDD":"1-5周,7-8周 星期五 第6节-第8节 南湖北-爱特楼-106,1-8周 星期三 第3节-第5节 南湖北-爱特楼-106,9周 星期日 第6节-第8节 南湖北-爱特楼-106","XF":3,"SKXQ":7,"XNXQDM":"2024-2025-2","KCM":"建筑结构A","JASDM":"0201010106","JXLDM":"020101","JXBID":"20242-04902","SKBJ":"建筑学2301","TYXMDM":null,"KCH":"10094121053"},{"KKDWDM":"013","XS":40,"BYBZ":"0","JSJC":2,"XXXQDM":"02","KXH":"01","KSJC":1,"XKZRS":51,"SKZC":"000000000011111110000000000000","SKJS":"赵希","ISTK":0,"ZCMC":"11-17周","YPSJDD":"11-17周 星期四 第1节-第2节 南湖北-爱特楼-106,1-9周 星期四 第1节-第2节 南湖北-爱特楼-106","XF":2,"SKXQ":4,"XNXQDM":"2024-2025-2","KCM":"程序设计方法(C++)","JASDM":"0201010106","JXLDM":"020101","JXBID":"20242-10880","SKBJ":"电气2301,自动化2301-03","TYXMDM":null,"KCH":"10135121039"},{"KKDWDM":"003","XS":32,"BYBZ":"0","JSJC":2,"XXXQDM":"02","KXH":"01","KSJC":1,"XKZRS":11,"SKZC":"000000000011000000000000000000","SKJS":"吴劲松,柳伟,苏贤礼","ISTK":0,"ZCMC":"11-12周","YPSJDD":"11-12周 星期六 第1节-第2节 南湖北-爱特楼-106,7-9周 星期六 第1节-第2节 南湖北-爱特楼-106,1-5周 星期六 第1节-第2节 南湖北-爱特楼-106","XF":2,"SKXQ":6,"XNXQDM":"2024-2025-2","KCM":"半导体热电材料与器件","JASDM":"0201010106","JXLDM":"020101","JXBID":"20242-06103","SKBJ":"绿色储能材料与器件微2024","TYXMDM":null,"KCH":"10034123012"},{"KKDWDM":"003","XS":32,"BYBZ":"0","JSJC":7,"XXXQDM":"02","KXH":"01","KSJC":6,"XKZRS":45,"SKZC":"000000000010000000000000","SKJS":"李元元","ISTK":0,"ZCMC":"11周","YPSJDD":"11周 星期三 第6节-第7节 南湖北-爱特楼-106,1-10周 星期三 第6节-第8节 南湖北-爱特楼-106","XF":2,"SKXQ":3,"XNXQDM":"2024-2025-2","KCM":"铸造工艺学B","JASDM":"0201010106","JXLDM":"020101","JXBID":"20242-02909","SKBJ":"材科2203-04","TYXMDM":null,"KCH":"10035112006"},{"KKDWDM":"012","XS":32,"BYBZ":"0","JSJC":7,"XXXQDM":"02","KXH":"01","KSJC":6,"XKZRS":28,"SKZC":"000000000010000000000000","SKJS":"谈诚","ISTK":0,"ZCMC":"11周","YPSJDD":"11周 星期二 第6节-第7节 南湖北-爱特楼-106,1-10周 星期二 第6节-第8节 南湖北-爱特楼-106","XF":2,"SKXQ":2,"XNXQDM":"2024-2025-2","KCM":"区块链","JASDM":"0201010106","JXLDM":"020101","JXBID":"20242-02259","SKBJ":"金融kj2201","TYXMDM":null,"KCH":"10125117050"},{"KKDWDM":"020","XS":48,"BYBZ":"0","JSJC":8,"XXXQDM":"02","KXH":"03","KSJC":6,"XKZRS":33,"SKZC":"000000000001110000000000000000","SKJS":"徐熙君","ISTK":0,"ZCMC":"12-14周","YPSJDD":"17周 星期二 第6节-第8节 南湖北-爱特楼-106,1-10周 星期一 第6节-第8节 南湖北-爱特楼-106,12-14周 星期一 第6节-第8节 南湖北-爱特楼-106,16-17周 星期一 第6节-第8节 南湖北-爱特楼-106","XF":3,"SKXQ":1,"XNXQDM":"2024-2025-2","KCM":"高级英语2","JASDM":"0201010106","JXLDM":"020101","JXBID":"20242-06153","SKBJ":"材科sy2403","TYXMDM":null,"KCH":"10201121070"},{"KKDWDM":"011","XS":48,"BYBZ":"0","JSJC":4,"XXXQDM":"02","KXH":"02","KSJC":3,"XKZRS":28,"SKZC":"000000000000110000000000000000","SKJS":"方艺霖","ISTK":0,"ZCMC":"13-14周","YPSJDD":"1-12周 星期二 第3节-第5节 南湖北-爱特楼-106,13-14周 星期二 第3节-第4节 南湖北-爱特楼-106","XF":3,"SKXQ":2,"XNXQDM":"2024-2025-2","KCM":"高级程序设计A","JASDM":"0201010106","JXLDM":"020101","JXBID":"20242-11201","SKBJ":"通信2301-02","TYXMDM":null,"KCH":"10115115001"},{"KKDWDM":"998","XS":32,"BYBZ":"0","JSJC":4,"XXXQDM":"02","KXH":"01","KSJC":3,"XKZRS":18,"SKZC":"000000000000100000000000","SKJS":"周春英","ISTK":0,"ZCMC":"13周","YPSJDD":"13周 星期六 第3节-第4节 南湖北-爱特楼-106,1-5周,7-9周,11-12周 星期六 第3节-第5节 南湖北-爱特楼-106","XF":2,"SKXQ":6,"XNXQDM":"2024-2025-2","KCM":"财政改革与大国兴衰(GX)","JASDM":"0201010106","JXLDM":"020101","JXBID":"20242-09186","SKBJ":"公选-09186","TYXMDM":null,"KCH":"19982121016"},{"KKDWDM":"018","XS":32,"BYBZ":"0","JSJC":7,"XXXQDM":"02","KXH":"01","KSJC":6,"XKZRS":15,"SKZC":"000000000000100000000000","SKJS":"刘平峰","ISTK":0,"ZCMC":"13周","YPSJDD":"13周 星期六 第6节-第7节 南湖北-爱特楼-106,1-5周,7-9周,11-12周 星期六 第6节-第8节 南湖北-爱特楼-106","XF":2,"SKXQ":6,"XNXQDM":"2024-2025-2","KCM":"碳资产数字化管理","JASDM":"0201010106","JXLDM":"020101","JXBID":"20242-06454","SKBJ":"碳经济与碳数字化微2024","TYXMDM":null,"KCH":"10184123001"},{"KKDWDM":"013","XS":40,"BYBZ":"0","JSJC":4,"XXXQDM":"02","KXH":"05","KSJC":3,"XKZRS":60,"SKZC":"000000000000010100000000","SKJS":"董政呈","ISTK":0,"ZCMC":"14-16周(双)","YPSJDD":"14-16周(双) 星期一 第3节-第4节 南湖北-爱特楼-106,1-10周,12-13周 星期一 第3节-第5节 南湖北-爱特楼-106","XF":2,"SKXQ":1,"XNXQDM":"2024-2025-2","KCM":"微机原理及接口技术","JASDM":"0201010106","JXLDM":"020101","JXBID":"20242-04654","SKBJ":"电气2305,电气zy2301","TYXMDM":null,"KCH":"10134121075"},{"KKDWDM":"008","XS":32,"BYBZ":"0","JSJC":4,"XXXQDM":"02","KXH":"01","KSJC":3,"XKZRS":20,"SKZC":"000000000000001000000000","SKJS":"李军锋,赵维玮","ISTK":0,"ZCMC":"15周","YPSJDD":"15周 星期日 第3节-第4节 南湖北-爱特楼-106,1-5周,7-8周,11-13周 星期日 第3节-第5节 南湖北-爱特楼-106","XF":2,"SKXQ":7,"XNXQDM":"2024-2025-2","KCM":"半导体器件封装与测试","JASDM":"0201010106","JXLDM":"020101","JXBID":"20242-06426","SKBJ":"半导体制造工程微2024","TYXMDM":null,"KCH":"10084123003"},{"KKDWDM":"020","XS":48,"BYBZ":"0","JSJC":8,"XXXQDM":"02","KXH":"03","KSJC":6,"XKZRS":33,"SKZC":"000000000000000110000000000000","SKJS":"徐熙君","ISTK":0,"ZCMC":"16-17周","YPSJDD":"17周 星期二 第6节-第8节 南湖北-爱特楼-106,1-10周 星期一 第6节-第8节 南湖北-爱特楼-106,12-14周 星期一 第6节-第8节 南湖北-爱特楼-106,16-17周 星期一 第6节-第8节 南湖北-爱特楼-106","XF":3,"SKXQ":1,"XNXQDM":"2024-2025-2","KCM":"高级英语2","JASDM":"0201010106","JXLDM":"020101","JXBID":"20242-06153","SKBJ":"材科sy2403","TYXMDM":null,"KCH":"10201121070"},{"KKDWDM":"020","XS":48,"BYBZ":"0","JSJC":8,"XXXQDM":"02","KXH":"03","KSJC":6,"XKZRS":33,"SKZC":"000000000000000010000000000000","SKJS":"徐熙君","ISTK":0,"ZCMC":"17周","YPSJDD":"17周 星期二 第6节-第8节 南湖北-爱特楼-106,1-10周 星期一 第6节-第8节 南湖北-爱特楼-106,12-14周 星期一 第6节-第8节 南湖北-爱特楼-106,16-17周 星期一 第6节-第8节 南湖北-爱特楼-106","XF":3,"SKXQ":2,"XNXQDM":"2024-2025-2","KCM":"高级英语2","JASDM":"0201010106","JXLDM":"020101","JXBID":"20242-06153","SKBJ":"材科sy2403","TYXMDM":null,"KCH":"10201121070"}]}},"code":"0"}