{"datas":{"jaskcb":{"extParams":{"code":1,"msg":"查询成功"},"pageSize":0,"pageNumber":0,"totalSize":-1,"rows":[{"KKDWDM":null,"XS":null,"BYBZ":"1","JSJC":5,"XXXQDM":null,"KXH":null,"KSJC":3,"XKZRS":null,"SKZC":"011111111111100000000000000000","SKJS":"范静","ISTK":0,"ZCMC":"2-13周","YPSJDD":null,"XF":null,"SKXQ":5,"XNXQDM":"2024-2025-2","KCM":"认知语言学","JASDM":"0201051114","JXLDM":null,"JXBID":null,"SKBJ":null,"TYXMDM":null,"KCH":"40200223010"},{"KKDWDM":null,"XS":null,"BYBZ":"1","JSJC":8,"XXXQDM":null,"KXH":null,"KSJC":6,"XKZRS":null,"SKZC":"011111111111100000000000000000","SKJS":"白琰媛","ISTK":0,"ZCMC":"2-13周","YPSJDD":null,"XF":null,"SKXQ":3,"XNXQDM":"2024-2025-2","KCM":"法国时政专题研究","JASDM":"0201051114","JXLDM":null,"JXBID":null,"SKBJ":null,"TYXMDM":null,"KCH":"40200223011"},{"KKDWDM":null,"XS":null,"BYBZ":"1","JSJC":5,"XXXQDM":null,"KXH":null,"KSJC":3,"XKZRS":null,"SKZC":"011111111111100000000000000000","SKJS":"陈明浩","ISTK":0,"ZCMC":"2-13周","YPSJDD":null,"XF":null,"SKXQ":4,"XNXQDM":"2024-2025-2","KCM":"当代法国翻译理论","JASDM":"0201051114","JXLDM":null,"JXBID":null,"SKBJ":null,"TYXMDM":null,"KCH":"40200323006"},{"KKDWDM":null,"XS":null,"BYBZ":"1","JSJC":2,"XXXQDM":null,"KXH":null,"KSJC":1,"XKZRS":null,"SKZC":"011111111111100000000000000000","SKJS":"外教-2","ISTK":0,"ZCMC":"2-13周","YPSJDD":null,"XF":null,"SKXQ":4,"XNXQDM":"2024-2025-2","KCM":"中西文化比较","JASDM":"0201051114","JXLDM":null,"JXBID":null,"SKBJ":null,"TYXMDM":null,"KCH":"40200323009"},{"KKDWDM":null,"XS":null,"BYBZ":"1","JSJC":5,"XXXQDM":null,"KXH":null,"KSJC":3,"XKZRS":null,"SKZC":"000000000000011110000000000000","SKJS":"外教-2","ISTK":0,"ZCMC":"14-17周","YPSJDD":null,"XF":null,"SKXQ":4,"XNXQDM":"2024-2025-2","KCM":"中西文化比较","JASDM":"0201051114","JXLDM":null,"JXBID":null,"SKBJ":null,"TYXMDM":null,"KCH":"40200323009"}]}},"code":"0"}