{"datas":{"jaskcb":{"extParams":{"code":1,"msg":"查询成功"},"pageSize":0,"pageNumber":0,"totalSize":-1,"rows":[{"KKDWDM":"013","XS":32,"BYBZ":"0","JSJC":7,"XXXQDM":"02","KXH":"01","KSJC":6,"XKZRS":33,"SKZC":"111111111100000000000000000000","SKJS":"王栋","ISTK":0,"ZCMC":"1-10周","YPSJDD":"17周 星期二 第6节-第7节 南湖北-学海楼-610,1-10周 星期一 第6节-第7节 南湖北-学海楼-610,12-14周 星期一 第6节-第7节 南湖北-学海楼-610,16-17周 星期一 第6节-第7节 南湖北-学海楼-610","XF":2,"SKXQ":1,"XNXQDM":"2024-2025-2","KCM":"电气工程基础","JASDM":"0201050610","JXLDM":"020105","JXBID":"20242-04691","SKBJ":"电气zy2301","TYXMDM":null,"KCH":"10134121076"},{"KKDWDM":"003","XS":48,"BYBZ":"0","JSJC":5,"XXXQDM":"02","KXH":"01","KSJC":3,"XKZRS":32,"SKZC":"11111111","SKJS":"丁杰,王传彬,秦岩","ISTK":0,"ZCMC":"1-8周","YPSJDD":"1-8周 星期二 第3节-第5节 南湖北-学海楼-610,1-8周 星期四 第3节-第5节 南湖北-学海楼-610","XF":3,"SKXQ":4,"XNXQDM":"2024-2025-2","KCM":"复合材料工艺与设备A","JASDM":"0201050610","JXLDM":"020105","JXBID":"20242-03073","SKBJ":"复材2202","TYXMDM":null,"KCH":"10107311006"},{"KKDWDM":"003","XS":48,"BYBZ":"0","JSJC":5,"XXXQDM":"02","KXH":"01","KSJC":3,"XKZRS":32,"SKZC":"11111111","SKJS":"丁杰,王传彬,秦岩","ISTK":0,"ZCMC":"1-8周","YPSJDD":"1-8周 星期二 第3节-第5节 南湖北-学海楼-610,1-8周 星期四 第3节-第5节 南湖北-学海楼-610","XF":3,"SKXQ":2,"XNXQDM":"2024-2025-2","KCM":"复合材料工艺与设备A","JASDM":"0201050610","JXLDM":"020105","JXBID":"20242-03073","SKBJ":"复材2202","TYXMDM":null,"KCH":"10107311006"},{"KKDWDM":"003","XS":32,"BYBZ":"0","JSJC":5,"XXXQDM":"02","KXH":"02","KSJC":3,"XKZRS":35,"SKZC":"111110111010000000000000","SKJS":"冯小平,陈潇","ISTK":0,"ZCMC":"1-5周,7-9周,11周","YPSJDD":"12周 星期五 第3节-第4节 南湖北-学海楼-610,1-5周,7-9周,11周 星期五 第3节-第5节 南湖北-学海楼-610,9周 星期日 第3节-第5节 南湖北-学海楼-610","XF":2,"SKXQ":5,"XNXQDM":"2024-2025-2","KCM":"热工设备","JASDM":"0201050610","JXLDM":"020105","JXBID":"20242-03892","SKBJ":"无机非2202","TYXMDM":null,"KCH":"4070120110"},{"KKDWDM":"020","XS":32,"BYBZ":"0","JSJC":4,"XXXQDM":"02","KXH":"01","KSJC":1,"XKZRS":20,"SKZC":"111110000000000000000000000000","SKJS":"周堂波,李清萍","ISTK":0,"ZCMC":"1-5周","YPSJDD":"7-9周 星期六 第1节-第4节 南湖北-学海楼-610,1-5周 星期六 第1节-第4节 南湖北-学海楼-610","XF":2,"SKXQ":6,"XNXQDM":"2024-2025-2","KCM":"大学日语4","JASDM":"0201050610","JXLDM":"020105","JXBID":"20242-13695","SKBJ":null,"TYXMDM":null,"KCH":"10204121032"},{"KKDWDM":"020","XS":32,"BYBZ":"0","JSJC":4,"XXXQDM":"02","KXH":"01","KSJC":1,"XKZRS":20,"SKZC":"000000111000000000000000000000","SKJS":"周堂波,李清萍","ISTK":0,"ZCMC":"7-9周","YPSJDD":"7-9周 星期六 第1节-第4节 南湖北-学海楼-610,1-5周 星期六 第1节-第4节 南湖北-学海楼-610","XF":2,"SKXQ":6,"XNXQDM":"2024-2025-2","KCM":"大学日语4","JASDM":"0201050610","JXLDM":"020105","JXBID":"20242-13695","SKBJ":null,"TYXMDM":null,"KCH":"10204121032"},{"KKDWDM":"003","XS":32,"BYBZ":"0","JSJC":2,"XXXQDM":"02","KXH":"01","KSJC":1,"XKZRS":34,"SKZC":"000000001111111100000000000000","SKJS":"刘俐","ISTK":0,"ZCMC":"9-16周","YPSJDD":"9-16周 星期三 第1节-第2节 南湖北-学海楼-610,9-10周 星期一 第3节-第4节 南湖北-学海楼-610,16-17周 星期一 第3节-第4节 南湖北-学海楼-610,12-14周 星期一 第3节-第4节 南湖北-学海楼-610,17周 星期二 第3节-第4节 南湖北-学海楼-610","XF":2,"SKXQ":3,"XNXQDM":"2024-2025-2","KCM":"微连接原理与方法","JASDM":"0201050610","JXLDM":"020105","JXBID":"20242-03381","SKBJ":"成型zy2201","TYXMDM":null,"KCH":"10035121073"},{"KKDWDM":"003","XS":32,"BYBZ":"0","JSJC":4,"XXXQDM":"02","KXH":"01","KSJC":3,"XKZRS":34,"SKZC":"000000001100000000000000000000","SKJS":"刘俐","ISTK":0,"ZCMC":"9-10周","YPSJDD":"9-16周 星期三 第1节-第2节 南湖北-学海楼-610,9-10周 星期一 第3节-第4节 南湖北-学海楼-610,16-17周 星期一 第3节-第4节 南湖北-学海楼-610,12-14周 星期一 第3节-第4节 南湖北-学海楼-610,17周 星期二 第3节-第4节 南湖北-学海楼-610","XF":2,"SKXQ":1,"XNXQDM":"2024-2025-2","KCM":"微连接原理与方法","JASDM":"0201050610","JXLDM":"020105","JXBID":"20242-03381","SKBJ":"成型zy2201","TYXMDM":null,"KCH":"10035121073"},{"KKDWDM":"003","XS":32,"BYBZ":"0","JSJC":5,"XXXQDM":"02","KXH":"02","KSJC":3,"XKZRS":35,"SKZC":"000000001000000000000000","SKJS":"冯小平,陈潇","ISTK":0,"ZCMC":"9周","YPSJDD":"12周 星期五 第3节-第4节 南湖北-学海楼-610,1-5周,7-9周,11周 星期五 第3节-第5节 南湖北-学海楼-610,9周 星期日 第3节-第5节 南湖北-学海楼-610","XF":2,"SKXQ":7,"XNXQDM":"2024-2025-2","KCM":"热工设备","JASDM":"0201050610","JXLDM":"020105","JXBID":"20242-03892","SKBJ":"无机非2202","TYXMDM":null,"KCH":"4070120110"},{"KKDWDM":"003","XS":32,"BYBZ":"0","JSJC":4,"XXXQDM":"02","KXH":"01","KSJC":3,"XKZRS":34,"SKZC":"000000000001110000000000000000","SKJS":"刘俐","ISTK":0,"ZCMC":"12-14周","YPSJDD":"9-16周 星期三 第1节-第2节 南湖北-学海楼-610,9-10周 星期一 第3节-第4节 南湖北-学海楼-610,16-17周 星期一 第3节-第4节 南湖北-学海楼-610,12-14周 星期一 第3节-第4节 南湖北-学海楼-610,17周 星期二 第3节-第4节 南湖北-学海楼-610","XF":2,"SKXQ":1,"XNXQDM":"2024-2025-2","KCM":"微连接原理与方法","JASDM":"0201050610","JXLDM":"020105","JXBID":"20242-03381","SKBJ":"成型zy2201","TYXMDM":null,"KCH":"10035121073"},{"KKDWDM":"013","XS":32,"BYBZ":"0","JSJC":7,"XXXQDM":"02","KXH":"01","KSJC":6,"XKZRS":33,"SKZC":"000000000001110000000000000000","SKJS":"王栋","ISTK":0,"ZCMC":"12-14周","YPSJDD":"17周 星期二 第6节-第7节 南湖北-学海楼-610,1-10周 星期一 第6节-第7节 南湖北-学海楼-610,12-14周 星期一 第6节-第7节 南湖北-学海楼-610,16-17周 星期一 第6节-第7节 南湖北-学海楼-610","XF":2,"SKXQ":1,"XNXQDM":"2024-2025-2","KCM":"电气工程基础","JASDM":"0201050610","JXLDM":"020105","JXBID":"20242-04691","SKBJ":"电气zy2301","TYXMDM":null,"KCH":"10134121076"},{"KKDWDM":"003","XS":32,"BYBZ":"0","JSJC":4,"XXXQDM":"02","KXH":"02","KSJC":3,"XKZRS":35,"SKZC":"000000000001000000000000","SKJS":"冯小平,陈潇","ISTK":0,"ZCMC":"12周","YPSJDD":"12周 星期五 第3节-第4节 南湖北-学海楼-610,1-5周,7-9周,11周 星期五 第3节-第5节 南湖北-学海楼-610,9周 星期日 第3节-第5节 南湖北-学海楼-610","XF":2,"SKXQ":5,"XNXQDM":"2024-2025-2","KCM":"热工设备","JASDM":"0201050610","JXLDM":"020105","JXBID":"20242-03892","SKBJ":"无机非2202","TYXMDM":null,"KCH":"4070120110"},{"KKDWDM":"013","XS":32,"BYBZ":"0","JSJC":7,"XXXQDM":"02","KXH":"01","KSJC":6,"XKZRS":33,"SKZC":"000000000000000110000000000000","SKJS":"王栋","ISTK":0,"ZCMC":"16-17周","YPSJDD":"17周 星期二 第6节-第7节 南湖北-学海楼-610,1-10周 星期一 第6节-第7节 南湖北-学海楼-610,12-14周 星期一 第6节-第7节 南湖北-学海楼-610,16-17周 星期一 第6节-第7节 南湖北-学海楼-610","XF":2,"SKXQ":1,"XNXQDM":"2024-2025-2","KCM":"电气工程基础","JASDM":"0201050610","JXLDM":"020105","JXBID":"20242-04691","SKBJ":"电气zy2301","TYXMDM":null,"KCH":"10134121076"},{"KKDWDM":"003","XS":32,"BYBZ":"0","JSJC":4,"XXXQDM":"02","KXH":"01","KSJC":3,"XKZRS":34,"SKZC":"000000000000000110000000000000","SKJS":"刘俐","ISTK":0,"ZCMC":"16-17周","YPSJDD":"9-16周 星期三 第1节-第2节 南湖北-学海楼-610,9-10周 星期一 第3节-第4节 南湖北-学海楼-610,16-17周 星期一 第3节-第4节 南湖北-学海楼-610,12-14周 星期一 第3节-第4节 南湖北-学海楼-610,17周 星期二 第3节-第4节 南湖北-学海楼-610","XF":2,"SKXQ":1,"XNXQDM":"2024-2025-2","KCM":"微连接原理与方法","JASDM":"0201050610","JXLDM":"020105","JXBID":"20242-03381","SKBJ":"成型zy2201","TYXMDM":null,"KCH":"10035121073"},{"KKDWDM":"013","XS":32,"BYBZ":"0","JSJC":7,"XXXQDM":"02","KXH":"01","KSJC":6,"XKZRS":33,"SKZC":"000000000000000010000000000000","SKJS":"王栋","ISTK":0,"ZCMC":"17周","YPSJDD":"17周 星期二 第6节-第7节 南湖北-学海楼-610,1-10周 星期一 第6节-第7节 南湖北-学海楼-610,12-14周 星期一 第6节-第7节 南湖北-学海楼-610,16-17周 星期一 第6节-第7节 南湖北-学海楼-610","XF":2,"SKXQ":2,"XNXQDM":"2024-2025-2","KCM":"电气工程基础","JASDM":"0201050610","JXLDM":"020105","JXBID":"20242-04691","SKBJ":"电气zy2301","TYXMDM":null,"KCH":"10134121076"},{"KKDWDM":"003","XS":32,"BYBZ":"0","JSJC":4,"XXXQDM":"02","KXH":"01","KSJC":3,"XKZRS":34,"SKZC":"000000000000000010000000000000","SKJS":"刘俐","ISTK":0,"ZCMC":"17周","YPSJDD":"9-16周 星期三 第1节-第2节 南湖北-学海楼-610,9-10周 星期一 第3节-第4节 南湖北-学海楼-610,16-17周 星期一 第3节-第4节 南湖北-学海楼-610,12-14周 星期一 第3节-第4节 南湖北-学海楼-610,17周 星期二 第3节-第4节 南湖北-学海楼-610","XF":2,"SKXQ":2,"XNXQDM":"2024-2025-2","KCM":"微连接原理与方法","JASDM":"0201050610","JXLDM":"020105","JXBID":"20242-03381","SKBJ":"成型zy2201","TYXMDM":null,"KCH":"10035121073"}]}},"code":"0"}