{"datas":{"jaskcb":{"extParams":{"code":1,"msg":"查询成功"},"pageSize":0,"pageNumber":0,"totalSize":-1,"rows":[{"KKDWDM":"044","XS":32,"BYBZ":"0","JSJC":10,"XXXQDM":"02","KXH":"01","KSJC":9,"XKZRS":24,"SKZC":"111111111111111100000000","SKJS":"李小贝","ISTK":0,"ZCMC":"1-16周","YPSJDD":"1-16周 星期二 第9节-第10节 南湖北-北教二-201","XF":2,"SKXQ":2,"XNXQDM":"2024-2025-2","KCM":"舞蹈表演(GX)","JASDM":"0201030201","JXLDM":"020103","JXBID":"20242-09075","SKBJ":"公选-09075","TYXMDM":null,"KCH":"10446221093"},{"KKDWDM":"027","XS":32,"BYBZ":"0","JSJC":7,"XXXQDM":"02","KXH":"01","KSJC":6,"XKZRS":null,"SKZC":"11111111111111110000","SKJS":null,"ISTK":0,"ZCMC":"1-16周","YPSJDD":"1-16周 星期二 第6节-第7节 南湖北-北教二-201","XF":1,"SKXQ":2,"XNXQDM":"2024-2025-2","KCM":"体育3","JASDM":"0201030201","JXLDM":"020103","JXBID":"20242-06200","SKBJ":"通信zs2401","TYXMDM":null,"KCH":"10271117044"},{"KKDWDM":"044","XS":32,"BYBZ":"0","JSJC":13,"XXXQDM":"02","KXH":"01","KSJC":11,"XKZRS":21,"SKZC":"111111111100000000000000","SKJS":"李小贝","ISTK":0,"ZCMC":"1-10周","YPSJDD":"11周 星期二 第11节-第12节 南湖北-北教二-201,1-10周 星期二 第11节-第13节 南湖北-北教二-201","XF":2,"SKXQ":2,"XNXQDM":"2024-2025-2","KCM":"走进民族舞蹈(GX)","JASDM":"0201030201","JXLDM":"020103","JXBID":"20242-09018","SKBJ":"公选-09018","TYXMDM":null,"KCH":"10442124080"},{"KKDWDM":"044","XS":32,"BYBZ":"0","JSJC":13,"XXXQDM":"02","KXH":"01","KSJC":11,"XKZRS":34,"SKZC":"111111111010000000000000","SKJS":"付敏","ISTK":0,"ZCMC":"1-9周,11周","YPSJDD":"12周 星期四 第11节-第12节 南湖北-北教二-201,1-9周,11周 星期四 第11节-第13节 南湖北-北教二-201","XF":2,"SKXQ":4,"XNXQDM":"2024-2025-2","KCM":"创意舞动与情绪表达(GX)","JASDM":"0201030201","JXLDM":"020103","JXBID":"20242-09101","SKBJ":"公选-09101","TYXMDM":null,"KCH":"10442121017"},{"KKDWDM":"044","XS":32,"BYBZ":"0","JSJC":12,"XXXQDM":"02","KXH":"01","KSJC":11,"XKZRS":21,"SKZC":"000000000010000000000000","SKJS":"李小贝","ISTK":0,"ZCMC":"11周","YPSJDD":"11周 星期二 第11节-第12节 南湖北-北教二-201,1-10周 星期二 第11节-第13节 南湖北-北教二-201","XF":2,"SKXQ":2,"XNXQDM":"2024-2025-2","KCM":"走进民族舞蹈(GX)","JASDM":"0201030201","JXLDM":"020103","JXBID":"20242-09018","SKBJ":"公选-09018","TYXMDM":null,"KCH":"10442124080"},{"KKDWDM":"044","XS":32,"BYBZ":"0","JSJC":12,"XXXQDM":"02","KXH":"01","KSJC":11,"XKZRS":34,"SKZC":"000000000001000000000000","SKJS":"付敏","ISTK":0,"ZCMC":"12周","YPSJDD":"12周 星期四 第11节-第12节 南湖北-北教二-201,1-9周,11周 星期四 第11节-第13节 南湖北-北教二-201","XF":2,"SKXQ":4,"XNXQDM":"2024-2025-2","KCM":"创意舞动与情绪表达(GX)","JASDM":"0201030201","JXLDM":"020103","JXBID":"20242-09101","SKBJ":"公选-09101","TYXMDM":null,"KCH":"10442121017"}]}},"code":"0"}