{"datas":{"jaskcb":{"extParams":{"code":1,"msg":"查询成功"},"pageSize":0,"pageNumber":0,"totalSize":-1,"rows":[{"KKDWDM":"012","XS":32,"BYBZ":"0","JSJC":9,"XXXQDM":"02","KXH":"01","KSJC":6,"XKZRS":34,"SKZC":"000000001011100000000000000000","SKJS":"解庆","ISTK":0,"ZCMC":"9周,11-13周","YPSJDD":"14-16周 星期三 第6节-第9节 南湖北-学海楼-404,9周,11-13周 星期四 第6节-第9节 南湖北-学海楼-404,16周 星期六 第6节-第9节 南湖北-学海楼-404","XF":1,"SKXQ":4,"XNXQDM":"2024-2025-2","KCM":"数据库原理与传播应用实验","JASDM":"0201050404","JXLDM":"020105","JXBID":"20242-04474","SKBJ":"软件sy2301","TYXMDM":null,"KCH":"10124214063"},{"KKDWDM":"012","XS":32,"BYBZ":"0","JSJC":9,"XXXQDM":"02","KXH":"01","KSJC":6,"XKZRS":34,"SKZC":"000000000000011100000000000000","SKJS":"解庆","ISTK":0,"ZCMC":"14-16周","YPSJDD":"14-16周 星期三 第6节-第9节 南湖北-学海楼-404,9周,11-13周 星期四 第6节-第9节 南湖北-学海楼-404,16周 星期六 第6节-第9节 南湖北-学海楼-404","XF":1,"SKXQ":3,"XNXQDM":"2024-2025-2","KCM":"数据库原理与传播应用实验","JASDM":"0201050404","JXLDM":"020105","JXBID":"20242-04474","SKBJ":"软件sy2301","TYXMDM":null,"KCH":"10124214063"},{"KKDWDM":"012","XS":32,"BYBZ":"0","JSJC":9,"XXXQDM":"02","KXH":"01","KSJC":6,"XKZRS":34,"SKZC":"000000000000000100000000000000","SKJS":"解庆","ISTK":0,"ZCMC":"16周","YPSJDD":"14-16周 星期三 第6节-第9节 南湖北-学海楼-404,9周,11-13周 星期四 第6节-第9节 南湖北-学海楼-404,16周 星期六 第6节-第9节 南湖北-学海楼-404","XF":1,"SKXQ":6,"XNXQDM":"2024-2025-2","KCM":"数据库原理与传播应用实验","JASDM":"0201050404","JXLDM":"020105","JXBID":"20242-04474","SKBJ":"软件sy2301","TYXMDM":null,"KCH":"10124214063"}]}},"code":"0"}