{"datas":{"jaskcb":{"extParams":{"code":1,"msg":"查询成功"},"pageSize":0,"pageNumber":0,"totalSize":-1,"rows":[{"KKDWDM":null,"XS":null,"BYBZ":"3","JSJC":9,"XXXQDM":null,"KXH":null,"KSJC":6,"XKZRS":null,"SKZC":"000000000111110000000000000000","SKJS":null,"ISTK":0,"ZCMC":"10-14周","YPSJDD":null,"XF":null,"SKXQ":1,"XNXQDM":"2024-2025-2","KCM":"版画","JASDM":"0201020302","JXLDM":null,"JXBID":null,"SKBJ":"平面2301","TYXMDM":null,"KCH":"20244124002"},{"KKDWDM":null,"XS":null,"BYBZ":"3","JSJC":9,"XXXQDM":null,"KXH":null,"KSJC":6,"XKZRS":null,"SKZC":"000000001111111110000000000000","SKJS":"代丹蕾","ISTK":0,"ZCMC":"9-17周","YPSJDD":null,"XF":null,"SKXQ":1,"XNXQDM":"2024-2025-2","KCM":"版画","JASDM":"0201020302","JXLDM":null,"JXBID":null,"SKBJ":"平面2301","TYXMDM":null,"KCH":"20244124002"},{"KKDWDM":null,"XS":null,"BYBZ":"3","JSJC":9,"XXXQDM":null,"KXH":null,"KSJC":6,"XKZRS":null,"SKZC":"000000000011110000000000000000","SKJS":null,"ISTK":0,"ZCMC":"11-14周","YPSJDD":null,"XF":null,"SKXQ":5,"XNXQDM":"2024-2025-2","KCM":"版画","JASDM":"0201020302","JXLDM":null,"JXBID":null,"SKBJ":"平面2301","TYXMDM":null,"KCH":"20244124002"},{"KKDWDM":null,"XS":null,"BYBZ":"3","JSJC":9,"XXXQDM":null,"KXH":null,"KSJC":6,"XKZRS":null,"SKZC":"000000000111111110000000000000","SKJS":"代丹蕾","ISTK":0,"ZCMC":"10-17周","YPSJDD":null,"XF":null,"SKXQ":5,"XNXQDM":"2024-2025-2","KCM":"版画","JASDM":"0201020302","JXLDM":null,"JXBID":null,"SKBJ":"平面2301","TYXMDM":null,"KCH":"20244124002"},{"KKDWDM":null,"XS":null,"BYBZ":"3","JSJC":9,"XXXQDM":null,"KXH":null,"KSJC":6,"XKZRS":null,"SKZC":"111111111000000000000000000000","SKJS":"代丹蕾","ISTK":0,"ZCMC":"1-9周","YPSJDD":null,"XF":null,"SKXQ":5,"XNXQDM":"2024-2025-2","KCM":"文字与版式设计","JASDM":"0201020302","JXLDM":null,"JXBID":null,"SKBJ":"数媒2301","TYXMDM":null,"KCH":"20244124007"},{"KKDWDM":null,"XS":null,"BYBZ":"3","JSJC":4,"XXXQDM":null,"KXH":null,"KSJC":1,"XKZRS":null,"SKZC":"000000000111111100000000000000","SKJS":"吴丹","ISTK":0,"ZCMC":"10-16周","YPSJDD":null,"XF":null,"SKXQ":1,"XNXQDM":"2024-2025-2","KCM":"项目设计","JASDM":"0201020302","JXLDM":null,"JXBID":null,"SKBJ":"平面2202","TYXMDM":null,"KCH":"20244124020"},{"KKDWDM":null,"XS":null,"BYBZ":"3","JSJC":4,"XXXQDM":null,"KXH":null,"KSJC":1,"XKZRS":null,"SKZC":"000000000111111100000000000000","SKJS":"吴丹","ISTK":0,"ZCMC":"10-16周","YPSJDD":null,"XF":null,"SKXQ":3,"XNXQDM":"2024-2025-2","KCM":"项目设计","JASDM":"0201020302","JXLDM":null,"JXBID":null,"SKBJ":"平面2202","TYXMDM":null,"KCH":"20244124020"},{"KKDWDM":null,"XS":null,"BYBZ":"3","JSJC":4,"XXXQDM":null,"KXH":null,"KSJC":1,"XKZRS":null,"SKZC":"100000000000000000000000000000","SKJS":"王德群","ISTK":0,"ZCMC":"1周","YPSJDD":null,"XF":null,"SKXQ":4,"XNXQDM":"2024-2025-2","KCM":"数字插画","JASDM":"0201020302","JXLDM":null,"JXBID":null,"SKBJ":"数媒2301","TYXMDM":null,"KCH":"20244124033"},{"KKDWDM":null,"XS":null,"BYBZ":"3","JSJC":4,"XXXQDM":null,"KXH":null,"KSJC":1,"XKZRS":null,"SKZC":"011111111000000000000000000000","SKJS":"Kateryna,王德群","ISTK":0,"ZCMC":"2-9周","YPSJDD":null,"XF":null,"SKXQ":4,"XNXQDM":"2024-2025-2","KCM":"数字插画","JASDM":"0201020302","JXLDM":null,"JXBID":null,"SKBJ":"数媒2301","TYXMDM":null,"KCH":"20244124033"},{"KKDWDM":null,"XS":null,"BYBZ":"3","JSJC":4,"XXXQDM":null,"KXH":null,"KSJC":1,"XKZRS":null,"SKZC":"111111110000000000000000000000","SKJS":null,"ISTK":0,"ZCMC":"1-8周","YPSJDD":null,"XF":null,"SKXQ":4,"XNXQDM":"2024-2025-2","KCM":"数字插画","JASDM":"0201020302","JXLDM":null,"JXBID":null,"SKBJ":"数媒2301","TYXMDM":null,"KCH":"20244124033"},{"KKDWDM":null,"XS":null,"BYBZ":"3","JSJC":4,"XXXQDM":null,"KXH":null,"KSJC":1,"XKZRS":null,"SKZC":"111111111111111110000000000000","SKJS":"王德群","ISTK":0,"ZCMC":"1-17周","YPSJDD":null,"XF":null,"SKXQ":4,"XNXQDM":"2024-2025-2","KCM":"数字插画","JASDM":"0201020302","JXLDM":null,"JXBID":null,"SKBJ":"数媒2301","TYXMDM":null,"KCH":"20244124033"},{"KKDWDM":null,"XS":null,"BYBZ":"3","JSJC":4,"XXXQDM":null,"KXH":null,"KSJC":1,"XKZRS":null,"SKZC":"111111110000000000000000000000","SKJS":"张禹","ISTK":0,"ZCMC":"1-8周","YPSJDD":null,"XF":null,"SKXQ":1,"XNXQDM":"2024-2025-2","KCM":"CI设计2","JASDM":"0201020302","JXLDM":null,"JXBID":null,"SKBJ":"平面2201","TYXMDM":null,"KCH":"20244124035"},{"KKDWDM":null,"XS":null,"BYBZ":"3","JSJC":9,"XXXQDM":null,"KXH":null,"KSJC":6,"XKZRS":null,"SKZC":"111111110000000000000000000000","SKJS":"张禹","ISTK":0,"ZCMC":"1-8周","YPSJDD":null,"XF":null,"SKXQ":2,"XNXQDM":"2024-2025-2","KCM":"CI设计2","JASDM":"0201020302","JXLDM":null,"JXBID":null,"SKBJ":"平面2201","TYXMDM":null,"KCH":"20244124035"},{"KKDWDM":null,"XS":null,"BYBZ":"3","JSJC":4,"XXXQDM":null,"KXH":null,"KSJC":1,"XKZRS":null,"SKZC":"111111110000000000000000000000","SKJS":"张禹","ISTK":0,"ZCMC":"1-8周","YPSJDD":null,"XF":null,"SKXQ":3,"XNXQDM":"2024-2025-2","KCM":"CI设计2","JASDM":"0201020302","JXLDM":null,"JXBID":null,"SKBJ":"平面2202","TYXMDM":null,"KCH":"20244124035"},{"KKDWDM":null,"XS":null,"BYBZ":"3","JSJC":10,"XXXQDM":null,"KXH":null,"KSJC":9,"XKZRS":null,"SKZC":"111111111000000000000000000000","SKJS":"高莹","ISTK":0,"ZCMC":"1-9周","YPSJDD":null,"XF":null,"SKXQ":1,"XNXQDM":"2024-2025-2","KCM":"人力资源管理实务","JASDM":"0201020302","JXLDM":null,"JXBID":null,"SKBJ":"HRM2201","TYXMDM":null,"KCH":"20244124061"},{"KKDWDM":null,"XS":null,"BYBZ":"3","JSJC":4,"XXXQDM":null,"KXH":null,"KSJC":3,"XKZRS":null,"SKZC":"111111111000000000000000000000","SKJS":"高莹","ISTK":0,"ZCMC":"1-9周","YPSJDD":null,"XF":null,"SKXQ":5,"XNXQDM":"2024-2025-2","KCM":"人力资源管理实务","JASDM":"0201020302","JXLDM":null,"JXBID":null,"SKBJ":"HRM2201","TYXMDM":null,"KCH":"20244124061"},{"KKDWDM":null,"XS":null,"BYBZ":"3","JSJC":7,"XXXQDM":null,"KXH":null,"KSJC":6,"XKZRS":null,"SKZC":"111111111000000000000000000000","SKJS":"胡蝶","ISTK":0,"ZCMC":"1-9周","YPSJDD":null,"XF":null,"SKXQ":1,"XNXQDM":"2024-2025-2","KCM":"管理企业文化与战略","JASDM":"0201020302","JXLDM":null,"JXBID":null,"SKBJ":"GTB2204","TYXMDM":null,"KCH":"20244124078"},{"KKDWDM":null,"XS":null,"BYBZ":"3","JSJC":2,"XXXQDM":null,"KXH":null,"KSJC":1,"XKZRS":null,"SKZC":"111111111000000000000000000000","SKJS":"许鹏","ISTK":0,"ZCMC":"1-9周","YPSJDD":null,"XF":null,"SKXQ":2,"XNXQDM":"2024-2025-2","KCM":"国际商业组织","JASDM":"0201020302","JXLDM":null,"JXBID":null,"SKBJ":"GTB2204","TYXMDM":null,"KCH":"20244124106"}]}},"code":"0"}