{"datas":{"jaskcb":{"extParams":{"code":1,"msg":"查询成功"},"pageSize":0,"pageNumber":0,"totalSize":-1,"rows":[{"KKDWDM":"003","XS":24,"BYBZ":"0","JSJC":8,"XXXQDM":"02","KXH":"01","KSJC":6,"XKZRS":71,"SKZC":"111111110000000000000000","SKJS":"刘爽","ISTK":0,"ZCMC":"1-8周","YPSJDD":"1-8周 星期三 第6节-第8节 南湖北-爱特楼-101","XF":1,"SKXQ":3,"XNXQDM":"2024-2025-2","KCM":"聚合物加工设备","JASDM":"0201010101","JXLDM":"020101","JXBID":"20242-02659","SKBJ":"高分子2201-02","TYXMDM":null,"KCH":"10035121036"},{"KKDWDM":"004","XS":16,"BYBZ":"0","JSJC":2,"XXXQDM":"02","KXH":"01","KSJC":1,"XKZRS":87,"SKZC":"11111111","SKJS":"郝华","ISTK":0,"ZCMC":"1-8周","YPSJDD":"1-8周 星期一 第1节-第2节 南湖北-爱特楼-101","XF":1,"SKXQ":1,"XNXQDM":"2024-2025-2","KCM":"纳米科学与技术","JASDM":"0201010101","JXLDM":"020101","JXBID":"20242-03123","SKBJ":"材科sy2201-03","TYXMDM":null,"KCH":"10045121009"},{"KKDWDM":"004","XS":16,"BYBZ":"0","JSJC":4,"XXXQDM":"02","KXH":"01","KSJC":3,"XKZRS":87,"SKZC":"11111111","SKJS":"丁杰,杨雪媛,黄文超","ISTK":0,"ZCMC":"1-8周","YPSJDD":"1-8周 星期三 第3节-第4节 南湖北-爱特楼-101","XF":1,"SKXQ":3,"XNXQDM":"2024-2025-2","KCM":"复合材料","JASDM":"0201010101","JXLDM":"020101","JXBID":"20242-03284","SKBJ":"材科sy2201-03","TYXMDM":null,"KCH":"10045121010"},{"KKDWDM":"004","XS":16,"BYBZ":"0","JSJC":4,"XXXQDM":"02","KXH":"01","KSJC":3,"XKZRS":30,"SKZC":"11111111","SKJS":"陈万煜","ISTK":0,"ZCMC":"1-8周","YPSJDD":"1-8周 星期一 第3节-第4节 南湖北-爱特楼-101","XF":1,"SKXQ":1,"XNXQDM":"2024-2025-2","KCM":"高分子材料","JASDM":"0201010101","JXLDM":"020101","JXBID":"20242-03208","SKBJ":"材科sy2201-03","TYXMDM":null,"KCH":"10045121013"},{"KKDWDM":"004","XS":16,"BYBZ":"0","JSJC":4,"XXXQDM":"02","KXH":"01","KSJC":3,"XKZRS":82,"SKZC":"11111111","SKJS":"郭冬云","ISTK":0,"ZCMC":"1-8周","YPSJDD":"1-8周 星期四 第3节-第4节 南湖北-爱特楼-101","XF":1,"SKXQ":4,"XNXQDM":"2024-2025-2","KCM":"能源与材料","JASDM":"0201010101","JXLDM":"020101","JXBID":"20242-02611","SKBJ":"材科sy2201-03","TYXMDM":null,"KCH":"10046116030"},{"KKDWDM":"004","XS":16,"BYBZ":"0","JSJC":2,"XXXQDM":"02","KXH":"01","KSJC":1,"XKZRS":73,"SKZC":"11111111","SKJS":"尧中华,张鑫","ISTK":0,"ZCMC":"1-8周","YPSJDD":"1-8周 星期二 第1节-第2节 南湖北-爱特楼-101","XF":1,"SKXQ":2,"XNXQDM":"2024-2025-2","KCM":"电介质材料","JASDM":"0201010101","JXLDM":"020101","JXBID":"20242-02510","SKBJ":"材科sy2201-03","TYXMDM":null,"KCH":"10045121016"},{"KKDWDM":"004","XS":16,"BYBZ":"0","JSJC":2,"XXXQDM":"02","KXH":"01","KSJC":1,"XKZRS":52,"SKZC":"11111111","SKJS":"饶美娟","ISTK":0,"ZCMC":"1-8周","YPSJDD":"1-8周 星期四 第1节-第2节 南湖北-爱特楼-101","XF":1,"SKXQ":4,"XNXQDM":"2024-2025-2","KCM":"海洋与材料","JASDM":"0201010101","JXLDM":"020101","JXBID":"20242-03211","SKBJ":"材科sy2201-03","TYXMDM":null,"KCH":"10046116027"},{"KKDWDM":"003","XS":32,"BYBZ":"0","JSJC":8,"XXXQDM":"02","KXH":"01","KSJC":6,"XKZRS":56,"SKZC":"111110111011000000000000","SKJS":"丁安心,胡海晓,蔡伟,陈宏达","ISTK":0,"ZCMC":"1-5周,7-9周,11-12周","YPSJDD":"13周 星期六 第6节-第7节 南湖北-爱特楼-101,1-5周,7-9周,11-12周 星期六 第6节-第8节 南湖北-爱特楼-101","XF":2,"SKXQ":6,"XNXQDM":"2024-2025-2","KCM":"先进复合材料应用与发展(JD)","JASDM":"0201010101","JXLDM":"020101","JXBID":"20242-07099","SKBJ":"公选-07099","TYXMDM":null,"KCH":"10036121144"},{"KKDWDM":"009","XS":32,"BYBZ":"0","JSJC":5,"XXXQDM":"02","KXH":"01","KSJC":3,"XKZRS":14,"SKZC":"111110000000000000000000000000","SKJS":"白硕","ISTK":0,"ZCMC":"1-5周","YPSJDD":"7-8周 星期日 第3节-第5节 南湖北-爱特楼-101,11周 星期日 第3节-第5节 南湖北-爱特楼-101,1-5周 星期日 第3节-第5节 南湖北-爱特楼-101","XF":2,"SKXQ":7,"XNXQDM":"2024-2025-2","KCM":"工程自动化施工技术","JASDM":"0201010101","JXLDM":"020101","JXBID":"20242-06031","SKBJ":"智能建造微2024","TYXMDM":null,"KCH":"10094123006"},{"KKDWDM":"004","XS":16,"BYBZ":"0","JSJC":2,"XXXQDM":"02","KXH":"01","KSJC":1,"XKZRS":29,"SKZC":"111110000000000000000000000000","SKJS":"王友法","ISTK":0,"ZCMC":"1-5周","YPSJDD":"7-8周 星期五 第1节-第2节 南湖北-爱特楼-101,9周 星期日 第1节-第2节 南湖北-爱特楼-101,1-5周 星期五 第1节-第2节 南湖北-爱特楼-101","XF":1,"SKXQ":5,"XNXQDM":"2024-2025-2","KCM":"生物与材料","JASDM":"0201010101","JXLDM":"020101","JXBID":"20242-03223","SKBJ":"材科sy2201-03","TYXMDM":null,"KCH":"10046116026"},{"KKDWDM":"004","XS":16,"BYBZ":"0","JSJC":4,"XXXQDM":"02","KXH":"01","KSJC":3,"XKZRS":71,"SKZC":"111110000000000000000000000000","SKJS":"张继红","ISTK":0,"ZCMC":"1-5周","YPSJDD":"1-5周 星期五 第3节-第4节 南湖北-爱特楼-101,9周 星期日 第3节-第4节 南湖北-爱特楼-101,7-8周 星期五 第3节-第4节 南湖北-爱特楼-101","XF":1,"SKXQ":5,"XNXQDM":"2024-2025-2","KCM":"传感器与材料","JASDM":"0201010101","JXLDM":"020101","JXBID":"20242-03250","SKBJ":"材科sy2201-03","TYXMDM":null,"KCH":"10046116025"},{"KKDWDM":"007","XS":32,"BYBZ":"0","JSJC":2,"XXXQDM":"02","KXH":"01","KSJC":1,"XKZRS":73,"SKZC":"111110000000000000000000000000","SKJS":"温艳,陈奔","ISTK":0,"ZCMC":"1-5周","YPSJDD":"16周 星期日 第1节-第2节 南湖北-爱特楼-101,7-9周 星期六 第1节-第2节 南湖北-爱特楼-101,11-13周 星期六 第1节-第2节 南湖北-爱特楼-101,15-16周 星期六 第1节-第2节 南湖北-爱特楼-101,1-5周 星期六 第1节-第2节 南湖北-爱特楼-101","XF":2,"SKXQ":6,"XNXQDM":"2024-2025-2","KCM":"发动机原理E","JASDM":"0201010101","JXLDM":"020101","JXBID":"20242-07400","SKBJ":"公选-07400","TYXMDM":null,"KCH":"10076121280"},{"KKDWDM":"028","XS":32,"BYBZ":"0","JSJC":12,"XXXQDM":"02","KXH":"01","KSJC":11,"XKZRS":80,"SKZC":"111100000000000000000000","SKJS":"徐青芳,章嵩,高藤华","ISTK":0,"ZCMC":"1-4周","YPSJDD":"1-4周 星期一 第11节-第12节 南湖北-爱特楼-101","XF":2,"SKXQ":1,"XNXQDM":"2024-2025-2","KCM":"新一代薄膜与涂层制备技术(JD)","JASDM":"0201010101","JXLDM":"020101","JXBID":"20242-08842","SKBJ":"公选-08842","TYXMDM":null,"KCH":"10286121013"},{"KKDWDM":"007","XS":32,"BYBZ":"0","JSJC":2,"XXXQDM":"02","KXH":"01","KSJC":1,"XKZRS":73,"SKZC":"000000111000000000000000000000","SKJS":"温艳,陈奔","ISTK":0,"ZCMC":"7-9周","YPSJDD":"16周 星期日 第1节-第2节 南湖北-爱特楼-101,7-9周 星期六 第1节-第2节 南湖北-爱特楼-101,11-13周 星期六 第1节-第2节 南湖北-爱特楼-101,15-16周 星期六 第1节-第2节 南湖北-爱特楼-101,1-5周 星期六 第1节-第2节 南湖北-爱特楼-101","XF":2,"SKXQ":6,"XNXQDM":"2024-2025-2","KCM":"发动机原理E","JASDM":"0201010101","JXLDM":"020101","JXBID":"20242-07400","SKBJ":"公选-07400","TYXMDM":null,"KCH":"10076121280"},{"KKDWDM":"004","XS":16,"BYBZ":"0","JSJC":2,"XXXQDM":"02","KXH":"01","KSJC":1,"XKZRS":29,"SKZC":"000000110000000000000000000000","SKJS":"王友法","ISTK":0,"ZCMC":"7-8周","YPSJDD":"7-8周 星期五 第1节-第2节 南湖北-爱特楼-101,9周 星期日 第1节-第2节 南湖北-爱特楼-101,1-5周 星期五 第1节-第2节 南湖北-爱特楼-101","XF":1,"SKXQ":5,"XNXQDM":"2024-2025-2","KCM":"生物与材料","JASDM":"0201010101","JXLDM":"020101","JXBID":"20242-03223","SKBJ":"材科sy2201-03","TYXMDM":null,"KCH":"10046116026"},{"KKDWDM":"011","XS":16,"BYBZ":"0","JSJC":4,"XXXQDM":"02","KXH":"01","KSJC":3,"XKZRS":23,"SKZC":"000000110000000000000000000000","SKJS":"刘佳宜","ISTK":0,"ZCMC":"7-8周","YPSJDD":"15-16周 星期六 第3节-第4节 南湖北-爱特楼-101,9周 星期六 第3节-第4节 南湖北-爱特楼-101,11-13周 星期六 第3节-第4节 南湖北-爱特楼-101,7-8周 星期六 第3节-第4节 南湖北-爱特楼-101","XF":1,"SKXQ":6,"XNXQDM":"2024-2025-2","KCM":"工业机器人与智能拆解(GX)","JASDM":"0201010101","JXLDM":"020101","JXBID":"20242-07751","SKBJ":"公选-07751","TYXMDM":null,"KCH":"10202124003"},{"KKDWDM":"004","XS":16,"BYBZ":"0","JSJC":4,"XXXQDM":"02","KXH":"01","KSJC":3,"XKZRS":71,"SKZC":"000000110000000000000000000000","SKJS":"张继红","ISTK":0,"ZCMC":"7-8周","YPSJDD":"1-5周 星期五 第3节-第4节 南湖北-爱特楼-101,9周 星期日 第3节-第4节 南湖北-爱特楼-101,7-8周 星期五 第3节-第4节 南湖北-爱特楼-101","XF":1,"SKXQ":5,"XNXQDM":"2024-2025-2","KCM":"传感器与材料","JASDM":"0201010101","JXLDM":"020101","JXBID":"20242-03250","SKBJ":"材科sy2201-03","TYXMDM":null,"KCH":"10046116025"},{"KKDWDM":"009","XS":32,"BYBZ":"0","JSJC":5,"XXXQDM":"02","KXH":"01","KSJC":3,"XKZRS":14,"SKZC":"000000110000000000000000000000","SKJS":"白硕","ISTK":0,"ZCMC":"7-8周","YPSJDD":"7-8周 星期日 第3节-第5节 南湖北-爱特楼-101,11周 星期日 第3节-第5节 南湖北-爱特楼-101,1-5周 星期日 第3节-第5节 南湖北-爱特楼-101","XF":2,"SKXQ":7,"XNXQDM":"2024-2025-2","KCM":"工程自动化施工技术","JASDM":"0201010101","JXLDM":"020101","JXBID":"20242-06031","SKBJ":"智能建造微2024","TYXMDM":null,"KCH":"10094123006"},{"KKDWDM":"004","XS":16,"BYBZ":"0","JSJC":4,"XXXQDM":"02","KXH":"01","KSJC":3,"XKZRS":30,"SKZC":"000000001111111100000000","SKJS":"张鑫,阮健","ISTK":0,"ZCMC":"9-16周","YPSJDD":"9-16周 星期三 第3节-第4节 南湖北-爱特楼-101","XF":1,"SKXQ":3,"XNXQDM":"2024-2025-2","KCM":"无机非金属材料","JASDM":"0201010101","JXLDM":"020101","JXBID":"20242-03252","SKBJ":"材科sy2201-03","TYXMDM":null,"KCH":"10045121011"},{"KKDWDM":"004","XS":16,"BYBZ":"0","JSJC":4,"XXXQDM":"02","KXH":"01","KSJC":3,"XKZRS":83,"SKZC":"000000001111111100000000","SKJS":"孙涛垒,沈雷,高冠斌","ISTK":0,"ZCMC":"9-16周","YPSJDD":"9-16周 星期二 第3节-第4节 南湖北-爱特楼-101","XF":1,"SKXQ":2,"XNXQDM":"2024-2025-2","KCM":"仿生材料","JASDM":"0201010101","JXLDM":"020101","JXBID":"20242-03188","SKBJ":"材科sy2201-03","TYXMDM":null,"KCH":"10045121014"},{"KKDWDM":"004","XS":16,"BYBZ":"0","JSJC":2,"XXXQDM":"02","KXH":"01","KSJC":1,"XKZRS":38,"SKZC":"0000000011111111","SKJS":"许蕾蕾","ISTK":0,"ZCMC":"9-16周","YPSJDD":"9-16周 星期三 第1节-第2节 南湖北-爱特楼-101","XF":1,"SKXQ":3,"XNXQDM":"2024-2025-2","KCM":"微纳机器人","JASDM":"0201010101","JXLDM":"020101","JXBID":"20242-03099","SKBJ":"材科sy2201-03","TYXMDM":null,"KCH":"10045121008"},{"KKDWDM":"004","XS":16,"BYBZ":"0","JSJC":7,"XXXQDM":"02","KXH":"01","KSJC":6,"XKZRS":80,"SKZC":"0000000011111111","SKJS":"卢毅,田歌,阳晓宇","ISTK":0,"ZCMC":"9-16周","YPSJDD":"9-16周 星期二 第6节-第7节 南湖北-爱特楼-101","XF":1,"SKXQ":2,"XNXQDM":"2024-2025-2","KCM":"半导体材料","JASDM":"0201010101","JXLDM":"020101","JXBID":"20242-02542","SKBJ":"材科sy2201-03","TYXMDM":null,"KCH":"10045121017"},{"KKDWDM":"004","XS":16,"BYBZ":"0","JSJC":7,"XXXQDM":"02","KXH":"01","KSJC":6,"XKZRS":85,"SKZC":"000000001100000000000000000000","SKJS":"魏平","ISTK":0,"ZCMC":"9-10周","YPSJDD":"16-17周 星期一 第6节-第7节 南湖北-爱特楼-101,12-14周 星期一 第6节-第7节 南湖北-爱特楼-101,17周 星期二 第6节-第7节 南湖北-爱特楼-101,9-10周 星期一 第6节-第7节 南湖北-爱特楼-101","XF":1,"SKXQ":1,"XNXQDM":"2024-2025-2","KCM":"空间与材料","JASDM":"0201010101","JXLDM":"020101","JXBID":"20242-03189","SKBJ":"材科sy2201-03","TYXMDM":null,"KCH":"10046116028"},{"KKDWDM":"004","XS":16,"BYBZ":"0","JSJC":10,"XXXQDM":"02","KXH":"01","KSJC":9,"XKZRS":53,"SKZC":"000000001100000000000000000000","SKJS":"徐青芳,涂溶,王传彬,高藤华","ISTK":0,"ZCMC":"9-10周","YPSJDD":"16-17周 星期一 第9节-第10节 南湖北-爱特楼-101,9-10周 星期一 第9节-第10节 南湖北-爱特楼-101,17周 星期二 第9节-第10节 南湖北-爱特楼-101,12-14周 星期一 第9节-第10节 南湖北-爱特楼-101","XF":1,"SKXQ":1,"XNXQDM":"2024-2025-2","KCM":"薄膜材料","JASDM":"0201010101","JXLDM":"020101","JXBID":"20242-03138","SKBJ":"材科sy2201-03","TYXMDM":null,"KCH":"10045121006"},{"KKDWDM":"004","XS":16,"BYBZ":"0","JSJC":2,"XXXQDM":"02","KXH":"01","KSJC":1,"XKZRS":56,"SKZC":"000000001000000000000000000000","SKJS":"尧中华,张鑫","ISTK":0,"ZCMC":"9周","YPSJDD":"11-17周 星期四 第1节-第2节 南湖北-爱特楼-101,9周 星期四 第1节-第2节 南湖北-爱特楼-101","XF":1,"SKXQ":4,"XNXQDM":"2024-2025-2","KCM":"信息与材料","JASDM":"0201010101","JXLDM":"020101","JXBID":"20242-03156","SKBJ":"材科sy2201-03","TYXMDM":null,"KCH":"10046116029"},{"KKDWDM":"004","XS":16,"BYBZ":"0","JSJC":4,"XXXQDM":"02","KXH":"01","KSJC":3,"XKZRS":71,"SKZC":"000000001000000000000000000000","SKJS":"张继红","ISTK":0,"ZCMC":"9周","YPSJDD":"1-5周 星期五 第3节-第4节 南湖北-爱特楼-101,9周 星期日 第3节-第4节 南湖北-爱特楼-101,7-8周 星期五 第3节-第4节 南湖北-爱特楼-101","XF":1,"SKXQ":7,"XNXQDM":"2024-2025-2","KCM":"传感器与材料","JASDM":"0201010101","JXLDM":"020101","JXBID":"20242-03250","SKBJ":"材科sy2201-03","TYXMDM":null,"KCH":"10046116025"},{"KKDWDM":"011","XS":16,"BYBZ":"0","JSJC":4,"XXXQDM":"02","KXH":"01","KSJC":3,"XKZRS":23,"SKZC":"000000001000000000000000000000","SKJS":"刘佳宜","ISTK":0,"ZCMC":"9周","YPSJDD":"15-16周 星期六 第3节-第4节 南湖北-爱特楼-101,9周 星期六 第3节-第4节 南湖北-爱特楼-101,11-13周 星期六 第3节-第4节 南湖北-爱特楼-101,7-8周 星期六 第3节-第4节 南湖北-爱特楼-101","XF":1,"SKXQ":6,"XNXQDM":"2024-2025-2","KCM":"工业机器人与智能拆解(GX)","JASDM":"0201010101","JXLDM":"020101","JXBID":"20242-07751","SKBJ":"公选-07751","TYXMDM":null,"KCH":"10202124003"},{"KKDWDM":"004","XS":16,"BYBZ":"0","JSJC":2,"XXXQDM":"02","KXH":"01","KSJC":1,"XKZRS":29,"SKZC":"000000001000000000000000000000","SKJS":"王友法","ISTK":0,"ZCMC":"9周","YPSJDD":"7-8周 星期五 第1节-第2节 南湖北-爱特楼-101,9周 星期日 第1节-第2节 南湖北-爱特楼-101,1-5周 星期五 第1节-第2节 南湖北-爱特楼-101","XF":1,"SKXQ":7,"XNXQDM":"2024-2025-2","KCM":"生物与材料","JASDM":"0201010101","JXLDM":"020101","JXBID":"20242-03223","SKBJ":"材科sy2201-03","TYXMDM":null,"KCH":"10046116026"},{"KKDWDM":"004","XS":16,"BYBZ":"0","JSJC":4,"XXXQDM":"02","KXH":"01","KSJC":3,"XKZRS":49,"SKZC":"000000001000000000000000000000","SKJS":"张文芹,杨露,王桂明","ISTK":0,"ZCMC":"9周","YPSJDD":"11-16周 星期五 第3节-第4节 南湖北-爱特楼-101,9周 星期五 第3节-第4节 南湖北-爱特楼-101,17周 星期三 第3节-第4节 南湖北-爱特楼-101","XF":1,"SKXQ":5,"XNXQDM":"2024-2025-2","KCM":"环境与材料","JASDM":"0201010101","JXLDM":"020101","JXBID":"20242-02561","SKBJ":"材科sy2201-03","TYXMDM":null,"KCH":"10046116031"},{"KKDWDM":"004","XS":16,"BYBZ":"0","JSJC":2,"XXXQDM":"02","KXH":"01","KSJC":1,"XKZRS":56,"SKZC":"000000000011111110000000000000","SKJS":"尧中华,张鑫","ISTK":0,"ZCMC":"11-17周","YPSJDD":"11-17周 星期四 第1节-第2节 南湖北-爱特楼-101,9周 星期四 第1节-第2节 南湖北-爱特楼-101","XF":1,"SKXQ":4,"XNXQDM":"2024-2025-2","KCM":"信息与材料","JASDM":"0201010101","JXLDM":"020101","JXBID":"20242-03156","SKBJ":"材科sy2201-03","TYXMDM":null,"KCH":"10046116029"},{"KKDWDM":"004","XS":16,"BYBZ":"0","JSJC":4,"XXXQDM":"02","KXH":"01","KSJC":3,"XKZRS":49,"SKZC":"000000000011111100000000000000","SKJS":"张文芹,杨露,王桂明","ISTK":0,"ZCMC":"11-16周","YPSJDD":"11-16周 星期五 第3节-第4节 南湖北-爱特楼-101,9周 星期五 第3节-第4节 南湖北-爱特楼-101,17周 星期三 第3节-第4节 南湖北-爱特楼-101","XF":1,"SKXQ":5,"XNXQDM":"2024-2025-2","KCM":"环境与材料","JASDM":"0201010101","JXLDM":"020101","JXBID":"20242-02561","SKBJ":"材科sy2201-03","TYXMDM":null,"KCH":"10046116031"},{"KKDWDM":"007","XS":32,"BYBZ":"0","JSJC":2,"XXXQDM":"02","KXH":"01","KSJC":1,"XKZRS":73,"SKZC":"000000000011100000000000000000","SKJS":"温艳,陈奔","ISTK":0,"ZCMC":"11-13周","YPSJDD":"16周 星期日 第1节-第2节 南湖北-爱特楼-101,7-9周 星期六 第1节-第2节 南湖北-爱特楼-101,11-13周 星期六 第1节-第2节 南湖北-爱特楼-101,15-16周 星期六 第1节-第2节 南湖北-爱特楼-101,1-5周 星期六 第1节-第2节 南湖北-爱特楼-101","XF":2,"SKXQ":6,"XNXQDM":"2024-2025-2","KCM":"发动机原理E","JASDM":"0201010101","JXLDM":"020101","JXBID":"20242-07400","SKBJ":"公选-07400","TYXMDM":null,"KCH":"10076121280"},{"KKDWDM":"011","XS":16,"BYBZ":"0","JSJC":4,"XXXQDM":"02","KXH":"01","KSJC":3,"XKZRS":23,"SKZC":"000000000011100000000000000000","SKJS":"刘佳宜","ISTK":0,"ZCMC":"11-13周","YPSJDD":"15-16周 星期六 第3节-第4节 南湖北-爱特楼-101,9周 星期六 第3节-第4节 南湖北-爱特楼-101,11-13周 星期六 第3节-第4节 南湖北-爱特楼-101,7-8周 星期六 第3节-第4节 南湖北-爱特楼-101","XF":1,"SKXQ":6,"XNXQDM":"2024-2025-2","KCM":"工业机器人与智能拆解(GX)","JASDM":"0201010101","JXLDM":"020101","JXBID":"20242-07751","SKBJ":"公选-07751","TYXMDM":null,"KCH":"10202124003"},{"KKDWDM":"009","XS":32,"BYBZ":"0","JSJC":5,"XXXQDM":"02","KXH":"01","KSJC":3,"XKZRS":14,"SKZC":"000000000010000000000000000000","SKJS":"白硕","ISTK":0,"ZCMC":"11周","YPSJDD":"7-8周 星期日 第3节-第5节 南湖北-爱特楼-101,11周 星期日 第3节-第5节 南湖北-爱特楼-101,1-5周 星期日 第3节-第5节 南湖北-爱特楼-101","XF":2,"SKXQ":7,"XNXQDM":"2024-2025-2","KCM":"工程自动化施工技术","JASDM":"0201010101","JXLDM":"020101","JXBID":"20242-06031","SKBJ":"智能建造微2024","TYXMDM":null,"KCH":"10094123006"},{"KKDWDM":"004","XS":16,"BYBZ":"0","JSJC":10,"XXXQDM":"02","KXH":"01","KSJC":9,"XKZRS":53,"SKZC":"000000000001110000000000000000","SKJS":"徐青芳,涂溶,王传彬,高藤华","ISTK":0,"ZCMC":"12-14周","YPSJDD":"16-17周 星期一 第9节-第10节 南湖北-爱特楼-101,9-10周 星期一 第9节-第10节 南湖北-爱特楼-101,17周 星期二 第9节-第10节 南湖北-爱特楼-101,12-14周 星期一 第9节-第10节 南湖北-爱特楼-101","XF":1,"SKXQ":1,"XNXQDM":"2024-2025-2","KCM":"薄膜材料","JASDM":"0201010101","JXLDM":"020101","JXBID":"20242-03138","SKBJ":"材科sy2201-03","TYXMDM":null,"KCH":"10045121006"},{"KKDWDM":"004","XS":16,"BYBZ":"0","JSJC":7,"XXXQDM":"02","KXH":"01","KSJC":6,"XKZRS":85,"SKZC":"000000000001110000000000000000","SKJS":"魏平","ISTK":0,"ZCMC":"12-14周","YPSJDD":"16-17周 星期一 第6节-第7节 南湖北-爱特楼-101,12-14周 星期一 第6节-第7节 南湖北-爱特楼-101,17周 星期二 第6节-第7节 南湖北-爱特楼-101,9-10周 星期一 第6节-第7节 南湖北-爱特楼-101","XF":1,"SKXQ":1,"XNXQDM":"2024-2025-2","KCM":"空间与材料","JASDM":"0201010101","JXLDM":"020101","JXBID":"20242-03189","SKBJ":"材科sy2201-03","TYXMDM":null,"KCH":"10046116028"},{"KKDWDM":"003","XS":32,"BYBZ":"0","JSJC":7,"XXXQDM":"02","KXH":"01","KSJC":6,"XKZRS":56,"SKZC":"000000000000100000000000","SKJS":"丁安心,胡海晓,蔡伟,陈宏达","ISTK":0,"ZCMC":"13周","YPSJDD":"13周 星期六 第6节-第7节 南湖北-爱特楼-101,1-5周,7-9周,11-12周 星期六 第6节-第8节 南湖北-爱特楼-101","XF":2,"SKXQ":6,"XNXQDM":"2024-2025-2","KCM":"先进复合材料应用与发展(JD)","JASDM":"0201010101","JXLDM":"020101","JXBID":"20242-07099","SKBJ":"公选-07099","TYXMDM":null,"KCH":"10036121144"},{"KKDWDM":"011","XS":16,"BYBZ":"0","JSJC":4,"XXXQDM":"02","KXH":"01","KSJC":3,"XKZRS":23,"SKZC":"000000000000001100000000000000","SKJS":"刘佳宜","ISTK":0,"ZCMC":"15-16周","YPSJDD":"15-16周 星期六 第3节-第4节 南湖北-爱特楼-101,9周 星期六 第3节-第4节 南湖北-爱特楼-101,11-13周 星期六 第3节-第4节 南湖北-爱特楼-101,7-8周 星期六 第3节-第4节 南湖北-爱特楼-101","XF":1,"SKXQ":6,"XNXQDM":"2024-2025-2","KCM":"工业机器人与智能拆解(GX)","JASDM":"0201010101","JXLDM":"020101","JXBID":"20242-07751","SKBJ":"公选-07751","TYXMDM":null,"KCH":"10202124003"},{"KKDWDM":"007","XS":32,"BYBZ":"0","JSJC":2,"XXXQDM":"02","KXH":"01","KSJC":1,"XKZRS":73,"SKZC":"000000000000001100000000000000","SKJS":"温艳,陈奔","ISTK":0,"ZCMC":"15-16周","YPSJDD":"16周 星期日 第1节-第2节 南湖北-爱特楼-101,7-9周 星期六 第1节-第2节 南湖北-爱特楼-101,11-13周 星期六 第1节-第2节 南湖北-爱特楼-101,15-16周 星期六 第1节-第2节 南湖北-爱特楼-101,1-5周 星期六 第1节-第2节 南湖北-爱特楼-101","XF":2,"SKXQ":6,"XNXQDM":"2024-2025-2","KCM":"发动机原理E","JASDM":"0201010101","JXLDM":"020101","JXBID":"20242-07400","SKBJ":"公选-07400","TYXMDM":null,"KCH":"10076121280"},{"KKDWDM":"004","XS":16,"BYBZ":"0","JSJC":7,"XXXQDM":"02","KXH":"01","KSJC":6,"XKZRS":85,"SKZC":"000000000000000110000000000000","SKJS":"魏平","ISTK":0,"ZCMC":"16-17周","YPSJDD":"16-17周 星期一 第6节-第7节 南湖北-爱特楼-101,12-14周 星期一 第6节-第7节 南湖北-爱特楼-101,17周 星期二 第6节-第7节 南湖北-爱特楼-101,9-10周 星期一 第6节-第7节 南湖北-爱特楼-101","XF":1,"SKXQ":1,"XNXQDM":"2024-2025-2","KCM":"空间与材料","JASDM":"0201010101","JXLDM":"020101","JXBID":"20242-03189","SKBJ":"材科sy2201-03","TYXMDM":null,"KCH":"10046116028"},{"KKDWDM":"004","XS":16,"BYBZ":"0","JSJC":10,"XXXQDM":"02","KXH":"01","KSJC":9,"XKZRS":53,"SKZC":"000000000000000110000000000000","SKJS":"徐青芳,涂溶,王传彬,高藤华","ISTK":0,"ZCMC":"16-17周","YPSJDD":"16-17周 星期一 第9节-第10节 南湖北-爱特楼-101,9-10周 星期一 第9节-第10节 南湖北-爱特楼-101,17周 星期二 第9节-第10节 南湖北-爱特楼-101,12-14周 星期一 第9节-第10节 南湖北-爱特楼-101","XF":1,"SKXQ":1,"XNXQDM":"2024-2025-2","KCM":"薄膜材料","JASDM":"0201010101","JXLDM":"020101","JXBID":"20242-03138","SKBJ":"材科sy2201-03","TYXMDM":null,"KCH":"10045121006"},{"KKDWDM":"007","XS":32,"BYBZ":"0","JSJC":2,"XXXQDM":"02","KXH":"01","KSJC":1,"XKZRS":73,"SKZC":"000000000000000100000000000000","SKJS":"温艳,陈奔","ISTK":0,"ZCMC":"16周","YPSJDD":"16周 星期日 第1节-第2节 南湖北-爱特楼-101,7-9周 星期六 第1节-第2节 南湖北-爱特楼-101,11-13周 星期六 第1节-第2节 南湖北-爱特楼-101,15-16周 星期六 第1节-第2节 南湖北-爱特楼-101,1-5周 星期六 第1节-第2节 南湖北-爱特楼-101","XF":2,"SKXQ":7,"XNXQDM":"2024-2025-2","KCM":"发动机原理E","JASDM":"0201010101","JXLDM":"020101","JXBID":"20242-07400","SKBJ":"公选-07400","TYXMDM":null,"KCH":"10076121280"},{"KKDWDM":"004","XS":16,"BYBZ":"0","JSJC":10,"XXXQDM":"02","KXH":"01","KSJC":9,"XKZRS":53,"SKZC":"000000000000000010000000000000","SKJS":"徐青芳,涂溶,王传彬,高藤华","ISTK":0,"ZCMC":"17周","YPSJDD":"16-17周 星期一 第9节-第10节 南湖北-爱特楼-101,9-10周 星期一 第9节-第10节 南湖北-爱特楼-101,17周 星期二 第9节-第10节 南湖北-爱特楼-101,12-14周 星期一 第9节-第10节 南湖北-爱特楼-101","XF":1,"SKXQ":2,"XNXQDM":"2024-2025-2","KCM":"薄膜材料","JASDM":"0201010101","JXLDM":"020101","JXBID":"20242-03138","SKBJ":"材科sy2201-03","TYXMDM":null,"KCH":"10045121006"},{"KKDWDM":"004","XS":16,"BYBZ":"0","JSJC":4,"XXXQDM":"02","KXH":"01","KSJC":3,"XKZRS":49,"SKZC":"000000000000000010000000000000","SKJS":"张文芹,杨露,王桂明","ISTK":0,"ZCMC":"17周","YPSJDD":"11-16周 星期五 第3节-第4节 南湖北-爱特楼-101,9周 星期五 第3节-第4节 南湖北-爱特楼-101,17周 星期三 第3节-第4节 南湖北-爱特楼-101","XF":1,"SKXQ":3,"XNXQDM":"2024-2025-2","KCM":"环境与材料","JASDM":"0201010101","JXLDM":"020101","JXBID":"20242-02561","SKBJ":"材科sy2201-03","TYXMDM":null,"KCH":"10046116031"},{"KKDWDM":"004","XS":16,"BYBZ":"0","JSJC":7,"XXXQDM":"02","KXH":"01","KSJC":6,"XKZRS":85,"SKZC":"000000000000000010000000000000","SKJS":"魏平","ISTK":0,"ZCMC":"17周","YPSJDD":"16-17周 星期一 第6节-第7节 南湖北-爱特楼-101,12-14周 星期一 第6节-第7节 南湖北-爱特楼-101,17周 星期二 第6节-第7节 南湖北-爱特楼-101,9-10周 星期一 第6节-第7节 南湖北-爱特楼-101","XF":1,"SKXQ":2,"XNXQDM":"2024-2025-2","KCM":"空间与材料","JASDM":"0201010101","JXLDM":"020101","JXBID":"20242-03189","SKBJ":"材科sy2201-03","TYXMDM":null,"KCH":"10046116028"}]}},"code":"0"}