{"datas":{"jaskcb":{"extParams":{"code":1,"msg":"查询成功"},"pageSize":0,"pageNumber":0,"totalSize":-1,"rows":[{"KKDWDM":"020","XS":32,"BYBZ":"0","JSJC":7,"XXXQDM":"02","KXH":"01","KSJC":6,"XKZRS":29,"SKZC":"1111111111111111","SKJS":"Thomas Burckel","ISTK":0,"ZCMC":"1-16周","YPSJDD":"1-16周 星期二 第6节-第7节 南湖北-学海楼-810","XF":2,"SKXQ":2,"XNXQDM":"2024-2025-2","KCM":"商务法语2","JASDM":"0201050810","JXLDM":"020105","JXBID":"20242-02313","SKBJ":"法语2201-02","TYXMDM":null,"KCH":"10064112001"},{"KKDWDM":"020","XS":32,"BYBZ":"0","JSJC":4,"XXXQDM":"02","KXH":"01","KSJC":3,"XKZRS":13,"SKZC":"111111111000000000000000000000","SKJS":"Jeremie Christophe Sebastien Cuevas Miguelez","ISTK":0,"ZCMC":"1-9周","YPSJDD":"11-17周 星期四 第3节-第4节 南湖北-学海楼-810,1-9周 星期四 第3节-第4节 南湖北-学海楼-810","XF":2,"SKXQ":4,"XNXQDM":"2024-2025-2","KCM":"法语视听说B6","JASDM":"0201050810","JXLDM":"020105","JXBID":"20242-03487","SKBJ":"英法sy2201","TYXMDM":null,"KCH":"10204117051"},{"KKDWDM":"020","XS":32,"BYBZ":"0","JSJC":2,"XXXQDM":"02","KXH":"02","KSJC":1,"XKZRS":20,"SKZC":"000100000000000000000000000000","SKJS":"张进","ISTK":0,"ZCMC":"4周","YPSJDD":"11-16周 星期五 第1节-第2节 南湖北-学海楼-1205,9周 星期日 第1节-第2节 南湖北-学海楼-1205,4周 星期四 第1节-第2节 南湖北-学海楼-810,17周 星期三 第1节-第2节 南湖北-学海楼-1205,1-2周,4-5周 星期五 第1节-第2节 南湖北-学海楼-1205,7-9周 星期五 第1节-第2节 南湖北-学海楼-1205","XF":2,"SKXQ":4,"XNXQDM":"2024-2025-2","KCM":"英语人文阅读2","JASDM":"0201050810","JXLDM":"020105","JXBID":"20242-09892","SKBJ":"英语2301","TYXMDM":null,"KCH":"10204117037"},{"KKDWDM":"020","XS":32,"BYBZ":"0","JSJC":4,"XXXQDM":"02","KXH":"01","KSJC":3,"XKZRS":13,"SKZC":"000000000011111110000000000000","SKJS":"Jeremie Christophe Sebastien Cuevas Miguelez","ISTK":0,"ZCMC":"11-17周","YPSJDD":"11-17周 星期四 第3节-第4节 南湖北-学海楼-810,1-9周 星期四 第3节-第4节 南湖北-学海楼-810","XF":2,"SKXQ":4,"XNXQDM":"2024-2025-2","KCM":"法语视听说B6","JASDM":"0201050810","JXLDM":"020105","JXBID":"20242-03487","SKBJ":"英法sy2201","TYXMDM":null,"KCH":"10204117051"},{"KKDWDM":null,"XS":null,"BYBZ":"1","JSJC":4,"XXXQDM":null,"KXH":null,"KSJC":3,"XKZRS":null,"SKZC":"001000000000000000000000000000","SKJS":"李嘉欣","ISTK":0,"ZCMC":"3周","YPSJDD":null,"XF":null,"SKXQ":2,"XNXQDM":"2024-2025-2","KCM":"学生活动借用(借用)","JASDM":"0201050810","JXLDM":null,"JXBID":null,"SKBJ":null,"TYXMDM":null,"KCH":null}]}},"code":"0"}