{"datas":{"jaskcb":{"extParams":{"code":1,"msg":"查询成功"},"pageSize":0,"pageNumber":0,"totalSize":-1,"rows":[{"KKDWDM":"020","XS":48,"BYBZ":"0","JSJC":8,"XXXQDM":"02","KXH":"10","KSJC":6,"XKZRS":34,"SKZC":"111111111100000000000000000000","SKJS":"李明菲","ISTK":0,"ZCMC":"1-10周","YPSJDD":"1-10周 星期一 第6节-第8节 南湖北-北教一-102,17周 星期二 第6节-第8节 南湖北-北教一-102,16-17周 星期一 第6节-第8节 南湖北-北教一-102,12-14周 星期一 第6节-第8节 南湖北-北教一-102","XF":3,"SKXQ":1,"XNXQDM":"2024-2025-2","KCM":"高级英语2","JASDM":"0201020102","JXLDM":"020102","JXBID":"20242-11923","SKBJ":"材科sy2401","TYXMDM":null,"KCH":"10201121070"},{"KKDWDM":"011","XS":48,"BYBZ":"0","JSJC":5,"XXXQDM":"02","KXH":"06","KSJC":3,"XKZRS":40,"SKZC":"111111111100000000000000000000","SKJS":"卢珏,郑建彬","ISTK":0,"ZCMC":"1-10周","YPSJDD":"1-10周 星期一 第3节-第5节 南湖北-北教一-102,16-17周 星期一 第3节-第5节 南湖北-北教一-102,17周 星期二 第3节-第5节 南湖北-北教一-102,12-14周 星期一 第3节-第5节 南湖北-北教一-102","XF":3,"SKXQ":1,"XNXQDM":"2024-2025-2","KCM":"数字电子技术基础C","JASDM":"0201020102","JXLDM":"020102","JXBID":"20242-05624","SKBJ":"微电子本硕2301","TYXMDM":null,"KCH":"10115121002"},{"KKDWDM":"003","XS":24,"BYBZ":"0","JSJC":8,"XXXQDM":"02","KXH":"02","KSJC":6,"XKZRS":30,"SKZC":"11111111","SKJS":"陈宏达","ISTK":0,"ZCMC":"1-8周","YPSJDD":"1-8周 星期二 第6节-第8节 南湖北-北教一-102","XF":1,"SKXQ":2,"XNXQDM":"2024-2025-2","KCM":"航空航天复合材料(JD)","JASDM":"0201020102","JXLDM":"020102","JXBID":"20242-02405","SKBJ":"成型2201-02","TYXMDM":null,"KCH":"10036121172"},{"KKDWDM":"004","XS":32,"BYBZ":"0","JSJC":4,"XXXQDM":"02","KXH":"01","KSJC":3,"XKZRS":35,"SKZC":"11111111","SKJS":"尧中华,张鑫","ISTK":0,"ZCMC":"1-8周","YPSJDD":"1-8周 星期四 第1节-第2节 南湖北-北教一-102,1-8周 星期二 第3节-第4节 南湖北-北教一-102","XF":2,"SKXQ":2,"XNXQDM":"2024-2025-2","KCM":"电介质物理与材料","JASDM":"0201020102","JXLDM":"020102","JXBID":"20242-03320","SKBJ":"微电子本硕2201","TYXMDM":null,"KCH":"10045124001"},{"KKDWDM":"004","XS":32,"BYBZ":"0","JSJC":2,"XXXQDM":"02","KXH":"01","KSJC":1,"XKZRS":35,"SKZC":"11111111","SKJS":"尧中华,张鑫","ISTK":0,"ZCMC":"1-8周","YPSJDD":"1-8周 星期四 第1节-第2节 南湖北-北教一-102,1-8周 星期二 第3节-第4节 南湖北-北教一-102","XF":2,"SKXQ":4,"XNXQDM":"2024-2025-2","KCM":"电介质物理与材料","JASDM":"0201020102","JXLDM":"020102","JXBID":"20242-03320","SKBJ":"微电子本硕2201","TYXMDM":null,"KCH":"10045124001"},{"KKDWDM":"011","XS":32,"BYBZ":"0","JSJC":8,"XXXQDM":"02","KXH":"01","KSJC":6,"XKZRS":28,"SKZC":"111110000000000000000000000000","SKJS":"廖杨喆","ISTK":0,"ZCMC":"1-5周","YPSJDD":"1-5周 星期五 第6节-第8节 南湖北-北教一-102,9周 星期日 第6节-第8节 南湖北-北教一-102,7-8周 星期五 第6节-第8节 南湖北-北教一-102","XF":2,"SKXQ":5,"XNXQDM":"2024-2025-2","KCM":"云计算与云服务","JASDM":"0201020102","JXLDM":"020102","JXBID":"20242-02566","SKBJ":"通信本硕2201","TYXMDM":null,"KCH":"10115121038"},{"KKDWDM":"011","XS":32,"BYBZ":"0","JSJC":2,"XXXQDM":"02","KXH":"01","KSJC":1,"XKZRS":31,"SKZC":"111110000000000000000000000000","SKJS":"聂明新","ISTK":0,"ZCMC":"1-5周","YPSJDD":"7-9周 星期五 第1节-第2节 南湖北-北教一-102,17周 星期三 第1节-第2节 南湖北-北教一-102,9周 星期日 第1节-第2节 南湖北-北教一-102,11-16周 星期五 第1节-第2节 南湖北-北教一-102,1-5周 星期五 第1节-第2节 南湖北-北教一-102","XF":2,"SKXQ":5,"XNXQDM":"2024-2025-2","KCM":"电子设计原理与应用","JASDM":"0201020102","JXLDM":"020102","JXBID":"20242-05457","SKBJ":"通信本硕2301","TYXMDM":null,"KCH":"10115113018"},{"KKDWDM":"020","XS":36,"BYBZ":"0","JSJC":5,"XXXQDM":"02","KXH":"01","KSJC":3,"XKZRS":35,"SKZC":"111110000000000000000000000000","SKJS":"彭媛","ISTK":0,"ZCMC":"1-5周","YPSJDD":"1-5周 星期五 第3节-第5节 南湖北-北教一-102,7-9周 星期五 第3节-第5节 南湖北-北教一-102,11-13周 星期五 第3节-第5节 南湖北-北教一-102,9周 星期日 第3节-第5节 南湖北-北教一-102","XF":2,"SKXQ":5,"XNXQDM":"2024-2025-2","KCM":"英语演讲（高阶）","JASDM":"0201020102","JXLDM":"020102","JXBID":"20242-04595","SKBJ":"微电子本硕2301","TYXMDM":null,"KCH":"60200123002"},{"KKDWDM":"011","XS":32,"BYBZ":"0","JSJC":13,"XXXQDM":"02","KXH":"01","KSJC":11,"XKZRS":26,"SKZC":"111110000000000000000000000000","SKJS":"张胜凯","ISTK":0,"ZCMC":"1-5周","YPSJDD":"1-5周 星期六 第11节-第13节 南湖北-北教一-102,7-9周 星期六 第11节-第13节 南湖北-北教一-102","XF":2,"SKXQ":6,"XNXQDM":"2024-2025-2","KCM":"信息技术导论","JASDM":"0201020102","JXLDM":"020102","JXBID":"20242-07786","SKBJ":"公选-07786","TYXMDM":null,"KCH":"10116121094"},{"KKDWDM":"030","XS":24,"BYBZ":"0","JSJC":5,"XXXQDM":"02","KXH":"01","KSJC":3,"XKZRS":26,"SKZC":"110000000000000000000000","SKJS":"刘保顺,刘超,郭云岚,阮健","ISTK":0,"ZCMC":"1-2周","YPSJDD":"1-2周 星期六 第3节-第5节 南湖北-北教一-102","XF":1,"SKXQ":6,"XNXQDM":"2024-2025-2","KCM":"光电功能玻璃与器件设计(JD)","JASDM":"0201020102","JXLDM":"020102","JXBID":"20242-08877","SKBJ":"公选-08877","TYXMDM":null,"KCH":"10306121004"},{"KKDWDM":"009","XS":32,"BYBZ":"0","JSJC":5,"XXXQDM":"02","KXH":"01","KSJC":3,"XKZRS":8,"SKZC":"000010000000000000000000000000","SKJS":"严行,陈伟","ISTK":0,"ZCMC":"5周","YPSJDD":"5周 星期六 第3节-第5节 南湖北-北教一-102,15周 星期六 第3节-第5节 南湖北-北教一-102,7-9周 星期六 第3节-第5节 南湖北-北教一-102,11-13周 星期六 第3节-第5节 南湖北-北教一-102","XF":2,"SKXQ":6,"XNXQDM":"2024-2025-2","KCM":"工程大数据与机器学习","JASDM":"0201020102","JXLDM":"020102","JXBID":"20242-05968","SKBJ":"智能建造微2024","TYXMDM":null,"KCH":"10094123002"},{"KKDWDM":"011","XS":32,"BYBZ":"0","JSJC":13,"XXXQDM":"02","KXH":"01","KSJC":11,"XKZRS":26,"SKZC":"000000111000000000000000000000","SKJS":"张胜凯","ISTK":0,"ZCMC":"7-9周","YPSJDD":"1-5周 星期六 第11节-第13节 南湖北-北教一-102,7-9周 星期六 第11节-第13节 南湖北-北教一-102","XF":2,"SKXQ":6,"XNXQDM":"2024-2025-2","KCM":"信息技术导论","JASDM":"0201020102","JXLDM":"020102","JXBID":"20242-07786","SKBJ":"公选-07786","TYXMDM":null,"KCH":"10116121094"},{"KKDWDM":"009","XS":32,"BYBZ":"0","JSJC":5,"XXXQDM":"02","KXH":"01","KSJC":3,"XKZRS":8,"SKZC":"000000111000000000000000000000","SKJS":"严行,陈伟","ISTK":0,"ZCMC":"7-9周","YPSJDD":"5周 星期六 第3节-第5节 南湖北-北教一-102,15周 星期六 第3节-第5节 南湖北-北教一-102,7-9周 星期六 第3节-第5节 南湖北-北教一-102,11-13周 星期六 第3节-第5节 南湖北-北教一-102","XF":2,"SKXQ":6,"XNXQDM":"2024-2025-2","KCM":"工程大数据与机器学习","JASDM":"0201020102","JXLDM":"020102","JXBID":"20242-05968","SKBJ":"智能建造微2024","TYXMDM":null,"KCH":"10094123002"},{"KKDWDM":"011","XS":32,"BYBZ":"0","JSJC":2,"XXXQDM":"02","KXH":"01","KSJC":1,"XKZRS":31,"SKZC":"000000111000000000000000000000","SKJS":"聂明新","ISTK":0,"ZCMC":"7-9周","YPSJDD":"7-9周 星期五 第1节-第2节 南湖北-北教一-102,17周 星期三 第1节-第2节 南湖北-北教一-102,9周 星期日 第1节-第2节 南湖北-北教一-102,11-16周 星期五 第1节-第2节 南湖北-北教一-102,1-5周 星期五 第1节-第2节 南湖北-北教一-102","XF":2,"SKXQ":5,"XNXQDM":"2024-2025-2","KCM":"电子设计原理与应用","JASDM":"0201020102","JXLDM":"020102","JXBID":"20242-05457","SKBJ":"通信本硕2301","TYXMDM":null,"KCH":"10115113018"},{"KKDWDM":"020","XS":36,"BYBZ":"0","JSJC":5,"XXXQDM":"02","KXH":"01","KSJC":3,"XKZRS":35,"SKZC":"000000111000000000000000000000","SKJS":"彭媛","ISTK":0,"ZCMC":"7-9周","YPSJDD":"1-5周 星期五 第3节-第5节 南湖北-北教一-102,7-9周 星期五 第3节-第5节 南湖北-北教一-102,11-13周 星期五 第3节-第5节 南湖北-北教一-102,9周 星期日 第3节-第5节 南湖北-北教一-102","XF":2,"SKXQ":5,"XNXQDM":"2024-2025-2","KCM":"英语演讲（高阶）","JASDM":"0201020102","JXLDM":"020102","JXBID":"20242-04595","SKBJ":"微电子本硕2301","TYXMDM":null,"KCH":"60200123002"},{"KKDWDM":"011","XS":32,"BYBZ":"0","JSJC":8,"XXXQDM":"02","KXH":"01","KSJC":6,"XKZRS":28,"SKZC":"000000110000000000000000000000","SKJS":"廖杨喆","ISTK":0,"ZCMC":"7-8周","YPSJDD":"1-5周 星期五 第6节-第8节 南湖北-北教一-102,9周 星期日 第6节-第8节 南湖北-北教一-102,7-8周 星期五 第6节-第8节 南湖北-北教一-102","XF":2,"SKXQ":5,"XNXQDM":"2024-2025-2","KCM":"云计算与云服务","JASDM":"0201020102","JXLDM":"020102","JXBID":"20242-02566","SKBJ":"通信本硕2201","TYXMDM":null,"KCH":"10115121038"},{"KKDWDM":"004","XS":32,"BYBZ":"0","JSJC":4,"XXXQDM":"02","KXH":"01","KSJC":3,"XKZRS":35,"SKZC":"000000001111111100000000000000","SKJS":"浦实","ISTK":0,"ZCMC":"9-16周","YPSJDD":"17周 星期二 第1节-第2节 南湖北-北教一-102,12-14周 星期一 第1节-第2节 南湖北-北教一-102,9-10周 星期一 第1节-第2节 南湖北-北教一-102,16-17周 星期一 第1节-第2节 南湖北-北教一-102,9-16周 星期三 第3节-第4节 南湖北-北教一-102","XF":2,"SKXQ":3,"XNXQDM":"2024-2025-2","KCM":"电磁场理论","JASDM":"0201020102","JXLDM":"020102","JXBID":"20242-10175","SKBJ":"微电子本硕2201","TYXMDM":null,"KCH":"10044124005"},{"KKDWDM":"004","XS":48,"BYBZ":"0","JSJC":8,"XXXQDM":"02","KXH":"01","KSJC":6,"XKZRS":35,"SKZC":"000000001111111100000000000000","SKJS":"张驰,文聘,陈斐,黄志锋","ISTK":0,"ZCMC":"9-16周","YPSJDD":"11-17周 星期四 第3节-第5节 南湖北-北教一-102,9周 星期四 第3节-第5节 南湖北-北教一-102,9-16周 星期二 第6节-第8节 南湖北-北教一-102","XF":3,"SKXQ":2,"XNXQDM":"2024-2025-2","KCM":"材料制备原理与技术","JASDM":"0201020102","JXLDM":"020102","JXBID":"20242-03059","SKBJ":"微电子本硕2201","TYXMDM":null,"KCH":"10044116018"},{"KKDWDM":"004","XS":32,"BYBZ":"0","JSJC":4,"XXXQDM":"02","KXH":"01","KSJC":3,"XKZRS":35,"SKZC":"000000001111111100000000000000","SKJS":"徐青芳,涂溶,王传彬,高藤华","ISTK":0,"ZCMC":"9-16周","YPSJDD":"9周 星期四 第1节-第2节 南湖北-北教一-102,11-17周 星期四 第1节-第2节 南湖北-北教一-102,9-16周 星期二 第3节-第4节 南湖北-北教一-102","XF":2,"SKXQ":2,"XNXQDM":"2024-2025-2","KCM":"薄膜材料","JASDM":"0201020102","JXLDM":"020102","JXBID":"20242-03842","SKBJ":"微电子本硕2201","TYXMDM":null,"KCH":"10045116002"},{"KKDWDM":"013","XS":32,"BYBZ":"0","JSJC":8,"XXXQDM":"02","KXH":"02","KSJC":6,"XKZRS":28,"SKZC":"0000000011111111","SKJS":"房伟,韦鹏","ISTK":0,"ZCMC":"9-16周","YPSJDD":"9-16周 星期三 第6节-第8节 南湖北-北教一-102","XF":2,"SKXQ":3,"XNXQDM":"2024-2025-2","KCM":"信号与系统分析","JASDM":"0201020102","JXLDM":"020102","JXBID":"20242-05172","SKBJ":"电气zy2301","TYXMDM":null,"KCH":"10135121052"},{"KKDWDM":"004","XS":32,"BYBZ":"0","JSJC":2,"XXXQDM":"02","KXH":"01","KSJC":1,"XKZRS":35,"SKZC":"000000001100000000000000000000","SKJS":"浦实","ISTK":0,"ZCMC":"9-10周","YPSJDD":"17周 星期二 第1节-第2节 南湖北-北教一-102,12-14周 星期一 第1节-第2节 南湖北-北教一-102,9-10周 星期一 第1节-第2节 南湖北-北教一-102,16-17周 星期一 第1节-第2节 南湖北-北教一-102,9-16周 星期三 第3节-第4节 南湖北-北教一-102","XF":2,"SKXQ":1,"XNXQDM":"2024-2025-2","KCM":"电磁场理论","JASDM":"0201020102","JXLDM":"020102","JXBID":"20242-10175","SKBJ":"微电子本硕2201","TYXMDM":null,"KCH":"10044124005"},{"KKDWDM":"004","XS":32,"BYBZ":"0","JSJC":2,"XXXQDM":"02","KXH":"01","KSJC":1,"XKZRS":35,"SKZC":"000000001000000000000000000000","SKJS":"徐青芳,涂溶,王传彬,高藤华","ISTK":0,"ZCMC":"9周","YPSJDD":"9周 星期四 第1节-第2节 南湖北-北教一-102,11-17周 星期四 第1节-第2节 南湖北-北教一-102,9-16周 星期二 第3节-第4节 南湖北-北教一-102","XF":2,"SKXQ":4,"XNXQDM":"2024-2025-2","KCM":"薄膜材料","JASDM":"0201020102","JXLDM":"020102","JXBID":"20242-03842","SKBJ":"微电子本硕2201","TYXMDM":null,"KCH":"10045116002"},{"KKDWDM":"011","XS":32,"BYBZ":"0","JSJC":2,"XXXQDM":"02","KXH":"01","KSJC":1,"XKZRS":31,"SKZC":"000000001000000000000000000000","SKJS":"聂明新","ISTK":0,"ZCMC":"9周","YPSJDD":"7-9周 星期五 第1节-第2节 南湖北-北教一-102,17周 星期三 第1节-第2节 南湖北-北教一-102,9周 星期日 第1节-第2节 南湖北-北教一-102,11-16周 星期五 第1节-第2节 南湖北-北教一-102,1-5周 星期五 第1节-第2节 南湖北-北教一-102","XF":2,"SKXQ":7,"XNXQDM":"2024-2025-2","KCM":"电子设计原理与应用","JASDM":"0201020102","JXLDM":"020102","JXBID":"20242-05457","SKBJ":"通信本硕2301","TYXMDM":null,"KCH":"10115113018"},{"KKDWDM":"011","XS":32,"BYBZ":"0","JSJC":8,"XXXQDM":"02","KXH":"01","KSJC":6,"XKZRS":28,"SKZC":"000000001000000000000000000000","SKJS":"廖杨喆","ISTK":0,"ZCMC":"9周","YPSJDD":"1-5周 星期五 第6节-第8节 南湖北-北教一-102,9周 星期日 第6节-第8节 南湖北-北教一-102,7-8周 星期五 第6节-第8节 南湖北-北教一-102","XF":2,"SKXQ":7,"XNXQDM":"2024-2025-2","KCM":"云计算与云服务","JASDM":"0201020102","JXLDM":"020102","JXBID":"20242-02566","SKBJ":"通信本硕2201","TYXMDM":null,"KCH":"10115121038"},{"KKDWDM":"004","XS":48,"BYBZ":"0","JSJC":5,"XXXQDM":"02","KXH":"01","KSJC":3,"XKZRS":35,"SKZC":"000000001000000000000000000000","SKJS":"张驰,文聘,陈斐,黄志锋","ISTK":0,"ZCMC":"9周","YPSJDD":"11-17周 星期四 第3节-第5节 南湖北-北教一-102,9周 星期四 第3节-第5节 南湖北-北教一-102,9-16周 星期二 第6节-第8节 南湖北-北教一-102","XF":3,"SKXQ":4,"XNXQDM":"2024-2025-2","KCM":"材料制备原理与技术","JASDM":"0201020102","JXLDM":"020102","JXBID":"20242-03059","SKBJ":"微电子本硕2201","TYXMDM":null,"KCH":"10044116018"},{"KKDWDM":"020","XS":36,"BYBZ":"0","JSJC":5,"XXXQDM":"02","KXH":"01","KSJC":3,"XKZRS":35,"SKZC":"000000001000000000000000000000","SKJS":"彭媛","ISTK":0,"ZCMC":"9周","YPSJDD":"1-5周 星期五 第3节-第5节 南湖北-北教一-102,7-9周 星期五 第3节-第5节 南湖北-北教一-102,11-13周 星期五 第3节-第5节 南湖北-北教一-102,9周 星期日 第3节-第5节 南湖北-北教一-102","XF":2,"SKXQ":7,"XNXQDM":"2024-2025-2","KCM":"英语演讲（高阶）","JASDM":"0201020102","JXLDM":"020102","JXBID":"20242-04595","SKBJ":"微电子本硕2301","TYXMDM":null,"KCH":"60200123002"},{"KKDWDM":"004","XS":48,"BYBZ":"0","JSJC":5,"XXXQDM":"02","KXH":"01","KSJC":3,"XKZRS":35,"SKZC":"000000000011111110000000000000","SKJS":"张驰,文聘,陈斐,黄志锋","ISTK":0,"ZCMC":"11-17周","YPSJDD":"11-17周 星期四 第3节-第5节 南湖北-北教一-102,9周 星期四 第3节-第5节 南湖北-北教一-102,9-16周 星期二 第6节-第8节 南湖北-北教一-102","XF":3,"SKXQ":4,"XNXQDM":"2024-2025-2","KCM":"材料制备原理与技术","JASDM":"0201020102","JXLDM":"020102","JXBID":"20242-03059","SKBJ":"微电子本硕2201","TYXMDM":null,"KCH":"10044116018"},{"KKDWDM":"004","XS":32,"BYBZ":"0","JSJC":2,"XXXQDM":"02","KXH":"01","KSJC":1,"XKZRS":35,"SKZC":"000000000011111110000000000000","SKJS":"徐青芳,涂溶,王传彬,高藤华","ISTK":0,"ZCMC":"11-17周","YPSJDD":"9周 星期四 第1节-第2节 南湖北-北教一-102,11-17周 星期四 第1节-第2节 南湖北-北教一-102,9-16周 星期二 第3节-第4节 南湖北-北教一-102","XF":2,"SKXQ":4,"XNXQDM":"2024-2025-2","KCM":"薄膜材料","JASDM":"0201020102","JXLDM":"020102","JXBID":"20242-03842","SKBJ":"微电子本硕2201","TYXMDM":null,"KCH":"10045116002"},{"KKDWDM":"011","XS":32,"BYBZ":"0","JSJC":2,"XXXQDM":"02","KXH":"01","KSJC":1,"XKZRS":31,"SKZC":"000000000011111100000000000000","SKJS":"聂明新","ISTK":0,"ZCMC":"11-16周","YPSJDD":"7-9周 星期五 第1节-第2节 南湖北-北教一-102,17周 星期三 第1节-第2节 南湖北-北教一-102,9周 星期日 第1节-第2节 南湖北-北教一-102,11-16周 星期五 第1节-第2节 南湖北-北教一-102,1-5周 星期五 第1节-第2节 南湖北-北教一-102","XF":2,"SKXQ":5,"XNXQDM":"2024-2025-2","KCM":"电子设计原理与应用","JASDM":"0201020102","JXLDM":"020102","JXBID":"20242-05457","SKBJ":"通信本硕2301","TYXMDM":null,"KCH":"10115113018"},{"KKDWDM":"009","XS":32,"BYBZ":"0","JSJC":5,"XXXQDM":"02","KXH":"01","KSJC":3,"XKZRS":8,"SKZC":"000000000011100000000000000000","SKJS":"严行,陈伟","ISTK":0,"ZCMC":"11-13周","YPSJDD":"5周 星期六 第3节-第5节 南湖北-北教一-102,15周 星期六 第3节-第5节 南湖北-北教一-102,7-9周 星期六 第3节-第5节 南湖北-北教一-102,11-13周 星期六 第3节-第5节 南湖北-北教一-102","XF":2,"SKXQ":6,"XNXQDM":"2024-2025-2","KCM":"工程大数据与机器学习","JASDM":"0201020102","JXLDM":"020102","JXBID":"20242-05968","SKBJ":"智能建造微2024","TYXMDM":null,"KCH":"10094123002"},{"KKDWDM":"020","XS":36,"BYBZ":"0","JSJC":5,"XXXQDM":"02","KXH":"01","KSJC":3,"XKZRS":35,"SKZC":"000000000011100000000000000000","SKJS":"彭媛","ISTK":0,"ZCMC":"11-13周","YPSJDD":"1-5周 星期五 第3节-第5节 南湖北-北教一-102,7-9周 星期五 第3节-第5节 南湖北-北教一-102,11-13周 星期五 第3节-第5节 南湖北-北教一-102,9周 星期日 第3节-第5节 南湖北-北教一-102","XF":2,"SKXQ":5,"XNXQDM":"2024-2025-2","KCM":"英语演讲（高阶）","JASDM":"0201020102","JXLDM":"020102","JXBID":"20242-04595","SKBJ":"微电子本硕2301","TYXMDM":null,"KCH":"60200123002"},{"KKDWDM":"020","XS":48,"BYBZ":"0","JSJC":8,"XXXQDM":"02","KXH":"10","KSJC":6,"XKZRS":34,"SKZC":"000000000001110000000000000000","SKJS":"李明菲","ISTK":0,"ZCMC":"12-14周","YPSJDD":"1-10周 星期一 第6节-第8节 南湖北-北教一-102,17周 星期二 第6节-第8节 南湖北-北教一-102,16-17周 星期一 第6节-第8节 南湖北-北教一-102,12-14周 星期一 第6节-第8节 南湖北-北教一-102","XF":3,"SKXQ":1,"XNXQDM":"2024-2025-2","KCM":"高级英语2","JASDM":"0201020102","JXLDM":"020102","JXBID":"20242-11923","SKBJ":"材科sy2401","TYXMDM":null,"KCH":"10201121070"},{"KKDWDM":"004","XS":32,"BYBZ":"0","JSJC":2,"XXXQDM":"02","KXH":"01","KSJC":1,"XKZRS":35,"SKZC":"000000000001110000000000000000","SKJS":"浦实","ISTK":0,"ZCMC":"12-14周","YPSJDD":"17周 星期二 第1节-第2节 南湖北-北教一-102,12-14周 星期一 第1节-第2节 南湖北-北教一-102,9-10周 星期一 第1节-第2节 南湖北-北教一-102,16-17周 星期一 第1节-第2节 南湖北-北教一-102,9-16周 星期三 第3节-第4节 南湖北-北教一-102","XF":2,"SKXQ":1,"XNXQDM":"2024-2025-2","KCM":"电磁场理论","JASDM":"0201020102","JXLDM":"020102","JXBID":"20242-10175","SKBJ":"微电子本硕2201","TYXMDM":null,"KCH":"10044124005"},{"KKDWDM":"011","XS":48,"BYBZ":"0","JSJC":5,"XXXQDM":"02","KXH":"06","KSJC":3,"XKZRS":40,"SKZC":"000000000001110000000000000000","SKJS":"卢珏,郑建彬","ISTK":0,"ZCMC":"12-14周","YPSJDD":"1-10周 星期一 第3节-第5节 南湖北-北教一-102,16-17周 星期一 第3节-第5节 南湖北-北教一-102,17周 星期二 第3节-第5节 南湖北-北教一-102,12-14周 星期一 第3节-第5节 南湖北-北教一-102","XF":3,"SKXQ":1,"XNXQDM":"2024-2025-2","KCM":"数字电子技术基础C","JASDM":"0201020102","JXLDM":"020102","JXBID":"20242-05624","SKBJ":"微电子本硕2301","TYXMDM":null,"KCH":"10115121002"},{"KKDWDM":"009","XS":32,"BYBZ":"0","JSJC":5,"XXXQDM":"02","KXH":"01","KSJC":3,"XKZRS":8,"SKZC":"000000000000001000000000000000","SKJS":"严行,陈伟","ISTK":0,"ZCMC":"15周","YPSJDD":"5周 星期六 第3节-第5节 南湖北-北教一-102,15周 星期六 第3节-第5节 南湖北-北教一-102,7-9周 星期六 第3节-第5节 南湖北-北教一-102,11-13周 星期六 第3节-第5节 南湖北-北教一-102","XF":2,"SKXQ":6,"XNXQDM":"2024-2025-2","KCM":"工程大数据与机器学习","JASDM":"0201020102","JXLDM":"020102","JXBID":"20242-05968","SKBJ":"智能建造微2024","TYXMDM":null,"KCH":"10094123002"},{"KKDWDM":"004","XS":32,"BYBZ":"0","JSJC":2,"XXXQDM":"02","KXH":"01","KSJC":1,"XKZRS":35,"SKZC":"000000000000000110000000000000","SKJS":"浦实","ISTK":0,"ZCMC":"16-17周","YPSJDD":"17周 星期二 第1节-第2节 南湖北-北教一-102,12-14周 星期一 第1节-第2节 南湖北-北教一-102,9-10周 星期一 第1节-第2节 南湖北-北教一-102,16-17周 星期一 第1节-第2节 南湖北-北教一-102,9-16周 星期三 第3节-第4节 南湖北-北教一-102","XF":2,"SKXQ":1,"XNXQDM":"2024-2025-2","KCM":"电磁场理论","JASDM":"0201020102","JXLDM":"020102","JXBID":"20242-10175","SKBJ":"微电子本硕2201","TYXMDM":null,"KCH":"10044124005"},{"KKDWDM":"020","XS":48,"BYBZ":"0","JSJC":8,"XXXQDM":"02","KXH":"10","KSJC":6,"XKZRS":34,"SKZC":"000000000000000110000000000000","SKJS":"李明菲","ISTK":0,"ZCMC":"16-17周","YPSJDD":"1-10周 星期一 第6节-第8节 南湖北-北教一-102,17周 星期二 第6节-第8节 南湖北-北教一-102,16-17周 星期一 第6节-第8节 南湖北-北教一-102,12-14周 星期一 第6节-第8节 南湖北-北教一-102","XF":3,"SKXQ":1,"XNXQDM":"2024-2025-2","KCM":"高级英语2","JASDM":"0201020102","JXLDM":"020102","JXBID":"20242-11923","SKBJ":"材科sy2401","TYXMDM":null,"KCH":"10201121070"},{"KKDWDM":"011","XS":48,"BYBZ":"0","JSJC":5,"XXXQDM":"02","KXH":"06","KSJC":3,"XKZRS":40,"SKZC":"000000000000000110000000000000","SKJS":"卢珏,郑建彬","ISTK":0,"ZCMC":"16-17周","YPSJDD":"1-10周 星期一 第3节-第5节 南湖北-北教一-102,16-17周 星期一 第3节-第5节 南湖北-北教一-102,17周 星期二 第3节-第5节 南湖北-北教一-102,12-14周 星期一 第3节-第5节 南湖北-北教一-102","XF":3,"SKXQ":1,"XNXQDM":"2024-2025-2","KCM":"数字电子技术基础C","JASDM":"0201020102","JXLDM":"020102","JXBID":"20242-05624","SKBJ":"微电子本硕2301","TYXMDM":null,"KCH":"10115121002"},{"KKDWDM":"004","XS":32,"BYBZ":"0","JSJC":2,"XXXQDM":"02","KXH":"01","KSJC":1,"XKZRS":35,"SKZC":"000000000000000010000000000000","SKJS":"浦实","ISTK":0,"ZCMC":"17周","YPSJDD":"17周 星期二 第1节-第2节 南湖北-北教一-102,12-14周 星期一 第1节-第2节 南湖北-北教一-102,9-10周 星期一 第1节-第2节 南湖北-北教一-102,16-17周 星期一 第1节-第2节 南湖北-北教一-102,9-16周 星期三 第3节-第4节 南湖北-北教一-102","XF":2,"SKXQ":2,"XNXQDM":"2024-2025-2","KCM":"电磁场理论","JASDM":"0201020102","JXLDM":"020102","JXBID":"20242-10175","SKBJ":"微电子本硕2201","TYXMDM":null,"KCH":"10044124005"},{"KKDWDM":"020","XS":48,"BYBZ":"0","JSJC":8,"XXXQDM":"02","KXH":"10","KSJC":6,"XKZRS":34,"SKZC":"000000000000000010000000000000","SKJS":"李明菲","ISTK":0,"ZCMC":"17周","YPSJDD":"1-10周 星期一 第6节-第8节 南湖北-北教一-102,17周 星期二 第6节-第8节 南湖北-北教一-102,16-17周 星期一 第6节-第8节 南湖北-北教一-102,12-14周 星期一 第6节-第8节 南湖北-北教一-102","XF":3,"SKXQ":2,"XNXQDM":"2024-2025-2","KCM":"高级英语2","JASDM":"0201020102","JXLDM":"020102","JXBID":"20242-11923","SKBJ":"材科sy2401","TYXMDM":null,"KCH":"10201121070"},{"KKDWDM":"011","XS":32,"BYBZ":"0","JSJC":2,"XXXQDM":"02","KXH":"01","KSJC":1,"XKZRS":31,"SKZC":"000000000000000010000000000000","SKJS":"聂明新","ISTK":0,"ZCMC":"17周","YPSJDD":"7-9周 星期五 第1节-第2节 南湖北-北教一-102,17周 星期三 第1节-第2节 南湖北-北教一-102,9周 星期日 第1节-第2节 南湖北-北教一-102,11-16周 星期五 第1节-第2节 南湖北-北教一-102,1-5周 星期五 第1节-第2节 南湖北-北教一-102","XF":2,"SKXQ":3,"XNXQDM":"2024-2025-2","KCM":"电子设计原理与应用","JASDM":"0201020102","JXLDM":"020102","JXBID":"20242-05457","SKBJ":"通信本硕2301","TYXMDM":null,"KCH":"10115113018"},{"KKDWDM":"011","XS":48,"BYBZ":"0","JSJC":5,"XXXQDM":"02","KXH":"06","KSJC":3,"XKZRS":40,"SKZC":"000000000000000010000000000000","SKJS":"卢珏,郑建彬","ISTK":0,"ZCMC":"17周","YPSJDD":"1-10周 星期一 第3节-第5节 南湖北-北教一-102,16-17周 星期一 第3节-第5节 南湖北-北教一-102,17周 星期二 第3节-第5节 南湖北-北教一-102,12-14周 星期一 第3节-第5节 南湖北-北教一-102","XF":3,"SKXQ":2,"XNXQDM":"2024-2025-2","KCM":"数字电子技术基础C","JASDM":"0201020102","JXLDM":"020102","JXBID":"20242-05624","SKBJ":"微电子本硕2301","TYXMDM":null,"KCH":"10115121002"}]}},"code":"0"}