{"datas":{"jaskcb":{"extParams":{"code":1,"msg":"查询成功"},"pageSize":0,"pageNumber":0,"totalSize":-1,"rows":[{"KKDWDM":"011","XS":48,"BYBZ":"0","JSJC":5,"XXXQDM":"02","KXH":"08","KSJC":3,"XKZRS":109,"SKZC":"1111111111111111","SKJS":"金新娟","ISTK":0,"ZCMC":"1-16周","YPSJDD":"1-16周 星期三 第3节-第5节 南湖北-爱特楼-302","XF":3,"SKXQ":3,"XNXQDM":"2024-2025-2","KCM":"数字电子技术基础C","JASDM":"0201010302","JXLDM":"020101","JXBID":"20242-09837","SKBJ":"自动化2301-03","TYXMDM":null,"KCH":"10115121002"},{"KKDWDM":"011","XS":32,"BYBZ":"0","JSJC":5,"XXXQDM":"02","KXH":"01","KSJC":3,"XKZRS":82,"SKZC":"111111111100000000000000","SKJS":"邓联贵","ISTK":0,"ZCMC":"1-10周","YPSJDD":"11周 星期二 第3节-第4节 南湖北-爱特楼-302,1-10周 星期二 第3节-第5节 南湖北-爱特楼-302","XF":2,"SKXQ":2,"XNXQDM":"2024-2025-2","KCM":"嵌入式微处理器系统B","JASDM":"0201010302","JXLDM":"020101","JXBID":"20242-03080","SKBJ":"电子2201-02,集成电路2201","TYXMDM":null,"KCH":"10115117020"},{"KKDWDM":"011","XS":32,"BYBZ":"0","JSJC":5,"XXXQDM":"02","KXH":"02","KSJC":3,"XKZRS":107,"SKZC":"11111111","SKJS":"王昱","ISTK":0,"ZCMC":"1-8周","YPSJDD":"1-8周 星期四 第3节-第5节 南湖北-爱特楼-302","XF":2,"SKXQ":4,"XNXQDM":"2024-2025-2","KCM":"数字图像处理E","JASDM":"0201010302","JXLDM":"020101","JXBID":"20242-03010","SKBJ":"信息2201-03","TYXMDM":null,"KCH":"10115117023"},{"KKDWDM":"011","XS":48,"BYBZ":"0","JSJC":5,"XXXQDM":"02","KXH":"09","KSJC":3,"XKZRS":106,"SKZC":"111110000000000000000000000000","SKJS":"金新娟","ISTK":0,"ZCMC":"1-5周","YPSJDD":"11-16周 星期五 第3节-第5节 南湖北-爱特楼-302,17周 星期三 第3节-第5节 南湖北-爱特楼-302,9周 星期日 第3节-第5节 南湖北-爱特楼-302,1-5周 星期五 第3节-第5节 南湖北-爱特楼-302,7-9周 星期五 第3节-第5节 南湖北-爱特楼-302","XF":3,"SKXQ":5,"XNXQDM":"2024-2025-2","KCM":"数字电子技术基础C","JASDM":"0201010302","JXLDM":"020101","JXBID":"20242-09828","SKBJ":"电气2301-03","TYXMDM":null,"KCH":"10115121002"},{"KKDWDM":"003","XS":32,"BYBZ":"0","JSJC":4,"XXXQDM":"02","KXH":"01","KSJC":3,"XKZRS":12,"SKZC":"111110000000000000000000000000","SKJS":"刘凯,周启来,姚振华,孙在春,陈鹏","ISTK":0,"ZCMC":"1-5周","YPSJDD":"1-5周 星期六 第3节-第4节 南湖北-爱特楼-302,7-9周 星期六 第3节-第4节 南湖北-爱特楼-302,11-12周 星期六 第3节-第4节 南湖北-爱特楼-302","XF":2,"SKXQ":6,"XNXQDM":"2024-2025-2","KCM":"智能增材制造","JASDM":"0201010302","JXLDM":"020101","JXBID":"20242-06102","SKBJ":"运载装备智能成形制造微2024","TYXMDM":null,"KCH":"10034123022"},{"KKDWDM":"016","XS":56,"BYBZ":"0","JSJC":10,"XXXQDM":"02","KXH":"01","KSJC":6,"XKZRS":75,"SKZC":"0011101110111010000000000","SKJS":"董玉林","ISTK":0,"ZCMC":"3-5周,7-9周,11-13周,15周","YPSJDD":"3周 星期日 第6节-第8节 南湖北-爱特楼-302,16周 星期六 第6节-第8节 南湖北-爱特楼-302,3-5周,7-9周,11-13周,15周 星期六 第6节-第10节 南湖北-爱特楼-302","XF":3,"SKXQ":6,"XNXQDM":"2024-2025-2","KCM":"物理化学D","JASDM":"0201010302","JXLDM":"020101","JXBID":"20242-14320","SKBJ":null,"TYXMDM":null,"KCH":"10164117038"},{"KKDWDM":"016","XS":56,"BYBZ":"0","JSJC":8,"XXXQDM":"02","KXH":"01","KSJC":6,"XKZRS":75,"SKZC":"0010000000000000000000000","SKJS":"董玉林","ISTK":0,"ZCMC":"3周","YPSJDD":"3周 星期日 第6节-第8节 南湖北-爱特楼-302,16周 星期六 第6节-第8节 南湖北-爱特楼-302,3-5周,7-9周,11-13周,15周 星期六 第6节-第10节 南湖北-爱特楼-302","XF":3,"SKXQ":7,"XNXQDM":"2024-2025-2","KCM":"物理化学D","JASDM":"0201010302","JXLDM":"020101","JXBID":"20242-14320","SKBJ":null,"TYXMDM":null,"KCH":"10164117038"},{"KKDWDM":"003","XS":32,"BYBZ":"0","JSJC":4,"XXXQDM":"02","KXH":"01","KSJC":3,"XKZRS":12,"SKZC":"000000111000000000000000000000","SKJS":"刘凯,周启来,姚振华,孙在春,陈鹏","ISTK":0,"ZCMC":"7-9周","YPSJDD":"1-5周 星期六 第3节-第4节 南湖北-爱特楼-302,7-9周 星期六 第3节-第4节 南湖北-爱特楼-302,11-12周 星期六 第3节-第4节 南湖北-爱特楼-302","XF":2,"SKXQ":6,"XNXQDM":"2024-2025-2","KCM":"智能增材制造","JASDM":"0201010302","JXLDM":"020101","JXBID":"20242-06102","SKBJ":"运载装备智能成形制造微2024","TYXMDM":null,"KCH":"10034123022"},{"KKDWDM":"011","XS":48,"BYBZ":"0","JSJC":5,"XXXQDM":"02","KXH":"09","KSJC":3,"XKZRS":106,"SKZC":"000000111000000000000000000000","SKJS":"金新娟","ISTK":0,"ZCMC":"7-9周","YPSJDD":"11-16周 星期五 第3节-第5节 南湖北-爱特楼-302,17周 星期三 第3节-第5节 南湖北-爱特楼-302,9周 星期日 第3节-第5节 南湖北-爱特楼-302,1-5周 星期五 第3节-第5节 南湖北-爱特楼-302,7-9周 星期五 第3节-第5节 南湖北-爱特楼-302","XF":3,"SKXQ":5,"XNXQDM":"2024-2025-2","KCM":"数字电子技术基础C","JASDM":"0201010302","JXLDM":"020101","JXBID":"20242-09828","SKBJ":"电气2301-03","TYXMDM":null,"KCH":"10115121002"},{"KKDWDM":"003","XS":32,"BYBZ":"0","JSJC":7,"XXXQDM":"02","KXH":"01","KSJC":6,"XKZRS":74,"SKZC":"000000001111110000000000000000","SKJS":"冯玮,庄武豪","ISTK":0,"ZCMC":"9-14周","YPSJDD":"9-14周 星期三 第6节-第7节 南湖北-爱特楼-302,9-10周 星期一 第3节-第4节 南湖北-爱特楼-302,16周 星期一 第3节-第4节 南湖北-爱特楼-302,12-14周 星期一 第3节-第4节 南湖北-爱特楼-302","XF":2,"SKXQ":3,"XNXQDM":"2024-2025-2","KCM":"工装模具CAD","JASDM":"0201010302","JXLDM":"020101","JXBID":"20242-03839","SKBJ":"成型2201-02","TYXMDM":null,"KCH":"10035121062"},{"KKDWDM":"003","XS":32,"BYBZ":"0","JSJC":4,"XXXQDM":"02","KXH":"01","KSJC":3,"XKZRS":74,"SKZC":"000000001100000000000000000000","SKJS":"冯玮,庄武豪","ISTK":0,"ZCMC":"9-10周","YPSJDD":"9-14周 星期三 第6节-第7节 南湖北-爱特楼-302,9-10周 星期一 第3节-第4节 南湖北-爱特楼-302,16周 星期一 第3节-第4节 南湖北-爱特楼-302,12-14周 星期一 第3节-第4节 南湖北-爱特楼-302","XF":2,"SKXQ":1,"XNXQDM":"2024-2025-2","KCM":"工装模具CAD","JASDM":"0201010302","JXLDM":"020101","JXBID":"20242-03839","SKBJ":"成型2201-02","TYXMDM":null,"KCH":"10035121062"},{"KKDWDM":"011","XS":48,"BYBZ":"0","JSJC":5,"XXXQDM":"02","KXH":"09","KSJC":3,"XKZRS":106,"SKZC":"000000001000000000000000000000","SKJS":"金新娟","ISTK":0,"ZCMC":"9周","YPSJDD":"11-16周 星期五 第3节-第5节 南湖北-爱特楼-302,17周 星期三 第3节-第5节 南湖北-爱特楼-302,9周 星期日 第3节-第5节 南湖北-爱特楼-302,1-5周 星期五 第3节-第5节 南湖北-爱特楼-302,7-9周 星期五 第3节-第5节 南湖北-爱特楼-302","XF":3,"SKXQ":7,"XNXQDM":"2024-2025-2","KCM":"数字电子技术基础C","JASDM":"0201010302","JXLDM":"020101","JXBID":"20242-09828","SKBJ":"电气2301-03","TYXMDM":null,"KCH":"10115121002"},{"KKDWDM":"011","XS":48,"BYBZ":"0","JSJC":5,"XXXQDM":"02","KXH":"09","KSJC":3,"XKZRS":106,"SKZC":"000000000011111100000000000000","SKJS":"金新娟","ISTK":0,"ZCMC":"11-16周","YPSJDD":"11-16周 星期五 第3节-第5节 南湖北-爱特楼-302,17周 星期三 第3节-第5节 南湖北-爱特楼-302,9周 星期日 第3节-第5节 南湖北-爱特楼-302,1-5周 星期五 第3节-第5节 南湖北-爱特楼-302,7-9周 星期五 第3节-第5节 南湖北-爱特楼-302","XF":3,"SKXQ":5,"XNXQDM":"2024-2025-2","KCM":"数字电子技术基础C","JASDM":"0201010302","JXLDM":"020101","JXBID":"20242-09828","SKBJ":"电气2301-03","TYXMDM":null,"KCH":"10115121002"},{"KKDWDM":"003","XS":32,"BYBZ":"0","JSJC":4,"XXXQDM":"02","KXH":"01","KSJC":3,"XKZRS":12,"SKZC":"000000000011000000000000000000","SKJS":"刘凯,周启来,姚振华,孙在春,陈鹏","ISTK":0,"ZCMC":"11-12周","YPSJDD":"1-5周 星期六 第3节-第4节 南湖北-爱特楼-302,7-9周 星期六 第3节-第4节 南湖北-爱特楼-302,11-12周 星期六 第3节-第4节 南湖北-爱特楼-302","XF":2,"SKXQ":6,"XNXQDM":"2024-2025-2","KCM":"智能增材制造","JASDM":"0201010302","JXLDM":"020101","JXBID":"20242-06102","SKBJ":"运载装备智能成形制造微2024","TYXMDM":null,"KCH":"10034123022"},{"KKDWDM":"011","XS":32,"BYBZ":"0","JSJC":4,"XXXQDM":"02","KXH":"01","KSJC":3,"XKZRS":82,"SKZC":"000000000010000000000000","SKJS":"邓联贵","ISTK":0,"ZCMC":"11周","YPSJDD":"11周 星期二 第3节-第4节 南湖北-爱特楼-302,1-10周 星期二 第3节-第5节 南湖北-爱特楼-302","XF":2,"SKXQ":2,"XNXQDM":"2024-2025-2","KCM":"嵌入式微处理器系统B","JASDM":"0201010302","JXLDM":"020101","JXBID":"20242-03080","SKBJ":"电子2201-02,集成电路2201","TYXMDM":null,"KCH":"10115117020"},{"KKDWDM":"003","XS":32,"BYBZ":"0","JSJC":4,"XXXQDM":"02","KXH":"01","KSJC":3,"XKZRS":74,"SKZC":"000000000001110000000000000000","SKJS":"冯玮,庄武豪","ISTK":0,"ZCMC":"12-14周","YPSJDD":"9-14周 星期三 第6节-第7节 南湖北-爱特楼-302,9-10周 星期一 第3节-第4节 南湖北-爱特楼-302,16周 星期一 第3节-第4节 南湖北-爱特楼-302,12-14周 星期一 第3节-第4节 南湖北-爱特楼-302","XF":2,"SKXQ":1,"XNXQDM":"2024-2025-2","KCM":"工装模具CAD","JASDM":"0201010302","JXLDM":"020101","JXBID":"20242-03839","SKBJ":"成型2201-02","TYXMDM":null,"KCH":"10035121062"},{"KKDWDM":"003","XS":32,"BYBZ":"0","JSJC":4,"XXXQDM":"02","KXH":"01","KSJC":3,"XKZRS":74,"SKZC":"000000000000000100000000000000","SKJS":"冯玮,庄武豪","ISTK":0,"ZCMC":"16周","YPSJDD":"9-14周 星期三 第6节-第7节 南湖北-爱特楼-302,9-10周 星期一 第3节-第4节 南湖北-爱特楼-302,16周 星期一 第3节-第4节 南湖北-爱特楼-302,12-14周 星期一 第3节-第4节 南湖北-爱特楼-302","XF":2,"SKXQ":1,"XNXQDM":"2024-2025-2","KCM":"工装模具CAD","JASDM":"0201010302","JXLDM":"020101","JXBID":"20242-03839","SKBJ":"成型2201-02","TYXMDM":null,"KCH":"10035121062"},{"KKDWDM":"016","XS":56,"BYBZ":"0","JSJC":8,"XXXQDM":"02","KXH":"01","KSJC":6,"XKZRS":75,"SKZC":"0000000000000001000000000","SKJS":"董玉林","ISTK":0,"ZCMC":"16周","YPSJDD":"3周 星期日 第6节-第8节 南湖北-爱特楼-302,16周 星期六 第6节-第8节 南湖北-爱特楼-302,3-5周,7-9周,11-13周,15周 星期六 第6节-第10节 南湖北-爱特楼-302","XF":3,"SKXQ":6,"XNXQDM":"2024-2025-2","KCM":"物理化学D","JASDM":"0201010302","JXLDM":"020101","JXBID":"20242-14320","SKBJ":null,"TYXMDM":null,"KCH":"10164117038"},{"KKDWDM":"011","XS":48,"BYBZ":"0","JSJC":5,"XXXQDM":"02","KXH":"09","KSJC":3,"XKZRS":106,"SKZC":"000000000000000010000000000000","SKJS":"金新娟","ISTK":0,"ZCMC":"17周","YPSJDD":"11-16周 星期五 第3节-第5节 南湖北-爱特楼-302,17周 星期三 第3节-第5节 南湖北-爱特楼-302,9周 星期日 第3节-第5节 南湖北-爱特楼-302,1-5周 星期五 第3节-第5节 南湖北-爱特楼-302,7-9周 星期五 第3节-第5节 南湖北-爱特楼-302","XF":3,"SKXQ":3,"XNXQDM":"2024-2025-2","KCM":"数字电子技术基础C","JASDM":"0201010302","JXLDM":"020101","JXBID":"20242-09828","SKBJ":"电气2301-03","TYXMDM":null,"KCH":"10115121002"}]}},"code":"0"}