{"datas":{"jaskcb":{"extParams":{"code":1,"msg":"查询成功"},"pageSize":0,"pageNumber":0,"totalSize":-1,"rows":[{"KKDWDM":"021","XS":36,"BYBZ":"0","JSJC":5,"XXXQDM":"02","KXH":"05","KSJC":3,"XKZRS":64,"SKZC":"111111111100000000000000000000","SKJS":"周福","ISTK":0,"ZCMC":"1-10周","YPSJDD":"1-10周 星期一 第3节-第5节 南湖北-北教三-103,12-13周 星期一 第3节-第5节 南湖北-北教三-103","XF":2,"SKXQ":1,"XNXQDM":"2024-2025-2","KCM":"习近平新时代中国特色社会主义思想概论","JASDM":"0201040103","JXLDM":"020104","JXBID":"20242-04460","SKBJ":"通信2304-06","TYXMDM":null,"KCH":"10211121033"},{"KKDWDM":"003","XS":24,"BYBZ":"0","JSJC":2,"XXXQDM":"02","KXH":"01","KSJC":1,"XKZRS":112,"SKZC":"111111111000000000000000000000","SKJS":"刘保顺","ISTK":0,"ZCMC":"1-9周","YPSJDD":"1-9周 星期四 第1节-第2节 南湖北-北教三-103,11-13周 星期四 第1节-第2节 南湖北-北教三-103","XF":1,"SKXQ":4,"XNXQDM":"2024-2025-2","KCM":"半导体光电化学","JASDM":"0201040103","JXLDM":"020104","JXBID":"20242-03142","SKBJ":"新能源2201,材化2201,材科2201-02","TYXMDM":null,"KCH":"10035121023"},{"KKDWDM":"003","XS":16,"BYBZ":"0","JSJC":2,"XXXQDM":"02","KXH":"01","KSJC":1,"XKZRS":83,"SKZC":"111111110000000000000000000000","SKJS":"徐凯,熊玉立,谢毅","ISTK":0,"ZCMC":"1-8周","YPSJDD":"1-8周 星期二 第1节-第2节 南湖北-北教三-103","XF":1,"SKXQ":2,"XNXQDM":"2024-2025-2","KCM":"薄膜材料与技术","JASDM":"0201040103","JXLDM":"020104","JXBID":"20242-03593","SKBJ":"新能源2201,材化2201,材物2201,高分子2201-02","TYXMDM":null,"KCH":"10036111005"},{"KKDWDM":"011","XS":32,"BYBZ":"0","JSJC":5,"XXXQDM":"02","KXH":"01","KSJC":3,"XKZRS":139,"SKZC":"11111111","SKJS":"廖杨喆,阳俊","ISTK":0,"ZCMC":"1-8周","YPSJDD":"1-8周 星期二 第3节-第5节 南湖北-北教三-103","XF":2,"SKXQ":2,"XNXQDM":"2024-2025-2","KCM":"机器学习导论","JASDM":"0201040103","JXLDM":"020104","JXBID":"20242-02646","SKBJ":"通信2201-06","TYXMDM":null,"KCH":"10115121037"},{"KKDWDM":"011","XS":40,"BYBZ":"0","JSJC":2,"XXXQDM":"02","KXH":"01","KSJC":1,"XKZRS":112,"SKZC":"11111111","SKJS":"马小林","ISTK":0,"ZCMC":"1-8周","YPSJDD":"1-8周 星期一 第1节-第2节 南湖北-北教三-103,1-8周 星期三 第3节-第4节 南湖北-北教三-103","XF":2,"SKXQ":1,"XNXQDM":"2024-2025-2","KCM":"Android软件设计","JASDM":"0201040103","JXLDM":"020104","JXBID":"20242-02910","SKBJ":"信息2201-03","TYXMDM":null,"KCH":"10115121043"},{"KKDWDM":"011","XS":40,"BYBZ":"0","JSJC":4,"XXXQDM":"02","KXH":"01","KSJC":3,"XKZRS":112,"SKZC":"11111111","SKJS":"马小林","ISTK":0,"ZCMC":"1-8周","YPSJDD":"1-8周 星期一 第1节-第2节 南湖北-北教三-103,1-8周 星期三 第3节-第4节 南湖北-北教三-103","XF":2,"SKXQ":3,"XNXQDM":"2024-2025-2","KCM":"Android软件设计","JASDM":"0201040103","JXLDM":"020104","JXBID":"20242-02910","SKBJ":"信息2201-03","TYXMDM":null,"KCH":"10115121043"},{"KKDWDM":"022","XS":24,"BYBZ":"0","JSJC":5,"XXXQDM":"02","KXH":"01","KSJC":3,"XKZRS":140,"SKZC":"1111101110000000000000000","SKJS":"徐江萍","ISTK":0,"ZCMC":"1-5周,7-9周","YPSJDD":"1-5周,7-9周 星期六 第3节-第5节 南湖北-北教三-103","XF":1,"SKXQ":6,"XNXQDM":"2024-2025-2","KCM":"校园侵权法学(GX)","JASDM":"0201040103","JXLDM":"020104","JXBID":"20242-08577","SKBJ":"公选-08577","TYXMDM":null,"KCH":"10222121279"},{"KKDWDM":"022","XS":32,"BYBZ":"0","JSJC":5,"XXXQDM":"02","KXH":"02","KSJC":3,"XKZRS":136,"SKZC":"111110110011100000000000","SKJS":"夏颖","ISTK":0,"ZCMC":"1-5周,7-8周,11-13周","YPSJDD":"15周 星期日 第3节-第4节 南湖北-北教三-103,1-5周,7-8周,11-13周 星期日 第3节-第5节 南湖北-北教三-103","XF":2,"SKXQ":7,"XNXQDM":"2024-2025-2","KCM":"合同法原理与实务","JASDM":"0201040103","JXLDM":"020104","JXBID":"20242-11568","SKBJ":"公选-11568","TYXMDM":null,"KCH":"10226121370"},{"KKDWDM":"011","XS":48,"BYBZ":"0","JSJC":5,"XXXQDM":"02","KXH":"01","KSJC":3,"XKZRS":135,"SKZC":"111110000000000000000000000000","SKJS":"赵宁","ISTK":0,"ZCMC":"1-5周","YPSJDD":"1-5周 星期五 第3节-第5节 南湖北-北教三-103,7-9周 星期五 第3节-第5节 南湖北-北教三-103,9周 星期日 第3节-第5节 南湖北-北教三-103,11-16周 星期五 第3节-第5节 南湖北-北教三-103,17周 星期三 第3节-第5节 南湖北-北教三-103","XF":3,"SKXQ":5,"XNXQDM":"2024-2025-2","KCM":"高频电子线路D","JASDM":"0201040103","JXLDM":"020104","JXBID":"20242-11164","SKBJ":"通信2301-04","TYXMDM":null,"KCH":"10114117047"},{"KKDWDM":"022","XS":24,"BYBZ":"0","JSJC":8,"XXXQDM":"02","KXH":"01","KSJC":6,"XKZRS":140,"SKZC":"111110000000000000000000000000","SKJS":"徐江萍","ISTK":0,"ZCMC":"1-5周","YPSJDD":"1-5周 星期六 第6节-第8节 南湖北-北教三-103,7-9周 星期六 第6节-第8节 南湖北-北教三-103","XF":1,"SKXQ":6,"XNXQDM":"2024-2025-2","KCM":"劳动合同法律实务(RW)","JASDM":"0201040103","JXLDM":"020104","JXBID":"20242-08506","SKBJ":"公选-08506","TYXMDM":null,"KCH":"10226121367"},{"KKDWDM":"011","XS":32,"BYBZ":"0","JSJC":8,"XXXQDM":"02","KXH":"01","KSJC":6,"XKZRS":22,"SKZC":"111110000000000000000000000000","SKJS":"桂林","ISTK":0,"ZCMC":"1-5周","YPSJDD":"9周 星期日 第6节-第8节 南湖北-北教三-103,1-5周 星期五 第6节-第8节 南湖北-北教三-103,7-8周 星期五 第6节-第8节 南湖北-北教三-103","XF":2,"SKXQ":5,"XNXQDM":"2024-2025-2","KCM":"JAVA程序设计","JASDM":"0201040103","JXLDM":"020104","JXBID":"20242-04797","SKBJ":"电信2301-06","TYXMDM":null,"KCH":"10116121095"},{"KKDWDM":"022","XS":24,"BYBZ":"0","JSJC":8,"XXXQDM":"02","KXH":"01","KSJC":6,"XKZRS":140,"SKZC":"000000111000000000000000000000","SKJS":"徐江萍","ISTK":0,"ZCMC":"7-9周","YPSJDD":"1-5周 星期六 第6节-第8节 南湖北-北教三-103,7-9周 星期六 第6节-第8节 南湖北-北教三-103","XF":1,"SKXQ":6,"XNXQDM":"2024-2025-2","KCM":"劳动合同法律实务(RW)","JASDM":"0201040103","JXLDM":"020104","JXBID":"20242-08506","SKBJ":"公选-08506","TYXMDM":null,"KCH":"10226121367"},{"KKDWDM":"011","XS":48,"BYBZ":"0","JSJC":5,"XXXQDM":"02","KXH":"01","KSJC":3,"XKZRS":135,"SKZC":"000000111000000000000000000000","SKJS":"赵宁","ISTK":0,"ZCMC":"7-9周","YPSJDD":"1-5周 星期五 第3节-第5节 南湖北-北教三-103,7-9周 星期五 第3节-第5节 南湖北-北教三-103,9周 星期日 第3节-第5节 南湖北-北教三-103,11-16周 星期五 第3节-第5节 南湖北-北教三-103,17周 星期三 第3节-第5节 南湖北-北教三-103","XF":3,"SKXQ":5,"XNXQDM":"2024-2025-2","KCM":"高频电子线路D","JASDM":"0201040103","JXLDM":"020104","JXBID":"20242-11164","SKBJ":"通信2301-04","TYXMDM":null,"KCH":"10114117047"},{"KKDWDM":"011","XS":32,"BYBZ":"0","JSJC":8,"XXXQDM":"02","KXH":"01","KSJC":6,"XKZRS":22,"SKZC":"000000110000000000000000000000","SKJS":"桂林","ISTK":0,"ZCMC":"7-8周","YPSJDD":"9周 星期日 第6节-第8节 南湖北-北教三-103,1-5周 星期五 第6节-第8节 南湖北-北教三-103,7-8周 星期五 第6节-第8节 南湖北-北教三-103","XF":2,"SKXQ":5,"XNXQDM":"2024-2025-2","KCM":"JAVA程序设计","JASDM":"0201040103","JXLDM":"020104","JXBID":"20242-04797","SKBJ":"电信2301-06","TYXMDM":null,"KCH":"10116121095"},{"KKDWDM":"011","XS":40,"BYBZ":"0","JSJC":4,"XXXQDM":"02","KXH":"01","KSJC":3,"XKZRS":80,"SKZC":"000000001111111100000000000000","SKJS":"程鑫,黄涛","ISTK":0,"ZCMC":"9-16周","YPSJDD":"16-17周 星期一 第1节-第2节 南湖北-北教三-103,12-14周 星期一 第1节-第2节 南湖北-北教三-103,17周 星期二 第1节-第2节 南湖北-北教三-103,9-10周 星期一 第1节-第2节 南湖北-北教三-103,9-16周 星期三 第3节-第4节 南湖北-北教三-103","XF":2,"SKXQ":3,"XNXQDM":"2024-2025-2","KCM":"微机原理与通信接口A","JASDM":"0201040103","JXLDM":"020104","JXBID":"20242-02147","SKBJ":"信息2201-03","TYXMDM":null,"KCH":"10115117006"},{"KKDWDM":"011","XS":40,"BYBZ":"0","JSJC":2,"XXXQDM":"02","KXH":"01","KSJC":1,"XKZRS":80,"SKZC":"000000001100000000000000000000","SKJS":"程鑫,黄涛","ISTK":0,"ZCMC":"9-10周","YPSJDD":"16-17周 星期一 第1节-第2节 南湖北-北教三-103,12-14周 星期一 第1节-第2节 南湖北-北教三-103,17周 星期二 第1节-第2节 南湖北-北教三-103,9-10周 星期一 第1节-第2节 南湖北-北教三-103,9-16周 星期三 第3节-第4节 南湖北-北教三-103","XF":2,"SKXQ":1,"XNXQDM":"2024-2025-2","KCM":"微机原理与通信接口A","JASDM":"0201040103","JXLDM":"020104","JXBID":"20242-02147","SKBJ":"信息2201-03","TYXMDM":null,"KCH":"10115117006"},{"KKDWDM":"011","XS":48,"BYBZ":"0","JSJC":5,"XXXQDM":"02","KXH":"01","KSJC":3,"XKZRS":135,"SKZC":"000000001000000000000000000000","SKJS":"赵宁","ISTK":0,"ZCMC":"9周","YPSJDD":"1-5周 星期五 第3节-第5节 南湖北-北教三-103,7-9周 星期五 第3节-第5节 南湖北-北教三-103,9周 星期日 第3节-第5节 南湖北-北教三-103,11-16周 星期五 第3节-第5节 南湖北-北教三-103,17周 星期三 第3节-第5节 南湖北-北教三-103","XF":3,"SKXQ":7,"XNXQDM":"2024-2025-2","KCM":"高频电子线路D","JASDM":"0201040103","JXLDM":"020104","JXBID":"20242-11164","SKBJ":"通信2301-04","TYXMDM":null,"KCH":"10114117047"},{"KKDWDM":"011","XS":32,"BYBZ":"0","JSJC":8,"XXXQDM":"02","KXH":"01","KSJC":6,"XKZRS":22,"SKZC":"000000001000000000000000000000","SKJS":"桂林","ISTK":0,"ZCMC":"9周","YPSJDD":"9周 星期日 第6节-第8节 南湖北-北教三-103,1-5周 星期五 第6节-第8节 南湖北-北教三-103,7-8周 星期五 第6节-第8节 南湖北-北教三-103","XF":2,"SKXQ":7,"XNXQDM":"2024-2025-2","KCM":"JAVA程序设计","JASDM":"0201040103","JXLDM":"020104","JXBID":"20242-04797","SKBJ":"电信2301-06","TYXMDM":null,"KCH":"10116121095"},{"KKDWDM":"013","XS":32,"BYBZ":"0","JSJC":8,"XXXQDM":"02","KXH":"01","KSJC":6,"XKZRS":139,"SKZC":"000000001000000000000000000000","SKJS":"房伟,韦鹏","ISTK":0,"ZCMC":"9周","YPSJDD":"17周 星期三 第6节-第8节 南湖北-北教三-103,9周 星期五 第6节-第8节 南湖北-北教三-103,11-16周 星期五 第6节-第8节 南湖北-北教三-103","XF":2,"SKXQ":5,"XNXQDM":"2024-2025-2","KCM":"信号与系统分析","JASDM":"0201040103","JXLDM":"020104","JXBID":"20242-05164","SKBJ":"电气2301-05","TYXMDM":null,"KCH":"10135121052"},{"KKDWDM":"013","XS":32,"BYBZ":"0","JSJC":8,"XXXQDM":"02","KXH":"01","KSJC":6,"XKZRS":139,"SKZC":"000000000011111100000000000000","SKJS":"房伟,韦鹏","ISTK":0,"ZCMC":"11-16周","YPSJDD":"17周 星期三 第6节-第8节 南湖北-北教三-103,9周 星期五 第6节-第8节 南湖北-北教三-103,11-16周 星期五 第6节-第8节 南湖北-北教三-103","XF":2,"SKXQ":5,"XNXQDM":"2024-2025-2","KCM":"信号与系统分析","JASDM":"0201040103","JXLDM":"020104","JXBID":"20242-05164","SKBJ":"电气2301-05","TYXMDM":null,"KCH":"10135121052"},{"KKDWDM":"011","XS":48,"BYBZ":"0","JSJC":5,"XXXQDM":"02","KXH":"01","KSJC":3,"XKZRS":135,"SKZC":"000000000011111100000000000000","SKJS":"赵宁","ISTK":0,"ZCMC":"11-16周","YPSJDD":"1-5周 星期五 第3节-第5节 南湖北-北教三-103,7-9周 星期五 第3节-第5节 南湖北-北教三-103,9周 星期日 第3节-第5节 南湖北-北教三-103,11-16周 星期五 第3节-第5节 南湖北-北教三-103,17周 星期三 第3节-第5节 南湖北-北教三-103","XF":3,"SKXQ":5,"XNXQDM":"2024-2025-2","KCM":"高频电子线路D","JASDM":"0201040103","JXLDM":"020104","JXBID":"20242-11164","SKBJ":"通信2301-04","TYXMDM":null,"KCH":"10114117047"},{"KKDWDM":"022","XS":24,"BYBZ":"0","JSJC":13,"XXXQDM":"02","KXH":"01","KSJC":11,"XKZRS":61,"SKZC":"0000000000111100000000000","SKJS":"徐江萍","ISTK":0,"ZCMC":"11-14周","YPSJDD":"11-13周,15-16周 星期六 第3节-第4节 南湖北-北教三-103,15周 星期五 第11节-第12节 南湖北-北教三-103,11-14周 星期五 第11节-第13节 南湖北-北教三-103","XF":1,"SKXQ":5,"XNXQDM":"2024-2025-2","KCM":"理财法律事务学(GX)","JASDM":"0201040103","JXLDM":"020104","JXBID":"20242-08664","SKBJ":"公选-08664","TYXMDM":null,"KCH":"10222121280"},{"KKDWDM":"022","XS":24,"BYBZ":"0","JSJC":4,"XXXQDM":"02","KXH":"01","KSJC":3,"XKZRS":61,"SKZC":"0000000000111011000000000","SKJS":"徐江萍","ISTK":0,"ZCMC":"11-13周,15-16周","YPSJDD":"11-13周,15-16周 星期六 第3节-第4节 南湖北-北教三-103,15周 星期五 第11节-第12节 南湖北-北教三-103,11-14周 星期五 第11节-第13节 南湖北-北教三-103","XF":1,"SKXQ":6,"XNXQDM":"2024-2025-2","KCM":"理财法律事务学(GX)","JASDM":"0201040103","JXLDM":"020104","JXBID":"20242-08664","SKBJ":"公选-08664","TYXMDM":null,"KCH":"10222121280"},{"KKDWDM":"022","XS":24,"BYBZ":"0","JSJC":10,"XXXQDM":"02","KXH":"01","KSJC":6,"XKZRS":138,"SKZC":"0000000000111010000000000","SKJS":"徐江萍","ISTK":0,"ZCMC":"11-13周,15周","YPSJDD":"16周 星期六 第6节-第9节 南湖北-北教三-103,11-13周,15周 星期六 第6节-第10节 南湖北-北教三-103","XF":1,"SKXQ":6,"XNXQDM":"2024-2025-2","KCM":"劳动合同法律实务(GX)","JASDM":"0201040103","JXLDM":"020104","JXBID":"20242-08504","SKBJ":"公选-08504","TYXMDM":null,"KCH":"10222121226"},{"KKDWDM":"003","XS":24,"BYBZ":"0","JSJC":2,"XXXQDM":"02","KXH":"01","KSJC":1,"XKZRS":112,"SKZC":"000000000011100000000000000000","SKJS":"刘保顺","ISTK":0,"ZCMC":"11-13周","YPSJDD":"1-9周 星期四 第1节-第2节 南湖北-北教三-103,11-13周 星期四 第1节-第2节 南湖北-北教三-103","XF":1,"SKXQ":4,"XNXQDM":"2024-2025-2","KCM":"半导体光电化学","JASDM":"0201040103","JXLDM":"020104","JXBID":"20242-03142","SKBJ":"新能源2201,材化2201,材科2201-02","TYXMDM":null,"KCH":"10035121023"},{"KKDWDM":"011","XS":40,"BYBZ":"0","JSJC":2,"XXXQDM":"02","KXH":"01","KSJC":1,"XKZRS":80,"SKZC":"000000000001110000000000000000","SKJS":"程鑫,黄涛","ISTK":0,"ZCMC":"12-14周","YPSJDD":"16-17周 星期一 第1节-第2节 南湖北-北教三-103,12-14周 星期一 第1节-第2节 南湖北-北教三-103,17周 星期二 第1节-第2节 南湖北-北教三-103,9-10周 星期一 第1节-第2节 南湖北-北教三-103,9-16周 星期三 第3节-第4节 南湖北-北教三-103","XF":2,"SKXQ":1,"XNXQDM":"2024-2025-2","KCM":"微机原理与通信接口A","JASDM":"0201040103","JXLDM":"020104","JXBID":"20242-02147","SKBJ":"信息2201-03","TYXMDM":null,"KCH":"10115117006"},{"KKDWDM":"021","XS":36,"BYBZ":"0","JSJC":5,"XXXQDM":"02","KXH":"05","KSJC":3,"XKZRS":64,"SKZC":"000000000001100000000000000000","SKJS":"周福","ISTK":0,"ZCMC":"12-13周","YPSJDD":"1-10周 星期一 第3节-第5节 南湖北-北教三-103,12-13周 星期一 第3节-第5节 南湖北-北教三-103","XF":2,"SKXQ":1,"XNXQDM":"2024-2025-2","KCM":"习近平新时代中国特色社会主义思想概论","JASDM":"0201040103","JXLDM":"020104","JXBID":"20242-04460","SKBJ":"通信2304-06","TYXMDM":null,"KCH":"10211121033"},{"KKDWDM":"038","XS":32,"BYBZ":"0","JSJC":7,"XXXQDM":"02","KXH":"14","KSJC":6,"XKZRS":140,"SKZC":"000000000000100000000000000000","SKJS":"卫泽","ISTK":0,"ZCMC":"13周","YPSJDD":"13周 星期日 第6节-第7节 南湖北-北教三-103,1-4周,6-16周 星期二 第9节-第10节 南湖南-博学东楼-101","XF":2,"SKXQ":7,"XNXQDM":"2024-2025-2","KCM":"军事理论","JASDM":"0201040103","JXLDM":"020104","JXBID":"20242-12124","SKBJ":"环科类2401-04","TYXMDM":null,"KCH":"10381121001"},{"KKDWDM":"022","XS":24,"BYBZ":"0","JSJC":12,"XXXQDM":"02","KXH":"01","KSJC":11,"XKZRS":61,"SKZC":"0000000000000010000000000","SKJS":"徐江萍","ISTK":0,"ZCMC":"15周","YPSJDD":"11-13周,15-16周 星期六 第3节-第4节 南湖北-北教三-103,15周 星期五 第11节-第12节 南湖北-北教三-103,11-14周 星期五 第11节-第13节 南湖北-北教三-103","XF":1,"SKXQ":5,"XNXQDM":"2024-2025-2","KCM":"理财法律事务学(GX)","JASDM":"0201040103","JXLDM":"020104","JXBID":"20242-08664","SKBJ":"公选-08664","TYXMDM":null,"KCH":"10222121280"},{"KKDWDM":"022","XS":32,"BYBZ":"0","JSJC":4,"XXXQDM":"02","KXH":"02","KSJC":3,"XKZRS":136,"SKZC":"000000000000001000000000","SKJS":"夏颖","ISTK":0,"ZCMC":"15周","YPSJDD":"15周 星期日 第3节-第4节 南湖北-北教三-103,1-5周,7-8周,11-13周 星期日 第3节-第5节 南湖北-北教三-103","XF":2,"SKXQ":7,"XNXQDM":"2024-2025-2","KCM":"合同法原理与实务","JASDM":"0201040103","JXLDM":"020104","JXBID":"20242-11568","SKBJ":"公选-11568","TYXMDM":null,"KCH":"10226121370"},{"KKDWDM":"011","XS":40,"BYBZ":"0","JSJC":2,"XXXQDM":"02","KXH":"01","KSJC":1,"XKZRS":80,"SKZC":"000000000000000110000000000000","SKJS":"程鑫,黄涛","ISTK":0,"ZCMC":"16-17周","YPSJDD":"16-17周 星期一 第1节-第2节 南湖北-北教三-103,12-14周 星期一 第1节-第2节 南湖北-北教三-103,17周 星期二 第1节-第2节 南湖北-北教三-103,9-10周 星期一 第1节-第2节 南湖北-北教三-103,9-16周 星期三 第3节-第4节 南湖北-北教三-103","XF":2,"SKXQ":1,"XNXQDM":"2024-2025-2","KCM":"微机原理与通信接口A","JASDM":"0201040103","JXLDM":"020104","JXBID":"20242-02147","SKBJ":"信息2201-03","TYXMDM":null,"KCH":"10115117006"},{"KKDWDM":"022","XS":24,"BYBZ":"0","JSJC":9,"XXXQDM":"02","KXH":"01","KSJC":6,"XKZRS":138,"SKZC":"0000000000000001000000000","SKJS":"徐江萍","ISTK":0,"ZCMC":"16周","YPSJDD":"16周 星期六 第6节-第9节 南湖北-北教三-103,11-13周,15周 星期六 第6节-第10节 南湖北-北教三-103","XF":1,"SKXQ":6,"XNXQDM":"2024-2025-2","KCM":"劳动合同法律实务(GX)","JASDM":"0201040103","JXLDM":"020104","JXBID":"20242-08504","SKBJ":"公选-08504","TYXMDM":null,"KCH":"10222121226"},{"KKDWDM":"011","XS":40,"BYBZ":"0","JSJC":2,"XXXQDM":"02","KXH":"01","KSJC":1,"XKZRS":80,"SKZC":"000000000000000010000000000000","SKJS":"程鑫,黄涛","ISTK":0,"ZCMC":"17周","YPSJDD":"16-17周 星期一 第1节-第2节 南湖北-北教三-103,12-14周 星期一 第1节-第2节 南湖北-北教三-103,17周 星期二 第1节-第2节 南湖北-北教三-103,9-10周 星期一 第1节-第2节 南湖北-北教三-103,9-16周 星期三 第3节-第4节 南湖北-北教三-103","XF":2,"SKXQ":2,"XNXQDM":"2024-2025-2","KCM":"微机原理与通信接口A","JASDM":"0201040103","JXLDM":"020104","JXBID":"20242-02147","SKBJ":"信息2201-03","TYXMDM":null,"KCH":"10115117006"},{"KKDWDM":"011","XS":48,"BYBZ":"0","JSJC":5,"XXXQDM":"02","KXH":"01","KSJC":3,"XKZRS":135,"SKZC":"000000000000000010000000000000","SKJS":"赵宁","ISTK":0,"ZCMC":"17周","YPSJDD":"1-5周 星期五 第3节-第5节 南湖北-北教三-103,7-9周 星期五 第3节-第5节 南湖北-北教三-103,9周 星期日 第3节-第5节 南湖北-北教三-103,11-16周 星期五 第3节-第5节 南湖北-北教三-103,17周 星期三 第3节-第5节 南湖北-北教三-103","XF":3,"SKXQ":3,"XNXQDM":"2024-2025-2","KCM":"高频电子线路D","JASDM":"0201040103","JXLDM":"020104","JXBID":"20242-11164","SKBJ":"通信2301-04","TYXMDM":null,"KCH":"10114117047"},{"KKDWDM":"013","XS":32,"BYBZ":"0","JSJC":8,"XXXQDM":"02","KXH":"01","KSJC":6,"XKZRS":139,"SKZC":"000000000000000010000000000000","SKJS":"房伟,韦鹏","ISTK":0,"ZCMC":"17周","YPSJDD":"17周 星期三 第6节-第8节 南湖北-北教三-103,9周 星期五 第6节-第8节 南湖北-北教三-103,11-16周 星期五 第6节-第8节 南湖北-北教三-103","XF":2,"SKXQ":3,"XNXQDM":"2024-2025-2","KCM":"信号与系统分析","JASDM":"0201040103","JXLDM":"020104","JXBID":"20242-05164","SKBJ":"电气2301-05","TYXMDM":null,"KCH":"10135121052"}]}},"code":"0"}