{"datas":{"jaskcb":{"extParams":{"code":1,"msg":"查询成功"},"pageSize":0,"pageNumber":0,"totalSize":-1,"rows":[{"KKDWDM":null,"XS":null,"BYBZ":"3","JSJC":10,"XXXQDM":null,"KXH":null,"KSJC":9,"XKZRS":null,"SKZC":"111111111000000000000000000000","SKJS":"刘欢","ISTK":0,"ZCMC":"1-9周","YPSJDD":null,"XF":null,"SKXQ":2,"XNXQDM":"2024-2025-2","KCM":"决策管理会计","JASDM":"0201020205","JXLDM":null,"JXBID":null,"SKBJ":"A2202","TYXMDM":null,"KCH":"20244124068"},{"KKDWDM":null,"XS":null,"BYBZ":"3","JSJC":7,"XXXQDM":null,"KXH":null,"KSJC":6,"XKZRS":null,"SKZC":"111111111000000000000000000000","SKJS":"张馨","ISTK":0,"ZCMC":"1-9周","YPSJDD":null,"XF":null,"SKXQ":2,"XNXQDM":"2024-2025-2","KCM":"管理企业文化与战略","JASDM":"0201020205","JXLDM":null,"JXBID":null,"SKBJ":"A2202","TYXMDM":null,"KCH":"20244124078"},{"KKDWDM":null,"XS":null,"BYBZ":"3","JSJC":7,"XXXQDM":null,"KXH":null,"KSJC":6,"XKZRS":null,"SKZC":"111111111000000000000000000000","SKJS":"张馨","ISTK":0,"ZCMC":"1-9周","YPSJDD":null,"XF":null,"SKXQ":3,"XNXQDM":"2024-2025-2","KCM":"管理企业文化与战略","JASDM":"0201020205","JXLDM":null,"JXBID":null,"SKBJ":"A2203","TYXMDM":null,"KCH":"20244124078"},{"KKDWDM":null,"XS":null,"BYBZ":"3","JSJC":7,"XXXQDM":null,"KXH":null,"KSJC":6,"XKZRS":null,"SKZC":"111111111000000000000000000000","SKJS":"张馨","ISTK":0,"ZCMC":"1-9周","YPSJDD":null,"XF":null,"SKXQ":5,"XNXQDM":"2024-2025-2","KCM":"管理企业文化与战略","JASDM":"0201020205","JXLDM":null,"JXBID":null,"SKBJ":"A2203","TYXMDM":null,"KCH":"20244124078"},{"KKDWDM":null,"XS":null,"BYBZ":"3","JSJC":10,"XXXQDM":null,"KXH":null,"KSJC":9,"XKZRS":null,"SKZC":"000000001000000000000000000000","SKJS":"张馨","ISTK":0,"ZCMC":"9周","YPSJDD":null,"XF":null,"SKXQ":5,"XNXQDM":"2024-2025-2","KCM":"管理企业文化与战略(调课)","JASDM":"0201020205","JXLDM":null,"JXBID":null,"SKBJ":"A2202","TYXMDM":null,"KCH":"20244124078"},{"KKDWDM":null,"XS":null,"BYBZ":"3","JSJC":10,"XXXQDM":null,"KXH":null,"KSJC":9,"XKZRS":null,"SKZC":"111111111000000000000000000000","SKJS":"许鹏","ISTK":0,"ZCMC":"1-9周","YPSJDD":null,"XF":null,"SKXQ":1,"XNXQDM":"2024-2025-2","KCM":"国际商业组织","JASDM":"0201020205","JXLDM":null,"JXBID":null,"SKBJ":"GTB2202","TYXMDM":null,"KCH":"20244124106"},{"KKDWDM":null,"XS":null,"BYBZ":"3","JSJC":7,"XXXQDM":null,"KXH":null,"KSJC":6,"XKZRS":null,"SKZC":"111111111000000000000000000000","SKJS":"张敏","ISTK":0,"ZCMC":"1-9周","YPSJDD":null,"XF":null,"SKXQ":1,"XNXQDM":"2024-2025-2","KCM":"国际采购与供应","JASDM":"0201020205","JXLDM":null,"JXBID":null,"SKBJ":"GTB2202","TYXMDM":null,"KCH":"20244124114"},{"KKDWDM":null,"XS":null,"BYBZ":"3","JSJC":4,"XXXQDM":null,"KXH":null,"KSJC":3,"XKZRS":null,"SKZC":"111111111000000000000000000000","SKJS":"张敏","ISTK":0,"ZCMC":"1-9周","YPSJDD":null,"XF":null,"SKXQ":4,"XNXQDM":"2024-2025-2","KCM":"国际采购与供应","JASDM":"0201020205","JXLDM":null,"JXBID":null,"SKBJ":"GTB2203","TYXMDM":null,"KCH":"20244124114"}]}},"code":"0"}