{"datas":{"jaskcb":{"extParams":{"code":1,"msg":"查询成功"},"pageSize":0,"pageNumber":0,"totalSize":-1,"rows":[{"KKDWDM":"004","XS":32,"BYBZ":"0","JSJC":4,"XXXQDM":"02","KXH":"01","KSJC":3,"XKZRS":36,"SKZC":"11111111","SKJS":"沈忠慧,王欢","ISTK":0,"ZCMC":"1-8周","YPSJDD":"1-8周 星期四 第3节-第4节 南湖北-学海楼-611,1-8周 星期二 第6节-第7节 南湖北-学海楼-611","XF":2,"SKXQ":4,"XNXQDM":"2024-2025-2","KCM":"计算材料学","JASDM":"0201050611","JXLDM":"020105","JXBID":"20242-03349","SKBJ":"微电子本硕2201","TYXMDM":null,"KCH":"10045116015"},{"KKDWDM":"004","XS":32,"BYBZ":"0","JSJC":7,"XXXQDM":"02","KXH":"01","KSJC":6,"XKZRS":36,"SKZC":"11111111","SKJS":"沈忠慧,王欢","ISTK":0,"ZCMC":"1-8周","YPSJDD":"1-8周 星期四 第3节-第4节 南湖北-学海楼-611,1-8周 星期二 第6节-第7节 南湖北-学海楼-611","XF":2,"SKXQ":2,"XNXQDM":"2024-2025-2","KCM":"计算材料学","JASDM":"0201050611","JXLDM":"020105","JXBID":"20242-03349","SKBJ":"微电子本硕2201","TYXMDM":null,"KCH":"10045116015"}]}},"code":"0"}