{"datas":{"jaskcb":{"extParams":{"code":1,"msg":"查询成功"},"pageSize":0,"pageNumber":0,"totalSize":-1,"rows":[{"KKDWDM":null,"XS":null,"BYBZ":"3","JSJC":4,"XXXQDM":null,"KXH":null,"KSJC":1,"XKZRS":null,"SKZC":"000000000111110000000000000000","SKJS":null,"ISTK":0,"ZCMC":"10-14周","YPSJDD":null,"XF":null,"SKXQ":1,"XNXQDM":"2024-2025-2","KCM":"版画","JASDM":"0201020404","JXLDM":null,"JXBID":null,"SKBJ":"平面2302","TYXMDM":null,"KCH":"20244124002"},{"KKDWDM":null,"XS":null,"BYBZ":"3","JSJC":4,"XXXQDM":null,"KXH":null,"KSJC":1,"XKZRS":null,"SKZC":"000000000111111110000000000000","SKJS":"Dhaneshwar Shah  寿天,曹飘","ISTK":0,"ZCMC":"10-17周","YPSJDD":null,"XF":null,"SKXQ":1,"XNXQDM":"2024-2025-2","KCM":"版画","JASDM":"0201020404","JXLDM":null,"JXBID":null,"SKBJ":"平面2302","TYXMDM":null,"KCH":"20244124002"},{"KKDWDM":null,"XS":null,"BYBZ":"3","JSJC":9,"XXXQDM":null,"KXH":null,"KSJC":6,"XKZRS":null,"SKZC":"000000000011110000000000000000","SKJS":null,"ISTK":0,"ZCMC":"11-14周","YPSJDD":null,"XF":null,"SKXQ":5,"XNXQDM":"2024-2025-2","KCM":"版画","JASDM":"0201020404","JXLDM":null,"JXBID":null,"SKBJ":"平面2302","TYXMDM":null,"KCH":"20244124002"},{"KKDWDM":null,"XS":null,"BYBZ":"3","JSJC":9,"XXXQDM":null,"KXH":null,"KSJC":6,"XKZRS":null,"SKZC":"000000001111111110000000000000","SKJS":"Dhaneshwar Shah  寿天,曹飘","ISTK":0,"ZCMC":"9-17周","YPSJDD":null,"XF":null,"SKXQ":5,"XNXQDM":"2024-2025-2","KCM":"版画","JASDM":"0201020404","JXLDM":null,"JXBID":null,"SKBJ":"平面2302","TYXMDM":null,"KCH":"20244124002"},{"KKDWDM":null,"XS":null,"BYBZ":"3","JSJC":9,"XXXQDM":null,"KXH":null,"KSJC":6,"XKZRS":null,"SKZC":"000000000011110000000000000000","SKJS":null,"ISTK":0,"ZCMC":"11-14周","YPSJDD":null,"XF":null,"SKXQ":1,"XNXQDM":"2024-2025-2","KCM":"版画","JASDM":"0201020404","JXLDM":null,"JXBID":null,"SKBJ":"平面2303","TYXMDM":null,"KCH":"20244124002"},{"KKDWDM":null,"XS":null,"BYBZ":"3","JSJC":9,"XXXQDM":null,"KXH":null,"KSJC":6,"XKZRS":null,"SKZC":"000000000000011110000000000000","SKJS":"曹飘","ISTK":0,"ZCMC":"14-17周","YPSJDD":null,"XF":null,"SKXQ":1,"XNXQDM":"2024-2025-2","KCM":"版画","JASDM":"0201020404","JXLDM":null,"JXBID":null,"SKBJ":"平面2303","TYXMDM":null,"KCH":"20244124002"},{"KKDWDM":null,"XS":null,"BYBZ":"3","JSJC":9,"XXXQDM":null,"KXH":null,"KSJC":6,"XKZRS":null,"SKZC":"000000000011110000000000000000","SKJS":null,"ISTK":0,"ZCMC":"11-14周","YPSJDD":null,"XF":null,"SKXQ":2,"XNXQDM":"2024-2025-2","KCM":"版画","JASDM":"0201020404","JXLDM":null,"JXBID":null,"SKBJ":"平面2303","TYXMDM":null,"KCH":"20244124002"},{"KKDWDM":null,"XS":null,"BYBZ":"3","JSJC":9,"XXXQDM":null,"KXH":null,"KSJC":6,"XKZRS":null,"SKZC":"000000000000011110000000000000","SKJS":"曹飘","ISTK":0,"ZCMC":"14-17周","YPSJDD":null,"XF":null,"SKXQ":2,"XNXQDM":"2024-2025-2","KCM":"版画","JASDM":"0201020404","JXLDM":null,"JXBID":null,"SKBJ":"平面2303","TYXMDM":null,"KCH":"20244124002"},{"KKDWDM":null,"XS":null,"BYBZ":"3","JSJC":9,"XXXQDM":null,"KXH":null,"KSJC":6,"XKZRS":null,"SKZC":"111111111000000000000000000000","SKJS":"代丹蕾","ISTK":0,"ZCMC":"1-9周","YPSJDD":null,"XF":null,"SKXQ":1,"XNXQDM":"2024-2025-2","KCM":"文字与版式设计","JASDM":"0201020404","JXLDM":null,"JXBID":null,"SKBJ":"数媒2301","TYXMDM":null,"KCH":"20244124007"},{"KKDWDM":null,"XS":null,"BYBZ":"3","JSJC":4,"XXXQDM":null,"KXH":null,"KSJC":1,"XKZRS":null,"SKZC":"000000010000000000000000000000","SKJS":"代丹蕾","ISTK":0,"ZCMC":"8周","YPSJDD":null,"XF":null,"SKXQ":3,"XNXQDM":"2024-2025-2","KCM":"文字与版式设计","JASDM":"0201020404","JXLDM":null,"JXBID":null,"SKBJ":"数媒2301","TYXMDM":null,"KCH":"20244124007"},{"KKDWDM":null,"XS":null,"BYBZ":"3","JSJC":4,"XXXQDM":null,"KXH":null,"KSJC":1,"XKZRS":null,"SKZC":"000000010000000000000000000000","SKJS":"吴丹","ISTK":0,"ZCMC":"8周","YPSJDD":null,"XF":null,"SKXQ":2,"XNXQDM":"2024-2025-2","KCM":"文字与版式设计","JASDM":"0201020404","JXLDM":null,"JXBID":null,"SKBJ":"数媒2302","TYXMDM":null,"KCH":"20244124007"},{"KKDWDM":null,"XS":null,"BYBZ":"3","JSJC":9,"XXXQDM":null,"KXH":null,"KSJC":6,"XKZRS":null,"SKZC":"111111110000000000000000000000","SKJS":null,"ISTK":0,"ZCMC":"1-8周","YPSJDD":null,"XF":null,"SKXQ":3,"XNXQDM":"2024-2025-2","KCM":"文字与版式设计","JASDM":"0201020404","JXLDM":null,"JXBID":null,"SKBJ":"数媒2302","TYXMDM":null,"KCH":"20244124007"},{"KKDWDM":null,"XS":null,"BYBZ":"3","JSJC":9,"XXXQDM":null,"KXH":null,"KSJC":6,"XKZRS":null,"SKZC":"111111111000000000000000000000","SKJS":"吴丹","ISTK":0,"ZCMC":"1-9周","YPSJDD":null,"XF":null,"SKXQ":3,"XNXQDM":"2024-2025-2","KCM":"文字与版式设计","JASDM":"0201020404","JXLDM":null,"JXBID":null,"SKBJ":"数媒2302","TYXMDM":null,"KCH":"20244124007"},{"KKDWDM":null,"XS":null,"BYBZ":"3","JSJC":9,"XXXQDM":null,"KXH":null,"KSJC":6,"XKZRS":null,"SKZC":"111111111000000000000000000000","SKJS":"Dhaneshwar Shah  寿天,杨喆","ISTK":0,"ZCMC":"1-9周","YPSJDD":null,"XF":null,"SKXQ":5,"XNXQDM":"2024-2025-2","KCM":"文字与版式设计","JASDM":"0201020404","JXLDM":null,"JXBID":null,"SKBJ":"数媒2303","TYXMDM":null,"KCH":"20244124007"},{"KKDWDM":null,"XS":null,"BYBZ":"3","JSJC":4,"XXXQDM":null,"KXH":null,"KSJC":1,"XKZRS":null,"SKZC":"111111111000000000000000000000","SKJS":"肖淋译","ISTK":0,"ZCMC":"1-9周","YPSJDD":null,"XF":null,"SKXQ":4,"XNXQDM":"2024-2025-2","KCM":"IP形象设计","JASDM":"0201020404","JXLDM":null,"JXBID":null,"SKBJ":"平面2303","TYXMDM":null,"KCH":"20244124010"},{"KKDWDM":null,"XS":null,"BYBZ":"3","JSJC":4,"XXXQDM":null,"KXH":null,"KSJC":1,"XKZRS":null,"SKZC":"111111110000000000000000000000","SKJS":"肖淋译","ISTK":0,"ZCMC":"1-8周","YPSJDD":null,"XF":null,"SKXQ":5,"XNXQDM":"2024-2025-2","KCM":"IP形象设计","JASDM":"0201020404","JXLDM":null,"JXBID":null,"SKBJ":"平面2303","TYXMDM":null,"KCH":"20244124010"},{"KKDWDM":null,"XS":null,"BYBZ":"3","JSJC":9,"XXXQDM":null,"KXH":null,"KSJC":6,"XKZRS":null,"SKZC":"000000000111111110000000000000","SKJS":"肖淋译","ISTK":0,"ZCMC":"10-17周","YPSJDD":null,"XF":null,"SKXQ":3,"XNXQDM":"2024-2025-2","KCM":"书籍设计","JASDM":"0201020404","JXLDM":null,"JXBID":null,"SKBJ":"平面2301","TYXMDM":null,"KCH":"20244124011"},{"KKDWDM":null,"XS":null,"BYBZ":"3","JSJC":4,"XXXQDM":null,"KXH":null,"KSJC":1,"XKZRS":null,"SKZC":"000000000111111110000000000000","SKJS":"肖淋译","ISTK":0,"ZCMC":"10-17周","YPSJDD":null,"XF":null,"SKXQ":5,"XNXQDM":"2024-2025-2","KCM":"书籍设计","JASDM":"0201020404","JXLDM":null,"JXBID":null,"SKBJ":"平面2301","TYXMDM":null,"KCH":"20244124011"},{"KKDWDM":null,"XS":null,"BYBZ":"3","JSJC":9,"XXXQDM":null,"KXH":null,"KSJC":6,"XKZRS":null,"SKZC":"111111111111100000000000000000","SKJS":"夏静","ISTK":0,"ZCMC":"1-13周","YPSJDD":null,"XF":null,"SKXQ":2,"XNXQDM":"2024-2025-2","KCM":"动画运动规律","JASDM":"0201020404","JXLDM":null,"JXBID":null,"SKBJ":"数媒2302","TYXMDM":null,"KCH":"20244124026"},{"KKDWDM":null,"XS":null,"BYBZ":"3","JSJC":4,"XXXQDM":null,"KXH":null,"KSJC":1,"XKZRS":null,"SKZC":"000000001111111110000000000000","SKJS":"Dhaneshwar Shah  寿天,王德群","ISTK":0,"ZCMC":"9-17周","YPSJDD":null,"XF":null,"SKXQ":2,"XNXQDM":"2024-2025-2","KCM":"数字插画","JASDM":"0201020404","JXLDM":null,"JXBID":null,"SKBJ":"数媒2302","TYXMDM":null,"KCH":"20244124033"}]}},"code":"0"}