{"datas":{"jaskcb":{"extParams":{"code":1,"msg":"查询成功"},"pageSize":0,"pageNumber":0,"totalSize":-1,"rows":[{"KKDWDM":"011","XS":64,"BYBZ":"0","JSJC":4,"XXXQDM":"02","KXH":"04","KSJC":3,"XKZRS":114,"SKZC":"111111111111110000000000000000","SKJS":"江雪梅","ISTK":0,"ZCMC":"1-14周","YPSJDD":"11-15周 星期五 第1节-第2节 南湖北-爱特楼-202,1-14周 星期三 第3节-第4节 南湖北-爱特楼-202,7-9周 星期五 第1节-第2节 南湖北-爱特楼-202,9周 星期日 第1节-第2节 南湖北-爱特楼-202,1-5周 星期五 第1节-第2节 南湖北-爱特楼-202","XF":4,"SKXQ":3,"XNXQDM":"2024-2025-2","KCM":"信号与系统A","JASDM":"0201010202","JXLDM":"020101","JXBID":"20242-11186","SKBJ":"通信2301-03","TYXMDM":null,"KCH":"10145111001"},{"KKDWDM":"013","XS":40,"BYBZ":"0","JSJC":5,"XXXQDM":"02","KXH":"06","KSJC":3,"XKZRS":107,"SKZC":"111111111101100000000000","SKJS":"张丹红,张锐","ISTK":0,"ZCMC":"1-10周,12-13周","YPSJDD":"14-16周(双) 星期一 第3节-第4节 南湖北-爱特楼-202,1-10周,12-13周 星期一 第3节-第5节 南湖北-爱特楼-202","XF":2,"SKXQ":1,"XNXQDM":"2024-2025-2","KCM":"微机原理及接口技术","JASDM":"0201010202","JXLDM":"020101","JXBID":"20242-10626","SKBJ":"电气2301-02","TYXMDM":null,"KCH":"10134121075"},{"KKDWDM":"003","XS":32,"BYBZ":"0","JSJC":8,"XXXQDM":"02","KXH":"01","KSJC":6,"XKZRS":52,"SKZC":"111111111100000000000000","SKJS":"谢东","ISTK":0,"ZCMC":"1-10周","YPSJDD":"11周 星期二 第6节-第7节 南湖北-爱特楼-202,1-10周 星期二 第6节-第8节 南湖北-爱特楼-202","XF":2,"SKXQ":2,"XNXQDM":"2024-2025-2","KCM":"高分子共混物改性","JASDM":"0201010202","JXLDM":"020101","JXBID":"20242-03110","SKBJ":"高分子2201-02","TYXMDM":null,"KCH":"10107311008"},{"KKDWDM":"003","XS":32,"BYBZ":"0","JSJC":2,"XXXQDM":"02","KXH":"01","KSJC":1,"XKZRS":67,"SKZC":"11111111","SKJS":"丁安心,胡海晓","ISTK":0,"ZCMC":"1-8周","YPSJDD":"1-8周 星期一 第1节-第2节 南湖北-爱特楼-202,1-8周 星期三 第1节-第2节 南湖北-爱特楼-202","XF":2,"SKXQ":3,"XNXQDM":"2024-2025-2","KCM":"复合材料结构设计","JASDM":"0201010202","JXLDM":"020101","JXBID":"20242-03133","SKBJ":"复材2201-02","TYXMDM":null,"KCH":"10107311007"},{"KKDWDM":"003","XS":32,"BYBZ":"0","JSJC":2,"XXXQDM":"02","KXH":"01","KSJC":1,"XKZRS":67,"SKZC":"11111111","SKJS":"丁安心,胡海晓","ISTK":0,"ZCMC":"1-8周","YPSJDD":"1-8周 星期一 第1节-第2节 南湖北-爱特楼-202,1-8周 星期三 第1节-第2节 南湖北-爱特楼-202","XF":2,"SKXQ":1,"XNXQDM":"2024-2025-2","KCM":"复合材料结构设计","JASDM":"0201010202","JXLDM":"020101","JXBID":"20242-03133","SKBJ":"复材2201-02","TYXMDM":null,"KCH":"10107311007"},{"KKDWDM":"011","XS":32,"BYBZ":"0","JSJC":5,"XXXQDM":"02","KXH":"06","KSJC":3,"XKZRS":87,"SKZC":"11111111","SKJS":"曾刚","ISTK":0,"ZCMC":"1-8周","YPSJDD":"1-8周 星期四 第3节-第5节 南湖北-爱特楼-202","XF":2,"SKXQ":4,"XNXQDM":"2024-2025-2","KCM":"计算机网络与通信B","JASDM":"0201010202","JXLDM":"020101","JXBID":"20242-10529","SKBJ":"电信2204-06","TYXMDM":null,"KCH":"10137311011"},{"KKDWDM":"011","XS":32,"BYBZ":"0","JSJC":5,"XXXQDM":"02","KXH":"07","KSJC":3,"XKZRS":69,"SKZC":"11111111","SKJS":"桂林","ISTK":0,"ZCMC":"1-8周","YPSJDD":"1-8周 星期二 第3节-第5节 南湖北-爱特楼-202","XF":2,"SKXQ":2,"XNXQDM":"2024-2025-2","KCM":"数字图像处理E","JASDM":"0201010202","JXLDM":"020101","JXBID":"20242-10616","SKBJ":"电信2205-06","TYXMDM":null,"KCH":"10115117023"},{"KKDWDM":"022","XS":24,"BYBZ":"0","JSJC":5,"XXXQDM":"02","KXH":"01","KSJC":3,"XKZRS":112,"SKZC":"111110000000000000000000000000","SKJS":"黄明欣","ISTK":0,"ZCMC":"1-5周","YPSJDD":"7-9周 星期六 第3节-第5节 南湖北-爱特楼-202,1-5周 星期六 第3节-第5节 南湖北-爱特楼-202","XF":1,"SKXQ":6,"XNXQDM":"2024-2025-2","KCM":"消费者权益法律保护理论与实务(RW)","JASDM":"0201010202","JXLDM":"020101","JXBID":"20242-08624","SKBJ":"公选-08624","TYXMDM":null,"KCH":"10226121394"},{"KKDWDM":"011","XS":64,"BYBZ":"0","JSJC":2,"XXXQDM":"02","KXH":"04","KSJC":1,"XKZRS":114,"SKZC":"111110000000000000000000000000","SKJS":"江雪梅","ISTK":0,"ZCMC":"1-5周","YPSJDD":"11-15周 星期五 第1节-第2节 南湖北-爱特楼-202,1-14周 星期三 第3节-第4节 南湖北-爱特楼-202,7-9周 星期五 第1节-第2节 南湖北-爱特楼-202,9周 星期日 第1节-第2节 南湖北-爱特楼-202,1-5周 星期五 第1节-第2节 南湖北-爱特楼-202","XF":4,"SKXQ":5,"XNXQDM":"2024-2025-2","KCM":"信号与系统A","JASDM":"0201010202","JXLDM":"020101","JXBID":"20242-11186","SKBJ":"通信2301-03","TYXMDM":null,"KCH":"10145111001"},{"KKDWDM":"013","XS":48,"BYBZ":"0","JSJC":5,"XXXQDM":"02","KXH":"10","KSJC":3,"XKZRS":111,"SKZC":"111110000000000000000000000000","SKJS":"张健,石英","ISTK":0,"ZCMC":"1-5周","YPSJDD":"11-16周 星期五 第3节-第5节 南湖北-爱特楼-202,17周 星期三 第3节-第5节 南湖北-爱特楼-202,1-5周 星期五 第3节-第5节 南湖北-爱特楼-202,9周 星期日 第3节-第5节 南湖北-爱特楼-202,7-9周 星期五 第3节-第5节 南湖北-爱特楼-202","XF":3,"SKXQ":5,"XNXQDM":"2024-2025-2","KCM":"自动控制原理上","JASDM":"0201010202","JXLDM":"020101","JXBID":"20242-10723","SKBJ":"自动化2301-03","TYXMDM":null,"KCH":"10134121074"},{"KKDWDM":"011","XS":32,"BYBZ":"0","JSJC":8,"XXXQDM":"02","KXH":"01","KSJC":6,"XKZRS":33,"SKZC":"000000111011101100000000000000","SKJS":"叶勋","ISTK":0,"ZCMC":"7-9周,11-13周,15-16周","YPSJDD":"7-9周,11-13周,15-16周 星期六 第6节-第8节 南湖北-爱特楼-202","XF":2,"SKXQ":6,"XNXQDM":"2024-2025-2","KCM":"数字孪生技术与工程实践(JD)","JASDM":"0201010202","JXLDM":"020101","JXBID":"20242-07794","SKBJ":"公选-07794","TYXMDM":null,"KCH":"10116121184"},{"KKDWDM":"022","XS":24,"BYBZ":"0","JSJC":5,"XXXQDM":"02","KXH":"01","KSJC":3,"XKZRS":112,"SKZC":"000000111000000000000000000000","SKJS":"黄明欣","ISTK":0,"ZCMC":"7-9周","YPSJDD":"7-9周 星期六 第3节-第5节 南湖北-爱特楼-202,1-5周 星期六 第3节-第5节 南湖北-爱特楼-202","XF":1,"SKXQ":6,"XNXQDM":"2024-2025-2","KCM":"消费者权益法律保护理论与实务(RW)","JASDM":"0201010202","JXLDM":"020101","JXBID":"20242-08624","SKBJ":"公选-08624","TYXMDM":null,"KCH":"10226121394"},{"KKDWDM":"013","XS":48,"BYBZ":"0","JSJC":5,"XXXQDM":"02","KXH":"10","KSJC":3,"XKZRS":111,"SKZC":"000000111000000000000000000000","SKJS":"张健,石英","ISTK":0,"ZCMC":"7-9周","YPSJDD":"11-16周 星期五 第3节-第5节 南湖北-爱特楼-202,17周 星期三 第3节-第5节 南湖北-爱特楼-202,1-5周 星期五 第3节-第5节 南湖北-爱特楼-202,9周 星期日 第3节-第5节 南湖北-爱特楼-202,7-9周 星期五 第3节-第5节 南湖北-爱特楼-202","XF":3,"SKXQ":5,"XNXQDM":"2024-2025-2","KCM":"自动控制原理上","JASDM":"0201010202","JXLDM":"020101","JXBID":"20242-10723","SKBJ":"自动化2301-03","TYXMDM":null,"KCH":"10134121074"},{"KKDWDM":"011","XS":64,"BYBZ":"0","JSJC":2,"XXXQDM":"02","KXH":"04","KSJC":1,"XKZRS":114,"SKZC":"000000111000000000000000000000","SKJS":"江雪梅","ISTK":0,"ZCMC":"7-9周","YPSJDD":"11-15周 星期五 第1节-第2节 南湖北-爱特楼-202,1-14周 星期三 第3节-第4节 南湖北-爱特楼-202,7-9周 星期五 第1节-第2节 南湖北-爱特楼-202,9周 星期日 第1节-第2节 南湖北-爱特楼-202,1-5周 星期五 第1节-第2节 南湖北-爱特楼-202","XF":4,"SKXQ":5,"XNXQDM":"2024-2025-2","KCM":"信号与系统A","JASDM":"0201010202","JXLDM":"020101","JXBID":"20242-11186","SKBJ":"通信2301-03","TYXMDM":null,"KCH":"10145111001"},{"KKDWDM":"011","XS":40,"BYBZ":"0","JSJC":7,"XXXQDM":"02","KXH":"01","KSJC":6,"XKZRS":91,"SKZC":"000000001111111000000000000000","SKJS":"杜庆国","ISTK":0,"ZCMC":"9-15周","YPSJDD":"9周 星期五 第3节-第4节 南湖北-爱特楼-308,11-16周 星期五 第3节-第4节 南湖北-爱特楼-308,9-15周 星期三 第6节-第7节 南湖北-爱特楼-202","XF":2,"SKXQ":3,"XNXQDM":"2024-2025-2","KCM":"光纤通信B","JASDM":"0201010202","JXLDM":"020101","JXBID":"20242-03763","SKBJ":"通信2202-03,通信2206","TYXMDM":null,"KCH":"10137311013"},{"KKDWDM":"013","XS":48,"BYBZ":"0","JSJC":5,"XXXQDM":"02","KXH":"10","KSJC":3,"XKZRS":111,"SKZC":"000000001000000000000000000000","SKJS":"张健,石英","ISTK":0,"ZCMC":"9周","YPSJDD":"11-16周 星期五 第3节-第5节 南湖北-爱特楼-202,17周 星期三 第3节-第5节 南湖北-爱特楼-202,1-5周 星期五 第3节-第5节 南湖北-爱特楼-202,9周 星期日 第3节-第5节 南湖北-爱特楼-202,7-9周 星期五 第3节-第5节 南湖北-爱特楼-202","XF":3,"SKXQ":7,"XNXQDM":"2024-2025-2","KCM":"自动控制原理上","JASDM":"0201010202","JXLDM":"020101","JXBID":"20242-10723","SKBJ":"自动化2301-03","TYXMDM":null,"KCH":"10134121074"},{"KKDWDM":"011","XS":64,"BYBZ":"0","JSJC":2,"XXXQDM":"02","KXH":"04","KSJC":1,"XKZRS":114,"SKZC":"000000001000000000000000000000","SKJS":"江雪梅","ISTK":0,"ZCMC":"9周","YPSJDD":"11-15周 星期五 第1节-第2节 南湖北-爱特楼-202,1-14周 星期三 第3节-第4节 南湖北-爱特楼-202,7-9周 星期五 第1节-第2节 南湖北-爱特楼-202,9周 星期日 第1节-第2节 南湖北-爱特楼-202,1-5周 星期五 第1节-第2节 南湖北-爱特楼-202","XF":4,"SKXQ":7,"XNXQDM":"2024-2025-2","KCM":"信号与系统A","JASDM":"0201010202","JXLDM":"020101","JXBID":"20242-11186","SKBJ":"通信2301-03","TYXMDM":null,"KCH":"10145111001"},{"KKDWDM":"013","XS":48,"BYBZ":"0","JSJC":5,"XXXQDM":"02","KXH":"10","KSJC":3,"XKZRS":111,"SKZC":"000000000011111100000000000000","SKJS":"张健,石英","ISTK":0,"ZCMC":"11-16周","YPSJDD":"11-16周 星期五 第3节-第5节 南湖北-爱特楼-202,17周 星期三 第3节-第5节 南湖北-爱特楼-202,1-5周 星期五 第3节-第5节 南湖北-爱特楼-202,9周 星期日 第3节-第5节 南湖北-爱特楼-202,7-9周 星期五 第3节-第5节 南湖北-爱特楼-202","XF":3,"SKXQ":5,"XNXQDM":"2024-2025-2","KCM":"自动控制原理上","JASDM":"0201010202","JXLDM":"020101","JXBID":"20242-10723","SKBJ":"自动化2301-03","TYXMDM":null,"KCH":"10134121074"},{"KKDWDM":"011","XS":64,"BYBZ":"0","JSJC":2,"XXXQDM":"02","KXH":"04","KSJC":1,"XKZRS":114,"SKZC":"000000000011111000000000000000","SKJS":"江雪梅","ISTK":0,"ZCMC":"11-15周","YPSJDD":"11-15周 星期五 第1节-第2节 南湖北-爱特楼-202,1-14周 星期三 第3节-第4节 南湖北-爱特楼-202,7-9周 星期五 第1节-第2节 南湖北-爱特楼-202,9周 星期日 第1节-第2节 南湖北-爱特楼-202,1-5周 星期五 第1节-第2节 南湖北-爱特楼-202","XF":4,"SKXQ":5,"XNXQDM":"2024-2025-2","KCM":"信号与系统A","JASDM":"0201010202","JXLDM":"020101","JXBID":"20242-11186","SKBJ":"通信2301-03","TYXMDM":null,"KCH":"10145111001"},{"KKDWDM":"003","XS":32,"BYBZ":"0","JSJC":7,"XXXQDM":"02","KXH":"01","KSJC":6,"XKZRS":52,"SKZC":"000000000010000000000000","SKJS":"谢东","ISTK":0,"ZCMC":"11周","YPSJDD":"11周 星期二 第6节-第7节 南湖北-爱特楼-202,1-10周 星期二 第6节-第8节 南湖北-爱特楼-202","XF":2,"SKXQ":2,"XNXQDM":"2024-2025-2","KCM":"高分子共混物改性","JASDM":"0201010202","JXLDM":"020101","JXBID":"20242-03110","SKBJ":"高分子2201-02","TYXMDM":null,"KCH":"10107311008"},{"KKDWDM":"013","XS":40,"BYBZ":"0","JSJC":4,"XXXQDM":"02","KXH":"06","KSJC":3,"XKZRS":107,"SKZC":"000000000000010100000000","SKJS":"张丹红,张锐","ISTK":0,"ZCMC":"14-16周(双)","YPSJDD":"14-16周(双) 星期一 第3节-第4节 南湖北-爱特楼-202,1-10周,12-13周 星期一 第3节-第5节 南湖北-爱特楼-202","XF":2,"SKXQ":1,"XNXQDM":"2024-2025-2","KCM":"微机原理及接口技术","JASDM":"0201010202","JXLDM":"020101","JXBID":"20242-10626","SKBJ":"电气2301-02","TYXMDM":null,"KCH":"10134121075"},{"KKDWDM":"013","XS":48,"BYBZ":"0","JSJC":5,"XXXQDM":"02","KXH":"10","KSJC":3,"XKZRS":111,"SKZC":"000000000000000010000000000000","SKJS":"张健,石英","ISTK":0,"ZCMC":"17周","YPSJDD":"11-16周 星期五 第3节-第5节 南湖北-爱特楼-202,17周 星期三 第3节-第5节 南湖北-爱特楼-202,1-5周 星期五 第3节-第5节 南湖北-爱特楼-202,9周 星期日 第3节-第5节 南湖北-爱特楼-202,7-9周 星期五 第3节-第5节 南湖北-爱特楼-202","XF":3,"SKXQ":3,"XNXQDM":"2024-2025-2","KCM":"自动控制原理上","JASDM":"0201010202","JXLDM":"020101","JXBID":"20242-10723","SKBJ":"自动化2301-03","TYXMDM":null,"KCH":"10134121074"}]}},"code":"0"}