{"datas":{"jaskcb":{"extParams":{"code":1,"msg":"查询成功"},"pageSize":0,"pageNumber":0,"totalSize":-1,"rows":[{"KKDWDM":"013","XS":48,"BYBZ":"0","JSJC":5,"XXXQDM":"02","KXH":"09","KSJC":3,"XKZRS":118,"SKZC":"1111111111111111","SKJS":"刘红丽,肖纯","ISTK":0,"ZCMC":"1-16周","YPSJDD":"1-16周 星期三 第3节-第5节 南湖北-爱特楼-308","XF":3,"SKXQ":3,"XNXQDM":"2024-2025-2","KCM":"自动控制原理上","JASDM":"0201010308","JXLDM":"020101","JXBID":"20242-10722","SKBJ":"电气2304-05,电气zy2301","TYXMDM":null,"KCH":"10134121074"},{"KKDWDM":"013","XS":40,"BYBZ":"0","JSJC":5,"XXXQDM":"02","KXH":"04","KSJC":3,"XKZRS":42,"SKZC":"111111111111000000000000","SKJS":"胡胜","ISTK":0,"ZCMC":"1-12周","YPSJDD":"13-14周 星期二 第3节-第4节 南湖北-爱特楼-308,1-12周 星期二 第3节-第5节 南湖北-爱特楼-308","XF":2,"SKXQ":2,"XNXQDM":"2024-2025-2","KCM":"电机学（上）","JASDM":"0201010308","JXLDM":"020101","JXBID":"20242-10428","SKBJ":"电气2301-02","TYXMDM":null,"KCH":"10134121078"},{"KKDWDM":"011","XS":40,"BYBZ":"0","JSJC":5,"XXXQDM":"02","KXH":"10","KSJC":3,"XKZRS":60,"SKZC":"111111111101100000000000","SKJS":"朱健春","ISTK":0,"ZCMC":"1-10周,12-13周","YPSJDD":"14-16周(双) 星期一 第3节-第4节 南湖北-爱特楼-308,1-10周,12-13周 星期一 第3节-第5节 南湖北-爱特楼-308","XF":2,"SKXQ":1,"XNXQDM":"2024-2025-2","KCM":"信息理论与编码C","JASDM":"0201010308","JXLDM":"020101","JXBID":"20242-11197","SKBJ":"通信2205-06","TYXMDM":null,"KCH":"10114121058"},{"KKDWDM":"011","XS":40,"BYBZ":"0","JSJC":5,"XXXQDM":"02","KXH":"01","KSJC":3,"XKZRS":56,"SKZC":"111111111010000000000000","SKJS":"王球","ISTK":0,"ZCMC":"1-9周,11周","YPSJDD":"12周 星期四 第3节-第4节 南湖北-爱特楼-308,1-9周,11周 星期四 第3节-第5节 南湖北-爱特楼-308","XF":2,"SKXQ":4,"XNXQDM":"2024-2025-2","KCM":"信息光学","JASDM":"0201010308","JXLDM":"020101","JXBID":"20242-03500","SKBJ":"电子2201-02","TYXMDM":null,"KCH":"10115121017"},{"KKDWDM":"022","XS":48,"BYBZ":"0","JSJC":4,"XXXQDM":"02","KXH":"01","KSJC":1,"XKZRS":36,"SKZC":"111110111011101000000000000000","SKJS":"江海波","ISTK":0,"ZCMC":"1-5周,7-9周,11-13周,15周","YPSJDD":"1-5周,7-9周,11-13周,15周 星期六 第1节-第4节 南湖北-爱特楼-308","XF":3,"SKXQ":6,"XNXQDM":"2024-2025-2","KCM":"民法学","JASDM":"0201010308","JXLDM":"020101","JXBID":"20242-12463","SKBJ":"法学fx2023","TYXMDM":null,"KCH":"10224121193"},{"KKDWDM":"011","XS":32,"BYBZ":"0","JSJC":5,"XXXQDM":"02","KXH":"01","KSJC":3,"XKZRS":119,"SKZC":"111110000000000000000000000000","SKJS":"马小林","ISTK":0,"ZCMC":"1-5周","YPSJDD":"1-5周 星期五 第3节-第5节 南湖北-爱特楼-308,9周 星期日 第3节-第5节 南湖北-爱特楼-308,7-8周 星期五 第3节-第5节 南湖北-爱特楼-308","XF":2,"SKXQ":5,"XNXQDM":"2024-2025-2","KCM":"无线传感网技术B","JASDM":"0201010308","JXLDM":"020101","JXBID":"20242-02120","SKBJ":"信息2201-03","TYXMDM":null,"KCH":"10115117005"},{"KKDWDM":"011","XS":32,"BYBZ":"0","JSJC":5,"XXXQDM":"02","KXH":"01","KSJC":3,"XKZRS":119,"SKZC":"000000110000000000000000000000","SKJS":"马小林","ISTK":0,"ZCMC":"7-8周","YPSJDD":"1-5周 星期五 第3节-第5节 南湖北-爱特楼-308,9周 星期日 第3节-第5节 南湖北-爱特楼-308,7-8周 星期五 第3节-第5节 南湖北-爱特楼-308","XF":2,"SKXQ":5,"XNXQDM":"2024-2025-2","KCM":"无线传感网技术B","JASDM":"0201010308","JXLDM":"020101","JXBID":"20242-02120","SKBJ":"信息2201-03","TYXMDM":null,"KCH":"10115117005"},{"KKDWDM":"011","XS":32,"BYBZ":"0","JSJC":5,"XXXQDM":"02","KXH":"01","KSJC":3,"XKZRS":119,"SKZC":"000000001000000000000000000000","SKJS":"马小林","ISTK":0,"ZCMC":"9周","YPSJDD":"1-5周 星期五 第3节-第5节 南湖北-爱特楼-308,9周 星期日 第3节-第5节 南湖北-爱特楼-308,7-8周 星期五 第3节-第5节 南湖北-爱特楼-308","XF":2,"SKXQ":7,"XNXQDM":"2024-2025-2","KCM":"无线传感网技术B","JASDM":"0201010308","JXLDM":"020101","JXBID":"20242-02120","SKBJ":"信息2201-03","TYXMDM":null,"KCH":"10115117005"},{"KKDWDM":"011","XS":40,"BYBZ":"0","JSJC":4,"XXXQDM":"02","KXH":"01","KSJC":3,"XKZRS":91,"SKZC":"000000001000000000000000000000","SKJS":"杜庆国","ISTK":0,"ZCMC":"9周","YPSJDD":"9周 星期五 第3节-第4节 南湖北-爱特楼-308,11-16周 星期五 第3节-第4节 南湖北-爱特楼-308,9-15周 星期三 第6节-第7节 南湖北-爱特楼-202","XF":2,"SKXQ":5,"XNXQDM":"2024-2025-2","KCM":"光纤通信B","JASDM":"0201010308","JXLDM":"020101","JXBID":"20242-03763","SKBJ":"通信2202-03,通信2206","TYXMDM":null,"KCH":"10137311013"},{"KKDWDM":"011","XS":40,"BYBZ":"0","JSJC":4,"XXXQDM":"02","KXH":"01","KSJC":3,"XKZRS":91,"SKZC":"000000000011111100000000000000","SKJS":"杜庆国","ISTK":0,"ZCMC":"11-16周","YPSJDD":"9周 星期五 第3节-第4节 南湖北-爱特楼-308,11-16周 星期五 第3节-第4节 南湖北-爱特楼-308,9-15周 星期三 第6节-第7节 南湖北-爱特楼-202","XF":2,"SKXQ":5,"XNXQDM":"2024-2025-2","KCM":"光纤通信B","JASDM":"0201010308","JXLDM":"020101","JXBID":"20242-03763","SKBJ":"通信2202-03,通信2206","TYXMDM":null,"KCH":"10137311013"},{"KKDWDM":"011","XS":40,"BYBZ":"0","JSJC":4,"XXXQDM":"02","KXH":"01","KSJC":3,"XKZRS":56,"SKZC":"000000000001000000000000","SKJS":"王球","ISTK":0,"ZCMC":"12周","YPSJDD":"12周 星期四 第3节-第4节 南湖北-爱特楼-308,1-9周,11周 星期四 第3节-第5节 南湖北-爱特楼-308","XF":2,"SKXQ":4,"XNXQDM":"2024-2025-2","KCM":"信息光学","JASDM":"0201010308","JXLDM":"020101","JXBID":"20242-03500","SKBJ":"电子2201-02","TYXMDM":null,"KCH":"10115121017"},{"KKDWDM":"013","XS":40,"BYBZ":"0","JSJC":4,"XXXQDM":"02","KXH":"04","KSJC":3,"XKZRS":42,"SKZC":"000000000000110000000000","SKJS":"胡胜","ISTK":0,"ZCMC":"13-14周","YPSJDD":"13-14周 星期二 第3节-第4节 南湖北-爱特楼-308,1-12周 星期二 第3节-第5节 南湖北-爱特楼-308","XF":2,"SKXQ":2,"XNXQDM":"2024-2025-2","KCM":"电机学（上）","JASDM":"0201010308","JXLDM":"020101","JXBID":"20242-10428","SKBJ":"电气2301-02","TYXMDM":null,"KCH":"10134121078"},{"KKDWDM":"011","XS":40,"BYBZ":"0","JSJC":4,"XXXQDM":"02","KXH":"10","KSJC":3,"XKZRS":60,"SKZC":"000000000000010100000000","SKJS":"朱健春","ISTK":0,"ZCMC":"14-16周(双)","YPSJDD":"14-16周(双) 星期一 第3节-第4节 南湖北-爱特楼-308,1-10周,12-13周 星期一 第3节-第5节 南湖北-爱特楼-308","XF":2,"SKXQ":1,"XNXQDM":"2024-2025-2","KCM":"信息理论与编码C","JASDM":"0201010308","JXLDM":"020101","JXBID":"20242-11197","SKBJ":"通信2205-06","TYXMDM":null,"KCH":"10114121058"}]}},"code":"0"}