{"datas":{"jaskcb":{"extParams":{"code":1,"msg":"查询成功"},"pageSize":0,"pageNumber":0,"totalSize":-1,"rows":[{"KKDWDM":"044","XS":32,"BYBZ":"0","JSJC":13,"XXXQDM":"02","KXH":"01","KSJC":11,"XKZRS":35,"SKZC":"111111111100000000000000","SKJS":"王晓棠","ISTK":0,"ZCMC":"1-10周","YPSJDD":"11周 星期三 第11节-第12节 南湖北-北教二-306,1-10周 星期三 第11节-第13节 南湖北-北教二-306","XF":2,"SKXQ":3,"XNXQDM":"2024-2025-2","KCM":"钢琴演奏(初级)(GX)","JASDM":"0201030306","JXLDM":"020103","JXBID":"20242-09032","SKBJ":"公选-09032","TYXMDM":null,"KCH":"10442121034"},{"KKDWDM":"044","XS":32,"BYBZ":"0","JSJC":13,"XXXQDM":"02","KXH":"02","KSJC":11,"XKZRS":35,"SKZC":"111110111010000000000000","SKJS":"王洋","ISTK":0,"ZCMC":"1-5周,7-9周,11周","YPSJDD":"12周 星期五 第11节-第12节 南湖北-北教二-306,1-5周,7-9周,11周 星期五 第11节-第13节 南湖北-北教二-306,9周 星期日 第11节-第13节 南湖北-北教二-306","XF":2,"SKXQ":5,"XNXQDM":"2024-2025-2","KCM":"钢琴演奏(初级)(GX)","JASDM":"0201030306","JXLDM":"020103","JXBID":"20242-11562","SKBJ":"公选-11562","TYXMDM":null,"KCH":"10442121034"},{"KKDWDM":"044","XS":32,"BYBZ":"0","JSJC":13,"XXXQDM":"02","KXH":"02","KSJC":11,"XKZRS":35,"SKZC":"000000001000000000000000","SKJS":"王洋","ISTK":0,"ZCMC":"9周","YPSJDD":"12周 星期五 第11节-第12节 南湖北-北教二-306,1-5周,7-9周,11周 星期五 第11节-第13节 南湖北-北教二-306,9周 星期日 第11节-第13节 南湖北-北教二-306","XF":2,"SKXQ":7,"XNXQDM":"2024-2025-2","KCM":"钢琴演奏(初级)(GX)","JASDM":"0201030306","JXLDM":"020103","JXBID":"20242-11562","SKBJ":"公选-11562","TYXMDM":null,"KCH":"10442121034"},{"KKDWDM":"044","XS":32,"BYBZ":"0","JSJC":12,"XXXQDM":"02","KXH":"01","KSJC":11,"XKZRS":35,"SKZC":"000000000010000000000000","SKJS":"王晓棠","ISTK":0,"ZCMC":"11周","YPSJDD":"11周 星期三 第11节-第12节 南湖北-北教二-306,1-10周 星期三 第11节-第13节 南湖北-北教二-306","XF":2,"SKXQ":3,"XNXQDM":"2024-2025-2","KCM":"钢琴演奏(初级)(GX)","JASDM":"0201030306","JXLDM":"020103","JXBID":"20242-09032","SKBJ":"公选-09032","TYXMDM":null,"KCH":"10442121034"},{"KKDWDM":"044","XS":32,"BYBZ":"0","JSJC":12,"XXXQDM":"02","KXH":"02","KSJC":11,"XKZRS":35,"SKZC":"000000000001000000000000","SKJS":"王洋","ISTK":0,"ZCMC":"12周","YPSJDD":"12周 星期五 第11节-第12节 南湖北-北教二-306,1-5周,7-9周,11周 星期五 第11节-第13节 南湖北-北教二-306,9周 星期日 第11节-第13节 南湖北-北教二-306","XF":2,"SKXQ":5,"XNXQDM":"2024-2025-2","KCM":"钢琴演奏(初级)(GX)","JASDM":"0201030306","JXLDM":"020103","JXBID":"20242-11562","SKBJ":"公选-11562","TYXMDM":null,"KCH":"10442121034"}]}},"code":"0"}