{"datas":{"jaskcb":{"extParams":{"code":1,"msg":"查询成功"},"pageSize":0,"pageNumber":0,"totalSize":-1,"rows":[{"KKDWDM":"012","XS":32,"BYBZ":"0","JSJC":9,"XXXQDM":"02","KXH":"08","KSJC":6,"XKZRS":35,"SKZC":"000000001100000000000000000000","SKJS":"许毅","ISTK":0,"ZCMC":"9-10周","YPSJDD":"9-10周 星期一 第6节-第9节 南湖北-学海楼-303,16-17周 星期一 第6节-第9节 南湖北-学海楼-303,17周 星期二 第6节-第9节 南湖北-学海楼-303,12-14周 星期一 第6节-第9节 南湖北-学海楼-303","XF":1,"SKXQ":1,"XNXQDM":"2024-2025-2","KCM":"程序设计综合实验","JASDM":"0201050303","JXLDM":"020105","JXBID":"20242-10782","SKBJ":"计算机类2406","TYXMDM":null,"KCH":"10124221076"},{"KKDWDM":"012","XS":32,"BYBZ":"0","JSJC":9,"XXXQDM":"02","KXH":"07","KSJC":6,"XKZRS":28,"SKZC":"000000001000000000000000000000","SKJS":"许毅","ISTK":0,"ZCMC":"9周","YPSJDD":"9周 星期四 第6节-第9节 南湖北-学海楼-303,11-17周 星期四 第6节-第9节 南湖北-学海楼-303","XF":1,"SKXQ":4,"XNXQDM":"2024-2025-2","KCM":"程序设计综合实验","JASDM":"0201050303","JXLDM":"020105","JXBID":"20242-10781","SKBJ":"计算机类2405","TYXMDM":null,"KCH":"10124221076"},{"KKDWDM":"012","XS":32,"BYBZ":"0","JSJC":9,"XXXQDM":"02","KXH":"07","KSJC":6,"XKZRS":28,"SKZC":"000000000011111110000000000000","SKJS":"许毅","ISTK":0,"ZCMC":"11-17周","YPSJDD":"9周 星期四 第6节-第9节 南湖北-学海楼-303,11-17周 星期四 第6节-第9节 南湖北-学海楼-303","XF":1,"SKXQ":4,"XNXQDM":"2024-2025-2","KCM":"程序设计综合实验","JASDM":"0201050303","JXLDM":"020105","JXBID":"20242-10781","SKBJ":"计算机类2405","TYXMDM":null,"KCH":"10124221076"},{"KKDWDM":"012","XS":32,"BYBZ":"0","JSJC":9,"XXXQDM":"02","KXH":"08","KSJC":6,"XKZRS":35,"SKZC":"000000000001110000000000000000","SKJS":"许毅","ISTK":0,"ZCMC":"12-14周","YPSJDD":"9-10周 星期一 第6节-第9节 南湖北-学海楼-303,16-17周 星期一 第6节-第9节 南湖北-学海楼-303,17周 星期二 第6节-第9节 南湖北-学海楼-303,12-14周 星期一 第6节-第9节 南湖北-学海楼-303","XF":1,"SKXQ":1,"XNXQDM":"2024-2025-2","KCM":"程序设计综合实验","JASDM":"0201050303","JXLDM":"020105","JXBID":"20242-10782","SKBJ":"计算机类2406","TYXMDM":null,"KCH":"10124221076"},{"KKDWDM":"012","XS":32,"BYBZ":"0","JSJC":9,"XXXQDM":"02","KXH":"08","KSJC":6,"XKZRS":35,"SKZC":"000000000000000110000000000000","SKJS":"许毅","ISTK":0,"ZCMC":"16-17周","YPSJDD":"9-10周 星期一 第6节-第9节 南湖北-学海楼-303,16-17周 星期一 第6节-第9节 南湖北-学海楼-303,17周 星期二 第6节-第9节 南湖北-学海楼-303,12-14周 星期一 第6节-第9节 南湖北-学海楼-303","XF":1,"SKXQ":1,"XNXQDM":"2024-2025-2","KCM":"程序设计综合实验","JASDM":"0201050303","JXLDM":"020105","JXBID":"20242-10782","SKBJ":"计算机类2406","TYXMDM":null,"KCH":"10124221076"},{"KKDWDM":"012","XS":32,"BYBZ":"0","JSJC":9,"XXXQDM":"02","KXH":"08","KSJC":6,"XKZRS":35,"SKZC":"000000000000000010000000000000","SKJS":"许毅","ISTK":0,"ZCMC":"17周","YPSJDD":"9-10周 星期一 第6节-第9节 南湖北-学海楼-303,16-17周 星期一 第6节-第9节 南湖北-学海楼-303,17周 星期二 第6节-第9节 南湖北-学海楼-303,12-14周 星期一 第6节-第9节 南湖北-学海楼-303","XF":1,"SKXQ":2,"XNXQDM":"2024-2025-2","KCM":"程序设计综合实验","JASDM":"0201050303","JXLDM":"020105","JXBID":"20242-10782","SKBJ":"计算机类2406","TYXMDM":null,"KCH":"10124221076"}]}},"code":"0"}