{"datas":{"jaskcb":{"extParams":{"code":1,"msg":"查询成功"},"pageSize":0,"pageNumber":0,"totalSize":-1,"rows":[{"KKDWDM":"011","XS":64,"BYBZ":"0","JSJC":4,"XXXQDM":"02","KXH":"07","KSJC":3,"XKZRS":109,"SKZC":"111111111111111100000000000000","SKJS":"曾刚","ISTK":0,"ZCMC":"1-16周","YPSJDD":"1-16周 星期三 第3节-第4节 南湖北-爱特楼-108,11-16周 星期五 第1节-第2节 南湖北-爱特楼-108,17周 星期三 第1节-第2节 南湖北-爱特楼-108,7-9周 星期五 第1节-第2节 南湖北-爱特楼-108,1-5周 星期五 第1节-第2节 南湖北-爱特楼-108,9周 星期日 第1节-第2节 南湖北-爱特楼-108","XF":4,"SKXQ":3,"XNXQDM":"2024-2025-2","KCM":"数字电子技术基础A","JASDM":"0201010108","JXLDM":"020101","JXBID":"20242-10491","SKBJ":"电信2301-03","TYXMDM":null,"KCH":"10113121069"},{"KKDWDM":"013","XS":48,"BYBZ":"0","JSJC":8,"XXXQDM":"02","KXH":"06","KSJC":6,"XKZRS":115,"SKZC":"1111111111111111","SKJS":"肖纯,胡琴","ISTK":0,"ZCMC":"1-16周","YPSJDD":"1-16周 星期三 第6节-第8节 南湖北-爱特楼-108","XF":3,"SKXQ":3,"XNXQDM":"2024-2025-2","KCM":"自动控制原理上","JASDM":"0201010108","JXLDM":"020101","JXBID":"20242-10719","SKBJ":"电气2301-03","TYXMDM":null,"KCH":"10134121074"},{"KKDWDM":"011","XS":40,"BYBZ":"0","JSJC":5,"XXXQDM":"02","KXH":"07","KSJC":3,"XKZRS":105,"SKZC":"111111111111000000000000","SKJS":"周颖","ISTK":0,"ZCMC":"1-12周","YPSJDD":"13-14周 星期二 第3节-第4节 南湖北-爱特楼-108,1-12周 星期二 第3节-第5节 南湖北-爱特楼-108","XF":2,"SKXQ":2,"XNXQDM":"2024-2025-2","KCM":"信息理论与编码C","JASDM":"0201010108","JXLDM":"020101","JXBID":"20242-10509","SKBJ":"电信2201-03","TYXMDM":null,"KCH":"10114121058"},{"KKDWDM":"021","XS":36,"BYBZ":"0","JSJC":5,"XXXQDM":"02","KXH":"81","KSJC":3,"XKZRS":86,"SKZC":"111111111100000000000000000000","SKJS":"孔国成","ISTK":0,"ZCMC":"1-10周","YPSJDD":"1-10周 星期一 第3节-第5节 南湖北-爱特楼-108,12-13周 星期一 第3节-第5节 南湖北-爱特楼-108","XF":2,"SKXQ":1,"XNXQDM":"2024-2025-2","KCM":"习近平新时代中国特色社会主义思想概论","JASDM":"0201010108","JXLDM":"020101","JXBID":"20242-04962","SKBJ":"工力JD2301,机器人2301-02","TYXMDM":null,"KCH":"10211121033"},{"KKDWDM":"003","XS":32,"BYBZ":"0","JSJC":8,"XXXQDM":"02","KXH":"01","KSJC":6,"XKZRS":67,"SKZC":"111111111100000000000000","SKJS":"丁杰,冀运东","ISTK":0,"ZCMC":"1-10周","YPSJDD":"11周 星期二 第6节-第7节 南湖北-爱特楼-108,1-10周 星期二 第6节-第8节 南湖北-爱特楼-108","XF":2,"SKXQ":2,"XNXQDM":"2024-2025-2","KCM":"纳米材料与纳米技术","JASDM":"0201010108","JXLDM":"020101","JXBID":"20242-02481","SKBJ":"复材2201-02","TYXMDM":null,"KCH":"10036121135"},{"KKDWDM":"021","XS":36,"BYBZ":"0","JSJC":5,"XXXQDM":"02","KXH":"61","KSJC":3,"XKZRS":67,"SKZC":"111111111000000000000000000000","SKJS":"许传红","ISTK":0,"ZCMC":"1-9周","YPSJDD":"11-13周 星期四 第3节-第5节 南湖北-爱特楼-108,1-9周 星期四 第3节-第5节 南湖北-爱特楼-108","XF":2,"SKXQ":4,"XNXQDM":"2024-2025-2","KCM":"习近平新时代中国特色社会主义思想概论","JASDM":"0201010108","JXLDM":"020101","JXBID":"20242-04863","SKBJ":"电气2301-03","TYXMDM":null,"KCH":"10211121033"},{"KKDWDM":"011","XS":32,"BYBZ":"0","JSJC":2,"XXXQDM":"02","KXH":"01","KSJC":1,"XKZRS":111,"SKZC":"11111111","SKJS":"汪阳","ISTK":0,"ZCMC":"1-8周","YPSJDD":"1-8周 星期三 第1节-第2节 南湖北-爱特楼-108","XF":2,"SKXQ":3,"XNXQDM":"2024-2025-2","KCM":"虚拟仪器B","JASDM":"0201010108","JXLDM":"020101","JXBID":"20242-03970","SKBJ":"信息2201-03","TYXMDM":null,"KCH":"10115117007"},{"KKDWDM":"011","XS":40,"BYBZ":"0","JSJC":2,"XXXQDM":"02","KXH":"02","KSJC":1,"XKZRS":97,"SKZC":"11111111","SKJS":"贺振华","ISTK":0,"ZCMC":"1-8周","YPSJDD":"1-8周 星期一 第1节-第2节 南湖北-爱特楼-108,1-8周 星期四 第1节-第2节 南湖北-爱特楼-108","XF":2,"SKXQ":4,"XNXQDM":"2024-2025-2","KCM":"集成电路与人工智能","JASDM":"0201010108","JXLDM":"020101","JXBID":"20242-03571","SKBJ":"电子2201-02,集成电路2201","TYXMDM":null,"KCH":"10115121018"},{"KKDWDM":"011","XS":40,"BYBZ":"0","JSJC":2,"XXXQDM":"02","KXH":"02","KSJC":1,"XKZRS":97,"SKZC":"11111111","SKJS":"贺振华","ISTK":0,"ZCMC":"1-8周","YPSJDD":"1-8周 星期一 第1节-第2节 南湖北-爱特楼-108,1-8周 星期四 第1节-第2节 南湖北-爱特楼-108","XF":2,"SKXQ":1,"XNXQDM":"2024-2025-2","KCM":"集成电路与人工智能","JASDM":"0201010108","JXLDM":"020101","JXBID":"20242-03571","SKBJ":"电子2201-02,集成电路2201","TYXMDM":null,"KCH":"10115121018"},{"KKDWDM":"011","XS":64,"BYBZ":"0","JSJC":2,"XXXQDM":"02","KXH":"07","KSJC":1,"XKZRS":109,"SKZC":"111110000000000000000000000000","SKJS":"曾刚","ISTK":0,"ZCMC":"1-5周","YPSJDD":"1-16周 星期三 第3节-第4节 南湖北-爱特楼-108,11-16周 星期五 第1节-第2节 南湖北-爱特楼-108,17周 星期三 第1节-第2节 南湖北-爱特楼-108,7-9周 星期五 第1节-第2节 南湖北-爱特楼-108,1-5周 星期五 第1节-第2节 南湖北-爱特楼-108,9周 星期日 第1节-第2节 南湖北-爱特楼-108","XF":4,"SKXQ":5,"XNXQDM":"2024-2025-2","KCM":"数字电子技术基础A","JASDM":"0201010108","JXLDM":"020101","JXBID":"20242-10491","SKBJ":"电信2301-03","TYXMDM":null,"KCH":"10113121069"},{"KKDWDM":"013","XS":48,"BYBZ":"0","JSJC":5,"XXXQDM":"02","KXH":"13","KSJC":3,"XKZRS":110,"SKZC":"111110000000000000000000000000","SKJS":"苏义鑫,贺远华","ISTK":0,"ZCMC":"1-5周","YPSJDD":"9周 星期日 第3节-第5节 南湖北-爱特楼-108,1-5周 星期五 第3节-第5节 南湖北-爱特楼-108,17周 星期三 第3节-第5节 南湖北-爱特楼-108,11-16周 星期五 第3节-第5节 南湖北-爱特楼-108,7-9周 星期五 第3节-第5节 南湖北-爱特楼-108","XF":3,"SKXQ":5,"XNXQDM":"2024-2025-2","KCM":"自动控制原理上","JASDM":"0201010108","JXLDM":"020101","JXBID":"20242-10726","SKBJ":"自动化2304-05,自动化zy2301","TYXMDM":null,"KCH":"10134121074"},{"KKDWDM":"011","XS":32,"BYBZ":"0","JSJC":5,"XXXQDM":"02","KXH":"01","KSJC":3,"XKZRS":null,"SKZC":"110000000000000000000000000000","SKJS":"付琴","ISTK":0,"ZCMC":"1-2周","YPSJDD":"1-2周 星期六 第3节-第5节 南湖北-爱特楼-108","XF":2,"SKXQ":6,"XNXQDM":"2024-2025-2","KCM":"射频与微波电路设计(JD)","JASDM":"0201010108","JXLDM":"020101","JXBID":"20242-07783","SKBJ":"公选-07783","TYXMDM":null,"KCH":"10116121175"},{"KKDWDM":"003","XS":64,"BYBZ":"0","JSJC":5,"XXXQDM":"02","KXH":"01","KSJC":1,"XKZRS":24,"SKZC":"0011101100111010000000000","SKJS":"赵青林","ISTK":0,"ZCMC":"3-5周,7-8周,11-13周,15周","YPSJDD":"16周 星期日 第1节-第4节 南湖北-爱特楼-108,3-5周,7-8周,11-13周,15周 星期日 第1节-第5节 南湖北-爱特楼-108,3-5周 星期日 第6节-第10节 南湖北-爱特楼-108","XF":4,"SKXQ":7,"XNXQDM":"2024-2025-2","KCM":"材料工程基础","JASDM":"0201010108","JXLDM":"020101","JXBID":"20242-14319","SKBJ":null,"TYXMDM":null,"KCH":"10034111018"},{"KKDWDM":"003","XS":64,"BYBZ":"0","JSJC":10,"XXXQDM":"02","KXH":"01","KSJC":6,"XKZRS":24,"SKZC":"0011100000000000000000000","SKJS":"赵青林","ISTK":0,"ZCMC":"3-5周","YPSJDD":"16周 星期日 第1节-第4节 南湖北-爱特楼-108,3-5周,7-8周,11-13周,15周 星期日 第1节-第5节 南湖北-爱特楼-108,3-5周 星期日 第6节-第10节 南湖北-爱特楼-108","XF":4,"SKXQ":7,"XNXQDM":"2024-2025-2","KCM":"材料工程基础","JASDM":"0201010108","JXLDM":"020101","JXBID":"20242-14319","SKBJ":null,"TYXMDM":null,"KCH":"10034111018"},{"KKDWDM":"011","XS":64,"BYBZ":"0","JSJC":2,"XXXQDM":"02","KXH":"07","KSJC":1,"XKZRS":109,"SKZC":"000000111000000000000000000000","SKJS":"曾刚","ISTK":0,"ZCMC":"7-9周","YPSJDD":"1-16周 星期三 第3节-第4节 南湖北-爱特楼-108,11-16周 星期五 第1节-第2节 南湖北-爱特楼-108,17周 星期三 第1节-第2节 南湖北-爱特楼-108,7-9周 星期五 第1节-第2节 南湖北-爱特楼-108,1-5周 星期五 第1节-第2节 南湖北-爱特楼-108,9周 星期日 第1节-第2节 南湖北-爱特楼-108","XF":4,"SKXQ":5,"XNXQDM":"2024-2025-2","KCM":"数字电子技术基础A","JASDM":"0201010108","JXLDM":"020101","JXBID":"20242-10491","SKBJ":"电信2301-03","TYXMDM":null,"KCH":"10113121069"},{"KKDWDM":"013","XS":48,"BYBZ":"0","JSJC":5,"XXXQDM":"02","KXH":"13","KSJC":3,"XKZRS":110,"SKZC":"000000111000000000000000000000","SKJS":"苏义鑫,贺远华","ISTK":0,"ZCMC":"7-9周","YPSJDD":"9周 星期日 第3节-第5节 南湖北-爱特楼-108,1-5周 星期五 第3节-第5节 南湖北-爱特楼-108,17周 星期三 第3节-第5节 南湖北-爱特楼-108,11-16周 星期五 第3节-第5节 南湖北-爱特楼-108,7-9周 星期五 第3节-第5节 南湖北-爱特楼-108","XF":3,"SKXQ":5,"XNXQDM":"2024-2025-2","KCM":"自动控制原理上","JASDM":"0201010108","JXLDM":"020101","JXBID":"20242-10726","SKBJ":"自动化2304-05,自动化zy2301","TYXMDM":null,"KCH":"10134121074"},{"KKDWDM":"013","XS":40,"BYBZ":"0","JSJC":8,"XXXQDM":"02","KXH":"02","KSJC":6,"XKZRS":128,"SKZC":"000000001100000000000000000000","SKJS":"刘小珠","ISTK":0,"ZCMC":"9-10周","YPSJDD":"16-17周 星期一 第6节-第8节 南湖北-爱特楼-108,17周 星期二 第6节-第8节 南湖北-爱特楼-108,12-14周 星期一 第6节-第8节 南湖北-爱特楼-108,9-10周 星期一 第6节-第8节 南湖北-爱特楼-108","XF":2,"SKXQ":1,"XNXQDM":"2024-2025-2","KCM":"数据库与信息系统","JASDM":"0201010108","JXLDM":"020101","JXBID":"20242-05719","SKBJ":"自动化2301-05,自动化zy2301","TYXMDM":null,"KCH":"10135121018"},{"KKDWDM":"013","XS":48,"BYBZ":"0","JSJC":5,"XXXQDM":"02","KXH":"13","KSJC":3,"XKZRS":110,"SKZC":"000000001000000000000000000000","SKJS":"苏义鑫,贺远华","ISTK":0,"ZCMC":"9周","YPSJDD":"9周 星期日 第3节-第5节 南湖北-爱特楼-108,1-5周 星期五 第3节-第5节 南湖北-爱特楼-108,17周 星期三 第3节-第5节 南湖北-爱特楼-108,11-16周 星期五 第3节-第5节 南湖北-爱特楼-108,7-9周 星期五 第3节-第5节 南湖北-爱特楼-108","XF":3,"SKXQ":7,"XNXQDM":"2024-2025-2","KCM":"自动控制原理上","JASDM":"0201010108","JXLDM":"020101","JXBID":"20242-10726","SKBJ":"自动化2304-05,自动化zy2301","TYXMDM":null,"KCH":"10134121074"},{"KKDWDM":"007","XS":24,"BYBZ":"0","JSJC":7,"XXXQDM":"02","KXH":"04","KSJC":6,"XKZRS":30,"SKZC":"000000001000000000000000000000","SKJS":"Chalati Siwapimon,Luigi Buffone,孟正华","ISTK":0,"ZCMC":"9周","YPSJDD":"15周 星期六 第6节-第7节 南湖北-爱特楼-108,9周 星期六 第6节-第7节 南湖北-爱特楼-108,11-13周 星期六 第6节-第7节 南湖北-爱特楼-108,9周 星期四 第1节-第2节 南湖南-博学北楼-101,11-14周 星期四 第1节-第2节 南湖南-博学北楼-101","XF":1,"SKXQ":6,"XNXQDM":"2024-2025-2","KCM":"汽车CAD\/CAE技术（B）","JASDM":"0201010108","JXLDM":"020101","JXBID":"20242-12776","SKBJ":"车辆gj2303","TYXMDM":null,"KCH":"10075124212"},{"KKDWDM":"011","XS":64,"BYBZ":"0","JSJC":2,"XXXQDM":"02","KXH":"07","KSJC":1,"XKZRS":109,"SKZC":"000000001000000000000000000000","SKJS":"曾刚","ISTK":0,"ZCMC":"9周","YPSJDD":"1-16周 星期三 第3节-第4节 南湖北-爱特楼-108,11-16周 星期五 第1节-第2节 南湖北-爱特楼-108,17周 星期三 第1节-第2节 南湖北-爱特楼-108,7-9周 星期五 第1节-第2节 南湖北-爱特楼-108,1-5周 星期五 第1节-第2节 南湖北-爱特楼-108,9周 星期日 第1节-第2节 南湖北-爱特楼-108","XF":4,"SKXQ":7,"XNXQDM":"2024-2025-2","KCM":"数字电子技术基础A","JASDM":"0201010108","JXLDM":"020101","JXBID":"20242-10491","SKBJ":"电信2301-03","TYXMDM":null,"KCH":"10113121069"},{"KKDWDM":"011","XS":32,"BYBZ":"0","JSJC":8,"XXXQDM":"02","KXH":"01","KSJC":6,"XKZRS":89,"SKZC":"000000001000000000000000000000","SKJS":"常辉","ISTK":0,"ZCMC":"9周","YPSJDD":"9周 星期五 第6节-第8节 南湖北-爱特楼-108,11-16周 星期五 第6节-第8节 南湖北-爱特楼-108,17周 星期三 第6节-第8节 南湖北-爱特楼-108","XF":2,"SKXQ":5,"XNXQDM":"2024-2025-2","KCM":"数字语音处理B","JASDM":"0201010108","JXLDM":"020101","JXBID":"20242-02064","SKBJ":"信息2201-03","TYXMDM":null,"KCH":"4110074110"},{"KKDWDM":"011","XS":32,"BYBZ":"0","JSJC":8,"XXXQDM":"02","KXH":"01","KSJC":6,"XKZRS":89,"SKZC":"000000000011111100000000000000","SKJS":"常辉","ISTK":0,"ZCMC":"11-16周","YPSJDD":"9周 星期五 第6节-第8节 南湖北-爱特楼-108,11-16周 星期五 第6节-第8节 南湖北-爱特楼-108,17周 星期三 第6节-第8节 南湖北-爱特楼-108","XF":2,"SKXQ":5,"XNXQDM":"2024-2025-2","KCM":"数字语音处理B","JASDM":"0201010108","JXLDM":"020101","JXBID":"20242-02064","SKBJ":"信息2201-03","TYXMDM":null,"KCH":"4110074110"},{"KKDWDM":"013","XS":48,"BYBZ":"0","JSJC":5,"XXXQDM":"02","KXH":"13","KSJC":3,"XKZRS":110,"SKZC":"000000000011111100000000000000","SKJS":"苏义鑫,贺远华","ISTK":0,"ZCMC":"11-16周","YPSJDD":"9周 星期日 第3节-第5节 南湖北-爱特楼-108,1-5周 星期五 第3节-第5节 南湖北-爱特楼-108,17周 星期三 第3节-第5节 南湖北-爱特楼-108,11-16周 星期五 第3节-第5节 南湖北-爱特楼-108,7-9周 星期五 第3节-第5节 南湖北-爱特楼-108","XF":3,"SKXQ":5,"XNXQDM":"2024-2025-2","KCM":"自动控制原理上","JASDM":"0201010108","JXLDM":"020101","JXBID":"20242-10726","SKBJ":"自动化2304-05,自动化zy2301","TYXMDM":null,"KCH":"10134121074"},{"KKDWDM":"011","XS":64,"BYBZ":"0","JSJC":2,"XXXQDM":"02","KXH":"07","KSJC":1,"XKZRS":109,"SKZC":"000000000011111100000000000000","SKJS":"曾刚","ISTK":0,"ZCMC":"11-16周","YPSJDD":"1-16周 星期三 第3节-第4节 南湖北-爱特楼-108,11-16周 星期五 第1节-第2节 南湖北-爱特楼-108,17周 星期三 第1节-第2节 南湖北-爱特楼-108,7-9周 星期五 第1节-第2节 南湖北-爱特楼-108,1-5周 星期五 第1节-第2节 南湖北-爱特楼-108,9周 星期日 第1节-第2节 南湖北-爱特楼-108","XF":4,"SKXQ":5,"XNXQDM":"2024-2025-2","KCM":"数字电子技术基础A","JASDM":"0201010108","JXLDM":"020101","JXBID":"20242-10491","SKBJ":"电信2301-03","TYXMDM":null,"KCH":"10113121069"},{"KKDWDM":"007","XS":24,"BYBZ":"0","JSJC":7,"XXXQDM":"02","KXH":"04","KSJC":6,"XKZRS":30,"SKZC":"000000000011100000000000000000","SKJS":"Chalati Siwapimon,Luigi Buffone,孟正华","ISTK":0,"ZCMC":"11-13周","YPSJDD":"15周 星期六 第6节-第7节 南湖北-爱特楼-108,9周 星期六 第6节-第7节 南湖北-爱特楼-108,11-13周 星期六 第6节-第7节 南湖北-爱特楼-108,9周 星期四 第1节-第2节 南湖南-博学北楼-101,11-14周 星期四 第1节-第2节 南湖南-博学北楼-101","XF":1,"SKXQ":6,"XNXQDM":"2024-2025-2","KCM":"汽车CAD\/CAE技术（B）","JASDM":"0201010108","JXLDM":"020101","JXBID":"20242-12776","SKBJ":"车辆gj2303","TYXMDM":null,"KCH":"10075124212"},{"KKDWDM":"021","XS":36,"BYBZ":"0","JSJC":5,"XXXQDM":"02","KXH":"61","KSJC":3,"XKZRS":67,"SKZC":"000000000011100000000000000000","SKJS":"许传红","ISTK":0,"ZCMC":"11-13周","YPSJDD":"11-13周 星期四 第3节-第5节 南湖北-爱特楼-108,1-9周 星期四 第3节-第5节 南湖北-爱特楼-108","XF":2,"SKXQ":4,"XNXQDM":"2024-2025-2","KCM":"习近平新时代中国特色社会主义思想概论","JASDM":"0201010108","JXLDM":"020101","JXBID":"20242-04863","SKBJ":"电气2301-03","TYXMDM":null,"KCH":"10211121033"},{"KKDWDM":"003","XS":32,"BYBZ":"0","JSJC":7,"XXXQDM":"02","KXH":"01","KSJC":6,"XKZRS":67,"SKZC":"000000000010000000000000","SKJS":"丁杰,冀运东","ISTK":0,"ZCMC":"11周","YPSJDD":"11周 星期二 第6节-第7节 南湖北-爱特楼-108,1-10周 星期二 第6节-第8节 南湖北-爱特楼-108","XF":2,"SKXQ":2,"XNXQDM":"2024-2025-2","KCM":"纳米材料与纳米技术","JASDM":"0201010108","JXLDM":"020101","JXBID":"20242-02481","SKBJ":"复材2201-02","TYXMDM":null,"KCH":"10036121135"},{"KKDWDM":"013","XS":40,"BYBZ":"0","JSJC":8,"XXXQDM":"02","KXH":"02","KSJC":6,"XKZRS":128,"SKZC":"000000000001110000000000000000","SKJS":"刘小珠","ISTK":0,"ZCMC":"12-14周","YPSJDD":"16-17周 星期一 第6节-第8节 南湖北-爱特楼-108,17周 星期二 第6节-第8节 南湖北-爱特楼-108,12-14周 星期一 第6节-第8节 南湖北-爱特楼-108,9-10周 星期一 第6节-第8节 南湖北-爱特楼-108","XF":2,"SKXQ":1,"XNXQDM":"2024-2025-2","KCM":"数据库与信息系统","JASDM":"0201010108","JXLDM":"020101","JXBID":"20242-05719","SKBJ":"自动化2301-05,自动化zy2301","TYXMDM":null,"KCH":"10135121018"},{"KKDWDM":"021","XS":36,"BYBZ":"0","JSJC":5,"XXXQDM":"02","KXH":"81","KSJC":3,"XKZRS":86,"SKZC":"000000000001100000000000000000","SKJS":"孔国成","ISTK":0,"ZCMC":"12-13周","YPSJDD":"1-10周 星期一 第3节-第5节 南湖北-爱特楼-108,12-13周 星期一 第3节-第5节 南湖北-爱特楼-108","XF":2,"SKXQ":1,"XNXQDM":"2024-2025-2","KCM":"习近平新时代中国特色社会主义思想概论","JASDM":"0201010108","JXLDM":"020101","JXBID":"20242-04962","SKBJ":"工力JD2301,机器人2301-02","TYXMDM":null,"KCH":"10211121033"},{"KKDWDM":"011","XS":40,"BYBZ":"0","JSJC":4,"XXXQDM":"02","KXH":"07","KSJC":3,"XKZRS":105,"SKZC":"000000000000110000000000","SKJS":"周颖","ISTK":0,"ZCMC":"13-14周","YPSJDD":"13-14周 星期二 第3节-第4节 南湖北-爱特楼-108,1-12周 星期二 第3节-第5节 南湖北-爱特楼-108","XF":2,"SKXQ":2,"XNXQDM":"2024-2025-2","KCM":"信息理论与编码C","JASDM":"0201010108","JXLDM":"020101","JXBID":"20242-10509","SKBJ":"电信2201-03","TYXMDM":null,"KCH":"10114121058"},{"KKDWDM":"007","XS":24,"BYBZ":"0","JSJC":7,"XXXQDM":"02","KXH":"04","KSJC":6,"XKZRS":30,"SKZC":"000000000000001000000000000000","SKJS":"Chalati Siwapimon,Luigi Buffone,孟正华","ISTK":0,"ZCMC":"15周","YPSJDD":"15周 星期六 第6节-第7节 南湖北-爱特楼-108,9周 星期六 第6节-第7节 南湖北-爱特楼-108,11-13周 星期六 第6节-第7节 南湖北-爱特楼-108,9周 星期四 第1节-第2节 南湖南-博学北楼-101,11-14周 星期四 第1节-第2节 南湖南-博学北楼-101","XF":1,"SKXQ":6,"XNXQDM":"2024-2025-2","KCM":"汽车CAD\/CAE技术（B）","JASDM":"0201010108","JXLDM":"020101","JXBID":"20242-12776","SKBJ":"车辆gj2303","TYXMDM":null,"KCH":"10075124212"},{"KKDWDM":"013","XS":40,"BYBZ":"0","JSJC":8,"XXXQDM":"02","KXH":"02","KSJC":6,"XKZRS":128,"SKZC":"000000000000000110000000000000","SKJS":"刘小珠","ISTK":0,"ZCMC":"16-17周","YPSJDD":"16-17周 星期一 第6节-第8节 南湖北-爱特楼-108,17周 星期二 第6节-第8节 南湖北-爱特楼-108,12-14周 星期一 第6节-第8节 南湖北-爱特楼-108,9-10周 星期一 第6节-第8节 南湖北-爱特楼-108","XF":2,"SKXQ":1,"XNXQDM":"2024-2025-2","KCM":"数据库与信息系统","JASDM":"0201010108","JXLDM":"020101","JXBID":"20242-05719","SKBJ":"自动化2301-05,自动化zy2301","TYXMDM":null,"KCH":"10135121018"},{"KKDWDM":"003","XS":64,"BYBZ":"0","JSJC":4,"XXXQDM":"02","KXH":"01","KSJC":1,"XKZRS":24,"SKZC":"0000000000000001000000000","SKJS":"赵青林","ISTK":0,"ZCMC":"16周","YPSJDD":"16周 星期日 第1节-第4节 南湖北-爱特楼-108,3-5周,7-8周,11-13周,15周 星期日 第1节-第5节 南湖北-爱特楼-108,3-5周 星期日 第6节-第10节 南湖北-爱特楼-108","XF":4,"SKXQ":7,"XNXQDM":"2024-2025-2","KCM":"材料工程基础","JASDM":"0201010108","JXLDM":"020101","JXBID":"20242-14319","SKBJ":null,"TYXMDM":null,"KCH":"10034111018"},{"KKDWDM":"013","XS":40,"BYBZ":"0","JSJC":8,"XXXQDM":"02","KXH":"02","KSJC":6,"XKZRS":128,"SKZC":"000000000000000010000000000000","SKJS":"刘小珠","ISTK":0,"ZCMC":"17周","YPSJDD":"16-17周 星期一 第6节-第8节 南湖北-爱特楼-108,17周 星期二 第6节-第8节 南湖北-爱特楼-108,12-14周 星期一 第6节-第8节 南湖北-爱特楼-108,9-10周 星期一 第6节-第8节 南湖北-爱特楼-108","XF":2,"SKXQ":2,"XNXQDM":"2024-2025-2","KCM":"数据库与信息系统","JASDM":"0201010108","JXLDM":"020101","JXBID":"20242-05719","SKBJ":"自动化2301-05,自动化zy2301","TYXMDM":null,"KCH":"10135121018"},{"KKDWDM":"013","XS":48,"BYBZ":"0","JSJC":5,"XXXQDM":"02","KXH":"13","KSJC":3,"XKZRS":110,"SKZC":"000000000000000010000000000000","SKJS":"苏义鑫,贺远华","ISTK":0,"ZCMC":"17周","YPSJDD":"9周 星期日 第3节-第5节 南湖北-爱特楼-108,1-5周 星期五 第3节-第5节 南湖北-爱特楼-108,17周 星期三 第3节-第5节 南湖北-爱特楼-108,11-16周 星期五 第3节-第5节 南湖北-爱特楼-108,7-9周 星期五 第3节-第5节 南湖北-爱特楼-108","XF":3,"SKXQ":3,"XNXQDM":"2024-2025-2","KCM":"自动控制原理上","JASDM":"0201010108","JXLDM":"020101","JXBID":"20242-10726","SKBJ":"自动化2304-05,自动化zy2301","TYXMDM":null,"KCH":"10134121074"},{"KKDWDM":"011","XS":32,"BYBZ":"0","JSJC":8,"XXXQDM":"02","KXH":"01","KSJC":6,"XKZRS":89,"SKZC":"000000000000000010000000000000","SKJS":"常辉","ISTK":0,"ZCMC":"17周","YPSJDD":"9周 星期五 第6节-第8节 南湖北-爱特楼-108,11-16周 星期五 第6节-第8节 南湖北-爱特楼-108,17周 星期三 第6节-第8节 南湖北-爱特楼-108","XF":2,"SKXQ":3,"XNXQDM":"2024-2025-2","KCM":"数字语音处理B","JASDM":"0201010108","JXLDM":"020101","JXBID":"20242-02064","SKBJ":"信息2201-03","TYXMDM":null,"KCH":"4110074110"},{"KKDWDM":"011","XS":64,"BYBZ":"0","JSJC":2,"XXXQDM":"02","KXH":"07","KSJC":1,"XKZRS":109,"SKZC":"000000000000000010000000000000","SKJS":"曾刚","ISTK":0,"ZCMC":"17周","YPSJDD":"1-16周 星期三 第3节-第4节 南湖北-爱特楼-108,11-16周 星期五 第1节-第2节 南湖北-爱特楼-108,17周 星期三 第1节-第2节 南湖北-爱特楼-108,7-9周 星期五 第1节-第2节 南湖北-爱特楼-108,1-5周 星期五 第1节-第2节 南湖北-爱特楼-108,9周 星期日 第1节-第2节 南湖北-爱特楼-108","XF":4,"SKXQ":3,"XNXQDM":"2024-2025-2","KCM":"数字电子技术基础A","JASDM":"0201010108","JXLDM":"020101","JXBID":"20242-10491","SKBJ":"电信2301-03","TYXMDM":null,"KCH":"10113121069"}]}},"code":"0"}