{"datas":{"jaskcb":{"extParams":{"code":1,"msg":"查询成功"},"pageSize":0,"pageNumber":0,"totalSize":-1,"rows":[{"KKDWDM":"012","XS":32,"BYBZ":"0","JSJC":5,"XXXQDM":"02","KXH":"12","KSJC":3,"XKZRS":120,"SKZC":"000011111111111","SKJS":"秦珀石","ISTK":0,"ZCMC":"5-15周","YPSJDD":"5-15周 星期二 第3节-第5节 南湖北-爱特楼-901","XF":1,"SKXQ":2,"XNXQDM":"2024-2025-2","KCM":"计算机基础与Python程序设计综合实验A","JASDM":"0201010901","JXLDM":"020101","JXBID":"20242-11770","SKBJ":"材料类2407-09","TYXMDM":null,"KCH":"10121221090"},{"KKDWDM":"012","XS":32,"BYBZ":"0","JSJC":8,"XXXQDM":"02","KXH":"05","KSJC":6,"XKZRS":110,"SKZC":"000011111111111","SKJS":"钟钰","ISTK":0,"ZCMC":"5-15周","YPSJDD":"5-15周 星期二 第6节-第8节 南湖北-爱特楼-901","XF":1,"SKXQ":2,"XNXQDM":"2024-2025-2","KCM":"计算机基础与C程序设计综合实验B","JASDM":"0201010901","JXLDM":"020101","JXBID":"20242-11974","SKBJ":"机电类2401-03","TYXMDM":null,"KCH":"10121221091"},{"KKDWDM":"012","XS":32,"BYBZ":"0","JSJC":5,"XXXQDM":"02","KXH":"09","KSJC":3,"XKZRS":106,"SKZC":"000011111111111","SKJS":"毛薇","ISTK":0,"ZCMC":"5-15周","YPSJDD":"5-15周 星期三 第3节-第5节 南湖北-爱特楼-901","XF":1,"SKXQ":3,"XNXQDM":"2024-2025-2","KCM":"计算机基础与C程序设计综合实验B","JASDM":"0201010901","JXLDM":"020101","JXBID":"20242-11978","SKBJ":"机电类2412-14","TYXMDM":null,"KCH":"10121221091"},{"KKDWDM":"012","XS":32,"BYBZ":"0","JSJC":8,"XXXQDM":"02","KXH":"07","KSJC":6,"XKZRS":113,"SKZC":"000011111111111","SKJS":"孙骏","ISTK":0,"ZCMC":"5-15周","YPSJDD":"5-15周 星期三 第6节-第8节 南湖北-爱特楼-901","XF":1,"SKXQ":3,"XNXQDM":"2024-2025-2","KCM":"计算机基础与C程序设计综合实验A","JASDM":"0201010901","JXLDM":"020101","JXBID":"20242-11790","SKBJ":"自动化类2410-12","TYXMDM":null,"KCH":"10121221092"},{"KKDWDM":"012","XS":32,"BYBZ":"0","JSJC":5,"XXXQDM":"02","KXH":"11","KSJC":3,"XKZRS":104,"SKZC":"000011111100000000000000000000","SKJS":"赵广辉","ISTK":0,"ZCMC":"5-10周","YPSJDD":"16-17周 星期一 第3节-第5节 南湖北-爱特楼-901,5-10周 星期一 第3节-第5节 南湖北-爱特楼-901,12-14周 星期一 第3节-第5节 南湖北-爱特楼-901","XF":1,"SKXQ":1,"XNXQDM":"2024-2025-2","KCM":"计算机基础与Python程序设计综合实验A","JASDM":"0201010901","JXLDM":"020101","JXBID":"20242-11769","SKBJ":"材料类2404-06","TYXMDM":null,"KCH":"10121221090"},{"KKDWDM":"012","XS":32,"BYBZ":"0","JSJC":5,"XXXQDM":"02","KXH":"15","KSJC":3,"XKZRS":81,"SKZC":"000010000000000000000000000000","SKJS":"李屾","ISTK":0,"ZCMC":"5周","YPSJDD":"9周 星期日 第3节-第5节 南湖北-爱特楼-901,5周 星期五 第3节-第5节 南湖北-爱特楼-901,11-16周 星期五 第3节-第5节 南湖北-爱特楼-901,7-9周 星期五 第3节-第5节 南湖北-爱特楼-901","XF":1,"SKXQ":5,"XNXQDM":"2024-2025-2","KCM":"计算机基础与Python程序设计综合实验B","JASDM":"0201010901","JXLDM":"020101","JXBID":"20242-12111","SKBJ":"工商类2404-06","TYXMDM":null,"KCH":"10121221089"},{"KKDWDM":"012","XS":32,"BYBZ":"0","JSJC":8,"XXXQDM":"02","KXH":"16","KSJC":6,"XKZRS":120,"SKZC":"000010000000000000000000000000","SKJS":"张伟","ISTK":0,"ZCMC":"5周","YPSJDD":"5周 星期五 第6节-第8节 南湖北-爱特楼-901,11-16周 星期五 第6节-第8节 南湖北-爱特楼-901,9周 星期日 第6节-第8节 南湖北-爱特楼-901,7-9周 星期五 第6节-第8节 南湖北-爱特楼-901","XF":1,"SKXQ":5,"XNXQDM":"2024-2025-2","KCM":"计算机基础与Python程序设计综合实验B","JASDM":"0201010901","JXLDM":"020101","JXBID":"20242-12112","SKBJ":"工商类2407-09","TYXMDM":null,"KCH":"10121221089"},{"KKDWDM":"012","XS":32,"BYBZ":"0","JSJC":5,"XXXQDM":"02","KXH":"15","KSJC":3,"XKZRS":81,"SKZC":"000000111000000000000000000000","SKJS":"李屾","ISTK":0,"ZCMC":"7-9周","YPSJDD":"9周 星期日 第3节-第5节 南湖北-爱特楼-901,5周 星期五 第3节-第5节 南湖北-爱特楼-901,11-16周 星期五 第3节-第5节 南湖北-爱特楼-901,7-9周 星期五 第3节-第5节 南湖北-爱特楼-901","XF":1,"SKXQ":5,"XNXQDM":"2024-2025-2","KCM":"计算机基础与Python程序设计综合实验B","JASDM":"0201010901","JXLDM":"020101","JXBID":"20242-12111","SKBJ":"工商类2404-06","TYXMDM":null,"KCH":"10121221089"},{"KKDWDM":"012","XS":32,"BYBZ":"0","JSJC":8,"XXXQDM":"02","KXH":"16","KSJC":6,"XKZRS":120,"SKZC":"000000111000000000000000000000","SKJS":"张伟","ISTK":0,"ZCMC":"7-9周","YPSJDD":"5周 星期五 第6节-第8节 南湖北-爱特楼-901,11-16周 星期五 第6节-第8节 南湖北-爱特楼-901,9周 星期日 第6节-第8节 南湖北-爱特楼-901,7-9周 星期五 第6节-第8节 南湖北-爱特楼-901","XF":1,"SKXQ":5,"XNXQDM":"2024-2025-2","KCM":"计算机基础与Python程序设计综合实验B","JASDM":"0201010901","JXLDM":"020101","JXBID":"20242-12112","SKBJ":"工商类2407-09","TYXMDM":null,"KCH":"10121221089"},{"KKDWDM":"012","XS":32,"BYBZ":"0","JSJC":5,"XXXQDM":"02","KXH":"15","KSJC":3,"XKZRS":81,"SKZC":"000000001000000000000000000000","SKJS":"李屾","ISTK":0,"ZCMC":"9周","YPSJDD":"9周 星期日 第3节-第5节 南湖北-爱特楼-901,5周 星期五 第3节-第5节 南湖北-爱特楼-901,11-16周 星期五 第3节-第5节 南湖北-爱特楼-901,7-9周 星期五 第3节-第5节 南湖北-爱特楼-901","XF":1,"SKXQ":7,"XNXQDM":"2024-2025-2","KCM":"计算机基础与Python程序设计综合实验B","JASDM":"0201010901","JXLDM":"020101","JXBID":"20242-12111","SKBJ":"工商类2404-06","TYXMDM":null,"KCH":"10121221089"},{"KKDWDM":"012","XS":32,"BYBZ":"0","JSJC":8,"XXXQDM":"02","KXH":"16","KSJC":6,"XKZRS":120,"SKZC":"000000001000000000000000000000","SKJS":"张伟","ISTK":0,"ZCMC":"9周","YPSJDD":"5周 星期五 第6节-第8节 南湖北-爱特楼-901,11-16周 星期五 第6节-第8节 南湖北-爱特楼-901,9周 星期日 第6节-第8节 南湖北-爱特楼-901,7-9周 星期五 第6节-第8节 南湖北-爱特楼-901","XF":1,"SKXQ":7,"XNXQDM":"2024-2025-2","KCM":"计算机基础与Python程序设计综合实验B","JASDM":"0201010901","JXLDM":"020101","JXBID":"20242-12112","SKBJ":"工商类2407-09","TYXMDM":null,"KCH":"10121221089"},{"KKDWDM":"012","XS":32,"BYBZ":"0","JSJC":5,"XXXQDM":"02","KXH":"15","KSJC":3,"XKZRS":81,"SKZC":"000000000011111100000000000000","SKJS":"李屾","ISTK":0,"ZCMC":"11-16周","YPSJDD":"9周 星期日 第3节-第5节 南湖北-爱特楼-901,5周 星期五 第3节-第5节 南湖北-爱特楼-901,11-16周 星期五 第3节-第5节 南湖北-爱特楼-901,7-9周 星期五 第3节-第5节 南湖北-爱特楼-901","XF":1,"SKXQ":5,"XNXQDM":"2024-2025-2","KCM":"计算机基础与Python程序设计综合实验B","JASDM":"0201010901","JXLDM":"020101","JXBID":"20242-12111","SKBJ":"工商类2404-06","TYXMDM":null,"KCH":"10121221089"},{"KKDWDM":"012","XS":32,"BYBZ":"0","JSJC":8,"XXXQDM":"02","KXH":"16","KSJC":6,"XKZRS":120,"SKZC":"000000000011111100000000000000","SKJS":"张伟","ISTK":0,"ZCMC":"11-16周","YPSJDD":"5周 星期五 第6节-第8节 南湖北-爱特楼-901,11-16周 星期五 第6节-第8节 南湖北-爱特楼-901,9周 星期日 第6节-第8节 南湖北-爱特楼-901,7-9周 星期五 第6节-第8节 南湖北-爱特楼-901","XF":1,"SKXQ":5,"XNXQDM":"2024-2025-2","KCM":"计算机基础与Python程序设计综合实验B","JASDM":"0201010901","JXLDM":"020101","JXBID":"20242-12112","SKBJ":"工商类2407-09","TYXMDM":null,"KCH":"10121221089"},{"KKDWDM":"012","XS":32,"BYBZ":"0","JSJC":5,"XXXQDM":"02","KXH":"11","KSJC":3,"XKZRS":104,"SKZC":"000000000001110000000000000000","SKJS":"赵广辉","ISTK":0,"ZCMC":"12-14周","YPSJDD":"16-17周 星期一 第3节-第5节 南湖北-爱特楼-901,5-10周 星期一 第3节-第5节 南湖北-爱特楼-901,12-14周 星期一 第3节-第5节 南湖北-爱特楼-901","XF":1,"SKXQ":1,"XNXQDM":"2024-2025-2","KCM":"计算机基础与Python程序设计综合实验A","JASDM":"0201010901","JXLDM":"020101","JXBID":"20242-11769","SKBJ":"材料类2404-06","TYXMDM":null,"KCH":"10121221090"},{"KKDWDM":"012","XS":32,"BYBZ":"0","JSJC":5,"XXXQDM":"02","KXH":"11","KSJC":3,"XKZRS":104,"SKZC":"000000000000000110000000000000","SKJS":"赵广辉","ISTK":0,"ZCMC":"16-17周","YPSJDD":"16-17周 星期一 第3节-第5节 南湖北-爱特楼-901,5-10周 星期一 第3节-第5节 南湖北-爱特楼-901,12-14周 星期一 第3节-第5节 南湖北-爱特楼-901","XF":1,"SKXQ":1,"XNXQDM":"2024-2025-2","KCM":"计算机基础与Python程序设计综合实验A","JASDM":"0201010901","JXLDM":"020101","JXBID":"20242-11769","SKBJ":"材料类2404-06","TYXMDM":null,"KCH":"10121221090"}]}},"code":"0"}