{"datas":{"jaskcb":{"extParams":{"code":1,"msg":"查询成功"},"pageSize":0,"pageNumber":0,"totalSize":-1,"rows":[{"KKDWDM":"013","XS":40,"BYBZ":"0","JSJC":5,"XXXQDM":"02","KXH":"08","KSJC":3,"XKZRS":79,"SKZC":"111111111101100000000000","SKJS":"李知践","ISTK":0,"ZCMC":"1-10周,12-13周","YPSJDD":"14-16周(双) 星期一 第3节-第4节 南湖北-北教三-502,1-10周,12-13周 星期一 第3节-第5节 南湖北-北教三-502","XF":2,"SKXQ":1,"XNXQDM":"2024-2025-2","KCM":"微机原理及接口技术","JASDM":"0201040502","JXLDM":"020104","JXBID":"20242-10628","SKBJ":"电气2303-04","TYXMDM":null,"KCH":"10134121075"},{"KKDWDM":"003","XS":32,"BYBZ":"0","JSJC":5,"XXXQDM":"02","KXH":"01","KSJC":3,"XKZRS":71,"SKZC":"111111111100000000000000","SKJS":"胡建华,陈超,龚小龙","ISTK":0,"ZCMC":"1-10周","YPSJDD":"11周 星期三 第3节-第4节 南湖北-北教三-502,1-10周 星期三 第3节-第5节 南湖北-北教三-502","XF":2,"SKXQ":3,"XNXQDM":"2024-2025-2","KCM":"材料成型装备及自动化","JASDM":"0201040502","JXLDM":"020104","JXBID":"20242-03969","SKBJ":"成型2201-02","TYXMDM":null,"KCH":"10035121063"},{"KKDWDM":"022","XS":48,"BYBZ":"0","JSJC":4,"XXXQDM":"02","KXH":"01","KSJC":1,"XKZRS":21,"SKZC":"111110111011101000000000000000","SKJS":"王丽","ISTK":0,"ZCMC":"1-5周,7-9周,11-13周,15周","YPSJDD":"1-5周,7-9周,11-13周,15周 星期六 第1节-第4节 南湖北-北教三-502","XF":3,"SKXQ":6,"XNXQDM":"2024-2025-2","KCM":"经济法学","JASDM":"0201040502","JXLDM":"020104","JXBID":"20242-03639","SKBJ":"法学fx2022","TYXMDM":null,"KCH":"10224121187"},{"KKDWDM":"003","XS":32,"BYBZ":"0","JSJC":5,"XXXQDM":"02","KXH":"01","KSJC":3,"XKZRS":72,"SKZC":"111110111010000000000000","SKJS":"彭军波,肖勇","ISTK":0,"ZCMC":"1-5周,7-9周,11周","YPSJDD":"12周 星期五 第3节-第4节 南湖北-北教三-502,1-5周,7-9周,11周 星期五 第3节-第5节 南湖北-北教三-502,9周 星期日 第3节-第5节 南湖北-北教三-502","XF":2,"SKXQ":5,"XNXQDM":"2024-2025-2","KCM":"材料连接技术","JASDM":"0201040502","JXLDM":"020104","JXBID":"20242-03914","SKBJ":"成型2201-02","TYXMDM":null,"KCH":"10035121065"},{"KKDWDM":"003","XS":32,"BYBZ":"0","JSJC":5,"XXXQDM":"02","KXH":"01","KSJC":3,"XKZRS":72,"SKZC":"000000001000000000000000","SKJS":"彭军波,肖勇","ISTK":0,"ZCMC":"9周","YPSJDD":"12周 星期五 第3节-第4节 南湖北-北教三-502,1-5周,7-9周,11周 星期五 第3节-第5节 南湖北-北教三-502,9周 星期日 第3节-第5节 南湖北-北教三-502","XF":2,"SKXQ":7,"XNXQDM":"2024-2025-2","KCM":"材料连接技术","JASDM":"0201040502","JXLDM":"020104","JXBID":"20242-03914","SKBJ":"成型2201-02","TYXMDM":null,"KCH":"10035121065"},{"KKDWDM":"003","XS":32,"BYBZ":"0","JSJC":4,"XXXQDM":"02","KXH":"01","KSJC":3,"XKZRS":71,"SKZC":"000000000010000000000000","SKJS":"胡建华,陈超,龚小龙","ISTK":0,"ZCMC":"11周","YPSJDD":"11周 星期三 第3节-第4节 南湖北-北教三-502,1-10周 星期三 第3节-第5节 南湖北-北教三-502","XF":2,"SKXQ":3,"XNXQDM":"2024-2025-2","KCM":"材料成型装备及自动化","JASDM":"0201040502","JXLDM":"020104","JXBID":"20242-03969","SKBJ":"成型2201-02","TYXMDM":null,"KCH":"10035121063"},{"KKDWDM":"003","XS":32,"BYBZ":"0","JSJC":4,"XXXQDM":"02","KXH":"01","KSJC":3,"XKZRS":72,"SKZC":"000000000001000000000000","SKJS":"彭军波,肖勇","ISTK":0,"ZCMC":"12周","YPSJDD":"12周 星期五 第3节-第4节 南湖北-北教三-502,1-5周,7-9周,11周 星期五 第3节-第5节 南湖北-北教三-502,9周 星期日 第3节-第5节 南湖北-北教三-502","XF":2,"SKXQ":5,"XNXQDM":"2024-2025-2","KCM":"材料连接技术","JASDM":"0201040502","JXLDM":"020104","JXBID":"20242-03914","SKBJ":"成型2201-02","TYXMDM":null,"KCH":"10035121065"},{"KKDWDM":"013","XS":40,"BYBZ":"0","JSJC":4,"XXXQDM":"02","KXH":"08","KSJC":3,"XKZRS":79,"SKZC":"000000000000010100000000","SKJS":"李知践","ISTK":0,"ZCMC":"14-16周(双)","YPSJDD":"14-16周(双) 星期一 第3节-第4节 南湖北-北教三-502,1-10周,12-13周 星期一 第3节-第5节 南湖北-北教三-502","XF":2,"SKXQ":1,"XNXQDM":"2024-2025-2","KCM":"微机原理及接口技术","JASDM":"0201040502","JXLDM":"020104","JXBID":"20242-10628","SKBJ":"电气2303-04","TYXMDM":null,"KCH":"10134121075"},{"KKDWDM":null,"XS":null,"BYBZ":"1","JSJC":5,"XXXQDM":null,"KXH":null,"KSJC":3,"XKZRS":null,"SKZC":"000000011110000000000000000000","SKJS":"王乾坤","ISTK":0,"ZCMC":"8-11周","YPSJDD":null,"XF":null,"SKXQ":2,"XNXQDM":"2024-2025-2","KCM":"系统工程","JASDM":"0201040502","JXLDM":null,"JXBID":null,"SKBJ":null,"TYXMDM":null,"KCH":"60650324005"}]}},"code":"0"}