{"datas":{"jaskcb":{"extParams":{"code":1,"msg":"查询成功"},"pageSize":0,"pageNumber":0,"totalSize":-1,"rows":[{"KKDWDM":"012","XS":32,"BYBZ":"0","JSJC":9,"XXXQDM":"02","KXH":"01","KSJC":6,"XKZRS":78,"SKZC":"111111110000000000000000","SKJS":"李琳","ISTK":0,"ZCMC":"1-8周","YPSJDD":"1-8周 星期四 第6节-第9节 南湖北-学海楼-307","XF":1,"SKXQ":4,"XNXQDM":"2024-2025-2","KCM":"计算机组成与系统结构实验","JASDM":"0201050307","JXLDM":"020105","JXBID":"20242-05018","SKBJ":"人工智能2301-02","TYXMDM":null,"KCH":"10124221078"},{"KKDWDM":"012","XS":32,"BYBZ":"0","JSJC":9,"XXXQDM":"02","KXH":"03","KSJC":6,"XKZRS":76,"SKZC":"111110000000000000000000000000","SKJS":"邱奇志","ISTK":0,"ZCMC":"1-5周","YPSJDD":"1-5周 星期五 第6节-第9节 南湖北-学海楼-307,7-8周 星期五 第6节-第9节 南湖北-学海楼-307,9周 星期日 第6节-第9节 南湖北-学海楼-307","XF":1,"SKXQ":5,"XNXQDM":"2024-2025-2","KCM":"数据结构与算法综合实验","JASDM":"0201050307","JXLDM":"020105","JXBID":"20242-04577","SKBJ":"计算机zy2301-02","TYXMDM":null,"KCH":"10124214069"},{"KKDWDM":"012","XS":32,"BYBZ":"0","JSJC":9,"XXXQDM":"02","KXH":"02","KSJC":6,"XKZRS":78,"SKZC":"111110000000000000000000000000","SKJS":"李琳","ISTK":0,"ZCMC":"1-5周","YPSJDD":"7-9周 星期六 第6节-第9节 南湖北-学海楼-307,1-5周 星期六 第6节-第9节 南湖北-学海楼-307","XF":1,"SKXQ":6,"XNXQDM":"2024-2025-2","KCM":"计算机组成与系统结构实验","JASDM":"0201050307","JXLDM":"020105","JXBID":"20242-05019","SKBJ":"大数据2301-02","TYXMDM":null,"KCH":"10124221078"},{"KKDWDM":"012","XS":32,"BYBZ":"0","JSJC":9,"XXXQDM":"02","KXH":"02","KSJC":6,"XKZRS":78,"SKZC":"000000111000000000000000000000","SKJS":"李琳","ISTK":0,"ZCMC":"7-9周","YPSJDD":"7-9周 星期六 第6节-第9节 南湖北-学海楼-307,1-5周 星期六 第6节-第9节 南湖北-学海楼-307","XF":1,"SKXQ":6,"XNXQDM":"2024-2025-2","KCM":"计算机组成与系统结构实验","JASDM":"0201050307","JXLDM":"020105","JXBID":"20242-05019","SKBJ":"大数据2301-02","TYXMDM":null,"KCH":"10124221078"},{"KKDWDM":"012","XS":32,"BYBZ":"0","JSJC":9,"XXXQDM":"02","KXH":"03","KSJC":6,"XKZRS":76,"SKZC":"000000110000000000000000000000","SKJS":"邱奇志","ISTK":0,"ZCMC":"7-8周","YPSJDD":"1-5周 星期五 第6节-第9节 南湖北-学海楼-307,7-8周 星期五 第6节-第9节 南湖北-学海楼-307,9周 星期日 第6节-第9节 南湖北-学海楼-307","XF":1,"SKXQ":5,"XNXQDM":"2024-2025-2","KCM":"数据结构与算法综合实验","JASDM":"0201050307","JXLDM":"020105","JXBID":"20242-04577","SKBJ":"计算机zy2301-02","TYXMDM":null,"KCH":"10124214069"},{"KKDWDM":"012","XS":32,"BYBZ":"0","JSJC":12,"XXXQDM":"02","KXH":"01","KSJC":9,"XKZRS":74,"SKZC":"0000000011111111","SKJS":"袁胜琼","ISTK":0,"ZCMC":"9-16周","YPSJDD":"9-16周 星期二 第9节-第12节 南湖北-学海楼-307","XF":1,"SKXQ":2,"XNXQDM":"2024-2025-2","KCM":"软件工程基础实验","JASDM":"0201050307","JXLDM":"020105","JXBID":"20242-04502","SKBJ":"软件zy2301-02","TYXMDM":null,"KCH":"10124214065"},{"KKDWDM":"012","XS":32,"BYBZ":"0","JSJC":9,"XXXQDM":"02","KXH":"04","KSJC":6,"XKZRS":80,"SKZC":"000000001000000000000000000000","SKJS":"张蕊","ISTK":0,"ZCMC":"9周","YPSJDD":"9周 星期五 第6节-第9节 南湖北-学海楼-307,17周 星期三 第6节-第9节 南湖北-学海楼-307,11-16周 星期五 第6节-第9节 南湖北-学海楼-307","XF":1,"SKXQ":5,"XNXQDM":"2024-2025-2","KCM":"程序设计综合实验","JASDM":"0201050307","JXLDM":"020105","JXBID":"20242-12739","SKBJ":"计算机类2401-02","TYXMDM":null,"KCH":"10124221076"},{"KKDWDM":"012","XS":32,"BYBZ":"0","JSJC":9,"XXXQDM":"02","KXH":"02","KSJC":6,"XKZRS":39,"SKZC":"000000001000000000000000000000","SKJS":"杨焱超","ISTK":0,"ZCMC":"9周","YPSJDD":"11-17周 星期四 第6节-第9节 南湖北-学海楼-307,9周 星期四 第6节-第9节 南湖北-学海楼-307","XF":1,"SKXQ":4,"XNXQDM":"2024-2025-2","KCM":"程序设计综合实验","JASDM":"0201050307","JXLDM":"020105","JXBID":"20242-06325","SKBJ":"软件sy2401","TYXMDM":null,"KCH":"10124221076"},{"KKDWDM":"012","XS":32,"BYBZ":"0","JSJC":9,"XXXQDM":"02","KXH":"03","KSJC":6,"XKZRS":76,"SKZC":"000000001000000000000000000000","SKJS":"邱奇志","ISTK":0,"ZCMC":"9周","YPSJDD":"1-5周 星期五 第6节-第9节 南湖北-学海楼-307,7-8周 星期五 第6节-第9节 南湖北-学海楼-307,9周 星期日 第6节-第9节 南湖北-学海楼-307","XF":1,"SKXQ":7,"XNXQDM":"2024-2025-2","KCM":"数据结构与算法综合实验","JASDM":"0201050307","JXLDM":"020105","JXBID":"20242-04577","SKBJ":"计算机zy2301-02","TYXMDM":null,"KCH":"10124214069"},{"KKDWDM":"012","XS":32,"BYBZ":"0","JSJC":9,"XXXQDM":"02","KXH":"02","KSJC":6,"XKZRS":39,"SKZC":"000000000011111110000000000000","SKJS":"杨焱超","ISTK":0,"ZCMC":"11-17周","YPSJDD":"11-17周 星期四 第6节-第9节 南湖北-学海楼-307,9周 星期四 第6节-第9节 南湖北-学海楼-307","XF":1,"SKXQ":4,"XNXQDM":"2024-2025-2","KCM":"程序设计综合实验","JASDM":"0201050307","JXLDM":"020105","JXBID":"20242-06325","SKBJ":"软件sy2401","TYXMDM":null,"KCH":"10124221076"},{"KKDWDM":"012","XS":32,"BYBZ":"0","JSJC":9,"XXXQDM":"02","KXH":"04","KSJC":6,"XKZRS":80,"SKZC":"000000000011111100000000000000","SKJS":"张蕊","ISTK":0,"ZCMC":"11-16周","YPSJDD":"9周 星期五 第6节-第9节 南湖北-学海楼-307,17周 星期三 第6节-第9节 南湖北-学海楼-307,11-16周 星期五 第6节-第9节 南湖北-学海楼-307","XF":1,"SKXQ":5,"XNXQDM":"2024-2025-2","KCM":"程序设计综合实验","JASDM":"0201050307","JXLDM":"020105","JXBID":"20242-12739","SKBJ":"计算机类2401-02","TYXMDM":null,"KCH":"10124221076"},{"KKDWDM":"012","XS":32,"BYBZ":"0","JSJC":9,"XXXQDM":"02","KXH":"04","KSJC":6,"XKZRS":80,"SKZC":"000000000000000010000000000000","SKJS":"张蕊","ISTK":0,"ZCMC":"17周","YPSJDD":"9周 星期五 第6节-第9节 南湖北-学海楼-307,17周 星期三 第6节-第9节 南湖北-学海楼-307,11-16周 星期五 第6节-第9节 南湖北-学海楼-307","XF":1,"SKXQ":3,"XNXQDM":"2024-2025-2","KCM":"程序设计综合实验","JASDM":"0201050307","JXLDM":"020105","JXBID":"20242-12739","SKBJ":"计算机类2401-02","TYXMDM":null,"KCH":"10124221076"}]}},"code":"0"}