{"datas":{"jaskcb":{"extParams":{"code":1,"msg":"查询成功"},"pageSize":0,"pageNumber":0,"totalSize":-1,"rows":[{"KKDWDM":null,"XS":null,"BYBZ":"3","JSJC":12,"XXXQDM":null,"KXH":null,"KSJC":11,"XKZRS":null,"SKZC":"000000001111100000000000000000","SKJS":"曾珠","ISTK":0,"ZCMC":"9-13周","YPSJDD":null,"XF":null,"SKXQ":3,"XNXQDM":"2024-2025-2","KCM":"形势政策及国情教育","JASDM":"0201020332","JXLDM":null,"JXBID":null,"SKBJ":"F2401,F2402","TYXMDM":null,"KCH":"20241124002"},{"KKDWDM":null,"XS":null,"BYBZ":"3","JSJC":12,"XXXQDM":null,"KXH":null,"KSJC":11,"XKZRS":null,"SKZC":"000000001111100000000000000000","SKJS":"张蔚林","ISTK":0,"ZCMC":"9-13周","YPSJDD":null,"XF":null,"SKXQ":4,"XNXQDM":"2024-2025-2","KCM":"形势政策及国情教育","JASDM":"0201020332","JXLDM":null,"JXBID":null,"SKBJ":"A2401,A2402,A2403","TYXMDM":null,"KCH":"20241124002"},{"KKDWDM":null,"XS":null,"BYBZ":"3","JSJC":12,"XXXQDM":null,"KXH":null,"KSJC":11,"XKZRS":null,"SKZC":"000000001111100000000000000000","SKJS":"张蔚林","ISTK":0,"ZCMC":"9-13周","YPSJDD":null,"XF":null,"SKXQ":4,"XNXQDM":"2024-2025-2","KCM":"形势政策及国情教育","JASDM":"0201020332","JXLDM":null,"JXBID":null,"SKBJ":"HRM2401,HRM2402,HRM2403","TYXMDM":null,"KCH":"20241124002"},{"KKDWDM":null,"XS":null,"BYBZ":"3","JSJC":12,"XXXQDM":null,"KXH":null,"KSJC":11,"XKZRS":null,"SKZC":"000000001111100000000000000000","SKJS":"曾珠","ISTK":0,"ZCMC":"9-13周","YPSJDD":null,"XF":null,"SKXQ":3,"XNXQDM":"2024-2025-2","KCM":"形势政策及国情教育","JASDM":"0201020332","JXLDM":null,"JXBID":null,"SKBJ":"GTB2401,GTB2402,GTB2403,GTB2404","TYXMDM":null,"KCH":"20241124002"},{"KKDWDM":null,"XS":null,"BYBZ":"3","JSJC":13,"XXXQDM":null,"KXH":null,"KSJC":10,"XKZRS":null,"SKZC":"111110000000000000000000000000","SKJS":null,"ISTK":0,"ZCMC":"1-5周","YPSJDD":null,"XF":null,"SKXQ":2,"XNXQDM":"2024-2025-2","KCM":"专业导论","JASDM":"0201020332","JXLDM":null,"JXBID":null,"SKBJ":"平面2401,平面2402,平面2403","TYXMDM":null,"KCH":"20244124004"},{"KKDWDM":null,"XS":null,"BYBZ":"3","JSJC":13,"XXXQDM":null,"KXH":null,"KSJC":10,"XKZRS":null,"SKZC":"011111000000000000000000000000","SKJS":"张腾","ISTK":0,"ZCMC":"2-6周","YPSJDD":null,"XF":null,"SKXQ":2,"XNXQDM":"2024-2025-2","KCM":"专业导论","JASDM":"0201020332","JXLDM":null,"JXBID":null,"SKBJ":"平面2401,平面2402,平面2403","TYXMDM":null,"KCH":"20244124004"},{"KKDWDM":null,"XS":null,"BYBZ":"3","JSJC":12,"XXXQDM":null,"KXH":null,"KSJC":11,"XKZRS":null,"SKZC":"000000010000000000000000000000","SKJS":"张腾","ISTK":0,"ZCMC":"8周","YPSJDD":null,"XF":null,"SKXQ":2,"XNXQDM":"2024-2025-2","KCM":"专业导论","JASDM":"0201020332","JXLDM":null,"JXBID":null,"SKBJ":"平面2401,平面2402,平面2403","TYXMDM":null,"KCH":"20244124004"},{"KKDWDM":null,"XS":null,"BYBZ":"3","JSJC":13,"XXXQDM":null,"KXH":null,"KSJC":11,"XKZRS":null,"SKZC":"000000100000000000000000000000","SKJS":"张腾","ISTK":0,"ZCMC":"7周","YPSJDD":null,"XF":null,"SKXQ":2,"XNXQDM":"2024-2025-2","KCM":"专业导论","JASDM":"0201020332","JXLDM":null,"JXBID":null,"SKBJ":"平面2401,平面2402,平面2403","TYXMDM":null,"KCH":"20244124004"},{"KKDWDM":null,"XS":null,"BYBZ":"3","JSJC":12,"XXXQDM":null,"KXH":null,"KSJC":11,"XKZRS":null,"SKZC":"000000010000000000000000000000","SKJS":"刘竞博","ISTK":0,"ZCMC":"8周","YPSJDD":null,"XF":null,"SKXQ":1,"XNXQDM":"2024-2025-2","KCM":"专业导论","JASDM":"0201020332","JXLDM":null,"JXBID":null,"SKBJ":"数媒2401,数媒2402,数媒2403","TYXMDM":null,"KCH":"20244124004"},{"KKDWDM":null,"XS":null,"BYBZ":"3","JSJC":13,"XXXQDM":null,"KXH":null,"KSJC":11,"XKZRS":null,"SKZC":"011111100000000000000000000000","SKJS":"刘竞博","ISTK":0,"ZCMC":"2-7周","YPSJDD":null,"XF":null,"SKXQ":1,"XNXQDM":"2024-2025-2","KCM":"专业导论","JASDM":"0201020332","JXLDM":null,"JXBID":null,"SKBJ":"数媒2401,数媒2402,数媒2403","TYXMDM":null,"KCH":"20244124004"},{"KKDWDM":null,"XS":null,"BYBZ":"3","JSJC":13,"XXXQDM":null,"KXH":null,"KSJC":10,"XKZRS":null,"SKZC":"011111000000000000000000000000","SKJS":"刘竞博","ISTK":0,"ZCMC":"2-6周","YPSJDD":null,"XF":null,"SKXQ":3,"XNXQDM":"2024-2025-2","KCM":"专业导论","JASDM":"0201020332","JXLDM":null,"JXBID":null,"SKBJ":"数媒2401,数媒2402,数媒2403","TYXMDM":null,"KCH":"20244124004"},{"KKDWDM":null,"XS":null,"BYBZ":"3","JSJC":9,"XXXQDM":null,"KXH":null,"KSJC":6,"XKZRS":null,"SKZC":"111110000000000000000000000000","SKJS":"刘竞博","ISTK":0,"ZCMC":"1-5周","YPSJDD":null,"XF":null,"SKXQ":5,"XNXQDM":"2024-2025-2","KCM":"专业导论","JASDM":"0201020332","JXLDM":null,"JXBID":null,"SKBJ":"数媒2401,数媒2402,数媒2403","TYXMDM":null,"KCH":"20244124004"},{"KKDWDM":null,"XS":null,"BYBZ":"3","JSJC":4,"XXXQDM":null,"KXH":null,"KSJC":3,"XKZRS":null,"SKZC":"111111111000000000000000000000","SKJS":"周欣","ISTK":0,"ZCMC":"1-9周","YPSJDD":null,"XF":null,"SKXQ":2,"XNXQDM":"2024-2025-2","KCM":"项目管理：战略、决策与风险","JASDM":"0201020332","JXLDM":null,"JXBID":null,"SKBJ":"GTB2203,GTB2204","TYXMDM":null,"KCH":"20244124080"},{"KKDWDM":null,"XS":null,"BYBZ":"3","JSJC":7,"XXXQDM":null,"KXH":null,"KSJC":6,"XKZRS":null,"SKZC":"111111111000000000000000000000","SKJS":"李殊琦","ISTK":0,"ZCMC":"1-9周","YPSJDD":null,"XF":null,"SKXQ":2,"XNXQDM":"2024-2025-2","KCM":"项目管理：战略、决策与风险","JASDM":"0201020332","JXLDM":null,"JXBID":null,"SKBJ":"HRM2201,HRM2202","TYXMDM":null,"KCH":"20244124080"},{"KKDWDM":null,"XS":null,"BYBZ":"3","JSJC":13,"XXXQDM":null,"KXH":null,"KSJC":10,"XKZRS":null,"SKZC":"000000001110000000000000000000","SKJS":null,"ISTK":0,"ZCMC":"9-11周","YPSJDD":null,"XF":null,"SKXQ":2,"XNXQDM":"2024-2025-2","KCM":"出国留学准备","JASDM":"0201020332","JXLDM":null,"JXBID":null,"SKBJ":"平面2301,平面2302,平面2303","TYXMDM":null,"KCH":"20245124001"},{"KKDWDM":null,"XS":null,"BYBZ":"3","JSJC":13,"XXXQDM":null,"KXH":null,"KSJC":10,"XKZRS":null,"SKZC":"000000111000000000000000000000","SKJS":"刘竞博","ISTK":0,"ZCMC":"7-9周","YPSJDD":null,"XF":null,"SKXQ":2,"XNXQDM":"2024-2025-2","KCM":"出国留学准备","JASDM":"0201020332","JXLDM":null,"JXBID":null,"SKBJ":"平面2301,平面2302,平面2303","TYXMDM":null,"KCH":"20245124001"},{"KKDWDM":null,"XS":null,"BYBZ":"3","JSJC":13,"XXXQDM":null,"KXH":null,"KSJC":11,"XKZRS":null,"SKZC":"000000000111000000000000000000","SKJS":"刘竞博","ISTK":0,"ZCMC":"10-12周","YPSJDD":null,"XF":null,"SKXQ":2,"XNXQDM":"2024-2025-2","KCM":"出国留学准备","JASDM":"0201020332","JXLDM":null,"JXBID":null,"SKBJ":"平面2301,平面2302,平面2303","TYXMDM":null,"KCH":"20245124001"},{"KKDWDM":null,"XS":null,"BYBZ":"3","JSJC":13,"XXXQDM":null,"KXH":null,"KSJC":10,"XKZRS":null,"SKZC":"000000001110000000000000000000","SKJS":null,"ISTK":0,"ZCMC":"9-11周","YPSJDD":null,"XF":null,"SKXQ":1,"XNXQDM":"2024-2025-2","KCM":"出国留学准备","JASDM":"0201020332","JXLDM":null,"JXBID":null,"SKBJ":"数媒2301,数媒2302,数媒2303","TYXMDM":null,"KCH":"20245124001"},{"KKDWDM":null,"XS":null,"BYBZ":"3","JSJC":13,"XXXQDM":null,"KXH":null,"KSJC":10,"XKZRS":null,"SKZC":"000000111000000000000000000000","SKJS":"刘竞博","ISTK":0,"ZCMC":"7-9周","YPSJDD":null,"XF":null,"SKXQ":1,"XNXQDM":"2024-2025-2","KCM":"出国留学准备","JASDM":"0201020332","JXLDM":null,"JXBID":null,"SKBJ":"数媒2301,数媒2302,数媒2303","TYXMDM":null,"KCH":"20245124001"},{"KKDWDM":null,"XS":null,"BYBZ":"3","JSJC":13,"XXXQDM":null,"KXH":null,"KSJC":11,"XKZRS":null,"SKZC":"000000000111000000000000000000","SKJS":"刘竞博","ISTK":0,"ZCMC":"10-12周","YPSJDD":null,"XF":null,"SKXQ":1,"XNXQDM":"2024-2025-2","KCM":"出国留学准备","JASDM":"0201020332","JXLDM":null,"JXBID":null,"SKBJ":"数媒2301,数媒2302,数媒2303","TYXMDM":null,"KCH":"20245124001"},{"KKDWDM":null,"XS":null,"BYBZ":"3","JSJC":12,"XXXQDM":null,"KXH":null,"KSJC":11,"XKZRS":null,"SKZC":"000001110000000000000000000000","SKJS":null,"ISTK":0,"ZCMC":"6-8周","YPSJDD":null,"XF":null,"SKXQ":2,"XNXQDM":"2024-2025-2","KCM":"出国留学准备","JASDM":"0201020332","JXLDM":null,"JXBID":null,"SKBJ":"数媒2301,数媒2302,数媒2303","TYXMDM":null,"KCH":"20245124001"},{"KKDWDM":null,"XS":null,"BYBZ":"3","JSJC":12,"XXXQDM":null,"KXH":null,"KSJC":11,"XKZRS":null,"SKZC":"000111111000000000000000000000","SKJS":"刘竞博","ISTK":0,"ZCMC":"4-9周","YPSJDD":null,"XF":null,"SKXQ":2,"XNXQDM":"2024-2025-2","KCM":"出国留学准备","JASDM":"0201020332","JXLDM":null,"JXBID":null,"SKBJ":"数媒2301,数媒2302,数媒2303","TYXMDM":null,"KCH":"20245124001"}]}},"code":"0"}