{"datas":{"jaskcb":{"extParams":{"code":1,"msg":"查询成功"},"pageSize":0,"pageNumber":0,"totalSize":-1,"rows":[{"KKDWDM":null,"XS":null,"BYBZ":"3","JSJC":4,"XXXQDM":null,"KXH":null,"KSJC":1,"XKZRS":null,"SKZC":"111111110000000000000000000000","SKJS":"张腾","ISTK":0,"ZCMC":"1-8周","YPSJDD":null,"XF":null,"SKXQ":1,"XNXQDM":"2024-2025-2","KCM":"IP形象设计","JASDM":"0201020303","JXLDM":null,"JXBID":null,"SKBJ":"平面2302","TYXMDM":null,"KCH":"20244124010"},{"KKDWDM":null,"XS":null,"BYBZ":"3","JSJC":4,"XXXQDM":null,"KXH":null,"KSJC":1,"XKZRS":null,"SKZC":"111111111000000000000000000000","SKJS":"张腾","ISTK":0,"ZCMC":"1-9周","YPSJDD":null,"XF":null,"SKXQ":4,"XNXQDM":"2024-2025-2","KCM":"IP形象设计","JASDM":"0201020303","JXLDM":null,"JXBID":null,"SKBJ":"平面2302","TYXMDM":null,"KCH":"20244124010"},{"KKDWDM":null,"XS":null,"BYBZ":"3","JSJC":9,"XXXQDM":null,"KXH":null,"KSJC":6,"XKZRS":null,"SKZC":"111111111000000000000000000000","SKJS":"代丹蕾","ISTK":0,"ZCMC":"1-9周","YPSJDD":null,"XF":null,"SKXQ":2,"XNXQDM":"2024-2025-2","KCM":"信息可视化设计","JASDM":"0201020303","JXLDM":null,"JXBID":null,"SKBJ":"平面2204","TYXMDM":null,"KCH":"20244124013"},{"KKDWDM":null,"XS":null,"BYBZ":"3","JSJC":4,"XXXQDM":null,"KXH":null,"KSJC":1,"XKZRS":null,"SKZC":"000000000011111100000000000000","SKJS":"李建萍","ISTK":0,"ZCMC":"11-16周","YPSJDD":null,"XF":null,"SKXQ":3,"XNXQDM":"2024-2025-2","KCM":"项目设计","JASDM":"0201020303","JXLDM":null,"JXBID":null,"SKBJ":"平面2201","TYXMDM":null,"KCH":"20244124020"},{"KKDWDM":null,"XS":null,"BYBZ":"3","JSJC":9,"XXXQDM":null,"KXH":null,"KSJC":6,"XKZRS":null,"SKZC":"000000000011111100000000000000","SKJS":"李建萍","ISTK":0,"ZCMC":"11-16周","YPSJDD":null,"XF":null,"SKXQ":5,"XNXQDM":"2024-2025-2","KCM":"项目设计","JASDM":"0201020303","JXLDM":null,"JXBID":null,"SKBJ":"平面2201","TYXMDM":null,"KCH":"20244124020"},{"KKDWDM":null,"XS":null,"BYBZ":"3","JSJC":4,"XXXQDM":null,"KXH":null,"KSJC":1,"XKZRS":null,"SKZC":"111111111111100000000000000000","SKJS":"夏静","ISTK":0,"ZCMC":"1-13周","YPSJDD":null,"XF":null,"SKXQ":3,"XNXQDM":"2024-2025-2","KCM":"动画运动规律","JASDM":"0201020303","JXLDM":null,"JXBID":null,"SKBJ":"数媒2301","TYXMDM":null,"KCH":"20244124026"},{"KKDWDM":null,"XS":null,"BYBZ":"3","JSJC":9,"XXXQDM":null,"KXH":null,"KSJC":6,"XKZRS":null,"SKZC":"000000011111111000000000000000","SKJS":null,"ISTK":0,"ZCMC":"8-15周","YPSJDD":null,"XF":null,"SKXQ":3,"XNXQDM":"2024-2025-2","KCM":"定格动画","JASDM":"0201020303","JXLDM":null,"JXBID":null,"SKBJ":"数媒2301","TYXMDM":null,"KCH":"20244124029"},{"KKDWDM":null,"XS":null,"BYBZ":"3","JSJC":4,"XXXQDM":null,"KXH":null,"KSJC":1,"XKZRS":null,"SKZC":"000000011111111000000000000000","SKJS":null,"ISTK":0,"ZCMC":"8-15周","YPSJDD":null,"XF":null,"SKXQ":5,"XNXQDM":"2024-2025-2","KCM":"定格动画","JASDM":"0201020303","JXLDM":null,"JXBID":null,"SKBJ":"数媒2301","TYXMDM":null,"KCH":"20244124029"},{"KKDWDM":null,"XS":null,"BYBZ":"3","JSJC":7,"XXXQDM":null,"KXH":null,"KSJC":6,"XKZRS":null,"SKZC":"111111111000000000000000000000","SKJS":"李昊佳","ISTK":0,"ZCMC":"1-9周","YPSJDD":null,"XF":null,"SKXQ":5,"XNXQDM":"2024-2025-2","KCM":"持续职业发展","JASDM":"0201020303","JXLDM":null,"JXBID":null,"SKBJ":"HRM2203","TYXMDM":null,"KCH":"20244124065"},{"KKDWDM":null,"XS":null,"BYBZ":"3","JSJC":10,"XXXQDM":null,"KXH":null,"KSJC":9,"XKZRS":null,"SKZC":"111111111000000000000000000000","SKJS":"胡蝶","ISTK":0,"ZCMC":"1-9周","YPSJDD":null,"XF":null,"SKXQ":3,"XNXQDM":"2024-2025-2","KCM":"管理企业文化与战略","JASDM":"0201020303","JXLDM":null,"JXBID":null,"SKBJ":"GTB2203","TYXMDM":null,"KCH":"20244124078"},{"KKDWDM":null,"XS":null,"BYBZ":"3","JSJC":4,"XXXQDM":null,"KXH":null,"KSJC":3,"XKZRS":null,"SKZC":"111111111000000000000000000000","SKJS":"张馨","ISTK":0,"ZCMC":"1-9周","YPSJDD":null,"XF":null,"SKXQ":5,"XNXQDM":"2024-2025-2","KCM":"管理企业文化与战略","JASDM":"0201020303","JXLDM":null,"JXBID":null,"SKBJ":"HRM2203","TYXMDM":null,"KCH":"20244124078"},{"KKDWDM":null,"XS":null,"BYBZ":"3","JSJC":7,"XXXQDM":null,"KXH":null,"KSJC":6,"XKZRS":null,"SKZC":"111111111000000000000000000000","SKJS":"徐晓明","ISTK":0,"ZCMC":"1-9周","YPSJDD":null,"XF":null,"SKXQ":3,"XNXQDM":"2024-2025-2","KCM":"出口援助资源使用","JASDM":"0201020303","JXLDM":null,"JXBID":null,"SKBJ":"GTB2203","TYXMDM":null,"KCH":"20244124105"},{"KKDWDM":null,"XS":null,"BYBZ":"3","JSJC":7,"XXXQDM":null,"KXH":null,"KSJC":6,"XKZRS":null,"SKZC":"111111111000000000000000000000","SKJS":"许鹏","ISTK":0,"ZCMC":"1-9周","YPSJDD":null,"XF":null,"SKXQ":1,"XNXQDM":"2024-2025-2","KCM":"国际商业组织","JASDM":"0201020303","JXLDM":null,"JXBID":null,"SKBJ":"GTB2203","TYXMDM":null,"KCH":"20244124106"},{"KKDWDM":null,"XS":null,"BYBZ":"3","JSJC":10,"XXXQDM":null,"KXH":null,"KSJC":9,"XKZRS":null,"SKZC":"111111111000000000000000000000","SKJS":"张敏","ISTK":0,"ZCMC":"1-9周","YPSJDD":null,"XF":null,"SKXQ":1,"XNXQDM":"2024-2025-2","KCM":"国际采购与供应","JASDM":"0201020303","JXLDM":null,"JXBID":null,"SKBJ":"GTB2203","TYXMDM":null,"KCH":"20244124114"}]}},"code":"0"}