{"datas":{"jaskcb":{"extParams":{"code":1,"msg":"查询成功"},"pageSize":0,"pageNumber":0,"totalSize":-1,"rows":[{"KKDWDM":"044","XS":32,"BYBZ":"0","JSJC":13,"XXXQDM":"02","KXH":"01","KSJC":11,"XKZRS":100,"SKZC":"111111111100000000000000","SKJS":"朱梅梵,魏清","ISTK":0,"ZCMC":"1-10周","YPSJDD":"11周 星期三 第11节-第12节 南湖北-北教二-206,1-10周 星期三 第11节-第13节 南湖北-北教二-206","XF":2,"SKXQ":3,"XNXQDM":"2024-2025-2","KCM":"声乐演唱(中级)(GX)","JASDM":"0201030206","JXLDM":"020103","JXBID":"20242-09040","SKBJ":"公选-09040","TYXMDM":null,"KCH":"10442121007"},{"KKDWDM":"044","XS":32,"BYBZ":"0","JSJC":12,"XXXQDM":"02","KXH":"01","KSJC":11,"XKZRS":100,"SKZC":"000000000010000000000000","SKJS":"朱梅梵,魏清","ISTK":0,"ZCMC":"11周","YPSJDD":"11周 星期三 第11节-第12节 南湖北-北教二-206,1-10周 星期三 第11节-第13节 南湖北-北教二-206","XF":2,"SKXQ":3,"XNXQDM":"2024-2025-2","KCM":"声乐演唱(中级)(GX)","JASDM":"0201030206","JXLDM":"020103","JXBID":"20242-09040","SKBJ":"公选-09040","TYXMDM":null,"KCH":"10442121007"}]}},"code":"0"}