{"datas":{"jaskcb":{"extParams":{"code":1,"msg":"查询成功"},"pageSize":0,"pageNumber":0,"totalSize":-1,"rows":[{"KKDWDM":"011","XS":64,"BYBZ":"0","JSJC":8,"XXXQDM":"02","KXH":"01","KSJC":6,"XKZRS":34,"SKZC":"111111111000000000000000","SKJS":"刘泉,江雪梅","ISTK":0,"ZCMC":"1-9周","YPSJDD":"10周 星期二 第6节-第7节 南湖北-爱特楼-1602,1-9周 星期二 第6节-第8节 南湖北-爱特楼-1602,1-5周,7-9周 星期五 第6节-第8节 南湖北-爱特楼-1602,9周 星期日 第6节-第8节 南湖北-爱特楼-1602","XF":4,"SKXQ":2,"XNXQDM":"2024-2025-2","KCM":"信号与系统A","JASDM":"0201011602","JXLDM":"020101","JXBID":"20242-05452","SKBJ":"通信本硕2301","TYXMDM":null,"KCH":"10145111001"},{"KKDWDM":"011","XS":64,"BYBZ":"0","JSJC":8,"XXXQDM":"02","KXH":"01","KSJC":6,"XKZRS":34,"SKZC":"111110111000000000000000","SKJS":"刘泉,江雪梅","ISTK":0,"ZCMC":"1-5周,7-9周","YPSJDD":"10周 星期二 第6节-第7节 南湖北-爱特楼-1602,1-9周 星期二 第6节-第8节 南湖北-爱特楼-1602,1-5周,7-9周 星期五 第6节-第8节 南湖北-爱特楼-1602,9周 星期日 第6节-第8节 南湖北-爱特楼-1602","XF":4,"SKXQ":5,"XNXQDM":"2024-2025-2","KCM":"信号与系统A","JASDM":"0201011602","JXLDM":"020101","JXBID":"20242-05452","SKBJ":"通信本硕2301","TYXMDM":null,"KCH":"10145111001"},{"KKDWDM":"011","XS":64,"BYBZ":"0","JSJC":8,"XXXQDM":"02","KXH":"01","KSJC":6,"XKZRS":34,"SKZC":"000000001000000000000000","SKJS":"刘泉,江雪梅","ISTK":0,"ZCMC":"9周","YPSJDD":"10周 星期二 第6节-第7节 南湖北-爱特楼-1602,1-9周 星期二 第6节-第8节 南湖北-爱特楼-1602,1-5周,7-9周 星期五 第6节-第8节 南湖北-爱特楼-1602,9周 星期日 第6节-第8节 南湖北-爱特楼-1602","XF":4,"SKXQ":7,"XNXQDM":"2024-2025-2","KCM":"信号与系统A","JASDM":"0201011602","JXLDM":"020101","JXBID":"20242-05452","SKBJ":"通信本硕2301","TYXMDM":null,"KCH":"10145111001"},{"KKDWDM":"011","XS":64,"BYBZ":"0","JSJC":7,"XXXQDM":"02","KXH":"01","KSJC":6,"XKZRS":34,"SKZC":"000000000100000000000000","SKJS":"刘泉,江雪梅","ISTK":0,"ZCMC":"10周","YPSJDD":"10周 星期二 第6节-第7节 南湖北-爱特楼-1602,1-9周 星期二 第6节-第8节 南湖北-爱特楼-1602,1-5周,7-9周 星期五 第6节-第8节 南湖北-爱特楼-1602,9周 星期日 第6节-第8节 南湖北-爱特楼-1602","XF":4,"SKXQ":2,"XNXQDM":"2024-2025-2","KCM":"信号与系统A","JASDM":"0201011602","JXLDM":"020101","JXBID":"20242-05452","SKBJ":"通信本硕2301","TYXMDM":null,"KCH":"10145111001"}]}},"code":"0"}