{"datas":{"jaskcb":{"extParams":{"code":1,"msg":"查询成功"},"pageSize":0,"pageNumber":0,"totalSize":-1,"rows":[{"KKDWDM":null,"XS":null,"BYBZ":"3","JSJC":2,"XXXQDM":null,"KXH":null,"KSJC":1,"XKZRS":null,"SKZC":"011111111111111100000000000000","SKJS":null,"ISTK":0,"ZCMC":"2-16周","YPSJDD":null,"XF":null,"SKXQ":2,"XNXQDM":"2024-2025-2","KCM":"高级口语","JASDM":"0201020407","JXLDM":null,"JXBID":null,"SKBJ":"平面2301","TYXMDM":null,"KCH":"20241124001"},{"KKDWDM":null,"XS":null,"BYBZ":"3","JSJC":2,"XXXQDM":null,"KXH":null,"KSJC":1,"XKZRS":null,"SKZC":"011111111111111100000000000000","SKJS":null,"ISTK":0,"ZCMC":"2-16周","YPSJDD":null,"XF":null,"SKXQ":3,"XNXQDM":"2024-2025-2","KCM":"高级口语","JASDM":"0201020407","JXLDM":null,"JXBID":null,"SKBJ":"平面2302","TYXMDM":null,"KCH":"20241124001"},{"KKDWDM":null,"XS":null,"BYBZ":"3","JSJC":4,"XXXQDM":null,"KXH":null,"KSJC":3,"XKZRS":null,"SKZC":"111111111111111110000000000000","SKJS":"杨春","ISTK":0,"ZCMC":"1-17周","YPSJDD":null,"XF":null,"SKXQ":3,"XNXQDM":"2024-2025-2","KCM":"设计概论","JASDM":"0201020407","JXLDM":null,"JXBID":null,"SKBJ":"平面2302","TYXMDM":null,"KCH":"20244124019"},{"KKDWDM":null,"XS":null,"BYBZ":"3","JSJC":9,"XXXQDM":null,"KXH":null,"KSJC":6,"XKZRS":null,"SKZC":"111111000000000000000000000000","SKJS":"戴冬妮","ISTK":0,"ZCMC":"1-6周","YPSJDD":null,"XF":null,"SKXQ":1,"XNXQDM":"2024-2025-2","KCM":"实景拍摄","JASDM":"0201020407","JXLDM":null,"JXBID":null,"SKBJ":"数媒2303","TYXMDM":null,"KCH":"20244124030"},{"KKDWDM":null,"XS":null,"BYBZ":"3","JSJC":2,"XXXQDM":null,"KXH":null,"KSJC":1,"XKZRS":null,"SKZC":"111111111111111110000000000000","SKJS":"曹飘","ISTK":0,"ZCMC":"1-17周","YPSJDD":null,"XF":null,"SKXQ":4,"XNXQDM":"2024-2025-2","KCM":"设计、观众与消费者","JASDM":"0201020407","JXLDM":null,"JXBID":null,"SKBJ":"平面2201","TYXMDM":null,"KCH":"20244124040"},{"KKDWDM":null,"XS":null,"BYBZ":"3","JSJC":7,"XXXQDM":null,"KXH":null,"KSJC":6,"XKZRS":null,"SKZC":"111111111111111110000000000000","SKJS":"杨春","ISTK":0,"ZCMC":"1-17周","YPSJDD":null,"XF":null,"SKXQ":2,"XNXQDM":"2024-2025-2","KCM":"设计、观众与消费者","JASDM":"0201020407","JXLDM":null,"JXBID":null,"SKBJ":"平面2202","TYXMDM":null,"KCH":"20244124040"},{"KKDWDM":null,"XS":null,"BYBZ":"3","JSJC":4,"XXXQDM":null,"KXH":null,"KSJC":3,"XKZRS":null,"SKZC":"111111111111111110000000000000","SKJS":"曹飘","ISTK":0,"ZCMC":"1-17周","YPSJDD":null,"XF":null,"SKXQ":4,"XNXQDM":"2024-2025-2","KCM":"设计、观众与消费者","JASDM":"0201020407","JXLDM":null,"JXBID":null,"SKBJ":"平面2204","TYXMDM":null,"KCH":"20244124040"},{"KKDWDM":null,"XS":null,"BYBZ":"3","JSJC":4,"XXXQDM":null,"KXH":null,"KSJC":1,"XKZRS":null,"SKZC":"111111111111111110000000000000","SKJS":null,"ISTK":0,"ZCMC":"1-17周","YPSJDD":null,"XF":null,"SKXQ":1,"XNXQDM":"2024-2025-2","KCM":"微电影","JASDM":"0201020407","JXLDM":null,"JXBID":null,"SKBJ":"数媒2201","TYXMDM":null,"KCH":"20244124047"},{"KKDWDM":null,"XS":null,"BYBZ":"3","JSJC":4,"XXXQDM":null,"KXH":null,"KSJC":1,"XKZRS":null,"SKZC":"000000000111100000000000000000","SKJS":"戴冬妮","ISTK":0,"ZCMC":"10-13周","YPSJDD":null,"XF":null,"SKXQ":1,"XNXQDM":"2024-2025-2","KCM":"微电影","JASDM":"0201020407","JXLDM":null,"JXBID":null,"SKBJ":"数媒2201","TYXMDM":null,"KCH":"20244124047"},{"KKDWDM":null,"XS":null,"BYBZ":"3","JSJC":4,"XXXQDM":null,"KXH":null,"KSJC":1,"XKZRS":null,"SKZC":"111111111111100000000000000000","SKJS":"戴冬妮","ISTK":0,"ZCMC":"1-13周","YPSJDD":null,"XF":null,"SKXQ":5,"XNXQDM":"2024-2025-2","KCM":"微电影","JASDM":"0201020407","JXLDM":null,"JXBID":null,"SKBJ":"数媒2201","TYXMDM":null,"KCH":"20244124047"},{"KKDWDM":null,"XS":null,"BYBZ":"3","JSJC":4,"XXXQDM":null,"KXH":null,"KSJC":1,"XKZRS":null,"SKZC":"111111111111111110000000000000","SKJS":null,"ISTK":0,"ZCMC":"1-17周","YPSJDD":null,"XF":null,"SKXQ":5,"XNXQDM":"2024-2025-2","KCM":"微电影","JASDM":"0201020407","JXLDM":null,"JXBID":null,"SKBJ":"数媒2203","TYXMDM":null,"KCH":"20244124047"}]}},"code":"0"}