{"datas":{"jaskcb":{"extParams":{"code":1,"msg":"查询成功"},"pageSize":0,"pageNumber":0,"totalSize":-1,"rows":[{"KKDWDM":"022","XS":48,"BYBZ":"0","JSJC":5,"XXXQDM":"02","KXH":"01","KSJC":3,"XKZRS":105,"SKZC":"11111111111111110000","SKJS":"李娜,黄箐","ISTK":0,"ZCMC":"1-16周","YPSJDD":"1-16周 星期三 第3节-第5节 南湖南-博学主楼-503","XF":3,"SKXQ":3,"XNXQDM":"2024-2025-2","KCM":"广告学概论A","JASDM":"0202040503","JXLDM":"020204","JXBID":"20242-09714","SKBJ":"新闻类2401-03","TYXMDM":null,"KCH":"10225112022"},{"KKDWDM":"017","XS":32,"BYBZ":"0","JSJC":4,"XXXQDM":"02","KXH":"01","KSJC":3,"XKZRS":60,"SKZC":"11111111111111110000","SKJS":"吴云","ISTK":0,"ZCMC":"1-16周","YPSJDD":"1-16周 星期二 第3节-第4节 南湖南-博学主楼-503","XF":2,"SKXQ":2,"XNXQDM":"2024-2025-2","KCM":"新媒体运营","JASDM":"0202040503","JXLDM":"020204","JXBID":"20242-02723","SKBJ":"信管2201-03","TYXMDM":null,"KCH":"10175117033"},{"KKDWDM":"022","XS":32,"BYBZ":"0","JSJC":5,"XXXQDM":"02","KXH":"01","KSJC":3,"XKZRS":20,"SKZC":"111111111100000000000000","SKJS":"孟奇勋,梁本部","ISTK":0,"ZCMC":"1-10周","YPSJDD":"12周 星期一 第3节-第4节 南湖南-博学主楼-503,1-10周 星期一 第3节-第5节 南湖南-博学主楼-503","XF":2,"SKXQ":1,"XNXQDM":"2024-2025-2","KCM":"创业企业法律与知识产权","JASDM":"0202040503","JXLDM":"020204","JXBID":"20242-03210","SKBJ":"经济cy2201","TYXMDM":null,"KCH":"10224117134"},{"KKDWDM":"020","XS":48,"BYBZ":"0","JSJC":5,"XXXQDM":"02","KXH":"01","KSJC":3,"XKZRS":22,"SKZC":"111111111000000000000000000000","SKJS":"柯美树","ISTK":0,"ZCMC":"1-9周","YPSJDD":"11-17周 星期四 第3节-第5节 南湖南-博学主楼-503,1-9周 星期四 第3节-第5节 南湖南-博学主楼-503","XF":3,"SKXQ":4,"XNXQDM":"2024-2025-2","KCM":"学术技能与批判思维","JASDM":"0202040503","JXLDM":"020204","JXBID":"20242-03386","SKBJ":"金融gj2201-03","TYXMDM":null,"KCH":"10205121004"},{"KKDWDM":"020","XS":48,"BYBZ":"0","JSJC":5,"XXXQDM":"02","KXH":"01","KSJC":3,"XKZRS":22,"SKZC":"000000000011111110000000000000","SKJS":"柯美树","ISTK":0,"ZCMC":"11-17周","YPSJDD":"11-17周 星期四 第3节-第5节 南湖南-博学主楼-503,1-9周 星期四 第3节-第5节 南湖南-博学主楼-503","XF":3,"SKXQ":4,"XNXQDM":"2024-2025-2","KCM":"学术技能与批判思维","JASDM":"0202040503","JXLDM":"020204","JXBID":"20242-03386","SKBJ":"金融gj2201-03","TYXMDM":null,"KCH":"10205121004"},{"KKDWDM":"022","XS":32,"BYBZ":"0","JSJC":4,"XXXQDM":"02","KXH":"01","KSJC":3,"XKZRS":20,"SKZC":"000000000001000000000000","SKJS":"孟奇勋,梁本部","ISTK":0,"ZCMC":"12周","YPSJDD":"12周 星期一 第3节-第4节 南湖南-博学主楼-503,1-10周 星期一 第3节-第5节 南湖南-博学主楼-503","XF":2,"SKXQ":1,"XNXQDM":"2024-2025-2","KCM":"创业企业法律与知识产权","JASDM":"0202040503","JXLDM":"020204","JXBID":"20242-03210","SKBJ":"经济cy2201","TYXMDM":null,"KCH":"10224117134"}]}},"code":"0"}