{"datas":{"jaskcb":{"extParams":{"code":1,"msg":"查询成功"},"pageSize":0,"pageNumber":0,"totalSize":-1,"rows":[{"KKDWDM":"008","XS":56,"BYBZ":"0","JSJC":4,"XXXQDM":"02","KXH":"01","KSJC":1,"XKZRS":34,"SKZC":"111110000000000000000000000000","SKJS":"张永权","ISTK":0,"ZCMC":"1-5周","YPSJDD":"1-5周 星期五 第1节-第4节 南湖南-博学西楼-420,9周 星期日 第1节-第4节 南湖南-博学西楼-420,11-13周 星期五 第1节-第4节 南湖南-博学西楼-420,7-9周 星期五 第1节-第4节 南湖南-博学西楼-420","XF":3,"SKXQ":5,"XNXQDM":"2024-2025-2","KCM":"工程图学C","JASDM":"0202030420","JXLDM":"020203","JXBID":"20242-06558","SKBJ":"环科类2408","TYXMDM":null,"KCH":"10083117097"},{"KKDWDM":"008","XS":56,"BYBZ":"0","JSJC":4,"XXXQDM":"02","KXH":"04","KSJC":1,"XKZRS":35,"SKZC":"000100000000000000000000000000","SKJS":"姚勇","ISTK":0,"ZCMC":"4周","YPSJDD":"2-4周,7-9周,11-13周 星期六 第6节-第9节 南湖南-博学西楼-318,4周 星期日 第1节-第4节 南湖南-博学西楼-420","XF":2,"SKXQ":7,"XNXQDM":"2024-2025-2","KCM":"工程图学A下","JASDM":"0202030420","JXLDM":"020203","JXBID":"20242-14311","SKBJ":null,"TYXMDM":null,"KCH":"10083117099"},{"KKDWDM":"008","XS":56,"BYBZ":"0","JSJC":4,"XXXQDM":"02","KXH":"01","KSJC":1,"XKZRS":34,"SKZC":"000000111000000000000000000000","SKJS":"张永权","ISTK":0,"ZCMC":"7-9周","YPSJDD":"1-5周 星期五 第1节-第4节 南湖南-博学西楼-420,9周 星期日 第1节-第4节 南湖南-博学西楼-420,11-13周 星期五 第1节-第4节 南湖南-博学西楼-420,7-9周 星期五 第1节-第4节 南湖南-博学西楼-420","XF":3,"SKXQ":5,"XNXQDM":"2024-2025-2","KCM":"工程图学C","JASDM":"0202030420","JXLDM":"020203","JXBID":"20242-06558","SKBJ":"环科类2408","TYXMDM":null,"KCH":"10083117097"},{"KKDWDM":"008","XS":56,"BYBZ":"0","JSJC":4,"XXXQDM":"02","KXH":"01","KSJC":1,"XKZRS":34,"SKZC":"000000001000000000000000000000","SKJS":"张永权","ISTK":0,"ZCMC":"9周","YPSJDD":"1-5周 星期五 第1节-第4节 南湖南-博学西楼-420,9周 星期日 第1节-第4节 南湖南-博学西楼-420,11-13周 星期五 第1节-第4节 南湖南-博学西楼-420,7-9周 星期五 第1节-第4节 南湖南-博学西楼-420","XF":3,"SKXQ":7,"XNXQDM":"2024-2025-2","KCM":"工程图学C","JASDM":"0202030420","JXLDM":"020203","JXBID":"20242-06558","SKBJ":"环科类2408","TYXMDM":null,"KCH":"10083117097"},{"KKDWDM":"008","XS":56,"BYBZ":"0","JSJC":4,"XXXQDM":"02","KXH":"01","KSJC":1,"XKZRS":34,"SKZC":"000000000011100000000000000000","SKJS":"张永权","ISTK":0,"ZCMC":"11-13周","YPSJDD":"1-5周 星期五 第1节-第4节 南湖南-博学西楼-420,9周 星期日 第1节-第4节 南湖南-博学西楼-420,11-13周 星期五 第1节-第4节 南湖南-博学西楼-420,7-9周 星期五 第1节-第4节 南湖南-博学西楼-420","XF":3,"SKXQ":5,"XNXQDM":"2024-2025-2","KCM":"工程图学C","JASDM":"0202030420","JXLDM":"020203","JXBID":"20242-06558","SKBJ":"环科类2408","TYXMDM":null,"KCH":"10083117097"}]}},"code":"0"}