{"datas":{"jaskcb":{"extParams":{"code":1,"msg":"查询成功"},"pageSize":0,"pageNumber":0,"totalSize":-1,"rows":[{"KKDWDM":"071","XS":64,"BYBZ":"0","JSJC":4,"XXXQDM":"02","KXH":"01","KSJC":3,"XKZRS":61,"SKZC":"111111111111110000000000000000","SKJS":"杜志杰","ISTK":0,"ZCMC":"1-14周","YPSJDD":"1-5周 星期五 第1节-第2节 南湖南-博学西楼-213,11-15周 星期五 第1节-第2节 南湖南-博学西楼-213,7-9周 星期五 第1节-第2节 南湖南-博学西楼-213,1-14周 星期二 第3节-第4节 南湖南-博学西楼-213,9周 星期日 第1节-第2节 南湖南-博学西楼-213","XF":4,"SKXQ":2,"XNXQDM":"2024-2025-2","KCM":"数值分析A","JASDM":"0202030213","JXLDM":"020203","JXBID":"20242-04605","SKBJ":"统计2301-02","TYXMDM":null,"KCH":"10094111010"},{"KKDWDM":"018","XS":40,"BYBZ":"0","JSJC":8,"XXXQDM":"02","KXH":"01","KSJC":6,"XKZRS":69,"SKZC":"111111111111000000000000","SKJS":"余海峰","ISTK":0,"ZCMC":"1-12周","YPSJDD":"13-14周 星期三 第6节-第7节 南湖南-博学西楼-213,1-12周 星期三 第6节-第8节 南湖南-博学西楼-213","XF":2,"SKXQ":3,"XNXQDM":"2024-2025-2","KCM":"商业银行营销学","JASDM":"0202030213","JXLDM":"020203","JXBID":"20242-02137","SKBJ":"金融2201-02","TYXMDM":null,"KCH":"10055111056"},{"KKDWDM":"017","XS":32,"BYBZ":"0","JSJC":2,"XXXQDM":"02","KXH":"01","KSJC":1,"XKZRS":54,"SKZC":"111111111111000000000000","SKJS":"张庆华,程琦","ISTK":0,"ZCMC":"1-12周","YPSJDD":"1-12周 星期二 第1节-第2节 南湖南-博学西楼-213","XF":2,"SKXQ":2,"XNXQDM":"2024-2025-2","KCM":"数字与社交媒体营销","JASDM":"0202030213","JXLDM":"020203","JXBID":"20242-05343","SKBJ":"营销2301-02","TYXMDM":null,"KCH":"10175121107"},{"KKDWDM":"008","XS":32,"BYBZ":"0","JSJC":2,"XXXQDM":"02","KXH":"04","KSJC":1,"XKZRS":72,"SKZC":"111111111100000000000000000000","SKJS":"蔡兰","ISTK":0,"ZCMC":"1-10周","YPSJDD":"1-10周 星期一 第1节-第2节 南湖南-博学西楼-213,17周 星期二 第1节-第2节 南湖南-博学西楼-213,12-14周 星期一 第1节-第2节 南湖南-博学西楼-213,16-17周 星期一 第1节-第2节 南湖南-博学西楼-213","XF":2,"SKXQ":1,"XNXQDM":"2024-2025-2","KCM":"误差理论与数据处理A","JASDM":"0202030213","JXLDM":"020203","JXBID":"20242-06733","SKBJ":"测控2301-02","TYXMDM":null,"KCH":"10084113013"},{"KKDWDM":"012","XS":32,"BYBZ":"0","JSJC":8,"XXXQDM":"02","KXH":"01","KSJC":6,"XKZRS":90,"SKZC":"111111111100000000000000000000","SKJS":"李琳","ISTK":0,"ZCMC":"1-10周","YPSJDD":"12周 星期一 第6节-第7节 南湖南-博学西楼-213,1-10周 星期一 第6节-第8节 南湖南-博学西楼-213","XF":2,"SKXQ":1,"XNXQDM":"2024-2025-2","KCM":"信息组织与检索（含自然语言处理）","JASDM":"0202030213","JXLDM":"020203","JXBID":"20242-04876","SKBJ":"软件2301-02,软件sy2301,软件zy2301-02","TYXMDM":null,"KCH":"10125114018"},{"KKDWDM":"071","XS":32,"BYBZ":"0","JSJC":4,"XXXQDM":"02","KXH":"01","KSJC":3,"XKZRS":69,"SKZC":"111111111100000000000000000000","SKJS":"贺素香","ISTK":0,"ZCMC":"1-10周","YPSJDD":"1-10周 星期一 第3节-第4节 南湖南-博学西楼-213,16-17周 星期一 第3节-第4节 南湖南-博学西楼-213,12-14周 星期一 第3节-第4节 南湖南-博学西楼-213,17周 星期二 第3节-第4节 南湖南-博学西楼-213","XF":2,"SKXQ":1,"XNXQDM":"2024-2025-2","KCM":"运筹学B","JASDM":"0202030213","JXLDM":"020203","JXBID":"20242-04491","SKBJ":"工程2301-02","TYXMDM":null,"KCH":"10155117039"},{"KKDWDM":"018","XS":40,"BYBZ":"0","JSJC":2,"XXXQDM":"02","KXH":"01","KSJC":1,"XKZRS":42,"SKZC":"111111111100000000000000","SKJS":"余海峰","ISTK":0,"ZCMC":"1-10周","YPSJDD":"1-10周 星期三 第1节-第2节 南湖南-博学西楼-213,1-10周 星期一 第9节-第10节 南湖南-博学西楼-213","XF":2,"SKXQ":3,"XNXQDM":"2024-2025-2","KCM":"房地产金融学A","JASDM":"0202030213","JXLDM":"020203","JXBID":"20242-02355","SKBJ":"金融2201-02","TYXMDM":null,"KCH":"4010026110"},{"KKDWDM":"018","XS":40,"BYBZ":"0","JSJC":10,"XXXQDM":"02","KXH":"01","KSJC":9,"XKZRS":42,"SKZC":"111111111100000000000000","SKJS":"余海峰","ISTK":0,"ZCMC":"1-10周","YPSJDD":"1-10周 星期三 第1节-第2节 南湖南-博学西楼-213,1-10周 星期一 第9节-第10节 南湖南-博学西楼-213","XF":2,"SKXQ":1,"XNXQDM":"2024-2025-2","KCM":"房地产金融学A","JASDM":"0202030213","JXLDM":"020203","JXBID":"20242-02355","SKBJ":"金融2201-02","TYXMDM":null,"KCH":"4010026110"},{"KKDWDM":"008","XS":40,"BYBZ":"0","JSJC":8,"XXXQDM":"02","KXH":"01","KSJC":6,"XKZRS":53,"SKZC":"111111111100000000000000","SKJS":"丁国平","ISTK":0,"ZCMC":"1-10周","YPSJDD":"11-12周 星期二 第6节-第7节 南湖南-博学西楼-213,1-10周 星期二 第6节-第8节 南湖南-博学西楼-213","XF":2,"SKXQ":2,"XNXQDM":"2024-2025-2","KCM":"人因工程C","JASDM":"0202030213","JXLDM":"020203","JXBID":"20242-04290","SKBJ":"工业gc2301-02","TYXMDM":null,"KCH":"10084117071"},{"KKDWDM":"003","XS":64,"BYBZ":"0","JSJC":2,"XXXQDM":"02","KXH":"03","KSJC":1,"XKZRS":67,"SKZC":"111111111000000000000000000000","SKJS":"张枫,王硕","ISTK":0,"ZCMC":"1-9周","YPSJDD":"11-17周 星期四 第1节-第2节 南湖南-博学西楼-213,17周 星期二 第1节-第2节 南湖南-博学西楼-211,1-9周 星期四 第1节-第2节 南湖南-博学西楼-213,16-17周 星期一 第1节-第2节 南湖南-博学西楼-211,12-14周 星期一 第1节-第2节 南湖南-博学西楼-211,1-10周 星期一 第1节-第2节 南湖南-博学西楼-211","XF":4,"SKXQ":4,"XNXQDM":"2024-2025-2","KCM":"材料科学基础B","JASDM":"0202030213","JXLDM":"020203","JXBID":"20242-05009","SKBJ":"材科2305-06","TYXMDM":null,"KCH":"10034117075"},{"KKDWDM":"018","XS":56,"BYBZ":"0","JSJC":5,"XXXQDM":"02","KXH":"01","KSJC":3,"XKZRS":83,"SKZC":"111111111000000000000000000000","SKJS":"费日龙","ISTK":0,"ZCMC":"1-9周","YPSJDD":"1-9周 星期四 第3节-第5节 南湖南-博学西楼-213,11-17周 星期四 第3节-第5节 南湖南-博学西楼-213","XF":3,"SKXQ":4,"XNXQDM":"2024-2025-2","KCM":"计量经济学","JASDM":"0202030213","JXLDM":"020203","JXBID":"20242-05081","SKBJ":"金融2301,金融sy2301","TYXMDM":null,"KCH":"10054111058"},{"KKDWDM":"022","XS":40,"BYBZ":"0","JSJC":5,"XXXQDM":"02","KXH":"04","KSJC":3,"XKZRS":62,"SKZC":"111110111011100000000000","SKJS":"王晓丽","ISTK":0,"ZCMC":"1-5周,7-9周,11-13周","YPSJDD":"14-15周 星期五 第3节-第4节 南湖南-博学西楼-213,1-5周,7-9周,11-13周 星期五 第3节-第5节 南湖南-博学西楼-213,9周 星期日 第3节-第5节 南湖南-博学西楼-213","XF":2,"SKXQ":5,"XNXQDM":"2024-2025-2","KCM":"环境资源法B","JASDM":"0202030213","JXLDM":"020203","JXBID":"20242-11042","SKBJ":"法学2201-02","TYXMDM":null,"KCH":"10224113040"},{"KKDWDM":"071","XS":64,"BYBZ":"0","JSJC":2,"XXXQDM":"02","KXH":"01","KSJC":1,"XKZRS":61,"SKZC":"111110000000000000000000000000","SKJS":"杜志杰","ISTK":0,"ZCMC":"1-5周","YPSJDD":"1-5周 星期五 第1节-第2节 南湖南-博学西楼-213,11-15周 星期五 第1节-第2节 南湖南-博学西楼-213,7-9周 星期五 第1节-第2节 南湖南-博学西楼-213,1-14周 星期二 第3节-第4节 南湖南-博学西楼-213,9周 星期日 第1节-第2节 南湖南-博学西楼-213","XF":4,"SKXQ":5,"XNXQDM":"2024-2025-2","KCM":"数值分析A","JASDM":"0202030213","JXLDM":"020203","JXBID":"20242-04605","SKBJ":"统计2301-02","TYXMDM":null,"KCH":"10094111010"},{"KKDWDM":"072","XS":64,"BYBZ":"0","JSJC":4,"XXXQDM":"02","KXH":"17","KSJC":3,"XKZRS":76,"SKZC":"011111111111111100000000000000","SKJS":"朱四荣,秦莹","ISTK":0,"ZCMC":"2-16周","YPSJDD":"1周 星期三 第3节-第4节 南湖南-博学西楼-409,1周 星期五 第1节-第2节 南湖南-博学西楼-204,9周 星期日 第1节-第2节 南湖南-博学东楼-202,2-5周,7-9周,11-15周 星期五 第1节-第2节 南湖南-博学东楼-202,2-16周 星期三 第3节-第4节 南湖南-博学西楼-213","XF":4,"SKXQ":3,"XNXQDM":"2024-2025-2","KCM":"材料力学C","JASDM":"0202030213","JXLDM":"020203","JXBID":"20242-10812","SKBJ":"车辆2303-04","TYXMDM":null,"KCH":"10154111009"},{"KKDWDM":"071","XS":64,"BYBZ":"0","JSJC":2,"XXXQDM":"02","KXH":"01","KSJC":1,"XKZRS":61,"SKZC":"000000111000000000000000000000","SKJS":"杜志杰","ISTK":0,"ZCMC":"7-9周","YPSJDD":"1-5周 星期五 第1节-第2节 南湖南-博学西楼-213,11-15周 星期五 第1节-第2节 南湖南-博学西楼-213,7-9周 星期五 第1节-第2节 南湖南-博学西楼-213,1-14周 星期二 第3节-第4节 南湖南-博学西楼-213,9周 星期日 第1节-第2节 南湖南-博学西楼-213","XF":4,"SKXQ":5,"XNXQDM":"2024-2025-2","KCM":"数值分析A","JASDM":"0202030213","JXLDM":"020203","JXBID":"20242-04605","SKBJ":"统计2301-02","TYXMDM":null,"KCH":"10094111010"},{"KKDWDM":"071","XS":64,"BYBZ":"0","JSJC":2,"XXXQDM":"02","KXH":"01","KSJC":1,"XKZRS":61,"SKZC":"000000001000000000000000000000","SKJS":"杜志杰","ISTK":0,"ZCMC":"9周","YPSJDD":"1-5周 星期五 第1节-第2节 南湖南-博学西楼-213,11-15周 星期五 第1节-第2节 南湖南-博学西楼-213,7-9周 星期五 第1节-第2节 南湖南-博学西楼-213,1-14周 星期二 第3节-第4节 南湖南-博学西楼-213,9周 星期日 第1节-第2节 南湖南-博学西楼-213","XF":4,"SKXQ":7,"XNXQDM":"2024-2025-2","KCM":"数值分析A","JASDM":"0202030213","JXLDM":"020203","JXBID":"20242-04605","SKBJ":"统计2301-02","TYXMDM":null,"KCH":"10094111010"},{"KKDWDM":"022","XS":40,"BYBZ":"0","JSJC":5,"XXXQDM":"02","KXH":"04","KSJC":3,"XKZRS":62,"SKZC":"000000001000000000000000","SKJS":"王晓丽","ISTK":0,"ZCMC":"9周","YPSJDD":"14-15周 星期五 第3节-第4节 南湖南-博学西楼-213,1-5周,7-9周,11-13周 星期五 第3节-第5节 南湖南-博学西楼-213,9周 星期日 第3节-第5节 南湖南-博学西楼-213","XF":2,"SKXQ":7,"XNXQDM":"2024-2025-2","KCM":"环境资源法B","JASDM":"0202030213","JXLDM":"020203","JXBID":"20242-11042","SKBJ":"法学2201-02","TYXMDM":null,"KCH":"10224113040"},{"KKDWDM":"003","XS":64,"BYBZ":"0","JSJC":2,"XXXQDM":"02","KXH":"03","KSJC":1,"XKZRS":67,"SKZC":"000000000011111110000000000000","SKJS":"张枫,王硕","ISTK":0,"ZCMC":"11-17周","YPSJDD":"11-17周 星期四 第1节-第2节 南湖南-博学西楼-213,17周 星期二 第1节-第2节 南湖南-博学西楼-211,1-9周 星期四 第1节-第2节 南湖南-博学西楼-213,16-17周 星期一 第1节-第2节 南湖南-博学西楼-211,12-14周 星期一 第1节-第2节 南湖南-博学西楼-211,1-10周 星期一 第1节-第2节 南湖南-博学西楼-211","XF":4,"SKXQ":4,"XNXQDM":"2024-2025-2","KCM":"材料科学基础B","JASDM":"0202030213","JXLDM":"020203","JXBID":"20242-05009","SKBJ":"材科2305-06","TYXMDM":null,"KCH":"10034117075"},{"KKDWDM":"018","XS":56,"BYBZ":"0","JSJC":5,"XXXQDM":"02","KXH":"01","KSJC":3,"XKZRS":83,"SKZC":"000000000011111110000000000000","SKJS":"费日龙","ISTK":0,"ZCMC":"11-17周","YPSJDD":"1-9周 星期四 第3节-第5节 南湖南-博学西楼-213,11-17周 星期四 第3节-第5节 南湖南-博学西楼-213","XF":3,"SKXQ":4,"XNXQDM":"2024-2025-2","KCM":"计量经济学","JASDM":"0202030213","JXLDM":"020203","JXBID":"20242-05081","SKBJ":"金融2301,金融sy2301","TYXMDM":null,"KCH":"10054111058"},{"KKDWDM":"071","XS":64,"BYBZ":"0","JSJC":2,"XXXQDM":"02","KXH":"01","KSJC":1,"XKZRS":61,"SKZC":"000000000011111000000000000000","SKJS":"杜志杰","ISTK":0,"ZCMC":"11-15周","YPSJDD":"1-5周 星期五 第1节-第2节 南湖南-博学西楼-213,11-15周 星期五 第1节-第2节 南湖南-博学西楼-213,7-9周 星期五 第1节-第2节 南湖南-博学西楼-213,1-14周 星期二 第3节-第4节 南湖南-博学西楼-213,9周 星期日 第1节-第2节 南湖南-博学西楼-213","XF":4,"SKXQ":5,"XNXQDM":"2024-2025-2","KCM":"数值分析A","JASDM":"0202030213","JXLDM":"020203","JXBID":"20242-04605","SKBJ":"统计2301-02","TYXMDM":null,"KCH":"10094111010"},{"KKDWDM":"008","XS":40,"BYBZ":"0","JSJC":7,"XXXQDM":"02","KXH":"01","KSJC":6,"XKZRS":53,"SKZC":"000000000011000000000000","SKJS":"丁国平","ISTK":0,"ZCMC":"11-12周","YPSJDD":"11-12周 星期二 第6节-第7节 南湖南-博学西楼-213,1-10周 星期二 第6节-第8节 南湖南-博学西楼-213","XF":2,"SKXQ":2,"XNXQDM":"2024-2025-2","KCM":"人因工程C","JASDM":"0202030213","JXLDM":"020203","JXBID":"20242-04290","SKBJ":"工业gc2301-02","TYXMDM":null,"KCH":"10084117071"},{"KKDWDM":"008","XS":32,"BYBZ":"0","JSJC":2,"XXXQDM":"02","KXH":"04","KSJC":1,"XKZRS":72,"SKZC":"000000000001110000000000000000","SKJS":"蔡兰","ISTK":0,"ZCMC":"12-14周","YPSJDD":"1-10周 星期一 第1节-第2节 南湖南-博学西楼-213,17周 星期二 第1节-第2节 南湖南-博学西楼-213,12-14周 星期一 第1节-第2节 南湖南-博学西楼-213,16-17周 星期一 第1节-第2节 南湖南-博学西楼-213","XF":2,"SKXQ":1,"XNXQDM":"2024-2025-2","KCM":"误差理论与数据处理A","JASDM":"0202030213","JXLDM":"020203","JXBID":"20242-06733","SKBJ":"测控2301-02","TYXMDM":null,"KCH":"10084113013"},{"KKDWDM":"071","XS":32,"BYBZ":"0","JSJC":4,"XXXQDM":"02","KXH":"01","KSJC":3,"XKZRS":69,"SKZC":"000000000001110000000000000000","SKJS":"贺素香","ISTK":0,"ZCMC":"12-14周","YPSJDD":"1-10周 星期一 第3节-第4节 南湖南-博学西楼-213,16-17周 星期一 第3节-第4节 南湖南-博学西楼-213,12-14周 星期一 第3节-第4节 南湖南-博学西楼-213,17周 星期二 第3节-第4节 南湖南-博学西楼-213","XF":2,"SKXQ":1,"XNXQDM":"2024-2025-2","KCM":"运筹学B","JASDM":"0202030213","JXLDM":"020203","JXBID":"20242-04491","SKBJ":"工程2301-02","TYXMDM":null,"KCH":"10155117039"},{"KKDWDM":"012","XS":32,"BYBZ":"0","JSJC":7,"XXXQDM":"02","KXH":"01","KSJC":6,"XKZRS":90,"SKZC":"000000000001000000000000000000","SKJS":"李琳","ISTK":0,"ZCMC":"12周","YPSJDD":"12周 星期一 第6节-第7节 南湖南-博学西楼-213,1-10周 星期一 第6节-第8节 南湖南-博学西楼-213","XF":2,"SKXQ":1,"XNXQDM":"2024-2025-2","KCM":"信息组织与检索（含自然语言处理）","JASDM":"0202030213","JXLDM":"020203","JXBID":"20242-04876","SKBJ":"软件2301-02,软件sy2301,软件zy2301-02","TYXMDM":null,"KCH":"10125114018"},{"KKDWDM":"018","XS":40,"BYBZ":"0","JSJC":7,"XXXQDM":"02","KXH":"01","KSJC":6,"XKZRS":69,"SKZC":"000000000000110000000000","SKJS":"余海峰","ISTK":0,"ZCMC":"13-14周","YPSJDD":"13-14周 星期三 第6节-第7节 南湖南-博学西楼-213,1-12周 星期三 第6节-第8节 南湖南-博学西楼-213","XF":2,"SKXQ":3,"XNXQDM":"2024-2025-2","KCM":"商业银行营销学","JASDM":"0202030213","JXLDM":"020203","JXBID":"20242-02137","SKBJ":"金融2201-02","TYXMDM":null,"KCH":"10055111056"},{"KKDWDM":"022","XS":40,"BYBZ":"0","JSJC":4,"XXXQDM":"02","KXH":"04","KSJC":3,"XKZRS":62,"SKZC":"000000000000011000000000","SKJS":"王晓丽","ISTK":0,"ZCMC":"14-15周","YPSJDD":"14-15周 星期五 第3节-第4节 南湖南-博学西楼-213,1-5周,7-9周,11-13周 星期五 第3节-第5节 南湖南-博学西楼-213,9周 星期日 第3节-第5节 南湖南-博学西楼-213","XF":2,"SKXQ":5,"XNXQDM":"2024-2025-2","KCM":"环境资源法B","JASDM":"0202030213","JXLDM":"020203","JXBID":"20242-11042","SKBJ":"法学2201-02","TYXMDM":null,"KCH":"10224113040"},{"KKDWDM":"071","XS":32,"BYBZ":"0","JSJC":4,"XXXQDM":"02","KXH":"01","KSJC":3,"XKZRS":69,"SKZC":"000000000000000110000000000000","SKJS":"贺素香","ISTK":0,"ZCMC":"16-17周","YPSJDD":"1-10周 星期一 第3节-第4节 南湖南-博学西楼-213,16-17周 星期一 第3节-第4节 南湖南-博学西楼-213,12-14周 星期一 第3节-第4节 南湖南-博学西楼-213,17周 星期二 第3节-第4节 南湖南-博学西楼-213","XF":2,"SKXQ":1,"XNXQDM":"2024-2025-2","KCM":"运筹学B","JASDM":"0202030213","JXLDM":"020203","JXBID":"20242-04491","SKBJ":"工程2301-02","TYXMDM":null,"KCH":"10155117039"},{"KKDWDM":"008","XS":32,"BYBZ":"0","JSJC":2,"XXXQDM":"02","KXH":"04","KSJC":1,"XKZRS":72,"SKZC":"000000000000000110000000000000","SKJS":"蔡兰","ISTK":0,"ZCMC":"16-17周","YPSJDD":"1-10周 星期一 第1节-第2节 南湖南-博学西楼-213,17周 星期二 第1节-第2节 南湖南-博学西楼-213,12-14周 星期一 第1节-第2节 南湖南-博学西楼-213,16-17周 星期一 第1节-第2节 南湖南-博学西楼-213","XF":2,"SKXQ":1,"XNXQDM":"2024-2025-2","KCM":"误差理论与数据处理A","JASDM":"0202030213","JXLDM":"020203","JXBID":"20242-06733","SKBJ":"测控2301-02","TYXMDM":null,"KCH":"10084113013"},{"KKDWDM":"008","XS":32,"BYBZ":"0","JSJC":2,"XXXQDM":"02","KXH":"04","KSJC":1,"XKZRS":72,"SKZC":"000000000000000010000000000000","SKJS":"蔡兰","ISTK":0,"ZCMC":"17周","YPSJDD":"1-10周 星期一 第1节-第2节 南湖南-博学西楼-213,17周 星期二 第1节-第2节 南湖南-博学西楼-213,12-14周 星期一 第1节-第2节 南湖南-博学西楼-213,16-17周 星期一 第1节-第2节 南湖南-博学西楼-213","XF":2,"SKXQ":2,"XNXQDM":"2024-2025-2","KCM":"误差理论与数据处理A","JASDM":"0202030213","JXLDM":"020203","JXBID":"20242-06733","SKBJ":"测控2301-02","TYXMDM":null,"KCH":"10084113013"},{"KKDWDM":"071","XS":32,"BYBZ":"0","JSJC":4,"XXXQDM":"02","KXH":"01","KSJC":3,"XKZRS":69,"SKZC":"000000000000000010000000000000","SKJS":"贺素香","ISTK":0,"ZCMC":"17周","YPSJDD":"1-10周 星期一 第3节-第4节 南湖南-博学西楼-213,16-17周 星期一 第3节-第4节 南湖南-博学西楼-213,12-14周 星期一 第3节-第4节 南湖南-博学西楼-213,17周 星期二 第3节-第4节 南湖南-博学西楼-213","XF":2,"SKXQ":2,"XNXQDM":"2024-2025-2","KCM":"运筹学B","JASDM":"0202030213","JXLDM":"020203","JXBID":"20242-04491","SKBJ":"工程2301-02","TYXMDM":null,"KCH":"10155117039"}]}},"code":"0"}