{"datas":{"jaskcb":{"extParams":{"code":1,"msg":"查询成功"},"pageSize":0,"pageNumber":0,"totalSize":-1,"rows":[{"KKDWDM":"022","XS":48,"BYBZ":"0","JSJC":5,"XXXQDM":"02","KXH":"04","KSJC":3,"XKZRS":69,"SKZC":"111111111111111100000000","SKJS":"徐学伟","ISTK":0,"ZCMC":"1-16周","YPSJDD":"1-16周 星期二 第3节-第5节 南湖南-博学西楼-109","XF":3,"SKXQ":2,"XNXQDM":"2024-2025-2","KCM":"中国法制史","JASDM":"0202030109","JXLDM":"020203","JXBID":"20242-11095","SKBJ":"法学2303-04","TYXMDM":null,"KCH":"10057311042"},{"KKDWDM":"008","XS":64,"BYBZ":"0","JSJC":2,"XXXQDM":"02","KXH":"02","KSJC":1,"XKZRS":75,"SKZC":"111111111111000000000000","SKJS":"陈满意","ISTK":0,"ZCMC":"1-12周","YPSJDD":"1-12周 星期三 第1节-第2节 南湖南-博学西楼-109,12-13周 星期一 第3节-第4节 南湖南-博学西楼-109,1-10周 星期一 第3节-第5节 南湖南-博学西楼-109","XF":4,"SKXQ":3,"XNXQDM":"2024-2025-2","KCM":"机械制造技术基础A","JASDM":"0202030109","JXLDM":"020203","JXBID":"20242-11146","SKBJ":"机械2201-02","TYXMDM":null,"KCH":"10085711015"},{"KKDWDM":"017","XS":40,"BYBZ":"0","JSJC":8,"XXXQDM":"02","KXH":"01","KSJC":6,"XKZRS":68,"SKZC":"111111111111000000000000","SKJS":"程琦","ISTK":0,"ZCMC":"1-12周","YPSJDD":"13-14周 星期二 第6节-第7节 南湖南-博学西楼-109,1-12周 星期二 第6节-第8节 南湖南-博学西楼-109","XF":2,"SKXQ":2,"XNXQDM":"2024-2025-2","KCM":"营销管理与策划C","JASDM":"0202030109","JXLDM":"020203","JXBID":"20242-05863","SKBJ":"营销2301-02","TYXMDM":null,"KCH":"10174117098"},{"KKDWDM":"022","XS":24,"BYBZ":"0","JSJC":2,"XXXQDM":"02","KXH":"01","KSJC":1,"XKZRS":68,"SKZC":"111111111111","SKJS":"陶双文","ISTK":0,"ZCMC":"1-12周","YPSJDD":"1-12周 星期二 第1节-第2节 南湖南-博学西楼-109","XF":1,"SKXQ":2,"XNXQDM":"2024-2025-2","KCM":"刑法学（各论）B","JASDM":"0202030109","JXLDM":"020203","JXBID":"20242-04730","SKBJ":"法学2301-02","TYXMDM":null,"KCH":"10224117089"},{"KKDWDM":"008","XS":32,"BYBZ":"0","JSJC":10,"XXXQDM":"02","KXH":"06","KSJC":9,"XKZRS":80,"SKZC":"111111111100000000000000000000","SKJS":"石志良","ISTK":0,"ZCMC":"1-10周","YPSJDD":"16周 星期一 第9节-第10节 南湖南-博学西楼-109,1-10周 星期一 第9节-第10节 南湖南-博学西楼-109,12-14周 星期一 第9节-第10节 南湖南-博学西楼-109","XF":2,"SKXQ":1,"XNXQDM":"2024-2025-2","KCM":"控制工程基础A","JASDM":"0202030109","JXLDM":"020203","JXBID":"20242-11135","SKBJ":"机械2303-04","TYXMDM":null,"KCH":"10085117018"},{"KKDWDM":"008","XS":64,"BYBZ":"0","JSJC":5,"XXXQDM":"02","KXH":"02","KSJC":3,"XKZRS":75,"SKZC":"111111111100000000000000","SKJS":"陈满意","ISTK":0,"ZCMC":"1-10周","YPSJDD":"1-12周 星期三 第1节-第2节 南湖南-博学西楼-109,12-13周 星期一 第3节-第4节 南湖南-博学西楼-109,1-10周 星期一 第3节-第5节 南湖南-博学西楼-109","XF":4,"SKXQ":1,"XNXQDM":"2024-2025-2","KCM":"机械制造技术基础A","JASDM":"0202030109","JXLDM":"020203","JXBID":"20242-11146","SKBJ":"机械2201-02","TYXMDM":null,"KCH":"10085711015"},{"KKDWDM":"017","XS":32,"BYBZ":"0","JSJC":13,"XXXQDM":"02","KXH":"01","KSJC":11,"XKZRS":65,"SKZC":"111111111010000000000000","SKJS":"卢少华","ISTK":0,"ZCMC":"1-9周,11周","YPSJDD":"12周 星期四 第11节-第12节 南湖南-博学西楼-109,1-9周,11周 星期四 第11节-第13节 南湖南-博学西楼-109","XF":2,"SKXQ":4,"XNXQDM":"2024-2025-2","KCM":"人员甄选与测评C","JASDM":"0202030109","JXLDM":"020203","JXBID":"20242-08229","SKBJ":"公选-08229","TYXMDM":null,"KCH":"10176121328"},{"KKDWDM":"022","XS":48,"BYBZ":"0","JSJC":2,"XXXQDM":"02","KXH":"01","KSJC":1,"XKZRS":26,"SKZC":"111111111000000000000000000000","SKJS":"刘叶萍","ISTK":0,"ZCMC":"1-9周","YPSJDD":"11-13周 星期四 第1节-第2节 南湖南-博学西楼-109,1-9周 星期四 第1节-第2节 南湖南-博学西楼-109","XF":3,"SKXQ":4,"XNXQDM":"2024-2025-2","KCM":"数字出版产品创意与策划","JASDM":"0202030109","JXLDM":"020203","JXBID":"20242-05724","SKBJ":"新媒体2301-02","TYXMDM":null,"KCH":"10224121104"},{"KKDWDM":"008","XS":40,"BYBZ":"0","JSJC":5,"XXXQDM":"02","KXH":"01","KSJC":3,"XKZRS":25,"SKZC":"111111111000000000000000000000","SKJS":"潘运平","ISTK":0,"ZCMC":"1-9周","YPSJDD":"1-9周 星期四 第3节-第5节 南湖南-博学西楼-109,11-13周 星期四 第3节-第5节 南湖南-博学西楼-109","XF":2,"SKXQ":4,"XNXQDM":"2024-2025-2","KCM":"机电传动控制A","JASDM":"0202030109","JXLDM":"020203","JXBID":"20242-02211","SKBJ":"过控2201-02","TYXMDM":null,"KCH":"10085121061"},{"KKDWDM":"008","XS":40,"BYBZ":"0","JSJC":2,"XXXQDM":"02","KXH":"01","KSJC":1,"XKZRS":26,"SKZC":"11111111","SKJS":"叶涛","ISTK":0,"ZCMC":"1-8周","YPSJDD":"1-8周 星期一 第1节-第2节 南湖南-博学西楼-109,1-8周 星期三 第3节-第5节 南湖南-博学西楼-109","XF":2,"SKXQ":1,"XNXQDM":"2024-2025-2","KCM":"建材装备设计B","JASDM":"0202030109","JXLDM":"020203","JXBID":"20242-03536","SKBJ":"过控2201-02","TYXMDM":null,"KCH":"10085117027"},{"KKDWDM":"018","XS":32,"BYBZ":"0","JSJC":12,"XXXQDM":"02","KXH":"01","KSJC":11,"XKZRS":72,"SKZC":"11111111","SKJS":"牛海涛","ISTK":0,"ZCMC":"1-8周","YPSJDD":"1-8周 星期一 第11节-第12节 南湖南-博学西楼-109,1-8周 星期三 第11节-第12节 南湖南-博学西楼-109","XF":2,"SKXQ":3,"XNXQDM":"2024-2025-2","KCM":"产业经济学C","JASDM":"0202030109","JXLDM":"020203","JXBID":"20242-08328","SKBJ":"公选-08328","TYXMDM":null,"KCH":"10186121157"},{"KKDWDM":"008","XS":40,"BYBZ":"0","JSJC":5,"XXXQDM":"02","KXH":"01","KSJC":3,"XKZRS":26,"SKZC":"11111111","SKJS":"叶涛","ISTK":0,"ZCMC":"1-8周","YPSJDD":"1-8周 星期一 第1节-第2节 南湖南-博学西楼-109,1-8周 星期三 第3节-第5节 南湖南-博学西楼-109","XF":2,"SKXQ":3,"XNXQDM":"2024-2025-2","KCM":"建材装备设计B","JASDM":"0202030109","JXLDM":"020203","JXBID":"20242-03536","SKBJ":"过控2201-02","TYXMDM":null,"KCH":"10085117027"},{"KKDWDM":"018","XS":32,"BYBZ":"0","JSJC":12,"XXXQDM":"02","KXH":"01","KSJC":11,"XKZRS":72,"SKZC":"11111111","SKJS":"牛海涛","ISTK":0,"ZCMC":"1-8周","YPSJDD":"1-8周 星期一 第11节-第12节 南湖南-博学西楼-109,1-8周 星期三 第11节-第12节 南湖南-博学西楼-109","XF":2,"SKXQ":1,"XNXQDM":"2024-2025-2","KCM":"产业经济学C","JASDM":"0202030109","JXLDM":"020203","JXBID":"20242-08328","SKBJ":"公选-08328","TYXMDM":null,"KCH":"10186121157"},{"KKDWDM":"008","XS":40,"BYBZ":"0","JSJC":8,"XXXQDM":"02","KXH":"03","KSJC":6,"XKZRS":76,"SKZC":"111110111011100000000000","SKJS":"陈霞","ISTK":0,"ZCMC":"1-5周,7-9周,11-13周","YPSJDD":"14-15周 星期五 第6节-第7节 南湖南-博学西楼-109,1-5周,7-9周,11-13周 星期五 第6节-第8节 南湖南-博学西楼-109,9周 星期日 第6节-第8节 南湖南-博学西楼-109","XF":2,"SKXQ":5,"XNXQDM":"2024-2025-2","KCM":"仪器制造技术","JASDM":"0202030109","JXLDM":"020203","JXBID":"20242-06738","SKBJ":"测控2303,测控zy2301","TYXMDM":null,"KCH":"10085121033"},{"KKDWDM":"017","XS":32,"BYBZ":"0","JSJC":2,"XXXQDM":"02","KXH":"01","KSJC":1,"XKZRS":80,"SKZC":"111110000000000000000000000000","SKJS":"江长斌","ISTK":0,"ZCMC":"1-5周","YPSJDD":"1-5周 星期五 第1节-第2节 南湖南-博学西楼-109,9周 星期日 第1节-第2节 南湖南-博学西楼-109,7-8周 星期五 第1节-第2节 南湖南-博学西楼-109","XF":2,"SKXQ":5,"XNXQDM":"2024-2025-2","KCM":"数据库原理与应用","JASDM":"0202030109","JXLDM":"020203","JXBID":"20242-04400","SKBJ":"会计2301-02","TYXMDM":null,"KCH":"10175121056"},{"KKDWDM":"008","XS":32,"BYBZ":"0","JSJC":4,"XXXQDM":"02","KXH":"05","KSJC":3,"XKZRS":19,"SKZC":"111110000000000000000000000000","SKJS":"汤春球","ISTK":0,"ZCMC":"1-5周","YPSJDD":"7-9周 星期五 第3节-第4节 南湖南-博学西楼-109,11-15周 星期五 第3节-第4节 南湖南-博学西楼-109,9周 星期日 第3节-第4节 南湖南-博学西楼-109,1-5周 星期五 第3节-第4节 南湖南-博学西楼-109","XF":2,"SKXQ":5,"XNXQDM":"2024-2025-2","KCM":"可编程控制器原理及应用B","JASDM":"0202030109","JXLDM":"020203","JXBID":"20242-02782","SKBJ":"机械2201-05","TYXMDM":null,"KCH":"10085711021"},{"KKDWDM":"008","XS":32,"BYBZ":"0","JSJC":4,"XXXQDM":"02","KXH":"05","KSJC":3,"XKZRS":19,"SKZC":"000000111000000000000000000000","SKJS":"汤春球","ISTK":0,"ZCMC":"7-9周","YPSJDD":"7-9周 星期五 第3节-第4节 南湖南-博学西楼-109,11-15周 星期五 第3节-第4节 南湖南-博学西楼-109,9周 星期日 第3节-第4节 南湖南-博学西楼-109,1-5周 星期五 第3节-第4节 南湖南-博学西楼-109","XF":2,"SKXQ":5,"XNXQDM":"2024-2025-2","KCM":"可编程控制器原理及应用B","JASDM":"0202030109","JXLDM":"020203","JXBID":"20242-02782","SKBJ":"机械2201-05","TYXMDM":null,"KCH":"10085711021"},{"KKDWDM":"017","XS":32,"BYBZ":"0","JSJC":2,"XXXQDM":"02","KXH":"01","KSJC":1,"XKZRS":80,"SKZC":"000000110000000000000000000000","SKJS":"江长斌","ISTK":0,"ZCMC":"7-8周","YPSJDD":"1-5周 星期五 第1节-第2节 南湖南-博学西楼-109,9周 星期日 第1节-第2节 南湖南-博学西楼-109,7-8周 星期五 第1节-第2节 南湖南-博学西楼-109","XF":2,"SKXQ":5,"XNXQDM":"2024-2025-2","KCM":"数据库原理与应用","JASDM":"0202030109","JXLDM":"020203","JXBID":"20242-04400","SKBJ":"会计2301-02","TYXMDM":null,"KCH":"10175121056"},{"KKDWDM":"018","XS":32,"BYBZ":"0","JSJC":4,"XXXQDM":"02","KXH":"01","KSJC":3,"XKZRS":31,"SKZC":"000000001111111100000000000000","SKJS":"何清","ISTK":0,"ZCMC":"9-16周","YPSJDD":"9-16周 星期三 第3节-第4节 南湖南-博学西楼-109,17周 星期三 第1节-第2节 南湖南-博学西楼-109,11-16周 星期五 第1节-第2节 南湖南-博学西楼-109,9周 星期五 第1节-第2节 南湖南-博学西楼-109","XF":2,"SKXQ":3,"XNXQDM":"2024-2025-2","KCM":"经济优化理论B","JASDM":"0202030109","JXLDM":"020203","JXBID":"20242-02938","SKBJ":"经 济2201-02","TYXMDM":null,"KCH":"10185117018"},{"KKDWDM":"008","XS":32,"BYBZ":"0","JSJC":4,"XXXQDM":"02","KXH":"05","KSJC":3,"XKZRS":19,"SKZC":"000000001000000000000000000000","SKJS":"汤春球","ISTK":0,"ZCMC":"9周","YPSJDD":"7-9周 星期五 第3节-第4节 南湖南-博学西楼-109,11-15周 星期五 第3节-第4节 南湖南-博学西楼-109,9周 星期日 第3节-第4节 南湖南-博学西楼-109,1-5周 星期五 第3节-第4节 南湖南-博学西楼-109","XF":2,"SKXQ":7,"XNXQDM":"2024-2025-2","KCM":"可编程控制器原理及应用B","JASDM":"0202030109","JXLDM":"020203","JXBID":"20242-02782","SKBJ":"机械2201-05","TYXMDM":null,"KCH":"10085711021"},{"KKDWDM":"017","XS":32,"BYBZ":"0","JSJC":2,"XXXQDM":"02","KXH":"01","KSJC":1,"XKZRS":80,"SKZC":"000000001000000000000000000000","SKJS":"江长斌","ISTK":0,"ZCMC":"9周","YPSJDD":"1-5周 星期五 第1节-第2节 南湖南-博学西楼-109,9周 星期日 第1节-第2节 南湖南-博学西楼-109,7-8周 星期五 第1节-第2节 南湖南-博学西楼-109","XF":2,"SKXQ":7,"XNXQDM":"2024-2025-2","KCM":"数据库原理与应用","JASDM":"0202030109","JXLDM":"020203","JXBID":"20242-04400","SKBJ":"会计2301-02","TYXMDM":null,"KCH":"10175121056"},{"KKDWDM":"018","XS":32,"BYBZ":"0","JSJC":2,"XXXQDM":"02","KXH":"01","KSJC":1,"XKZRS":31,"SKZC":"000000001000000000000000000000","SKJS":"何清","ISTK":0,"ZCMC":"9周","YPSJDD":"9-16周 星期三 第3节-第4节 南湖南-博学西楼-109,17周 星期三 第1节-第2节 南湖南-博学西楼-109,11-16周 星期五 第1节-第2节 南湖南-博学西楼-109,9周 星期五 第1节-第2节 南湖南-博学西楼-109","XF":2,"SKXQ":5,"XNXQDM":"2024-2025-2","KCM":"经济优化理论B","JASDM":"0202030109","JXLDM":"020203","JXBID":"20242-02938","SKBJ":"经 济2201-02","TYXMDM":null,"KCH":"10185117018"},{"KKDWDM":"008","XS":40,"BYBZ":"0","JSJC":8,"XXXQDM":"02","KXH":"03","KSJC":6,"XKZRS":76,"SKZC":"000000001000000000000000","SKJS":"陈霞","ISTK":0,"ZCMC":"9周","YPSJDD":"14-15周 星期五 第6节-第7节 南湖南-博学西楼-109,1-5周,7-9周,11-13周 星期五 第6节-第8节 南湖南-博学西楼-109,9周 星期日 第6节-第8节 南湖南-博学西楼-109","XF":2,"SKXQ":7,"XNXQDM":"2024-2025-2","KCM":"仪器制造技术","JASDM":"0202030109","JXLDM":"020203","JXBID":"20242-06738","SKBJ":"测控2303,测控zy2301","TYXMDM":null,"KCH":"10085121033"},{"KKDWDM":"018","XS":32,"BYBZ":"0","JSJC":2,"XXXQDM":"02","KXH":"01","KSJC":1,"XKZRS":31,"SKZC":"000000000011111100000000000000","SKJS":"何清","ISTK":0,"ZCMC":"11-16周","YPSJDD":"9-16周 星期三 第3节-第4节 南湖南-博学西楼-109,17周 星期三 第1节-第2节 南湖南-博学西楼-109,11-16周 星期五 第1节-第2节 南湖南-博学西楼-109,9周 星期五 第1节-第2节 南湖南-博学西楼-109","XF":2,"SKXQ":5,"XNXQDM":"2024-2025-2","KCM":"经济优化理论B","JASDM":"0202030109","JXLDM":"020203","JXBID":"20242-02938","SKBJ":"经 济2201-02","TYXMDM":null,"KCH":"10185117018"},{"KKDWDM":"008","XS":32,"BYBZ":"0","JSJC":4,"XXXQDM":"02","KXH":"05","KSJC":3,"XKZRS":19,"SKZC":"000000000011111000000000000000","SKJS":"汤春球","ISTK":0,"ZCMC":"11-15周","YPSJDD":"7-9周 星期五 第3节-第4节 南湖南-博学西楼-109,11-15周 星期五 第3节-第4节 南湖南-博学西楼-109,9周 星期日 第3节-第4节 南湖南-博学西楼-109,1-5周 星期五 第3节-第4节 南湖南-博学西楼-109","XF":2,"SKXQ":5,"XNXQDM":"2024-2025-2","KCM":"可编程控制器原理及应用B","JASDM":"0202030109","JXLDM":"020203","JXBID":"20242-02782","SKBJ":"机械2201-05","TYXMDM":null,"KCH":"10085711021"},{"KKDWDM":"022","XS":48,"BYBZ":"0","JSJC":2,"XXXQDM":"02","KXH":"01","KSJC":1,"XKZRS":26,"SKZC":"000000000011100000000000000000","SKJS":"刘叶萍","ISTK":0,"ZCMC":"11-13周","YPSJDD":"11-13周 星期四 第1节-第2节 南湖南-博学西楼-109,1-9周 星期四 第1节-第2节 南湖南-博学西楼-109","XF":3,"SKXQ":4,"XNXQDM":"2024-2025-2","KCM":"数字出版产品创意与策划","JASDM":"0202030109","JXLDM":"020203","JXBID":"20242-05724","SKBJ":"新媒体2301-02","TYXMDM":null,"KCH":"10224121104"},{"KKDWDM":"008","XS":40,"BYBZ":"0","JSJC":5,"XXXQDM":"02","KXH":"01","KSJC":3,"XKZRS":25,"SKZC":"000000000011100000000000000000","SKJS":"潘运平","ISTK":0,"ZCMC":"11-13周","YPSJDD":"1-9周 星期四 第3节-第5节 南湖南-博学西楼-109,11-13周 星期四 第3节-第5节 南湖南-博学西楼-109","XF":2,"SKXQ":4,"XNXQDM":"2024-2025-2","KCM":"机电传动控制A","JASDM":"0202030109","JXLDM":"020203","JXBID":"20242-02211","SKBJ":"过控2201-02","TYXMDM":null,"KCH":"10085121061"},{"KKDWDM":"008","XS":32,"BYBZ":"0","JSJC":10,"XXXQDM":"02","KXH":"06","KSJC":9,"XKZRS":80,"SKZC":"000000000001110000000000000000","SKJS":"石志良","ISTK":0,"ZCMC":"12-14周","YPSJDD":"16周 星期一 第9节-第10节 南湖南-博学西楼-109,1-10周 星期一 第9节-第10节 南湖南-博学西楼-109,12-14周 星期一 第9节-第10节 南湖南-博学西楼-109","XF":2,"SKXQ":1,"XNXQDM":"2024-2025-2","KCM":"控制工程基础A","JASDM":"0202030109","JXLDM":"020203","JXBID":"20242-11135","SKBJ":"机械2303-04","TYXMDM":null,"KCH":"10085117018"},{"KKDWDM":"008","XS":64,"BYBZ":"0","JSJC":4,"XXXQDM":"02","KXH":"02","KSJC":3,"XKZRS":75,"SKZC":"000000000001100000000000","SKJS":"陈满意","ISTK":0,"ZCMC":"12-13周","YPSJDD":"1-12周 星期三 第1节-第2节 南湖南-博学西楼-109,12-13周 星期一 第3节-第4节 南湖南-博学西楼-109,1-10周 星期一 第3节-第5节 南湖南-博学西楼-109","XF":4,"SKXQ":1,"XNXQDM":"2024-2025-2","KCM":"机械制造技术基础A","JASDM":"0202030109","JXLDM":"020203","JXBID":"20242-11146","SKBJ":"机械2201-02","TYXMDM":null,"KCH":"10085711015"},{"KKDWDM":"017","XS":32,"BYBZ":"0","JSJC":12,"XXXQDM":"02","KXH":"01","KSJC":11,"XKZRS":65,"SKZC":"000000000001000000000000","SKJS":"卢少华","ISTK":0,"ZCMC":"12周","YPSJDD":"12周 星期四 第11节-第12节 南湖南-博学西楼-109,1-9周,11周 星期四 第11节-第13节 南湖南-博学西楼-109","XF":2,"SKXQ":4,"XNXQDM":"2024-2025-2","KCM":"人员甄选与测评C","JASDM":"0202030109","JXLDM":"020203","JXBID":"20242-08229","SKBJ":"公选-08229","TYXMDM":null,"KCH":"10176121328"},{"KKDWDM":"017","XS":40,"BYBZ":"0","JSJC":7,"XXXQDM":"02","KXH":"01","KSJC":6,"XKZRS":68,"SKZC":"000000000000110000000000","SKJS":"程琦","ISTK":0,"ZCMC":"13-14周","YPSJDD":"13-14周 星期二 第6节-第7节 南湖南-博学西楼-109,1-12周 星期二 第6节-第8节 南湖南-博学西楼-109","XF":2,"SKXQ":2,"XNXQDM":"2024-2025-2","KCM":"营销管理与策划C","JASDM":"0202030109","JXLDM":"020203","JXBID":"20242-05863","SKBJ":"营销2301-02","TYXMDM":null,"KCH":"10174117098"},{"KKDWDM":"008","XS":40,"BYBZ":"0","JSJC":7,"XXXQDM":"02","KXH":"03","KSJC":6,"XKZRS":76,"SKZC":"000000000000011000000000","SKJS":"陈霞","ISTK":0,"ZCMC":"14-15周","YPSJDD":"14-15周 星期五 第6节-第7节 南湖南-博学西楼-109,1-5周,7-9周,11-13周 星期五 第6节-第8节 南湖南-博学西楼-109,9周 星期日 第6节-第8节 南湖南-博学西楼-109","XF":2,"SKXQ":5,"XNXQDM":"2024-2025-2","KCM":"仪器制造技术","JASDM":"0202030109","JXLDM":"020203","JXBID":"20242-06738","SKBJ":"测控2303,测控zy2301","TYXMDM":null,"KCH":"10085121033"},{"KKDWDM":"008","XS":32,"BYBZ":"0","JSJC":10,"XXXQDM":"02","KXH":"06","KSJC":9,"XKZRS":80,"SKZC":"000000000000000100000000000000","SKJS":"石志良","ISTK":0,"ZCMC":"16周","YPSJDD":"16周 星期一 第9节-第10节 南湖南-博学西楼-109,1-10周 星期一 第9节-第10节 南湖南-博学西楼-109,12-14周 星期一 第9节-第10节 南湖南-博学西楼-109","XF":2,"SKXQ":1,"XNXQDM":"2024-2025-2","KCM":"控制工程基础A","JASDM":"0202030109","JXLDM":"020203","JXBID":"20242-11135","SKBJ":"机械2303-04","TYXMDM":null,"KCH":"10085117018"},{"KKDWDM":"018","XS":32,"BYBZ":"0","JSJC":2,"XXXQDM":"02","KXH":"01","KSJC":1,"XKZRS":31,"SKZC":"000000000000000010000000000000","SKJS":"何清","ISTK":0,"ZCMC":"17周","YPSJDD":"9-16周 星期三 第3节-第4节 南湖南-博学西楼-109,17周 星期三 第1节-第2节 南湖南-博学西楼-109,11-16周 星期五 第1节-第2节 南湖南-博学西楼-109,9周 星期五 第1节-第2节 南湖南-博学西楼-109","XF":2,"SKXQ":3,"XNXQDM":"2024-2025-2","KCM":"经济优化理论B","JASDM":"0202030109","JXLDM":"020203","JXBID":"20242-02938","SKBJ":"经 济2201-02","TYXMDM":null,"KCH":"10185117018"}]}},"code":"0"}