{"datas":{"jaskcb":{"extParams":{"code":1,"msg":"查询成功"},"pageSize":0,"pageNumber":0,"totalSize":-1,"rows":[{"KKDWDM":"012","XS":32,"BYBZ":"0","JSJC":2,"XXXQDM":"02","KXH":"01","KSJC":1,"XKZRS":26,"SKZC":"11111111111111110000","SKJS":"魏敏","ISTK":0,"ZCMC":"1-16周","YPSJDD":"1-16周 星期二 第1节-第2节 南湖南-博学西楼-104","XF":2,"SKXQ":2,"XNXQDM":"2024-2025-2","KCM":"VB程序设计基础","JASDM":"0202030104","JXLDM":"020203","JXBID":"20242-05987","SKBJ":"国贸留2401,工商留2401","TYXMDM":null,"KCH":"30121119022"},{"KKDWDM":"016","XS":32,"BYBZ":"0","JSJC":2,"XXXQDM":"02","KXH":"05","KSJC":1,"XKZRS":61,"SKZC":"1111111111111111","SKJS":"李美娟","ISTK":0,"ZCMC":"1-16周","YPSJDD":"1-16周 星期三 第1节-第2节 南湖南-博学西楼-104","XF":2,"SKXQ":3,"XNXQDM":"2024-2025-2","KCM":"分析化学B","JASDM":"0202030104","JXLDM":"020203","JXBID":"20242-10330","SKBJ":"化生类2403-04","TYXMDM":null,"KCH":"10163112117"},{"KKDWDM":"022","XS":48,"BYBZ":"0","JSJC":5,"XXXQDM":"02","KXH":"01","KSJC":3,"XKZRS":72,"SKZC":"1111111111111111","SKJS":"吴振东","ISTK":0,"ZCMC":"1-16周","YPSJDD":"1-16周 星期三 第3节-第5节 南湖南-博学西楼-104","XF":3,"SKXQ":3,"XNXQDM":"2024-2025-2","KCM":"社会工作概论","JASDM":"0202030104","JXLDM":"020203","JXBID":"20242-10896","SKBJ":"法学类2405-06","TYXMDM":null,"KCH":"10224124172"},{"KKDWDM":"071","XS":40,"BYBZ":"0","JSJC":8,"XXXQDM":"02","KXH":"01","KSJC":6,"XKZRS":51,"SKZC":"111111111101100000000000","SKJS":"赵勤","ISTK":0,"ZCMC":"1-10周,12-13周","YPSJDD":"14-16周(双) 星期一 第6节-第7节 南湖南-博学西楼-104,1-10周,12-13周 星期一 第6节-第8节 南湖南-博学西楼-104","XF":2,"SKXQ":1,"XNXQDM":"2024-2025-2","KCM":"线性代数","JASDM":"0202030104","JXLDM":"020203","JXBID":"20242-06459","SKBJ":"国贸留2401,工商留2401,计算机留2401","TYXMDM":null,"KCH":"30154119002"},{"KKDWDM":"012","XS":40,"BYBZ":"0","JSJC":2,"XXXQDM":"02","KXH":"13","KSJC":1,"XKZRS":67,"SKZC":"111111111100000000000000000000","SKJS":"刘钢","ISTK":0,"ZCMC":"1-10周","YPSJDD":"12-14周 星期一 第1节-第2节 南湖南-博学西楼-104,17周 星期二 第1节-第2节 南湖南-博学西楼-104,16-17周 星期一 第1节-第2节 南湖南-博学西楼-104,1-10周 星期一 第1节-第2节 南湖南-博学西楼-104","XF":2,"SKXQ":1,"XNXQDM":"2024-2025-2","KCM":"面向对象程序设计","JASDM":"0202030104","JXLDM":"020203","JXBID":"20242-10915","SKBJ":"计算机类2409-10","TYXMDM":null,"KCH":"10124121073"},{"KKDWDM":"003","XS":32,"BYBZ":"0","JSJC":13,"XXXQDM":"02","KXH":"01","KSJC":11,"XKZRS":70,"SKZC":"111111111100000000000000","SKJS":"袁波,蹇守卫","ISTK":0,"ZCMC":"1-10周","YPSJDD":"11周 星期二 第11节-第12节 南湖南-博学西楼-104,1-10周 星期二 第11节-第13节 南湖南-博学西楼-104","XF":2,"SKXQ":2,"XNXQDM":"2024-2025-2","KCM":"趣味建筑材料(JD)","JASDM":"0202030104","JXLDM":"020203","JXBID":"20242-07138","SKBJ":"公选-07138","TYXMDM":null,"KCH":"10036121170"},{"KKDWDM":"008","XS":32,"BYBZ":"0","JSJC":13,"XXXQDM":"02","KXH":"01","KSJC":11,"XKZRS":74,"SKZC":"111111111010000000000000","SKJS":"彭霜","ISTK":0,"ZCMC":"1-9周,11周","YPSJDD":"12周 星期四 第11节-第12节 南湖南-博学西楼-104,1-9周,11周 星期四 第11节-第13节 南湖南-博学西楼-104","XF":2,"SKXQ":4,"XNXQDM":"2024-2025-2","KCM":"先进制造工艺技术及其装备(JD)","JASDM":"0202030104","JXLDM":"020203","JXBID":"20242-11715","SKBJ":"公选-11715","TYXMDM":null,"KCH":"10086121190"},{"KKDWDM":"017","XS":24,"BYBZ":"0","JSJC":10,"XXXQDM":"02","KXH":"01","KSJC":9,"XKZRS":64,"SKZC":"111111111000000000000000","SKJS":"朱新艳","ISTK":0,"ZCMC":"1-9周","YPSJDD":"1-9周 星期三 第9节-第10节 南湖南-博学西楼-104","XF":1,"SKXQ":3,"XNXQDM":"2024-2025-2","KCM":"工作分析与岗位管理B","JASDM":"0202030104","JXLDM":"020203","JXBID":"20242-05775","SKBJ":"人力2301-02","TYXMDM":null,"KCH":"10174117119"},{"KKDWDM":"017","XS":24,"BYBZ":"0","JSJC":8,"XXXQDM":"02","KXH":"01","KSJC":6,"XKZRS":80,"SKZC":"111111110000000000000000000000","SKJS":"王宏宇,黄菡","ISTK":0,"ZCMC":"1-8周","YPSJDD":"1-8周 星期二 第6节-第8节 南湖南-博学西楼-104","XF":1,"SKXQ":2,"XNXQDM":"2024-2025-2","KCM":"大数据与人工智能管理概论","JASDM":"0202030104","JXLDM":"020203","JXBID":"20242-06406","SKBJ":"工商类2413-14","TYXMDM":null,"KCH":"10173124165"},{"KKDWDM":"014","XS":16,"BYBZ":"0","JSJC":12,"XXXQDM":"02","KXH":"02","KSJC":11,"XKZRS":80,"SKZC":"111111110000000000000000","SKJS":"刘奕,袁智","ISTK":0,"ZCMC":"1-8周","YPSJDD":"1-8周 星期一 第11节-第12节 南湖南-博学西楼-104","XF":1,"SKXQ":1,"XNXQDM":"2024-2025-2","KCM":"人工智能与智慧海事(JD)","JASDM":"0202030104","JXLDM":"020203","JXBID":"20242-11462","SKBJ":"公选-11462","TYXMDM":null,"KCH":"10146121081"},{"KKDWDM":"007","XS":16,"BYBZ":"0","JSJC":12,"XXXQDM":"02","KXH":"01","KSJC":11,"XKZRS":70,"SKZC":"111111110000000000000000","SKJS":"汪小凯,魏文婷","ISTK":0,"ZCMC":"1-8周","YPSJDD":"1-8周 星期三 第11节-第12节 南湖南-博学西楼-104","XF":1,"SKXQ":3,"XNXQDM":"2024-2025-2","KCM":"汽车及运载装备关键构件智能无损检测技术(JD)","JASDM":"0202030104","JXLDM":"020203","JXBID":"20242-07404","SKBJ":"公选-07404","TYXMDM":null,"KCH":"10076121288"},{"KKDWDM":"012","XS":40,"BYBZ":"0","JSJC":8,"XXXQDM":"02","KXH":"01","KSJC":6,"XKZRS":33,"SKZC":"111110111010000000000000000000","SKJS":"周俊伟,杨焱超,王亮亮","ISTK":0,"ZCMC":"1-5周,7-9周,11周","YPSJDD":"9周 星期日 第6节-第8节 南湖南-博学西楼-104,1-5周,7-9周,11周 星期五 第6节-第8节 南湖南-博学西楼-104","XF":2,"SKXQ":5,"XNXQDM":"2024-2025-2","KCM":"数字图像处理B","JASDM":"0202030104","JXLDM":"020203","JXBID":"20242-05212","SKBJ":"大数据2301-02","TYXMDM":null,"KCH":"10125117060"},{"KKDWDM":"008","XS":32,"BYBZ":"0","JSJC":5,"XXXQDM":"02","KXH":"01","KSJC":3,"XKZRS":69,"SKZC":"111110111010000000000000","SKJS":"许凡","ISTK":0,"ZCMC":"1-5周,7-9周,11周","YPSJDD":"12周 星期五 第3节-第4节 南湖南-博学西楼-104,1-5周,7-9周,11周 星期五 第3节-第5节 南湖南-博学西楼-104,9周 星期日 第3节-第5节 南湖南-博学西楼-104","XF":2,"SKXQ":5,"XNXQDM":"2024-2025-2","KCM":"设备预测性维护与远程诊断","JASDM":"0202030104","JXLDM":"020203","JXBID":"20242-02741","SKBJ":"智能制造2201-02","TYXMDM":null,"KCH":"10085121004"},{"KKDWDM":"008","XS":56,"BYBZ":"0","JSJC":2,"XXXQDM":"02","KXH":"02","KSJC":1,"XKZRS":75,"SKZC":"111110000000000000000000000000","SKJS":"江连会","ISTK":0,"ZCMC":"1-5周","YPSJDD":"1-5周 星期五 第1节-第2节 南湖南-博学西楼-104,1-13周 星期二 第3节-第4节 南湖南-博学西楼-313,9周 星期日 第1节-第2节 南湖南-博学西楼-104,11-13周 星期五 第1节-第2节 南湖南-博学西楼-104,7-9周 星期五 第1节-第2节 南湖南-博学西楼-104","XF":3,"SKXQ":5,"XNXQDM":"2024-2025-2","KCM":"机械设计基础A","JASDM":"0202030104","JXLDM":"020203","JXBID":"20242-04500","SKBJ":"成型2301-02","TYXMDM":null,"KCH":"10083121087"},{"KKDWDM":"022","XS":32,"BYBZ":"0","JSJC":5,"XXXQDM":"02","KXH":"03","KSJC":3,"XKZRS":65,"SKZC":"000001111101110110000000","SKJS":"李银波","ISTK":0,"ZCMC":"6-10周,12-14周,16-17周","YPSJDD":"17周 星期二 第3节-第4节 南湖南-博学西楼-104,6-10周,12-14周,16-17周 星期一 第3节-第5节 南湖南-博学西楼-104","XF":2,"SKXQ":1,"XNXQDM":"2024-2025-2","KCM":"国际传播","JASDM":"0202030104","JXLDM":"020203","JXBID":"20242-03668","SKBJ":"广告2201-02","TYXMDM":null,"KCH":"10224121106"},{"KKDWDM":"008","XS":56,"BYBZ":"0","JSJC":2,"XXXQDM":"02","KXH":"02","KSJC":1,"XKZRS":75,"SKZC":"000000111000000000000000000000","SKJS":"江连会","ISTK":0,"ZCMC":"7-9周","YPSJDD":"1-5周 星期五 第1节-第2节 南湖南-博学西楼-104,1-13周 星期二 第3节-第4节 南湖南-博学西楼-313,9周 星期日 第1节-第2节 南湖南-博学西楼-104,11-13周 星期五 第1节-第2节 南湖南-博学西楼-104,7-9周 星期五 第1节-第2节 南湖南-博学西楼-104","XF":3,"SKXQ":5,"XNXQDM":"2024-2025-2","KCM":"机械设计基础A","JASDM":"0202030104","JXLDM":"020203","JXBID":"20242-04500","SKBJ":"成型2301-02","TYXMDM":null,"KCH":"10083121087"},{"KKDWDM":"007","XS":24,"BYBZ":"0","JSJC":8,"XXXQDM":"02","KXH":"03","KSJC":6,"XKZRS":66,"SKZC":"0000000011111111","SKJS":"Christopher Charles Wyatt,华林,庄武豪,陈一哲","ISTK":0,"ZCMC":"9-16周","YPSJDD":"9-16周 星期二 第6节-第8节 南湖南-博学西楼-104","XF":1,"SKXQ":2,"XNXQDM":"2024-2025-2","KCM":"工程材料学2","JASDM":"0202030104","JXLDM":"020203","JXBID":"20242-11388","SKBJ":"车辆gj2301-02","TYXMDM":null,"KCH":"10075121007"},{"KKDWDM":"071","XS":32,"BYBZ":"0","JSJC":8,"XXXQDM":"02","KXH":"01","KSJC":6,"XKZRS":72,"SKZC":"000000001111110000000000","SKJS":"赵尚睿","ISTK":0,"ZCMC":"9-14周","YPSJDD":"15周 星期三 第6节-第7节 南湖南-博学西楼-104,9-14周 星期三 第6节-第8节 南湖南-博学西楼-104","XF":2,"SKXQ":3,"XNXQDM":"2024-2025-2","KCM":"数学实验与数学软件A","JASDM":"0202030104","JXLDM":"020203","JXBID":"20242-05677","SKBJ":"统计2301-02","TYXMDM":null,"KCH":"10155111033"},{"KKDWDM":"016","XS":32,"BYBZ":"0","JSJC":10,"XXXQDM":"02","KXH":"01","KSJC":9,"XKZRS":54,"SKZC":"000000001100000000000000000000","SKJS":"谢智中","ISTK":0,"ZCMC":"9-10周","YPSJDD":"16-17周 星期一 第9节-第10节 南湖南-博学西楼-104,12-14周 星期一 第9节-第10节 南湖南-博学西楼-104,9-10周 星期一 第9节-第10节 南湖南-博学西楼-104,17周 星期二 第9节-第10节 南湖南-博学西楼-104","XF":2,"SKXQ":1,"XNXQDM":"2024-2025-2","KCM":"计算机化学辅助分子设计A","JASDM":"0202030104","JXLDM":"020203","JXBID":"20242-02254","SKBJ":"应化2201-03","TYXMDM":null,"KCH":"10165112025"},{"KKDWDM":"012","XS":40,"BYBZ":"0","JSJC":8,"XXXQDM":"02","KXH":"01","KSJC":6,"XKZRS":33,"SKZC":"000000001000000000000000000000","SKJS":"周俊伟,杨焱超,王亮亮","ISTK":0,"ZCMC":"9周","YPSJDD":"9周 星期日 第6节-第8节 南湖南-博学西楼-104,1-5周,7-9周,11周 星期五 第6节-第8节 南湖南-博学西楼-104","XF":2,"SKXQ":7,"XNXQDM":"2024-2025-2","KCM":"数字图像处理B","JASDM":"0202030104","JXLDM":"020203","JXBID":"20242-05212","SKBJ":"大数据2301-02","TYXMDM":null,"KCH":"10125117060"},{"KKDWDM":"008","XS":56,"BYBZ":"0","JSJC":2,"XXXQDM":"02","KXH":"02","KSJC":1,"XKZRS":75,"SKZC":"000000001000000000000000000000","SKJS":"江连会","ISTK":0,"ZCMC":"9周","YPSJDD":"1-5周 星期五 第1节-第2节 南湖南-博学西楼-104,1-13周 星期二 第3节-第4节 南湖南-博学西楼-313,9周 星期日 第1节-第2节 南湖南-博学西楼-104,11-13周 星期五 第1节-第2节 南湖南-博学西楼-104,7-9周 星期五 第1节-第2节 南湖南-博学西楼-104","XF":3,"SKXQ":7,"XNXQDM":"2024-2025-2","KCM":"机械设计基础A","JASDM":"0202030104","JXLDM":"020203","JXBID":"20242-04500","SKBJ":"成型2301-02","TYXMDM":null,"KCH":"10083121087"},{"KKDWDM":"008","XS":32,"BYBZ":"0","JSJC":5,"XXXQDM":"02","KXH":"01","KSJC":3,"XKZRS":69,"SKZC":"000000001000000000000000","SKJS":"许凡","ISTK":0,"ZCMC":"9周","YPSJDD":"12周 星期五 第3节-第4节 南湖南-博学西楼-104,1-5周,7-9周,11周 星期五 第3节-第5节 南湖南-博学西楼-104,9周 星期日 第3节-第5节 南湖南-博学西楼-104","XF":2,"SKXQ":7,"XNXQDM":"2024-2025-2","KCM":"设备预测性维护与远程诊断","JASDM":"0202030104","JXLDM":"020203","JXBID":"20242-02741","SKBJ":"智能制造2201-02","TYXMDM":null,"KCH":"10085121004"},{"KKDWDM":"008","XS":56,"BYBZ":"0","JSJC":2,"XXXQDM":"02","KXH":"02","KSJC":1,"XKZRS":75,"SKZC":"000000000011100000000000000000","SKJS":"江连会","ISTK":0,"ZCMC":"11-13周","YPSJDD":"1-5周 星期五 第1节-第2节 南湖南-博学西楼-104,1-13周 星期二 第3节-第4节 南湖南-博学西楼-313,9周 星期日 第1节-第2节 南湖南-博学西楼-104,11-13周 星期五 第1节-第2节 南湖南-博学西楼-104,7-9周 星期五 第1节-第2节 南湖南-博学西楼-104","XF":3,"SKXQ":5,"XNXQDM":"2024-2025-2","KCM":"机械设计基础A","JASDM":"0202030104","JXLDM":"020203","JXBID":"20242-04500","SKBJ":"成型2301-02","TYXMDM":null,"KCH":"10083121087"},{"KKDWDM":"003","XS":32,"BYBZ":"0","JSJC":12,"XXXQDM":"02","KXH":"01","KSJC":11,"XKZRS":70,"SKZC":"000000000010000000000000","SKJS":"袁波,蹇守卫","ISTK":0,"ZCMC":"11周","YPSJDD":"11周 星期二 第11节-第12节 南湖南-博学西楼-104,1-10周 星期二 第11节-第13节 南湖南-博学西楼-104","XF":2,"SKXQ":2,"XNXQDM":"2024-2025-2","KCM":"趣味建筑材料(JD)","JASDM":"0202030104","JXLDM":"020203","JXBID":"20242-07138","SKBJ":"公选-07138","TYXMDM":null,"KCH":"10036121170"},{"KKDWDM":"016","XS":32,"BYBZ":"0","JSJC":10,"XXXQDM":"02","KXH":"01","KSJC":9,"XKZRS":54,"SKZC":"000000000001110000000000000000","SKJS":"谢智中","ISTK":0,"ZCMC":"12-14周","YPSJDD":"16-17周 星期一 第9节-第10节 南湖南-博学西楼-104,12-14周 星期一 第9节-第10节 南湖南-博学西楼-104,9-10周 星期一 第9节-第10节 南湖南-博学西楼-104,17周 星期二 第9节-第10节 南湖南-博学西楼-104","XF":2,"SKXQ":1,"XNXQDM":"2024-2025-2","KCM":"计算机化学辅助分子设计A","JASDM":"0202030104","JXLDM":"020203","JXBID":"20242-02254","SKBJ":"应化2201-03","TYXMDM":null,"KCH":"10165112025"},{"KKDWDM":"012","XS":40,"BYBZ":"0","JSJC":2,"XXXQDM":"02","KXH":"13","KSJC":1,"XKZRS":67,"SKZC":"000000000001110000000000000000","SKJS":"刘钢","ISTK":0,"ZCMC":"12-14周","YPSJDD":"12-14周 星期一 第1节-第2节 南湖南-博学西楼-104,17周 星期二 第1节-第2节 南湖南-博学西楼-104,16-17周 星期一 第1节-第2节 南湖南-博学西楼-104,1-10周 星期一 第1节-第2节 南湖南-博学西楼-104","XF":2,"SKXQ":1,"XNXQDM":"2024-2025-2","KCM":"面向对象程序设计","JASDM":"0202030104","JXLDM":"020203","JXBID":"20242-10915","SKBJ":"计算机类2409-10","TYXMDM":null,"KCH":"10124121073"},{"KKDWDM":"008","XS":32,"BYBZ":"0","JSJC":12,"XXXQDM":"02","KXH":"01","KSJC":11,"XKZRS":74,"SKZC":"000000000001000000000000","SKJS":"彭霜","ISTK":0,"ZCMC":"12周","YPSJDD":"12周 星期四 第11节-第12节 南湖南-博学西楼-104,1-9周,11周 星期四 第11节-第13节 南湖南-博学西楼-104","XF":2,"SKXQ":4,"XNXQDM":"2024-2025-2","KCM":"先进制造工艺技术及其装备(JD)","JASDM":"0202030104","JXLDM":"020203","JXBID":"20242-11715","SKBJ":"公选-11715","TYXMDM":null,"KCH":"10086121190"},{"KKDWDM":"008","XS":32,"BYBZ":"0","JSJC":4,"XXXQDM":"02","KXH":"01","KSJC":3,"XKZRS":69,"SKZC":"000000000001000000000000","SKJS":"许凡","ISTK":0,"ZCMC":"12周","YPSJDD":"12周 星期五 第3节-第4节 南湖南-博学西楼-104,1-5周,7-9周,11周 星期五 第3节-第5节 南湖南-博学西楼-104,9周 星期日 第3节-第5节 南湖南-博学西楼-104","XF":2,"SKXQ":5,"XNXQDM":"2024-2025-2","KCM":"设备预测性维护与远程诊断","JASDM":"0202030104","JXLDM":"020203","JXBID":"20242-02741","SKBJ":"智能制造2201-02","TYXMDM":null,"KCH":"10085121004"},{"KKDWDM":"071","XS":40,"BYBZ":"0","JSJC":7,"XXXQDM":"02","KXH":"01","KSJC":6,"XKZRS":51,"SKZC":"000000000000010100000000","SKJS":"赵勤","ISTK":0,"ZCMC":"14-16周(双)","YPSJDD":"14-16周(双) 星期一 第6节-第7节 南湖南-博学西楼-104,1-10周,12-13周 星期一 第6节-第8节 南湖南-博学西楼-104","XF":2,"SKXQ":1,"XNXQDM":"2024-2025-2","KCM":"线性代数","JASDM":"0202030104","JXLDM":"020203","JXBID":"20242-06459","SKBJ":"国贸留2401,工商留2401,计算机留2401","TYXMDM":null,"KCH":"30154119002"},{"KKDWDM":"071","XS":32,"BYBZ":"0","JSJC":7,"XXXQDM":"02","KXH":"01","KSJC":6,"XKZRS":72,"SKZC":"000000000000001000000000","SKJS":"赵尚睿","ISTK":0,"ZCMC":"15周","YPSJDD":"15周 星期三 第6节-第7节 南湖南-博学西楼-104,9-14周 星期三 第6节-第8节 南湖南-博学西楼-104","XF":2,"SKXQ":3,"XNXQDM":"2024-2025-2","KCM":"数学实验与数学软件A","JASDM":"0202030104","JXLDM":"020203","JXBID":"20242-05677","SKBJ":"统计2301-02","TYXMDM":null,"KCH":"10155111033"},{"KKDWDM":"016","XS":32,"BYBZ":"0","JSJC":10,"XXXQDM":"02","KXH":"01","KSJC":9,"XKZRS":54,"SKZC":"000000000000000110000000000000","SKJS":"谢智中","ISTK":0,"ZCMC":"16-17周","YPSJDD":"16-17周 星期一 第9节-第10节 南湖南-博学西楼-104,12-14周 星期一 第9节-第10节 南湖南-博学西楼-104,9-10周 星期一 第9节-第10节 南湖南-博学西楼-104,17周 星期二 第9节-第10节 南湖南-博学西楼-104","XF":2,"SKXQ":1,"XNXQDM":"2024-2025-2","KCM":"计算机化学辅助分子设计A","JASDM":"0202030104","JXLDM":"020203","JXBID":"20242-02254","SKBJ":"应化2201-03","TYXMDM":null,"KCH":"10165112025"},{"KKDWDM":"012","XS":40,"BYBZ":"0","JSJC":2,"XXXQDM":"02","KXH":"13","KSJC":1,"XKZRS":67,"SKZC":"000000000000000110000000000000","SKJS":"刘钢","ISTK":0,"ZCMC":"16-17周","YPSJDD":"12-14周 星期一 第1节-第2节 南湖南-博学西楼-104,17周 星期二 第1节-第2节 南湖南-博学西楼-104,16-17周 星期一 第1节-第2节 南湖南-博学西楼-104,1-10周 星期一 第1节-第2节 南湖南-博学西楼-104","XF":2,"SKXQ":1,"XNXQDM":"2024-2025-2","KCM":"面向对象程序设计","JASDM":"0202030104","JXLDM":"020203","JXBID":"20242-10915","SKBJ":"计算机类2409-10","TYXMDM":null,"KCH":"10124121073"},{"KKDWDM":"012","XS":40,"BYBZ":"0","JSJC":2,"XXXQDM":"02","KXH":"13","KSJC":1,"XKZRS":67,"SKZC":"000000000000000010000000000000","SKJS":"刘钢","ISTK":0,"ZCMC":"17周","YPSJDD":"12-14周 星期一 第1节-第2节 南湖南-博学西楼-104,17周 星期二 第1节-第2节 南湖南-博学西楼-104,16-17周 星期一 第1节-第2节 南湖南-博学西楼-104,1-10周 星期一 第1节-第2节 南湖南-博学西楼-104","XF":2,"SKXQ":2,"XNXQDM":"2024-2025-2","KCM":"面向对象程序设计","JASDM":"0202030104","JXLDM":"020203","JXBID":"20242-10915","SKBJ":"计算机类2409-10","TYXMDM":null,"KCH":"10124121073"},{"KKDWDM":"016","XS":32,"BYBZ":"0","JSJC":10,"XXXQDM":"02","KXH":"01","KSJC":9,"XKZRS":54,"SKZC":"000000000000000010000000000000","SKJS":"谢智中","ISTK":0,"ZCMC":"17周","YPSJDD":"16-17周 星期一 第9节-第10节 南湖南-博学西楼-104,12-14周 星期一 第9节-第10节 南湖南-博学西楼-104,9-10周 星期一 第9节-第10节 南湖南-博学西楼-104,17周 星期二 第9节-第10节 南湖南-博学西楼-104","XF":2,"SKXQ":2,"XNXQDM":"2024-2025-2","KCM":"计算机化学辅助分子设计A","JASDM":"0202030104","JXLDM":"020203","JXBID":"20242-02254","SKBJ":"应化2201-03","TYXMDM":null,"KCH":"10165112025"},{"KKDWDM":"022","XS":32,"BYBZ":"0","JSJC":4,"XXXQDM":"02","KXH":"03","KSJC":3,"XKZRS":65,"SKZC":"000000000000000010000000","SKJS":"李银波","ISTK":0,"ZCMC":"17周","YPSJDD":"17周 星期二 第3节-第4节 南湖南-博学西楼-104,6-10周,12-14周,16-17周 星期一 第3节-第5节 南湖南-博学西楼-104","XF":2,"SKXQ":2,"XNXQDM":"2024-2025-2","KCM":"国际传播","JASDM":"0202030104","JXLDM":"020203","JXBID":"20242-03668","SKBJ":"广告2201-02","TYXMDM":null,"KCH":"10224121106"}]}},"code":"0"}