{"datas":{"jaskcb":{"extParams":{"code":1,"msg":"查询成功"},"pageSize":0,"pageNumber":0,"totalSize":-1,"rows":[{"KKDWDM":"038","XS":32,"BYBZ":"0","JSJC":10,"XXXQDM":"02","KXH":"26","KSJC":9,"XKZRS":140,"SKZC":"11111111111111110000","SKJS":"李洪胜","ISTK":0,"ZCMC":"1-16周","YPSJDD":"1-16周 星期二 第9节-第10节 南湖南-博学主楼-410","XF":2,"SKXQ":2,"XNXQDM":"2024-2025-2","KCM":"军事理论","JASDM":"0202040410","JXLDM":"020204","JXBID":"20242-06211","SKBJ":"微电子zs2401,车辆gcgj2401,车辆类2413-14","TYXMDM":null,"KCH":"10381121001"},{"KKDWDM":"008","XS":56,"BYBZ":"0","JSJC":7,"XXXQDM":"02","KXH":"05","KSJC":6,"XKZRS":76,"SKZC":"111111111111100000000000000000","SKJS":"燕松山","ISTK":0,"ZCMC":"1-13周","YPSJDD":"11-14周 星期四 第1节-第2节 南湖南-博学主楼-410,1-9周 星期四 第1节-第2节 南湖南-博学主楼-410,1-13周 星期二 第6节-第7节 南湖南-博学主楼-410","XF":3,"SKXQ":2,"XNXQDM":"2024-2025-2","KCM":"机械原理","JASDM":"0202040410","JXLDM":"020204","JXBID":"20242-11455","SKBJ":"机械2302-03","TYXMDM":null,"KCH":"10084121087"},{"KKDWDM":"008","XS":56,"BYBZ":"0","JSJC":2,"XXXQDM":"02","KXH":"02","KSJC":1,"XKZRS":70,"SKZC":"111111111111100000000000000000","SKJS":"庄可佳,高忠梅","ISTK":0,"ZCMC":"1-13周","YPSJDD":"1-13周 星期三 第1节-第2节 南湖南-博学主楼-410,12-14周 星期一 第3节-第4节 南湖南-博学主楼-410,1-10周 星期一 第3节-第4节 南湖南-博学主楼-410","XF":3,"SKXQ":3,"XNXQDM":"2024-2025-2","KCM":"机械原理","JASDM":"0202040410","JXLDM":"020204","JXBID":"20242-05169","SKBJ":"过控2301-02","TYXMDM":null,"KCH":"10084121087"},{"KKDWDM":"010","XS":48,"BYBZ":"0","JSJC":4,"XXXQDM":"02","KXH":"01","KSJC":3,"XKZRS":68,"SKZC":"111111111111000000000000000000","SKJS":"尹海波","ISTK":0,"ZCMC":"1-12周","YPSJDD":"7-9周 星期五 第1节-第2节 南湖南-博学主楼-410,9周 星期日 第1节-第2节 南湖南-博学主楼-410,11-13周 星期五 第1节-第2节 南湖南-博学主楼-410,1-12周 星期三 第3节-第4节 南湖南-博学主楼-410,1-5周 星期五 第1节-第2节 南湖南-博学主楼-410","XF":3,"SKXQ":3,"XNXQDM":"2024-2025-2","KCM":"大气污染控制工程B","JASDM":"0202040410","JXLDM":"020204","JXBID":"20242-03711","SKBJ":"环工2201-02","TYXMDM":null,"KCH":"10104121033"},{"KKDWDM":"016","XS":40,"BYBZ":"0","JSJC":5,"XXXQDM":"02","KXH":"01","KSJC":3,"XKZRS":102,"SKZC":"111111111111000000000000","SKJS":"常刚刚,朱阁","ISTK":0,"ZCMC":"1-12周","YPSJDD":"13-14周 星期二 第3节-第4节 南湖南-博学主楼-410,1-12周 星期二 第3节-第5节 南湖南-博学主楼-410","XF":2,"SKXQ":2,"XNXQDM":"2024-2025-2","KCM":"化工原理B1","JASDM":"0202040410","JXLDM":"020204","JXBID":"20242-05088","SKBJ":"制药zy2301-03","TYXMDM":null,"KCH":"10164121026"},{"KKDWDM":"008","XS":56,"BYBZ":"0","JSJC":4,"XXXQDM":"02","KXH":"02","KSJC":3,"XKZRS":70,"SKZC":"111111111100000000000000000000","SKJS":"庄可佳,高忠梅","ISTK":0,"ZCMC":"1-10周","YPSJDD":"1-13周 星期三 第1节-第2节 南湖南-博学主楼-410,12-14周 星期一 第3节-第4节 南湖南-博学主楼-410,1-10周 星期一 第3节-第4节 南湖南-博学主楼-410","XF":3,"SKXQ":1,"XNXQDM":"2024-2025-2","KCM":"机械原理","JASDM":"0202040410","JXLDM":"020204","JXBID":"20242-05169","SKBJ":"过控2301-02","TYXMDM":null,"KCH":"10084121087"},{"KKDWDM":"072","XS":48,"BYBZ":"0","JSJC":13,"XXXQDM":"02","KXH":"01","KSJC":11,"XKZRS":65,"SKZC":"111111111100000000000000000000","SKJS":"范希智","ISTK":0,"ZCMC":"1-10周","YPSJDD":"17周 星期二 第11节-第13节 南湖南-博学主楼-410,12-14周 星期一 第11节-第13节 南湖南-博学主楼-410,16-17周 星期一 第11节-第13节 南湖南-博学主楼-410,1-10周 星期一 第11节-第13节 南湖南-博学主楼-410","XF":3,"SKXQ":1,"XNXQDM":"2024-2025-2","KCM":"半导体物理B","JASDM":"0202040410","JXLDM":"020204","JXBID":"20242-08015","SKBJ":"公选-08015","TYXMDM":null,"KCH":"10156121175"},{"KKDWDM":"004","XS":32,"BYBZ":"0","JSJC":13,"XXXQDM":"02","KXH":"01","KSJC":11,"XKZRS":144,"SKZC":"111111111100000000000000000000","SKJS":"张驰,文聘,陈斐,黄志锋","ISTK":0,"ZCMC":"1-10周","YPSJDD":"11周 星期二 第11节-第12节 南湖南-博学主楼-410,1-10周 星期二 第11节-第13节 南湖南-博学主楼-410","XF":2,"SKXQ":2,"XNXQDM":"2024-2025-2","KCM":"智能制造技术与原理(JD)","JASDM":"0202040410","JXLDM":"020204","JXBID":"20242-07159","SKBJ":"公选-07159","TYXMDM":null,"KCH":"4260007990"},{"KKDWDM":"044","XS":32,"BYBZ":"0","JSJC":13,"XXXQDM":"02","KXH":"01","KSJC":11,"XKZRS":140,"SKZC":"111111111100000000000000","SKJS":"王晓旻","ISTK":0,"ZCMC":"1-10周","YPSJDD":"11周 星期三 第11节-第12节 南湖南-博学主楼-410,1-10周 星期三 第11节-第13节 南湖南-博学主楼-410","XF":2,"SKXQ":3,"XNXQDM":"2024-2025-2","KCM":"中国民族器乐赏析(GX)","JASDM":"0202040410","JXLDM":"020204","JXBID":"20242-09059","SKBJ":"公选-09059","TYXMDM":null,"KCH":"10442121048"},{"KKDWDM":"008","XS":56,"BYBZ":"0","JSJC":2,"XXXQDM":"02","KXH":"05","KSJC":1,"XKZRS":76,"SKZC":"111111111000000000000000000000","SKJS":"燕松山","ISTK":0,"ZCMC":"1-9周","YPSJDD":"11-14周 星期四 第1节-第2节 南湖南-博学主楼-410,1-9周 星期四 第1节-第2节 南湖南-博学主楼-410,1-13周 星期二 第6节-第7节 南湖南-博学主楼-410","XF":3,"SKXQ":4,"XNXQDM":"2024-2025-2","KCM":"机械原理","JASDM":"0202040410","JXLDM":"020204","JXBID":"20242-11455","SKBJ":"机械2302-03","TYXMDM":null,"KCH":"10084121087"},{"KKDWDM":"021","XS":42,"BYBZ":"0","JSJC":5,"XXXQDM":"02","KXH":"20","KSJC":3,"XKZRS":91,"SKZC":"111111111000000000000000000000","SKJS":"张小青","ISTK":0,"ZCMC":"1-9周","YPSJDD":"11-15周 星期四 第3节-第5节 南湖南-博学主楼-410,1-9周 星期四 第3节-第5节 南湖南-博学主楼-410","XF":2,"SKXQ":4,"XNXQDM":"2024-2025-2","KCM":"马克思主义基本原理","JASDM":"0202040410","JXLDM":"020204","JXBID":"20242-04964","SKBJ":"智能制造2301-02,智能制造本硕2301","TYXMDM":null,"KCH":"10211117035"},{"KKDWDM":"017","XS":40,"BYBZ":"0","JSJC":5,"XXXQDM":"02","KXH":"01","KSJC":3,"XKZRS":30,"SKZC":"111110111011100000000000","SKJS":"潘安娥","ISTK":0,"ZCMC":"1-5周,7-9周,11-13周","YPSJDD":"14-15周 星期五 第3节-第4节 南湖南-博学主楼-410,1-5周,7-9周,11-13周 星期五 第3节-第5节 南湖南-博学主楼-410,9周 星期日 第3节-第5节 南湖南-博学主楼-410","XF":2,"SKXQ":5,"XNXQDM":"2024-2025-2","KCM":"资产评估A","JASDM":"0202040410","JXLDM":"020204","JXBID":"20242-03397","SKBJ":"财务2201-02","TYXMDM":null,"KCH":"10175121080"},{"KKDWDM":"010","XS":48,"BYBZ":"0","JSJC":2,"XXXQDM":"02","KXH":"01","KSJC":1,"XKZRS":68,"SKZC":"111110000000000000000000000000","SKJS":"尹海波","ISTK":0,"ZCMC":"1-5周","YPSJDD":"7-9周 星期五 第1节-第2节 南湖南-博学主楼-410,9周 星期日 第1节-第2节 南湖南-博学主楼-410,11-13周 星期五 第1节-第2节 南湖南-博学主楼-410,1-12周 星期三 第3节-第4节 南湖南-博学主楼-410,1-5周 星期五 第1节-第2节 南湖南-博学主楼-410","XF":3,"SKXQ":5,"XNXQDM":"2024-2025-2","KCM":"大气污染控制工程B","JASDM":"0202040410","JXLDM":"020204","JXBID":"20242-03711","SKBJ":"环工2201-02","TYXMDM":null,"KCH":"10104121033"},{"KKDWDM":"071","XS":48,"BYBZ":"0","JSJC":8,"XXXQDM":"02","KXH":"01","KSJC":6,"XKZRS":null,"SKZC":"110000000000000000000000000000","SKJS":"方玺","ISTK":0,"ZCMC":"1-2周","YPSJDD":"1-2周 星期一 第6节-第8节 南湖南-博学主楼-410","XF":3,"SKXQ":1,"XNXQDM":"2024-2025-2","KCM":"数据挖掘原理及应用","JASDM":"0202040410","JXLDM":"020204","JXBID":"20242-02295","SKBJ":"信计2201-02,数学jd2201","TYXMDM":null,"KCH":"10155121030"},{"KKDWDM":"010","XS":48,"BYBZ":"0","JSJC":2,"XXXQDM":"02","KXH":"01","KSJC":1,"XKZRS":68,"SKZC":"000000111000000000000000000000","SKJS":"尹海波","ISTK":0,"ZCMC":"7-9周","YPSJDD":"7-9周 星期五 第1节-第2节 南湖南-博学主楼-410,9周 星期日 第1节-第2节 南湖南-博学主楼-410,11-13周 星期五 第1节-第2节 南湖南-博学主楼-410,1-12周 星期三 第3节-第4节 南湖南-博学主楼-410,1-5周 星期五 第1节-第2节 南湖南-博学主楼-410","XF":3,"SKXQ":5,"XNXQDM":"2024-2025-2","KCM":"大气污染控制工程B","JASDM":"0202040410","JXLDM":"020204","JXBID":"20242-03711","SKBJ":"环工2201-02","TYXMDM":null,"KCH":"10104121033"},{"KKDWDM":"010","XS":48,"BYBZ":"0","JSJC":2,"XXXQDM":"02","KXH":"01","KSJC":1,"XKZRS":68,"SKZC":"000000001000000000000000000000","SKJS":"尹海波","ISTK":0,"ZCMC":"9周","YPSJDD":"7-9周 星期五 第1节-第2节 南湖南-博学主楼-410,9周 星期日 第1节-第2节 南湖南-博学主楼-410,11-13周 星期五 第1节-第2节 南湖南-博学主楼-410,1-12周 星期三 第3节-第4节 南湖南-博学主楼-410,1-5周 星期五 第1节-第2节 南湖南-博学主楼-410","XF":3,"SKXQ":7,"XNXQDM":"2024-2025-2","KCM":"大气污染控制工程B","JASDM":"0202040410","JXLDM":"020204","JXBID":"20242-03711","SKBJ":"环工2201-02","TYXMDM":null,"KCH":"10104121033"},{"KKDWDM":"017","XS":40,"BYBZ":"0","JSJC":5,"XXXQDM":"02","KXH":"01","KSJC":3,"XKZRS":30,"SKZC":"000000001000000000000000","SKJS":"潘安娥","ISTK":0,"ZCMC":"9周","YPSJDD":"14-15周 星期五 第3节-第4节 南湖南-博学主楼-410,1-5周,7-9周,11-13周 星期五 第3节-第5节 南湖南-博学主楼-410,9周 星期日 第3节-第5节 南湖南-博学主楼-410","XF":2,"SKXQ":7,"XNXQDM":"2024-2025-2","KCM":"资产评估A","JASDM":"0202040410","JXLDM":"020204","JXBID":"20242-03397","SKBJ":"财务2201-02","TYXMDM":null,"KCH":"10175121080"},{"KKDWDM":"021","XS":42,"BYBZ":"0","JSJC":5,"XXXQDM":"02","KXH":"20","KSJC":3,"XKZRS":91,"SKZC":"000000000011111000000000000000","SKJS":"张小青","ISTK":0,"ZCMC":"11-15周","YPSJDD":"11-15周 星期四 第3节-第5节 南湖南-博学主楼-410,1-9周 星期四 第3节-第5节 南湖南-博学主楼-410","XF":2,"SKXQ":4,"XNXQDM":"2024-2025-2","KCM":"马克思主义基本原理","JASDM":"0202040410","JXLDM":"020204","JXBID":"20242-04964","SKBJ":"智能制造2301-02,智能制造本硕2301","TYXMDM":null,"KCH":"10211117035"},{"KKDWDM":"008","XS":56,"BYBZ":"0","JSJC":2,"XXXQDM":"02","KXH":"05","KSJC":1,"XKZRS":76,"SKZC":"000000000011110000000000000000","SKJS":"燕松山","ISTK":0,"ZCMC":"11-14周","YPSJDD":"11-14周 星期四 第1节-第2节 南湖南-博学主楼-410,1-9周 星期四 第1节-第2节 南湖南-博学主楼-410,1-13周 星期二 第6节-第7节 南湖南-博学主楼-410","XF":3,"SKXQ":4,"XNXQDM":"2024-2025-2","KCM":"机械原理","JASDM":"0202040410","JXLDM":"020204","JXBID":"20242-11455","SKBJ":"机械2302-03","TYXMDM":null,"KCH":"10084121087"},{"KKDWDM":"010","XS":48,"BYBZ":"0","JSJC":2,"XXXQDM":"02","KXH":"01","KSJC":1,"XKZRS":68,"SKZC":"000000000011100000000000000000","SKJS":"尹海波","ISTK":0,"ZCMC":"11-13周","YPSJDD":"7-9周 星期五 第1节-第2节 南湖南-博学主楼-410,9周 星期日 第1节-第2节 南湖南-博学主楼-410,11-13周 星期五 第1节-第2节 南湖南-博学主楼-410,1-12周 星期三 第3节-第4节 南湖南-博学主楼-410,1-5周 星期五 第1节-第2节 南湖南-博学主楼-410","XF":3,"SKXQ":5,"XNXQDM":"2024-2025-2","KCM":"大气污染控制工程B","JASDM":"0202040410","JXLDM":"020204","JXBID":"20242-03711","SKBJ":"环工2201-02","TYXMDM":null,"KCH":"10104121033"},{"KKDWDM":"004","XS":32,"BYBZ":"0","JSJC":12,"XXXQDM":"02","KXH":"01","KSJC":11,"XKZRS":144,"SKZC":"000000000010000000000000000000","SKJS":"张驰,文聘,陈斐,黄志锋","ISTK":0,"ZCMC":"11周","YPSJDD":"11周 星期二 第11节-第12节 南湖南-博学主楼-410,1-10周 星期二 第11节-第13节 南湖南-博学主楼-410","XF":2,"SKXQ":2,"XNXQDM":"2024-2025-2","KCM":"智能制造技术与原理(JD)","JASDM":"0202040410","JXLDM":"020204","JXBID":"20242-07159","SKBJ":"公选-07159","TYXMDM":null,"KCH":"4260007990"},{"KKDWDM":"044","XS":32,"BYBZ":"0","JSJC":12,"XXXQDM":"02","KXH":"01","KSJC":11,"XKZRS":140,"SKZC":"000000000010000000000000","SKJS":"王晓旻","ISTK":0,"ZCMC":"11周","YPSJDD":"11周 星期三 第11节-第12节 南湖南-博学主楼-410,1-10周 星期三 第11节-第13节 南湖南-博学主楼-410","XF":2,"SKXQ":3,"XNXQDM":"2024-2025-2","KCM":"中国民族器乐赏析(GX)","JASDM":"0202040410","JXLDM":"020204","JXBID":"20242-09059","SKBJ":"公选-09059","TYXMDM":null,"KCH":"10442121048"},{"KKDWDM":"072","XS":48,"BYBZ":"0","JSJC":13,"XXXQDM":"02","KXH":"01","KSJC":11,"XKZRS":65,"SKZC":"000000000001110000000000000000","SKJS":"范希智","ISTK":0,"ZCMC":"12-14周","YPSJDD":"17周 星期二 第11节-第13节 南湖南-博学主楼-410,12-14周 星期一 第11节-第13节 南湖南-博学主楼-410,16-17周 星期一 第11节-第13节 南湖南-博学主楼-410,1-10周 星期一 第11节-第13节 南湖南-博学主楼-410","XF":3,"SKXQ":1,"XNXQDM":"2024-2025-2","KCM":"半导体物理B","JASDM":"0202040410","JXLDM":"020204","JXBID":"20242-08015","SKBJ":"公选-08015","TYXMDM":null,"KCH":"10156121175"},{"KKDWDM":"008","XS":56,"BYBZ":"0","JSJC":4,"XXXQDM":"02","KXH":"02","KSJC":3,"XKZRS":70,"SKZC":"000000000001110000000000000000","SKJS":"庄可佳,高忠梅","ISTK":0,"ZCMC":"12-14周","YPSJDD":"1-13周 星期三 第1节-第2节 南湖南-博学主楼-410,12-14周 星期一 第3节-第4节 南湖南-博学主楼-410,1-10周 星期一 第3节-第4节 南湖南-博学主楼-410","XF":3,"SKXQ":1,"XNXQDM":"2024-2025-2","KCM":"机械原理","JASDM":"0202040410","JXLDM":"020204","JXBID":"20242-05169","SKBJ":"过控2301-02","TYXMDM":null,"KCH":"10084121087"},{"KKDWDM":"016","XS":40,"BYBZ":"0","JSJC":4,"XXXQDM":"02","KXH":"01","KSJC":3,"XKZRS":102,"SKZC":"000000000000110000000000","SKJS":"常刚刚,朱阁","ISTK":0,"ZCMC":"13-14周","YPSJDD":"13-14周 星期二 第3节-第4节 南湖南-博学主楼-410,1-12周 星期二 第3节-第5节 南湖南-博学主楼-410","XF":2,"SKXQ":2,"XNXQDM":"2024-2025-2","KCM":"化工原理B1","JASDM":"0202040410","JXLDM":"020204","JXBID":"20242-05088","SKBJ":"制药zy2301-03","TYXMDM":null,"KCH":"10164121026"},{"KKDWDM":"017","XS":40,"BYBZ":"0","JSJC":4,"XXXQDM":"02","KXH":"01","KSJC":3,"XKZRS":30,"SKZC":"000000000000011000000000","SKJS":"潘安娥","ISTK":0,"ZCMC":"14-15周","YPSJDD":"14-15周 星期五 第3节-第4节 南湖南-博学主楼-410,1-5周,7-9周,11-13周 星期五 第3节-第5节 南湖南-博学主楼-410,9周 星期日 第3节-第5节 南湖南-博学主楼-410","XF":2,"SKXQ":5,"XNXQDM":"2024-2025-2","KCM":"资产评估A","JASDM":"0202040410","JXLDM":"020204","JXBID":"20242-03397","SKBJ":"财务2201-02","TYXMDM":null,"KCH":"10175121080"},{"KKDWDM":"072","XS":48,"BYBZ":"0","JSJC":13,"XXXQDM":"02","KXH":"01","KSJC":11,"XKZRS":65,"SKZC":"000000000000000110000000000000","SKJS":"范希智","ISTK":0,"ZCMC":"16-17周","YPSJDD":"17周 星期二 第11节-第13节 南湖南-博学主楼-410,12-14周 星期一 第11节-第13节 南湖南-博学主楼-410,16-17周 星期一 第11节-第13节 南湖南-博学主楼-410,1-10周 星期一 第11节-第13节 南湖南-博学主楼-410","XF":3,"SKXQ":1,"XNXQDM":"2024-2025-2","KCM":"半导体物理B","JASDM":"0202040410","JXLDM":"020204","JXBID":"20242-08015","SKBJ":"公选-08015","TYXMDM":null,"KCH":"10156121175"},{"KKDWDM":"072","XS":48,"BYBZ":"0","JSJC":13,"XXXQDM":"02","KXH":"01","KSJC":11,"XKZRS":65,"SKZC":"000000000000000010000000000000","SKJS":"范希智","ISTK":0,"ZCMC":"17周","YPSJDD":"17周 星期二 第11节-第13节 南湖南-博学主楼-410,12-14周 星期一 第11节-第13节 南湖南-博学主楼-410,16-17周 星期一 第11节-第13节 南湖南-博学主楼-410,1-10周 星期一 第11节-第13节 南湖南-博学主楼-410","XF":3,"SKXQ":2,"XNXQDM":"2024-2025-2","KCM":"半导体物理B","JASDM":"0202040410","JXLDM":"020204","JXBID":"20242-08015","SKBJ":"公选-08015","TYXMDM":null,"KCH":"10156121175"}]}},"code":"0"}