{"datas":{"jaskcb":{"extParams":{"code":1,"msg":"查询成功"},"pageSize":0,"pageNumber":0,"totalSize":-1,"rows":[{"KKDWDM":"008","XS":32,"BYBZ":"0","JSJC":13,"XXXQDM":"02","KXH":"01","KSJC":11,"XKZRS":38,"SKZC":"111111111100000000000000","SKJS":"卢其兵","ISTK":0,"ZCMC":"1-10周","YPSJDD":"11周 星期三 第11节-第12节 南湖南-博学西楼-307,1-10周 星期三 第11节-第13节 南湖南-博学西楼-307","XF":2,"SKXQ":3,"XNXQDM":"2024-2025-2","KCM":"机械零部件工程表达(JD)","JASDM":"0202030307","JXLDM":"020203","JXBID":"20242-07560","SKBJ":"公选-07560","TYXMDM":null,"KCH":"10086121203"},{"KKDWDM":"008","XS":32,"BYBZ":"0","JSJC":12,"XXXQDM":"02","KXH":"01","KSJC":11,"XKZRS":38,"SKZC":"000000000010000000000000","SKJS":"卢其兵","ISTK":0,"ZCMC":"11周","YPSJDD":"11周 星期三 第11节-第12节 南湖南-博学西楼-307,1-10周 星期三 第11节-第13节 南湖南-博学西楼-307","XF":2,"SKXQ":3,"XNXQDM":"2024-2025-2","KCM":"机械零部件工程表达(JD)","JASDM":"0202030307","JXLDM":"020203","JXBID":"20242-07560","SKBJ":"公选-07560","TYXMDM":null,"KCH":"10086121203"}]}},"code":"0"}