{"datas":{"jaskcb":{"extParams":{"code":1,"msg":"查询成功"},"pageSize":0,"pageNumber":0,"totalSize":-1,"rows":[{"KKDWDM":"020","XS":32,"BYBZ":"0","JSJC":7,"XXXQDM":"02","KXH":"183","KSJC":6,"XKZRS":35,"SKZC":"1111111111111111","SKJS":"王璨","ISTK":0,"ZCMC":"1-16周","YPSJDD":"1-16周 星期二 第6节-第7节 南湖南-博学北楼-202","XF":2,"SKXQ":2,"XNXQDM":"2024-2025-2","KCM":"大学英语2","JASDM":"0202010202","JXLDM":"020201","JXBID":"20242-12725","SKBJ":"公选-12725","TYXMDM":"11","KCH":"10201121073"},{"KKDWDM":"020","XS":32,"BYBZ":"0","JSJC":4,"XXXQDM":"02","KXH":"135","KSJC":3,"XKZRS":26,"SKZC":"1111111111111111","SKJS":"王慧","ISTK":0,"ZCMC":"1-16周","YPSJDD":"1-16周 星期三 第3节-第4节 南湖南-博学北楼-202","XF":2,"SKXQ":3,"XNXQDM":"2024-2025-2","KCM":"大学英语2","JASDM":"0202010202","JXLDM":"020201","JXBID":"20242-12629","SKBJ":"公选-12629","TYXMDM":"11","KCH":"10201121073"},{"KKDWDM":"020","XS":32,"BYBZ":"0","JSJC":2,"XXXQDM":"02","KXH":"108","KSJC":1,"XKZRS":35,"SKZC":"1111111111111111","SKJS":"王璨","ISTK":0,"ZCMC":"1-16周","YPSJDD":"1-16周 星期二 第1节-第2节 南湖南-博学北楼-202","XF":2,"SKXQ":2,"XNXQDM":"2024-2025-2","KCM":"大学英语2","JASDM":"0202010202","JXLDM":"020201","JXBID":"20242-12575","SKBJ":"公选-12575","TYXMDM":"11","KCH":"10201121073"},{"KKDWDM":"020","XS":32,"BYBZ":"0","JSJC":7,"XXXQDM":"02","KXH":"186","KSJC":6,"XKZRS":37,"SKZC":"1111111111111111","SKJS":"申霞","ISTK":0,"ZCMC":"1-16周","YPSJDD":"1-16周 星期三 第6节-第7节 南湖南-博学北楼-202","XF":2,"SKXQ":3,"XNXQDM":"2024-2025-2","KCM":"大学英语2","JASDM":"0202010202","JXLDM":"020201","JXBID":"20242-12731","SKBJ":"公选-12731","TYXMDM":"11","KCH":"10201121073"},{"KKDWDM":"020","XS":32,"BYBZ":"0","JSJC":2,"XXXQDM":"02","KXH":"126","KSJC":1,"XKZRS":35,"SKZC":"1111111111111111","SKJS":"王慧","ISTK":0,"ZCMC":"1-16周","YPSJDD":"1-16周 星期三 第1节-第2节 南湖南-博学北楼-202","XF":2,"SKXQ":3,"XNXQDM":"2024-2025-2","KCM":"大学英语2","JASDM":"0202010202","JXLDM":"020201","JXBID":"20242-12611","SKBJ":"公选-12611","TYXMDM":"11","KCH":"10201121073"},{"KKDWDM":"020","XS":32,"BYBZ":"0","JSJC":4,"XXXQDM":"02","KXH":"99","KSJC":3,"XKZRS":34,"SKZC":"111111111100000000000000000000","SKJS":"王璨","ISTK":0,"ZCMC":"1-10周","YPSJDD":"12-14周 星期一 第3节-第4节 南湖南-博学北楼-202,17周 星期二 第3节-第4节 南湖南-博学北楼-202,16-17周 星期一 第3节-第4节 南湖南-博学北楼-202,1-10周 星期一 第3节-第4节 南湖南-博学北楼-202","XF":2,"SKXQ":1,"XNXQDM":"2024-2025-2","KCM":"大学英语2","JASDM":"0202010202","JXLDM":"020201","JXBID":"20242-12557","SKBJ":"公选-12557","TYXMDM":"11","KCH":"10201121073"},{"KKDWDM":"020","XS":32,"BYBZ":"0","JSJC":7,"XXXQDM":"02","KXH":"178","KSJC":6,"XKZRS":36,"SKZC":"111111111100000000000000000000","SKJS":"王璨","ISTK":0,"ZCMC":"1-10周","YPSJDD":"17周 星期二 第6节-第7节 南湖南-博学北楼-202,1-10周 星期一 第6节-第7节 南湖南-博学北楼-202,12-14周 星期一 第6节-第7节 南湖南-博学北楼-202,16-17周 星期一 第6节-第7节 南湖南-博学北楼-202","XF":2,"SKXQ":1,"XNXQDM":"2024-2025-2","KCM":"大学英语2","JASDM":"0202010202","JXLDM":"020201","JXBID":"20242-12717","SKBJ":"公选-12717","TYXMDM":"11","KCH":"10201121073"},{"KKDWDM":"020","XS":32,"BYBZ":"0","JSJC":2,"XXXQDM":"02","KXH":"90","KSJC":1,"XKZRS":37,"SKZC":"111111111100000000000000000000","SKJS":"王璨","ISTK":0,"ZCMC":"1-10周","YPSJDD":"1-10周 星期一 第1节-第2节 南湖南-博学北楼-202,12-14周 星期一 第1节-第2节 南湖南-博学北楼-202,17周 星期二 第1节-第2节 南湖南-博学北楼-202,16-17周 星期一 第1节-第2节 南湖南-博学北楼-202","XF":2,"SKXQ":1,"XNXQDM":"2024-2025-2","KCM":"大学英语2","JASDM":"0202010202","JXLDM":"020201","JXBID":"20242-12539","SKBJ":"公选-12539","TYXMDM":"11","KCH":"10201121073"},{"KKDWDM":"020","XS":32,"BYBZ":"0","JSJC":2,"XXXQDM":"02","KXH":"144","KSJC":1,"XKZRS":36,"SKZC":"111111111000000000000000000000","SKJS":"王慧","ISTK":0,"ZCMC":"1-9周","YPSJDD":"1-9周 星期四 第1节-第2节 南湖南-博学北楼-202,11-17周 星期四 第1节-第2节 南湖南-博学北楼-202","XF":2,"SKXQ":4,"XNXQDM":"2024-2025-2","KCM":"大学英语2","JASDM":"0202010202","JXLDM":"020201","JXBID":"20242-12647","SKBJ":"公选-12647","TYXMDM":"11","KCH":"10201121073"},{"KKDWDM":"020","XS":32,"BYBZ":"0","JSJC":4,"XXXQDM":"02","KXH":"153","KSJC":3,"XKZRS":34,"SKZC":"111111111000000000000000000000","SKJS":"王慧","ISTK":0,"ZCMC":"1-9周","YPSJDD":"1-9周 星期四 第3节-第4节 南湖南-博学北楼-202,11-17周 星期四 第3节-第4节 南湖南-博学北楼-202","XF":2,"SKXQ":4,"XNXQDM":"2024-2025-2","KCM":"大学英语2","JASDM":"0202010202","JXLDM":"020201","JXBID":"20242-12665","SKBJ":"公选-12665","TYXMDM":"11","KCH":"10201121073"},{"KKDWDM":"017","XS":40,"BYBZ":"0","JSJC":8,"XXXQDM":"02","KXH":"01","KSJC":6,"XKZRS":32,"SKZC":"111110111011100000000000","SKJS":"陈国干","ISTK":0,"ZCMC":"1-5周,7-9周,11-13周","YPSJDD":"14-15周 星期五 第6节-第7节 南湖南-博学北楼-202,1-5周,7-9周,11-13周 星期五 第6节-第8节 南湖南-博学北楼-202,9周 星期日 第6节-第8节 南湖南-博学北楼-202","XF":2,"SKXQ":5,"XNXQDM":"2024-2025-2","KCM":"管理学原理A","JASDM":"0202010202","JXLDM":"020201","JXBID":"20242-06658","SKBJ":"城规2201","TYXMDM":null,"KCH":"10174121122"},{"KKDWDM":"020","XS":32,"BYBZ":"0","JSJC":2,"XXXQDM":"02","KXH":"162","KSJC":1,"XKZRS":36,"SKZC":"111110000000000000000000000000","SKJS":"靳雯雯","ISTK":0,"ZCMC":"1-5周","YPSJDD":"17周 星期三 第1节-第2节 南湖南-博学北楼-202,7-9周 星期五 第1节-第2节 南湖南-博学北楼-202,9周 星期日 第1节-第2节 南湖南-博学北楼-202,1-5周 星期五 第1节-第2节 南湖南-博学北楼-202,11-16周 星期五 第1节-第2节 南湖南-博学北楼-202","XF":2,"SKXQ":5,"XNXQDM":"2024-2025-2","KCM":"大学英语2","JASDM":"0202010202","JXLDM":"020201","JXBID":"20242-12683","SKBJ":"公选-12683","TYXMDM":"11","KCH":"10201121073"},{"KKDWDM":"020","XS":32,"BYBZ":"0","JSJC":4,"XXXQDM":"02","KXH":"170","KSJC":3,"XKZRS":35,"SKZC":"111110000000000000000000000000","SKJS":"靳雯雯","ISTK":0,"ZCMC":"1-5周","YPSJDD":"17周 星期三 第3节-第4节 南湖南-博学北楼-202,1-5周 星期五 第3节-第4节 南湖南-博学北楼-202,11-16周 星期五 第3节-第4节 南湖南-博学北楼-202,9周 星期日 第3节-第4节 南湖南-博学北楼-202,7-9周 星期五 第3节-第4节 南湖南-博学北楼-202","XF":2,"SKXQ":5,"XNXQDM":"2024-2025-2","KCM":"大学英语2","JASDM":"0202010202","JXLDM":"020201","JXBID":"20242-12700","SKBJ":"公选-12700","TYXMDM":"11","KCH":"10201121073"},{"KKDWDM":"020","XS":32,"BYBZ":"0","JSJC":4,"XXXQDM":"02","KXH":"170","KSJC":3,"XKZRS":35,"SKZC":"000000111000000000000000000000","SKJS":"靳雯雯","ISTK":0,"ZCMC":"7-9周","YPSJDD":"17周 星期三 第3节-第4节 南湖南-博学北楼-202,1-5周 星期五 第3节-第4节 南湖南-博学北楼-202,11-16周 星期五 第3节-第4节 南湖南-博学北楼-202,9周 星期日 第3节-第4节 南湖南-博学北楼-202,7-9周 星期五 第3节-第4节 南湖南-博学北楼-202","XF":2,"SKXQ":5,"XNXQDM":"2024-2025-2","KCM":"大学英语2","JASDM":"0202010202","JXLDM":"020201","JXBID":"20242-12700","SKBJ":"公选-12700","TYXMDM":"11","KCH":"10201121073"},{"KKDWDM":"020","XS":32,"BYBZ":"0","JSJC":2,"XXXQDM":"02","KXH":"162","KSJC":1,"XKZRS":36,"SKZC":"000000111000000000000000000000","SKJS":"靳雯雯","ISTK":0,"ZCMC":"7-9周","YPSJDD":"17周 星期三 第1节-第2节 南湖南-博学北楼-202,7-9周 星期五 第1节-第2节 南湖南-博学北楼-202,9周 星期日 第1节-第2节 南湖南-博学北楼-202,1-5周 星期五 第1节-第2节 南湖南-博学北楼-202,11-16周 星期五 第1节-第2节 南湖南-博学北楼-202","XF":2,"SKXQ":5,"XNXQDM":"2024-2025-2","KCM":"大学英语2","JASDM":"0202010202","JXLDM":"020201","JXBID":"20242-12683","SKBJ":"公选-12683","TYXMDM":"11","KCH":"10201121073"},{"KKDWDM":"020","XS":32,"BYBZ":"0","JSJC":2,"XXXQDM":"02","KXH":"162","KSJC":1,"XKZRS":36,"SKZC":"000000001000000000000000000000","SKJS":"靳雯雯","ISTK":0,"ZCMC":"9周","YPSJDD":"17周 星期三 第1节-第2节 南湖南-博学北楼-202,7-9周 星期五 第1节-第2节 南湖南-博学北楼-202,9周 星期日 第1节-第2节 南湖南-博学北楼-202,1-5周 星期五 第1节-第2节 南湖南-博学北楼-202,11-16周 星期五 第1节-第2节 南湖南-博学北楼-202","XF":2,"SKXQ":7,"XNXQDM":"2024-2025-2","KCM":"大学英语2","JASDM":"0202010202","JXLDM":"020201","JXBID":"20242-12683","SKBJ":"公选-12683","TYXMDM":"11","KCH":"10201121073"},{"KKDWDM":"020","XS":32,"BYBZ":"0","JSJC":4,"XXXQDM":"02","KXH":"170","KSJC":3,"XKZRS":35,"SKZC":"000000001000000000000000000000","SKJS":"靳雯雯","ISTK":0,"ZCMC":"9周","YPSJDD":"17周 星期三 第3节-第4节 南湖南-博学北楼-202,1-5周 星期五 第3节-第4节 南湖南-博学北楼-202,11-16周 星期五 第3节-第4节 南湖南-博学北楼-202,9周 星期日 第3节-第4节 南湖南-博学北楼-202,7-9周 星期五 第3节-第4节 南湖南-博学北楼-202","XF":2,"SKXQ":7,"XNXQDM":"2024-2025-2","KCM":"大学英语2","JASDM":"0202010202","JXLDM":"020201","JXBID":"20242-12700","SKBJ":"公选-12700","TYXMDM":"11","KCH":"10201121073"},{"KKDWDM":"017","XS":40,"BYBZ":"0","JSJC":8,"XXXQDM":"02","KXH":"01","KSJC":6,"XKZRS":32,"SKZC":"000000001000000000000000","SKJS":"陈国干","ISTK":0,"ZCMC":"9周","YPSJDD":"14-15周 星期五 第6节-第7节 南湖南-博学北楼-202,1-5周,7-9周,11-13周 星期五 第6节-第8节 南湖南-博学北楼-202,9周 星期日 第6节-第8节 南湖南-博学北楼-202","XF":2,"SKXQ":7,"XNXQDM":"2024-2025-2","KCM":"管理学原理A","JASDM":"0202010202","JXLDM":"020201","JXBID":"20242-06658","SKBJ":"城规2201","TYXMDM":null,"KCH":"10174121122"},{"KKDWDM":"020","XS":32,"BYBZ":"0","JSJC":4,"XXXQDM":"02","KXH":"153","KSJC":3,"XKZRS":34,"SKZC":"000000000011111110000000000000","SKJS":"王慧","ISTK":0,"ZCMC":"11-17周","YPSJDD":"1-9周 星期四 第3节-第4节 南湖南-博学北楼-202,11-17周 星期四 第3节-第4节 南湖南-博学北楼-202","XF":2,"SKXQ":4,"XNXQDM":"2024-2025-2","KCM":"大学英语2","JASDM":"0202010202","JXLDM":"020201","JXBID":"20242-12665","SKBJ":"公选-12665","TYXMDM":"11","KCH":"10201121073"},{"KKDWDM":"020","XS":32,"BYBZ":"0","JSJC":2,"XXXQDM":"02","KXH":"144","KSJC":1,"XKZRS":36,"SKZC":"000000000011111110000000000000","SKJS":"王慧","ISTK":0,"ZCMC":"11-17周","YPSJDD":"1-9周 星期四 第1节-第2节 南湖南-博学北楼-202,11-17周 星期四 第1节-第2节 南湖南-博学北楼-202","XF":2,"SKXQ":4,"XNXQDM":"2024-2025-2","KCM":"大学英语2","JASDM":"0202010202","JXLDM":"020201","JXBID":"20242-12647","SKBJ":"公选-12647","TYXMDM":"11","KCH":"10201121073"},{"KKDWDM":"020","XS":32,"BYBZ":"0","JSJC":2,"XXXQDM":"02","KXH":"162","KSJC":1,"XKZRS":36,"SKZC":"000000000011111100000000000000","SKJS":"靳雯雯","ISTK":0,"ZCMC":"11-16周","YPSJDD":"17周 星期三 第1节-第2节 南湖南-博学北楼-202,7-9周 星期五 第1节-第2节 南湖南-博学北楼-202,9周 星期日 第1节-第2节 南湖南-博学北楼-202,1-5周 星期五 第1节-第2节 南湖南-博学北楼-202,11-16周 星期五 第1节-第2节 南湖南-博学北楼-202","XF":2,"SKXQ":5,"XNXQDM":"2024-2025-2","KCM":"大学英语2","JASDM":"0202010202","JXLDM":"020201","JXBID":"20242-12683","SKBJ":"公选-12683","TYXMDM":"11","KCH":"10201121073"},{"KKDWDM":"020","XS":32,"BYBZ":"0","JSJC":4,"XXXQDM":"02","KXH":"170","KSJC":3,"XKZRS":35,"SKZC":"000000000011111100000000000000","SKJS":"靳雯雯","ISTK":0,"ZCMC":"11-16周","YPSJDD":"17周 星期三 第3节-第4节 南湖南-博学北楼-202,1-5周 星期五 第3节-第4节 南湖南-博学北楼-202,11-16周 星期五 第3节-第4节 南湖南-博学北楼-202,9周 星期日 第3节-第4节 南湖南-博学北楼-202,7-9周 星期五 第3节-第4节 南湖南-博学北楼-202","XF":2,"SKXQ":5,"XNXQDM":"2024-2025-2","KCM":"大学英语2","JASDM":"0202010202","JXLDM":"020201","JXBID":"20242-12700","SKBJ":"公选-12700","TYXMDM":"11","KCH":"10201121073"},{"KKDWDM":"020","XS":32,"BYBZ":"0","JSJC":2,"XXXQDM":"02","KXH":"90","KSJC":1,"XKZRS":37,"SKZC":"000000000001110000000000000000","SKJS":"王璨","ISTK":0,"ZCMC":"12-14周","YPSJDD":"1-10周 星期一 第1节-第2节 南湖南-博学北楼-202,12-14周 星期一 第1节-第2节 南湖南-博学北楼-202,17周 星期二 第1节-第2节 南湖南-博学北楼-202,16-17周 星期一 第1节-第2节 南湖南-博学北楼-202","XF":2,"SKXQ":1,"XNXQDM":"2024-2025-2","KCM":"大学英语2","JASDM":"0202010202","JXLDM":"020201","JXBID":"20242-12539","SKBJ":"公选-12539","TYXMDM":"11","KCH":"10201121073"},{"KKDWDM":"020","XS":32,"BYBZ":"0","JSJC":7,"XXXQDM":"02","KXH":"178","KSJC":6,"XKZRS":36,"SKZC":"000000000001110000000000000000","SKJS":"王璨","ISTK":0,"ZCMC":"12-14周","YPSJDD":"17周 星期二 第6节-第7节 南湖南-博学北楼-202,1-10周 星期一 第6节-第7节 南湖南-博学北楼-202,12-14周 星期一 第6节-第7节 南湖南-博学北楼-202,16-17周 星期一 第6节-第7节 南湖南-博学北楼-202","XF":2,"SKXQ":1,"XNXQDM":"2024-2025-2","KCM":"大学英语2","JASDM":"0202010202","JXLDM":"020201","JXBID":"20242-12717","SKBJ":"公选-12717","TYXMDM":"11","KCH":"10201121073"},{"KKDWDM":"020","XS":32,"BYBZ":"0","JSJC":4,"XXXQDM":"02","KXH":"99","KSJC":3,"XKZRS":34,"SKZC":"000000000001110000000000000000","SKJS":"王璨","ISTK":0,"ZCMC":"12-14周","YPSJDD":"12-14周 星期一 第3节-第4节 南湖南-博学北楼-202,17周 星期二 第3节-第4节 南湖南-博学北楼-202,16-17周 星期一 第3节-第4节 南湖南-博学北楼-202,1-10周 星期一 第3节-第4节 南湖南-博学北楼-202","XF":2,"SKXQ":1,"XNXQDM":"2024-2025-2","KCM":"大学英语2","JASDM":"0202010202","JXLDM":"020201","JXBID":"20242-12557","SKBJ":"公选-12557","TYXMDM":"11","KCH":"10201121073"},{"KKDWDM":"017","XS":40,"BYBZ":"0","JSJC":7,"XXXQDM":"02","KXH":"01","KSJC":6,"XKZRS":32,"SKZC":"000000000000011000000000","SKJS":"陈国干","ISTK":0,"ZCMC":"14-15周","YPSJDD":"14-15周 星期五 第6节-第7节 南湖南-博学北楼-202,1-5周,7-9周,11-13周 星期五 第6节-第8节 南湖南-博学北楼-202,9周 星期日 第6节-第8节 南湖南-博学北楼-202","XF":2,"SKXQ":5,"XNXQDM":"2024-2025-2","KCM":"管理学原理A","JASDM":"0202010202","JXLDM":"020201","JXBID":"20242-06658","SKBJ":"城规2201","TYXMDM":null,"KCH":"10174121122"},{"KKDWDM":"020","XS":32,"BYBZ":"0","JSJC":4,"XXXQDM":"02","KXH":"99","KSJC":3,"XKZRS":34,"SKZC":"000000000000000110000000000000","SKJS":"王璨","ISTK":0,"ZCMC":"16-17周","YPSJDD":"12-14周 星期一 第3节-第4节 南湖南-博学北楼-202,17周 星期二 第3节-第4节 南湖南-博学北楼-202,16-17周 星期一 第3节-第4节 南湖南-博学北楼-202,1-10周 星期一 第3节-第4节 南湖南-博学北楼-202","XF":2,"SKXQ":1,"XNXQDM":"2024-2025-2","KCM":"大学英语2","JASDM":"0202010202","JXLDM":"020201","JXBID":"20242-12557","SKBJ":"公选-12557","TYXMDM":"11","KCH":"10201121073"},{"KKDWDM":"020","XS":32,"BYBZ":"0","JSJC":2,"XXXQDM":"02","KXH":"90","KSJC":1,"XKZRS":37,"SKZC":"000000000000000110000000000000","SKJS":"王璨","ISTK":0,"ZCMC":"16-17周","YPSJDD":"1-10周 星期一 第1节-第2节 南湖南-博学北楼-202,12-14周 星期一 第1节-第2节 南湖南-博学北楼-202,17周 星期二 第1节-第2节 南湖南-博学北楼-202,16-17周 星期一 第1节-第2节 南湖南-博学北楼-202","XF":2,"SKXQ":1,"XNXQDM":"2024-2025-2","KCM":"大学英语2","JASDM":"0202010202","JXLDM":"020201","JXBID":"20242-12539","SKBJ":"公选-12539","TYXMDM":"11","KCH":"10201121073"},{"KKDWDM":"020","XS":32,"BYBZ":"0","JSJC":7,"XXXQDM":"02","KXH":"178","KSJC":6,"XKZRS":36,"SKZC":"000000000000000110000000000000","SKJS":"王璨","ISTK":0,"ZCMC":"16-17周","YPSJDD":"17周 星期二 第6节-第7节 南湖南-博学北楼-202,1-10周 星期一 第6节-第7节 南湖南-博学北楼-202,12-14周 星期一 第6节-第7节 南湖南-博学北楼-202,16-17周 星期一 第6节-第7节 南湖南-博学北楼-202","XF":2,"SKXQ":1,"XNXQDM":"2024-2025-2","KCM":"大学英语2","JASDM":"0202010202","JXLDM":"020201","JXBID":"20242-12717","SKBJ":"公选-12717","TYXMDM":"11","KCH":"10201121073"},{"KKDWDM":"020","XS":32,"BYBZ":"0","JSJC":4,"XXXQDM":"02","KXH":"170","KSJC":3,"XKZRS":35,"SKZC":"000000000000000010000000000000","SKJS":"靳雯雯","ISTK":0,"ZCMC":"17周","YPSJDD":"17周 星期三 第3节-第4节 南湖南-博学北楼-202,1-5周 星期五 第3节-第4节 南湖南-博学北楼-202,11-16周 星期五 第3节-第4节 南湖南-博学北楼-202,9周 星期日 第3节-第4节 南湖南-博学北楼-202,7-9周 星期五 第3节-第4节 南湖南-博学北楼-202","XF":2,"SKXQ":3,"XNXQDM":"2024-2025-2","KCM":"大学英语2","JASDM":"0202010202","JXLDM":"020201","JXBID":"20242-12700","SKBJ":"公选-12700","TYXMDM":"11","KCH":"10201121073"},{"KKDWDM":"020","XS":32,"BYBZ":"0","JSJC":7,"XXXQDM":"02","KXH":"178","KSJC":6,"XKZRS":36,"SKZC":"000000000000000010000000000000","SKJS":"王璨","ISTK":0,"ZCMC":"17周","YPSJDD":"17周 星期二 第6节-第7节 南湖南-博学北楼-202,1-10周 星期一 第6节-第7节 南湖南-博学北楼-202,12-14周 星期一 第6节-第7节 南湖南-博学北楼-202,16-17周 星期一 第6节-第7节 南湖南-博学北楼-202","XF":2,"SKXQ":2,"XNXQDM":"2024-2025-2","KCM":"大学英语2","JASDM":"0202010202","JXLDM":"020201","JXBID":"20242-12717","SKBJ":"公选-12717","TYXMDM":"11","KCH":"10201121073"},{"KKDWDM":"020","XS":32,"BYBZ":"0","JSJC":4,"XXXQDM":"02","KXH":"99","KSJC":3,"XKZRS":34,"SKZC":"000000000000000010000000000000","SKJS":"王璨","ISTK":0,"ZCMC":"17周","YPSJDD":"12-14周 星期一 第3节-第4节 南湖南-博学北楼-202,17周 星期二 第3节-第4节 南湖南-博学北楼-202,16-17周 星期一 第3节-第4节 南湖南-博学北楼-202,1-10周 星期一 第3节-第4节 南湖南-博学北楼-202","XF":2,"SKXQ":2,"XNXQDM":"2024-2025-2","KCM":"大学英语2","JASDM":"0202010202","JXLDM":"020201","JXBID":"20242-12557","SKBJ":"公选-12557","TYXMDM":"11","KCH":"10201121073"},{"KKDWDM":"020","XS":32,"BYBZ":"0","JSJC":2,"XXXQDM":"02","KXH":"90","KSJC":1,"XKZRS":37,"SKZC":"000000000000000010000000000000","SKJS":"王璨","ISTK":0,"ZCMC":"17周","YPSJDD":"1-10周 星期一 第1节-第2节 南湖南-博学北楼-202,12-14周 星期一 第1节-第2节 南湖南-博学北楼-202,17周 星期二 第1节-第2节 南湖南-博学北楼-202,16-17周 星期一 第1节-第2节 南湖南-博学北楼-202","XF":2,"SKXQ":2,"XNXQDM":"2024-2025-2","KCM":"大学英语2","JASDM":"0202010202","JXLDM":"020201","JXBID":"20242-12539","SKBJ":"公选-12539","TYXMDM":"11","KCH":"10201121073"},{"KKDWDM":"020","XS":32,"BYBZ":"0","JSJC":2,"XXXQDM":"02","KXH":"162","KSJC":1,"XKZRS":36,"SKZC":"000000000000000010000000000000","SKJS":"靳雯雯","ISTK":0,"ZCMC":"17周","YPSJDD":"17周 星期三 第1节-第2节 南湖南-博学北楼-202,7-9周 星期五 第1节-第2节 南湖南-博学北楼-202,9周 星期日 第1节-第2节 南湖南-博学北楼-202,1-5周 星期五 第1节-第2节 南湖南-博学北楼-202,11-16周 星期五 第1节-第2节 南湖南-博学北楼-202","XF":2,"SKXQ":3,"XNXQDM":"2024-2025-2","KCM":"大学英语2","JASDM":"0202010202","JXLDM":"020201","JXBID":"20242-12683","SKBJ":"公选-12683","TYXMDM":"11","KCH":"10201121073"}]}},"code":"0"}