{"datas":{"jaskcb":{"extParams":{"code":1,"msg":"查询成功"},"pageSize":0,"pageNumber":0,"totalSize":-1,"rows":[{"KKDWDM":"012","XS":40,"BYBZ":"0","JSJC":2,"XXXQDM":"02","KXH":"02","KSJC":1,"XKZRS":138,"SKZC":"1111111111111111","SKJS":"颜昕","ISTK":0,"ZCMC":"1-16周","YPSJDD":"1-16周 星期三 第1节-第2节 南湖南-博学东楼-301","XF":2,"SKXQ":3,"XNXQDM":"2024-2025-2","KCM":"通信原理","JASDM":"0202020301","JXLDM":"020202","JXBID":"20242-04856","SKBJ":"软件2301-02,软件zy2301-02","TYXMDM":null,"KCH":"10125121031"},{"KKDWDM":"012","XS":56,"BYBZ":"0","JSJC":4,"XXXQDM":"02","KXH":"07","KSJC":3,"XKZRS":138,"SKZC":"111111111111110000000000000000","SKJS":"张霞","ISTK":0,"ZCMC":"1-14周","YPSJDD":"1-14周 星期二 第3节-第4节 南湖南-博学东楼-301,1-9周 星期四 第1节-第2节 南湖南-博学东楼-301,11-15周 星期四 第1节-第2节 南湖南-博学东楼-301","XF":3,"SKXQ":2,"XNXQDM":"2024-2025-2","KCM":"离散结构","JASDM":"0202020301","JXLDM":"020202","JXBID":"20242-10906","SKBJ":"计算机类2412-14","TYXMDM":null,"KCH":"10124117071"},{"KKDWDM":"021","XS":48,"BYBZ":"0","JSJC":8,"XXXQDM":"02","KXH":"45","KSJC":6,"XKZRS":119,"SKZC":"11111111111111000000","SKJS":"许春涛","ISTK":0,"ZCMC":"1-14周","YPSJDD":"1-14周 星期二 第6节-第8节 南湖南-博学东楼-301","XF":3,"SKXQ":2,"XNXQDM":"2024-2025-2","KCM":"中国近现代史纲要","JASDM":"0202020301","JXLDM":"020202","JXBID":"20242-11859","SKBJ":"工商类2401-04","TYXMDM":null,"KCH":"10211124005"},{"KKDWDM":"018","XS":40,"BYBZ":"0","JSJC":8,"XXXQDM":"02","KXH":"09","KSJC":6,"XKZRS":95,"SKZC":"111111111111000000000000","SKJS":"李郁","ISTK":0,"ZCMC":"1-12周","YPSJDD":"13-14周 星期三 第6节-第7节 南湖南-博学东楼-301,1-12周 星期三 第6节-第8节 南湖南-博学东楼-301","XF":2,"SKXQ":3,"XNXQDM":"2024-2025-2","KCM":"宏观经济学","JASDM":"0202020301","JXLDM":"020202","JXBID":"20242-11446","SKBJ":"经济学类2401-03","TYXMDM":null,"KCH":"10183124157"},{"KKDWDM":"071","XS":48,"BYBZ":"0","JSJC":5,"XXXQDM":"02","KXH":"01","KSJC":3,"XKZRS":124,"SKZC":"111111111111000000000000","SKJS":"韩欢","ISTK":0,"ZCMC":"1-12周","YPSJDD":"13-14周 星期三 第3节-第4节 南湖南-博学东楼-301,1-12周 星期三 第3节-第5节 南湖南-博学东楼-301","XF":3,"SKXQ":3,"XNXQDM":"2024-2025-2","KCM":"数值分析D","JASDM":"0202020301","JXLDM":"020202","JXBID":"20242-04458","SKBJ":"信计2301-02,工力JD2301,数学jd2301","TYXMDM":null,"KCH":"10154121047"},{"KKDWDM":"008","XS":56,"BYBZ":"0","JSJC":2,"XXXQDM":"02","KXH":"11","KSJC":1,"XKZRS":87,"SKZC":"111111111101110000000000000000","SKJS":"石绘,高忠梅","ISTK":0,"ZCMC":"1-10周,12-14周","YPSJDD":"1-10周,12-14周 星期一 第1节-第2节 南湖南-博学东楼-301,1-9周,11-13周 星期四 第3节-第4节 南湖南-博学东楼-310","XF":3,"SKXQ":1,"XNXQDM":"2024-2025-2","KCM":"机械设计基础A","JASDM":"0202020301","JXLDM":"020202","JXBID":"20242-04676","SKBJ":"储能2301-02,车辆gcgj2301","TYXMDM":null,"KCH":"10083121087"},{"KKDWDM":"021","XS":48,"BYBZ":"0","JSJC":8,"XXXQDM":"02","KXH":"14","KSJC":6,"XKZRS":112,"SKZC":"111111111100000000000000000000","SKJS":"季爱民","ISTK":0,"ZCMC":"1-10周","YPSJDD":"1-10周 星期一 第6节-第8节 南湖南-博学东楼-301,16周 星期一 第6节-第8节 南湖南-博学东楼-301,12-14周 星期一 第6节-第8节 南湖南-博学东楼-301","XF":3,"SKXQ":1,"XNXQDM":"2024-2025-2","KCM":"思想道德与法治","JASDM":"0202020301","JXLDM":"020202","JXBID":"20242-11815","SKBJ":"外语类2401-02,外语类2404-05","TYXMDM":null,"KCH":"10211124001"},{"KKDWDM":"071","XS":48,"BYBZ":"0","JSJC":5,"XXXQDM":"02","KXH":"01","KSJC":3,"XKZRS":91,"SKZC":"111111111100000000000000000000","SKJS":"吕小红","ISTK":0,"ZCMC":"1-10周","YPSJDD":"1-10周 星期一 第3节-第5节 南湖南-博学东楼-301,16-17周 星期一 第3节-第5节 南湖南-博学东楼-301,17周 星期二 第3节-第5节 南湖南-博学东楼-301,12-14周 星期一 第3节-第5节 南湖南-博学东楼-301","XF":3,"SKXQ":1,"XNXQDM":"2024-2025-2","KCM":"复变函数A","JASDM":"0202020301","JXLDM":"020202","JXBID":"20242-05430","SKBJ":"信计2301-02,数学jd2301","TYXMDM":null,"KCH":"10154117050"},{"KKDWDM":"022","XS":32,"BYBZ":"0","JSJC":13,"XXXQDM":"02","KXH":"02","KSJC":11,"XKZRS":139,"SKZC":"111111111100000000000000","SKJS":"秦崇文","ISTK":0,"ZCMC":"1-10周","YPSJDD":"11周 星期三 第11节-第12节 南湖南-博学东楼-301,1-10周 星期三 第11节-第13节 南湖南-博学东楼-301","XF":2,"SKXQ":3,"XNXQDM":"2024-2025-2","KCM":"美学(GX)","JASDM":"0202020301","JXLDM":"020202","JXBID":"20242-11695","SKBJ":"公选-11695","TYXMDM":null,"KCH":"10226221426"},{"KKDWDM":"017","XS":32,"BYBZ":"0","JSJC":13,"XXXQDM":"02","KXH":"01","KSJC":11,"XKZRS":67,"SKZC":"111111111100000000000000","SKJS":"吴云","ISTK":0,"ZCMC":"1-10周","YPSJDD":"12周 星期一 第11节-第12节 南湖南-博学东楼-301,1-10周 星期一 第11节-第13节 南湖南-博学东楼-301","XF":2,"SKXQ":1,"XNXQDM":"2024-2025-2","KCM":"项目可行性研究","JASDM":"0202020301","JXLDM":"020202","JXBID":"20242-08179","SKBJ":"公选-08179","TYXMDM":null,"KCH":"10176121330"},{"KKDWDM":"044","XS":32,"BYBZ":"0","JSJC":13,"XXXQDM":"02","KXH":"04","KSJC":11,"XKZRS":140,"SKZC":"111111111100000000000000","SKJS":"王洋","ISTK":0,"ZCMC":"1-10周","YPSJDD":"11周 星期二 第11节-第12节 南湖南-博学东楼-301,1-10周 星期二 第11节-第13节 南湖南-博学东楼-301","XF":2,"SKXQ":2,"XNXQDM":"2024-2025-2","KCM":"交响音乐赏析(GX)","JASDM":"0202020301","JXLDM":"020202","JXBID":"20242-11590","SKBJ":"公选-11590","TYXMDM":null,"KCH":"10442121069"},{"KKDWDM":"017","XS":40,"BYBZ":"0","JSJC":5,"XXXQDM":"02","KXH":"08","KSJC":3,"XKZRS":120,"SKZC":"111111111011100000000000","SKJS":"孙旭鹏","ISTK":0,"ZCMC":"1-9周,11-13周","YPSJDD":"14-15周 星期四 第3节-第4节 南湖南-博学东楼-301,1-9周,11-13周 星期四 第3节-第5节 南湖南-博学东楼-301","XF":2,"SKXQ":4,"XNXQDM":"2024-2025-2","KCM":"会计学","JASDM":"0202020301","JXLDM":"020202","JXBID":"20242-09780","SKBJ":"经济学类2401-04","TYXMDM":null,"KCH":"10174121170"},{"KKDWDM":"012","XS":56,"BYBZ":"0","JSJC":2,"XXXQDM":"02","KXH":"07","KSJC":1,"XKZRS":138,"SKZC":"111111111000000000000000000000","SKJS":"张霞","ISTK":0,"ZCMC":"1-9周","YPSJDD":"1-14周 星期二 第3节-第4节 南湖南-博学东楼-301,1-9周 星期四 第1节-第2节 南湖南-博学东楼-301,11-15周 星期四 第1节-第2节 南湖南-博学东楼-301","XF":3,"SKXQ":4,"XNXQDM":"2024-2025-2","KCM":"离散结构","JASDM":"0202020301","JXLDM":"020202","JXBID":"20242-10906","SKBJ":"计算机类2412-14","TYXMDM":null,"KCH":"10124117071"},{"KKDWDM":"022","XS":24,"BYBZ":"0","JSJC":13,"XXXQDM":"02","KXH":"01","KSJC":11,"XKZRS":139,"SKZC":"111111110000000000000000","SKJS":"李明文","ISTK":0,"ZCMC":"1-8周","YPSJDD":"1-8周 星期四 第11节-第13节 南湖南-博学东楼-301","XF":1,"SKXQ":4,"XNXQDM":"2024-2025-2","KCM":"新闻学概论(GX)","JASDM":"0202020301","JXLDM":"020202","JXBID":"20242-08621","SKBJ":"公选-08621","TYXMDM":null,"KCH":"10222121260"},{"KKDWDM":"021","XS":48,"BYBZ":"0","JSJC":8,"XXXQDM":"02","KXH":"22","KSJC":6,"XKZRS":109,"SKZC":"111110000000000000000000000000","SKJS":"徐衍","ISTK":0,"ZCMC":"1-5周","YPSJDD":"7-9周 星期五 第6节-第8节 南湖南-博学东楼-301,1-5周 星期五 第6节-第8节 南湖南-博学东楼-301,11-15周 星期五 第6节-第8节 南湖南-博学东楼-301,9周 星期日 第6节-第8节 南湖南-博学东楼-301","XF":3,"SKXQ":5,"XNXQDM":"2024-2025-2","KCM":"思想道德与法治","JASDM":"0202020301","JXLDM":"020202","JXBID":"20242-10178","SKBJ":"计算机类2413-14,软件sy2401","TYXMDM":null,"KCH":"10211124001"},{"KKDWDM":"021","XS":36,"BYBZ":"0","JSJC":5,"XXXQDM":"02","KXH":"78","KSJC":3,"XKZRS":108,"SKZC":"111110000000000000000000000000","SKJS":"张煜","ISTK":0,"ZCMC":"1-5周","YPSJDD":"7-9周 星期五 第3节-第5节 南湖南-博学东楼-301,11-13周 星期五 第3节-第5节 南湖南-博学东楼-301,9周 星期日 第3节-第5节 南湖南-博学东楼-301,1-5周 星期五 第3节-第5节 南湖南-博学东楼-301","XF":2,"SKXQ":5,"XNXQDM":"2024-2025-2","KCM":"习近平新时代中国特色社会主义思想概论","JASDM":"0202020301","JXLDM":"020202","JXBID":"20242-04952","SKBJ":"物理JD2301,电信科2301-02","TYXMDM":null,"KCH":"10211121033"},{"KKDWDM":"021","XS":48,"BYBZ":"0","JSJC":8,"XXXQDM":"02","KXH":"22","KSJC":6,"XKZRS":109,"SKZC":"000000111000000000000000000000","SKJS":"徐衍","ISTK":0,"ZCMC":"7-9周","YPSJDD":"7-9周 星期五 第6节-第8节 南湖南-博学东楼-301,1-5周 星期五 第6节-第8节 南湖南-博学东楼-301,11-15周 星期五 第6节-第8节 南湖南-博学东楼-301,9周 星期日 第6节-第8节 南湖南-博学东楼-301","XF":3,"SKXQ":5,"XNXQDM":"2024-2025-2","KCM":"思想道德与法治","JASDM":"0202020301","JXLDM":"020202","JXBID":"20242-10178","SKBJ":"计算机类2413-14,软件sy2401","TYXMDM":null,"KCH":"10211124001"},{"KKDWDM":"021","XS":36,"BYBZ":"0","JSJC":5,"XXXQDM":"02","KXH":"78","KSJC":3,"XKZRS":108,"SKZC":"000000111000000000000000000000","SKJS":"张煜","ISTK":0,"ZCMC":"7-9周","YPSJDD":"7-9周 星期五 第3节-第5节 南湖南-博学东楼-301,11-13周 星期五 第3节-第5节 南湖南-博学东楼-301,9周 星期日 第3节-第5节 南湖南-博学东楼-301,1-5周 星期五 第3节-第5节 南湖南-博学东楼-301","XF":2,"SKXQ":5,"XNXQDM":"2024-2025-2","KCM":"习近平新时代中国特色社会主义思想概论","JASDM":"0202020301","JXLDM":"020202","JXBID":"20242-04952","SKBJ":"物理JD2301,电信科2301-02","TYXMDM":null,"KCH":"10211121033"},{"KKDWDM":"021","XS":8,"BYBZ":"0","JSJC":7,"XXXQDM":"02","KXH":"567","KSJC":6,"XKZRS":138,"SKZC":"000000011011000000000000","SKJS":"牟颖","ISTK":0,"ZCMC":"8-9周,11-12周","YPSJDD":"8-9周,11-12周 星期四 第6节-第7节 南湖南-博学东楼-301","XF":0,"SKXQ":4,"XNXQDM":"2024-2025-2","KCM":"形势与政策","JASDM":"0202020301","JXLDM":"020202","JXBID":"20242-14158","SKBJ":null,"TYXMDM":null,"KCH":"10218121092"},{"KKDWDM":"021","XS":8,"BYBZ":"0","JSJC":10,"XXXQDM":"02","KXH":"590","KSJC":9,"XKZRS":139,"SKZC":"000000011011000000000000","SKJS":"王照地","ISTK":0,"ZCMC":"8-9周,11-12周","YPSJDD":"8-9周,11-12周 星期四 第9节-第10节 南湖南-博学东楼-301","XF":0,"SKXQ":4,"XNXQDM":"2024-2025-2","KCM":"形势与政策","JASDM":"0202020301","JXLDM":"020202","JXBID":"20242-14181","SKBJ":null,"TYXMDM":null,"KCH":"10218121092"},{"KKDWDM":"021","XS":36,"BYBZ":"0","JSJC":5,"XXXQDM":"02","KXH":"78","KSJC":3,"XKZRS":108,"SKZC":"000000001000000000000000000000","SKJS":"张煜","ISTK":0,"ZCMC":"9周","YPSJDD":"7-9周 星期五 第3节-第5节 南湖南-博学东楼-301,11-13周 星期五 第3节-第5节 南湖南-博学东楼-301,9周 星期日 第3节-第5节 南湖南-博学东楼-301,1-5周 星期五 第3节-第5节 南湖南-博学东楼-301","XF":2,"SKXQ":7,"XNXQDM":"2024-2025-2","KCM":"习近平新时代中国特色社会主义思想概论","JASDM":"0202020301","JXLDM":"020202","JXBID":"20242-04952","SKBJ":"物理JD2301,电信科2301-02","TYXMDM":null,"KCH":"10211121033"},{"KKDWDM":"021","XS":48,"BYBZ":"0","JSJC":8,"XXXQDM":"02","KXH":"22","KSJC":6,"XKZRS":109,"SKZC":"000000001000000000000000000000","SKJS":"徐衍","ISTK":0,"ZCMC":"9周","YPSJDD":"7-9周 星期五 第6节-第8节 南湖南-博学东楼-301,1-5周 星期五 第6节-第8节 南湖南-博学东楼-301,11-15周 星期五 第6节-第8节 南湖南-博学东楼-301,9周 星期日 第6节-第8节 南湖南-博学东楼-301","XF":3,"SKXQ":7,"XNXQDM":"2024-2025-2","KCM":"思想道德与法治","JASDM":"0202020301","JXLDM":"020202","JXBID":"20242-10178","SKBJ":"计算机类2413-14,软件sy2401","TYXMDM":null,"KCH":"10211124001"},{"KKDWDM":"021","XS":48,"BYBZ":"0","JSJC":8,"XXXQDM":"02","KXH":"22","KSJC":6,"XKZRS":109,"SKZC":"000000000011111000000000000000","SKJS":"徐衍","ISTK":0,"ZCMC":"11-15周","YPSJDD":"7-9周 星期五 第6节-第8节 南湖南-博学东楼-301,1-5周 星期五 第6节-第8节 南湖南-博学东楼-301,11-15周 星期五 第6节-第8节 南湖南-博学东楼-301,9周 星期日 第6节-第8节 南湖南-博学东楼-301","XF":3,"SKXQ":5,"XNXQDM":"2024-2025-2","KCM":"思想道德与法治","JASDM":"0202020301","JXLDM":"020202","JXBID":"20242-10178","SKBJ":"计算机类2413-14,软件sy2401","TYXMDM":null,"KCH":"10211124001"},{"KKDWDM":"012","XS":56,"BYBZ":"0","JSJC":2,"XXXQDM":"02","KXH":"07","KSJC":1,"XKZRS":138,"SKZC":"000000000011111000000000000000","SKJS":"张霞","ISTK":0,"ZCMC":"11-15周","YPSJDD":"1-14周 星期二 第3节-第4节 南湖南-博学东楼-301,1-9周 星期四 第1节-第2节 南湖南-博学东楼-301,11-15周 星期四 第1节-第2节 南湖南-博学东楼-301","XF":3,"SKXQ":4,"XNXQDM":"2024-2025-2","KCM":"离散结构","JASDM":"0202020301","JXLDM":"020202","JXBID":"20242-10906","SKBJ":"计算机类2412-14","TYXMDM":null,"KCH":"10124117071"},{"KKDWDM":"021","XS":36,"BYBZ":"0","JSJC":5,"XXXQDM":"02","KXH":"78","KSJC":3,"XKZRS":108,"SKZC":"000000000011100000000000000000","SKJS":"张煜","ISTK":0,"ZCMC":"11-13周","YPSJDD":"7-9周 星期五 第3节-第5节 南湖南-博学东楼-301,11-13周 星期五 第3节-第5节 南湖南-博学东楼-301,9周 星期日 第3节-第5节 南湖南-博学东楼-301,1-5周 星期五 第3节-第5节 南湖南-博学东楼-301","XF":2,"SKXQ":5,"XNXQDM":"2024-2025-2","KCM":"习近平新时代中国特色社会主义思想概论","JASDM":"0202020301","JXLDM":"020202","JXBID":"20242-04952","SKBJ":"物理JD2301,电信科2301-02","TYXMDM":null,"KCH":"10211121033"},{"KKDWDM":"022","XS":32,"BYBZ":"0","JSJC":12,"XXXQDM":"02","KXH":"02","KSJC":11,"XKZRS":139,"SKZC":"000000000010000000000000","SKJS":"秦崇文","ISTK":0,"ZCMC":"11周","YPSJDD":"11周 星期三 第11节-第12节 南湖南-博学东楼-301,1-10周 星期三 第11节-第13节 南湖南-博学东楼-301","XF":2,"SKXQ":3,"XNXQDM":"2024-2025-2","KCM":"美学(GX)","JASDM":"0202020301","JXLDM":"020202","JXBID":"20242-11695","SKBJ":"公选-11695","TYXMDM":null,"KCH":"10226221426"},{"KKDWDM":"044","XS":32,"BYBZ":"0","JSJC":12,"XXXQDM":"02","KXH":"04","KSJC":11,"XKZRS":140,"SKZC":"000000000010000000000000","SKJS":"王洋","ISTK":0,"ZCMC":"11周","YPSJDD":"11周 星期二 第11节-第12节 南湖南-博学东楼-301,1-10周 星期二 第11节-第13节 南湖南-博学东楼-301","XF":2,"SKXQ":2,"XNXQDM":"2024-2025-2","KCM":"交响音乐赏析(GX)","JASDM":"0202020301","JXLDM":"020202","JXBID":"20242-11590","SKBJ":"公选-11590","TYXMDM":null,"KCH":"10442121069"},{"KKDWDM":"021","XS":48,"BYBZ":"0","JSJC":8,"XXXQDM":"02","KXH":"14","KSJC":6,"XKZRS":112,"SKZC":"000000000001110000000000000000","SKJS":"季爱民","ISTK":0,"ZCMC":"12-14周","YPSJDD":"1-10周 星期一 第6节-第8节 南湖南-博学东楼-301,16周 星期一 第6节-第8节 南湖南-博学东楼-301,12-14周 星期一 第6节-第8节 南湖南-博学东楼-301","XF":3,"SKXQ":1,"XNXQDM":"2024-2025-2","KCM":"思想道德与法治","JASDM":"0202020301","JXLDM":"020202","JXBID":"20242-11815","SKBJ":"外语类2401-02,外语类2404-05","TYXMDM":null,"KCH":"10211124001"},{"KKDWDM":"071","XS":48,"BYBZ":"0","JSJC":5,"XXXQDM":"02","KXH":"01","KSJC":3,"XKZRS":91,"SKZC":"000000000001110000000000000000","SKJS":"吕小红","ISTK":0,"ZCMC":"12-14周","YPSJDD":"1-10周 星期一 第3节-第5节 南湖南-博学东楼-301,16-17周 星期一 第3节-第5节 南湖南-博学东楼-301,17周 星期二 第3节-第5节 南湖南-博学东楼-301,12-14周 星期一 第3节-第5节 南湖南-博学东楼-301","XF":3,"SKXQ":1,"XNXQDM":"2024-2025-2","KCM":"复变函数A","JASDM":"0202020301","JXLDM":"020202","JXBID":"20242-05430","SKBJ":"信计2301-02,数学jd2301","TYXMDM":null,"KCH":"10154117050"},{"KKDWDM":"017","XS":32,"BYBZ":"0","JSJC":12,"XXXQDM":"02","KXH":"01","KSJC":11,"XKZRS":67,"SKZC":"000000000001000000000000","SKJS":"吴云","ISTK":0,"ZCMC":"12周","YPSJDD":"12周 星期一 第11节-第12节 南湖南-博学东楼-301,1-10周 星期一 第11节-第13节 南湖南-博学东楼-301","XF":2,"SKXQ":1,"XNXQDM":"2024-2025-2","KCM":"项目可行性研究","JASDM":"0202020301","JXLDM":"020202","JXBID":"20242-08179","SKBJ":"公选-08179","TYXMDM":null,"KCH":"10176121330"},{"KKDWDM":"021","XS":8,"BYBZ":"0","JSJC":7,"XXXQDM":"02","KXH":"612","KSJC":6,"XKZRS":138,"SKZC":"0000000000001111","SKJS":"卢文婧","ISTK":0,"ZCMC":"13-16周","YPSJDD":"13-16周 星期四 第6节-第7节 南湖南-博学东楼-301","XF":0,"SKXQ":4,"XNXQDM":"2024-2025-2","KCM":"形势与政策","JASDM":"0202020301","JXLDM":"020202","JXBID":"20242-14203","SKBJ":null,"TYXMDM":null,"KCH":"10218121092"},{"KKDWDM":"021","XS":8,"BYBZ":"0","JSJC":10,"XXXQDM":"02","KXH":"635","KSJC":9,"XKZRS":138,"SKZC":"0000000000001111","SKJS":"贾英迪","ISTK":0,"ZCMC":"13-16周","YPSJDD":"13-16周 星期四 第9节-第10节 南湖南-博学东楼-301","XF":0,"SKXQ":4,"XNXQDM":"2024-2025-2","KCM":"形势与政策","JASDM":"0202020301","JXLDM":"020202","JXBID":"20242-14226","SKBJ":null,"TYXMDM":null,"KCH":"10218121092"},{"KKDWDM":"071","XS":48,"BYBZ":"0","JSJC":4,"XXXQDM":"02","KXH":"01","KSJC":3,"XKZRS":124,"SKZC":"000000000000110000000000","SKJS":"韩欢","ISTK":0,"ZCMC":"13-14周","YPSJDD":"13-14周 星期三 第3节-第4节 南湖南-博学东楼-301,1-12周 星期三 第3节-第5节 南湖南-博学东楼-301","XF":3,"SKXQ":3,"XNXQDM":"2024-2025-2","KCM":"数值分析D","JASDM":"0202020301","JXLDM":"020202","JXBID":"20242-04458","SKBJ":"信计2301-02,工力JD2301,数学jd2301","TYXMDM":null,"KCH":"10154121047"},{"KKDWDM":"018","XS":40,"BYBZ":"0","JSJC":7,"XXXQDM":"02","KXH":"09","KSJC":6,"XKZRS":95,"SKZC":"000000000000110000000000","SKJS":"李郁","ISTK":0,"ZCMC":"13-14周","YPSJDD":"13-14周 星期三 第6节-第7节 南湖南-博学东楼-301,1-12周 星期三 第6节-第8节 南湖南-博学东楼-301","XF":2,"SKXQ":3,"XNXQDM":"2024-2025-2","KCM":"宏观经济学","JASDM":"0202020301","JXLDM":"020202","JXBID":"20242-11446","SKBJ":"经济学类2401-03","TYXMDM":null,"KCH":"10183124157"},{"KKDWDM":"017","XS":40,"BYBZ":"0","JSJC":4,"XXXQDM":"02","KXH":"08","KSJC":3,"XKZRS":120,"SKZC":"000000000000011000000000","SKJS":"孙旭鹏","ISTK":0,"ZCMC":"14-15周","YPSJDD":"14-15周 星期四 第3节-第4节 南湖南-博学东楼-301,1-9周,11-13周 星期四 第3节-第5节 南湖南-博学东楼-301","XF":2,"SKXQ":4,"XNXQDM":"2024-2025-2","KCM":"会计学","JASDM":"0202020301","JXLDM":"020202","JXBID":"20242-09780","SKBJ":"经济学类2401-04","TYXMDM":null,"KCH":"10174121170"},{"KKDWDM":"071","XS":48,"BYBZ":"0","JSJC":5,"XXXQDM":"02","KXH":"01","KSJC":3,"XKZRS":91,"SKZC":"000000000000000110000000000000","SKJS":"吕小红","ISTK":0,"ZCMC":"16-17周","YPSJDD":"1-10周 星期一 第3节-第5节 南湖南-博学东楼-301,16-17周 星期一 第3节-第5节 南湖南-博学东楼-301,17周 星期二 第3节-第5节 南湖南-博学东楼-301,12-14周 星期一 第3节-第5节 南湖南-博学东楼-301","XF":3,"SKXQ":1,"XNXQDM":"2024-2025-2","KCM":"复变函数A","JASDM":"0202020301","JXLDM":"020202","JXBID":"20242-05430","SKBJ":"信计2301-02,数学jd2301","TYXMDM":null,"KCH":"10154117050"},{"KKDWDM":"021","XS":48,"BYBZ":"0","JSJC":8,"XXXQDM":"02","KXH":"14","KSJC":6,"XKZRS":112,"SKZC":"000000000000000100000000000000","SKJS":"季爱民","ISTK":0,"ZCMC":"16周","YPSJDD":"1-10周 星期一 第6节-第8节 南湖南-博学东楼-301,16周 星期一 第6节-第8节 南湖南-博学东楼-301,12-14周 星期一 第6节-第8节 南湖南-博学东楼-301","XF":3,"SKXQ":1,"XNXQDM":"2024-2025-2","KCM":"思想道德与法治","JASDM":"0202020301","JXLDM":"020202","JXBID":"20242-11815","SKBJ":"外语类2401-02,外语类2404-05","TYXMDM":null,"KCH":"10211124001"},{"KKDWDM":"071","XS":48,"BYBZ":"0","JSJC":5,"XXXQDM":"02","KXH":"01","KSJC":3,"XKZRS":91,"SKZC":"000000000000000010000000000000","SKJS":"吕小红","ISTK":0,"ZCMC":"17周","YPSJDD":"1-10周 星期一 第3节-第5节 南湖南-博学东楼-301,16-17周 星期一 第3节-第5节 南湖南-博学东楼-301,17周 星期二 第3节-第5节 南湖南-博学东楼-301,12-14周 星期一 第3节-第5节 南湖南-博学东楼-301","XF":3,"SKXQ":2,"XNXQDM":"2024-2025-2","KCM":"复变函数A","JASDM":"0202020301","JXLDM":"020202","JXBID":"20242-05430","SKBJ":"信计2301-02,数学jd2301","TYXMDM":null,"KCH":"10154117050"}]}},"code":"0"}