{"datas":{"jaskcb":{"extParams":{"code":1,"msg":"查询成功"},"pageSize":0,"pageNumber":0,"totalSize":-1,"rows":[{"KKDWDM":"020","XS":32,"BYBZ":"0","JSJC":2,"XXXQDM":"02","KXH":"19","KSJC":1,"XKZRS":34,"SKZC":"1111111111111111","SKJS":"周静","ISTK":0,"ZCMC":"1-16周","YPSJDD":"1-16周 星期三 第1节-第2节 南湖南-博学北楼-309","XF":2,"SKXQ":3,"XNXQDM":"2024-2025-2","KCM":"英语国家概况","JASDM":"0202010309","JXLDM":"020201","JXBID":"20242-12879","SKBJ":"公选-12879","TYXMDM":"11","KCH":"10201117103"},{"KKDWDM":"020","XS":32,"BYBZ":"0","JSJC":7,"XXXQDM":"02","KXH":"34","KSJC":6,"XKZRS":30,"SKZC":"1111111111111111","SKJS":"樊晓丽","ISTK":0,"ZCMC":"1-16周","YPSJDD":"1-16周 星期二 第6节-第7节 南湖南-博学北楼-309","XF":2,"SKXQ":2,"XNXQDM":"2024-2025-2","KCM":"英语国家概况","JASDM":"0202010309","JXLDM":"020201","JXBID":"20242-13778","SKBJ":"公选-13778","TYXMDM":"11","KCH":"10201117103"},{"KKDWDM":"020","XS":32,"BYBZ":"0","JSJC":4,"XXXQDM":"02","KXH":"23","KSJC":3,"XKZRS":35,"SKZC":"1111111111111111","SKJS":"周静","ISTK":0,"ZCMC":"1-16周","YPSJDD":"1-16周 星期三 第3节-第4节 南湖南-博学北楼-309","XF":2,"SKXQ":3,"XNXQDM":"2024-2025-2","KCM":"英语国家概况","JASDM":"0202010309","JXLDM":"020201","JXBID":"20242-12896","SKBJ":"公选-12896","TYXMDM":"11","KCH":"10201117103"},{"KKDWDM":"020","XS":32,"BYBZ":"0","JSJC":2,"XXXQDM":"02","KXH":"10","KSJC":1,"XKZRS":35,"SKZC":"1111111111111111","SKJS":"樊晓丽","ISTK":0,"ZCMC":"1-16周","YPSJDD":"1-16周 星期二 第1节-第2节 南湖南-博学北楼-309","XF":2,"SKXQ":2,"XNXQDM":"2024-2025-2","KCM":"英语国家概况","JASDM":"0202010309","JXLDM":"020201","JXBID":"20242-12845","SKBJ":"公选-12845","TYXMDM":"11","KCH":"10201117103"},{"KKDWDM":"020","XS":32,"BYBZ":"0","JSJC":2,"XXXQDM":"02","KXH":"02","KSJC":1,"XKZRS":27,"SKZC":"111111111100000000000000000000","SKJS":"樊晓丽","ISTK":0,"ZCMC":"1-10周","YPSJDD":"17周 星期二 第1节-第2节 南湖南-博学北楼-309,1-10周 星期一 第1节-第2节 南湖南-博学北楼-309,12-14周 星期一 第1节-第2节 南湖南-博学北楼-309,16-17周 星期一 第1节-第2节 南湖南-博学北楼-309","XF":2,"SKXQ":1,"XNXQDM":"2024-2025-2","KCM":"英语国家概况","JASDM":"0202010309","JXLDM":"020201","JXBID":"20242-12809","SKBJ":"公选-12809","TYXMDM":"11","KCH":"10201117103"},{"KKDWDM":"020","XS":32,"BYBZ":"0","JSJC":4,"XXXQDM":"02","KXH":"06","KSJC":3,"XKZRS":35,"SKZC":"111111111100000000000000000000","SKJS":"樊晓丽","ISTK":0,"ZCMC":"1-10周","YPSJDD":"17周 星期二 第3节-第4节 南湖南-博学北楼-309,16-17周 星期一 第3节-第4节 南湖南-博学北楼-309,1-10周 星期一 第3节-第4节 南湖南-博学北楼-309,12-14周 星期一 第3节-第4节 南湖南-博学北楼-309","XF":2,"SKXQ":1,"XNXQDM":"2024-2025-2","KCM":"英语国家概况","JASDM":"0202010309","JXLDM":"020201","JXBID":"20242-12827","SKBJ":"公选-12827","TYXMDM":"11","KCH":"10201117103"},{"KKDWDM":"020","XS":48,"BYBZ":"0","JSJC":2,"XXXQDM":"02","KXH":"10","KSJC":1,"XKZRS":32,"SKZC":"111111111000000000000000000000","SKJS":"张祺","ISTK":0,"ZCMC":"1-9周","YPSJDD":"11-17周 星期四 第1节-第2节 南湖南-博学北楼-309,1-9周 星期四 第1节-第2节 南湖南-博学北楼-309","XF":2,"SKXQ":4,"XNXQDM":"2024-2025-2","KCM":"美国历史与文化","JASDM":"0202010309","JXLDM":"020201","JXBID":"20242-12913","SKBJ":"公选-12913","TYXMDM":"11","KCH":"10201117160"},{"KKDWDM":"020","XS":48,"BYBZ":"0","JSJC":4,"XXXQDM":"02","KXH":"14","KSJC":3,"XKZRS":35,"SKZC":"111111111000000000000000000000","SKJS":"张祺","ISTK":0,"ZCMC":"1-9周","YPSJDD":"1-9周 星期四 第3节-第4节 南湖南-博学北楼-309,11-17周 星期四 第3节-第4节 南湖南-博学北楼-309","XF":2,"SKXQ":4,"XNXQDM":"2024-2025-2","KCM":"美国历史与文化","JASDM":"0202010309","JXLDM":"020201","JXBID":"20242-12931","SKBJ":"公选-12931","TYXMDM":"11","KCH":"10201117160"},{"KKDWDM":"020","XS":48,"BYBZ":"0","JSJC":4,"XXXQDM":"02","KXH":"21","KSJC":3,"XKZRS":34,"SKZC":"111110000000000000000000000000","SKJS":"张祺","ISTK":0,"ZCMC":"1-5周","YPSJDD":"11-16周 星期五 第3节-第4节 南湖南-博学北楼-309,9周 星期日 第3节-第4节 南湖南-博学北楼-309,17周 星期三 第3节-第4节 南湖南-博学北楼-309,1-5周 星期五 第3节-第4节 南湖南-博学北楼-309,7-9周 星期五 第3节-第4节 南湖南-博学北楼-309","XF":2,"SKXQ":5,"XNXQDM":"2024-2025-2","KCM":"美国历史与文化","JASDM":"0202010309","JXLDM":"020201","JXBID":"20242-12966","SKBJ":"公选-12966","TYXMDM":"11","KCH":"10201117160"},{"KKDWDM":"020","XS":48,"BYBZ":"0","JSJC":2,"XXXQDM":"02","KXH":"18","KSJC":1,"XKZRS":34,"SKZC":"111110000000000000000000000000","SKJS":"张祺","ISTK":0,"ZCMC":"1-5周","YPSJDD":"9周 星期日 第1节-第2节 南湖南-博学北楼-309,7-9周 星期五 第1节-第2节 南湖南-博学北楼-309,1-5周 星期五 第1节-第2节 南湖南-博学北楼-309,17周 星期三 第1节-第2节 南湖南-博学北楼-309,11-16周 星期五 第1节-第2节 南湖南-博学北楼-309","XF":2,"SKXQ":5,"XNXQDM":"2024-2025-2","KCM":"美国历史与文化","JASDM":"0202010309","JXLDM":"020201","JXBID":"20242-12949","SKBJ":"公选-12949","TYXMDM":"11","KCH":"10201117160"},{"KKDWDM":"020","XS":48,"BYBZ":"0","JSJC":4,"XXXQDM":"02","KXH":"21","KSJC":3,"XKZRS":34,"SKZC":"000000111000000000000000000000","SKJS":"张祺","ISTK":0,"ZCMC":"7-9周","YPSJDD":"11-16周 星期五 第3节-第4节 南湖南-博学北楼-309,9周 星期日 第3节-第4节 南湖南-博学北楼-309,17周 星期三 第3节-第4节 南湖南-博学北楼-309,1-5周 星期五 第3节-第4节 南湖南-博学北楼-309,7-9周 星期五 第3节-第4节 南湖南-博学北楼-309","XF":2,"SKXQ":5,"XNXQDM":"2024-2025-2","KCM":"美国历史与文化","JASDM":"0202010309","JXLDM":"020201","JXBID":"20242-12966","SKBJ":"公选-12966","TYXMDM":"11","KCH":"10201117160"},{"KKDWDM":"020","XS":48,"BYBZ":"0","JSJC":2,"XXXQDM":"02","KXH":"18","KSJC":1,"XKZRS":34,"SKZC":"000000111000000000000000000000","SKJS":"张祺","ISTK":0,"ZCMC":"7-9周","YPSJDD":"9周 星期日 第1节-第2节 南湖南-博学北楼-309,7-9周 星期五 第1节-第2节 南湖南-博学北楼-309,1-5周 星期五 第1节-第2节 南湖南-博学北楼-309,17周 星期三 第1节-第2节 南湖南-博学北楼-309,11-16周 星期五 第1节-第2节 南湖南-博学北楼-309","XF":2,"SKXQ":5,"XNXQDM":"2024-2025-2","KCM":"美国历史与文化","JASDM":"0202010309","JXLDM":"020201","JXBID":"20242-12949","SKBJ":"公选-12949","TYXMDM":"11","KCH":"10201117160"},{"KKDWDM":"020","XS":48,"BYBZ":"0","JSJC":2,"XXXQDM":"02","KXH":"18","KSJC":1,"XKZRS":34,"SKZC":"000000001000000000000000000000","SKJS":"张祺","ISTK":0,"ZCMC":"9周","YPSJDD":"9周 星期日 第1节-第2节 南湖南-博学北楼-309,7-9周 星期五 第1节-第2节 南湖南-博学北楼-309,1-5周 星期五 第1节-第2节 南湖南-博学北楼-309,17周 星期三 第1节-第2节 南湖南-博学北楼-309,11-16周 星期五 第1节-第2节 南湖南-博学北楼-309","XF":2,"SKXQ":7,"XNXQDM":"2024-2025-2","KCM":"美国历史与文化","JASDM":"0202010309","JXLDM":"020201","JXBID":"20242-12949","SKBJ":"公选-12949","TYXMDM":"11","KCH":"10201117160"},{"KKDWDM":"020","XS":48,"BYBZ":"0","JSJC":4,"XXXQDM":"02","KXH":"21","KSJC":3,"XKZRS":34,"SKZC":"000000001000000000000000000000","SKJS":"张祺","ISTK":0,"ZCMC":"9周","YPSJDD":"11-16周 星期五 第3节-第4节 南湖南-博学北楼-309,9周 星期日 第3节-第4节 南湖南-博学北楼-309,17周 星期三 第3节-第4节 南湖南-博学北楼-309,1-5周 星期五 第3节-第4节 南湖南-博学北楼-309,7-9周 星期五 第3节-第4节 南湖南-博学北楼-309","XF":2,"SKXQ":7,"XNXQDM":"2024-2025-2","KCM":"美国历史与文化","JASDM":"0202010309","JXLDM":"020201","JXBID":"20242-12966","SKBJ":"公选-12966","TYXMDM":"11","KCH":"10201117160"},{"KKDWDM":"020","XS":48,"BYBZ":"0","JSJC":4,"XXXQDM":"02","KXH":"14","KSJC":3,"XKZRS":35,"SKZC":"000000000011111110000000000000","SKJS":"张祺","ISTK":0,"ZCMC":"11-17周","YPSJDD":"1-9周 星期四 第3节-第4节 南湖南-博学北楼-309,11-17周 星期四 第3节-第4节 南湖南-博学北楼-309","XF":2,"SKXQ":4,"XNXQDM":"2024-2025-2","KCM":"美国历史与文化","JASDM":"0202010309","JXLDM":"020201","JXBID":"20242-12931","SKBJ":"公选-12931","TYXMDM":"11","KCH":"10201117160"},{"KKDWDM":"020","XS":48,"BYBZ":"0","JSJC":2,"XXXQDM":"02","KXH":"10","KSJC":1,"XKZRS":32,"SKZC":"000000000011111110000000000000","SKJS":"张祺","ISTK":0,"ZCMC":"11-17周","YPSJDD":"11-17周 星期四 第1节-第2节 南湖南-博学北楼-309,1-9周 星期四 第1节-第2节 南湖南-博学北楼-309","XF":2,"SKXQ":4,"XNXQDM":"2024-2025-2","KCM":"美国历史与文化","JASDM":"0202010309","JXLDM":"020201","JXBID":"20242-12913","SKBJ":"公选-12913","TYXMDM":"11","KCH":"10201117160"},{"KKDWDM":"020","XS":48,"BYBZ":"0","JSJC":4,"XXXQDM":"02","KXH":"21","KSJC":3,"XKZRS":34,"SKZC":"000000000011111100000000000000","SKJS":"张祺","ISTK":0,"ZCMC":"11-16周","YPSJDD":"11-16周 星期五 第3节-第4节 南湖南-博学北楼-309,9周 星期日 第3节-第4节 南湖南-博学北楼-309,17周 星期三 第3节-第4节 南湖南-博学北楼-309,1-5周 星期五 第3节-第4节 南湖南-博学北楼-309,7-9周 星期五 第3节-第4节 南湖南-博学北楼-309","XF":2,"SKXQ":5,"XNXQDM":"2024-2025-2","KCM":"美国历史与文化","JASDM":"0202010309","JXLDM":"020201","JXBID":"20242-12966","SKBJ":"公选-12966","TYXMDM":"11","KCH":"10201117160"},{"KKDWDM":"020","XS":48,"BYBZ":"0","JSJC":2,"XXXQDM":"02","KXH":"18","KSJC":1,"XKZRS":34,"SKZC":"000000000011111100000000000000","SKJS":"张祺","ISTK":0,"ZCMC":"11-16周","YPSJDD":"9周 星期日 第1节-第2节 南湖南-博学北楼-309,7-9周 星期五 第1节-第2节 南湖南-博学北楼-309,1-5周 星期五 第1节-第2节 南湖南-博学北楼-309,17周 星期三 第1节-第2节 南湖南-博学北楼-309,11-16周 星期五 第1节-第2节 南湖南-博学北楼-309","XF":2,"SKXQ":5,"XNXQDM":"2024-2025-2","KCM":"美国历史与文化","JASDM":"0202010309","JXLDM":"020201","JXBID":"20242-12949","SKBJ":"公选-12949","TYXMDM":"11","KCH":"10201117160"},{"KKDWDM":"020","XS":32,"BYBZ":"0","JSJC":2,"XXXQDM":"02","KXH":"02","KSJC":1,"XKZRS":27,"SKZC":"000000000001110000000000000000","SKJS":"樊晓丽","ISTK":0,"ZCMC":"12-14周","YPSJDD":"17周 星期二 第1节-第2节 南湖南-博学北楼-309,1-10周 星期一 第1节-第2节 南湖南-博学北楼-309,12-14周 星期一 第1节-第2节 南湖南-博学北楼-309,16-17周 星期一 第1节-第2节 南湖南-博学北楼-309","XF":2,"SKXQ":1,"XNXQDM":"2024-2025-2","KCM":"英语国家概况","JASDM":"0202010309","JXLDM":"020201","JXBID":"20242-12809","SKBJ":"公选-12809","TYXMDM":"11","KCH":"10201117103"},{"KKDWDM":"020","XS":32,"BYBZ":"0","JSJC":4,"XXXQDM":"02","KXH":"06","KSJC":3,"XKZRS":35,"SKZC":"000000000001110000000000000000","SKJS":"樊晓丽","ISTK":0,"ZCMC":"12-14周","YPSJDD":"17周 星期二 第3节-第4节 南湖南-博学北楼-309,16-17周 星期一 第3节-第4节 南湖南-博学北楼-309,1-10周 星期一 第3节-第4节 南湖南-博学北楼-309,12-14周 星期一 第3节-第4节 南湖南-博学北楼-309","XF":2,"SKXQ":1,"XNXQDM":"2024-2025-2","KCM":"英语国家概况","JASDM":"0202010309","JXLDM":"020201","JXBID":"20242-12827","SKBJ":"公选-12827","TYXMDM":"11","KCH":"10201117103"},{"KKDWDM":"020","XS":32,"BYBZ":"0","JSJC":2,"XXXQDM":"02","KXH":"02","KSJC":1,"XKZRS":27,"SKZC":"000000000000000110000000000000","SKJS":"樊晓丽","ISTK":0,"ZCMC":"16-17周","YPSJDD":"17周 星期二 第1节-第2节 南湖南-博学北楼-309,1-10周 星期一 第1节-第2节 南湖南-博学北楼-309,12-14周 星期一 第1节-第2节 南湖南-博学北楼-309,16-17周 星期一 第1节-第2节 南湖南-博学北楼-309","XF":2,"SKXQ":1,"XNXQDM":"2024-2025-2","KCM":"英语国家概况","JASDM":"0202010309","JXLDM":"020201","JXBID":"20242-12809","SKBJ":"公选-12809","TYXMDM":"11","KCH":"10201117103"},{"KKDWDM":"020","XS":32,"BYBZ":"0","JSJC":4,"XXXQDM":"02","KXH":"06","KSJC":3,"XKZRS":35,"SKZC":"000000000000000110000000000000","SKJS":"樊晓丽","ISTK":0,"ZCMC":"16-17周","YPSJDD":"17周 星期二 第3节-第4节 南湖南-博学北楼-309,16-17周 星期一 第3节-第4节 南湖南-博学北楼-309,1-10周 星期一 第3节-第4节 南湖南-博学北楼-309,12-14周 星期一 第3节-第4节 南湖南-博学北楼-309","XF":2,"SKXQ":1,"XNXQDM":"2024-2025-2","KCM":"英语国家概况","JASDM":"0202010309","JXLDM":"020201","JXBID":"20242-12827","SKBJ":"公选-12827","TYXMDM":"11","KCH":"10201117103"},{"KKDWDM":"020","XS":48,"BYBZ":"0","JSJC":4,"XXXQDM":"02","KXH":"21","KSJC":3,"XKZRS":34,"SKZC":"000000000000000010000000000000","SKJS":"张祺","ISTK":0,"ZCMC":"17周","YPSJDD":"11-16周 星期五 第3节-第4节 南湖南-博学北楼-309,9周 星期日 第3节-第4节 南湖南-博学北楼-309,17周 星期三 第3节-第4节 南湖南-博学北楼-309,1-5周 星期五 第3节-第4节 南湖南-博学北楼-309,7-9周 星期五 第3节-第4节 南湖南-博学北楼-309","XF":2,"SKXQ":3,"XNXQDM":"2024-2025-2","KCM":"美国历史与文化","JASDM":"0202010309","JXLDM":"020201","JXBID":"20242-12966","SKBJ":"公选-12966","TYXMDM":"11","KCH":"10201117160"},{"KKDWDM":"020","XS":32,"BYBZ":"0","JSJC":2,"XXXQDM":"02","KXH":"02","KSJC":1,"XKZRS":27,"SKZC":"000000000000000010000000000000","SKJS":"樊晓丽","ISTK":0,"ZCMC":"17周","YPSJDD":"17周 星期二 第1节-第2节 南湖南-博学北楼-309,1-10周 星期一 第1节-第2节 南湖南-博学北楼-309,12-14周 星期一 第1节-第2节 南湖南-博学北楼-309,16-17周 星期一 第1节-第2节 南湖南-博学北楼-309","XF":2,"SKXQ":2,"XNXQDM":"2024-2025-2","KCM":"英语国家概况","JASDM":"0202010309","JXLDM":"020201","JXBID":"20242-12809","SKBJ":"公选-12809","TYXMDM":"11","KCH":"10201117103"},{"KKDWDM":"020","XS":32,"BYBZ":"0","JSJC":4,"XXXQDM":"02","KXH":"06","KSJC":3,"XKZRS":35,"SKZC":"000000000000000010000000000000","SKJS":"樊晓丽","ISTK":0,"ZCMC":"17周","YPSJDD":"17周 星期二 第3节-第4节 南湖南-博学北楼-309,16-17周 星期一 第3节-第4节 南湖南-博学北楼-309,1-10周 星期一 第3节-第4节 南湖南-博学北楼-309,12-14周 星期一 第3节-第4节 南湖南-博学北楼-309","XF":2,"SKXQ":2,"XNXQDM":"2024-2025-2","KCM":"英语国家概况","JASDM":"0202010309","JXLDM":"020201","JXBID":"20242-12827","SKBJ":"公选-12827","TYXMDM":"11","KCH":"10201117103"},{"KKDWDM":"020","XS":48,"BYBZ":"0","JSJC":2,"XXXQDM":"02","KXH":"18","KSJC":1,"XKZRS":34,"SKZC":"000000000000000010000000000000","SKJS":"张祺","ISTK":0,"ZCMC":"17周","YPSJDD":"9周 星期日 第1节-第2节 南湖南-博学北楼-309,7-9周 星期五 第1节-第2节 南湖南-博学北楼-309,1-5周 星期五 第1节-第2节 南湖南-博学北楼-309,17周 星期三 第1节-第2节 南湖南-博学北楼-309,11-16周 星期五 第1节-第2节 南湖南-博学北楼-309","XF":2,"SKXQ":3,"XNXQDM":"2024-2025-2","KCM":"美国历史与文化","JASDM":"0202010309","JXLDM":"020201","JXBID":"20242-12949","SKBJ":"公选-12949","TYXMDM":"11","KCH":"10201117160"},{"KKDWDM":null,"XS":null,"BYBZ":"1","JSJC":8,"XXXQDM":null,"KXH":null,"KSJC":6,"XKZRS":null,"SKZC":"011111100000000000000000000000","SKJS":"熊焱冰","ISTK":0,"ZCMC":"2-7周","YPSJDD":null,"XF":null,"SKXQ":3,"XNXQDM":"2024-2025-2","KCM":"体育英语","JASDM":"0202010309","JXLDM":null,"JXBID":null,"SKBJ":null,"TYXMDM":null,"KCH":"50270323001"},{"KKDWDM":null,"XS":null,"BYBZ":"1","JSJC":13,"XXXQDM":null,"KXH":null,"KSJC":11,"XKZRS":null,"SKZC":"011111100000000000000000000000","SKJS":"于鸿贤","ISTK":0,"ZCMC":"2-7周","YPSJDD":null,"XF":null,"SKXQ":2,"XNXQDM":"2024-2025-2","KCM":"体育与法","JASDM":"0202010309","JXLDM":null,"JXBID":null,"SKBJ":null,"TYXMDM":null,"KCH":"50270323010"}]}},"code":"0"}