{"datas":{"jaskcb":{"extParams":{"code":1,"msg":"查询成功"},"pageSize":0,"pageNumber":0,"totalSize":-1,"rows":[{"KKDWDM":"021","XS":42,"BYBZ":"0","JSJC":8,"XXXQDM":"02","KXH":"61","KSJC":6,"XKZRS":119,"SKZC":"11111111111111","SKJS":"陈文安","ISTK":0,"ZCMC":"1-14周","YPSJDD":"1-14周 星期三 第6节-第8节 南湖南-博学东楼-310","XF":2,"SKXQ":3,"XNXQDM":"2024-2025-2","KCM":"马克思主义基本原理","JASDM":"0202020310","JXLDM":"020202","JXBID":"20242-05578","SKBJ":"工商2301-02,营销2301-02","TYXMDM":null,"KCH":"10211117035"},{"KKDWDM":"021","XS":42,"BYBZ":"0","JSJC":8,"XXXQDM":"02","KXH":"60","KSJC":6,"XKZRS":109,"SKZC":"11111111111111","SKJS":"陈文安","ISTK":0,"ZCMC":"1-14周","YPSJDD":"1-14周 星期二 第6节-第8节 南湖南-博学东楼-310","XF":2,"SKXQ":2,"XNXQDM":"2024-2025-2","KCM":"马克思主义基本原理","JASDM":"0202020310","JXLDM":"020202","JXBID":"20242-05576","SKBJ":"会计2301-03","TYXMDM":null,"KCH":"10211117035"},{"KKDWDM":"021","XS":36,"BYBZ":"0","JSJC":5,"XXXQDM":"02","KXH":"16","KSJC":3,"XKZRS":101,"SKZC":"111111111111","SKJS":"陈波","ISTK":0,"ZCMC":"1-12周","YPSJDD":"1-12周 星期二 第3节-第5节 南湖南-博学东楼-310","XF":2,"SKXQ":2,"XNXQDM":"2024-2025-2","KCM":"习近平新时代中国特色社会主义思想概论","JASDM":"0202020310","JXLDM":"020202","JXBID":"20242-12223","SKBJ":"信息2301-02,化工zy2301","TYXMDM":null,"KCH":"10211121033"},{"KKDWDM":"021","XS":36,"BYBZ":"0","JSJC":5,"XXXQDM":"02","KXH":"45","KSJC":3,"XKZRS":109,"SKZC":"111111111111","SKJS":"邓雪征","ISTK":0,"ZCMC":"1-12周","YPSJDD":"1-12周 星期三 第3节-第5节 南湖南-博学东楼-310","XF":2,"SKXQ":3,"XNXQDM":"2024-2025-2","KCM":"习近平新时代中国特色社会主义思想概论","JASDM":"0202020310","JXLDM":"020202","JXBID":"20242-04558","SKBJ":"会计2301-03","TYXMDM":null,"KCH":"10211121033"},{"KKDWDM":"008","XS":56,"BYBZ":"0","JSJC":4,"XXXQDM":"02","KXH":"08","KSJC":3,"XKZRS":100,"SKZC":"111111111100000000000000000000","SKJS":"谢强","ISTK":0,"ZCMC":"1-10周","YPSJDD":"1-10周 星期一 第3节-第4节 南湖南-博学东楼-310,11-13周 星期四 第1节-第2节 南湖南-博学东楼-310,1-9周 星期四 第1节-第2节 南湖南-博学东楼-310,12-14周 星期一 第3节-第4节 南湖南-博学东楼-310","XF":3,"SKXQ":1,"XNXQDM":"2024-2025-2","KCM":"机械设计基础A","JASDM":"0202020310","JXLDM":"020202","JXBID":"20242-04672","SKBJ":"能源2301-03","TYXMDM":null,"KCH":"10083121087"},{"KKDWDM":"021","XS":42,"BYBZ":"0","JSJC":8,"XXXQDM":"02","KXH":"29","KSJC":6,"XKZRS":108,"SKZC":"111111111100000000000000000000","SKJS":"陈文安","ISTK":0,"ZCMC":"1-10周","YPSJDD":"12-14周 星期一 第6节-第8节 南湖南-博学东楼-310,1-10周 星期一 第6节-第8节 南湖南-博学东楼-310,16周 星期一 第6节-第8节 南湖南-博学东楼-310","XF":2,"SKXQ":1,"XNXQDM":"2024-2025-2","KCM":"马克思主义基本原理","JASDM":"0202020310","JXLDM":"020202","JXBID":"20242-12173","SKBJ":"汉语2301,统计2301-02","TYXMDM":null,"KCH":"10211117035"},{"KKDWDM":"008","XS":56,"BYBZ":"0","JSJC":4,"XXXQDM":"02","KXH":"11","KSJC":3,"XKZRS":87,"SKZC":"111111111011100000000000000000","SKJS":"石绘,高忠梅","ISTK":0,"ZCMC":"1-9周,11-13周","YPSJDD":"1-10周,12-14周 星期一 第1节-第2节 南湖南-博学东楼-301,1-9周,11-13周 星期四 第3节-第4节 南湖南-博学东楼-310","XF":3,"SKXQ":4,"XNXQDM":"2024-2025-2","KCM":"机械设计基础A","JASDM":"0202020310","JXLDM":"020202","JXBID":"20242-04676","SKBJ":"储能2301-02,车辆gcgj2301","TYXMDM":null,"KCH":"10083121087"},{"KKDWDM":"020","XS":32,"BYBZ":"0","JSJC":13,"XXXQDM":"02","KXH":"01","KSJC":11,"XKZRS":93,"SKZC":"111111111010000000000000","SKJS":"张进","ISTK":0,"ZCMC":"1-9周,11周","YPSJDD":"12周 星期四 第11节-第12节 南湖南-博学东楼-310,1-9周,11周 星期四 第11节-第13节 南湖南-博学东楼-310","XF":2,"SKXQ":4,"XNXQDM":"2024-2025-2","KCM":"古希腊与先秦文化(GX)","JASDM":"0202020310","JXLDM":"020202","JXBID":"20242-08404","SKBJ":"公选-08404","TYXMDM":null,"KCH":"10202121112"},{"KKDWDM":"008","XS":56,"BYBZ":"0","JSJC":2,"XXXQDM":"02","KXH":"08","KSJC":1,"XKZRS":100,"SKZC":"111111111000000000000000000000","SKJS":"谢强","ISTK":0,"ZCMC":"1-9周","YPSJDD":"1-10周 星期一 第3节-第4节 南湖南-博学东楼-310,11-13周 星期四 第1节-第2节 南湖南-博学东楼-310,1-9周 星期四 第1节-第2节 南湖南-博学东楼-310,12-14周 星期一 第3节-第4节 南湖南-博学东楼-310","XF":3,"SKXQ":4,"XNXQDM":"2024-2025-2","KCM":"机械设计基础A","JASDM":"0202020310","JXLDM":"020202","JXBID":"20242-04672","SKBJ":"能源2301-03","TYXMDM":null,"KCH":"10083121087"},{"KKDWDM":"022","XS":16,"BYBZ":"0","JSJC":12,"XXXQDM":"02","KXH":"01","KSJC":11,"XKZRS":134,"SKZC":"111111110000000000000000","SKJS":"李志峰","ISTK":0,"ZCMC":"1-8周","YPSJDD":"1-8周 星期二 第11节-第12节 南湖南-博学东楼-310","XF":1,"SKXQ":2,"XNXQDM":"2024-2025-2","KCM":"大学生情绪管理(GX)","JASDM":"0202020310","JXLDM":"020202","JXBID":"20242-08510","SKBJ":"公选-08510","TYXMDM":null,"KCH":"10222121214"},{"KKDWDM":"018","XS":40,"BYBZ":"0","JSJC":8,"XXXQDM":"02","KXH":"01","KSJC":6,"XKZRS":26,"SKZC":"111110111011100000000000","SKJS":"Marcus Rodrigs,刘华","ISTK":0,"ZCMC":"1-5周,7-9周,11-13周","YPSJDD":"14-15周 星期五 第6节-第7节 南湖南-博学东楼-310,1-5周,7-9周,11-13周 星期五 第6节-第8节 南湖南-博学东楼-310,9周 星期日 第6节-第8节 南湖南-博学东楼-310","XF":2,"SKXQ":5,"XNXQDM":"2024-2025-2","KCM":"跨国公司金融管理","JASDM":"0202020310","JXLDM":"020202","JXBID":"20242-03798","SKBJ":"金融gj2201-03","TYXMDM":null,"KCH":"10185121022"},{"KKDWDM":"013","XS":48,"BYBZ":"0","JSJC":5,"XXXQDM":"02","KXH":"08","KSJC":3,"XKZRS":118,"SKZC":"111110000000000000000000000000","SKJS":"陆宁","ISTK":0,"ZCMC":"1-5周","YPSJDD":"7-9周 星期五 第3节-第5节 南湖南-博学东楼-310,11-16周 星期五 第3节-第5节 南湖南-博学东楼-310,9周 星期日 第3节-第5节 南湖南-博学东楼-310,17周 星期三 第3节-第5节 南湖南-博学东楼-310,1-5周 星期五 第3节-第5节 南湖南-博学东楼-310","XF":3,"SKXQ":5,"XNXQDM":"2024-2025-2","KCM":"电工与电子技术基础C","JASDM":"0202020310","JXLDM":"020202","JXBID":"20242-06802","SKBJ":"无机非2301-02,高分子2301","TYXMDM":null,"KCH":"10133121098"},{"KKDWDM":"009","XS":24,"BYBZ":"0","JSJC":13,"XXXQDM":"02","KXH":"01","KSJC":11,"XKZRS":127,"SKZC":"000011111100000000000000000000","SKJS":"严行","ISTK":0,"ZCMC":"5-10周","YPSJDD":"12-13周 星期一 第11节-第13节 南湖南-博学东楼-310,5-10周 星期一 第11节-第13节 南湖南-博学东楼-310","XF":1,"SKXQ":1,"XNXQDM":"2024-2025-2","KCM":"工程大数据与机器学习(JD)","JASDM":"0202020310","JXLDM":"020202","JXBID":"20242-07571","SKBJ":"公选-07571","TYXMDM":null,"KCH":"10096121167"},{"KKDWDM":"013","XS":48,"BYBZ":"0","JSJC":5,"XXXQDM":"02","KXH":"08","KSJC":3,"XKZRS":118,"SKZC":"000000111000000000000000000000","SKJS":"陆宁","ISTK":0,"ZCMC":"7-9周","YPSJDD":"7-9周 星期五 第3节-第5节 南湖南-博学东楼-310,11-16周 星期五 第3节-第5节 南湖南-博学东楼-310,9周 星期日 第3节-第5节 南湖南-博学东楼-310,17周 星期三 第3节-第5节 南湖南-博学东楼-310,1-5周 星期五 第3节-第5节 南湖南-博学东楼-310","XF":3,"SKXQ":5,"XNXQDM":"2024-2025-2","KCM":"电工与电子技术基础C","JASDM":"0202020310","JXLDM":"020202","JXBID":"20242-06802","SKBJ":"无机非2301-02,高分子2301","TYXMDM":null,"KCH":"10133121098"},{"KKDWDM":"013","XS":48,"BYBZ":"0","JSJC":5,"XXXQDM":"02","KXH":"08","KSJC":3,"XKZRS":118,"SKZC":"000000001000000000000000000000","SKJS":"陆宁","ISTK":0,"ZCMC":"9周","YPSJDD":"7-9周 星期五 第3节-第5节 南湖南-博学东楼-310,11-16周 星期五 第3节-第5节 南湖南-博学东楼-310,9周 星期日 第3节-第5节 南湖南-博学东楼-310,17周 星期三 第3节-第5节 南湖南-博学东楼-310,1-5周 星期五 第3节-第5节 南湖南-博学东楼-310","XF":3,"SKXQ":7,"XNXQDM":"2024-2025-2","KCM":"电工与电子技术基础C","JASDM":"0202020310","JXLDM":"020202","JXBID":"20242-06802","SKBJ":"无机非2301-02,高分子2301","TYXMDM":null,"KCH":"10133121098"},{"KKDWDM":"018","XS":40,"BYBZ":"0","JSJC":8,"XXXQDM":"02","KXH":"01","KSJC":6,"XKZRS":26,"SKZC":"000000001000000000000000","SKJS":"Marcus Rodrigs,刘华","ISTK":0,"ZCMC":"9周","YPSJDD":"14-15周 星期五 第6节-第7节 南湖南-博学东楼-310,1-5周,7-9周,11-13周 星期五 第6节-第8节 南湖南-博学东楼-310,9周 星期日 第6节-第8节 南湖南-博学东楼-310","XF":2,"SKXQ":7,"XNXQDM":"2024-2025-2","KCM":"跨国公司金融管理","JASDM":"0202020310","JXLDM":"020202","JXBID":"20242-03798","SKBJ":"金融gj2201-03","TYXMDM":null,"KCH":"10185121022"},{"KKDWDM":"013","XS":48,"BYBZ":"0","JSJC":5,"XXXQDM":"02","KXH":"08","KSJC":3,"XKZRS":118,"SKZC":"000000000011111100000000000000","SKJS":"陆宁","ISTK":0,"ZCMC":"11-16周","YPSJDD":"7-9周 星期五 第3节-第5节 南湖南-博学东楼-310,11-16周 星期五 第3节-第5节 南湖南-博学东楼-310,9周 星期日 第3节-第5节 南湖南-博学东楼-310,17周 星期三 第3节-第5节 南湖南-博学东楼-310,1-5周 星期五 第3节-第5节 南湖南-博学东楼-310","XF":3,"SKXQ":5,"XNXQDM":"2024-2025-2","KCM":"电工与电子技术基础C","JASDM":"0202020310","JXLDM":"020202","JXBID":"20242-06802","SKBJ":"无机非2301-02,高分子2301","TYXMDM":null,"KCH":"10133121098"},{"KKDWDM":"008","XS":56,"BYBZ":"0","JSJC":2,"XXXQDM":"02","KXH":"08","KSJC":1,"XKZRS":100,"SKZC":"000000000011100000000000000000","SKJS":"谢强","ISTK":0,"ZCMC":"11-13周","YPSJDD":"1-10周 星期一 第3节-第4节 南湖南-博学东楼-310,11-13周 星期四 第1节-第2节 南湖南-博学东楼-310,1-9周 星期四 第1节-第2节 南湖南-博学东楼-310,12-14周 星期一 第3节-第4节 南湖南-博学东楼-310","XF":3,"SKXQ":4,"XNXQDM":"2024-2025-2","KCM":"机械设计基础A","JASDM":"0202020310","JXLDM":"020202","JXBID":"20242-04672","SKBJ":"能源2301-03","TYXMDM":null,"KCH":"10083121087"},{"KKDWDM":"008","XS":56,"BYBZ":"0","JSJC":4,"XXXQDM":"02","KXH":"08","KSJC":3,"XKZRS":100,"SKZC":"000000000001110000000000000000","SKJS":"谢强","ISTK":0,"ZCMC":"12-14周","YPSJDD":"1-10周 星期一 第3节-第4节 南湖南-博学东楼-310,11-13周 星期四 第1节-第2节 南湖南-博学东楼-310,1-9周 星期四 第1节-第2节 南湖南-博学东楼-310,12-14周 星期一 第3节-第4节 南湖南-博学东楼-310","XF":3,"SKXQ":1,"XNXQDM":"2024-2025-2","KCM":"机械设计基础A","JASDM":"0202020310","JXLDM":"020202","JXBID":"20242-04672","SKBJ":"能源2301-03","TYXMDM":null,"KCH":"10083121087"},{"KKDWDM":"021","XS":42,"BYBZ":"0","JSJC":8,"XXXQDM":"02","KXH":"29","KSJC":6,"XKZRS":108,"SKZC":"000000000001110000000000000000","SKJS":"陈文安","ISTK":0,"ZCMC":"12-14周","YPSJDD":"12-14周 星期一 第6节-第8节 南湖南-博学东楼-310,1-10周 星期一 第6节-第8节 南湖南-博学东楼-310,16周 星期一 第6节-第8节 南湖南-博学东楼-310","XF":2,"SKXQ":1,"XNXQDM":"2024-2025-2","KCM":"马克思主义基本原理","JASDM":"0202020310","JXLDM":"020202","JXBID":"20242-12173","SKBJ":"汉语2301,统计2301-02","TYXMDM":null,"KCH":"10211117035"},{"KKDWDM":"009","XS":24,"BYBZ":"0","JSJC":13,"XXXQDM":"02","KXH":"01","KSJC":11,"XKZRS":127,"SKZC":"000000000001100000000000000000","SKJS":"严行","ISTK":0,"ZCMC":"12-13周","YPSJDD":"12-13周 星期一 第11节-第13节 南湖南-博学东楼-310,5-10周 星期一 第11节-第13节 南湖南-博学东楼-310","XF":1,"SKXQ":1,"XNXQDM":"2024-2025-2","KCM":"工程大数据与机器学习(JD)","JASDM":"0202020310","JXLDM":"020202","JXBID":"20242-07571","SKBJ":"公选-07571","TYXMDM":null,"KCH":"10096121167"},{"KKDWDM":"020","XS":32,"BYBZ":"0","JSJC":12,"XXXQDM":"02","KXH":"01","KSJC":11,"XKZRS":93,"SKZC":"000000000001000000000000","SKJS":"张进","ISTK":0,"ZCMC":"12周","YPSJDD":"12周 星期四 第11节-第12节 南湖南-博学东楼-310,1-9周,11周 星期四 第11节-第13节 南湖南-博学东楼-310","XF":2,"SKXQ":4,"XNXQDM":"2024-2025-2","KCM":"古希腊与先秦文化(GX)","JASDM":"0202020310","JXLDM":"020202","JXBID":"20242-08404","SKBJ":"公选-08404","TYXMDM":null,"KCH":"10202121112"},{"KKDWDM":"018","XS":40,"BYBZ":"0","JSJC":7,"XXXQDM":"02","KXH":"01","KSJC":6,"XKZRS":26,"SKZC":"000000000000011000000000","SKJS":"Marcus Rodrigs,刘华","ISTK":0,"ZCMC":"14-15周","YPSJDD":"14-15周 星期五 第6节-第7节 南湖南-博学东楼-310,1-5周,7-9周,11-13周 星期五 第6节-第8节 南湖南-博学东楼-310,9周 星期日 第6节-第8节 南湖南-博学东楼-310","XF":2,"SKXQ":5,"XNXQDM":"2024-2025-2","KCM":"跨国公司金融管理","JASDM":"0202020310","JXLDM":"020202","JXBID":"20242-03798","SKBJ":"金融gj2201-03","TYXMDM":null,"KCH":"10185121022"},{"KKDWDM":"021","XS":42,"BYBZ":"0","JSJC":8,"XXXQDM":"02","KXH":"29","KSJC":6,"XKZRS":108,"SKZC":"000000000000000100000000000000","SKJS":"陈文安","ISTK":0,"ZCMC":"16周","YPSJDD":"12-14周 星期一 第6节-第8节 南湖南-博学东楼-310,1-10周 星期一 第6节-第8节 南湖南-博学东楼-310,16周 星期一 第6节-第8节 南湖南-博学东楼-310","XF":2,"SKXQ":1,"XNXQDM":"2024-2025-2","KCM":"马克思主义基本原理","JASDM":"0202020310","JXLDM":"020202","JXBID":"20242-12173","SKBJ":"汉语2301,统计2301-02","TYXMDM":null,"KCH":"10211117035"},{"KKDWDM":"013","XS":48,"BYBZ":"0","JSJC":5,"XXXQDM":"02","KXH":"08","KSJC":3,"XKZRS":118,"SKZC":"000000000000000010000000000000","SKJS":"陆宁","ISTK":0,"ZCMC":"17周","YPSJDD":"7-9周 星期五 第3节-第5节 南湖南-博学东楼-310,11-16周 星期五 第3节-第5节 南湖南-博学东楼-310,9周 星期日 第3节-第5节 南湖南-博学东楼-310,17周 星期三 第3节-第5节 南湖南-博学东楼-310,1-5周 星期五 第3节-第5节 南湖南-博学东楼-310","XF":3,"SKXQ":3,"XNXQDM":"2024-2025-2","KCM":"电工与电子技术基础C","JASDM":"0202020310","JXLDM":"020202","JXBID":"20242-06802","SKBJ":"无机非2301-02,高分子2301","TYXMDM":null,"KCH":"10133121098"}]}},"code":"0"}