{"datas":{"jaskcb":{"extParams":{"code":1,"msg":"查询成功"},"pageSize":0,"pageNumber":0,"totalSize":-1,"rows":[{"KKDWDM":"071","XS":96,"BYBZ":"0","JSJC":2,"XXXQDM":"02","KXH":"01","KSJC":1,"XKZRS":66,"SKZC":"111111111111111100000000000000","SKJS":"宋腾","ISTK":0,"ZCMC":"1-16周","YPSJDD":"16-17周 星期一 第3节-第4节 南湖南-博学主楼-310,17周 星期二 第3节-第4节 南湖南-博学主楼-310,1-5周 星期五 第3节-第4节 南湖南-博学主楼-310,9周 星期日 第3节-第4节 南湖南-博学主楼-310,1-10周 星期一 第3节-第4节 南湖南-博学主楼-310,1-16周 星期三 第1节-第2节 南湖南-博学主楼-310,11-16周 星期五 第3节-第4节 南湖南-博学主楼-310,12-14周 星期一 第3节-第4节 南湖南-博学主楼-310,17周 星期三 第3节-第4节 南湖南-博学主楼-310,7-9周 星期五 第3节-第4节 南湖南-博学主楼-310","XF":6,"SKXQ":3,"XNXQDM":"2024-2025-2","KCM":"应用数学分析下","JASDM":"0202040310","JXLDM":"020204","JXBID":"20242-06428","SKBJ":"物理jd2401,金融kj2401","TYXMDM":null,"KCH":"10153121056"},{"KKDWDM":"072","XS":80,"BYBZ":"0","JSJC":5,"XXXQDM":"02","KXH":"25","KSJC":3,"XKZRS":101,"SKZC":"111111111111111100000000000000","SKJS":"柯亚娇","ISTK":0,"ZCMC":"1-16周","YPSJDD":"1-9周 星期四 第1节-第2节 南湖南-博学主楼-310,11-17周 星期四 第1节-第2节 南湖南-博学主楼-310,1-16周 星期二 第3节-第5节 南湖南-博学主楼-310","XF":5,"SKXQ":2,"XNXQDM":"2024-2025-2","KCM":"大学物理B","JASDM":"0202040310","JXLDM":"020204","JXBID":"20242-09717","SKBJ":"电信类2417-18,通信zs2401","TYXMDM":null,"KCH":"10153113042"},{"KKDWDM":"072","XS":80,"BYBZ":"0","JSJC":2,"XXXQDM":"02","KXH":"20","KSJC":1,"XKZRS":113,"SKZC":"111111111111111100000000000000","SKJS":"陈清明","ISTK":0,"ZCMC":"1-16周","YPSJDD":"1-16周 星期二 第1节-第2节 南湖南-博学主楼-310,11-17周 星期四 第3节-第5节 南湖南-博学主楼-310,1-9周 星期四 第3节-第5节 南湖南-博学主楼-310","XF":5,"SKXQ":2,"XNXQDM":"2024-2025-2","KCM":"大学物理B","JASDM":"0202040310","JXLDM":"020204","JXBID":"20242-11694","SKBJ":"应化jd2401,材料类2412-17","TYXMDM":null,"KCH":"10153113042"},{"KKDWDM":"071","XS":96,"BYBZ":"0","JSJC":4,"XXXQDM":"02","KXH":"10","KSJC":3,"XKZRS":138,"SKZC":"111111111111111100000000000000","SKJS":"赵维锐","ISTK":0,"ZCMC":"1-16周","YPSJDD":"12-14周 星期一 第1节-第2节 南湖南-博学主楼-310,11-16周 星期五 第1节-第2节 南湖南-博学主楼-310,1-5周 星期五 第1节-第2节 南湖南-博学主楼-310,16-17周 星期一 第1节-第2节 南湖南-博学主楼-310,9周 星期日 第1节-第2节 南湖南-博学主楼-310,7-9周 星期五 第1节-第2节 南湖南-博学主楼-310,17周 星期三 第1节-第2节 南湖南-博学主楼-310,1-10周 星期一 第1节-第2节 南湖南-博学主楼-310,1-16周 星期三 第3节-第4节 南湖南-博学主楼-310,17周 星期二 第1节-第2节 南湖南-博学主楼-310","XF":6,"SKXQ":3,"XNXQDM":"2024-2025-2","KCM":"数学分析2","JASDM":"0202040310","JXLDM":"020204","JXBID":"20242-10285","SKBJ":"数学类2407-09","TYXMDM":null,"KCH":"10153111002"},{"KKDWDM":"071","XS":96,"BYBZ":"0","JSJC":2,"XXXQDM":"02","KXH":"10","KSJC":1,"XKZRS":138,"SKZC":"111111111100000000000000000000","SKJS":"赵维锐","ISTK":0,"ZCMC":"1-10周","YPSJDD":"12-14周 星期一 第1节-第2节 南湖南-博学主楼-310,11-16周 星期五 第1节-第2节 南湖南-博学主楼-310,1-5周 星期五 第1节-第2节 南湖南-博学主楼-310,16-17周 星期一 第1节-第2节 南湖南-博学主楼-310,9周 星期日 第1节-第2节 南湖南-博学主楼-310,7-9周 星期五 第1节-第2节 南湖南-博学主楼-310,17周 星期三 第1节-第2节 南湖南-博学主楼-310,1-10周 星期一 第1节-第2节 南湖南-博学主楼-310,1-16周 星期三 第3节-第4节 南湖南-博学主楼-310,17周 星期二 第1节-第2节 南湖南-博学主楼-310","XF":6,"SKXQ":1,"XNXQDM":"2024-2025-2","KCM":"数学分析2","JASDM":"0202040310","JXLDM":"020204","JXBID":"20242-10285","SKBJ":"数学类2407-09","TYXMDM":null,"KCH":"10153111002"},{"KKDWDM":"071","XS":96,"BYBZ":"0","JSJC":4,"XXXQDM":"02","KXH":"01","KSJC":3,"XKZRS":66,"SKZC":"111111111100000000000000000000","SKJS":"宋腾","ISTK":0,"ZCMC":"1-10周","YPSJDD":"16-17周 星期一 第3节-第4节 南湖南-博学主楼-310,17周 星期二 第3节-第4节 南湖南-博学主楼-310,1-5周 星期五 第3节-第4节 南湖南-博学主楼-310,9周 星期日 第3节-第4节 南湖南-博学主楼-310,1-10周 星期一 第3节-第4节 南湖南-博学主楼-310,1-16周 星期三 第1节-第2节 南湖南-博学主楼-310,11-16周 星期五 第3节-第4节 南湖南-博学主楼-310,12-14周 星期一 第3节-第4节 南湖南-博学主楼-310,17周 星期三 第3节-第4节 南湖南-博学主楼-310,7-9周 星期五 第3节-第4节 南湖南-博学主楼-310","XF":6,"SKXQ":1,"XNXQDM":"2024-2025-2","KCM":"应用数学分析下","JASDM":"0202040310","JXLDM":"020204","JXBID":"20242-06428","SKBJ":"物理jd2401,金融kj2401","TYXMDM":null,"KCH":"10153121056"},{"KKDWDM":"038","XS":32,"BYBZ":"0","JSJC":13,"XXXQDM":"02","KXH":"01","KSJC":11,"XKZRS":116,"SKZC":"111111111100000000000000","SKJS":"唐光蓉,张然,梁宇颂","ISTK":0,"ZCMC":"1-10周","YPSJDD":"11周 星期三 第11节-第12节 南湖南-博学主楼-310,1-10周 星期三 第11节-第13节 南湖南-博学主楼-310","XF":2,"SKXQ":3,"XNXQDM":"2024-2025-2","KCM":"更好的自己：自我探索与潜能开发(GX)","JASDM":"0202040310","JXLDM":"020204","JXBID":"20242-09004","SKBJ":"公选-09004","TYXMDM":null,"KCH":"10382124001"},{"KKDWDM":"072","XS":80,"BYBZ":"0","JSJC":5,"XXXQDM":"02","KXH":"20","KSJC":3,"XKZRS":113,"SKZC":"111111111000000000000000000000","SKJS":"陈清明","ISTK":0,"ZCMC":"1-9周","YPSJDD":"1-16周 星期二 第1节-第2节 南湖南-博学主楼-310,11-17周 星期四 第3节-第5节 南湖南-博学主楼-310,1-9周 星期四 第3节-第5节 南湖南-博学主楼-310","XF":5,"SKXQ":4,"XNXQDM":"2024-2025-2","KCM":"大学物理B","JASDM":"0202040310","JXLDM":"020204","JXBID":"20242-11694","SKBJ":"应化jd2401,材料类2412-17","TYXMDM":null,"KCH":"10153113042"},{"KKDWDM":"072","XS":80,"BYBZ":"0","JSJC":2,"XXXQDM":"02","KXH":"25","KSJC":1,"XKZRS":101,"SKZC":"111111111000000000000000000000","SKJS":"柯亚娇","ISTK":0,"ZCMC":"1-9周","YPSJDD":"1-9周 星期四 第1节-第2节 南湖南-博学主楼-310,11-17周 星期四 第1节-第2节 南湖南-博学主楼-310,1-16周 星期二 第3节-第5节 南湖南-博学主楼-310","XF":5,"SKXQ":4,"XNXQDM":"2024-2025-2","KCM":"大学物理B","JASDM":"0202040310","JXLDM":"020204","JXBID":"20242-09717","SKBJ":"电信类2417-18,通信zs2401","TYXMDM":null,"KCH":"10153113042"},{"KKDWDM":"071","XS":96,"BYBZ":"0","JSJC":4,"XXXQDM":"02","KXH":"01","KSJC":3,"XKZRS":66,"SKZC":"111110000000000000000000000000","SKJS":"宋腾","ISTK":0,"ZCMC":"1-5周","YPSJDD":"16-17周 星期一 第3节-第4节 南湖南-博学主楼-310,17周 星期二 第3节-第4节 南湖南-博学主楼-310,1-5周 星期五 第3节-第4节 南湖南-博学主楼-310,9周 星期日 第3节-第4节 南湖南-博学主楼-310,1-10周 星期一 第3节-第4节 南湖南-博学主楼-310,1-16周 星期三 第1节-第2节 南湖南-博学主楼-310,11-16周 星期五 第3节-第4节 南湖南-博学主楼-310,12-14周 星期一 第3节-第4节 南湖南-博学主楼-310,17周 星期三 第3节-第4节 南湖南-博学主楼-310,7-9周 星期五 第3节-第4节 南湖南-博学主楼-310","XF":6,"SKXQ":5,"XNXQDM":"2024-2025-2","KCM":"应用数学分析下","JASDM":"0202040310","JXLDM":"020204","JXBID":"20242-06428","SKBJ":"物理jd2401,金融kj2401","TYXMDM":null,"KCH":"10153121056"},{"KKDWDM":"071","XS":96,"BYBZ":"0","JSJC":2,"XXXQDM":"02","KXH":"10","KSJC":1,"XKZRS":138,"SKZC":"111110000000000000000000000000","SKJS":"赵维锐","ISTK":0,"ZCMC":"1-5周","YPSJDD":"12-14周 星期一 第1节-第2节 南湖南-博学主楼-310,11-16周 星期五 第1节-第2节 南湖南-博学主楼-310,1-5周 星期五 第1节-第2节 南湖南-博学主楼-310,16-17周 星期一 第1节-第2节 南湖南-博学主楼-310,9周 星期日 第1节-第2节 南湖南-博学主楼-310,7-9周 星期五 第1节-第2节 南湖南-博学主楼-310,17周 星期三 第1节-第2节 南湖南-博学主楼-310,1-10周 星期一 第1节-第2节 南湖南-博学主楼-310,1-16周 星期三 第3节-第4节 南湖南-博学主楼-310,17周 星期二 第1节-第2节 南湖南-博学主楼-310","XF":6,"SKXQ":5,"XNXQDM":"2024-2025-2","KCM":"数学分析2","JASDM":"0202040310","JXLDM":"020204","JXBID":"20242-10285","SKBJ":"数学类2407-09","TYXMDM":null,"KCH":"10153111002"},{"KKDWDM":"071","XS":96,"BYBZ":"0","JSJC":4,"XXXQDM":"02","KXH":"01","KSJC":3,"XKZRS":66,"SKZC":"000000111000000000000000000000","SKJS":"宋腾","ISTK":0,"ZCMC":"7-9周","YPSJDD":"16-17周 星期一 第3节-第4节 南湖南-博学主楼-310,17周 星期二 第3节-第4节 南湖南-博学主楼-310,1-5周 星期五 第3节-第4节 南湖南-博学主楼-310,9周 星期日 第3节-第4节 南湖南-博学主楼-310,1-10周 星期一 第3节-第4节 南湖南-博学主楼-310,1-16周 星期三 第1节-第2节 南湖南-博学主楼-310,11-16周 星期五 第3节-第4节 南湖南-博学主楼-310,12-14周 星期一 第3节-第4节 南湖南-博学主楼-310,17周 星期三 第3节-第4节 南湖南-博学主楼-310,7-9周 星期五 第3节-第4节 南湖南-博学主楼-310","XF":6,"SKXQ":5,"XNXQDM":"2024-2025-2","KCM":"应用数学分析下","JASDM":"0202040310","JXLDM":"020204","JXBID":"20242-06428","SKBJ":"物理jd2401,金融kj2401","TYXMDM":null,"KCH":"10153121056"},{"KKDWDM":"071","XS":96,"BYBZ":"0","JSJC":2,"XXXQDM":"02","KXH":"10","KSJC":1,"XKZRS":138,"SKZC":"000000111000000000000000000000","SKJS":"赵维锐","ISTK":0,"ZCMC":"7-9周","YPSJDD":"12-14周 星期一 第1节-第2节 南湖南-博学主楼-310,11-16周 星期五 第1节-第2节 南湖南-博学主楼-310,1-5周 星期五 第1节-第2节 南湖南-博学主楼-310,16-17周 星期一 第1节-第2节 南湖南-博学主楼-310,9周 星期日 第1节-第2节 南湖南-博学主楼-310,7-9周 星期五 第1节-第2节 南湖南-博学主楼-310,17周 星期三 第1节-第2节 南湖南-博学主楼-310,1-10周 星期一 第1节-第2节 南湖南-博学主楼-310,1-16周 星期三 第3节-第4节 南湖南-博学主楼-310,17周 星期二 第1节-第2节 南湖南-博学主楼-310","XF":6,"SKXQ":5,"XNXQDM":"2024-2025-2","KCM":"数学分析2","JASDM":"0202040310","JXLDM":"020204","JXBID":"20242-10285","SKBJ":"数学类2407-09","TYXMDM":null,"KCH":"10153111002"},{"KKDWDM":"021","XS":8,"BYBZ":"0","JSJC":7,"XXXQDM":"02","KXH":"336","KSJC":6,"XKZRS":135,"SKZC":"0000000110110000000000000","SKJS":"郭娜","ISTK":0,"ZCMC":"8-9周,11-12周","YPSJDD":"8-9周,11-12周 星期四 第6节-第7节 南湖南-博学主楼-310","XF":0,"SKXQ":4,"XNXQDM":"2024-2025-2","KCM":"形势与政策","JASDM":"0202040310","JXLDM":"020204","JXBID":"20242-13983","SKBJ":"工商类2414,机电类2405-09,机电类2416,材料类2402-11,法学类2405,电信类2415,管科类2404,自动化类2413,英法sy2401,设计学类2404,车辆类2407","TYXMDM":null,"KCH":"10218121092"},{"KKDWDM":"021","XS":8,"BYBZ":"0","JSJC":10,"XXXQDM":"02","KXH":"313","KSJC":9,"XKZRS":140,"SKZC":"0000000110110000000000000","SKJS":"冯蓓","ISTK":0,"ZCMC":"8-9周,11-12周","YPSJDD":"8-9周,11-12周 星期四 第9节-第10节 南湖南-博学主楼-310","XF":0,"SKXQ":4,"XNXQDM":"2024-2025-2","KCM":"形势与政策","JASDM":"0202040310","JXLDM":"020204","JXBID":"20242-13952","SKBJ":"土木类2407,地信2402-03,外语类2405,数学类2401,材料类2401-13,环科类2403-05,自动化类2402,车辆类2410-11,金融gj2401","TYXMDM":null,"KCH":"10218121092"},{"KKDWDM":"071","XS":96,"BYBZ":"0","JSJC":4,"XXXQDM":"02","KXH":"01","KSJC":3,"XKZRS":66,"SKZC":"000000001000000000000000000000","SKJS":"宋腾","ISTK":0,"ZCMC":"9周","YPSJDD":"16-17周 星期一 第3节-第4节 南湖南-博学主楼-310,17周 星期二 第3节-第4节 南湖南-博学主楼-310,1-5周 星期五 第3节-第4节 南湖南-博学主楼-310,9周 星期日 第3节-第4节 南湖南-博学主楼-310,1-10周 星期一 第3节-第4节 南湖南-博学主楼-310,1-16周 星期三 第1节-第2节 南湖南-博学主楼-310,11-16周 星期五 第3节-第4节 南湖南-博学主楼-310,12-14周 星期一 第3节-第4节 南湖南-博学主楼-310,17周 星期三 第3节-第4节 南湖南-博学主楼-310,7-9周 星期五 第3节-第4节 南湖南-博学主楼-310","XF":6,"SKXQ":7,"XNXQDM":"2024-2025-2","KCM":"应用数学分析下","JASDM":"0202040310","JXLDM":"020204","JXBID":"20242-06428","SKBJ":"物理jd2401,金融kj2401","TYXMDM":null,"KCH":"10153121056"},{"KKDWDM":"071","XS":96,"BYBZ":"0","JSJC":2,"XXXQDM":"02","KXH":"10","KSJC":1,"XKZRS":138,"SKZC":"000000001000000000000000000000","SKJS":"赵维锐","ISTK":0,"ZCMC":"9周","YPSJDD":"12-14周 星期一 第1节-第2节 南湖南-博学主楼-310,11-16周 星期五 第1节-第2节 南湖南-博学主楼-310,1-5周 星期五 第1节-第2节 南湖南-博学主楼-310,16-17周 星期一 第1节-第2节 南湖南-博学主楼-310,9周 星期日 第1节-第2节 南湖南-博学主楼-310,7-9周 星期五 第1节-第2节 南湖南-博学主楼-310,17周 星期三 第1节-第2节 南湖南-博学主楼-310,1-10周 星期一 第1节-第2节 南湖南-博学主楼-310,1-16周 星期三 第3节-第4节 南湖南-博学主楼-310,17周 星期二 第1节-第2节 南湖南-博学主楼-310","XF":6,"SKXQ":7,"XNXQDM":"2024-2025-2","KCM":"数学分析2","JASDM":"0202040310","JXLDM":"020204","JXBID":"20242-10285","SKBJ":"数学类2407-09","TYXMDM":null,"KCH":"10153111002"},{"KKDWDM":"072","XS":80,"BYBZ":"0","JSJC":5,"XXXQDM":"02","KXH":"20","KSJC":3,"XKZRS":113,"SKZC":"000000000011111110000000000000","SKJS":"陈清明","ISTK":0,"ZCMC":"11-17周","YPSJDD":"1-16周 星期二 第1节-第2节 南湖南-博学主楼-310,11-17周 星期四 第3节-第5节 南湖南-博学主楼-310,1-9周 星期四 第3节-第5节 南湖南-博学主楼-310","XF":5,"SKXQ":4,"XNXQDM":"2024-2025-2","KCM":"大学物理B","JASDM":"0202040310","JXLDM":"020204","JXBID":"20242-11694","SKBJ":"应化jd2401,材料类2412-17","TYXMDM":null,"KCH":"10153113042"},{"KKDWDM":"072","XS":80,"BYBZ":"0","JSJC":2,"XXXQDM":"02","KXH":"25","KSJC":1,"XKZRS":101,"SKZC":"000000000011111110000000000000","SKJS":"柯亚娇","ISTK":0,"ZCMC":"11-17周","YPSJDD":"1-9周 星期四 第1节-第2节 南湖南-博学主楼-310,11-17周 星期四 第1节-第2节 南湖南-博学主楼-310,1-16周 星期二 第3节-第5节 南湖南-博学主楼-310","XF":5,"SKXQ":4,"XNXQDM":"2024-2025-2","KCM":"大学物理B","JASDM":"0202040310","JXLDM":"020204","JXBID":"20242-09717","SKBJ":"电信类2417-18,通信zs2401","TYXMDM":null,"KCH":"10153113042"},{"KKDWDM":"071","XS":96,"BYBZ":"0","JSJC":2,"XXXQDM":"02","KXH":"10","KSJC":1,"XKZRS":138,"SKZC":"000000000011111100000000000000","SKJS":"赵维锐","ISTK":0,"ZCMC":"11-16周","YPSJDD":"12-14周 星期一 第1节-第2节 南湖南-博学主楼-310,11-16周 星期五 第1节-第2节 南湖南-博学主楼-310,1-5周 星期五 第1节-第2节 南湖南-博学主楼-310,16-17周 星期一 第1节-第2节 南湖南-博学主楼-310,9周 星期日 第1节-第2节 南湖南-博学主楼-310,7-9周 星期五 第1节-第2节 南湖南-博学主楼-310,17周 星期三 第1节-第2节 南湖南-博学主楼-310,1-10周 星期一 第1节-第2节 南湖南-博学主楼-310,1-16周 星期三 第3节-第4节 南湖南-博学主楼-310,17周 星期二 第1节-第2节 南湖南-博学主楼-310","XF":6,"SKXQ":5,"XNXQDM":"2024-2025-2","KCM":"数学分析2","JASDM":"0202040310","JXLDM":"020204","JXBID":"20242-10285","SKBJ":"数学类2407-09","TYXMDM":null,"KCH":"10153111002"},{"KKDWDM":"071","XS":96,"BYBZ":"0","JSJC":4,"XXXQDM":"02","KXH":"01","KSJC":3,"XKZRS":66,"SKZC":"000000000011111100000000000000","SKJS":"宋腾","ISTK":0,"ZCMC":"11-16周","YPSJDD":"16-17周 星期一 第3节-第4节 南湖南-博学主楼-310,17周 星期二 第3节-第4节 南湖南-博学主楼-310,1-5周 星期五 第3节-第4节 南湖南-博学主楼-310,9周 星期日 第3节-第4节 南湖南-博学主楼-310,1-10周 星期一 第3节-第4节 南湖南-博学主楼-310,1-16周 星期三 第1节-第2节 南湖南-博学主楼-310,11-16周 星期五 第3节-第4节 南湖南-博学主楼-310,12-14周 星期一 第3节-第4节 南湖南-博学主楼-310,17周 星期三 第3节-第4节 南湖南-博学主楼-310,7-9周 星期五 第3节-第4节 南湖南-博学主楼-310","XF":6,"SKXQ":5,"XNXQDM":"2024-2025-2","KCM":"应用数学分析下","JASDM":"0202040310","JXLDM":"020204","JXBID":"20242-06428","SKBJ":"物理jd2401,金融kj2401","TYXMDM":null,"KCH":"10153121056"},{"KKDWDM":"038","XS":32,"BYBZ":"0","JSJC":12,"XXXQDM":"02","KXH":"01","KSJC":11,"XKZRS":116,"SKZC":"000000000010000000000000","SKJS":"唐光蓉,张然,梁宇颂","ISTK":0,"ZCMC":"11周","YPSJDD":"11周 星期三 第11节-第12节 南湖南-博学主楼-310,1-10周 星期三 第11节-第13节 南湖南-博学主楼-310","XF":2,"SKXQ":3,"XNXQDM":"2024-2025-2","KCM":"更好的自己：自我探索与潜能开发(GX)","JASDM":"0202040310","JXLDM":"020204","JXBID":"20242-09004","SKBJ":"公选-09004","TYXMDM":null,"KCH":"10382124001"},{"KKDWDM":"071","XS":96,"BYBZ":"0","JSJC":4,"XXXQDM":"02","KXH":"01","KSJC":3,"XKZRS":66,"SKZC":"000000000001110000000000000000","SKJS":"宋腾","ISTK":0,"ZCMC":"12-14周","YPSJDD":"16-17周 星期一 第3节-第4节 南湖南-博学主楼-310,17周 星期二 第3节-第4节 南湖南-博学主楼-310,1-5周 星期五 第3节-第4节 南湖南-博学主楼-310,9周 星期日 第3节-第4节 南湖南-博学主楼-310,1-10周 星期一 第3节-第4节 南湖南-博学主楼-310,1-16周 星期三 第1节-第2节 南湖南-博学主楼-310,11-16周 星期五 第3节-第4节 南湖南-博学主楼-310,12-14周 星期一 第3节-第4节 南湖南-博学主楼-310,17周 星期三 第3节-第4节 南湖南-博学主楼-310,7-9周 星期五 第3节-第4节 南湖南-博学主楼-310","XF":6,"SKXQ":1,"XNXQDM":"2024-2025-2","KCM":"应用数学分析下","JASDM":"0202040310","JXLDM":"020204","JXBID":"20242-06428","SKBJ":"物理jd2401,金融kj2401","TYXMDM":null,"KCH":"10153121056"},{"KKDWDM":"071","XS":96,"BYBZ":"0","JSJC":2,"XXXQDM":"02","KXH":"10","KSJC":1,"XKZRS":138,"SKZC":"000000000001110000000000000000","SKJS":"赵维锐","ISTK":0,"ZCMC":"12-14周","YPSJDD":"12-14周 星期一 第1节-第2节 南湖南-博学主楼-310,11-16周 星期五 第1节-第2节 南湖南-博学主楼-310,1-5周 星期五 第1节-第2节 南湖南-博学主楼-310,16-17周 星期一 第1节-第2节 南湖南-博学主楼-310,9周 星期日 第1节-第2节 南湖南-博学主楼-310,7-9周 星期五 第1节-第2节 南湖南-博学主楼-310,17周 星期三 第1节-第2节 南湖南-博学主楼-310,1-10周 星期一 第1节-第2节 南湖南-博学主楼-310,1-16周 星期三 第3节-第4节 南湖南-博学主楼-310,17周 星期二 第1节-第2节 南湖南-博学主楼-310","XF":6,"SKXQ":1,"XNXQDM":"2024-2025-2","KCM":"数学分析2","JASDM":"0202040310","JXLDM":"020204","JXBID":"20242-10285","SKBJ":"数学类2407-09","TYXMDM":null,"KCH":"10153111002"},{"KKDWDM":"021","XS":8,"BYBZ":"0","JSJC":10,"XXXQDM":"02","KXH":"685","KSJC":9,"XKZRS":133,"SKZC":"0000000000001111000000000","SKJS":"卢文婧","ISTK":0,"ZCMC":"13-16周","YPSJDD":"13-16周 星期四 第9节-第10节 南湖南-博学主楼-310","XF":0,"SKXQ":4,"XNXQDM":"2024-2025-2","KCM":"形势与政策","JASDM":"0202040310","JXLDM":"020204","JXBID":"20242-14276","SKBJ":"化生类2407-08,工商类2404,政治2402,新闻类2405,生科类2403,电信类2410-11,自动化类2404-06,自动化类2412,车辆gj2401,运动训练2402","TYXMDM":null,"KCH":"10218121092"},{"KKDWDM":"071","XS":96,"BYBZ":"0","JSJC":2,"XXXQDM":"02","KXH":"10","KSJC":1,"XKZRS":138,"SKZC":"000000000000000110000000000000","SKJS":"赵维锐","ISTK":0,"ZCMC":"16-17周","YPSJDD":"12-14周 星期一 第1节-第2节 南湖南-博学主楼-310,11-16周 星期五 第1节-第2节 南湖南-博学主楼-310,1-5周 星期五 第1节-第2节 南湖南-博学主楼-310,16-17周 星期一 第1节-第2节 南湖南-博学主楼-310,9周 星期日 第1节-第2节 南湖南-博学主楼-310,7-9周 星期五 第1节-第2节 南湖南-博学主楼-310,17周 星期三 第1节-第2节 南湖南-博学主楼-310,1-10周 星期一 第1节-第2节 南湖南-博学主楼-310,1-16周 星期三 第3节-第4节 南湖南-博学主楼-310,17周 星期二 第1节-第2节 南湖南-博学主楼-310","XF":6,"SKXQ":1,"XNXQDM":"2024-2025-2","KCM":"数学分析2","JASDM":"0202040310","JXLDM":"020204","JXBID":"20242-10285","SKBJ":"数学类2407-09","TYXMDM":null,"KCH":"10153111002"},{"KKDWDM":"071","XS":96,"BYBZ":"0","JSJC":4,"XXXQDM":"02","KXH":"01","KSJC":3,"XKZRS":66,"SKZC":"000000000000000110000000000000","SKJS":"宋腾","ISTK":0,"ZCMC":"16-17周","YPSJDD":"16-17周 星期一 第3节-第4节 南湖南-博学主楼-310,17周 星期二 第3节-第4节 南湖南-博学主楼-310,1-5周 星期五 第3节-第4节 南湖南-博学主楼-310,9周 星期日 第3节-第4节 南湖南-博学主楼-310,1-10周 星期一 第3节-第4节 南湖南-博学主楼-310,1-16周 星期三 第1节-第2节 南湖南-博学主楼-310,11-16周 星期五 第3节-第4节 南湖南-博学主楼-310,12-14周 星期一 第3节-第4节 南湖南-博学主楼-310,17周 星期三 第3节-第4节 南湖南-博学主楼-310,7-9周 星期五 第3节-第4节 南湖南-博学主楼-310","XF":6,"SKXQ":1,"XNXQDM":"2024-2025-2","KCM":"应用数学分析下","JASDM":"0202040310","JXLDM":"020204","JXBID":"20242-06428","SKBJ":"物理jd2401,金融kj2401","TYXMDM":null,"KCH":"10153121056"},{"KKDWDM":"071","XS":96,"BYBZ":"0","JSJC":4,"XXXQDM":"02","KXH":"01","KSJC":3,"XKZRS":66,"SKZC":"000000000000000010000000000000","SKJS":"宋腾","ISTK":0,"ZCMC":"17周","YPSJDD":"16-17周 星期一 第3节-第4节 南湖南-博学主楼-310,17周 星期二 第3节-第4节 南湖南-博学主楼-310,1-5周 星期五 第3节-第4节 南湖南-博学主楼-310,9周 星期日 第3节-第4节 南湖南-博学主楼-310,1-10周 星期一 第3节-第4节 南湖南-博学主楼-310,1-16周 星期三 第1节-第2节 南湖南-博学主楼-310,11-16周 星期五 第3节-第4节 南湖南-博学主楼-310,12-14周 星期一 第3节-第4节 南湖南-博学主楼-310,17周 星期三 第3节-第4节 南湖南-博学主楼-310,7-9周 星期五 第3节-第4节 南湖南-博学主楼-310","XF":6,"SKXQ":2,"XNXQDM":"2024-2025-2","KCM":"应用数学分析下","JASDM":"0202040310","JXLDM":"020204","JXBID":"20242-06428","SKBJ":"物理jd2401,金融kj2401","TYXMDM":null,"KCH":"10153121056"},{"KKDWDM":"071","XS":96,"BYBZ":"0","JSJC":4,"XXXQDM":"02","KXH":"01","KSJC":3,"XKZRS":66,"SKZC":"000000000000000010000000000000","SKJS":"宋腾","ISTK":0,"ZCMC":"17周","YPSJDD":"16-17周 星期一 第3节-第4节 南湖南-博学主楼-310,17周 星期二 第3节-第4节 南湖南-博学主楼-310,1-5周 星期五 第3节-第4节 南湖南-博学主楼-310,9周 星期日 第3节-第4节 南湖南-博学主楼-310,1-10周 星期一 第3节-第4节 南湖南-博学主楼-310,1-16周 星期三 第1节-第2节 南湖南-博学主楼-310,11-16周 星期五 第3节-第4节 南湖南-博学主楼-310,12-14周 星期一 第3节-第4节 南湖南-博学主楼-310,17周 星期三 第3节-第4节 南湖南-博学主楼-310,7-9周 星期五 第3节-第4节 南湖南-博学主楼-310","XF":6,"SKXQ":3,"XNXQDM":"2024-2025-2","KCM":"应用数学分析下","JASDM":"0202040310","JXLDM":"020204","JXBID":"20242-06428","SKBJ":"物理jd2401,金融kj2401","TYXMDM":null,"KCH":"10153121056"},{"KKDWDM":"071","XS":96,"BYBZ":"0","JSJC":2,"XXXQDM":"02","KXH":"10","KSJC":1,"XKZRS":138,"SKZC":"000000000000000010000000000000","SKJS":"赵维锐","ISTK":0,"ZCMC":"17周","YPSJDD":"12-14周 星期一 第1节-第2节 南湖南-博学主楼-310,11-16周 星期五 第1节-第2节 南湖南-博学主楼-310,1-5周 星期五 第1节-第2节 南湖南-博学主楼-310,16-17周 星期一 第1节-第2节 南湖南-博学主楼-310,9周 星期日 第1节-第2节 南湖南-博学主楼-310,7-9周 星期五 第1节-第2节 南湖南-博学主楼-310,17周 星期三 第1节-第2节 南湖南-博学主楼-310,1-10周 星期一 第1节-第2节 南湖南-博学主楼-310,1-16周 星期三 第3节-第4节 南湖南-博学主楼-310,17周 星期二 第1节-第2节 南湖南-博学主楼-310","XF":6,"SKXQ":3,"XNXQDM":"2024-2025-2","KCM":"数学分析2","JASDM":"0202040310","JXLDM":"020204","JXBID":"20242-10285","SKBJ":"数学类2407-09","TYXMDM":null,"KCH":"10153111002"},{"KKDWDM":"071","XS":96,"BYBZ":"0","JSJC":2,"XXXQDM":"02","KXH":"10","KSJC":1,"XKZRS":138,"SKZC":"000000000000000010000000000000","SKJS":"赵维锐","ISTK":0,"ZCMC":"17周","YPSJDD":"12-14周 星期一 第1节-第2节 南湖南-博学主楼-310,11-16周 星期五 第1节-第2节 南湖南-博学主楼-310,1-5周 星期五 第1节-第2节 南湖南-博学主楼-310,16-17周 星期一 第1节-第2节 南湖南-博学主楼-310,9周 星期日 第1节-第2节 南湖南-博学主楼-310,7-9周 星期五 第1节-第2节 南湖南-博学主楼-310,17周 星期三 第1节-第2节 南湖南-博学主楼-310,1-10周 星期一 第1节-第2节 南湖南-博学主楼-310,1-16周 星期三 第3节-第4节 南湖南-博学主楼-310,17周 星期二 第1节-第2节 南湖南-博学主楼-310","XF":6,"SKXQ":2,"XNXQDM":"2024-2025-2","KCM":"数学分析2","JASDM":"0202040310","JXLDM":"020204","JXBID":"20242-10285","SKBJ":"数学类2407-09","TYXMDM":null,"KCH":"10153111002"}]}},"code":"0"}