{"datas":{"jaskcb":{"extParams":{"code":1,"msg":"查询成功"},"pageSize":0,"pageNumber":0,"totalSize":-1,"rows":[{"KKDWDM":"008","XS":56,"BYBZ":"0","JSJC":4,"XXXQDM":"02","KXH":"07","KSJC":1,"XKZRS":37,"SKZC":"111110000000000000000000000000","SKJS":"李新","ISTK":0,"ZCMC":"1-5周","YPSJDD":"1-5周 星期五 第1节-第4节 南湖南-博学西楼-418,9周 星期日 第1节-第4节 南湖南-博学西楼-418,11-13周 星期五 第1节-第4节 南湖南-博学西楼-418,7-9周 星期五 第1节-第4节 南湖南-博学西楼-418","XF":3,"SKXQ":5,"XNXQDM":"2024-2025-2","KCM":"工程图学C","JASDM":"0202030418","JXLDM":"020203","JXBID":"20242-12390","SKBJ":"环科类2406","TYXMDM":null,"KCH":"10083117097"},{"KKDWDM":"008","XS":56,"BYBZ":"0","JSJC":4,"XXXQDM":"02","KXH":"07","KSJC":1,"XKZRS":37,"SKZC":"000000111000000000000000000000","SKJS":"李新","ISTK":0,"ZCMC":"7-9周","YPSJDD":"1-5周 星期五 第1节-第4节 南湖南-博学西楼-418,9周 星期日 第1节-第4节 南湖南-博学西楼-418,11-13周 星期五 第1节-第4节 南湖南-博学西楼-418,7-9周 星期五 第1节-第4节 南湖南-博学西楼-418","XF":3,"SKXQ":5,"XNXQDM":"2024-2025-2","KCM":"工程图学C","JASDM":"0202030418","JXLDM":"020203","JXBID":"20242-12390","SKBJ":"环科类2406","TYXMDM":null,"KCH":"10083117097"},{"KKDWDM":"008","XS":56,"BYBZ":"0","JSJC":4,"XXXQDM":"02","KXH":"07","KSJC":1,"XKZRS":37,"SKZC":"000000001000000000000000000000","SKJS":"李新","ISTK":0,"ZCMC":"9周","YPSJDD":"1-5周 星期五 第1节-第4节 南湖南-博学西楼-418,9周 星期日 第1节-第4节 南湖南-博学西楼-418,11-13周 星期五 第1节-第4节 南湖南-博学西楼-418,7-9周 星期五 第1节-第4节 南湖南-博学西楼-418","XF":3,"SKXQ":7,"XNXQDM":"2024-2025-2","KCM":"工程图学C","JASDM":"0202030418","JXLDM":"020203","JXBID":"20242-12390","SKBJ":"环科类2406","TYXMDM":null,"KCH":"10083117097"},{"KKDWDM":"008","XS":56,"BYBZ":"0","JSJC":4,"XXXQDM":"02","KXH":"07","KSJC":1,"XKZRS":37,"SKZC":"000000000011100000000000000000","SKJS":"李新","ISTK":0,"ZCMC":"11-13周","YPSJDD":"1-5周 星期五 第1节-第4节 南湖南-博学西楼-418,9周 星期日 第1节-第4节 南湖南-博学西楼-418,11-13周 星期五 第1节-第4节 南湖南-博学西楼-418,7-9周 星期五 第1节-第4节 南湖南-博学西楼-418","XF":3,"SKXQ":5,"XNXQDM":"2024-2025-2","KCM":"工程图学C","JASDM":"0202030418","JXLDM":"020203","JXBID":"20242-12390","SKBJ":"环科类2406","TYXMDM":null,"KCH":"10083117097"}]}},"code":"0"}