{"datas":{"jaskcb":{"extParams":{"code":1,"msg":"查询成功"},"pageSize":0,"pageNumber":0,"totalSize":-1,"rows":[{"KKDWDM":"012","XS":72,"BYBZ":"0","JSJC":4,"XXXQDM":"02","KXH":"04","KSJC":3,"XKZRS":106,"SKZC":"111111111111111000000000000000","SKJS":"陈建军","ISTK":0,"ZCMC":"1-15周","YPSJDD":"16-17周 星期一 第1节-第2节 南湖南-博学东楼-403,1-15周 星期三 第3节-第4节 南湖南-博学东楼-403,1-10周 星期一 第1节-第2节 南湖南-博学东楼-403,17周 星期二 第1节-第2节 南湖南-博学东楼-403,12-14周 星期一 第1节-第2节 南湖南-博学东楼-403","XF":4,"SKXQ":3,"XNXQDM":"2024-2025-2","KCM":"计算机组成与系统结构","JASDM":"0202020403","JXLDM":"020202","JXBID":"20242-10506","SKBJ":"计算机2301-02","TYXMDM":null,"KCH":"10153111012"},{"KKDWDM":"012","XS":32,"BYBZ":"0","JSJC":7,"XXXQDM":"02","KXH":"01","KSJC":6,"XKZRS":140,"SKZC":"1111111111111","SKJS":"王红霞","ISTK":0,"ZCMC":"1-13周","YPSJDD":"1-13周 星期二 第6节-第7节 南湖南-博学东楼-403","XF":2,"SKXQ":2,"XNXQDM":"2024-2025-2","KCM":"Python程序设计","JASDM":"0202020403","JXLDM":"020202","JXBID":"20242-04375","SKBJ":"计算机2301-04,计算机zy2301-02","TYXMDM":null,"KCH":"10125121021"},{"KKDWDM":"021","XS":36,"BYBZ":"0","JSJC":8,"XXXQDM":"02","KXH":"10","KSJC":6,"XKZRS":110,"SKZC":"111111111111","SKJS":"王春娟","ISTK":0,"ZCMC":"1-12周","YPSJDD":"1-12周 星期三 第6节-第8节 南湖南-博学东楼-403","XF":2,"SKXQ":3,"XNXQDM":"2024-2025-2","KCM":"习近平新时代中国特色社会主义思想概论","JASDM":"0202020403","JXLDM":"020202","JXBID":"20242-04473","SKBJ":"计算机2303-04,金融kj2301","TYXMDM":null,"KCH":"10211121033"},{"KKDWDM":"021","XS":36,"BYBZ":"0","JSJC":5,"XXXQDM":"02","KXH":"121","KSJC":3,"XKZRS":101,"SKZC":"111111111111","SKJS":"韩露","ISTK":0,"ZCMC":"1-12周","YPSJDD":"1-12周 星期二 第3节-第5节 南湖南-博学东楼-403","XF":2,"SKXQ":2,"XNXQDM":"2024-2025-2","KCM":"习近平新时代中国特色社会主义思想概论","JASDM":"0202020403","JXLDM":"020202","JXBID":"20242-05090","SKBJ":"工业gc2301,生科类2301-03","TYXMDM":null,"KCH":"10211121033"},{"KKDWDM":"021","XS":36,"BYBZ":"0","JSJC":5,"XXXQDM":"02","KXH":"11","KSJC":3,"XKZRS":109,"SKZC":"111111111100000000000000000000","SKJS":"李峰","ISTK":0,"ZCMC":"1-10周","YPSJDD":"1-10周 星期一 第3节-第5节 南湖南-博学东楼-403,12-13周 星期一 第3节-第5节 南湖南-博学东楼-403","XF":2,"SKXQ":1,"XNXQDM":"2024-2025-2","KCM":"习近平新时代中国特色社会主义思想概论","JASDM":"0202020403","JXLDM":"020202","JXBID":"20242-12201","SKBJ":"数经sy2301,计算机2301-02","TYXMDM":null,"KCH":"10211121033"},{"KKDWDM":"012","XS":72,"BYBZ":"0","JSJC":2,"XXXQDM":"02","KXH":"04","KSJC":1,"XKZRS":106,"SKZC":"111111111100000000000000000000","SKJS":"陈建军","ISTK":0,"ZCMC":"1-10周","YPSJDD":"16-17周 星期一 第1节-第2节 南湖南-博学东楼-403,1-15周 星期三 第3节-第4节 南湖南-博学东楼-403,1-10周 星期一 第1节-第2节 南湖南-博学东楼-403,17周 星期二 第1节-第2节 南湖南-博学东楼-403,12-14周 星期一 第1节-第2节 南湖南-博学东楼-403","XF":4,"SKXQ":1,"XNXQDM":"2024-2025-2","KCM":"计算机组成与系统结构","JASDM":"0202020403","JXLDM":"020202","JXBID":"20242-10506","SKBJ":"计算机2301-02","TYXMDM":null,"KCH":"10153111012"},{"KKDWDM":"021","XS":48,"BYBZ":"0","JSJC":8,"XXXQDM":"02","KXH":"01","KSJC":6,"XKZRS":77,"SKZC":"111111111100000000000000000000","SKJS":"吕威,徐衍","ISTK":0,"ZCMC":"1-10周","YPSJDD":"1-10周 星期一 第6节-第8节 南湖南-博学东楼-403,12-14周 星期一 第6节-第8节 南湖南-博学东楼-403,16-17周 星期一 第6节-第8节 南湖南-博学东楼-403,17周 星期二 第6节-第8节 南湖南-博学东楼-403","XF":3,"SKXQ":1,"XNXQDM":"2024-2025-2","KCM":"中国哲学史","JASDM":"0202020403","JXLDM":"020202","JXBID":"20242-06192","SKBJ":"政治2401-02","TYXMDM":null,"KCH":"10215121014"},{"KKDWDM":"021","XS":36,"BYBZ":"0","JSJC":5,"XXXQDM":"02","KXH":"34","KSJC":3,"XKZRS":105,"SKZC":"111111111011100000000000000000","SKJS":"汤梅,申来津","ISTK":0,"ZCMC":"1-9周,11-13周","YPSJDD":"1-9周,11-13周 星期四 第3节-第5节 南湖南-博学东楼-403","XF":2,"SKXQ":4,"XNXQDM":"2024-2025-2","KCM":"习近平新时代中国特色社会主义思想概论","JASDM":"0202020403","JXLDM":"020202","JXBID":"20242-12192","SKBJ":"材科2301-03","TYXMDM":null,"KCH":"10211121033"},{"KKDWDM":"038","XS":32,"BYBZ":"0","JSJC":13,"XXXQDM":"02","KXH":"04","KSJC":11,"XKZRS":140,"SKZC":"111111111010000000000000","SKJS":"魏超","ISTK":0,"ZCMC":"1-9周,11周","YPSJDD":"12周 星期四 第11节-第12节 南湖南-博学东楼-403,1-9周,11周 星期四 第11节-第13节 南湖南-博学东楼-403","XF":2,"SKXQ":4,"XNXQDM":"2024-2025-2","KCM":"大学生涯规划与职业发展(GX)","JASDM":"0202020403","JXLDM":"020202","JXBID":"20242-11053","SKBJ":"公选-11053","TYXMDM":null,"KCH":"10382121036"},{"KKDWDM":"022","XS":24,"BYBZ":"0","JSJC":13,"XXXQDM":"02","KXH":"01","KSJC":11,"XKZRS":118,"SKZC":"111111110000000000000000","SKJS":"秦崇文","ISTK":0,"ZCMC":"1-8周","YPSJDD":"1-8周 星期二 第11节-第13节 南湖南-博学东楼-403","XF":1,"SKXQ":2,"XNXQDM":"2024-2025-2","KCM":"欧美文学(GX)","JASDM":"0202020403","JXLDM":"020202","JXBID":"20242-08647","SKBJ":"公选-08647","TYXMDM":null,"KCH":"10222121264"},{"KKDWDM":"022","XS":24,"BYBZ":"0","JSJC":13,"XXXQDM":"02","KXH":"01","KSJC":11,"XKZRS":106,"SKZC":"111111110000000000000000","SKJS":"高筱卉","ISTK":0,"ZCMC":"1-8周","YPSJDD":"1-8周 星期一 第11节-第13节 南湖南-博学东楼-403","XF":1,"SKXQ":1,"XNXQDM":"2024-2025-2","KCM":"大学生学业规划与指导(GX)","JASDM":"0202020403","JXLDM":"020202","JXBID":"20242-08594","SKBJ":"公选-08594","TYXMDM":null,"KCH":"10222121244"},{"KKDWDM":"023","XS":32,"BYBZ":"0","JSJC":13,"XXXQDM":"02","KXH":"01","KSJC":11,"XKZRS":125,"SKZC":"111111000000000000000000","SKJS":"吕伟","ISTK":0,"ZCMC":"1-6周","YPSJDD":"7周 星期三 第11节-第12节 南湖南-博学东楼-403,1-6周 星期三 第11节-第13节 南湖南-博学东楼-403","XF":2,"SKXQ":3,"XNXQDM":"2024-2025-2","KCM":"城市公共安全问题发现、建模与分析(JD)","JASDM":"0202020403","JXLDM":"020202","JXBID":"20242-08714","SKBJ":"公选-08714","TYXMDM":null,"KCH":"10236121159"},{"KKDWDM":"012","XS":40,"BYBZ":"0","JSJC":5,"XXXQDM":"02","KXH":"03","KSJC":3,"XKZRS":110,"SKZC":"111110111011100000000000","SKJS":"袁胜琼","ISTK":0,"ZCMC":"1-5周,7-9周,11-13周","YPSJDD":"14-15周 星期五 第3节-第4节 南湖南-博学东楼-403,1-5周,7-9周,11-13周 星期五 第3节-第5节 南湖南-博学东楼-403,9周 星期日 第3节-第5节 南湖南-博学东楼-403","XF":2,"SKXQ":5,"XNXQDM":"2024-2025-2","KCM":"软件工程基础","JASDM":"0202020403","JXLDM":"020202","JXBID":"20242-05610","SKBJ":"软件sy2301,软件zy2301-02","TYXMDM":null,"KCH":"10125117018"},{"KKDWDM":"021","XS":42,"BYBZ":"0","JSJC":8,"XXXQDM":"02","KXH":"26","KSJC":6,"XKZRS":98,"SKZC":"111110000000000000000000000000","SKJS":"余佳","ISTK":0,"ZCMC":"1-5周","YPSJDD":"9周 星期日 第6节-第8节 南湖南-博学东楼-403,1-5周 星期五 第6节-第8节 南湖南-博学东楼-403,11-15周 星期五 第6节-第8节 南湖南-博学东楼-403,7-9周 星期五 第6节-第8节 南湖南-博学东楼-403","XF":2,"SKXQ":5,"XNXQDM":"2024-2025-2","KCM":"马克思主义基本原理","JASDM":"0202020403","JXLDM":"020202","JXBID":"20242-12168","SKBJ":"会计ACCA2301,财务2301-02","TYXMDM":null,"KCH":"10211117035"},{"KKDWDM":"021","XS":42,"BYBZ":"0","JSJC":8,"XXXQDM":"02","KXH":"26","KSJC":6,"XKZRS":98,"SKZC":"000000111000000000000000000000","SKJS":"余佳","ISTK":0,"ZCMC":"7-9周","YPSJDD":"9周 星期日 第6节-第8节 南湖南-博学东楼-403,1-5周 星期五 第6节-第8节 南湖南-博学东楼-403,11-15周 星期五 第6节-第8节 南湖南-博学东楼-403,7-9周 星期五 第6节-第8节 南湖南-博学东楼-403","XF":2,"SKXQ":5,"XNXQDM":"2024-2025-2","KCM":"马克思主义基本原理","JASDM":"0202020403","JXLDM":"020202","JXBID":"20242-12168","SKBJ":"会计ACCA2301,财务2301-02","TYXMDM":null,"KCH":"10211117035"},{"KKDWDM":"023","XS":32,"BYBZ":"0","JSJC":12,"XXXQDM":"02","KXH":"01","KSJC":11,"XKZRS":125,"SKZC":"000000100000000000000000","SKJS":"吕伟","ISTK":0,"ZCMC":"7周","YPSJDD":"7周 星期三 第11节-第12节 南湖南-博学东楼-403,1-6周 星期三 第11节-第13节 南湖南-博学东楼-403","XF":2,"SKXQ":3,"XNXQDM":"2024-2025-2","KCM":"城市公共安全问题发现、建模与分析(JD)","JASDM":"0202020403","JXLDM":"020202","JXBID":"20242-08714","SKBJ":"公选-08714","TYXMDM":null,"KCH":"10236121159"},{"KKDWDM":"021","XS":42,"BYBZ":"0","JSJC":8,"XXXQDM":"02","KXH":"26","KSJC":6,"XKZRS":98,"SKZC":"000000001000000000000000000000","SKJS":"余佳","ISTK":0,"ZCMC":"9周","YPSJDD":"9周 星期日 第6节-第8节 南湖南-博学东楼-403,1-5周 星期五 第6节-第8节 南湖南-博学东楼-403,11-15周 星期五 第6节-第8节 南湖南-博学东楼-403,7-9周 星期五 第6节-第8节 南湖南-博学东楼-403","XF":2,"SKXQ":7,"XNXQDM":"2024-2025-2","KCM":"马克思主义基本原理","JASDM":"0202020403","JXLDM":"020202","JXBID":"20242-12168","SKBJ":"会计ACCA2301,财务2301-02","TYXMDM":null,"KCH":"10211117035"},{"KKDWDM":"012","XS":40,"BYBZ":"0","JSJC":5,"XXXQDM":"02","KXH":"03","KSJC":3,"XKZRS":110,"SKZC":"000000001000000000000000","SKJS":"袁胜琼","ISTK":0,"ZCMC":"9周","YPSJDD":"14-15周 星期五 第3节-第4节 南湖南-博学东楼-403,1-5周,7-9周,11-13周 星期五 第3节-第5节 南湖南-博学东楼-403,9周 星期日 第3节-第5节 南湖南-博学东楼-403","XF":2,"SKXQ":7,"XNXQDM":"2024-2025-2","KCM":"软件工程基础","JASDM":"0202020403","JXLDM":"020202","JXBID":"20242-05610","SKBJ":"软件sy2301,软件zy2301-02","TYXMDM":null,"KCH":"10125117018"},{"KKDWDM":"021","XS":42,"BYBZ":"0","JSJC":8,"XXXQDM":"02","KXH":"26","KSJC":6,"XKZRS":98,"SKZC":"000000000011111000000000000000","SKJS":"余佳","ISTK":0,"ZCMC":"11-15周","YPSJDD":"9周 星期日 第6节-第8节 南湖南-博学东楼-403,1-5周 星期五 第6节-第8节 南湖南-博学东楼-403,11-15周 星期五 第6节-第8节 南湖南-博学东楼-403,7-9周 星期五 第6节-第8节 南湖南-博学东楼-403","XF":2,"SKXQ":5,"XNXQDM":"2024-2025-2","KCM":"马克思主义基本原理","JASDM":"0202020403","JXLDM":"020202","JXBID":"20242-12168","SKBJ":"会计ACCA2301,财务2301-02","TYXMDM":null,"KCH":"10211117035"},{"KKDWDM":"021","XS":48,"BYBZ":"0","JSJC":8,"XXXQDM":"02","KXH":"01","KSJC":6,"XKZRS":77,"SKZC":"000000000001110000000000000000","SKJS":"吕威,徐衍","ISTK":0,"ZCMC":"12-14周","YPSJDD":"1-10周 星期一 第6节-第8节 南湖南-博学东楼-403,12-14周 星期一 第6节-第8节 南湖南-博学东楼-403,16-17周 星期一 第6节-第8节 南湖南-博学东楼-403,17周 星期二 第6节-第8节 南湖南-博学东楼-403","XF":3,"SKXQ":1,"XNXQDM":"2024-2025-2","KCM":"中国哲学史","JASDM":"0202020403","JXLDM":"020202","JXBID":"20242-06192","SKBJ":"政治2401-02","TYXMDM":null,"KCH":"10215121014"},{"KKDWDM":"012","XS":72,"BYBZ":"0","JSJC":2,"XXXQDM":"02","KXH":"04","KSJC":1,"XKZRS":106,"SKZC":"000000000001110000000000000000","SKJS":"陈建军","ISTK":0,"ZCMC":"12-14周","YPSJDD":"16-17周 星期一 第1节-第2节 南湖南-博学东楼-403,1-15周 星期三 第3节-第4节 南湖南-博学东楼-403,1-10周 星期一 第1节-第2节 南湖南-博学东楼-403,17周 星期二 第1节-第2节 南湖南-博学东楼-403,12-14周 星期一 第1节-第2节 南湖南-博学东楼-403","XF":4,"SKXQ":1,"XNXQDM":"2024-2025-2","KCM":"计算机组成与系统结构","JASDM":"0202020403","JXLDM":"020202","JXBID":"20242-10506","SKBJ":"计算机2301-02","TYXMDM":null,"KCH":"10153111012"},{"KKDWDM":"021","XS":36,"BYBZ":"0","JSJC":5,"XXXQDM":"02","KXH":"11","KSJC":3,"XKZRS":109,"SKZC":"000000000001100000000000000000","SKJS":"李峰","ISTK":0,"ZCMC":"12-13周","YPSJDD":"1-10周 星期一 第3节-第5节 南湖南-博学东楼-403,12-13周 星期一 第3节-第5节 南湖南-博学东楼-403","XF":2,"SKXQ":1,"XNXQDM":"2024-2025-2","KCM":"习近平新时代中国特色社会主义思想概论","JASDM":"0202020403","JXLDM":"020202","JXBID":"20242-12201","SKBJ":"数经sy2301,计算机2301-02","TYXMDM":null,"KCH":"10211121033"},{"KKDWDM":"038","XS":32,"BYBZ":"0","JSJC":12,"XXXQDM":"02","KXH":"04","KSJC":11,"XKZRS":140,"SKZC":"000000000001000000000000","SKJS":"魏超","ISTK":0,"ZCMC":"12周","YPSJDD":"12周 星期四 第11节-第12节 南湖南-博学东楼-403,1-9周,11周 星期四 第11节-第13节 南湖南-博学东楼-403","XF":2,"SKXQ":4,"XNXQDM":"2024-2025-2","KCM":"大学生涯规划与职业发展(GX)","JASDM":"0202020403","JXLDM":"020202","JXBID":"20242-11053","SKBJ":"公选-11053","TYXMDM":null,"KCH":"10382121036"},{"KKDWDM":"012","XS":40,"BYBZ":"0","JSJC":4,"XXXQDM":"02","KXH":"03","KSJC":3,"XKZRS":110,"SKZC":"000000000000011000000000","SKJS":"袁胜琼","ISTK":0,"ZCMC":"14-15周","YPSJDD":"14-15周 星期五 第3节-第4节 南湖南-博学东楼-403,1-5周,7-9周,11-13周 星期五 第3节-第5节 南湖南-博学东楼-403,9周 星期日 第3节-第5节 南湖南-博学东楼-403","XF":2,"SKXQ":5,"XNXQDM":"2024-2025-2","KCM":"软件工程基础","JASDM":"0202020403","JXLDM":"020202","JXBID":"20242-05610","SKBJ":"软件sy2301,软件zy2301-02","TYXMDM":null,"KCH":"10125117018"},{"KKDWDM":"021","XS":48,"BYBZ":"0","JSJC":8,"XXXQDM":"02","KXH":"01","KSJC":6,"XKZRS":77,"SKZC":"000000000000000110000000000000","SKJS":"吕威,徐衍","ISTK":0,"ZCMC":"16-17周","YPSJDD":"1-10周 星期一 第6节-第8节 南湖南-博学东楼-403,12-14周 星期一 第6节-第8节 南湖南-博学东楼-403,16-17周 星期一 第6节-第8节 南湖南-博学东楼-403,17周 星期二 第6节-第8节 南湖南-博学东楼-403","XF":3,"SKXQ":1,"XNXQDM":"2024-2025-2","KCM":"中国哲学史","JASDM":"0202020403","JXLDM":"020202","JXBID":"20242-06192","SKBJ":"政治2401-02","TYXMDM":null,"KCH":"10215121014"},{"KKDWDM":"012","XS":72,"BYBZ":"0","JSJC":2,"XXXQDM":"02","KXH":"04","KSJC":1,"XKZRS":106,"SKZC":"000000000000000110000000000000","SKJS":"陈建军","ISTK":0,"ZCMC":"16-17周","YPSJDD":"16-17周 星期一 第1节-第2节 南湖南-博学东楼-403,1-15周 星期三 第3节-第4节 南湖南-博学东楼-403,1-10周 星期一 第1节-第2节 南湖南-博学东楼-403,17周 星期二 第1节-第2节 南湖南-博学东楼-403,12-14周 星期一 第1节-第2节 南湖南-博学东楼-403","XF":4,"SKXQ":1,"XNXQDM":"2024-2025-2","KCM":"计算机组成与系统结构","JASDM":"0202020403","JXLDM":"020202","JXBID":"20242-10506","SKBJ":"计算机2301-02","TYXMDM":null,"KCH":"10153111012"},{"KKDWDM":"012","XS":72,"BYBZ":"0","JSJC":2,"XXXQDM":"02","KXH":"04","KSJC":1,"XKZRS":106,"SKZC":"000000000000000010000000000000","SKJS":"陈建军","ISTK":0,"ZCMC":"17周","YPSJDD":"16-17周 星期一 第1节-第2节 南湖南-博学东楼-403,1-15周 星期三 第3节-第4节 南湖南-博学东楼-403,1-10周 星期一 第1节-第2节 南湖南-博学东楼-403,17周 星期二 第1节-第2节 南湖南-博学东楼-403,12-14周 星期一 第1节-第2节 南湖南-博学东楼-403","XF":4,"SKXQ":2,"XNXQDM":"2024-2025-2","KCM":"计算机组成与系统结构","JASDM":"0202020403","JXLDM":"020202","JXBID":"20242-10506","SKBJ":"计算机2301-02","TYXMDM":null,"KCH":"10153111012"},{"KKDWDM":"021","XS":48,"BYBZ":"0","JSJC":8,"XXXQDM":"02","KXH":"01","KSJC":6,"XKZRS":77,"SKZC":"000000000000000010000000000000","SKJS":"吕威,徐衍","ISTK":0,"ZCMC":"17周","YPSJDD":"1-10周 星期一 第6节-第8节 南湖南-博学东楼-403,12-14周 星期一 第6节-第8节 南湖南-博学东楼-403,16-17周 星期一 第6节-第8节 南湖南-博学东楼-403,17周 星期二 第6节-第8节 南湖南-博学东楼-403","XF":3,"SKXQ":2,"XNXQDM":"2024-2025-2","KCM":"中国哲学史","JASDM":"0202020403","JXLDM":"020202","JXBID":"20242-06192","SKBJ":"政治2401-02","TYXMDM":null,"KCH":"10215121014"}]}},"code":"0"}