{"datas":{"jaskcb":{"extParams":{"code":1,"msg":"查询成功"},"pageSize":0,"pageNumber":0,"totalSize":-1,"rows":[{"KKDWDM":"072","XS":64,"BYBZ":"0","JSJC":4,"XXXQDM":"02","KXH":"18","KSJC":3,"XKZRS":45,"SKZC":"111111111111111100000000","SKJS":"陈登平","ISTK":0,"ZCMC":"1-16周","YPSJDD":"1-9周,11-15周 星期四 第1节-第2节 南湖南-博学西楼-308,1-16周 星期二 第3节-第4节 南湖南-博学西楼-413","XF":4,"SKXQ":2,"XNXQDM":"2024-2025-2","KCM":"材料力学C","JASDM":"0202030413","JXLDM":"020203","JXBID":"20242-10813","SKBJ":"车辆2305","TYXMDM":null,"KCH":"10154111009"},{"KKDWDM":"008","XS":48,"BYBZ":"0","JSJC":5,"XXXQDM":"02","KXH":"04","KSJC":3,"XKZRS":72,"SKZC":"1111111111111111","SKJS":"张帆","ISTK":0,"ZCMC":"1-16周","YPSJDD":"1-16周 星期三 第3节-第5节 南湖南-博学西楼-413","XF":3,"SKXQ":3,"XNXQDM":"2024-2025-2","KCM":"测控仪器电子技术基础2","JASDM":"0202030413","JXLDM":"020203","JXBID":"20242-06737","SKBJ":"测控2301-02","TYXMDM":null,"KCH":"10084117059"},{"KKDWDM":"009","XS":48,"BYBZ":"0","JSJC":2,"XXXQDM":"02","KXH":"01","KSJC":1,"XKZRS":43,"SKZC":"111111111111000000000000000000","SKJS":"张倩,张翔凌","ISTK":0,"ZCMC":"1-12周","YPSJDD":"1-9周 星期四 第1节-第2节 南湖南-博学西楼-413,11-13周 星期四 第1节-第2节 南湖南-博学西楼-413,1-12周 星期二 第1节-第2节 南湖南-博学西楼-413","XF":3,"SKXQ":2,"XNXQDM":"2024-2025-2","KCM":"水质工程学B1","JASDM":"0202030413","JXLDM":"020203","JXBID":"20242-02141","SKBJ":"给排水2201","TYXMDM":null,"KCH":"10094112028"},{"KKDWDM":"017","XS":40,"BYBZ":"0","JSJC":5,"XXXQDM":"02","KXH":"02","KSJC":3,"XKZRS":42,"SKZC":"111111111101100000000000","SKJS":"惠丽丽","ISTK":0,"ZCMC":"1-10周,12-13周","YPSJDD":"14-16周(双) 星期一 第3节-第4节 南湖南-博学西楼-413,1-10周,12-13周 星期一 第3节-第5节 南湖南-博学西楼-413","XF":2,"SKXQ":1,"XNXQDM":"2024-2025-2","KCM":"中级财务会计B2","JASDM":"0202030413","JXLDM":"020203","JXBID":"20242-04821","SKBJ":"财务2301-02","TYXMDM":null,"KCH":"10175117070"},{"KKDWDM":"008","XS":56,"BYBZ":"0","JSJC":2,"XXXQDM":"02","KXH":"01","KSJC":1,"XKZRS":89,"SKZC":"111111111100000000000000000000","SKJS":"毛娅","ISTK":0,"ZCMC":"1-10周","YPSJDD":"12-14周 星期一 第1节-第2节 南湖南-博学西楼-413,11-14周 星期四 第3节-第4节 南湖南-博学西楼-413,1-9周 星期四 第3节-第4节 南湖南-博学西楼-413,1-10周 星期一 第1节-第2节 南湖南-博学西楼-413","XF":3,"SKXQ":1,"XNXQDM":"2024-2025-2","KCM":"机械原理","JASDM":"0202030413","JXLDM":"020203","JXBID":"20242-04592","SKBJ":"车辆gj2303-04","TYXMDM":null,"KCH":"10115111002"},{"KKDWDM":"009","XS":48,"BYBZ":"0","JSJC":2,"XXXQDM":"02","KXH":"01","KSJC":1,"XKZRS":43,"SKZC":"111111111000000000000000000000","SKJS":"张倩,张翔凌","ISTK":0,"ZCMC":"1-9周","YPSJDD":"1-9周 星期四 第1节-第2节 南湖南-博学西楼-413,11-13周 星期四 第1节-第2节 南湖南-博学西楼-413,1-12周 星期二 第1节-第2节 南湖南-博学西楼-413","XF":3,"SKXQ":4,"XNXQDM":"2024-2025-2","KCM":"水质工程学B1","JASDM":"0202030413","JXLDM":"020203","JXBID":"20242-02141","SKBJ":"给排水2201","TYXMDM":null,"KCH":"10094112028"},{"KKDWDM":"008","XS":56,"BYBZ":"0","JSJC":4,"XXXQDM":"02","KXH":"01","KSJC":3,"XKZRS":89,"SKZC":"111111111000000000000000000000","SKJS":"毛娅","ISTK":0,"ZCMC":"1-9周","YPSJDD":"12-14周 星期一 第1节-第2节 南湖南-博学西楼-413,11-14周 星期四 第3节-第4节 南湖南-博学西楼-413,1-9周 星期四 第3节-第4节 南湖南-博学西楼-413,1-10周 星期一 第1节-第2节 南湖南-博学西楼-413","XF":3,"SKXQ":4,"XNXQDM":"2024-2025-2","KCM":"机械原理","JASDM":"0202030413","JXLDM":"020203","JXBID":"20242-04592","SKBJ":"车辆gj2303-04","TYXMDM":null,"KCH":"10115111002"},{"KKDWDM":"009","XS":24,"BYBZ":"0","JSJC":8,"XXXQDM":"02","KXH":"01","KSJC":6,"XKZRS":85,"SKZC":"001000000000000000000000000000","SKJS":"马广阅","ISTK":0,"ZCMC":"3周","YPSJDD":"4-10周 星期二 第6节-第8节 南湖南-博学主楼-302,3周 星期二 第6节-第8节 南湖南-博学西楼-413","XF":1,"SKXQ":2,"XNXQDM":"2024-2025-2","KCM":"工程结构C2","JASDM":"0202030413","JXLDM":"020203","JXBID":"20242-03425","SKBJ":"工程2201-02","TYXMDM":null,"KCH":"10094117082"},{"KKDWDM":"009","XS":24,"BYBZ":"0","JSJC":5,"XXXQDM":"02","KXH":"01","KSJC":3,"XKZRS":81,"SKZC":"000010000000000000000000000000","SKJS":"陈伟","ISTK":0,"ZCMC":"5周","YPSJDD":"9周 星期日 第3节-第5节 南湖南-博学西楼-413,7-9周 星期五 第3节-第5节 南湖南-博学西楼-413,11-13周 星期五 第3节-第5节 南湖南-博学西楼-413,5周 星期五 第3节-第5节 南湖南-博学西楼-413","XF":1,"SKXQ":5,"XNXQDM":"2024-2025-2","KCM":"建设工程风险管理","JASDM":"0202030413","JXLDM":"020203","JXBID":"20242-03762","SKBJ":"工程2201-02","TYXMDM":null,"KCH":"10094115019"},{"KKDWDM":"009","XS":24,"BYBZ":"0","JSJC":5,"XXXQDM":"02","KXH":"01","KSJC":3,"XKZRS":81,"SKZC":"000000111000000000000000000000","SKJS":"陈伟","ISTK":0,"ZCMC":"7-9周","YPSJDD":"9周 星期日 第3节-第5节 南湖南-博学西楼-413,7-9周 星期五 第3节-第5节 南湖南-博学西楼-413,11-13周 星期五 第3节-第5节 南湖南-博学西楼-413,5周 星期五 第3节-第5节 南湖南-博学西楼-413","XF":1,"SKXQ":5,"XNXQDM":"2024-2025-2","KCM":"建设工程风险管理","JASDM":"0202030413","JXLDM":"020203","JXBID":"20242-03762","SKBJ":"工程2201-02","TYXMDM":null,"KCH":"10094115019"},{"KKDWDM":"009","XS":24,"BYBZ":"0","JSJC":5,"XXXQDM":"02","KXH":"01","KSJC":3,"XKZRS":81,"SKZC":"000000001000000000000000000000","SKJS":"陈伟","ISTK":0,"ZCMC":"9周","YPSJDD":"9周 星期日 第3节-第5节 南湖南-博学西楼-413,7-9周 星期五 第3节-第5节 南湖南-博学西楼-413,11-13周 星期五 第3节-第5节 南湖南-博学西楼-413,5周 星期五 第3节-第5节 南湖南-博学西楼-413","XF":1,"SKXQ":7,"XNXQDM":"2024-2025-2","KCM":"建设工程风险管理","JASDM":"0202030413","JXLDM":"020203","JXBID":"20242-03762","SKBJ":"工程2201-02","TYXMDM":null,"KCH":"10094115019"},{"KKDWDM":"008","XS":56,"BYBZ":"0","JSJC":4,"XXXQDM":"02","KXH":"01","KSJC":3,"XKZRS":89,"SKZC":"000000000011110000000000000000","SKJS":"毛娅","ISTK":0,"ZCMC":"11-14周","YPSJDD":"12-14周 星期一 第1节-第2节 南湖南-博学西楼-413,11-14周 星期四 第3节-第4节 南湖南-博学西楼-413,1-9周 星期四 第3节-第4节 南湖南-博学西楼-413,1-10周 星期一 第1节-第2节 南湖南-博学西楼-413","XF":3,"SKXQ":4,"XNXQDM":"2024-2025-2","KCM":"机械原理","JASDM":"0202030413","JXLDM":"020203","JXBID":"20242-04592","SKBJ":"车辆gj2303-04","TYXMDM":null,"KCH":"10115111002"},{"KKDWDM":"009","XS":48,"BYBZ":"0","JSJC":2,"XXXQDM":"02","KXH":"01","KSJC":1,"XKZRS":43,"SKZC":"000000000011100000000000000000","SKJS":"张倩,张翔凌","ISTK":0,"ZCMC":"11-13周","YPSJDD":"1-9周 星期四 第1节-第2节 南湖南-博学西楼-413,11-13周 星期四 第1节-第2节 南湖南-博学西楼-413,1-12周 星期二 第1节-第2节 南湖南-博学西楼-413","XF":3,"SKXQ":4,"XNXQDM":"2024-2025-2","KCM":"水质工程学B1","JASDM":"0202030413","JXLDM":"020203","JXBID":"20242-02141","SKBJ":"给排水2201","TYXMDM":null,"KCH":"10094112028"},{"KKDWDM":"009","XS":24,"BYBZ":"0","JSJC":5,"XXXQDM":"02","KXH":"01","KSJC":3,"XKZRS":81,"SKZC":"000000000011100000000000000000","SKJS":"陈伟","ISTK":0,"ZCMC":"11-13周","YPSJDD":"9周 星期日 第3节-第5节 南湖南-博学西楼-413,7-9周 星期五 第3节-第5节 南湖南-博学西楼-413,11-13周 星期五 第3节-第5节 南湖南-博学西楼-413,5周 星期五 第3节-第5节 南湖南-博学西楼-413","XF":1,"SKXQ":5,"XNXQDM":"2024-2025-2","KCM":"建设工程风险管理","JASDM":"0202030413","JXLDM":"020203","JXBID":"20242-03762","SKBJ":"工程2201-02","TYXMDM":null,"KCH":"10094115019"},{"KKDWDM":"008","XS":56,"BYBZ":"0","JSJC":2,"XXXQDM":"02","KXH":"01","KSJC":1,"XKZRS":89,"SKZC":"000000000001110000000000000000","SKJS":"毛娅","ISTK":0,"ZCMC":"12-14周","YPSJDD":"12-14周 星期一 第1节-第2节 南湖南-博学西楼-413,11-14周 星期四 第3节-第4节 南湖南-博学西楼-413,1-9周 星期四 第3节-第4节 南湖南-博学西楼-413,1-10周 星期一 第1节-第2节 南湖南-博学西楼-413","XF":3,"SKXQ":1,"XNXQDM":"2024-2025-2","KCM":"机械原理","JASDM":"0202030413","JXLDM":"020203","JXBID":"20242-04592","SKBJ":"车辆gj2303-04","TYXMDM":null,"KCH":"10115111002"},{"KKDWDM":"017","XS":40,"BYBZ":"0","JSJC":4,"XXXQDM":"02","KXH":"02","KSJC":3,"XKZRS":42,"SKZC":"000000000000010100000000","SKJS":"惠丽丽","ISTK":0,"ZCMC":"14-16周(双)","YPSJDD":"14-16周(双) 星期一 第3节-第4节 南湖南-博学西楼-413,1-10周,12-13周 星期一 第3节-第5节 南湖南-博学西楼-413","XF":2,"SKXQ":1,"XNXQDM":"2024-2025-2","KCM":"中级财务会计B2","JASDM":"0202030413","JXLDM":"020203","JXBID":"20242-04821","SKBJ":"财务2301-02","TYXMDM":null,"KCH":"10175117070"}]}},"code":"0"}