{"datas":{"jaskcb":{"extParams":{"code":1,"msg":"查询成功"},"pageSize":0,"pageNumber":0,"totalSize":-1,"rows":[{"KKDWDM":"017","XS":32,"BYBZ":"0","JSJC":2,"XXXQDM":"02","KXH":"01","KSJC":1,"XKZRS":58,"SKZC":"111111111111111100000000","SKJS":"吴小艳","ISTK":0,"ZCMC":"1-16周","YPSJDD":"1-16周 星期三 第1节-第2节 南湖南-博学东楼-206","XF":2,"SKXQ":3,"XNXQDM":"2024-2025-2","KCM":"公共关系学","JASDM":"0202020206","JXLDM":"020202","JXBID":"20242-05048","SKBJ":"人力2301-02","TYXMDM":null,"KCH":"10175111030"},{"KKDWDM":"012","XS":32,"BYBZ":"0","JSJC":2,"XXXQDM":"02","KXH":"05","KSJC":1,"XKZRS":107,"SKZC":"111111111111111100000000","SKJS":"钟钰","ISTK":0,"ZCMC":"1-16周","YPSJDD":"1-16周 星期二 第1节-第2节 南湖南-博学东楼-206","XF":2,"SKXQ":2,"XNXQDM":"2024-2025-2","KCM":"C程序设计基础B","JASDM":"0202020206","JXLDM":"020202","JXBID":"20242-11969","SKBJ":"机电类2401-03","TYXMDM":null,"KCH":"10121121087"},{"KKDWDM":"022","XS":48,"BYBZ":"0","JSJC":5,"XXXQDM":"02","KXH":"02","KSJC":3,"XKZRS":100,"SKZC":"11111111111111110000","SKJS":"张弛","ISTK":0,"ZCMC":"1-16周","YPSJDD":"1-16周 星期二 第3节-第5节 南湖南-博学东楼-206","XF":3,"SKXQ":2,"XNXQDM":"2024-2025-2","KCM":"网络与新媒体概论","JASDM":"0202020206","JXLDM":"020202","JXBID":"20242-12503","SKBJ":"新闻类2401-03","TYXMDM":null,"KCH":"10224121092"},{"KKDWDM":"021","XS":48,"BYBZ":"0","JSJC":5,"XXXQDM":"02","KXH":"21","KSJC":3,"XKZRS":125,"SKZC":"11111111111111000000","SKJS":"雷五明","ISTK":0,"ZCMC":"1-14周","YPSJDD":"1-14周 星期三 第3节-第5节 南湖南-博学东楼-206","XF":3,"SKXQ":3,"XNXQDM":"2024-2025-2","KCM":"思想道德与法治","JASDM":"0202020206","JXLDM":"020202","JXBID":"20242-11833","SKBJ":"土木类2401-04","TYXMDM":null,"KCH":"10211124001"},{"KKDWDM":"021","XS":48,"BYBZ":"0","JSJC":5,"XXXQDM":"02","KXH":"02","KSJC":3,"XKZRS":95,"SKZC":"111111111100000000000000000000","SKJS":"邓亦武","ISTK":0,"ZCMC":"1-10周","YPSJDD":"12-14周 星期一 第3节-第5节 南湖南-博学东楼-206,1-10周 星期一 第3节-第5节 南湖南-博学东楼-206,16周 星期一 第3节-第5节 南湖南-博学东楼-206","XF":3,"SKXQ":1,"XNXQDM":"2024-2025-2","KCM":"中国近现代史纲要","JASDM":"0202020206","JXLDM":"020202","JXBID":"20242-05945","SKBJ":"信管2401-03","TYXMDM":null,"KCH":"10211124005"},{"KKDWDM":"021","XS":48,"BYBZ":"0","JSJC":8,"XXXQDM":"02","KXH":"30","KSJC":6,"XKZRS":98,"SKZC":"111111111100000000000000000000","SKJS":"杨成刚","ISTK":0,"ZCMC":"1-10周","YPSJDD":"12-14周 星期一 第6节-第8节 南湖南-博学东楼-206,1-10周 星期一 第6节-第8节 南湖南-博学东楼-206,16周 星期一 第6节-第8节 南湖南-博学东楼-206","XF":3,"SKXQ":1,"XNXQDM":"2024-2025-2","KCM":"思想道德与法治","JASDM":"0202020206","JXLDM":"020202","JXBID":"20242-11820","SKBJ":"电信类2401-03","TYXMDM":null,"KCH":"10211124001"},{"KKDWDM":"013","XS":64,"BYBZ":"0","JSJC":2,"XXXQDM":"02","KXH":"10","KSJC":1,"XKZRS":140,"SKZC":"111111111100000000000000000000","SKJS":"杨胤铎,罗文辉","ISTK":0,"ZCMC":"1-10周","YPSJDD":"12-14周 星期一 第1节-第2节 南湖南-博学东楼-206,1-10周 星期一 第1节-第2节 南湖南-博学东楼-206,16周 星期一 第1节-第2节 南湖南-博学东楼-206,1-13周 星期三 第3节-第4节 南湖南-博学东楼-406","XF":4,"SKXQ":1,"XNXQDM":"2024-2025-2","KCM":"电工与电子技术基础B","JASDM":"0202020206","JXLDM":"020202","JXBID":"20242-05536","SKBJ":"智能制造2301-02,智能制造本硕2301,过控2302","TYXMDM":null,"KCH":"10133121096"},{"KKDWDM":"014","XS":32,"BYBZ":"0","JSJC":13,"XXXQDM":"02","KXH":"01","KSJC":11,"XKZRS":118,"SKZC":"111111111100000000000000000000","SKJS":"付耀方,吴小红,张帆,魏天明","ISTK":0,"ZCMC":"1-10周","YPSJDD":"12周 星期一 第11节-第12节 南湖南-博学东楼-206,1-10周 星期一 第11节-第13节 南湖南-博学东楼-206","XF":2,"SKXQ":1,"XNXQDM":"2024-2025-2","KCM":"跟着船长去航海(GX)","JASDM":"0202020206","JXLDM":"020202","JXBID":"20242-07961","SKBJ":"公选-07961","TYXMDM":null,"KCH":"10142121068"},{"KKDWDM":"022","XS":32,"BYBZ":"0","JSJC":8,"XXXQDM":"02","KXH":"01","KSJC":6,"XKZRS":88,"SKZC":"111111111100000000000000","SKJS":"汪炜","ISTK":0,"ZCMC":"1-10周","YPSJDD":"11周 星期三 第6节-第7节 南湖南-博学东楼-206,1-10周 星期三 第6节-第8节 南湖南-博学东楼-206","XF":2,"SKXQ":3,"XNXQDM":"2024-2025-2","KCM":"交通法","JASDM":"0202020206","JXLDM":"020202","JXBID":"20242-05099","SKBJ":"法学2301-04","TYXMDM":null,"KCH":"10057311036"},{"KKDWDM":"021","XS":48,"BYBZ":"0","JSJC":5,"XXXQDM":"02","KXH":"18","KSJC":3,"XKZRS":125,"SKZC":"111111111000000000000000000000","SKJS":"张利荣","ISTK":0,"ZCMC":"1-9周","YPSJDD":"11-15周 星期四 第3节-第5节 南湖南-博学东楼-206,1-9周 星期四 第3节-第5节 南湖南-博学东楼-206","XF":3,"SKXQ":4,"XNXQDM":"2024-2025-2","KCM":"思想道德与法治","JASDM":"0202020206","JXLDM":"020202","JXBID":"20242-06609","SKBJ":"土木类2412-14,岩土jd2401","TYXMDM":null,"KCH":"10211124001"},{"KKDWDM":"022","XS":24,"BYBZ":"0","JSJC":13,"XXXQDM":"02","KXH":"03","KSJC":11,"XKZRS":140,"SKZC":"111111110000000000000000","SKJS":"徐江萍,王丽","ISTK":0,"ZCMC":"1-8周","YPSJDD":"1-8周 星期四 第11节-第13节 南湖南-博学东楼-206","XF":1,"SKXQ":4,"XNXQDM":"2024-2025-2","KCM":"校园侵权法学(GX)","JASDM":"0202020206","JXLDM":"020202","JXBID":"20242-11386","SKBJ":"公选-11386","TYXMDM":null,"KCH":"10222121279"},{"KKDWDM":"044","XS":24,"BYBZ":"0","JSJC":13,"XXXQDM":"02","KXH":"02","KSJC":11,"XKZRS":144,"SKZC":"111111110000000000000000","SKJS":"舒娟","ISTK":0,"ZCMC":"1-8周","YPSJDD":"1-8周 星期三 第11节-第13节 南湖南-博学东楼-206","XF":1,"SKXQ":3,"XNXQDM":"2024-2025-2","KCM":"影视鉴赏A(GX)","JASDM":"0202020206","JXLDM":"020202","JXBID":"20242-11557","SKBJ":"公选-11557","TYXMDM":null,"KCH":"10442121057"},{"KKDWDM":"016","XS":24,"BYBZ":"0","JSJC":13,"XXXQDM":"02","KXH":"02","KSJC":11,"XKZRS":140,"SKZC":"111111110000000000000000","SKJS":"余瑶","ISTK":0,"ZCMC":"1-8周","YPSJDD":"1-8周 星期二 第11节-第13节 南湖南-博学东楼-206","XF":1,"SKXQ":2,"XNXQDM":"2024-2025-2","KCM":"生命科学概论(GX)","JASDM":"0202020206","JXLDM":"020202","JXBID":"20242-09930","SKBJ":"公选-09930","TYXMDM":null,"KCH":"10162121090"},{"KKDWDM":"017","XS":24,"BYBZ":"0","JSJC":5,"XXXQDM":"02","KXH":"13","KSJC":3,"XKZRS":126,"SKZC":"111110000000000000000000000000","SKJS":"王宏宇,黄菡","ISTK":0,"ZCMC":"1-5周","YPSJDD":"1-5周 星期五 第3节-第5节 南湖南-博学东楼-206,9周 星期日 第3节-第5节 南湖南-博学东楼-206,7-8周 星期五 第3节-第5节 南湖南-博学东楼-206","XF":1,"SKXQ":5,"XNXQDM":"2024-2025-2","KCM":"大数据与人工智能管理概论","JASDM":"0202020206","JXLDM":"020202","JXBID":"20242-11026","SKBJ":"工商类2410-12","TYXMDM":null,"KCH":"10173124165"},{"KKDWDM":"038","XS":32,"BYBZ":"0","JSJC":7,"XXXQDM":"02","KXH":"08","KSJC":6,"XKZRS":112,"SKZC":"111110000000000000000000000000","SKJS":"花雨阳","ISTK":0,"ZCMC":"1-5周","YPSJDD":"11-13周 星期五 第6节-第7节 南湖南-博学东楼-206,9周 星期日 第6节-第7节 南湖南-博学东楼-206,1-5周 星期五 第6节-第7节 南湖南-博学东楼-206,7-9周 星期五 第6节-第7节 南湖南-博学东楼-206","XF":2,"SKXQ":5,"XNXQDM":"2024-2025-2","KCM":"心理健康教育","JASDM":"0202020206","JXLDM":"020202","JXBID":"20242-06190","SKBJ":"电信类2417-18,通信zs2401","TYXMDM":null,"KCH":"10388117003"},{"KKDWDM":"038","XS":32,"BYBZ":"0","JSJC":2,"XXXQDM":"02","KXH":"20","KSJC":1,"XKZRS":140,"SKZC":"111110000000000000000000000000","SKJS":"王希征","ISTK":0,"ZCMC":"1-5周","YPSJDD":"17周 星期三 第1节-第2节 南湖南-博学东楼-206,7-9周 星期五 第1节-第2节 南湖南-博学东楼-206,11-16周 星期五 第1节-第2节 南湖南-博学东楼-206,9周 星期日 第1节-第2节 南湖南-博学东楼-206,1-5周 星期五 第1节-第2节 南湖南-博学东楼-206","XF":2,"SKXQ":5,"XNXQDM":"2024-2025-2","KCM":"军事理论","JASDM":"0202020206","JXLDM":"020202","JXBID":"20242-12125","SKBJ":"电信类2401-04","TYXMDM":null,"KCH":"10381121001"},{"KKDWDM":"021","XS":48,"BYBZ":"0","JSJC":8,"XXXQDM":"02","KXH":"15","KSJC":6,"XKZRS":120,"SKZC":"111000000000000000000000000000","SKJS":"杨积少","ISTK":0,"ZCMC":"1-3周","YPSJDD":"1-3周 星期二 第6节-第8节 南湖南-博学东楼-206,4-14周 星期二 第6节-第8节 南湖南-博学东楼-206","XF":3,"SKXQ":2,"XNXQDM":"2024-2025-2","KCM":"中国近现代史纲要","JASDM":"0202020206","JXLDM":"020202","JXBID":"20242-06038","SKBJ":"工力jd2401,数学类2404-06","TYXMDM":null,"KCH":"10211124005"},{"KKDWDM":"021","XS":48,"BYBZ":"0","JSJC":8,"XXXQDM":"02","KXH":"15","KSJC":6,"XKZRS":120,"SKZC":"000111111111110000000000000000","SKJS":"李燕,杨积少","ISTK":0,"ZCMC":"4-14周","YPSJDD":"1-3周 星期二 第6节-第8节 南湖南-博学东楼-206,4-14周 星期二 第6节-第8节 南湖南-博学东楼-206","XF":3,"SKXQ":2,"XNXQDM":"2024-2025-2","KCM":"中国近现代史纲要","JASDM":"0202020206","JXLDM":"020202","JXBID":"20242-06038","SKBJ":"工力jd2401,数学类2404-06","TYXMDM":null,"KCH":"10211124005"},{"KKDWDM":"038","XS":32,"BYBZ":"0","JSJC":7,"XXXQDM":"02","KXH":"08","KSJC":6,"XKZRS":112,"SKZC":"000000111000000000000000000000","SKJS":"花雨阳","ISTK":0,"ZCMC":"7-9周","YPSJDD":"11-13周 星期五 第6节-第7节 南湖南-博学东楼-206,9周 星期日 第6节-第7节 南湖南-博学东楼-206,1-5周 星期五 第6节-第7节 南湖南-博学东楼-206,7-9周 星期五 第6节-第7节 南湖南-博学东楼-206","XF":2,"SKXQ":5,"XNXQDM":"2024-2025-2","KCM":"心理健康教育","JASDM":"0202020206","JXLDM":"020202","JXBID":"20242-06190","SKBJ":"电信类2417-18,通信zs2401","TYXMDM":null,"KCH":"10388117003"},{"KKDWDM":"038","XS":32,"BYBZ":"0","JSJC":2,"XXXQDM":"02","KXH":"20","KSJC":1,"XKZRS":140,"SKZC":"000000111000000000000000000000","SKJS":"王希征","ISTK":0,"ZCMC":"7-9周","YPSJDD":"17周 星期三 第1节-第2节 南湖南-博学东楼-206,7-9周 星期五 第1节-第2节 南湖南-博学东楼-206,11-16周 星期五 第1节-第2节 南湖南-博学东楼-206,9周 星期日 第1节-第2节 南湖南-博学东楼-206,1-5周 星期五 第1节-第2节 南湖南-博学东楼-206","XF":2,"SKXQ":5,"XNXQDM":"2024-2025-2","KCM":"军事理论","JASDM":"0202020206","JXLDM":"020202","JXBID":"20242-12125","SKBJ":"电信类2401-04","TYXMDM":null,"KCH":"10381121001"},{"KKDWDM":"017","XS":24,"BYBZ":"0","JSJC":5,"XXXQDM":"02","KXH":"13","KSJC":3,"XKZRS":126,"SKZC":"000000110000000000000000000000","SKJS":"王宏宇,黄菡","ISTK":0,"ZCMC":"7-8周","YPSJDD":"1-5周 星期五 第3节-第5节 南湖南-博学东楼-206,9周 星期日 第3节-第5节 南湖南-博学东楼-206,7-8周 星期五 第3节-第5节 南湖南-博学东楼-206","XF":1,"SKXQ":5,"XNXQDM":"2024-2025-2","KCM":"大数据与人工智能管理概论","JASDM":"0202020206","JXLDM":"020202","JXBID":"20242-11026","SKBJ":"工商类2410-12","TYXMDM":null,"KCH":"10173124165"},{"KKDWDM":"021","XS":8,"BYBZ":"0","JSJC":7,"XXXQDM":"02","KXH":"563","KSJC":6,"XKZRS":140,"SKZC":"000000011011000000000000","SKJS":"武海龙","ISTK":0,"ZCMC":"8-9周,11-12周","YPSJDD":"8-9周,11-12周 星期四 第6节-第7节 南湖南-博学东楼-206","XF":0,"SKXQ":4,"XNXQDM":"2024-2025-2","KCM":"形势与政策","JASDM":"0202020206","JXLDM":"020202","JXBID":"20242-14154","SKBJ":null,"TYXMDM":null,"KCH":"10218121092"},{"KKDWDM":"021","XS":8,"BYBZ":"0","JSJC":10,"XXXQDM":"02","KXH":"586","KSJC":9,"XKZRS":134,"SKZC":"000000011011000000000000","SKJS":"武海龙","ISTK":0,"ZCMC":"8-9周,11-12周","YPSJDD":"8-9周,11-12周 星期四 第9节-第10节 南湖南-博学东楼-206","XF":0,"SKXQ":4,"XNXQDM":"2024-2025-2","KCM":"形势与政策","JASDM":"0202020206","JXLDM":"020202","JXBID":"20242-14177","SKBJ":null,"TYXMDM":null,"KCH":"10218121092"},{"KKDWDM":"038","XS":32,"BYBZ":"0","JSJC":2,"XXXQDM":"02","KXH":"20","KSJC":1,"XKZRS":140,"SKZC":"000000001000000000000000000000","SKJS":"王希征","ISTK":0,"ZCMC":"9周","YPSJDD":"17周 星期三 第1节-第2节 南湖南-博学东楼-206,7-9周 星期五 第1节-第2节 南湖南-博学东楼-206,11-16周 星期五 第1节-第2节 南湖南-博学东楼-206,9周 星期日 第1节-第2节 南湖南-博学东楼-206,1-5周 星期五 第1节-第2节 南湖南-博学东楼-206","XF":2,"SKXQ":7,"XNXQDM":"2024-2025-2","KCM":"军事理论","JASDM":"0202020206","JXLDM":"020202","JXBID":"20242-12125","SKBJ":"电信类2401-04","TYXMDM":null,"KCH":"10381121001"},{"KKDWDM":"038","XS":32,"BYBZ":"0","JSJC":7,"XXXQDM":"02","KXH":"08","KSJC":6,"XKZRS":112,"SKZC":"000000001000000000000000000000","SKJS":"花雨阳","ISTK":0,"ZCMC":"9周","YPSJDD":"11-13周 星期五 第6节-第7节 南湖南-博学东楼-206,9周 星期日 第6节-第7节 南湖南-博学东楼-206,1-5周 星期五 第6节-第7节 南湖南-博学东楼-206,7-9周 星期五 第6节-第7节 南湖南-博学东楼-206","XF":2,"SKXQ":7,"XNXQDM":"2024-2025-2","KCM":"心理健康教育","JASDM":"0202020206","JXLDM":"020202","JXBID":"20242-06190","SKBJ":"电信类2417-18,通信zs2401","TYXMDM":null,"KCH":"10388117003"},{"KKDWDM":"017","XS":24,"BYBZ":"0","JSJC":5,"XXXQDM":"02","KXH":"13","KSJC":3,"XKZRS":126,"SKZC":"000000001000000000000000000000","SKJS":"王宏宇,黄菡","ISTK":0,"ZCMC":"9周","YPSJDD":"1-5周 星期五 第3节-第5节 南湖南-博学东楼-206,9周 星期日 第3节-第5节 南湖南-博学东楼-206,7-8周 星期五 第3节-第5节 南湖南-博学东楼-206","XF":1,"SKXQ":7,"XNXQDM":"2024-2025-2","KCM":"大数据与人工智能管理概论","JASDM":"0202020206","JXLDM":"020202","JXBID":"20242-11026","SKBJ":"工商类2410-12","TYXMDM":null,"KCH":"10173124165"},{"KKDWDM":"038","XS":32,"BYBZ":"0","JSJC":2,"XXXQDM":"02","KXH":"20","KSJC":1,"XKZRS":140,"SKZC":"000000000011111100000000000000","SKJS":"王希征","ISTK":0,"ZCMC":"11-16周","YPSJDD":"17周 星期三 第1节-第2节 南湖南-博学东楼-206,7-9周 星期五 第1节-第2节 南湖南-博学东楼-206,11-16周 星期五 第1节-第2节 南湖南-博学东楼-206,9周 星期日 第1节-第2节 南湖南-博学东楼-206,1-5周 星期五 第1节-第2节 南湖南-博学东楼-206","XF":2,"SKXQ":5,"XNXQDM":"2024-2025-2","KCM":"军事理论","JASDM":"0202020206","JXLDM":"020202","JXBID":"20242-12125","SKBJ":"电信类2401-04","TYXMDM":null,"KCH":"10381121001"},{"KKDWDM":"021","XS":48,"BYBZ":"0","JSJC":5,"XXXQDM":"02","KXH":"18","KSJC":3,"XKZRS":125,"SKZC":"000000000011111000000000000000","SKJS":"张利荣","ISTK":0,"ZCMC":"11-15周","YPSJDD":"11-15周 星期四 第3节-第5节 南湖南-博学东楼-206,1-9周 星期四 第3节-第5节 南湖南-博学东楼-206","XF":3,"SKXQ":4,"XNXQDM":"2024-2025-2","KCM":"思想道德与法治","JASDM":"0202020206","JXLDM":"020202","JXBID":"20242-06609","SKBJ":"土木类2412-14,岩土jd2401","TYXMDM":null,"KCH":"10211124001"},{"KKDWDM":"038","XS":32,"BYBZ":"0","JSJC":7,"XXXQDM":"02","KXH":"08","KSJC":6,"XKZRS":112,"SKZC":"000000000011100000000000000000","SKJS":"花雨阳","ISTK":0,"ZCMC":"11-13周","YPSJDD":"11-13周 星期五 第6节-第7节 南湖南-博学东楼-206,9周 星期日 第6节-第7节 南湖南-博学东楼-206,1-5周 星期五 第6节-第7节 南湖南-博学东楼-206,7-9周 星期五 第6节-第7节 南湖南-博学东楼-206","XF":2,"SKXQ":5,"XNXQDM":"2024-2025-2","KCM":"心理健康教育","JASDM":"0202020206","JXLDM":"020202","JXBID":"20242-06190","SKBJ":"电信类2417-18,通信zs2401","TYXMDM":null,"KCH":"10388117003"},{"KKDWDM":"022","XS":32,"BYBZ":"0","JSJC":7,"XXXQDM":"02","KXH":"01","KSJC":6,"XKZRS":88,"SKZC":"000000000010000000000000","SKJS":"汪炜","ISTK":0,"ZCMC":"11周","YPSJDD":"11周 星期三 第6节-第7节 南湖南-博学东楼-206,1-10周 星期三 第6节-第8节 南湖南-博学东楼-206","XF":2,"SKXQ":3,"XNXQDM":"2024-2025-2","KCM":"交通法","JASDM":"0202020206","JXLDM":"020202","JXBID":"20242-05099","SKBJ":"法学2301-04","TYXMDM":null,"KCH":"10057311036"},{"KKDWDM":"013","XS":64,"BYBZ":"0","JSJC":2,"XXXQDM":"02","KXH":"10","KSJC":1,"XKZRS":140,"SKZC":"000000000001110000000000000000","SKJS":"杨胤铎,罗文辉","ISTK":0,"ZCMC":"12-14周","YPSJDD":"12-14周 星期一 第1节-第2节 南湖南-博学东楼-206,1-10周 星期一 第1节-第2节 南湖南-博学东楼-206,16周 星期一 第1节-第2节 南湖南-博学东楼-206,1-13周 星期三 第3节-第4节 南湖南-博学东楼-406","XF":4,"SKXQ":1,"XNXQDM":"2024-2025-2","KCM":"电工与电子技术基础B","JASDM":"0202020206","JXLDM":"020202","JXBID":"20242-05536","SKBJ":"智能制造2301-02,智能制造本硕2301,过控2302","TYXMDM":null,"KCH":"10133121096"},{"KKDWDM":"021","XS":48,"BYBZ":"0","JSJC":8,"XXXQDM":"02","KXH":"30","KSJC":6,"XKZRS":98,"SKZC":"000000000001110000000000000000","SKJS":"杨成刚","ISTK":0,"ZCMC":"12-14周","YPSJDD":"12-14周 星期一 第6节-第8节 南湖南-博学东楼-206,1-10周 星期一 第6节-第8节 南湖南-博学东楼-206,16周 星期一 第6节-第8节 南湖南-博学东楼-206","XF":3,"SKXQ":1,"XNXQDM":"2024-2025-2","KCM":"思想道德与法治","JASDM":"0202020206","JXLDM":"020202","JXBID":"20242-11820","SKBJ":"电信类2401-03","TYXMDM":null,"KCH":"10211124001"},{"KKDWDM":"021","XS":48,"BYBZ":"0","JSJC":5,"XXXQDM":"02","KXH":"02","KSJC":3,"XKZRS":95,"SKZC":"000000000001110000000000000000","SKJS":"邓亦武","ISTK":0,"ZCMC":"12-14周","YPSJDD":"12-14周 星期一 第3节-第5节 南湖南-博学东楼-206,1-10周 星期一 第3节-第5节 南湖南-博学东楼-206,16周 星期一 第3节-第5节 南湖南-博学东楼-206","XF":3,"SKXQ":1,"XNXQDM":"2024-2025-2","KCM":"中国近现代史纲要","JASDM":"0202020206","JXLDM":"020202","JXBID":"20242-05945","SKBJ":"信管2401-03","TYXMDM":null,"KCH":"10211124005"},{"KKDWDM":"014","XS":32,"BYBZ":"0","JSJC":12,"XXXQDM":"02","KXH":"01","KSJC":11,"XKZRS":118,"SKZC":"000000000001000000000000000000","SKJS":"付耀方,吴小红,张帆,魏天明","ISTK":0,"ZCMC":"12周","YPSJDD":"12周 星期一 第11节-第12节 南湖南-博学东楼-206,1-10周 星期一 第11节-第13节 南湖南-博学东楼-206","XF":2,"SKXQ":1,"XNXQDM":"2024-2025-2","KCM":"跟着船长去航海(GX)","JASDM":"0202020206","JXLDM":"020202","JXBID":"20242-07961","SKBJ":"公选-07961","TYXMDM":null,"KCH":"10142121068"},{"KKDWDM":"021","XS":8,"BYBZ":"0","JSJC":10,"XXXQDM":"02","KXH":"631","KSJC":9,"XKZRS":138,"SKZC":"0000000000001111","SKJS":"王红红","ISTK":0,"ZCMC":"13-16周","YPSJDD":"13-16周 星期四 第9节-第10节 南湖南-博学东楼-206","XF":0,"SKXQ":4,"XNXQDM":"2024-2025-2","KCM":"形势与政策","JASDM":"0202020206","JXLDM":"020202","JXBID":"20242-14222","SKBJ":null,"TYXMDM":null,"KCH":"10218121092"},{"KKDWDM":"021","XS":8,"BYBZ":"0","JSJC":7,"XXXQDM":"02","KXH":"608","KSJC":6,"XKZRS":139,"SKZC":"0000000000001111","SKJS":"周旭","ISTK":0,"ZCMC":"13-16周","YPSJDD":"13-16周 星期四 第6节-第7节 南湖南-博学东楼-206","XF":0,"SKXQ":4,"XNXQDM":"2024-2025-2","KCM":"形势与政策","JASDM":"0202020206","JXLDM":"020202","JXBID":"20242-14199","SKBJ":null,"TYXMDM":null,"KCH":"10218121092"},{"KKDWDM":"013","XS":64,"BYBZ":"0","JSJC":2,"XXXQDM":"02","KXH":"10","KSJC":1,"XKZRS":140,"SKZC":"000000000000000100000000000000","SKJS":"杨胤铎,罗文辉","ISTK":0,"ZCMC":"16周","YPSJDD":"12-14周 星期一 第1节-第2节 南湖南-博学东楼-206,1-10周 星期一 第1节-第2节 南湖南-博学东楼-206,16周 星期一 第1节-第2节 南湖南-博学东楼-206,1-13周 星期三 第3节-第4节 南湖南-博学东楼-406","XF":4,"SKXQ":1,"XNXQDM":"2024-2025-2","KCM":"电工与电子技术基础B","JASDM":"0202020206","JXLDM":"020202","JXBID":"20242-05536","SKBJ":"智能制造2301-02,智能制造本硕2301,过控2302","TYXMDM":null,"KCH":"10133121096"},{"KKDWDM":"021","XS":48,"BYBZ":"0","JSJC":5,"XXXQDM":"02","KXH":"02","KSJC":3,"XKZRS":95,"SKZC":"000000000000000100000000000000","SKJS":"邓亦武","ISTK":0,"ZCMC":"16周","YPSJDD":"12-14周 星期一 第3节-第5节 南湖南-博学东楼-206,1-10周 星期一 第3节-第5节 南湖南-博学东楼-206,16周 星期一 第3节-第5节 南湖南-博学东楼-206","XF":3,"SKXQ":1,"XNXQDM":"2024-2025-2","KCM":"中国近现代史纲要","JASDM":"0202020206","JXLDM":"020202","JXBID":"20242-05945","SKBJ":"信管2401-03","TYXMDM":null,"KCH":"10211124005"},{"KKDWDM":"021","XS":48,"BYBZ":"0","JSJC":8,"XXXQDM":"02","KXH":"30","KSJC":6,"XKZRS":98,"SKZC":"000000000000000100000000000000","SKJS":"杨成刚","ISTK":0,"ZCMC":"16周","YPSJDD":"12-14周 星期一 第6节-第8节 南湖南-博学东楼-206,1-10周 星期一 第6节-第8节 南湖南-博学东楼-206,16周 星期一 第6节-第8节 南湖南-博学东楼-206","XF":3,"SKXQ":1,"XNXQDM":"2024-2025-2","KCM":"思想道德与法治","JASDM":"0202020206","JXLDM":"020202","JXBID":"20242-11820","SKBJ":"电信类2401-03","TYXMDM":null,"KCH":"10211124001"},{"KKDWDM":"038","XS":32,"BYBZ":"0","JSJC":2,"XXXQDM":"02","KXH":"20","KSJC":1,"XKZRS":140,"SKZC":"000000000000000010000000000000","SKJS":"王希征","ISTK":0,"ZCMC":"17周","YPSJDD":"17周 星期三 第1节-第2节 南湖南-博学东楼-206,7-9周 星期五 第1节-第2节 南湖南-博学东楼-206,11-16周 星期五 第1节-第2节 南湖南-博学东楼-206,9周 星期日 第1节-第2节 南湖南-博学东楼-206,1-5周 星期五 第1节-第2节 南湖南-博学东楼-206","XF":2,"SKXQ":3,"XNXQDM":"2024-2025-2","KCM":"军事理论","JASDM":"0202020206","JXLDM":"020202","JXBID":"20242-12125","SKBJ":"电信类2401-04","TYXMDM":null,"KCH":"10381121001"}]}},"code":"0"}