{"datas":{"jaskcb":{"extParams":{"code":1,"msg":"查询成功"},"pageSize":0,"pageNumber":0,"totalSize":-1,"rows":[{"KKDWDM":"071","XS":88,"BYBZ":"0","JSJC":4,"XXXQDM":"02","KXH":"08","KSJC":3,"XKZRS":131,"SKZC":"111111111111111000000000000000","SKJS":"高足","ISTK":0,"ZCMC":"1-15周","YPSJDD":"1-5周 星期五 第1节-第2节 南湖南-博学主楼-302,7-9周 星期五 第1节-第2节 南湖南-博学主楼-302,1-15周 星期二 第1节-第2节 南湖南-博学主楼-302,11-15周 星期五 第1节-第2节 南湖南-博学主楼-302,9周 星期日 第1节-第2节 南湖南-博学主楼-302,1-15周 星期三 第3节-第4节 南湖南-博学主楼-302","XF":5,"SKXQ":3,"XNXQDM":"2024-2025-2","KCM":"高等数学B下","JASDM":"0202040302","JXLDM":"020204","JXBID":"20242-10842","SKBJ":"工商类2405-08","TYXMDM":null,"KCH":"10153121058"},{"KKDWDM":"071","XS":88,"BYBZ":"0","JSJC":2,"XXXQDM":"02","KXH":"10","KSJC":1,"XKZRS":133,"SKZC":"111111111111111000000000000000","SKJS":"周青龙","ISTK":0,"ZCMC":"1-15周","YPSJDD":"1-15周 星期二 第3节-第4节 南湖南-博学主楼-302,1-15周 星期三 第1节-第2节 南湖南-博学主楼-302,1-5周 星期五 第3节-第4节 南湖南-博学主楼-302,11-15周 星期五 第3节-第4节 南湖南-博学主楼-302,9周 星期日 第3节-第4节 南湖南-博学主楼-302,7-9周 星期五 第3节-第4节 南湖南-博学主楼-302","XF":5,"SKXQ":3,"XNXQDM":"2024-2025-2","KCM":"高等数学B下","JASDM":"0202040302","JXLDM":"020204","JXBID":"20242-10844","SKBJ":"工商类2413-14,经济学类2405-06","TYXMDM":null,"KCH":"10153121058"},{"KKDWDM":"071","XS":88,"BYBZ":"0","JSJC":4,"XXXQDM":"02","KXH":"10","KSJC":3,"XKZRS":133,"SKZC":"111111111111111000000000000000","SKJS":"周青龙","ISTK":0,"ZCMC":"1-15周","YPSJDD":"1-15周 星期二 第3节-第4节 南湖南-博学主楼-302,1-15周 星期三 第1节-第2节 南湖南-博学主楼-302,1-5周 星期五 第3节-第4节 南湖南-博学主楼-302,11-15周 星期五 第3节-第4节 南湖南-博学主楼-302,9周 星期日 第3节-第4节 南湖南-博学主楼-302,7-9周 星期五 第3节-第4节 南湖南-博学主楼-302","XF":5,"SKXQ":2,"XNXQDM":"2024-2025-2","KCM":"高等数学B下","JASDM":"0202040302","JXLDM":"020204","JXBID":"20242-10844","SKBJ":"工商类2413-14,经济学类2405-06","TYXMDM":null,"KCH":"10153121058"},{"KKDWDM":"071","XS":88,"BYBZ":"0","JSJC":2,"XXXQDM":"02","KXH":"08","KSJC":1,"XKZRS":131,"SKZC":"111111111111111000000000000000","SKJS":"高足","ISTK":0,"ZCMC":"1-15周","YPSJDD":"1-5周 星期五 第1节-第2节 南湖南-博学主楼-302,7-9周 星期五 第1节-第2节 南湖南-博学主楼-302,1-15周 星期二 第1节-第2节 南湖南-博学主楼-302,11-15周 星期五 第1节-第2节 南湖南-博学主楼-302,9周 星期日 第1节-第2节 南湖南-博学主楼-302,1-15周 星期三 第3节-第4节 南湖南-博学主楼-302","XF":5,"SKXQ":2,"XNXQDM":"2024-2025-2","KCM":"高等数学B下","JASDM":"0202040302","JXLDM":"020204","JXBID":"20242-10842","SKBJ":"工商类2405-08","TYXMDM":null,"KCH":"10153121058"},{"KKDWDM":"029","XS":32,"BYBZ":"0","JSJC":13,"XXXQDM":"02","KXH":"01","KSJC":11,"XKZRS":73,"SKZC":"111111111100000000000000000000","SKJS":"刘芳,王洪海,许儒泉","ISTK":0,"ZCMC":"1-10周","YPSJDD":"12周 星期一 第11节-第12节 南湖南-博学主楼-302,1-10周 星期一 第11节-第13节 南湖南-博学主楼-302","XF":2,"SKXQ":1,"XNXQDM":"2024-2025-2","KCM":"智慧感知网络技术与应用(JD)","JASDM":"0202040302","JXLDM":"020204","JXBID":"20242-08846","SKBJ":"公选-08846","TYXMDM":null,"KCH":"10296121002"},{"KKDWDM":"072","XS":56,"BYBZ":"0","JSJC":4,"XXXQDM":"02","KXH":"15","KSJC":3,"XKZRS":134,"SKZC":"111111111100000000000000000000","SKJS":"邓玉荣","ISTK":0,"ZCMC":"1-10周","YPSJDD":"16周 星期一 第3节-第4节 南湖南-博学主楼-302,1-10周 星期一 第3节-第4节 南湖南-博学主楼-302,12-14周 星期一 第3节-第4节 南湖南-博学主楼-302,11-15周 星期四 第1节-第2节 南湖南-博学主楼-302,1-9周 星期四 第1节-第2节 南湖南-博学主楼-302","XF":3,"SKXQ":1,"XNXQDM":"2024-2025-2","KCM":"大学物理A上","JASDM":"0202040302","JXLDM":"020204","JXBID":"20242-11656","SKBJ":"土木类2409-12","TYXMDM":null,"KCH":"10153111005"},{"KKDWDM":"018","XS":48,"BYBZ":"0","JSJC":8,"XXXQDM":"02","KXH":"01","KSJC":6,"XKZRS":87,"SKZC":"111111111100000000000000000000","SKJS":"许黎惠","ISTK":0,"ZCMC":"1-10周","YPSJDD":"16-17周 星期一 第6节-第8节 南湖南-博学主楼-302,12-14周 星期一 第6节-第8节 南湖南-博学主楼-302,1-10周 星期一 第6节-第8节 南湖南-博学主楼-302,17周 星期二 第6节-第8节 南湖南-博学主楼-302","XF":3,"SKXQ":1,"XNXQDM":"2024-2025-2","KCM":"金融专业英语B","JASDM":"0202040302","JXLDM":"020204","JXBID":"20242-04905","SKBJ":"金融gj2301-03","TYXMDM":null,"KCH":"10184121084"},{"KKDWDM":"038","XS":32,"BYBZ":"0","JSJC":10,"XXXQDM":"02","KXH":"32","KSJC":9,"XKZRS":140,"SKZC":"111111111100000000000000000000","SKJS":"刘喆","ISTK":0,"ZCMC":"1-10周","YPSJDD":"12-13周 星期一 第9节-第10节 南湖南-博学主楼-302,1-10周 星期一 第9节-第10节 南湖南-博学主楼-302","XF":2,"SKXQ":1,"XNXQDM":"2024-2025-2","KCM":"心理健康教育","JASDM":"0202040302","JXLDM":"020204","JXBID":"20242-12139","SKBJ":"法学类2401-04","TYXMDM":null,"KCH":"10388117003"},{"KKDWDM":"022","XS":32,"BYBZ":"0","JSJC":13,"XXXQDM":"02","KXH":"01","KSJC":11,"XKZRS":116,"SKZC":"1111111111000000000000000","SKJS":"叶琼琼","ISTK":0,"ZCMC":"1-10周","YPSJDD":"11周 星期二 第11节-第12节 南湖南-博学主楼-302,1-10周 星期二 第11节-第13节 南湖南-博学主楼-302","XF":2,"SKXQ":2,"XNXQDM":"2024-2025-2","KCM":"大学语文(GX)","JASDM":"0202040302","JXLDM":"020204","JXBID":"20242-08700","SKBJ":"公选-08700","TYXMDM":null,"KCH":"10222121357"},{"KKDWDM":"038","XS":32,"BYBZ":"0","JSJC":13,"XXXQDM":"02","KXH":"02","KSJC":11,"XKZRS":139,"SKZC":"111111111100000000000000","SKJS":"戴美娟","ISTK":0,"ZCMC":"1-10周","YPSJDD":"11周 星期三 第11节-第12节 南湖南-博学主楼-302,1-10周 星期三 第11节-第13节 南湖南-博学主楼-302","XF":2,"SKXQ":3,"XNXQDM":"2024-2025-2","KCM":"大学生涯规划与职业发展(GX)","JASDM":"0202040302","JXLDM":"020204","JXBID":"20242-11051","SKBJ":"公选-11051","TYXMDM":null,"KCH":"10382121036"},{"KKDWDM":"071","XS":40,"BYBZ":"0","JSJC":5,"XXXQDM":"02","KXH":"07","KSJC":3,"XKZRS":126,"SKZC":"111111111011100000000000","SKJS":"柳贵平","ISTK":0,"ZCMC":"1-9周,11-13周","YPSJDD":"14-15周 星期四 第3节-第4节 南湖南-博学主楼-302,1-9周,11-13周 星期四 第3节-第5节 南湖南-博学主楼-302","XF":2,"SKXQ":4,"XNXQDM":"2024-2025-2","KCM":"线性代数","JASDM":"0202040302","JXLDM":"020204","JXBID":"20242-06000","SKBJ":"计算机类2413-14,软件sy2401","TYXMDM":null,"KCH":"10153111001"},{"KKDWDM":"072","XS":56,"BYBZ":"0","JSJC":2,"XXXQDM":"02","KXH":"15","KSJC":1,"XKZRS":134,"SKZC":"111111111000000000000000000000","SKJS":"邓玉荣","ISTK":0,"ZCMC":"1-9周","YPSJDD":"16周 星期一 第3节-第4节 南湖南-博学主楼-302,1-10周 星期一 第3节-第4节 南湖南-博学主楼-302,12-14周 星期一 第3节-第4节 南湖南-博学主楼-302,11-15周 星期四 第1节-第2节 南湖南-博学主楼-302,1-9周 星期四 第1节-第2节 南湖南-博学主楼-302","XF":3,"SKXQ":4,"XNXQDM":"2024-2025-2","KCM":"大学物理A上","JASDM":"0202040302","JXLDM":"020204","JXBID":"20242-11656","SKBJ":"土木类2409-12","TYXMDM":null,"KCH":"10153111005"},{"KKDWDM":"071","XS":88,"BYBZ":"0","JSJC":4,"XXXQDM":"02","KXH":"10","KSJC":3,"XKZRS":133,"SKZC":"111110000000000000000000000000","SKJS":"周青龙","ISTK":0,"ZCMC":"1-5周","YPSJDD":"1-15周 星期二 第3节-第4节 南湖南-博学主楼-302,1-15周 星期三 第1节-第2节 南湖南-博学主楼-302,1-5周 星期五 第3节-第4节 南湖南-博学主楼-302,11-15周 星期五 第3节-第4节 南湖南-博学主楼-302,9周 星期日 第3节-第4节 南湖南-博学主楼-302,7-9周 星期五 第3节-第4节 南湖南-博学主楼-302","XF":5,"SKXQ":5,"XNXQDM":"2024-2025-2","KCM":"高等数学B下","JASDM":"0202040302","JXLDM":"020204","JXBID":"20242-10844","SKBJ":"工商类2413-14,经济学类2405-06","TYXMDM":null,"KCH":"10153121058"},{"KKDWDM":"071","XS":88,"BYBZ":"0","JSJC":2,"XXXQDM":"02","KXH":"08","KSJC":1,"XKZRS":131,"SKZC":"111110000000000000000000000000","SKJS":"高足","ISTK":0,"ZCMC":"1-5周","YPSJDD":"1-5周 星期五 第1节-第2节 南湖南-博学主楼-302,7-9周 星期五 第1节-第2节 南湖南-博学主楼-302,1-15周 星期二 第1节-第2节 南湖南-博学主楼-302,11-15周 星期五 第1节-第2节 南湖南-博学主楼-302,9周 星期日 第1节-第2节 南湖南-博学主楼-302,1-15周 星期三 第3节-第4节 南湖南-博学主楼-302","XF":5,"SKXQ":5,"XNXQDM":"2024-2025-2","KCM":"高等数学B下","JASDM":"0202040302","JXLDM":"020204","JXBID":"20242-10842","SKBJ":"工商类2405-08","TYXMDM":null,"KCH":"10153121058"},{"KKDWDM":"009","XS":24,"BYBZ":"0","JSJC":8,"XXXQDM":"02","KXH":"01","KSJC":6,"XKZRS":85,"SKZC":"000111111100000000000000000000","SKJS":"马广阅","ISTK":0,"ZCMC":"4-10周","YPSJDD":"4-10周 星期二 第6节-第8节 南湖南-博学主楼-302,3周 星期二 第6节-第8节 南湖南-博学西楼-413","XF":1,"SKXQ":2,"XNXQDM":"2024-2025-2","KCM":"工程结构C2","JASDM":"0202040302","JXLDM":"020204","JXBID":"20242-03425","SKBJ":"工程2201-02","TYXMDM":null,"KCH":"10094117082"},{"KKDWDM":"071","XS":88,"BYBZ":"0","JSJC":2,"XXXQDM":"02","KXH":"08","KSJC":1,"XKZRS":131,"SKZC":"000000111000000000000000000000","SKJS":"高足","ISTK":0,"ZCMC":"7-9周","YPSJDD":"1-5周 星期五 第1节-第2节 南湖南-博学主楼-302,7-9周 星期五 第1节-第2节 南湖南-博学主楼-302,1-15周 星期二 第1节-第2节 南湖南-博学主楼-302,11-15周 星期五 第1节-第2节 南湖南-博学主楼-302,9周 星期日 第1节-第2节 南湖南-博学主楼-302,1-15周 星期三 第3节-第4节 南湖南-博学主楼-302","XF":5,"SKXQ":5,"XNXQDM":"2024-2025-2","KCM":"高等数学B下","JASDM":"0202040302","JXLDM":"020204","JXBID":"20242-10842","SKBJ":"工商类2405-08","TYXMDM":null,"KCH":"10153121058"},{"KKDWDM":"071","XS":88,"BYBZ":"0","JSJC":4,"XXXQDM":"02","KXH":"10","KSJC":3,"XKZRS":133,"SKZC":"000000111000000000000000000000","SKJS":"周青龙","ISTK":0,"ZCMC":"7-9周","YPSJDD":"1-15周 星期二 第3节-第4节 南湖南-博学主楼-302,1-15周 星期三 第1节-第2节 南湖南-博学主楼-302,1-5周 星期五 第3节-第4节 南湖南-博学主楼-302,11-15周 星期五 第3节-第4节 南湖南-博学主楼-302,9周 星期日 第3节-第4节 南湖南-博学主楼-302,7-9周 星期五 第3节-第4节 南湖南-博学主楼-302","XF":5,"SKXQ":5,"XNXQDM":"2024-2025-2","KCM":"高等数学B下","JASDM":"0202040302","JXLDM":"020204","JXBID":"20242-10844","SKBJ":"工商类2413-14,经济学类2405-06","TYXMDM":null,"KCH":"10153121058"},{"KKDWDM":"021","XS":8,"BYBZ":"0","JSJC":10,"XXXQDM":"02","KXH":"332","KSJC":9,"XKZRS":140,"SKZC":"0000000110110000000000000","SKJS":"张利荣","ISTK":0,"ZCMC":"8-9周,11-12周","YPSJDD":"8-9周,11-12周 星期四 第9节-第10节 南湖南-博学主楼-302","XF":0,"SKXQ":4,"XNXQDM":"2024-2025-2","KCM":"形势与政策","JASDM":"0202040302","JXLDM":"020204","JXBID":"20242-13981","SKBJ":"土木类2407,地信2402-03,外语类2405,数学类2401,材料类2401-13,环科类2403-05,自动化类2402,车辆类2410-11,金融gj2401","TYXMDM":null,"KCH":"10218121092"},{"KKDWDM":"021","XS":8,"BYBZ":"0","JSJC":7,"XXXQDM":"02","KXH":"684","KSJC":6,"XKZRS":138,"SKZC":"0000000110110000000000000","SKJS":"梁本部","ISTK":0,"ZCMC":"8-9周,11-12周","YPSJDD":"8-9周,11-12周 星期四 第6节-第7节 南湖南-博学主楼-302","XF":0,"SKXQ":4,"XNXQDM":"2024-2025-2","KCM":"形势与政策","JASDM":"0202040302","JXLDM":"020204","JXBID":"20242-14275","SKBJ":"化生类2401,土木类2405-11,机电类2406,材料类2406-10,材科sy2402,物理jd2401,环科类2407,电信类2403,经济学类2405,自动化类2401,车辆gj2402","TYXMDM":null,"KCH":"10218121092"},{"KKDWDM":"071","XS":88,"BYBZ":"0","JSJC":4,"XXXQDM":"02","KXH":"10","KSJC":3,"XKZRS":133,"SKZC":"000000001000000000000000000000","SKJS":"周青龙","ISTK":0,"ZCMC":"9周","YPSJDD":"1-15周 星期二 第3节-第4节 南湖南-博学主楼-302,1-15周 星期三 第1节-第2节 南湖南-博学主楼-302,1-5周 星期五 第3节-第4节 南湖南-博学主楼-302,11-15周 星期五 第3节-第4节 南湖南-博学主楼-302,9周 星期日 第3节-第4节 南湖南-博学主楼-302,7-9周 星期五 第3节-第4节 南湖南-博学主楼-302","XF":5,"SKXQ":7,"XNXQDM":"2024-2025-2","KCM":"高等数学B下","JASDM":"0202040302","JXLDM":"020204","JXBID":"20242-10844","SKBJ":"工商类2413-14,经济学类2405-06","TYXMDM":null,"KCH":"10153121058"},{"KKDWDM":"071","XS":88,"BYBZ":"0","JSJC":2,"XXXQDM":"02","KXH":"08","KSJC":1,"XKZRS":131,"SKZC":"000000001000000000000000000000","SKJS":"高足","ISTK":0,"ZCMC":"9周","YPSJDD":"1-5周 星期五 第1节-第2节 南湖南-博学主楼-302,7-9周 星期五 第1节-第2节 南湖南-博学主楼-302,1-15周 星期二 第1节-第2节 南湖南-博学主楼-302,11-15周 星期五 第1节-第2节 南湖南-博学主楼-302,9周 星期日 第1节-第2节 南湖南-博学主楼-302,1-15周 星期三 第3节-第4节 南湖南-博学主楼-302","XF":5,"SKXQ":7,"XNXQDM":"2024-2025-2","KCM":"高等数学B下","JASDM":"0202040302","JXLDM":"020204","JXBID":"20242-10842","SKBJ":"工商类2405-08","TYXMDM":null,"KCH":"10153121058"},{"KKDWDM":"071","XS":88,"BYBZ":"0","JSJC":4,"XXXQDM":"02","KXH":"10","KSJC":3,"XKZRS":133,"SKZC":"000000000011111000000000000000","SKJS":"周青龙","ISTK":0,"ZCMC":"11-15周","YPSJDD":"1-15周 星期二 第3节-第4节 南湖南-博学主楼-302,1-15周 星期三 第1节-第2节 南湖南-博学主楼-302,1-5周 星期五 第3节-第4节 南湖南-博学主楼-302,11-15周 星期五 第3节-第4节 南湖南-博学主楼-302,9周 星期日 第3节-第4节 南湖南-博学主楼-302,7-9周 星期五 第3节-第4节 南湖南-博学主楼-302","XF":5,"SKXQ":5,"XNXQDM":"2024-2025-2","KCM":"高等数学B下","JASDM":"0202040302","JXLDM":"020204","JXBID":"20242-10844","SKBJ":"工商类2413-14,经济学类2405-06","TYXMDM":null,"KCH":"10153121058"},{"KKDWDM":"071","XS":88,"BYBZ":"0","JSJC":2,"XXXQDM":"02","KXH":"08","KSJC":1,"XKZRS":131,"SKZC":"000000000011111000000000000000","SKJS":"高足","ISTK":0,"ZCMC":"11-15周","YPSJDD":"1-5周 星期五 第1节-第2节 南湖南-博学主楼-302,7-9周 星期五 第1节-第2节 南湖南-博学主楼-302,1-15周 星期二 第1节-第2节 南湖南-博学主楼-302,11-15周 星期五 第1节-第2节 南湖南-博学主楼-302,9周 星期日 第1节-第2节 南湖南-博学主楼-302,1-15周 星期三 第3节-第4节 南湖南-博学主楼-302","XF":5,"SKXQ":5,"XNXQDM":"2024-2025-2","KCM":"高等数学B下","JASDM":"0202040302","JXLDM":"020204","JXBID":"20242-10842","SKBJ":"工商类2405-08","TYXMDM":null,"KCH":"10153121058"},{"KKDWDM":"072","XS":56,"BYBZ":"0","JSJC":2,"XXXQDM":"02","KXH":"15","KSJC":1,"XKZRS":134,"SKZC":"000000000011111000000000000000","SKJS":"邓玉荣","ISTK":0,"ZCMC":"11-15周","YPSJDD":"16周 星期一 第3节-第4节 南湖南-博学主楼-302,1-10周 星期一 第3节-第4节 南湖南-博学主楼-302,12-14周 星期一 第3节-第4节 南湖南-博学主楼-302,11-15周 星期四 第1节-第2节 南湖南-博学主楼-302,1-9周 星期四 第1节-第2节 南湖南-博学主楼-302","XF":3,"SKXQ":4,"XNXQDM":"2024-2025-2","KCM":"大学物理A上","JASDM":"0202040302","JXLDM":"020204","JXBID":"20242-11656","SKBJ":"土木类2409-12","TYXMDM":null,"KCH":"10153111005"},{"KKDWDM":"022","XS":32,"BYBZ":"0","JSJC":12,"XXXQDM":"02","KXH":"01","KSJC":11,"XKZRS":116,"SKZC":"0000000000100000000000000","SKJS":"叶琼琼","ISTK":0,"ZCMC":"11周","YPSJDD":"11周 星期二 第11节-第12节 南湖南-博学主楼-302,1-10周 星期二 第11节-第13节 南湖南-博学主楼-302","XF":2,"SKXQ":2,"XNXQDM":"2024-2025-2","KCM":"大学语文(GX)","JASDM":"0202040302","JXLDM":"020204","JXBID":"20242-08700","SKBJ":"公选-08700","TYXMDM":null,"KCH":"10222121357"},{"KKDWDM":"038","XS":32,"BYBZ":"0","JSJC":12,"XXXQDM":"02","KXH":"02","KSJC":11,"XKZRS":139,"SKZC":"000000000010000000000000","SKJS":"戴美娟","ISTK":0,"ZCMC":"11周","YPSJDD":"11周 星期三 第11节-第12节 南湖南-博学主楼-302,1-10周 星期三 第11节-第13节 南湖南-博学主楼-302","XF":2,"SKXQ":3,"XNXQDM":"2024-2025-2","KCM":"大学生涯规划与职业发展(GX)","JASDM":"0202040302","JXLDM":"020204","JXBID":"20242-11051","SKBJ":"公选-11051","TYXMDM":null,"KCH":"10382121036"},{"KKDWDM":"018","XS":48,"BYBZ":"0","JSJC":8,"XXXQDM":"02","KXH":"01","KSJC":6,"XKZRS":87,"SKZC":"000000000001110000000000000000","SKJS":"许黎惠","ISTK":0,"ZCMC":"12-14周","YPSJDD":"16-17周 星期一 第6节-第8节 南湖南-博学主楼-302,12-14周 星期一 第6节-第8节 南湖南-博学主楼-302,1-10周 星期一 第6节-第8节 南湖南-博学主楼-302,17周 星期二 第6节-第8节 南湖南-博学主楼-302","XF":3,"SKXQ":1,"XNXQDM":"2024-2025-2","KCM":"金融专业英语B","JASDM":"0202040302","JXLDM":"020204","JXBID":"20242-04905","SKBJ":"金融gj2301-03","TYXMDM":null,"KCH":"10184121084"},{"KKDWDM":"072","XS":56,"BYBZ":"0","JSJC":4,"XXXQDM":"02","KXH":"15","KSJC":3,"XKZRS":134,"SKZC":"000000000001110000000000000000","SKJS":"邓玉荣","ISTK":0,"ZCMC":"12-14周","YPSJDD":"16周 星期一 第3节-第4节 南湖南-博学主楼-302,1-10周 星期一 第3节-第4节 南湖南-博学主楼-302,12-14周 星期一 第3节-第4节 南湖南-博学主楼-302,11-15周 星期四 第1节-第2节 南湖南-博学主楼-302,1-9周 星期四 第1节-第2节 南湖南-博学主楼-302","XF":3,"SKXQ":1,"XNXQDM":"2024-2025-2","KCM":"大学物理A上","JASDM":"0202040302","JXLDM":"020204","JXBID":"20242-11656","SKBJ":"土木类2409-12","TYXMDM":null,"KCH":"10153111005"},{"KKDWDM":"038","XS":32,"BYBZ":"0","JSJC":10,"XXXQDM":"02","KXH":"32","KSJC":9,"XKZRS":140,"SKZC":"000000000001100000000000000000","SKJS":"刘喆","ISTK":0,"ZCMC":"12-13周","YPSJDD":"12-13周 星期一 第9节-第10节 南湖南-博学主楼-302,1-10周 星期一 第9节-第10节 南湖南-博学主楼-302","XF":2,"SKXQ":1,"XNXQDM":"2024-2025-2","KCM":"心理健康教育","JASDM":"0202040302","JXLDM":"020204","JXBID":"20242-12139","SKBJ":"法学类2401-04","TYXMDM":null,"KCH":"10388117003"},{"KKDWDM":"029","XS":32,"BYBZ":"0","JSJC":12,"XXXQDM":"02","KXH":"01","KSJC":11,"XKZRS":73,"SKZC":"000000000001000000000000000000","SKJS":"刘芳,王洪海,许儒泉","ISTK":0,"ZCMC":"12周","YPSJDD":"12周 星期一 第11节-第12节 南湖南-博学主楼-302,1-10周 星期一 第11节-第13节 南湖南-博学主楼-302","XF":2,"SKXQ":1,"XNXQDM":"2024-2025-2","KCM":"智慧感知网络技术与应用(JD)","JASDM":"0202040302","JXLDM":"020204","JXBID":"20242-08846","SKBJ":"公选-08846","TYXMDM":null,"KCH":"10296121002"},{"KKDWDM":"021","XS":8,"BYBZ":"0","JSJC":10,"XXXQDM":"02","KXH":"281","KSJC":9,"XKZRS":132,"SKZC":"000000000000111100000000000000","SKJS":"王春梅","ISTK":0,"ZCMC":"13-16周","YPSJDD":"13-16周 星期四 第9节-第10节 南湖南-博学主楼-302","XF":0,"SKXQ":4,"XNXQDM":"2024-2025-2","KCM":"形势与政策","JASDM":"0202040302","JXLDM":"020204","JXBID":"20242-13922","SKBJ":"化生类2407-08,工商类2404,政治2402,新闻类2405,生科类2403,电信类2410-11,自动化类2404-06,自动化类2412,车辆gj2401,运动训练2402","TYXMDM":null,"KCH":"10218121092"},{"KKDWDM":"071","XS":40,"BYBZ":"0","JSJC":4,"XXXQDM":"02","KXH":"07","KSJC":3,"XKZRS":126,"SKZC":"000000000000011000000000","SKJS":"柳贵平","ISTK":0,"ZCMC":"14-15周","YPSJDD":"14-15周 星期四 第3节-第4节 南湖南-博学主楼-302,1-9周,11-13周 星期四 第3节-第5节 南湖南-博学主楼-302","XF":2,"SKXQ":4,"XNXQDM":"2024-2025-2","KCM":"线性代数","JASDM":"0202040302","JXLDM":"020204","JXBID":"20242-06000","SKBJ":"计算机类2413-14,软件sy2401","TYXMDM":null,"KCH":"10153111001"},{"KKDWDM":"018","XS":48,"BYBZ":"0","JSJC":8,"XXXQDM":"02","KXH":"01","KSJC":6,"XKZRS":87,"SKZC":"000000000000000110000000000000","SKJS":"许黎惠","ISTK":0,"ZCMC":"16-17周","YPSJDD":"16-17周 星期一 第6节-第8节 南湖南-博学主楼-302,12-14周 星期一 第6节-第8节 南湖南-博学主楼-302,1-10周 星期一 第6节-第8节 南湖南-博学主楼-302,17周 星期二 第6节-第8节 南湖南-博学主楼-302","XF":3,"SKXQ":1,"XNXQDM":"2024-2025-2","KCM":"金融专业英语B","JASDM":"0202040302","JXLDM":"020204","JXBID":"20242-04905","SKBJ":"金融gj2301-03","TYXMDM":null,"KCH":"10184121084"},{"KKDWDM":"072","XS":56,"BYBZ":"0","JSJC":4,"XXXQDM":"02","KXH":"15","KSJC":3,"XKZRS":134,"SKZC":"000000000000000100000000000000","SKJS":"邓玉荣","ISTK":0,"ZCMC":"16周","YPSJDD":"16周 星期一 第3节-第4节 南湖南-博学主楼-302,1-10周 星期一 第3节-第4节 南湖南-博学主楼-302,12-14周 星期一 第3节-第4节 南湖南-博学主楼-302,11-15周 星期四 第1节-第2节 南湖南-博学主楼-302,1-9周 星期四 第1节-第2节 南湖南-博学主楼-302","XF":3,"SKXQ":1,"XNXQDM":"2024-2025-2","KCM":"大学物理A上","JASDM":"0202040302","JXLDM":"020204","JXBID":"20242-11656","SKBJ":"土木类2409-12","TYXMDM":null,"KCH":"10153111005"},{"KKDWDM":"018","XS":48,"BYBZ":"0","JSJC":8,"XXXQDM":"02","KXH":"01","KSJC":6,"XKZRS":87,"SKZC":"000000000000000010000000000000","SKJS":"许黎惠","ISTK":0,"ZCMC":"17周","YPSJDD":"16-17周 星期一 第6节-第8节 南湖南-博学主楼-302,12-14周 星期一 第6节-第8节 南湖南-博学主楼-302,1-10周 星期一 第6节-第8节 南湖南-博学主楼-302,17周 星期二 第6节-第8节 南湖南-博学主楼-302","XF":3,"SKXQ":2,"XNXQDM":"2024-2025-2","KCM":"金融专业英语B","JASDM":"0202040302","JXLDM":"020204","JXBID":"20242-04905","SKBJ":"金融gj2301-03","TYXMDM":null,"KCH":"10184121084"}]}},"code":"0"}