{"datas":{"jaskcb":{"extParams":{"code":1,"msg":"查询成功"},"pageSize":0,"pageNumber":0,"totalSize":-1,"rows":[{"KKDWDM":"072","XS":64,"BYBZ":"0","JSJC":4,"XXXQDM":"02","KXH":"01","KSJC":3,"XKZRS":30,"SKZC":"111111111111111100000000000000","SKJS":"柯亚娇,谈蕾","ISTK":0,"ZCMC":"1-16周","YPSJDD":"16-17周 星期一 第6节-第7节 南湖南-博学北楼-512,1-10周 星期一 第6节-第7节 南湖南-博学北楼-512,17周 星期二 第6节-第7节 南湖南-博学北楼-512,1-16周 星期三 第3节-第4节 南湖南-博学北楼-512,12-14周 星期一 第6节-第7节 南湖南-博学北楼-512","XF":4,"SKXQ":3,"XNXQDM":"2024-2025-2","KCM":"固体物理A","JASDM":"0202010512","JXLDM":"020201","JXBID":"20242-03891","SKBJ":"物理JD2201","TYXMDM":null,"KCH":"10154114023"},{"KKDWDM":"009","XS":64,"BYBZ":"0","JSJC":2,"XXXQDM":"02","KXH":"06","KSJC":1,"XKZRS":26,"SKZC":"111111111111111100000000000000","SKJS":"孙亮明,陈波","ISTK":0,"ZCMC":"1-16周","YPSJDD":"17周 星期三 第3节-第4节 南湖南-博学北楼-512,9周 星期日 第3节-第4节 南湖南-博学北楼-512,1-5周,7-9周,11-16周 星期五 第3节-第4节 南湖南-博学北楼-512,1-16周 星期三 第1节-第2节 南湖南-博学北楼-512","XF":4,"SKXQ":3,"XNXQDM":"2024-2025-2","KCM":"结构力学A1","JASDM":"0202010512","JXLDM":"020201","JXBID":"20242-10101","SKBJ":"土木zy2303","TYXMDM":null,"KCH":"10094117077"},{"KKDWDM":"072","XS":64,"BYBZ":"0","JSJC":7,"XXXQDM":"02","KXH":"01","KSJC":6,"XKZRS":30,"SKZC":"111111111100000000000000000000","SKJS":"柯亚娇,谈蕾","ISTK":0,"ZCMC":"1-10周","YPSJDD":"16-17周 星期一 第6节-第7节 南湖南-博学北楼-512,1-10周 星期一 第6节-第7节 南湖南-博学北楼-512,17周 星期二 第6节-第7节 南湖南-博学北楼-512,1-16周 星期三 第3节-第4节 南湖南-博学北楼-512,12-14周 星期一 第6节-第7节 南湖南-博学北楼-512","XF":4,"SKXQ":1,"XNXQDM":"2024-2025-2","KCM":"固体物理A","JASDM":"0202010512","JXLDM":"020201","JXBID":"20242-03891","SKBJ":"物理JD2201","TYXMDM":null,"KCH":"10154114023"},{"KKDWDM":"018","XS":32,"BYBZ":"0","JSJC":4,"XXXQDM":"02","KXH":"01","KSJC":3,"XKZRS":31,"SKZC":"11111111","SKJS":"余珮,魏龙","ISTK":0,"ZCMC":"1-8周","YPSJDD":"1-8周 星期一 第3节-第4节 南湖南-博学北楼-512,1-8周 星期四 第3节-第4节 南湖南-博学北楼-512","XF":2,"SKXQ":1,"XNXQDM":"2024-2025-2","KCM":"中国对外贸易专题C","JASDM":"0202010512","JXLDM":"020201","JXBID":"20242-02724","SKBJ":"国贸2201","TYXMDM":null,"KCH":"10185117045"},{"KKDWDM":"018","XS":32,"BYBZ":"0","JSJC":4,"XXXQDM":"02","KXH":"01","KSJC":3,"XKZRS":31,"SKZC":"11111111","SKJS":"余珮,魏龙","ISTK":0,"ZCMC":"1-8周","YPSJDD":"1-8周 星期一 第3节-第4节 南湖南-博学北楼-512,1-8周 星期四 第3节-第4节 南湖南-博学北楼-512","XF":2,"SKXQ":4,"XNXQDM":"2024-2025-2","KCM":"中国对外贸易专题C","JASDM":"0202010512","JXLDM":"020201","JXBID":"20242-02724","SKBJ":"国贸2201","TYXMDM":null,"KCH":"10185117045"},{"KKDWDM":"009","XS":64,"BYBZ":"0","JSJC":4,"XXXQDM":"02","KXH":"06","KSJC":3,"XKZRS":26,"SKZC":"111110111011111100000000000000","SKJS":"孙亮明,陈波","ISTK":0,"ZCMC":"1-5周,7-9周,11-16周","YPSJDD":"17周 星期三 第3节-第4节 南湖南-博学北楼-512,9周 星期日 第3节-第4节 南湖南-博学北楼-512,1-5周,7-9周,11-16周 星期五 第3节-第4节 南湖南-博学北楼-512,1-16周 星期三 第1节-第2节 南湖南-博学北楼-512","XF":4,"SKXQ":5,"XNXQDM":"2024-2025-2","KCM":"结构力学A1","JASDM":"0202010512","JXLDM":"020201","JXBID":"20242-10101","SKBJ":"土木zy2303","TYXMDM":null,"KCH":"10094117077"},{"KKDWDM":"009","XS":32,"BYBZ":"0","JSJC":4,"XXXQDM":"02","KXH":"01","KSJC":3,"XKZRS":35,"SKZC":"000000001100000000000000000000","SKJS":"吉柏锋,王协群","ISTK":0,"ZCMC":"9-10周","YPSJDD":"12-14周 星期一 第3节-第4节 南湖南-博学北楼-512,11-17周 星期四 第3节-第4节 南湖南-博学北楼-512,17周 星期四 第1节-第2节 南湖南-博学北楼-512,9周 星期四 第3节-第4节 南湖南-博学北楼-512,9-10周 星期一 第3节-第4节 南湖南-博学北楼-512,16-17周 星期一 第3节-第4节 南湖南-博学北楼-512","XF":2,"SKXQ":1,"XNXQDM":"2024-2025-2","KCM":"地基处理A","JASDM":"0202010512","JXLDM":"020201","JXBID":"20242-03561","SKBJ":"岩土jd2201","TYXMDM":null,"KCH":"10164111002"},{"KKDWDM":"009","XS":32,"BYBZ":"0","JSJC":4,"XXXQDM":"02","KXH":"01","KSJC":3,"XKZRS":35,"SKZC":"000000001000000000000000000000","SKJS":"吉柏锋,王协群","ISTK":0,"ZCMC":"9周","YPSJDD":"12-14周 星期一 第3节-第4节 南湖南-博学北楼-512,11-17周 星期四 第3节-第4节 南湖南-博学北楼-512,17周 星期四 第1节-第2节 南湖南-博学北楼-512,9周 星期四 第3节-第4节 南湖南-博学北楼-512,9-10周 星期一 第3节-第4节 南湖南-博学北楼-512,16-17周 星期一 第3节-第4节 南湖南-博学北楼-512","XF":2,"SKXQ":4,"XNXQDM":"2024-2025-2","KCM":"地基处理A","JASDM":"0202010512","JXLDM":"020201","JXBID":"20242-03561","SKBJ":"岩土jd2201","TYXMDM":null,"KCH":"10164111002"},{"KKDWDM":"009","XS":64,"BYBZ":"0","JSJC":4,"XXXQDM":"02","KXH":"06","KSJC":3,"XKZRS":26,"SKZC":"000000001000000000000000000000","SKJS":"孙亮明,陈波","ISTK":0,"ZCMC":"9周","YPSJDD":"17周 星期三 第3节-第4节 南湖南-博学北楼-512,9周 星期日 第3节-第4节 南湖南-博学北楼-512,1-5周,7-9周,11-16周 星期五 第3节-第4节 南湖南-博学北楼-512,1-16周 星期三 第1节-第2节 南湖南-博学北楼-512","XF":4,"SKXQ":7,"XNXQDM":"2024-2025-2","KCM":"结构力学A1","JASDM":"0202010512","JXLDM":"020201","JXBID":"20242-10101","SKBJ":"土木zy2303","TYXMDM":null,"KCH":"10094117077"},{"KKDWDM":"009","XS":32,"BYBZ":"0","JSJC":4,"XXXQDM":"02","KXH":"01","KSJC":3,"XKZRS":35,"SKZC":"000000000011111110000000000000","SKJS":"吉柏锋,王协群","ISTK":0,"ZCMC":"11-17周","YPSJDD":"12-14周 星期一 第3节-第4节 南湖南-博学北楼-512,11-17周 星期四 第3节-第4节 南湖南-博学北楼-512,17周 星期四 第1节-第2节 南湖南-博学北楼-512,9周 星期四 第3节-第4节 南湖南-博学北楼-512,9-10周 星期一 第3节-第4节 南湖南-博学北楼-512,16-17周 星期一 第3节-第4节 南湖南-博学北楼-512","XF":2,"SKXQ":4,"XNXQDM":"2024-2025-2","KCM":"地基处理A","JASDM":"0202010512","JXLDM":"020201","JXBID":"20242-03561","SKBJ":"岩土jd2201","TYXMDM":null,"KCH":"10164111002"},{"KKDWDM":"009","XS":32,"BYBZ":"0","JSJC":4,"XXXQDM":"02","KXH":"01","KSJC":3,"XKZRS":35,"SKZC":"000000000001110000000000000000","SKJS":"吉柏锋,王协群","ISTK":0,"ZCMC":"12-14周","YPSJDD":"12-14周 星期一 第3节-第4节 南湖南-博学北楼-512,11-17周 星期四 第3节-第4节 南湖南-博学北楼-512,17周 星期四 第1节-第2节 南湖南-博学北楼-512,9周 星期四 第3节-第4节 南湖南-博学北楼-512,9-10周 星期一 第3节-第4节 南湖南-博学北楼-512,16-17周 星期一 第3节-第4节 南湖南-博学北楼-512","XF":2,"SKXQ":1,"XNXQDM":"2024-2025-2","KCM":"地基处理A","JASDM":"0202010512","JXLDM":"020201","JXBID":"20242-03561","SKBJ":"岩土jd2201","TYXMDM":null,"KCH":"10164111002"},{"KKDWDM":"072","XS":64,"BYBZ":"0","JSJC":7,"XXXQDM":"02","KXH":"01","KSJC":6,"XKZRS":30,"SKZC":"000000000001110000000000000000","SKJS":"柯亚娇,谈蕾","ISTK":0,"ZCMC":"12-14周","YPSJDD":"16-17周 星期一 第6节-第7节 南湖南-博学北楼-512,1-10周 星期一 第6节-第7节 南湖南-博学北楼-512,17周 星期二 第6节-第7节 南湖南-博学北楼-512,1-16周 星期三 第3节-第4节 南湖南-博学北楼-512,12-14周 星期一 第6节-第7节 南湖南-博学北楼-512","XF":4,"SKXQ":1,"XNXQDM":"2024-2025-2","KCM":"固体物理A","JASDM":"0202010512","JXLDM":"020201","JXBID":"20242-03891","SKBJ":"物理JD2201","TYXMDM":null,"KCH":"10154114023"},{"KKDWDM":"072","XS":64,"BYBZ":"0","JSJC":7,"XXXQDM":"02","KXH":"01","KSJC":6,"XKZRS":30,"SKZC":"000000000000000110000000000000","SKJS":"柯亚娇,谈蕾","ISTK":0,"ZCMC":"16-17周","YPSJDD":"16-17周 星期一 第6节-第7节 南湖南-博学北楼-512,1-10周 星期一 第6节-第7节 南湖南-博学北楼-512,17周 星期二 第6节-第7节 南湖南-博学北楼-512,1-16周 星期三 第3节-第4节 南湖南-博学北楼-512,12-14周 星期一 第6节-第7节 南湖南-博学北楼-512","XF":4,"SKXQ":1,"XNXQDM":"2024-2025-2","KCM":"固体物理A","JASDM":"0202010512","JXLDM":"020201","JXBID":"20242-03891","SKBJ":"物理JD2201","TYXMDM":null,"KCH":"10154114023"},{"KKDWDM":"009","XS":32,"BYBZ":"0","JSJC":4,"XXXQDM":"02","KXH":"01","KSJC":3,"XKZRS":35,"SKZC":"000000000000000110000000000000","SKJS":"吉柏锋,王协群","ISTK":0,"ZCMC":"16-17周","YPSJDD":"12-14周 星期一 第3节-第4节 南湖南-博学北楼-512,11-17周 星期四 第3节-第4节 南湖南-博学北楼-512,17周 星期四 第1节-第2节 南湖南-博学北楼-512,9周 星期四 第3节-第4节 南湖南-博学北楼-512,9-10周 星期一 第3节-第4节 南湖南-博学北楼-512,16-17周 星期一 第3节-第4节 南湖南-博学北楼-512","XF":2,"SKXQ":1,"XNXQDM":"2024-2025-2","KCM":"地基处理A","JASDM":"0202010512","JXLDM":"020201","JXBID":"20242-03561","SKBJ":"岩土jd2201","TYXMDM":null,"KCH":"10164111002"},{"KKDWDM":"072","XS":64,"BYBZ":"0","JSJC":7,"XXXQDM":"02","KXH":"01","KSJC":6,"XKZRS":30,"SKZC":"000000000000000010000000000000","SKJS":"柯亚娇,谈蕾","ISTK":0,"ZCMC":"17周","YPSJDD":"16-17周 星期一 第6节-第7节 南湖南-博学北楼-512,1-10周 星期一 第6节-第7节 南湖南-博学北楼-512,17周 星期二 第6节-第7节 南湖南-博学北楼-512,1-16周 星期三 第3节-第4节 南湖南-博学北楼-512,12-14周 星期一 第6节-第7节 南湖南-博学北楼-512","XF":4,"SKXQ":2,"XNXQDM":"2024-2025-2","KCM":"固体物理A","JASDM":"0202010512","JXLDM":"020201","JXBID":"20242-03891","SKBJ":"物理JD2201","TYXMDM":null,"KCH":"10154114023"},{"KKDWDM":"009","XS":32,"BYBZ":"0","JSJC":2,"XXXQDM":"02","KXH":"01","KSJC":1,"XKZRS":35,"SKZC":"000000000000000010000000000000","SKJS":"吉柏锋,王协群","ISTK":0,"ZCMC":"17周","YPSJDD":"12-14周 星期一 第3节-第4节 南湖南-博学北楼-512,11-17周 星期四 第3节-第4节 南湖南-博学北楼-512,17周 星期四 第1节-第2节 南湖南-博学北楼-512,9周 星期四 第3节-第4节 南湖南-博学北楼-512,9-10周 星期一 第3节-第4节 南湖南-博学北楼-512,16-17周 星期一 第3节-第4节 南湖南-博学北楼-512","XF":2,"SKXQ":4,"XNXQDM":"2024-2025-2","KCM":"地基处理A","JASDM":"0202010512","JXLDM":"020201","JXBID":"20242-03561","SKBJ":"岩土jd2201","TYXMDM":null,"KCH":"10164111002"},{"KKDWDM":"009","XS":64,"BYBZ":"0","JSJC":4,"XXXQDM":"02","KXH":"06","KSJC":3,"XKZRS":26,"SKZC":"000000000000000010000000000000","SKJS":"孙亮明,陈波","ISTK":0,"ZCMC":"17周","YPSJDD":"17周 星期三 第3节-第4节 南湖南-博学北楼-512,9周 星期日 第3节-第4节 南湖南-博学北楼-512,1-5周,7-9周,11-16周 星期五 第3节-第4节 南湖南-博学北楼-512,1-16周 星期三 第1节-第2节 南湖南-博学北楼-512","XF":4,"SKXQ":3,"XNXQDM":"2024-2025-2","KCM":"结构力学A1","JASDM":"0202010512","JXLDM":"020201","JXBID":"20242-10101","SKBJ":"土木zy2303","TYXMDM":null,"KCH":"10094117077"}]}},"code":"0"}