{"datas":{"jaskcb":{"extParams":{"code":1,"msg":"查询成功"},"pageSize":0,"pageNumber":0,"totalSize":-1,"rows":[{"KKDWDM":"071","XS":96,"BYBZ":"0","JSJC":2,"XXXQDM":"02","KXH":"03","KSJC":1,"XKZRS":140,"SKZC":"111111111111111100000000000000","SKJS":"凌光","ISTK":0,"ZCMC":"1-16周","YPSJDD":"17周 星期三 第3节-第4节 南湖南-博学主楼-507,7-9周 星期五 第3节-第4节 南湖南-博学主楼-507,9周 星期日 第3节-第4节 南湖南-博学主楼-507,12-14周 星期一 第3节-第4节 南湖南-博学主楼-507,1-5周 星期五 第3节-第4节 南湖南-博学主楼-507,1-10周 星期一 第3节-第4节 南湖南-博学主楼-507,16-17周 星期一 第3节-第4节 南湖南-博学主楼-507,1-16周 星期三 第1节-第2节 南湖南-博学主楼-507,11-16周 星期五 第3节-第4节 南湖南-博学主楼-507,17周 星期二 第3节-第4节 南湖南-博学主楼-507","XF":6,"SKXQ":3,"XNXQDM":"2024-2025-2","KCM":"数学分析2","JASDM":"0202040507","JXLDM":"020204","JXBID":"20242-06252","SKBJ":"工力jd2401,数学类2404-06","TYXMDM":null,"KCH":"10153111002"},{"KKDWDM":"071","XS":40,"BYBZ":"0","JSJC":5,"XXXQDM":"02","KXH":"01","KSJC":3,"XKZRS":43,"SKZC":"111111111111000000000000","SKJS":"薛琼","ISTK":0,"ZCMC":"1-12周","YPSJDD":"13-14周 星期二 第3节-第4节 南湖南-博学主楼-507,1-12周 星期二 第3节-第5节 南湖南-博学主楼-507","XF":2,"SKXQ":2,"XNXQDM":"2024-2025-2","KCM":"点集拓扑","JASDM":"0202040507","JXLDM":"020204","JXBID":"20242-03014","SKBJ":"信计2201-02,数学jd2201","TYXMDM":null,"KCH":"10154113023"},{"KKDWDM":"021","XS":36,"BYBZ":"0","JSJC":5,"XXXQDM":"02","KXH":"07","KSJC":3,"XKZRS":102,"SKZC":"111111111111","SKJS":"潘晔","ISTK":0,"ZCMC":"1-12周","YPSJDD":"1-12周 星期三 第3节-第5节 南湖南-博学主楼-507","XF":2,"SKXQ":3,"XNXQDM":"2024-2025-2","KCM":"习近平新时代中国特色社会主义思想概论","JASDM":"0202040507","JXLDM":"020204","JXBID":"20242-04463","SKBJ":"法学2301-02,通信本硕2301","TYXMDM":null,"KCH":"10211121033"},{"KKDWDM":"071","XS":96,"BYBZ":"0","JSJC":4,"XXXQDM":"02","KXH":"03","KSJC":3,"XKZRS":140,"SKZC":"111111111100000000000000000000","SKJS":"凌光","ISTK":0,"ZCMC":"1-10周","YPSJDD":"17周 星期三 第3节-第4节 南湖南-博学主楼-507,7-9周 星期五 第3节-第4节 南湖南-博学主楼-507,9周 星期日 第3节-第4节 南湖南-博学主楼-507,12-14周 星期一 第3节-第4节 南湖南-博学主楼-507,1-5周 星期五 第3节-第4节 南湖南-博学主楼-507,1-10周 星期一 第3节-第4节 南湖南-博学主楼-507,16-17周 星期一 第3节-第4节 南湖南-博学主楼-507,1-16周 星期三 第1节-第2节 南湖南-博学主楼-507,11-16周 星期五 第3节-第4节 南湖南-博学主楼-507,17周 星期二 第3节-第4节 南湖南-博学主楼-507","XF":6,"SKXQ":1,"XNXQDM":"2024-2025-2","KCM":"数学分析2","JASDM":"0202040507","JXLDM":"020204","JXBID":"20242-06252","SKBJ":"工力jd2401,数学类2404-06","TYXMDM":null,"KCH":"10153111002"},{"KKDWDM":"071","XS":96,"BYBZ":"0","JSJC":4,"XXXQDM":"02","KXH":"03","KSJC":3,"XKZRS":140,"SKZC":"111110000000000000000000000000","SKJS":"凌光","ISTK":0,"ZCMC":"1-5周","YPSJDD":"17周 星期三 第3节-第4节 南湖南-博学主楼-507,7-9周 星期五 第3节-第4节 南湖南-博学主楼-507,9周 星期日 第3节-第4节 南湖南-博学主楼-507,12-14周 星期一 第3节-第4节 南湖南-博学主楼-507,1-5周 星期五 第3节-第4节 南湖南-博学主楼-507,1-10周 星期一 第3节-第4节 南湖南-博学主楼-507,16-17周 星期一 第3节-第4节 南湖南-博学主楼-507,1-16周 星期三 第1节-第2节 南湖南-博学主楼-507,11-16周 星期五 第3节-第4节 南湖南-博学主楼-507,17周 星期二 第3节-第4节 南湖南-博学主楼-507","XF":6,"SKXQ":5,"XNXQDM":"2024-2025-2","KCM":"数学分析2","JASDM":"0202040507","JXLDM":"020204","JXBID":"20242-06252","SKBJ":"工力jd2401,数学类2404-06","TYXMDM":null,"KCH":"10153111002"},{"KKDWDM":"038","XS":32,"BYBZ":"0","JSJC":7,"XXXQDM":"02","KXH":"17","KSJC":6,"XKZRS":116,"SKZC":"100000000000000000000000000000","SKJS":"汪平","ISTK":0,"ZCMC":"1周","YPSJDD":"2-16周 星期三 第6节-第7节 南湖南-博学主楼-105,1周 星期三 第6节-第7节 南湖南-博学主楼-507","XF":2,"SKXQ":3,"XNXQDM":"2024-2025-2","KCM":"军事理论","JASDM":"0202040507","JXLDM":"020204","JXBID":"20242-06143","SKBJ":"动画2402,设计学类2405-08","TYXMDM":null,"KCH":"10381121001"},{"KKDWDM":"071","XS":96,"BYBZ":"0","JSJC":4,"XXXQDM":"02","KXH":"03","KSJC":3,"XKZRS":140,"SKZC":"000000111000000000000000000000","SKJS":"凌光","ISTK":0,"ZCMC":"7-9周","YPSJDD":"17周 星期三 第3节-第4节 南湖南-博学主楼-507,7-9周 星期五 第3节-第4节 南湖南-博学主楼-507,9周 星期日 第3节-第4节 南湖南-博学主楼-507,12-14周 星期一 第3节-第4节 南湖南-博学主楼-507,1-5周 星期五 第3节-第4节 南湖南-博学主楼-507,1-10周 星期一 第3节-第4节 南湖南-博学主楼-507,16-17周 星期一 第3节-第4节 南湖南-博学主楼-507,1-16周 星期三 第1节-第2节 南湖南-博学主楼-507,11-16周 星期五 第3节-第4节 南湖南-博学主楼-507,17周 星期二 第3节-第4节 南湖南-博学主楼-507","XF":6,"SKXQ":5,"XNXQDM":"2024-2025-2","KCM":"数学分析2","JASDM":"0202040507","JXLDM":"020204","JXBID":"20242-06252","SKBJ":"工力jd2401,数学类2404-06","TYXMDM":null,"KCH":"10153111002"},{"KKDWDM":"071","XS":96,"BYBZ":"0","JSJC":4,"XXXQDM":"02","KXH":"03","KSJC":3,"XKZRS":140,"SKZC":"000000001000000000000000000000","SKJS":"凌光","ISTK":0,"ZCMC":"9周","YPSJDD":"17周 星期三 第3节-第4节 南湖南-博学主楼-507,7-9周 星期五 第3节-第4节 南湖南-博学主楼-507,9周 星期日 第3节-第4节 南湖南-博学主楼-507,12-14周 星期一 第3节-第4节 南湖南-博学主楼-507,1-5周 星期五 第3节-第4节 南湖南-博学主楼-507,1-10周 星期一 第3节-第4节 南湖南-博学主楼-507,16-17周 星期一 第3节-第4节 南湖南-博学主楼-507,1-16周 星期三 第1节-第2节 南湖南-博学主楼-507,11-16周 星期五 第3节-第4节 南湖南-博学主楼-507,17周 星期二 第3节-第4节 南湖南-博学主楼-507","XF":6,"SKXQ":7,"XNXQDM":"2024-2025-2","KCM":"数学分析2","JASDM":"0202040507","JXLDM":"020204","JXBID":"20242-06252","SKBJ":"工力jd2401,数学类2404-06","TYXMDM":null,"KCH":"10153111002"},{"KKDWDM":"071","XS":96,"BYBZ":"0","JSJC":4,"XXXQDM":"02","KXH":"03","KSJC":3,"XKZRS":140,"SKZC":"000000000011111100000000000000","SKJS":"凌光","ISTK":0,"ZCMC":"11-16周","YPSJDD":"17周 星期三 第3节-第4节 南湖南-博学主楼-507,7-9周 星期五 第3节-第4节 南湖南-博学主楼-507,9周 星期日 第3节-第4节 南湖南-博学主楼-507,12-14周 星期一 第3节-第4节 南湖南-博学主楼-507,1-5周 星期五 第3节-第4节 南湖南-博学主楼-507,1-10周 星期一 第3节-第4节 南湖南-博学主楼-507,16-17周 星期一 第3节-第4节 南湖南-博学主楼-507,1-16周 星期三 第1节-第2节 南湖南-博学主楼-507,11-16周 星期五 第3节-第4节 南湖南-博学主楼-507,17周 星期二 第3节-第4节 南湖南-博学主楼-507","XF":6,"SKXQ":5,"XNXQDM":"2024-2025-2","KCM":"数学分析2","JASDM":"0202040507","JXLDM":"020204","JXBID":"20242-06252","SKBJ":"工力jd2401,数学类2404-06","TYXMDM":null,"KCH":"10153111002"},{"KKDWDM":"071","XS":96,"BYBZ":"0","JSJC":4,"XXXQDM":"02","KXH":"03","KSJC":3,"XKZRS":140,"SKZC":"000000000001110000000000000000","SKJS":"凌光","ISTK":0,"ZCMC":"12-14周","YPSJDD":"17周 星期三 第3节-第4节 南湖南-博学主楼-507,7-9周 星期五 第3节-第4节 南湖南-博学主楼-507,9周 星期日 第3节-第4节 南湖南-博学主楼-507,12-14周 星期一 第3节-第4节 南湖南-博学主楼-507,1-5周 星期五 第3节-第4节 南湖南-博学主楼-507,1-10周 星期一 第3节-第4节 南湖南-博学主楼-507,16-17周 星期一 第3节-第4节 南湖南-博学主楼-507,1-16周 星期三 第1节-第2节 南湖南-博学主楼-507,11-16周 星期五 第3节-第4节 南湖南-博学主楼-507,17周 星期二 第3节-第4节 南湖南-博学主楼-507","XF":6,"SKXQ":1,"XNXQDM":"2024-2025-2","KCM":"数学分析2","JASDM":"0202040507","JXLDM":"020204","JXBID":"20242-06252","SKBJ":"工力jd2401,数学类2404-06","TYXMDM":null,"KCH":"10153111002"},{"KKDWDM":"071","XS":40,"BYBZ":"0","JSJC":4,"XXXQDM":"02","KXH":"01","KSJC":3,"XKZRS":43,"SKZC":"000000000000110000000000","SKJS":"薛琼","ISTK":0,"ZCMC":"13-14周","YPSJDD":"13-14周 星期二 第3节-第4节 南湖南-博学主楼-507,1-12周 星期二 第3节-第5节 南湖南-博学主楼-507","XF":2,"SKXQ":2,"XNXQDM":"2024-2025-2","KCM":"点集拓扑","JASDM":"0202040507","JXLDM":"020204","JXBID":"20242-03014","SKBJ":"信计2201-02,数学jd2201","TYXMDM":null,"KCH":"10154113023"},{"KKDWDM":"071","XS":96,"BYBZ":"0","JSJC":4,"XXXQDM":"02","KXH":"03","KSJC":3,"XKZRS":140,"SKZC":"000000000000000110000000000000","SKJS":"凌光","ISTK":0,"ZCMC":"16-17周","YPSJDD":"17周 星期三 第3节-第4节 南湖南-博学主楼-507,7-9周 星期五 第3节-第4节 南湖南-博学主楼-507,9周 星期日 第3节-第4节 南湖南-博学主楼-507,12-14周 星期一 第3节-第4节 南湖南-博学主楼-507,1-5周 星期五 第3节-第4节 南湖南-博学主楼-507,1-10周 星期一 第3节-第4节 南湖南-博学主楼-507,16-17周 星期一 第3节-第4节 南湖南-博学主楼-507,1-16周 星期三 第1节-第2节 南湖南-博学主楼-507,11-16周 星期五 第3节-第4节 南湖南-博学主楼-507,17周 星期二 第3节-第4节 南湖南-博学主楼-507","XF":6,"SKXQ":1,"XNXQDM":"2024-2025-2","KCM":"数学分析2","JASDM":"0202040507","JXLDM":"020204","JXBID":"20242-06252","SKBJ":"工力jd2401,数学类2404-06","TYXMDM":null,"KCH":"10153111002"},{"KKDWDM":"071","XS":96,"BYBZ":"0","JSJC":4,"XXXQDM":"02","KXH":"03","KSJC":3,"XKZRS":140,"SKZC":"000000000000000010000000000000","SKJS":"凌光","ISTK":0,"ZCMC":"17周","YPSJDD":"17周 星期三 第3节-第4节 南湖南-博学主楼-507,7-9周 星期五 第3节-第4节 南湖南-博学主楼-507,9周 星期日 第3节-第4节 南湖南-博学主楼-507,12-14周 星期一 第3节-第4节 南湖南-博学主楼-507,1-5周 星期五 第3节-第4节 南湖南-博学主楼-507,1-10周 星期一 第3节-第4节 南湖南-博学主楼-507,16-17周 星期一 第3节-第4节 南湖南-博学主楼-507,1-16周 星期三 第1节-第2节 南湖南-博学主楼-507,11-16周 星期五 第3节-第4节 南湖南-博学主楼-507,17周 星期二 第3节-第4节 南湖南-博学主楼-507","XF":6,"SKXQ":2,"XNXQDM":"2024-2025-2","KCM":"数学分析2","JASDM":"0202040507","JXLDM":"020204","JXBID":"20242-06252","SKBJ":"工力jd2401,数学类2404-06","TYXMDM":null,"KCH":"10153111002"},{"KKDWDM":"071","XS":96,"BYBZ":"0","JSJC":4,"XXXQDM":"02","KXH":"03","KSJC":3,"XKZRS":140,"SKZC":"000000000000000010000000000000","SKJS":"凌光","ISTK":0,"ZCMC":"17周","YPSJDD":"17周 星期三 第3节-第4节 南湖南-博学主楼-507,7-9周 星期五 第3节-第4节 南湖南-博学主楼-507,9周 星期日 第3节-第4节 南湖南-博学主楼-507,12-14周 星期一 第3节-第4节 南湖南-博学主楼-507,1-5周 星期五 第3节-第4节 南湖南-博学主楼-507,1-10周 星期一 第3节-第4节 南湖南-博学主楼-507,16-17周 星期一 第3节-第4节 南湖南-博学主楼-507,1-16周 星期三 第1节-第2节 南湖南-博学主楼-507,11-16周 星期五 第3节-第4节 南湖南-博学主楼-507,17周 星期二 第3节-第4节 南湖南-博学主楼-507","XF":6,"SKXQ":3,"XNXQDM":"2024-2025-2","KCM":"数学分析2","JASDM":"0202040507","JXLDM":"020204","JXBID":"20242-06252","SKBJ":"工力jd2401,数学类2404-06","TYXMDM":null,"KCH":"10153111002"}]}},"code":"0"}