{"datas":{"jaskcb":{"extParams":{"code":1,"msg":"查询成功"},"pageSize":0,"pageNumber":0,"totalSize":-1,"rows":[{"KKDWDM":"008","XS":64,"BYBZ":"0","JSJC":8,"XXXQDM":"02","KXH":"07","KSJC":6,"XKZRS":40,"SKZC":"111111111111000000000000","SKJS":"姚勇","ISTK":0,"ZCMC":"1-12周","YPSJDD":"13-14周 星期三 第6节-第7节 南湖南-博学西楼-320,1-12周 星期三 第6节-第8节 南湖南-博学西楼-320","XF":3,"SKXQ":3,"XNXQDM":"2024-2025-2","KCM":"机械制图理论与实践下","JASDM":"0202030320","JXLDM":"020203","JXBID":"20242-06636","SKBJ":"机电类2406","TYXMDM":null,"KCH":"10083124002"},{"KKDWDM":"008","XS":64,"BYBZ":"0","JSJC":8,"XXXQDM":"02","KXH":"15","KSJC":6,"XKZRS":36,"SKZC":"111111111111000000000000","SKJS":"祁型虹","ISTK":0,"ZCMC":"1-12周","YPSJDD":"13-14周 星期二 第6节-第7节 南湖南-博学西楼-320,1-12周 星期二 第6节-第8节 南湖南-博学西楼-320","XF":3,"SKXQ":2,"XNXQDM":"2024-2025-2","KCM":"机械制图理论与实践下","JASDM":"0202030320","JXLDM":"020203","JXBID":"20242-06644","SKBJ":"机电类2414","TYXMDM":null,"KCH":"10083124002"},{"KKDWDM":"008","XS":56,"BYBZ":"0","JSJC":4,"XXXQDM":"02","KXH":"03","KSJC":1,"XKZRS":39,"SKZC":"111111111111","SKJS":"张萍","ISTK":0,"ZCMC":"1-12周","YPSJDD":"1-12周 星期二 第1节-第4节 南湖南-博学西楼-320","XF":3,"SKXQ":2,"XNXQDM":"2024-2025-2","KCM":"工程图学C","JASDM":"0202030320","JXLDM":"020203","JXBID":"20242-12386","SKBJ":"环科类2402","TYXMDM":null,"KCH":"10083117097"},{"KKDWDM":"008","XS":64,"BYBZ":"0","JSJC":8,"XXXQDM":"02","KXH":"11","KSJC":6,"XKZRS":40,"SKZC":"111111111101100000000000","SKJS":"张仪哲","ISTK":0,"ZCMC":"1-10周,12-13周","YPSJDD":"14-16周(双) 星期一 第6节-第7节 南湖南-博学西楼-320,1-10周,12-13周 星期一 第6节-第8节 南湖南-博学西楼-320","XF":3,"SKXQ":1,"XNXQDM":"2024-2025-2","KCM":"机械制图理论与实践下","JASDM":"0202030320","JXLDM":"020203","JXBID":"20242-06640","SKBJ":"机电类2410","TYXMDM":null,"KCH":"10083124002"},{"KKDWDM":"008","XS":72,"BYBZ":"0","JSJC":4,"XXXQDM":"02","KXH":"03","KSJC":1,"XKZRS":33,"SKZC":"111111111000000000000000000000","SKJS":"李云怡","ISTK":0,"ZCMC":"1-9周","YPSJDD":"11-15周 星期四 第1节-第4节 南湖南-博学西楼-320,1-9周 星期四 第1节-第4节 南湖南-博学西楼-320","XF":3,"SKXQ":4,"XNXQDM":"2024-2025-2","KCM":"工程图学B","JASDM":"0202030320","JXLDM":"020203","JXBID":"20242-11936","SKBJ":"材科sy2402","TYXMDM":null,"KCH":"10083117098"},{"KKDWDM":"008","XS":64,"BYBZ":"0","JSJC":8,"XXXQDM":"02","KXH":"03","KSJC":6,"XKZRS":38,"SKZC":"111110111011100000000000","SKJS":"刘冬林","ISTK":0,"ZCMC":"1-5周,7-9周,11-13周","YPSJDD":"14-15周 星期五 第6节-第7节 南湖南-博学西楼-320,1-5周,7-9周,11-13周 星期五 第6节-第8节 南湖南-博学西楼-320,9周 星期日 第6节-第8节 南湖南-博学西楼-320","XF":3,"SKXQ":5,"XNXQDM":"2024-2025-2","KCM":"机械制图理论与实践下","JASDM":"0202030320","JXLDM":"020203","JXBID":"20242-06632","SKBJ":"机电类2402","TYXMDM":null,"KCH":"10083124002"},{"KKDWDM":"008","XS":56,"BYBZ":"0","JSJC":4,"XXXQDM":"02","KXH":"03","KSJC":1,"XKZRS":30,"SKZC":"011100111011100000000000000000","SKJS":"杨红涛","ISTK":0,"ZCMC":"2-4周,7-9周,11-13周","YPSJDD":"2-4周,7-9周,11-13周 星期六 第1节-第4节 南湖南-博学西楼-320,4周 星期日 第1节-第4节 南湖南-博学西楼-322","XF":2,"SKXQ":6,"XNXQDM":"2024-2025-2","KCM":"工程图学A下","JASDM":"0202030320","JXLDM":"020203","JXBID":"20242-14310","SKBJ":null,"TYXMDM":null,"KCH":"10083117099"},{"KKDWDM":"008","XS":56,"BYBZ":"0","JSJC":9,"XXXQDM":"02","KXH":"02","KSJC":6,"XKZRS":34,"SKZC":"011100111011100000000000000000","SKJS":"李云怡","ISTK":0,"ZCMC":"2-4周,7-9周,11-13周","YPSJDD":"2-4周,7-9周,11-13周 星期六 第6节-第9节 南湖南-博学西楼-320,4周 星期日 第1节-第4节 南湖南-博学西楼-320","XF":2,"SKXQ":6,"XNXQDM":"2024-2025-2","KCM":"工程图学A下","JASDM":"0202030320","JXLDM":"020203","JXBID":"20242-14309","SKBJ":null,"TYXMDM":null,"KCH":"10083117099"},{"KKDWDM":"008","XS":56,"BYBZ":"0","JSJC":4,"XXXQDM":"02","KXH":"02","KSJC":1,"XKZRS":34,"SKZC":"000100000000000000000000000000","SKJS":"李云怡","ISTK":0,"ZCMC":"4周","YPSJDD":"2-4周,7-9周,11-13周 星期六 第6节-第9节 南湖南-博学西楼-320,4周 星期日 第1节-第4节 南湖南-博学西楼-320","XF":2,"SKXQ":7,"XNXQDM":"2024-2025-2","KCM":"工程图学A下","JASDM":"0202030320","JXLDM":"020203","JXBID":"20242-14309","SKBJ":null,"TYXMDM":null,"KCH":"10083117099"},{"KKDWDM":"008","XS":64,"BYBZ":"0","JSJC":8,"XXXQDM":"02","KXH":"03","KSJC":6,"XKZRS":38,"SKZC":"000000001000000000000000","SKJS":"刘冬林","ISTK":0,"ZCMC":"9周","YPSJDD":"14-15周 星期五 第6节-第7节 南湖南-博学西楼-320,1-5周,7-9周,11-13周 星期五 第6节-第8节 南湖南-博学西楼-320,9周 星期日 第6节-第8节 南湖南-博学西楼-320","XF":3,"SKXQ":7,"XNXQDM":"2024-2025-2","KCM":"机械制图理论与实践下","JASDM":"0202030320","JXLDM":"020203","JXBID":"20242-06632","SKBJ":"机电类2402","TYXMDM":null,"KCH":"10083124002"},{"KKDWDM":"008","XS":72,"BYBZ":"0","JSJC":4,"XXXQDM":"02","KXH":"03","KSJC":1,"XKZRS":33,"SKZC":"000000000011111000000000000000","SKJS":"李云怡","ISTK":0,"ZCMC":"11-15周","YPSJDD":"11-15周 星期四 第1节-第4节 南湖南-博学西楼-320,1-9周 星期四 第1节-第4节 南湖南-博学西楼-320","XF":3,"SKXQ":4,"XNXQDM":"2024-2025-2","KCM":"工程图学B","JASDM":"0202030320","JXLDM":"020203","JXBID":"20242-11936","SKBJ":"材科sy2402","TYXMDM":null,"KCH":"10083117098"},{"KKDWDM":"008","XS":64,"BYBZ":"0","JSJC":7,"XXXQDM":"02","KXH":"07","KSJC":6,"XKZRS":40,"SKZC":"000000000000110000000000","SKJS":"姚勇","ISTK":0,"ZCMC":"13-14周","YPSJDD":"13-14周 星期三 第6节-第7节 南湖南-博学西楼-320,1-12周 星期三 第6节-第8节 南湖南-博学西楼-320","XF":3,"SKXQ":3,"XNXQDM":"2024-2025-2","KCM":"机械制图理论与实践下","JASDM":"0202030320","JXLDM":"020203","JXBID":"20242-06636","SKBJ":"机电类2406","TYXMDM":null,"KCH":"10083124002"},{"KKDWDM":"008","XS":64,"BYBZ":"0","JSJC":7,"XXXQDM":"02","KXH":"15","KSJC":6,"XKZRS":36,"SKZC":"000000000000110000000000","SKJS":"祁型虹","ISTK":0,"ZCMC":"13-14周","YPSJDD":"13-14周 星期二 第6节-第7节 南湖南-博学西楼-320,1-12周 星期二 第6节-第8节 南湖南-博学西楼-320","XF":3,"SKXQ":2,"XNXQDM":"2024-2025-2","KCM":"机械制图理论与实践下","JASDM":"0202030320","JXLDM":"020203","JXBID":"20242-06644","SKBJ":"机电类2414","TYXMDM":null,"KCH":"10083124002"},{"KKDWDM":"008","XS":64,"BYBZ":"0","JSJC":7,"XXXQDM":"02","KXH":"03","KSJC":6,"XKZRS":38,"SKZC":"000000000000011000000000","SKJS":"刘冬林","ISTK":0,"ZCMC":"14-15周","YPSJDD":"14-15周 星期五 第6节-第7节 南湖南-博学西楼-320,1-5周,7-9周,11-13周 星期五 第6节-第8节 南湖南-博学西楼-320,9周 星期日 第6节-第8节 南湖南-博学西楼-320","XF":3,"SKXQ":5,"XNXQDM":"2024-2025-2","KCM":"机械制图理论与实践下","JASDM":"0202030320","JXLDM":"020203","JXBID":"20242-06632","SKBJ":"机电类2402","TYXMDM":null,"KCH":"10083124002"},{"KKDWDM":"008","XS":64,"BYBZ":"0","JSJC":7,"XXXQDM":"02","KXH":"11","KSJC":6,"XKZRS":40,"SKZC":"000000000000010100000000","SKJS":"张仪哲","ISTK":0,"ZCMC":"14-16周(双)","YPSJDD":"14-16周(双) 星期一 第6节-第7节 南湖南-博学西楼-320,1-10周,12-13周 星期一 第6节-第8节 南湖南-博学西楼-320","XF":3,"SKXQ":1,"XNXQDM":"2024-2025-2","KCM":"机械制图理论与实践下","JASDM":"0202030320","JXLDM":"020203","JXBID":"20242-06640","SKBJ":"机电类2410","TYXMDM":null,"KCH":"10083124002"}]}},"code":"0"}