{"datas":{"jaskcb":{"extParams":{"code":1,"msg":"查询成功"},"pageSize":0,"pageNumber":0,"totalSize":-1,"rows":[{"KKDWDM":"071","XS":88,"BYBZ":"0","JSJC":4,"XXXQDM":"02","KXH":"03","KSJC":3,"XKZRS":130,"SKZC":"111111111111111000000000000000","SKJS":"彭斯俊","ISTK":0,"ZCMC":"1-15周","YPSJDD":"1-15周 星期三 第3节-第4节 南湖南-博学主楼-206,11-15周 星期五 第1节-第2节 南湖南-博学主楼-206,9周 星期日 第1节-第2节 南湖南-博学主楼-206,1-15周 星期二 第1节-第2节 南湖南-博学主楼-206,7-9周 星期五 第1节-第2节 南湖南-博学主楼-206,1-5周 星期五 第1节-第2节 南湖南-博学主楼-206","XF":5,"SKXQ":3,"XNXQDM":"2024-2025-2","KCM":"高等数学A下","JASDM":"0202040206","JXLDM":"020204","JXBID":"20242-06121","SKBJ":"计算机类2401-04","TYXMDM":null,"KCH":"10153121060"},{"KKDWDM":"071","XS":88,"BYBZ":"0","JSJC":2,"XXXQDM":"02","KXH":"03","KSJC":1,"XKZRS":130,"SKZC":"111111111111111000000000000000","SKJS":"彭斯俊","ISTK":0,"ZCMC":"1-15周","YPSJDD":"1-15周 星期三 第3节-第4节 南湖南-博学主楼-206,11-15周 星期五 第1节-第2节 南湖南-博学主楼-206,9周 星期日 第1节-第2节 南湖南-博学主楼-206,1-15周 星期二 第1节-第2节 南湖南-博学主楼-206,7-9周 星期五 第1节-第2节 南湖南-博学主楼-206,1-5周 星期五 第1节-第2节 南湖南-博学主楼-206","XF":5,"SKXQ":2,"XNXQDM":"2024-2025-2","KCM":"高等数学A下","JASDM":"0202040206","JXLDM":"020204","JXBID":"20242-06121","SKBJ":"计算机类2401-04","TYXMDM":null,"KCH":"10153121060"},{"KKDWDM":"071","XS":88,"BYBZ":"0","JSJC":4,"XXXQDM":"02","KXH":"02","KSJC":3,"XKZRS":118,"SKZC":"111111111111111000000000000000","SKJS":"楚杨杰","ISTK":0,"ZCMC":"1-15周","YPSJDD":"7-9周 星期五 第3节-第4节 南湖南-博学主楼-206,1-15周 星期二 第3节-第4节 南湖南-博学主楼-206,9周 星期日 第3节-第4节 南湖南-博学主楼-206,11-15周 星期五 第3节-第4节 南湖南-博学主楼-206,1-15周 星期三 第1节-第2节 南湖南-博学主楼-206,1-5周 星期五 第3节-第4节 南湖南-博学主楼-206","XF":5,"SKXQ":2,"XNXQDM":"2024-2025-2","KCM":"高等数学A下","JASDM":"0202040206","JXLDM":"020204","JXBID":"20242-06096","SKBJ":"土木类2401-04","TYXMDM":null,"KCH":"10153121060"},{"KKDWDM":"071","XS":88,"BYBZ":"0","JSJC":2,"XXXQDM":"02","KXH":"02","KSJC":1,"XKZRS":118,"SKZC":"111111111111111000000000000000","SKJS":"楚杨杰","ISTK":0,"ZCMC":"1-15周","YPSJDD":"7-9周 星期五 第3节-第4节 南湖南-博学主楼-206,1-15周 星期二 第3节-第4节 南湖南-博学主楼-206,9周 星期日 第3节-第4节 南湖南-博学主楼-206,11-15周 星期五 第3节-第4节 南湖南-博学主楼-206,1-15周 星期三 第1节-第2节 南湖南-博学主楼-206,1-5周 星期五 第3节-第4节 南湖南-博学主楼-206","XF":5,"SKXQ":3,"XNXQDM":"2024-2025-2","KCM":"高等数学A下","JASDM":"0202040206","JXLDM":"020204","JXBID":"20242-06096","SKBJ":"土木类2401-04","TYXMDM":null,"KCH":"10153121060"},{"KKDWDM":"071","XS":40,"BYBZ":"0","JSJC":5,"XXXQDM":"02","KXH":"13","KSJC":3,"XKZRS":137,"SKZC":"111111111101100000000000","SKJS":"朱慧颖","ISTK":0,"ZCMC":"1-10周,12-13周","YPSJDD":"14-16周(双) 星期一 第3节-第4节 南湖南-博学主楼-206,1-10周,12-13周 星期一 第3节-第5节 南湖南-博学主楼-206","XF":2,"SKXQ":1,"XNXQDM":"2024-2025-2","KCM":"线性代数","JASDM":"0202040206","JXLDM":"020204","JXBID":"20242-11756","SKBJ":"工商类2409-12","TYXMDM":null,"KCH":"10153111001"},{"KKDWDM":"071","XS":88,"BYBZ":"0","JSJC":2,"XXXQDM":"02","KXH":"03","KSJC":1,"XKZRS":130,"SKZC":"111110000000000000000000000000","SKJS":"彭斯俊","ISTK":0,"ZCMC":"1-5周","YPSJDD":"1-15周 星期三 第3节-第4节 南湖南-博学主楼-206,11-15周 星期五 第1节-第2节 南湖南-博学主楼-206,9周 星期日 第1节-第2节 南湖南-博学主楼-206,1-15周 星期二 第1节-第2节 南湖南-博学主楼-206,7-9周 星期五 第1节-第2节 南湖南-博学主楼-206,1-5周 星期五 第1节-第2节 南湖南-博学主楼-206","XF":5,"SKXQ":5,"XNXQDM":"2024-2025-2","KCM":"高等数学A下","JASDM":"0202040206","JXLDM":"020204","JXBID":"20242-06121","SKBJ":"计算机类2401-04","TYXMDM":null,"KCH":"10153121060"},{"KKDWDM":"071","XS":88,"BYBZ":"0","JSJC":4,"XXXQDM":"02","KXH":"02","KSJC":3,"XKZRS":118,"SKZC":"111110000000000000000000000000","SKJS":"楚杨杰","ISTK":0,"ZCMC":"1-5周","YPSJDD":"7-9周 星期五 第3节-第4节 南湖南-博学主楼-206,1-15周 星期二 第3节-第4节 南湖南-博学主楼-206,9周 星期日 第3节-第4节 南湖南-博学主楼-206,11-15周 星期五 第3节-第4节 南湖南-博学主楼-206,1-15周 星期三 第1节-第2节 南湖南-博学主楼-206,1-5周 星期五 第3节-第4节 南湖南-博学主楼-206","XF":5,"SKXQ":5,"XNXQDM":"2024-2025-2","KCM":"高等数学A下","JASDM":"0202040206","JXLDM":"020204","JXBID":"20242-06096","SKBJ":"土木类2401-04","TYXMDM":null,"KCH":"10153121060"},{"KKDWDM":"071","XS":88,"BYBZ":"0","JSJC":4,"XXXQDM":"02","KXH":"02","KSJC":3,"XKZRS":118,"SKZC":"000000111000000000000000000000","SKJS":"楚杨杰","ISTK":0,"ZCMC":"7-9周","YPSJDD":"7-9周 星期五 第3节-第4节 南湖南-博学主楼-206,1-15周 星期二 第3节-第4节 南湖南-博学主楼-206,9周 星期日 第3节-第4节 南湖南-博学主楼-206,11-15周 星期五 第3节-第4节 南湖南-博学主楼-206,1-15周 星期三 第1节-第2节 南湖南-博学主楼-206,1-5周 星期五 第3节-第4节 南湖南-博学主楼-206","XF":5,"SKXQ":5,"XNXQDM":"2024-2025-2","KCM":"高等数学A下","JASDM":"0202040206","JXLDM":"020204","JXBID":"20242-06096","SKBJ":"土木类2401-04","TYXMDM":null,"KCH":"10153121060"},{"KKDWDM":"071","XS":88,"BYBZ":"0","JSJC":2,"XXXQDM":"02","KXH":"03","KSJC":1,"XKZRS":130,"SKZC":"000000111000000000000000000000","SKJS":"彭斯俊","ISTK":0,"ZCMC":"7-9周","YPSJDD":"1-15周 星期三 第3节-第4节 南湖南-博学主楼-206,11-15周 星期五 第1节-第2节 南湖南-博学主楼-206,9周 星期日 第1节-第2节 南湖南-博学主楼-206,1-15周 星期二 第1节-第2节 南湖南-博学主楼-206,7-9周 星期五 第1节-第2节 南湖南-博学主楼-206,1-5周 星期五 第1节-第2节 南湖南-博学主楼-206","XF":5,"SKXQ":5,"XNXQDM":"2024-2025-2","KCM":"高等数学A下","JASDM":"0202040206","JXLDM":"020204","JXBID":"20242-06121","SKBJ":"计算机类2401-04","TYXMDM":null,"KCH":"10153121060"},{"KKDWDM":"071","XS":88,"BYBZ":"0","JSJC":4,"XXXQDM":"02","KXH":"02","KSJC":3,"XKZRS":118,"SKZC":"000000001000000000000000000000","SKJS":"楚杨杰","ISTK":0,"ZCMC":"9周","YPSJDD":"7-9周 星期五 第3节-第4节 南湖南-博学主楼-206,1-15周 星期二 第3节-第4节 南湖南-博学主楼-206,9周 星期日 第3节-第4节 南湖南-博学主楼-206,11-15周 星期五 第3节-第4节 南湖南-博学主楼-206,1-15周 星期三 第1节-第2节 南湖南-博学主楼-206,1-5周 星期五 第3节-第4节 南湖南-博学主楼-206","XF":5,"SKXQ":7,"XNXQDM":"2024-2025-2","KCM":"高等数学A下","JASDM":"0202040206","JXLDM":"020204","JXBID":"20242-06096","SKBJ":"土木类2401-04","TYXMDM":null,"KCH":"10153121060"},{"KKDWDM":"071","XS":88,"BYBZ":"0","JSJC":2,"XXXQDM":"02","KXH":"03","KSJC":1,"XKZRS":130,"SKZC":"000000001000000000000000000000","SKJS":"彭斯俊","ISTK":0,"ZCMC":"9周","YPSJDD":"1-15周 星期三 第3节-第4节 南湖南-博学主楼-206,11-15周 星期五 第1节-第2节 南湖南-博学主楼-206,9周 星期日 第1节-第2节 南湖南-博学主楼-206,1-15周 星期二 第1节-第2节 南湖南-博学主楼-206,7-9周 星期五 第1节-第2节 南湖南-博学主楼-206,1-5周 星期五 第1节-第2节 南湖南-博学主楼-206","XF":5,"SKXQ":7,"XNXQDM":"2024-2025-2","KCM":"高等数学A下","JASDM":"0202040206","JXLDM":"020204","JXBID":"20242-06121","SKBJ":"计算机类2401-04","TYXMDM":null,"KCH":"10153121060"},{"KKDWDM":"071","XS":88,"BYBZ":"0","JSJC":2,"XXXQDM":"02","KXH":"03","KSJC":1,"XKZRS":130,"SKZC":"000000000011111000000000000000","SKJS":"彭斯俊","ISTK":0,"ZCMC":"11-15周","YPSJDD":"1-15周 星期三 第3节-第4节 南湖南-博学主楼-206,11-15周 星期五 第1节-第2节 南湖南-博学主楼-206,9周 星期日 第1节-第2节 南湖南-博学主楼-206,1-15周 星期二 第1节-第2节 南湖南-博学主楼-206,7-9周 星期五 第1节-第2节 南湖南-博学主楼-206,1-5周 星期五 第1节-第2节 南湖南-博学主楼-206","XF":5,"SKXQ":5,"XNXQDM":"2024-2025-2","KCM":"高等数学A下","JASDM":"0202040206","JXLDM":"020204","JXBID":"20242-06121","SKBJ":"计算机类2401-04","TYXMDM":null,"KCH":"10153121060"},{"KKDWDM":"071","XS":88,"BYBZ":"0","JSJC":4,"XXXQDM":"02","KXH":"02","KSJC":3,"XKZRS":118,"SKZC":"000000000011111000000000000000","SKJS":"楚杨杰","ISTK":0,"ZCMC":"11-15周","YPSJDD":"7-9周 星期五 第3节-第4节 南湖南-博学主楼-206,1-15周 星期二 第3节-第4节 南湖南-博学主楼-206,9周 星期日 第3节-第4节 南湖南-博学主楼-206,11-15周 星期五 第3节-第4节 南湖南-博学主楼-206,1-15周 星期三 第1节-第2节 南湖南-博学主楼-206,1-5周 星期五 第3节-第4节 南湖南-博学主楼-206","XF":5,"SKXQ":5,"XNXQDM":"2024-2025-2","KCM":"高等数学A下","JASDM":"0202040206","JXLDM":"020204","JXBID":"20242-06096","SKBJ":"土木类2401-04","TYXMDM":null,"KCH":"10153121060"},{"KKDWDM":"071","XS":40,"BYBZ":"0","JSJC":4,"XXXQDM":"02","KXH":"13","KSJC":3,"XKZRS":137,"SKZC":"000000000000010100000000","SKJS":"朱慧颖","ISTK":0,"ZCMC":"14-16周(双)","YPSJDD":"14-16周(双) 星期一 第3节-第4节 南湖南-博学主楼-206,1-10周,12-13周 星期一 第3节-第5节 南湖南-博学主楼-206","XF":2,"SKXQ":1,"XNXQDM":"2024-2025-2","KCM":"线性代数","JASDM":"0202040206","JXLDM":"020204","JXBID":"20242-11756","SKBJ":"工商类2409-12","TYXMDM":null,"KCH":"10153111001"}]}},"code":"0"}