{"datas":{"jaskcb":{"extParams":{"code":1,"msg":"查询成功"},"pageSize":0,"pageNumber":0,"totalSize":-1,"rows":[{"KKDWDM":"016","XS":32,"BYBZ":"0","JSJC":2,"XXXQDM":"02","KXH":"01","KSJC":1,"XKZRS":44,"SKZC":"111111111111111100000000000000","SKJS":"朱阁,林宁","ISTK":0,"ZCMC":"1-16周","YPSJDD":"1-16周 星期三 第1节-第2节 南湖南-博学东楼-308","XF":2,"SKXQ":3,"XNXQDM":"2024-2025-2","KCM":"化工原理C","JASDM":"0202020308","JXLDM":"020202","JXBID":"20242-05252","SKBJ":"生物制药2301","TYXMDM":null,"KCH":"10164117078"},{"KKDWDM":"016","XS":64,"BYBZ":"0","JSJC":4,"XXXQDM":"02","KXH":"04","KSJC":3,"XKZRS":104,"SKZC":"111111111111111100000000000000","SKJS":"邓伯华","ISTK":0,"ZCMC":"1-16周","YPSJDD":"17周 星期二 第1节-第2节 南湖南-博学东楼-308,12-14周 星期一 第1节-第2节 南湖南-博学东楼-308,1-10周 星期一 第1节-第2节 南湖南-博学东楼-308,16-17周 星期一 第1节-第2节 南湖南-博学东楼-308,1-16周 星期三 第3节-第4节 南湖南-博学东楼-308","XF":4,"SKXQ":3,"XNXQDM":"2024-2025-2","KCM":"物理化学C","JASDM":"0202020308","JXLDM":"020202","JXBID":"20242-05077","SKBJ":"制药zy2301-03","TYXMDM":null,"KCH":"10163112116"},{"KKDWDM":"071","XS":48,"BYBZ":"0","JSJC":8,"XXXQDM":"02","KXH":"12","KSJC":6,"XKZRS":139,"SKZC":"11111111111111110000","SKJS":"余旌胡","ISTK":0,"ZCMC":"1-16周","YPSJDD":"1-16周 星期二 第6节-第8节 南湖南-博学东楼-308","XF":3,"SKXQ":2,"XNXQDM":"2024-2025-2","KCM":"概率论与数理统计B","JASDM":"0202020308","JXLDM":"020202","JXBID":"20242-05205","SKBJ":"工程2301-02,建环2301-02","TYXMDM":null,"KCH":"10155111054"},{"KKDWDM":"072","XS":64,"BYBZ":"0","JSJC":4,"XXXQDM":"02","KXH":"01","KSJC":3,"XKZRS":108,"SKZC":"111111111111110000000000000000","SKJS":"陶珺","ISTK":0,"ZCMC":"1-14周","YPSJDD":"1-14周 星期二 第3节-第4节 南湖南-博学东楼-308,11-15周 星期四 第1节-第2节 南湖南-博学东楼-308,1-9周 星期四 第1节-第2节 南湖南-博学东楼-308","XF":4,"SKXQ":2,"XNXQDM":"2024-2025-2","KCM":"信号与线性系统","JASDM":"0202020308","JXLDM":"020202","JXBID":"20242-04973","SKBJ":"光信科2301-03","TYXMDM":null,"KCH":"10095111019"},{"KKDWDM":"021","XS":36,"BYBZ":"0","JSJC":8,"XXXQDM":"02","KXH":"109","KSJC":6,"XKZRS":109,"SKZC":"111111111111000000000000000000","SKJS":"聂雨晴","ISTK":0,"ZCMC":"1-12周","YPSJDD":"1-12周 星期三 第6节-第8节 南湖南-博学东楼-308","XF":2,"SKXQ":3,"XNXQDM":"2024-2025-2","KCM":"习近平新时代中国特色社会主义思想概论","JASDM":"0202020308","JXLDM":"020202","JXBID":"20242-05064","SKBJ":"成型zy2301,无机非2301-02","TYXMDM":null,"KCH":"10211121033"},{"KKDWDM":"009","XS":24,"BYBZ":"0","JSJC":7,"XXXQDM":"02","KXH":"01","KSJC":6,"XKZRS":69,"SKZC":"111111111100000000000000000000","SKJS":"申翃","ISTK":0,"ZCMC":"1-10周","YPSJDD":"1-10周 星期一 第6节-第7节 南湖南-博学东楼-308,12-13周 星期一 第6节-第7节 南湖南-博学东楼-308","XF":1,"SKXQ":1,"XNXQDM":"2024-2025-2","KCM":"工程地质C","JASDM":"0202020308","JXLDM":"020202","JXBID":"20242-05372","SKBJ":"工程2301-02","TYXMDM":null,"KCH":"10094111029"},{"KKDWDM":"016","XS":64,"BYBZ":"0","JSJC":2,"XXXQDM":"02","KXH":"04","KSJC":1,"XKZRS":104,"SKZC":"111111111100000000000000000000","SKJS":"邓伯华","ISTK":0,"ZCMC":"1-10周","YPSJDD":"17周 星期二 第1节-第2节 南湖南-博学东楼-308,12-14周 星期一 第1节-第2节 南湖南-博学东楼-308,1-10周 星期一 第1节-第2节 南湖南-博学东楼-308,16-17周 星期一 第1节-第2节 南湖南-博学东楼-308,1-16周 星期三 第3节-第4节 南湖南-博学东楼-308","XF":4,"SKXQ":1,"XNXQDM":"2024-2025-2","KCM":"物理化学C","JASDM":"0202020308","JXLDM":"020202","JXBID":"20242-05077","SKBJ":"制药zy2301-03","TYXMDM":null,"KCH":"10163112116"},{"KKDWDM":"016","XS":48,"BYBZ":"0","JSJC":5,"XXXQDM":"02","KXH":"08","KSJC":3,"XKZRS":102,"SKZC":"111111111100000000000000000000","SKJS":"陈敏","ISTK":0,"ZCMC":"1-10周","YPSJDD":"12-14周 星期一 第3节-第5节 南湖南-博学东楼-308,16-17周 星期一 第3节-第5节 南湖南-博学东楼-308,17周 星期二 第3节-第5节 南湖南-博学东楼-308,1-10周 星期一 第3节-第5节 南湖南-博学东楼-308","XF":3,"SKXQ":1,"XNXQDM":"2024-2025-2","KCM":"有机化学C","JASDM":"0202020308","JXLDM":"020202","JXBID":"20242-10361","SKBJ":"材科2304-06","TYXMDM":null,"KCH":"10163112118"},{"KKDWDM":"044","XS":32,"BYBZ":"0","JSJC":13,"XXXQDM":"02","KXH":"06","KSJC":11,"XKZRS":139,"SKZC":"111111111100000000000000","SKJS":"龚文莉","ISTK":0,"ZCMC":"1-10周","YPSJDD":"12周 星期一 第11节-第12节 南湖南-博学东楼-308,1-10周 星期一 第11节-第13节 南湖南-博学东楼-308","XF":2,"SKXQ":1,"XNXQDM":"2024-2025-2","KCM":"音乐鉴赏(GX)","JASDM":"0202020308","JXLDM":"020202","JXBID":"20242-11569","SKBJ":"公选-11569","TYXMDM":null,"KCH":"10442121059"},{"KKDWDM":"022","XS":32,"BYBZ":"0","JSJC":13,"XXXQDM":"02","KXH":"01","KSJC":11,"XKZRS":61,"SKZC":"111111111100000000000000","SKJS":"张雄军","ISTK":0,"ZCMC":"1-10周","YPSJDD":"11周 星期三 第11节-第12节 南湖南-博学东楼-308,1-10周 星期三 第11节-第13节 南湖南-博学东楼-308","XF":2,"SKXQ":3,"XNXQDM":"2024-2025-2","KCM":"图形创意(GX)","JASDM":"0202020308","JXLDM":"020202","JXBID":"20242-08701","SKBJ":"公选-08701","TYXMDM":null,"KCH":"10222124003"},{"KKDWDM":"072","XS":64,"BYBZ":"0","JSJC":2,"XXXQDM":"02","KXH":"01","KSJC":1,"XKZRS":108,"SKZC":"111111111000000000000000000000","SKJS":"陶珺","ISTK":0,"ZCMC":"1-9周","YPSJDD":"1-14周 星期二 第3节-第4节 南湖南-博学东楼-308,11-15周 星期四 第1节-第2节 南湖南-博学东楼-308,1-9周 星期四 第1节-第2节 南湖南-博学东楼-308","XF":4,"SKXQ":4,"XNXQDM":"2024-2025-2","KCM":"信号与线性系统","JASDM":"0202020308","JXLDM":"020202","JXBID":"20242-04973","SKBJ":"光信科2301-03","TYXMDM":null,"KCH":"10095111019"},{"KKDWDM":"021","XS":36,"BYBZ":"0","JSJC":5,"XXXQDM":"02","KXH":"01","KSJC":3,"XKZRS":109,"SKZC":"111111111000000000000000000000","SKJS":"袁博","ISTK":0,"ZCMC":"1-9周","YPSJDD":"11-13周 星期四 第3节-第5节 南湖南-博学东楼-308,1-9周 星期四 第3节-第5节 南湖南-博学东楼-308","XF":2,"SKXQ":4,"XNXQDM":"2024-2025-2","KCM":"习近平新时代中国特色社会主义思想概论","JASDM":"0202020308","JXLDM":"020202","JXBID":"20242-12222","SKBJ":"地信2301-02,能源2301","TYXMDM":null,"KCH":"10211121033"},{"KKDWDM":"017","XS":40,"BYBZ":"0","JSJC":5,"XXXQDM":"02","KXH":"01","KSJC":3,"XKZRS":104,"SKZC":"111110111011100000000000","SKJS":"江涛","ISTK":0,"ZCMC":"1-5周,7-9周,11-13周","YPSJDD":"14-15周 星期五 第3节-第4节 南湖南-博学东楼-308,1-5周,7-9周,11-13周 星期五 第3节-第5节 南湖南-博学东楼-308,9周 星期日 第3节-第5节 南湖南-博学东楼-308","XF":2,"SKXQ":5,"XNXQDM":"2024-2025-2","KCM":"管理统计学","JASDM":"0202020308","JXLDM":"020202","JXBID":"20242-04680","SKBJ":"人力2302,工商2301-02,工商t2301","TYXMDM":null,"KCH":"10174121157"},{"KKDWDM":"010","XS":32,"BYBZ":"0","JSJC":8,"XXXQDM":"02","KXH":"01","KSJC":6,"XKZRS":47,"SKZC":"111110111010000000000000","SKJS":"李源","ISTK":0,"ZCMC":"1-5周,7-9周,11周","YPSJDD":"12周 星期五 第6节-第7节 南湖南-博学东楼-308,1-5周,7-9周,11周 星期五 第6节-第8节 南湖南-博学东楼-308,9周 星期日 第6节-第8节 南湖南-博学东楼-308","XF":2,"SKXQ":5,"XNXQDM":"2024-2025-2","KCM":"环境监察概论","JASDM":"0202020308","JXLDM":"020202","JXBID":"20242-03091","SKBJ":"环工2201-02,环科2201-02","TYXMDM":null,"KCH":"10106113088"},{"KKDWDM":"021","XS":32,"BYBZ":"0","JSJC":13,"XXXQDM":"02","KXH":"01","KSJC":11,"XKZRS":50,"SKZC":"111110000000000000000000000000","SKJS":"加力布,鄢松波","ISTK":0,"ZCMC":"1-5周","YPSJDD":"1-5周 星期二 第11节-第13节 南湖南-博学东楼-308,1-5周 星期四 第11节-第13节 南湖南-博学东楼-308,6周 星期二 第11节-第12节 南湖南-博学东楼-308","XF":2,"SKXQ":4,"XNXQDM":"2024-2025-2","KCM":"中国概况","JASDM":"0202020308","JXLDM":"020202","JXBID":"20242-04310","SKBJ":"国贸留2301,工管留2301,计算机留2301","TYXMDM":null,"KCH":"30211119001"},{"KKDWDM":"021","XS":32,"BYBZ":"0","JSJC":13,"XXXQDM":"02","KXH":"01","KSJC":11,"XKZRS":50,"SKZC":"111110000000000000000000000000","SKJS":"加力布,鄢松波","ISTK":0,"ZCMC":"1-5周","YPSJDD":"1-5周 星期二 第11节-第13节 南湖南-博学东楼-308,1-5周 星期四 第11节-第13节 南湖南-博学东楼-308,6周 星期二 第11节-第12节 南湖南-博学东楼-308","XF":2,"SKXQ":2,"XNXQDM":"2024-2025-2","KCM":"中国概况","JASDM":"0202020308","JXLDM":"020202","JXBID":"20242-04310","SKBJ":"国贸留2301,工管留2301,计算机留2301","TYXMDM":null,"KCH":"30211119001"},{"KKDWDM":"021","XS":32,"BYBZ":"0","JSJC":12,"XXXQDM":"02","KXH":"01","KSJC":11,"XKZRS":50,"SKZC":"000001000000000000000000000000","SKJS":"鄢松波","ISTK":0,"ZCMC":"6周","YPSJDD":"1-5周 星期二 第11节-第13节 南湖南-博学东楼-308,1-5周 星期四 第11节-第13节 南湖南-博学东楼-308,6周 星期二 第11节-第12节 南湖南-博学东楼-308","XF":2,"SKXQ":2,"XNXQDM":"2024-2025-2","KCM":"中国概况","JASDM":"0202020308","JXLDM":"020202","JXBID":"20242-04310","SKBJ":"国贸留2301,工管留2301,计算机留2301","TYXMDM":null,"KCH":"30211119001"},{"KKDWDM":"017","XS":40,"BYBZ":"0","JSJC":5,"XXXQDM":"02","KXH":"01","KSJC":3,"XKZRS":104,"SKZC":"000000001000000000000000","SKJS":"江涛","ISTK":0,"ZCMC":"9周","YPSJDD":"14-15周 星期五 第3节-第4节 南湖南-博学东楼-308,1-5周,7-9周,11-13周 星期五 第3节-第5节 南湖南-博学东楼-308,9周 星期日 第3节-第5节 南湖南-博学东楼-308","XF":2,"SKXQ":7,"XNXQDM":"2024-2025-2","KCM":"管理统计学","JASDM":"0202020308","JXLDM":"020202","JXBID":"20242-04680","SKBJ":"人力2302,工商2301-02,工商t2301","TYXMDM":null,"KCH":"10174121157"},{"KKDWDM":"010","XS":32,"BYBZ":"0","JSJC":8,"XXXQDM":"02","KXH":"01","KSJC":6,"XKZRS":47,"SKZC":"000000001000000000000000","SKJS":"李源","ISTK":0,"ZCMC":"9周","YPSJDD":"12周 星期五 第6节-第7节 南湖南-博学东楼-308,1-5周,7-9周,11周 星期五 第6节-第8节 南湖南-博学东楼-308,9周 星期日 第6节-第8节 南湖南-博学东楼-308","XF":2,"SKXQ":7,"XNXQDM":"2024-2025-2","KCM":"环境监察概论","JASDM":"0202020308","JXLDM":"020202","JXBID":"20242-03091","SKBJ":"环工2201-02,环科2201-02","TYXMDM":null,"KCH":"10106113088"},{"KKDWDM":"072","XS":64,"BYBZ":"0","JSJC":2,"XXXQDM":"02","KXH":"01","KSJC":1,"XKZRS":108,"SKZC":"000000000011111000000000000000","SKJS":"陶珺","ISTK":0,"ZCMC":"11-15周","YPSJDD":"1-14周 星期二 第3节-第4节 南湖南-博学东楼-308,11-15周 星期四 第1节-第2节 南湖南-博学东楼-308,1-9周 星期四 第1节-第2节 南湖南-博学东楼-308","XF":4,"SKXQ":4,"XNXQDM":"2024-2025-2","KCM":"信号与线性系统","JASDM":"0202020308","JXLDM":"020202","JXBID":"20242-04973","SKBJ":"光信科2301-03","TYXMDM":null,"KCH":"10095111019"},{"KKDWDM":"021","XS":36,"BYBZ":"0","JSJC":5,"XXXQDM":"02","KXH":"01","KSJC":3,"XKZRS":109,"SKZC":"000000000011100000000000000000","SKJS":"袁博","ISTK":0,"ZCMC":"11-13周","YPSJDD":"11-13周 星期四 第3节-第5节 南湖南-博学东楼-308,1-9周 星期四 第3节-第5节 南湖南-博学东楼-308","XF":2,"SKXQ":4,"XNXQDM":"2024-2025-2","KCM":"习近平新时代中国特色社会主义思想概论","JASDM":"0202020308","JXLDM":"020202","JXBID":"20242-12222","SKBJ":"地信2301-02,能源2301","TYXMDM":null,"KCH":"10211121033"},{"KKDWDM":"022","XS":32,"BYBZ":"0","JSJC":12,"XXXQDM":"02","KXH":"01","KSJC":11,"XKZRS":61,"SKZC":"000000000010000000000000","SKJS":"张雄军","ISTK":0,"ZCMC":"11周","YPSJDD":"11周 星期三 第11节-第12节 南湖南-博学东楼-308,1-10周 星期三 第11节-第13节 南湖南-博学东楼-308","XF":2,"SKXQ":3,"XNXQDM":"2024-2025-2","KCM":"图形创意(GX)","JASDM":"0202020308","JXLDM":"020202","JXBID":"20242-08701","SKBJ":"公选-08701","TYXMDM":null,"KCH":"10222124003"},{"KKDWDM":"016","XS":48,"BYBZ":"0","JSJC":5,"XXXQDM":"02","KXH":"08","KSJC":3,"XKZRS":102,"SKZC":"000000000001110000000000000000","SKJS":"陈敏","ISTK":0,"ZCMC":"12-14周","YPSJDD":"12-14周 星期一 第3节-第5节 南湖南-博学东楼-308,16-17周 星期一 第3节-第5节 南湖南-博学东楼-308,17周 星期二 第3节-第5节 南湖南-博学东楼-308,1-10周 星期一 第3节-第5节 南湖南-博学东楼-308","XF":3,"SKXQ":1,"XNXQDM":"2024-2025-2","KCM":"有机化学C","JASDM":"0202020308","JXLDM":"020202","JXBID":"20242-10361","SKBJ":"材科2304-06","TYXMDM":null,"KCH":"10163112118"},{"KKDWDM":"016","XS":64,"BYBZ":"0","JSJC":2,"XXXQDM":"02","KXH":"04","KSJC":1,"XKZRS":104,"SKZC":"000000000001110000000000000000","SKJS":"邓伯华","ISTK":0,"ZCMC":"12-14周","YPSJDD":"17周 星期二 第1节-第2节 南湖南-博学东楼-308,12-14周 星期一 第1节-第2节 南湖南-博学东楼-308,1-10周 星期一 第1节-第2节 南湖南-博学东楼-308,16-17周 星期一 第1节-第2节 南湖南-博学东楼-308,1-16周 星期三 第3节-第4节 南湖南-博学东楼-308","XF":4,"SKXQ":1,"XNXQDM":"2024-2025-2","KCM":"物理化学C","JASDM":"0202020308","JXLDM":"020202","JXBID":"20242-05077","SKBJ":"制药zy2301-03","TYXMDM":null,"KCH":"10163112116"},{"KKDWDM":"009","XS":24,"BYBZ":"0","JSJC":7,"XXXQDM":"02","KXH":"01","KSJC":6,"XKZRS":69,"SKZC":"000000000001100000000000000000","SKJS":"申翃","ISTK":0,"ZCMC":"12-13周","YPSJDD":"1-10周 星期一 第6节-第7节 南湖南-博学东楼-308,12-13周 星期一 第6节-第7节 南湖南-博学东楼-308","XF":1,"SKXQ":1,"XNXQDM":"2024-2025-2","KCM":"工程地质C","JASDM":"0202020308","JXLDM":"020202","JXBID":"20242-05372","SKBJ":"工程2301-02","TYXMDM":null,"KCH":"10094111029"},{"KKDWDM":"010","XS":32,"BYBZ":"0","JSJC":7,"XXXQDM":"02","KXH":"01","KSJC":6,"XKZRS":47,"SKZC":"000000000001000000000000","SKJS":"李源","ISTK":0,"ZCMC":"12周","YPSJDD":"12周 星期五 第6节-第7节 南湖南-博学东楼-308,1-5周,7-9周,11周 星期五 第6节-第8节 南湖南-博学东楼-308,9周 星期日 第6节-第8节 南湖南-博学东楼-308","XF":2,"SKXQ":5,"XNXQDM":"2024-2025-2","KCM":"环境监察概论","JASDM":"0202020308","JXLDM":"020202","JXBID":"20242-03091","SKBJ":"环工2201-02,环科2201-02","TYXMDM":null,"KCH":"10106113088"},{"KKDWDM":"044","XS":32,"BYBZ":"0","JSJC":12,"XXXQDM":"02","KXH":"06","KSJC":11,"XKZRS":139,"SKZC":"000000000001000000000000","SKJS":"龚文莉","ISTK":0,"ZCMC":"12周","YPSJDD":"12周 星期一 第11节-第12节 南湖南-博学东楼-308,1-10周 星期一 第11节-第13节 南湖南-博学东楼-308","XF":2,"SKXQ":1,"XNXQDM":"2024-2025-2","KCM":"音乐鉴赏(GX)","JASDM":"0202020308","JXLDM":"020202","JXBID":"20242-11569","SKBJ":"公选-11569","TYXMDM":null,"KCH":"10442121059"},{"KKDWDM":"017","XS":40,"BYBZ":"0","JSJC":4,"XXXQDM":"02","KXH":"01","KSJC":3,"XKZRS":104,"SKZC":"000000000000011000000000","SKJS":"江涛","ISTK":0,"ZCMC":"14-15周","YPSJDD":"14-15周 星期五 第3节-第4节 南湖南-博学东楼-308,1-5周,7-9周,11-13周 星期五 第3节-第5节 南湖南-博学东楼-308,9周 星期日 第3节-第5节 南湖南-博学东楼-308","XF":2,"SKXQ":5,"XNXQDM":"2024-2025-2","KCM":"管理统计学","JASDM":"0202020308","JXLDM":"020202","JXBID":"20242-04680","SKBJ":"人力2302,工商2301-02,工商t2301","TYXMDM":null,"KCH":"10174121157"},{"KKDWDM":"016","XS":48,"BYBZ":"0","JSJC":5,"XXXQDM":"02","KXH":"08","KSJC":3,"XKZRS":102,"SKZC":"000000000000000110000000000000","SKJS":"陈敏","ISTK":0,"ZCMC":"16-17周","YPSJDD":"12-14周 星期一 第3节-第5节 南湖南-博学东楼-308,16-17周 星期一 第3节-第5节 南湖南-博学东楼-308,17周 星期二 第3节-第5节 南湖南-博学东楼-308,1-10周 星期一 第3节-第5节 南湖南-博学东楼-308","XF":3,"SKXQ":1,"XNXQDM":"2024-2025-2","KCM":"有机化学C","JASDM":"0202020308","JXLDM":"020202","JXBID":"20242-10361","SKBJ":"材科2304-06","TYXMDM":null,"KCH":"10163112118"},{"KKDWDM":"016","XS":64,"BYBZ":"0","JSJC":2,"XXXQDM":"02","KXH":"04","KSJC":1,"XKZRS":104,"SKZC":"000000000000000110000000000000","SKJS":"邓伯华","ISTK":0,"ZCMC":"16-17周","YPSJDD":"17周 星期二 第1节-第2节 南湖南-博学东楼-308,12-14周 星期一 第1节-第2节 南湖南-博学东楼-308,1-10周 星期一 第1节-第2节 南湖南-博学东楼-308,16-17周 星期一 第1节-第2节 南湖南-博学东楼-308,1-16周 星期三 第3节-第4节 南湖南-博学东楼-308","XF":4,"SKXQ":1,"XNXQDM":"2024-2025-2","KCM":"物理化学C","JASDM":"0202020308","JXLDM":"020202","JXBID":"20242-05077","SKBJ":"制药zy2301-03","TYXMDM":null,"KCH":"10163112116"},{"KKDWDM":"016","XS":48,"BYBZ":"0","JSJC":5,"XXXQDM":"02","KXH":"08","KSJC":3,"XKZRS":102,"SKZC":"000000000000000010000000000000","SKJS":"陈敏","ISTK":0,"ZCMC":"17周","YPSJDD":"12-14周 星期一 第3节-第5节 南湖南-博学东楼-308,16-17周 星期一 第3节-第5节 南湖南-博学东楼-308,17周 星期二 第3节-第5节 南湖南-博学东楼-308,1-10周 星期一 第3节-第5节 南湖南-博学东楼-308","XF":3,"SKXQ":2,"XNXQDM":"2024-2025-2","KCM":"有机化学C","JASDM":"0202020308","JXLDM":"020202","JXBID":"20242-10361","SKBJ":"材科2304-06","TYXMDM":null,"KCH":"10163112118"},{"KKDWDM":"016","XS":64,"BYBZ":"0","JSJC":2,"XXXQDM":"02","KXH":"04","KSJC":1,"XKZRS":104,"SKZC":"000000000000000010000000000000","SKJS":"邓伯华","ISTK":0,"ZCMC":"17周","YPSJDD":"17周 星期二 第1节-第2节 南湖南-博学东楼-308,12-14周 星期一 第1节-第2节 南湖南-博学东楼-308,1-10周 星期一 第1节-第2节 南湖南-博学东楼-308,16-17周 星期一 第1节-第2节 南湖南-博学东楼-308,1-16周 星期三 第3节-第4节 南湖南-博学东楼-308","XF":4,"SKXQ":2,"XNXQDM":"2024-2025-2","KCM":"物理化学C","JASDM":"0202020308","JXLDM":"020202","JXBID":"20242-05077","SKBJ":"制药zy2301-03","TYXMDM":null,"KCH":"10163112116"}]}},"code":"0"}