{"datas":{"jaskcb":{"extParams":{"code":1,"msg":"查询成功"},"pageSize":0,"pageNumber":0,"totalSize":-1,"rows":[{"KKDWDM":"017","XS":64,"BYBZ":"0","JSJC":7,"XXXQDM":"02","KXH":"01","KSJC":6,"XKZRS":4,"SKZC":"111111111111111100000000000000","SKJS":"何山","ISTK":0,"ZCMC":"1-16周","YPSJDD":"1-16周 星期三 第6节-第7节 南湖南-博学北楼-602,1-10周,12-14周,16-17周 星期一 第3节-第4节 南湖南-博学北楼-602,17周 星期二 第3节-第4节 南湖南-博学北楼-602","XF":4,"SKXQ":3,"XNXQDM":"2024-2025-2","KCM":"企业战略管理","JASDM":"0202010602","JXLDM":"020201","JXBID":"20242-03078","SKBJ":"工管留2201","TYXMDM":null,"KCH":"30174119020"},{"KKDWDM":"020","XS":32,"BYBZ":"0","JSJC":2,"XXXQDM":"02","KXH":"03","KSJC":1,"XKZRS":31,"SKZC":"111111111111111100000000000000","SKJS":"Angela Marie Lu","ISTK":0,"ZCMC":"1-16周","YPSJDD":"1-16周 星期二 第1节-第2节 南湖南-博学北楼-602","XF":2,"SKXQ":2,"XNXQDM":"2024-2025-2","KCM":"英语视听说2","JASDM":"0202010602","JXLDM":"020201","JXBID":"20242-10132","SKBJ":"外语类2402","TYXMDM":null,"KCH":"10204114018"},{"KKDWDM":"020","XS":64,"BYBZ":"0","JSJC":4,"XXXQDM":"02","KXH":"03","KSJC":3,"XKZRS":28,"SKZC":"111111111111111100000000000000","SKJS":"刘黄蓉","ISTK":0,"ZCMC":"1-16周","YPSJDD":"1-16周 星期三 第3节-第4节 南湖南-博学北楼-602,16-17周 星期一 第1节-第2节 南湖南-博学北楼-602,12-14周 星期一 第1节-第2节 南湖南-博学北楼-602,17周 星期二 第1节-第2节 南湖南-博学北楼-602,1-10周 星期一 第1节-第2节 南湖南-博学北楼-602","XF":4,"SKXQ":3,"XNXQDM":"2024-2025-2","KCM":"基础法语2","JASDM":"0202010602","JXLDM":"020201","JXBID":"20242-10687","SKBJ":"外语类2402","TYXMDM":null,"KCH":"10204117026"},{"KKDWDM":"020","XS":32,"BYBZ":"0","JSJC":2,"XXXQDM":"02","KXH":"03","KSJC":1,"XKZRS":28,"SKZC":"1111111111111111","SKJS":"王瑛芳","ISTK":0,"ZCMC":"1-16周","YPSJDD":"1-16周 星期三 第1节-第2节 南湖南-博学北楼-602","XF":2,"SKXQ":3,"XNXQDM":"2024-2025-2","KCM":"英语报刊选读","JASDM":"0202010602","JXLDM":"020201","JXBID":"20242-10152","SKBJ":"外语类2402","TYXMDM":null,"KCH":"10205113003"},{"KKDWDM":"017","XS":64,"BYBZ":"0","JSJC":4,"XXXQDM":"02","KXH":"01","KSJC":3,"XKZRS":4,"SKZC":"111111111101110110000000000000","SKJS":"何山","ISTK":0,"ZCMC":"1-10周,12-14周,16-17周","YPSJDD":"1-16周 星期三 第6节-第7节 南湖南-博学北楼-602,1-10周,12-14周,16-17周 星期一 第3节-第4节 南湖南-博学北楼-602,17周 星期二 第3节-第4节 南湖南-博学北楼-602","XF":4,"SKXQ":1,"XNXQDM":"2024-2025-2","KCM":"企业战略管理","JASDM":"0202010602","JXLDM":"020201","JXBID":"20242-03078","SKBJ":"工管留2201","TYXMDM":null,"KCH":"30174119020"},{"KKDWDM":"020","XS":64,"BYBZ":"0","JSJC":2,"XXXQDM":"02","KXH":"03","KSJC":1,"XKZRS":28,"SKZC":"111111111100000000000000000000","SKJS":"刘黄蓉","ISTK":0,"ZCMC":"1-10周","YPSJDD":"1-16周 星期三 第3节-第4节 南湖南-博学北楼-602,16-17周 星期一 第1节-第2节 南湖南-博学北楼-602,12-14周 星期一 第1节-第2节 南湖南-博学北楼-602,17周 星期二 第1节-第2节 南湖南-博学北楼-602,1-10周 星期一 第1节-第2节 南湖南-博学北楼-602","XF":4,"SKXQ":1,"XNXQDM":"2024-2025-2","KCM":"基础法语2","JASDM":"0202010602","JXLDM":"020201","JXBID":"20242-10687","SKBJ":"外语类2402","TYXMDM":null,"KCH":"10204117026"},{"KKDWDM":"020","XS":32,"BYBZ":"0","JSJC":4,"XXXQDM":"02","KXH":"03","KSJC":3,"XKZRS":28,"SKZC":"111111111000000000000000000000","SKJS":"范静","ISTK":0,"ZCMC":"1-9周","YPSJDD":"11-17周 星期四 第3节-第4节 南湖南-博学北楼-602,1-9周 星期四 第3节-第4节 南湖南-博学北楼-602","XF":2,"SKXQ":4,"XNXQDM":"2024-2025-2","KCM":"法语视听入门","JASDM":"0202010602","JXLDM":"020201","JXBID":"20242-10653","SKBJ":"外语类2402","TYXMDM":null,"KCH":"10204117074"},{"KKDWDM":"020","XS":32,"BYBZ":"0","JSJC":2,"XXXQDM":"02","KXH":"03","KSJC":1,"XKZRS":28,"SKZC":"111111111000000000000000000000","SKJS":"徐亚","ISTK":0,"ZCMC":"1-9周","YPSJDD":"11-17周 星期四 第1节-第2节 南湖南-博学北楼-602,1-9周 星期四 第1节-第2节 南湖南-博学北楼-602","XF":2,"SKXQ":4,"XNXQDM":"2024-2025-2","KCM":"英语经典阅读2","JASDM":"0202010602","JXLDM":"020201","JXBID":"20242-10147","SKBJ":"外语类2402","TYXMDM":null,"KCH":"10204117028"},{"KKDWDM":"007","XS":48,"BYBZ":"0","JSJC":5,"XXXQDM":"02","KXH":"04","KSJC":3,"XKZRS":34,"SKZC":"111110000000000000000000000000","SKJS":"Chalati Siwapimon,杨波,郭会茹","ISTK":0,"ZCMC":"1-5周","YPSJDD":"7-9周 星期五 第3节-第5节 南湖南-博学北楼-602,9周 星期日 第3节-第5节 南湖南-博学北楼-602,1-5周 星期五 第3节-第5节 南湖南-博学北楼-602,11-16周 星期五 第3节-第5节 南湖南-博学北楼-602,17周 星期三 第3节-第5节 南湖南-博学北楼-602","XF":3,"SKXQ":5,"XNXQDM":"2024-2025-2","KCM":"汽车学与性能测试2","JASDM":"0202010602","JXLDM":"020201","JXBID":"20242-11152","SKBJ":"车辆gj2203","TYXMDM":null,"KCH":"10074117095"},{"KKDWDM":"007","XS":48,"BYBZ":"0","JSJC":5,"XXXQDM":"02","KXH":"04","KSJC":3,"XKZRS":34,"SKZC":"000000111000000000000000000000","SKJS":"Chalati Siwapimon,杨波,郭会茹","ISTK":0,"ZCMC":"7-9周","YPSJDD":"7-9周 星期五 第3节-第5节 南湖南-博学北楼-602,9周 星期日 第3节-第5节 南湖南-博学北楼-602,1-5周 星期五 第3节-第5节 南湖南-博学北楼-602,11-16周 星期五 第3节-第5节 南湖南-博学北楼-602,17周 星期三 第3节-第5节 南湖南-博学北楼-602","XF":3,"SKXQ":5,"XNXQDM":"2024-2025-2","KCM":"汽车学与性能测试2","JASDM":"0202010602","JXLDM":"020201","JXBID":"20242-11152","SKBJ":"车辆gj2203","TYXMDM":null,"KCH":"10074117095"},{"KKDWDM":"017","XS":32,"BYBZ":"0","JSJC":4,"XXXQDM":"02","KXH":"02","KSJC":3,"XKZRS":19,"SKZC":"000000001111111100000000000000","SKJS":"韩笑","ISTK":0,"ZCMC":"9-16周","YPSJDD":"11-16周 星期五 第3节-第4节 南湖南-博学北楼-606,17周 星期三 第3节-第4节 南湖南-博学北楼-606,9周 星期五 第3节-第4节 南湖南-博学北楼-606,9-16周 星期二 第3节-第4节 南湖南-博学北楼-602","XF":2,"SKXQ":2,"XNXQDM":"2024-2025-2","KCM":"创业学","JASDM":"0202010602","JXLDM":"020201","JXBID":"20242-10874","SKBJ":"工商t2201","TYXMDM":null,"KCH":"10174121165"},{"KKDWDM":"007","XS":48,"BYBZ":"0","JSJC":5,"XXXQDM":"02","KXH":"04","KSJC":3,"XKZRS":34,"SKZC":"000000001000000000000000000000","SKJS":"Chalati Siwapimon,杨波,郭会茹","ISTK":0,"ZCMC":"9周","YPSJDD":"7-9周 星期五 第3节-第5节 南湖南-博学北楼-602,9周 星期日 第3节-第5节 南湖南-博学北楼-602,1-5周 星期五 第3节-第5节 南湖南-博学北楼-602,11-16周 星期五 第3节-第5节 南湖南-博学北楼-602,17周 星期三 第3节-第5节 南湖南-博学北楼-602","XF":3,"SKXQ":7,"XNXQDM":"2024-2025-2","KCM":"汽车学与性能测试2","JASDM":"0202010602","JXLDM":"020201","JXBID":"20242-11152","SKBJ":"车辆gj2203","TYXMDM":null,"KCH":"10074117095"},{"KKDWDM":"020","XS":32,"BYBZ":"0","JSJC":2,"XXXQDM":"02","KXH":"03","KSJC":1,"XKZRS":28,"SKZC":"000000000011111110000000000000","SKJS":"徐亚","ISTK":0,"ZCMC":"11-17周","YPSJDD":"11-17周 星期四 第1节-第2节 南湖南-博学北楼-602,1-9周 星期四 第1节-第2节 南湖南-博学北楼-602","XF":2,"SKXQ":4,"XNXQDM":"2024-2025-2","KCM":"英语经典阅读2","JASDM":"0202010602","JXLDM":"020201","JXBID":"20242-10147","SKBJ":"外语类2402","TYXMDM":null,"KCH":"10204117028"},{"KKDWDM":"020","XS":32,"BYBZ":"0","JSJC":4,"XXXQDM":"02","KXH":"03","KSJC":3,"XKZRS":28,"SKZC":"000000000011111110000000000000","SKJS":"范静","ISTK":0,"ZCMC":"11-17周","YPSJDD":"11-17周 星期四 第3节-第4节 南湖南-博学北楼-602,1-9周 星期四 第3节-第4节 南湖南-博学北楼-602","XF":2,"SKXQ":4,"XNXQDM":"2024-2025-2","KCM":"法语视听入门","JASDM":"0202010602","JXLDM":"020201","JXBID":"20242-10653","SKBJ":"外语类2402","TYXMDM":null,"KCH":"10204117074"},{"KKDWDM":"007","XS":48,"BYBZ":"0","JSJC":5,"XXXQDM":"02","KXH":"04","KSJC":3,"XKZRS":34,"SKZC":"000000000011111100000000000000","SKJS":"Chalati Siwapimon,杨波,郭会茹","ISTK":0,"ZCMC":"11-16周","YPSJDD":"7-9周 星期五 第3节-第5节 南湖南-博学北楼-602,9周 星期日 第3节-第5节 南湖南-博学北楼-602,1-5周 星期五 第3节-第5节 南湖南-博学北楼-602,11-16周 星期五 第3节-第5节 南湖南-博学北楼-602,17周 星期三 第3节-第5节 南湖南-博学北楼-602","XF":3,"SKXQ":5,"XNXQDM":"2024-2025-2","KCM":"汽车学与性能测试2","JASDM":"0202010602","JXLDM":"020201","JXBID":"20242-11152","SKBJ":"车辆gj2203","TYXMDM":null,"KCH":"10074117095"},{"KKDWDM":"020","XS":64,"BYBZ":"0","JSJC":2,"XXXQDM":"02","KXH":"03","KSJC":1,"XKZRS":28,"SKZC":"000000000001110000000000000000","SKJS":"刘黄蓉","ISTK":0,"ZCMC":"12-14周","YPSJDD":"1-16周 星期三 第3节-第4节 南湖南-博学北楼-602,16-17周 星期一 第1节-第2节 南湖南-博学北楼-602,12-14周 星期一 第1节-第2节 南湖南-博学北楼-602,17周 星期二 第1节-第2节 南湖南-博学北楼-602,1-10周 星期一 第1节-第2节 南湖南-博学北楼-602","XF":4,"SKXQ":1,"XNXQDM":"2024-2025-2","KCM":"基础法语2","JASDM":"0202010602","JXLDM":"020201","JXBID":"20242-10687","SKBJ":"外语类2402","TYXMDM":null,"KCH":"10204117026"},{"KKDWDM":"020","XS":64,"BYBZ":"0","JSJC":2,"XXXQDM":"02","KXH":"03","KSJC":1,"XKZRS":28,"SKZC":"000000000000000110000000000000","SKJS":"刘黄蓉","ISTK":0,"ZCMC":"16-17周","YPSJDD":"1-16周 星期三 第3节-第4节 南湖南-博学北楼-602,16-17周 星期一 第1节-第2节 南湖南-博学北楼-602,12-14周 星期一 第1节-第2节 南湖南-博学北楼-602,17周 星期二 第1节-第2节 南湖南-博学北楼-602,1-10周 星期一 第1节-第2节 南湖南-博学北楼-602","XF":4,"SKXQ":1,"XNXQDM":"2024-2025-2","KCM":"基础法语2","JASDM":"0202010602","JXLDM":"020201","JXBID":"20242-10687","SKBJ":"外语类2402","TYXMDM":null,"KCH":"10204117026"},{"KKDWDM":"020","XS":64,"BYBZ":"0","JSJC":2,"XXXQDM":"02","KXH":"03","KSJC":1,"XKZRS":28,"SKZC":"000000000000000010000000000000","SKJS":"刘黄蓉","ISTK":0,"ZCMC":"17周","YPSJDD":"1-16周 星期三 第3节-第4节 南湖南-博学北楼-602,16-17周 星期一 第1节-第2节 南湖南-博学北楼-602,12-14周 星期一 第1节-第2节 南湖南-博学北楼-602,17周 星期二 第1节-第2节 南湖南-博学北楼-602,1-10周 星期一 第1节-第2节 南湖南-博学北楼-602","XF":4,"SKXQ":2,"XNXQDM":"2024-2025-2","KCM":"基础法语2","JASDM":"0202010602","JXLDM":"020201","JXBID":"20242-10687","SKBJ":"外语类2402","TYXMDM":null,"KCH":"10204117026"},{"KKDWDM":"017","XS":64,"BYBZ":"0","JSJC":4,"XXXQDM":"02","KXH":"01","KSJC":3,"XKZRS":4,"SKZC":"000000000000000010000000000000","SKJS":"何山","ISTK":0,"ZCMC":"17周","YPSJDD":"1-16周 星期三 第6节-第7节 南湖南-博学北楼-602,1-10周,12-14周,16-17周 星期一 第3节-第4节 南湖南-博学北楼-602,17周 星期二 第3节-第4节 南湖南-博学北楼-602","XF":4,"SKXQ":2,"XNXQDM":"2024-2025-2","KCM":"企业战略管理","JASDM":"0202010602","JXLDM":"020201","JXBID":"20242-03078","SKBJ":"工管留2201","TYXMDM":null,"KCH":"30174119020"},{"KKDWDM":"007","XS":48,"BYBZ":"0","JSJC":5,"XXXQDM":"02","KXH":"04","KSJC":3,"XKZRS":34,"SKZC":"000000000000000010000000000000","SKJS":"Chalati Siwapimon,杨波,郭会茹","ISTK":0,"ZCMC":"17周","YPSJDD":"7-9周 星期五 第3节-第5节 南湖南-博学北楼-602,9周 星期日 第3节-第5节 南湖南-博学北楼-602,1-5周 星期五 第3节-第5节 南湖南-博学北楼-602,11-16周 星期五 第3节-第5节 南湖南-博学北楼-602,17周 星期三 第3节-第5节 南湖南-博学北楼-602","XF":3,"SKXQ":3,"XNXQDM":"2024-2025-2","KCM":"汽车学与性能测试2","JASDM":"0202010602","JXLDM":"020201","JXBID":"20242-11152","SKBJ":"车辆gj2203","TYXMDM":null,"KCH":"10074117095"}]}},"code":"0"}