{"datas":{"jaskcb":{"extParams":{"code":1,"msg":"查询成功"},"pageSize":0,"pageNumber":0,"totalSize":-1,"rows":[{"KKDWDM":"038","XS":32,"BYBZ":"0","JSJC":10,"XXXQDM":"02","KXH":"44","KSJC":9,"XKZRS":91,"SKZC":"111111111111111100000000","SKJS":"汪平","ISTK":0,"ZCMC":"1-16周","YPSJDD":"1-16周 星期三 第9节-第10节 南湖南-博学东楼-109","XF":2,"SKXQ":3,"XNXQDM":"2024-2025-2","KCM":"军事理论","JASDM":"0202020109","JXLDM":"020202","JXBID":"20242-12120","SKBJ":"新闻类2404-05,法学类2405-06","TYXMDM":null,"KCH":"10381121001"},{"KKDWDM":"038","XS":32,"BYBZ":"0","JSJC":2,"XXXQDM":"02","KXH":"45","KSJC":1,"XKZRS":140,"SKZC":"11111111111111110000","SKJS":"王希征","ISTK":0,"ZCMC":"1-16周","YPSJDD":"1-16周 星期二 第1节-第2节 南湖南-博学东楼-109","XF":2,"SKXQ":2,"XNXQDM":"2024-2025-2","KCM":"军事理论","JASDM":"0202020109","JXLDM":"020202","JXBID":"20242-12130","SKBJ":"土木类2405-08","TYXMDM":null,"KCH":"10381121001"},{"KKDWDM":"022","XS":48,"BYBZ":"0","JSJC":8,"XXXQDM":"02","KXH":"01","KSJC":6,"XKZRS":18,"SKZC":"11111111111111110000","SKJS":"张勇","ISTK":0,"ZCMC":"1-16周","YPSJDD":"1-16周 星期二 第6节-第8节 南湖南-博学东楼-109","XF":3,"SKXQ":2,"XNXQDM":"2024-2025-2","KCM":"中国文化概论B","JASDM":"0202020109","JXLDM":"020202","JXBID":"20242-05833","SKBJ":"广告2301-02,新媒体2301-02","TYXMDM":null,"KCH":"10224111002"},{"KKDWDM":"038","XS":32,"BYBZ":"0","JSJC":10,"XXXQDM":"02","KXH":"41","KSJC":9,"XKZRS":140,"SKZC":"11111111111111110000","SKJS":"王希征","ISTK":0,"ZCMC":"1-16周","YPSJDD":"1-16周 星期二 第9节-第10节 南湖南-博学东楼-109","XF":2,"SKXQ":2,"XNXQDM":"2024-2025-2","KCM":"军事理论","JASDM":"0202020109","JXLDM":"020202","JXBID":"20242-12116","SKBJ":"法学类2401-04","TYXMDM":null,"KCH":"10381121001"},{"KKDWDM":"021","XS":48,"BYBZ":"0","JSJC":5,"XXXQDM":"02","KXH":"16","KSJC":3,"XKZRS":34,"SKZC":"11111111111111000000","SKJS":"舒友花","ISTK":0,"ZCMC":"1-14周","YPSJDD":"1-14周 星期三 第3节-第5节 南湖南-博学东楼-109","XF":3,"SKXQ":3,"XNXQDM":"2024-2025-2","KCM":"思想道德与法治","JASDM":"0202020109","JXLDM":"020202","JXBID":"20242-06572","SKBJ":"电信类2416-18","TYXMDM":null,"KCH":"10211124001"},{"KKDWDM":"071","XS":40,"BYBZ":"0","JSJC":5,"XXXQDM":"02","KXH":"08","KSJC":3,"XKZRS":108,"SKZC":"111111111111000000000000","SKJS":"姜伟峰","ISTK":0,"ZCMC":"1-12周","YPSJDD":"13-14周 星期二 第3节-第4节 南湖南-博学东楼-109,1-12周 星期二 第3节-第5节 南湖南-博学东楼-109","XF":2,"SKXQ":2,"XNXQDM":"2024-2025-2","KCM":"线性代数","JASDM":"0202020109","JXLDM":"020202","JXBID":"20242-06068","SKBJ":"材科sy2401-03","TYXMDM":null,"KCH":"10153111001"},{"KKDWDM":"038","XS":32,"BYBZ":"0","JSJC":2,"XXXQDM":"02","KXH":"07","KSJC":1,"XKZRS":132,"SKZC":"111111111111000000000000","SKJS":"朱希","ISTK":0,"ZCMC":"1-12周","YPSJDD":"1-12周 星期三 第1节-第2节 南湖南-博学东楼-109","XF":2,"SKXQ":3,"XNXQDM":"2024-2025-2","KCM":"心理健康教育","JASDM":"0202020109","JXLDM":"020202","JXBID":"20242-12263","SKBJ":"政治2401-02,新闻类2404-05","TYXMDM":null,"KCH":"10388117003"},{"KKDWDM":"017","XS":48,"BYBZ":"0","JSJC":8,"XXXQDM":"02","KXH":"01","KSJC":6,"XKZRS":41,"SKZC":"111111111101110110000000000000","SKJS":"郭晓顺,闵剑","ISTK":0,"ZCMC":"1-10周,12-14周,16-17周","YPSJDD":"1-10周,12-14周,16-17周 星期一 第6节-第8节 南湖南-博学东楼-109,17周 星期二 第6节-第8节 南湖南-博学东楼-109","XF":3,"SKXQ":1,"XNXQDM":"2024-2025-2","KCM":"会计学A","JASDM":"0202020109","JXLDM":"020202","JXBID":"20242-06018","SKBJ":"信管2401-03","TYXMDM":null,"KCH":"10195111002"},{"KKDWDM":"012","XS":32,"BYBZ":"0","JSJC":10,"XXXQDM":"02","KXH":"01","KSJC":9,"XKZRS":140,"SKZC":"111111111100000000000000000000","SKJS":"何凡","ISTK":0,"ZCMC":"1-10周","YPSJDD":"17周 星期二 第9节-第10节 南湖南-博学东楼-109,1-10周 星期一 第9节-第10节 南湖南-博学东楼-109,16-17周 星期一 第9节-第10节 南湖南-博学东楼-109,12-14周 星期一 第9节-第10节 南湖南-博学东楼-109","XF":2,"SKXQ":1,"XNXQDM":"2024-2025-2","KCM":"人工智能导论","JASDM":"0202020109","JXLDM":"020202","JXBID":"20242-05329","SKBJ":"测控2301-03,测控zy2301","TYXMDM":null,"KCH":"10123121084"},{"KKDWDM":"021","XS":48,"BYBZ":"0","JSJC":5,"XXXQDM":"02","KXH":"30","KSJC":3,"XKZRS":101,"SKZC":"111111111100000000000000000000","SKJS":"侯欣","ISTK":0,"ZCMC":"1-10周","YPSJDD":"16周 星期一 第3节-第5节 南湖南-博学东楼-109,1-10周 星期一 第3节-第5节 南湖南-博学东楼-109,12-14周 星期一 第3节-第5节 南湖南-博学东楼-109","XF":3,"SKXQ":1,"XNXQDM":"2024-2025-2","KCM":"中国近现代史纲要","JASDM":"0202020109","JXLDM":"020202","JXBID":"20242-06557","SKBJ":"微电子zs2401,政治2401-02","TYXMDM":null,"KCH":"10211124005"},{"KKDWDM":"044","XS":32,"BYBZ":"0","JSJC":13,"XXXQDM":"02","KXH":"03","KSJC":11,"XKZRS":140,"SKZC":"111111111010000000000000","SKJS":"王洋","ISTK":0,"ZCMC":"1-9周,11周","YPSJDD":"12周 星期四 第11节-第12节 南湖南-博学东楼-109,1-9周,11周 星期四 第11节-第13节 南湖南-博学东楼-109","XF":2,"SKXQ":4,"XNXQDM":"2024-2025-2","KCM":"交响音乐赏析(GX)","JASDM":"0202020109","JXLDM":"020202","JXBID":"20242-11589","SKBJ":"公选-11589","TYXMDM":null,"KCH":"10442121069"},{"KKDWDM":"011","XS":32,"BYBZ":"0","JSJC":4,"XXXQDM":"02","KXH":"11","KSJC":3,"XKZRS":99,"SKZC":"111111111000000000000000000000","SKJS":"陈昆","ISTK":0,"ZCMC":"1-9周","YPSJDD":"11-17周 星期四 第3节-第4节 南湖南-博学东楼-109,1-9周 星期四 第3节-第4节 南湖南-博学东楼-109","XF":2,"SKXQ":4,"XNXQDM":"2024-2025-2","KCM":"电路原理B上","JASDM":"0202020109","JXLDM":"020202","JXBID":"20242-10392","SKBJ":"电信类2407-09","TYXMDM":null,"KCH":"10113125001"},{"KKDWDM":"038","XS":32,"BYBZ":"0","JSJC":2,"XXXQDM":"02","KXH":"01","KSJC":1,"XKZRS":48,"SKZC":"111111111000000000000000000000","SKJS":"郭善林","ISTK":0,"ZCMC":"1-9周","YPSJDD":"11-17周 星期四 第1节-第2节 南湖南-博学东楼-109,1-9周 星期四 第1节-第2节 南湖南-博学东楼-109","XF":2,"SKXQ":4,"XNXQDM":"2024-2025-2","KCM":"军事理论","JASDM":"0202020109","JXLDM":"020202","JXBID":"20242-12129","SKBJ":"土木类2401-04","TYXMDM":null,"KCH":"10381121001"},{"KKDWDM":"009","XS":32,"BYBZ":"0","JSJC":12,"XXXQDM":"02","KXH":"01","KSJC":11,"XKZRS":139,"SKZC":"111111110000000000000000","SKJS":"刘小英,吴弼,程静","ISTK":0,"ZCMC":"1-8周","YPSJDD":"1-8周 星期一 第11节-第12节 南湖南-博学东楼-109,1-8周 星期三 第11节-第12节 南湖南-博学东楼-109","XF":2,"SKXQ":1,"XNXQDM":"2024-2025-2","KCM":"二十四节气与健康(GX)","JASDM":"0202020109","JXLDM":"020202","JXBID":"20242-07602","SKBJ":"公选-07602","TYXMDM":null,"KCH":"10092124204"},{"KKDWDM":"009","XS":32,"BYBZ":"0","JSJC":12,"XXXQDM":"02","KXH":"01","KSJC":11,"XKZRS":139,"SKZC":"111111110000000000000000","SKJS":"刘小英,吴弼,程静","ISTK":0,"ZCMC":"1-8周","YPSJDD":"1-8周 星期一 第11节-第12节 南湖南-博学东楼-109,1-8周 星期三 第11节-第12节 南湖南-博学东楼-109","XF":2,"SKXQ":3,"XNXQDM":"2024-2025-2","KCM":"二十四节气与健康(GX)","JASDM":"0202020109","JXLDM":"020202","JXBID":"20242-07602","SKBJ":"公选-07602","TYXMDM":null,"KCH":"10092124204"},{"KKDWDM":"022","XS":24,"BYBZ":"0","JSJC":13,"XXXQDM":"02","KXH":"01","KSJC":11,"XKZRS":140,"SKZC":"111111110000000000000000","SKJS":"贾勇宏","ISTK":0,"ZCMC":"1-8周","YPSJDD":"1-8周 星期二 第11节-第13节 南湖南-博学东楼-109","XF":1,"SKXQ":2,"XNXQDM":"2024-2025-2","KCM":"大学生情感辅导(GX)","JASDM":"0202020109","JXLDM":"020202","JXBID":"20242-08501","SKBJ":"公选-08501","TYXMDM":null,"KCH":"10222121222"},{"KKDWDM":"003","XS":16,"BYBZ":"0","JSJC":2,"XXXQDM":"02","KXH":"02","KSJC":1,"XKZRS":105,"SKZC":"11111111","SKJS":"张鹏超,田培静","ISTK":0,"ZCMC":"1-8周","YPSJDD":"1-8周 星期一 第1节-第2节 南湖南-博学东楼-109","XF":1,"SKXQ":1,"XNXQDM":"2024-2025-2","KCM":"神奇的材料世界","JASDM":"0202020109","JXLDM":"020202","JXBID":"20242-09792","SKBJ":"经济学类2401-03","TYXMDM":null,"KCH":"10034121084"},{"KKDWDM":"008","XS":32,"BYBZ":"0","JSJC":2,"XXXQDM":"02","KXH":"05","KSJC":1,"XKZRS":106,"SKZC":"111110000000000000000000000000","SKJS":"童晓玲","ISTK":0,"ZCMC":"1-5周","YPSJDD":"9周 星期日 第1节-第2节 南湖南-博学东楼-109,1-5周 星期五 第1节-第2节 南湖南-博学东楼-109,11-15周 星期五 第1节-第2节 南湖南-博学东楼-109,7-9周 星期五 第1节-第2节 南湖南-博学东楼-109","XF":2,"SKXQ":5,"XNXQDM":"2024-2025-2","KCM":"控制工程基础A","JASDM":"0202020109","JXLDM":"020202","JXBID":"20242-11134","SKBJ":"机械2301-02","TYXMDM":null,"KCH":"10085117018"},{"KKDWDM":"038","XS":32,"BYBZ":"0","JSJC":7,"XXXQDM":"02","KXH":"35","KSJC":6,"XKZRS":140,"SKZC":"111110000000000000000000000000","SKJS":"李倩","ISTK":0,"ZCMC":"1-5周","YPSJDD":"9周 星期日 第6节-第7节 南湖南-博学东楼-109,7-9周 星期五 第6节-第7节 南湖南-博学东楼-109,1-5周 星期五 第6节-第7节 南湖南-博学东楼-109,11-13周 星期五 第6节-第7节 南湖南-博学东楼-109","XF":2,"SKXQ":5,"XNXQDM":"2024-2025-2","KCM":"心理健康教育","JASDM":"0202020109","JXLDM":"020202","JXBID":"20242-12247","SKBJ":"车辆类2401-04","TYXMDM":null,"KCH":"10388117003"},{"KKDWDM":"013","XS":48,"BYBZ":"0","JSJC":5,"XXXQDM":"02","KXH":"06","KSJC":3,"XKZRS":119,"SKZC":"111110000000000000000000000000","SKJS":"虞莉娟,郭四海","ISTK":0,"ZCMC":"1-5周","YPSJDD":"17周 星期三 第3节-第5节 南湖南-博学东楼-109,7-9周 星期五 第3节-第5节 南湖南-博学东楼-109,9周 星期日 第3节-第5节 南湖南-博学东楼-109,11-16周 星期五 第3节-第5节 南湖南-博学东楼-109,1-5周 星期五 第3节-第5节 南湖南-博学东楼-109","XF":3,"SKXQ":5,"XNXQDM":"2024-2025-2","KCM":"电路原理A上","JASDM":"0202020109","JXLDM":"020202","JXBID":"20242-06811","SKBJ":"自动化类2405-07","TYXMDM":null,"KCH":"10133111001"},{"KKDWDM":"016","XS":32,"BYBZ":"0","JSJC":7,"XXXQDM":"02","KXH":"01","KSJC":6,"XKZRS":34,"SKZC":"011111110000000000000000000000","SKJS":"李静","ISTK":0,"ZCMC":"2-8周","YPSJDD":"1周 星期三 第6节-第7节 南湖南-化生楼-S317,2-8周 星期一 第6节-第7节 南湖南-博学东楼-304,2-8周 星期三 第6节-第7节 南湖南-博学东楼-109,1周 星期一 第6节-第7节 南湖南-化生楼-S317","XF":2,"SKXQ":3,"XNXQDM":"2024-2025-2","KCM":"免疫学及免疫检测技术B","JASDM":"0202020109","JXLDM":"020202","JXBID":"20242-02172","SKBJ":"生物2201,生物制药2201","TYXMDM":null,"KCH":"10165117011"},{"KKDWDM":"021","XS":8,"BYBZ":"0","JSJC":7,"XXXQDM":"02","KXH":"539","KSJC":6,"XKZRS":139,"SKZC":"0001111","SKJS":"李振华","ISTK":0,"ZCMC":"4-7周","YPSJDD":"4-7周 星期四 第6节-第7节 南湖南-博学东楼-109","XF":0,"SKXQ":4,"XNXQDM":"2024-2025-2","KCM":"形势与政策","JASDM":"0202020109","JXLDM":"020202","JXBID":"20242-14130","SKBJ":null,"TYXMDM":null,"KCH":"10218121092"},{"KKDWDM":"021","XS":8,"BYBZ":"0","JSJC":10,"XXXQDM":"02","KXH":"548","KSJC":9,"XKZRS":139,"SKZC":"0001111","SKJS":"李振华","ISTK":0,"ZCMC":"4-7周","YPSJDD":"4-7周 星期四 第9节-第10节 南湖南-博学东楼-109","XF":0,"SKXQ":4,"XNXQDM":"2024-2025-2","KCM":"形势与政策","JASDM":"0202020109","JXLDM":"020202","JXBID":"20242-14139","SKBJ":null,"TYXMDM":null,"KCH":"10218121092"},{"KKDWDM":"013","XS":48,"BYBZ":"0","JSJC":5,"XXXQDM":"02","KXH":"06","KSJC":3,"XKZRS":119,"SKZC":"000000111000000000000000000000","SKJS":"虞莉娟,郭四海","ISTK":0,"ZCMC":"7-9周","YPSJDD":"17周 星期三 第3节-第5节 南湖南-博学东楼-109,7-9周 星期五 第3节-第5节 南湖南-博学东楼-109,9周 星期日 第3节-第5节 南湖南-博学东楼-109,11-16周 星期五 第3节-第5节 南湖南-博学东楼-109,1-5周 星期五 第3节-第5节 南湖南-博学东楼-109","XF":3,"SKXQ":5,"XNXQDM":"2024-2025-2","KCM":"电路原理A上","JASDM":"0202020109","JXLDM":"020202","JXBID":"20242-06811","SKBJ":"自动化类2405-07","TYXMDM":null,"KCH":"10133111001"},{"KKDWDM":"008","XS":32,"BYBZ":"0","JSJC":2,"XXXQDM":"02","KXH":"05","KSJC":1,"XKZRS":106,"SKZC":"000000111000000000000000000000","SKJS":"童晓玲","ISTK":0,"ZCMC":"7-9周","YPSJDD":"9周 星期日 第1节-第2节 南湖南-博学东楼-109,1-5周 星期五 第1节-第2节 南湖南-博学东楼-109,11-15周 星期五 第1节-第2节 南湖南-博学东楼-109,7-9周 星期五 第1节-第2节 南湖南-博学东楼-109","XF":2,"SKXQ":5,"XNXQDM":"2024-2025-2","KCM":"控制工程基础A","JASDM":"0202020109","JXLDM":"020202","JXBID":"20242-11134","SKBJ":"机械2301-02","TYXMDM":null,"KCH":"10085117018"},{"KKDWDM":"038","XS":32,"BYBZ":"0","JSJC":7,"XXXQDM":"02","KXH":"35","KSJC":6,"XKZRS":140,"SKZC":"000000111000000000000000000000","SKJS":"李倩","ISTK":0,"ZCMC":"7-9周","YPSJDD":"9周 星期日 第6节-第7节 南湖南-博学东楼-109,7-9周 星期五 第6节-第7节 南湖南-博学东楼-109,1-5周 星期五 第6节-第7节 南湖南-博学东楼-109,11-13周 星期五 第6节-第7节 南湖南-博学东楼-109","XF":2,"SKXQ":5,"XNXQDM":"2024-2025-2","KCM":"心理健康教育","JASDM":"0202020109","JXLDM":"020202","JXBID":"20242-12247","SKBJ":"车辆类2401-04","TYXMDM":null,"KCH":"10388117003"},{"KKDWDM":"021","XS":8,"BYBZ":"0","JSJC":10,"XXXQDM":"02","KXH":"580","KSJC":9,"XKZRS":137,"SKZC":"000000011011000000000000","SKJS":"潘星","ISTK":0,"ZCMC":"8-9周,11-12周","YPSJDD":"8-9周,11-12周 星期四 第9节-第10节 南湖南-博学东楼-109","XF":0,"SKXQ":4,"XNXQDM":"2024-2025-2","KCM":"形势与政策","JASDM":"0202020109","JXLDM":"020202","JXBID":"20242-14171","SKBJ":null,"TYXMDM":null,"KCH":"10218121092"},{"KKDWDM":"021","XS":8,"BYBZ":"0","JSJC":7,"XXXQDM":"02","KXH":"557","KSJC":6,"XKZRS":136,"SKZC":"000000011011000000000000","SKJS":"刘东","ISTK":0,"ZCMC":"8-9周,11-12周","YPSJDD":"8-9周,11-12周 星期四 第6节-第7节 南湖南-博学东楼-109","XF":0,"SKXQ":4,"XNXQDM":"2024-2025-2","KCM":"形势与政策","JASDM":"0202020109","JXLDM":"020202","JXBID":"20242-14148","SKBJ":null,"TYXMDM":null,"KCH":"10218121092"},{"KKDWDM":"009","XS":32,"BYBZ":"0","JSJC":8,"XXXQDM":"02","KXH":"02","KSJC":6,"XKZRS":91,"SKZC":"0000000011111111","SKJS":"席瑞杰","ISTK":0,"ZCMC":"9-16周","YPSJDD":"9-16周 星期三 第6节-第8节 南湖南-博学东楼-109","XF":2,"SKXQ":3,"XNXQDM":"2024-2025-2","KCM":"工程测量C","JASDM":"0202020109","JXLDM":"020202","JXBID":"20242-06004","SKBJ":"岩土jd2401,采矿2301-02","TYXMDM":null,"KCH":"10164224003"},{"KKDWDM":"038","XS":32,"BYBZ":"0","JSJC":7,"XXXQDM":"02","KXH":"35","KSJC":6,"XKZRS":140,"SKZC":"000000001000000000000000000000","SKJS":"李倩","ISTK":0,"ZCMC":"9周","YPSJDD":"9周 星期日 第6节-第7节 南湖南-博学东楼-109,7-9周 星期五 第6节-第7节 南湖南-博学东楼-109,1-5周 星期五 第6节-第7节 南湖南-博学东楼-109,11-13周 星期五 第6节-第7节 南湖南-博学东楼-109","XF":2,"SKXQ":7,"XNXQDM":"2024-2025-2","KCM":"心理健康教育","JASDM":"0202020109","JXLDM":"020202","JXBID":"20242-12247","SKBJ":"车辆类2401-04","TYXMDM":null,"KCH":"10388117003"},{"KKDWDM":"008","XS":32,"BYBZ":"0","JSJC":2,"XXXQDM":"02","KXH":"05","KSJC":1,"XKZRS":106,"SKZC":"000000001000000000000000000000","SKJS":"童晓玲","ISTK":0,"ZCMC":"9周","YPSJDD":"9周 星期日 第1节-第2节 南湖南-博学东楼-109,1-5周 星期五 第1节-第2节 南湖南-博学东楼-109,11-15周 星期五 第1节-第2节 南湖南-博学东楼-109,7-9周 星期五 第1节-第2节 南湖南-博学东楼-109","XF":2,"SKXQ":7,"XNXQDM":"2024-2025-2","KCM":"控制工程基础A","JASDM":"0202020109","JXLDM":"020202","JXBID":"20242-11134","SKBJ":"机械2301-02","TYXMDM":null,"KCH":"10085117018"},{"KKDWDM":"013","XS":48,"BYBZ":"0","JSJC":5,"XXXQDM":"02","KXH":"06","KSJC":3,"XKZRS":119,"SKZC":"000000001000000000000000000000","SKJS":"虞莉娟,郭四海","ISTK":0,"ZCMC":"9周","YPSJDD":"17周 星期三 第3节-第5节 南湖南-博学东楼-109,7-9周 星期五 第3节-第5节 南湖南-博学东楼-109,9周 星期日 第3节-第5节 南湖南-博学东楼-109,11-16周 星期五 第3节-第5节 南湖南-博学东楼-109,1-5周 星期五 第3节-第5节 南湖南-博学东楼-109","XF":3,"SKXQ":7,"XNXQDM":"2024-2025-2","KCM":"电路原理A上","JASDM":"0202020109","JXLDM":"020202","JXBID":"20242-06811","SKBJ":"自动化类2405-07","TYXMDM":null,"KCH":"10133111001"},{"KKDWDM":"011","XS":32,"BYBZ":"0","JSJC":4,"XXXQDM":"02","KXH":"11","KSJC":3,"XKZRS":99,"SKZC":"000000000011111110000000000000","SKJS":"陈昆","ISTK":0,"ZCMC":"11-17周","YPSJDD":"11-17周 星期四 第3节-第4节 南湖南-博学东楼-109,1-9周 星期四 第3节-第4节 南湖南-博学东楼-109","XF":2,"SKXQ":4,"XNXQDM":"2024-2025-2","KCM":"电路原理B上","JASDM":"0202020109","JXLDM":"020202","JXBID":"20242-10392","SKBJ":"电信类2407-09","TYXMDM":null,"KCH":"10113125001"},{"KKDWDM":"038","XS":32,"BYBZ":"0","JSJC":2,"XXXQDM":"02","KXH":"01","KSJC":1,"XKZRS":48,"SKZC":"000000000011111110000000000000","SKJS":"郭善林","ISTK":0,"ZCMC":"11-17周","YPSJDD":"11-17周 星期四 第1节-第2节 南湖南-博学东楼-109,1-9周 星期四 第1节-第2节 南湖南-博学东楼-109","XF":2,"SKXQ":4,"XNXQDM":"2024-2025-2","KCM":"军事理论","JASDM":"0202020109","JXLDM":"020202","JXBID":"20242-12129","SKBJ":"土木类2401-04","TYXMDM":null,"KCH":"10381121001"},{"KKDWDM":"013","XS":48,"BYBZ":"0","JSJC":5,"XXXQDM":"02","KXH":"06","KSJC":3,"XKZRS":119,"SKZC":"000000000011111100000000000000","SKJS":"虞莉娟,郭四海","ISTK":0,"ZCMC":"11-16周","YPSJDD":"17周 星期三 第3节-第5节 南湖南-博学东楼-109,7-9周 星期五 第3节-第5节 南湖南-博学东楼-109,9周 星期日 第3节-第5节 南湖南-博学东楼-109,11-16周 星期五 第3节-第5节 南湖南-博学东楼-109,1-5周 星期五 第3节-第5节 南湖南-博学东楼-109","XF":3,"SKXQ":5,"XNXQDM":"2024-2025-2","KCM":"电路原理A上","JASDM":"0202020109","JXLDM":"020202","JXBID":"20242-06811","SKBJ":"自动化类2405-07","TYXMDM":null,"KCH":"10133111001"},{"KKDWDM":"008","XS":32,"BYBZ":"0","JSJC":2,"XXXQDM":"02","KXH":"05","KSJC":1,"XKZRS":106,"SKZC":"000000000011111000000000000000","SKJS":"童晓玲","ISTK":0,"ZCMC":"11-15周","YPSJDD":"9周 星期日 第1节-第2节 南湖南-博学东楼-109,1-5周 星期五 第1节-第2节 南湖南-博学东楼-109,11-15周 星期五 第1节-第2节 南湖南-博学东楼-109,7-9周 星期五 第1节-第2节 南湖南-博学东楼-109","XF":2,"SKXQ":5,"XNXQDM":"2024-2025-2","KCM":"控制工程基础A","JASDM":"0202020109","JXLDM":"020202","JXBID":"20242-11134","SKBJ":"机械2301-02","TYXMDM":null,"KCH":"10085117018"},{"KKDWDM":"038","XS":32,"BYBZ":"0","JSJC":7,"XXXQDM":"02","KXH":"35","KSJC":6,"XKZRS":140,"SKZC":"000000000011100000000000000000","SKJS":"李倩","ISTK":0,"ZCMC":"11-13周","YPSJDD":"9周 星期日 第6节-第7节 南湖南-博学东楼-109,7-9周 星期五 第6节-第7节 南湖南-博学东楼-109,1-5周 星期五 第6节-第7节 南湖南-博学东楼-109,11-13周 星期五 第6节-第7节 南湖南-博学东楼-109","XF":2,"SKXQ":5,"XNXQDM":"2024-2025-2","KCM":"心理健康教育","JASDM":"0202020109","JXLDM":"020202","JXBID":"20242-12247","SKBJ":"车辆类2401-04","TYXMDM":null,"KCH":"10388117003"},{"KKDWDM":"021","XS":48,"BYBZ":"0","JSJC":5,"XXXQDM":"02","KXH":"30","KSJC":3,"XKZRS":101,"SKZC":"000000000001110000000000000000","SKJS":"侯欣","ISTK":0,"ZCMC":"12-14周","YPSJDD":"16周 星期一 第3节-第5节 南湖南-博学东楼-109,1-10周 星期一 第3节-第5节 南湖南-博学东楼-109,12-14周 星期一 第3节-第5节 南湖南-博学东楼-109","XF":3,"SKXQ":1,"XNXQDM":"2024-2025-2","KCM":"中国近现代史纲要","JASDM":"0202020109","JXLDM":"020202","JXBID":"20242-06557","SKBJ":"微电子zs2401,政治2401-02","TYXMDM":null,"KCH":"10211124005"},{"KKDWDM":"012","XS":32,"BYBZ":"0","JSJC":10,"XXXQDM":"02","KXH":"01","KSJC":9,"XKZRS":140,"SKZC":"000000000001110000000000000000","SKJS":"何凡","ISTK":0,"ZCMC":"12-14周","YPSJDD":"17周 星期二 第9节-第10节 南湖南-博学东楼-109,1-10周 星期一 第9节-第10节 南湖南-博学东楼-109,16-17周 星期一 第9节-第10节 南湖南-博学东楼-109,12-14周 星期一 第9节-第10节 南湖南-博学东楼-109","XF":2,"SKXQ":1,"XNXQDM":"2024-2025-2","KCM":"人工智能导论","JASDM":"0202020109","JXLDM":"020202","JXBID":"20242-05329","SKBJ":"测控2301-03,测控zy2301","TYXMDM":null,"KCH":"10123121084"},{"KKDWDM":"044","XS":32,"BYBZ":"0","JSJC":12,"XXXQDM":"02","KXH":"03","KSJC":11,"XKZRS":140,"SKZC":"000000000001000000000000","SKJS":"王洋","ISTK":0,"ZCMC":"12周","YPSJDD":"12周 星期四 第11节-第12节 南湖南-博学东楼-109,1-9周,11周 星期四 第11节-第13节 南湖南-博学东楼-109","XF":2,"SKXQ":4,"XNXQDM":"2024-2025-2","KCM":"交响音乐赏析(GX)","JASDM":"0202020109","JXLDM":"020202","JXBID":"20242-11589","SKBJ":"公选-11589","TYXMDM":null,"KCH":"10442121069"},{"KKDWDM":"021","XS":8,"BYBZ":"0","JSJC":7,"XXXQDM":"02","KXH":"602","KSJC":6,"XKZRS":139,"SKZC":"0000000000001111","SKJS":"王燊楠","ISTK":0,"ZCMC":"13-16周","YPSJDD":"13-16周 星期四 第6节-第7节 南湖南-博学东楼-109","XF":0,"SKXQ":4,"XNXQDM":"2024-2025-2","KCM":"形势与政策","JASDM":"0202020109","JXLDM":"020202","JXBID":"20242-14193","SKBJ":null,"TYXMDM":null,"KCH":"10218121092"},{"KKDWDM":"021","XS":8,"BYBZ":"0","JSJC":10,"XXXQDM":"02","KXH":"625","KSJC":9,"XKZRS":137,"SKZC":"0000000000001111","SKJS":"李嘉欣","ISTK":0,"ZCMC":"13-16周","YPSJDD":"13-16周 星期四 第9节-第10节 南湖南-博学东楼-109","XF":0,"SKXQ":4,"XNXQDM":"2024-2025-2","KCM":"形势与政策","JASDM":"0202020109","JXLDM":"020202","JXBID":"20242-14216","SKBJ":null,"TYXMDM":null,"KCH":"10218121092"},{"KKDWDM":"071","XS":40,"BYBZ":"0","JSJC":4,"XXXQDM":"02","KXH":"08","KSJC":3,"XKZRS":108,"SKZC":"000000000000110000000000","SKJS":"姜伟峰","ISTK":0,"ZCMC":"13-14周","YPSJDD":"13-14周 星期二 第3节-第4节 南湖南-博学东楼-109,1-12周 星期二 第3节-第5节 南湖南-博学东楼-109","XF":2,"SKXQ":2,"XNXQDM":"2024-2025-2","KCM":"线性代数","JASDM":"0202020109","JXLDM":"020202","JXBID":"20242-06068","SKBJ":"材科sy2401-03","TYXMDM":null,"KCH":"10153111001"},{"KKDWDM":"012","XS":32,"BYBZ":"0","JSJC":10,"XXXQDM":"02","KXH":"01","KSJC":9,"XKZRS":140,"SKZC":"000000000000000110000000000000","SKJS":"何凡","ISTK":0,"ZCMC":"16-17周","YPSJDD":"17周 星期二 第9节-第10节 南湖南-博学东楼-109,1-10周 星期一 第9节-第10节 南湖南-博学东楼-109,16-17周 星期一 第9节-第10节 南湖南-博学东楼-109,12-14周 星期一 第9节-第10节 南湖南-博学东楼-109","XF":2,"SKXQ":1,"XNXQDM":"2024-2025-2","KCM":"人工智能导论","JASDM":"0202020109","JXLDM":"020202","JXBID":"20242-05329","SKBJ":"测控2301-03,测控zy2301","TYXMDM":null,"KCH":"10123121084"},{"KKDWDM":"021","XS":48,"BYBZ":"0","JSJC":5,"XXXQDM":"02","KXH":"30","KSJC":3,"XKZRS":101,"SKZC":"000000000000000100000000000000","SKJS":"侯欣","ISTK":0,"ZCMC":"16周","YPSJDD":"16周 星期一 第3节-第5节 南湖南-博学东楼-109,1-10周 星期一 第3节-第5节 南湖南-博学东楼-109,12-14周 星期一 第3节-第5节 南湖南-博学东楼-109","XF":3,"SKXQ":1,"XNXQDM":"2024-2025-2","KCM":"中国近现代史纲要","JASDM":"0202020109","JXLDM":"020202","JXBID":"20242-06557","SKBJ":"微电子zs2401,政治2401-02","TYXMDM":null,"KCH":"10211124005"},{"KKDWDM":"013","XS":48,"BYBZ":"0","JSJC":5,"XXXQDM":"02","KXH":"06","KSJC":3,"XKZRS":119,"SKZC":"000000000000000010000000000000","SKJS":"虞莉娟,郭四海","ISTK":0,"ZCMC":"17周","YPSJDD":"17周 星期三 第3节-第5节 南湖南-博学东楼-109,7-9周 星期五 第3节-第5节 南湖南-博学东楼-109,9周 星期日 第3节-第5节 南湖南-博学东楼-109,11-16周 星期五 第3节-第5节 南湖南-博学东楼-109,1-5周 星期五 第3节-第5节 南湖南-博学东楼-109","XF":3,"SKXQ":3,"XNXQDM":"2024-2025-2","KCM":"电路原理A上","JASDM":"0202020109","JXLDM":"020202","JXBID":"20242-06811","SKBJ":"自动化类2405-07","TYXMDM":null,"KCH":"10133111001"},{"KKDWDM":"012","XS":32,"BYBZ":"0","JSJC":10,"XXXQDM":"02","KXH":"01","KSJC":9,"XKZRS":140,"SKZC":"000000000000000010000000000000","SKJS":"何凡","ISTK":0,"ZCMC":"17周","YPSJDD":"17周 星期二 第9节-第10节 南湖南-博学东楼-109,1-10周 星期一 第9节-第10节 南湖南-博学东楼-109,16-17周 星期一 第9节-第10节 南湖南-博学东楼-109,12-14周 星期一 第9节-第10节 南湖南-博学东楼-109","XF":2,"SKXQ":2,"XNXQDM":"2024-2025-2","KCM":"人工智能导论","JASDM":"0202020109","JXLDM":"020202","JXBID":"20242-05329","SKBJ":"测控2301-03,测控zy2301","TYXMDM":null,"KCH":"10123121084"},{"KKDWDM":"017","XS":48,"BYBZ":"0","JSJC":8,"XXXQDM":"02","KXH":"01","KSJC":6,"XKZRS":41,"SKZC":"000000000000000010000000000000","SKJS":"郭晓顺,闵剑","ISTK":0,"ZCMC":"17周","YPSJDD":"1-10周,12-14周,16-17周 星期一 第6节-第8节 南湖南-博学东楼-109,17周 星期二 第6节-第8节 南湖南-博学东楼-109","XF":3,"SKXQ":2,"XNXQDM":"2024-2025-2","KCM":"会计学A","JASDM":"0202020109","JXLDM":"020202","JXBID":"20242-06018","SKBJ":"信管2401-03","TYXMDM":null,"KCH":"10195111002"}]}},"code":"0"}