{"datas":{"jaskcb":{"extParams":{"code":1,"msg":"查询成功"},"pageSize":0,"pageNumber":0,"totalSize":-1,"rows":[{"KKDWDM":"008","XS":32,"BYBZ":"0","JSJC":2,"XXXQDM":"02","KXH":"02","KSJC":1,"XKZRS":37,"SKZC":"1111111111111111","SKJS":"戴蓉,陈祯","ISTK":0,"ZCMC":"1-16周","YPSJDD":"1-16周 星期三 第1节-第2节 南湖南-博学北楼-208","XF":2,"SKXQ":3,"XNXQDM":"2024-2025-2","KCM":"误差理论与数据处理A","JASDM":"0202010208","JXLDM":"020201","JXBID":"20242-04358","SKBJ":"测控zy2301","TYXMDM":null,"KCH":"10084113013"},{"KKDWDM":"020","XS":32,"BYBZ":"0","JSJC":7,"XXXQDM":"02","KXH":"122","KSJC":6,"XKZRS":35,"SKZC":"1111111111111111","SKJS":"吴华松","ISTK":0,"ZCMC":"1-16周","YPSJDD":"1-16周 星期三 第6节-第7节 南湖南-博学北楼-208","XF":2,"SKXQ":3,"XNXQDM":"2024-2025-2","KCM":"大学英语2","JASDM":"0202010208","JXLDM":"020201","JXBID":"20242-12598","SKBJ":"公选-12598","TYXMDM":"11","KCH":"10201121073"},{"KKDWDM":"072","XS":64,"BYBZ":"0","JSJC":4,"XXXQDM":"02","KXH":"03","KSJC":3,"XKZRS":43,"SKZC":"111111111111111000000000000000","SKJS":"周令,曾翠林","ISTK":0,"ZCMC":"1-15周","YPSJDD":"1-5周,7-9周,11-16周 星期五 第1节-第2节 南湖南-博学北楼-208,9周 星期日 第1节-第2节 南湖南-博学北楼-208,1-15周 星期二 第3节-第4节 南湖南-博学北楼-208","XF":4,"SKXQ":2,"XNXQDM":"2024-2025-2","KCM":"工程力学A","JASDM":"0202010208","JXLDM":"020201","JXBID":"20242-10820","SKBJ":"高分子2301","TYXMDM":null,"KCH":"10155111052"},{"KKDWDM":"017","XS":40,"BYBZ":"0","JSJC":5,"XXXQDM":"02","KXH":"05","KSJC":3,"XKZRS":23,"SKZC":"111111111111000000000000","SKJS":"孙泽厚,胡浩","ISTK":0,"ZCMC":"1-12周","YPSJDD":"13-14周 星期三 第3节-第4节 南湖南-博学北楼-208,1-12周 星期三 第3节-第5节 南湖南-博学北楼-208","XF":2,"SKXQ":3,"XNXQDM":"2024-2025-2","KCM":"管理心理与行为B","JASDM":"0202010208","JXLDM":"020201","JXBID":"20242-04437","SKBJ":"会计ACCA2301","TYXMDM":null,"KCH":"10174121117"},{"KKDWDM":"018","XS":40,"BYBZ":"0","JSJC":5,"XXXQDM":"02","KXH":"02","KSJC":3,"XKZRS":39,"SKZC":"111111111101100000000000","SKJS":"叶海燕","ISTK":0,"ZCMC":"1-10周,12-13周","YPSJDD":"14-16周(双) 星期一 第3节-第4节 南湖南-博学北楼-208,1-10周,12-13周 星期一 第3节-第5节 南湖南-博学北楼-208","XF":2,"SKXQ":1,"XNXQDM":"2024-2025-2","KCM":"国际贸易B","JASDM":"0202010208","JXLDM":"020201","JXBID":"20242-04707","SKBJ":"经 济2301","TYXMDM":null,"KCH":"10185117003"},{"KKDWDM":"020","XS":32,"BYBZ":"0","JSJC":2,"XXXQDM":"02","KXH":"96","KSJC":1,"XKZRS":35,"SKZC":"111111111100000000000000000000","SKJS":"靳雯雯","ISTK":0,"ZCMC":"1-10周","YPSJDD":"16-17周 星期一 第1节-第2节 南湖南-博学北楼-208,1-10周 星期一 第1节-第2节 南湖南-博学北楼-208,12-14周 星期一 第1节-第2节 南湖南-博学北楼-208,17周 星期二 第1节-第2节 南湖南-博学北楼-208","XF":2,"SKXQ":1,"XNXQDM":"2024-2025-2","KCM":"大学英语2","JASDM":"0202010208","JXLDM":"020201","JXBID":"20242-12545","SKBJ":"公选-12545","TYXMDM":"11","KCH":"10201121073"},{"KKDWDM":"003","XS":48,"BYBZ":"0","JSJC":5,"XXXQDM":"02","KXH":"02","KSJC":3,"XKZRS":32,"SKZC":"111111111011111000000000","SKJS":"徐小荣,曾鲜,王丰","ISTK":0,"ZCMC":"1-9周,11-15周","YPSJDD":"16周 星期四 第3节-第4节 南湖南-博学北楼-208,1-9周,11-15周 星期四 第3节-第5节 南湖南-博学北楼-208","XF":3,"SKXQ":4,"XNXQDM":"2024-2025-2","KCM":"金属学及热处理C","JASDM":"0202010208","JXLDM":"020201","JXBID":"20242-05619","SKBJ":"成型zy2301","TYXMDM":null,"KCH":"10034121096"},{"KKDWDM":"072","XS":64,"BYBZ":"0","JSJC":2,"XXXQDM":"02","KXH":"03","KSJC":1,"XKZRS":43,"SKZC":"111110111011111100000000000000","SKJS":"周令,曾翠林","ISTK":0,"ZCMC":"1-5周,7-9周,11-16周","YPSJDD":"1-5周,7-9周,11-16周 星期五 第1节-第2节 南湖南-博学北楼-208,9周 星期日 第1节-第2节 南湖南-博学北楼-208,1-15周 星期二 第3节-第4节 南湖南-博学北楼-208","XF":4,"SKXQ":5,"XNXQDM":"2024-2025-2","KCM":"工程力学A","JASDM":"0202010208","JXLDM":"020201","JXBID":"20242-10820","SKBJ":"高分子2301","TYXMDM":null,"KCH":"10155111052"},{"KKDWDM":"018","XS":48,"BYBZ":"0","JSJC":5,"XXXQDM":"02","KXH":"01","KSJC":3,"XKZRS":29,"SKZC":"111110111011100000000000","SKJS":"李冰","ISTK":0,"ZCMC":"1-5周,7-9周,11-13周","YPSJDD":"14-15周 星期五 第3节-第4节 南湖南-博学北楼-208,1-5周,7-9周,11-13周 星期五 第3节-第5节 南湖南-博学北楼-208,9周 星期日 第3节-第5节 南湖南-博学北楼-208","XF":3,"SKXQ":5,"XNXQDM":"2024-2025-2","KCM":"电子商务算法结构B","JASDM":"0202010208","JXLDM":"020201","JXBID":"20242-05006","SKBJ":"电商2301","TYXMDM":null,"KCH":"10184117077"},{"KKDWDM":"007","XS":48,"BYBZ":"0","JSJC":8,"XXXQDM":"02","KXH":"02","KSJC":6,"XKZRS":39,"SKZC":"111100000000000000000000000000","SKJS":"Chalati Siwapimon,刘珣,邓松","ISTK":0,"ZCMC":"1-4周","YPSJDD":"17周 星期二 第6节-第8节 南湖南-博学西楼-310,5-10周,12-14周,16-17周 星期一 第6节-第8节 南湖南-博学西楼-310,1-4周 星期一 第6节-第8节 南湖南-博学北楼-208","XF":3,"SKXQ":1,"XNXQDM":"2024-2025-2","KCM":"汽车学与性能测试2","JASDM":"0202010208","JXLDM":"020201","JXBID":"20242-11150","SKBJ":"车辆gj2201","TYXMDM":null,"KCH":"10074117095"},{"KKDWDM":"008","XS":32,"BYBZ":"0","JSJC":2,"XXXQDM":"02","KXH":"01","KSJC":1,"XKZRS":46,"SKZC":"110000000000000000000000000000","SKJS":"庄可佳,高忠梅","ISTK":0,"ZCMC":"1-2周","YPSJDD":"1-2周 星期四 第1节-第2节 南湖南-博学北楼-208,3-9周,11-15周 星期四 第1节-第2节 南湖南-博学西楼-214","XF":2,"SKXQ":4,"XNXQDM":"2024-2025-2","KCM":"互换性与测量技术B","JASDM":"0202010208","JXLDM":"020201","JXBID":"20242-05543","SKBJ":"智能制造本硕2301","TYXMDM":null,"KCH":"10085711016"},{"KKDWDM":"018","XS":32,"BYBZ":"0","JSJC":7,"XXXQDM":"02","KXH":"01","KSJC":6,"XKZRS":20,"SKZC":"000000001111111100000000000000","SKJS":"郭春风","ISTK":0,"ZCMC":"9-16周","YPSJDD":"9-16周 星期二 第6节-第7节 南湖南-博学北楼-208,9周,11-17周 星期四 第1节-第2节 南湖南-博学北楼-208","XF":2,"SKXQ":2,"XNXQDM":"2024-2025-2","KCM":"股权投资基金","JASDM":"0202010208","JXLDM":"020201","JXBID":"20242-02968","SKBJ":"经济cy2201,金融2201-02","TYXMDM":null,"KCH":"10185121017"},{"KKDWDM":"018","XS":32,"BYBZ":"0","JSJC":2,"XXXQDM":"02","KXH":"01","KSJC":1,"XKZRS":20,"SKZC":"000000001011111110000000000000","SKJS":"郭春风","ISTK":0,"ZCMC":"9周,11-17周","YPSJDD":"9-16周 星期二 第6节-第7节 南湖南-博学北楼-208,9周,11-17周 星期四 第1节-第2节 南湖南-博学北楼-208","XF":2,"SKXQ":4,"XNXQDM":"2024-2025-2","KCM":"股权投资基金","JASDM":"0202010208","JXLDM":"020201","JXBID":"20242-02968","SKBJ":"经济cy2201,金融2201-02","TYXMDM":null,"KCH":"10185121017"},{"KKDWDM":"072","XS":64,"BYBZ":"0","JSJC":2,"XXXQDM":"02","KXH":"03","KSJC":1,"XKZRS":43,"SKZC":"000000001000000000000000000000","SKJS":"周令,曾翠林","ISTK":0,"ZCMC":"9周","YPSJDD":"1-5周,7-9周,11-16周 星期五 第1节-第2节 南湖南-博学北楼-208,9周 星期日 第1节-第2节 南湖南-博学北楼-208,1-15周 星期二 第3节-第4节 南湖南-博学北楼-208","XF":4,"SKXQ":7,"XNXQDM":"2024-2025-2","KCM":"工程力学A","JASDM":"0202010208","JXLDM":"020201","JXBID":"20242-10820","SKBJ":"高分子2301","TYXMDM":null,"KCH":"10155111052"},{"KKDWDM":"018","XS":48,"BYBZ":"0","JSJC":5,"XXXQDM":"02","KXH":"01","KSJC":3,"XKZRS":29,"SKZC":"000000001000000000000000","SKJS":"李冰","ISTK":0,"ZCMC":"9周","YPSJDD":"14-15周 星期五 第3节-第4节 南湖南-博学北楼-208,1-5周,7-9周,11-13周 星期五 第3节-第5节 南湖南-博学北楼-208,9周 星期日 第3节-第5节 南湖南-博学北楼-208","XF":3,"SKXQ":7,"XNXQDM":"2024-2025-2","KCM":"电子商务算法结构B","JASDM":"0202010208","JXLDM":"020201","JXBID":"20242-05006","SKBJ":"电商2301","TYXMDM":null,"KCH":"10184117077"},{"KKDWDM":"020","XS":32,"BYBZ":"0","JSJC":2,"XXXQDM":"02","KXH":"96","KSJC":1,"XKZRS":35,"SKZC":"000000000001110000000000000000","SKJS":"靳雯雯","ISTK":0,"ZCMC":"12-14周","YPSJDD":"16-17周 星期一 第1节-第2节 南湖南-博学北楼-208,1-10周 星期一 第1节-第2节 南湖南-博学北楼-208,12-14周 星期一 第1节-第2节 南湖南-博学北楼-208,17周 星期二 第1节-第2节 南湖南-博学北楼-208","XF":2,"SKXQ":1,"XNXQDM":"2024-2025-2","KCM":"大学英语2","JASDM":"0202010208","JXLDM":"020201","JXBID":"20242-12545","SKBJ":"公选-12545","TYXMDM":"11","KCH":"10201121073"},{"KKDWDM":"017","XS":40,"BYBZ":"0","JSJC":4,"XXXQDM":"02","KXH":"05","KSJC":3,"XKZRS":23,"SKZC":"000000000000110000000000","SKJS":"孙泽厚,胡浩","ISTK":0,"ZCMC":"13-14周","YPSJDD":"13-14周 星期三 第3节-第4节 南湖南-博学北楼-208,1-12周 星期三 第3节-第5节 南湖南-博学北楼-208","XF":2,"SKXQ":3,"XNXQDM":"2024-2025-2","KCM":"管理心理与行为B","JASDM":"0202010208","JXLDM":"020201","JXBID":"20242-04437","SKBJ":"会计ACCA2301","TYXMDM":null,"KCH":"10174121117"},{"KKDWDM":"018","XS":48,"BYBZ":"0","JSJC":4,"XXXQDM":"02","KXH":"01","KSJC":3,"XKZRS":29,"SKZC":"000000000000011000000000","SKJS":"李冰","ISTK":0,"ZCMC":"14-15周","YPSJDD":"14-15周 星期五 第3节-第4节 南湖南-博学北楼-208,1-5周,7-9周,11-13周 星期五 第3节-第5节 南湖南-博学北楼-208,9周 星期日 第3节-第5节 南湖南-博学北楼-208","XF":3,"SKXQ":5,"XNXQDM":"2024-2025-2","KCM":"电子商务算法结构B","JASDM":"0202010208","JXLDM":"020201","JXBID":"20242-05006","SKBJ":"电商2301","TYXMDM":null,"KCH":"10184117077"},{"KKDWDM":"018","XS":40,"BYBZ":"0","JSJC":4,"XXXQDM":"02","KXH":"02","KSJC":3,"XKZRS":39,"SKZC":"000000000000010100000000","SKJS":"叶海燕","ISTK":0,"ZCMC":"14-16周(双)","YPSJDD":"14-16周(双) 星期一 第3节-第4节 南湖南-博学北楼-208,1-10周,12-13周 星期一 第3节-第5节 南湖南-博学北楼-208","XF":2,"SKXQ":1,"XNXQDM":"2024-2025-2","KCM":"国际贸易B","JASDM":"0202010208","JXLDM":"020201","JXBID":"20242-04707","SKBJ":"经 济2301","TYXMDM":null,"KCH":"10185117003"},{"KKDWDM":"020","XS":32,"BYBZ":"0","JSJC":2,"XXXQDM":"02","KXH":"96","KSJC":1,"XKZRS":35,"SKZC":"000000000000000110000000000000","SKJS":"靳雯雯","ISTK":0,"ZCMC":"16-17周","YPSJDD":"16-17周 星期一 第1节-第2节 南湖南-博学北楼-208,1-10周 星期一 第1节-第2节 南湖南-博学北楼-208,12-14周 星期一 第1节-第2节 南湖南-博学北楼-208,17周 星期二 第1节-第2节 南湖南-博学北楼-208","XF":2,"SKXQ":1,"XNXQDM":"2024-2025-2","KCM":"大学英语2","JASDM":"0202010208","JXLDM":"020201","JXBID":"20242-12545","SKBJ":"公选-12545","TYXMDM":"11","KCH":"10201121073"},{"KKDWDM":"003","XS":48,"BYBZ":"0","JSJC":4,"XXXQDM":"02","KXH":"02","KSJC":3,"XKZRS":32,"SKZC":"000000000000000100000000","SKJS":"徐小荣,曾鲜,王丰","ISTK":0,"ZCMC":"16周","YPSJDD":"16周 星期四 第3节-第4节 南湖南-博学北楼-208,1-9周,11-15周 星期四 第3节-第5节 南湖南-博学北楼-208","XF":3,"SKXQ":4,"XNXQDM":"2024-2025-2","KCM":"金属学及热处理C","JASDM":"0202010208","JXLDM":"020201","JXBID":"20242-05619","SKBJ":"成型zy2301","TYXMDM":null,"KCH":"10034121096"},{"KKDWDM":"020","XS":32,"BYBZ":"0","JSJC":2,"XXXQDM":"02","KXH":"96","KSJC":1,"XKZRS":35,"SKZC":"000000000000000010000000000000","SKJS":"靳雯雯","ISTK":0,"ZCMC":"17周","YPSJDD":"16-17周 星期一 第1节-第2节 南湖南-博学北楼-208,1-10周 星期一 第1节-第2节 南湖南-博学北楼-208,12-14周 星期一 第1节-第2节 南湖南-博学北楼-208,17周 星期二 第1节-第2节 南湖南-博学北楼-208","XF":2,"SKXQ":2,"XNXQDM":"2024-2025-2","KCM":"大学英语2","JASDM":"0202010208","JXLDM":"020201","JXBID":"20242-12545","SKBJ":"公选-12545","TYXMDM":"11","KCH":"10201121073"}]}},"code":"0"}