{"datas":{"jaskcb":{"extParams":{"code":1,"msg":"查询成功"},"pageSize":0,"pageNumber":0,"totalSize":-1,"rows":[{"KKDWDM":"071","XS":48,"BYBZ":"0","JSJC":5,"XXXQDM":"02","KXH":"21","KSJC":3,"XKZRS":30,"SKZC":"11111111111111110000","SKJS":"宋腾","ISTK":0,"ZCMC":"1-16周","YPSJDD":"1-16周 星期二 第3节-第5节 南湖南-博学北楼-101","XF":3,"SKXQ":2,"XNXQDM":"2024-2025-2","KCM":"概率论与数理统计B","JASDM":"0202010101","JXLDM":"020201","JXBID":"20242-11764","SKBJ":"金融gj2401","TYXMDM":null,"KCH":"10155111054"},{"KKDWDM":"071","XS":32,"BYBZ":"0","JSJC":7,"XXXQDM":"02","KXH":"01","KSJC":6,"XKZRS":29,"SKZC":"1111111111111111","SKJS":"唐少君","ISTK":0,"ZCMC":"1-16周","YPSJDD":"1-16周 星期三 第6节-第7节 南湖南-博学北楼-101","XF":2,"SKXQ":3,"XNXQDM":"2024-2025-2","KCM":"分析学基础2","JASDM":"0202010101","JXLDM":"020201","JXBID":"20242-06603","SKBJ":"数学jd2401","TYXMDM":null,"KCH":"10155121032"},{"KKDWDM":"071","XS":88,"BYBZ":"0","JSJC":4,"XXXQDM":"02","KXH":"03","KSJC":3,"XKZRS":32,"SKZC":"111111111111111000000000000000","SKJS":"高飞","ISTK":0,"ZCMC":"1-15周","YPSJDD":"12-14周 星期一 第1节-第2节 南湖南-博学北楼-101,9周 星期日 第1节-第2节 南湖南-博学北楼-101,1-10周 星期一 第1节-第2节 南湖南-博学北楼-101,1-15周 星期三 第3节-第4节 南湖南-博学北楼-101,7-9周 星期五 第1节-第2节 南湖南-博学北楼-101,1-5周 星期五 第1节-第2节 南湖南-博学北楼-101,16-17周 星期一 第1节-第2节 南湖南-博学北楼-101,11-15周 星期五 第1节-第2节 南湖南-博学北楼-101","XF":5,"SKXQ":3,"XNXQDM":"2024-2025-2","KCM":"高等数学B下","JASDM":"0202010101","JXLDM":"020201","JXBID":"20242-10840","SKBJ":"金融gj2401","TYXMDM":null,"KCH":"10153121058"},{"KKDWDM":"071","XS":88,"BYBZ":"0","JSJC":2,"XXXQDM":"02","KXH":"02","KSJC":1,"XKZRS":27,"SKZC":"111111111111111000000000000000","SKJS":"高飞","ISTK":0,"ZCMC":"1-15周","YPSJDD":"11-15周 星期五 第3节-第4节 南湖南-博学北楼-101,1-5周 星期五 第3节-第4节 南湖南-博学北楼-101,9周 星期日 第3节-第4节 南湖南-博学北楼-101,7-9周 星期五 第3节-第4节 南湖南-博学北楼-101,16-17周 星期一 第3节-第4节 南湖南-博学北楼-101,12-14周 星期一 第3节-第4节 南湖南-博学北楼-101,1-15周 星期三 第1节-第2节 南湖南-博学北楼-101,1-10周 星期一 第3节-第4节 南湖南-博学北楼-101","XF":5,"SKXQ":3,"XNXQDM":"2024-2025-2","KCM":"高等数学B下","JASDM":"0202010101","JXLDM":"020201","JXBID":"20242-11211","SKBJ":"国贸留2401,工商留2401","TYXMDM":null,"KCH":"30153119008"},{"KKDWDM":"071","XS":88,"BYBZ":"0","JSJC":4,"XXXQDM":"02","KXH":"02","KSJC":3,"XKZRS":27,"SKZC":"111111111100000000000000000000","SKJS":"高飞","ISTK":0,"ZCMC":"1-10周","YPSJDD":"11-15周 星期五 第3节-第4节 南湖南-博学北楼-101,1-5周 星期五 第3节-第4节 南湖南-博学北楼-101,9周 星期日 第3节-第4节 南湖南-博学北楼-101,7-9周 星期五 第3节-第4节 南湖南-博学北楼-101,16-17周 星期一 第3节-第4节 南湖南-博学北楼-101,12-14周 星期一 第3节-第4节 南湖南-博学北楼-101,1-15周 星期三 第1节-第2节 南湖南-博学北楼-101,1-10周 星期一 第3节-第4节 南湖南-博学北楼-101","XF":5,"SKXQ":1,"XNXQDM":"2024-2025-2","KCM":"高等数学B下","JASDM":"0202010101","JXLDM":"020201","JXBID":"20242-11211","SKBJ":"国贸留2401,工商留2401","TYXMDM":null,"KCH":"30153119008"},{"KKDWDM":"071","XS":88,"BYBZ":"0","JSJC":2,"XXXQDM":"02","KXH":"03","KSJC":1,"XKZRS":32,"SKZC":"111111111100000000000000000000","SKJS":"高飞","ISTK":0,"ZCMC":"1-10周","YPSJDD":"12-14周 星期一 第1节-第2节 南湖南-博学北楼-101,9周 星期日 第1节-第2节 南湖南-博学北楼-101,1-10周 星期一 第1节-第2节 南湖南-博学北楼-101,1-15周 星期三 第3节-第4节 南湖南-博学北楼-101,7-9周 星期五 第1节-第2节 南湖南-博学北楼-101,1-5周 星期五 第1节-第2节 南湖南-博学北楼-101,16-17周 星期一 第1节-第2节 南湖南-博学北楼-101,11-15周 星期五 第1节-第2节 南湖南-博学北楼-101","XF":5,"SKXQ":1,"XNXQDM":"2024-2025-2","KCM":"高等数学B下","JASDM":"0202010101","JXLDM":"020201","JXBID":"20242-10840","SKBJ":"金融gj2401","TYXMDM":null,"KCH":"10153121058"},{"KKDWDM":"999","XS":32,"BYBZ":"0","JSJC":13,"XXXQDM":"02","KXH":"01","KSJC":11,"XKZRS":37,"SKZC":"111111111100000000000000","SKJS":"杨杨","ISTK":0,"ZCMC":"1-10周","YPSJDD":"11周 星期三 第11节-第12节 南湖南-博学北楼-101,1-10周 星期三 第11节-第13节 南湖南-博学北楼-101","XF":2,"SKXQ":3,"XNXQDM":"2024-2025-2","KCM":"民间美术与手工制作(GX)","JASDM":"0202010101","JXLDM":"020201","JXBID":"20242-09242","SKBJ":"公选-09242","TYXMDM":null,"KCH":"19992121024"},{"KKDWDM":"999","XS":32,"BYBZ":"0","JSJC":13,"XXXQDM":"02","KXH":"01","KSJC":11,"XKZRS":41,"SKZC":"111111111100000000000000","SKJS":"徐玲","ISTK":0,"ZCMC":"1-10周","YPSJDD":"12周 星期一 第11节-第12节 南湖南-博学北楼-101,1-10周 星期一 第11节-第13节 南湖南-博学北楼-101","XF":2,"SKXQ":1,"XNXQDM":"2024-2025-2","KCM":"西方古典音乐鉴赏(GX)","JASDM":"0202010101","JXLDM":"020201","JXBID":"20242-09255","SKBJ":"公选-09255","TYXMDM":null,"KCH":"19992121028"},{"KKDWDM":"999","XS":32,"BYBZ":"0","JSJC":13,"XXXQDM":"02","KXH":"01","KSJC":11,"XKZRS":37,"SKZC":"111111111100000000000000","SKJS":"罗红艺","ISTK":0,"ZCMC":"1-10周","YPSJDD":"11周 星期二 第11节-第12节 南湖南-博学北楼-101,1-10周 星期二 第11节-第13节 南湖南-博学北楼-101","XF":2,"SKXQ":2,"XNXQDM":"2024-2025-2","KCM":"果蔬花卉营养与保鲜(GX)","JASDM":"0202010101","JXLDM":"020201","JXBID":"20242-09217","SKBJ":"公选-09217","TYXMDM":null,"KCH":"19992121053"},{"KKDWDM":"998","XS":32,"BYBZ":"0","JSJC":13,"XXXQDM":"02","KXH":"01","KSJC":11,"XKZRS":39,"SKZC":"111111111010000000000000","SKJS":"梅丽霞","ISTK":0,"ZCMC":"1-9周,11周","YPSJDD":"12周 星期四 第11节-第12节 南湖南-博学北楼-101,1-9周,11周 星期四 第11节-第13节 南湖南-博学北楼-101","XF":2,"SKXQ":4,"XNXQDM":"2024-2025-2","KCM":"经济地理与企业兴衰(GX)","JASDM":"0202010101","JXLDM":"020201","JXBID":"20242-09184","SKBJ":"公选-09184","TYXMDM":null,"KCH":"19982121006"},{"KKDWDM":"071","XS":48,"BYBZ":"0","JSJC":5,"XXXQDM":"02","KXH":"18","KSJC":3,"XKZRS":36,"SKZC":"111111111000000000000000000000","SKJS":"彭宁宁","ISTK":0,"ZCMC":"1-9周","YPSJDD":"1-9周 星期四 第3节-第5节 南湖南-博学北楼-101,11-17周 星期四 第3节-第5节 南湖南-博学北楼-101","XF":3,"SKXQ":4,"XNXQDM":"2024-2025-2","KCM":"概率论与数理统计B","JASDM":"0202010101","JXLDM":"020201","JXBID":"20242-06225","SKBJ":"金融gj2403","TYXMDM":null,"KCH":"10155111054"},{"KKDWDM":"009","XS":16,"BYBZ":"0","JSJC":10,"XXXQDM":"02","KXH":"02","KSJC":9,"XKZRS":36,"SKZC":"11111111","SKJS":"李蕾","ISTK":0,"ZCMC":"1-8周","YPSJDD":"1-8周 星期一 第9节-第10节 南湖南-博学北楼-101","XF":1,"SKXQ":1,"XNXQDM":"2024-2025-2","KCM":"工程经济学C","JASDM":"0202010101","JXLDM":"020201","JXBID":"20242-04401","SKBJ":"岩土jd2301","TYXMDM":null,"KCH":"10095121010"},{"KKDWDM":"071","XS":16,"BYBZ":"0","JSJC":7,"XXXQDM":"02","KXH":"01","KSJC":6,"XKZRS":30,"SKZC":"11111111","SKJS":"周焕松","ISTK":0,"ZCMC":"1-8周","YPSJDD":"1-8周 星期一 第6节-第7节 南湖南-博学北楼-101","XF":1,"SKXQ":1,"XNXQDM":"2024-2025-2","KCM":"应用数学专业导论","JASDM":"0202010101","JXLDM":"020201","JXBID":"20242-06223","SKBJ":"数学jd2401","TYXMDM":null,"KCH":"10154117063"},{"KKDWDM":"071","XS":88,"BYBZ":"0","JSJC":2,"XXXQDM":"02","KXH":"03","KSJC":1,"XKZRS":32,"SKZC":"111110000000000000000000000000","SKJS":"高飞","ISTK":0,"ZCMC":"1-5周","YPSJDD":"12-14周 星期一 第1节-第2节 南湖南-博学北楼-101,9周 星期日 第1节-第2节 南湖南-博学北楼-101,1-10周 星期一 第1节-第2节 南湖南-博学北楼-101,1-15周 星期三 第3节-第4节 南湖南-博学北楼-101,7-9周 星期五 第1节-第2节 南湖南-博学北楼-101,1-5周 星期五 第1节-第2节 南湖南-博学北楼-101,16-17周 星期一 第1节-第2节 南湖南-博学北楼-101,11-15周 星期五 第1节-第2节 南湖南-博学北楼-101","XF":5,"SKXQ":5,"XNXQDM":"2024-2025-2","KCM":"高等数学B下","JASDM":"0202010101","JXLDM":"020201","JXBID":"20242-10840","SKBJ":"金融gj2401","TYXMDM":null,"KCH":"10153121058"},{"KKDWDM":"071","XS":88,"BYBZ":"0","JSJC":4,"XXXQDM":"02","KXH":"02","KSJC":3,"XKZRS":27,"SKZC":"111110000000000000000000000000","SKJS":"高飞","ISTK":0,"ZCMC":"1-5周","YPSJDD":"11-15周 星期五 第3节-第4节 南湖南-博学北楼-101,1-5周 星期五 第3节-第4节 南湖南-博学北楼-101,9周 星期日 第3节-第4节 南湖南-博学北楼-101,7-9周 星期五 第3节-第4节 南湖南-博学北楼-101,16-17周 星期一 第3节-第4节 南湖南-博学北楼-101,12-14周 星期一 第3节-第4节 南湖南-博学北楼-101,1-15周 星期三 第1节-第2节 南湖南-博学北楼-101,1-10周 星期一 第3节-第4节 南湖南-博学北楼-101","XF":5,"SKXQ":5,"XNXQDM":"2024-2025-2","KCM":"高等数学B下","JASDM":"0202010101","JXLDM":"020201","JXBID":"20242-11211","SKBJ":"国贸留2401,工商留2401","TYXMDM":null,"KCH":"30153119008"},{"KKDWDM":"071","XS":88,"BYBZ":"0","JSJC":2,"XXXQDM":"02","KXH":"03","KSJC":1,"XKZRS":32,"SKZC":"000000111000000000000000000000","SKJS":"高飞","ISTK":0,"ZCMC":"7-9周","YPSJDD":"12-14周 星期一 第1节-第2节 南湖南-博学北楼-101,9周 星期日 第1节-第2节 南湖南-博学北楼-101,1-10周 星期一 第1节-第2节 南湖南-博学北楼-101,1-15周 星期三 第3节-第4节 南湖南-博学北楼-101,7-9周 星期五 第1节-第2节 南湖南-博学北楼-101,1-5周 星期五 第1节-第2节 南湖南-博学北楼-101,16-17周 星期一 第1节-第2节 南湖南-博学北楼-101,11-15周 星期五 第1节-第2节 南湖南-博学北楼-101","XF":5,"SKXQ":5,"XNXQDM":"2024-2025-2","KCM":"高等数学B下","JASDM":"0202010101","JXLDM":"020201","JXBID":"20242-10840","SKBJ":"金融gj2401","TYXMDM":null,"KCH":"10153121058"},{"KKDWDM":"071","XS":88,"BYBZ":"0","JSJC":4,"XXXQDM":"02","KXH":"02","KSJC":3,"XKZRS":27,"SKZC":"000000111000000000000000000000","SKJS":"高飞","ISTK":0,"ZCMC":"7-9周","YPSJDD":"11-15周 星期五 第3节-第4节 南湖南-博学北楼-101,1-5周 星期五 第3节-第4节 南湖南-博学北楼-101,9周 星期日 第3节-第4节 南湖南-博学北楼-101,7-9周 星期五 第3节-第4节 南湖南-博学北楼-101,16-17周 星期一 第3节-第4节 南湖南-博学北楼-101,12-14周 星期一 第3节-第4节 南湖南-博学北楼-101,1-15周 星期三 第1节-第2节 南湖南-博学北楼-101,1-10周 星期一 第3节-第4节 南湖南-博学北楼-101","XF":5,"SKXQ":5,"XNXQDM":"2024-2025-2","KCM":"高等数学B下","JASDM":"0202010101","JXLDM":"020201","JXBID":"20242-11211","SKBJ":"国贸留2401,工商留2401","TYXMDM":null,"KCH":"30153119008"},{"KKDWDM":"009","XS":24,"BYBZ":"0","JSJC":8,"XXXQDM":"02","KXH":"01","KSJC":6,"XKZRS":16,"SKZC":"0000000011111111","SKJS":"王璐琦","ISTK":0,"ZCMC":"9-16周","YPSJDD":"9-16周 星期二 第6节-第8节 南湖南-博学北楼-101","XF":1,"SKXQ":2,"XNXQDM":"2024-2025-2","KCM":"景观设计原理B","JASDM":"0202010101","JXLDM":"020201","JXBID":"20242-04591","SKBJ":"城规2301","TYXMDM":null,"KCH":"10174124001"},{"KKDWDM":"017","XS":32,"BYBZ":"0","JSJC":8,"XXXQDM":"02","KXH":"01","KSJC":6,"XKZRS":30,"SKZC":"000000001100000000000000000000","SKJS":"冯军","ISTK":0,"ZCMC":"9-10周","YPSJDD":"9-10周 星期一 第6节-第8节 南湖南-博学北楼-101,12-14周 星期一 第6节-第8节 南湖南-博学北楼-101,16-17周 星期一 第6节-第8节 南湖南-博学北楼-101,17周 星期二 第6节-第8节 南湖南-博学北楼-101","XF":2,"SKXQ":1,"XNXQDM":"2024-2025-2","KCM":"旅游业营销","JASDM":"0202010101","JXLDM":"020201","JXBID":"20242-03574","SKBJ":"营销2202","TYXMDM":null,"KCH":"10175121005"},{"KKDWDM":"007","XS":24,"BYBZ":"0","JSJC":10,"XXXQDM":"02","KXH":"04","KSJC":9,"XKZRS":32,"SKZC":"000000001100000000000000000000","SKJS":"熊欣","ISTK":0,"ZCMC":"9-10周","YPSJDD":"12-14周 星期一 第9节-第10节 南湖南-博学北楼-101,16-17周 星期一 第9节-第10节 南湖南-博学北楼-101,17周 星期二 第9节-第10节 南湖南-博学北楼-101,9-10周 星期一 第9节-第10节 南湖南-博学北楼-101","XF":1,"SKXQ":1,"XNXQDM":"2024-2025-2","KCM":"汽车CAD\/CAE（B）","JASDM":"0202010101","JXLDM":"020201","JXBID":"20242-05897","SKBJ":"车辆zy2301","TYXMDM":null,"KCH":"10075117006"},{"KKDWDM":"071","XS":88,"BYBZ":"0","JSJC":4,"XXXQDM":"02","KXH":"02","KSJC":3,"XKZRS":27,"SKZC":"000000001000000000000000000000","SKJS":"高飞","ISTK":0,"ZCMC":"9周","YPSJDD":"11-15周 星期五 第3节-第4节 南湖南-博学北楼-101,1-5周 星期五 第3节-第4节 南湖南-博学北楼-101,9周 星期日 第3节-第4节 南湖南-博学北楼-101,7-9周 星期五 第3节-第4节 南湖南-博学北楼-101,16-17周 星期一 第3节-第4节 南湖南-博学北楼-101,12-14周 星期一 第3节-第4节 南湖南-博学北楼-101,1-15周 星期三 第1节-第2节 南湖南-博学北楼-101,1-10周 星期一 第3节-第4节 南湖南-博学北楼-101","XF":5,"SKXQ":7,"XNXQDM":"2024-2025-2","KCM":"高等数学B下","JASDM":"0202010101","JXLDM":"020201","JXBID":"20242-11211","SKBJ":"国贸留2401,工商留2401","TYXMDM":null,"KCH":"30153119008"},{"KKDWDM":"007","XS":24,"BYBZ":"0","JSJC":2,"XXXQDM":"02","KXH":"04","KSJC":1,"XKZRS":30,"SKZC":"000000001000000000000000000000","SKJS":"Chalati Siwapimon,Luigi Buffone,孟正华","ISTK":0,"ZCMC":"9周","YPSJDD":"15周 星期六 第6节-第7节 南湖北-爱特楼-108,9周 星期六 第6节-第7节 南湖北-爱特楼-108,11-13周 星期六 第6节-第7节 南湖北-爱特楼-108,9周 星期四 第1节-第2节 南湖南-博学北楼-101,11-14周 星期四 第1节-第2节 南湖南-博学北楼-101","XF":1,"SKXQ":4,"XNXQDM":"2024-2025-2","KCM":"汽车CAD\/CAE技术（B）","JASDM":"0202010101","JXLDM":"020201","JXBID":"20242-12776","SKBJ":"车辆gj2303","TYXMDM":null,"KCH":"10075124212"},{"KKDWDM":"071","XS":88,"BYBZ":"0","JSJC":2,"XXXQDM":"02","KXH":"03","KSJC":1,"XKZRS":32,"SKZC":"000000001000000000000000000000","SKJS":"高飞","ISTK":0,"ZCMC":"9周","YPSJDD":"12-14周 星期一 第1节-第2节 南湖南-博学北楼-101,9周 星期日 第1节-第2节 南湖南-博学北楼-101,1-10周 星期一 第1节-第2节 南湖南-博学北楼-101,1-15周 星期三 第3节-第4节 南湖南-博学北楼-101,7-9周 星期五 第1节-第2节 南湖南-博学北楼-101,1-5周 星期五 第1节-第2节 南湖南-博学北楼-101,16-17周 星期一 第1节-第2节 南湖南-博学北楼-101,11-15周 星期五 第1节-第2节 南湖南-博学北楼-101","XF":5,"SKXQ":7,"XNXQDM":"2024-2025-2","KCM":"高等数学B下","JASDM":"0202010101","JXLDM":"020201","JXBID":"20242-10840","SKBJ":"金融gj2401","TYXMDM":null,"KCH":"10153121058"},{"KKDWDM":"071","XS":48,"BYBZ":"0","JSJC":5,"XXXQDM":"02","KXH":"18","KSJC":3,"XKZRS":36,"SKZC":"000000000011111110000000000000","SKJS":"彭宁宁","ISTK":0,"ZCMC":"11-17周","YPSJDD":"1-9周 星期四 第3节-第5节 南湖南-博学北楼-101,11-17周 星期四 第3节-第5节 南湖南-博学北楼-101","XF":3,"SKXQ":4,"XNXQDM":"2024-2025-2","KCM":"概率论与数理统计B","JASDM":"0202010101","JXLDM":"020201","JXBID":"20242-06225","SKBJ":"金融gj2403","TYXMDM":null,"KCH":"10155111054"},{"KKDWDM":"071","XS":88,"BYBZ":"0","JSJC":4,"XXXQDM":"02","KXH":"02","KSJC":3,"XKZRS":27,"SKZC":"000000000011111000000000000000","SKJS":"高飞","ISTK":0,"ZCMC":"11-15周","YPSJDD":"11-15周 星期五 第3节-第4节 南湖南-博学北楼-101,1-5周 星期五 第3节-第4节 南湖南-博学北楼-101,9周 星期日 第3节-第4节 南湖南-博学北楼-101,7-9周 星期五 第3节-第4节 南湖南-博学北楼-101,16-17周 星期一 第3节-第4节 南湖南-博学北楼-101,12-14周 星期一 第3节-第4节 南湖南-博学北楼-101,1-15周 星期三 第1节-第2节 南湖南-博学北楼-101,1-10周 星期一 第3节-第4节 南湖南-博学北楼-101","XF":5,"SKXQ":5,"XNXQDM":"2024-2025-2","KCM":"高等数学B下","JASDM":"0202010101","JXLDM":"020201","JXBID":"20242-11211","SKBJ":"国贸留2401,工商留2401","TYXMDM":null,"KCH":"30153119008"},{"KKDWDM":"071","XS":88,"BYBZ":"0","JSJC":2,"XXXQDM":"02","KXH":"03","KSJC":1,"XKZRS":32,"SKZC":"000000000011111000000000000000","SKJS":"高飞","ISTK":0,"ZCMC":"11-15周","YPSJDD":"12-14周 星期一 第1节-第2节 南湖南-博学北楼-101,9周 星期日 第1节-第2节 南湖南-博学北楼-101,1-10周 星期一 第1节-第2节 南湖南-博学北楼-101,1-15周 星期三 第3节-第4节 南湖南-博学北楼-101,7-9周 星期五 第1节-第2节 南湖南-博学北楼-101,1-5周 星期五 第1节-第2节 南湖南-博学北楼-101,16-17周 星期一 第1节-第2节 南湖南-博学北楼-101,11-15周 星期五 第1节-第2节 南湖南-博学北楼-101","XF":5,"SKXQ":5,"XNXQDM":"2024-2025-2","KCM":"高等数学B下","JASDM":"0202010101","JXLDM":"020201","JXBID":"20242-10840","SKBJ":"金融gj2401","TYXMDM":null,"KCH":"10153121058"},{"KKDWDM":"007","XS":24,"BYBZ":"0","JSJC":2,"XXXQDM":"02","KXH":"04","KSJC":1,"XKZRS":30,"SKZC":"000000000011110000000000000000","SKJS":"Chalati Siwapimon,Luigi Buffone,孟正华","ISTK":0,"ZCMC":"11-14周","YPSJDD":"15周 星期六 第6节-第7节 南湖北-爱特楼-108,9周 星期六 第6节-第7节 南湖北-爱特楼-108,11-13周 星期六 第6节-第7节 南湖北-爱特楼-108,9周 星期四 第1节-第2节 南湖南-博学北楼-101,11-14周 星期四 第1节-第2节 南湖南-博学北楼-101","XF":1,"SKXQ":4,"XNXQDM":"2024-2025-2","KCM":"汽车CAD\/CAE技术（B）","JASDM":"0202010101","JXLDM":"020201","JXBID":"20242-12776","SKBJ":"车辆gj2303","TYXMDM":null,"KCH":"10075124212"},{"KKDWDM":"999","XS":32,"BYBZ":"0","JSJC":12,"XXXQDM":"02","KXH":"01","KSJC":11,"XKZRS":37,"SKZC":"000000000010000000000000","SKJS":"杨杨","ISTK":0,"ZCMC":"11周","YPSJDD":"11周 星期三 第11节-第12节 南湖南-博学北楼-101,1-10周 星期三 第11节-第13节 南湖南-博学北楼-101","XF":2,"SKXQ":3,"XNXQDM":"2024-2025-2","KCM":"民间美术与手工制作(GX)","JASDM":"0202010101","JXLDM":"020201","JXBID":"20242-09242","SKBJ":"公选-09242","TYXMDM":null,"KCH":"19992121024"},{"KKDWDM":"999","XS":32,"BYBZ":"0","JSJC":12,"XXXQDM":"02","KXH":"01","KSJC":11,"XKZRS":37,"SKZC":"000000000010000000000000","SKJS":"罗红艺","ISTK":0,"ZCMC":"11周","YPSJDD":"11周 星期二 第11节-第12节 南湖南-博学北楼-101,1-10周 星期二 第11节-第13节 南湖南-博学北楼-101","XF":2,"SKXQ":2,"XNXQDM":"2024-2025-2","KCM":"果蔬花卉营养与保鲜(GX)","JASDM":"0202010101","JXLDM":"020201","JXBID":"20242-09217","SKBJ":"公选-09217","TYXMDM":null,"KCH":"19992121053"},{"KKDWDM":"017","XS":32,"BYBZ":"0","JSJC":8,"XXXQDM":"02","KXH":"01","KSJC":6,"XKZRS":30,"SKZC":"000000000001110000000000000000","SKJS":"冯军","ISTK":0,"ZCMC":"12-14周","YPSJDD":"9-10周 星期一 第6节-第8节 南湖南-博学北楼-101,12-14周 星期一 第6节-第8节 南湖南-博学北楼-101,16-17周 星期一 第6节-第8节 南湖南-博学北楼-101,17周 星期二 第6节-第8节 南湖南-博学北楼-101","XF":2,"SKXQ":1,"XNXQDM":"2024-2025-2","KCM":"旅游业营销","JASDM":"0202010101","JXLDM":"020201","JXBID":"20242-03574","SKBJ":"营销2202","TYXMDM":null,"KCH":"10175121005"},{"KKDWDM":"007","XS":24,"BYBZ":"0","JSJC":10,"XXXQDM":"02","KXH":"04","KSJC":9,"XKZRS":32,"SKZC":"000000000001110000000000000000","SKJS":"熊欣","ISTK":0,"ZCMC":"12-14周","YPSJDD":"12-14周 星期一 第9节-第10节 南湖南-博学北楼-101,16-17周 星期一 第9节-第10节 南湖南-博学北楼-101,17周 星期二 第9节-第10节 南湖南-博学北楼-101,9-10周 星期一 第9节-第10节 南湖南-博学北楼-101","XF":1,"SKXQ":1,"XNXQDM":"2024-2025-2","KCM":"汽车CAD\/CAE（B）","JASDM":"0202010101","JXLDM":"020201","JXBID":"20242-05897","SKBJ":"车辆zy2301","TYXMDM":null,"KCH":"10075117006"},{"KKDWDM":"071","XS":88,"BYBZ":"0","JSJC":2,"XXXQDM":"02","KXH":"03","KSJC":1,"XKZRS":32,"SKZC":"000000000001110000000000000000","SKJS":"高飞","ISTK":0,"ZCMC":"12-14周","YPSJDD":"12-14周 星期一 第1节-第2节 南湖南-博学北楼-101,9周 星期日 第1节-第2节 南湖南-博学北楼-101,1-10周 星期一 第1节-第2节 南湖南-博学北楼-101,1-15周 星期三 第3节-第4节 南湖南-博学北楼-101,7-9周 星期五 第1节-第2节 南湖南-博学北楼-101,1-5周 星期五 第1节-第2节 南湖南-博学北楼-101,16-17周 星期一 第1节-第2节 南湖南-博学北楼-101,11-15周 星期五 第1节-第2节 南湖南-博学北楼-101","XF":5,"SKXQ":1,"XNXQDM":"2024-2025-2","KCM":"高等数学B下","JASDM":"0202010101","JXLDM":"020201","JXBID":"20242-10840","SKBJ":"金融gj2401","TYXMDM":null,"KCH":"10153121058"},{"KKDWDM":"071","XS":88,"BYBZ":"0","JSJC":4,"XXXQDM":"02","KXH":"02","KSJC":3,"XKZRS":27,"SKZC":"000000000001110000000000000000","SKJS":"高飞","ISTK":0,"ZCMC":"12-14周","YPSJDD":"11-15周 星期五 第3节-第4节 南湖南-博学北楼-101,1-5周 星期五 第3节-第4节 南湖南-博学北楼-101,9周 星期日 第3节-第4节 南湖南-博学北楼-101,7-9周 星期五 第3节-第4节 南湖南-博学北楼-101,16-17周 星期一 第3节-第4节 南湖南-博学北楼-101,12-14周 星期一 第3节-第4节 南湖南-博学北楼-101,1-15周 星期三 第1节-第2节 南湖南-博学北楼-101,1-10周 星期一 第3节-第4节 南湖南-博学北楼-101","XF":5,"SKXQ":1,"XNXQDM":"2024-2025-2","KCM":"高等数学B下","JASDM":"0202010101","JXLDM":"020201","JXBID":"20242-11211","SKBJ":"国贸留2401,工商留2401","TYXMDM":null,"KCH":"30153119008"},{"KKDWDM":"999","XS":32,"BYBZ":"0","JSJC":12,"XXXQDM":"02","KXH":"01","KSJC":11,"XKZRS":41,"SKZC":"000000000001000000000000","SKJS":"徐玲","ISTK":0,"ZCMC":"12周","YPSJDD":"12周 星期一 第11节-第12节 南湖南-博学北楼-101,1-10周 星期一 第11节-第13节 南湖南-博学北楼-101","XF":2,"SKXQ":1,"XNXQDM":"2024-2025-2","KCM":"西方古典音乐鉴赏(GX)","JASDM":"0202010101","JXLDM":"020201","JXBID":"20242-09255","SKBJ":"公选-09255","TYXMDM":null,"KCH":"19992121028"},{"KKDWDM":"998","XS":32,"BYBZ":"0","JSJC":12,"XXXQDM":"02","KXH":"01","KSJC":11,"XKZRS":39,"SKZC":"000000000001000000000000","SKJS":"梅丽霞","ISTK":0,"ZCMC":"12周","YPSJDD":"12周 星期四 第11节-第12节 南湖南-博学北楼-101,1-9周,11周 星期四 第11节-第13节 南湖南-博学北楼-101","XF":2,"SKXQ":4,"XNXQDM":"2024-2025-2","KCM":"经济地理与企业兴衰(GX)","JASDM":"0202010101","JXLDM":"020201","JXBID":"20242-09184","SKBJ":"公选-09184","TYXMDM":null,"KCH":"19982121006"},{"KKDWDM":"007","XS":24,"BYBZ":"0","JSJC":10,"XXXQDM":"02","KXH":"04","KSJC":9,"XKZRS":32,"SKZC":"000000000000000110000000000000","SKJS":"熊欣","ISTK":0,"ZCMC":"16-17周","YPSJDD":"12-14周 星期一 第9节-第10节 南湖南-博学北楼-101,16-17周 星期一 第9节-第10节 南湖南-博学北楼-101,17周 星期二 第9节-第10节 南湖南-博学北楼-101,9-10周 星期一 第9节-第10节 南湖南-博学北楼-101","XF":1,"SKXQ":1,"XNXQDM":"2024-2025-2","KCM":"汽车CAD\/CAE（B）","JASDM":"0202010101","JXLDM":"020201","JXBID":"20242-05897","SKBJ":"车辆zy2301","TYXMDM":null,"KCH":"10075117006"},{"KKDWDM":"071","XS":88,"BYBZ":"0","JSJC":2,"XXXQDM":"02","KXH":"03","KSJC":1,"XKZRS":32,"SKZC":"000000000000000110000000000000","SKJS":"高飞","ISTK":0,"ZCMC":"16-17周","YPSJDD":"12-14周 星期一 第1节-第2节 南湖南-博学北楼-101,9周 星期日 第1节-第2节 南湖南-博学北楼-101,1-10周 星期一 第1节-第2节 南湖南-博学北楼-101,1-15周 星期三 第3节-第4节 南湖南-博学北楼-101,7-9周 星期五 第1节-第2节 南湖南-博学北楼-101,1-5周 星期五 第1节-第2节 南湖南-博学北楼-101,16-17周 星期一 第1节-第2节 南湖南-博学北楼-101,11-15周 星期五 第1节-第2节 南湖南-博学北楼-101","XF":5,"SKXQ":1,"XNXQDM":"2024-2025-2","KCM":"高等数学B下","JASDM":"0202010101","JXLDM":"020201","JXBID":"20242-10840","SKBJ":"金融gj2401","TYXMDM":null,"KCH":"10153121058"},{"KKDWDM":"071","XS":88,"BYBZ":"0","JSJC":4,"XXXQDM":"02","KXH":"02","KSJC":3,"XKZRS":27,"SKZC":"000000000000000110000000000000","SKJS":"高飞","ISTK":0,"ZCMC":"16-17周","YPSJDD":"11-15周 星期五 第3节-第4节 南湖南-博学北楼-101,1-5周 星期五 第3节-第4节 南湖南-博学北楼-101,9周 星期日 第3节-第4节 南湖南-博学北楼-101,7-9周 星期五 第3节-第4节 南湖南-博学北楼-101,16-17周 星期一 第3节-第4节 南湖南-博学北楼-101,12-14周 星期一 第3节-第4节 南湖南-博学北楼-101,1-15周 星期三 第1节-第2节 南湖南-博学北楼-101,1-10周 星期一 第3节-第4节 南湖南-博学北楼-101","XF":5,"SKXQ":1,"XNXQDM":"2024-2025-2","KCM":"高等数学B下","JASDM":"0202010101","JXLDM":"020201","JXBID":"20242-11211","SKBJ":"国贸留2401,工商留2401","TYXMDM":null,"KCH":"30153119008"},{"KKDWDM":"017","XS":32,"BYBZ":"0","JSJC":8,"XXXQDM":"02","KXH":"01","KSJC":6,"XKZRS":30,"SKZC":"000000000000000110000000000000","SKJS":"冯军","ISTK":0,"ZCMC":"16-17周","YPSJDD":"9-10周 星期一 第6节-第8节 南湖南-博学北楼-101,12-14周 星期一 第6节-第8节 南湖南-博学北楼-101,16-17周 星期一 第6节-第8节 南湖南-博学北楼-101,17周 星期二 第6节-第8节 南湖南-博学北楼-101","XF":2,"SKXQ":1,"XNXQDM":"2024-2025-2","KCM":"旅游业营销","JASDM":"0202010101","JXLDM":"020201","JXBID":"20242-03574","SKBJ":"营销2202","TYXMDM":null,"KCH":"10175121005"},{"KKDWDM":"007","XS":24,"BYBZ":"0","JSJC":10,"XXXQDM":"02","KXH":"04","KSJC":9,"XKZRS":32,"SKZC":"000000000000000010000000000000","SKJS":"熊欣","ISTK":0,"ZCMC":"17周","YPSJDD":"12-14周 星期一 第9节-第10节 南湖南-博学北楼-101,16-17周 星期一 第9节-第10节 南湖南-博学北楼-101,17周 星期二 第9节-第10节 南湖南-博学北楼-101,9-10周 星期一 第9节-第10节 南湖南-博学北楼-101","XF":1,"SKXQ":2,"XNXQDM":"2024-2025-2","KCM":"汽车CAD\/CAE（B）","JASDM":"0202010101","JXLDM":"020201","JXBID":"20242-05897","SKBJ":"车辆zy2301","TYXMDM":null,"KCH":"10075117006"},{"KKDWDM":"017","XS":32,"BYBZ":"0","JSJC":8,"XXXQDM":"02","KXH":"01","KSJC":6,"XKZRS":30,"SKZC":"000000000000000010000000000000","SKJS":"冯军","ISTK":0,"ZCMC":"17周","YPSJDD":"9-10周 星期一 第6节-第8节 南湖南-博学北楼-101,12-14周 星期一 第6节-第8节 南湖南-博学北楼-101,16-17周 星期一 第6节-第8节 南湖南-博学北楼-101,17周 星期二 第6节-第8节 南湖南-博学北楼-101","XF":2,"SKXQ":2,"XNXQDM":"2024-2025-2","KCM":"旅游业营销","JASDM":"0202010101","JXLDM":"020201","JXBID":"20242-03574","SKBJ":"营销2202","TYXMDM":null,"KCH":"10175121005"}]}},"code":"0"}