{"datas":{"jaskcb":{"extParams":{"code":1,"msg":"查询成功"},"pageSize":0,"pageNumber":0,"totalSize":-1,"rows":[{"KKDWDM":"010","XS":48,"BYBZ":"0","JSJC":5,"XXXQDM":"02","KXH":"01","KSJC":3,"XKZRS":50,"SKZC":"111111111111111100000000","SKJS":"杨红刚","ISTK":0,"ZCMC":"1-16周","YPSJDD":"1-16周 星期三 第3节-第5节 南湖南-博学西楼-214","XF":3,"SKXQ":3,"XNXQDM":"2024-2025-2","KCM":"大气污染控制基础A","JASDM":"0202030214","JXLDM":"020203","JXBID":"20242-03678","SKBJ":"环科2201-02","TYXMDM":null,"KCH":"10104121031"},{"KKDWDM":"017","XS":40,"BYBZ":"0","JSJC":5,"XXXQDM":"02","KXH":"01","KSJC":3,"XKZRS":20,"SKZC":"111111111101100000000000","SKJS":"朱新艳","ISTK":0,"ZCMC":"1-10周,12-13周","YPSJDD":"14-16周(双) 星期一 第3节-第4节 南湖南-博学西楼-214,1-10周,12-13周 星期一 第3节-第5节 南湖南-博学西楼-214","XF":2,"SKXQ":1,"XNXQDM":"2024-2025-2","KCM":"人力资源管理","JASDM":"0202030214","JXLDM":"020203","JXBID":"20242-05109","SKBJ":"工商t2301","TYXMDM":null,"KCH":"10174121168"},{"KKDWDM":"010","XS":32,"BYBZ":"0","JSJC":2,"XXXQDM":"02","KXH":"01","KSJC":1,"XKZRS":50,"SKZC":"111111111100000000000000000000","SKJS":"刁红丽,刘艳丽,黄永炳","ISTK":0,"ZCMC":"1-10周","YPSJDD":"16-17周 星期一 第1节-第2节 南湖南-博学西楼-214,17周 星期二 第1节-第2节 南湖南-博学西楼-214,12-14周 星期一 第1节-第2节 南湖南-博学西楼-214,1-10周 星期一 第1节-第2节 南湖南-博学西楼-214","XF":2,"SKXQ":1,"XNXQDM":"2024-2025-2","KCM":"环境微生物学","JASDM":"0202030214","JXLDM":"020203","JXBID":"20242-04323","SKBJ":"环科2301-02","TYXMDM":null,"KCH":"10096111003"},{"KKDWDM":"009","XS":32,"BYBZ":"0","JSJC":8,"XXXQDM":"02","KXH":"01","KSJC":6,"XKZRS":45,"SKZC":"111111111100000000000000","SKJS":"程静","ISTK":0,"ZCMC":"1-10周","YPSJDD":"12周 星期一 第6节-第7节 南湖南-博学西楼-214,1-10周 星期一 第6节-第8节 南湖南-博学西楼-214","XF":2,"SKXQ":1,"XNXQDM":"2024-2025-2","KCM":"智慧水务","JASDM":"0202030214","JXLDM":"020203","JXBID":"20242-02700","SKBJ":"给排水2201","TYXMDM":null,"KCH":"10096121120"},{"KKDWDM":"072","XS":48,"BYBZ":"0","JSJC":5,"XXXQDM":"02","KXH":"01","KSJC":3,"XKZRS":54,"SKZC":"111111111000000000000000000000","SKJS":"陈刚","ISTK":0,"ZCMC":"1-9周","YPSJDD":"1-9周 星期四 第3节-第5节 南湖南-博学西楼-214,11-17周 星期四 第3节-第5节 南湖南-博学西楼-214","XF":3,"SKXQ":4,"XNXQDM":"2024-2025-2","KCM":"弹性力学B","JASDM":"0202030214","JXLDM":"020203","JXBID":"20242-05841","SKBJ":"采矿2301-02","TYXMDM":null,"KCH":"10085111005"},{"KKDWDM":"016","XS":32,"BYBZ":"0","JSJC":2,"XXXQDM":"02","KXH":"02","KSJC":1,"XKZRS":48,"SKZC":"111111110000000000000000000000","SKJS":"张静丽,李媛","ISTK":0,"ZCMC":"1-8周","YPSJDD":"1-8周 星期三 第1节-第2节 南湖南-博学西楼-214,1-5周 星期五 第1节-第2节 南湖南-博学西楼-214,9周 星期日 第1节-第2节 南湖南-博学西楼-214,7-8周 星期五 第1节-第2节 南湖南-博学西楼-214","XF":2,"SKXQ":3,"XNXQDM":"2024-2025-2","KCM":"生物药物分析","JASDM":"0202030214","JXLDM":"020203","JXBID":"20242-02464","SKBJ":"制药H2201-03,生物制药2201","TYXMDM":null,"KCH":"10164117048"},{"KKDWDM":"009","XS":32,"BYBZ":"0","JSJC":4,"XXXQDM":"02","KXH":"01","KSJC":3,"XKZRS":44,"SKZC":"11111111000000000000","SKJS":"单晓芳,邹源","ISTK":0,"ZCMC":"1-8周","YPSJDD":"1-8周 星期二 第3节-第4节 南湖南-博学西楼-214","XF":2,"SKXQ":2,"XNXQDM":"2024-2025-2","KCM":"建筑节能设计原理A","JASDM":"0202030214","JXLDM":"020203","JXBID":"20242-02538","SKBJ":"建筑学2201-02","TYXMDM":null,"KCH":"10094112018"},{"KKDWDM":"009","XS":24,"BYBZ":"0","JSJC":8,"XXXQDM":"02","KXH":"01","KSJC":6,"XKZRS":39,"SKZC":"11111111","SKJS":"王发堂","ISTK":0,"ZCMC":"1-8周","YPSJDD":"1-8周 星期二 第6节-第8节 南湖南-博学西楼-214","XF":1,"SKXQ":2,"XNXQDM":"2024-2025-2","KCM":"日本建筑思潮","JASDM":"0202030214","JXLDM":"020203","JXBID":"20242-02287","SKBJ":"建筑学2201-02","TYXMDM":null,"KCH":"10095121018"},{"KKDWDM":"016","XS":32,"BYBZ":"0","JSJC":2,"XXXQDM":"02","KXH":"02","KSJC":1,"XKZRS":48,"SKZC":"111110000000000000000000000000","SKJS":"张静丽,李媛","ISTK":0,"ZCMC":"1-5周","YPSJDD":"1-8周 星期三 第1节-第2节 南湖南-博学西楼-214,1-5周 星期五 第1节-第2节 南湖南-博学西楼-214,9周 星期日 第1节-第2节 南湖南-博学西楼-214,7-8周 星期五 第1节-第2节 南湖南-博学西楼-214","XF":2,"SKXQ":5,"XNXQDM":"2024-2025-2","KCM":"生物药物分析","JASDM":"0202030214","JXLDM":"020203","JXBID":"20242-02464","SKBJ":"制药H2201-03,生物制药2201","TYXMDM":null,"KCH":"10164117048"},{"KKDWDM":"020","XS":32,"BYBZ":"0","JSJC":13,"XXXQDM":"02","KXH":"01","KSJC":11,"XKZRS":39,"SKZC":"110000000000000000000000000000","SKJS":"姚静","ISTK":0,"ZCMC":"1-2周","YPSJDD":"1-2周 星期二 第11节-第13节 南湖南-博学西楼-214,11周 星期二 第11节-第12节 南湖南-博学北楼-110,3-10周 星期二 第11节-第13节 南湖南-博学北楼-110","XF":2,"SKXQ":2,"XNXQDM":"2024-2025-2","KCM":"影视英语与词汇文化(GX)","JASDM":"0202030214","JXLDM":"020203","JXBID":"20242-08481","SKBJ":"公选-08481","TYXMDM":null,"KCH":"10202121183"},{"KKDWDM":"008","XS":32,"BYBZ":"0","JSJC":2,"XXXQDM":"02","KXH":"06","KSJC":1,"XKZRS":58,"SKZC":"110000000000000000000000000000","SKJS":"彭霜","ISTK":0,"ZCMC":"1-2周","YPSJDD":"3-14周 星期二 第1节-第2节 南湖南-博学东楼-204,1-2周 星期二 第1节-第2节 南湖南-博学西楼-214","XF":2,"SKXQ":2,"XNXQDM":"2024-2025-2","KCM":"流体力学与液压传动B","JASDM":"0202030214","JXLDM":"020203","JXBID":"20242-11130","SKBJ":"机械2303-04","TYXMDM":null,"KCH":"10085117017"},{"KKDWDM":"020","XS":32,"BYBZ":"0","JSJC":13,"XXXQDM":"02","KXH":"01","KSJC":11,"XKZRS":52,"SKZC":"100000000000000000000000000000","SKJS":"卢潇潇","ISTK":0,"ZCMC":"1周","YPSJDD":"1周 星期一 第11节-第13节 南湖南-博学西楼-214,12周 星期一 第11节-第12节 南湖南-博学西楼-103,2-10周 星期一 第11节-第13节 南湖南-博学西楼-103","XF":2,"SKXQ":1,"XNXQDM":"2024-2025-2","KCM":"旅游英语(GX)","JASDM":"0202030214","JXLDM":"020203","JXBID":"20242-08418","SKBJ":"公选-08418","TYXMDM":null,"KCH":"10202121104"},{"KKDWDM":"008","XS":32,"BYBZ":"0","JSJC":2,"XXXQDM":"02","KXH":"01","KSJC":1,"XKZRS":46,"SKZC":"001111111011111000000000000000","SKJS":"庄可佳,高忠梅","ISTK":0,"ZCMC":"3-9周,11-15周","YPSJDD":"1-2周 星期四 第1节-第2节 南湖南-博学北楼-208,3-9周,11-15周 星期四 第1节-第2节 南湖南-博学西楼-214","XF":2,"SKXQ":4,"XNXQDM":"2024-2025-2","KCM":"互换性与测量技术B","JASDM":"0202030214","JXLDM":"020203","JXBID":"20242-05543","SKBJ":"智能制造本硕2301","TYXMDM":null,"KCH":"10085711016"},{"KKDWDM":"016","XS":32,"BYBZ":"0","JSJC":2,"XXXQDM":"02","KXH":"02","KSJC":1,"XKZRS":48,"SKZC":"000000110000000000000000000000","SKJS":"张静丽,李媛","ISTK":0,"ZCMC":"7-8周","YPSJDD":"1-8周 星期三 第1节-第2节 南湖南-博学西楼-214,1-5周 星期五 第1节-第2节 南湖南-博学西楼-214,9周 星期日 第1节-第2节 南湖南-博学西楼-214,7-8周 星期五 第1节-第2节 南湖南-博学西楼-214","XF":2,"SKXQ":5,"XNXQDM":"2024-2025-2","KCM":"生物药物分析","JASDM":"0202030214","JXLDM":"020203","JXBID":"20242-02464","SKBJ":"制药H2201-03,生物制药2201","TYXMDM":null,"KCH":"10164117048"},{"KKDWDM":"010","XS":32,"BYBZ":"0","JSJC":10,"XXXQDM":"02","KXH":"01","KSJC":9,"XKZRS":48,"SKZC":"000000001111111100000000000000","SKJS":"赵云良","ISTK":0,"ZCMC":"9-16周","YPSJDD":"9周 星期五 第1节-第2节 南湖南-博学西楼-214,11-16周 星期五 第1节-第2节 南湖南-博学西楼-214,17周 星期三 第1节-第2节 南湖南-博学西楼-214,9-16周 星期二 第9节-第10节 南湖南-博学西楼-214","XF":2,"SKXQ":2,"XNXQDM":"2024-2025-2","KCM":"非金属矿物新型建筑材料","JASDM":"0202030214","JXLDM":"020203","JXBID":"20242-02193","SKBJ":"矿物zy2201-02","TYXMDM":null,"KCH":"10096111001"},{"KKDWDM":"010","XS":32,"BYBZ":"0","JSJC":2,"XXXQDM":"02","KXH":"01","KSJC":1,"XKZRS":48,"SKZC":"000000001000000000000000000000","SKJS":"赵云良","ISTK":0,"ZCMC":"9周","YPSJDD":"9周 星期五 第1节-第2节 南湖南-博学西楼-214,11-16周 星期五 第1节-第2节 南湖南-博学西楼-214,17周 星期三 第1节-第2节 南湖南-博学西楼-214,9-16周 星期二 第9节-第10节 南湖南-博学西楼-214","XF":2,"SKXQ":5,"XNXQDM":"2024-2025-2","KCM":"非金属矿物新型建筑材料","JASDM":"0202030214","JXLDM":"020203","JXBID":"20242-02193","SKBJ":"矿物zy2201-02","TYXMDM":null,"KCH":"10096111001"},{"KKDWDM":"016","XS":32,"BYBZ":"0","JSJC":2,"XXXQDM":"02","KXH":"02","KSJC":1,"XKZRS":48,"SKZC":"000000001000000000000000000000","SKJS":"张静丽,李媛","ISTK":0,"ZCMC":"9周","YPSJDD":"1-8周 星期三 第1节-第2节 南湖南-博学西楼-214,1-5周 星期五 第1节-第2节 南湖南-博学西楼-214,9周 星期日 第1节-第2节 南湖南-博学西楼-214,7-8周 星期五 第1节-第2节 南湖南-博学西楼-214","XF":2,"SKXQ":7,"XNXQDM":"2024-2025-2","KCM":"生物药物分析","JASDM":"0202030214","JXLDM":"020203","JXBID":"20242-02464","SKBJ":"制药H2201-03,生物制药2201","TYXMDM":null,"KCH":"10164117048"},{"KKDWDM":"072","XS":48,"BYBZ":"0","JSJC":5,"XXXQDM":"02","KXH":"01","KSJC":3,"XKZRS":54,"SKZC":"000000000011111110000000000000","SKJS":"陈刚","ISTK":0,"ZCMC":"11-17周","YPSJDD":"1-9周 星期四 第3节-第5节 南湖南-博学西楼-214,11-17周 星期四 第3节-第5节 南湖南-博学西楼-214","XF":3,"SKXQ":4,"XNXQDM":"2024-2025-2","KCM":"弹性力学B","JASDM":"0202030214","JXLDM":"020203","JXBID":"20242-05841","SKBJ":"采矿2301-02","TYXMDM":null,"KCH":"10085111005"},{"KKDWDM":"010","XS":32,"BYBZ":"0","JSJC":2,"XXXQDM":"02","KXH":"01","KSJC":1,"XKZRS":48,"SKZC":"000000000011111100000000000000","SKJS":"赵云良","ISTK":0,"ZCMC":"11-16周","YPSJDD":"9周 星期五 第1节-第2节 南湖南-博学西楼-214,11-16周 星期五 第1节-第2节 南湖南-博学西楼-214,17周 星期三 第1节-第2节 南湖南-博学西楼-214,9-16周 星期二 第9节-第10节 南湖南-博学西楼-214","XF":2,"SKXQ":5,"XNXQDM":"2024-2025-2","KCM":"非金属矿物新型建筑材料","JASDM":"0202030214","JXLDM":"020203","JXBID":"20242-02193","SKBJ":"矿物zy2201-02","TYXMDM":null,"KCH":"10096111001"},{"KKDWDM":"010","XS":32,"BYBZ":"0","JSJC":2,"XXXQDM":"02","KXH":"01","KSJC":1,"XKZRS":50,"SKZC":"000000000001110000000000000000","SKJS":"刁红丽,刘艳丽,黄永炳","ISTK":0,"ZCMC":"12-14周","YPSJDD":"16-17周 星期一 第1节-第2节 南湖南-博学西楼-214,17周 星期二 第1节-第2节 南湖南-博学西楼-214,12-14周 星期一 第1节-第2节 南湖南-博学西楼-214,1-10周 星期一 第1节-第2节 南湖南-博学西楼-214","XF":2,"SKXQ":1,"XNXQDM":"2024-2025-2","KCM":"环境微生物学","JASDM":"0202030214","JXLDM":"020203","JXBID":"20242-04323","SKBJ":"环科2301-02","TYXMDM":null,"KCH":"10096111003"},{"KKDWDM":"009","XS":32,"BYBZ":"0","JSJC":7,"XXXQDM":"02","KXH":"01","KSJC":6,"XKZRS":45,"SKZC":"000000000001000000000000","SKJS":"程静","ISTK":0,"ZCMC":"12周","YPSJDD":"12周 星期一 第6节-第7节 南湖南-博学西楼-214,1-10周 星期一 第6节-第8节 南湖南-博学西楼-214","XF":2,"SKXQ":1,"XNXQDM":"2024-2025-2","KCM":"智慧水务","JASDM":"0202030214","JXLDM":"020203","JXBID":"20242-02700","SKBJ":"给排水2201","TYXMDM":null,"KCH":"10096121120"},{"KKDWDM":"017","XS":40,"BYBZ":"0","JSJC":4,"XXXQDM":"02","KXH":"01","KSJC":3,"XKZRS":20,"SKZC":"000000000000010100000000","SKJS":"朱新艳","ISTK":0,"ZCMC":"14-16周(双)","YPSJDD":"14-16周(双) 星期一 第3节-第4节 南湖南-博学西楼-214,1-10周,12-13周 星期一 第3节-第5节 南湖南-博学西楼-214","XF":2,"SKXQ":1,"XNXQDM":"2024-2025-2","KCM":"人力资源管理","JASDM":"0202030214","JXLDM":"020203","JXBID":"20242-05109","SKBJ":"工商t2301","TYXMDM":null,"KCH":"10174121168"},{"KKDWDM":"010","XS":32,"BYBZ":"0","JSJC":2,"XXXQDM":"02","KXH":"01","KSJC":1,"XKZRS":50,"SKZC":"000000000000000110000000000000","SKJS":"刁红丽,刘艳丽,黄永炳","ISTK":0,"ZCMC":"16-17周","YPSJDD":"16-17周 星期一 第1节-第2节 南湖南-博学西楼-214,17周 星期二 第1节-第2节 南湖南-博学西楼-214,12-14周 星期一 第1节-第2节 南湖南-博学西楼-214,1-10周 星期一 第1节-第2节 南湖南-博学西楼-214","XF":2,"SKXQ":1,"XNXQDM":"2024-2025-2","KCM":"环境微生物学","JASDM":"0202030214","JXLDM":"020203","JXBID":"20242-04323","SKBJ":"环科2301-02","TYXMDM":null,"KCH":"10096111003"},{"KKDWDM":"010","XS":32,"BYBZ":"0","JSJC":2,"XXXQDM":"02","KXH":"01","KSJC":1,"XKZRS":50,"SKZC":"000000000000000010000000000000","SKJS":"刁红丽,刘艳丽,黄永炳","ISTK":0,"ZCMC":"17周","YPSJDD":"16-17周 星期一 第1节-第2节 南湖南-博学西楼-214,17周 星期二 第1节-第2节 南湖南-博学西楼-214,12-14周 星期一 第1节-第2节 南湖南-博学西楼-214,1-10周 星期一 第1节-第2节 南湖南-博学西楼-214","XF":2,"SKXQ":2,"XNXQDM":"2024-2025-2","KCM":"环境微生物学","JASDM":"0202030214","JXLDM":"020203","JXBID":"20242-04323","SKBJ":"环科2301-02","TYXMDM":null,"KCH":"10096111003"},{"KKDWDM":"010","XS":32,"BYBZ":"0","JSJC":2,"XXXQDM":"02","KXH":"01","KSJC":1,"XKZRS":48,"SKZC":"000000000000000010000000000000","SKJS":"赵云良","ISTK":0,"ZCMC":"17周","YPSJDD":"9周 星期五 第1节-第2节 南湖南-博学西楼-214,11-16周 星期五 第1节-第2节 南湖南-博学西楼-214,17周 星期三 第1节-第2节 南湖南-博学西楼-214,9-16周 星期二 第9节-第10节 南湖南-博学西楼-214","XF":2,"SKXQ":3,"XNXQDM":"2024-2025-2","KCM":"非金属矿物新型建筑材料","JASDM":"0202030214","JXLDM":"020203","JXBID":"20242-02193","SKBJ":"矿物zy2201-02","TYXMDM":null,"KCH":"10096111001"}]}},"code":"0"}