{"datas":{"jaskcb":{"extParams":{"code":1,"msg":"查询成功"},"pageSize":0,"pageNumber":0,"totalSize":-1,"rows":[{"KKDWDM":"038","XS":32,"BYBZ":"0","JSJC":10,"XXXQDM":"02","KXH":"13","KSJC":9,"XKZRS":102,"SKZC":"11111111111111110000","SKJS":"汪平","ISTK":0,"ZCMC":"1-16周","YPSJDD":"1-16周 星期二 第9节-第10节 南湖南-博学主楼-201","XF":2,"SKXQ":2,"XNXQDM":"2024-2025-2","KCM":"军事理论","JASDM":"0202040201","JXLDM":"020204","JXBID":"20242-12123","SKBJ":"车辆类2409-12","TYXMDM":null,"KCH":"10381121001"},{"KKDWDM":"071","XS":88,"BYBZ":"0","JSJC":4,"XXXQDM":"02","KXH":"06","KSJC":3,"XKZRS":132,"SKZC":"111111111111111000000000000000","SKJS":"丁敏","ISTK":0,"ZCMC":"1-15周","YPSJDD":"12-14周 星期一 第1节-第2节 南湖南-博学主楼-201,1-10周 星期一 第1节-第2节 南湖南-博学主楼-201,1-9周 星期四 第1节-第2节 南湖南-博学主楼-201,16-17周 星期一 第1节-第2节 南湖南-博学主楼-201,11-15周 星期四 第1节-第2节 南湖南-博学主楼-201,1-15周 星期三 第3节-第4节 南湖南-博学主楼-201","XF":5,"SKXQ":3,"XNXQDM":"2024-2025-2","KCM":"高等数学A下","JASDM":"0202040201","JXLDM":"020204","JXBID":"20242-06184","SKBJ":"化生类2401-04","TYXMDM":null,"KCH":"10153121060"},{"KKDWDM":"071","XS":88,"BYBZ":"0","JSJC":2,"XXXQDM":"02","KXH":"10","KSJC":1,"XKZRS":140,"SKZC":"111111111111111000000000000000","SKJS":"薛琼","ISTK":0,"ZCMC":"1-15周","YPSJDD":"1-15周 星期三 第1节-第2节 南湖南-博学主楼-201,11-15周 星期四 第3节-第4节 南湖南-博学主楼-201,12-14周 星期一 第3节-第4节 南湖南-博学主楼-201,16-17周 星期一 第3节-第4节 南湖南-博学主楼-201,1-9周 星期四 第3节-第4节 南湖南-博学主楼-201,1-10周 星期一 第3节-第4节 南湖南-博学主楼-201","XF":5,"SKXQ":3,"XNXQDM":"2024-2025-2","KCM":"高等数学A下","JASDM":"0202040201","JXLDM":"020204","JXBID":"20242-06290","SKBJ":"机电类2402-04,机电类2416","TYXMDM":null,"KCH":"10153121060"},{"KKDWDM":"071","XS":40,"BYBZ":"0","JSJC":5,"XXXQDM":"02","KXH":"24","KSJC":3,"XKZRS":141,"SKZC":"111111111111000000000000","SKJS":"周俊","ISTK":0,"ZCMC":"1-12周","YPSJDD":"13-14周 星期二 第3节-第4节 南湖南-博学主楼-201,1-12周 星期二 第3节-第5节 南湖南-博学主楼-201","XF":2,"SKXQ":2,"XNXQDM":"2024-2025-2","KCM":"线性代数","JASDM":"0202040201","JXLDM":"020204","JXBID":"20242-11741","SKBJ":"机电类2402-04,机电类2416","TYXMDM":null,"KCH":"10153111001"},{"KKDWDM":"021","XS":36,"BYBZ":"0","JSJC":8,"XXXQDM":"02","KXH":"90","KSJC":6,"XKZRS":104,"SKZC":"111111111100000000000000000000","SKJS":"孔国成","ISTK":0,"ZCMC":"1-10周","YPSJDD":"12-13周 星期一 第6节-第8节 南湖南-博学主楼-201,1-10周 星期一 第6节-第8节 南湖南-博学主楼-201","XF":2,"SKXQ":1,"XNXQDM":"2024-2025-2","KCM":"习近平新时代中国特色社会主义思想概论","JASDM":"0202040201","JXLDM":"020204","JXBID":"20242-04988","SKBJ":"安全2301-02,应急2301","TYXMDM":null,"KCH":"10211121033"},{"KKDWDM":"071","XS":88,"BYBZ":"0","JSJC":2,"XXXQDM":"02","KXH":"06","KSJC":1,"XKZRS":132,"SKZC":"111111111100000000000000000000","SKJS":"丁敏","ISTK":0,"ZCMC":"1-10周","YPSJDD":"12-14周 星期一 第1节-第2节 南湖南-博学主楼-201,1-10周 星期一 第1节-第2节 南湖南-博学主楼-201,1-9周 星期四 第1节-第2节 南湖南-博学主楼-201,16-17周 星期一 第1节-第2节 南湖南-博学主楼-201,11-15周 星期四 第1节-第2节 南湖南-博学主楼-201,1-15周 星期三 第3节-第4节 南湖南-博学主楼-201","XF":5,"SKXQ":1,"XNXQDM":"2024-2025-2","KCM":"高等数学A下","JASDM":"0202040201","JXLDM":"020204","JXBID":"20242-06184","SKBJ":"化生类2401-04","TYXMDM":null,"KCH":"10153121060"},{"KKDWDM":"071","XS":88,"BYBZ":"0","JSJC":4,"XXXQDM":"02","KXH":"10","KSJC":3,"XKZRS":140,"SKZC":"111111111100000000000000000000","SKJS":"薛琼","ISTK":0,"ZCMC":"1-10周","YPSJDD":"1-15周 星期三 第1节-第2节 南湖南-博学主楼-201,11-15周 星期四 第3节-第4节 南湖南-博学主楼-201,12-14周 星期一 第3节-第4节 南湖南-博学主楼-201,16-17周 星期一 第3节-第4节 南湖南-博学主楼-201,1-9周 星期四 第3节-第4节 南湖南-博学主楼-201,1-10周 星期一 第3节-第4节 南湖南-博学主楼-201","XF":5,"SKXQ":1,"XNXQDM":"2024-2025-2","KCM":"高等数学A下","JASDM":"0202040201","JXLDM":"020204","JXBID":"20242-06290","SKBJ":"机电类2402-04,机电类2416","TYXMDM":null,"KCH":"10153121060"},{"KKDWDM":"008","XS":32,"BYBZ":"0","JSJC":8,"XXXQDM":"02","KXH":"01","KSJC":6,"XKZRS":71,"SKZC":"111111111100000000000000","SKJS":"李瑞亚","ISTK":0,"ZCMC":"1-10周","YPSJDD":"11周 星期三 第6节-第7节 南湖南-博学主楼-201,1-10周 星期三 第6节-第8节 南湖南-博学主楼-201","XF":2,"SKXQ":3,"XNXQDM":"2024-2025-2","KCM":"制造系统的感知与决策","JASDM":"0202040201","JXLDM":"020204","JXBID":"20242-02728","SKBJ":"智能制造2201-02","TYXMDM":null,"KCH":"10085121010"},{"KKDWDM":"017","XS":32,"BYBZ":"0","JSJC":13,"XXXQDM":"02","KXH":"01","KSJC":11,"XKZRS":135,"SKZC":"111111111100000000000000","SKJS":"蒲小萍,谢宝国","ISTK":0,"ZCMC":"1-10周","YPSJDD":"11周 星期二 第11节-第12节 南湖南-博学主楼-201,1-10周 星期二 第11节-第13节 南湖南-博学主楼-201","XF":2,"SKXQ":2,"XNXQDM":"2024-2025-2","KCM":"心理学与生活(GX)","JASDM":"0202040201","JXLDM":"020204","JXBID":"20242-08293","SKBJ":"公选-08293","TYXMDM":null,"KCH":"10172121265"},{"KKDWDM":"071","XS":88,"BYBZ":"0","JSJC":2,"XXXQDM":"02","KXH":"06","KSJC":1,"XKZRS":132,"SKZC":"111111111000000000000000000000","SKJS":"丁敏","ISTK":0,"ZCMC":"1-9周","YPSJDD":"12-14周 星期一 第1节-第2节 南湖南-博学主楼-201,1-10周 星期一 第1节-第2节 南湖南-博学主楼-201,1-9周 星期四 第1节-第2节 南湖南-博学主楼-201,16-17周 星期一 第1节-第2节 南湖南-博学主楼-201,11-15周 星期四 第1节-第2节 南湖南-博学主楼-201,1-15周 星期三 第3节-第4节 南湖南-博学主楼-201","XF":5,"SKXQ":4,"XNXQDM":"2024-2025-2","KCM":"高等数学A下","JASDM":"0202040201","JXLDM":"020204","JXBID":"20242-06184","SKBJ":"化生类2401-04","TYXMDM":null,"KCH":"10153121060"},{"KKDWDM":"071","XS":88,"BYBZ":"0","JSJC":4,"XXXQDM":"02","KXH":"10","KSJC":3,"XKZRS":140,"SKZC":"111111111000000000000000000000","SKJS":"薛琼","ISTK":0,"ZCMC":"1-9周","YPSJDD":"1-15周 星期三 第1节-第2节 南湖南-博学主楼-201,11-15周 星期四 第3节-第4节 南湖南-博学主楼-201,12-14周 星期一 第3节-第4节 南湖南-博学主楼-201,16-17周 星期一 第3节-第4节 南湖南-博学主楼-201,1-9周 星期四 第3节-第4节 南湖南-博学主楼-201,1-10周 星期一 第3节-第4节 南湖南-博学主楼-201","XF":5,"SKXQ":4,"XNXQDM":"2024-2025-2","KCM":"高等数学A下","JASDM":"0202040201","JXLDM":"020204","JXBID":"20242-06290","SKBJ":"机电类2402-04,机电类2416","TYXMDM":null,"KCH":"10153121060"},{"KKDWDM":"017","XS":40,"BYBZ":"0","JSJC":2,"XXXQDM":"02","KXH":"02","KSJC":1,"XKZRS":64,"SKZC":"111111110000000000000000000000","SKJS":"吕浩","ISTK":0,"ZCMC":"1-8周","YPSJDD":"1-5周 星期五 第3节-第5节 南湖南-博学主楼-201,9周 星期日 第3节-第5节 南湖南-博学主楼-201,7-8周 星期五 第3节-第5节 南湖南-博学主楼-201,1-8周 星期二 第1节-第2节 南湖南-博学主楼-201","XF":2,"SKXQ":2,"XNXQDM":"2024-2025-2","KCM":"企业形象管理B","JASDM":"0202040201","JXLDM":"020204","JXBID":"20242-03054","SKBJ":"创管2201,工商2201-02,工商gj2201,工商t2201","TYXMDM":null,"KCH":"10203111002"},{"KKDWDM":"023","XS":32,"BYBZ":"0","JSJC":12,"XXXQDM":"02","KXH":"01","KSJC":11,"XKZRS":18,"SKZC":"111111100000000000000000000000","SKJS":"冯谦,李墨潇,胡少华","ISTK":0,"ZCMC":"1-7周","YPSJDD":"1-7周 星期三 第11节-第12节 南湖南-博学主楼-201,1-7周 星期一 第11节-第12节 南湖南-博学主楼-201","XF":2,"SKXQ":1,"XNXQDM":"2024-2025-2","KCM":"应急管理理论与实践(JD)","JASDM":"0202040201","JXLDM":"020204","JXBID":"20242-08715","SKBJ":"公选-08715","TYXMDM":null,"KCH":"10236121167"},{"KKDWDM":"023","XS":32,"BYBZ":"0","JSJC":12,"XXXQDM":"02","KXH":"01","KSJC":11,"XKZRS":18,"SKZC":"111111100000000000000000000000","SKJS":"冯谦,李墨潇,胡少华","ISTK":0,"ZCMC":"1-7周","YPSJDD":"1-7周 星期三 第11节-第12节 南湖南-博学主楼-201,1-7周 星期一 第11节-第12节 南湖南-博学主楼-201","XF":2,"SKXQ":3,"XNXQDM":"2024-2025-2","KCM":"应急管理理论与实践(JD)","JASDM":"0202040201","JXLDM":"020204","JXBID":"20242-08715","SKBJ":"公选-08715","TYXMDM":null,"KCH":"10236121167"},{"KKDWDM":"007","XS":24,"BYBZ":"0","JSJC":8,"XXXQDM":"02","KXH":"01","KSJC":6,"XKZRS":122,"SKZC":"111111000000000000000000","SKJS":"余晨光","ISTK":0,"ZCMC":"1-6周","YPSJDD":"7周 星期二 第6节-第7节 南湖南-博学主楼-201,1-6周 星期二 第6节-第8节 南湖南-博学主楼-201","XF":1,"SKXQ":2,"XNXQDM":"2024-2025-2","KCM":"汽车自动变速技术","JASDM":"0202040201","JXLDM":"020204","JXBID":"20242-02215","SKBJ":"车辆gj2201-04","TYXMDM":null,"KCH":"10075121001"},{"KKDWDM":"017","XS":32,"BYBZ":"0","JSJC":8,"XXXQDM":"02","KXH":"01","KSJC":6,"XKZRS":81,"SKZC":"111110111010000000000000","SKJS":"石路","ISTK":0,"ZCMC":"1-5周,7-9周,11周","YPSJDD":"12周 星期五 第6节-第7节 南湖南-博学主楼-201,1-5周,7-9周,11周 星期五 第6节-第8节 南湖南-博学主楼-201,9周 星期日 第6节-第8节 南湖南-博学主楼-201","XF":2,"SKXQ":5,"XNXQDM":"2024-2025-2","KCM":"金融科技概论","JASDM":"0202040201","JXLDM":"020204","JXBID":"20242-02617","SKBJ":"会计2201-03,财务2202","TYXMDM":null,"KCH":"10175121068"},{"KKDWDM":"017","XS":40,"BYBZ":"0","JSJC":5,"XXXQDM":"02","KXH":"02","KSJC":3,"XKZRS":64,"SKZC":"111110000000000000000000000000","SKJS":"吕浩","ISTK":0,"ZCMC":"1-5周","YPSJDD":"1-5周 星期五 第3节-第5节 南湖南-博学主楼-201,9周 星期日 第3节-第5节 南湖南-博学主楼-201,7-8周 星期五 第3节-第5节 南湖南-博学主楼-201,1-8周 星期二 第1节-第2节 南湖南-博学主楼-201","XF":2,"SKXQ":5,"XNXQDM":"2024-2025-2","KCM":"企业形象管理B","JASDM":"0202040201","JXLDM":"020204","JXBID":"20242-03054","SKBJ":"创管2201,工商2201-02,工商gj2201,工商t2201","TYXMDM":null,"KCH":"10203111002"},{"KKDWDM":"017","XS":40,"BYBZ":"0","JSJC":5,"XXXQDM":"02","KXH":"02","KSJC":3,"XKZRS":64,"SKZC":"000000110000000000000000000000","SKJS":"吕浩","ISTK":0,"ZCMC":"7-8周","YPSJDD":"1-5周 星期五 第3节-第5节 南湖南-博学主楼-201,9周 星期日 第3节-第5节 南湖南-博学主楼-201,7-8周 星期五 第3节-第5节 南湖南-博学主楼-201,1-8周 星期二 第1节-第2节 南湖南-博学主楼-201","XF":2,"SKXQ":5,"XNXQDM":"2024-2025-2","KCM":"企业形象管理B","JASDM":"0202040201","JXLDM":"020204","JXBID":"20242-03054","SKBJ":"创管2201,工商2201-02,工商gj2201,工商t2201","TYXMDM":null,"KCH":"10203111002"},{"KKDWDM":"007","XS":24,"BYBZ":"0","JSJC":7,"XXXQDM":"02","KXH":"01","KSJC":6,"XKZRS":122,"SKZC":"000000100000000000000000","SKJS":"余晨光","ISTK":0,"ZCMC":"7周","YPSJDD":"7周 星期二 第6节-第7节 南湖南-博学主楼-201,1-6周 星期二 第6节-第8节 南湖南-博学主楼-201","XF":1,"SKXQ":2,"XNXQDM":"2024-2025-2","KCM":"汽车自动变速技术","JASDM":"0202040201","JXLDM":"020204","JXBID":"20242-02215","SKBJ":"车辆gj2201-04","TYXMDM":null,"KCH":"10075121001"},{"KKDWDM":"021","XS":8,"BYBZ":"0","JSJC":10,"XXXQDM":"02","KXH":"316","KSJC":9,"XKZRS":139,"SKZC":"0000000110110000000000000","SKJS":"万伟伟","ISTK":0,"ZCMC":"8-9周,11-12周","YPSJDD":"8-9周,11-12周 星期四 第9节-第10节 南湖南-博学主楼-201","XF":0,"SKXQ":4,"XNXQDM":"2024-2025-2","KCM":"形势与政策","JASDM":"0202040201","JXLDM":"020204","JXBID":"20242-13953","SKBJ":"土木类2402-10,政治2401,数学类2406-10,机电类2413,法学类2403-04,环科类2404,自动化类2409,设计学类2401,车辆gj2403,车辆类2401","TYXMDM":null,"KCH":"10218121092"},{"KKDWDM":"021","XS":8,"BYBZ":"0","JSJC":7,"XXXQDM":"02","KXH":"672","KSJC":6,"XKZRS":134,"SKZC":"0000000110110000000000000","SKJS":"黄薇","ISTK":0,"ZCMC":"8-9周,11-12周","YPSJDD":"8-9周,11-12周 星期四 第6节-第7节 南湖南-博学主楼-201","XF":0,"SKXQ":4,"XNXQDM":"2024-2025-2","KCM":"形势与政策","JASDM":"0202040201","JXLDM":"020204","JXBID":"20242-14263","SKBJ":"动画2401,数学类2405,机电类2412,材料类2404-08,材科sy2403,法学类2406,环科类2402,电信类2408-13,设计学类2406,金融gj2402","TYXMDM":null,"KCH":"10218121092"},{"KKDWDM":"017","XS":48,"BYBZ":"0","JSJC":8,"XXXQDM":"02","KXH":"01","KSJC":6,"XKZRS":49,"SKZC":"000000001111111100000000000000","SKJS":"王宏宇,黄菡","ISTK":0,"ZCMC":"9-16周","YPSJDD":"17周 星期三 第3节-第4节 南湖南-博学主楼-201,11-16周 星期五 第3节-第4节 南湖南-博学主楼-201,9-16周 星期二 第6节-第8节 南湖南-博学主楼-201,9周 星期五 第3节-第4节 南湖南-博学主楼-201","XF":3,"SKXQ":2,"XNXQDM":"2024-2025-2","KCM":"MIS高级数据库技术","JASDM":"0202040201","JXLDM":"020204","JXBID":"20242-11198","SKBJ":"信管2201-03","TYXMDM":null,"KCH":"10175117034"},{"KKDWDM":"017","XS":48,"BYBZ":"0","JSJC":4,"XXXQDM":"02","KXH":"01","KSJC":3,"XKZRS":49,"SKZC":"000000001000000000000000000000","SKJS":"王宏宇,黄菡","ISTK":0,"ZCMC":"9周","YPSJDD":"17周 星期三 第3节-第4节 南湖南-博学主楼-201,11-16周 星期五 第3节-第4节 南湖南-博学主楼-201,9-16周 星期二 第6节-第8节 南湖南-博学主楼-201,9周 星期五 第3节-第4节 南湖南-博学主楼-201","XF":3,"SKXQ":5,"XNXQDM":"2024-2025-2","KCM":"MIS高级数据库技术","JASDM":"0202040201","JXLDM":"020204","JXBID":"20242-11198","SKBJ":"信管2201-03","TYXMDM":null,"KCH":"10175117034"},{"KKDWDM":"017","XS":40,"BYBZ":"0","JSJC":5,"XXXQDM":"02","KXH":"02","KSJC":3,"XKZRS":64,"SKZC":"000000001000000000000000000000","SKJS":"吕浩","ISTK":0,"ZCMC":"9周","YPSJDD":"1-5周 星期五 第3节-第5节 南湖南-博学主楼-201,9周 星期日 第3节-第5节 南湖南-博学主楼-201,7-8周 星期五 第3节-第5节 南湖南-博学主楼-201,1-8周 星期二 第1节-第2节 南湖南-博学主楼-201","XF":2,"SKXQ":7,"XNXQDM":"2024-2025-2","KCM":"企业形象管理B","JASDM":"0202040201","JXLDM":"020204","JXBID":"20242-03054","SKBJ":"创管2201,工商2201-02,工商gj2201,工商t2201","TYXMDM":null,"KCH":"10203111002"},{"KKDWDM":"017","XS":32,"BYBZ":"0","JSJC":8,"XXXQDM":"02","KXH":"01","KSJC":6,"XKZRS":81,"SKZC":"000000001000000000000000","SKJS":"石路","ISTK":0,"ZCMC":"9周","YPSJDD":"12周 星期五 第6节-第7节 南湖南-博学主楼-201,1-5周,7-9周,11周 星期五 第6节-第8节 南湖南-博学主楼-201,9周 星期日 第6节-第8节 南湖南-博学主楼-201","XF":2,"SKXQ":7,"XNXQDM":"2024-2025-2","KCM":"金融科技概论","JASDM":"0202040201","JXLDM":"020204","JXBID":"20242-02617","SKBJ":"会计2201-03,财务2202","TYXMDM":null,"KCH":"10175121068"},{"KKDWDM":"017","XS":48,"BYBZ":"0","JSJC":4,"XXXQDM":"02","KXH":"01","KSJC":3,"XKZRS":49,"SKZC":"000000000011111100000000000000","SKJS":"王宏宇,黄菡","ISTK":0,"ZCMC":"11-16周","YPSJDD":"17周 星期三 第3节-第4节 南湖南-博学主楼-201,11-16周 星期五 第3节-第4节 南湖南-博学主楼-201,9-16周 星期二 第6节-第8节 南湖南-博学主楼-201,9周 星期五 第3节-第4节 南湖南-博学主楼-201","XF":3,"SKXQ":5,"XNXQDM":"2024-2025-2","KCM":"MIS高级数据库技术","JASDM":"0202040201","JXLDM":"020204","JXBID":"20242-11198","SKBJ":"信管2201-03","TYXMDM":null,"KCH":"10175117034"},{"KKDWDM":"071","XS":88,"BYBZ":"0","JSJC":2,"XXXQDM":"02","KXH":"06","KSJC":1,"XKZRS":132,"SKZC":"000000000011111000000000000000","SKJS":"丁敏","ISTK":0,"ZCMC":"11-15周","YPSJDD":"12-14周 星期一 第1节-第2节 南湖南-博学主楼-201,1-10周 星期一 第1节-第2节 南湖南-博学主楼-201,1-9周 星期四 第1节-第2节 南湖南-博学主楼-201,16-17周 星期一 第1节-第2节 南湖南-博学主楼-201,11-15周 星期四 第1节-第2节 南湖南-博学主楼-201,1-15周 星期三 第3节-第4节 南湖南-博学主楼-201","XF":5,"SKXQ":4,"XNXQDM":"2024-2025-2","KCM":"高等数学A下","JASDM":"0202040201","JXLDM":"020204","JXBID":"20242-06184","SKBJ":"化生类2401-04","TYXMDM":null,"KCH":"10153121060"},{"KKDWDM":"071","XS":88,"BYBZ":"0","JSJC":4,"XXXQDM":"02","KXH":"10","KSJC":3,"XKZRS":140,"SKZC":"000000000011111000000000000000","SKJS":"薛琼","ISTK":0,"ZCMC":"11-15周","YPSJDD":"1-15周 星期三 第1节-第2节 南湖南-博学主楼-201,11-15周 星期四 第3节-第4节 南湖南-博学主楼-201,12-14周 星期一 第3节-第4节 南湖南-博学主楼-201,16-17周 星期一 第3节-第4节 南湖南-博学主楼-201,1-9周 星期四 第3节-第4节 南湖南-博学主楼-201,1-10周 星期一 第3节-第4节 南湖南-博学主楼-201","XF":5,"SKXQ":4,"XNXQDM":"2024-2025-2","KCM":"高等数学A下","JASDM":"0202040201","JXLDM":"020204","JXBID":"20242-06290","SKBJ":"机电类2402-04,机电类2416","TYXMDM":null,"KCH":"10153121060"},{"KKDWDM":"008","XS":32,"BYBZ":"0","JSJC":7,"XXXQDM":"02","KXH":"01","KSJC":6,"XKZRS":71,"SKZC":"000000000010000000000000","SKJS":"李瑞亚","ISTK":0,"ZCMC":"11周","YPSJDD":"11周 星期三 第6节-第7节 南湖南-博学主楼-201,1-10周 星期三 第6节-第8节 南湖南-博学主楼-201","XF":2,"SKXQ":3,"XNXQDM":"2024-2025-2","KCM":"制造系统的感知与决策","JASDM":"0202040201","JXLDM":"020204","JXBID":"20242-02728","SKBJ":"智能制造2201-02","TYXMDM":null,"KCH":"10085121010"},{"KKDWDM":"017","XS":32,"BYBZ":"0","JSJC":12,"XXXQDM":"02","KXH":"01","KSJC":11,"XKZRS":135,"SKZC":"000000000010000000000000","SKJS":"蒲小萍,谢宝国","ISTK":0,"ZCMC":"11周","YPSJDD":"11周 星期二 第11节-第12节 南湖南-博学主楼-201,1-10周 星期二 第11节-第13节 南湖南-博学主楼-201","XF":2,"SKXQ":2,"XNXQDM":"2024-2025-2","KCM":"心理学与生活(GX)","JASDM":"0202040201","JXLDM":"020204","JXBID":"20242-08293","SKBJ":"公选-08293","TYXMDM":null,"KCH":"10172121265"},{"KKDWDM":"071","XS":88,"BYBZ":"0","JSJC":4,"XXXQDM":"02","KXH":"10","KSJC":3,"XKZRS":140,"SKZC":"000000000001110000000000000000","SKJS":"薛琼","ISTK":0,"ZCMC":"12-14周","YPSJDD":"1-15周 星期三 第1节-第2节 南湖南-博学主楼-201,11-15周 星期四 第3节-第4节 南湖南-博学主楼-201,12-14周 星期一 第3节-第4节 南湖南-博学主楼-201,16-17周 星期一 第3节-第4节 南湖南-博学主楼-201,1-9周 星期四 第3节-第4节 南湖南-博学主楼-201,1-10周 星期一 第3节-第4节 南湖南-博学主楼-201","XF":5,"SKXQ":1,"XNXQDM":"2024-2025-2","KCM":"高等数学A下","JASDM":"0202040201","JXLDM":"020204","JXBID":"20242-06290","SKBJ":"机电类2402-04,机电类2416","TYXMDM":null,"KCH":"10153121060"},{"KKDWDM":"071","XS":88,"BYBZ":"0","JSJC":2,"XXXQDM":"02","KXH":"06","KSJC":1,"XKZRS":132,"SKZC":"000000000001110000000000000000","SKJS":"丁敏","ISTK":0,"ZCMC":"12-14周","YPSJDD":"12-14周 星期一 第1节-第2节 南湖南-博学主楼-201,1-10周 星期一 第1节-第2节 南湖南-博学主楼-201,1-9周 星期四 第1节-第2节 南湖南-博学主楼-201,16-17周 星期一 第1节-第2节 南湖南-博学主楼-201,11-15周 星期四 第1节-第2节 南湖南-博学主楼-201,1-15周 星期三 第3节-第4节 南湖南-博学主楼-201","XF":5,"SKXQ":1,"XNXQDM":"2024-2025-2","KCM":"高等数学A下","JASDM":"0202040201","JXLDM":"020204","JXBID":"20242-06184","SKBJ":"化生类2401-04","TYXMDM":null,"KCH":"10153121060"},{"KKDWDM":"021","XS":36,"BYBZ":"0","JSJC":8,"XXXQDM":"02","KXH":"90","KSJC":6,"XKZRS":104,"SKZC":"000000000001100000000000000000","SKJS":"孔国成","ISTK":0,"ZCMC":"12-13周","YPSJDD":"12-13周 星期一 第6节-第8节 南湖南-博学主楼-201,1-10周 星期一 第6节-第8节 南湖南-博学主楼-201","XF":2,"SKXQ":1,"XNXQDM":"2024-2025-2","KCM":"习近平新时代中国特色社会主义思想概论","JASDM":"0202040201","JXLDM":"020204","JXBID":"20242-04988","SKBJ":"安全2301-02,应急2301","TYXMDM":null,"KCH":"10211121033"},{"KKDWDM":"017","XS":32,"BYBZ":"0","JSJC":7,"XXXQDM":"02","KXH":"01","KSJC":6,"XKZRS":81,"SKZC":"000000000001000000000000","SKJS":"石路","ISTK":0,"ZCMC":"12周","YPSJDD":"12周 星期五 第6节-第7节 南湖南-博学主楼-201,1-5周,7-9周,11周 星期五 第6节-第8节 南湖南-博学主楼-201,9周 星期日 第6节-第8节 南湖南-博学主楼-201","XF":2,"SKXQ":5,"XNXQDM":"2024-2025-2","KCM":"金融科技概论","JASDM":"0202040201","JXLDM":"020204","JXBID":"20242-02617","SKBJ":"会计2201-03,财务2202","TYXMDM":null,"KCH":"10175121068"},{"KKDWDM":"021","XS":8,"BYBZ":"0","JSJC":7,"XXXQDM":"02","KXH":"674","KSJC":6,"XKZRS":134,"SKZC":"0000000000001111000000000","SKJS":"王冬晓","ISTK":0,"ZCMC":"13-16周","YPSJDD":"13-16周 星期四 第6节-第7节 南湖南-博学主楼-201","XF":0,"SKXQ":4,"XNXQDM":"2024-2025-2","KCM":"形势与政策","JASDM":"0202040201","JXLDM":"020204","JXBID":"20242-14265","SKBJ":"信管2403,化生类2404-09,土木类2403,外语类2404-06,数学类2403-04,新闻类2403,自动化类2414,设计学类2408,车辆gj2404,车辆类2403","TYXMDM":null,"KCH":"10218121092"},{"KKDWDM":"021","XS":8,"BYBZ":"0","JSJC":10,"XXXQDM":"02","KXH":"675","KSJC":9,"XKZRS":132,"SKZC":"0000000000001111000000000","SKJS":"高聪","ISTK":0,"ZCMC":"13-16周","YPSJDD":"13-16周 星期四 第9节-第10节 南湖南-博学主楼-201","XF":0,"SKXQ":4,"XNXQDM":"2024-2025-2","KCM":"形势与政策","JASDM":"0202040201","JXLDM":"020204","JXBID":"20242-14266","SKBJ":"信管2402,化生类2402-06,土木类2404,工商类2413,新闻类2402,材料类2417,环科类2406,生科类2406,电信类2405,经济学类2404,自动化类2407,金融kj2401","TYXMDM":null,"KCH":"10218121092"},{"KKDWDM":"071","XS":40,"BYBZ":"0","JSJC":4,"XXXQDM":"02","KXH":"24","KSJC":3,"XKZRS":141,"SKZC":"000000000000110000000000","SKJS":"周俊","ISTK":0,"ZCMC":"13-14周","YPSJDD":"13-14周 星期二 第3节-第4节 南湖南-博学主楼-201,1-12周 星期二 第3节-第5节 南湖南-博学主楼-201","XF":2,"SKXQ":2,"XNXQDM":"2024-2025-2","KCM":"线性代数","JASDM":"0202040201","JXLDM":"020204","JXBID":"20242-11741","SKBJ":"机电类2402-04,机电类2416","TYXMDM":null,"KCH":"10153111001"},{"KKDWDM":"071","XS":88,"BYBZ":"0","JSJC":2,"XXXQDM":"02","KXH":"06","KSJC":1,"XKZRS":132,"SKZC":"000000000000000110000000000000","SKJS":"丁敏","ISTK":0,"ZCMC":"16-17周","YPSJDD":"12-14周 星期一 第1节-第2节 南湖南-博学主楼-201,1-10周 星期一 第1节-第2节 南湖南-博学主楼-201,1-9周 星期四 第1节-第2节 南湖南-博学主楼-201,16-17周 星期一 第1节-第2节 南湖南-博学主楼-201,11-15周 星期四 第1节-第2节 南湖南-博学主楼-201,1-15周 星期三 第3节-第4节 南湖南-博学主楼-201","XF":5,"SKXQ":1,"XNXQDM":"2024-2025-2","KCM":"高等数学A下","JASDM":"0202040201","JXLDM":"020204","JXBID":"20242-06184","SKBJ":"化生类2401-04","TYXMDM":null,"KCH":"10153121060"},{"KKDWDM":"071","XS":88,"BYBZ":"0","JSJC":4,"XXXQDM":"02","KXH":"10","KSJC":3,"XKZRS":140,"SKZC":"000000000000000110000000000000","SKJS":"薛琼","ISTK":0,"ZCMC":"16-17周","YPSJDD":"1-15周 星期三 第1节-第2节 南湖南-博学主楼-201,11-15周 星期四 第3节-第4节 南湖南-博学主楼-201,12-14周 星期一 第3节-第4节 南湖南-博学主楼-201,16-17周 星期一 第3节-第4节 南湖南-博学主楼-201,1-9周 星期四 第3节-第4节 南湖南-博学主楼-201,1-10周 星期一 第3节-第4节 南湖南-博学主楼-201","XF":5,"SKXQ":1,"XNXQDM":"2024-2025-2","KCM":"高等数学A下","JASDM":"0202040201","JXLDM":"020204","JXBID":"20242-06290","SKBJ":"机电类2402-04,机电类2416","TYXMDM":null,"KCH":"10153121060"},{"KKDWDM":"017","XS":48,"BYBZ":"0","JSJC":4,"XXXQDM":"02","KXH":"01","KSJC":3,"XKZRS":49,"SKZC":"000000000000000010000000000000","SKJS":"王宏宇,黄菡","ISTK":0,"ZCMC":"17周","YPSJDD":"17周 星期三 第3节-第4节 南湖南-博学主楼-201,11-16周 星期五 第3节-第4节 南湖南-博学主楼-201,9-16周 星期二 第6节-第8节 南湖南-博学主楼-201,9周 星期五 第3节-第4节 南湖南-博学主楼-201","XF":3,"SKXQ":3,"XNXQDM":"2024-2025-2","KCM":"MIS高级数据库技术","JASDM":"0202040201","JXLDM":"020204","JXBID":"20242-11198","SKBJ":"信管2201-03","TYXMDM":null,"KCH":"10175117034"}]}},"code":"0"}