{"datas":{"jaskcb":{"extParams":{"code":1,"msg":"查询成功"},"pageSize":0,"pageNumber":0,"totalSize":-1,"rows":[{"KKDWDM":"023","XS":32,"BYBZ":"0","JSJC":4,"XXXQDM":"02","KXH":"03","KSJC":3,"XKZRS":83,"SKZC":"1111111111111111","SKJS":"刘星星,杨青","ISTK":0,"ZCMC":"1-16周","YPSJDD":"1-16周 星期三 第3节-第4节 南湖南-博学东楼-405","XF":2,"SKXQ":3,"XNXQDM":"2024-2025-2","KCM":"JAVA项目开发","JASDM":"0202020405","JXLDM":"020202","JXBID":"20242-05545","SKBJ":"数管2301-03","TYXMDM":null,"KCH":"10235121041"},{"KKDWDM":"021","XS":42,"BYBZ":"0","JSJC":8,"XXXQDM":"02","KXH":"30","KSJC":6,"XKZRS":104,"SKZC":"11111111111111","SKJS":"朱喆","ISTK":0,"ZCMC":"1-14周","YPSJDD":"1-14周 星期二 第6节-第8节 南湖南-博学东楼-405","XF":2,"SKXQ":2,"XNXQDM":"2024-2025-2","KCM":"马克思主义基本原理","JASDM":"0202020405","JXLDM":"020202","JXBID":"20242-05000","SKBJ":"安全2301-02,应急2301","TYXMDM":null,"KCH":"10211117035"},{"KKDWDM":"021","XS":36,"BYBZ":"0","JSJC":5,"XXXQDM":"02","KXH":"89","KSJC":3,"XKZRS":109,"SKZC":"111111111111000000000000000000","SKJS":"袁博","ISTK":0,"ZCMC":"1-12周","YPSJDD":"1-12周 星期二 第3节-第5节 南湖南-博学东楼-405","XF":2,"SKXQ":2,"XNXQDM":"2024-2025-2","KCM":"习近平新时代中国特色社会主义思想概论","JASDM":"0202020405","JXLDM":"020202","JXBID":"20242-04982","SKBJ":"环工2301-02,环科2301-02","TYXMDM":null,"KCH":"10211121033"},{"KKDWDM":"021","XS":36,"BYBZ":"0","JSJC":8,"XXXQDM":"02","KXH":"14","KSJC":6,"XKZRS":109,"SKZC":"111111111111","SKJS":"汤梅","ISTK":0,"ZCMC":"1-12周","YPSJDD":"1-12周 星期三 第6节-第8节 南湖南-博学东楼-405","XF":2,"SKXQ":3,"XNXQDM":"2024-2025-2","KCM":"习近平新时代中国特色社会主义思想概论","JASDM":"0202020405","JXLDM":"020202","JXBID":"20242-04481","SKBJ":"软件sy2301,软件zy2301-02","TYXMDM":null,"KCH":"10211121033"},{"KKDWDM":"012","XS":64,"BYBZ":"0","JSJC":5,"XXXQDM":"02","KXH":"01","KSJC":3,"XKZRS":94,"SKZC":"111111111101110100000000","SKJS":"柳星","ISTK":0,"ZCMC":"1-10周,12-14周,16周","YPSJDD":"17周 星期一 第3节-第4节 南湖南-博学东楼-405,17周 星期二 第3节-第4节 南湖南-博学东楼-405,1-10周,12-14周,16周 星期一 第3节-第5节 南湖南-博学东楼-405","XF":4,"SKXQ":1,"XNXQDM":"2024-2025-2","KCM":"计算机组成与体系结构","JASDM":"0202020405","JXLDM":"020202","JXBID":"20242-04844","SKBJ":"软件2301-02","TYXMDM":null,"KCH":"10124121071"},{"KKDWDM":"021","XS":36,"BYBZ":"0","JSJC":8,"XXXQDM":"02","KXH":"48","KSJC":6,"XKZRS":88,"SKZC":"111111111100000000000000000000","SKJS":"孙德忠","ISTK":0,"ZCMC":"1-10周","YPSJDD":"1-10周 星期一 第6节-第8节 南湖南-博学东楼-405,12-13周 星期一 第6节-第8节 南湖南-博学东楼-405","XF":2,"SKXQ":1,"XNXQDM":"2024-2025-2","KCM":"习近平新时代中国特色社会主义思想概论","JASDM":"0202020405","JXLDM":"020202","JXBID":"20242-12228","SKBJ":"法语2302,车辆gj2303-04","TYXMDM":null,"KCH":"10211121033"},{"KKDWDM":"025","XS":32,"BYBZ":"0","JSJC":13,"XXXQDM":"02","KXH":"01","KSJC":11,"XKZRS":140,"SKZC":"111111111100000000000000","SKJS":"刘振元","ISTK":0,"ZCMC":"1-10周","YPSJDD":"11周 星期三 第11节-第12节 南湖南-博学东楼-405,1-10周 星期三 第11节-第13节 南湖南-博学东楼-405","XF":2,"SKXQ":3,"XNXQDM":"2024-2025-2","KCM":"公司创建与营运(GX)","JASDM":"0202020405","JXLDM":"020202","JXBID":"20242-08762","SKBJ":"公选-08762","TYXMDM":null,"KCH":"10252121079"},{"KKDWDM":"022","XS":32,"BYBZ":"0","JSJC":13,"XXXQDM":"02","KXH":"01","KSJC":11,"XKZRS":140,"SKZC":"111111111100000000000000","SKJS":"李明文","ISTK":0,"ZCMC":"1-10周","YPSJDD":"11周 星期二 第11节-第12节 南湖南-博学东楼-405,1-10周 星期二 第11节-第13节 南湖南-博学东楼-405","XF":2,"SKXQ":2,"XNXQDM":"2024-2025-2","KCM":"新闻学","JASDM":"0202020405","JXLDM":"020202","JXBID":"20242-08704","SKBJ":"公选-08704","TYXMDM":null,"KCH":"10226121372"},{"KKDWDM":"017","XS":48,"BYBZ":"0","JSJC":5,"XXXQDM":"02","KXH":"01","KSJC":3,"XKZRS":97,"SKZC":"111111111000000000000000000000","SKJS":"杜丽敬","ISTK":0,"ZCMC":"1-9周","YPSJDD":"11-17周 星期四 第3节-第5节 南湖南-博学东楼-405,1-9周 星期四 第3节-第5节 南湖南-博学东楼-405","XF":3,"SKXQ":4,"XNXQDM":"2024-2025-2","KCM":"物流与供应链管理A","JASDM":"0202020405","JXLDM":"020202","JXBID":"20242-04813","SKBJ":"会计2301-03","TYXMDM":null,"KCH":"10175114012"},{"KKDWDM":"022","XS":24,"BYBZ":"0","JSJC":13,"XXXQDM":"02","KXH":"01","KSJC":11,"XKZRS":140,"SKZC":"111111110000000000000000","SKJS":"雷卫平","ISTK":0,"ZCMC":"1-8周","YPSJDD":"1-8周 星期一 第11节-第13节 南湖南-博学东楼-405","XF":1,"SKXQ":1,"XNXQDM":"2024-2025-2","KCM":"社会中的心理效应(GX)","JASDM":"0202020405","JXLDM":"020202","JXBID":"20242-08692","SKBJ":"公选-08692","TYXMDM":null,"KCH":"10222121205"},{"KKDWDM":"016","XS":48,"BYBZ":"0","JSJC":8,"XXXQDM":"02","KXH":"03","KSJC":6,"XKZRS":136,"SKZC":"111110000000000000000000000000","SKJS":"刘亚群","ISTK":0,"ZCMC":"1-5周","YPSJDD":"9周 星期日 第6节-第8节 南湖南-博学东楼-405,11-16周 星期五 第6节-第8节 南湖南-博学东楼-405,1-5周 星期五 第6节-第8节 南湖南-博学东楼-405,7-9周 星期五 第6节-第8节 南湖南-博学东楼-405,17周 星期三 第6节-第8节 南湖南-博学东楼-405","XF":3,"SKXQ":5,"XNXQDM":"2024-2025-2","KCM":"有机化学C","JASDM":"0202020405","JXLDM":"020202","JXBID":"20242-04402","SKBJ":"复材2301-02,新能源2301","TYXMDM":null,"KCH":"10163112118"},{"KKDWDM":"021","XS":36,"BYBZ":"0","JSJC":5,"XXXQDM":"02","KXH":"120","KSJC":3,"XKZRS":109,"SKZC":"111110000000000000000000000000","SKJS":"袁博","ISTK":0,"ZCMC":"1-5周","YPSJDD":"9周 星期日 第3节-第5节 南湖南-博学东楼-405,11-13周 星期五 第3节-第5节 南湖南-博学东楼-405,7-9周 星期五 第3节-第5节 南湖南-博学东楼-405,1-5周 星期五 第3节-第5节 南湖南-博学东楼-405","XF":2,"SKXQ":5,"XNXQDM":"2024-2025-2","KCM":"习近平新时代中国特色社会主义思想概论","JASDM":"0202020405","JXLDM":"020202","JXBID":"20242-05089","SKBJ":"测控zy2301,过控2301-02","TYXMDM":null,"KCH":"10211121033"},{"KKDWDM":"041","XS":24,"BYBZ":"0","JSJC":13,"XXXQDM":"02","KXH":"02","KSJC":11,"XKZRS":101,"SKZC":"0011111110100000000000000","SKJS":"丁博","ISTK":0,"ZCMC":"3-9周,11周","YPSJDD":"3-9周,11周 星期四 第11节-第13节 南湖南-博学东楼-405","XF":1,"SKXQ":4,"XNXQDM":"2024-2025-2","KCM":"大学生志愿服务指导与实践(GX)","JASDM":"0202020405","JXLDM":"020202","JXBID":"20242-14312","SKBJ":"公选-14312","TYXMDM":null,"KCH":"10412121001"},{"KKDWDM":"016","XS":48,"BYBZ":"0","JSJC":8,"XXXQDM":"02","KXH":"03","KSJC":6,"XKZRS":136,"SKZC":"000000111000000000000000000000","SKJS":"刘亚群","ISTK":0,"ZCMC":"7-9周","YPSJDD":"9周 星期日 第6节-第8节 南湖南-博学东楼-405,11-16周 星期五 第6节-第8节 南湖南-博学东楼-405,1-5周 星期五 第6节-第8节 南湖南-博学东楼-405,7-9周 星期五 第6节-第8节 南湖南-博学东楼-405,17周 星期三 第6节-第8节 南湖南-博学东楼-405","XF":3,"SKXQ":5,"XNXQDM":"2024-2025-2","KCM":"有机化学C","JASDM":"0202020405","JXLDM":"020202","JXBID":"20242-04402","SKBJ":"复材2301-02,新能源2301","TYXMDM":null,"KCH":"10163112118"},{"KKDWDM":"021","XS":36,"BYBZ":"0","JSJC":5,"XXXQDM":"02","KXH":"120","KSJC":3,"XKZRS":109,"SKZC":"000000111000000000000000000000","SKJS":"袁博","ISTK":0,"ZCMC":"7-9周","YPSJDD":"9周 星期日 第3节-第5节 南湖南-博学东楼-405,11-13周 星期五 第3节-第5节 南湖南-博学东楼-405,7-9周 星期五 第3节-第5节 南湖南-博学东楼-405,1-5周 星期五 第3节-第5节 南湖南-博学东楼-405","XF":2,"SKXQ":5,"XNXQDM":"2024-2025-2","KCM":"习近平新时代中国特色社会主义思想概论","JASDM":"0202020405","JXLDM":"020202","JXBID":"20242-05089","SKBJ":"测控zy2301,过控2301-02","TYXMDM":null,"KCH":"10211121033"},{"KKDWDM":"021","XS":36,"BYBZ":"0","JSJC":5,"XXXQDM":"02","KXH":"120","KSJC":3,"XKZRS":109,"SKZC":"000000001000000000000000000000","SKJS":"袁博","ISTK":0,"ZCMC":"9周","YPSJDD":"9周 星期日 第3节-第5节 南湖南-博学东楼-405,11-13周 星期五 第3节-第5节 南湖南-博学东楼-405,7-9周 星期五 第3节-第5节 南湖南-博学东楼-405,1-5周 星期五 第3节-第5节 南湖南-博学东楼-405","XF":2,"SKXQ":7,"XNXQDM":"2024-2025-2","KCM":"习近平新时代中国特色社会主义思想概论","JASDM":"0202020405","JXLDM":"020202","JXBID":"20242-05089","SKBJ":"测控zy2301,过控2301-02","TYXMDM":null,"KCH":"10211121033"},{"KKDWDM":"016","XS":48,"BYBZ":"0","JSJC":8,"XXXQDM":"02","KXH":"03","KSJC":6,"XKZRS":136,"SKZC":"000000001000000000000000000000","SKJS":"刘亚群","ISTK":0,"ZCMC":"9周","YPSJDD":"9周 星期日 第6节-第8节 南湖南-博学东楼-405,11-16周 星期五 第6节-第8节 南湖南-博学东楼-405,1-5周 星期五 第6节-第8节 南湖南-博学东楼-405,7-9周 星期五 第6节-第8节 南湖南-博学东楼-405,17周 星期三 第6节-第8节 南湖南-博学东楼-405","XF":3,"SKXQ":7,"XNXQDM":"2024-2025-2","KCM":"有机化学C","JASDM":"0202020405","JXLDM":"020202","JXBID":"20242-04402","SKBJ":"复材2301-02,新能源2301","TYXMDM":null,"KCH":"10163112118"},{"KKDWDM":"017","XS":48,"BYBZ":"0","JSJC":5,"XXXQDM":"02","KXH":"01","KSJC":3,"XKZRS":97,"SKZC":"000000000011111110000000000000","SKJS":"杜丽敬","ISTK":0,"ZCMC":"11-17周","YPSJDD":"11-17周 星期四 第3节-第5节 南湖南-博学东楼-405,1-9周 星期四 第3节-第5节 南湖南-博学东楼-405","XF":3,"SKXQ":4,"XNXQDM":"2024-2025-2","KCM":"物流与供应链管理A","JASDM":"0202020405","JXLDM":"020202","JXBID":"20242-04813","SKBJ":"会计2301-03","TYXMDM":null,"KCH":"10175114012"},{"KKDWDM":"016","XS":48,"BYBZ":"0","JSJC":8,"XXXQDM":"02","KXH":"03","KSJC":6,"XKZRS":136,"SKZC":"000000000011111100000000000000","SKJS":"刘亚群","ISTK":0,"ZCMC":"11-16周","YPSJDD":"9周 星期日 第6节-第8节 南湖南-博学东楼-405,11-16周 星期五 第6节-第8节 南湖南-博学东楼-405,1-5周 星期五 第6节-第8节 南湖南-博学东楼-405,7-9周 星期五 第6节-第8节 南湖南-博学东楼-405,17周 星期三 第6节-第8节 南湖南-博学东楼-405","XF":3,"SKXQ":5,"XNXQDM":"2024-2025-2","KCM":"有机化学C","JASDM":"0202020405","JXLDM":"020202","JXBID":"20242-04402","SKBJ":"复材2301-02,新能源2301","TYXMDM":null,"KCH":"10163112118"},{"KKDWDM":"021","XS":36,"BYBZ":"0","JSJC":5,"XXXQDM":"02","KXH":"120","KSJC":3,"XKZRS":109,"SKZC":"000000000011100000000000000000","SKJS":"袁博","ISTK":0,"ZCMC":"11-13周","YPSJDD":"9周 星期日 第3节-第5节 南湖南-博学东楼-405,11-13周 星期五 第3节-第5节 南湖南-博学东楼-405,7-9周 星期五 第3节-第5节 南湖南-博学东楼-405,1-5周 星期五 第3节-第5节 南湖南-博学东楼-405","XF":2,"SKXQ":5,"XNXQDM":"2024-2025-2","KCM":"习近平新时代中国特色社会主义思想概论","JASDM":"0202020405","JXLDM":"020202","JXBID":"20242-05089","SKBJ":"测控zy2301,过控2301-02","TYXMDM":null,"KCH":"10211121033"},{"KKDWDM":"025","XS":32,"BYBZ":"0","JSJC":12,"XXXQDM":"02","KXH":"01","KSJC":11,"XKZRS":140,"SKZC":"000000000010000000000000","SKJS":"刘振元","ISTK":0,"ZCMC":"11周","YPSJDD":"11周 星期三 第11节-第12节 南湖南-博学东楼-405,1-10周 星期三 第11节-第13节 南湖南-博学东楼-405","XF":2,"SKXQ":3,"XNXQDM":"2024-2025-2","KCM":"公司创建与营运(GX)","JASDM":"0202020405","JXLDM":"020202","JXBID":"20242-08762","SKBJ":"公选-08762","TYXMDM":null,"KCH":"10252121079"},{"KKDWDM":"022","XS":32,"BYBZ":"0","JSJC":12,"XXXQDM":"02","KXH":"01","KSJC":11,"XKZRS":140,"SKZC":"000000000010000000000000","SKJS":"李明文","ISTK":0,"ZCMC":"11周","YPSJDD":"11周 星期二 第11节-第12节 南湖南-博学东楼-405,1-10周 星期二 第11节-第13节 南湖南-博学东楼-405","XF":2,"SKXQ":2,"XNXQDM":"2024-2025-2","KCM":"新闻学","JASDM":"0202020405","JXLDM":"020202","JXBID":"20242-08704","SKBJ":"公选-08704","TYXMDM":null,"KCH":"10226121372"},{"KKDWDM":"021","XS":36,"BYBZ":"0","JSJC":8,"XXXQDM":"02","KXH":"48","KSJC":6,"XKZRS":88,"SKZC":"000000000001100000000000000000","SKJS":"孙德忠","ISTK":0,"ZCMC":"12-13周","YPSJDD":"1-10周 星期一 第6节-第8节 南湖南-博学东楼-405,12-13周 星期一 第6节-第8节 南湖南-博学东楼-405","XF":2,"SKXQ":1,"XNXQDM":"2024-2025-2","KCM":"习近平新时代中国特色社会主义思想概论","JASDM":"0202020405","JXLDM":"020202","JXBID":"20242-12228","SKBJ":"法语2302,车辆gj2303-04","TYXMDM":null,"KCH":"10211121033"},{"KKDWDM":"016","XS":48,"BYBZ":"0","JSJC":8,"XXXQDM":"02","KXH":"03","KSJC":6,"XKZRS":136,"SKZC":"000000000000000010000000000000","SKJS":"刘亚群","ISTK":0,"ZCMC":"17周","YPSJDD":"9周 星期日 第6节-第8节 南湖南-博学东楼-405,11-16周 星期五 第6节-第8节 南湖南-博学东楼-405,1-5周 星期五 第6节-第8节 南湖南-博学东楼-405,7-9周 星期五 第6节-第8节 南湖南-博学东楼-405,17周 星期三 第6节-第8节 南湖南-博学东楼-405","XF":3,"SKXQ":3,"XNXQDM":"2024-2025-2","KCM":"有机化学C","JASDM":"0202020405","JXLDM":"020202","JXBID":"20242-04402","SKBJ":"复材2301-02,新能源2301","TYXMDM":null,"KCH":"10163112118"},{"KKDWDM":"012","XS":64,"BYBZ":"0","JSJC":4,"XXXQDM":"02","KXH":"01","KSJC":3,"XKZRS":94,"SKZC":"000000000000000010000000","SKJS":"柳星","ISTK":0,"ZCMC":"17周","YPSJDD":"17周 星期一 第3节-第4节 南湖南-博学东楼-405,17周 星期二 第3节-第4节 南湖南-博学东楼-405,1-10周,12-14周,16周 星期一 第3节-第5节 南湖南-博学东楼-405","XF":4,"SKXQ":1,"XNXQDM":"2024-2025-2","KCM":"计算机组成与体系结构","JASDM":"0202020405","JXLDM":"020202","JXBID":"20242-04844","SKBJ":"软件2301-02","TYXMDM":null,"KCH":"10124121071"},{"KKDWDM":"012","XS":64,"BYBZ":"0","JSJC":4,"XXXQDM":"02","KXH":"01","KSJC":3,"XKZRS":94,"SKZC":"000000000000000010000000","SKJS":"柳星","ISTK":0,"ZCMC":"17周","YPSJDD":"17周 星期一 第3节-第4节 南湖南-博学东楼-405,17周 星期二 第3节-第4节 南湖南-博学东楼-405,1-10周,12-14周,16周 星期一 第3节-第5节 南湖南-博学东楼-405","XF":4,"SKXQ":2,"XNXQDM":"2024-2025-2","KCM":"计算机组成与体系结构","JASDM":"0202020405","JXLDM":"020202","JXBID":"20242-04844","SKBJ":"软件2301-02","TYXMDM":null,"KCH":"10124121071"}]}},"code":"0"}