{"datas":{"jaskcb":{"extParams":{"code":1,"msg":"查询成功"},"pageSize":0,"pageNumber":0,"totalSize":-1,"rows":[{"KKDWDM":"013","XS":64,"BYBZ":"0","JSJC":4,"XXXQDM":"02","KXH":"10","KSJC":3,"XKZRS":140,"SKZC":"111111111111100000000000000000","SKJS":"杨胤铎,罗文辉","ISTK":0,"ZCMC":"1-13周","YPSJDD":"12-14周 星期一 第1节-第2节 南湖南-博学东楼-206,1-10周 星期一 第1节-第2节 南湖南-博学东楼-206,16周 星期一 第1节-第2节 南湖南-博学东楼-206,1-13周 星期三 第3节-第4节 南湖南-博学东楼-406","XF":4,"SKXQ":3,"XNXQDM":"2024-2025-2","KCM":"电工与电子技术基础B","JASDM":"0202020406","JXLDM":"020202","JXBID":"20242-05536","SKBJ":"智能制造2301-02,智能制造本硕2301,过控2302","TYXMDM":null,"KCH":"10133121096"},{"KKDWDM":"021","XS":36,"BYBZ":"0","JSJC":8,"XXXQDM":"02","KXH":"131","KSJC":6,"XKZRS":90,"SKZC":"111111111111000000000000000000","SKJS":"孙德忠","ISTK":0,"ZCMC":"1-12周","YPSJDD":"1-12周 星期二 第6节-第8节 南湖南-博学东楼-406","XF":2,"SKXQ":2,"XNXQDM":"2024-2025-2","KCM":"习近平新时代中国特色社会主义思想概论","JASDM":"0202020406","JXLDM":"020202","JXBID":"20242-05393","SKBJ":"金融gj2301-03","TYXMDM":null,"KCH":"10211121033"},{"KKDWDM":"021","XS":36,"BYBZ":"0","JSJC":5,"XXXQDM":"02","KXH":"113","KSJC":3,"XKZRS":109,"SKZC":"111111111111","SKJS":"邓雪征","ISTK":0,"ZCMC":"1-12周","YPSJDD":"1-12周 星期二 第3节-第5节 南湖南-博学东楼-406","XF":2,"SKXQ":2,"XNXQDM":"2024-2025-2","KCM":"习近平新时代中国特色社会主义思想概论","JASDM":"0202020406","JXLDM":"020202","JXBID":"20242-05071","SKBJ":"材科2304-06","TYXMDM":null,"KCH":"10211121033"},{"KKDWDM":"023","XS":48,"BYBZ":"0","JSJC":5,"XXXQDM":"02","KXH":"03","KSJC":3,"XKZRS":77,"SKZC":"111111111101110110000000000000","SKJS":"刘燕武","ISTK":0,"ZCMC":"1-10周,12-14周,16-17周","YPSJDD":"1-10周,12-14周,16-17周 星期一 第3节-第5节 南湖南-博学东楼-406,17周 星期二 第3节-第5节 南湖南-博学东楼-406","XF":3,"SKXQ":1,"XNXQDM":"2024-2025-2","KCM":"运筹学","JASDM":"0202020406","JXLDM":"020202","JXBID":"20242-05004","SKBJ":"数管2301-03","TYXMDM":null,"KCH":"10235117020"},{"KKDWDM":"021","XS":42,"BYBZ":"0","JSJC":8,"XXXQDM":"02","KXH":"10","KSJC":6,"XKZRS":97,"SKZC":"111111111100000000000000000000","SKJS":"张小青","ISTK":0,"ZCMC":"1-10周","YPSJDD":"16周 星期一 第6节-第8节 南湖南-博学东楼-406,1-10周 星期一 第6节-第8节 南湖南-博学东楼-406,12-14周 星期一 第6节-第8节 南湖南-博学东楼-406","XF":2,"SKXQ":1,"XNXQDM":"2024-2025-2","KCM":"马克思主义基本原理","JASDM":"0202020406","JXLDM":"020202","JXBID":"20242-12178","SKBJ":"应化2301-03,能源zy2301","TYXMDM":null,"KCH":"10211117035"},{"KKDWDM":"017","XS":32,"BYBZ":"0","JSJC":8,"XXXQDM":"02","KXH":"01","KSJC":6,"XKZRS":91,"SKZC":"111111111100000000000000","SKJS":"沈俊","ISTK":0,"ZCMC":"1-10周","YPSJDD":"11周 星期三 第6节-第7节 南湖南-博学东楼-406,1-10周 星期三 第6节-第8节 南湖南-博学东楼-406","XF":2,"SKXQ":3,"XNXQDM":"2024-2025-2","KCM":"创业融资A","JASDM":"0202020406","JXLDM":"020202","JXBID":"20242-02321","SKBJ":"会计ACCA2201,财务2201-02","TYXMDM":null,"KCH":"10176112088"},{"KKDWDM":"025","XS":32,"BYBZ":"0","JSJC":13,"XXXQDM":"02","KXH":"01","KSJC":11,"XKZRS":132,"SKZC":"111111111100000000000000","SKJS":"刘勤,李律成","ISTK":0,"ZCMC":"1-10周","YPSJDD":"11周 星期三 第11节-第12节 南湖南-博学东楼-406,1-10周 星期三 第11节-第13节 南湖南-博学东楼-406","XF":2,"SKXQ":3,"XNXQDM":"2024-2025-2","KCM":"创新创业案例分析与实务训练(GX)","JASDM":"0202020406","JXLDM":"020202","JXBID":"20242-08772","SKBJ":"公选-08772","TYXMDM":null,"KCH":"10252121075"},{"KKDWDM":"017","XS":48,"BYBZ":"0","JSJC":5,"XXXQDM":"02","KXH":"01","KSJC":3,"XKZRS":117,"SKZC":"111111111000000000000000000000","SKJS":"刘勇军","ISTK":0,"ZCMC":"1-9周","YPSJDD":"1-9周 星期四 第3节-第5节 南湖南-博学东楼-406,11-17周 星期四 第3节-第5节 南湖南-博学东楼-406","XF":3,"SKXQ":4,"XNXQDM":"2024-2025-2","KCM":"面向对象的程序设计（C#）D","JASDM":"0202020406","JXLDM":"020202","JXBID":"20242-05481","SKBJ":"信管2301-03","TYXMDM":null,"KCH":"10174121136"},{"KKDWDM":"022","XS":32,"BYBZ":"0","JSJC":13,"XXXQDM":"02","KXH":"01","KSJC":11,"XKZRS":140,"SKZC":"111111110000000000000000","SKJS":"杨圣华","ISTK":0,"ZCMC":"1-8周","YPSJDD":"9周 星期一 第11节-第12节 南湖南-博学东楼-406,1-8周 星期一 第11节-第13节 南湖南-博学东楼-406","XF":2,"SKXQ":1,"XNXQDM":"2024-2025-2","KCM":"微电影设计与制作B","JASDM":"0202020406","JXLDM":"020202","JXBID":"20242-08599","SKBJ":"公选-08599","TYXMDM":null,"KCH":"10226121402"},{"KKDWDM":"022","XS":24,"BYBZ":"0","JSJC":13,"XXXQDM":"02","KXH":"03","KSJC":11,"XKZRS":140,"SKZC":"111111110000000000000000","SKJS":"周群英","ISTK":0,"ZCMC":"1-8周","YPSJDD":"1-8周 星期二 第11节-第13节 南湖南-博学东楼-406","XF":1,"SKXQ":2,"XNXQDM":"2024-2025-2","KCM":"幸福心理学(GX)","JASDM":"0202020406","JXLDM":"020202","JXBID":"20242-11214","SKBJ":"公选-11214","TYXMDM":null,"KCH":"10222121220"},{"KKDWDM":"016","XS":40,"BYBZ":"0","JSJC":5,"XXXQDM":"02","KXH":"01","KSJC":3,"XKZRS":89,"SKZC":"111110111011100000000000","SKJS":"沈雷","ISTK":0,"ZCMC":"1-5周,7-9周,11-13周","YPSJDD":"14-15周 星期五 第3节-第4节 南湖南-博学东楼-406,1-5周,7-9周,11-13周 星期五 第3节-第5节 南湖南-博学东楼-406,9周 星期日 第3节-第5节 南湖南-博学东楼-406","XF":2,"SKXQ":5,"XNXQDM":"2024-2025-2","KCM":"物理化学B2","JASDM":"0202020406","JXLDM":"020202","JXBID":"20242-05655","SKBJ":"化工zy2301-03","TYXMDM":null,"KCH":"10163117119"},{"KKDWDM":"017","XS":40,"BYBZ":"0","JSJC":7,"XXXQDM":"02","KXH":"01","KSJC":6,"XKZRS":98,"SKZC":"111110000000000000000000000000","SKJS":"程琦","ISTK":0,"ZCMC":"1-5周","YPSJDD":"9周 星期日 第6节-第7节 南湖南-博学东楼-406,1-5周 星期五 第6节-第7节 南湖南-博学东楼-406,7-9周 星期五 第6节-第7节 南湖南-博学东楼-406,17周 星期三 第6节-第7节 南湖南-博学东楼-406,11-16周 星期五 第6节-第7节 南湖南-博学东楼-406","XF":2,"SKXQ":5,"XNXQDM":"2024-2025-2","KCM":"网络营销学","JASDM":"0202020406","JXLDM":"020202","JXBID":"20242-04903","SKBJ":"信管2301-03","TYXMDM":null,"KCH":"10175117039"},{"KKDWDM":"017","XS":40,"BYBZ":"0","JSJC":7,"XXXQDM":"02","KXH":"01","KSJC":6,"XKZRS":98,"SKZC":"000000111000000000000000000000","SKJS":"程琦","ISTK":0,"ZCMC":"7-9周","YPSJDD":"9周 星期日 第6节-第7节 南湖南-博学东楼-406,1-5周 星期五 第6节-第7节 南湖南-博学东楼-406,7-9周 星期五 第6节-第7节 南湖南-博学东楼-406,17周 星期三 第6节-第7节 南湖南-博学东楼-406,11-16周 星期五 第6节-第7节 南湖南-博学东楼-406","XF":2,"SKXQ":5,"XNXQDM":"2024-2025-2","KCM":"网络营销学","JASDM":"0202020406","JXLDM":"020202","JXBID":"20242-04903","SKBJ":"信管2301-03","TYXMDM":null,"KCH":"10175117039"},{"KKDWDM":"017","XS":40,"BYBZ":"0","JSJC":7,"XXXQDM":"02","KXH":"01","KSJC":6,"XKZRS":98,"SKZC":"000000001000000000000000000000","SKJS":"程琦","ISTK":0,"ZCMC":"9周","YPSJDD":"9周 星期日 第6节-第7节 南湖南-博学东楼-406,1-5周 星期五 第6节-第7节 南湖南-博学东楼-406,7-9周 星期五 第6节-第7节 南湖南-博学东楼-406,17周 星期三 第6节-第7节 南湖南-博学东楼-406,11-16周 星期五 第6节-第7节 南湖南-博学东楼-406","XF":2,"SKXQ":7,"XNXQDM":"2024-2025-2","KCM":"网络营销学","JASDM":"0202020406","JXLDM":"020202","JXBID":"20242-04903","SKBJ":"信管2301-03","TYXMDM":null,"KCH":"10175117039"},{"KKDWDM":"016","XS":40,"BYBZ":"0","JSJC":5,"XXXQDM":"02","KXH":"01","KSJC":3,"XKZRS":89,"SKZC":"000000001000000000000000","SKJS":"沈雷","ISTK":0,"ZCMC":"9周","YPSJDD":"14-15周 星期五 第3节-第4节 南湖南-博学东楼-406,1-5周,7-9周,11-13周 星期五 第3节-第5节 南湖南-博学东楼-406,9周 星期日 第3节-第5节 南湖南-博学东楼-406","XF":2,"SKXQ":7,"XNXQDM":"2024-2025-2","KCM":"物理化学B2","JASDM":"0202020406","JXLDM":"020202","JXBID":"20242-05655","SKBJ":"化工zy2301-03","TYXMDM":null,"KCH":"10163117119"},{"KKDWDM":"022","XS":32,"BYBZ":"0","JSJC":12,"XXXQDM":"02","KXH":"01","KSJC":11,"XKZRS":140,"SKZC":"000000001000000000000000","SKJS":"杨圣华","ISTK":0,"ZCMC":"9周","YPSJDD":"9周 星期一 第11节-第12节 南湖南-博学东楼-406,1-8周 星期一 第11节-第13节 南湖南-博学东楼-406","XF":2,"SKXQ":1,"XNXQDM":"2024-2025-2","KCM":"微电影设计与制作B","JASDM":"0202020406","JXLDM":"020202","JXBID":"20242-08599","SKBJ":"公选-08599","TYXMDM":null,"KCH":"10226121402"},{"KKDWDM":"017","XS":48,"BYBZ":"0","JSJC":5,"XXXQDM":"02","KXH":"01","KSJC":3,"XKZRS":117,"SKZC":"000000000011111110000000000000","SKJS":"刘勇军","ISTK":0,"ZCMC":"11-17周","YPSJDD":"1-9周 星期四 第3节-第5节 南湖南-博学东楼-406,11-17周 星期四 第3节-第5节 南湖南-博学东楼-406","XF":3,"SKXQ":4,"XNXQDM":"2024-2025-2","KCM":"面向对象的程序设计（C#）D","JASDM":"0202020406","JXLDM":"020202","JXBID":"20242-05481","SKBJ":"信管2301-03","TYXMDM":null,"KCH":"10174121136"},{"KKDWDM":"017","XS":40,"BYBZ":"0","JSJC":7,"XXXQDM":"02","KXH":"01","KSJC":6,"XKZRS":98,"SKZC":"000000000011111100000000000000","SKJS":"程琦","ISTK":0,"ZCMC":"11-16周","YPSJDD":"9周 星期日 第6节-第7节 南湖南-博学东楼-406,1-5周 星期五 第6节-第7节 南湖南-博学东楼-406,7-9周 星期五 第6节-第7节 南湖南-博学东楼-406,17周 星期三 第6节-第7节 南湖南-博学东楼-406,11-16周 星期五 第6节-第7节 南湖南-博学东楼-406","XF":2,"SKXQ":5,"XNXQDM":"2024-2025-2","KCM":"网络营销学","JASDM":"0202020406","JXLDM":"020202","JXBID":"20242-04903","SKBJ":"信管2301-03","TYXMDM":null,"KCH":"10175117039"},{"KKDWDM":"025","XS":32,"BYBZ":"0","JSJC":12,"XXXQDM":"02","KXH":"01","KSJC":11,"XKZRS":132,"SKZC":"000000000010000000000000","SKJS":"刘勤,李律成","ISTK":0,"ZCMC":"11周","YPSJDD":"11周 星期三 第11节-第12节 南湖南-博学东楼-406,1-10周 星期三 第11节-第13节 南湖南-博学东楼-406","XF":2,"SKXQ":3,"XNXQDM":"2024-2025-2","KCM":"创新创业案例分析与实务训练(GX)","JASDM":"0202020406","JXLDM":"020202","JXBID":"20242-08772","SKBJ":"公选-08772","TYXMDM":null,"KCH":"10252121075"},{"KKDWDM":"017","XS":32,"BYBZ":"0","JSJC":7,"XXXQDM":"02","KXH":"01","KSJC":6,"XKZRS":91,"SKZC":"000000000010000000000000","SKJS":"沈俊","ISTK":0,"ZCMC":"11周","YPSJDD":"11周 星期三 第6节-第7节 南湖南-博学东楼-406,1-10周 星期三 第6节-第8节 南湖南-博学东楼-406","XF":2,"SKXQ":3,"XNXQDM":"2024-2025-2","KCM":"创业融资A","JASDM":"0202020406","JXLDM":"020202","JXBID":"20242-02321","SKBJ":"会计ACCA2201,财务2201-02","TYXMDM":null,"KCH":"10176112088"},{"KKDWDM":"021","XS":42,"BYBZ":"0","JSJC":8,"XXXQDM":"02","KXH":"10","KSJC":6,"XKZRS":97,"SKZC":"000000000001110000000000000000","SKJS":"张小青","ISTK":0,"ZCMC":"12-14周","YPSJDD":"16周 星期一 第6节-第8节 南湖南-博学东楼-406,1-10周 星期一 第6节-第8节 南湖南-博学东楼-406,12-14周 星期一 第6节-第8节 南湖南-博学东楼-406","XF":2,"SKXQ":1,"XNXQDM":"2024-2025-2","KCM":"马克思主义基本原理","JASDM":"0202020406","JXLDM":"020202","JXBID":"20242-12178","SKBJ":"应化2301-03,能源zy2301","TYXMDM":null,"KCH":"10211117035"},{"KKDWDM":"016","XS":40,"BYBZ":"0","JSJC":4,"XXXQDM":"02","KXH":"01","KSJC":3,"XKZRS":89,"SKZC":"000000000000011000000000","SKJS":"沈雷","ISTK":0,"ZCMC":"14-15周","YPSJDD":"14-15周 星期五 第3节-第4节 南湖南-博学东楼-406,1-5周,7-9周,11-13周 星期五 第3节-第5节 南湖南-博学东楼-406,9周 星期日 第3节-第5节 南湖南-博学东楼-406","XF":2,"SKXQ":5,"XNXQDM":"2024-2025-2","KCM":"物理化学B2","JASDM":"0202020406","JXLDM":"020202","JXBID":"20242-05655","SKBJ":"化工zy2301-03","TYXMDM":null,"KCH":"10163117119"},{"KKDWDM":"021","XS":42,"BYBZ":"0","JSJC":8,"XXXQDM":"02","KXH":"10","KSJC":6,"XKZRS":97,"SKZC":"000000000000000100000000000000","SKJS":"张小青","ISTK":0,"ZCMC":"16周","YPSJDD":"16周 星期一 第6节-第8节 南湖南-博学东楼-406,1-10周 星期一 第6节-第8节 南湖南-博学东楼-406,12-14周 星期一 第6节-第8节 南湖南-博学东楼-406","XF":2,"SKXQ":1,"XNXQDM":"2024-2025-2","KCM":"马克思主义基本原理","JASDM":"0202020406","JXLDM":"020202","JXBID":"20242-12178","SKBJ":"应化2301-03,能源zy2301","TYXMDM":null,"KCH":"10211117035"},{"KKDWDM":"023","XS":48,"BYBZ":"0","JSJC":5,"XXXQDM":"02","KXH":"03","KSJC":3,"XKZRS":77,"SKZC":"000000000000000010000000000000","SKJS":"刘燕武","ISTK":0,"ZCMC":"17周","YPSJDD":"1-10周,12-14周,16-17周 星期一 第3节-第5节 南湖南-博学东楼-406,17周 星期二 第3节-第5节 南湖南-博学东楼-406","XF":3,"SKXQ":2,"XNXQDM":"2024-2025-2","KCM":"运筹学","JASDM":"0202020406","JXLDM":"020202","JXBID":"20242-05004","SKBJ":"数管2301-03","TYXMDM":null,"KCH":"10235117020"},{"KKDWDM":"017","XS":40,"BYBZ":"0","JSJC":7,"XXXQDM":"02","KXH":"01","KSJC":6,"XKZRS":98,"SKZC":"000000000000000010000000000000","SKJS":"程琦","ISTK":0,"ZCMC":"17周","YPSJDD":"9周 星期日 第6节-第7节 南湖南-博学东楼-406,1-5周 星期五 第6节-第7节 南湖南-博学东楼-406,7-9周 星期五 第6节-第7节 南湖南-博学东楼-406,17周 星期三 第6节-第7节 南湖南-博学东楼-406,11-16周 星期五 第6节-第7节 南湖南-博学东楼-406","XF":2,"SKXQ":3,"XNXQDM":"2024-2025-2","KCM":"网络营销学","JASDM":"0202020406","JXLDM":"020202","JXBID":"20242-04903","SKBJ":"信管2301-03","TYXMDM":null,"KCH":"10175117039"}]}},"code":"0"}