{"datas":{"jaskcb":{"extParams":{"code":1,"msg":"查询成功"},"pageSize":0,"pageNumber":0,"totalSize":-1,"rows":[{"KKDWDM":"071","XS":48,"BYBZ":"0","JSJC":8,"XXXQDM":"02","KXH":"03","KSJC":6,"XKZRS":101,"SKZC":"11111111111111110000","SKJS":"王展青","ISTK":0,"ZCMC":"1-16周","YPSJDD":"1-16周 星期三 第6节-第8节 南湖南-博学东楼-304","XF":3,"SKXQ":3,"XNXQDM":"2024-2025-2","KCM":"概率论与数理统计B","JASDM":"0202020304","JXLDM":"020202","JXBID":"20242-12393","SKBJ":"电信2301-03","TYXMDM":null,"KCH":"10155111054"},{"KKDWDM":"071","XS":48,"BYBZ":"0","JSJC":5,"XXXQDM":"02","KXH":"14","KSJC":3,"XKZRS":105,"SKZC":"11111111111111110000","SKJS":"王传美","ISTK":0,"ZCMC":"1-16周","YPSJDD":"1-16周 星期二 第3节-第5节 南湖南-博学东楼-304","XF":3,"SKXQ":2,"XNXQDM":"2024-2025-2","KCM":"概率论与数理统计B","JASDM":"0202020304","JXLDM":"020202","JXBID":"20242-12392","SKBJ":"土木zy2301-03,给排水2301-02","TYXMDM":null,"KCH":"10155111054"},{"KKDWDM":"021","XS":36,"BYBZ":"0","JSJC":5,"XXXQDM":"02","KXH":"23","KSJC":3,"XKZRS":109,"SKZC":"111111111111","SKJS":"汤梅","ISTK":0,"ZCMC":"1-12周","YPSJDD":"1-12周 星期三 第3节-第5节 南湖南-博学东楼-304","XF":2,"SKXQ":3,"XNXQDM":"2024-2025-2","KCM":"习近平新时代中国特色社会主义思想概论","JASDM":"0202020304","JXLDM":"020202","JXBID":"20242-04501","SKBJ":"土木zy2304-05,岩土jd2301","TYXMDM":null,"KCH":"10211121033"},{"KKDWDM":"021","XS":36,"BYBZ":"0","JSJC":5,"XXXQDM":"02","KXH":"79","KSJC":3,"XKZRS":109,"SKZC":"111111111100000000000000000000","SKJS":"张煜","ISTK":0,"ZCMC":"1-10周","YPSJDD":"12-13周 星期一 第3节-第5节 南湖南-博学东楼-304,1-10周 星期一 第3节-第5节 南湖南-博学东楼-304","XF":2,"SKXQ":1,"XNXQDM":"2024-2025-2","KCM":"习近平新时代中国特色社会主义思想概论","JASDM":"0202020304","JXLDM":"020202","JXBID":"20242-04954","SKBJ":"工力2301-02,工力zy2301","TYXMDM":null,"KCH":"10211121033"},{"KKDWDM":"071","XS":72,"BYBZ":"0","JSJC":5,"XXXQDM":"02","KXH":"02","KSJC":3,"XKZRS":104,"SKZC":"111111111000000000000000000000","SKJS":"彭凯","ISTK":0,"ZCMC":"1-9周","YPSJDD":"11-15周 星期四 第3节-第5节 南湖南-博学东楼-304,1-9周 星期四 第3节-第5节 南湖南-博学东楼-304,1-15周 星期二 第1节-第2节 南湖南-博学东楼-201","XF":4,"SKXQ":4,"XNXQDM":"2024-2025-2","KCM":"概率论与数理统计A","JASDM":"0202020304","JXLDM":"020202","JXBID":"20242-05235","SKBJ":"信计2301-02,数学jd2301","TYXMDM":null,"KCH":"10087311012"},{"KKDWDM":"022","XS":24,"BYBZ":"0","JSJC":13,"XXXQDM":"02","KXH":"01","KSJC":11,"XKZRS":91,"SKZC":"111111110000000000000000","SKJS":"李志峰","ISTK":0,"ZCMC":"1-8周","YPSJDD":"1-8周 星期三 第11节-第13节 南湖南-博学东楼-304","XF":1,"SKXQ":3,"XNXQDM":"2024-2025-2","KCM":"大学生创造力开发(GX)","JASDM":"0202020304","JXLDM":"020202","JXBID":"20242-08657","SKBJ":"公选-08657","TYXMDM":null,"KCH":"10222121200"},{"KKDWDM":"044","XS":24,"BYBZ":"0","JSJC":13,"XXXQDM":"02","KXH":"01","KSJC":11,"XKZRS":140,"SKZC":"111111110000000000000000","SKJS":"王洋","ISTK":0,"ZCMC":"1-8周","YPSJDD":"1-8周 星期一 第11节-第13节 南湖南-博学东楼-304","XF":1,"SKXQ":1,"XNXQDM":"2024-2025-2","KCM":"读谱(GX)","JASDM":"0202020304","JXLDM":"020202","JXBID":"20242-09124","SKBJ":"公选-09124","TYXMDM":null,"KCH":"10442121075"},{"KKDWDM":"022","XS":32,"BYBZ":"0","JSJC":13,"XXXQDM":"02","KXH":"01","KSJC":11,"XKZRS":47,"SKZC":"111111110000000000000000","SKJS":"何平,夏倩,阎维博,黄明欣","ISTK":0,"ZCMC":"1-8周","YPSJDD":"1-8周 星期二 第11节-第13节 南湖南-博学东楼-304","XF":2,"SKXQ":2,"XNXQDM":"2024-2025-2","KCM":"人工智能挑战与法律应对(GX)","JASDM":"0202020304","JXLDM":"020202","JXBID":"20242-08536","SKBJ":"公选-08536","TYXMDM":null,"KCH":"10226224429"},{"KKDWDM":"017","XS":32,"BYBZ":"0","JSJC":2,"XXXQDM":"02","KXH":"01","KSJC":1,"XKZRS":21,"SKZC":"11111111000000000000","SKJS":"鄢丹","ISTK":0,"ZCMC":"1-8周","YPSJDD":"1-8周 星期四 第1节-第2节 南湖南-博学东楼-304","XF":2,"SKXQ":4,"XNXQDM":"2024-2025-2","KCM":"虚拟仿真建模","JASDM":"0202020304","JXLDM":"020202","JXBID":"20242-05017","SKBJ":"信管2301-03","TYXMDM":null,"KCH":"10175121024"},{"KKDWDM":"021","XS":36,"BYBZ":"0","JSJC":5,"XXXQDM":"02","KXH":"50","KSJC":3,"XKZRS":110,"SKZC":"111110000000000000000000000000","SKJS":"孔国成","ISTK":0,"ZCMC":"1-5周","YPSJDD":"11-13周 星期五 第3节-第5节 南湖南-博学东楼-304,7-9周 星期五 第3节-第5节 南湖南-博学东楼-304,1-5周 星期五 第3节-第5节 南湖南-博学东楼-304,9周 星期日 第3节-第5节 南湖南-博学东楼-304","XF":2,"SKXQ":5,"XNXQDM":"2024-2025-2","KCM":"习近平新时代中国特色社会主义思想概论","JASDM":"0202020304","JXLDM":"020202","JXBID":"20242-12195","SKBJ":"储能2301-02,车辆gcgj2301","TYXMDM":null,"KCH":"10211121033"},{"KKDWDM":"021","XS":36,"BYBZ":"0","JSJC":8,"XXXQDM":"02","KXH":"70","KSJC":6,"XKZRS":109,"SKZC":"111110000000000000000000000000","SKJS":"陈哲","ISTK":0,"ZCMC":"1-5周","YPSJDD":"9周 星期日 第6节-第8节 南湖南-博学东楼-304,1-5周 星期五 第6节-第8节 南湖南-博学东楼-304,11-13周 星期五 第6节-第8节 南湖南-博学东楼-304,7-9周 星期五 第6节-第8节 南湖南-博学东楼-304","XF":2,"SKXQ":5,"XNXQDM":"2024-2025-2","KCM":"习近平新时代中国特色社会主义思想概论","JASDM":"0202020304","JXLDM":"020202","JXBID":"20242-04907","SKBJ":"广告2301-02,新媒体2301-02","TYXMDM":null,"KCH":"10211121033"},{"KKDWDM":"071","XS":48,"BYBZ":"0","JSJC":8,"XXXQDM":"02","KXH":"06","KSJC":6,"XKZRS":140,"SKZC":"100000000000000000000000000000","SKJS":"彭宁宁","ISTK":0,"ZCMC":"1周","YPSJDD":"1周 星期二 第6节-第8节 南湖南-博学东楼-304,2-16周 星期二 第6节-第8节 南湖南-博学主楼-105","XF":3,"SKXQ":2,"XNXQDM":"2024-2025-2","KCM":"概率论与数理统计B","JASDM":"0202020304","JXLDM":"020202","JXBID":"20242-05137","SKBJ":"电信2304-06","TYXMDM":null,"KCH":"10155111054"},{"KKDWDM":"016","XS":40,"BYBZ":"0","JSJC":8,"XXXQDM":"02","KXH":"15","KSJC":6,"XKZRS":89,"SKZC":"011111111111000000000000000000","SKJS":"屈德宇","ISTK":0,"ZCMC":"2-12周","YPSJDD":"2-12周 星期二 第6节-第8节 南湖南-博学东楼-304,13-14周 星期二 第6节-第7节 南湖南-博学东楼-304,1周 星期二 第6节-第8节 南湖南-博学西楼-211","XF":2,"SKXQ":2,"XNXQDM":"2024-2025-2","KCM":"普通化学B","JASDM":"0202020304","JXLDM":"020202","JXBID":"20242-10246","SKBJ":"土木类2413-14,岩土jd2401","TYXMDM":null,"KCH":"10163117122"},{"KKDWDM":"016","XS":32,"BYBZ":"0","JSJC":7,"XXXQDM":"02","KXH":"01","KSJC":6,"XKZRS":34,"SKZC":"011111110000000000000000000000","SKJS":"李静","ISTK":0,"ZCMC":"2-8周","YPSJDD":"1周 星期三 第6节-第7节 南湖南-化生楼-S317,2-8周 星期一 第6节-第7节 南湖南-博学东楼-304,2-8周 星期三 第6节-第7节 南湖南-博学东楼-109,1周 星期一 第6节-第7节 南湖南-化生楼-S317","XF":2,"SKXQ":1,"XNXQDM":"2024-2025-2","KCM":"免疫学及免疫检测技术B","JASDM":"0202020304","JXLDM":"020202","JXBID":"20242-02172","SKBJ":"生物2201,生物制药2201","TYXMDM":null,"KCH":"10165117011"},{"KKDWDM":"041","XS":24,"BYBZ":"0","JSJC":13,"XXXQDM":"02","KXH":"01","KSJC":11,"XKZRS":77,"SKZC":"0011111110100000000000000","SKJS":"焦镜,陈英桦","ISTK":0,"ZCMC":"3-9周,11周","YPSJDD":"3-9周,11周 星期四 第11节-第13节 南湖南-博学东楼-304","XF":1,"SKXQ":4,"XNXQDM":"2024-2025-2","KCM":"大学生志愿服务指导与实践(GX)","JASDM":"0202020304","JXLDM":"020202","JXBID":"20242-09013","SKBJ":"公选-09013","TYXMDM":null,"KCH":"10412121001"},{"KKDWDM":"021","XS":36,"BYBZ":"0","JSJC":5,"XXXQDM":"02","KXH":"50","KSJC":3,"XKZRS":110,"SKZC":"000000111000000000000000000000","SKJS":"孔国成","ISTK":0,"ZCMC":"7-9周","YPSJDD":"11-13周 星期五 第3节-第5节 南湖南-博学东楼-304,7-9周 星期五 第3节-第5节 南湖南-博学东楼-304,1-5周 星期五 第3节-第5节 南湖南-博学东楼-304,9周 星期日 第3节-第5节 南湖南-博学东楼-304","XF":2,"SKXQ":5,"XNXQDM":"2024-2025-2","KCM":"习近平新时代中国特色社会主义思想概论","JASDM":"0202020304","JXLDM":"020202","JXBID":"20242-12195","SKBJ":"储能2301-02,车辆gcgj2301","TYXMDM":null,"KCH":"10211121033"},{"KKDWDM":"021","XS":36,"BYBZ":"0","JSJC":8,"XXXQDM":"02","KXH":"70","KSJC":6,"XKZRS":109,"SKZC":"000000111000000000000000000000","SKJS":"陈哲","ISTK":0,"ZCMC":"7-9周","YPSJDD":"9周 星期日 第6节-第8节 南湖南-博学东楼-304,1-5周 星期五 第6节-第8节 南湖南-博学东楼-304,11-13周 星期五 第6节-第8节 南湖南-博学东楼-304,7-9周 星期五 第6节-第8节 南湖南-博学东楼-304","XF":2,"SKXQ":5,"XNXQDM":"2024-2025-2","KCM":"习近平新时代中国特色社会主义思想概论","JASDM":"0202020304","JXLDM":"020202","JXBID":"20242-04907","SKBJ":"广告2301-02,新媒体2301-02","TYXMDM":null,"KCH":"10211121033"},{"KKDWDM":"021","XS":8,"BYBZ":"0","JSJC":7,"XXXQDM":"02","KXH":"570","KSJC":6,"XKZRS":139,"SKZC":"000000011011000000000000","SKJS":"廖明静","ISTK":0,"ZCMC":"8-9周,11-12周","YPSJDD":"8-9周,11-12周 星期四 第6节-第7节 南湖南-博学东楼-304","XF":0,"SKXQ":4,"XNXQDM":"2024-2025-2","KCM":"形势与政策","JASDM":"0202020304","JXLDM":"020202","JXBID":"20242-14161","SKBJ":null,"TYXMDM":null,"KCH":"10218121092"},{"KKDWDM":"021","XS":8,"BYBZ":"0","JSJC":10,"XXXQDM":"02","KXH":"593","KSJC":9,"XKZRS":138,"SKZC":"000000011011000000000000","SKJS":"黄浪","ISTK":0,"ZCMC":"8-9周,11-12周","YPSJDD":"8-9周,11-12周 星期四 第9节-第10节 南湖南-博学东楼-304","XF":0,"SKXQ":4,"XNXQDM":"2024-2025-2","KCM":"形势与政策","JASDM":"0202020304","JXLDM":"020202","JXBID":"20242-14184","SKBJ":null,"TYXMDM":null,"KCH":"10218121092"},{"KKDWDM":"021","XS":36,"BYBZ":"0","JSJC":8,"XXXQDM":"02","KXH":"70","KSJC":6,"XKZRS":109,"SKZC":"000000001000000000000000000000","SKJS":"陈哲","ISTK":0,"ZCMC":"9周","YPSJDD":"9周 星期日 第6节-第8节 南湖南-博学东楼-304,1-5周 星期五 第6节-第8节 南湖南-博学东楼-304,11-13周 星期五 第6节-第8节 南湖南-博学东楼-304,7-9周 星期五 第6节-第8节 南湖南-博学东楼-304","XF":2,"SKXQ":7,"XNXQDM":"2024-2025-2","KCM":"习近平新时代中国特色社会主义思想概论","JASDM":"0202020304","JXLDM":"020202","JXBID":"20242-04907","SKBJ":"广告2301-02,新媒体2301-02","TYXMDM":null,"KCH":"10211121033"},{"KKDWDM":"021","XS":36,"BYBZ":"0","JSJC":5,"XXXQDM":"02","KXH":"50","KSJC":3,"XKZRS":110,"SKZC":"000000001000000000000000000000","SKJS":"孔国成","ISTK":0,"ZCMC":"9周","YPSJDD":"11-13周 星期五 第3节-第5节 南湖南-博学东楼-304,7-9周 星期五 第3节-第5节 南湖南-博学东楼-304,1-5周 星期五 第3节-第5节 南湖南-博学东楼-304,9周 星期日 第3节-第5节 南湖南-博学东楼-304","XF":2,"SKXQ":7,"XNXQDM":"2024-2025-2","KCM":"习近平新时代中国特色社会主义思想概论","JASDM":"0202020304","JXLDM":"020202","JXBID":"20242-12195","SKBJ":"储能2301-02,车辆gcgj2301","TYXMDM":null,"KCH":"10211121033"},{"KKDWDM":"071","XS":72,"BYBZ":"0","JSJC":5,"XXXQDM":"02","KXH":"02","KSJC":3,"XKZRS":104,"SKZC":"000000000011111000000000000000","SKJS":"彭凯","ISTK":0,"ZCMC":"11-15周","YPSJDD":"11-15周 星期四 第3节-第5节 南湖南-博学东楼-304,1-9周 星期四 第3节-第5节 南湖南-博学东楼-304,1-15周 星期二 第1节-第2节 南湖南-博学东楼-201","XF":4,"SKXQ":4,"XNXQDM":"2024-2025-2","KCM":"概率论与数理统计A","JASDM":"0202020304","JXLDM":"020202","JXBID":"20242-05235","SKBJ":"信计2301-02,数学jd2301","TYXMDM":null,"KCH":"10087311012"},{"KKDWDM":"021","XS":36,"BYBZ":"0","JSJC":5,"XXXQDM":"02","KXH":"50","KSJC":3,"XKZRS":110,"SKZC":"000000000011100000000000000000","SKJS":"孔国成","ISTK":0,"ZCMC":"11-13周","YPSJDD":"11-13周 星期五 第3节-第5节 南湖南-博学东楼-304,7-9周 星期五 第3节-第5节 南湖南-博学东楼-304,1-5周 星期五 第3节-第5节 南湖南-博学东楼-304,9周 星期日 第3节-第5节 南湖南-博学东楼-304","XF":2,"SKXQ":5,"XNXQDM":"2024-2025-2","KCM":"习近平新时代中国特色社会主义思想概论","JASDM":"0202020304","JXLDM":"020202","JXBID":"20242-12195","SKBJ":"储能2301-02,车辆gcgj2301","TYXMDM":null,"KCH":"10211121033"},{"KKDWDM":"021","XS":36,"BYBZ":"0","JSJC":8,"XXXQDM":"02","KXH":"70","KSJC":6,"XKZRS":109,"SKZC":"000000000011100000000000000000","SKJS":"陈哲","ISTK":0,"ZCMC":"11-13周","YPSJDD":"9周 星期日 第6节-第8节 南湖南-博学东楼-304,1-5周 星期五 第6节-第8节 南湖南-博学东楼-304,11-13周 星期五 第6节-第8节 南湖南-博学东楼-304,7-9周 星期五 第6节-第8节 南湖南-博学东楼-304","XF":2,"SKXQ":5,"XNXQDM":"2024-2025-2","KCM":"习近平新时代中国特色社会主义思想概论","JASDM":"0202020304","JXLDM":"020202","JXBID":"20242-04907","SKBJ":"广告2301-02,新媒体2301-02","TYXMDM":null,"KCH":"10211121033"},{"KKDWDM":"021","XS":36,"BYBZ":"0","JSJC":5,"XXXQDM":"02","KXH":"79","KSJC":3,"XKZRS":109,"SKZC":"000000000001100000000000000000","SKJS":"张煜","ISTK":0,"ZCMC":"12-13周","YPSJDD":"12-13周 星期一 第3节-第5节 南湖南-博学东楼-304,1-10周 星期一 第3节-第5节 南湖南-博学东楼-304","XF":2,"SKXQ":1,"XNXQDM":"2024-2025-2","KCM":"习近平新时代中国特色社会主义思想概论","JASDM":"0202020304","JXLDM":"020202","JXBID":"20242-04954","SKBJ":"工力2301-02,工力zy2301","TYXMDM":null,"KCH":"10211121033"},{"KKDWDM":"021","XS":8,"BYBZ":"0","JSJC":7,"XXXQDM":"02","KXH":"615","KSJC":6,"XKZRS":138,"SKZC":"0000000000001111","SKJS":"韦宇","ISTK":0,"ZCMC":"13-16周","YPSJDD":"13-16周 星期四 第6节-第7节 南湖南-博学东楼-304","XF":0,"SKXQ":4,"XNXQDM":"2024-2025-2","KCM":"形势与政策","JASDM":"0202020304","JXLDM":"020202","JXBID":"20242-14206","SKBJ":null,"TYXMDM":null,"KCH":"10218121092"},{"KKDWDM":"021","XS":8,"BYBZ":"0","JSJC":10,"XXXQDM":"02","KXH":"638","KSJC":9,"XKZRS":138,"SKZC":"0000000000001111","SKJS":"刘欣宇","ISTK":0,"ZCMC":"13-16周","YPSJDD":"13-16周 星期四 第9节-第10节 南湖南-博学东楼-304","XF":0,"SKXQ":4,"XNXQDM":"2024-2025-2","KCM":"形势与政策","JASDM":"0202020304","JXLDM":"020202","JXBID":"20242-14229","SKBJ":null,"TYXMDM":null,"KCH":"10218121092"},{"KKDWDM":"016","XS":40,"BYBZ":"0","JSJC":7,"XXXQDM":"02","KXH":"15","KSJC":6,"XKZRS":89,"SKZC":"000000000000110000000000000000","SKJS":"屈德宇","ISTK":0,"ZCMC":"13-14周","YPSJDD":"2-12周 星期二 第6节-第8节 南湖南-博学东楼-304,13-14周 星期二 第6节-第7节 南湖南-博学东楼-304,1周 星期二 第6节-第8节 南湖南-博学西楼-211","XF":2,"SKXQ":2,"XNXQDM":"2024-2025-2","KCM":"普通化学B","JASDM":"0202020304","JXLDM":"020202","JXBID":"20242-10246","SKBJ":"土木类2413-14,岩土jd2401","TYXMDM":null,"KCH":"10163117122"}]}},"code":"0"}