{"datas":{"jaskcb":{"extParams":{"code":1,"msg":"查询成功"},"pageSize":0,"pageNumber":0,"totalSize":-1,"rows":[{"KKDWDM":"072","XS":80,"BYBZ":"0","JSJC":2,"XXXQDM":"02","KXH":"30","KSJC":1,"XKZRS":138,"SKZC":"111111111111111100000000000000","SKJS":"马争争","ISTK":0,"ZCMC":"1-16周","YPSJDD":"7-9周 星期五 第3节-第5节 南湖南-博学主楼-203,11-16周 星期五 第3节-第5节 南湖南-博学主楼-203,17周 星期三 第3节-第5节 南湖南-博学主楼-203,9周 星期日 第3节-第5节 南湖南-博学主楼-203,1-16周 星期二 第1节-第2节 南湖南-博学主楼-203,1-5周 星期五 第3节-第5节 南湖南-博学主楼-203","XF":5,"SKXQ":2,"XNXQDM":"2024-2025-2","KCM":"大学物理B","JASDM":"0202040203","JXLDM":"020204","JXBID":"20242-11668","SKBJ":"机电类2409-12","TYXMDM":null,"KCH":"10153113042"},{"KKDWDM":"071","XS":88,"BYBZ":"0","JSJC":2,"XXXQDM":"02","KXH":"36","KSJC":1,"XKZRS":138,"SKZC":"111111111111111000000000000000","SKJS":"吴海英","ISTK":0,"ZCMC":"1-15周","YPSJDD":"1-15周 星期三 第1节-第2节 南湖南-博学主楼-203,1-9周 星期四 第3节-第4节 南湖南-博学主楼-203,11-15周 星期四 第3节-第4节 南湖南-博学主楼-203,16-17周 星期一 第3节-第4节 南湖南-博学主楼-203,1-10周 星期一 第3节-第4节 南湖南-博学主楼-203,12-14周 星期一 第3节-第4节 南湖南-博学主楼-203","XF":5,"SKXQ":3,"XNXQDM":"2024-2025-2","KCM":"高等数学A下","JASDM":"0202040203","JXLDM":"020204","JXBID":"20242-10435","SKBJ":"机电类2409-12","TYXMDM":null,"KCH":"10153121060"},{"KKDWDM":"071","XS":88,"BYBZ":"0","JSJC":4,"XXXQDM":"02","KXH":"08","KSJC":3,"XKZRS":137,"SKZC":"111111111111111000000000000000","SKJS":"吴海英,宗志雄","ISTK":0,"ZCMC":"1-15周","YPSJDD":"1-10周 星期一 第1节-第2节 南湖南-博学主楼-203,16-17周 星期一 第1节-第2节 南湖南-博学主楼-203,1-15周 星期三 第3节-第4节 南湖南-博学主楼-203,12-14周 星期一 第1节-第2节 南湖南-博学主楼-203,11-15周 星期四 第1节-第2节 南湖南-博学主楼-203,1-9周 星期四 第1节-第2节 南湖南-博学主楼-203","XF":5,"SKXQ":3,"XNXQDM":"2024-2025-2","KCM":"高等数学A下","JASDM":"0202040203","JXLDM":"020204","JXBID":"20242-06272","SKBJ":"化生类2409-11,应化jd2401","TYXMDM":null,"KCH":"10153121060"},{"KKDWDM":"071","XS":40,"BYBZ":"0","JSJC":5,"XXXQDM":"02","KXH":"26","KSJC":3,"XKZRS":140,"SKZC":"111111111111000000000000","SKJS":"朱慧颖","ISTK":0,"ZCMC":"1-12周","YPSJDD":"13-14周 星期二 第3节-第4节 南湖南-博学主楼-203,1-12周 星期二 第3节-第5节 南湖南-博学主楼-203","XF":2,"SKXQ":2,"XNXQDM":"2024-2025-2","KCM":"线性代数","JASDM":"0202040203","JXLDM":"020204","JXBID":"20242-11743","SKBJ":"机电类2409-12","TYXMDM":null,"KCH":"10153111001"},{"KKDWDM":"071","XS":88,"BYBZ":"0","JSJC":4,"XXXQDM":"02","KXH":"36","KSJC":3,"XKZRS":138,"SKZC":"111111111100000000000000000000","SKJS":"吴海英","ISTK":0,"ZCMC":"1-10周","YPSJDD":"1-15周 星期三 第1节-第2节 南湖南-博学主楼-203,1-9周 星期四 第3节-第4节 南湖南-博学主楼-203,11-15周 星期四 第3节-第4节 南湖南-博学主楼-203,16-17周 星期一 第3节-第4节 南湖南-博学主楼-203,1-10周 星期一 第3节-第4节 南湖南-博学主楼-203,12-14周 星期一 第3节-第4节 南湖南-博学主楼-203","XF":5,"SKXQ":1,"XNXQDM":"2024-2025-2","KCM":"高等数学A下","JASDM":"0202040203","JXLDM":"020204","JXBID":"20242-10435","SKBJ":"机电类2409-12","TYXMDM":null,"KCH":"10153121060"},{"KKDWDM":"071","XS":88,"BYBZ":"0","JSJC":2,"XXXQDM":"02","KXH":"08","KSJC":1,"XKZRS":137,"SKZC":"111111111100000000000000000000","SKJS":"吴海英,宗志雄","ISTK":0,"ZCMC":"1-10周","YPSJDD":"1-10周 星期一 第1节-第2节 南湖南-博学主楼-203,16-17周 星期一 第1节-第2节 南湖南-博学主楼-203,1-15周 星期三 第3节-第4节 南湖南-博学主楼-203,12-14周 星期一 第1节-第2节 南湖南-博学主楼-203,11-15周 星期四 第1节-第2节 南湖南-博学主楼-203,1-9周 星期四 第1节-第2节 南湖南-博学主楼-203","XF":5,"SKXQ":1,"XNXQDM":"2024-2025-2","KCM":"高等数学A下","JASDM":"0202040203","JXLDM":"020204","JXBID":"20242-06272","SKBJ":"化生类2409-11,应化jd2401","TYXMDM":null,"KCH":"10153121060"},{"KKDWDM":"038","XS":32,"BYBZ":"0","JSJC":13,"XXXQDM":"02","KXH":"05","KSJC":11,"XKZRS":137,"SKZC":"111111111100000000000000","SKJS":"李珏","ISTK":0,"ZCMC":"1-10周","YPSJDD":"11周 星期二 第11节-第12节 南湖南-博学主楼-203,1-10周 星期二 第11节-第13节 南湖南-博学主楼-203","XF":2,"SKXQ":2,"XNXQDM":"2024-2025-2","KCM":"大学生涯规划与职业发展(GX)","JASDM":"0202040203","JXLDM":"020204","JXBID":"20242-11054","SKBJ":"公选-11054","TYXMDM":null,"KCH":"10382121036"},{"KKDWDM":"071","XS":88,"BYBZ":"0","JSJC":4,"XXXQDM":"02","KXH":"36","KSJC":3,"XKZRS":138,"SKZC":"111111111000000000000000000000","SKJS":"吴海英","ISTK":0,"ZCMC":"1-9周","YPSJDD":"1-15周 星期三 第1节-第2节 南湖南-博学主楼-203,1-9周 星期四 第3节-第4节 南湖南-博学主楼-203,11-15周 星期四 第3节-第4节 南湖南-博学主楼-203,16-17周 星期一 第3节-第4节 南湖南-博学主楼-203,1-10周 星期一 第3节-第4节 南湖南-博学主楼-203,12-14周 星期一 第3节-第4节 南湖南-博学主楼-203","XF":5,"SKXQ":4,"XNXQDM":"2024-2025-2","KCM":"高等数学A下","JASDM":"0202040203","JXLDM":"020204","JXBID":"20242-10435","SKBJ":"机电类2409-12","TYXMDM":null,"KCH":"10153121060"},{"KKDWDM":"071","XS":88,"BYBZ":"0","JSJC":2,"XXXQDM":"02","KXH":"08","KSJC":1,"XKZRS":137,"SKZC":"111111111000000000000000000000","SKJS":"吴海英,宗志雄","ISTK":0,"ZCMC":"1-9周","YPSJDD":"1-10周 星期一 第1节-第2节 南湖南-博学主楼-203,16-17周 星期一 第1节-第2节 南湖南-博学主楼-203,1-15周 星期三 第3节-第4节 南湖南-博学主楼-203,12-14周 星期一 第1节-第2节 南湖南-博学主楼-203,11-15周 星期四 第1节-第2节 南湖南-博学主楼-203,1-9周 星期四 第1节-第2节 南湖南-博学主楼-203","XF":5,"SKXQ":4,"XNXQDM":"2024-2025-2","KCM":"高等数学A下","JASDM":"0202040203","JXLDM":"020204","JXBID":"20242-06272","SKBJ":"化生类2409-11,应化jd2401","TYXMDM":null,"KCH":"10153121060"},{"KKDWDM":"072","XS":80,"BYBZ":"0","JSJC":5,"XXXQDM":"02","KXH":"30","KSJC":3,"XKZRS":138,"SKZC":"111110000000000000000000000000","SKJS":"马争争","ISTK":0,"ZCMC":"1-5周","YPSJDD":"7-9周 星期五 第3节-第5节 南湖南-博学主楼-203,11-16周 星期五 第3节-第5节 南湖南-博学主楼-203,17周 星期三 第3节-第5节 南湖南-博学主楼-203,9周 星期日 第3节-第5节 南湖南-博学主楼-203,1-16周 星期二 第1节-第2节 南湖南-博学主楼-203,1-5周 星期五 第3节-第5节 南湖南-博学主楼-203","XF":5,"SKXQ":5,"XNXQDM":"2024-2025-2","KCM":"大学物理B","JASDM":"0202040203","JXLDM":"020204","JXBID":"20242-11668","SKBJ":"机电类2409-12","TYXMDM":null,"KCH":"10153113042"},{"KKDWDM":"072","XS":80,"BYBZ":"0","JSJC":5,"XXXQDM":"02","KXH":"30","KSJC":3,"XKZRS":138,"SKZC":"000000111000000000000000000000","SKJS":"马争争","ISTK":0,"ZCMC":"7-9周","YPSJDD":"7-9周 星期五 第3节-第5节 南湖南-博学主楼-203,11-16周 星期五 第3节-第5节 南湖南-博学主楼-203,17周 星期三 第3节-第5节 南湖南-博学主楼-203,9周 星期日 第3节-第5节 南湖南-博学主楼-203,1-16周 星期二 第1节-第2节 南湖南-博学主楼-203,1-5周 星期五 第3节-第5节 南湖南-博学主楼-203","XF":5,"SKXQ":5,"XNXQDM":"2024-2025-2","KCM":"大学物理B","JASDM":"0202040203","JXLDM":"020204","JXBID":"20242-11668","SKBJ":"机电类2409-12","TYXMDM":null,"KCH":"10153113042"},{"KKDWDM":"072","XS":80,"BYBZ":"0","JSJC":5,"XXXQDM":"02","KXH":"30","KSJC":3,"XKZRS":138,"SKZC":"000000001000000000000000000000","SKJS":"马争争","ISTK":0,"ZCMC":"9周","YPSJDD":"7-9周 星期五 第3节-第5节 南湖南-博学主楼-203,11-16周 星期五 第3节-第5节 南湖南-博学主楼-203,17周 星期三 第3节-第5节 南湖南-博学主楼-203,9周 星期日 第3节-第5节 南湖南-博学主楼-203,1-16周 星期二 第1节-第2节 南湖南-博学主楼-203,1-5周 星期五 第3节-第5节 南湖南-博学主楼-203","XF":5,"SKXQ":7,"XNXQDM":"2024-2025-2","KCM":"大学物理B","JASDM":"0202040203","JXLDM":"020204","JXBID":"20242-11668","SKBJ":"机电类2409-12","TYXMDM":null,"KCH":"10153113042"},{"KKDWDM":"072","XS":80,"BYBZ":"0","JSJC":5,"XXXQDM":"02","KXH":"30","KSJC":3,"XKZRS":138,"SKZC":"000000000011111100000000000000","SKJS":"马争争","ISTK":0,"ZCMC":"11-16周","YPSJDD":"7-9周 星期五 第3节-第5节 南湖南-博学主楼-203,11-16周 星期五 第3节-第5节 南湖南-博学主楼-203,17周 星期三 第3节-第5节 南湖南-博学主楼-203,9周 星期日 第3节-第5节 南湖南-博学主楼-203,1-16周 星期二 第1节-第2节 南湖南-博学主楼-203,1-5周 星期五 第3节-第5节 南湖南-博学主楼-203","XF":5,"SKXQ":5,"XNXQDM":"2024-2025-2","KCM":"大学物理B","JASDM":"0202040203","JXLDM":"020204","JXBID":"20242-11668","SKBJ":"机电类2409-12","TYXMDM":null,"KCH":"10153113042"},{"KKDWDM":"071","XS":88,"BYBZ":"0","JSJC":4,"XXXQDM":"02","KXH":"36","KSJC":3,"XKZRS":138,"SKZC":"000000000011111000000000000000","SKJS":"吴海英","ISTK":0,"ZCMC":"11-15周","YPSJDD":"1-15周 星期三 第1节-第2节 南湖南-博学主楼-203,1-9周 星期四 第3节-第4节 南湖南-博学主楼-203,11-15周 星期四 第3节-第4节 南湖南-博学主楼-203,16-17周 星期一 第3节-第4节 南湖南-博学主楼-203,1-10周 星期一 第3节-第4节 南湖南-博学主楼-203,12-14周 星期一 第3节-第4节 南湖南-博学主楼-203","XF":5,"SKXQ":4,"XNXQDM":"2024-2025-2","KCM":"高等数学A下","JASDM":"0202040203","JXLDM":"020204","JXBID":"20242-10435","SKBJ":"机电类2409-12","TYXMDM":null,"KCH":"10153121060"},{"KKDWDM":"071","XS":88,"BYBZ":"0","JSJC":2,"XXXQDM":"02","KXH":"08","KSJC":1,"XKZRS":137,"SKZC":"000000000011111000000000000000","SKJS":"吴海英,宗志雄","ISTK":0,"ZCMC":"11-15周","YPSJDD":"1-10周 星期一 第1节-第2节 南湖南-博学主楼-203,16-17周 星期一 第1节-第2节 南湖南-博学主楼-203,1-15周 星期三 第3节-第4节 南湖南-博学主楼-203,12-14周 星期一 第1节-第2节 南湖南-博学主楼-203,11-15周 星期四 第1节-第2节 南湖南-博学主楼-203,1-9周 星期四 第1节-第2节 南湖南-博学主楼-203","XF":5,"SKXQ":4,"XNXQDM":"2024-2025-2","KCM":"高等数学A下","JASDM":"0202040203","JXLDM":"020204","JXBID":"20242-06272","SKBJ":"化生类2409-11,应化jd2401","TYXMDM":null,"KCH":"10153121060"},{"KKDWDM":"038","XS":32,"BYBZ":"0","JSJC":12,"XXXQDM":"02","KXH":"05","KSJC":11,"XKZRS":137,"SKZC":"000000000010000000000000","SKJS":"李珏","ISTK":0,"ZCMC":"11周","YPSJDD":"11周 星期二 第11节-第12节 南湖南-博学主楼-203,1-10周 星期二 第11节-第13节 南湖南-博学主楼-203","XF":2,"SKXQ":2,"XNXQDM":"2024-2025-2","KCM":"大学生涯规划与职业发展(GX)","JASDM":"0202040203","JXLDM":"020204","JXBID":"20242-11054","SKBJ":"公选-11054","TYXMDM":null,"KCH":"10382121036"},{"KKDWDM":"071","XS":88,"BYBZ":"0","JSJC":2,"XXXQDM":"02","KXH":"08","KSJC":1,"XKZRS":137,"SKZC":"000000000001110000000000000000","SKJS":"吴海英,宗志雄","ISTK":0,"ZCMC":"12-14周","YPSJDD":"1-10周 星期一 第1节-第2节 南湖南-博学主楼-203,16-17周 星期一 第1节-第2节 南湖南-博学主楼-203,1-15周 星期三 第3节-第4节 南湖南-博学主楼-203,12-14周 星期一 第1节-第2节 南湖南-博学主楼-203,11-15周 星期四 第1节-第2节 南湖南-博学主楼-203,1-9周 星期四 第1节-第2节 南湖南-博学主楼-203","XF":5,"SKXQ":1,"XNXQDM":"2024-2025-2","KCM":"高等数学A下","JASDM":"0202040203","JXLDM":"020204","JXBID":"20242-06272","SKBJ":"化生类2409-11,应化jd2401","TYXMDM":null,"KCH":"10153121060"},{"KKDWDM":"071","XS":88,"BYBZ":"0","JSJC":4,"XXXQDM":"02","KXH":"36","KSJC":3,"XKZRS":138,"SKZC":"000000000001110000000000000000","SKJS":"吴海英","ISTK":0,"ZCMC":"12-14周","YPSJDD":"1-15周 星期三 第1节-第2节 南湖南-博学主楼-203,1-9周 星期四 第3节-第4节 南湖南-博学主楼-203,11-15周 星期四 第3节-第4节 南湖南-博学主楼-203,16-17周 星期一 第3节-第4节 南湖南-博学主楼-203,1-10周 星期一 第3节-第4节 南湖南-博学主楼-203,12-14周 星期一 第3节-第4节 南湖南-博学主楼-203","XF":5,"SKXQ":1,"XNXQDM":"2024-2025-2","KCM":"高等数学A下","JASDM":"0202040203","JXLDM":"020204","JXBID":"20242-10435","SKBJ":"机电类2409-12","TYXMDM":null,"KCH":"10153121060"},{"KKDWDM":"021","XS":8,"BYBZ":"0","JSJC":10,"XXXQDM":"02","KXH":"687","KSJC":9,"XKZRS":138,"SKZC":"0000000000001111000000000","SKJS":"李静蓉","ISTK":0,"ZCMC":"13-16周","YPSJDD":"13-16周 星期四 第9节-第10节 南湖南-博学主楼-203","XF":0,"SKXQ":4,"XNXQDM":"2024-2025-2","KCM":"形势与政策","JASDM":"0202040203","JXLDM":"020204","JXBID":"20242-14278","SKBJ":"化生类2403,工商类2401-07,建筑类2401,数学类2402-08,机电类2410,材料类2412,材科珠峰2401,生科类2402,管科类2405-06,通信zs2401","TYXMDM":null,"KCH":"10218121092"},{"KKDWDM":"071","XS":40,"BYBZ":"0","JSJC":4,"XXXQDM":"02","KXH":"26","KSJC":3,"XKZRS":140,"SKZC":"000000000000110000000000","SKJS":"朱慧颖","ISTK":0,"ZCMC":"13-14周","YPSJDD":"13-14周 星期二 第3节-第4节 南湖南-博学主楼-203,1-12周 星期二 第3节-第5节 南湖南-博学主楼-203","XF":2,"SKXQ":2,"XNXQDM":"2024-2025-2","KCM":"线性代数","JASDM":"0202040203","JXLDM":"020204","JXBID":"20242-11743","SKBJ":"机电类2409-12","TYXMDM":null,"KCH":"10153111001"},{"KKDWDM":"071","XS":88,"BYBZ":"0","JSJC":4,"XXXQDM":"02","KXH":"36","KSJC":3,"XKZRS":138,"SKZC":"000000000000000110000000000000","SKJS":"吴海英","ISTK":0,"ZCMC":"16-17周","YPSJDD":"1-15周 星期三 第1节-第2节 南湖南-博学主楼-203,1-9周 星期四 第3节-第4节 南湖南-博学主楼-203,11-15周 星期四 第3节-第4节 南湖南-博学主楼-203,16-17周 星期一 第3节-第4节 南湖南-博学主楼-203,1-10周 星期一 第3节-第4节 南湖南-博学主楼-203,12-14周 星期一 第3节-第4节 南湖南-博学主楼-203","XF":5,"SKXQ":1,"XNXQDM":"2024-2025-2","KCM":"高等数学A下","JASDM":"0202040203","JXLDM":"020204","JXBID":"20242-10435","SKBJ":"机电类2409-12","TYXMDM":null,"KCH":"10153121060"},{"KKDWDM":"071","XS":88,"BYBZ":"0","JSJC":2,"XXXQDM":"02","KXH":"08","KSJC":1,"XKZRS":137,"SKZC":"000000000000000110000000000000","SKJS":"吴海英,宗志雄","ISTK":0,"ZCMC":"16-17周","YPSJDD":"1-10周 星期一 第1节-第2节 南湖南-博学主楼-203,16-17周 星期一 第1节-第2节 南湖南-博学主楼-203,1-15周 星期三 第3节-第4节 南湖南-博学主楼-203,12-14周 星期一 第1节-第2节 南湖南-博学主楼-203,11-15周 星期四 第1节-第2节 南湖南-博学主楼-203,1-9周 星期四 第1节-第2节 南湖南-博学主楼-203","XF":5,"SKXQ":1,"XNXQDM":"2024-2025-2","KCM":"高等数学A下","JASDM":"0202040203","JXLDM":"020204","JXBID":"20242-06272","SKBJ":"化生类2409-11,应化jd2401","TYXMDM":null,"KCH":"10153121060"},{"KKDWDM":"072","XS":80,"BYBZ":"0","JSJC":5,"XXXQDM":"02","KXH":"30","KSJC":3,"XKZRS":138,"SKZC":"000000000000000010000000000000","SKJS":"马争争","ISTK":0,"ZCMC":"17周","YPSJDD":"7-9周 星期五 第3节-第5节 南湖南-博学主楼-203,11-16周 星期五 第3节-第5节 南湖南-博学主楼-203,17周 星期三 第3节-第5节 南湖南-博学主楼-203,9周 星期日 第3节-第5节 南湖南-博学主楼-203,1-16周 星期二 第1节-第2节 南湖南-博学主楼-203,1-5周 星期五 第3节-第5节 南湖南-博学主楼-203","XF":5,"SKXQ":3,"XNXQDM":"2024-2025-2","KCM":"大学物理B","JASDM":"0202040203","JXLDM":"020204","JXBID":"20242-11668","SKBJ":"机电类2409-12","TYXMDM":null,"KCH":"10153113042"}]}},"code":"0"}