{"datas":{"jaskcb":{"extParams":{"code":1,"msg":"查询成功"},"pageSize":0,"pageNumber":0,"totalSize":-1,"rows":[{"KKDWDM":null,"XS":null,"BYBZ":"3","JSJC":2,"XXXQDM":null,"KXH":null,"KSJC":1,"XKZRS":null,"SKZC":"111111111111111110000000000000","SKJS":null,"ISTK":0,"ZCMC":"1-17周","YPSJDD":null,"XF":null,"SKXQ":3,"XNXQDM":"2024-2025-2","KCM":"英语写作","JASDM":"0202030102","JXLDM":null,"JXBID":null,"SKBJ":"平面2402","TYXMDM":null,"KCH":"20241124006"},{"KKDWDM":null,"XS":null,"BYBZ":"3","JSJC":5,"XXXQDM":null,"KXH":null,"KSJC":3,"XKZRS":null,"SKZC":"111111111111111110000000000000","SKJS":null,"ISTK":0,"ZCMC":"1-17周","YPSJDD":null,"XF":null,"SKXQ":5,"XNXQDM":"2024-2025-2","KCM":"英语写作","JASDM":"0202030102","JXLDM":null,"JXBID":null,"SKBJ":"数媒2402","TYXMDM":null,"KCH":"20241124006"},{"KKDWDM":null,"XS":null,"BYBZ":"3","JSJC":5,"XXXQDM":null,"KXH":null,"KSJC":3,"XKZRS":null,"SKZC":"111111111111111110000000000000","SKJS":null,"ISTK":0,"ZCMC":"1-17周","YPSJDD":null,"XF":null,"SKXQ":1,"XNXQDM":"2024-2025-2","KCM":"英语写作","JASDM":"0202030102","JXLDM":null,"JXBID":null,"SKBJ":"数媒2403","TYXMDM":null,"KCH":"20241124006"},{"KKDWDM":null,"XS":null,"BYBZ":"3","JSJC":9,"XXXQDM":null,"KXH":null,"KSJC":6,"XKZRS":null,"SKZC":"111111111111111110000000000000","SKJS":null,"ISTK":0,"ZCMC":"1-17周","YPSJDD":null,"XF":null,"SKXQ":3,"XNXQDM":"2024-2025-2","KCM":"英语口语","JASDM":"0202030102","JXLDM":null,"JXBID":null,"SKBJ":"平面2402","TYXMDM":null,"KCH":"20241124007"},{"KKDWDM":null,"XS":null,"BYBZ":"3","JSJC":5,"XXXQDM":null,"KXH":null,"KSJC":3,"XKZRS":null,"SKZC":"111111111111111110000000000000","SKJS":null,"ISTK":0,"ZCMC":"1-17周","YPSJDD":null,"XF":null,"SKXQ":3,"XNXQDM":"2024-2025-2","KCM":"英语听力","JASDM":"0202030102","JXLDM":null,"JXBID":null,"SKBJ":"平面2402","TYXMDM":null,"KCH":"20241124008"},{"KKDWDM":null,"XS":null,"BYBZ":"3","JSJC":5,"XXXQDM":null,"KXH":null,"KSJC":3,"XKZRS":null,"SKZC":"111111111111111110000000000000","SKJS":null,"ISTK":0,"ZCMC":"1-17周","YPSJDD":null,"XF":null,"SKXQ":4,"XNXQDM":"2024-2025-2","KCM":"英语听力","JASDM":"0202030102","JXLDM":null,"JXBID":null,"SKBJ":"平面2403","TYXMDM":null,"KCH":"20241124008"},{"KKDWDM":null,"XS":null,"BYBZ":"3","JSJC":7,"XXXQDM":null,"KXH":null,"KSJC":6,"XKZRS":null,"SKZC":"111111111111111110000000000000","SKJS":null,"ISTK":0,"ZCMC":"1-17周","YPSJDD":null,"XF":null,"SKXQ":4,"XNXQDM":"2024-2025-2","KCM":"英语听力","JASDM":"0202030102","JXLDM":null,"JXBID":null,"SKBJ":"数媒2402","TYXMDM":null,"KCH":"20241124008"},{"KKDWDM":null,"XS":null,"BYBZ":"3","JSJC":7,"XXXQDM":null,"KXH":null,"KSJC":6,"XKZRS":null,"SKZC":"111111111111111110000000000000","SKJS":null,"ISTK":0,"ZCMC":"1-17周","YPSJDD":null,"XF":null,"SKXQ":5,"XNXQDM":"2024-2025-2","KCM":"英语听力","JASDM":"0202030102","JXLDM":null,"JXBID":null,"SKBJ":"数媒2402","TYXMDM":null,"KCH":"20241124008"},{"KKDWDM":null,"XS":null,"BYBZ":"3","JSJC":10,"XXXQDM":null,"KXH":null,"KSJC":9,"XKZRS":null,"SKZC":"111111111111111110000000000000","SKJS":null,"ISTK":0,"ZCMC":"1-17周","YPSJDD":null,"XF":null,"SKXQ":1,"XNXQDM":"2024-2025-2","KCM":"英语听力","JASDM":"0202030102","JXLDM":null,"JXBID":null,"SKBJ":"数媒2403","TYXMDM":null,"KCH":"20241124008"},{"KKDWDM":null,"XS":null,"BYBZ":"3","JSJC":2,"XXXQDM":null,"KXH":null,"KSJC":1,"XKZRS":null,"SKZC":"111111111111111110000000000000","SKJS":null,"ISTK":0,"ZCMC":"1-17周","YPSJDD":null,"XF":null,"SKXQ":4,"XNXQDM":"2024-2025-2","KCM":"英语阅读","JASDM":"0202030102","JXLDM":null,"JXBID":null,"SKBJ":"平面2403","TYXMDM":null,"KCH":"20241124009"},{"KKDWDM":null,"XS":null,"BYBZ":"3","JSJC":2,"XXXQDM":null,"KXH":null,"KSJC":1,"XKZRS":null,"SKZC":"111111111111111110000000000000","SKJS":null,"ISTK":0,"ZCMC":"1-17周","YPSJDD":null,"XF":null,"SKXQ":5,"XNXQDM":"2024-2025-2","KCM":"英语阅读","JASDM":"0202030102","JXLDM":null,"JXBID":null,"SKBJ":"数媒2402","TYXMDM":null,"KCH":"20241124009"},{"KKDWDM":null,"XS":null,"BYBZ":"3","JSJC":7,"XXXQDM":null,"KXH":null,"KSJC":6,"XKZRS":null,"SKZC":"111111111111111110000000000000","SKJS":null,"ISTK":0,"ZCMC":"1-17周","YPSJDD":null,"XF":null,"SKXQ":1,"XNXQDM":"2024-2025-2","KCM":"英语阅读","JASDM":"0202030102","JXLDM":null,"JXBID":null,"SKBJ":"数媒2403","TYXMDM":null,"KCH":"20241124009"},{"KKDWDM":null,"XS":null,"BYBZ":"3","JSJC":4,"XXXQDM":null,"KXH":null,"KSJC":1,"XKZRS":null,"SKZC":"111111111111111110000000000000","SKJS":"杨春","ISTK":0,"ZCMC":"1-17周","YPSJDD":null,"XF":null,"SKXQ":2,"XNXQDM":"2024-2025-2","KCM":"构成原理","JASDM":"0202030102","JXLDM":null,"JXBID":null,"SKBJ":"平面2401","TYXMDM":null,"KCH":"20243124002"},{"KKDWDM":null,"XS":null,"BYBZ":"3","JSJC":9,"XXXQDM":null,"KXH":null,"KSJC":6,"XKZRS":null,"SKZC":"011111111111111110000000000000","SKJS":"吴丹","ISTK":0,"ZCMC":"2-17周","YPSJDD":null,"XF":null,"SKXQ":2,"XNXQDM":"2024-2025-2","KCM":"构成原理","JASDM":"0202030102","JXLDM":null,"JXBID":null,"SKBJ":"数媒2402","TYXMDM":null,"KCH":"20243124002"},{"KKDWDM":null,"XS":null,"BYBZ":"3","JSJC":9,"XXXQDM":null,"KXH":null,"KSJC":6,"XKZRS":null,"SKZC":"111111111111111110000000000000","SKJS":"Kateryna,吴丹","ISTK":0,"ZCMC":"1-17周","YPSJDD":null,"XF":null,"SKXQ":2,"XNXQDM":"2024-2025-2","KCM":"构成原理","JASDM":"0202030102","JXLDM":null,"JXBID":null,"SKBJ":"数媒2402","TYXMDM":null,"KCH":"20243124002"}]}},"code":"0"}