{"datas":{"jaskcb":{"extParams":{"code":1,"msg":"查询成功"},"pageSize":0,"pageNumber":0,"totalSize":-1,"rows":[{"KKDWDM":"020","XS":48,"BYBZ":"0","JSJC":7,"XXXQDM":"02","KXH":"25","KSJC":6,"XKZRS":19,"SKZC":"111111111111111100000000000000","SKJS":"肖婕芳","ISTK":0,"ZCMC":"1-16周","YPSJDD":"1-16周 星期三 第6节-第7节 南湖南-博学北楼-303","XF":2,"SKXQ":3,"XNXQDM":"2024-2025-2","KCM":"美国历史与文化","JASDM":"0202010303","JXLDM":"020201","JXBID":"20242-12990","SKBJ":"公选-12990","TYXMDM":"11","KCH":"10201117160"},{"KKDWDM":"020","XS":32,"BYBZ":"0","JSJC":4,"XXXQDM":"02","KXH":"10","KSJC":3,"XKZRS":35,"SKZC":"1111111111111111","SKJS":"张小兵","ISTK":0,"ZCMC":"1-16周","YPSJDD":"1-16周 星期二 第3节-第4节 南湖南-博学北楼-303","XF":2,"SKXQ":2,"XNXQDM":"2024-2025-2","KCM":"高级英语听力","JASDM":"0202010303","JXLDM":"020201","JXBID":"20242-12858","SKBJ":"公选-12858","TYXMDM":"11","KCH":"10201117107"},{"KKDWDM":"020","XS":32,"BYBZ":"0","JSJC":4,"XXXQDM":"02","KXH":"14","KSJC":3,"XKZRS":36,"SKZC":"1111111111111111","SKJS":"叶俊","ISTK":0,"ZCMC":"1-16周","YPSJDD":"1-16周 星期三 第3节-第4节 南湖南-博学北楼-303","XF":2,"SKXQ":3,"XNXQDM":"2024-2025-2","KCM":"高级英语听力","JASDM":"0202010303","JXLDM":"020201","JXBID":"20242-12892","SKBJ":"公选-12892","TYXMDM":"11","KCH":"10201117107"},{"KKDWDM":"020","XS":32,"BYBZ":"0","JSJC":7,"XXXQDM":"02","KXH":"31","KSJC":6,"XKZRS":34,"SKZC":"1111111111111111","SKJS":"傅竹珩","ISTK":0,"ZCMC":"1-16周","YPSJDD":"1-16周 星期二 第6节-第7节 南湖南-博学北楼-303","XF":2,"SKXQ":2,"XNXQDM":"2024-2025-2","KCM":"英语国家概况","JASDM":"0202010303","JXLDM":"020201","JXBID":"20242-12985","SKBJ":"公选-12985","TYXMDM":"11","KCH":"10201117103"},{"KKDWDM":"020","XS":32,"BYBZ":"0","JSJC":2,"XXXQDM":"02","KXH":"06","KSJC":1,"XKZRS":35,"SKZC":"1111111111111111","SKJS":"张小兵","ISTK":0,"ZCMC":"1-16周","YPSJDD":"1-16周 星期二 第1节-第2节 南湖南-博学北楼-303","XF":2,"SKXQ":2,"XNXQDM":"2024-2025-2","KCM":"高级英语听力","JASDM":"0202010303","JXLDM":"020201","JXBID":"20242-12841","SKBJ":"公选-12841","TYXMDM":"11","KCH":"10201117107"},{"KKDWDM":"020","XS":32,"BYBZ":"0","JSJC":2,"XXXQDM":"02","KXH":"13","KSJC":1,"XKZRS":38,"SKZC":"1111111111111111","SKJS":"叶俊","ISTK":0,"ZCMC":"1-16周","YPSJDD":"1-16周 星期三 第1节-第2节 南湖南-博学北楼-303","XF":2,"SKXQ":3,"XNXQDM":"2024-2025-2","KCM":"高级英语听力","JASDM":"0202010303","JXLDM":"020201","JXBID":"20242-12875","SKBJ":"公选-12875","TYXMDM":"11","KCH":"10201117107"},{"KKDWDM":"020","XS":32,"BYBZ":"0","JSJC":7,"XXXQDM":"02","KXH":"09","KSJC":6,"XKZRS":24,"SKZC":"111111111100000000000000000000","SKJS":"卢少兵","ISTK":0,"ZCMC":"1-10周","YPSJDD":"17周 星期二 第6节-第7节 南湖南-博学北楼-303,16-17周 星期一 第6节-第7节 南湖南-博学北楼-303,1-10周 星期一 第6节-第7节 南湖南-博学北楼-303,12-14周 星期一 第6节-第7节 南湖南-博学北楼-303","XF":2,"SKXQ":1,"XNXQDM":"2024-2025-2","KCM":"实用科技英语翻译","JASDM":"0202010303","JXLDM":"020201","JXBID":"20242-12979","SKBJ":"公选-12979","TYXMDM":"11","KCH":"10201117106"},{"KKDWDM":"020","XS":32,"BYBZ":"0","JSJC":4,"XXXQDM":"02","KXH":"03","KSJC":3,"XKZRS":35,"SKZC":"111111111100000000000000000000","SKJS":"张小兵","ISTK":0,"ZCMC":"1-10周","YPSJDD":"16-17周 星期一 第3节-第4节 南湖南-博学北楼-303,12-14周 星期一 第3节-第4节 南湖南-博学北楼-303,17周 星期二 第3节-第4节 南湖南-博学北楼-303,1-10周 星期一 第3节-第4节 南湖南-博学北楼-303","XF":2,"SKXQ":1,"XNXQDM":"2024-2025-2","KCM":"高级英语听力","JASDM":"0202010303","JXLDM":"020201","JXBID":"20242-12823","SKBJ":"公选-12823","TYXMDM":"11","KCH":"10201117107"},{"KKDWDM":"020","XS":32,"BYBZ":"0","JSJC":2,"XXXQDM":"02","KXH":"01","KSJC":1,"XKZRS":35,"SKZC":"111111111100000000000000000000","SKJS":"张小兵","ISTK":0,"ZCMC":"1-10周","YPSJDD":"16-17周 星期一 第1节-第2节 南湖南-博学北楼-303,17周 星期二 第1节-第2节 南湖南-博学北楼-303,12-14周 星期一 第1节-第2节 南湖南-博学北楼-303,1-10周 星期一 第1节-第2节 南湖南-博学北楼-303","XF":2,"SKXQ":1,"XNXQDM":"2024-2025-2","KCM":"高级英语听力","JASDM":"0202010303","JXLDM":"020201","JXBID":"20242-12805","SKBJ":"公选-12805","TYXMDM":"11","KCH":"10201117107"},{"KKDWDM":"020","XS":32,"BYBZ":"0","JSJC":4,"XXXQDM":"02","KXH":"17","KSJC":3,"XKZRS":35,"SKZC":"111111111000000000000000000000","SKJS":"江帆","ISTK":0,"ZCMC":"1-9周","YPSJDD":"1-9周 星期四 第3节-第4节 南湖南-博学北楼-303,11-17周 星期四 第3节-第4节 南湖南-博学北楼-303","XF":2,"SKXQ":4,"XNXQDM":"2024-2025-2","KCM":"高级英语听力","JASDM":"0202010303","JXLDM":"020201","JXBID":"20242-12927","SKBJ":"公选-12927","TYXMDM":"11","KCH":"10201117107"},{"KKDWDM":"020","XS":32,"BYBZ":"0","JSJC":2,"XXXQDM":"02","KXH":"15","KSJC":1,"XKZRS":35,"SKZC":"111111111000000000000000000000","SKJS":"江帆","ISTK":0,"ZCMC":"1-9周","YPSJDD":"1-9周 星期四 第1节-第2节 南湖南-博学北楼-303,11-17周 星期四 第1节-第2节 南湖南-博学北楼-303","XF":2,"SKXQ":4,"XNXQDM":"2024-2025-2","KCM":"高级英语听力","JASDM":"0202010303","JXLDM":"020201","JXBID":"20242-12909","SKBJ":"公选-12909","TYXMDM":"11","KCH":"10201117107"},{"KKDWDM":"020","XS":32,"BYBZ":"0","JSJC":2,"XXXQDM":"02","KXH":"19","KSJC":1,"XKZRS":35,"SKZC":"111110111011111100000000000000","SKJS":"江帆","ISTK":0,"ZCMC":"1-5周,7-9周,11-16周","YPSJDD":"17周 星期三 第1节-第2节 南湖南-博学北楼-303,9周 星期日 第1节-第2节 南湖南-博学北楼-303,1-5周,7-9周,11-16周 星期五 第1节-第2节 南湖南-博学北楼-303","XF":2,"SKXQ":5,"XNXQDM":"2024-2025-2","KCM":"高级英语听力","JASDM":"0202010303","JXLDM":"020201","JXBID":"20242-12945","SKBJ":"公选-12945","TYXMDM":"11","KCH":"10201117107"},{"KKDWDM":"020","XS":32,"BYBZ":"0","JSJC":4,"XXXQDM":"02","KXH":"21","KSJC":3,"XKZRS":35,"SKZC":"111110000000000000000000000000","SKJS":"江帆","ISTK":0,"ZCMC":"1-5周","YPSJDD":"1-5周 星期五 第3节-第4节 南湖南-博学北楼-303,17周 星期三 第3节-第4节 南湖南-博学北楼-303,11-16周 星期五 第3节-第4节 南湖南-博学北楼-303,7-9周 星期五 第3节-第4节 南湖南-博学北楼-303,9周 星期日 第3节-第4节 南湖南-博学北楼-303","XF":2,"SKXQ":5,"XNXQDM":"2024-2025-2","KCM":"高级英语听力","JASDM":"0202010303","JXLDM":"020201","JXBID":"20242-12962","SKBJ":"公选-12962","TYXMDM":"11","KCH":"10201117107"},{"KKDWDM":"020","XS":32,"BYBZ":"0","JSJC":4,"XXXQDM":"02","KXH":"21","KSJC":3,"XKZRS":35,"SKZC":"000000111000000000000000000000","SKJS":"江帆","ISTK":0,"ZCMC":"7-9周","YPSJDD":"1-5周 星期五 第3节-第4节 南湖南-博学北楼-303,17周 星期三 第3节-第4节 南湖南-博学北楼-303,11-16周 星期五 第3节-第4节 南湖南-博学北楼-303,7-9周 星期五 第3节-第4节 南湖南-博学北楼-303,9周 星期日 第3节-第4节 南湖南-博学北楼-303","XF":2,"SKXQ":5,"XNXQDM":"2024-2025-2","KCM":"高级英语听力","JASDM":"0202010303","JXLDM":"020201","JXBID":"20242-12962","SKBJ":"公选-12962","TYXMDM":"11","KCH":"10201117107"},{"KKDWDM":"020","XS":32,"BYBZ":"0","JSJC":2,"XXXQDM":"02","KXH":"19","KSJC":1,"XKZRS":35,"SKZC":"000000001000000000000000000000","SKJS":"江帆","ISTK":0,"ZCMC":"9周","YPSJDD":"17周 星期三 第1节-第2节 南湖南-博学北楼-303,9周 星期日 第1节-第2节 南湖南-博学北楼-303,1-5周,7-9周,11-16周 星期五 第1节-第2节 南湖南-博学北楼-303","XF":2,"SKXQ":7,"XNXQDM":"2024-2025-2","KCM":"高级英语听力","JASDM":"0202010303","JXLDM":"020201","JXBID":"20242-12945","SKBJ":"公选-12945","TYXMDM":"11","KCH":"10201117107"},{"KKDWDM":"020","XS":32,"BYBZ":"0","JSJC":4,"XXXQDM":"02","KXH":"21","KSJC":3,"XKZRS":35,"SKZC":"000000001000000000000000000000","SKJS":"江帆","ISTK":0,"ZCMC":"9周","YPSJDD":"1-5周 星期五 第3节-第4节 南湖南-博学北楼-303,17周 星期三 第3节-第4节 南湖南-博学北楼-303,11-16周 星期五 第3节-第4节 南湖南-博学北楼-303,7-9周 星期五 第3节-第4节 南湖南-博学北楼-303,9周 星期日 第3节-第4节 南湖南-博学北楼-303","XF":2,"SKXQ":7,"XNXQDM":"2024-2025-2","KCM":"高级英语听力","JASDM":"0202010303","JXLDM":"020201","JXBID":"20242-12962","SKBJ":"公选-12962","TYXMDM":"11","KCH":"10201117107"},{"KKDWDM":"020","XS":32,"BYBZ":"0","JSJC":2,"XXXQDM":"02","KXH":"15","KSJC":1,"XKZRS":35,"SKZC":"000000000011111110000000000000","SKJS":"江帆","ISTK":0,"ZCMC":"11-17周","YPSJDD":"1-9周 星期四 第1节-第2节 南湖南-博学北楼-303,11-17周 星期四 第1节-第2节 南湖南-博学北楼-303","XF":2,"SKXQ":4,"XNXQDM":"2024-2025-2","KCM":"高级英语听力","JASDM":"0202010303","JXLDM":"020201","JXBID":"20242-12909","SKBJ":"公选-12909","TYXMDM":"11","KCH":"10201117107"},{"KKDWDM":"020","XS":32,"BYBZ":"0","JSJC":4,"XXXQDM":"02","KXH":"17","KSJC":3,"XKZRS":35,"SKZC":"000000000011111110000000000000","SKJS":"江帆","ISTK":0,"ZCMC":"11-17周","YPSJDD":"1-9周 星期四 第3节-第4节 南湖南-博学北楼-303,11-17周 星期四 第3节-第4节 南湖南-博学北楼-303","XF":2,"SKXQ":4,"XNXQDM":"2024-2025-2","KCM":"高级英语听力","JASDM":"0202010303","JXLDM":"020201","JXBID":"20242-12927","SKBJ":"公选-12927","TYXMDM":"11","KCH":"10201117107"},{"KKDWDM":"020","XS":32,"BYBZ":"0","JSJC":4,"XXXQDM":"02","KXH":"21","KSJC":3,"XKZRS":35,"SKZC":"000000000011111100000000000000","SKJS":"江帆","ISTK":0,"ZCMC":"11-16周","YPSJDD":"1-5周 星期五 第3节-第4节 南湖南-博学北楼-303,17周 星期三 第3节-第4节 南湖南-博学北楼-303,11-16周 星期五 第3节-第4节 南湖南-博学北楼-303,7-9周 星期五 第3节-第4节 南湖南-博学北楼-303,9周 星期日 第3节-第4节 南湖南-博学北楼-303","XF":2,"SKXQ":5,"XNXQDM":"2024-2025-2","KCM":"高级英语听力","JASDM":"0202010303","JXLDM":"020201","JXBID":"20242-12962","SKBJ":"公选-12962","TYXMDM":"11","KCH":"10201117107"},{"KKDWDM":"020","XS":32,"BYBZ":"0","JSJC":4,"XXXQDM":"02","KXH":"03","KSJC":3,"XKZRS":35,"SKZC":"000000000001110000000000000000","SKJS":"张小兵","ISTK":0,"ZCMC":"12-14周","YPSJDD":"16-17周 星期一 第3节-第4节 南湖南-博学北楼-303,12-14周 星期一 第3节-第4节 南湖南-博学北楼-303,17周 星期二 第3节-第4节 南湖南-博学北楼-303,1-10周 星期一 第3节-第4节 南湖南-博学北楼-303","XF":2,"SKXQ":1,"XNXQDM":"2024-2025-2","KCM":"高级英语听力","JASDM":"0202010303","JXLDM":"020201","JXBID":"20242-12823","SKBJ":"公选-12823","TYXMDM":"11","KCH":"10201117107"},{"KKDWDM":"020","XS":32,"BYBZ":"0","JSJC":2,"XXXQDM":"02","KXH":"01","KSJC":1,"XKZRS":35,"SKZC":"000000000001110000000000000000","SKJS":"张小兵","ISTK":0,"ZCMC":"12-14周","YPSJDD":"16-17周 星期一 第1节-第2节 南湖南-博学北楼-303,17周 星期二 第1节-第2节 南湖南-博学北楼-303,12-14周 星期一 第1节-第2节 南湖南-博学北楼-303,1-10周 星期一 第1节-第2节 南湖南-博学北楼-303","XF":2,"SKXQ":1,"XNXQDM":"2024-2025-2","KCM":"高级英语听力","JASDM":"0202010303","JXLDM":"020201","JXBID":"20242-12805","SKBJ":"公选-12805","TYXMDM":"11","KCH":"10201117107"},{"KKDWDM":"020","XS":32,"BYBZ":"0","JSJC":7,"XXXQDM":"02","KXH":"09","KSJC":6,"XKZRS":24,"SKZC":"000000000001110000000000000000","SKJS":"卢少兵","ISTK":0,"ZCMC":"12-14周","YPSJDD":"17周 星期二 第6节-第7节 南湖南-博学北楼-303,16-17周 星期一 第6节-第7节 南湖南-博学北楼-303,1-10周 星期一 第6节-第7节 南湖南-博学北楼-303,12-14周 星期一 第6节-第7节 南湖南-博学北楼-303","XF":2,"SKXQ":1,"XNXQDM":"2024-2025-2","KCM":"实用科技英语翻译","JASDM":"0202010303","JXLDM":"020201","JXBID":"20242-12979","SKBJ":"公选-12979","TYXMDM":"11","KCH":"10201117106"},{"KKDWDM":"020","XS":32,"BYBZ":"0","JSJC":7,"XXXQDM":"02","KXH":"09","KSJC":6,"XKZRS":24,"SKZC":"000000000000000110000000000000","SKJS":"卢少兵","ISTK":0,"ZCMC":"16-17周","YPSJDD":"17周 星期二 第6节-第7节 南湖南-博学北楼-303,16-17周 星期一 第6节-第7节 南湖南-博学北楼-303,1-10周 星期一 第6节-第7节 南湖南-博学北楼-303,12-14周 星期一 第6节-第7节 南湖南-博学北楼-303","XF":2,"SKXQ":1,"XNXQDM":"2024-2025-2","KCM":"实用科技英语翻译","JASDM":"0202010303","JXLDM":"020201","JXBID":"20242-12979","SKBJ":"公选-12979","TYXMDM":"11","KCH":"10201117106"},{"KKDWDM":"020","XS":32,"BYBZ":"0","JSJC":2,"XXXQDM":"02","KXH":"01","KSJC":1,"XKZRS":35,"SKZC":"000000000000000110000000000000","SKJS":"张小兵","ISTK":0,"ZCMC":"16-17周","YPSJDD":"16-17周 星期一 第1节-第2节 南湖南-博学北楼-303,17周 星期二 第1节-第2节 南湖南-博学北楼-303,12-14周 星期一 第1节-第2节 南湖南-博学北楼-303,1-10周 星期一 第1节-第2节 南湖南-博学北楼-303","XF":2,"SKXQ":1,"XNXQDM":"2024-2025-2","KCM":"高级英语听力","JASDM":"0202010303","JXLDM":"020201","JXBID":"20242-12805","SKBJ":"公选-12805","TYXMDM":"11","KCH":"10201117107"},{"KKDWDM":"020","XS":32,"BYBZ":"0","JSJC":4,"XXXQDM":"02","KXH":"03","KSJC":3,"XKZRS":35,"SKZC":"000000000000000110000000000000","SKJS":"张小兵","ISTK":0,"ZCMC":"16-17周","YPSJDD":"16-17周 星期一 第3节-第4节 南湖南-博学北楼-303,12-14周 星期一 第3节-第4节 南湖南-博学北楼-303,17周 星期二 第3节-第4节 南湖南-博学北楼-303,1-10周 星期一 第3节-第4节 南湖南-博学北楼-303","XF":2,"SKXQ":1,"XNXQDM":"2024-2025-2","KCM":"高级英语听力","JASDM":"0202010303","JXLDM":"020201","JXBID":"20242-12823","SKBJ":"公选-12823","TYXMDM":"11","KCH":"10201117107"},{"KKDWDM":"020","XS":32,"BYBZ":"0","JSJC":4,"XXXQDM":"02","KXH":"21","KSJC":3,"XKZRS":35,"SKZC":"000000000000000010000000000000","SKJS":"江帆","ISTK":0,"ZCMC":"17周","YPSJDD":"1-5周 星期五 第3节-第4节 南湖南-博学北楼-303,17周 星期三 第3节-第4节 南湖南-博学北楼-303,11-16周 星期五 第3节-第4节 南湖南-博学北楼-303,7-9周 星期五 第3节-第4节 南湖南-博学北楼-303,9周 星期日 第3节-第4节 南湖南-博学北楼-303","XF":2,"SKXQ":3,"XNXQDM":"2024-2025-2","KCM":"高级英语听力","JASDM":"0202010303","JXLDM":"020201","JXBID":"20242-12962","SKBJ":"公选-12962","TYXMDM":"11","KCH":"10201117107"},{"KKDWDM":"020","XS":32,"BYBZ":"0","JSJC":2,"XXXQDM":"02","KXH":"01","KSJC":1,"XKZRS":35,"SKZC":"000000000000000010000000000000","SKJS":"张小兵","ISTK":0,"ZCMC":"17周","YPSJDD":"16-17周 星期一 第1节-第2节 南湖南-博学北楼-303,17周 星期二 第1节-第2节 南湖南-博学北楼-303,12-14周 星期一 第1节-第2节 南湖南-博学北楼-303,1-10周 星期一 第1节-第2节 南湖南-博学北楼-303","XF":2,"SKXQ":2,"XNXQDM":"2024-2025-2","KCM":"高级英语听力","JASDM":"0202010303","JXLDM":"020201","JXBID":"20242-12805","SKBJ":"公选-12805","TYXMDM":"11","KCH":"10201117107"},{"KKDWDM":"020","XS":32,"BYBZ":"0","JSJC":4,"XXXQDM":"02","KXH":"03","KSJC":3,"XKZRS":35,"SKZC":"000000000000000010000000000000","SKJS":"张小兵","ISTK":0,"ZCMC":"17周","YPSJDD":"16-17周 星期一 第3节-第4节 南湖南-博学北楼-303,12-14周 星期一 第3节-第4节 南湖南-博学北楼-303,17周 星期二 第3节-第4节 南湖南-博学北楼-303,1-10周 星期一 第3节-第4节 南湖南-博学北楼-303","XF":2,"SKXQ":2,"XNXQDM":"2024-2025-2","KCM":"高级英语听力","JASDM":"0202010303","JXLDM":"020201","JXBID":"20242-12823","SKBJ":"公选-12823","TYXMDM":"11","KCH":"10201117107"},{"KKDWDM":"020","XS":32,"BYBZ":"0","JSJC":7,"XXXQDM":"02","KXH":"09","KSJC":6,"XKZRS":24,"SKZC":"000000000000000010000000000000","SKJS":"卢少兵","ISTK":0,"ZCMC":"17周","YPSJDD":"17周 星期二 第6节-第7节 南湖南-博学北楼-303,16-17周 星期一 第6节-第7节 南湖南-博学北楼-303,1-10周 星期一 第6节-第7节 南湖南-博学北楼-303,12-14周 星期一 第6节-第7节 南湖南-博学北楼-303","XF":2,"SKXQ":2,"XNXQDM":"2024-2025-2","KCM":"实用科技英语翻译","JASDM":"0202010303","JXLDM":"020201","JXBID":"20242-12979","SKBJ":"公选-12979","TYXMDM":"11","KCH":"10201117106"},{"KKDWDM":"020","XS":32,"BYBZ":"0","JSJC":2,"XXXQDM":"02","KXH":"19","KSJC":1,"XKZRS":35,"SKZC":"000000000000000010000000000000","SKJS":"江帆","ISTK":0,"ZCMC":"17周","YPSJDD":"17周 星期三 第1节-第2节 南湖南-博学北楼-303,9周 星期日 第1节-第2节 南湖南-博学北楼-303,1-5周,7-9周,11-16周 星期五 第1节-第2节 南湖南-博学北楼-303","XF":2,"SKXQ":3,"XNXQDM":"2024-2025-2","KCM":"高级英语听力","JASDM":"0202010303","JXLDM":"020201","JXBID":"20242-12945","SKBJ":"公选-12945","TYXMDM":"11","KCH":"10201117107"}]}},"code":"0"}