{"datas":{"jaskcb":{"extParams":{"code":1,"msg":"查询成功"},"pageSize":0,"pageNumber":0,"totalSize":-1,"rows":[{"KKDWDM":"022","XS":48,"BYBZ":"0","JSJC":2,"XXXQDM":"02","KXH":"01","KSJC":1,"XKZRS":26,"SKZC":"111111111111000000000000000000","SKJS":"胡璟","ISTK":0,"ZCMC":"1-12周","YPSJDD":"1-12周 星期二 第1节-第2节 南湖南-博学西楼-302,1-9周 星期四 第1节-第2节 南湖南-博学西楼-302,11-13周 星期四 第1节-第2节 南湖南-博学西楼-302","XF":3,"SKXQ":2,"XNXQDM":"2024-2025-2","KCM":"媒介伦理与批评","JASDM":"0202030302","JXLDM":"020203","JXBID":"20242-05530","SKBJ":"广告2301-02","TYXMDM":null,"KCH":"10225121028"},{"KKDWDM":"022","XS":32,"BYBZ":"0","JSJC":5,"XXXQDM":"02","KXH":"02","KSJC":3,"XKZRS":70,"SKZC":"111111111100000000000000","SKJS":"曾李","ISTK":0,"ZCMC":"1-10周","YPSJDD":"12周 星期一 第3节-第4节 南湖南-博学西楼-302,1-10周 星期一 第3节-第5节 南湖南-博学西楼-302","XF":2,"SKXQ":1,"XNXQDM":"2024-2025-2","KCM":"现代汉语2","JASDM":"0202030302","JXLDM":"020203","JXBID":"20242-12501","SKBJ":"新闻类2401-02","TYXMDM":null,"KCH":"10224121080"},{"KKDWDM":"008","XS":32,"BYBZ":"0","JSJC":5,"XXXQDM":"02","KXH":"04","KSJC":3,"XKZRS":92,"SKZC":"111111111100000000000000","SKJS":"文湘隆","ISTK":0,"ZCMC":"1-10周","YPSJDD":"11周 星期二 第3节-第4节 南湖南-博学西楼-302,1-10周 星期二 第3节-第5节 南湖南-博学西楼-302","XF":2,"SKXQ":2,"XNXQDM":"2024-2025-2","KCM":"机械制造装备设计","JASDM":"0202030302","JXLDM":"020203","JXBID":"20242-11149","SKBJ":"机械2203-05","TYXMDM":null,"KCH":"10085117016"},{"KKDWDM":"022","XS":48,"BYBZ":"0","JSJC":2,"XXXQDM":"02","KXH":"01","KSJC":1,"XKZRS":26,"SKZC":"111111111000000000000000000000","SKJS":"胡璟","ISTK":0,"ZCMC":"1-9周","YPSJDD":"1-12周 星期二 第1节-第2节 南湖南-博学西楼-302,1-9周 星期四 第1节-第2节 南湖南-博学西楼-302,11-13周 星期四 第1节-第2节 南湖南-博学西楼-302","XF":3,"SKXQ":4,"XNXQDM":"2024-2025-2","KCM":"媒介伦理与批评","JASDM":"0202030302","JXLDM":"020203","JXBID":"20242-05530","SKBJ":"广告2301-02","TYXMDM":null,"KCH":"10225121028"},{"KKDWDM":"022","XS":32,"BYBZ":"0","JSJC":5,"XXXQDM":"02","KXH":"01","KSJC":3,"XKZRS":73,"SKZC":"111110111010000000000000","SKJS":"龚琼芳","ISTK":0,"ZCMC":"1-5周,7-9周,11周","YPSJDD":"12周 星期五 第3节-第4节 南湖南-博学西楼-302,1-5周,7-9周,11周 星期五 第3节-第5节 南湖南-博学西楼-302,9周 星期日 第3节-第5节 南湖南-博学西楼-302","XF":2,"SKXQ":5,"XNXQDM":"2024-2025-2","KCM":"中国文学经典导读","JASDM":"0202030302","JXLDM":"020203","JXBID":"20242-06433","SKBJ":"新闻类2401-02","TYXMDM":null,"KCH":"10224121083"},{"KKDWDM":"016","XS":32,"BYBZ":"0","JSJC":2,"XXXQDM":"02","KXH":"01","KSJC":1,"XKZRS":91,"SKZC":"100000000000000000000000000000","SKJS":"何梦,刘霞","ISTK":0,"ZCMC":"1周","YPSJDD":"1周 星期三 第1节-第2节 南湖南-博学西楼-302,2-16周 星期三 第1节-第2节 南湖南-博学东楼-210","XF":2,"SKXQ":3,"XNXQDM":"2024-2025-2","KCM":"医学基础","JASDM":"0202030302","JXLDM":"020203","JXBID":"20242-05150","SKBJ":"制药zy2301-03","TYXMDM":null,"KCH":"10164111001"},{"KKDWDM":"023","XS":48,"BYBZ":"0","JSJC":8,"XXXQDM":"02","KXH":"01","KSJC":6,"XKZRS":82,"SKZC":"001111111111111100000000000000","SKJS":"郑锐","ISTK":0,"ZCMC":"3-16周","YPSJDD":"1-2周 星期三 第6节-第8节 南湖南-博学西楼-206,3-16周 星期三 第6节-第8节 南湖南-博学西楼-302","XF":3,"SKXQ":3,"XNXQDM":"2024-2025-2","KCM":"运筹学","JASDM":"0202030302","JXLDM":"020203","JXBID":"20242-04317","SKBJ":"安全2301-02","TYXMDM":null,"KCH":"10235117020"},{"KKDWDM":"009","XS":32,"BYBZ":"0","JSJC":8,"XXXQDM":"02","KXH":"03","KSJC":6,"XKZRS":53,"SKZC":"000000001100000000000000000000","SKJS":"席瑞杰","ISTK":0,"ZCMC":"9-10周","YPSJDD":"9-10周 星期一 第6节-第8节 南湖南-博学西楼-302,17周 星期二 第6节-第8节 南湖南-博学西楼-302,12-14周 星期一 第6节-第8节 南湖南-博学西楼-302,16-17周 星期一 第6节-第8节 南湖南-博学西楼-302","XF":2,"SKXQ":1,"XNXQDM":"2024-2025-2","KCM":"工程测量C","JASDM":"0202030302","JXLDM":"020203","JXBID":"20242-03022","SKBJ":"建筑学2201-02","TYXMDM":null,"KCH":"10164224003"},{"KKDWDM":"022","XS":32,"BYBZ":"0","JSJC":5,"XXXQDM":"02","KXH":"01","KSJC":3,"XKZRS":73,"SKZC":"000000001000000000000000","SKJS":"龚琼芳","ISTK":0,"ZCMC":"9周","YPSJDD":"12周 星期五 第3节-第4节 南湖南-博学西楼-302,1-5周,7-9周,11周 星期五 第3节-第5节 南湖南-博学西楼-302,9周 星期日 第3节-第5节 南湖南-博学西楼-302","XF":2,"SKXQ":7,"XNXQDM":"2024-2025-2","KCM":"中国文学经典导读","JASDM":"0202030302","JXLDM":"020203","JXBID":"20242-06433","SKBJ":"新闻类2401-02","TYXMDM":null,"KCH":"10224121083"},{"KKDWDM":"022","XS":48,"BYBZ":"0","JSJC":2,"XXXQDM":"02","KXH":"01","KSJC":1,"XKZRS":26,"SKZC":"000000000011100000000000000000","SKJS":"胡璟","ISTK":0,"ZCMC":"11-13周","YPSJDD":"1-12周 星期二 第1节-第2节 南湖南-博学西楼-302,1-9周 星期四 第1节-第2节 南湖南-博学西楼-302,11-13周 星期四 第1节-第2节 南湖南-博学西楼-302","XF":3,"SKXQ":4,"XNXQDM":"2024-2025-2","KCM":"媒介伦理与批评","JASDM":"0202030302","JXLDM":"020203","JXBID":"20242-05530","SKBJ":"广告2301-02","TYXMDM":null,"KCH":"10225121028"},{"KKDWDM":"008","XS":32,"BYBZ":"0","JSJC":4,"XXXQDM":"02","KXH":"04","KSJC":3,"XKZRS":92,"SKZC":"000000000010000000000000","SKJS":"文湘隆","ISTK":0,"ZCMC":"11周","YPSJDD":"11周 星期二 第3节-第4节 南湖南-博学西楼-302,1-10周 星期二 第3节-第5节 南湖南-博学西楼-302","XF":2,"SKXQ":2,"XNXQDM":"2024-2025-2","KCM":"机械制造装备设计","JASDM":"0202030302","JXLDM":"020203","JXBID":"20242-11149","SKBJ":"机械2203-05","TYXMDM":null,"KCH":"10085117016"},{"KKDWDM":"009","XS":32,"BYBZ":"0","JSJC":8,"XXXQDM":"02","KXH":"03","KSJC":6,"XKZRS":53,"SKZC":"000000000001110000000000000000","SKJS":"席瑞杰","ISTK":0,"ZCMC":"12-14周","YPSJDD":"9-10周 星期一 第6节-第8节 南湖南-博学西楼-302,17周 星期二 第6节-第8节 南湖南-博学西楼-302,12-14周 星期一 第6节-第8节 南湖南-博学西楼-302,16-17周 星期一 第6节-第8节 南湖南-博学西楼-302","XF":2,"SKXQ":1,"XNXQDM":"2024-2025-2","KCM":"工程测量C","JASDM":"0202030302","JXLDM":"020203","JXBID":"20242-03022","SKBJ":"建筑学2201-02","TYXMDM":null,"KCH":"10164224003"},{"KKDWDM":"022","XS":32,"BYBZ":"0","JSJC":4,"XXXQDM":"02","KXH":"01","KSJC":3,"XKZRS":73,"SKZC":"000000000001000000000000","SKJS":"龚琼芳","ISTK":0,"ZCMC":"12周","YPSJDD":"12周 星期五 第3节-第4节 南湖南-博学西楼-302,1-5周,7-9周,11周 星期五 第3节-第5节 南湖南-博学西楼-302,9周 星期日 第3节-第5节 南湖南-博学西楼-302","XF":2,"SKXQ":5,"XNXQDM":"2024-2025-2","KCM":"中国文学经典导读","JASDM":"0202030302","JXLDM":"020203","JXBID":"20242-06433","SKBJ":"新闻类2401-02","TYXMDM":null,"KCH":"10224121083"},{"KKDWDM":"022","XS":32,"BYBZ":"0","JSJC":4,"XXXQDM":"02","KXH":"02","KSJC":3,"XKZRS":70,"SKZC":"000000000001000000000000","SKJS":"曾李","ISTK":0,"ZCMC":"12周","YPSJDD":"12周 星期一 第3节-第4节 南湖南-博学西楼-302,1-10周 星期一 第3节-第5节 南湖南-博学西楼-302","XF":2,"SKXQ":1,"XNXQDM":"2024-2025-2","KCM":"现代汉语2","JASDM":"0202030302","JXLDM":"020203","JXBID":"20242-12501","SKBJ":"新闻类2401-02","TYXMDM":null,"KCH":"10224121080"},{"KKDWDM":"009","XS":32,"BYBZ":"0","JSJC":8,"XXXQDM":"02","KXH":"03","KSJC":6,"XKZRS":53,"SKZC":"000000000000000110000000000000","SKJS":"席瑞杰","ISTK":0,"ZCMC":"16-17周","YPSJDD":"9-10周 星期一 第6节-第8节 南湖南-博学西楼-302,17周 星期二 第6节-第8节 南湖南-博学西楼-302,12-14周 星期一 第6节-第8节 南湖南-博学西楼-302,16-17周 星期一 第6节-第8节 南湖南-博学西楼-302","XF":2,"SKXQ":1,"XNXQDM":"2024-2025-2","KCM":"工程测量C","JASDM":"0202030302","JXLDM":"020203","JXBID":"20242-03022","SKBJ":"建筑学2201-02","TYXMDM":null,"KCH":"10164224003"},{"KKDWDM":"009","XS":32,"BYBZ":"0","JSJC":8,"XXXQDM":"02","KXH":"03","KSJC":6,"XKZRS":53,"SKZC":"000000000000000010000000000000","SKJS":"席瑞杰","ISTK":0,"ZCMC":"17周","YPSJDD":"9-10周 星期一 第6节-第8节 南湖南-博学西楼-302,17周 星期二 第6节-第8节 南湖南-博学西楼-302,12-14周 星期一 第6节-第8节 南湖南-博学西楼-302,16-17周 星期一 第6节-第8节 南湖南-博学西楼-302","XF":2,"SKXQ":2,"XNXQDM":"2024-2025-2","KCM":"工程测量C","JASDM":"0202030302","JXLDM":"020203","JXBID":"20242-03022","SKBJ":"建筑学2201-02","TYXMDM":null,"KCH":"10164224003"}]}},"code":"0"}