{"datas":{"jaskcb":{"extParams":{"code":1,"msg":"查询成功"},"pageSize":0,"pageNumber":0,"totalSize":-1,"rows":[{"KKDWDM":"017","XS":48,"BYBZ":"0","JSJC":5,"XXXQDM":"02","KXH":"01","KSJC":3,"XKZRS":13,"SKZC":"111111111111111100000000000000","SKJS":"潘安娥","ISTK":0,"ZCMC":"1-16周","YPSJDD":"1-16周 星期三 第3节-第5节 南湖南-博学西楼-218","XF":3,"SKXQ":3,"XNXQDM":"2024-2025-2","KCM":"财务管理","JASDM":"0202030218","JXLDM":"020203","JXBID":"20242-05844","SKBJ":"工管留2301","TYXMDM":null,"KCH":"30174119009"},{"KKDWDM":"012","XS":56,"BYBZ":"0","JSJC":2,"XXXQDM":"02","KXH":"02","KSJC":1,"XKZRS":16,"SKZC":"111111111111110000000000000000","SKJS":"冯静","ISTK":0,"ZCMC":"1-14周","YPSJDD":"9周 星期日 第3节-第4节 南湖南-博学西楼-218,1-5周 星期五 第3节-第4节 南湖南-博学西楼-218,7-9周 星期五 第3节-第4节 南湖南-博学西楼-218,11-15周 星期五 第3节-第4节 南湖南-博学西楼-218,1-14周 星期二 第1节-第2节 南湖南-博学西楼-218","XF":3,"SKXQ":2,"XNXQDM":"2024-2025-2","KCM":"数据库系统原理","JASDM":"0202030218","JXLDM":"020203","JXBID":"20242-04737","SKBJ":"计算机留2301","TYXMDM":null,"KCH":"30124119006"},{"KKDWDM":"012","XS":40,"BYBZ":"0","JSJC":5,"XXXQDM":"02","KXH":"01","KSJC":3,"XKZRS":18,"SKZC":"111111111111000000000000","SKJS":"胡文华","ISTK":0,"ZCMC":"1-12周","YPSJDD":"13-14周 星期二 第3节-第4节 南湖南-博学西楼-218,1-12周 星期二 第3节-第5节 南湖南-博学西楼-218","XF":2,"SKXQ":2,"XNXQDM":"2024-2025-2","KCM":"软件需求工程","JASDM":"0202030218","JXLDM":"020203","JXBID":"20242-05103","SKBJ":"计算机留2301","TYXMDM":null,"KCH":"30123124001"},{"KKDWDM":"018","XS":56,"BYBZ":"0","JSJC":2,"XXXQDM":"02","KXH":"01","KSJC":1,"XKZRS":22,"SKZC":"111111111100000000000000000000","SKJS":"许黎惠","ISTK":0,"ZCMC":"1-10周","YPSJDD":"16周 星期一 第1节-第2节 南湖南-博学西楼-218,11-15周 星期四 第3节-第4节 南湖南-博学西楼-216,1-10周 星期一 第1节-第2节 南湖南-博学西楼-218,12-14周 星期一 第1节-第2节 南湖南-博学西楼-218,1-9周 星期四 第3节-第4节 南湖南-博学西楼-216","XF":3,"SKXQ":1,"XNXQDM":"2024-2025-2","KCM":"国际金融学","JASDM":"0202030218","JXLDM":"020203","JXBID":"20242-04679","SKBJ":"国贸留2301","TYXMDM":null,"KCH":"30185119001"},{"KKDWDM":"012","XS":64,"BYBZ":"0","JSJC":5,"XXXQDM":"02","KXH":"01","KSJC":3,"XKZRS":15,"SKZC":"111111111010000000000000","SKJS":"唐星","ISTK":0,"ZCMC":"1-9周,11周","YPSJDD":"12周 星期四 第3节-第4节 南湖南-博学西楼-218,1-9周,11周 星期四 第3节-第5节 南湖南-博学西楼-218","XF":4,"SKXQ":4,"XNXQDM":"2024-2025-2","KCM":"汇编语言程序设计","JASDM":"0202030218","JXLDM":"020203","JXBID":"20242-04708","SKBJ":"计算机留2301","TYXMDM":null,"KCH":"30124119009"},{"KKDWDM":"017","XS":48,"BYBZ":"0","JSJC":8,"XXXQDM":"02","KXH":"01","KSJC":6,"XKZRS":13,"SKZC":"111111110000000000000000000000","SKJS":"邓亚玲","ISTK":0,"ZCMC":"1-8周","YPSJDD":"1-8周 星期一 第6节-第8节 南湖南-博学西楼-218,1-8周 星期三 第6节-第8节 南湖南-博学西楼-218","XF":3,"SKXQ":1,"XNXQDM":"2024-2025-2","KCM":"管理经济学","JASDM":"0202030218","JXLDM":"020203","JXBID":"20242-05148","SKBJ":"工管留2301","TYXMDM":null,"KCH":"30174119027"},{"KKDWDM":"017","XS":48,"BYBZ":"0","JSJC":8,"XXXQDM":"02","KXH":"01","KSJC":6,"XKZRS":13,"SKZC":"111111110000000000000000000000","SKJS":"邓亚玲","ISTK":0,"ZCMC":"1-8周","YPSJDD":"1-8周 星期一 第6节-第8节 南湖南-博学西楼-218,1-8周 星期三 第6节-第8节 南湖南-博学西楼-218","XF":3,"SKXQ":3,"XNXQDM":"2024-2025-2","KCM":"管理经济学","JASDM":"0202030218","JXLDM":"020203","JXBID":"20242-05148","SKBJ":"工管留2301","TYXMDM":null,"KCH":"30174119027"},{"KKDWDM":"012","XS":56,"BYBZ":"0","JSJC":4,"XXXQDM":"02","KXH":"02","KSJC":3,"XKZRS":16,"SKZC":"111110000000000000000000000000","SKJS":"冯静","ISTK":0,"ZCMC":"1-5周","YPSJDD":"9周 星期日 第3节-第4节 南湖南-博学西楼-218,1-5周 星期五 第3节-第4节 南湖南-博学西楼-218,7-9周 星期五 第3节-第4节 南湖南-博学西楼-218,11-15周 星期五 第3节-第4节 南湖南-博学西楼-218,1-14周 星期二 第1节-第2节 南湖南-博学西楼-218","XF":3,"SKXQ":5,"XNXQDM":"2024-2025-2","KCM":"数据库系统原理","JASDM":"0202030218","JXLDM":"020203","JXBID":"20242-04737","SKBJ":"计算机留2301","TYXMDM":null,"KCH":"30124119006"},{"KKDWDM":"012","XS":56,"BYBZ":"0","JSJC":4,"XXXQDM":"02","KXH":"02","KSJC":3,"XKZRS":16,"SKZC":"000000111000000000000000000000","SKJS":"冯静","ISTK":0,"ZCMC":"7-9周","YPSJDD":"9周 星期日 第3节-第4节 南湖南-博学西楼-218,1-5周 星期五 第3节-第4节 南湖南-博学西楼-218,7-9周 星期五 第3节-第4节 南湖南-博学西楼-218,11-15周 星期五 第3节-第4节 南湖南-博学西楼-218,1-14周 星期二 第1节-第2节 南湖南-博学西楼-218","XF":3,"SKXQ":5,"XNXQDM":"2024-2025-2","KCM":"数据库系统原理","JASDM":"0202030218","JXLDM":"020203","JXBID":"20242-04737","SKBJ":"计算机留2301","TYXMDM":null,"KCH":"30124119006"},{"KKDWDM":"012","XS":56,"BYBZ":"0","JSJC":4,"XXXQDM":"02","KXH":"02","KSJC":3,"XKZRS":16,"SKZC":"000000001000000000000000000000","SKJS":"冯静","ISTK":0,"ZCMC":"9周","YPSJDD":"9周 星期日 第3节-第4节 南湖南-博学西楼-218,1-5周 星期五 第3节-第4节 南湖南-博学西楼-218,7-9周 星期五 第3节-第4节 南湖南-博学西楼-218,11-15周 星期五 第3节-第4节 南湖南-博学西楼-218,1-14周 星期二 第1节-第2节 南湖南-博学西楼-218","XF":3,"SKXQ":7,"XNXQDM":"2024-2025-2","KCM":"数据库系统原理","JASDM":"0202030218","JXLDM":"020203","JXBID":"20242-04737","SKBJ":"计算机留2301","TYXMDM":null,"KCH":"30124119006"},{"KKDWDM":"012","XS":56,"BYBZ":"0","JSJC":4,"XXXQDM":"02","KXH":"02","KSJC":3,"XKZRS":16,"SKZC":"000000000011111000000000000000","SKJS":"冯静","ISTK":0,"ZCMC":"11-15周","YPSJDD":"9周 星期日 第3节-第4节 南湖南-博学西楼-218,1-5周 星期五 第3节-第4节 南湖南-博学西楼-218,7-9周 星期五 第3节-第4节 南湖南-博学西楼-218,11-15周 星期五 第3节-第4节 南湖南-博学西楼-218,1-14周 星期二 第1节-第2节 南湖南-博学西楼-218","XF":3,"SKXQ":5,"XNXQDM":"2024-2025-2","KCM":"数据库系统原理","JASDM":"0202030218","JXLDM":"020203","JXBID":"20242-04737","SKBJ":"计算机留2301","TYXMDM":null,"KCH":"30124119006"},{"KKDWDM":"018","XS":56,"BYBZ":"0","JSJC":2,"XXXQDM":"02","KXH":"01","KSJC":1,"XKZRS":22,"SKZC":"000000000001110000000000000000","SKJS":"许黎惠","ISTK":0,"ZCMC":"12-14周","YPSJDD":"16周 星期一 第1节-第2节 南湖南-博学西楼-218,11-15周 星期四 第3节-第4节 南湖南-博学西楼-216,1-10周 星期一 第1节-第2节 南湖南-博学西楼-218,12-14周 星期一 第1节-第2节 南湖南-博学西楼-218,1-9周 星期四 第3节-第4节 南湖南-博学西楼-216","XF":3,"SKXQ":1,"XNXQDM":"2024-2025-2","KCM":"国际金融学","JASDM":"0202030218","JXLDM":"020203","JXBID":"20242-04679","SKBJ":"国贸留2301","TYXMDM":null,"KCH":"30185119001"},{"KKDWDM":"012","XS":64,"BYBZ":"0","JSJC":4,"XXXQDM":"02","KXH":"01","KSJC":3,"XKZRS":15,"SKZC":"000000000001000000000000","SKJS":"唐星","ISTK":0,"ZCMC":"12周","YPSJDD":"12周 星期四 第3节-第4节 南湖南-博学西楼-218,1-9周,11周 星期四 第3节-第5节 南湖南-博学西楼-218","XF":4,"SKXQ":4,"XNXQDM":"2024-2025-2","KCM":"汇编语言程序设计","JASDM":"0202030218","JXLDM":"020203","JXBID":"20242-04708","SKBJ":"计算机留2301","TYXMDM":null,"KCH":"30124119009"},{"KKDWDM":"012","XS":40,"BYBZ":"0","JSJC":4,"XXXQDM":"02","KXH":"01","KSJC":3,"XKZRS":18,"SKZC":"000000000000110000000000","SKJS":"胡文华","ISTK":0,"ZCMC":"13-14周","YPSJDD":"13-14周 星期二 第3节-第4节 南湖南-博学西楼-218,1-12周 星期二 第3节-第5节 南湖南-博学西楼-218","XF":2,"SKXQ":2,"XNXQDM":"2024-2025-2","KCM":"软件需求工程","JASDM":"0202030218","JXLDM":"020203","JXBID":"20242-05103","SKBJ":"计算机留2301","TYXMDM":null,"KCH":"30123124001"},{"KKDWDM":"018","XS":56,"BYBZ":"0","JSJC":2,"XXXQDM":"02","KXH":"01","KSJC":1,"XKZRS":22,"SKZC":"000000000000000100000000000000","SKJS":"许黎惠","ISTK":0,"ZCMC":"16周","YPSJDD":"16周 星期一 第1节-第2节 南湖南-博学西楼-218,11-15周 星期四 第3节-第4节 南湖南-博学西楼-216,1-10周 星期一 第1节-第2节 南湖南-博学西楼-218,12-14周 星期一 第1节-第2节 南湖南-博学西楼-218,1-9周 星期四 第3节-第4节 南湖南-博学西楼-216","XF":3,"SKXQ":1,"XNXQDM":"2024-2025-2","KCM":"国际金融学","JASDM":"0202030218","JXLDM":"020203","JXBID":"20242-04679","SKBJ":"国贸留2301","TYXMDM":null,"KCH":"30185119001"}]}},"code":"0"}