{"datas":{"jaskcb":{"extParams":{"code":1,"msg":"查询成功"},"pageSize":0,"pageNumber":0,"totalSize":-1,"rows":[{"KKDWDM":"072","XS":48,"BYBZ":"0","JSJC":5,"XXXQDM":"02","KXH":"01","KSJC":3,"XKZRS":74,"SKZC":"111111111111111100000000000000","SKJS":"刘成国,张经纬","ISTK":0,"ZCMC":"1-16周","YPSJDD":"1-16周 星期三 第3节-第5节 南湖南-博学西楼-206","XF":3,"SKXQ":3,"XNXQDM":"2024-2025-2","KCM":"电动力学","JASDM":"0202030206","JXLDM":"020203","JXBID":"20242-05277","SKBJ":"电信科2301-02","TYXMDM":null,"KCH":"10087311016"},{"KKDWDM":"022","XS":48,"BYBZ":"0","JSJC":5,"XXXQDM":"02","KXH":"02","KSJC":3,"XKZRS":79,"SKZC":"1111111111111111","SKJS":"徐江萍","ISTK":0,"ZCMC":"1-16周","YPSJDD":"1-16周 星期二 第3节-第5节 南湖南-博学西楼-206","XF":3,"SKXQ":2,"XNXQDM":"2024-2025-2","KCM":"劳动与社会保障法","JASDM":"0202030206","JXLDM":"020203","JXBID":"20242-11039","SKBJ":"法学2203-04","TYXMDM":null,"KCH":"10224113036"},{"KKDWDM":"012","XS":40,"BYBZ":"0","JSJC":5,"XXXQDM":"02","KXH":"02","KSJC":3,"XKZRS":71,"SKZC":"111111111101100000000000","SKJS":"刘冰艺","ISTK":0,"ZCMC":"1-10周,12-13周","YPSJDD":"14-16周(双) 星期一 第3节-第4节 南湖南-博学西楼-206,1-10周,12-13周 星期一 第3节-第5节 南湖南-博学西楼-206","XF":2,"SKXQ":1,"XNXQDM":"2024-2025-2","KCM":"计算机网络","JASDM":"0202030206","JXLDM":"020203","JXBID":"20242-02194","SKBJ":"大数据2201-02","TYXMDM":null,"KCH":"10124121062"},{"KKDWDM":"017","XS":32,"BYBZ":"0","JSJC":2,"XXXQDM":"02","KXH":"01","KSJC":1,"XKZRS":64,"SKZC":"111111111100000000000000000000","SKJS":"蒲小萍,谢宝国","ISTK":0,"ZCMC":"1-10周","YPSJDD":"17周 星期二 第1节-第2节 南湖南-博学西楼-206,1-10周 星期一 第1节-第2节 南湖南-博学西楼-206,12-14周 星期一 第1节-第2节 南湖南-博学西楼-206,16-17周 星期一 第1节-第2节 南湖南-博学西楼-206","XF":2,"SKXQ":1,"XNXQDM":"2024-2025-2","KCM":"普通心理学","JASDM":"0202030206","JXLDM":"020203","JXBID":"20242-05659","SKBJ":"人力2301-02","TYXMDM":null,"KCH":"10175113041"},{"KKDWDM":"029","XS":32,"BYBZ":"0","JSJC":13,"XXXQDM":"02","KXH":"01","KSJC":11,"XKZRS":63,"SKZC":"111111111100000000000000","SKJS":"戴玉堂,杨明红,王宁","ISTK":0,"ZCMC":"1-10周","YPSJDD":"1-10周 星期二 第11节-第13节 南湖南-博学西楼-206","XF":2,"SKXQ":2,"XNXQDM":"2024-2025-2","KCM":"芯片光刻与激光微制造(JD)","JASDM":"0202030206","JXLDM":"020203","JXBID":"20242-08849","SKBJ":"公选-08849","TYXMDM":null,"KCH":"10296121008"},{"KKDWDM":"012","XS":32,"BYBZ":"0","JSJC":5,"XXXQDM":"02","KXH":"01","KSJC":3,"XKZRS":62,"SKZC":"111111111010000000000000","SKJS":"胡文华","ISTK":0,"ZCMC":"1-9周,11周","YPSJDD":"12周 星期四 第3节-第4节 南湖南-博学西楼-206,1-9周,11周 星期四 第3节-第5节 南湖南-博学西楼-206","XF":2,"SKXQ":4,"XNXQDM":"2024-2025-2","KCM":"认知科学","JASDM":"0202030206","JXLDM":"020203","JXBID":"20242-02175","SKBJ":"大数据2201-02","TYXMDM":null,"KCH":"10125121022"},{"KKDWDM":"012","XS":32,"BYBZ":"0","JSJC":2,"XXXQDM":"02","KXH":"01","KSJC":1,"XKZRS":66,"SKZC":"111111111000000000000000000000","SKJS":"王亮亮","ISTK":0,"ZCMC":"1-9周","YPSJDD":"1-9周 星期四 第1节-第2节 南湖南-博学西楼-206,11-17周 星期四 第1节-第2节 南湖南-博学西楼-206","XF":2,"SKXQ":4,"XNXQDM":"2024-2025-2","KCM":"人工智能导论","JASDM":"0202030206","JXLDM":"020203","JXBID":"20242-04781","SKBJ":"数经sy2301,经 济2301","TYXMDM":null,"KCH":"10123117130"},{"KKDWDM":"007","XS":40,"BYBZ":"0","JSJC":10,"XXXQDM":"02","KXH":"03","KSJC":9,"XKZRS":80,"SKZC":"111111110000000000000000000000","SKJS":"Chalati Siwapimon,喻厚宇,杨莹,江涛","ISTK":0,"ZCMC":"1-8周","YPSJDD":"1-5周 星期五 第6节-第8节 南湖南-博学西楼-206,7-8周 星期五 第6节-第8节 南湖南-博学西楼-206,9周 星期日 第6节-第8节 南湖南-博学西楼-206,1-8周 星期三 第9节-第10节 南湖南-博学西楼-206","XF":2,"SKXQ":3,"XNXQDM":"2024-2025-2","KCM":"汽车与发动机设计2","JASDM":"0202030206","JXLDM":"020203","JXBID":"20242-11269","SKBJ":"车辆gj2201-02","TYXMDM":null,"KCH":"10074117098"},{"KKDWDM":"009","XS":24,"BYBZ":"0","JSJC":8,"XXXQDM":"02","KXH":"03","KSJC":6,"XKZRS":44,"SKZC":"1111111100000000000000000","SKJS":"刘嘉,黄斌","ISTK":0,"ZCMC":"1-8周","YPSJDD":"1-8周 星期二 第6节-第8节 南湖南-博学西楼-206","XF":1,"SKXQ":2,"XNXQDM":"2024-2025-2","KCM":"防灾减灾及防护工程概论A","JASDM":"0202030206","JXLDM":"020203","JXBID":"20242-10275","SKBJ":"土木zy2301-03","TYXMDM":null,"KCH":"10164124001"},{"KKDWDM":"012","XS":32,"BYBZ":"0","JSJC":5,"XXXQDM":"02","KXH":"01","KSJC":3,"XKZRS":69,"SKZC":"111110000000000000000000000000","SKJS":"谈诚","ISTK":0,"ZCMC":"1-5周","YPSJDD":"1-5周 星期五 第3节-第5节 南湖南-博学西楼-206,7-8周 星期五 第3节-第5节 南湖南-博学西楼-206,9周 星期日 第3节-第5节 南湖南-博学西楼-206","XF":2,"SKXQ":5,"XNXQDM":"2024-2025-2","KCM":"区块链技术","JASDM":"0202030206","JXLDM":"020203","JXBID":"20242-03772","SKBJ":"大数据2201-02","TYXMDM":null,"KCH":"10125121014"},{"KKDWDM":"008","XS":32,"BYBZ":"0","JSJC":2,"XXXQDM":"02","KXH":"01","KSJC":1,"XKZRS":72,"SKZC":"111110000000000000000000000000","SKJS":"吴华春","ISTK":0,"ZCMC":"1-5周","YPSJDD":"1-5周 星期五 第1节-第2节 南湖南-博学西楼-206,9周 星期日 第1节-第2节 南湖南-博学西楼-206,11-15周 星期五 第1节-第2节 南湖南-博学西楼-206,7-9周 星期五 第1节-第2节 南湖南-博学西楼-206","XF":2,"SKXQ":5,"XNXQDM":"2024-2025-2","KCM":"控制工程基础A","JASDM":"0202030206","JXLDM":"020203","JXBID":"20242-05160","SKBJ":"智能制造2301-02","TYXMDM":null,"KCH":"10085117018"},{"KKDWDM":"007","XS":40,"BYBZ":"0","JSJC":8,"XXXQDM":"02","KXH":"03","KSJC":6,"XKZRS":80,"SKZC":"111110000000000000000000000000","SKJS":"Chalati Siwapimon,喻厚宇,杨莹,江涛","ISTK":0,"ZCMC":"1-5周","YPSJDD":"1-5周 星期五 第6节-第8节 南湖南-博学西楼-206,7-8周 星期五 第6节-第8节 南湖南-博学西楼-206,9周 星期日 第6节-第8节 南湖南-博学西楼-206,1-8周 星期三 第9节-第10节 南湖南-博学西楼-206","XF":2,"SKXQ":5,"XNXQDM":"2024-2025-2","KCM":"汽车与发动机设计2","JASDM":"0202030206","JXLDM":"020203","JXBID":"20242-11269","SKBJ":"车辆gj2201-02","TYXMDM":null,"KCH":"10074117098"},{"KKDWDM":"023","XS":48,"BYBZ":"0","JSJC":8,"XXXQDM":"02","KXH":"01","KSJC":6,"XKZRS":82,"SKZC":"110000000000000000000000000000","SKJS":"郑锐","ISTK":0,"ZCMC":"1-2周","YPSJDD":"1-2周 星期三 第6节-第8节 南湖南-博学西楼-206,3-16周 星期三 第6节-第8节 南湖南-博学西楼-302","XF":3,"SKXQ":3,"XNXQDM":"2024-2025-2","KCM":"运筹学","JASDM":"0202030206","JXLDM":"020203","JXBID":"20242-04317","SKBJ":"安全2301-02","TYXMDM":null,"KCH":"10235117020"},{"KKDWDM":"018","XS":40,"BYBZ":"0","JSJC":8,"XXXQDM":"02","KXH":"01","KSJC":6,"XKZRS":55,"SKZC":"001111111101100000000000000000","SKJS":"金志达,黄蕙萍","ISTK":0,"ZCMC":"3-10周,12-13周","YPSJDD":"3-10周,12-13周 星期一 第6节-第8节 南湖南-博学西楼-206,14-16周(双) 星期一 第6节-第7节 南湖南-博学西楼-206,1-2周 星期一 第6节-第8节 南湖南-博学西楼-310","XF":2,"SKXQ":1,"XNXQDM":"2024-2025-2","KCM":"国际商务A","JASDM":"0202030206","JXLDM":"020203","JXBID":"20242-05162","SKBJ":"国贸2301-02","TYXMDM":null,"KCH":"10054111056"},{"KKDWDM":"008","XS":32,"BYBZ":"0","JSJC":2,"XXXQDM":"02","KXH":"01","KSJC":1,"XKZRS":72,"SKZC":"000000111000000000000000000000","SKJS":"吴华春","ISTK":0,"ZCMC":"7-9周","YPSJDD":"1-5周 星期五 第1节-第2节 南湖南-博学西楼-206,9周 星期日 第1节-第2节 南湖南-博学西楼-206,11-15周 星期五 第1节-第2节 南湖南-博学西楼-206,7-9周 星期五 第1节-第2节 南湖南-博学西楼-206","XF":2,"SKXQ":5,"XNXQDM":"2024-2025-2","KCM":"控制工程基础A","JASDM":"0202030206","JXLDM":"020203","JXBID":"20242-05160","SKBJ":"智能制造2301-02","TYXMDM":null,"KCH":"10085117018"},{"KKDWDM":"007","XS":40,"BYBZ":"0","JSJC":8,"XXXQDM":"02","KXH":"03","KSJC":6,"XKZRS":80,"SKZC":"000000110000000000000000000000","SKJS":"Chalati Siwapimon,喻厚宇,杨莹,江涛","ISTK":0,"ZCMC":"7-8周","YPSJDD":"1-5周 星期五 第6节-第8节 南湖南-博学西楼-206,7-8周 星期五 第6节-第8节 南湖南-博学西楼-206,9周 星期日 第6节-第8节 南湖南-博学西楼-206,1-8周 星期三 第9节-第10节 南湖南-博学西楼-206","XF":2,"SKXQ":5,"XNXQDM":"2024-2025-2","KCM":"汽车与发动机设计2","JASDM":"0202030206","JXLDM":"020203","JXBID":"20242-11269","SKBJ":"车辆gj2201-02","TYXMDM":null,"KCH":"10074117098"},{"KKDWDM":"012","XS":32,"BYBZ":"0","JSJC":5,"XXXQDM":"02","KXH":"01","KSJC":3,"XKZRS":69,"SKZC":"000000110000000000000000000000","SKJS":"谈诚","ISTK":0,"ZCMC":"7-8周","YPSJDD":"1-5周 星期五 第3节-第5节 南湖南-博学西楼-206,7-8周 星期五 第3节-第5节 南湖南-博学西楼-206,9周 星期日 第3节-第5节 南湖南-博学西楼-206","XF":2,"SKXQ":5,"XNXQDM":"2024-2025-2","KCM":"区块链技术","JASDM":"0202030206","JXLDM":"020203","JXBID":"20242-03772","SKBJ":"大数据2201-02","TYXMDM":null,"KCH":"10125121014"},{"KKDWDM":"007","XS":40,"BYBZ":"0","JSJC":8,"XXXQDM":"02","KXH":"03","KSJC":6,"XKZRS":80,"SKZC":"000000001000000000000000000000","SKJS":"Chalati Siwapimon,喻厚宇,杨莹,江涛","ISTK":0,"ZCMC":"9周","YPSJDD":"1-5周 星期五 第6节-第8节 南湖南-博学西楼-206,7-8周 星期五 第6节-第8节 南湖南-博学西楼-206,9周 星期日 第6节-第8节 南湖南-博学西楼-206,1-8周 星期三 第9节-第10节 南湖南-博学西楼-206","XF":2,"SKXQ":7,"XNXQDM":"2024-2025-2","KCM":"汽车与发动机设计2","JASDM":"0202030206","JXLDM":"020203","JXBID":"20242-11269","SKBJ":"车辆gj2201-02","TYXMDM":null,"KCH":"10074117098"},{"KKDWDM":"007","XS":24,"BYBZ":"0","JSJC":5,"XXXQDM":"02","KXH":"02","KSJC":3,"XKZRS":55,"SKZC":"000000001000000000000000000000","SKJS":"Christopher Charles Wyatt,杜小芳","ISTK":0,"ZCMC":"9周","YPSJDD":"17周 星期三 第3节-第5节 南湖南-博学西楼-206,9周 星期五 第3节-第5节 南湖南-博学西楼-206,11-16周 星期五 第3节-第5节 南湖南-博学西楼-206","XF":1,"SKXQ":5,"XNXQDM":"2024-2025-2","KCM":"工程管理","JASDM":"0202030206","JXLDM":"020203","JXBID":"20242-10966","SKBJ":"车辆gj2201-02","TYXMDM":null,"KCH":"10075121004"},{"KKDWDM":"008","XS":32,"BYBZ":"0","JSJC":2,"XXXQDM":"02","KXH":"01","KSJC":1,"XKZRS":72,"SKZC":"000000001000000000000000000000","SKJS":"吴华春","ISTK":0,"ZCMC":"9周","YPSJDD":"1-5周 星期五 第1节-第2节 南湖南-博学西楼-206,9周 星期日 第1节-第2节 南湖南-博学西楼-206,11-15周 星期五 第1节-第2节 南湖南-博学西楼-206,7-9周 星期五 第1节-第2节 南湖南-博学西楼-206","XF":2,"SKXQ":7,"XNXQDM":"2024-2025-2","KCM":"控制工程基础A","JASDM":"0202030206","JXLDM":"020203","JXBID":"20242-05160","SKBJ":"智能制造2301-02","TYXMDM":null,"KCH":"10085117018"},{"KKDWDM":"012","XS":32,"BYBZ":"0","JSJC":5,"XXXQDM":"02","KXH":"01","KSJC":3,"XKZRS":69,"SKZC":"000000001000000000000000000000","SKJS":"谈诚","ISTK":0,"ZCMC":"9周","YPSJDD":"1-5周 星期五 第3节-第5节 南湖南-博学西楼-206,7-8周 星期五 第3节-第5节 南湖南-博学西楼-206,9周 星期日 第3节-第5节 南湖南-博学西楼-206","XF":2,"SKXQ":7,"XNXQDM":"2024-2025-2","KCM":"区块链技术","JASDM":"0202030206","JXLDM":"020203","JXBID":"20242-03772","SKBJ":"大数据2201-02","TYXMDM":null,"KCH":"10125121014"},{"KKDWDM":"012","XS":32,"BYBZ":"0","JSJC":2,"XXXQDM":"02","KXH":"01","KSJC":1,"XKZRS":66,"SKZC":"000000000011111110000000000000","SKJS":"王亮亮","ISTK":0,"ZCMC":"11-17周","YPSJDD":"1-9周 星期四 第1节-第2节 南湖南-博学西楼-206,11-17周 星期四 第1节-第2节 南湖南-博学西楼-206","XF":2,"SKXQ":4,"XNXQDM":"2024-2025-2","KCM":"人工智能导论","JASDM":"0202030206","JXLDM":"020203","JXBID":"20242-04781","SKBJ":"数经sy2301,经 济2301","TYXMDM":null,"KCH":"10123117130"},{"KKDWDM":"007","XS":24,"BYBZ":"0","JSJC":5,"XXXQDM":"02","KXH":"02","KSJC":3,"XKZRS":55,"SKZC":"000000000011111100000000000000","SKJS":"Christopher Charles Wyatt,杜小芳","ISTK":0,"ZCMC":"11-16周","YPSJDD":"17周 星期三 第3节-第5节 南湖南-博学西楼-206,9周 星期五 第3节-第5节 南湖南-博学西楼-206,11-16周 星期五 第3节-第5节 南湖南-博学西楼-206","XF":1,"SKXQ":5,"XNXQDM":"2024-2025-2","KCM":"工程管理","JASDM":"0202030206","JXLDM":"020203","JXBID":"20242-10966","SKBJ":"车辆gj2201-02","TYXMDM":null,"KCH":"10075121004"},{"KKDWDM":"008","XS":32,"BYBZ":"0","JSJC":2,"XXXQDM":"02","KXH":"01","KSJC":1,"XKZRS":72,"SKZC":"000000000011111000000000000000","SKJS":"吴华春","ISTK":0,"ZCMC":"11-15周","YPSJDD":"1-5周 星期五 第1节-第2节 南湖南-博学西楼-206,9周 星期日 第1节-第2节 南湖南-博学西楼-206,11-15周 星期五 第1节-第2节 南湖南-博学西楼-206,7-9周 星期五 第1节-第2节 南湖南-博学西楼-206","XF":2,"SKXQ":5,"XNXQDM":"2024-2025-2","KCM":"控制工程基础A","JASDM":"0202030206","JXLDM":"020203","JXBID":"20242-05160","SKBJ":"智能制造2301-02","TYXMDM":null,"KCH":"10085117018"},{"KKDWDM":"017","XS":32,"BYBZ":"0","JSJC":2,"XXXQDM":"02","KXH":"01","KSJC":1,"XKZRS":64,"SKZC":"000000000001110000000000000000","SKJS":"蒲小萍,谢宝国","ISTK":0,"ZCMC":"12-14周","YPSJDD":"17周 星期二 第1节-第2节 南湖南-博学西楼-206,1-10周 星期一 第1节-第2节 南湖南-博学西楼-206,12-14周 星期一 第1节-第2节 南湖南-博学西楼-206,16-17周 星期一 第1节-第2节 南湖南-博学西楼-206","XF":2,"SKXQ":1,"XNXQDM":"2024-2025-2","KCM":"普通心理学","JASDM":"0202030206","JXLDM":"020203","JXBID":"20242-05659","SKBJ":"人力2301-02","TYXMDM":null,"KCH":"10175113041"},{"KKDWDM":"012","XS":32,"BYBZ":"0","JSJC":4,"XXXQDM":"02","KXH":"01","KSJC":3,"XKZRS":62,"SKZC":"000000000001000000000000","SKJS":"胡文华","ISTK":0,"ZCMC":"12周","YPSJDD":"12周 星期四 第3节-第4节 南湖南-博学西楼-206,1-9周,11周 星期四 第3节-第5节 南湖南-博学西楼-206","XF":2,"SKXQ":4,"XNXQDM":"2024-2025-2","KCM":"认知科学","JASDM":"0202030206","JXLDM":"020203","JXBID":"20242-02175","SKBJ":"大数据2201-02","TYXMDM":null,"KCH":"10125121022"},{"KKDWDM":"018","XS":40,"BYBZ":"0","JSJC":7,"XXXQDM":"02","KXH":"01","KSJC":6,"XKZRS":55,"SKZC":"000000000000010100000000000000","SKJS":"金志达,黄蕙萍","ISTK":0,"ZCMC":"14-16周(双)","YPSJDD":"3-10周,12-13周 星期一 第6节-第8节 南湖南-博学西楼-206,14-16周(双) 星期一 第6节-第7节 南湖南-博学西楼-206,1-2周 星期一 第6节-第8节 南湖南-博学西楼-310","XF":2,"SKXQ":1,"XNXQDM":"2024-2025-2","KCM":"国际商务A","JASDM":"0202030206","JXLDM":"020203","JXBID":"20242-05162","SKBJ":"国贸2301-02","TYXMDM":null,"KCH":"10054111056"},{"KKDWDM":"012","XS":40,"BYBZ":"0","JSJC":4,"XXXQDM":"02","KXH":"02","KSJC":3,"XKZRS":71,"SKZC":"000000000000010100000000","SKJS":"刘冰艺","ISTK":0,"ZCMC":"14-16周(双)","YPSJDD":"14-16周(双) 星期一 第3节-第4节 南湖南-博学西楼-206,1-10周,12-13周 星期一 第3节-第5节 南湖南-博学西楼-206","XF":2,"SKXQ":1,"XNXQDM":"2024-2025-2","KCM":"计算机网络","JASDM":"0202030206","JXLDM":"020203","JXBID":"20242-02194","SKBJ":"大数据2201-02","TYXMDM":null,"KCH":"10124121062"},{"KKDWDM":"017","XS":32,"BYBZ":"0","JSJC":2,"XXXQDM":"02","KXH":"01","KSJC":1,"XKZRS":64,"SKZC":"000000000000000110000000000000","SKJS":"蒲小萍,谢宝国","ISTK":0,"ZCMC":"16-17周","YPSJDD":"17周 星期二 第1节-第2节 南湖南-博学西楼-206,1-10周 星期一 第1节-第2节 南湖南-博学西楼-206,12-14周 星期一 第1节-第2节 南湖南-博学西楼-206,16-17周 星期一 第1节-第2节 南湖南-博学西楼-206","XF":2,"SKXQ":1,"XNXQDM":"2024-2025-2","KCM":"普通心理学","JASDM":"0202030206","JXLDM":"020203","JXBID":"20242-05659","SKBJ":"人力2301-02","TYXMDM":null,"KCH":"10175113041"},{"KKDWDM":"017","XS":32,"BYBZ":"0","JSJC":2,"XXXQDM":"02","KXH":"01","KSJC":1,"XKZRS":64,"SKZC":"000000000000000010000000000000","SKJS":"蒲小萍,谢宝国","ISTK":0,"ZCMC":"17周","YPSJDD":"17周 星期二 第1节-第2节 南湖南-博学西楼-206,1-10周 星期一 第1节-第2节 南湖南-博学西楼-206,12-14周 星期一 第1节-第2节 南湖南-博学西楼-206,16-17周 星期一 第1节-第2节 南湖南-博学西楼-206","XF":2,"SKXQ":2,"XNXQDM":"2024-2025-2","KCM":"普通心理学","JASDM":"0202030206","JXLDM":"020203","JXBID":"20242-05659","SKBJ":"人力2301-02","TYXMDM":null,"KCH":"10175113041"},{"KKDWDM":"007","XS":24,"BYBZ":"0","JSJC":5,"XXXQDM":"02","KXH":"02","KSJC":3,"XKZRS":55,"SKZC":"000000000000000010000000000000","SKJS":"Christopher Charles Wyatt,杜小芳","ISTK":0,"ZCMC":"17周","YPSJDD":"17周 星期三 第3节-第5节 南湖南-博学西楼-206,9周 星期五 第3节-第5节 南湖南-博学西楼-206,11-16周 星期五 第3节-第5节 南湖南-博学西楼-206","XF":1,"SKXQ":3,"XNXQDM":"2024-2025-2","KCM":"工程管理","JASDM":"0202030206","JXLDM":"020203","JXBID":"20242-10966","SKBJ":"车辆gj2201-02","TYXMDM":null,"KCH":"10075121004"}]}},"code":"0"}