{"datas":{"jaskcb":{"extParams":{"code":1,"msg":"查询成功"},"pageSize":0,"pageNumber":0,"totalSize":-1,"rows":[{"KKDWDM":"071","XS":88,"BYBZ":"0","JSJC":2,"XXXQDM":"02","KXH":"52","KSJC":1,"XKZRS":103,"SKZC":"111111111111111000000000000000","SKJS":"楚杨杰","ISTK":0,"ZCMC":"1-15周","YPSJDD":"7-9周 星期五 第1节-第2节 南湖南-博学主楼-209,1-15周 星期二 第1节-第2节 南湖南-博学主楼-209,1-15周 星期三 第3节-第4节 南湖南-博学主楼-209,1-5周 星期五 第1节-第2节 南湖南-博学主楼-209,11-15周 星期五 第1节-第2节 南湖南-博学主楼-209,9周 星期日 第1节-第2节 南湖南-博学主楼-209","XF":5,"SKXQ":2,"XNXQDM":"2024-2025-2","KCM":"高等数学A下","JASDM":"0202040209","JXLDM":"020204","JXBID":"20242-10561","SKBJ":"计算机类2413-14,软件sy2401","TYXMDM":null,"KCH":"10153121060"},{"KKDWDM":"071","XS":88,"BYBZ":"0","JSJC":4,"XXXQDM":"02","KXH":"01","KSJC":3,"XKZRS":100,"SKZC":"111111111111111000000000000000","SKJS":"张鑫","ISTK":0,"ZCMC":"1-15周","YPSJDD":"7-9周 星期五 第3节-第4节 南湖南-博学主楼-209,1-15周 星期二 第3节-第4节 南湖南-博学主楼-209,11-15周 星期五 第3节-第4节 南湖南-博学主楼-209,1-5周 星期五 第3节-第4节 南湖南-博学主楼-209,1-15周 星期三 第1节-第2节 南湖南-博学主楼-209,9周 星期日 第3节-第4节 南湖南-博学主楼-209","XF":5,"SKXQ":2,"XNXQDM":"2024-2025-2","KCM":"高等数学A下","JASDM":"0202040209","JXLDM":"020204","JXBID":"20242-06091","SKBJ":"土木类2413-14,岩土jd2401","TYXMDM":null,"KCH":"10153121060"},{"KKDWDM":"071","XS":88,"BYBZ":"0","JSJC":4,"XXXQDM":"02","KXH":"52","KSJC":3,"XKZRS":103,"SKZC":"111111111111111000000000000000","SKJS":"楚杨杰","ISTK":0,"ZCMC":"1-15周","YPSJDD":"7-9周 星期五 第1节-第2节 南湖南-博学主楼-209,1-15周 星期二 第1节-第2节 南湖南-博学主楼-209,1-15周 星期三 第3节-第4节 南湖南-博学主楼-209,1-5周 星期五 第1节-第2节 南湖南-博学主楼-209,11-15周 星期五 第1节-第2节 南湖南-博学主楼-209,9周 星期日 第1节-第2节 南湖南-博学主楼-209","XF":5,"SKXQ":3,"XNXQDM":"2024-2025-2","KCM":"高等数学A下","JASDM":"0202040209","JXLDM":"020204","JXBID":"20242-10561","SKBJ":"计算机类2413-14,软件sy2401","TYXMDM":null,"KCH":"10153121060"},{"KKDWDM":"071","XS":88,"BYBZ":"0","JSJC":2,"XXXQDM":"02","KXH":"01","KSJC":1,"XKZRS":100,"SKZC":"111111111111111000000000000000","SKJS":"张鑫","ISTK":0,"ZCMC":"1-15周","YPSJDD":"7-9周 星期五 第3节-第4节 南湖南-博学主楼-209,1-15周 星期二 第3节-第4节 南湖南-博学主楼-209,11-15周 星期五 第3节-第4节 南湖南-博学主楼-209,1-5周 星期五 第3节-第4节 南湖南-博学主楼-209,1-15周 星期三 第1节-第2节 南湖南-博学主楼-209,9周 星期日 第3节-第4节 南湖南-博学主楼-209","XF":5,"SKXQ":3,"XNXQDM":"2024-2025-2","KCM":"高等数学A下","JASDM":"0202040209","JXLDM":"020204","JXBID":"20242-06091","SKBJ":"土木类2413-14,岩土jd2401","TYXMDM":null,"KCH":"10153121060"},{"KKDWDM":"009","XS":40,"BYBZ":"0","JSJC":8,"XXXQDM":"02","KXH":"02","KSJC":6,"XKZRS":87,"SKZC":"111111111111000000000000","SKJS":"孙吉主,张季如","ISTK":0,"ZCMC":"1-12周","YPSJDD":"13-14周 星期三 第6节-第7节 南湖南-博学主楼-209,1-12周 星期三 第6节-第8节 南湖南-博学主楼-209","XF":2,"SKXQ":3,"XNXQDM":"2024-2025-2","KCM":"土力学B","JASDM":"0202040209","JXLDM":"020204","JXBID":"20242-05524","SKBJ":"土木zy2304-05","TYXMDM":null,"KCH":"10174111013"},{"KKDWDM":"013","XS":64,"BYBZ":"0","JSJC":7,"XXXQDM":"02","KXH":"02","KSJC":6,"XKZRS":139,"SKZC":"111111111100000000000000000000","SKJS":"杨胤铎,罗文辉","ISTK":0,"ZCMC":"1-10周","YPSJDD":"1-10周 星期一 第6节-第7节 南湖南-博学主楼-209,16周 星期一 第6节-第7节 南湖南-博学主楼-209,11-14周 星期四 第1节-第2节 南湖南-博学东楼-305,1-9周 星期四 第1节-第2节 南湖南-博学东楼-305,12-14周 星期一 第6节-第7节 南湖南-博学主楼-209","XF":4,"SKXQ":1,"XNXQDM":"2024-2025-2","KCM":"电工与电子技术基础B","JASDM":"0202040209","JXLDM":"020204","JXBID":"20242-05490","SKBJ":"储能2301-02,过控2301","TYXMDM":null,"KCH":"10133121096"},{"KKDWDM":"038","XS":32,"BYBZ":"0","JSJC":2,"XXXQDM":"02","KXH":"02","KSJC":1,"XKZRS":120,"SKZC":"111111111100000000000000000000","SKJS":"郭善林","ISTK":0,"ZCMC":"1-10周","YPSJDD":"17周 星期二 第1节-第2节 南湖南-博学主楼-209,12-14周 星期一 第1节-第2节 南湖南-博学主楼-209,1-10周 星期一 第1节-第2节 南湖南-博学主楼-209,16-17周 星期一 第1节-第2节 南湖南-博学主楼-209","XF":2,"SKXQ":1,"XNXQDM":"2024-2025-2","KCM":"军事理论","JASDM":"0202040209","JXLDM":"020204","JXBID":"20242-12518","SKBJ":"新闻类2401-03,运动训练2401-02","TYXMDM":null,"KCH":"10381121001"},{"KKDWDM":"072","XS":56,"BYBZ":"0","JSJC":4,"XXXQDM":"02","KXH":"04","KSJC":3,"XKZRS":92,"SKZC":"111111111100000000000000000000","SKJS":"胡靖华","ISTK":0,"ZCMC":"1-10周","YPSJDD":"11-15周 星期四 第1节-第2节 南湖南-博学主楼-209,12-14周 星期一 第3节-第4节 南湖南-博学主楼-209,16周 星期一 第3节-第4节 南湖南-博学主楼-209,1-10周 星期一 第3节-第4节 南湖南-博学主楼-209,1-9周 星期四 第1节-第2节 南湖南-博学主楼-209","XF":3,"SKXQ":1,"XNXQDM":"2024-2025-2","KCM":"大学物理A上","JASDM":"0202040209","JXLDM":"020204","JXBID":"20242-06202","SKBJ":"土木类2413-14,岩土jd2401","TYXMDM":null,"KCH":"10153111005"},{"KKDWDM":"025","XS":32,"BYBZ":"0","JSJC":13,"XXXQDM":"02","KXH":"01","KSJC":11,"XKZRS":140,"SKZC":"111111111100000000000000","SKJS":"张之剑,李律成","ISTK":0,"ZCMC":"1-10周","YPSJDD":"12周 星期一 第11节-第12节 南湖南-博学主楼-209,1-10周 星期一 第11节-第13节 南湖南-博学主楼-209","XF":2,"SKXQ":1,"XNXQDM":"2024-2025-2","KCM":"创业者故事赏析(JD)","JASDM":"0202040209","JXLDM":"020204","JXBID":"20242-08778","SKBJ":"公选-08778","TYXMDM":null,"KCH":"10256121091"},{"KKDWDM":"071","XS":40,"BYBZ":"0","JSJC":5,"XXXQDM":"02","KXH":"32","KSJC":3,"XKZRS":134,"SKZC":"111111111011100000000000","SKJS":"周俊","ISTK":0,"ZCMC":"1-9周,11-13周","YPSJDD":"14-15周 星期四 第3节-第4节 南湖南-博学主楼-209,1-9周,11-13周 星期四 第3节-第5节 南湖南-博学主楼-209","XF":2,"SKXQ":4,"XNXQDM":"2024-2025-2","KCM":"线性代数","JASDM":"0202040209","JXLDM":"020204","JXBID":"20242-11749","SKBJ":"计算机类2401-04","TYXMDM":null,"KCH":"10153111001"},{"KKDWDM":"072","XS":56,"BYBZ":"0","JSJC":2,"XXXQDM":"02","KXH":"04","KSJC":1,"XKZRS":92,"SKZC":"111111111000000000000000000000","SKJS":"胡靖华","ISTK":0,"ZCMC":"1-9周","YPSJDD":"11-15周 星期四 第1节-第2节 南湖南-博学主楼-209,12-14周 星期一 第3节-第4节 南湖南-博学主楼-209,16周 星期一 第3节-第4节 南湖南-博学主楼-209,1-10周 星期一 第3节-第4节 南湖南-博学主楼-209,1-9周 星期四 第1节-第2节 南湖南-博学主楼-209","XF":3,"SKXQ":4,"XNXQDM":"2024-2025-2","KCM":"大学物理A上","JASDM":"0202040209","JXLDM":"020204","JXBID":"20242-06202","SKBJ":"土木类2413-14,岩土jd2401","TYXMDM":null,"KCH":"10153111005"},{"KKDWDM":"072","XS":24,"BYBZ":"0","JSJC":13,"XXXQDM":"02","KXH":"01","KSJC":11,"XKZRS":94,"SKZC":"111111110000000000000000","SKJS":"熊波","ISTK":0,"ZCMC":"1-8周","YPSJDD":"1-8周 星期三 第11节-第13节 南湖南-博学主楼-209","XF":1,"SKXQ":3,"XNXQDM":"2024-2025-2","KCM":"人文物理(KJ)","JASDM":"0202040209","JXLDM":"020204","JXBID":"20242-08020","SKBJ":"公选-08020","TYXMDM":null,"KCH":"10156121197"},{"KKDWDM":"009","XS":16,"BYBZ":"0","JSJC":7,"XXXQDM":"02","KXH":"01","KSJC":6,"XKZRS":22,"SKZC":"11111111","SKJS":"谢宏杰","ISTK":0,"ZCMC":"1-8周","YPSJDD":"1-8周 星期二 第6节-第7节 南湖南-博学主楼-209","XF":1,"SKXQ":2,"XNXQDM":"2024-2025-2","KCM":"场地设计","JASDM":"0202040209","JXLDM":"020204","JXBID":"20242-04801","SKBJ":"城规2301","TYXMDM":null,"KCH":"10095121038"},{"KKDWDM":"030","XS":16,"BYBZ":"0","JSJC":12,"XXXQDM":"02","KXH":"01","KSJC":11,"XKZRS":22,"SKZC":"111111000000000000000000","SKJS":"刘保顺,田守勤","ISTK":0,"ZCMC":"1-6周","YPSJDD":"1-6周 星期二 第11节-第12节 南湖南-博学主楼-209","XF":1,"SKXQ":2,"XNXQDM":"2024-2025-2","KCM":"智能薄膜材料(JD)","JASDM":"0202040209","JXLDM":"020204","JXBID":"20242-08882","SKBJ":"公选-08882","TYXMDM":null,"KCH":"10306121014"},{"KKDWDM":"071","XS":88,"BYBZ":"0","JSJC":2,"XXXQDM":"02","KXH":"52","KSJC":1,"XKZRS":103,"SKZC":"111110000000000000000000000000","SKJS":"楚杨杰","ISTK":0,"ZCMC":"1-5周","YPSJDD":"7-9周 星期五 第1节-第2节 南湖南-博学主楼-209,1-15周 星期二 第1节-第2节 南湖南-博学主楼-209,1-15周 星期三 第3节-第4节 南湖南-博学主楼-209,1-5周 星期五 第1节-第2节 南湖南-博学主楼-209,11-15周 星期五 第1节-第2节 南湖南-博学主楼-209,9周 星期日 第1节-第2节 南湖南-博学主楼-209","XF":5,"SKXQ":5,"XNXQDM":"2024-2025-2","KCM":"高等数学A下","JASDM":"0202040209","JXLDM":"020204","JXBID":"20242-10561","SKBJ":"计算机类2413-14,软件sy2401","TYXMDM":null,"KCH":"10153121060"},{"KKDWDM":"071","XS":88,"BYBZ":"0","JSJC":4,"XXXQDM":"02","KXH":"01","KSJC":3,"XKZRS":100,"SKZC":"111110000000000000000000000000","SKJS":"张鑫","ISTK":0,"ZCMC":"1-5周","YPSJDD":"7-9周 星期五 第3节-第4节 南湖南-博学主楼-209,1-15周 星期二 第3节-第4节 南湖南-博学主楼-209,11-15周 星期五 第3节-第4节 南湖南-博学主楼-209,1-5周 星期五 第3节-第4节 南湖南-博学主楼-209,1-15周 星期三 第1节-第2节 南湖南-博学主楼-209,9周 星期日 第3节-第4节 南湖南-博学主楼-209","XF":5,"SKXQ":5,"XNXQDM":"2024-2025-2","KCM":"高等数学A下","JASDM":"0202040209","JXLDM":"020204","JXBID":"20242-06091","SKBJ":"土木类2413-14,岩土jd2401","TYXMDM":null,"KCH":"10153121060"},{"KKDWDM":"071","XS":88,"BYBZ":"0","JSJC":4,"XXXQDM":"02","KXH":"01","KSJC":3,"XKZRS":100,"SKZC":"000000111000000000000000000000","SKJS":"张鑫","ISTK":0,"ZCMC":"7-9周","YPSJDD":"7-9周 星期五 第3节-第4节 南湖南-博学主楼-209,1-15周 星期二 第3节-第4节 南湖南-博学主楼-209,11-15周 星期五 第3节-第4节 南湖南-博学主楼-209,1-5周 星期五 第3节-第4节 南湖南-博学主楼-209,1-15周 星期三 第1节-第2节 南湖南-博学主楼-209,9周 星期日 第3节-第4节 南湖南-博学主楼-209","XF":5,"SKXQ":5,"XNXQDM":"2024-2025-2","KCM":"高等数学A下","JASDM":"0202040209","JXLDM":"020204","JXBID":"20242-06091","SKBJ":"土木类2413-14,岩土jd2401","TYXMDM":null,"KCH":"10153121060"},{"KKDWDM":"071","XS":88,"BYBZ":"0","JSJC":2,"XXXQDM":"02","KXH":"52","KSJC":1,"XKZRS":103,"SKZC":"000000111000000000000000000000","SKJS":"楚杨杰","ISTK":0,"ZCMC":"7-9周","YPSJDD":"7-9周 星期五 第1节-第2节 南湖南-博学主楼-209,1-15周 星期二 第1节-第2节 南湖南-博学主楼-209,1-15周 星期三 第3节-第4节 南湖南-博学主楼-209,1-5周 星期五 第1节-第2节 南湖南-博学主楼-209,11-15周 星期五 第1节-第2节 南湖南-博学主楼-209,9周 星期日 第1节-第2节 南湖南-博学主楼-209","XF":5,"SKXQ":5,"XNXQDM":"2024-2025-2","KCM":"高等数学A下","JASDM":"0202040209","JXLDM":"020204","JXBID":"20242-10561","SKBJ":"计算机类2413-14,软件sy2401","TYXMDM":null,"KCH":"10153121060"},{"KKDWDM":"021","XS":8,"BYBZ":"0","JSJC":7,"XXXQDM":"02","KXH":"309","KSJC":6,"XKZRS":135,"SKZC":"0000000110110000000000000","SKJS":"万伟伟","ISTK":0,"ZCMC":"8-9周,11-12周","YPSJDD":"8-9周,11-12周 星期四 第6节-第7节 南湖南-博学主楼-209","XF":0,"SKXQ":4,"XNXQDM":"2024-2025-2","KCM":"形势与政策","JASDM":"0202040209","JXLDM":"020204","JXBID":"20242-13949","SKBJ":"动画2401,数学类2405,机电类2412,材料类2404-08,材科sy2403,法学类2406,环科类2402,电信类2408-13,设计学类2406,金融gj2402","TYXMDM":null,"KCH":"10218121092"},{"KKDWDM":"021","XS":8,"BYBZ":"0","JSJC":10,"XXXQDM":"02","KXH":"330","KSJC":9,"XKZRS":136,"SKZC":"0000000110110000000000000","SKJS":"黄薇","ISTK":0,"ZCMC":"8-9周,11-12周","YPSJDD":"8-9周,11-12周 星期四 第9节-第10节 南湖南-博学主楼-209","XF":0,"SKXQ":4,"XNXQDM":"2024-2025-2","KCM":"形势与政策","JASDM":"0202040209","JXLDM":"020204","JXBID":"20242-13979","SKBJ":"土木类2402-10,政治2401,数学类2406-10,机电类2413,法学类2403-04,环科类2404,自动化类2409,设计学类2401,车辆gj2403,车辆类2401","TYXMDM":null,"KCH":"10218121092"},{"KKDWDM":"071","XS":88,"BYBZ":"0","JSJC":2,"XXXQDM":"02","KXH":"52","KSJC":1,"XKZRS":103,"SKZC":"000000001000000000000000000000","SKJS":"楚杨杰","ISTK":0,"ZCMC":"9周","YPSJDD":"7-9周 星期五 第1节-第2节 南湖南-博学主楼-209,1-15周 星期二 第1节-第2节 南湖南-博学主楼-209,1-15周 星期三 第3节-第4节 南湖南-博学主楼-209,1-5周 星期五 第1节-第2节 南湖南-博学主楼-209,11-15周 星期五 第1节-第2节 南湖南-博学主楼-209,9周 星期日 第1节-第2节 南湖南-博学主楼-209","XF":5,"SKXQ":7,"XNXQDM":"2024-2025-2","KCM":"高等数学A下","JASDM":"0202040209","JXLDM":"020204","JXBID":"20242-10561","SKBJ":"计算机类2413-14,软件sy2401","TYXMDM":null,"KCH":"10153121060"},{"KKDWDM":"071","XS":88,"BYBZ":"0","JSJC":4,"XXXQDM":"02","KXH":"01","KSJC":3,"XKZRS":100,"SKZC":"000000001000000000000000000000","SKJS":"张鑫","ISTK":0,"ZCMC":"9周","YPSJDD":"7-9周 星期五 第3节-第4节 南湖南-博学主楼-209,1-15周 星期二 第3节-第4节 南湖南-博学主楼-209,11-15周 星期五 第3节-第4节 南湖南-博学主楼-209,1-5周 星期五 第3节-第4节 南湖南-博学主楼-209,1-15周 星期三 第1节-第2节 南湖南-博学主楼-209,9周 星期日 第3节-第4节 南湖南-博学主楼-209","XF":5,"SKXQ":7,"XNXQDM":"2024-2025-2","KCM":"高等数学A下","JASDM":"0202040209","JXLDM":"020204","JXBID":"20242-06091","SKBJ":"土木类2413-14,岩土jd2401","TYXMDM":null,"KCH":"10153121060"},{"KKDWDM":"071","XS":88,"BYBZ":"0","JSJC":2,"XXXQDM":"02","KXH":"52","KSJC":1,"XKZRS":103,"SKZC":"000000000011111000000000000000","SKJS":"楚杨杰","ISTK":0,"ZCMC":"11-15周","YPSJDD":"7-9周 星期五 第1节-第2节 南湖南-博学主楼-209,1-15周 星期二 第1节-第2节 南湖南-博学主楼-209,1-15周 星期三 第3节-第4节 南湖南-博学主楼-209,1-5周 星期五 第1节-第2节 南湖南-博学主楼-209,11-15周 星期五 第1节-第2节 南湖南-博学主楼-209,9周 星期日 第1节-第2节 南湖南-博学主楼-209","XF":5,"SKXQ":5,"XNXQDM":"2024-2025-2","KCM":"高等数学A下","JASDM":"0202040209","JXLDM":"020204","JXBID":"20242-10561","SKBJ":"计算机类2413-14,软件sy2401","TYXMDM":null,"KCH":"10153121060"},{"KKDWDM":"072","XS":56,"BYBZ":"0","JSJC":2,"XXXQDM":"02","KXH":"04","KSJC":1,"XKZRS":92,"SKZC":"000000000011111000000000000000","SKJS":"胡靖华","ISTK":0,"ZCMC":"11-15周","YPSJDD":"11-15周 星期四 第1节-第2节 南湖南-博学主楼-209,12-14周 星期一 第3节-第4节 南湖南-博学主楼-209,16周 星期一 第3节-第4节 南湖南-博学主楼-209,1-10周 星期一 第3节-第4节 南湖南-博学主楼-209,1-9周 星期四 第1节-第2节 南湖南-博学主楼-209","XF":3,"SKXQ":4,"XNXQDM":"2024-2025-2","KCM":"大学物理A上","JASDM":"0202040209","JXLDM":"020204","JXBID":"20242-06202","SKBJ":"土木类2413-14,岩土jd2401","TYXMDM":null,"KCH":"10153111005"},{"KKDWDM":"071","XS":88,"BYBZ":"0","JSJC":4,"XXXQDM":"02","KXH":"01","KSJC":3,"XKZRS":100,"SKZC":"000000000011111000000000000000","SKJS":"张鑫","ISTK":0,"ZCMC":"11-15周","YPSJDD":"7-9周 星期五 第3节-第4节 南湖南-博学主楼-209,1-15周 星期二 第3节-第4节 南湖南-博学主楼-209,11-15周 星期五 第3节-第4节 南湖南-博学主楼-209,1-5周 星期五 第3节-第4节 南湖南-博学主楼-209,1-15周 星期三 第1节-第2节 南湖南-博学主楼-209,9周 星期日 第3节-第4节 南湖南-博学主楼-209","XF":5,"SKXQ":5,"XNXQDM":"2024-2025-2","KCM":"高等数学A下","JASDM":"0202040209","JXLDM":"020204","JXBID":"20242-06091","SKBJ":"土木类2413-14,岩土jd2401","TYXMDM":null,"KCH":"10153121060"},{"KKDWDM":"072","XS":56,"BYBZ":"0","JSJC":4,"XXXQDM":"02","KXH":"04","KSJC":3,"XKZRS":92,"SKZC":"000000000001110000000000000000","SKJS":"胡靖华","ISTK":0,"ZCMC":"12-14周","YPSJDD":"11-15周 星期四 第1节-第2节 南湖南-博学主楼-209,12-14周 星期一 第3节-第4节 南湖南-博学主楼-209,16周 星期一 第3节-第4节 南湖南-博学主楼-209,1-10周 星期一 第3节-第4节 南湖南-博学主楼-209,1-9周 星期四 第1节-第2节 南湖南-博学主楼-209","XF":3,"SKXQ":1,"XNXQDM":"2024-2025-2","KCM":"大学物理A上","JASDM":"0202040209","JXLDM":"020204","JXBID":"20242-06202","SKBJ":"土木类2413-14,岩土jd2401","TYXMDM":null,"KCH":"10153111005"},{"KKDWDM":"013","XS":64,"BYBZ":"0","JSJC":7,"XXXQDM":"02","KXH":"02","KSJC":6,"XKZRS":139,"SKZC":"000000000001110000000000000000","SKJS":"杨胤铎,罗文辉","ISTK":0,"ZCMC":"12-14周","YPSJDD":"1-10周 星期一 第6节-第7节 南湖南-博学主楼-209,16周 星期一 第6节-第7节 南湖南-博学主楼-209,11-14周 星期四 第1节-第2节 南湖南-博学东楼-305,1-9周 星期四 第1节-第2节 南湖南-博学东楼-305,12-14周 星期一 第6节-第7节 南湖南-博学主楼-209","XF":4,"SKXQ":1,"XNXQDM":"2024-2025-2","KCM":"电工与电子技术基础B","JASDM":"0202040209","JXLDM":"020204","JXBID":"20242-05490","SKBJ":"储能2301-02,过控2301","TYXMDM":null,"KCH":"10133121096"},{"KKDWDM":"038","XS":32,"BYBZ":"0","JSJC":2,"XXXQDM":"02","KXH":"02","KSJC":1,"XKZRS":120,"SKZC":"000000000001110000000000000000","SKJS":"郭善林","ISTK":0,"ZCMC":"12-14周","YPSJDD":"17周 星期二 第1节-第2节 南湖南-博学主楼-209,12-14周 星期一 第1节-第2节 南湖南-博学主楼-209,1-10周 星期一 第1节-第2节 南湖南-博学主楼-209,16-17周 星期一 第1节-第2节 南湖南-博学主楼-209","XF":2,"SKXQ":1,"XNXQDM":"2024-2025-2","KCM":"军事理论","JASDM":"0202040209","JXLDM":"020204","JXBID":"20242-12518","SKBJ":"新闻类2401-03,运动训练2401-02","TYXMDM":null,"KCH":"10381121001"},{"KKDWDM":"025","XS":32,"BYBZ":"0","JSJC":12,"XXXQDM":"02","KXH":"01","KSJC":11,"XKZRS":140,"SKZC":"000000000001000000000000","SKJS":"张之剑,李律成","ISTK":0,"ZCMC":"12周","YPSJDD":"12周 星期一 第11节-第12节 南湖南-博学主楼-209,1-10周 星期一 第11节-第13节 南湖南-博学主楼-209","XF":2,"SKXQ":1,"XNXQDM":"2024-2025-2","KCM":"创业者故事赏析(JD)","JASDM":"0202040209","JXLDM":"020204","JXBID":"20242-08778","SKBJ":"公选-08778","TYXMDM":null,"KCH":"10256121091"},{"KKDWDM":"021","XS":8,"BYBZ":"0","JSJC":7,"XXXQDM":"02","KXH":"195","KSJC":6,"XKZRS":138,"SKZC":"0000000000001111000000000","SKJS":"冯蓓","ISTK":0,"ZCMC":"13-16周","YPSJDD":"13-16周 星期四 第6节-第7节 南湖南-博学主楼-209","XF":0,"SKXQ":4,"XNXQDM":"2024-2025-2","KCM":"形势与政策","JASDM":"0202040209","JXLDM":"020204","JXBID":"20242-13876","SKBJ":"土木类2413,智能制造zs2401,环科类2401,生科类2401,电信类2412-14,电信类2416-18,管科类2401-03,经济学类2401,车辆类2408","TYXMDM":null,"KCH":"10218121092"},{"KKDWDM":"021","XS":8,"BYBZ":"0","JSJC":10,"XXXQDM":"02","KXH":"270","KSJC":9,"XKZRS":138,"SKZC":"0000000000001111000000000","SKJS":"王冬晓","ISTK":0,"ZCMC":"13-16周","YPSJDD":"13-16周 星期四 第9节-第10节 南湖南-博学主楼-209","XF":0,"SKXQ":4,"XNXQDM":"2024-2025-2","KCM":"形势与政策","JASDM":"0202040209","JXLDM":"020204","JXBID":"20242-13941","SKBJ":"化生类2411,土木类2412,工商类2402-09,新闻类2401-04,机电类2401-11,机电类2415,生科类2405,电信类2417,经济学类2402,金融sy2401","TYXMDM":null,"KCH":"10218121092"},{"KKDWDM":"009","XS":40,"BYBZ":"0","JSJC":7,"XXXQDM":"02","KXH":"02","KSJC":6,"XKZRS":87,"SKZC":"000000000000110000000000","SKJS":"孙吉主,张季如","ISTK":0,"ZCMC":"13-14周","YPSJDD":"13-14周 星期三 第6节-第7节 南湖南-博学主楼-209,1-12周 星期三 第6节-第8节 南湖南-博学主楼-209","XF":2,"SKXQ":3,"XNXQDM":"2024-2025-2","KCM":"土力学B","JASDM":"0202040209","JXLDM":"020204","JXBID":"20242-05524","SKBJ":"土木zy2304-05","TYXMDM":null,"KCH":"10174111013"},{"KKDWDM":"071","XS":40,"BYBZ":"0","JSJC":4,"XXXQDM":"02","KXH":"32","KSJC":3,"XKZRS":134,"SKZC":"000000000000011000000000","SKJS":"周俊","ISTK":0,"ZCMC":"14-15周","YPSJDD":"14-15周 星期四 第3节-第4节 南湖南-博学主楼-209,1-9周,11-13周 星期四 第3节-第5节 南湖南-博学主楼-209","XF":2,"SKXQ":4,"XNXQDM":"2024-2025-2","KCM":"线性代数","JASDM":"0202040209","JXLDM":"020204","JXBID":"20242-11749","SKBJ":"计算机类2401-04","TYXMDM":null,"KCH":"10153111001"},{"KKDWDM":"038","XS":32,"BYBZ":"0","JSJC":2,"XXXQDM":"02","KXH":"02","KSJC":1,"XKZRS":120,"SKZC":"000000000000000110000000000000","SKJS":"郭善林","ISTK":0,"ZCMC":"16-17周","YPSJDD":"17周 星期二 第1节-第2节 南湖南-博学主楼-209,12-14周 星期一 第1节-第2节 南湖南-博学主楼-209,1-10周 星期一 第1节-第2节 南湖南-博学主楼-209,16-17周 星期一 第1节-第2节 南湖南-博学主楼-209","XF":2,"SKXQ":1,"XNXQDM":"2024-2025-2","KCM":"军事理论","JASDM":"0202040209","JXLDM":"020204","JXBID":"20242-12518","SKBJ":"新闻类2401-03,运动训练2401-02","TYXMDM":null,"KCH":"10381121001"},{"KKDWDM":"072","XS":56,"BYBZ":"0","JSJC":4,"XXXQDM":"02","KXH":"04","KSJC":3,"XKZRS":92,"SKZC":"000000000000000100000000000000","SKJS":"胡靖华","ISTK":0,"ZCMC":"16周","YPSJDD":"11-15周 星期四 第1节-第2节 南湖南-博学主楼-209,12-14周 星期一 第3节-第4节 南湖南-博学主楼-209,16周 星期一 第3节-第4节 南湖南-博学主楼-209,1-10周 星期一 第3节-第4节 南湖南-博学主楼-209,1-9周 星期四 第1节-第2节 南湖南-博学主楼-209","XF":3,"SKXQ":1,"XNXQDM":"2024-2025-2","KCM":"大学物理A上","JASDM":"0202040209","JXLDM":"020204","JXBID":"20242-06202","SKBJ":"土木类2413-14,岩土jd2401","TYXMDM":null,"KCH":"10153111005"},{"KKDWDM":"013","XS":64,"BYBZ":"0","JSJC":7,"XXXQDM":"02","KXH":"02","KSJC":6,"XKZRS":139,"SKZC":"000000000000000100000000000000","SKJS":"杨胤铎,罗文辉","ISTK":0,"ZCMC":"16周","YPSJDD":"1-10周 星期一 第6节-第7节 南湖南-博学主楼-209,16周 星期一 第6节-第7节 南湖南-博学主楼-209,11-14周 星期四 第1节-第2节 南湖南-博学东楼-305,1-9周 星期四 第1节-第2节 南湖南-博学东楼-305,12-14周 星期一 第6节-第7节 南湖南-博学主楼-209","XF":4,"SKXQ":1,"XNXQDM":"2024-2025-2","KCM":"电工与电子技术基础B","JASDM":"0202040209","JXLDM":"020204","JXBID":"20242-05490","SKBJ":"储能2301-02,过控2301","TYXMDM":null,"KCH":"10133121096"},{"KKDWDM":"038","XS":32,"BYBZ":"0","JSJC":2,"XXXQDM":"02","KXH":"02","KSJC":1,"XKZRS":120,"SKZC":"000000000000000010000000000000","SKJS":"郭善林","ISTK":0,"ZCMC":"17周","YPSJDD":"17周 星期二 第1节-第2节 南湖南-博学主楼-209,12-14周 星期一 第1节-第2节 南湖南-博学主楼-209,1-10周 星期一 第1节-第2节 南湖南-博学主楼-209,16-17周 星期一 第1节-第2节 南湖南-博学主楼-209","XF":2,"SKXQ":2,"XNXQDM":"2024-2025-2","KCM":"军事理论","JASDM":"0202040209","JXLDM":"020204","JXBID":"20242-12518","SKBJ":"新闻类2401-03,运动训练2401-02","TYXMDM":null,"KCH":"10381121001"}]}},"code":"0"}