{"datas":{"jaskcb":{"extParams":{"code":1,"msg":"查询成功"},"pageSize":0,"pageNumber":0,"totalSize":-1,"rows":[{"KKDWDM":null,"XS":null,"BYBZ":"3","JSJC":9,"XXXQDM":null,"KXH":null,"KSJC":6,"XKZRS":null,"SKZC":"111111111111111110000000000000","SKJS":null,"ISTK":0,"ZCMC":"1-17周","YPSJDD":null,"XF":null,"SKXQ":5,"XNXQDM":"2024-2025-2","KCM":"英语口语","JASDM":"0202030317","JXLDM":null,"JXBID":null,"SKBJ":"平面2403","TYXMDM":null,"KCH":"20241124007"},{"KKDWDM":null,"XS":null,"BYBZ":"3","JSJC":4,"XXXQDM":null,"KXH":null,"KSJC":3,"XKZRS":null,"SKZC":"111111111111111110000000000000","SKJS":null,"ISTK":0,"ZCMC":"1-17周","YPSJDD":null,"XF":null,"SKXQ":4,"XNXQDM":"2024-2025-2","KCM":"雅思阅读","JASDM":"0202030317","JXLDM":null,"JXBID":null,"SKBJ":"A2401","TYXMDM":null,"KCH":"20241124025"},{"KKDWDM":null,"XS":null,"BYBZ":"3","JSJC":4,"XXXQDM":null,"KXH":null,"KSJC":1,"XKZRS":null,"SKZC":"111111111111111110000000000000","SKJS":"杨春","ISTK":0,"ZCMC":"1-17周","YPSJDD":null,"XF":null,"SKXQ":1,"XNXQDM":"2024-2025-2","KCM":"构成原理","JASDM":"0202030317","JXLDM":null,"JXBID":null,"SKBJ":"平面2402","TYXMDM":null,"KCH":"20243124002"},{"KKDWDM":null,"XS":null,"BYBZ":"3","JSJC":4,"XXXQDM":null,"KXH":null,"KSJC":1,"XKZRS":null,"SKZC":"111111111111111110000000000000","SKJS":"吴丹","ISTK":0,"ZCMC":"1-17周","YPSJDD":null,"XF":null,"SKXQ":5,"XNXQDM":"2024-2025-2","KCM":"构成原理","JASDM":"0202030317","JXLDM":null,"JXBID":null,"SKBJ":"平面2403","TYXMDM":null,"KCH":"20243124002"},{"KKDWDM":null,"XS":null,"BYBZ":"3","JSJC":4,"XXXQDM":null,"KXH":null,"KSJC":1,"XKZRS":null,"SKZC":"111111111111111110000000000000","SKJS":"陈顶","ISTK":0,"ZCMC":"1-17周","YPSJDD":null,"XF":null,"SKXQ":3,"XNXQDM":"2024-2025-2","KCM":"构成原理","JASDM":"0202030317","JXLDM":null,"JXBID":null,"SKBJ":"数媒2403","TYXMDM":null,"KCH":"20243124002"},{"KKDWDM":null,"XS":null,"BYBZ":"3","JSJC":7,"XXXQDM":null,"KXH":null,"KSJC":6,"XKZRS":null,"SKZC":"000000000111111110000000000000","SKJS":"刘欢","ISTK":0,"ZCMC":"10-17周","YPSJDD":null,"XF":null,"SKXQ":2,"XNXQDM":"2024-2025-2","KCM":"基础经济学","JASDM":"0202030317","JXLDM":null,"JXBID":null,"SKBJ":"GTB2401","TYXMDM":null,"KCH":"20243124011"},{"KKDWDM":null,"XS":null,"BYBZ":"3","JSJC":4,"XXXQDM":null,"KXH":null,"KSJC":3,"XKZRS":null,"SKZC":"000000000111111110000000000000","SKJS":"董婷","ISTK":0,"ZCMC":"10-17周","YPSJDD":null,"XF":null,"SKXQ":2,"XNXQDM":"2024-2025-2","KCM":"基础经济学","JASDM":"0202030317","JXLDM":null,"JXBID":null,"SKBJ":"HRM2401","TYXMDM":null,"KCH":"20243124011"},{"KKDWDM":null,"XS":null,"BYBZ":"3","JSJC":7,"XXXQDM":null,"KXH":null,"KSJC":7,"XKZRS":null,"SKZC":"111111000000000000000000000000","SKJS":"陈顶","ISTK":0,"ZCMC":"1-6周","YPSJDD":null,"XF":null,"SKXQ":1,"XNXQDM":"2024-2025-2","KCM":"实景拍摄","JASDM":"0202030317","JXLDM":null,"JXBID":null,"SKBJ":"数媒2302","TYXMDM":null,"KCH":"20244124030"}]}},"code":"0"}