{"datas":{"jaskcb":{"extParams":{"code":1,"msg":"查询成功"},"pageSize":0,"pageNumber":0,"totalSize":-1,"rows":[{"KKDWDM":"020","XS":32,"BYBZ":"0","JSJC":2,"XXXQDM":"02","KXH":"111","KSJC":1,"XKZRS":37,"SKZC":"1111111111111111","SKJS":"朱平","ISTK":0,"ZCMC":"1-16周","YPSJDD":"1-16周 星期二 第1节-第2节 南湖南-博学北楼-205","XF":2,"SKXQ":2,"XNXQDM":"2024-2025-2","KCM":"大学英语2","JASDM":"0202010205","JXLDM":"020201","JXBID":"20242-12578","SKBJ":"公选-12578","TYXMDM":"11","KCH":"10201121073"},{"KKDWDM":"020","XS":32,"BYBZ":"0","JSJC":2,"XXXQDM":"02","KXH":"129","KSJC":1,"XKZRS":26,"SKZC":"1111111111111111","SKJS":"朱平","ISTK":0,"ZCMC":"1-16周","YPSJDD":"1-16周 星期三 第1节-第2节 南湖南-博学北楼-205","XF":2,"SKXQ":3,"XNXQDM":"2024-2025-2","KCM":"大学英语2","JASDM":"0202010205","JXLDM":"020201","JXBID":"20242-12614","SKBJ":"公选-12614","TYXMDM":"11","KCH":"10201121073"},{"KKDWDM":"020","XS":32,"BYBZ":"0","JSJC":4,"XXXQDM":"02","KXH":"102","KSJC":3,"XKZRS":32,"SKZC":"111111111100000000000000000000","SKJS":"朱平","ISTK":0,"ZCMC":"1-10周","YPSJDD":"12-14周 星期一 第3节-第4节 南湖南-博学北楼-205,1-10周 星期一 第3节-第4节 南湖南-博学北楼-205,17周 星期二 第3节-第4节 南湖南-博学北楼-205,16-17周 星期一 第3节-第4节 南湖南-博学北楼-205","XF":2,"SKXQ":1,"XNXQDM":"2024-2025-2","KCM":"大学英语2","JASDM":"0202010205","JXLDM":"020201","JXBID":"20242-12560","SKBJ":"公选-12560","TYXMDM":"11","KCH":"10201121073"},{"KKDWDM":"020","XS":32,"BYBZ":"0","JSJC":7,"XXXQDM":"02","KXH":"181","KSJC":6,"XKZRS":36,"SKZC":"111111111100000000000000000000","SKJS":"谈峰","ISTK":0,"ZCMC":"1-10周","YPSJDD":"1-10周 星期一 第6节-第7节 南湖南-博学北楼-205,17周 星期二 第6节-第7节 南湖南-博学北楼-205,16-17周 星期一 第6节-第7节 南湖南-博学北楼-205,12-14周 星期一 第6节-第7节 南湖南-博学北楼-205","XF":2,"SKXQ":1,"XNXQDM":"2024-2025-2","KCM":"大学英语2","JASDM":"0202010205","JXLDM":"020201","JXBID":"20242-12720","SKBJ":"公选-12720","TYXMDM":"11","KCH":"10201121073"},{"KKDWDM":"020","XS":32,"BYBZ":"0","JSJC":2,"XXXQDM":"02","KXH":"93","KSJC":1,"XKZRS":35,"SKZC":"111111111100000000000000000000","SKJS":"朱平","ISTK":0,"ZCMC":"1-10周","YPSJDD":"12-14周 星期一 第1节-第2节 南湖南-博学北楼-205,16-17周 星期一 第1节-第2节 南湖南-博学北楼-205,1-10周 星期一 第1节-第2节 南湖南-博学北楼-205,17周 星期二 第1节-第2节 南湖南-博学北楼-205","XF":2,"SKXQ":1,"XNXQDM":"2024-2025-2","KCM":"大学英语2","JASDM":"0202010205","JXLDM":"020201","JXBID":"20242-12542","SKBJ":"公选-12542","TYXMDM":"11","KCH":"10201121073"},{"KKDWDM":"020","XS":32,"BYBZ":"0","JSJC":2,"XXXQDM":"02","KXH":"147","KSJC":1,"XKZRS":37,"SKZC":"111111111000000000000000000000","SKJS":"徐丽红","ISTK":0,"ZCMC":"1-9周","YPSJDD":"1-9周 星期四 第1节-第2节 南湖南-博学北楼-205,11-17周 星期四 第1节-第2节 南湖南-博学北楼-205","XF":2,"SKXQ":4,"XNXQDM":"2024-2025-2","KCM":"大学英语2","JASDM":"0202010205","JXLDM":"020201","JXBID":"20242-12650","SKBJ":"公选-12650","TYXMDM":"11","KCH":"10201121073"},{"KKDWDM":"020","XS":32,"BYBZ":"0","JSJC":7,"XXXQDM":"02","KXH":"221","KSJC":6,"XKZRS":35,"SKZC":"111110000000000000000000000000","SKJS":"张静","ISTK":0,"ZCMC":"1-5周","YPSJDD":"11-16周 星期五 第6节-第7节 南湖南-博学北楼-205,7-9周 星期五 第6节-第7节 南湖南-博学北楼-205,17周 星期三 第6节-第7节 南湖南-博学北楼-205,9周 星期日 第6节-第7节 南湖南-博学北楼-205,1-5周 星期五 第6节-第7节 南湖南-博学北楼-205","XF":2,"SKXQ":5,"XNXQDM":"2024-2025-2","KCM":"大学英语2","JASDM":"0202010205","JXLDM":"020201","JXBID":"20242-13752","SKBJ":"公选-13752","TYXMDM":"11","KCH":"10201121073"},{"KKDWDM":"020","XS":32,"BYBZ":"0","JSJC":2,"XXXQDM":"02","KXH":"165","KSJC":1,"XKZRS":36,"SKZC":"111110000000000000000000000000","SKJS":"徐丽红","ISTK":0,"ZCMC":"1-5周","YPSJDD":"11-16周 星期五 第1节-第2节 南湖南-博学北楼-205,17周 星期三 第1节-第2节 南湖南-博学北楼-205,7-9周 星期五 第1节-第2节 南湖南-博学北楼-205,9周 星期日 第1节-第2节 南湖南-博学北楼-205,1-5周 星期五 第1节-第2节 南湖南-博学北楼-205","XF":2,"SKXQ":5,"XNXQDM":"2024-2025-2","KCM":"大学英语2","JASDM":"0202010205","JXLDM":"020201","JXBID":"20242-12686","SKBJ":"公选-12686","TYXMDM":"11","KCH":"10201121073"},{"KKDWDM":"020","XS":32,"BYBZ":"0","JSJC":4,"XXXQDM":"02","KXH":"173","KSJC":3,"XKZRS":35,"SKZC":"111110000000000000000000000000","SKJS":"徐丽红","ISTK":0,"ZCMC":"1-5周","YPSJDD":"9周 星期日 第3节-第4节 南湖南-博学北楼-205,17周 星期三 第3节-第4节 南湖南-博学北楼-205,7-9周 星期五 第3节-第4节 南湖南-博学北楼-205,11-16周 星期五 第3节-第4节 南湖南-博学北楼-205,1-5周 星期五 第3节-第4节 南湖南-博学北楼-205","XF":2,"SKXQ":5,"XNXQDM":"2024-2025-2","KCM":"大学英语2","JASDM":"0202010205","JXLDM":"020201","JXBID":"20242-12703","SKBJ":"公选-12703","TYXMDM":"11","KCH":"10201121073"},{"KKDWDM":"009","XS":24,"BYBZ":"0","JSJC":5,"XXXQDM":"02","KXH":"01","KSJC":3,"XKZRS":28,"SKZC":"100000000000000000000000000000","SKJS":"王涛,白亮","ISTK":0,"ZCMC":"1周","YPSJDD":"1周 星期三 第3节-第5节 南湖南-博学北楼-205,2-8周 星期三 第3节-第5节 南湖南-博学西楼-105","XF":1,"SKXQ":3,"XNXQDM":"2024-2025-2","KCM":"现代艺术概论","JASDM":"0202010205","JXLDM":"020201","JXBID":"20242-06026","SKBJ":"建筑类2401-02","TYXMDM":null,"KCH":"10095113001"},{"KKDWDM":"020","XS":32,"BYBZ":"0","JSJC":4,"XXXQDM":"02","KXH":"173","KSJC":3,"XKZRS":35,"SKZC":"000000111000000000000000000000","SKJS":"徐丽红","ISTK":0,"ZCMC":"7-9周","YPSJDD":"9周 星期日 第3节-第4节 南湖南-博学北楼-205,17周 星期三 第3节-第4节 南湖南-博学北楼-205,7-9周 星期五 第3节-第4节 南湖南-博学北楼-205,11-16周 星期五 第3节-第4节 南湖南-博学北楼-205,1-5周 星期五 第3节-第4节 南湖南-博学北楼-205","XF":2,"SKXQ":5,"XNXQDM":"2024-2025-2","KCM":"大学英语2","JASDM":"0202010205","JXLDM":"020201","JXBID":"20242-12703","SKBJ":"公选-12703","TYXMDM":"11","KCH":"10201121073"},{"KKDWDM":"020","XS":32,"BYBZ":"0","JSJC":2,"XXXQDM":"02","KXH":"165","KSJC":1,"XKZRS":36,"SKZC":"000000111000000000000000000000","SKJS":"徐丽红","ISTK":0,"ZCMC":"7-9周","YPSJDD":"11-16周 星期五 第1节-第2节 南湖南-博学北楼-205,17周 星期三 第1节-第2节 南湖南-博学北楼-205,7-9周 星期五 第1节-第2节 南湖南-博学北楼-205,9周 星期日 第1节-第2节 南湖南-博学北楼-205,1-5周 星期五 第1节-第2节 南湖南-博学北楼-205","XF":2,"SKXQ":5,"XNXQDM":"2024-2025-2","KCM":"大学英语2","JASDM":"0202010205","JXLDM":"020201","JXBID":"20242-12686","SKBJ":"公选-12686","TYXMDM":"11","KCH":"10201121073"},{"KKDWDM":"020","XS":32,"BYBZ":"0","JSJC":7,"XXXQDM":"02","KXH":"221","KSJC":6,"XKZRS":35,"SKZC":"000000111000000000000000000000","SKJS":"张静","ISTK":0,"ZCMC":"7-9周","YPSJDD":"11-16周 星期五 第6节-第7节 南湖南-博学北楼-205,7-9周 星期五 第6节-第7节 南湖南-博学北楼-205,17周 星期三 第6节-第7节 南湖南-博学北楼-205,9周 星期日 第6节-第7节 南湖南-博学北楼-205,1-5周 星期五 第6节-第7节 南湖南-博学北楼-205","XF":2,"SKXQ":5,"XNXQDM":"2024-2025-2","KCM":"大学英语2","JASDM":"0202010205","JXLDM":"020201","JXBID":"20242-13752","SKBJ":"公选-13752","TYXMDM":"11","KCH":"10201121073"},{"KKDWDM":"009","XS":24,"BYBZ":"0","JSJC":7,"XXXQDM":"02","KXH":"01","KSJC":6,"XKZRS":29,"SKZC":"0000000011110000000000000","SKJS":"邹源,郭建","ISTK":0,"ZCMC":"9-12周","YPSJDD":"9-12周 星期三 第6节-第7节 南湖南-博学北楼-205","XF":1,"SKXQ":3,"XNXQDM":"2024-2025-2","KCM":"数字化设计概论","JASDM":"0202010205","JXLDM":"020201","JXBID":"20242-06169","SKBJ":"建筑类2401-02","TYXMDM":null,"KCH":"10094121047"},{"KKDWDM":"020","XS":32,"BYBZ":"0","JSJC":7,"XXXQDM":"02","KXH":"221","KSJC":6,"XKZRS":35,"SKZC":"000000001000000000000000000000","SKJS":"张静","ISTK":0,"ZCMC":"9周","YPSJDD":"11-16周 星期五 第6节-第7节 南湖南-博学北楼-205,7-9周 星期五 第6节-第7节 南湖南-博学北楼-205,17周 星期三 第6节-第7节 南湖南-博学北楼-205,9周 星期日 第6节-第7节 南湖南-博学北楼-205,1-5周 星期五 第6节-第7节 南湖南-博学北楼-205","XF":2,"SKXQ":7,"XNXQDM":"2024-2025-2","KCM":"大学英语2","JASDM":"0202010205","JXLDM":"020201","JXBID":"20242-13752","SKBJ":"公选-13752","TYXMDM":"11","KCH":"10201121073"},{"KKDWDM":"020","XS":32,"BYBZ":"0","JSJC":4,"XXXQDM":"02","KXH":"173","KSJC":3,"XKZRS":35,"SKZC":"000000001000000000000000000000","SKJS":"徐丽红","ISTK":0,"ZCMC":"9周","YPSJDD":"9周 星期日 第3节-第4节 南湖南-博学北楼-205,17周 星期三 第3节-第4节 南湖南-博学北楼-205,7-9周 星期五 第3节-第4节 南湖南-博学北楼-205,11-16周 星期五 第3节-第4节 南湖南-博学北楼-205,1-5周 星期五 第3节-第4节 南湖南-博学北楼-205","XF":2,"SKXQ":7,"XNXQDM":"2024-2025-2","KCM":"大学英语2","JASDM":"0202010205","JXLDM":"020201","JXBID":"20242-12703","SKBJ":"公选-12703","TYXMDM":"11","KCH":"10201121073"},{"KKDWDM":"020","XS":32,"BYBZ":"0","JSJC":2,"XXXQDM":"02","KXH":"165","KSJC":1,"XKZRS":36,"SKZC":"000000001000000000000000000000","SKJS":"徐丽红","ISTK":0,"ZCMC":"9周","YPSJDD":"11-16周 星期五 第1节-第2节 南湖南-博学北楼-205,17周 星期三 第1节-第2节 南湖南-博学北楼-205,7-9周 星期五 第1节-第2节 南湖南-博学北楼-205,9周 星期日 第1节-第2节 南湖南-博学北楼-205,1-5周 星期五 第1节-第2节 南湖南-博学北楼-205","XF":2,"SKXQ":7,"XNXQDM":"2024-2025-2","KCM":"大学英语2","JASDM":"0202010205","JXLDM":"020201","JXBID":"20242-12686","SKBJ":"公选-12686","TYXMDM":"11","KCH":"10201121073"},{"KKDWDM":"020","XS":32,"BYBZ":"0","JSJC":2,"XXXQDM":"02","KXH":"147","KSJC":1,"XKZRS":37,"SKZC":"000000000011111110000000000000","SKJS":"徐丽红","ISTK":0,"ZCMC":"11-17周","YPSJDD":"1-9周 星期四 第1节-第2节 南湖南-博学北楼-205,11-17周 星期四 第1节-第2节 南湖南-博学北楼-205","XF":2,"SKXQ":4,"XNXQDM":"2024-2025-2","KCM":"大学英语2","JASDM":"0202010205","JXLDM":"020201","JXBID":"20242-12650","SKBJ":"公选-12650","TYXMDM":"11","KCH":"10201121073"},{"KKDWDM":"020","XS":32,"BYBZ":"0","JSJC":7,"XXXQDM":"02","KXH":"221","KSJC":6,"XKZRS":35,"SKZC":"000000000011111100000000000000","SKJS":"张静","ISTK":0,"ZCMC":"11-16周","YPSJDD":"11-16周 星期五 第6节-第7节 南湖南-博学北楼-205,7-9周 星期五 第6节-第7节 南湖南-博学北楼-205,17周 星期三 第6节-第7节 南湖南-博学北楼-205,9周 星期日 第6节-第7节 南湖南-博学北楼-205,1-5周 星期五 第6节-第7节 南湖南-博学北楼-205","XF":2,"SKXQ":5,"XNXQDM":"2024-2025-2","KCM":"大学英语2","JASDM":"0202010205","JXLDM":"020201","JXBID":"20242-13752","SKBJ":"公选-13752","TYXMDM":"11","KCH":"10201121073"},{"KKDWDM":"020","XS":32,"BYBZ":"0","JSJC":2,"XXXQDM":"02","KXH":"165","KSJC":1,"XKZRS":36,"SKZC":"000000000011111100000000000000","SKJS":"徐丽红","ISTK":0,"ZCMC":"11-16周","YPSJDD":"11-16周 星期五 第1节-第2节 南湖南-博学北楼-205,17周 星期三 第1节-第2节 南湖南-博学北楼-205,7-9周 星期五 第1节-第2节 南湖南-博学北楼-205,9周 星期日 第1节-第2节 南湖南-博学北楼-205,1-5周 星期五 第1节-第2节 南湖南-博学北楼-205","XF":2,"SKXQ":5,"XNXQDM":"2024-2025-2","KCM":"大学英语2","JASDM":"0202010205","JXLDM":"020201","JXBID":"20242-12686","SKBJ":"公选-12686","TYXMDM":"11","KCH":"10201121073"},{"KKDWDM":"020","XS":32,"BYBZ":"0","JSJC":4,"XXXQDM":"02","KXH":"173","KSJC":3,"XKZRS":35,"SKZC":"000000000011111100000000000000","SKJS":"徐丽红","ISTK":0,"ZCMC":"11-16周","YPSJDD":"9周 星期日 第3节-第4节 南湖南-博学北楼-205,17周 星期三 第3节-第4节 南湖南-博学北楼-205,7-9周 星期五 第3节-第4节 南湖南-博学北楼-205,11-16周 星期五 第3节-第4节 南湖南-博学北楼-205,1-5周 星期五 第3节-第4节 南湖南-博学北楼-205","XF":2,"SKXQ":5,"XNXQDM":"2024-2025-2","KCM":"大学英语2","JASDM":"0202010205","JXLDM":"020201","JXBID":"20242-12703","SKBJ":"公选-12703","TYXMDM":"11","KCH":"10201121073"},{"KKDWDM":"020","XS":32,"BYBZ":"0","JSJC":4,"XXXQDM":"02","KXH":"102","KSJC":3,"XKZRS":32,"SKZC":"000000000001110000000000000000","SKJS":"朱平","ISTK":0,"ZCMC":"12-14周","YPSJDD":"12-14周 星期一 第3节-第4节 南湖南-博学北楼-205,1-10周 星期一 第3节-第4节 南湖南-博学北楼-205,17周 星期二 第3节-第4节 南湖南-博学北楼-205,16-17周 星期一 第3节-第4节 南湖南-博学北楼-205","XF":2,"SKXQ":1,"XNXQDM":"2024-2025-2","KCM":"大学英语2","JASDM":"0202010205","JXLDM":"020201","JXBID":"20242-12560","SKBJ":"公选-12560","TYXMDM":"11","KCH":"10201121073"},{"KKDWDM":"020","XS":32,"BYBZ":"0","JSJC":2,"XXXQDM":"02","KXH":"93","KSJC":1,"XKZRS":35,"SKZC":"000000000001110000000000000000","SKJS":"朱平","ISTK":0,"ZCMC":"12-14周","YPSJDD":"12-14周 星期一 第1节-第2节 南湖南-博学北楼-205,16-17周 星期一 第1节-第2节 南湖南-博学北楼-205,1-10周 星期一 第1节-第2节 南湖南-博学北楼-205,17周 星期二 第1节-第2节 南湖南-博学北楼-205","XF":2,"SKXQ":1,"XNXQDM":"2024-2025-2","KCM":"大学英语2","JASDM":"0202010205","JXLDM":"020201","JXBID":"20242-12542","SKBJ":"公选-12542","TYXMDM":"11","KCH":"10201121073"},{"KKDWDM":"020","XS":32,"BYBZ":"0","JSJC":7,"XXXQDM":"02","KXH":"181","KSJC":6,"XKZRS":36,"SKZC":"000000000001110000000000000000","SKJS":"谈峰","ISTK":0,"ZCMC":"12-14周","YPSJDD":"1-10周 星期一 第6节-第7节 南湖南-博学北楼-205,17周 星期二 第6节-第7节 南湖南-博学北楼-205,16-17周 星期一 第6节-第7节 南湖南-博学北楼-205,12-14周 星期一 第6节-第7节 南湖南-博学北楼-205","XF":2,"SKXQ":1,"XNXQDM":"2024-2025-2","KCM":"大学英语2","JASDM":"0202010205","JXLDM":"020201","JXBID":"20242-12720","SKBJ":"公选-12720","TYXMDM":"11","KCH":"10201121073"},{"KKDWDM":"020","XS":32,"BYBZ":"0","JSJC":2,"XXXQDM":"02","KXH":"93","KSJC":1,"XKZRS":35,"SKZC":"000000000000000110000000000000","SKJS":"朱平","ISTK":0,"ZCMC":"16-17周","YPSJDD":"12-14周 星期一 第1节-第2节 南湖南-博学北楼-205,16-17周 星期一 第1节-第2节 南湖南-博学北楼-205,1-10周 星期一 第1节-第2节 南湖南-博学北楼-205,17周 星期二 第1节-第2节 南湖南-博学北楼-205","XF":2,"SKXQ":1,"XNXQDM":"2024-2025-2","KCM":"大学英语2","JASDM":"0202010205","JXLDM":"020201","JXBID":"20242-12542","SKBJ":"公选-12542","TYXMDM":"11","KCH":"10201121073"},{"KKDWDM":"020","XS":32,"BYBZ":"0","JSJC":7,"XXXQDM":"02","KXH":"181","KSJC":6,"XKZRS":36,"SKZC":"000000000000000110000000000000","SKJS":"谈峰","ISTK":0,"ZCMC":"16-17周","YPSJDD":"1-10周 星期一 第6节-第7节 南湖南-博学北楼-205,17周 星期二 第6节-第7节 南湖南-博学北楼-205,16-17周 星期一 第6节-第7节 南湖南-博学北楼-205,12-14周 星期一 第6节-第7节 南湖南-博学北楼-205","XF":2,"SKXQ":1,"XNXQDM":"2024-2025-2","KCM":"大学英语2","JASDM":"0202010205","JXLDM":"020201","JXBID":"20242-12720","SKBJ":"公选-12720","TYXMDM":"11","KCH":"10201121073"},{"KKDWDM":"020","XS":32,"BYBZ":"0","JSJC":4,"XXXQDM":"02","KXH":"102","KSJC":3,"XKZRS":32,"SKZC":"000000000000000110000000000000","SKJS":"朱平","ISTK":0,"ZCMC":"16-17周","YPSJDD":"12-14周 星期一 第3节-第4节 南湖南-博学北楼-205,1-10周 星期一 第3节-第4节 南湖南-博学北楼-205,17周 星期二 第3节-第4节 南湖南-博学北楼-205,16-17周 星期一 第3节-第4节 南湖南-博学北楼-205","XF":2,"SKXQ":1,"XNXQDM":"2024-2025-2","KCM":"大学英语2","JASDM":"0202010205","JXLDM":"020201","JXBID":"20242-12560","SKBJ":"公选-12560","TYXMDM":"11","KCH":"10201121073"},{"KKDWDM":"020","XS":32,"BYBZ":"0","JSJC":2,"XXXQDM":"02","KXH":"165","KSJC":1,"XKZRS":36,"SKZC":"000000000000000010000000000000","SKJS":"徐丽红","ISTK":0,"ZCMC":"17周","YPSJDD":"11-16周 星期五 第1节-第2节 南湖南-博学北楼-205,17周 星期三 第1节-第2节 南湖南-博学北楼-205,7-9周 星期五 第1节-第2节 南湖南-博学北楼-205,9周 星期日 第1节-第2节 南湖南-博学北楼-205,1-5周 星期五 第1节-第2节 南湖南-博学北楼-205","XF":2,"SKXQ":3,"XNXQDM":"2024-2025-2","KCM":"大学英语2","JASDM":"0202010205","JXLDM":"020201","JXBID":"20242-12686","SKBJ":"公选-12686","TYXMDM":"11","KCH":"10201121073"},{"KKDWDM":"020","XS":32,"BYBZ":"0","JSJC":4,"XXXQDM":"02","KXH":"173","KSJC":3,"XKZRS":35,"SKZC":"000000000000000010000000000000","SKJS":"徐丽红","ISTK":0,"ZCMC":"17周","YPSJDD":"9周 星期日 第3节-第4节 南湖南-博学北楼-205,17周 星期三 第3节-第4节 南湖南-博学北楼-205,7-9周 星期五 第3节-第4节 南湖南-博学北楼-205,11-16周 星期五 第3节-第4节 南湖南-博学北楼-205,1-5周 星期五 第3节-第4节 南湖南-博学北楼-205","XF":2,"SKXQ":3,"XNXQDM":"2024-2025-2","KCM":"大学英语2","JASDM":"0202010205","JXLDM":"020201","JXBID":"20242-12703","SKBJ":"公选-12703","TYXMDM":"11","KCH":"10201121073"},{"KKDWDM":"020","XS":32,"BYBZ":"0","JSJC":4,"XXXQDM":"02","KXH":"102","KSJC":3,"XKZRS":32,"SKZC":"000000000000000010000000000000","SKJS":"朱平","ISTK":0,"ZCMC":"17周","YPSJDD":"12-14周 星期一 第3节-第4节 南湖南-博学北楼-205,1-10周 星期一 第3节-第4节 南湖南-博学北楼-205,17周 星期二 第3节-第4节 南湖南-博学北楼-205,16-17周 星期一 第3节-第4节 南湖南-博学北楼-205","XF":2,"SKXQ":2,"XNXQDM":"2024-2025-2","KCM":"大学英语2","JASDM":"0202010205","JXLDM":"020201","JXBID":"20242-12560","SKBJ":"公选-12560","TYXMDM":"11","KCH":"10201121073"},{"KKDWDM":"020","XS":32,"BYBZ":"0","JSJC":2,"XXXQDM":"02","KXH":"93","KSJC":1,"XKZRS":35,"SKZC":"000000000000000010000000000000","SKJS":"朱平","ISTK":0,"ZCMC":"17周","YPSJDD":"12-14周 星期一 第1节-第2节 南湖南-博学北楼-205,16-17周 星期一 第1节-第2节 南湖南-博学北楼-205,1-10周 星期一 第1节-第2节 南湖南-博学北楼-205,17周 星期二 第1节-第2节 南湖南-博学北楼-205","XF":2,"SKXQ":2,"XNXQDM":"2024-2025-2","KCM":"大学英语2","JASDM":"0202010205","JXLDM":"020201","JXBID":"20242-12542","SKBJ":"公选-12542","TYXMDM":"11","KCH":"10201121073"},{"KKDWDM":"020","XS":32,"BYBZ":"0","JSJC":7,"XXXQDM":"02","KXH":"221","KSJC":6,"XKZRS":35,"SKZC":"000000000000000010000000000000","SKJS":"张静","ISTK":0,"ZCMC":"17周","YPSJDD":"11-16周 星期五 第6节-第7节 南湖南-博学北楼-205,7-9周 星期五 第6节-第7节 南湖南-博学北楼-205,17周 星期三 第6节-第7节 南湖南-博学北楼-205,9周 星期日 第6节-第7节 南湖南-博学北楼-205,1-5周 星期五 第6节-第7节 南湖南-博学北楼-205","XF":2,"SKXQ":3,"XNXQDM":"2024-2025-2","KCM":"大学英语2","JASDM":"0202010205","JXLDM":"020201","JXBID":"20242-13752","SKBJ":"公选-13752","TYXMDM":"11","KCH":"10201121073"},{"KKDWDM":"020","XS":32,"BYBZ":"0","JSJC":7,"XXXQDM":"02","KXH":"181","KSJC":6,"XKZRS":36,"SKZC":"000000000000000010000000000000","SKJS":"谈峰","ISTK":0,"ZCMC":"17周","YPSJDD":"1-10周 星期一 第6节-第7节 南湖南-博学北楼-205,17周 星期二 第6节-第7节 南湖南-博学北楼-205,16-17周 星期一 第6节-第7节 南湖南-博学北楼-205,12-14周 星期一 第6节-第7节 南湖南-博学北楼-205","XF":2,"SKXQ":2,"XNXQDM":"2024-2025-2","KCM":"大学英语2","JASDM":"0202010205","JXLDM":"020201","JXBID":"20242-12720","SKBJ":"公选-12720","TYXMDM":"11","KCH":"10201121073"},{"KKDWDM":null,"XS":null,"BYBZ":"1","JSJC":5,"XXXQDM":null,"KXH":null,"KSJC":3,"XKZRS":null,"SKZC":"011111111111100000000000000000","SKJS":"易鹏","ISTK":0,"ZCMC":"2-13周","YPSJDD":null,"XF":null,"SKXQ":2,"XNXQDM":"2024-2025-2","KCM":"社会体育指导前沿理论与实践","JASDM":"0202010205","JXLDM":null,"JXBID":null,"SKBJ":null,"TYXMDM":null,"KCH":"50270223004"}]}},"code":"0"}