{"datas":{"jaskcb":{"extParams":{"code":1,"msg":"查询成功"},"pageSize":0,"pageNumber":0,"totalSize":-1,"rows":[{"KKDWDM":"007","XS":48,"BYBZ":"0","JSJC":8,"XXXQDM":"02","KXH":"02","KSJC":6,"XKZRS":38,"SKZC":"111111111111111100000000","SKJS":"Chalati Siwapimon,徐琳,方志刚,杨灿,田林雳","ISTK":0,"ZCMC":"1-16周","YPSJDD":"1-16周 星期二 第6节-第8节 南湖南-博学北楼-109","XF":3,"SKXQ":2,"XNXQDM":"2024-2025-2","KCM":"现代汽车工程学1 ▲","JASDM":"0202010109","JXLDM":"020201","JXBID":"20242-12759","SKBJ":"车辆gj2303","TYXMDM":null,"KCH":"10074124162"},{"KKDWDM":"072","XS":48,"BYBZ":"0","JSJC":5,"XXXQDM":"02","KXH":"01","KSJC":3,"XKZRS":31,"SKZC":"1111111111111111","SKJS":"蒋显武","ISTK":0,"ZCMC":"1-16周","YPSJDD":"1-16周 星期三 第3节-第5节 南湖南-博学北楼-109","XF":3,"SKXQ":3,"XNXQDM":"2024-2025-2","KCM":"力学C","JASDM":"0202010109","JXLDM":"020201","JXBID":"20242-06309","SKBJ":"物理jd2401","TYXMDM":null,"KCH":"10154124101"},{"KKDWDM":"017","XS":32,"BYBZ":"0","JSJC":2,"XXXQDM":"02","KXH":"02","KSJC":1,"XKZRS":40,"SKZC":"1111111111111111","SKJS":"宋华,王宏宇","ISTK":0,"ZCMC":"1-16周","YPSJDD":"1-16周 星期三 第1节-第2节 南湖南-博学北楼-109","XF":2,"SKXQ":3,"XNXQDM":"2024-2025-2","KCM":"数据挖掘与商务智能","JASDM":"0202010109","JXLDM":"020201","JXBID":"20242-11035","SKBJ":"信管2301","TYXMDM":null,"KCH":"10174121134"},{"KKDWDM":"020","XS":32,"BYBZ":"0","JSJC":7,"XXXQDM":"02","KXH":"06","KSJC":6,"XKZRS":36,"SKZC":"1111111111111111","SKJS":"James Daniel Hall","ISTK":0,"ZCMC":"1-16周","YPSJDD":"1-16周 星期三 第6节-第7节 南湖南-博学北楼-109","XF":2,"SKXQ":3,"XNXQDM":"2024-2025-2","KCM":"英语写作A2","JASDM":"0202010109","JXLDM":"020201","JXBID":"20242-12777","SKBJ":"车辆gj2301","TYXMDM":null,"KCH":"10065111006"},{"KKDWDM":"011","XS":64,"BYBZ":"0","JSJC":2,"XXXQDM":"02","KXH":"07","KSJC":1,"XKZRS":39,"SKZC":"111111111111110000000000000000","SKJS":"詹恩奇","ISTK":0,"ZCMC":"1-14周","YPSJDD":"1-14周 星期二 第1节-第2节 南湖南-博学北楼-109,1-9周 星期四 第3节-第4节 南湖南-博学北楼-109,11-15周 星期四 第3节-第4节 南湖南-博学北楼-109","XF":4,"SKXQ":2,"XNXQDM":"2024-2025-2","KCM":"信号与系统A","JASDM":"0202010109","JXLDM":"020201","JXBID":"20242-10111","SKBJ":"信息2301","TYXMDM":null,"KCH":"10145111001"},{"KKDWDM":"009","XS":64,"BYBZ":"0","JSJC":5,"XXXQDM":"02","KXH":"01","KSJC":3,"XKZRS":36,"SKZC":"111111111101110100000000","SKJS":"金溪","ISTK":0,"ZCMC":"1-10周,12-14周,16周","YPSJDD":"17周 星期一 第3节-第4节 南湖南-博学北楼-109,17周 星期二 第3节-第4节 南湖南-博学北楼-109,1-10周,12-14周,16周 星期一 第3节-第5节 南湖南-博学北楼-109","XF":4,"SKXQ":1,"XNXQDM":"2024-2025-2","KCM":"水力学A","JASDM":"0202010109","JXLDM":"020201","JXBID":"20242-05671","SKBJ":"给排水2301-02","TYXMDM":null,"KCH":"4130186110"},{"KKDWDM":"017","XS":32,"BYBZ":"0","JSJC":2,"XXXQDM":"02","KXH":"01","KSJC":1,"XKZRS":40,"SKZC":"111111111100000000000000000000","SKJS":"李殊琦","ISTK":0,"ZCMC":"1-10周","YPSJDD":"16-17周 星期一 第1节-第2节 南湖南-博学北楼-109,17周 星期二 第1节-第2节 南湖南-博学北楼-109,1-10周 星期一 第1节-第2节 南湖南-博学北楼-109,12-14周 星期一 第1节-第2节 南湖南-博学北楼-109","XF":2,"SKXQ":1,"XNXQDM":"2024-2025-2","KCM":"投资学B","JASDM":"0202010109","JXLDM":"020201","JXBID":"20242-04804","SKBJ":"财务2302","TYXMDM":null,"KCH":"10204111002"},{"KKDWDM":"998","XS":32,"BYBZ":"0","JSJC":13,"XXXQDM":"02","KXH":"01","KSJC":11,"XKZRS":33,"SKZC":"111111111100000000000000","SKJS":"冯琼","ISTK":0,"ZCMC":"1-10周","YPSJDD":"12周 星期一 第11节-第12节 南湖南-博学北楼-109,1-10周 星期一 第11节-第13节 南湖南-博学北楼-109","XF":2,"SKXQ":1,"XNXQDM":"2024-2025-2","KCM":"日常生活中的德与法(GX)","JASDM":"0202010109","JXLDM":"020201","JXBID":"20242-09179","SKBJ":"公选-09179","TYXMDM":null,"KCH":"19982121018"},{"KKDWDM":"072","XS":64,"BYBZ":"0","JSJC":2,"XXXQDM":"02","KXH":"04","KSJC":1,"XKZRS":31,"SKZC":"111111111011111100000000","SKJS":"邹建华","ISTK":0,"ZCMC":"1-9周,11-16周","YPSJDD":"1-9周,11-16周 星期四 第1节-第2节 南湖南-博学北楼-109,1-10周,12-14周,16-17周 星期一 第3节-第4节 南湖南-博学北楼-407","XF":4,"SKXQ":4,"XNXQDM":"2024-2025-2","KCM":"材料力学C","JASDM":"0202010109","JXLDM":"020201","JXBID":"20242-04527","SKBJ":"车辆gcgj2301","TYXMDM":null,"KCH":"10154111009"},{"KKDWDM":"011","XS":64,"BYBZ":"0","JSJC":4,"XXXQDM":"02","KXH":"07","KSJC":3,"XKZRS":39,"SKZC":"111111111000000000000000000000","SKJS":"詹恩奇","ISTK":0,"ZCMC":"1-9周","YPSJDD":"1-14周 星期二 第1节-第2节 南湖南-博学北楼-109,1-9周 星期四 第3节-第4节 南湖南-博学北楼-109,11-15周 星期四 第3节-第4节 南湖南-博学北楼-109","XF":4,"SKXQ":4,"XNXQDM":"2024-2025-2","KCM":"信号与系统A","JASDM":"0202010109","JXLDM":"020201","JXBID":"20242-10111","SKBJ":"信息2301","TYXMDM":null,"KCH":"10145111001"},{"KKDWDM":"025","XS":40,"BYBZ":"0","JSJC":8,"XXXQDM":"02","KXH":"01","KSJC":6,"XKZRS":23,"SKZC":"11111111","SKJS":"王如意","ISTK":0,"ZCMC":"1-8周","YPSJDD":"1-8周 星期一 第6节-第8节 南湖南-博学北楼-109","XF":2,"SKXQ":1,"XNXQDM":"2024-2025-2","KCM":"产品开发与管理","JASDM":"0202010109","JXLDM":"020201","JXBID":"20242-04365","SKBJ":"创管2301","TYXMDM":null,"KCH":"10254121024"},{"KKDWDM":"010","XS":48,"BYBZ":"0","JSJC":5,"XXXQDM":"02","KXH":"02","KSJC":3,"XKZRS":29,"SKZC":"11111111","SKJS":"俞艳","ISTK":0,"ZCMC":"1-8周","YPSJDD":"1-8周 星期二 第3节-第5节 南湖南-博学北楼-109","XF":3,"SKXQ":2,"XNXQDM":"2024-2025-2","KCM":"计量地理学","JASDM":"0202010109","JXLDM":"020201","JXBID":"20242-06908","SKBJ":"地信2301","TYXMDM":null,"KCH":"10104114010"},{"KKDWDM":"007","XS":40,"BYBZ":"0","JSJC":8,"XXXQDM":"02","KXH":"04","KSJC":6,"XKZRS":32,"SKZC":"111110000000000000000000000000","SKJS":"杨兰,马慧娟","ISTK":0,"ZCMC":"1-5周","YPSJDD":"7-9周 星期五 第6节-第8节 南湖南-博学北楼-109,9周 星期日 第6节-第8节 南湖南-博学北楼-109,1-5周 星期五 第6节-第8节 南湖南-博学北楼-109,11-13周 星期五 第6节-第8节 南湖南-博学北楼-109","XF":2,"SKXQ":5,"XNXQDM":"2024-2025-2","KCM":"汽车构造","JASDM":"0202010109","JXLDM":"020201","JXBID":"20242-10166","SKBJ":"能源2302","TYXMDM":null,"KCH":"10075121082"},{"KKDWDM":"003","XS":48,"BYBZ":"0","JSJC":5,"XXXQDM":"02","KXH":"02","KSJC":3,"XKZRS":39,"SKZC":"111110000000000000000000000000","SKJS":"沈春晖,陈艳军","ISTK":0,"ZCMC":"1-5周","YPSJDD":"1-5周 星期五 第3节-第5节 南湖南-博学北楼-109,7-9周 星期五 第3节-第5节 南湖南-博学北楼-109,11-16周 星期五 第3节-第5节 南湖南-博学北楼-109,9周 星期日 第3节-第5节 南湖南-博学北楼-109,17周 星期三 第3节-第5节 南湖南-博学北楼-109","XF":3,"SKXQ":5,"XNXQDM":"2024-2025-2","KCM":"高分子化学B","JASDM":"0202010109","JXLDM":"020201","JXBID":"20242-10960","SKBJ":"复材2301","TYXMDM":null,"KCH":"10107311009"},{"KKDWDM":"007","XS":40,"BYBZ":"0","JSJC":8,"XXXQDM":"02","KXH":"04","KSJC":6,"XKZRS":32,"SKZC":"000000111000000000000000000000","SKJS":"杨兰,马慧娟","ISTK":0,"ZCMC":"7-9周","YPSJDD":"7-9周 星期五 第6节-第8节 南湖南-博学北楼-109,9周 星期日 第6节-第8节 南湖南-博学北楼-109,1-5周 星期五 第6节-第8节 南湖南-博学北楼-109,11-13周 星期五 第6节-第8节 南湖南-博学北楼-109","XF":2,"SKXQ":5,"XNXQDM":"2024-2025-2","KCM":"汽车构造","JASDM":"0202010109","JXLDM":"020201","JXBID":"20242-10166","SKBJ":"能源2302","TYXMDM":null,"KCH":"10075121082"},{"KKDWDM":"003","XS":48,"BYBZ":"0","JSJC":5,"XXXQDM":"02","KXH":"02","KSJC":3,"XKZRS":39,"SKZC":"000000111000000000000000000000","SKJS":"沈春晖,陈艳军","ISTK":0,"ZCMC":"7-9周","YPSJDD":"1-5周 星期五 第3节-第5节 南湖南-博学北楼-109,7-9周 星期五 第3节-第5节 南湖南-博学北楼-109,11-16周 星期五 第3节-第5节 南湖南-博学北楼-109,9周 星期日 第3节-第5节 南湖南-博学北楼-109,17周 星期三 第3节-第5节 南湖南-博学北楼-109","XF":3,"SKXQ":5,"XNXQDM":"2024-2025-2","KCM":"高分子化学B","JASDM":"0202010109","JXLDM":"020201","JXBID":"20242-10960","SKBJ":"复材2301","TYXMDM":null,"KCH":"10107311009"},{"KKDWDM":"038","XS":24,"BYBZ":"0","JSJC":13,"XXXQDM":"02","KXH":"01","KSJC":11,"XKZRS":38,"SKZC":"000000001111111100000000","SKJS":"周树芝,罗金晶","ISTK":0,"ZCMC":"9-16周","YPSJDD":"9-16周 星期二 第11节-第13节 南湖南-博学北楼-109","XF":1,"SKXQ":2,"XNXQDM":"2024-2025-2","KCM":"大学生心理成长团体辅导(GX)","JASDM":"0202010109","JXLDM":"020201","JXBID":"20242-08997","SKBJ":"公选-08997","TYXMDM":null,"KCH":"10382124037"},{"KKDWDM":"007","XS":40,"BYBZ":"0","JSJC":8,"XXXQDM":"02","KXH":"04","KSJC":6,"XKZRS":32,"SKZC":"000000001000000000000000000000","SKJS":"杨兰,马慧娟","ISTK":0,"ZCMC":"9周","YPSJDD":"7-9周 星期五 第6节-第8节 南湖南-博学北楼-109,9周 星期日 第6节-第8节 南湖南-博学北楼-109,1-5周 星期五 第6节-第8节 南湖南-博学北楼-109,11-13周 星期五 第6节-第8节 南湖南-博学北楼-109","XF":2,"SKXQ":7,"XNXQDM":"2024-2025-2","KCM":"汽车构造","JASDM":"0202010109","JXLDM":"020201","JXBID":"20242-10166","SKBJ":"能源2302","TYXMDM":null,"KCH":"10075121082"},{"KKDWDM":"003","XS":48,"BYBZ":"0","JSJC":5,"XXXQDM":"02","KXH":"02","KSJC":3,"XKZRS":39,"SKZC":"000000001000000000000000000000","SKJS":"沈春晖,陈艳军","ISTK":0,"ZCMC":"9周","YPSJDD":"1-5周 星期五 第3节-第5节 南湖南-博学北楼-109,7-9周 星期五 第3节-第5节 南湖南-博学北楼-109,11-16周 星期五 第3节-第5节 南湖南-博学北楼-109,9周 星期日 第3节-第5节 南湖南-博学北楼-109,17周 星期三 第3节-第5节 南湖南-博学北楼-109","XF":3,"SKXQ":7,"XNXQDM":"2024-2025-2","KCM":"高分子化学B","JASDM":"0202010109","JXLDM":"020201","JXBID":"20242-10960","SKBJ":"复材2301","TYXMDM":null,"KCH":"10107311009"},{"KKDWDM":"003","XS":48,"BYBZ":"0","JSJC":5,"XXXQDM":"02","KXH":"02","KSJC":3,"XKZRS":39,"SKZC":"000000000011111100000000000000","SKJS":"沈春晖,陈艳军","ISTK":0,"ZCMC":"11-16周","YPSJDD":"1-5周 星期五 第3节-第5节 南湖南-博学北楼-109,7-9周 星期五 第3节-第5节 南湖南-博学北楼-109,11-16周 星期五 第3节-第5节 南湖南-博学北楼-109,9周 星期日 第3节-第5节 南湖南-博学北楼-109,17周 星期三 第3节-第5节 南湖南-博学北楼-109","XF":3,"SKXQ":5,"XNXQDM":"2024-2025-2","KCM":"高分子化学B","JASDM":"0202010109","JXLDM":"020201","JXBID":"20242-10960","SKBJ":"复材2301","TYXMDM":null,"KCH":"10107311009"},{"KKDWDM":"011","XS":64,"BYBZ":"0","JSJC":4,"XXXQDM":"02","KXH":"07","KSJC":3,"XKZRS":39,"SKZC":"000000000011111000000000000000","SKJS":"詹恩奇","ISTK":0,"ZCMC":"11-15周","YPSJDD":"1-14周 星期二 第1节-第2节 南湖南-博学北楼-109,1-9周 星期四 第3节-第4节 南湖南-博学北楼-109,11-15周 星期四 第3节-第4节 南湖南-博学北楼-109","XF":4,"SKXQ":4,"XNXQDM":"2024-2025-2","KCM":"信号与系统A","JASDM":"0202010109","JXLDM":"020201","JXBID":"20242-10111","SKBJ":"信息2301","TYXMDM":null,"KCH":"10145111001"},{"KKDWDM":"007","XS":40,"BYBZ":"0","JSJC":8,"XXXQDM":"02","KXH":"04","KSJC":6,"XKZRS":32,"SKZC":"000000000011100000000000000000","SKJS":"杨兰,马慧娟","ISTK":0,"ZCMC":"11-13周","YPSJDD":"7-9周 星期五 第6节-第8节 南湖南-博学北楼-109,9周 星期日 第6节-第8节 南湖南-博学北楼-109,1-5周 星期五 第6节-第8节 南湖南-博学北楼-109,11-13周 星期五 第6节-第8节 南湖南-博学北楼-109","XF":2,"SKXQ":5,"XNXQDM":"2024-2025-2","KCM":"汽车构造","JASDM":"0202010109","JXLDM":"020201","JXBID":"20242-10166","SKBJ":"能源2302","TYXMDM":null,"KCH":"10075121082"},{"KKDWDM":"017","XS":32,"BYBZ":"0","JSJC":2,"XXXQDM":"02","KXH":"01","KSJC":1,"XKZRS":40,"SKZC":"000000000001110000000000000000","SKJS":"李殊琦","ISTK":0,"ZCMC":"12-14周","YPSJDD":"16-17周 星期一 第1节-第2节 南湖南-博学北楼-109,17周 星期二 第1节-第2节 南湖南-博学北楼-109,1-10周 星期一 第1节-第2节 南湖南-博学北楼-109,12-14周 星期一 第1节-第2节 南湖南-博学北楼-109","XF":2,"SKXQ":1,"XNXQDM":"2024-2025-2","KCM":"投资学B","JASDM":"0202010109","JXLDM":"020201","JXBID":"20242-04804","SKBJ":"财务2302","TYXMDM":null,"KCH":"10204111002"},{"KKDWDM":"998","XS":32,"BYBZ":"0","JSJC":12,"XXXQDM":"02","KXH":"01","KSJC":11,"XKZRS":33,"SKZC":"000000000001000000000000","SKJS":"冯琼","ISTK":0,"ZCMC":"12周","YPSJDD":"12周 星期一 第11节-第12节 南湖南-博学北楼-109,1-10周 星期一 第11节-第13节 南湖南-博学北楼-109","XF":2,"SKXQ":1,"XNXQDM":"2024-2025-2","KCM":"日常生活中的德与法(GX)","JASDM":"0202010109","JXLDM":"020201","JXBID":"20242-09179","SKBJ":"公选-09179","TYXMDM":null,"KCH":"19982121018"},{"KKDWDM":"017","XS":32,"BYBZ":"0","JSJC":2,"XXXQDM":"02","KXH":"01","KSJC":1,"XKZRS":40,"SKZC":"000000000000000110000000000000","SKJS":"李殊琦","ISTK":0,"ZCMC":"16-17周","YPSJDD":"16-17周 星期一 第1节-第2节 南湖南-博学北楼-109,17周 星期二 第1节-第2节 南湖南-博学北楼-109,1-10周 星期一 第1节-第2节 南湖南-博学北楼-109,12-14周 星期一 第1节-第2节 南湖南-博学北楼-109","XF":2,"SKXQ":1,"XNXQDM":"2024-2025-2","KCM":"投资学B","JASDM":"0202010109","JXLDM":"020201","JXBID":"20242-04804","SKBJ":"财务2302","TYXMDM":null,"KCH":"10204111002"},{"KKDWDM":"003","XS":48,"BYBZ":"0","JSJC":5,"XXXQDM":"02","KXH":"02","KSJC":3,"XKZRS":39,"SKZC":"000000000000000010000000000000","SKJS":"沈春晖,陈艳军","ISTK":0,"ZCMC":"17周","YPSJDD":"1-5周 星期五 第3节-第5节 南湖南-博学北楼-109,7-9周 星期五 第3节-第5节 南湖南-博学北楼-109,11-16周 星期五 第3节-第5节 南湖南-博学北楼-109,9周 星期日 第3节-第5节 南湖南-博学北楼-109,17周 星期三 第3节-第5节 南湖南-博学北楼-109","XF":3,"SKXQ":3,"XNXQDM":"2024-2025-2","KCM":"高分子化学B","JASDM":"0202010109","JXLDM":"020201","JXBID":"20242-10960","SKBJ":"复材2301","TYXMDM":null,"KCH":"10107311009"},{"KKDWDM":"017","XS":32,"BYBZ":"0","JSJC":2,"XXXQDM":"02","KXH":"01","KSJC":1,"XKZRS":40,"SKZC":"000000000000000010000000000000","SKJS":"李殊琦","ISTK":0,"ZCMC":"17周","YPSJDD":"16-17周 星期一 第1节-第2节 南湖南-博学北楼-109,17周 星期二 第1节-第2节 南湖南-博学北楼-109,1-10周 星期一 第1节-第2节 南湖南-博学北楼-109,12-14周 星期一 第1节-第2节 南湖南-博学北楼-109","XF":2,"SKXQ":2,"XNXQDM":"2024-2025-2","KCM":"投资学B","JASDM":"0202010109","JXLDM":"020201","JXBID":"20242-04804","SKBJ":"财务2302","TYXMDM":null,"KCH":"10204111002"},{"KKDWDM":"009","XS":64,"BYBZ":"0","JSJC":4,"XXXQDM":"02","KXH":"01","KSJC":3,"XKZRS":36,"SKZC":"000000000000000010000000","SKJS":"金溪","ISTK":0,"ZCMC":"17周","YPSJDD":"17周 星期一 第3节-第4节 南湖南-博学北楼-109,17周 星期二 第3节-第4节 南湖南-博学北楼-109,1-10周,12-14周,16周 星期一 第3节-第5节 南湖南-博学北楼-109","XF":4,"SKXQ":2,"XNXQDM":"2024-2025-2","KCM":"水力学A","JASDM":"0202010109","JXLDM":"020201","JXBID":"20242-05671","SKBJ":"给排水2301-02","TYXMDM":null,"KCH":"4130186110"},{"KKDWDM":"009","XS":64,"BYBZ":"0","JSJC":4,"XXXQDM":"02","KXH":"01","KSJC":3,"XKZRS":36,"SKZC":"000000000000000010000000","SKJS":"金溪","ISTK":0,"ZCMC":"17周","YPSJDD":"17周 星期一 第3节-第4节 南湖南-博学北楼-109,17周 星期二 第3节-第4节 南湖南-博学北楼-109,1-10周,12-14周,16周 星期一 第3节-第5节 南湖南-博学北楼-109","XF":4,"SKXQ":1,"XNXQDM":"2024-2025-2","KCM":"水力学A","JASDM":"0202010109","JXLDM":"020201","JXBID":"20242-05671","SKBJ":"给排水2301-02","TYXMDM":null,"KCH":"4130186110"}]}},"code":"0"}