{"datas":{"jaskcb":{"extParams":{"code":1,"msg":"查询成功"},"pageSize":0,"pageNumber":0,"totalSize":-1,"rows":[{"KKDWDM":"020","XS":32,"BYBZ":"0","JSJC":2,"XXXQDM":"02","KXH":"29","KSJC":1,"XKZRS":34,"SKZC":"1111111111111111","SKJS":"陈锋","ISTK":0,"ZCMC":"1-16周","YPSJDD":"1-16周 星期二 第1节-第2节 南湖南-博学北楼-312","XF":2,"SKXQ":2,"XNXQDM":"2024-2025-2","KCM":"商务英语","JASDM":"0202010312","JXLDM":"020201","JXBID":"20242-13783","SKBJ":"公选-13783","TYXMDM":"11","KCH":"10201117099"},{"KKDWDM":"072","XS":64,"BYBZ":"0","JSJC":7,"XXXQDM":"02","KXH":"16","KSJC":6,"XKZRS":39,"SKZC":"111111111111111000000000000000","SKJS":"张梅","ISTK":0,"ZCMC":"1-15周","YPSJDD":"9周 星期日 第3节-第4节 南湖南-博学北楼-312,11-16周 星期五 第3节-第4节 南湖南-博学北楼-312,7-9周 星期五 第3节-第4节 南湖南-博学北楼-312,1-15周 星期三 第6节-第7节 南湖南-博学北楼-312,1-5周 星期五 第3节-第4节 南湖南-博学北楼-312","XF":4,"SKXQ":3,"XNXQDM":"2024-2025-2","KCM":"材料力学C","JASDM":"0202010312","JXLDM":"020201","JXBID":"20242-10825","SKBJ":"车辆gj2302","TYXMDM":null,"KCH":"10154111009"},{"KKDWDM":"009","XS":40,"BYBZ":"0","JSJC":5,"XXXQDM":"02","KXH":"02","KSJC":3,"XKZRS":37,"SKZC":"11111111","SKJS":"田水,蒲武川","ISTK":0,"ZCMC":"1-8周","YPSJDD":"1-8周 星期四 第3节-第4节 南湖南-博学北楼-312,1-8周 星期二 第3节-第5节 南湖南-博学北楼-312","XF":2,"SKXQ":2,"XNXQDM":"2024-2025-2","KCM":"混凝土结构与砌体结构设计","JASDM":"0202010312","JXLDM":"020201","JXBID":"20242-10003","SKBJ":"土木zy2201","TYXMDM":null,"KCH":"10095117034"},{"KKDWDM":"009","XS":40,"BYBZ":"0","JSJC":4,"XXXQDM":"02","KXH":"02","KSJC":3,"XKZRS":37,"SKZC":"11111111","SKJS":"田水,蒲武川","ISTK":0,"ZCMC":"1-8周","YPSJDD":"1-8周 星期四 第3节-第4节 南湖南-博学北楼-312,1-8周 星期二 第3节-第5节 南湖南-博学北楼-312","XF":2,"SKXQ":4,"XNXQDM":"2024-2025-2","KCM":"混凝土结构与砌体结构设计","JASDM":"0202010312","JXLDM":"020201","JXBID":"20242-10003","SKBJ":"土木zy2201","TYXMDM":null,"KCH":"10095117034"},{"KKDWDM":"020","XS":32,"BYBZ":"0","JSJC":2,"XXXQDM":"02","KXH":"225","KSJC":1,"XKZRS":30,"SKZC":"111110000000000000000000000000","SKJS":"赵霞","ISTK":0,"ZCMC":"1-5周","YPSJDD":"7-9周 星期五 第1节-第2节 南湖南-博学北楼-312,11-16周 星期五 第1节-第2节 南湖南-博学北楼-312,17周 星期三 第1节-第2节 南湖南-博学北楼-312,9周 星期日 第1节-第2节 南湖南-博学北楼-312,1-5周 星期五 第1节-第2节 南湖南-博学北楼-312","XF":2,"SKXQ":5,"XNXQDM":"2024-2025-2","KCM":"大学英语2","JASDM":"0202010312","JXLDM":"020201","JXBID":"20242-13790","SKBJ":"公选-13790","TYXMDM":"11","KCH":"10201121073"},{"KKDWDM":"072","XS":64,"BYBZ":"0","JSJC":4,"XXXQDM":"02","KXH":"16","KSJC":3,"XKZRS":39,"SKZC":"111110000000000000000000000000","SKJS":"张梅","ISTK":0,"ZCMC":"1-5周","YPSJDD":"9周 星期日 第3节-第4节 南湖南-博学北楼-312,11-16周 星期五 第3节-第4节 南湖南-博学北楼-312,7-9周 星期五 第3节-第4节 南湖南-博学北楼-312,1-15周 星期三 第6节-第7节 南湖南-博学北楼-312,1-5周 星期五 第3节-第4节 南湖南-博学北楼-312","XF":4,"SKXQ":5,"XNXQDM":"2024-2025-2","KCM":"材料力学C","JASDM":"0202010312","JXLDM":"020201","JXBID":"20242-10825","SKBJ":"车辆gj2302","TYXMDM":null,"KCH":"10154111009"},{"KKDWDM":"022","XS":40,"BYBZ":"0","JSJC":5,"XXXQDM":"02","KXH":"01","KSJC":3,"XKZRS":27,"SKZC":"000111111101110110000000","SKJS":"徐熙君","ISTK":0,"ZCMC":"4-10周,12-14周,16-17周","YPSJDD":"17周 星期二 第3节-第4节 南湖南-博学北楼-312,4-10周,12-14周,16-17周 星期一 第3节-第5节 南湖南-博学北楼-312,16周 星期三 第9节-第10节 南湖南-博学北楼-312","XF":2,"SKXQ":1,"XNXQDM":"2024-2025-2","KCM":"英语口语与交际训练C","JASDM":"0202010312","JXLDM":"020201","JXBID":"20242-03198","SKBJ":"汉语2201","TYXMDM":null,"KCH":"10224121129"},{"KKDWDM":"072","XS":64,"BYBZ":"0","JSJC":4,"XXXQDM":"02","KXH":"16","KSJC":3,"XKZRS":39,"SKZC":"000000111000000000000000000000","SKJS":"张梅","ISTK":0,"ZCMC":"7-9周","YPSJDD":"9周 星期日 第3节-第4节 南湖南-博学北楼-312,11-16周 星期五 第3节-第4节 南湖南-博学北楼-312,7-9周 星期五 第3节-第4节 南湖南-博学北楼-312,1-15周 星期三 第6节-第7节 南湖南-博学北楼-312,1-5周 星期五 第3节-第4节 南湖南-博学北楼-312","XF":4,"SKXQ":5,"XNXQDM":"2024-2025-2","KCM":"材料力学C","JASDM":"0202010312","JXLDM":"020201","JXBID":"20242-10825","SKBJ":"车辆gj2302","TYXMDM":null,"KCH":"10154111009"},{"KKDWDM":"020","XS":32,"BYBZ":"0","JSJC":2,"XXXQDM":"02","KXH":"225","KSJC":1,"XKZRS":30,"SKZC":"000000111000000000000000000000","SKJS":"赵霞","ISTK":0,"ZCMC":"7-9周","YPSJDD":"7-9周 星期五 第1节-第2节 南湖南-博学北楼-312,11-16周 星期五 第1节-第2节 南湖南-博学北楼-312,17周 星期三 第1节-第2节 南湖南-博学北楼-312,9周 星期日 第1节-第2节 南湖南-博学北楼-312,1-5周 星期五 第1节-第2节 南湖南-博学北楼-312","XF":2,"SKXQ":5,"XNXQDM":"2024-2025-2","KCM":"大学英语2","JASDM":"0202010312","JXLDM":"020201","JXBID":"20242-13790","SKBJ":"公选-13790","TYXMDM":"11","KCH":"10201121073"},{"KKDWDM":"009","XS":24,"BYBZ":"0","JSJC":5,"XXXQDM":"02","KXH":"01","KSJC":3,"XKZRS":33,"SKZC":"0000000011111111","SKJS":"刘婷婷","ISTK":0,"ZCMC":"9-16周","YPSJDD":"9-16周 星期二 第3节-第5节 南湖南-博学北楼-312","XF":1,"SKXQ":2,"XNXQDM":"2024-2025-2","KCM":"岩土工程勘察A1","JASDM":"0202010312","JXLDM":"020201","JXBID":"20242-02817","SKBJ":"岩土jd2201","TYXMDM":null,"KCH":"10095121001"},{"KKDWDM":"072","XS":64,"BYBZ":"0","JSJC":4,"XXXQDM":"02","KXH":"16","KSJC":3,"XKZRS":39,"SKZC":"000000001000000000000000000000","SKJS":"张梅","ISTK":0,"ZCMC":"9周","YPSJDD":"9周 星期日 第3节-第4节 南湖南-博学北楼-312,11-16周 星期五 第3节-第4节 南湖南-博学北楼-312,7-9周 星期五 第3节-第4节 南湖南-博学北楼-312,1-15周 星期三 第6节-第7节 南湖南-博学北楼-312,1-5周 星期五 第3节-第4节 南湖南-博学北楼-312","XF":4,"SKXQ":7,"XNXQDM":"2024-2025-2","KCM":"材料力学C","JASDM":"0202010312","JXLDM":"020201","JXBID":"20242-10825","SKBJ":"车辆gj2302","TYXMDM":null,"KCH":"10154111009"},{"KKDWDM":"020","XS":32,"BYBZ":"0","JSJC":2,"XXXQDM":"02","KXH":"225","KSJC":1,"XKZRS":30,"SKZC":"000000001000000000000000000000","SKJS":"赵霞","ISTK":0,"ZCMC":"9周","YPSJDD":"7-9周 星期五 第1节-第2节 南湖南-博学北楼-312,11-16周 星期五 第1节-第2节 南湖南-博学北楼-312,17周 星期三 第1节-第2节 南湖南-博学北楼-312,9周 星期日 第1节-第2节 南湖南-博学北楼-312,1-5周 星期五 第1节-第2节 南湖南-博学北楼-312","XF":2,"SKXQ":7,"XNXQDM":"2024-2025-2","KCM":"大学英语2","JASDM":"0202010312","JXLDM":"020201","JXBID":"20242-13790","SKBJ":"公选-13790","TYXMDM":"11","KCH":"10201121073"},{"KKDWDM":"020","XS":32,"BYBZ":"0","JSJC":2,"XXXQDM":"02","KXH":"225","KSJC":1,"XKZRS":30,"SKZC":"000000000011111100000000000000","SKJS":"赵霞","ISTK":0,"ZCMC":"11-16周","YPSJDD":"7-9周 星期五 第1节-第2节 南湖南-博学北楼-312,11-16周 星期五 第1节-第2节 南湖南-博学北楼-312,17周 星期三 第1节-第2节 南湖南-博学北楼-312,9周 星期日 第1节-第2节 南湖南-博学北楼-312,1-5周 星期五 第1节-第2节 南湖南-博学北楼-312","XF":2,"SKXQ":5,"XNXQDM":"2024-2025-2","KCM":"大学英语2","JASDM":"0202010312","JXLDM":"020201","JXBID":"20242-13790","SKBJ":"公选-13790","TYXMDM":"11","KCH":"10201121073"},{"KKDWDM":"072","XS":64,"BYBZ":"0","JSJC":4,"XXXQDM":"02","KXH":"16","KSJC":3,"XKZRS":39,"SKZC":"000000000011111100000000000000","SKJS":"张梅","ISTK":0,"ZCMC":"11-16周","YPSJDD":"9周 星期日 第3节-第4节 南湖南-博学北楼-312,11-16周 星期五 第3节-第4节 南湖南-博学北楼-312,7-9周 星期五 第3节-第4节 南湖南-博学北楼-312,1-15周 星期三 第6节-第7节 南湖南-博学北楼-312,1-5周 星期五 第3节-第4节 南湖南-博学北楼-312","XF":4,"SKXQ":5,"XNXQDM":"2024-2025-2","KCM":"材料力学C","JASDM":"0202010312","JXLDM":"020201","JXBID":"20242-10825","SKBJ":"车辆gj2302","TYXMDM":null,"KCH":"10154111009"},{"KKDWDM":"022","XS":40,"BYBZ":"0","JSJC":10,"XXXQDM":"02","KXH":"01","KSJC":9,"XKZRS":27,"SKZC":"000000000000000100000000","SKJS":"徐熙君","ISTK":0,"ZCMC":"16周","YPSJDD":"17周 星期二 第3节-第4节 南湖南-博学北楼-312,4-10周,12-14周,16-17周 星期一 第3节-第5节 南湖南-博学北楼-312,16周 星期三 第9节-第10节 南湖南-博学北楼-312","XF":2,"SKXQ":3,"XNXQDM":"2024-2025-2","KCM":"英语口语与交际训练C","JASDM":"0202010312","JXLDM":"020201","JXBID":"20242-03198","SKBJ":"汉语2201","TYXMDM":null,"KCH":"10224121129"},{"KKDWDM":"020","XS":32,"BYBZ":"0","JSJC":2,"XXXQDM":"02","KXH":"225","KSJC":1,"XKZRS":30,"SKZC":"000000000000000010000000000000","SKJS":"赵霞","ISTK":0,"ZCMC":"17周","YPSJDD":"7-9周 星期五 第1节-第2节 南湖南-博学北楼-312,11-16周 星期五 第1节-第2节 南湖南-博学北楼-312,17周 星期三 第1节-第2节 南湖南-博学北楼-312,9周 星期日 第1节-第2节 南湖南-博学北楼-312,1-5周 星期五 第1节-第2节 南湖南-博学北楼-312","XF":2,"SKXQ":3,"XNXQDM":"2024-2025-2","KCM":"大学英语2","JASDM":"0202010312","JXLDM":"020201","JXBID":"20242-13790","SKBJ":"公选-13790","TYXMDM":"11","KCH":"10201121073"},{"KKDWDM":"022","XS":40,"BYBZ":"0","JSJC":4,"XXXQDM":"02","KXH":"01","KSJC":3,"XKZRS":27,"SKZC":"000000000000000010000000","SKJS":"徐熙君","ISTK":0,"ZCMC":"17周","YPSJDD":"17周 星期二 第3节-第4节 南湖南-博学北楼-312,4-10周,12-14周,16-17周 星期一 第3节-第5节 南湖南-博学北楼-312,16周 星期三 第9节-第10节 南湖南-博学北楼-312","XF":2,"SKXQ":2,"XNXQDM":"2024-2025-2","KCM":"英语口语与交际训练C","JASDM":"0202010312","JXLDM":"020201","JXBID":"20242-03198","SKBJ":"汉语2201","TYXMDM":null,"KCH":"10224121129"}]}},"code":"0"}