{"datas":{"jaskcb":{"extParams":{"code":1,"msg":"查询成功"},"pageSize":0,"pageNumber":0,"totalSize":-1,"rows":[{"KKDWDM":"020","XS":48,"BYBZ":"0","JSJC":8,"XXXQDM":"02","KXH":"09","KSJC":6,"XKZRS":38,"SKZC":"1111111111111111","SKJS":"林莺","ISTK":0,"ZCMC":"1-16周","YPSJDD":"1-16周 星期三 第6节-第8节 南湖南-博学北楼-611","XF":3,"SKXQ":3,"XNXQDM":"2024-2025-2","KCM":"高级英语2","JASDM":"0202010611","JXLDM":"020201","JXBID":"20242-11609","SKBJ":"车辆gj2403","TYXMDM":null,"KCH":"10201121070"},{"KKDWDM":"072","XS":56,"BYBZ":"0","JSJC":2,"XXXQDM":"02","KXH":"01","KSJC":1,"XKZRS":31,"SKZC":"111111111111110000000000000000","SKJS":"梅海","ISTK":0,"ZCMC":"1-14周","YPSJDD":"1-9周 星期四 第3节-第4节 南湖南-博学北楼-611,1-14周 星期二 第1节-第2节 南湖南-博学北楼-611,11-15周 星期四 第3节-第4节 南湖南-博学北楼-611","XF":3,"SKXQ":2,"XNXQDM":"2024-2025-2","KCM":"计算力学","JASDM":"0202010611","JXLDM":"020201","JXBID":"20242-03063","SKBJ":"工力2202","TYXMDM":null,"KCH":"10154117055"},{"KKDWDM":"017","XS":40,"BYBZ":"0","JSJC":5,"XXXQDM":"02","KXH":"01","KSJC":3,"XKZRS":4,"SKZC":"111111111111000000000000","SKJS":"冯军,邱欣","ISTK":0,"ZCMC":"1-12周","YPSJDD":"13-14周 星期二 第3节-第4节 南湖南-博学北楼-611,1-12周 星期二 第3节-第5节 南湖南-博学北楼-611","XF":2,"SKXQ":2,"XNXQDM":"2024-2025-2","KCM":"消费者行为学","JASDM":"0202010611","JXLDM":"020201","JXBID":"20242-03703","SKBJ":"工管留2201","TYXMDM":null,"KCH":"30174119011"},{"KKDWDM":"072","XS":56,"BYBZ":"0","JSJC":4,"XXXQDM":"02","KXH":"01","KSJC":3,"XKZRS":31,"SKZC":"111111111000000000000000000000","SKJS":"梅海","ISTK":0,"ZCMC":"1-9周","YPSJDD":"1-9周 星期四 第3节-第4节 南湖南-博学北楼-611,1-14周 星期二 第1节-第2节 南湖南-博学北楼-611,11-15周 星期四 第3节-第4节 南湖南-博学北楼-611","XF":3,"SKXQ":4,"XNXQDM":"2024-2025-2","KCM":"计算力学","JASDM":"0202010611","JXLDM":"020201","JXBID":"20242-03063","SKBJ":"工力2202","TYXMDM":null,"KCH":"10154117055"},{"KKDWDM":"017","XS":48,"BYBZ":"0","JSJC":5,"XXXQDM":"02","KXH":"01","KSJC":3,"XKZRS":4,"SKZC":"11111111","SKJS":"于蓉","ISTK":0,"ZCMC":"1-8周","YPSJDD":"1-8周 星期三 第3节-第5节 南湖南-博学北楼-611,1-8周 星期一 第6节-第8节 南湖南-博学北楼-611","XF":3,"SKXQ":3,"XNXQDM":"2024-2025-2","KCM":"情商与管理沟通","JASDM":"0202010611","JXLDM":"020201","JXBID":"20242-03144","SKBJ":"工管留2201","TYXMDM":null,"KCH":"30174119024"},{"KKDWDM":"017","XS":48,"BYBZ":"0","JSJC":8,"XXXQDM":"02","KXH":"01","KSJC":6,"XKZRS":4,"SKZC":"11111111","SKJS":"于蓉","ISTK":0,"ZCMC":"1-8周","YPSJDD":"1-8周 星期三 第3节-第5节 南湖南-博学北楼-611,1-8周 星期一 第6节-第8节 南湖南-博学北楼-611","XF":3,"SKXQ":1,"XNXQDM":"2024-2025-2","KCM":"情商与管理沟通","JASDM":"0202010611","JXLDM":"020201","JXBID":"20242-03144","SKBJ":"工管留2201","TYXMDM":null,"KCH":"30174119024"},{"KKDWDM":"017","XS":32,"BYBZ":"0","JSJC":4,"XXXQDM":"02","KXH":"01","KSJC":3,"XKZRS":23,"SKZC":"000000001111111100000000000000","SKJS":"陈丽玲","ISTK":0,"ZCMC":"9-16周","YPSJDD":"11-16周 星期五 第1节-第2节 南湖南-博学北楼-611,9-16周 星期三 第3节-第4节 南湖南-博学北楼-611,17周 星期三 第1节-第2节 南湖南-博学北楼-611,9周 星期五 第1节-第2节 南湖南-博学北楼-611","XF":2,"SKXQ":3,"XNXQDM":"2024-2025-2","KCM":"战略管理与公司治理","JASDM":"0202010611","JXLDM":"020201","JXBID":"20242-03177","SKBJ":"会计ACCA2201","TYXMDM":null,"KCH":"10175121037"},{"KKDWDM":"017","XS":32,"BYBZ":"0","JSJC":4,"XXXQDM":"02","KXH":"01","KSJC":3,"XKZRS":30,"SKZC":"000000001100000000000000000000","SKJS":"宋华","ISTK":0,"ZCMC":"9-10周","YPSJDD":"9-10周 星期一 第3节-第4节 南湖南-博学北楼-611,16-17周 星期一 第3节-第4节 南湖南-博学北楼-611,17周 星期二 第3节-第4节 南湖南-博学北楼-611,12-14周 星期一 第3节-第4节 南湖南-博学北楼-611,9周 星期四 第1节-第2节 南湖南-博学北楼-611,11-17周 星期四 第1节-第2节 南湖南-博学北楼-611","XF":2,"SKXQ":1,"XNXQDM":"2024-2025-2","KCM":"大数据与商业智能","JASDM":"0202010611","JXLDM":"020201","JXBID":"20242-02407","SKBJ":"会计ACCA2201","TYXMDM":null,"KCH":"10174121153"},{"KKDWDM":"017","XS":32,"BYBZ":"0","JSJC":2,"XXXQDM":"02","KXH":"01","KSJC":1,"XKZRS":23,"SKZC":"000000001000000000000000000000","SKJS":"陈丽玲","ISTK":0,"ZCMC":"9周","YPSJDD":"11-16周 星期五 第1节-第2节 南湖南-博学北楼-611,9-16周 星期三 第3节-第4节 南湖南-博学北楼-611,17周 星期三 第1节-第2节 南湖南-博学北楼-611,9周 星期五 第1节-第2节 南湖南-博学北楼-611","XF":2,"SKXQ":5,"XNXQDM":"2024-2025-2","KCM":"战略管理与公司治理","JASDM":"0202010611","JXLDM":"020201","JXBID":"20242-03177","SKBJ":"会计ACCA2201","TYXMDM":null,"KCH":"10175121037"},{"KKDWDM":"017","XS":32,"BYBZ":"0","JSJC":2,"XXXQDM":"02","KXH":"01","KSJC":1,"XKZRS":30,"SKZC":"000000001000000000000000000000","SKJS":"宋华","ISTK":0,"ZCMC":"9周","YPSJDD":"9-10周 星期一 第3节-第4节 南湖南-博学北楼-611,16-17周 星期一 第3节-第4节 南湖南-博学北楼-611,17周 星期二 第3节-第4节 南湖南-博学北楼-611,12-14周 星期一 第3节-第4节 南湖南-博学北楼-611,9周 星期四 第1节-第2节 南湖南-博学北楼-611,11-17周 星期四 第1节-第2节 南湖南-博学北楼-611","XF":2,"SKXQ":4,"XNXQDM":"2024-2025-2","KCM":"大数据与商业智能","JASDM":"0202010611","JXLDM":"020201","JXBID":"20242-02407","SKBJ":"会计ACCA2201","TYXMDM":null,"KCH":"10174121153"},{"KKDWDM":"017","XS":32,"BYBZ":"0","JSJC":2,"XXXQDM":"02","KXH":"01","KSJC":1,"XKZRS":30,"SKZC":"000000000011111110000000000000","SKJS":"宋华","ISTK":0,"ZCMC":"11-17周","YPSJDD":"9-10周 星期一 第3节-第4节 南湖南-博学北楼-611,16-17周 星期一 第3节-第4节 南湖南-博学北楼-611,17周 星期二 第3节-第4节 南湖南-博学北楼-611,12-14周 星期一 第3节-第4节 南湖南-博学北楼-611,9周 星期四 第1节-第2节 南湖南-博学北楼-611,11-17周 星期四 第1节-第2节 南湖南-博学北楼-611","XF":2,"SKXQ":4,"XNXQDM":"2024-2025-2","KCM":"大数据与商业智能","JASDM":"0202010611","JXLDM":"020201","JXBID":"20242-02407","SKBJ":"会计ACCA2201","TYXMDM":null,"KCH":"10174121153"},{"KKDWDM":"017","XS":32,"BYBZ":"0","JSJC":2,"XXXQDM":"02","KXH":"01","KSJC":1,"XKZRS":23,"SKZC":"000000000011111100000000000000","SKJS":"陈丽玲","ISTK":0,"ZCMC":"11-16周","YPSJDD":"11-16周 星期五 第1节-第2节 南湖南-博学北楼-611,9-16周 星期三 第3节-第4节 南湖南-博学北楼-611,17周 星期三 第1节-第2节 南湖南-博学北楼-611,9周 星期五 第1节-第2节 南湖南-博学北楼-611","XF":2,"SKXQ":5,"XNXQDM":"2024-2025-2","KCM":"战略管理与公司治理","JASDM":"0202010611","JXLDM":"020201","JXBID":"20242-03177","SKBJ":"会计ACCA2201","TYXMDM":null,"KCH":"10175121037"},{"KKDWDM":"072","XS":56,"BYBZ":"0","JSJC":4,"XXXQDM":"02","KXH":"01","KSJC":3,"XKZRS":31,"SKZC":"000000000011111000000000000000","SKJS":"梅海","ISTK":0,"ZCMC":"11-15周","YPSJDD":"1-9周 星期四 第3节-第4节 南湖南-博学北楼-611,1-14周 星期二 第1节-第2节 南湖南-博学北楼-611,11-15周 星期四 第3节-第4节 南湖南-博学北楼-611","XF":3,"SKXQ":4,"XNXQDM":"2024-2025-2","KCM":"计算力学","JASDM":"0202010611","JXLDM":"020201","JXBID":"20242-03063","SKBJ":"工力2202","TYXMDM":null,"KCH":"10154117055"},{"KKDWDM":"017","XS":32,"BYBZ":"0","JSJC":4,"XXXQDM":"02","KXH":"01","KSJC":3,"XKZRS":30,"SKZC":"000000000001110000000000000000","SKJS":"宋华","ISTK":0,"ZCMC":"12-14周","YPSJDD":"9-10周 星期一 第3节-第4节 南湖南-博学北楼-611,16-17周 星期一 第3节-第4节 南湖南-博学北楼-611,17周 星期二 第3节-第4节 南湖南-博学北楼-611,12-14周 星期一 第3节-第4节 南湖南-博学北楼-611,9周 星期四 第1节-第2节 南湖南-博学北楼-611,11-17周 星期四 第1节-第2节 南湖南-博学北楼-611","XF":2,"SKXQ":1,"XNXQDM":"2024-2025-2","KCM":"大数据与商业智能","JASDM":"0202010611","JXLDM":"020201","JXBID":"20242-02407","SKBJ":"会计ACCA2201","TYXMDM":null,"KCH":"10174121153"},{"KKDWDM":"017","XS":40,"BYBZ":"0","JSJC":4,"XXXQDM":"02","KXH":"01","KSJC":3,"XKZRS":4,"SKZC":"000000000000110000000000","SKJS":"冯军,邱欣","ISTK":0,"ZCMC":"13-14周","YPSJDD":"13-14周 星期二 第3节-第4节 南湖南-博学北楼-611,1-12周 星期二 第3节-第5节 南湖南-博学北楼-611","XF":2,"SKXQ":2,"XNXQDM":"2024-2025-2","KCM":"消费者行为学","JASDM":"0202010611","JXLDM":"020201","JXBID":"20242-03703","SKBJ":"工管留2201","TYXMDM":null,"KCH":"30174119011"},{"KKDWDM":"017","XS":32,"BYBZ":"0","JSJC":4,"XXXQDM":"02","KXH":"01","KSJC":3,"XKZRS":30,"SKZC":"000000000000000110000000000000","SKJS":"宋华","ISTK":0,"ZCMC":"16-17周","YPSJDD":"9-10周 星期一 第3节-第4节 南湖南-博学北楼-611,16-17周 星期一 第3节-第4节 南湖南-博学北楼-611,17周 星期二 第3节-第4节 南湖南-博学北楼-611,12-14周 星期一 第3节-第4节 南湖南-博学北楼-611,9周 星期四 第1节-第2节 南湖南-博学北楼-611,11-17周 星期四 第1节-第2节 南湖南-博学北楼-611","XF":2,"SKXQ":1,"XNXQDM":"2024-2025-2","KCM":"大数据与商业智能","JASDM":"0202010611","JXLDM":"020201","JXBID":"20242-02407","SKBJ":"会计ACCA2201","TYXMDM":null,"KCH":"10174121153"},{"KKDWDM":"017","XS":32,"BYBZ":"0","JSJC":4,"XXXQDM":"02","KXH":"01","KSJC":3,"XKZRS":30,"SKZC":"000000000000000010000000000000","SKJS":"宋华","ISTK":0,"ZCMC":"17周","YPSJDD":"9-10周 星期一 第3节-第4节 南湖南-博学北楼-611,16-17周 星期一 第3节-第4节 南湖南-博学北楼-611,17周 星期二 第3节-第4节 南湖南-博学北楼-611,12-14周 星期一 第3节-第4节 南湖南-博学北楼-611,9周 星期四 第1节-第2节 南湖南-博学北楼-611,11-17周 星期四 第1节-第2节 南湖南-博学北楼-611","XF":2,"SKXQ":2,"XNXQDM":"2024-2025-2","KCM":"大数据与商业智能","JASDM":"0202010611","JXLDM":"020201","JXBID":"20242-02407","SKBJ":"会计ACCA2201","TYXMDM":null,"KCH":"10174121153"},{"KKDWDM":"017","XS":32,"BYBZ":"0","JSJC":2,"XXXQDM":"02","KXH":"01","KSJC":1,"XKZRS":23,"SKZC":"000000000000000010000000000000","SKJS":"陈丽玲","ISTK":0,"ZCMC":"17周","YPSJDD":"11-16周 星期五 第1节-第2节 南湖南-博学北楼-611,9-16周 星期三 第3节-第4节 南湖南-博学北楼-611,17周 星期三 第1节-第2节 南湖南-博学北楼-611,9周 星期五 第1节-第2节 南湖南-博学北楼-611","XF":2,"SKXQ":3,"XNXQDM":"2024-2025-2","KCM":"战略管理与公司治理","JASDM":"0202010611","JXLDM":"020201","JXBID":"20242-03177","SKBJ":"会计ACCA2201","TYXMDM":null,"KCH":"10175121037"}]}},"code":"0"}