{"datas":{"jaskcb":{"extParams":{"code":1,"msg":"查询成功"},"pageSize":0,"pageNumber":0,"totalSize":-1,"rows":[{"KKDWDM":"018","XS":80,"BYBZ":"0","JSJC":5,"XXXQDM":"02","KXH":"01","KSJC":3,"XKZRS":107,"SKZC":"111111111111111100000000000000","SKJS":"刘春晖,别朝霞","ISTK":0,"ZCMC":"1-16周","YPSJDD":"1-10周 星期一 第1节-第2节 南湖南-博学东楼-407,16-17周 星期一 第1节-第2节 南湖南-博学东楼-407,1-16周 星期三 第3节-第5节 南湖南-博学东楼-407,17周 星期二 第1节-第2节 南湖南-博学东楼-407,12-14周 星期一 第1节-第2节 南湖南-博学东楼-407","XF":5,"SKXQ":3,"XNXQDM":"2024-2025-2","KCM":"中级宏微观经济学","JASDM":"0202020407","JXLDM":"020202","JXBID":"20242-04663","SKBJ":"金融gj2301-03","TYXMDM":null,"KCH":"10184121066"},{"KKDWDM":"012","XS":56,"BYBZ":"0","JSJC":2,"XXXQDM":"02","KXH":"03","KSJC":1,"XKZRS":102,"SKZC":"111111111111110000000000000000","SKJS":"王亮亮,袁景凌,解庆","ISTK":0,"ZCMC":"1-14周","YPSJDD":"1-14周 星期二 第1节-第2节 南湖南-博学东楼-407,11-15周 星期四 第3节-第4节 南湖南-博学东楼-407,1-9周 星期四 第3节-第4节 南湖南-博学东楼-407","XF":3,"SKXQ":2,"XNXQDM":"2024-2025-2","KCM":"机器学习与数据挖掘","JASDM":"0202020407","JXLDM":"020202","JXBID":"20242-04995","SKBJ":"大数据2301-02,软件sy2301","TYXMDM":null,"KCH":"10124121063"},{"KKDWDM":"021","XS":42,"BYBZ":"0","JSJC":5,"XXXQDM":"02","KXH":"12","KSJC":3,"XKZRS":104,"SKZC":"111111111111110000000000","SKJS":"陈明益","ISTK":0,"ZCMC":"1-14周","YPSJDD":"1-14周 星期二 第3节-第5节 南湖南-博学东楼-407","XF":2,"SKXQ":2,"XNXQDM":"2024-2025-2","KCM":"马克思主义基本原理","JASDM":"0202020407","JXLDM":"020202","JXBID":"20242-12155","SKBJ":"材科2301-03","TYXMDM":null,"KCH":"10211117035"},{"KKDWDM":"021","XS":42,"BYBZ":"0","JSJC":8,"XXXQDM":"02","KXH":"21","KSJC":6,"XKZRS":119,"SKZC":"11111111111111","SKJS":"张三萍,陈明益","ISTK":0,"ZCMC":"1-14周","YPSJDD":"1-14周 星期二 第6节-第8节 南湖南-博学东楼-407","XF":2,"SKXQ":2,"XNXQDM":"2024-2025-2","KCM":"马克思主义基本原理","JASDM":"0202020407","JXLDM":"020202","JXBID":"20242-12165","SKBJ":"汽服2301-02,车辆gcgj2301","TYXMDM":null,"KCH":"10211117035"},{"KKDWDM":"021","XS":42,"BYBZ":"0","JSJC":8,"XXXQDM":"02","KXH":"16","KSJC":6,"XKZRS":107,"SKZC":"11111111111111","SKJS":"夏建华","ISTK":0,"ZCMC":"1-14周","YPSJDD":"1-14周 星期三 第6节-第8节 南湖南-博学东楼-407","XF":2,"SKXQ":3,"XNXQDM":"2024-2025-2","KCM":"马克思主义基本原理","JASDM":"0202020407","JXLDM":"020202","JXBID":"20242-12157","SKBJ":"新能源2301,材化2301,材物2301","TYXMDM":null,"KCH":"10211117035"},{"KKDWDM":"008","XS":40,"BYBZ":"0","JSJC":5,"XXXQDM":"02","KXH":"02","KSJC":3,"XKZRS":78,"SKZC":"111111111101100000000000","SKJS":"郑银环","ISTK":0,"ZCMC":"1-10周,12-13周","YPSJDD":"14-16周(双) 星期一 第3节-第4节 南湖南-博学东楼-407,1-10周,12-13周 星期一 第3节-第5节 南湖南-博学东楼-407","XF":2,"SKXQ":1,"XNXQDM":"2024-2025-2","KCM":"机械设计基础B","JASDM":"0202020407","JXLDM":"020202","JXBID":"20242-04291","SKBJ":"安全2301-02","TYXMDM":null,"KCH":"10083117102"},{"KKDWDM":"018","XS":80,"BYBZ":"0","JSJC":2,"XXXQDM":"02","KXH":"01","KSJC":1,"XKZRS":107,"SKZC":"111111111100000000000000000000","SKJS":"刘春晖,别朝霞","ISTK":0,"ZCMC":"1-10周","YPSJDD":"1-10周 星期一 第1节-第2节 南湖南-博学东楼-407,16-17周 星期一 第1节-第2节 南湖南-博学东楼-407,1-16周 星期三 第3节-第5节 南湖南-博学东楼-407,17周 星期二 第1节-第2节 南湖南-博学东楼-407,12-14周 星期一 第1节-第2节 南湖南-博学东楼-407","XF":5,"SKXQ":1,"XNXQDM":"2024-2025-2","KCM":"中级宏微观经济学","JASDM":"0202020407","JXLDM":"020202","JXBID":"20242-04663","SKBJ":"金融gj2301-03","TYXMDM":null,"KCH":"10184121066"},{"KKDWDM":"021","XS":36,"BYBZ":"0","JSJC":8,"XXXQDM":"02","KXH":"02","KSJC":6,"XKZRS":109,"SKZC":"111111111100000000000000000000","SKJS":"王春娟","ISTK":0,"ZCMC":"1-10周","YPSJDD":"12-13周 星期一 第6节-第8节 南湖南-博学东楼-407,1-10周 星期一 第6节-第8节 南湖南-博学东楼-407","XF":2,"SKXQ":1,"XNXQDM":"2024-2025-2","KCM":"习近平新时代中国特色社会主义思想概论","JASDM":"0202020407","JXLDM":"020202","JXBID":"20242-04418","SKBJ":"工商2301-02,生物制药2301","TYXMDM":null,"KCH":"10211121033"},{"KKDWDM":"012","XS":56,"BYBZ":"0","JSJC":4,"XXXQDM":"02","KXH":"03","KSJC":3,"XKZRS":102,"SKZC":"111111111000000000000000000000","SKJS":"王亮亮,袁景凌,解庆","ISTK":0,"ZCMC":"1-9周","YPSJDD":"1-14周 星期二 第1节-第2节 南湖南-博学东楼-407,11-15周 星期四 第3节-第4节 南湖南-博学东楼-407,1-9周 星期四 第3节-第4节 南湖南-博学东楼-407","XF":3,"SKXQ":4,"XNXQDM":"2024-2025-2","KCM":"机器学习与数据挖掘","JASDM":"0202020407","JXLDM":"020202","JXBID":"20242-04995","SKBJ":"大数据2301-02,软件sy2301","TYXMDM":null,"KCH":"10124121063"},{"KKDWDM":"022","XS":24,"BYBZ":"0","JSJC":13,"XXXQDM":"02","KXH":"01","KSJC":11,"XKZRS":140,"SKZC":"111111110000000000000000","SKJS":"刘艳","ISTK":0,"ZCMC":"1-8周","YPSJDD":"1-8周 星期二 第11节-第13节 南湖南-博学东楼-407","XF":1,"SKXQ":2,"XNXQDM":"2024-2025-2","KCM":"影视鉴赏(GX)","JASDM":"0202020407","JXLDM":"020202","JXBID":"20242-08582","SKBJ":"公选-08582","TYXMDM":null,"KCH":"10222121256"},{"KKDWDM":"030","XS":32,"BYBZ":"0","JSJC":13,"XXXQDM":"02","KXH":"01","KSJC":11,"XKZRS":31,"SKZC":"111111110000000000000000","SKJS":"曹学强,董淑娟,陈文博,鲁建峰","ISTK":0,"ZCMC":"1-8周","YPSJDD":"9周 星期三 第11节-第12节 南湖南-博学东楼-407,1-8周 星期三 第11节-第13节 南湖南-博学东楼-407","XF":2,"SKXQ":3,"XNXQDM":"2024-2025-2","KCM":"特种功能涂层与薄膜的制备及应用(JD)","JASDM":"0202020407","JXLDM":"020202","JXBID":"20242-08871","SKBJ":"公选-08871","TYXMDM":null,"KCH":"10306121018"},{"KKDWDM":"022","XS":32,"BYBZ":"0","JSJC":13,"XXXQDM":"02","KXH":"02","KSJC":11,"XKZRS":140,"SKZC":"111111110000000000000000","SKJS":"刘艳","ISTK":0,"ZCMC":"1-8周","YPSJDD":"9周 星期一 第11节-第12节 南湖南-博学东楼-407,1-8周 星期一 第11节-第13节 南湖南-博学东楼-407","XF":2,"SKXQ":1,"XNXQDM":"2024-2025-2","KCM":"微电影设计与制作B","JASDM":"0202020407","JXLDM":"020202","JXBID":"20242-11575","SKBJ":"公选-11575","TYXMDM":null,"KCH":"10226121402"},{"KKDWDM":"016","XS":40,"BYBZ":"0","JSJC":5,"XXXQDM":"02","KXH":"02","KSJC":3,"XKZRS":97,"SKZC":"111110111011100000000000","SKJS":"刘亚群","ISTK":0,"ZCMC":"1-5周,7-9周,11-13周","YPSJDD":"14-15周 星期五 第3节-第4节 南湖南-博学东楼-407,1-5周,7-9周,11-13周 星期五 第3节-第5节 南湖南-博学东楼-407,9周 星期日 第3节-第5节 南湖南-博学东楼-407","XF":2,"SKXQ":5,"XNXQDM":"2024-2025-2","KCM":"有机化学B2","JASDM":"0202020407","JXLDM":"020202","JXBID":"20242-05703","SKBJ":"制药zy2301-03","TYXMDM":null,"KCH":"10164117067"},{"KKDWDM":"012","XS":32,"BYBZ":"0","JSJC":7,"XXXQDM":"02","KXH":"04","KSJC":6,"XKZRS":124,"SKZC":"111110000000000000000000000000","SKJS":"彭德巍,耿枫","ISTK":0,"ZCMC":"1-5周","YPSJDD":"11周 星期五 第6节-第7节 南湖南-博学东楼-407,7-9周 星期五 第6节-第7节 南湖南-博学东楼-407,9周 星期日 第6节-第7节 南湖南-博学东楼-407,1-5周 星期五 第6节-第7节 南湖南-博学东楼-407","XF":2,"SKXQ":5,"XNXQDM":"2024-2025-2","KCM":"移动终端应用开发","JASDM":"0202020407","JXLDM":"020202","JXBID":"20242-03029","SKBJ":"计算机2201-04,计算机zy2201-02","TYXMDM":null,"KCH":"10125121045"},{"KKDWDM":"012","XS":32,"BYBZ":"0","JSJC":7,"XXXQDM":"02","KXH":"04","KSJC":6,"XKZRS":124,"SKZC":"000000111000000000000000000000","SKJS":"彭德巍,耿枫","ISTK":0,"ZCMC":"7-9周","YPSJDD":"11周 星期五 第6节-第7节 南湖南-博学东楼-407,7-9周 星期五 第6节-第7节 南湖南-博学东楼-407,9周 星期日 第6节-第7节 南湖南-博学东楼-407,1-5周 星期五 第6节-第7节 南湖南-博学东楼-407","XF":2,"SKXQ":5,"XNXQDM":"2024-2025-2","KCM":"移动终端应用开发","JASDM":"0202020407","JXLDM":"020202","JXBID":"20242-03029","SKBJ":"计算机2201-04,计算机zy2201-02","TYXMDM":null,"KCH":"10125121045"},{"KKDWDM":"012","XS":32,"BYBZ":"0","JSJC":7,"XXXQDM":"02","KXH":"04","KSJC":6,"XKZRS":124,"SKZC":"000000001000000000000000000000","SKJS":"彭德巍,耿枫","ISTK":0,"ZCMC":"9周","YPSJDD":"11周 星期五 第6节-第7节 南湖南-博学东楼-407,7-9周 星期五 第6节-第7节 南湖南-博学东楼-407,9周 星期日 第6节-第7节 南湖南-博学东楼-407,1-5周 星期五 第6节-第7节 南湖南-博学东楼-407","XF":2,"SKXQ":7,"XNXQDM":"2024-2025-2","KCM":"移动终端应用开发","JASDM":"0202020407","JXLDM":"020202","JXBID":"20242-03029","SKBJ":"计算机2201-04,计算机zy2201-02","TYXMDM":null,"KCH":"10125121045"},{"KKDWDM":"016","XS":40,"BYBZ":"0","JSJC":5,"XXXQDM":"02","KXH":"02","KSJC":3,"XKZRS":97,"SKZC":"000000001000000000000000","SKJS":"刘亚群","ISTK":0,"ZCMC":"9周","YPSJDD":"14-15周 星期五 第3节-第4节 南湖南-博学东楼-407,1-5周,7-9周,11-13周 星期五 第3节-第5节 南湖南-博学东楼-407,9周 星期日 第3节-第5节 南湖南-博学东楼-407","XF":2,"SKXQ":7,"XNXQDM":"2024-2025-2","KCM":"有机化学B2","JASDM":"0202020407","JXLDM":"020202","JXBID":"20242-05703","SKBJ":"制药zy2301-03","TYXMDM":null,"KCH":"10164117067"},{"KKDWDM":"022","XS":32,"BYBZ":"0","JSJC":12,"XXXQDM":"02","KXH":"02","KSJC":11,"XKZRS":140,"SKZC":"000000001000000000000000","SKJS":"刘艳","ISTK":0,"ZCMC":"9周","YPSJDD":"9周 星期一 第11节-第12节 南湖南-博学东楼-407,1-8周 星期一 第11节-第13节 南湖南-博学东楼-407","XF":2,"SKXQ":1,"XNXQDM":"2024-2025-2","KCM":"微电影设计与制作B","JASDM":"0202020407","JXLDM":"020202","JXBID":"20242-11575","SKBJ":"公选-11575","TYXMDM":null,"KCH":"10226121402"},{"KKDWDM":"030","XS":32,"BYBZ":"0","JSJC":12,"XXXQDM":"02","KXH":"01","KSJC":11,"XKZRS":31,"SKZC":"000000001000000000000000","SKJS":"曹学强,董淑娟,陈文博,鲁建峰","ISTK":0,"ZCMC":"9周","YPSJDD":"9周 星期三 第11节-第12节 南湖南-博学东楼-407,1-8周 星期三 第11节-第13节 南湖南-博学东楼-407","XF":2,"SKXQ":3,"XNXQDM":"2024-2025-2","KCM":"特种功能涂层与薄膜的制备及应用(JD)","JASDM":"0202020407","JXLDM":"020202","JXBID":"20242-08871","SKBJ":"公选-08871","TYXMDM":null,"KCH":"10306121018"},{"KKDWDM":"012","XS":56,"BYBZ":"0","JSJC":4,"XXXQDM":"02","KXH":"03","KSJC":3,"XKZRS":102,"SKZC":"000000000011111000000000000000","SKJS":"王亮亮,袁景凌,解庆","ISTK":0,"ZCMC":"11-15周","YPSJDD":"1-14周 星期二 第1节-第2节 南湖南-博学东楼-407,11-15周 星期四 第3节-第4节 南湖南-博学东楼-407,1-9周 星期四 第3节-第4节 南湖南-博学东楼-407","XF":3,"SKXQ":4,"XNXQDM":"2024-2025-2","KCM":"机器学习与数据挖掘","JASDM":"0202020407","JXLDM":"020202","JXBID":"20242-04995","SKBJ":"大数据2301-02,软件sy2301","TYXMDM":null,"KCH":"10124121063"},{"KKDWDM":"012","XS":32,"BYBZ":"0","JSJC":7,"XXXQDM":"02","KXH":"04","KSJC":6,"XKZRS":124,"SKZC":"000000000010000000000000000000","SKJS":"彭德巍,耿枫","ISTK":0,"ZCMC":"11周","YPSJDD":"11周 星期五 第6节-第7节 南湖南-博学东楼-407,7-9周 星期五 第6节-第7节 南湖南-博学东楼-407,9周 星期日 第6节-第7节 南湖南-博学东楼-407,1-5周 星期五 第6节-第7节 南湖南-博学东楼-407","XF":2,"SKXQ":5,"XNXQDM":"2024-2025-2","KCM":"移动终端应用开发","JASDM":"0202020407","JXLDM":"020202","JXBID":"20242-03029","SKBJ":"计算机2201-04,计算机zy2201-02","TYXMDM":null,"KCH":"10125121045"},{"KKDWDM":"018","XS":80,"BYBZ":"0","JSJC":2,"XXXQDM":"02","KXH":"01","KSJC":1,"XKZRS":107,"SKZC":"000000000001110000000000000000","SKJS":"刘春晖,别朝霞","ISTK":0,"ZCMC":"12-14周","YPSJDD":"1-10周 星期一 第1节-第2节 南湖南-博学东楼-407,16-17周 星期一 第1节-第2节 南湖南-博学东楼-407,1-16周 星期三 第3节-第5节 南湖南-博学东楼-407,17周 星期二 第1节-第2节 南湖南-博学东楼-407,12-14周 星期一 第1节-第2节 南湖南-博学东楼-407","XF":5,"SKXQ":1,"XNXQDM":"2024-2025-2","KCM":"中级宏微观经济学","JASDM":"0202020407","JXLDM":"020202","JXBID":"20242-04663","SKBJ":"金融gj2301-03","TYXMDM":null,"KCH":"10184121066"},{"KKDWDM":"021","XS":36,"BYBZ":"0","JSJC":8,"XXXQDM":"02","KXH":"02","KSJC":6,"XKZRS":109,"SKZC":"000000000001100000000000000000","SKJS":"王春娟","ISTK":0,"ZCMC":"12-13周","YPSJDD":"12-13周 星期一 第6节-第8节 南湖南-博学东楼-407,1-10周 星期一 第6节-第8节 南湖南-博学东楼-407","XF":2,"SKXQ":1,"XNXQDM":"2024-2025-2","KCM":"习近平新时代中国特色社会主义思想概论","JASDM":"0202020407","JXLDM":"020202","JXBID":"20242-04418","SKBJ":"工商2301-02,生物制药2301","TYXMDM":null,"KCH":"10211121033"},{"KKDWDM":"016","XS":40,"BYBZ":"0","JSJC":4,"XXXQDM":"02","KXH":"02","KSJC":3,"XKZRS":97,"SKZC":"000000000000011000000000","SKJS":"刘亚群","ISTK":0,"ZCMC":"14-15周","YPSJDD":"14-15周 星期五 第3节-第4节 南湖南-博学东楼-407,1-5周,7-9周,11-13周 星期五 第3节-第5节 南湖南-博学东楼-407,9周 星期日 第3节-第5节 南湖南-博学东楼-407","XF":2,"SKXQ":5,"XNXQDM":"2024-2025-2","KCM":"有机化学B2","JASDM":"0202020407","JXLDM":"020202","JXBID":"20242-05703","SKBJ":"制药zy2301-03","TYXMDM":null,"KCH":"10164117067"},{"KKDWDM":"008","XS":40,"BYBZ":"0","JSJC":4,"XXXQDM":"02","KXH":"02","KSJC":3,"XKZRS":78,"SKZC":"000000000000010100000000","SKJS":"郑银环","ISTK":0,"ZCMC":"14-16周(双)","YPSJDD":"14-16周(双) 星期一 第3节-第4节 南湖南-博学东楼-407,1-10周,12-13周 星期一 第3节-第5节 南湖南-博学东楼-407","XF":2,"SKXQ":1,"XNXQDM":"2024-2025-2","KCM":"机械设计基础B","JASDM":"0202020407","JXLDM":"020202","JXBID":"20242-04291","SKBJ":"安全2301-02","TYXMDM":null,"KCH":"10083117102"},{"KKDWDM":"018","XS":80,"BYBZ":"0","JSJC":2,"XXXQDM":"02","KXH":"01","KSJC":1,"XKZRS":107,"SKZC":"000000000000000110000000000000","SKJS":"刘春晖,别朝霞","ISTK":0,"ZCMC":"16-17周","YPSJDD":"1-10周 星期一 第1节-第2节 南湖南-博学东楼-407,16-17周 星期一 第1节-第2节 南湖南-博学东楼-407,1-16周 星期三 第3节-第5节 南湖南-博学东楼-407,17周 星期二 第1节-第2节 南湖南-博学东楼-407,12-14周 星期一 第1节-第2节 南湖南-博学东楼-407","XF":5,"SKXQ":1,"XNXQDM":"2024-2025-2","KCM":"中级宏微观经济学","JASDM":"0202020407","JXLDM":"020202","JXBID":"20242-04663","SKBJ":"金融gj2301-03","TYXMDM":null,"KCH":"10184121066"},{"KKDWDM":"018","XS":80,"BYBZ":"0","JSJC":2,"XXXQDM":"02","KXH":"01","KSJC":1,"XKZRS":107,"SKZC":"000000000000000010000000000000","SKJS":"刘春晖,别朝霞","ISTK":0,"ZCMC":"17周","YPSJDD":"1-10周 星期一 第1节-第2节 南湖南-博学东楼-407,16-17周 星期一 第1节-第2节 南湖南-博学东楼-407,1-16周 星期三 第3节-第5节 南湖南-博学东楼-407,17周 星期二 第1节-第2节 南湖南-博学东楼-407,12-14周 星期一 第1节-第2节 南湖南-博学东楼-407","XF":5,"SKXQ":2,"XNXQDM":"2024-2025-2","KCM":"中级宏微观经济学","JASDM":"0202020407","JXLDM":"020202","JXBID":"20242-04663","SKBJ":"金融gj2301-03","TYXMDM":null,"KCH":"10184121066"}]}},"code":"0"}