{"datas":{"jaskcb":{"extParams":{"code":1,"msg":"查询成功"},"pageSize":0,"pageNumber":0,"totalSize":-1,"rows":[{"KKDWDM":"071","XS":88,"BYBZ":"0","JSJC":2,"XXXQDM":"02","KXH":"09","KSJC":1,"XKZRS":138,"SKZC":"111111111111111000000000000000","SKJS":"高秉建","ISTK":0,"ZCMC":"1-15周","YPSJDD":"11-15周 星期五 第1节-第2节 南湖南-博学主楼-303,1-15周 星期三 第3节-第4节 南湖南-博学主楼-303,1-5周 星期五 第1节-第2节 南湖南-博学主楼-303,7-9周 星期五 第1节-第2节 南湖南-博学主楼-303,9周 星期日 第1节-第2节 南湖南-博学主楼-303,1-15周 星期二 第1节-第2节 南湖南-博学主楼-303","XF":5,"SKXQ":2,"XNXQDM":"2024-2025-2","KCM":"高等数学B下","JASDM":"0202040303","JXLDM":"020204","JXBID":"20242-10843","SKBJ":"工商类2409-12","TYXMDM":null,"KCH":"10153121058"},{"KKDWDM":"071","XS":88,"BYBZ":"0","JSJC":4,"XXXQDM":"02","KXH":"06","KSJC":3,"XKZRS":128,"SKZC":"111111111111111000000000000000","SKJS":"田书英","ISTK":0,"ZCMC":"1-15周","YPSJDD":"9周 星期日 第3节-第4节 南湖南-博学主楼-303,11-15周 星期五 第3节-第4节 南湖南-博学主楼-303,7-9周 星期五 第3节-第4节 南湖南-博学主楼-303,1-15周 星期三 第1节-第2节 南湖南-博学主楼-303,1-5周 星期五 第3节-第4节 南湖南-博学主楼-303,1-15周 星期二 第3节-第4节 南湖南-博学主楼-303","XF":5,"SKXQ":2,"XNXQDM":"2024-2025-2","KCM":"高等数学B下","JASDM":"0202040303","JXLDM":"020204","JXBID":"20242-06519","SKBJ":"信管2401-03,数经sy2401","TYXMDM":null,"KCH":"10153121058"},{"KKDWDM":"071","XS":88,"BYBZ":"0","JSJC":2,"XXXQDM":"02","KXH":"06","KSJC":1,"XKZRS":128,"SKZC":"111111111111111000000000000000","SKJS":"田书英","ISTK":0,"ZCMC":"1-15周","YPSJDD":"9周 星期日 第3节-第4节 南湖南-博学主楼-303,11-15周 星期五 第3节-第4节 南湖南-博学主楼-303,7-9周 星期五 第3节-第4节 南湖南-博学主楼-303,1-15周 星期三 第1节-第2节 南湖南-博学主楼-303,1-5周 星期五 第3节-第4节 南湖南-博学主楼-303,1-15周 星期二 第3节-第4节 南湖南-博学主楼-303","XF":5,"SKXQ":3,"XNXQDM":"2024-2025-2","KCM":"高等数学B下","JASDM":"0202040303","JXLDM":"020204","JXBID":"20242-06519","SKBJ":"信管2401-03,数经sy2401","TYXMDM":null,"KCH":"10153121058"},{"KKDWDM":"071","XS":88,"BYBZ":"0","JSJC":4,"XXXQDM":"02","KXH":"09","KSJC":3,"XKZRS":138,"SKZC":"111111111111111000000000000000","SKJS":"高秉建","ISTK":0,"ZCMC":"1-15周","YPSJDD":"11-15周 星期五 第1节-第2节 南湖南-博学主楼-303,1-15周 星期三 第3节-第4节 南湖南-博学主楼-303,1-5周 星期五 第1节-第2节 南湖南-博学主楼-303,7-9周 星期五 第1节-第2节 南湖南-博学主楼-303,9周 星期日 第1节-第2节 南湖南-博学主楼-303,1-15周 星期二 第1节-第2节 南湖南-博学主楼-303","XF":5,"SKXQ":3,"XNXQDM":"2024-2025-2","KCM":"高等数学B下","JASDM":"0202040303","JXLDM":"020204","JXBID":"20242-10843","SKBJ":"工商类2409-12","TYXMDM":null,"KCH":"10153121058"},{"KKDWDM":"071","XS":56,"BYBZ":"0","JSJC":2,"XXXQDM":"02","KXH":"02","KSJC":1,"XKZRS":77,"SKZC":"111111111100000000000000000000","SKJS":"张增","ISTK":0,"ZCMC":"1-10周","YPSJDD":"16周 星期一 第1节-第2节 南湖南-博学主楼-303,12-14周 星期一 第1节-第2节 南湖南-博学主楼-303,11-15周 星期四 第3节-第4节 南湖南-博学主楼-303,1-9周 星期四 第3节-第4节 南湖南-博学主楼-303,1-10周 星期一 第1节-第2节 南湖南-博学主楼-303","XF":3,"SKXQ":1,"XNXQDM":"2024-2025-2","KCM":"实变函数A","JASDM":"0202040303","JXLDM":"020204","JXBID":"20242-02985","SKBJ":"统计2301-02,金融sy2201","TYXMDM":null,"KCH":"10154113021"},{"KKDWDM":"018","XS":40,"BYBZ":"0","JSJC":5,"XXXQDM":"02","KXH":"01","KSJC":3,"XKZRS":111,"SKZC":"111111111100000000000000000000","SKJS":"曾玲玲","ISTK":0,"ZCMC":"1-10周","YPSJDD":"1-10周 星期一 第3节-第5节 南湖南-博学主楼-303,12-13周 星期一 第3节-第5节 南湖南-博学主楼-303","XF":2,"SKXQ":1,"XNXQDM":"2024-2025-2","KCM":"公司金融学","JASDM":"0202040303","JXLDM":"020204","JXBID":"20242-02969","SKBJ":"金融2201-02,金融sy2201","TYXMDM":null,"KCH":"10054111053"},{"KKDWDM":"071","XS":56,"BYBZ":"0","JSJC":4,"XXXQDM":"02","KXH":"02","KSJC":3,"XKZRS":77,"SKZC":"111111111000000000000000000000","SKJS":"张增","ISTK":0,"ZCMC":"1-9周","YPSJDD":"16周 星期一 第1节-第2节 南湖南-博学主楼-303,12-14周 星期一 第1节-第2节 南湖南-博学主楼-303,11-15周 星期四 第3节-第4节 南湖南-博学主楼-303,1-9周 星期四 第3节-第4节 南湖南-博学主楼-303,1-10周 星期一 第1节-第2节 南湖南-博学主楼-303","XF":3,"SKXQ":4,"XNXQDM":"2024-2025-2","KCM":"实变函数A","JASDM":"0202040303","JXLDM":"020204","JXBID":"20242-02985","SKBJ":"统计2301-02,金融sy2201","TYXMDM":null,"KCH":"10154113021"},{"KKDWDM":"071","XS":88,"BYBZ":"0","JSJC":2,"XXXQDM":"02","KXH":"09","KSJC":1,"XKZRS":138,"SKZC":"111110000000000000000000000000","SKJS":"高秉建","ISTK":0,"ZCMC":"1-5周","YPSJDD":"11-15周 星期五 第1节-第2节 南湖南-博学主楼-303,1-15周 星期三 第3节-第4节 南湖南-博学主楼-303,1-5周 星期五 第1节-第2节 南湖南-博学主楼-303,7-9周 星期五 第1节-第2节 南湖南-博学主楼-303,9周 星期日 第1节-第2节 南湖南-博学主楼-303,1-15周 星期二 第1节-第2节 南湖南-博学主楼-303","XF":5,"SKXQ":5,"XNXQDM":"2024-2025-2","KCM":"高等数学B下","JASDM":"0202040303","JXLDM":"020204","JXBID":"20242-10843","SKBJ":"工商类2409-12","TYXMDM":null,"KCH":"10153121058"},{"KKDWDM":"071","XS":88,"BYBZ":"0","JSJC":4,"XXXQDM":"02","KXH":"06","KSJC":3,"XKZRS":128,"SKZC":"111110000000000000000000000000","SKJS":"田书英","ISTK":0,"ZCMC":"1-5周","YPSJDD":"9周 星期日 第3节-第4节 南湖南-博学主楼-303,11-15周 星期五 第3节-第4节 南湖南-博学主楼-303,7-9周 星期五 第3节-第4节 南湖南-博学主楼-303,1-15周 星期三 第1节-第2节 南湖南-博学主楼-303,1-5周 星期五 第3节-第4节 南湖南-博学主楼-303,1-15周 星期二 第3节-第4节 南湖南-博学主楼-303","XF":5,"SKXQ":5,"XNXQDM":"2024-2025-2","KCM":"高等数学B下","JASDM":"0202040303","JXLDM":"020204","JXBID":"20242-06519","SKBJ":"信管2401-03,数经sy2401","TYXMDM":null,"KCH":"10153121058"},{"KKDWDM":"071","XS":88,"BYBZ":"0","JSJC":2,"XXXQDM":"02","KXH":"09","KSJC":1,"XKZRS":138,"SKZC":"000000111000000000000000000000","SKJS":"高秉建","ISTK":0,"ZCMC":"7-9周","YPSJDD":"11-15周 星期五 第1节-第2节 南湖南-博学主楼-303,1-15周 星期三 第3节-第4节 南湖南-博学主楼-303,1-5周 星期五 第1节-第2节 南湖南-博学主楼-303,7-9周 星期五 第1节-第2节 南湖南-博学主楼-303,9周 星期日 第1节-第2节 南湖南-博学主楼-303,1-15周 星期二 第1节-第2节 南湖南-博学主楼-303","XF":5,"SKXQ":5,"XNXQDM":"2024-2025-2","KCM":"高等数学B下","JASDM":"0202040303","JXLDM":"020204","JXBID":"20242-10843","SKBJ":"工商类2409-12","TYXMDM":null,"KCH":"10153121058"},{"KKDWDM":"071","XS":88,"BYBZ":"0","JSJC":4,"XXXQDM":"02","KXH":"06","KSJC":3,"XKZRS":128,"SKZC":"000000111000000000000000000000","SKJS":"田书英","ISTK":0,"ZCMC":"7-9周","YPSJDD":"9周 星期日 第3节-第4节 南湖南-博学主楼-303,11-15周 星期五 第3节-第4节 南湖南-博学主楼-303,7-9周 星期五 第3节-第4节 南湖南-博学主楼-303,1-15周 星期三 第1节-第2节 南湖南-博学主楼-303,1-5周 星期五 第3节-第4节 南湖南-博学主楼-303,1-15周 星期二 第3节-第4节 南湖南-博学主楼-303","XF":5,"SKXQ":5,"XNXQDM":"2024-2025-2","KCM":"高等数学B下","JASDM":"0202040303","JXLDM":"020204","JXBID":"20242-06519","SKBJ":"信管2401-03,数经sy2401","TYXMDM":null,"KCH":"10153121058"},{"KKDWDM":"071","XS":88,"BYBZ":"0","JSJC":4,"XXXQDM":"02","KXH":"06","KSJC":3,"XKZRS":128,"SKZC":"000000001000000000000000000000","SKJS":"田书英","ISTK":0,"ZCMC":"9周","YPSJDD":"9周 星期日 第3节-第4节 南湖南-博学主楼-303,11-15周 星期五 第3节-第4节 南湖南-博学主楼-303,7-9周 星期五 第3节-第4节 南湖南-博学主楼-303,1-15周 星期三 第1节-第2节 南湖南-博学主楼-303,1-5周 星期五 第3节-第4节 南湖南-博学主楼-303,1-15周 星期二 第3节-第4节 南湖南-博学主楼-303","XF":5,"SKXQ":7,"XNXQDM":"2024-2025-2","KCM":"高等数学B下","JASDM":"0202040303","JXLDM":"020204","JXBID":"20242-06519","SKBJ":"信管2401-03,数经sy2401","TYXMDM":null,"KCH":"10153121058"},{"KKDWDM":"071","XS":88,"BYBZ":"0","JSJC":2,"XXXQDM":"02","KXH":"09","KSJC":1,"XKZRS":138,"SKZC":"000000001000000000000000000000","SKJS":"高秉建","ISTK":0,"ZCMC":"9周","YPSJDD":"11-15周 星期五 第1节-第2节 南湖南-博学主楼-303,1-15周 星期三 第3节-第4节 南湖南-博学主楼-303,1-5周 星期五 第1节-第2节 南湖南-博学主楼-303,7-9周 星期五 第1节-第2节 南湖南-博学主楼-303,9周 星期日 第1节-第2节 南湖南-博学主楼-303,1-15周 星期二 第1节-第2节 南湖南-博学主楼-303","XF":5,"SKXQ":7,"XNXQDM":"2024-2025-2","KCM":"高等数学B下","JASDM":"0202040303","JXLDM":"020204","JXBID":"20242-10843","SKBJ":"工商类2409-12","TYXMDM":null,"KCH":"10153121058"},{"KKDWDM":"071","XS":88,"BYBZ":"0","JSJC":4,"XXXQDM":"02","KXH":"06","KSJC":3,"XKZRS":128,"SKZC":"000000000011111000000000000000","SKJS":"田书英","ISTK":0,"ZCMC":"11-15周","YPSJDD":"9周 星期日 第3节-第4节 南湖南-博学主楼-303,11-15周 星期五 第3节-第4节 南湖南-博学主楼-303,7-9周 星期五 第3节-第4节 南湖南-博学主楼-303,1-15周 星期三 第1节-第2节 南湖南-博学主楼-303,1-5周 星期五 第3节-第4节 南湖南-博学主楼-303,1-15周 星期二 第3节-第4节 南湖南-博学主楼-303","XF":5,"SKXQ":5,"XNXQDM":"2024-2025-2","KCM":"高等数学B下","JASDM":"0202040303","JXLDM":"020204","JXBID":"20242-06519","SKBJ":"信管2401-03,数经sy2401","TYXMDM":null,"KCH":"10153121058"},{"KKDWDM":"071","XS":88,"BYBZ":"0","JSJC":2,"XXXQDM":"02","KXH":"09","KSJC":1,"XKZRS":138,"SKZC":"000000000011111000000000000000","SKJS":"高秉建","ISTK":0,"ZCMC":"11-15周","YPSJDD":"11-15周 星期五 第1节-第2节 南湖南-博学主楼-303,1-15周 星期三 第3节-第4节 南湖南-博学主楼-303,1-5周 星期五 第1节-第2节 南湖南-博学主楼-303,7-9周 星期五 第1节-第2节 南湖南-博学主楼-303,9周 星期日 第1节-第2节 南湖南-博学主楼-303,1-15周 星期二 第1节-第2节 南湖南-博学主楼-303","XF":5,"SKXQ":5,"XNXQDM":"2024-2025-2","KCM":"高等数学B下","JASDM":"0202040303","JXLDM":"020204","JXBID":"20242-10843","SKBJ":"工商类2409-12","TYXMDM":null,"KCH":"10153121058"},{"KKDWDM":"071","XS":56,"BYBZ":"0","JSJC":4,"XXXQDM":"02","KXH":"02","KSJC":3,"XKZRS":77,"SKZC":"000000000011111000000000000000","SKJS":"张增","ISTK":0,"ZCMC":"11-15周","YPSJDD":"16周 星期一 第1节-第2节 南湖南-博学主楼-303,12-14周 星期一 第1节-第2节 南湖南-博学主楼-303,11-15周 星期四 第3节-第4节 南湖南-博学主楼-303,1-9周 星期四 第3节-第4节 南湖南-博学主楼-303,1-10周 星期一 第1节-第2节 南湖南-博学主楼-303","XF":3,"SKXQ":4,"XNXQDM":"2024-2025-2","KCM":"实变函数A","JASDM":"0202040303","JXLDM":"020204","JXBID":"20242-02985","SKBJ":"统计2301-02,金融sy2201","TYXMDM":null,"KCH":"10154113021"},{"KKDWDM":"071","XS":56,"BYBZ":"0","JSJC":2,"XXXQDM":"02","KXH":"02","KSJC":1,"XKZRS":77,"SKZC":"000000000001110000000000000000","SKJS":"张增","ISTK":0,"ZCMC":"12-14周","YPSJDD":"16周 星期一 第1节-第2节 南湖南-博学主楼-303,12-14周 星期一 第1节-第2节 南湖南-博学主楼-303,11-15周 星期四 第3节-第4节 南湖南-博学主楼-303,1-9周 星期四 第3节-第4节 南湖南-博学主楼-303,1-10周 星期一 第1节-第2节 南湖南-博学主楼-303","XF":3,"SKXQ":1,"XNXQDM":"2024-2025-2","KCM":"实变函数A","JASDM":"0202040303","JXLDM":"020204","JXBID":"20242-02985","SKBJ":"统计2301-02,金融sy2201","TYXMDM":null,"KCH":"10154113021"},{"KKDWDM":"018","XS":40,"BYBZ":"0","JSJC":5,"XXXQDM":"02","KXH":"01","KSJC":3,"XKZRS":111,"SKZC":"000000000001100000000000000000","SKJS":"曾玲玲","ISTK":0,"ZCMC":"12-13周","YPSJDD":"1-10周 星期一 第3节-第5节 南湖南-博学主楼-303,12-13周 星期一 第3节-第5节 南湖南-博学主楼-303","XF":2,"SKXQ":1,"XNXQDM":"2024-2025-2","KCM":"公司金融学","JASDM":"0202040303","JXLDM":"020204","JXBID":"20242-02969","SKBJ":"金融2201-02,金融sy2201","TYXMDM":null,"KCH":"10054111053"},{"KKDWDM":"071","XS":56,"BYBZ":"0","JSJC":2,"XXXQDM":"02","KXH":"02","KSJC":1,"XKZRS":77,"SKZC":"000000000000000100000000000000","SKJS":"张增","ISTK":0,"ZCMC":"16周","YPSJDD":"16周 星期一 第1节-第2节 南湖南-博学主楼-303,12-14周 星期一 第1节-第2节 南湖南-博学主楼-303,11-15周 星期四 第3节-第4节 南湖南-博学主楼-303,1-9周 星期四 第3节-第4节 南湖南-博学主楼-303,1-10周 星期一 第1节-第2节 南湖南-博学主楼-303","XF":3,"SKXQ":1,"XNXQDM":"2024-2025-2","KCM":"实变函数A","JASDM":"0202040303","JXLDM":"020204","JXBID":"20242-02985","SKBJ":"统计2301-02,金融sy2201","TYXMDM":null,"KCH":"10154113021"}]}},"code":"0"}