{"datas":{"jaskcb":{"extParams":{"code":1,"msg":"查询成功"},"pageSize":0,"pageNumber":0,"totalSize":-1,"rows":[{"KKDWDM":"009","XS":24,"BYBZ":"0","JSJC":4,"XXXQDM":"02","KXH":"02","KSJC":3,"XKZRS":29,"SKZC":"111111111111","SKJS":"余泽川,高旭","ISTK":0,"ZCMC":"1-12周","YPSJDD":"1-12周 星期三 第3节-第4节 南湖南-博学北楼-308","XF":1,"SKXQ":3,"XNXQDM":"2024-2025-2","KCM":"土木工程材料","JASDM":"0202010308","JXLDM":"020201","JXBID":"20242-10196","SKBJ":"工程2301","TYXMDM":null,"KCH":"10094121056"},{"KKDWDM":"071","XS":88,"BYBZ":"0","JSJC":2,"XXXQDM":"02","KXH":"01","KSJC":1,"XKZRS":35,"SKZC":"111110000000000000000000000000","SKJS":"胡荣","ISTK":0,"ZCMC":"1-5周","YPSJDD":"9周 星期日 第1节-第2节 南湖南-博学北楼-308,16-17周 星期一 第3节-第4节 南湖南-博学北楼-102,1-15周 星期三 第1节-第2节 南湖南-博学北楼-102,12-14周 星期一 第3节-第4节 南湖南-博学北楼-102,1-5周 星期五 第1节-第2节 南湖南-博学北楼-308,11-15周 星期五 第1节-第2节 南湖南-博学北楼-308,1-10周 星期一 第3节-第4节 南湖南-博学北楼-102,7-9周 星期五 第1节-第2节 南湖南-博学北楼-308","XF":5,"SKXQ":5,"XNXQDM":"2024-2025-2","KCM":"高等数学B下","JASDM":"0202010308","JXLDM":"020201","JXBID":"20242-06172","SKBJ":"金融gj2403","TYXMDM":null,"KCH":"10153121058"},{"KKDWDM":"071","XS":88,"BYBZ":"0","JSJC":2,"XXXQDM":"02","KXH":"01","KSJC":1,"XKZRS":35,"SKZC":"000000111000000000000000000000","SKJS":"胡荣","ISTK":0,"ZCMC":"7-9周","YPSJDD":"9周 星期日 第1节-第2节 南湖南-博学北楼-308,16-17周 星期一 第3节-第4节 南湖南-博学北楼-102,1-15周 星期三 第1节-第2节 南湖南-博学北楼-102,12-14周 星期一 第3节-第4节 南湖南-博学北楼-102,1-5周 星期五 第1节-第2节 南湖南-博学北楼-308,11-15周 星期五 第1节-第2节 南湖南-博学北楼-308,1-10周 星期一 第3节-第4节 南湖南-博学北楼-102,7-9周 星期五 第1节-第2节 南湖南-博学北楼-308","XF":5,"SKXQ":5,"XNXQDM":"2024-2025-2","KCM":"高等数学B下","JASDM":"0202010308","JXLDM":"020201","JXBID":"20242-06172","SKBJ":"金融gj2403","TYXMDM":null,"KCH":"10153121058"},{"KKDWDM":"009","XS":32,"BYBZ":"0","JSJC":4,"XXXQDM":"02","KXH":"03","KSJC":3,"XKZRS":37,"SKZC":"000000001111111100000000000000","SKJS":"李波,王小平","ISTK":0,"ZCMC":"9-16周","YPSJDD":"9-16周 星期二 第3节-第4节 南湖南-博学北楼-308,11-17周 星期四 第3节-第4节 南湖南-博学北楼-308,9周 星期四 第3节-第4节 南湖南-博学北楼-308","XF":2,"SKXQ":2,"XNXQDM":"2024-2025-2","KCM":"钢结构与组合结构设计","JASDM":"0202010308","JXLDM":"020201","JXBID":"20242-10107","SKBJ":"土木zy2201-02","TYXMDM":null,"KCH":"10095117050"},{"KKDWDM":"018","XS":32,"BYBZ":"0","JSJC":7,"XXXQDM":"02","KXH":"01","KSJC":6,"XKZRS":30,"SKZC":"000000001111111100000000000000","SKJS":"余珮,孙艳琳,方紫薇,金志达,黄艳希","ISTK":0,"ZCMC":"9-16周","YPSJDD":"9-10周 星期一 第3节-第4节 南湖南-博学北楼-308,12-14周 星期一 第3节-第4节 南湖南-博学北楼-308,16-17周 星期一 第3节-第4节 南湖南-博学北楼-308,17周 星期二 第3节-第4节 南湖南-博学北楼-308,9-16周 星期三 第6节-第7节 南湖南-博学北楼-308","XF":2,"SKXQ":3,"XNXQDM":"2024-2025-2","KCM":"经济文献阅读与写作","JASDM":"0202010308","JXLDM":"020201","JXBID":"20242-03313","SKBJ":"国贸2201","TYXMDM":null,"KCH":"10185121027"},{"KKDWDM":"018","XS":32,"BYBZ":"0","JSJC":4,"XXXQDM":"02","KXH":"01","KSJC":3,"XKZRS":30,"SKZC":"000000001100000000000000000000","SKJS":"余珮,孙艳琳,方紫薇,金志达,黄艳希","ISTK":0,"ZCMC":"9-10周","YPSJDD":"9-10周 星期一 第3节-第4节 南湖南-博学北楼-308,12-14周 星期一 第3节-第4节 南湖南-博学北楼-308,16-17周 星期一 第3节-第4节 南湖南-博学北楼-308,17周 星期二 第3节-第4节 南湖南-博学北楼-308,9-16周 星期三 第6节-第7节 南湖南-博学北楼-308","XF":2,"SKXQ":1,"XNXQDM":"2024-2025-2","KCM":"经济文献阅读与写作","JASDM":"0202010308","JXLDM":"020201","JXBID":"20242-03313","SKBJ":"国贸2201","TYXMDM":null,"KCH":"10185121027"},{"KKDWDM":"009","XS":32,"BYBZ":"0","JSJC":4,"XXXQDM":"02","KXH":"03","KSJC":3,"XKZRS":37,"SKZC":"000000001000000000000000000000","SKJS":"李波,王小平","ISTK":0,"ZCMC":"9周","YPSJDD":"9-16周 星期二 第3节-第4节 南湖南-博学北楼-308,11-17周 星期四 第3节-第4节 南湖南-博学北楼-308,9周 星期四 第3节-第4节 南湖南-博学北楼-308","XF":2,"SKXQ":4,"XNXQDM":"2024-2025-2","KCM":"钢结构与组合结构设计","JASDM":"0202010308","JXLDM":"020201","JXBID":"20242-10107","SKBJ":"土木zy2201-02","TYXMDM":null,"KCH":"10095117050"},{"KKDWDM":"071","XS":88,"BYBZ":"0","JSJC":2,"XXXQDM":"02","KXH":"01","KSJC":1,"XKZRS":35,"SKZC":"000000001000000000000000000000","SKJS":"胡荣","ISTK":0,"ZCMC":"9周","YPSJDD":"9周 星期日 第1节-第2节 南湖南-博学北楼-308,16-17周 星期一 第3节-第4节 南湖南-博学北楼-102,1-15周 星期三 第1节-第2节 南湖南-博学北楼-102,12-14周 星期一 第3节-第4节 南湖南-博学北楼-102,1-5周 星期五 第1节-第2节 南湖南-博学北楼-308,11-15周 星期五 第1节-第2节 南湖南-博学北楼-308,1-10周 星期一 第3节-第4节 南湖南-博学北楼-102,7-9周 星期五 第1节-第2节 南湖南-博学北楼-308","XF":5,"SKXQ":7,"XNXQDM":"2024-2025-2","KCM":"高等数学B下","JASDM":"0202010308","JXLDM":"020201","JXBID":"20242-06172","SKBJ":"金融gj2403","TYXMDM":null,"KCH":"10153121058"},{"KKDWDM":"009","XS":32,"BYBZ":"0","JSJC":4,"XXXQDM":"02","KXH":"03","KSJC":3,"XKZRS":37,"SKZC":"000000000011111110000000000000","SKJS":"李波,王小平","ISTK":0,"ZCMC":"11-17周","YPSJDD":"9-16周 星期二 第3节-第4节 南湖南-博学北楼-308,11-17周 星期四 第3节-第4节 南湖南-博学北楼-308,9周 星期四 第3节-第4节 南湖南-博学北楼-308","XF":2,"SKXQ":4,"XNXQDM":"2024-2025-2","KCM":"钢结构与组合结构设计","JASDM":"0202010308","JXLDM":"020201","JXBID":"20242-10107","SKBJ":"土木zy2201-02","TYXMDM":null,"KCH":"10095117050"},{"KKDWDM":"071","XS":88,"BYBZ":"0","JSJC":2,"XXXQDM":"02","KXH":"01","KSJC":1,"XKZRS":35,"SKZC":"000000000011111000000000000000","SKJS":"胡荣","ISTK":0,"ZCMC":"11-15周","YPSJDD":"9周 星期日 第1节-第2节 南湖南-博学北楼-308,16-17周 星期一 第3节-第4节 南湖南-博学北楼-102,1-15周 星期三 第1节-第2节 南湖南-博学北楼-102,12-14周 星期一 第3节-第4节 南湖南-博学北楼-102,1-5周 星期五 第1节-第2节 南湖南-博学北楼-308,11-15周 星期五 第1节-第2节 南湖南-博学北楼-308,1-10周 星期一 第3节-第4节 南湖南-博学北楼-102,7-9周 星期五 第1节-第2节 南湖南-博学北楼-308","XF":5,"SKXQ":5,"XNXQDM":"2024-2025-2","KCM":"高等数学B下","JASDM":"0202010308","JXLDM":"020201","JXBID":"20242-06172","SKBJ":"金融gj2403","TYXMDM":null,"KCH":"10153121058"},{"KKDWDM":"018","XS":32,"BYBZ":"0","JSJC":4,"XXXQDM":"02","KXH":"01","KSJC":3,"XKZRS":30,"SKZC":"000000000001110000000000000000","SKJS":"余珮,孙艳琳,方紫薇,金志达,黄艳希","ISTK":0,"ZCMC":"12-14周","YPSJDD":"9-10周 星期一 第3节-第4节 南湖南-博学北楼-308,12-14周 星期一 第3节-第4节 南湖南-博学北楼-308,16-17周 星期一 第3节-第4节 南湖南-博学北楼-308,17周 星期二 第3节-第4节 南湖南-博学北楼-308,9-16周 星期三 第6节-第7节 南湖南-博学北楼-308","XF":2,"SKXQ":1,"XNXQDM":"2024-2025-2","KCM":"经济文献阅读与写作","JASDM":"0202010308","JXLDM":"020201","JXBID":"20242-03313","SKBJ":"国贸2201","TYXMDM":null,"KCH":"10185121027"},{"KKDWDM":"018","XS":32,"BYBZ":"0","JSJC":4,"XXXQDM":"02","KXH":"01","KSJC":3,"XKZRS":30,"SKZC":"000000000000000110000000000000","SKJS":"余珮,孙艳琳,方紫薇,金志达,黄艳希","ISTK":0,"ZCMC":"16-17周","YPSJDD":"9-10周 星期一 第3节-第4节 南湖南-博学北楼-308,12-14周 星期一 第3节-第4节 南湖南-博学北楼-308,16-17周 星期一 第3节-第4节 南湖南-博学北楼-308,17周 星期二 第3节-第4节 南湖南-博学北楼-308,9-16周 星期三 第6节-第7节 南湖南-博学北楼-308","XF":2,"SKXQ":1,"XNXQDM":"2024-2025-2","KCM":"经济文献阅读与写作","JASDM":"0202010308","JXLDM":"020201","JXBID":"20242-03313","SKBJ":"国贸2201","TYXMDM":null,"KCH":"10185121027"},{"KKDWDM":"018","XS":32,"BYBZ":"0","JSJC":4,"XXXQDM":"02","KXH":"01","KSJC":3,"XKZRS":30,"SKZC":"000000000000000010000000000000","SKJS":"余珮,孙艳琳,方紫薇,金志达,黄艳希","ISTK":0,"ZCMC":"17周","YPSJDD":"9-10周 星期一 第3节-第4节 南湖南-博学北楼-308,12-14周 星期一 第3节-第4节 南湖南-博学北楼-308,16-17周 星期一 第3节-第4节 南湖南-博学北楼-308,17周 星期二 第3节-第4节 南湖南-博学北楼-308,9-16周 星期三 第6节-第7节 南湖南-博学北楼-308","XF":2,"SKXQ":2,"XNXQDM":"2024-2025-2","KCM":"经济文献阅读与写作","JASDM":"0202010308","JXLDM":"020201","JXBID":"20242-03313","SKBJ":"国贸2201","TYXMDM":null,"KCH":"10185121027"}]}},"code":"0"}