{"datas":{"jaskcb":{"extParams":{"code":1,"msg":"查询成功"},"pageSize":0,"pageNumber":0,"totalSize":-1,"rows":[{"KKDWDM":"018","XS":56,"BYBZ":"0","JSJC":8,"XXXQDM":"02","KXH":"08","KSJC":6,"XKZRS":79,"SKZC":"111111111111111100000000","SKJS":"程源远,费日龙","ISTK":0,"ZCMC":"1-16周","YPSJDD":"1-16周 星期三 第6节-第8节 南湖南-博学西楼-406","XF":3,"SKXQ":3,"XNXQDM":"2024-2025-2","KCM":"计量经济学","JASDM":"0202030406","JXLDM":"020203","JXBID":"20242-02927","SKBJ":"统计2201-02","TYXMDM":null,"KCH":"10054111058"},{"KKDWDM":"072","XS":64,"BYBZ":"0","JSJC":4,"XXXQDM":"02","KXH":"01","KSJC":3,"XKZRS":89,"SKZC":"111111111111111000000000000000","SKJS":"曾翠林","ISTK":0,"ZCMC":"1-15周","YPSJDD":"12-14周 星期一 第1节-第2节 南湖南-博学西楼-406,1-10周 星期一 第1节-第2节 南湖南-博学西楼-406,1-15周 星期三 第3节-第4节 南湖南-博学西楼-406,16-17周 星期一 第1节-第2节 南湖南-博学西楼-406","XF":4,"SKXQ":3,"XNXQDM":"2024-2025-2","KCM":"工程力学A","JASDM":"0202030406","JXLDM":"020203","JXBID":"20242-05106","SKBJ":"安全2301-02","TYXMDM":null,"KCH":"10155111052"},{"KKDWDM":"008","XS":64,"BYBZ":"0","JSJC":2,"XXXQDM":"02","KXH":"04","KSJC":1,"XKZRS":72,"SKZC":"111111111111110000000000000000","SKJS":"李玉峰,陈霞","ISTK":0,"ZCMC":"1-14周","YPSJDD":"11-15周 星期五 第3节-第4节 南湖南-博学西楼-406,1-5周 星期五 第3节-第4节 南湖南-博学西楼-406,1-14周 星期三 第1节-第2节 南湖南-博学西楼-406,9周 星期日 第3节-第4节 南湖南-博学西楼-406,7-9周 星期五 第3节-第4节 南湖南-博学西楼-406","XF":4,"SKXQ":3,"XNXQDM":"2024-2025-2","KCM":"精密机械设计B","JASDM":"0202030406","JXLDM":"020203","JXBID":"20242-06731","SKBJ":"测控2301-02","TYXMDM":null,"KCH":"10084113011"},{"KKDWDM":"003","XS":48,"BYBZ":"0","JSJC":5,"XXXQDM":"02","KXH":"01","KSJC":3,"XKZRS":39,"SKZC":"111111111101110100000000","SKJS":"廖红卫,王丰","ISTK":0,"ZCMC":"1-10周,12-14周,16周","YPSJDD":"17周 星期一 第3节-第4节 南湖南-博学西楼-406,1-10周,12-14周,16周 星期一 第3节-第5节 南湖南-博学西楼-406","XF":3,"SKXQ":1,"XNXQDM":"2024-2025-2","KCM":"金属学及热处理C","JASDM":"0202030406","JXLDM":"020203","JXBID":"20242-05606","SKBJ":"成型2302","TYXMDM":null,"KCH":"10034121096"},{"KKDWDM":"072","XS":64,"BYBZ":"0","JSJC":2,"XXXQDM":"02","KXH":"01","KSJC":1,"XKZRS":89,"SKZC":"111111111100000000000000000000","SKJS":"曾翠林","ISTK":0,"ZCMC":"1-10周","YPSJDD":"12-14周 星期一 第1节-第2节 南湖南-博学西楼-406,1-10周 星期一 第1节-第2节 南湖南-博学西楼-406,1-15周 星期三 第3节-第4节 南湖南-博学西楼-406,16-17周 星期一 第1节-第2节 南湖南-博学西楼-406","XF":4,"SKXQ":1,"XNXQDM":"2024-2025-2","KCM":"工程力学A","JASDM":"0202030406","JXLDM":"020203","JXBID":"20242-05106","SKBJ":"安全2301-02","TYXMDM":null,"KCH":"10155111052"},{"KKDWDM":"018","XS":32,"BYBZ":"0","JSJC":5,"XXXQDM":"02","KXH":"02","KSJC":3,"XKZRS":71,"SKZC":"111111111100000000000000","SKJS":"兰肇华","ISTK":0,"ZCMC":"1-10周","YPSJDD":"11周 星期二 第3节-第4节 南湖南-博学西楼-406,1-10周 星期二 第3节-第5节 南湖南-博学西楼-406","XF":2,"SKXQ":2,"XNXQDM":"2024-2025-2","KCM":"企业经济学B","JASDM":"0202030406","JXLDM":"020203","JXBID":"20242-02997","SKBJ":"数经sy2301,经 济2201-02","TYXMDM":null,"KCH":"10186113039"},{"KKDWDM":"017","XS":32,"BYBZ":"0","JSJC":2,"XXXQDM":"02","KXH":"01","KSJC":1,"XKZRS":25,"SKZC":"111111110000000000000000000000","SKJS":"方明,胡华夏","ISTK":0,"ZCMC":"1-8周","YPSJDD":"1-8周 星期四 第1节-第2节 南湖南-博学西楼-406,1-8周 星期二 第6节-第7节 南湖南-博学西楼-406","XF":2,"SKXQ":4,"XNXQDM":"2024-2025-2","KCM":"公司报告信息披露","JASDM":"0202030406","JXLDM":"020203","JXBID":"20242-02515","SKBJ":"会计2201-03","TYXMDM":null,"KCH":"10175121061"},{"KKDWDM":"017","XS":32,"BYBZ":"0","JSJC":7,"XXXQDM":"02","KXH":"01","KSJC":6,"XKZRS":25,"SKZC":"111111110000000000000000000000","SKJS":"方明,胡华夏","ISTK":0,"ZCMC":"1-8周","YPSJDD":"1-8周 星期四 第1节-第2节 南湖南-博学西楼-406,1-8周 星期二 第6节-第7节 南湖南-博学西楼-406","XF":2,"SKXQ":2,"XNXQDM":"2024-2025-2","KCM":"公司报告信息披露","JASDM":"0202030406","JXLDM":"020203","JXBID":"20242-02515","SKBJ":"会计2201-03","TYXMDM":null,"KCH":"10175121061"},{"KKDWDM":"008","XS":32,"BYBZ":"0","JSJC":8,"XXXQDM":"02","KXH":"01","KSJC":6,"XKZRS":38,"SKZC":"111111110000000000000000","SKJS":"严晗,吴敬兵,张宇航","ISTK":0,"ZCMC":"1-8周","YPSJDD":"9-10周 星期一 第6节-第7节 南湖南-博学西楼-406,1-8周 星期一 第6节-第8节 南湖南-博学西楼-406","XF":2,"SKXQ":1,"XNXQDM":"2024-2025-2","KCM":"工程热力学与传热学","JASDM":"0202030406","JXLDM":"020203","JXBID":"20242-05042","SKBJ":"智能制造本硕2301","TYXMDM":null,"KCH":"10084121079"},{"KKDWDM":"007","XS":32,"BYBZ":"0","JSJC":5,"XXXQDM":"02","KXH":"02","KSJC":3,"XKZRS":57,"SKZC":"111111110000000000000000","SKJS":"武冬梅","ISTK":0,"ZCMC":"1-8周","YPSJDD":"9周 星期四 第3节-第4节 南湖南-博学西楼-406,1-8周 星期四 第3节-第5节 南湖南-博学西楼-406","XF":2,"SKXQ":4,"XNXQDM":"2024-2025-2","KCM":"汽车电子与测试3","JASDM":"0202030406","JXLDM":"020203","JXBID":"20242-11448","SKBJ":"车辆gj2201-02","TYXMDM":null,"KCH":"10075121003"},{"KKDWDM":"008","XS":64,"BYBZ":"0","JSJC":4,"XXXQDM":"02","KXH":"04","KSJC":3,"XKZRS":72,"SKZC":"111110000000000000000000000000","SKJS":"李玉峰,陈霞","ISTK":0,"ZCMC":"1-5周","YPSJDD":"11-15周 星期五 第3节-第4节 南湖南-博学西楼-406,1-5周 星期五 第3节-第4节 南湖南-博学西楼-406,1-14周 星期三 第1节-第2节 南湖南-博学西楼-406,9周 星期日 第3节-第4节 南湖南-博学西楼-406,7-9周 星期五 第3节-第4节 南湖南-博学西楼-406","XF":4,"SKXQ":5,"XNXQDM":"2024-2025-2","KCM":"精密机械设计B","JASDM":"0202030406","JXLDM":"020203","JXBID":"20242-06731","SKBJ":"测控2301-02","TYXMDM":null,"KCH":"10084113011"},{"KKDWDM":"008","XS":64,"BYBZ":"0","JSJC":4,"XXXQDM":"02","KXH":"04","KSJC":3,"XKZRS":72,"SKZC":"000000111000000000000000000000","SKJS":"李玉峰,陈霞","ISTK":0,"ZCMC":"7-9周","YPSJDD":"11-15周 星期五 第3节-第4节 南湖南-博学西楼-406,1-5周 星期五 第3节-第4节 南湖南-博学西楼-406,1-14周 星期三 第1节-第2节 南湖南-博学西楼-406,9周 星期日 第3节-第4节 南湖南-博学西楼-406,7-9周 星期五 第3节-第4节 南湖南-博学西楼-406","XF":4,"SKXQ":5,"XNXQDM":"2024-2025-2","KCM":"精密机械设计B","JASDM":"0202030406","JXLDM":"020203","JXBID":"20242-06731","SKBJ":"测控2301-02","TYXMDM":null,"KCH":"10084113011"},{"KKDWDM":"017","XS":32,"BYBZ":"0","JSJC":7,"XXXQDM":"02","KXH":"01","KSJC":6,"XKZRS":45,"SKZC":"000000001111111100000000000000","SKJS":"刘东华","ISTK":0,"ZCMC":"9-16周","YPSJDD":"11-17周 星期四 第1节-第2节 南湖南-博学西楼-406,9-16周 星期二 第6节-第7节 南湖南-博学西楼-406,9周 星期四 第1节-第2节 南湖南-博学西楼-406","XF":2,"SKXQ":2,"XNXQDM":"2024-2025-2","KCM":"会计理论前沿","JASDM":"0202030406","JXLDM":"020203","JXBID":"20242-02527","SKBJ":"会计2201-03","TYXMDM":null,"KCH":"10175121062"},{"KKDWDM":"008","XS":32,"BYBZ":"0","JSJC":7,"XXXQDM":"02","KXH":"01","KSJC":6,"XKZRS":38,"SKZC":"000000001100000000000000","SKJS":"严晗,吴敬兵,张宇航","ISTK":0,"ZCMC":"9-10周","YPSJDD":"9-10周 星期一 第6节-第7节 南湖南-博学西楼-406,1-8周 星期一 第6节-第8节 南湖南-博学西楼-406","XF":2,"SKXQ":1,"XNXQDM":"2024-2025-2","KCM":"工程热力学与传热学","JASDM":"0202030406","JXLDM":"020203","JXBID":"20242-05042","SKBJ":"智能制造本硕2301","TYXMDM":null,"KCH":"10084121079"},{"KKDWDM":"008","XS":64,"BYBZ":"0","JSJC":4,"XXXQDM":"02","KXH":"04","KSJC":3,"XKZRS":72,"SKZC":"000000001000000000000000000000","SKJS":"李玉峰,陈霞","ISTK":0,"ZCMC":"9周","YPSJDD":"11-15周 星期五 第3节-第4节 南湖南-博学西楼-406,1-5周 星期五 第3节-第4节 南湖南-博学西楼-406,1-14周 星期三 第1节-第2节 南湖南-博学西楼-406,9周 星期日 第3节-第4节 南湖南-博学西楼-406,7-9周 星期五 第3节-第4节 南湖南-博学西楼-406","XF":4,"SKXQ":7,"XNXQDM":"2024-2025-2","KCM":"精密机械设计B","JASDM":"0202030406","JXLDM":"020203","JXBID":"20242-06731","SKBJ":"测控2301-02","TYXMDM":null,"KCH":"10084113011"},{"KKDWDM":"017","XS":32,"BYBZ":"0","JSJC":2,"XXXQDM":"02","KXH":"01","KSJC":1,"XKZRS":45,"SKZC":"000000001000000000000000000000","SKJS":"刘东华","ISTK":0,"ZCMC":"9周","YPSJDD":"11-17周 星期四 第1节-第2节 南湖南-博学西楼-406,9-16周 星期二 第6节-第7节 南湖南-博学西楼-406,9周 星期四 第1节-第2节 南湖南-博学西楼-406","XF":2,"SKXQ":4,"XNXQDM":"2024-2025-2","KCM":"会计理论前沿","JASDM":"0202030406","JXLDM":"020203","JXBID":"20242-02527","SKBJ":"会计2201-03","TYXMDM":null,"KCH":"10175121062"},{"KKDWDM":"007","XS":32,"BYBZ":"0","JSJC":4,"XXXQDM":"02","KXH":"02","KSJC":3,"XKZRS":57,"SKZC":"000000001000000000000000","SKJS":"武冬梅","ISTK":0,"ZCMC":"9周","YPSJDD":"9周 星期四 第3节-第4节 南湖南-博学西楼-406,1-8周 星期四 第3节-第5节 南湖南-博学西楼-406","XF":2,"SKXQ":4,"XNXQDM":"2024-2025-2","KCM":"汽车电子与测试3","JASDM":"0202030406","JXLDM":"020203","JXBID":"20242-11448","SKBJ":"车辆gj2201-02","TYXMDM":null,"KCH":"10075121003"},{"KKDWDM":"017","XS":32,"BYBZ":"0","JSJC":2,"XXXQDM":"02","KXH":"01","KSJC":1,"XKZRS":45,"SKZC":"000000000011111110000000000000","SKJS":"刘东华","ISTK":0,"ZCMC":"11-17周","YPSJDD":"11-17周 星期四 第1节-第2节 南湖南-博学西楼-406,9-16周 星期二 第6节-第7节 南湖南-博学西楼-406,9周 星期四 第1节-第2节 南湖南-博学西楼-406","XF":2,"SKXQ":4,"XNXQDM":"2024-2025-2","KCM":"会计理论前沿","JASDM":"0202030406","JXLDM":"020203","JXBID":"20242-02527","SKBJ":"会计2201-03","TYXMDM":null,"KCH":"10175121062"},{"KKDWDM":"008","XS":64,"BYBZ":"0","JSJC":4,"XXXQDM":"02","KXH":"04","KSJC":3,"XKZRS":72,"SKZC":"000000000011111000000000000000","SKJS":"李玉峰,陈霞","ISTK":0,"ZCMC":"11-15周","YPSJDD":"11-15周 星期五 第3节-第4节 南湖南-博学西楼-406,1-5周 星期五 第3节-第4节 南湖南-博学西楼-406,1-14周 星期三 第1节-第2节 南湖南-博学西楼-406,9周 星期日 第3节-第4节 南湖南-博学西楼-406,7-9周 星期五 第3节-第4节 南湖南-博学西楼-406","XF":4,"SKXQ":5,"XNXQDM":"2024-2025-2","KCM":"精密机械设计B","JASDM":"0202030406","JXLDM":"020203","JXBID":"20242-06731","SKBJ":"测控2301-02","TYXMDM":null,"KCH":"10084113011"},{"KKDWDM":"018","XS":32,"BYBZ":"0","JSJC":4,"XXXQDM":"02","KXH":"02","KSJC":3,"XKZRS":71,"SKZC":"000000000010000000000000","SKJS":"兰肇华","ISTK":0,"ZCMC":"11周","YPSJDD":"11周 星期二 第3节-第4节 南湖南-博学西楼-406,1-10周 星期二 第3节-第5节 南湖南-博学西楼-406","XF":2,"SKXQ":2,"XNXQDM":"2024-2025-2","KCM":"企业经济学B","JASDM":"0202030406","JXLDM":"020203","JXBID":"20242-02997","SKBJ":"数经sy2301,经 济2201-02","TYXMDM":null,"KCH":"10186113039"},{"KKDWDM":"072","XS":64,"BYBZ":"0","JSJC":2,"XXXQDM":"02","KXH":"01","KSJC":1,"XKZRS":89,"SKZC":"000000000001110000000000000000","SKJS":"曾翠林","ISTK":0,"ZCMC":"12-14周","YPSJDD":"12-14周 星期一 第1节-第2节 南湖南-博学西楼-406,1-10周 星期一 第1节-第2节 南湖南-博学西楼-406,1-15周 星期三 第3节-第4节 南湖南-博学西楼-406,16-17周 星期一 第1节-第2节 南湖南-博学西楼-406","XF":4,"SKXQ":1,"XNXQDM":"2024-2025-2","KCM":"工程力学A","JASDM":"0202030406","JXLDM":"020203","JXBID":"20242-05106","SKBJ":"安全2301-02","TYXMDM":null,"KCH":"10155111052"},{"KKDWDM":"072","XS":64,"BYBZ":"0","JSJC":2,"XXXQDM":"02","KXH":"01","KSJC":1,"XKZRS":89,"SKZC":"000000000000000110000000000000","SKJS":"曾翠林","ISTK":0,"ZCMC":"16-17周","YPSJDD":"12-14周 星期一 第1节-第2节 南湖南-博学西楼-406,1-10周 星期一 第1节-第2节 南湖南-博学西楼-406,1-15周 星期三 第3节-第4节 南湖南-博学西楼-406,16-17周 星期一 第1节-第2节 南湖南-博学西楼-406","XF":4,"SKXQ":1,"XNXQDM":"2024-2025-2","KCM":"工程力学A","JASDM":"0202030406","JXLDM":"020203","JXBID":"20242-05106","SKBJ":"安全2301-02","TYXMDM":null,"KCH":"10155111052"},{"KKDWDM":"003","XS":48,"BYBZ":"0","JSJC":4,"XXXQDM":"02","KXH":"01","KSJC":3,"XKZRS":39,"SKZC":"000000000000000010000000","SKJS":"廖红卫,王丰","ISTK":0,"ZCMC":"17周","YPSJDD":"17周 星期一 第3节-第4节 南湖南-博学西楼-406,1-10周,12-14周,16周 星期一 第3节-第5节 南湖南-博学西楼-406","XF":3,"SKXQ":1,"XNXQDM":"2024-2025-2","KCM":"金属学及热处理C","JASDM":"0202030406","JXLDM":"020203","JXBID":"20242-05606","SKBJ":"成型2302","TYXMDM":null,"KCH":"10034121096"}]}},"code":"0"}