{"datas":{"jaskcb":{"extParams":{"code":1,"msg":"查询成功"},"pageSize":0,"pageNumber":0,"totalSize":-1,"rows":[{"KKDWDM":"008","XS":56,"BYBZ":"0","JSJC":2,"XXXQDM":"02","KXH":"03","KSJC":1,"XKZRS":52,"SKZC":"111111111111100000000000000000","SKJS":"冯雪梅,徐劲力","ISTK":0,"ZCMC":"1-13周","YPSJDD":"1-13周 星期三 第1节-第2节 南湖南-博学西楼-402,7-9周 星期五 第3节-第4节 南湖南-博学西楼-402,11-13周 星期五 第3节-第4节 南湖南-博学西楼-402,1-5周 星期五 第3节-第4节 南湖南-博学西楼-402,9周 星期日 第3节-第4节 南湖南-博学西楼-402","XF":3,"SKXQ":3,"XNXQDM":"2024-2025-2","KCM":"机械设计基础A","JASDM":"0202030402","JXLDM":"020203","JXBID":"20242-04659","SKBJ":"智能制造2301-02","TYXMDM":null,"KCH":"10083121087"},{"KKDWDM":"008","XS":56,"BYBZ":"0","JSJC":4,"XXXQDM":"02","KXH":"12","KSJC":3,"XKZRS":54,"SKZC":"111111111111100000000000000000","SKJS":"冯雪梅,徐劲力","ISTK":0,"ZCMC":"1-13周","YPSJDD":"11-13周 星期四 第1节-第2节 南湖南-博学西楼-402,1-9周 星期四 第1节-第2节 南湖南-博学西楼-402,1-13周 星期二 第3节-第4节 南湖南-博学西楼-402","XF":3,"SKXQ":2,"XNXQDM":"2024-2025-2","KCM":"机械设计基础A","JASDM":"0202030402","JXLDM":"020203","JXBID":"20242-11467","SKBJ":"能源zy2301,车辆2301-02","TYXMDM":null,"KCH":"10083121087"},{"KKDWDM":"012","XS":40,"BYBZ":"0","JSJC":5,"XXXQDM":"02","KXH":"02","KSJC":3,"XKZRS":79,"SKZC":"111111111111000000000000","SKJS":"袁胜琼","ISTK":0,"ZCMC":"1-12周","YPSJDD":"13-14周 星期三 第3节-第4节 南湖南-博学西楼-402,1-12周 星期三 第3节-第5节 南湖南-博学西楼-402","XF":2,"SKXQ":3,"XNXQDM":"2024-2025-2","KCM":"软件工程基础","JASDM":"0202030402","JXLDM":"020203","JXBID":"20242-05608","SKBJ":"软件2301-02","TYXMDM":null,"KCH":"10125117018"},{"KKDWDM":"071","XS":48,"BYBZ":"0","JSJC":8,"XXXQDM":"02","KXH":"02","KSJC":6,"XKZRS":56,"SKZC":"111111111100000000000000000000","SKJS":"柳贵平","ISTK":0,"ZCMC":"1-10周","YPSJDD":"1-10周 星期一 第6节-第8节 南湖南-博学西楼-402,17周 星期二 第6节-第8节 南湖南-博学西楼-402,16-17周 星期一 第6节-第8节 南湖南-博学西楼-402,12-14周 星期一 第6节-第8节 南湖南-博学西楼-402","XF":3,"SKXQ":1,"XNXQDM":"2024-2025-2","KCM":"复变函数与积分变换B","JASDM":"0202030402","JXLDM":"020203","JXBID":"20242-05078","SKBJ":"测控zy2301","TYXMDM":null,"KCH":"10155111056"},{"KKDWDM":"038","XS":32,"BYBZ":"0","JSJC":4,"XXXQDM":"02","KXH":"30","KSJC":3,"XKZRS":84,"SKZC":"111111111100000000000000000000","SKJS":"陈安荠","ISTK":0,"ZCMC":"1-10周","YPSJDD":"1-10周 星期一 第3节-第4节 南湖南-博学西楼-402,12-13周 星期一 第3节-第4节 南湖南-博学西楼-402","XF":2,"SKXQ":1,"XNXQDM":"2024-2025-2","KCM":"心理健康教育","JASDM":"0202030402","JXLDM":"020203","JXBID":"20242-11957","SKBJ":"运动训练2401-02","TYXMDM":null,"KCH":"10388117003"},{"KKDWDM":"071","XS":56,"BYBZ":"0","JSJC":2,"XXXQDM":"02","KXH":"01","KSJC":1,"XKZRS":57,"SKZC":"111111111100000000000000000000","SKJS":"储育青,李真","ISTK":0,"ZCMC":"1-10周","YPSJDD":"12-14周 星期一 第1节-第2节 南湖南-博学西楼-402,16周 星期一 第1节-第2节 南湖南-博学西楼-402,11-15周 星期四 第3节-第4节 南湖南-博学西楼-402,1-10周 星期一 第1节-第2节 南湖南-博学西楼-402,1-9周 星期四 第3节-第4节 南湖南-博学西楼-402","XF":3,"SKXQ":1,"XNXQDM":"2024-2025-2","KCM":"抽样调查","JASDM":"0202030402","JXLDM":"020203","JXBID":"20242-03173","SKBJ":"统计2201-02","TYXMDM":null,"KCH":"10155121010"},{"KKDWDM":"010","XS":32,"BYBZ":"0","JSJC":8,"XXXQDM":"02","KXH":"01","KSJC":6,"XKZRS":51,"SKZC":"111111111100000000000000","SKJS":"夏令,方临川","ISTK":0,"ZCMC":"1-10周","YPSJDD":"11周 星期二 第6节-第7节 南湖南-博学西楼-402,1-10周 星期二 第6节-第8节 南湖南-博学西楼-402","XF":2,"SKXQ":2,"XNXQDM":"2024-2025-2","KCM":"环境规划学","JASDM":"0202030402","JXLDM":"020203","JXBID":"20242-02461","SKBJ":"环工2201-02","TYXMDM":null,"KCH":"4060046110"},{"KKDWDM":"071","XS":56,"BYBZ":"0","JSJC":4,"XXXQDM":"02","KXH":"01","KSJC":3,"XKZRS":57,"SKZC":"111111111000000000000000000000","SKJS":"储育青,李真","ISTK":0,"ZCMC":"1-9周","YPSJDD":"12-14周 星期一 第1节-第2节 南湖南-博学西楼-402,16周 星期一 第1节-第2节 南湖南-博学西楼-402,11-15周 星期四 第3节-第4节 南湖南-博学西楼-402,1-10周 星期一 第1节-第2节 南湖南-博学西楼-402,1-9周 星期四 第3节-第4节 南湖南-博学西楼-402","XF":3,"SKXQ":4,"XNXQDM":"2024-2025-2","KCM":"抽样调查","JASDM":"0202030402","JXLDM":"020203","JXBID":"20242-03173","SKBJ":"统计2201-02","TYXMDM":null,"KCH":"10155121010"},{"KKDWDM":"008","XS":56,"BYBZ":"0","JSJC":2,"XXXQDM":"02","KXH":"12","KSJC":1,"XKZRS":54,"SKZC":"111111111000000000000000000000","SKJS":"冯雪梅,徐劲力","ISTK":0,"ZCMC":"1-9周","YPSJDD":"11-13周 星期四 第1节-第2节 南湖南-博学西楼-402,1-9周 星期四 第1节-第2节 南湖南-博学西楼-402,1-13周 星期二 第3节-第4节 南湖南-博学西楼-402","XF":3,"SKXQ":4,"XNXQDM":"2024-2025-2","KCM":"机械设计基础A","JASDM":"0202030402","JXLDM":"020203","JXBID":"20242-11467","SKBJ":"能源zy2301,车辆2301-02","TYXMDM":null,"KCH":"10083121087"},{"KKDWDM":"016","XS":32,"BYBZ":"0","JSJC":2,"XXXQDM":"02","KXH":"02","KSJC":1,"XKZRS":88,"SKZC":"111111110000000000000000000000","SKJS":"李其昌","ISTK":0,"ZCMC":"1-8周","YPSJDD":"7-8周 星期五 第1节-第2节 南湖南-博学西楼-402,9周 星期日 第1节-第2节 南湖南-博学西楼-402,1-8周 星期二 第1节-第2节 南湖南-博学西楼-402,1-5周 星期五 第1节-第2节 南湖南-博学西楼-402","XF":2,"SKXQ":2,"XNXQDM":"2024-2025-2","KCM":"生化分离与分析技术","JASDM":"0202030402","JXLDM":"020203","JXBID":"20242-02821","SKBJ":"生物H2201-03","TYXMDM":null,"KCH":"10164117051"},{"KKDWDM":"016","XS":32,"BYBZ":"0","JSJC":2,"XXXQDM":"02","KXH":"02","KSJC":1,"XKZRS":88,"SKZC":"111110000000000000000000000000","SKJS":"李其昌","ISTK":0,"ZCMC":"1-5周","YPSJDD":"7-8周 星期五 第1节-第2节 南湖南-博学西楼-402,9周 星期日 第1节-第2节 南湖南-博学西楼-402,1-8周 星期二 第1节-第2节 南湖南-博学西楼-402,1-5周 星期五 第1节-第2节 南湖南-博学西楼-402","XF":2,"SKXQ":5,"XNXQDM":"2024-2025-2","KCM":"生化分离与分析技术","JASDM":"0202030402","JXLDM":"020203","JXBID":"20242-02821","SKBJ":"生物H2201-03","TYXMDM":null,"KCH":"10164117051"},{"KKDWDM":"008","XS":56,"BYBZ":"0","JSJC":4,"XXXQDM":"02","KXH":"03","KSJC":3,"XKZRS":52,"SKZC":"111110000000000000000000000000","SKJS":"冯雪梅,徐劲力","ISTK":0,"ZCMC":"1-5周","YPSJDD":"1-13周 星期三 第1节-第2节 南湖南-博学西楼-402,7-9周 星期五 第3节-第4节 南湖南-博学西楼-402,11-13周 星期五 第3节-第4节 南湖南-博学西楼-402,1-5周 星期五 第3节-第4节 南湖南-博学西楼-402,9周 星期日 第3节-第4节 南湖南-博学西楼-402","XF":3,"SKXQ":5,"XNXQDM":"2024-2025-2","KCM":"机械设计基础A","JASDM":"0202030402","JXLDM":"020203","JXBID":"20242-04659","SKBJ":"智能制造2301-02","TYXMDM":null,"KCH":"10083121087"},{"KKDWDM":"008","XS":56,"BYBZ":"0","JSJC":4,"XXXQDM":"02","KXH":"03","KSJC":3,"XKZRS":52,"SKZC":"000000111000000000000000000000","SKJS":"冯雪梅,徐劲力","ISTK":0,"ZCMC":"7-9周","YPSJDD":"1-13周 星期三 第1节-第2节 南湖南-博学西楼-402,7-9周 星期五 第3节-第4节 南湖南-博学西楼-402,11-13周 星期五 第3节-第4节 南湖南-博学西楼-402,1-5周 星期五 第3节-第4节 南湖南-博学西楼-402,9周 星期日 第3节-第4节 南湖南-博学西楼-402","XF":3,"SKXQ":5,"XNXQDM":"2024-2025-2","KCM":"机械设计基础A","JASDM":"0202030402","JXLDM":"020203","JXBID":"20242-04659","SKBJ":"智能制造2301-02","TYXMDM":null,"KCH":"10083121087"},{"KKDWDM":"016","XS":32,"BYBZ":"0","JSJC":2,"XXXQDM":"02","KXH":"02","KSJC":1,"XKZRS":88,"SKZC":"000000110000000000000000000000","SKJS":"李其昌","ISTK":0,"ZCMC":"7-8周","YPSJDD":"7-8周 星期五 第1节-第2节 南湖南-博学西楼-402,9周 星期日 第1节-第2节 南湖南-博学西楼-402,1-8周 星期二 第1节-第2节 南湖南-博学西楼-402,1-5周 星期五 第1节-第2节 南湖南-博学西楼-402","XF":2,"SKXQ":5,"XNXQDM":"2024-2025-2","KCM":"生化分离与分析技术","JASDM":"0202030402","JXLDM":"020203","JXBID":"20242-02821","SKBJ":"生物H2201-03","TYXMDM":null,"KCH":"10164117051"},{"KKDWDM":"008","XS":56,"BYBZ":"0","JSJC":4,"XXXQDM":"02","KXH":"03","KSJC":3,"XKZRS":52,"SKZC":"000000001000000000000000000000","SKJS":"冯雪梅,徐劲力","ISTK":0,"ZCMC":"9周","YPSJDD":"1-13周 星期三 第1节-第2节 南湖南-博学西楼-402,7-9周 星期五 第3节-第4节 南湖南-博学西楼-402,11-13周 星期五 第3节-第4节 南湖南-博学西楼-402,1-5周 星期五 第3节-第4节 南湖南-博学西楼-402,9周 星期日 第3节-第4节 南湖南-博学西楼-402","XF":3,"SKXQ":7,"XNXQDM":"2024-2025-2","KCM":"机械设计基础A","JASDM":"0202030402","JXLDM":"020203","JXBID":"20242-04659","SKBJ":"智能制造2301-02","TYXMDM":null,"KCH":"10083121087"},{"KKDWDM":"016","XS":32,"BYBZ":"0","JSJC":2,"XXXQDM":"02","KXH":"02","KSJC":1,"XKZRS":88,"SKZC":"000000001000000000000000000000","SKJS":"李其昌","ISTK":0,"ZCMC":"9周","YPSJDD":"7-8周 星期五 第1节-第2节 南湖南-博学西楼-402,9周 星期日 第1节-第2节 南湖南-博学西楼-402,1-8周 星期二 第1节-第2节 南湖南-博学西楼-402,1-5周 星期五 第1节-第2节 南湖南-博学西楼-402","XF":2,"SKXQ":7,"XNXQDM":"2024-2025-2","KCM":"生化分离与分析技术","JASDM":"0202030402","JXLDM":"020203","JXBID":"20242-02821","SKBJ":"生物H2201-03","TYXMDM":null,"KCH":"10164117051"},{"KKDWDM":"071","XS":56,"BYBZ":"0","JSJC":4,"XXXQDM":"02","KXH":"01","KSJC":3,"XKZRS":57,"SKZC":"000000000011111000000000000000","SKJS":"储育青,李真","ISTK":0,"ZCMC":"11-15周","YPSJDD":"12-14周 星期一 第1节-第2节 南湖南-博学西楼-402,16周 星期一 第1节-第2节 南湖南-博学西楼-402,11-15周 星期四 第3节-第4节 南湖南-博学西楼-402,1-10周 星期一 第1节-第2节 南湖南-博学西楼-402,1-9周 星期四 第3节-第4节 南湖南-博学西楼-402","XF":3,"SKXQ":4,"XNXQDM":"2024-2025-2","KCM":"抽样调查","JASDM":"0202030402","JXLDM":"020203","JXBID":"20242-03173","SKBJ":"统计2201-02","TYXMDM":null,"KCH":"10155121010"},{"KKDWDM":"008","XS":56,"BYBZ":"0","JSJC":4,"XXXQDM":"02","KXH":"03","KSJC":3,"XKZRS":52,"SKZC":"000000000011100000000000000000","SKJS":"冯雪梅,徐劲力","ISTK":0,"ZCMC":"11-13周","YPSJDD":"1-13周 星期三 第1节-第2节 南湖南-博学西楼-402,7-9周 星期五 第3节-第4节 南湖南-博学西楼-402,11-13周 星期五 第3节-第4节 南湖南-博学西楼-402,1-5周 星期五 第3节-第4节 南湖南-博学西楼-402,9周 星期日 第3节-第4节 南湖南-博学西楼-402","XF":3,"SKXQ":5,"XNXQDM":"2024-2025-2","KCM":"机械设计基础A","JASDM":"0202030402","JXLDM":"020203","JXBID":"20242-04659","SKBJ":"智能制造2301-02","TYXMDM":null,"KCH":"10083121087"},{"KKDWDM":"008","XS":56,"BYBZ":"0","JSJC":2,"XXXQDM":"02","KXH":"12","KSJC":1,"XKZRS":54,"SKZC":"000000000011100000000000000000","SKJS":"冯雪梅,徐劲力","ISTK":0,"ZCMC":"11-13周","YPSJDD":"11-13周 星期四 第1节-第2节 南湖南-博学西楼-402,1-9周 星期四 第1节-第2节 南湖南-博学西楼-402,1-13周 星期二 第3节-第4节 南湖南-博学西楼-402","XF":3,"SKXQ":4,"XNXQDM":"2024-2025-2","KCM":"机械设计基础A","JASDM":"0202030402","JXLDM":"020203","JXBID":"20242-11467","SKBJ":"能源zy2301,车辆2301-02","TYXMDM":null,"KCH":"10083121087"},{"KKDWDM":"010","XS":32,"BYBZ":"0","JSJC":7,"XXXQDM":"02","KXH":"01","KSJC":6,"XKZRS":51,"SKZC":"000000000010000000000000","SKJS":"夏令,方临川","ISTK":0,"ZCMC":"11周","YPSJDD":"11周 星期二 第6节-第7节 南湖南-博学西楼-402,1-10周 星期二 第6节-第8节 南湖南-博学西楼-402","XF":2,"SKXQ":2,"XNXQDM":"2024-2025-2","KCM":"环境规划学","JASDM":"0202030402","JXLDM":"020203","JXBID":"20242-02461","SKBJ":"环工2201-02","TYXMDM":null,"KCH":"4060046110"},{"KKDWDM":"071","XS":56,"BYBZ":"0","JSJC":2,"XXXQDM":"02","KXH":"01","KSJC":1,"XKZRS":57,"SKZC":"000000000001110000000000000000","SKJS":"储育青,李真","ISTK":0,"ZCMC":"12-14周","YPSJDD":"12-14周 星期一 第1节-第2节 南湖南-博学西楼-402,16周 星期一 第1节-第2节 南湖南-博学西楼-402,11-15周 星期四 第3节-第4节 南湖南-博学西楼-402,1-10周 星期一 第1节-第2节 南湖南-博学西楼-402,1-9周 星期四 第3节-第4节 南湖南-博学西楼-402","XF":3,"SKXQ":1,"XNXQDM":"2024-2025-2","KCM":"抽样调查","JASDM":"0202030402","JXLDM":"020203","JXBID":"20242-03173","SKBJ":"统计2201-02","TYXMDM":null,"KCH":"10155121010"},{"KKDWDM":"071","XS":48,"BYBZ":"0","JSJC":8,"XXXQDM":"02","KXH":"02","KSJC":6,"XKZRS":56,"SKZC":"000000000001110000000000000000","SKJS":"柳贵平","ISTK":0,"ZCMC":"12-14周","YPSJDD":"1-10周 星期一 第6节-第8节 南湖南-博学西楼-402,17周 星期二 第6节-第8节 南湖南-博学西楼-402,16-17周 星期一 第6节-第8节 南湖南-博学西楼-402,12-14周 星期一 第6节-第8节 南湖南-博学西楼-402","XF":3,"SKXQ":1,"XNXQDM":"2024-2025-2","KCM":"复变函数与积分变换B","JASDM":"0202030402","JXLDM":"020203","JXBID":"20242-05078","SKBJ":"测控zy2301","TYXMDM":null,"KCH":"10155111056"},{"KKDWDM":"038","XS":32,"BYBZ":"0","JSJC":4,"XXXQDM":"02","KXH":"30","KSJC":3,"XKZRS":84,"SKZC":"000000000001100000000000000000","SKJS":"陈安荠","ISTK":0,"ZCMC":"12-13周","YPSJDD":"1-10周 星期一 第3节-第4节 南湖南-博学西楼-402,12-13周 星期一 第3节-第4节 南湖南-博学西楼-402","XF":2,"SKXQ":1,"XNXQDM":"2024-2025-2","KCM":"心理健康教育","JASDM":"0202030402","JXLDM":"020203","JXBID":"20242-11957","SKBJ":"运动训练2401-02","TYXMDM":null,"KCH":"10388117003"},{"KKDWDM":"012","XS":40,"BYBZ":"0","JSJC":4,"XXXQDM":"02","KXH":"02","KSJC":3,"XKZRS":79,"SKZC":"000000000000110000000000","SKJS":"袁胜琼","ISTK":0,"ZCMC":"13-14周","YPSJDD":"13-14周 星期三 第3节-第4节 南湖南-博学西楼-402,1-12周 星期三 第3节-第5节 南湖南-博学西楼-402","XF":2,"SKXQ":3,"XNXQDM":"2024-2025-2","KCM":"软件工程基础","JASDM":"0202030402","JXLDM":"020203","JXBID":"20242-05608","SKBJ":"软件2301-02","TYXMDM":null,"KCH":"10125117018"},{"KKDWDM":"071","XS":48,"BYBZ":"0","JSJC":8,"XXXQDM":"02","KXH":"02","KSJC":6,"XKZRS":56,"SKZC":"000000000000000110000000000000","SKJS":"柳贵平","ISTK":0,"ZCMC":"16-17周","YPSJDD":"1-10周 星期一 第6节-第8节 南湖南-博学西楼-402,17周 星期二 第6节-第8节 南湖南-博学西楼-402,16-17周 星期一 第6节-第8节 南湖南-博学西楼-402,12-14周 星期一 第6节-第8节 南湖南-博学西楼-402","XF":3,"SKXQ":1,"XNXQDM":"2024-2025-2","KCM":"复变函数与积分变换B","JASDM":"0202030402","JXLDM":"020203","JXBID":"20242-05078","SKBJ":"测控zy2301","TYXMDM":null,"KCH":"10155111056"},{"KKDWDM":"071","XS":56,"BYBZ":"0","JSJC":2,"XXXQDM":"02","KXH":"01","KSJC":1,"XKZRS":57,"SKZC":"000000000000000100000000000000","SKJS":"储育青,李真","ISTK":0,"ZCMC":"16周","YPSJDD":"12-14周 星期一 第1节-第2节 南湖南-博学西楼-402,16周 星期一 第1节-第2节 南湖南-博学西楼-402,11-15周 星期四 第3节-第4节 南湖南-博学西楼-402,1-10周 星期一 第1节-第2节 南湖南-博学西楼-402,1-9周 星期四 第3节-第4节 南湖南-博学西楼-402","XF":3,"SKXQ":1,"XNXQDM":"2024-2025-2","KCM":"抽样调查","JASDM":"0202030402","JXLDM":"020203","JXBID":"20242-03173","SKBJ":"统计2201-02","TYXMDM":null,"KCH":"10155121010"},{"KKDWDM":"071","XS":48,"BYBZ":"0","JSJC":8,"XXXQDM":"02","KXH":"02","KSJC":6,"XKZRS":56,"SKZC":"000000000000000010000000000000","SKJS":"柳贵平","ISTK":0,"ZCMC":"17周","YPSJDD":"1-10周 星期一 第6节-第8节 南湖南-博学西楼-402,17周 星期二 第6节-第8节 南湖南-博学西楼-402,16-17周 星期一 第6节-第8节 南湖南-博学西楼-402,12-14周 星期一 第6节-第8节 南湖南-博学西楼-402","XF":3,"SKXQ":2,"XNXQDM":"2024-2025-2","KCM":"复变函数与积分变换B","JASDM":"0202030402","JXLDM":"020203","JXBID":"20242-05078","SKBJ":"测控zy2301","TYXMDM":null,"KCH":"10155111056"}]}},"code":"0"}