{"datas":{"jaskcb":{"extParams":{"code":1,"msg":"查询成功"},"pageSize":0,"pageNumber":0,"totalSize":-1,"rows":[{"KKDWDM":"022","XS":48,"BYBZ":"0","JSJC":5,"XXXQDM":"02","KXH":"01","KSJC":3,"XKZRS":51,"SKZC":"1111111111111111","SKJS":"张峻豪","ISTK":0,"ZCMC":"1-16周","YPSJDD":"1-16周 星期二 第3节-第5节 南湖南-博学西楼-308","XF":3,"SKXQ":2,"XNXQDM":"2024-2025-2","KCM":"社会政策","JASDM":"0202030308","JXLDM":"020203","JXBID":"20242-05342","SKBJ":"社工2301-02","TYXMDM":null,"KCH":"10224121118"},{"KKDWDM":"012","XS":88,"BYBZ":"0","JSJC":4,"XXXQDM":"02","KXH":"01","KSJC":3,"XKZRS":17,"SKZC":"111111111111110000000000000000","SKJS":"张晓盼","ISTK":0,"ZCMC":"1-14周","YPSJDD":"1-14周 星期三 第3节-第4节 南湖南-博学西楼-308,1-10周 星期一 第1节-第2节 南湖南-博学西楼-308,16周 星期一 第1节-第2节 南湖南-博学西楼-308,12-14周 星期一 第1节-第2节 南湖南-博学西楼-308","XF":5,"SKXQ":3,"XNXQDM":"2024-2025-2","KCM":"数据结构A","JASDM":"0202030308","JXLDM":"020203","JXBID":"20242-04717","SKBJ":"计算机留2301","TYXMDM":null,"KCH":"30124119008"},{"KKDWDM":"007","XS":40,"BYBZ":"0","JSJC":8,"XXXQDM":"02","KXH":"03","KSJC":6,"XKZRS":53,"SKZC":"111111111111","SKJS":"杨兰,温艳,马慧娟","ISTK":0,"ZCMC":"1-12周","YPSJDD":"1-12周 星期二 第6节-第8节 南湖南-博学西楼-308","XF":2,"SKXQ":2,"XNXQDM":"2024-2025-2","KCM":"汽车构造","JASDM":"0202030308","JXLDM":"020203","JXBID":"20242-10165","SKBJ":"能源2301,能源zy2301","TYXMDM":null,"KCH":"10075121082"},{"KKDWDM":"012","XS":88,"BYBZ":"0","JSJC":2,"XXXQDM":"02","KXH":"01","KSJC":1,"XKZRS":17,"SKZC":"111111111100000000000000000000","SKJS":"张晓盼","ISTK":0,"ZCMC":"1-10周","YPSJDD":"1-14周 星期三 第3节-第4节 南湖南-博学西楼-308,1-10周 星期一 第1节-第2节 南湖南-博学西楼-308,16周 星期一 第1节-第2节 南湖南-博学西楼-308,12-14周 星期一 第1节-第2节 南湖南-博学西楼-308","XF":5,"SKXQ":1,"XNXQDM":"2024-2025-2","KCM":"数据结构A","JASDM":"0202030308","JXLDM":"020203","JXBID":"20242-04717","SKBJ":"计算机留2301","TYXMDM":null,"KCH":"30124119008"},{"KKDWDM":"022","XS":48,"BYBZ":"0","JSJC":8,"XXXQDM":"02","KXH":"01","KSJC":6,"XKZRS":51,"SKZC":"111111111100000000000000000000","SKJS":"邓万春","ISTK":0,"ZCMC":"1-10周","YPSJDD":"17周 星期二 第6节-第8节 南湖南-博学西楼-308,16-17周 星期一 第6节-第8节 南湖南-博学西楼-308,12-14周 星期一 第6节-第8节 南湖南-博学西楼-308,1-10周 星期一 第6节-第8节 南湖南-博学西楼-308","XF":3,"SKXQ":1,"XNXQDM":"2024-2025-2","KCM":"社会工作理论C","JASDM":"0202030308","JXLDM":"020203","JXBID":"20242-05478","SKBJ":"社工2301-02","TYXMDM":null,"KCH":"10224121123"},{"KKDWDM":"022","XS":48,"BYBZ":"0","JSJC":5,"XXXQDM":"02","KXH":"01","KSJC":3,"XKZRS":51,"SKZC":"111111111100000000000000000000","SKJS":"张晓筱,彭子剑","ISTK":0,"ZCMC":"1-10周","YPSJDD":"16-17周 星期一 第3节-第5节 南湖南-博学西楼-308,12-14周 星期一 第3节-第5节 南湖南-博学西楼-308,17周 星期二 第3节-第5节 南湖南-博学西楼-308,1-10周 星期一 第3节-第5节 南湖南-博学西楼-308","XF":3,"SKXQ":1,"XNXQDM":"2024-2025-2","KCM":"社区工作","JASDM":"0202030308","JXLDM":"020203","JXBID":"20242-05313","SKBJ":"社工2301-02","TYXMDM":null,"KCH":"10224121119"},{"KKDWDM":"022","XS":32,"BYBZ":"0","JSJC":8,"XXXQDM":"02","KXH":"01","KSJC":6,"XKZRS":29,"SKZC":"111111111100000000000000","SKJS":"余艳萍,张峻豪","ISTK":0,"ZCMC":"1-10周","YPSJDD":"11周 星期三 第6节-第7节 南湖南-博学西楼-308,1-10周 星期三 第6节-第8节 南湖南-博学西楼-308","XF":2,"SKXQ":3,"XNXQDM":"2024-2025-2","KCM":"质的研究方法C","JASDM":"0202030308","JXLDM":"020203","JXBID":"20242-04874","SKBJ":"社工2301-02","TYXMDM":null,"KCH":"10226117193"},{"KKDWDM":"020","XS":32,"BYBZ":"0","JSJC":13,"XXXQDM":"02","KXH":"01","KSJC":11,"XKZRS":52,"SKZC":"111111111100000000000000","SKJS":"王海燕","ISTK":0,"ZCMC":"1-10周","YPSJDD":"11周 星期三 第11节-第12节 南湖南-博学西楼-308,1-10周 星期三 第11节-第13节 南湖南-博学西楼-308","XF":2,"SKXQ":3,"XNXQDM":"2024-2025-2","KCM":"文学批评","JASDM":"0202030308","JXLDM":"020203","JXBID":"20242-08458","SKBJ":"公选-08458","TYXMDM":null,"KCH":"10206112013"},{"KKDWDM":"072","XS":64,"BYBZ":"0","JSJC":2,"XXXQDM":"02","KXH":"18","KSJC":1,"XKZRS":45,"SKZC":"111111111011111000000000","SKJS":"陈登平","ISTK":0,"ZCMC":"1-9周,11-15周","YPSJDD":"1-9周,11-15周 星期四 第1节-第2节 南湖南-博学西楼-308,1-16周 星期二 第3节-第4节 南湖南-博学西楼-413","XF":4,"SKXQ":4,"XNXQDM":"2024-2025-2","KCM":"材料力学C","JASDM":"0202030308","JXLDM":"020203","JXBID":"20242-10813","SKBJ":"车辆2305","TYXMDM":null,"KCH":"10154111009"},{"KKDWDM":"022","XS":48,"BYBZ":"0","JSJC":5,"XXXQDM":"02","KXH":"01","KSJC":3,"XKZRS":51,"SKZC":"111111111000000000000000000000","SKJS":"许芳","ISTK":0,"ZCMC":"1-9周","YPSJDD":"11-17周 星期四 第3节-第5节 南湖南-博学西楼-308,1-9周 星期四 第3节-第5节 南湖南-博学西楼-308","XF":3,"SKXQ":4,"XNXQDM":"2024-2025-2","KCM":"个案工作D","JASDM":"0202030308","JXLDM":"020203","JXBID":"20242-05506","SKBJ":"社工2301-02","TYXMDM":null,"KCH":"10224121120"},{"KKDWDM":"022","XS":40,"BYBZ":"0","JSJC":8,"XXXQDM":"02","KXH":"01","KSJC":6,"XKZRS":28,"SKZC":"111110111011100000000000","SKJS":"刘卫华","ISTK":0,"ZCMC":"1-5周,7-9周,11-13周","YPSJDD":"14-15周 星期五 第6节-第7节 南湖南-博学西楼-308,1-5周,7-9周,11-13周 星期五 第6节-第8节 南湖南-博学西楼-308,9周 星期日 第6节-第8节 南湖南-博学西楼-308","XF":2,"SKXQ":5,"XNXQDM":"2024-2025-2","KCM":"社会心理学D","JASDM":"0202030308","JXLDM":"020203","JXBID":"20242-05271","SKBJ":"社工2301-02","TYXMDM":null,"KCH":"10225121050"},{"KKDWDM":"022","XS":40,"BYBZ":"0","JSJC":8,"XXXQDM":"02","KXH":"01","KSJC":6,"XKZRS":28,"SKZC":"000000001000000000000000","SKJS":"刘卫华","ISTK":0,"ZCMC":"9周","YPSJDD":"14-15周 星期五 第6节-第7节 南湖南-博学西楼-308,1-5周,7-9周,11-13周 星期五 第6节-第8节 南湖南-博学西楼-308,9周 星期日 第6节-第8节 南湖南-博学西楼-308","XF":2,"SKXQ":7,"XNXQDM":"2024-2025-2","KCM":"社会心理学D","JASDM":"0202030308","JXLDM":"020203","JXBID":"20242-05271","SKBJ":"社工2301-02","TYXMDM":null,"KCH":"10225121050"},{"KKDWDM":"022","XS":48,"BYBZ":"0","JSJC":5,"XXXQDM":"02","KXH":"01","KSJC":3,"XKZRS":51,"SKZC":"000000000011111110000000000000","SKJS":"许芳","ISTK":0,"ZCMC":"11-17周","YPSJDD":"11-17周 星期四 第3节-第5节 南湖南-博学西楼-308,1-9周 星期四 第3节-第5节 南湖南-博学西楼-308","XF":3,"SKXQ":4,"XNXQDM":"2024-2025-2","KCM":"个案工作D","JASDM":"0202030308","JXLDM":"020203","JXBID":"20242-05506","SKBJ":"社工2301-02","TYXMDM":null,"KCH":"10224121120"},{"KKDWDM":"020","XS":32,"BYBZ":"0","JSJC":12,"XXXQDM":"02","KXH":"01","KSJC":11,"XKZRS":52,"SKZC":"000000000010000000000000","SKJS":"王海燕","ISTK":0,"ZCMC":"11周","YPSJDD":"11周 星期三 第11节-第12节 南湖南-博学西楼-308,1-10周 星期三 第11节-第13节 南湖南-博学西楼-308","XF":2,"SKXQ":3,"XNXQDM":"2024-2025-2","KCM":"文学批评","JASDM":"0202030308","JXLDM":"020203","JXBID":"20242-08458","SKBJ":"公选-08458","TYXMDM":null,"KCH":"10206112013"},{"KKDWDM":"022","XS":32,"BYBZ":"0","JSJC":7,"XXXQDM":"02","KXH":"01","KSJC":6,"XKZRS":29,"SKZC":"000000000010000000000000","SKJS":"余艳萍,张峻豪","ISTK":0,"ZCMC":"11周","YPSJDD":"11周 星期三 第6节-第7节 南湖南-博学西楼-308,1-10周 星期三 第6节-第8节 南湖南-博学西楼-308","XF":2,"SKXQ":3,"XNXQDM":"2024-2025-2","KCM":"质的研究方法C","JASDM":"0202030308","JXLDM":"020203","JXBID":"20242-04874","SKBJ":"社工2301-02","TYXMDM":null,"KCH":"10226117193"},{"KKDWDM":"022","XS":48,"BYBZ":"0","JSJC":5,"XXXQDM":"02","KXH":"01","KSJC":3,"XKZRS":51,"SKZC":"000000000001110000000000000000","SKJS":"张晓筱,彭子剑","ISTK":0,"ZCMC":"12-14周","YPSJDD":"16-17周 星期一 第3节-第5节 南湖南-博学西楼-308,12-14周 星期一 第3节-第5节 南湖南-博学西楼-308,17周 星期二 第3节-第5节 南湖南-博学西楼-308,1-10周 星期一 第3节-第5节 南湖南-博学西楼-308","XF":3,"SKXQ":1,"XNXQDM":"2024-2025-2","KCM":"社区工作","JASDM":"0202030308","JXLDM":"020203","JXBID":"20242-05313","SKBJ":"社工2301-02","TYXMDM":null,"KCH":"10224121119"},{"KKDWDM":"012","XS":88,"BYBZ":"0","JSJC":2,"XXXQDM":"02","KXH":"01","KSJC":1,"XKZRS":17,"SKZC":"000000000001110000000000000000","SKJS":"张晓盼","ISTK":0,"ZCMC":"12-14周","YPSJDD":"1-14周 星期三 第3节-第4节 南湖南-博学西楼-308,1-10周 星期一 第1节-第2节 南湖南-博学西楼-308,16周 星期一 第1节-第2节 南湖南-博学西楼-308,12-14周 星期一 第1节-第2节 南湖南-博学西楼-308","XF":5,"SKXQ":1,"XNXQDM":"2024-2025-2","KCM":"数据结构A","JASDM":"0202030308","JXLDM":"020203","JXBID":"20242-04717","SKBJ":"计算机留2301","TYXMDM":null,"KCH":"30124119008"},{"KKDWDM":"022","XS":48,"BYBZ":"0","JSJC":8,"XXXQDM":"02","KXH":"01","KSJC":6,"XKZRS":51,"SKZC":"000000000001110000000000000000","SKJS":"邓万春","ISTK":0,"ZCMC":"12-14周","YPSJDD":"17周 星期二 第6节-第8节 南湖南-博学西楼-308,16-17周 星期一 第6节-第8节 南湖南-博学西楼-308,12-14周 星期一 第6节-第8节 南湖南-博学西楼-308,1-10周 星期一 第6节-第8节 南湖南-博学西楼-308","XF":3,"SKXQ":1,"XNXQDM":"2024-2025-2","KCM":"社会工作理论C","JASDM":"0202030308","JXLDM":"020203","JXBID":"20242-05478","SKBJ":"社工2301-02","TYXMDM":null,"KCH":"10224121123"},{"KKDWDM":"022","XS":40,"BYBZ":"0","JSJC":7,"XXXQDM":"02","KXH":"01","KSJC":6,"XKZRS":28,"SKZC":"000000000000011000000000","SKJS":"刘卫华","ISTK":0,"ZCMC":"14-15周","YPSJDD":"14-15周 星期五 第6节-第7节 南湖南-博学西楼-308,1-5周,7-9周,11-13周 星期五 第6节-第8节 南湖南-博学西楼-308,9周 星期日 第6节-第8节 南湖南-博学西楼-308","XF":2,"SKXQ":5,"XNXQDM":"2024-2025-2","KCM":"社会心理学D","JASDM":"0202030308","JXLDM":"020203","JXBID":"20242-05271","SKBJ":"社工2301-02","TYXMDM":null,"KCH":"10225121050"},{"KKDWDM":"022","XS":48,"BYBZ":"0","JSJC":8,"XXXQDM":"02","KXH":"01","KSJC":6,"XKZRS":51,"SKZC":"000000000000000110000000000000","SKJS":"邓万春","ISTK":0,"ZCMC":"16-17周","YPSJDD":"17周 星期二 第6节-第8节 南湖南-博学西楼-308,16-17周 星期一 第6节-第8节 南湖南-博学西楼-308,12-14周 星期一 第6节-第8节 南湖南-博学西楼-308,1-10周 星期一 第6节-第8节 南湖南-博学西楼-308","XF":3,"SKXQ":1,"XNXQDM":"2024-2025-2","KCM":"社会工作理论C","JASDM":"0202030308","JXLDM":"020203","JXBID":"20242-05478","SKBJ":"社工2301-02","TYXMDM":null,"KCH":"10224121123"},{"KKDWDM":"022","XS":48,"BYBZ":"0","JSJC":5,"XXXQDM":"02","KXH":"01","KSJC":3,"XKZRS":51,"SKZC":"000000000000000110000000000000","SKJS":"张晓筱,彭子剑","ISTK":0,"ZCMC":"16-17周","YPSJDD":"16-17周 星期一 第3节-第5节 南湖南-博学西楼-308,12-14周 星期一 第3节-第5节 南湖南-博学西楼-308,17周 星期二 第3节-第5节 南湖南-博学西楼-308,1-10周 星期一 第3节-第5节 南湖南-博学西楼-308","XF":3,"SKXQ":1,"XNXQDM":"2024-2025-2","KCM":"社区工作","JASDM":"0202030308","JXLDM":"020203","JXBID":"20242-05313","SKBJ":"社工2301-02","TYXMDM":null,"KCH":"10224121119"},{"KKDWDM":"012","XS":88,"BYBZ":"0","JSJC":2,"XXXQDM":"02","KXH":"01","KSJC":1,"XKZRS":17,"SKZC":"000000000000000100000000000000","SKJS":"张晓盼","ISTK":0,"ZCMC":"16周","YPSJDD":"1-14周 星期三 第3节-第4节 南湖南-博学西楼-308,1-10周 星期一 第1节-第2节 南湖南-博学西楼-308,16周 星期一 第1节-第2节 南湖南-博学西楼-308,12-14周 星期一 第1节-第2节 南湖南-博学西楼-308","XF":5,"SKXQ":1,"XNXQDM":"2024-2025-2","KCM":"数据结构A","JASDM":"0202030308","JXLDM":"020203","JXBID":"20242-04717","SKBJ":"计算机留2301","TYXMDM":null,"KCH":"30124119008"},{"KKDWDM":"022","XS":48,"BYBZ":"0","JSJC":8,"XXXQDM":"02","KXH":"01","KSJC":6,"XKZRS":51,"SKZC":"000000000000000010000000000000","SKJS":"邓万春","ISTK":0,"ZCMC":"17周","YPSJDD":"17周 星期二 第6节-第8节 南湖南-博学西楼-308,16-17周 星期一 第6节-第8节 南湖南-博学西楼-308,12-14周 星期一 第6节-第8节 南湖南-博学西楼-308,1-10周 星期一 第6节-第8节 南湖南-博学西楼-308","XF":3,"SKXQ":2,"XNXQDM":"2024-2025-2","KCM":"社会工作理论C","JASDM":"0202030308","JXLDM":"020203","JXBID":"20242-05478","SKBJ":"社工2301-02","TYXMDM":null,"KCH":"10224121123"},{"KKDWDM":"022","XS":48,"BYBZ":"0","JSJC":5,"XXXQDM":"02","KXH":"01","KSJC":3,"XKZRS":51,"SKZC":"000000000000000010000000000000","SKJS":"张晓筱,彭子剑","ISTK":0,"ZCMC":"17周","YPSJDD":"16-17周 星期一 第3节-第5节 南湖南-博学西楼-308,12-14周 星期一 第3节-第5节 南湖南-博学西楼-308,17周 星期二 第3节-第5节 南湖南-博学西楼-308,1-10周 星期一 第3节-第5节 南湖南-博学西楼-308","XF":3,"SKXQ":2,"XNXQDM":"2024-2025-2","KCM":"社区工作","JASDM":"0202030308","JXLDM":"020203","JXBID":"20242-05313","SKBJ":"社工2301-02","TYXMDM":null,"KCH":"10224121119"}]}},"code":"0"}