{"datas":{"jaskcb":{"extParams":{"code":1,"msg":"查询成功"},"pageSize":0,"pageNumber":0,"totalSize":-1,"rows":[{"KKDWDM":"020","XS":32,"BYBZ":"0","JSJC":2,"XXXQDM":"02","KXH":"01","KSJC":1,"XKZRS":36,"SKZC":"1111111111111111","SKJS":"熊焱冰","ISTK":0,"ZCMC":"1-16周","YPSJDD":"1-16周 星期二 第1节-第2节 南湖南-博学北楼-509","XF":2,"SKXQ":2,"XNXQDM":"2024-2025-2","KCM":"中国传统文化与经典导读","JASDM":"0202010509","JXLDM":"020201","JXBID":"20242-12853","SKBJ":"公选-12853","TYXMDM":"11","KCH":"10201117102"},{"KKDWDM":"020","XS":32,"BYBZ":"0","JSJC":4,"XXXQDM":"02","KXH":"02","KSJC":3,"XKZRS":35,"SKZC":"1111111111111111","SKJS":"熊焱冰","ISTK":0,"ZCMC":"1-16周","YPSJDD":"1-16周 星期二 第3节-第4节 南湖南-博学北楼-509","XF":2,"SKXQ":2,"XNXQDM":"2024-2025-2","KCM":"中国传统文化与经典导读","JASDM":"0202010509","JXLDM":"020201","JXBID":"20242-12870","SKBJ":"公选-12870","TYXMDM":"11","KCH":"10201117102"},{"KKDWDM":"020","XS":32,"BYBZ":"0","JSJC":2,"XXXQDM":"02","KXH":"14","KSJC":1,"XKZRS":35,"SKZC":"1111111111111111","SKJS":"杨卿","ISTK":0,"ZCMC":"1-16周","YPSJDD":"1-16周 星期三 第1节-第2节 南湖南-博学北楼-509","XF":2,"SKXQ":3,"XNXQDM":"2024-2025-2","KCM":"商务英语","JASDM":"0202010509","JXLDM":"020201","JXBID":"20242-12887","SKBJ":"公选-12887","TYXMDM":"11","KCH":"10201117099"},{"KKDWDM":"020","XS":32,"BYBZ":"0","JSJC":4,"XXXQDM":"02","KXH":"18","KSJC":3,"XKZRS":34,"SKZC":"1111111111111111","SKJS":"杨卿","ISTK":0,"ZCMC":"1-16周","YPSJDD":"1-16周 星期三 第3节-第4节 南湖南-博学北楼-509","XF":2,"SKXQ":3,"XNXQDM":"2024-2025-2","KCM":"商务英语","JASDM":"0202010509","JXLDM":"020201","JXBID":"20242-12904","SKBJ":"公选-12904","TYXMDM":"11","KCH":"10201117099"},{"KKDWDM":"020","XS":32,"BYBZ":"0","JSJC":4,"XXXQDM":"02","KXH":"06","KSJC":3,"XKZRS":32,"SKZC":"111111111100000000000000000000","SKJS":"杨卿","ISTK":0,"ZCMC":"1-10周","YPSJDD":"17周 星期二 第3节-第4节 南湖南-博学北楼-509,16-17周 星期一 第3节-第4节 南湖南-博学北楼-509,12-14周 星期一 第3节-第4节 南湖南-博学北楼-509,1-10周 星期一 第3节-第4节 南湖南-博学北楼-509","XF":2,"SKXQ":1,"XNXQDM":"2024-2025-2","KCM":"商务英语","JASDM":"0202010509","JXLDM":"020201","JXBID":"20242-12836","SKBJ":"公选-12836","TYXMDM":"11","KCH":"10201117099"},{"KKDWDM":"020","XS":32,"BYBZ":"0","JSJC":2,"XXXQDM":"02","KXH":"03","KSJC":1,"XKZRS":34,"SKZC":"111111111100000000000000000000","SKJS":"杨卿","ISTK":0,"ZCMC":"1-10周","YPSJDD":"16-17周 星期一 第1节-第2节 南湖南-博学北楼-509,17周 星期二 第1节-第2节 南湖南-博学北楼-509,12-14周 星期一 第1节-第2节 南湖南-博学北楼-509,1-10周 星期一 第1节-第2节 南湖南-博学北楼-509","XF":2,"SKXQ":1,"XNXQDM":"2024-2025-2","KCM":"商务英语","JASDM":"0202010509","JXLDM":"020201","JXBID":"20242-12818","SKBJ":"公选-12818","TYXMDM":"11","KCH":"10201117099"},{"KKDWDM":"020","XS":48,"BYBZ":"0","JSJC":2,"XXXQDM":"02","KXH":"12","KSJC":1,"XKZRS":30,"SKZC":"111111111000000000000000000000","SKJS":"肖婕芳","ISTK":0,"ZCMC":"1-9周","YPSJDD":"11-17周 星期四 第1节-第2节 南湖南-博学北楼-509,1-9周 星期四 第1节-第2节 南湖南-博学北楼-509","XF":2,"SKXQ":4,"XNXQDM":"2024-2025-2","KCM":"美国历史与文化","JASDM":"0202010509","JXLDM":"020201","JXBID":"20242-12922","SKBJ":"公选-12922","TYXMDM":"11","KCH":"10201117160"},{"KKDWDM":"020","XS":48,"BYBZ":"0","JSJC":2,"XXXQDM":"02","KXH":"19","KSJC":1,"XKZRS":32,"SKZC":"111110000000000000000000000000","SKJS":"肖婕芳","ISTK":0,"ZCMC":"1-5周","YPSJDD":"1-5周 星期五 第1节-第2节 南湖南-博学北楼-509,17周 星期三 第1节-第2节 南湖南-博学北楼-509,9周 星期日 第1节-第2节 南湖南-博学北楼-509,7-9周 星期五 第1节-第2节 南湖南-博学北楼-509,11-16周 星期五 第1节-第2节 南湖南-博学北楼-509","XF":2,"SKXQ":5,"XNXQDM":"2024-2025-2","KCM":"美国历史与文化","JASDM":"0202010509","JXLDM":"020201","JXBID":"20242-12957","SKBJ":"公选-12957","TYXMDM":"11","KCH":"10201117160"},{"KKDWDM":"020","XS":48,"BYBZ":"0","JSJC":2,"XXXQDM":"02","KXH":"19","KSJC":1,"XKZRS":32,"SKZC":"000000111000000000000000000000","SKJS":"肖婕芳","ISTK":0,"ZCMC":"7-9周","YPSJDD":"1-5周 星期五 第1节-第2节 南湖南-博学北楼-509,17周 星期三 第1节-第2节 南湖南-博学北楼-509,9周 星期日 第1节-第2节 南湖南-博学北楼-509,7-9周 星期五 第1节-第2节 南湖南-博学北楼-509,11-16周 星期五 第1节-第2节 南湖南-博学北楼-509","XF":2,"SKXQ":5,"XNXQDM":"2024-2025-2","KCM":"美国历史与文化","JASDM":"0202010509","JXLDM":"020201","JXBID":"20242-12957","SKBJ":"公选-12957","TYXMDM":"11","KCH":"10201117160"},{"KKDWDM":"020","XS":48,"BYBZ":"0","JSJC":2,"XXXQDM":"02","KXH":"19","KSJC":1,"XKZRS":32,"SKZC":"000000001000000000000000000000","SKJS":"肖婕芳","ISTK":0,"ZCMC":"9周","YPSJDD":"1-5周 星期五 第1节-第2节 南湖南-博学北楼-509,17周 星期三 第1节-第2节 南湖南-博学北楼-509,9周 星期日 第1节-第2节 南湖南-博学北楼-509,7-9周 星期五 第1节-第2节 南湖南-博学北楼-509,11-16周 星期五 第1节-第2节 南湖南-博学北楼-509","XF":2,"SKXQ":7,"XNXQDM":"2024-2025-2","KCM":"美国历史与文化","JASDM":"0202010509","JXLDM":"020201","JXBID":"20242-12957","SKBJ":"公选-12957","TYXMDM":"11","KCH":"10201117160"},{"KKDWDM":"020","XS":48,"BYBZ":"0","JSJC":2,"XXXQDM":"02","KXH":"12","KSJC":1,"XKZRS":30,"SKZC":"000000000011111110000000000000","SKJS":"肖婕芳","ISTK":0,"ZCMC":"11-17周","YPSJDD":"11-17周 星期四 第1节-第2节 南湖南-博学北楼-509,1-9周 星期四 第1节-第2节 南湖南-博学北楼-509","XF":2,"SKXQ":4,"XNXQDM":"2024-2025-2","KCM":"美国历史与文化","JASDM":"0202010509","JXLDM":"020201","JXBID":"20242-12922","SKBJ":"公选-12922","TYXMDM":"11","KCH":"10201117160"},{"KKDWDM":"020","XS":48,"BYBZ":"0","JSJC":2,"XXXQDM":"02","KXH":"19","KSJC":1,"XKZRS":32,"SKZC":"000000000011111100000000000000","SKJS":"肖婕芳","ISTK":0,"ZCMC":"11-16周","YPSJDD":"1-5周 星期五 第1节-第2节 南湖南-博学北楼-509,17周 星期三 第1节-第2节 南湖南-博学北楼-509,9周 星期日 第1节-第2节 南湖南-博学北楼-509,7-9周 星期五 第1节-第2节 南湖南-博学北楼-509,11-16周 星期五 第1节-第2节 南湖南-博学北楼-509","XF":2,"SKXQ":5,"XNXQDM":"2024-2025-2","KCM":"美国历史与文化","JASDM":"0202010509","JXLDM":"020201","JXBID":"20242-12957","SKBJ":"公选-12957","TYXMDM":"11","KCH":"10201117160"},{"KKDWDM":"020","XS":32,"BYBZ":"0","JSJC":2,"XXXQDM":"02","KXH":"03","KSJC":1,"XKZRS":34,"SKZC":"000000000001110000000000000000","SKJS":"杨卿","ISTK":0,"ZCMC":"12-14周","YPSJDD":"16-17周 星期一 第1节-第2节 南湖南-博学北楼-509,17周 星期二 第1节-第2节 南湖南-博学北楼-509,12-14周 星期一 第1节-第2节 南湖南-博学北楼-509,1-10周 星期一 第1节-第2节 南湖南-博学北楼-509","XF":2,"SKXQ":1,"XNXQDM":"2024-2025-2","KCM":"商务英语","JASDM":"0202010509","JXLDM":"020201","JXBID":"20242-12818","SKBJ":"公选-12818","TYXMDM":"11","KCH":"10201117099"},{"KKDWDM":"020","XS":32,"BYBZ":"0","JSJC":4,"XXXQDM":"02","KXH":"06","KSJC":3,"XKZRS":32,"SKZC":"000000000001110000000000000000","SKJS":"杨卿","ISTK":0,"ZCMC":"12-14周","YPSJDD":"17周 星期二 第3节-第4节 南湖南-博学北楼-509,16-17周 星期一 第3节-第4节 南湖南-博学北楼-509,12-14周 星期一 第3节-第4节 南湖南-博学北楼-509,1-10周 星期一 第3节-第4节 南湖南-博学北楼-509","XF":2,"SKXQ":1,"XNXQDM":"2024-2025-2","KCM":"商务英语","JASDM":"0202010509","JXLDM":"020201","JXBID":"20242-12836","SKBJ":"公选-12836","TYXMDM":"11","KCH":"10201117099"},{"KKDWDM":"020","XS":32,"BYBZ":"0","JSJC":4,"XXXQDM":"02","KXH":"06","KSJC":3,"XKZRS":32,"SKZC":"000000000000000110000000000000","SKJS":"杨卿","ISTK":0,"ZCMC":"16-17周","YPSJDD":"17周 星期二 第3节-第4节 南湖南-博学北楼-509,16-17周 星期一 第3节-第4节 南湖南-博学北楼-509,12-14周 星期一 第3节-第4节 南湖南-博学北楼-509,1-10周 星期一 第3节-第4节 南湖南-博学北楼-509","XF":2,"SKXQ":1,"XNXQDM":"2024-2025-2","KCM":"商务英语","JASDM":"0202010509","JXLDM":"020201","JXBID":"20242-12836","SKBJ":"公选-12836","TYXMDM":"11","KCH":"10201117099"},{"KKDWDM":"020","XS":32,"BYBZ":"0","JSJC":2,"XXXQDM":"02","KXH":"03","KSJC":1,"XKZRS":34,"SKZC":"000000000000000110000000000000","SKJS":"杨卿","ISTK":0,"ZCMC":"16-17周","YPSJDD":"16-17周 星期一 第1节-第2节 南湖南-博学北楼-509,17周 星期二 第1节-第2节 南湖南-博学北楼-509,12-14周 星期一 第1节-第2节 南湖南-博学北楼-509,1-10周 星期一 第1节-第2节 南湖南-博学北楼-509","XF":2,"SKXQ":1,"XNXQDM":"2024-2025-2","KCM":"商务英语","JASDM":"0202010509","JXLDM":"020201","JXBID":"20242-12818","SKBJ":"公选-12818","TYXMDM":"11","KCH":"10201117099"},{"KKDWDM":"020","XS":32,"BYBZ":"0","JSJC":4,"XXXQDM":"02","KXH":"06","KSJC":3,"XKZRS":32,"SKZC":"000000000000000010000000000000","SKJS":"杨卿","ISTK":0,"ZCMC":"17周","YPSJDD":"17周 星期二 第3节-第4节 南湖南-博学北楼-509,16-17周 星期一 第3节-第4节 南湖南-博学北楼-509,12-14周 星期一 第3节-第4节 南湖南-博学北楼-509,1-10周 星期一 第3节-第4节 南湖南-博学北楼-509","XF":2,"SKXQ":2,"XNXQDM":"2024-2025-2","KCM":"商务英语","JASDM":"0202010509","JXLDM":"020201","JXBID":"20242-12836","SKBJ":"公选-12836","TYXMDM":"11","KCH":"10201117099"},{"KKDWDM":"020","XS":32,"BYBZ":"0","JSJC":2,"XXXQDM":"02","KXH":"03","KSJC":1,"XKZRS":34,"SKZC":"000000000000000010000000000000","SKJS":"杨卿","ISTK":0,"ZCMC":"17周","YPSJDD":"16-17周 星期一 第1节-第2节 南湖南-博学北楼-509,17周 星期二 第1节-第2节 南湖南-博学北楼-509,12-14周 星期一 第1节-第2节 南湖南-博学北楼-509,1-10周 星期一 第1节-第2节 南湖南-博学北楼-509","XF":2,"SKXQ":2,"XNXQDM":"2024-2025-2","KCM":"商务英语","JASDM":"0202010509","JXLDM":"020201","JXBID":"20242-12818","SKBJ":"公选-12818","TYXMDM":"11","KCH":"10201117099"},{"KKDWDM":"020","XS":48,"BYBZ":"0","JSJC":2,"XXXQDM":"02","KXH":"19","KSJC":1,"XKZRS":32,"SKZC":"000000000000000010000000000000","SKJS":"肖婕芳","ISTK":0,"ZCMC":"17周","YPSJDD":"1-5周 星期五 第1节-第2节 南湖南-博学北楼-509,17周 星期三 第1节-第2节 南湖南-博学北楼-509,9周 星期日 第1节-第2节 南湖南-博学北楼-509,7-9周 星期五 第1节-第2节 南湖南-博学北楼-509,11-16周 星期五 第1节-第2节 南湖南-博学北楼-509","XF":2,"SKXQ":3,"XNXQDM":"2024-2025-2","KCM":"美国历史与文化","JASDM":"0202010509","JXLDM":"020201","JXBID":"20242-12957","SKBJ":"公选-12957","TYXMDM":"11","KCH":"10201117160"}]}},"code":"0"}