{"datas":{"jaskcb":{"extParams":{"code":1,"msg":"查询成功"},"pageSize":0,"pageNumber":0,"totalSize":-1,"rows":[{"KKDWDM":"072","XS":80,"BYBZ":"0","JSJC":2,"XXXQDM":"02","KXH":"05","KSJC":1,"XKZRS":127,"SKZC":"111111111111111100000000000000","SKJS":"朱懿","ISTK":0,"ZCMC":"1-16周","YPSJDD":"7-9周 星期五 第3节-第5节 南湖南-博学主楼-309,1-16周 星期三 第1节-第2节 南湖南-博学主楼-309,11-16周 星期五 第3节-第5节 南湖南-博学主楼-309,17周 星期三 第3节-第5节 南湖南-博学主楼-309,9周 星期日 第3节-第5节 南湖南-博学主楼-309,1-5周 星期五 第3节-第5节 南湖南-博学主楼-309","XF":5,"SKXQ":3,"XNXQDM":"2024-2025-2","KCM":"大学物理B","JASDM":"0202040309","JXLDM":"020204","JXBID":"20242-06297","SKBJ":"车辆gcgj2401,车辆类2413-14","TYXMDM":null,"KCH":"10153113042"},{"KKDWDM":"072","XS":80,"BYBZ":"0","JSJC":5,"XXXQDM":"02","KXH":"34","KSJC":3,"XKZRS":137,"SKZC":"111111111111111100000000000000","SKJS":"陈清明","ISTK":0,"ZCMC":"1-16周","YPSJDD":"1-9周 星期四 第1节-第2节 南湖南-博学主楼-309,1-16周 星期二 第3节-第5节 南湖南-博学主楼-309,11-17周 星期四 第1节-第2节 南湖南-博学主楼-309","XF":5,"SKXQ":2,"XNXQDM":"2024-2025-2","KCM":"大学物理B","JASDM":"0202040309","JXLDM":"020204","JXBID":"20242-11672","SKBJ":"电信类2413-16","TYXMDM":null,"KCH":"10153113042"},{"KKDWDM":"072","XS":80,"BYBZ":"0","JSJC":5,"XXXQDM":"02","KXH":"04","KSJC":3,"XKZRS":128,"SKZC":"111111111111111100000000000000","SKJS":"朱懿","ISTK":0,"ZCMC":"1-16周","YPSJDD":"11-16周 星期五 第1节-第2节 南湖南-博学主楼-309,1-16周 星期三 第3节-第5节 南湖南-博学主楼-309,7-9周 星期五 第1节-第2节 南湖南-博学主楼-309,1-5周 星期五 第1节-第2节 南湖南-博学主楼-309,17周 星期三 第1节-第2节 南湖南-博学主楼-309,9周 星期日 第1节-第2节 南湖南-博学主楼-309","XF":5,"SKXQ":3,"XNXQDM":"2024-2025-2","KCM":"大学物理B","JASDM":"0202040309","JXLDM":"020204","JXBID":"20242-06296","SKBJ":"智能制造zs2401,自动化类2413-14","TYXMDM":null,"KCH":"10153113042"},{"KKDWDM":"072","XS":80,"BYBZ":"0","JSJC":2,"XXXQDM":"02","KXH":"40","KSJC":1,"XKZRS":139,"SKZC":"111111111111111100000000000000","SKJS":"高畅","ISTK":0,"ZCMC":"1-16周","YPSJDD":"1-9周 星期四 第3节-第5节 南湖南-博学主楼-309,1-16周 星期二 第1节-第2节 南湖南-博学主楼-309,11-17周 星期四 第3节-第5节 南湖南-博学主楼-309","XF":5,"SKXQ":2,"XNXQDM":"2024-2025-2","KCM":"大学物理B","JASDM":"0202040309","JXLDM":"020204","JXBID":"20242-11683","SKBJ":"材料类2413-16","TYXMDM":null,"KCH":"10153113042"},{"KKDWDM":"072","XS":64,"BYBZ":"0","JSJC":13,"XXXQDM":"02","KXH":"01","KSJC":11,"XKZRS":75,"SKZC":"111111111110000000000000","SKJS":"张梅,文鹏飞,李瑶,黄莉","ISTK":0,"ZCMC":"1-11周","YPSJDD":"11-12周 星期四 第11节-第12节 南湖南-博学主楼-309,1-11周 星期二 第11节-第13节 南湖南-博学主楼-309,1-9周 星期四 第11节-第13节 南湖南-博学主楼-309","XF":4,"SKXQ":2,"XNXQDM":"2024-2025-2","KCM":"基础力学理论设计与操作","JASDM":"0202040309","JXLDM":"020204","JXBID":"20242-13742","SKBJ":"工力2201-02,工力zy2201","TYXMDM":null,"KCH":"10156117098"},{"KKDWDM":"021","XS":42,"BYBZ":"0","JSJC":8,"XXXQDM":"02","KXH":"14","KSJC":6,"XKZRS":109,"SKZC":"111111111100000000000000000000","SKJS":"杨永清","ISTK":0,"ZCMC":"1-10周","YPSJDD":"16周 星期一 第6节-第8节 南湖南-博学主楼-309,12-14周 星期一 第6节-第8节 南湖南-博学主楼-309,1-10周 星期一 第6节-第8节 南湖南-博学主楼-309","XF":2,"SKXQ":1,"XNXQDM":"2024-2025-2","KCM":"马克思主义基本原理","JASDM":"0202040309","JXLDM":"020204","JXBID":"20242-04945","SKBJ":"机械2301-03","TYXMDM":null,"KCH":"10211117035"},{"KKDWDM":"008","XS":40,"BYBZ":"0","JSJC":5,"XXXQDM":"02","KXH":"01","KSJC":3,"XKZRS":74,"SKZC":"111111111100000000000000000000","SKJS":"刘繄","ISTK":0,"ZCMC":"1-10周","YPSJDD":"1-10周 星期一 第3节-第5节 南湖南-博学主楼-309,12-13周 星期一 第3节-第5节 南湖南-博学主楼-309","XF":2,"SKXQ":1,"XNXQDM":"2024-2025-2","KCM":"仪器光学基础B","JASDM":"0202040309","JXLDM":"020204","JXBID":"20242-04364","SKBJ":"测控2303,测控zy2301","TYXMDM":null,"KCH":"10084113012"},{"KKDWDM":"072","XS":80,"BYBZ":"0","JSJC":5,"XXXQDM":"02","KXH":"40","KSJC":3,"XKZRS":139,"SKZC":"111111111000000000000000000000","SKJS":"高畅","ISTK":0,"ZCMC":"1-9周","YPSJDD":"1-9周 星期四 第3节-第5节 南湖南-博学主楼-309,1-16周 星期二 第1节-第2节 南湖南-博学主楼-309,11-17周 星期四 第3节-第5节 南湖南-博学主楼-309","XF":5,"SKXQ":4,"XNXQDM":"2024-2025-2","KCM":"大学物理B","JASDM":"0202040309","JXLDM":"020204","JXBID":"20242-11683","SKBJ":"材料类2413-16","TYXMDM":null,"KCH":"10153113042"},{"KKDWDM":"072","XS":80,"BYBZ":"0","JSJC":2,"XXXQDM":"02","KXH":"34","KSJC":1,"XKZRS":137,"SKZC":"111111111000000000000000000000","SKJS":"陈清明","ISTK":0,"ZCMC":"1-9周","YPSJDD":"1-9周 星期四 第1节-第2节 南湖南-博学主楼-309,1-16周 星期二 第3节-第5节 南湖南-博学主楼-309,11-17周 星期四 第1节-第2节 南湖南-博学主楼-309","XF":5,"SKXQ":4,"XNXQDM":"2024-2025-2","KCM":"大学物理B","JASDM":"0202040309","JXLDM":"020204","JXBID":"20242-11672","SKBJ":"电信类2413-16","TYXMDM":null,"KCH":"10153113042"},{"KKDWDM":"072","XS":64,"BYBZ":"0","JSJC":13,"XXXQDM":"02","KXH":"01","KSJC":11,"XKZRS":75,"SKZC":"111111111000000000000000","SKJS":"张梅,文鹏飞,李瑶,黄莉","ISTK":0,"ZCMC":"1-9周","YPSJDD":"11-12周 星期四 第11节-第12节 南湖南-博学主楼-309,1-11周 星期二 第11节-第13节 南湖南-博学主楼-309,1-9周 星期四 第11节-第13节 南湖南-博学主楼-309","XF":4,"SKXQ":4,"XNXQDM":"2024-2025-2","KCM":"基础力学理论设计与操作","JASDM":"0202040309","JXLDM":"020204","JXBID":"20242-13742","SKBJ":"工力2201-02,工力zy2201","TYXMDM":null,"KCH":"10156117098"},{"KKDWDM":"072","XS":80,"BYBZ":"0","JSJC":5,"XXXQDM":"02","KXH":"05","KSJC":3,"XKZRS":127,"SKZC":"111110000000000000000000000000","SKJS":"朱懿","ISTK":0,"ZCMC":"1-5周","YPSJDD":"7-9周 星期五 第3节-第5节 南湖南-博学主楼-309,1-16周 星期三 第1节-第2节 南湖南-博学主楼-309,11-16周 星期五 第3节-第5节 南湖南-博学主楼-309,17周 星期三 第3节-第5节 南湖南-博学主楼-309,9周 星期日 第3节-第5节 南湖南-博学主楼-309,1-5周 星期五 第3节-第5节 南湖南-博学主楼-309","XF":5,"SKXQ":5,"XNXQDM":"2024-2025-2","KCM":"大学物理B","JASDM":"0202040309","JXLDM":"020204","JXBID":"20242-06297","SKBJ":"车辆gcgj2401,车辆类2413-14","TYXMDM":null,"KCH":"10153113042"},{"KKDWDM":"072","XS":80,"BYBZ":"0","JSJC":2,"XXXQDM":"02","KXH":"04","KSJC":1,"XKZRS":128,"SKZC":"111110000000000000000000000000","SKJS":"朱懿","ISTK":0,"ZCMC":"1-5周","YPSJDD":"11-16周 星期五 第1节-第2节 南湖南-博学主楼-309,1-16周 星期三 第3节-第5节 南湖南-博学主楼-309,7-9周 星期五 第1节-第2节 南湖南-博学主楼-309,1-5周 星期五 第1节-第2节 南湖南-博学主楼-309,17周 星期三 第1节-第2节 南湖南-博学主楼-309,9周 星期日 第1节-第2节 南湖南-博学主楼-309","XF":5,"SKXQ":5,"XNXQDM":"2024-2025-2","KCM":"大学物理B","JASDM":"0202040309","JXLDM":"020204","JXBID":"20242-06296","SKBJ":"智能制造zs2401,自动化类2413-14","TYXMDM":null,"KCH":"10153113042"},{"KKDWDM":"072","XS":80,"BYBZ":"0","JSJC":2,"XXXQDM":"02","KXH":"04","KSJC":1,"XKZRS":128,"SKZC":"000000111000000000000000000000","SKJS":"朱懿","ISTK":0,"ZCMC":"7-9周","YPSJDD":"11-16周 星期五 第1节-第2节 南湖南-博学主楼-309,1-16周 星期三 第3节-第5节 南湖南-博学主楼-309,7-9周 星期五 第1节-第2节 南湖南-博学主楼-309,1-5周 星期五 第1节-第2节 南湖南-博学主楼-309,17周 星期三 第1节-第2节 南湖南-博学主楼-309,9周 星期日 第1节-第2节 南湖南-博学主楼-309","XF":5,"SKXQ":5,"XNXQDM":"2024-2025-2","KCM":"大学物理B","JASDM":"0202040309","JXLDM":"020204","JXBID":"20242-06296","SKBJ":"智能制造zs2401,自动化类2413-14","TYXMDM":null,"KCH":"10153113042"},{"KKDWDM":"072","XS":80,"BYBZ":"0","JSJC":5,"XXXQDM":"02","KXH":"05","KSJC":3,"XKZRS":127,"SKZC":"000000111000000000000000000000","SKJS":"朱懿","ISTK":0,"ZCMC":"7-9周","YPSJDD":"7-9周 星期五 第3节-第5节 南湖南-博学主楼-309,1-16周 星期三 第1节-第2节 南湖南-博学主楼-309,11-16周 星期五 第3节-第5节 南湖南-博学主楼-309,17周 星期三 第3节-第5节 南湖南-博学主楼-309,9周 星期日 第3节-第5节 南湖南-博学主楼-309,1-5周 星期五 第3节-第5节 南湖南-博学主楼-309","XF":5,"SKXQ":5,"XNXQDM":"2024-2025-2","KCM":"大学物理B","JASDM":"0202040309","JXLDM":"020204","JXBID":"20242-06297","SKBJ":"车辆gcgj2401,车辆类2413-14","TYXMDM":null,"KCH":"10153113042"},{"KKDWDM":"021","XS":8,"BYBZ":"0","JSJC":7,"XXXQDM":"02","KXH":"335","KSJC":6,"XKZRS":135,"SKZC":"0000000110110000000000000","SKJS":"余沁芳","ISTK":0,"ZCMC":"8-9周,11-12周","YPSJDD":"8-9周,11-12周 星期四 第6节-第7节 南湖南-博学主楼-309","XF":0,"SKXQ":4,"XNXQDM":"2024-2025-2","KCM":"形势与政策","JASDM":"0202040309","JXLDM":"020204","JXBID":"20242-13982","SKBJ":"工商类2414,机电类2405-09,机电类2416,材料类2402-11,法学类2405,电信类2415,管科类2404,自动化类2413,英法sy2401,设计学类2404,车辆类2407","TYXMDM":null,"KCH":"10218121092"},{"KKDWDM":"021","XS":8,"BYBZ":"0","JSJC":10,"XXXQDM":"02","KXH":"331","KSJC":9,"XKZRS":139,"SKZC":"0000000110110000000000000","SKJS":"吴冬","ISTK":0,"ZCMC":"8-9周,11-12周","YPSJDD":"8-9周,11-12周 星期四 第9节-第10节 南湖南-博学主楼-309","XF":0,"SKXQ":4,"XNXQDM":"2024-2025-2","KCM":"形势与政策","JASDM":"0202040309","JXLDM":"020204","JXBID":"20242-13980","SKBJ":"土木类2407,地信2402-03,外语类2405,数学类2401,材料类2401-13,环科类2403-05,自动化类2402,车辆类2410-11,金融gj2401","TYXMDM":null,"KCH":"10218121092"},{"KKDWDM":"072","XS":80,"BYBZ":"0","JSJC":5,"XXXQDM":"02","KXH":"05","KSJC":3,"XKZRS":127,"SKZC":"000000001000000000000000000000","SKJS":"朱懿","ISTK":0,"ZCMC":"9周","YPSJDD":"7-9周 星期五 第3节-第5节 南湖南-博学主楼-309,1-16周 星期三 第1节-第2节 南湖南-博学主楼-309,11-16周 星期五 第3节-第5节 南湖南-博学主楼-309,17周 星期三 第3节-第5节 南湖南-博学主楼-309,9周 星期日 第3节-第5节 南湖南-博学主楼-309,1-5周 星期五 第3节-第5节 南湖南-博学主楼-309","XF":5,"SKXQ":7,"XNXQDM":"2024-2025-2","KCM":"大学物理B","JASDM":"0202040309","JXLDM":"020204","JXBID":"20242-06297","SKBJ":"车辆gcgj2401,车辆类2413-14","TYXMDM":null,"KCH":"10153113042"},{"KKDWDM":"072","XS":80,"BYBZ":"0","JSJC":2,"XXXQDM":"02","KXH":"04","KSJC":1,"XKZRS":128,"SKZC":"000000001000000000000000000000","SKJS":"朱懿","ISTK":0,"ZCMC":"9周","YPSJDD":"11-16周 星期五 第1节-第2节 南湖南-博学主楼-309,1-16周 星期三 第3节-第5节 南湖南-博学主楼-309,7-9周 星期五 第1节-第2节 南湖南-博学主楼-309,1-5周 星期五 第1节-第2节 南湖南-博学主楼-309,17周 星期三 第1节-第2节 南湖南-博学主楼-309,9周 星期日 第1节-第2节 南湖南-博学主楼-309","XF":5,"SKXQ":7,"XNXQDM":"2024-2025-2","KCM":"大学物理B","JASDM":"0202040309","JXLDM":"020204","JXBID":"20242-06296","SKBJ":"智能制造zs2401,自动化类2413-14","TYXMDM":null,"KCH":"10153113042"},{"KKDWDM":"072","XS":80,"BYBZ":"0","JSJC":5,"XXXQDM":"02","KXH":"40","KSJC":3,"XKZRS":139,"SKZC":"000000000011111110000000000000","SKJS":"高畅","ISTK":0,"ZCMC":"11-17周","YPSJDD":"1-9周 星期四 第3节-第5节 南湖南-博学主楼-309,1-16周 星期二 第1节-第2节 南湖南-博学主楼-309,11-17周 星期四 第3节-第5节 南湖南-博学主楼-309","XF":5,"SKXQ":4,"XNXQDM":"2024-2025-2","KCM":"大学物理B","JASDM":"0202040309","JXLDM":"020204","JXBID":"20242-11683","SKBJ":"材料类2413-16","TYXMDM":null,"KCH":"10153113042"},{"KKDWDM":"072","XS":80,"BYBZ":"0","JSJC":2,"XXXQDM":"02","KXH":"34","KSJC":1,"XKZRS":137,"SKZC":"000000000011111110000000000000","SKJS":"陈清明","ISTK":0,"ZCMC":"11-17周","YPSJDD":"1-9周 星期四 第1节-第2节 南湖南-博学主楼-309,1-16周 星期二 第3节-第5节 南湖南-博学主楼-309,11-17周 星期四 第1节-第2节 南湖南-博学主楼-309","XF":5,"SKXQ":4,"XNXQDM":"2024-2025-2","KCM":"大学物理B","JASDM":"0202040309","JXLDM":"020204","JXBID":"20242-11672","SKBJ":"电信类2413-16","TYXMDM":null,"KCH":"10153113042"},{"KKDWDM":"072","XS":80,"BYBZ":"0","JSJC":5,"XXXQDM":"02","KXH":"05","KSJC":3,"XKZRS":127,"SKZC":"000000000011111100000000000000","SKJS":"朱懿","ISTK":0,"ZCMC":"11-16周","YPSJDD":"7-9周 星期五 第3节-第5节 南湖南-博学主楼-309,1-16周 星期三 第1节-第2节 南湖南-博学主楼-309,11-16周 星期五 第3节-第5节 南湖南-博学主楼-309,17周 星期三 第3节-第5节 南湖南-博学主楼-309,9周 星期日 第3节-第5节 南湖南-博学主楼-309,1-5周 星期五 第3节-第5节 南湖南-博学主楼-309","XF":5,"SKXQ":5,"XNXQDM":"2024-2025-2","KCM":"大学物理B","JASDM":"0202040309","JXLDM":"020204","JXBID":"20242-06297","SKBJ":"车辆gcgj2401,车辆类2413-14","TYXMDM":null,"KCH":"10153113042"},{"KKDWDM":"072","XS":80,"BYBZ":"0","JSJC":2,"XXXQDM":"02","KXH":"04","KSJC":1,"XKZRS":128,"SKZC":"000000000011111100000000000000","SKJS":"朱懿","ISTK":0,"ZCMC":"11-16周","YPSJDD":"11-16周 星期五 第1节-第2节 南湖南-博学主楼-309,1-16周 星期三 第3节-第5节 南湖南-博学主楼-309,7-9周 星期五 第1节-第2节 南湖南-博学主楼-309,1-5周 星期五 第1节-第2节 南湖南-博学主楼-309,17周 星期三 第1节-第2节 南湖南-博学主楼-309,9周 星期日 第1节-第2节 南湖南-博学主楼-309","XF":5,"SKXQ":5,"XNXQDM":"2024-2025-2","KCM":"大学物理B","JASDM":"0202040309","JXLDM":"020204","JXBID":"20242-06296","SKBJ":"智能制造zs2401,自动化类2413-14","TYXMDM":null,"KCH":"10153113042"},{"KKDWDM":"072","XS":64,"BYBZ":"0","JSJC":12,"XXXQDM":"02","KXH":"01","KSJC":11,"XKZRS":75,"SKZC":"000000000011000000000000","SKJS":"张梅,文鹏飞,李瑶,黄莉","ISTK":0,"ZCMC":"11-12周","YPSJDD":"11-12周 星期四 第11节-第12节 南湖南-博学主楼-309,1-11周 星期二 第11节-第13节 南湖南-博学主楼-309,1-9周 星期四 第11节-第13节 南湖南-博学主楼-309","XF":4,"SKXQ":4,"XNXQDM":"2024-2025-2","KCM":"基础力学理论设计与操作","JASDM":"0202040309","JXLDM":"020204","JXBID":"20242-13742","SKBJ":"工力2201-02,工力zy2201","TYXMDM":null,"KCH":"10156117098"},{"KKDWDM":"021","XS":42,"BYBZ":"0","JSJC":8,"XXXQDM":"02","KXH":"14","KSJC":6,"XKZRS":109,"SKZC":"000000000001110000000000000000","SKJS":"杨永清","ISTK":0,"ZCMC":"12-14周","YPSJDD":"16周 星期一 第6节-第8节 南湖南-博学主楼-309,12-14周 星期一 第6节-第8节 南湖南-博学主楼-309,1-10周 星期一 第6节-第8节 南湖南-博学主楼-309","XF":2,"SKXQ":1,"XNXQDM":"2024-2025-2","KCM":"马克思主义基本原理","JASDM":"0202040309","JXLDM":"020204","JXBID":"20242-04945","SKBJ":"机械2301-03","TYXMDM":null,"KCH":"10211117035"},{"KKDWDM":"008","XS":40,"BYBZ":"0","JSJC":5,"XXXQDM":"02","KXH":"01","KSJC":3,"XKZRS":74,"SKZC":"000000000001100000000000000000","SKJS":"刘繄","ISTK":0,"ZCMC":"12-13周","YPSJDD":"1-10周 星期一 第3节-第5节 南湖南-博学主楼-309,12-13周 星期一 第3节-第5节 南湖南-博学主楼-309","XF":2,"SKXQ":1,"XNXQDM":"2024-2025-2","KCM":"仪器光学基础B","JASDM":"0202040309","JXLDM":"020204","JXBID":"20242-04364","SKBJ":"测控2303,测控zy2301","TYXMDM":null,"KCH":"10084113012"},{"KKDWDM":"021","XS":8,"BYBZ":"0","JSJC":10,"XXXQDM":"02","KXH":"686","KSJC":9,"XKZRS":134,"SKZC":"000000000000111100000000000000","SKJS":"李倩","ISTK":0,"ZCMC":"13-16周","YPSJDD":"13-16周 星期四 第9节-第10节 南湖南-博学主楼-309","XF":0,"SKXQ":4,"XNXQDM":"2024-2025-2","KCM":"形势与政策","JASDM":"0202040309","JXLDM":"020204","JXBID":"20242-14277","SKBJ":"化生类2407-08,工商类2404,政治2402,新闻类2405,生科类2403,电信类2410-11,自动化类2404-06,自动化类2412,车辆gj2401,运动训练2402","TYXMDM":null,"KCH":"10218121092"},{"KKDWDM":"021","XS":42,"BYBZ":"0","JSJC":8,"XXXQDM":"02","KXH":"14","KSJC":6,"XKZRS":109,"SKZC":"000000000000000100000000000000","SKJS":"杨永清","ISTK":0,"ZCMC":"16周","YPSJDD":"16周 星期一 第6节-第8节 南湖南-博学主楼-309,12-14周 星期一 第6节-第8节 南湖南-博学主楼-309,1-10周 星期一 第6节-第8节 南湖南-博学主楼-309","XF":2,"SKXQ":1,"XNXQDM":"2024-2025-2","KCM":"马克思主义基本原理","JASDM":"0202040309","JXLDM":"020204","JXBID":"20242-04945","SKBJ":"机械2301-03","TYXMDM":null,"KCH":"10211117035"},{"KKDWDM":"072","XS":80,"BYBZ":"0","JSJC":5,"XXXQDM":"02","KXH":"05","KSJC":3,"XKZRS":127,"SKZC":"000000000000000010000000000000","SKJS":"朱懿","ISTK":0,"ZCMC":"17周","YPSJDD":"7-9周 星期五 第3节-第5节 南湖南-博学主楼-309,1-16周 星期三 第1节-第2节 南湖南-博学主楼-309,11-16周 星期五 第3节-第5节 南湖南-博学主楼-309,17周 星期三 第3节-第5节 南湖南-博学主楼-309,9周 星期日 第3节-第5节 南湖南-博学主楼-309,1-5周 星期五 第3节-第5节 南湖南-博学主楼-309","XF":5,"SKXQ":3,"XNXQDM":"2024-2025-2","KCM":"大学物理B","JASDM":"0202040309","JXLDM":"020204","JXBID":"20242-06297","SKBJ":"车辆gcgj2401,车辆类2413-14","TYXMDM":null,"KCH":"10153113042"},{"KKDWDM":"072","XS":80,"BYBZ":"0","JSJC":2,"XXXQDM":"02","KXH":"04","KSJC":1,"XKZRS":128,"SKZC":"000000000000000010000000000000","SKJS":"朱懿","ISTK":0,"ZCMC":"17周","YPSJDD":"11-16周 星期五 第1节-第2节 南湖南-博学主楼-309,1-16周 星期三 第3节-第5节 南湖南-博学主楼-309,7-9周 星期五 第1节-第2节 南湖南-博学主楼-309,1-5周 星期五 第1节-第2节 南湖南-博学主楼-309,17周 星期三 第1节-第2节 南湖南-博学主楼-309,9周 星期日 第1节-第2节 南湖南-博学主楼-309","XF":5,"SKXQ":3,"XNXQDM":"2024-2025-2","KCM":"大学物理B","JASDM":"0202040309","JXLDM":"020204","JXBID":"20242-06296","SKBJ":"智能制造zs2401,自动化类2413-14","TYXMDM":null,"KCH":"10153113042"}]}},"code":"0"}