{"datas":{"jaskcb":{"extParams":{"code":1,"msg":"查询成功"},"pageSize":0,"pageNumber":0,"totalSize":-1,"rows":[{"KKDWDM":"020","XS":32,"BYBZ":"0","JSJC":4,"XXXQDM":"02","KXH":"09","KSJC":3,"XKZRS":33,"SKZC":"1111111111111111","SKJS":"何谨然","ISTK":0,"ZCMC":"1-16周","YPSJDD":"1-16周 星期二 第3节-第4节 南湖南-博学北楼-304","XF":2,"SKXQ":2,"XNXQDM":"2024-2025-2","KCM":"商务英语","JASDM":"0202010304","JXLDM":"020201","JXBID":"20242-12859","SKBJ":"公选-12859","TYXMDM":"11","KCH":"10201117099"},{"KKDWDM":"020","XS":32,"BYBZ":"0","JSJC":4,"XXXQDM":"02","KXH":"16","KSJC":3,"XKZRS":20,"SKZC":"1111111111111111","SKJS":"胡小梅","ISTK":0,"ZCMC":"1-16周","YPSJDD":"1-16周 星期三 第3节-第4节 南湖南-博学北楼-304","XF":2,"SKXQ":3,"XNXQDM":"2024-2025-2","KCM":"商务英语","JASDM":"0202010304","JXLDM":"020201","JXBID":"20242-12893","SKBJ":"公选-12893","TYXMDM":"11","KCH":"10201117099"},{"KKDWDM":"020","XS":32,"BYBZ":"0","JSJC":2,"XXXQDM":"02","KXH":"12","KSJC":1,"XKZRS":32,"SKZC":"1111111111111111","SKJS":"胡小梅","ISTK":0,"ZCMC":"1-16周","YPSJDD":"1-16周 星期三 第1节-第2节 南湖南-博学北楼-304","XF":2,"SKXQ":3,"XNXQDM":"2024-2025-2","KCM":"商务英语","JASDM":"0202010304","JXLDM":"020201","JXBID":"20242-12876","SKBJ":"公选-12876","TYXMDM":"11","KCH":"10201117099"},{"KKDWDM":"020","XS":32,"BYBZ":"0","JSJC":2,"XXXQDM":"02","KXH":"07","KSJC":1,"XKZRS":36,"SKZC":"1111111111111111","SKJS":"何谨然","ISTK":0,"ZCMC":"1-16周","YPSJDD":"1-16周 星期二 第1节-第2节 南湖南-博学北楼-304","XF":2,"SKXQ":2,"XNXQDM":"2024-2025-2","KCM":"商务英语","JASDM":"0202010304","JXLDM":"020201","JXBID":"20242-12842","SKBJ":"公选-12842","TYXMDM":"11","KCH":"10201117099"},{"KKDWDM":"003","XS":48,"BYBZ":"0","JSJC":8,"XXXQDM":"02","KXH":"03","KSJC":6,"XKZRS":27,"SKZC":"111111111101110100000000","SKJS":"徐小荣,曾鲜","ISTK":0,"ZCMC":"1-10周,12-14周,16周","YPSJDD":"17周 星期一 第6节-第7节 南湖南-博学北楼-304,1-10周,12-14周,16周 星期一 第6节-第8节 南湖南-博学北楼-304","XF":3,"SKXQ":1,"XNXQDM":"2024-2025-2","KCM":"金属学及热处理C","JASDM":"0202010304","JXLDM":"020201","JXBID":"20242-13671","SKBJ":"成型2301","TYXMDM":null,"KCH":"10034121096"},{"KKDWDM":"020","XS":32,"BYBZ":"0","JSJC":4,"XXXQDM":"02","KXH":"05","KSJC":3,"XKZRS":35,"SKZC":"111111111100000000000000000000","SKJS":"何谨然","ISTK":0,"ZCMC":"1-10周","YPSJDD":"16-17周 星期一 第3节-第4节 南湖南-博学北楼-304,17周 星期二 第3节-第4节 南湖南-博学北楼-304,1-10周 星期一 第3节-第4节 南湖南-博学北楼-304,12-14周 星期一 第3节-第4节 南湖南-博学北楼-304","XF":2,"SKXQ":1,"XNXQDM":"2024-2025-2","KCM":"商务英语","JASDM":"0202010304","JXLDM":"020201","JXBID":"20242-12824","SKBJ":"公选-12824","TYXMDM":"11","KCH":"10201117099"},{"KKDWDM":"020","XS":32,"BYBZ":"0","JSJC":2,"XXXQDM":"02","KXH":"02","KSJC":1,"XKZRS":36,"SKZC":"111111111100000000000000000000","SKJS":"何谨然","ISTK":0,"ZCMC":"1-10周","YPSJDD":"16-17周 星期一 第1节-第2节 南湖南-博学北楼-304,12-14周 星期一 第1节-第2节 南湖南-博学北楼-304,17周 星期二 第1节-第2节 南湖南-博学北楼-304,1-10周 星期一 第1节-第2节 南湖南-博学北楼-304","XF":2,"SKXQ":1,"XNXQDM":"2024-2025-2","KCM":"商务英语","JASDM":"0202010304","JXLDM":"020201","JXBID":"20242-12806","SKBJ":"公选-12806","TYXMDM":"11","KCH":"10201117099"},{"KKDWDM":"020","XS":48,"BYBZ":"0","JSJC":4,"XXXQDM":"02","KXH":"13","KSJC":3,"XKZRS":34,"SKZC":"111111111000000000000000000000","SKJS":"彭爱民","ISTK":0,"ZCMC":"1-9周","YPSJDD":"1-9周 星期四 第3节-第4节 南湖南-博学北楼-304,11-17周 星期四 第3节-第4节 南湖南-博学北楼-304","XF":2,"SKXQ":4,"XNXQDM":"2024-2025-2","KCM":"美国历史与文化","JASDM":"0202010304","JXLDM":"020201","JXBID":"20242-12928","SKBJ":"公选-12928","TYXMDM":"11","KCH":"10201117160"},{"KKDWDM":"020","XS":48,"BYBZ":"0","JSJC":2,"XXXQDM":"02","KXH":"09","KSJC":1,"XKZRS":36,"SKZC":"111111111000000000000000000000","SKJS":"彭爱民","ISTK":0,"ZCMC":"1-9周","YPSJDD":"11-17周 星期四 第1节-第2节 南湖南-博学北楼-304,1-9周 星期四 第1节-第2节 南湖南-博学北楼-304","XF":2,"SKXQ":4,"XNXQDM":"2024-2025-2","KCM":"美国历史与文化","JASDM":"0202010304","JXLDM":"020201","JXBID":"20242-12910","SKBJ":"公选-12910","TYXMDM":"11","KCH":"10201117160"},{"KKDWDM":"020","XS":48,"BYBZ":"0","JSJC":4,"XXXQDM":"02","KXH":"20","KSJC":3,"XKZRS":33,"SKZC":"111110000000000000000000000000","SKJS":"彭爱民","ISTK":0,"ZCMC":"1-5周","YPSJDD":"17周 星期三 第3节-第4节 南湖南-博学北楼-304,7-9周 星期五 第3节-第4节 南湖南-博学北楼-304,11-16周 星期五 第3节-第4节 南湖南-博学北楼-304,1-5周 星期五 第3节-第4节 南湖南-博学北楼-304,9周 星期日 第3节-第4节 南湖南-博学北楼-304","XF":2,"SKXQ":5,"XNXQDM":"2024-2025-2","KCM":"美国历史与文化","JASDM":"0202010304","JXLDM":"020201","JXBID":"20242-12963","SKBJ":"公选-12963","TYXMDM":"11","KCH":"10201117160"},{"KKDWDM":"020","XS":48,"BYBZ":"0","JSJC":2,"XXXQDM":"02","KXH":"17","KSJC":1,"XKZRS":36,"SKZC":"111110000000000000000000000000","SKJS":"彭爱民","ISTK":0,"ZCMC":"1-5周","YPSJDD":"17周 星期三 第1节-第2节 南湖南-博学北楼-304,11-16周 星期五 第1节-第2节 南湖南-博学北楼-304,9周 星期日 第1节-第2节 南湖南-博学北楼-304,1-5周 星期五 第1节-第2节 南湖南-博学北楼-304,7-9周 星期五 第1节-第2节 南湖南-博学北楼-304","XF":2,"SKXQ":5,"XNXQDM":"2024-2025-2","KCM":"美国历史与文化","JASDM":"0202010304","JXLDM":"020201","JXBID":"20242-12946","SKBJ":"公选-12946","TYXMDM":"11","KCH":"10201117160"},{"KKDWDM":"020","XS":48,"BYBZ":"0","JSJC":2,"XXXQDM":"02","KXH":"17","KSJC":1,"XKZRS":36,"SKZC":"000000111000000000000000000000","SKJS":"彭爱民","ISTK":0,"ZCMC":"7-9周","YPSJDD":"17周 星期三 第1节-第2节 南湖南-博学北楼-304,11-16周 星期五 第1节-第2节 南湖南-博学北楼-304,9周 星期日 第1节-第2节 南湖南-博学北楼-304,1-5周 星期五 第1节-第2节 南湖南-博学北楼-304,7-9周 星期五 第1节-第2节 南湖南-博学北楼-304","XF":2,"SKXQ":5,"XNXQDM":"2024-2025-2","KCM":"美国历史与文化","JASDM":"0202010304","JXLDM":"020201","JXBID":"20242-12946","SKBJ":"公选-12946","TYXMDM":"11","KCH":"10201117160"},{"KKDWDM":"020","XS":48,"BYBZ":"0","JSJC":4,"XXXQDM":"02","KXH":"20","KSJC":3,"XKZRS":33,"SKZC":"000000111000000000000000000000","SKJS":"彭爱民","ISTK":0,"ZCMC":"7-9周","YPSJDD":"17周 星期三 第3节-第4节 南湖南-博学北楼-304,7-9周 星期五 第3节-第4节 南湖南-博学北楼-304,11-16周 星期五 第3节-第4节 南湖南-博学北楼-304,1-5周 星期五 第3节-第4节 南湖南-博学北楼-304,9周 星期日 第3节-第4节 南湖南-博学北楼-304","XF":2,"SKXQ":5,"XNXQDM":"2024-2025-2","KCM":"美国历史与文化","JASDM":"0202010304","JXLDM":"020201","JXBID":"20242-12963","SKBJ":"公选-12963","TYXMDM":"11","KCH":"10201117160"},{"KKDWDM":"020","XS":48,"BYBZ":"0","JSJC":4,"XXXQDM":"02","KXH":"20","KSJC":3,"XKZRS":33,"SKZC":"000000001000000000000000000000","SKJS":"彭爱民","ISTK":0,"ZCMC":"9周","YPSJDD":"17周 星期三 第3节-第4节 南湖南-博学北楼-304,7-9周 星期五 第3节-第4节 南湖南-博学北楼-304,11-16周 星期五 第3节-第4节 南湖南-博学北楼-304,1-5周 星期五 第3节-第4节 南湖南-博学北楼-304,9周 星期日 第3节-第4节 南湖南-博学北楼-304","XF":2,"SKXQ":7,"XNXQDM":"2024-2025-2","KCM":"美国历史与文化","JASDM":"0202010304","JXLDM":"020201","JXBID":"20242-12963","SKBJ":"公选-12963","TYXMDM":"11","KCH":"10201117160"},{"KKDWDM":"020","XS":48,"BYBZ":"0","JSJC":2,"XXXQDM":"02","KXH":"17","KSJC":1,"XKZRS":36,"SKZC":"000000001000000000000000000000","SKJS":"彭爱民","ISTK":0,"ZCMC":"9周","YPSJDD":"17周 星期三 第1节-第2节 南湖南-博学北楼-304,11-16周 星期五 第1节-第2节 南湖南-博学北楼-304,9周 星期日 第1节-第2节 南湖南-博学北楼-304,1-5周 星期五 第1节-第2节 南湖南-博学北楼-304,7-9周 星期五 第1节-第2节 南湖南-博学北楼-304","XF":2,"SKXQ":7,"XNXQDM":"2024-2025-2","KCM":"美国历史与文化","JASDM":"0202010304","JXLDM":"020201","JXBID":"20242-12946","SKBJ":"公选-12946","TYXMDM":"11","KCH":"10201117160"},{"KKDWDM":"020","XS":48,"BYBZ":"0","JSJC":4,"XXXQDM":"02","KXH":"13","KSJC":3,"XKZRS":34,"SKZC":"000000000011111110000000000000","SKJS":"彭爱民","ISTK":0,"ZCMC":"11-17周","YPSJDD":"1-9周 星期四 第3节-第4节 南湖南-博学北楼-304,11-17周 星期四 第3节-第4节 南湖南-博学北楼-304","XF":2,"SKXQ":4,"XNXQDM":"2024-2025-2","KCM":"美国历史与文化","JASDM":"0202010304","JXLDM":"020201","JXBID":"20242-12928","SKBJ":"公选-12928","TYXMDM":"11","KCH":"10201117160"},{"KKDWDM":"020","XS":48,"BYBZ":"0","JSJC":2,"XXXQDM":"02","KXH":"09","KSJC":1,"XKZRS":36,"SKZC":"000000000011111110000000000000","SKJS":"彭爱民","ISTK":0,"ZCMC":"11-17周","YPSJDD":"11-17周 星期四 第1节-第2节 南湖南-博学北楼-304,1-9周 星期四 第1节-第2节 南湖南-博学北楼-304","XF":2,"SKXQ":4,"XNXQDM":"2024-2025-2","KCM":"美国历史与文化","JASDM":"0202010304","JXLDM":"020201","JXBID":"20242-12910","SKBJ":"公选-12910","TYXMDM":"11","KCH":"10201117160"},{"KKDWDM":"020","XS":48,"BYBZ":"0","JSJC":4,"XXXQDM":"02","KXH":"20","KSJC":3,"XKZRS":33,"SKZC":"000000000011111100000000000000","SKJS":"彭爱民","ISTK":0,"ZCMC":"11-16周","YPSJDD":"17周 星期三 第3节-第4节 南湖南-博学北楼-304,7-9周 星期五 第3节-第4节 南湖南-博学北楼-304,11-16周 星期五 第3节-第4节 南湖南-博学北楼-304,1-5周 星期五 第3节-第4节 南湖南-博学北楼-304,9周 星期日 第3节-第4节 南湖南-博学北楼-304","XF":2,"SKXQ":5,"XNXQDM":"2024-2025-2","KCM":"美国历史与文化","JASDM":"0202010304","JXLDM":"020201","JXBID":"20242-12963","SKBJ":"公选-12963","TYXMDM":"11","KCH":"10201117160"},{"KKDWDM":"020","XS":48,"BYBZ":"0","JSJC":2,"XXXQDM":"02","KXH":"17","KSJC":1,"XKZRS":36,"SKZC":"000000000011111100000000000000","SKJS":"彭爱民","ISTK":0,"ZCMC":"11-16周","YPSJDD":"17周 星期三 第1节-第2节 南湖南-博学北楼-304,11-16周 星期五 第1节-第2节 南湖南-博学北楼-304,9周 星期日 第1节-第2节 南湖南-博学北楼-304,1-5周 星期五 第1节-第2节 南湖南-博学北楼-304,7-9周 星期五 第1节-第2节 南湖南-博学北楼-304","XF":2,"SKXQ":5,"XNXQDM":"2024-2025-2","KCM":"美国历史与文化","JASDM":"0202010304","JXLDM":"020201","JXBID":"20242-12946","SKBJ":"公选-12946","TYXMDM":"11","KCH":"10201117160"},{"KKDWDM":"020","XS":32,"BYBZ":"0","JSJC":4,"XXXQDM":"02","KXH":"05","KSJC":3,"XKZRS":35,"SKZC":"000000000001110000000000000000","SKJS":"何谨然","ISTK":0,"ZCMC":"12-14周","YPSJDD":"16-17周 星期一 第3节-第4节 南湖南-博学北楼-304,17周 星期二 第3节-第4节 南湖南-博学北楼-304,1-10周 星期一 第3节-第4节 南湖南-博学北楼-304,12-14周 星期一 第3节-第4节 南湖南-博学北楼-304","XF":2,"SKXQ":1,"XNXQDM":"2024-2025-2","KCM":"商务英语","JASDM":"0202010304","JXLDM":"020201","JXBID":"20242-12824","SKBJ":"公选-12824","TYXMDM":"11","KCH":"10201117099"},{"KKDWDM":"020","XS":32,"BYBZ":"0","JSJC":2,"XXXQDM":"02","KXH":"02","KSJC":1,"XKZRS":36,"SKZC":"000000000001110000000000000000","SKJS":"何谨然","ISTK":0,"ZCMC":"12-14周","YPSJDD":"16-17周 星期一 第1节-第2节 南湖南-博学北楼-304,12-14周 星期一 第1节-第2节 南湖南-博学北楼-304,17周 星期二 第1节-第2节 南湖南-博学北楼-304,1-10周 星期一 第1节-第2节 南湖南-博学北楼-304","XF":2,"SKXQ":1,"XNXQDM":"2024-2025-2","KCM":"商务英语","JASDM":"0202010304","JXLDM":"020201","JXBID":"20242-12806","SKBJ":"公选-12806","TYXMDM":"11","KCH":"10201117099"},{"KKDWDM":"020","XS":32,"BYBZ":"0","JSJC":4,"XXXQDM":"02","KXH":"05","KSJC":3,"XKZRS":35,"SKZC":"000000000000000110000000000000","SKJS":"何谨然","ISTK":0,"ZCMC":"16-17周","YPSJDD":"16-17周 星期一 第3节-第4节 南湖南-博学北楼-304,17周 星期二 第3节-第4节 南湖南-博学北楼-304,1-10周 星期一 第3节-第4节 南湖南-博学北楼-304,12-14周 星期一 第3节-第4节 南湖南-博学北楼-304","XF":2,"SKXQ":1,"XNXQDM":"2024-2025-2","KCM":"商务英语","JASDM":"0202010304","JXLDM":"020201","JXBID":"20242-12824","SKBJ":"公选-12824","TYXMDM":"11","KCH":"10201117099"},{"KKDWDM":"020","XS":32,"BYBZ":"0","JSJC":2,"XXXQDM":"02","KXH":"02","KSJC":1,"XKZRS":36,"SKZC":"000000000000000110000000000000","SKJS":"何谨然","ISTK":0,"ZCMC":"16-17周","YPSJDD":"16-17周 星期一 第1节-第2节 南湖南-博学北楼-304,12-14周 星期一 第1节-第2节 南湖南-博学北楼-304,17周 星期二 第1节-第2节 南湖南-博学北楼-304,1-10周 星期一 第1节-第2节 南湖南-博学北楼-304","XF":2,"SKXQ":1,"XNXQDM":"2024-2025-2","KCM":"商务英语","JASDM":"0202010304","JXLDM":"020201","JXBID":"20242-12806","SKBJ":"公选-12806","TYXMDM":"11","KCH":"10201117099"},{"KKDWDM":"020","XS":48,"BYBZ":"0","JSJC":2,"XXXQDM":"02","KXH":"17","KSJC":1,"XKZRS":36,"SKZC":"000000000000000010000000000000","SKJS":"彭爱民","ISTK":0,"ZCMC":"17周","YPSJDD":"17周 星期三 第1节-第2节 南湖南-博学北楼-304,11-16周 星期五 第1节-第2节 南湖南-博学北楼-304,9周 星期日 第1节-第2节 南湖南-博学北楼-304,1-5周 星期五 第1节-第2节 南湖南-博学北楼-304,7-9周 星期五 第1节-第2节 南湖南-博学北楼-304","XF":2,"SKXQ":3,"XNXQDM":"2024-2025-2","KCM":"美国历史与文化","JASDM":"0202010304","JXLDM":"020201","JXBID":"20242-12946","SKBJ":"公选-12946","TYXMDM":"11","KCH":"10201117160"},{"KKDWDM":"020","XS":32,"BYBZ":"0","JSJC":4,"XXXQDM":"02","KXH":"05","KSJC":3,"XKZRS":35,"SKZC":"000000000000000010000000000000","SKJS":"何谨然","ISTK":0,"ZCMC":"17周","YPSJDD":"16-17周 星期一 第3节-第4节 南湖南-博学北楼-304,17周 星期二 第3节-第4节 南湖南-博学北楼-304,1-10周 星期一 第3节-第4节 南湖南-博学北楼-304,12-14周 星期一 第3节-第4节 南湖南-博学北楼-304","XF":2,"SKXQ":2,"XNXQDM":"2024-2025-2","KCM":"商务英语","JASDM":"0202010304","JXLDM":"020201","JXBID":"20242-12824","SKBJ":"公选-12824","TYXMDM":"11","KCH":"10201117099"},{"KKDWDM":"020","XS":32,"BYBZ":"0","JSJC":2,"XXXQDM":"02","KXH":"02","KSJC":1,"XKZRS":36,"SKZC":"000000000000000010000000000000","SKJS":"何谨然","ISTK":0,"ZCMC":"17周","YPSJDD":"16-17周 星期一 第1节-第2节 南湖南-博学北楼-304,12-14周 星期一 第1节-第2节 南湖南-博学北楼-304,17周 星期二 第1节-第2节 南湖南-博学北楼-304,1-10周 星期一 第1节-第2节 南湖南-博学北楼-304","XF":2,"SKXQ":2,"XNXQDM":"2024-2025-2","KCM":"商务英语","JASDM":"0202010304","JXLDM":"020201","JXBID":"20242-12806","SKBJ":"公选-12806","TYXMDM":"11","KCH":"10201117099"},{"KKDWDM":"020","XS":48,"BYBZ":"0","JSJC":4,"XXXQDM":"02","KXH":"20","KSJC":3,"XKZRS":33,"SKZC":"000000000000000010000000000000","SKJS":"彭爱民","ISTK":0,"ZCMC":"17周","YPSJDD":"17周 星期三 第3节-第4节 南湖南-博学北楼-304,7-9周 星期五 第3节-第4节 南湖南-博学北楼-304,11-16周 星期五 第3节-第4节 南湖南-博学北楼-304,1-5周 星期五 第3节-第4节 南湖南-博学北楼-304,9周 星期日 第3节-第4节 南湖南-博学北楼-304","XF":2,"SKXQ":3,"XNXQDM":"2024-2025-2","KCM":"美国历史与文化","JASDM":"0202010304","JXLDM":"020201","JXBID":"20242-12963","SKBJ":"公选-12963","TYXMDM":"11","KCH":"10201117160"},{"KKDWDM":"003","XS":48,"BYBZ":"0","JSJC":7,"XXXQDM":"02","KXH":"03","KSJC":6,"XKZRS":27,"SKZC":"000000000000000010000000","SKJS":"徐小荣,曾鲜","ISTK":0,"ZCMC":"17周","YPSJDD":"17周 星期一 第6节-第7节 南湖南-博学北楼-304,1-10周,12-14周,16周 星期一 第6节-第8节 南湖南-博学北楼-304","XF":3,"SKXQ":1,"XNXQDM":"2024-2025-2","KCM":"金属学及热处理C","JASDM":"0202010304","JXLDM":"020201","JXBID":"20242-13671","SKBJ":"成型2301","TYXMDM":null,"KCH":"10034121096"}]}},"code":"0"}