{"datas":{"jaskcb":{"extParams":{"code":1,"msg":"查询成功"},"pageSize":0,"pageNumber":0,"totalSize":-1,"rows":[{"KKDWDM":"017","XS":32,"BYBZ":"0","JSJC":10,"XXXQDM":"02","KXH":"01","KSJC":9,"XKZRS":57,"SKZC":"111111111111111100000000000000","SKJS":"程斌武,邱欣","ISTK":0,"ZCMC":"1-16周","YPSJDD":"1-16周 星期三 第9节-第10节 南湖南-博学西楼-204","XF":2,"SKXQ":3,"XNXQDM":"2024-2025-2","KCM":"战略营销","JASDM":"0202030204","JXLDM":"020203","JXBID":"20242-04769","SKBJ":"营销2301-02","TYXMDM":null,"KCH":"10174121173"},{"KKDWDM":"017","XS":32,"BYBZ":"0","JSJC":2,"XXXQDM":"02","KXH":"11","KSJC":1,"XKZRS":65,"SKZC":"1111111111111111","SKJS":"祝江斌","ISTK":0,"ZCMC":"1-16周","YPSJDD":"1-16周 星期三 第1节-第2节 南湖南-博学西楼-204","XF":2,"SKXQ":3,"XNXQDM":"2024-2025-2","KCM":"市场营销学","JASDM":"0202030204","JXLDM":"020203","JXBID":"20242-10704","SKBJ":"工商类2408-09","TYXMDM":null,"KCH":"10173124428"},{"KKDWDM":"012","XS":40,"BYBZ":"0","JSJC":5,"XXXQDM":"02","KXH":"01","KSJC":3,"XKZRS":74,"SKZC":"111111111111000000000000","SKJS":"刘冰艺","ISTK":0,"ZCMC":"1-12周","YPSJDD":"13-14周 星期二 第3节-第4节 南湖南-博学西楼-204,1-12周 星期二 第3节-第5节 南湖南-博学西楼-204","XF":2,"SKXQ":2,"XNXQDM":"2024-2025-2","KCM":"计算机网络","JASDM":"0202030204","JXLDM":"020203","JXBID":"20242-02191","SKBJ":"人工智能2201-02","TYXMDM":null,"KCH":"10124121062"},{"KKDWDM":"072","XS":40,"BYBZ":"0","JSJC":8,"XXXQDM":"02","KXH":"03","KSJC":6,"XKZRS":62,"SKZC":"111111111111000000000000","SKJS":"杨绪秋","ISTK":0,"ZCMC":"1-12周","YPSJDD":"13-14周 星期二 第6节-第7节 南湖南-博学西楼-204,1-12周 星期二 第6节-第8节 南湖南-博学西楼-204","XF":2,"SKXQ":2,"XNXQDM":"2024-2025-2","KCM":"数学物理方法C","JASDM":"0202030204","JXLDM":"020203","JXBID":"20242-05311","SKBJ":"工力2301-02","TYXMDM":null,"KCH":"10154117057"},{"KKDWDM":"012","XS":40,"BYBZ":"0","JSJC":5,"XXXQDM":"02","KXH":"03","KSJC":3,"XKZRS":79,"SKZC":"111111111101100000000000","SKJS":"唐星","ISTK":0,"ZCMC":"1-10周,12-13周","YPSJDD":"14-16周(双) 星期一 第3节-第4节 南湖南-博学西楼-204,1-10周,12-13周 星期一 第3节-第5节 南湖南-博学西楼-204","XF":2,"SKXQ":1,"XNXQDM":"2024-2025-2","KCM":"计算机网络","JASDM":"0202030204","JXLDM":"020203","JXBID":"20242-02205","SKBJ":"软件zy2201-02","TYXMDM":null,"KCH":"10124121062"},{"KKDWDM":"012","XS":40,"BYBZ":"0","JSJC":8,"XXXQDM":"02","KXH":"06","KSJC":6,"XKZRS":69,"SKZC":"111111111101100000000000","SKJS":"唐星,李春林","ISTK":0,"ZCMC":"1-10周,12-13周","YPSJDD":"14-16周(双) 星期一 第6节-第7节 南湖南-博学西楼-204,1-10周,12-13周 星期一 第6节-第8节 南湖南-博学西楼-204","XF":2,"SKXQ":1,"XNXQDM":"2024-2025-2","KCM":"计算机网络","JASDM":"0202030204","JXLDM":"020203","JXBID":"20242-02231","SKBJ":"软件2201-02","TYXMDM":null,"KCH":"10124121062"},{"KKDWDM":"017","XS":32,"BYBZ":"0","JSJC":2,"XXXQDM":"02","KXH":"01","KSJC":1,"XKZRS":62,"SKZC":"111111111100000000000000000000","SKJS":"尹皓","ISTK":0,"ZCMC":"1-10周","YPSJDD":"16-17周 星期一 第1节-第2节 南湖南-博学西楼-204,12-14周 星期一 第1节-第2节 南湖南-博学西楼-204,1-10周 星期一 第1节-第2节 南湖南-博学西楼-204,17周 星期二 第1节-第2节 南湖南-博学西楼-204","XF":2,"SKXQ":1,"XNXQDM":"2024-2025-2","KCM":"企业经营策划学B","JASDM":"0202030204","JXLDM":"020203","JXBID":"20242-04420","SKBJ":"工商2301-02","TYXMDM":null,"KCH":"10195124001"},{"KKDWDM":"022","XS":32,"BYBZ":"0","JSJC":5,"XXXQDM":"02","KXH":"02","KSJC":3,"XKZRS":59,"SKZC":"111111111010000000000000","SKJS":"沈敏","ISTK":0,"ZCMC":"1-9周,11周","YPSJDD":"12周 星期四 第3节-第4节 南湖南-博学西楼-204,1-9周,11周 星期四 第3节-第5节 南湖南-博学西楼-204","XF":2,"SKXQ":4,"XNXQDM":"2024-2025-2","KCM":"中国文学经典导读","JASDM":"0202030204","JXLDM":"020203","JXBID":"20242-12502","SKBJ":"新闻类2404-05","TYXMDM":null,"KCH":"10224121083"},{"KKDWDM":"003","XS":32,"BYBZ":"0","JSJC":8,"XXXQDM":"02","KXH":"02","KSJC":6,"XKZRS":73,"SKZC":"111110111010000000000000","SKJS":"刘晶晶,陈万煜","ISTK":0,"ZCMC":"1-5周,7-9周,11周","YPSJDD":"12周 星期五 第6节-第7节 南湖南-博学西楼-204,1-5周,7-9周,11周 星期五 第6节-第8节 南湖南-博学西楼-204,9周 星期日 第6节-第8节 南湖南-博学西楼-204","XF":2,"SKXQ":5,"XNXQDM":"2024-2025-2","KCM":"材料概论","JASDM":"0202030204","JXLDM":"020203","JXBID":"20242-06357","SKBJ":"材料类2415-16","TYXMDM":null,"KCH":"10105111044"},{"KKDWDM":"008","XS":40,"BYBZ":"0","JSJC":5,"XXXQDM":"02","KXH":"09","KSJC":3,"XKZRS":72,"SKZC":"111110000000000000000000000000","SKJS":"史晓亮","ISTK":0,"ZCMC":"1-5周","YPSJDD":"1-5周 星期五 第3节-第5节 南湖南-博学西楼-204,7-9周 星期五 第3节-第5节 南湖南-博学西楼-204,11-13周 星期五 第3节-第5节 南湖南-博学西楼-204,9周 星期日 第3节-第5节 南湖南-博学西楼-204","XF":2,"SKXQ":5,"XNXQDM":"2024-2025-2","KCM":"工程材料A","JASDM":"0202030204","JXLDM":"020203","JXBID":"20242-11063","SKBJ":"机电类2407-08","TYXMDM":null,"KCH":"10115111001"},{"KKDWDM":"072","XS":64,"BYBZ":"0","JSJC":2,"XXXQDM":"02","KXH":"17","KSJC":1,"XKZRS":76,"SKZC":"100000000000000000000000000000","SKJS":"朱四荣,秦莹","ISTK":0,"ZCMC":"1周","YPSJDD":"1周 星期三 第3节-第4节 南湖南-博学西楼-409,1周 星期五 第1节-第2节 南湖南-博学西楼-204,9周 星期日 第1节-第2节 南湖南-博学东楼-202,2-5周,7-9周,11-15周 星期五 第1节-第2节 南湖南-博学东楼-202,2-16周 星期三 第3节-第4节 南湖南-博学西楼-213","XF":4,"SKXQ":5,"XNXQDM":"2024-2025-2","KCM":"材料力学C","JASDM":"0202030204","JXLDM":"020203","JXBID":"20242-10812","SKBJ":"车辆2303-04","TYXMDM":null,"KCH":"10154111009"},{"KKDWDM":"022","XS":32,"BYBZ":"0","JSJC":5,"XXXQDM":"02","KXH":"02","KSJC":3,"XKZRS":72,"SKZC":"000001111111111000000000","SKJS":"李银波","ISTK":0,"ZCMC":"6-15周","YPSJDD":"16周 星期三 第3节-第4节 南湖南-博学西楼-204,6-15周 星期三 第3节-第5节 南湖南-博学西楼-204","XF":2,"SKXQ":3,"XNXQDM":"2024-2025-2","KCM":"国际传播","JASDM":"0202030204","JXLDM":"020203","JXBID":"20242-03661","SKBJ":"新媒体2201-02","TYXMDM":null,"KCH":"10224121106"},{"KKDWDM":"021","XS":32,"BYBZ":"0","JSJC":13,"XXXQDM":"02","KXH":"02","KSJC":11,"XKZRS":39,"SKZC":"000000111111000000000000000000","SKJS":"加力布,鄢松波","ISTK":0,"ZCMC":"7-12周","YPSJDD":"7-12周 星期二 第11节-第13节 南湖南-博学西楼-204,12周 星期四 第11节-第12节 南湖南-博学西楼-204,7-9周,11周 星期四 第11节-第13节 南湖南-博学西楼-204","XF":2,"SKXQ":2,"XNXQDM":"2024-2025-2","KCM":"中国概况","JASDM":"0202030204","JXLDM":"020203","JXBID":"20242-13823","SKBJ":"国贸留2401,计算机留2401","TYXMDM":null,"KCH":"30211119001"},{"KKDWDM":"021","XS":32,"BYBZ":"0","JSJC":13,"XXXQDM":"02","KXH":"02","KSJC":11,"XKZRS":39,"SKZC":"000000111010000000000000000000","SKJS":"加力布,鄢松波","ISTK":0,"ZCMC":"7-9周,11周","YPSJDD":"7-12周 星期二 第11节-第13节 南湖南-博学西楼-204,12周 星期四 第11节-第12节 南湖南-博学西楼-204,7-9周,11周 星期四 第11节-第13节 南湖南-博学西楼-204","XF":2,"SKXQ":4,"XNXQDM":"2024-2025-2","KCM":"中国概况","JASDM":"0202030204","JXLDM":"020203","JXBID":"20242-13823","SKBJ":"国贸留2401,计算机留2401","TYXMDM":null,"KCH":"30211119001"},{"KKDWDM":"008","XS":40,"BYBZ":"0","JSJC":5,"XXXQDM":"02","KXH":"09","KSJC":3,"XKZRS":72,"SKZC":"000000111000000000000000000000","SKJS":"史晓亮","ISTK":0,"ZCMC":"7-9周","YPSJDD":"1-5周 星期五 第3节-第5节 南湖南-博学西楼-204,7-9周 星期五 第3节-第5节 南湖南-博学西楼-204,11-13周 星期五 第3节-第5节 南湖南-博学西楼-204,9周 星期日 第3节-第5节 南湖南-博学西楼-204","XF":2,"SKXQ":5,"XNXQDM":"2024-2025-2","KCM":"工程材料A","JASDM":"0202030204","JXLDM":"020203","JXBID":"20242-11063","SKBJ":"机电类2407-08","TYXMDM":null,"KCH":"10115111001"},{"KKDWDM":"016","XS":32,"BYBZ":"0","JSJC":10,"XXXQDM":"02","KXH":"02","KSJC":9,"XKZRS":48,"SKZC":"000000001111111100000000000000","SKJS":"张德禄","ISTK":0,"ZCMC":"9-16周","YPSJDD":"9周,11-17周 星期四 第1节-第2节 南湖南-博学西楼-204,9-16周 星期二 第9节-第10节 南湖南-博学西楼-204","XF":2,"SKXQ":2,"XNXQDM":"2024-2025-2","KCM":"神经生物学","JASDM":"0202030204","JXLDM":"020203","JXBID":"20242-03697","SKBJ":"生物2201,生物H2201-03","TYXMDM":null,"KCH":"10165121008"},{"KKDWDM":"016","XS":32,"BYBZ":"0","JSJC":2,"XXXQDM":"02","KXH":"02","KSJC":1,"XKZRS":48,"SKZC":"000000001011111110000000000000","SKJS":"张德禄","ISTK":0,"ZCMC":"9周,11-17周","YPSJDD":"9周,11-17周 星期四 第1节-第2节 南湖南-博学西楼-204,9-16周 星期二 第9节-第10节 南湖南-博学西楼-204","XF":2,"SKXQ":4,"XNXQDM":"2024-2025-2","KCM":"神经生物学","JASDM":"0202030204","JXLDM":"020203","JXBID":"20242-03697","SKBJ":"生物2201,生物H2201-03","TYXMDM":null,"KCH":"10165121008"},{"KKDWDM":"008","XS":40,"BYBZ":"0","JSJC":5,"XXXQDM":"02","KXH":"09","KSJC":3,"XKZRS":72,"SKZC":"000000001000000000000000000000","SKJS":"史晓亮","ISTK":0,"ZCMC":"9周","YPSJDD":"1-5周 星期五 第3节-第5节 南湖南-博学西楼-204,7-9周 星期五 第3节-第5节 南湖南-博学西楼-204,11-13周 星期五 第3节-第5节 南湖南-博学西楼-204,9周 星期日 第3节-第5节 南湖南-博学西楼-204","XF":2,"SKXQ":7,"XNXQDM":"2024-2025-2","KCM":"工程材料A","JASDM":"0202030204","JXLDM":"020203","JXBID":"20242-11063","SKBJ":"机电类2407-08","TYXMDM":null,"KCH":"10115111001"},{"KKDWDM":"003","XS":32,"BYBZ":"0","JSJC":8,"XXXQDM":"02","KXH":"02","KSJC":6,"XKZRS":73,"SKZC":"000000001000000000000000","SKJS":"刘晶晶,陈万煜","ISTK":0,"ZCMC":"9周","YPSJDD":"12周 星期五 第6节-第7节 南湖南-博学西楼-204,1-5周,7-9周,11周 星期五 第6节-第8节 南湖南-博学西楼-204,9周 星期日 第6节-第8节 南湖南-博学西楼-204","XF":2,"SKXQ":7,"XNXQDM":"2024-2025-2","KCM":"材料概论","JASDM":"0202030204","JXLDM":"020203","JXBID":"20242-06357","SKBJ":"材料类2415-16","TYXMDM":null,"KCH":"10105111044"},{"KKDWDM":"008","XS":40,"BYBZ":"0","JSJC":5,"XXXQDM":"02","KXH":"09","KSJC":3,"XKZRS":72,"SKZC":"000000000011100000000000000000","SKJS":"史晓亮","ISTK":0,"ZCMC":"11-13周","YPSJDD":"1-5周 星期五 第3节-第5节 南湖南-博学西楼-204,7-9周 星期五 第3节-第5节 南湖南-博学西楼-204,11-13周 星期五 第3节-第5节 南湖南-博学西楼-204,9周 星期日 第3节-第5节 南湖南-博学西楼-204","XF":2,"SKXQ":5,"XNXQDM":"2024-2025-2","KCM":"工程材料A","JASDM":"0202030204","JXLDM":"020203","JXBID":"20242-11063","SKBJ":"机电类2407-08","TYXMDM":null,"KCH":"10115111001"},{"KKDWDM":"017","XS":32,"BYBZ":"0","JSJC":2,"XXXQDM":"02","KXH":"01","KSJC":1,"XKZRS":62,"SKZC":"000000000001110000000000000000","SKJS":"尹皓","ISTK":0,"ZCMC":"12-14周","YPSJDD":"16-17周 星期一 第1节-第2节 南湖南-博学西楼-204,12-14周 星期一 第1节-第2节 南湖南-博学西楼-204,1-10周 星期一 第1节-第2节 南湖南-博学西楼-204,17周 星期二 第1节-第2节 南湖南-博学西楼-204","XF":2,"SKXQ":1,"XNXQDM":"2024-2025-2","KCM":"企业经营策划学B","JASDM":"0202030204","JXLDM":"020203","JXBID":"20242-04420","SKBJ":"工商2301-02","TYXMDM":null,"KCH":"10195124001"},{"KKDWDM":"021","XS":32,"BYBZ":"0","JSJC":12,"XXXQDM":"02","KXH":"02","KSJC":11,"XKZRS":39,"SKZC":"000000000001000000000000000000","SKJS":"加力布,鄢松波","ISTK":0,"ZCMC":"12周","YPSJDD":"7-12周 星期二 第11节-第13节 南湖南-博学西楼-204,12周 星期四 第11节-第12节 南湖南-博学西楼-204,7-9周,11周 星期四 第11节-第13节 南湖南-博学西楼-204","XF":2,"SKXQ":4,"XNXQDM":"2024-2025-2","KCM":"中国概况","JASDM":"0202030204","JXLDM":"020203","JXBID":"20242-13823","SKBJ":"国贸留2401,计算机留2401","TYXMDM":null,"KCH":"30211119001"},{"KKDWDM":"003","XS":32,"BYBZ":"0","JSJC":7,"XXXQDM":"02","KXH":"02","KSJC":6,"XKZRS":73,"SKZC":"000000000001000000000000","SKJS":"刘晶晶,陈万煜","ISTK":0,"ZCMC":"12周","YPSJDD":"12周 星期五 第6节-第7节 南湖南-博学西楼-204,1-5周,7-9周,11周 星期五 第6节-第8节 南湖南-博学西楼-204,9周 星期日 第6节-第8节 南湖南-博学西楼-204","XF":2,"SKXQ":5,"XNXQDM":"2024-2025-2","KCM":"材料概论","JASDM":"0202030204","JXLDM":"020203","JXBID":"20242-06357","SKBJ":"材料类2415-16","TYXMDM":null,"KCH":"10105111044"},{"KKDWDM":"022","XS":32,"BYBZ":"0","JSJC":4,"XXXQDM":"02","KXH":"02","KSJC":3,"XKZRS":59,"SKZC":"000000000001000000000000","SKJS":"沈敏","ISTK":0,"ZCMC":"12周","YPSJDD":"12周 星期四 第3节-第4节 南湖南-博学西楼-204,1-9周,11周 星期四 第3节-第5节 南湖南-博学西楼-204","XF":2,"SKXQ":4,"XNXQDM":"2024-2025-2","KCM":"中国文学经典导读","JASDM":"0202030204","JXLDM":"020203","JXBID":"20242-12502","SKBJ":"新闻类2404-05","TYXMDM":null,"KCH":"10224121083"},{"KKDWDM":"012","XS":40,"BYBZ":"0","JSJC":4,"XXXQDM":"02","KXH":"01","KSJC":3,"XKZRS":74,"SKZC":"000000000000110000000000","SKJS":"刘冰艺","ISTK":0,"ZCMC":"13-14周","YPSJDD":"13-14周 星期二 第3节-第4节 南湖南-博学西楼-204,1-12周 星期二 第3节-第5节 南湖南-博学西楼-204","XF":2,"SKXQ":2,"XNXQDM":"2024-2025-2","KCM":"计算机网络","JASDM":"0202030204","JXLDM":"020203","JXBID":"20242-02191","SKBJ":"人工智能2201-02","TYXMDM":null,"KCH":"10124121062"},{"KKDWDM":"072","XS":40,"BYBZ":"0","JSJC":7,"XXXQDM":"02","KXH":"03","KSJC":6,"XKZRS":62,"SKZC":"000000000000110000000000","SKJS":"杨绪秋","ISTK":0,"ZCMC":"13-14周","YPSJDD":"13-14周 星期二 第6节-第7节 南湖南-博学西楼-204,1-12周 星期二 第6节-第8节 南湖南-博学西楼-204","XF":2,"SKXQ":2,"XNXQDM":"2024-2025-2","KCM":"数学物理方法C","JASDM":"0202030204","JXLDM":"020203","JXBID":"20242-05311","SKBJ":"工力2301-02","TYXMDM":null,"KCH":"10154117057"},{"KKDWDM":"012","XS":40,"BYBZ":"0","JSJC":7,"XXXQDM":"02","KXH":"06","KSJC":6,"XKZRS":69,"SKZC":"000000000000010100000000","SKJS":"唐星,李春林","ISTK":0,"ZCMC":"14-16周(双)","YPSJDD":"14-16周(双) 星期一 第6节-第7节 南湖南-博学西楼-204,1-10周,12-13周 星期一 第6节-第8节 南湖南-博学西楼-204","XF":2,"SKXQ":1,"XNXQDM":"2024-2025-2","KCM":"计算机网络","JASDM":"0202030204","JXLDM":"020203","JXBID":"20242-02231","SKBJ":"软件2201-02","TYXMDM":null,"KCH":"10124121062"},{"KKDWDM":"012","XS":40,"BYBZ":"0","JSJC":4,"XXXQDM":"02","KXH":"03","KSJC":3,"XKZRS":79,"SKZC":"000000000000010100000000","SKJS":"唐星","ISTK":0,"ZCMC":"14-16周(双)","YPSJDD":"14-16周(双) 星期一 第3节-第4节 南湖南-博学西楼-204,1-10周,12-13周 星期一 第3节-第5节 南湖南-博学西楼-204","XF":2,"SKXQ":1,"XNXQDM":"2024-2025-2","KCM":"计算机网络","JASDM":"0202030204","JXLDM":"020203","JXBID":"20242-02205","SKBJ":"软件zy2201-02","TYXMDM":null,"KCH":"10124121062"},{"KKDWDM":"017","XS":32,"BYBZ":"0","JSJC":2,"XXXQDM":"02","KXH":"01","KSJC":1,"XKZRS":62,"SKZC":"000000000000000110000000000000","SKJS":"尹皓","ISTK":0,"ZCMC":"16-17周","YPSJDD":"16-17周 星期一 第1节-第2节 南湖南-博学西楼-204,12-14周 星期一 第1节-第2节 南湖南-博学西楼-204,1-10周 星期一 第1节-第2节 南湖南-博学西楼-204,17周 星期二 第1节-第2节 南湖南-博学西楼-204","XF":2,"SKXQ":1,"XNXQDM":"2024-2025-2","KCM":"企业经营策划学B","JASDM":"0202030204","JXLDM":"020203","JXBID":"20242-04420","SKBJ":"工商2301-02","TYXMDM":null,"KCH":"10195124001"},{"KKDWDM":"022","XS":32,"BYBZ":"0","JSJC":4,"XXXQDM":"02","KXH":"02","KSJC":3,"XKZRS":72,"SKZC":"000000000000000100000000","SKJS":"李银波","ISTK":0,"ZCMC":"16周","YPSJDD":"16周 星期三 第3节-第4节 南湖南-博学西楼-204,6-15周 星期三 第3节-第5节 南湖南-博学西楼-204","XF":2,"SKXQ":3,"XNXQDM":"2024-2025-2","KCM":"国际传播","JASDM":"0202030204","JXLDM":"020203","JXBID":"20242-03661","SKBJ":"新媒体2201-02","TYXMDM":null,"KCH":"10224121106"},{"KKDWDM":"017","XS":32,"BYBZ":"0","JSJC":2,"XXXQDM":"02","KXH":"01","KSJC":1,"XKZRS":62,"SKZC":"000000000000000010000000000000","SKJS":"尹皓","ISTK":0,"ZCMC":"17周","YPSJDD":"16-17周 星期一 第1节-第2节 南湖南-博学西楼-204,12-14周 星期一 第1节-第2节 南湖南-博学西楼-204,1-10周 星期一 第1节-第2节 南湖南-博学西楼-204,17周 星期二 第1节-第2节 南湖南-博学西楼-204","XF":2,"SKXQ":2,"XNXQDM":"2024-2025-2","KCM":"企业经营策划学B","JASDM":"0202030204","JXLDM":"020203","JXBID":"20242-04420","SKBJ":"工商2301-02","TYXMDM":null,"KCH":"10195124001"}]}},"code":"0"}