{"datas":{"jaskcb":{"extParams":{"code":1,"msg":"查询成功"},"pageSize":0,"pageNumber":0,"totalSize":-1,"rows":[{"KKDWDM":"012","XS":56,"BYBZ":"0","JSJC":4,"XXXQDM":"02","KXH":"01","KSJC":3,"XKZRS":80,"SKZC":"111111111111110000000000000000","SKJS":"冯静,张华伟","ISTK":0,"ZCMC":"1-14周","YPSJDD":"1-14周 星期三 第3节-第4节 南湖南-博学西楼-313,1-10周 星期一 第1节-第2节 南湖南-博学西楼-313,16周 星期一 第1节-第2节 南湖南-博学西楼-313,12-14周 星期一 第1节-第2节 南湖南-博学西楼-313","XF":3,"SKXQ":3,"XNXQDM":"2024-2025-2","KCM":"数据库系统原理","JASDM":"0202030313","JXLDM":"020203","JXBID":"20242-04689","SKBJ":"大数据2301-02","TYXMDM":null,"KCH":"30124119006"},{"KKDWDM":"008","XS":56,"BYBZ":"0","JSJC":2,"XXXQDM":"02","KXH":"04","KSJC":1,"XKZRS":80,"SKZC":"111111111111100000000000000000","SKJS":"江连会","ISTK":0,"ZCMC":"1-13周","YPSJDD":"7-9周 星期五 第3节-第4节 南湖南-博学西楼-313,1-13周 星期三 第1节-第2节 南湖南-博学西楼-313,11-13周 星期五 第3节-第4节 南湖南-博学西楼-313,9周 星期日 第3节-第4节 南湖南-博学西楼-313,1-5周 星期五 第3节-第4节 南湖南-博学西楼-313","XF":3,"SKXQ":3,"XNXQDM":"2024-2025-2","KCM":"机械设计基础A","JASDM":"0202030313","JXLDM":"020203","JXBID":"20242-04665","SKBJ":"智能制造本硕2301,车辆zy2301","TYXMDM":null,"KCH":"10083121087"},{"KKDWDM":"008","XS":56,"BYBZ":"0","JSJC":4,"XXXQDM":"02","KXH":"02","KSJC":3,"XKZRS":75,"SKZC":"111111111111100000000000000000","SKJS":"江连会","ISTK":0,"ZCMC":"1-13周","YPSJDD":"1-5周 星期五 第1节-第2节 南湖南-博学西楼-104,1-13周 星期二 第3节-第4节 南湖南-博学西楼-313,9周 星期日 第1节-第2节 南湖南-博学西楼-104,11-13周 星期五 第1节-第2节 南湖南-博学西楼-104,7-9周 星期五 第1节-第2节 南湖南-博学西楼-104","XF":3,"SKXQ":2,"XNXQDM":"2024-2025-2","KCM":"机械设计基础A","JASDM":"0202030313","JXLDM":"020203","JXBID":"20242-04500","SKBJ":"成型2301-02","TYXMDM":null,"KCH":"10083121087"},{"KKDWDM":"010","XS":56,"BYBZ":"0","JSJC":2,"XXXQDM":"02","KXH":"01","KSJC":1,"XKZRS":68,"SKZC":"111111111111000000000000","SKJS":"李晔,李柏林","ISTK":0,"ZCMC":"1-12周","YPSJDD":"1-12周 星期二 第1节-第2节 南湖南-博学西楼-313,12周 星期四 第3节-第4节 南湖南-博学西楼-313,1-9周,11周 星期四 第3节-第5节 南湖南-博学西楼-313","XF":3,"SKXQ":2,"XNXQDM":"2024-2025-2","KCM":"水污染控制工程","JASDM":"0202030313","JXLDM":"020203","JXBID":"20242-03635","SKBJ":"环工2201-02","TYXMDM":null,"KCH":"10104113045"},{"KKDWDM":"016","XS":40,"BYBZ":"0","JSJC":5,"XXXQDM":"02","KXH":"01","KSJC":3,"XKZRS":76,"SKZC":"111111111101100000000000","SKJS":"袁泉","ISTK":0,"ZCMC":"1-10周,12-13周","YPSJDD":"14-16周(双) 星期一 第3节-第4节 南湖南-博学西楼-313,1-10周,12-13周 星期一 第3节-第5节 南湖南-博学西楼-313","XF":2,"SKXQ":1,"XNXQDM":"2024-2025-2","KCM":"有机化学A2","JASDM":"0202030313","JXLDM":"020203","JXBID":"20242-05500","SKBJ":"应化2301-03","TYXMDM":null,"KCH":"10164117046"},{"KKDWDM":"071","XS":32,"BYBZ":"0","JSJC":7,"XXXQDM":"02","KXH":"02","KSJC":6,"XKZRS":94,"SKZC":"111111111100000000000000000000","SKJS":"高秉建","ISTK":0,"ZCMC":"1-10周","YPSJDD":"16-17周 星期一 第6节-第7节 南湖南-博学西楼-313,17周 星期二 第6节-第7节 南湖南-博学西楼-313,12-14周 星期一 第6节-第7节 南湖南-博学西楼-313,1-10周 星期一 第6节-第7节 南湖南-博学西楼-313","XF":2,"SKXQ":1,"XNXQDM":"2024-2025-2","KCM":"数值计算","JASDM":"0202030313","JXLDM":"020203","JXBID":"20242-05269","SKBJ":"汽服2301-02","TYXMDM":null,"KCH":"10153116002"},{"KKDWDM":"012","XS":56,"BYBZ":"0","JSJC":2,"XXXQDM":"02","KXH":"01","KSJC":1,"XKZRS":80,"SKZC":"111111111100000000000000000000","SKJS":"冯静,张华伟","ISTK":0,"ZCMC":"1-10周","YPSJDD":"1-14周 星期三 第3节-第4节 南湖南-博学西楼-313,1-10周 星期一 第1节-第2节 南湖南-博学西楼-313,16周 星期一 第1节-第2节 南湖南-博学西楼-313,12-14周 星期一 第1节-第2节 南湖南-博学西楼-313","XF":3,"SKXQ":1,"XNXQDM":"2024-2025-2","KCM":"数据库系统原理","JASDM":"0202030313","JXLDM":"020203","JXBID":"20242-04689","SKBJ":"大数据2301-02","TYXMDM":null,"KCH":"30124119006"},{"KKDWDM":"003","XS":32,"BYBZ":"0","JSJC":8,"XXXQDM":"02","KXH":"12","KSJC":6,"XKZRS":69,"SKZC":"111111111100000000000000","SKJS":"林耀军,王翔","ISTK":0,"ZCMC":"1-10周","YPSJDD":"11周 星期二 第6节-第7节 南湖南-博学西楼-313,1-10周 星期二 第6节-第8节 南湖南-博学西楼-313","XF":2,"SKXQ":2,"XNXQDM":"2024-2025-2","KCM":"材料概论","JASDM":"0202030313","JXLDM":"020203","JXBID":"20242-10078","SKBJ":"材料类2405-06","TYXMDM":null,"KCH":"10105111044"},{"KKDWDM":"010","XS":56,"BYBZ":"0","JSJC":5,"XXXQDM":"02","KXH":"01","KSJC":3,"XKZRS":68,"SKZC":"111111111010000000000000","SKJS":"李晔,李柏林","ISTK":0,"ZCMC":"1-9周,11周","YPSJDD":"1-12周 星期二 第1节-第2节 南湖南-博学西楼-313,12周 星期四 第3节-第4节 南湖南-博学西楼-313,1-9周,11周 星期四 第3节-第5节 南湖南-博学西楼-313","XF":3,"SKXQ":4,"XNXQDM":"2024-2025-2","KCM":"水污染控制工程","JASDM":"0202030313","JXLDM":"020203","JXBID":"20242-03635","SKBJ":"环工2201-02","TYXMDM":null,"KCH":"10104113045"},{"KKDWDM":"008","XS":56,"BYBZ":"0","JSJC":4,"XXXQDM":"02","KXH":"04","KSJC":3,"XKZRS":80,"SKZC":"111110000000000000000000000000","SKJS":"江连会","ISTK":0,"ZCMC":"1-5周","YPSJDD":"7-9周 星期五 第3节-第4节 南湖南-博学西楼-313,1-13周 星期三 第1节-第2节 南湖南-博学西楼-313,11-13周 星期五 第3节-第4节 南湖南-博学西楼-313,9周 星期日 第3节-第4节 南湖南-博学西楼-313,1-5周 星期五 第3节-第4节 南湖南-博学西楼-313","XF":3,"SKXQ":5,"XNXQDM":"2024-2025-2","KCM":"机械设计基础A","JASDM":"0202030313","JXLDM":"020203","JXBID":"20242-04665","SKBJ":"智能制造本硕2301,车辆zy2301","TYXMDM":null,"KCH":"10083121087"},{"KKDWDM":"009","XS":24,"BYBZ":"0","JSJC":8,"XXXQDM":"02","KXH":"01","KSJC":6,"XKZRS":80,"SKZC":"001111111100000000000000","SKJS":"程言美","ISTK":0,"ZCMC":"3-10周","YPSJDD":"3-10周 星期三 第6节-第8节 南湖南-博学西楼-313","XF":1,"SKXQ":3,"XNXQDM":"2024-2025-2","KCM":"建设工程合同管理C","JASDM":"0202030313","JXLDM":"020203","JXBID":"20242-03414","SKBJ":"工程2201-02","TYXMDM":null,"KCH":"10094117080"},{"KKDWDM":"008","XS":56,"BYBZ":"0","JSJC":4,"XXXQDM":"02","KXH":"04","KSJC":3,"XKZRS":80,"SKZC":"000000111000000000000000000000","SKJS":"江连会","ISTK":0,"ZCMC":"7-9周","YPSJDD":"7-9周 星期五 第3节-第4节 南湖南-博学西楼-313,1-13周 星期三 第1节-第2节 南湖南-博学西楼-313,11-13周 星期五 第3节-第4节 南湖南-博学西楼-313,9周 星期日 第3节-第4节 南湖南-博学西楼-313,1-5周 星期五 第3节-第4节 南湖南-博学西楼-313","XF":3,"SKXQ":5,"XNXQDM":"2024-2025-2","KCM":"机械设计基础A","JASDM":"0202030313","JXLDM":"020203","JXBID":"20242-04665","SKBJ":"智能制造本硕2301,车辆zy2301","TYXMDM":null,"KCH":"10083121087"},{"KKDWDM":"008","XS":56,"BYBZ":"0","JSJC":4,"XXXQDM":"02","KXH":"04","KSJC":3,"XKZRS":80,"SKZC":"000000001000000000000000000000","SKJS":"江连会","ISTK":0,"ZCMC":"9周","YPSJDD":"7-9周 星期五 第3节-第4节 南湖南-博学西楼-313,1-13周 星期三 第1节-第2节 南湖南-博学西楼-313,11-13周 星期五 第3节-第4节 南湖南-博学西楼-313,9周 星期日 第3节-第4节 南湖南-博学西楼-313,1-5周 星期五 第3节-第4节 南湖南-博学西楼-313","XF":3,"SKXQ":7,"XNXQDM":"2024-2025-2","KCM":"机械设计基础A","JASDM":"0202030313","JXLDM":"020203","JXBID":"20242-04665","SKBJ":"智能制造本硕2301,车辆zy2301","TYXMDM":null,"KCH":"10083121087"},{"KKDWDM":"008","XS":56,"BYBZ":"0","JSJC":4,"XXXQDM":"02","KXH":"04","KSJC":3,"XKZRS":80,"SKZC":"000000000011100000000000000000","SKJS":"江连会","ISTK":0,"ZCMC":"11-13周","YPSJDD":"7-9周 星期五 第3节-第4节 南湖南-博学西楼-313,1-13周 星期三 第1节-第2节 南湖南-博学西楼-313,11-13周 星期五 第3节-第4节 南湖南-博学西楼-313,9周 星期日 第3节-第4节 南湖南-博学西楼-313,1-5周 星期五 第3节-第4节 南湖南-博学西楼-313","XF":3,"SKXQ":5,"XNXQDM":"2024-2025-2","KCM":"机械设计基础A","JASDM":"0202030313","JXLDM":"020203","JXBID":"20242-04665","SKBJ":"智能制造本硕2301,车辆zy2301","TYXMDM":null,"KCH":"10083121087"},{"KKDWDM":"003","XS":32,"BYBZ":"0","JSJC":7,"XXXQDM":"02","KXH":"12","KSJC":6,"XKZRS":69,"SKZC":"000000000010000000000000","SKJS":"林耀军,王翔","ISTK":0,"ZCMC":"11周","YPSJDD":"11周 星期二 第6节-第7节 南湖南-博学西楼-313,1-10周 星期二 第6节-第8节 南湖南-博学西楼-313","XF":2,"SKXQ":2,"XNXQDM":"2024-2025-2","KCM":"材料概论","JASDM":"0202030313","JXLDM":"020203","JXBID":"20242-10078","SKBJ":"材料类2405-06","TYXMDM":null,"KCH":"10105111044"},{"KKDWDM":"071","XS":32,"BYBZ":"0","JSJC":7,"XXXQDM":"02","KXH":"02","KSJC":6,"XKZRS":94,"SKZC":"000000000001110000000000000000","SKJS":"高秉建","ISTK":0,"ZCMC":"12-14周","YPSJDD":"16-17周 星期一 第6节-第7节 南湖南-博学西楼-313,17周 星期二 第6节-第7节 南湖南-博学西楼-313,12-14周 星期一 第6节-第7节 南湖南-博学西楼-313,1-10周 星期一 第6节-第7节 南湖南-博学西楼-313","XF":2,"SKXQ":1,"XNXQDM":"2024-2025-2","KCM":"数值计算","JASDM":"0202030313","JXLDM":"020203","JXBID":"20242-05269","SKBJ":"汽服2301-02","TYXMDM":null,"KCH":"10153116002"},{"KKDWDM":"012","XS":56,"BYBZ":"0","JSJC":2,"XXXQDM":"02","KXH":"01","KSJC":1,"XKZRS":80,"SKZC":"000000000001110000000000000000","SKJS":"冯静,张华伟","ISTK":0,"ZCMC":"12-14周","YPSJDD":"1-14周 星期三 第3节-第4节 南湖南-博学西楼-313,1-10周 星期一 第1节-第2节 南湖南-博学西楼-313,16周 星期一 第1节-第2节 南湖南-博学西楼-313,12-14周 星期一 第1节-第2节 南湖南-博学西楼-313","XF":3,"SKXQ":1,"XNXQDM":"2024-2025-2","KCM":"数据库系统原理","JASDM":"0202030313","JXLDM":"020203","JXBID":"20242-04689","SKBJ":"大数据2301-02","TYXMDM":null,"KCH":"30124119006"},{"KKDWDM":"010","XS":56,"BYBZ":"0","JSJC":4,"XXXQDM":"02","KXH":"01","KSJC":3,"XKZRS":68,"SKZC":"000000000001000000000000","SKJS":"李晔,李柏林","ISTK":0,"ZCMC":"12周","YPSJDD":"1-12周 星期二 第1节-第2节 南湖南-博学西楼-313,12周 星期四 第3节-第4节 南湖南-博学西楼-313,1-9周,11周 星期四 第3节-第5节 南湖南-博学西楼-313","XF":3,"SKXQ":4,"XNXQDM":"2024-2025-2","KCM":"水污染控制工程","JASDM":"0202030313","JXLDM":"020203","JXBID":"20242-03635","SKBJ":"环工2201-02","TYXMDM":null,"KCH":"10104113045"},{"KKDWDM":"016","XS":40,"BYBZ":"0","JSJC":4,"XXXQDM":"02","KXH":"01","KSJC":3,"XKZRS":76,"SKZC":"000000000000010100000000","SKJS":"袁泉","ISTK":0,"ZCMC":"14-16周(双)","YPSJDD":"14-16周(双) 星期一 第3节-第4节 南湖南-博学西楼-313,1-10周,12-13周 星期一 第3节-第5节 南湖南-博学西楼-313","XF":2,"SKXQ":1,"XNXQDM":"2024-2025-2","KCM":"有机化学A2","JASDM":"0202030313","JXLDM":"020203","JXBID":"20242-05500","SKBJ":"应化2301-03","TYXMDM":null,"KCH":"10164117046"},{"KKDWDM":"071","XS":32,"BYBZ":"0","JSJC":7,"XXXQDM":"02","KXH":"02","KSJC":6,"XKZRS":94,"SKZC":"000000000000000110000000000000","SKJS":"高秉建","ISTK":0,"ZCMC":"16-17周","YPSJDD":"16-17周 星期一 第6节-第7节 南湖南-博学西楼-313,17周 星期二 第6节-第7节 南湖南-博学西楼-313,12-14周 星期一 第6节-第7节 南湖南-博学西楼-313,1-10周 星期一 第6节-第7节 南湖南-博学西楼-313","XF":2,"SKXQ":1,"XNXQDM":"2024-2025-2","KCM":"数值计算","JASDM":"0202030313","JXLDM":"020203","JXBID":"20242-05269","SKBJ":"汽服2301-02","TYXMDM":null,"KCH":"10153116002"},{"KKDWDM":"012","XS":56,"BYBZ":"0","JSJC":2,"XXXQDM":"02","KXH":"01","KSJC":1,"XKZRS":80,"SKZC":"000000000000000100000000000000","SKJS":"冯静,张华伟","ISTK":0,"ZCMC":"16周","YPSJDD":"1-14周 星期三 第3节-第4节 南湖南-博学西楼-313,1-10周 星期一 第1节-第2节 南湖南-博学西楼-313,16周 星期一 第1节-第2节 南湖南-博学西楼-313,12-14周 星期一 第1节-第2节 南湖南-博学西楼-313","XF":3,"SKXQ":1,"XNXQDM":"2024-2025-2","KCM":"数据库系统原理","JASDM":"0202030313","JXLDM":"020203","JXBID":"20242-04689","SKBJ":"大数据2301-02","TYXMDM":null,"KCH":"30124119006"},{"KKDWDM":"071","XS":32,"BYBZ":"0","JSJC":7,"XXXQDM":"02","KXH":"02","KSJC":6,"XKZRS":94,"SKZC":"000000000000000010000000000000","SKJS":"高秉建","ISTK":0,"ZCMC":"17周","YPSJDD":"16-17周 星期一 第6节-第7节 南湖南-博学西楼-313,17周 星期二 第6节-第7节 南湖南-博学西楼-313,12-14周 星期一 第6节-第7节 南湖南-博学西楼-313,1-10周 星期一 第6节-第7节 南湖南-博学西楼-313","XF":2,"SKXQ":2,"XNXQDM":"2024-2025-2","KCM":"数值计算","JASDM":"0202030313","JXLDM":"020203","JXBID":"20242-05269","SKBJ":"汽服2301-02","TYXMDM":null,"KCH":"10153116002"}]}},"code":"0"}