{"datas":{"jaskcb":{"extParams":{"code":1,"msg":"查询成功"},"pageSize":0,"pageNumber":0,"totalSize":-1,"rows":[{"KKDWDM":"072","XS":64,"BYBZ":"0","JSJC":4,"XXXQDM":"02","KXH":"11","KSJC":3,"XKZRS":44,"SKZC":"111111111111111000000000000000","SKJS":"郑立霞","ISTK":0,"ZCMC":"1-15周","YPSJDD":"1-9周 星期四 第1节-第2节 南湖南-博学西楼-506,1-15周 星期二 第3节-第4节 南湖南-博学西楼-506,11-16周 星期四 第1节-第2节 南湖南-博学西楼-506","XF":4,"SKXQ":2,"XNXQDM":"2024-2025-2","KCM":"材料力学C","JASDM":"0202030506","JXLDM":"020203","JXBID":"20242-10799","SKBJ":"汽服2301","TYXMDM":null,"KCH":"10154111009"},{"KKDWDM":"012","XS":40,"BYBZ":"0","JSJC":4,"XXXQDM":"02","KXH":"09","KSJC":3,"XKZRS":73,"SKZC":"111111111100000000000000000000","SKJS":"颜昕","ISTK":0,"ZCMC":"1-10周","YPSJDD":"17周 星期二 第3节-第4节 南湖南-博学西楼-506,12-14周 星期一 第3节-第4节 南湖南-博学西楼-506,16-17周 星期一 第3节-第4节 南湖南-博学西楼-506,1-10周 星期一 第3节-第4节 南湖南-博学西楼-506","XF":2,"SKXQ":1,"XNXQDM":"2024-2025-2","KCM":"通信原理","JASDM":"0202030506","JXLDM":"020203","JXBID":"20242-10930","SKBJ":"计算机zy2301-02","TYXMDM":null,"KCH":"10125121031"},{"KKDWDM":"072","XS":64,"BYBZ":"0","JSJC":2,"XXXQDM":"02","KXH":"11","KSJC":1,"XKZRS":44,"SKZC":"111111111000000000000000000000","SKJS":"郑立霞","ISTK":0,"ZCMC":"1-9周","YPSJDD":"1-9周 星期四 第1节-第2节 南湖南-博学西楼-506,1-15周 星期二 第3节-第4节 南湖南-博学西楼-506,11-16周 星期四 第1节-第2节 南湖南-博学西楼-506","XF":4,"SKXQ":4,"XNXQDM":"2024-2025-2","KCM":"材料力学C","JASDM":"0202030506","JXLDM":"020203","JXBID":"20242-10799","SKBJ":"汽服2301","TYXMDM":null,"KCH":"10154111009"},{"KKDWDM":"017","XS":24,"BYBZ":"0","JSJC":5,"XXXQDM":"02","KXH":"01","KSJC":3,"XKZRS":59,"SKZC":"11111111","SKJS":"牟仁艳","ISTK":0,"ZCMC":"1-8周","YPSJDD":"1-8周 星期三 第3节-第5节 南湖南-博学西楼-506","XF":1,"SKXQ":3,"XNXQDM":"2024-2025-2","KCM":"人力资源管理诊断","JASDM":"0202030506","JXLDM":"020203","JXBID":"20242-03841","SKBJ":"人力2201-02","TYXMDM":null,"KCH":"10174121144"},{"KKDWDM":"008","XS":32,"BYBZ":"0","JSJC":4,"XXXQDM":"02","KXH":"01","KSJC":3,"XKZRS":50,"SKZC":"111110000000000000000000000000","SKJS":"王念","ISTK":0,"ZCMC":"1-5周","YPSJDD":"9周 星期日 第3节-第4节 南湖南-博学西楼-506,7-9周 星期五 第3节-第4节 南湖南-博学西楼-506,1-5周 星期五 第3节-第4节 南湖南-博学西楼-506,11-15周 星期五 第3节-第4节 南湖南-博学西楼-506","XF":2,"SKXQ":5,"XNXQDM":"2024-2025-2","KCM":"流体力学与液压传动B","JASDM":"0202030506","JXLDM":"020203","JXBID":"20242-11259","SKBJ":"机械2302","TYXMDM":null,"KCH":"10085117017"},{"KKDWDM":"072","XS":40,"BYBZ":"0","JSJC":5,"XXXQDM":"02","KXH":"01","KSJC":3,"XKZRS":31,"SKZC":"000011111011100000000000000000","SKJS":"谢颂华","ISTK":0,"ZCMC":"5-9周,11-13周","YPSJDD":"1-4周 星期四 第3节-第5节 南湖南-博学主楼-305,5-9周,11-13周 星期四 第3节-第5节 南湖南-博学西楼-506,14-15周 星期四 第3节-第4节 南湖南-博学西楼-506","XF":2,"SKXQ":4,"XNXQDM":"2024-2025-2","KCM":"关系数据库与SQL","JASDM":"0202030506","JXLDM":"020203","JXBID":"20242-02742","SKBJ":"电信科2201-02","TYXMDM":null,"KCH":"10093111005"},{"KKDWDM":"008","XS":32,"BYBZ":"0","JSJC":4,"XXXQDM":"02","KXH":"01","KSJC":3,"XKZRS":50,"SKZC":"000000111000000000000000000000","SKJS":"王念","ISTK":0,"ZCMC":"7-9周","YPSJDD":"9周 星期日 第3节-第4节 南湖南-博学西楼-506,7-9周 星期五 第3节-第4节 南湖南-博学西楼-506,1-5周 星期五 第3节-第4节 南湖南-博学西楼-506,11-15周 星期五 第3节-第4节 南湖南-博学西楼-506","XF":2,"SKXQ":5,"XNXQDM":"2024-2025-2","KCM":"流体力学与液压传动B","JASDM":"0202030506","JXLDM":"020203","JXBID":"20242-11259","SKBJ":"机械2302","TYXMDM":null,"KCH":"10085117017"},{"KKDWDM":"017","XS":32,"BYBZ":"0","JSJC":4,"XXXQDM":"02","KXH":"01","KSJC":3,"XKZRS":75,"SKZC":"0000000011111111","SKJS":"张浩","ISTK":0,"ZCMC":"9-16周","YPSJDD":"9-16周 星期三 第3节-第4节 南湖南-博学西楼-506","XF":2,"SKXQ":3,"XNXQDM":"2024-2025-2","KCM":"大数据与商业智能","JASDM":"0202030506","JXLDM":"020203","JXBID":"20242-02983","SKBJ":"会计2201-02,财务2201","TYXMDM":null,"KCH":"10175121077"},{"KKDWDM":"009","XS":24,"BYBZ":"0","JSJC":8,"XXXQDM":"02","KXH":"01","KSJC":6,"XKZRS":34,"SKZC":"000000001100000000000000000000","SKJS":"严行,陈伟","ISTK":0,"ZCMC":"9-10周","YPSJDD":"12-14周 星期一 第6节-第8节 南湖南-博学西楼-506,17周 星期二 第6节-第8节 南湖南-博学西楼-506,9-10周 星期一 第6节-第8节 南湖南-博学西楼-506,16-17周 星期一 第6节-第8节 南湖南-博学西楼-506","XF":1,"SKXQ":1,"XNXQDM":"2024-2025-2","KCM":"工程大数据与机器学习","JASDM":"0202030506","JXLDM":"020203","JXBID":"20242-02756","SKBJ":"工程2201-02","TYXMDM":null,"KCH":"10095121007"},{"KKDWDM":"008","XS":32,"BYBZ":"0","JSJC":4,"XXXQDM":"02","KXH":"01","KSJC":3,"XKZRS":50,"SKZC":"000000001000000000000000000000","SKJS":"王念","ISTK":0,"ZCMC":"9周","YPSJDD":"9周 星期日 第3节-第4节 南湖南-博学西楼-506,7-9周 星期五 第3节-第4节 南湖南-博学西楼-506,1-5周 星期五 第3节-第4节 南湖南-博学西楼-506,11-15周 星期五 第3节-第4节 南湖南-博学西楼-506","XF":2,"SKXQ":7,"XNXQDM":"2024-2025-2","KCM":"流体力学与液压传动B","JASDM":"0202030506","JXLDM":"020203","JXBID":"20242-11259","SKBJ":"机械2302","TYXMDM":null,"KCH":"10085117017"},{"KKDWDM":"072","XS":64,"BYBZ":"0","JSJC":2,"XXXQDM":"02","KXH":"11","KSJC":1,"XKZRS":44,"SKZC":"000000000011111100000000000000","SKJS":"郑立霞","ISTK":0,"ZCMC":"11-16周","YPSJDD":"1-9周 星期四 第1节-第2节 南湖南-博学西楼-506,1-15周 星期二 第3节-第4节 南湖南-博学西楼-506,11-16周 星期四 第1节-第2节 南湖南-博学西楼-506","XF":4,"SKXQ":4,"XNXQDM":"2024-2025-2","KCM":"材料力学C","JASDM":"0202030506","JXLDM":"020203","JXBID":"20242-10799","SKBJ":"汽服2301","TYXMDM":null,"KCH":"10154111009"},{"KKDWDM":"008","XS":32,"BYBZ":"0","JSJC":4,"XXXQDM":"02","KXH":"01","KSJC":3,"XKZRS":50,"SKZC":"000000000011111000000000000000","SKJS":"王念","ISTK":0,"ZCMC":"11-15周","YPSJDD":"9周 星期日 第3节-第4节 南湖南-博学西楼-506,7-9周 星期五 第3节-第4节 南湖南-博学西楼-506,1-5周 星期五 第3节-第4节 南湖南-博学西楼-506,11-15周 星期五 第3节-第4节 南湖南-博学西楼-506","XF":2,"SKXQ":5,"XNXQDM":"2024-2025-2","KCM":"流体力学与液压传动B","JASDM":"0202030506","JXLDM":"020203","JXBID":"20242-11259","SKBJ":"机械2302","TYXMDM":null,"KCH":"10085117017"},{"KKDWDM":"012","XS":40,"BYBZ":"0","JSJC":4,"XXXQDM":"02","KXH":"09","KSJC":3,"XKZRS":73,"SKZC":"000000000001110000000000000000","SKJS":"颜昕","ISTK":0,"ZCMC":"12-14周","YPSJDD":"17周 星期二 第3节-第4节 南湖南-博学西楼-506,12-14周 星期一 第3节-第4节 南湖南-博学西楼-506,16-17周 星期一 第3节-第4节 南湖南-博学西楼-506,1-10周 星期一 第3节-第4节 南湖南-博学西楼-506","XF":2,"SKXQ":1,"XNXQDM":"2024-2025-2","KCM":"通信原理","JASDM":"0202030506","JXLDM":"020203","JXBID":"20242-10930","SKBJ":"计算机zy2301-02","TYXMDM":null,"KCH":"10125121031"},{"KKDWDM":"009","XS":24,"BYBZ":"0","JSJC":8,"XXXQDM":"02","KXH":"01","KSJC":6,"XKZRS":34,"SKZC":"000000000001110000000000000000","SKJS":"严行,陈伟","ISTK":0,"ZCMC":"12-14周","YPSJDD":"12-14周 星期一 第6节-第8节 南湖南-博学西楼-506,17周 星期二 第6节-第8节 南湖南-博学西楼-506,9-10周 星期一 第6节-第8节 南湖南-博学西楼-506,16-17周 星期一 第6节-第8节 南湖南-博学西楼-506","XF":1,"SKXQ":1,"XNXQDM":"2024-2025-2","KCM":"工程大数据与机器学习","JASDM":"0202030506","JXLDM":"020203","JXBID":"20242-02756","SKBJ":"工程2201-02","TYXMDM":null,"KCH":"10095121007"},{"KKDWDM":"072","XS":40,"BYBZ":"0","JSJC":4,"XXXQDM":"02","KXH":"01","KSJC":3,"XKZRS":31,"SKZC":"000000000000011000000000000000","SKJS":"谢颂华","ISTK":0,"ZCMC":"14-15周","YPSJDD":"1-4周 星期四 第3节-第5节 南湖南-博学主楼-305,5-9周,11-13周 星期四 第3节-第5节 南湖南-博学西楼-506,14-15周 星期四 第3节-第4节 南湖南-博学西楼-506","XF":2,"SKXQ":4,"XNXQDM":"2024-2025-2","KCM":"关系数据库与SQL","JASDM":"0202030506","JXLDM":"020203","JXBID":"20242-02742","SKBJ":"电信科2201-02","TYXMDM":null,"KCH":"10093111005"},{"KKDWDM":"012","XS":40,"BYBZ":"0","JSJC":4,"XXXQDM":"02","KXH":"09","KSJC":3,"XKZRS":73,"SKZC":"000000000000000110000000000000","SKJS":"颜昕","ISTK":0,"ZCMC":"16-17周","YPSJDD":"17周 星期二 第3节-第4节 南湖南-博学西楼-506,12-14周 星期一 第3节-第4节 南湖南-博学西楼-506,16-17周 星期一 第3节-第4节 南湖南-博学西楼-506,1-10周 星期一 第3节-第4节 南湖南-博学西楼-506","XF":2,"SKXQ":1,"XNXQDM":"2024-2025-2","KCM":"通信原理","JASDM":"0202030506","JXLDM":"020203","JXBID":"20242-10930","SKBJ":"计算机zy2301-02","TYXMDM":null,"KCH":"10125121031"},{"KKDWDM":"009","XS":24,"BYBZ":"0","JSJC":8,"XXXQDM":"02","KXH":"01","KSJC":6,"XKZRS":34,"SKZC":"000000000000000110000000000000","SKJS":"严行,陈伟","ISTK":0,"ZCMC":"16-17周","YPSJDD":"12-14周 星期一 第6节-第8节 南湖南-博学西楼-506,17周 星期二 第6节-第8节 南湖南-博学西楼-506,9-10周 星期一 第6节-第8节 南湖南-博学西楼-506,16-17周 星期一 第6节-第8节 南湖南-博学西楼-506","XF":1,"SKXQ":1,"XNXQDM":"2024-2025-2","KCM":"工程大数据与机器学习","JASDM":"0202030506","JXLDM":"020203","JXBID":"20242-02756","SKBJ":"工程2201-02","TYXMDM":null,"KCH":"10095121007"},{"KKDWDM":"009","XS":24,"BYBZ":"0","JSJC":8,"XXXQDM":"02","KXH":"01","KSJC":6,"XKZRS":34,"SKZC":"000000000000000010000000000000","SKJS":"严行,陈伟","ISTK":0,"ZCMC":"17周","YPSJDD":"12-14周 星期一 第6节-第8节 南湖南-博学西楼-506,17周 星期二 第6节-第8节 南湖南-博学西楼-506,9-10周 星期一 第6节-第8节 南湖南-博学西楼-506,16-17周 星期一 第6节-第8节 南湖南-博学西楼-506","XF":1,"SKXQ":2,"XNXQDM":"2024-2025-2","KCM":"工程大数据与机器学习","JASDM":"0202030506","JXLDM":"020203","JXBID":"20242-02756","SKBJ":"工程2201-02","TYXMDM":null,"KCH":"10095121007"},{"KKDWDM":"012","XS":40,"BYBZ":"0","JSJC":4,"XXXQDM":"02","KXH":"09","KSJC":3,"XKZRS":73,"SKZC":"000000000000000010000000000000","SKJS":"颜昕","ISTK":0,"ZCMC":"17周","YPSJDD":"17周 星期二 第3节-第4节 南湖南-博学西楼-506,12-14周 星期一 第3节-第4节 南湖南-博学西楼-506,16-17周 星期一 第3节-第4节 南湖南-博学西楼-506,1-10周 星期一 第3节-第4节 南湖南-博学西楼-506","XF":2,"SKXQ":2,"XNXQDM":"2024-2025-2","KCM":"通信原理","JASDM":"0202030506","JXLDM":"020203","JXBID":"20242-10930","SKBJ":"计算机zy2301-02","TYXMDM":null,"KCH":"10125121031"}]}},"code":"0"}