{"datas":{"jaskcb":{"extParams":{"code":1,"msg":"查询成功"},"pageSize":0,"pageNumber":0,"totalSize":-1,"rows":[{"KKDWDM":"009","XS":64,"BYBZ":"0","JSJC":4,"XXXQDM":"02","KXH":"02","KSJC":3,"XKZRS":43,"SKZC":"111111111111111100000000000000","SKJS":"刘沐宇,王雄江,王頠,邓晓光","ISTK":0,"ZCMC":"1-16周","YPSJDD":"1-10周 星期一 第1节-第2节 南湖南-博学西楼-112,17周 星期二 第1节-第2节 南湖南-博学西楼-112,16-17周 星期一 第1节-第2节 南湖南-博学西楼-112,12-14周 星期一 第1节-第2节 南湖南-博学西楼-112,1-16周 星期三 第3节-第4节 南湖南-博学西楼-112","XF":4,"SKXQ":3,"XNXQDM":"2024-2025-2","KCM":"桥梁工程C","JASDM":"0202030112","JXLDM":"020203","JXBID":"20242-11045","SKBJ":"土木zy2204","TYXMDM":null,"KCH":"10095117031"},{"KKDWDM":"022","XS":48,"BYBZ":"0","JSJC":5,"XXXQDM":"02","KXH":"01","KSJC":3,"XKZRS":63,"SKZC":"1111111111111111","SKJS":"何平","ISTK":0,"ZCMC":"1-16周","YPSJDD":"1-16周 星期二 第3节-第5节 南湖南-博学西楼-112","XF":3,"SKXQ":2,"XNXQDM":"2024-2025-2","KCM":"劳动与社会保障法","JASDM":"0202030112","JXLDM":"020203","JXBID":"20242-02161","SKBJ":"法学2201-02","TYXMDM":null,"KCH":"10224113036"},{"KKDWDM":"009","XS":24,"BYBZ":"0","JSJC":2,"XXXQDM":"02","KXH":"01","KSJC":1,"XKZRS":57,"SKZC":"111111111111000000000000","SKJS":"黄明知","ISTK":0,"ZCMC":"1-12周","YPSJDD":"1-12周 星期二 第1节-第2节 南湖南-博学西楼-112","XF":1,"SKXQ":2,"XNXQDM":"2024-2025-2","KCM":"工程咨询概论A","JASDM":"0202030112","JXLDM":"020203","JXBID":"20242-04535","SKBJ":"工程2301-02","TYXMDM":null,"KCH":"4130069110"},{"KKDWDM":"022","XS":24,"BYBZ":"0","JSJC":2,"XXXQDM":"02","KXH":"02","KSJC":1,"XKZRS":76,"SKZC":"111111111111","SKJS":"陶双文","ISTK":0,"ZCMC":"1-12周","YPSJDD":"1-12周 星期三 第1节-第2节 南湖南-博学西楼-112","XF":1,"SKXQ":3,"XNXQDM":"2024-2025-2","KCM":"刑法学（各论）B","JASDM":"0202030112","JXLDM":"020203","JXBID":"20242-12505","SKBJ":"法学2303-04","TYXMDM":null,"KCH":"10224117089"},{"KKDWDM":"009","XS":64,"BYBZ":"0","JSJC":2,"XXXQDM":"02","KXH":"02","KSJC":1,"XKZRS":43,"SKZC":"111111111100000000000000000000","SKJS":"刘沐宇,王雄江,王頠,邓晓光","ISTK":0,"ZCMC":"1-10周","YPSJDD":"1-10周 星期一 第1节-第2节 南湖南-博学西楼-112,17周 星期二 第1节-第2节 南湖南-博学西楼-112,16-17周 星期一 第1节-第2节 南湖南-博学西楼-112,12-14周 星期一 第1节-第2节 南湖南-博学西楼-112,1-16周 星期三 第3节-第4节 南湖南-博学西楼-112","XF":4,"SKXQ":1,"XNXQDM":"2024-2025-2","KCM":"桥梁工程C","JASDM":"0202030112","JXLDM":"020203","JXBID":"20242-11045","SKBJ":"土木zy2204","TYXMDM":null,"KCH":"10095117031"},{"KKDWDM":"071","XS":40,"BYBZ":"0","JSJC":5,"XXXQDM":"02","KXH":"03","KSJC":3,"XKZRS":69,"SKZC":"111111111100000000000000","SKJS":"徐爽","ISTK":0,"ZCMC":"1-10周","YPSJDD":"12周 星期一 第3节-第4节 南湖南-博学西楼-112,1-10周 星期一 第3节-第5节 南湖南-博学西楼-112","XF":2,"SKXQ":1,"XNXQDM":"2024-2025-2","KCM":"数值分析B","JASDM":"0202030112","JXLDM":"020203","JXBID":"20242-04884","SKBJ":"智能制造本硕2201,智能制造本硕2301","TYXMDM":null,"KCH":"10095111010"},{"KKDWDM":"016","XS":32,"BYBZ":"0","JSJC":8,"XXXQDM":"02","KXH":"01","KSJC":6,"XKZRS":78,"SKZC":"111111111100000000000000","SKJS":"贺凤开","ISTK":0,"ZCMC":"1-10周","YPSJDD":"12周 星期一 第6节-第7节 南湖南-博学西楼-112,1-10周 星期一 第6节-第8节 南湖南-博学西楼-112","XF":2,"SKXQ":1,"XNXQDM":"2024-2025-2","KCM":"化学品风险评估与管理","JASDM":"0202030112","JXLDM":"020203","JXBID":"20242-03045","SKBJ":"应化2201-03","TYXMDM":null,"KCH":"10165121012"},{"KKDWDM":"010","XS":32,"BYBZ":"0","JSJC":13,"XXXQDM":"02","KXH":"01","KSJC":11,"XKZRS":60,"SKZC":"111111111100000000000000","SKJS":"刘诚","ISTK":0,"ZCMC":"1-10周","YPSJDD":"11周 星期二 第11节-第12节 南湖南-博学西楼-112,1-10周 星期二 第11节-第13节 南湖南-博学西楼-112","XF":2,"SKXQ":2,"XNXQDM":"2024-2025-2","KCM":"宝石学基础","JASDM":"0202030112","JXLDM":"020203","JXBID":"20242-07706","SKBJ":"公选-07706","TYXMDM":null,"KCH":"10106121058"},{"KKDWDM":"072","XS":32,"BYBZ":"0","JSJC":13,"XXXQDM":"02","KXH":"01","KSJC":11,"XKZRS":68,"SKZC":"111111111010000000000000","SKJS":"熊遥","ISTK":0,"ZCMC":"1-9周,11周","YPSJDD":"12周 星期四 第11节-第12节 南湖南-博学西楼-112,1-9周,11周 星期四 第11节-第13节 南湖南-博学西楼-112","XF":2,"SKXQ":4,"XNXQDM":"2024-2025-2","KCM":"科技创新类课程申报——量子神经网络(JD)","JASDM":"0202030112","JXLDM":"020203","JXBID":"20242-08000","SKBJ":"公选-08000","TYXMDM":null,"KCH":"10156121222"},{"KKDWDM":"022","XS":48,"BYBZ":"0","JSJC":5,"XXXQDM":"02","KXH":"01","KSJC":3,"XKZRS":68,"SKZC":"111111111000000000000000000000","SKJS":"罗勤","ISTK":0,"ZCMC":"1-9周","YPSJDD":"11-15周 星期四 第3节-第5节 南湖南-博学西楼-112,1-9周 星期四 第3节-第5节 南湖南-博学西楼-112","XF":3,"SKXQ":4,"XNXQDM":"2024-2025-2","KCM":"民事诉讼法学B","JASDM":"0202030112","JXLDM":"020203","JXBID":"20242-05341","SKBJ":"法学2301-02","TYXMDM":null,"KCH":"10224117090"},{"KKDWDM":"017","XS":32,"BYBZ":"0","JSJC":2,"XXXQDM":"02","KXH":"01","KSJC":1,"XKZRS":66,"SKZC":"111111111000000000000000000000","SKJS":"张先军","ISTK":0,"ZCMC":"1-9周","YPSJDD":"1-9周 星期四 第1节-第2节 南湖南-博学西楼-112,11-17周 星期四 第1节-第2节 南湖南-博学西楼-112","XF":2,"SKXQ":4,"XNXQDM":"2024-2025-2","KCM":"生产运作管理C","JASDM":"0202030112","JXLDM":"020203","JXBID":"20242-05781","SKBJ":"人力2301-02","TYXMDM":null,"KCH":"10174117118"},{"KKDWDM":"008","XS":40,"BYBZ":"0","JSJC":8,"XXXQDM":"02","KXH":"01","KSJC":6,"XKZRS":27,"SKZC":"111111110000000000000000000000","SKJS":"严晗,赵维玮,郭新华","ISTK":0,"ZCMC":"1-8周","YPSJDD":"7-8周 星期五 第3节-第4节 南湖南-博学西楼-112,1-5周 星期五 第3节-第4节 南湖南-博学西楼-112,1-8周 星期二 第6节-第8节 南湖南-博学西楼-112,9周 星期日 第3节-第4节 南湖南-博学西楼-112","XF":2,"SKXQ":2,"XNXQDM":"2024-2025-2","KCM":"微纳机电系统与智能传感器件","JASDM":"0202030112","JXLDM":"020203","JXBID":"20242-02288","SKBJ":"过控2201-02","TYXMDM":null,"KCH":"10085121014"},{"KKDWDM":"018","XS":32,"BYBZ":"0","JSJC":8,"XXXQDM":"02","KXH":"01","KSJC":6,"XKZRS":46,"SKZC":"111110111010000000000000","SKJS":"覃一冬","ISTK":0,"ZCMC":"1-5周,7-9周,11周","YPSJDD":"12周 星期五 第6节-第7节 南湖南-博学西楼-112,1-5周,7-9周,11周 星期五 第6节-第8节 南湖南-博学西楼-112,9周 星期日 第6节-第8节 南湖南-博学西楼-112","XF":2,"SKXQ":5,"XNXQDM":"2024-2025-2","KCM":"城市与区域经济学C","JASDM":"0202030112","JXLDM":"020203","JXBID":"20242-03217","SKBJ":"经 济2201-02,经济cy2201","TYXMDM":null,"KCH":"10184117067"},{"KKDWDM":"008","XS":40,"BYBZ":"0","JSJC":4,"XXXQDM":"02","KXH":"01","KSJC":3,"XKZRS":27,"SKZC":"111110000000000000000000000000","SKJS":"严晗,赵维玮,郭新华","ISTK":0,"ZCMC":"1-5周","YPSJDD":"7-8周 星期五 第3节-第4节 南湖南-博学西楼-112,1-5周 星期五 第3节-第4节 南湖南-博学西楼-112,1-8周 星期二 第6节-第8节 南湖南-博学西楼-112,9周 星期日 第3节-第4节 南湖南-博学西楼-112","XF":2,"SKXQ":5,"XNXQDM":"2024-2025-2","KCM":"微纳机电系统与智能传感器件","JASDM":"0202030112","JXLDM":"020203","JXBID":"20242-02288","SKBJ":"过控2201-02","TYXMDM":null,"KCH":"10085121014"},{"KKDWDM":"008","XS":40,"BYBZ":"0","JSJC":4,"XXXQDM":"02","KXH":"01","KSJC":3,"XKZRS":27,"SKZC":"000000110000000000000000000000","SKJS":"严晗,赵维玮,郭新华","ISTK":0,"ZCMC":"7-8周","YPSJDD":"7-8周 星期五 第3节-第4节 南湖南-博学西楼-112,1-5周 星期五 第3节-第4节 南湖南-博学西楼-112,1-8周 星期二 第6节-第8节 南湖南-博学西楼-112,9周 星期日 第3节-第4节 南湖南-博学西楼-112","XF":2,"SKXQ":5,"XNXQDM":"2024-2025-2","KCM":"微纳机电系统与智能传感器件","JASDM":"0202030112","JXLDM":"020203","JXBID":"20242-02288","SKBJ":"过控2201-02","TYXMDM":null,"KCH":"10085121014"},{"KKDWDM":"008","XS":40,"BYBZ":"0","JSJC":4,"XXXQDM":"02","KXH":"01","KSJC":3,"XKZRS":27,"SKZC":"000000001000000000000000000000","SKJS":"严晗,赵维玮,郭新华","ISTK":0,"ZCMC":"9周","YPSJDD":"7-8周 星期五 第3节-第4节 南湖南-博学西楼-112,1-5周 星期五 第3节-第4节 南湖南-博学西楼-112,1-8周 星期二 第6节-第8节 南湖南-博学西楼-112,9周 星期日 第3节-第4节 南湖南-博学西楼-112","XF":2,"SKXQ":7,"XNXQDM":"2024-2025-2","KCM":"微纳机电系统与智能传感器件","JASDM":"0202030112","JXLDM":"020203","JXBID":"20242-02288","SKBJ":"过控2201-02","TYXMDM":null,"KCH":"10085121014"},{"KKDWDM":"018","XS":32,"BYBZ":"0","JSJC":8,"XXXQDM":"02","KXH":"01","KSJC":6,"XKZRS":46,"SKZC":"000000001000000000000000","SKJS":"覃一冬","ISTK":0,"ZCMC":"9周","YPSJDD":"12周 星期五 第6节-第7节 南湖南-博学西楼-112,1-5周,7-9周,11周 星期五 第6节-第8节 南湖南-博学西楼-112,9周 星期日 第6节-第8节 南湖南-博学西楼-112","XF":2,"SKXQ":7,"XNXQDM":"2024-2025-2","KCM":"城市与区域经济学C","JASDM":"0202030112","JXLDM":"020203","JXBID":"20242-03217","SKBJ":"经 济2201-02,经济cy2201","TYXMDM":null,"KCH":"10184117067"},{"KKDWDM":"017","XS":32,"BYBZ":"0","JSJC":2,"XXXQDM":"02","KXH":"01","KSJC":1,"XKZRS":66,"SKZC":"000000000011111110000000000000","SKJS":"张先军","ISTK":0,"ZCMC":"11-17周","YPSJDD":"1-9周 星期四 第1节-第2节 南湖南-博学西楼-112,11-17周 星期四 第1节-第2节 南湖南-博学西楼-112","XF":2,"SKXQ":4,"XNXQDM":"2024-2025-2","KCM":"生产运作管理C","JASDM":"0202030112","JXLDM":"020203","JXBID":"20242-05781","SKBJ":"人力2301-02","TYXMDM":null,"KCH":"10174117118"},{"KKDWDM":"022","XS":48,"BYBZ":"0","JSJC":5,"XXXQDM":"02","KXH":"01","KSJC":3,"XKZRS":68,"SKZC":"000000000011111000000000000000","SKJS":"罗勤","ISTK":0,"ZCMC":"11-15周","YPSJDD":"11-15周 星期四 第3节-第5节 南湖南-博学西楼-112,1-9周 星期四 第3节-第5节 南湖南-博学西楼-112","XF":3,"SKXQ":4,"XNXQDM":"2024-2025-2","KCM":"民事诉讼法学B","JASDM":"0202030112","JXLDM":"020203","JXBID":"20242-05341","SKBJ":"法学2301-02","TYXMDM":null,"KCH":"10224117090"},{"KKDWDM":"010","XS":32,"BYBZ":"0","JSJC":12,"XXXQDM":"02","KXH":"01","KSJC":11,"XKZRS":60,"SKZC":"000000000010000000000000","SKJS":"刘诚","ISTK":0,"ZCMC":"11周","YPSJDD":"11周 星期二 第11节-第12节 南湖南-博学西楼-112,1-10周 星期二 第11节-第13节 南湖南-博学西楼-112","XF":2,"SKXQ":2,"XNXQDM":"2024-2025-2","KCM":"宝石学基础","JASDM":"0202030112","JXLDM":"020203","JXBID":"20242-07706","SKBJ":"公选-07706","TYXMDM":null,"KCH":"10106121058"},{"KKDWDM":"009","XS":64,"BYBZ":"0","JSJC":2,"XXXQDM":"02","KXH":"02","KSJC":1,"XKZRS":43,"SKZC":"000000000001110000000000000000","SKJS":"刘沐宇,王雄江,王頠,邓晓光","ISTK":0,"ZCMC":"12-14周","YPSJDD":"1-10周 星期一 第1节-第2节 南湖南-博学西楼-112,17周 星期二 第1节-第2节 南湖南-博学西楼-112,16-17周 星期一 第1节-第2节 南湖南-博学西楼-112,12-14周 星期一 第1节-第2节 南湖南-博学西楼-112,1-16周 星期三 第3节-第4节 南湖南-博学西楼-112","XF":4,"SKXQ":1,"XNXQDM":"2024-2025-2","KCM":"桥梁工程C","JASDM":"0202030112","JXLDM":"020203","JXBID":"20242-11045","SKBJ":"土木zy2204","TYXMDM":null,"KCH":"10095117031"},{"KKDWDM":"071","XS":40,"BYBZ":"0","JSJC":4,"XXXQDM":"02","KXH":"03","KSJC":3,"XKZRS":69,"SKZC":"000000000001000000000000","SKJS":"徐爽","ISTK":0,"ZCMC":"12周","YPSJDD":"12周 星期一 第3节-第4节 南湖南-博学西楼-112,1-10周 星期一 第3节-第5节 南湖南-博学西楼-112","XF":2,"SKXQ":1,"XNXQDM":"2024-2025-2","KCM":"数值分析B","JASDM":"0202030112","JXLDM":"020203","JXBID":"20242-04884","SKBJ":"智能制造本硕2201,智能制造本硕2301","TYXMDM":null,"KCH":"10095111010"},{"KKDWDM":"018","XS":32,"BYBZ":"0","JSJC":7,"XXXQDM":"02","KXH":"01","KSJC":6,"XKZRS":46,"SKZC":"000000000001000000000000","SKJS":"覃一冬","ISTK":0,"ZCMC":"12周","YPSJDD":"12周 星期五 第6节-第7节 南湖南-博学西楼-112,1-5周,7-9周,11周 星期五 第6节-第8节 南湖南-博学西楼-112,9周 星期日 第6节-第8节 南湖南-博学西楼-112","XF":2,"SKXQ":5,"XNXQDM":"2024-2025-2","KCM":"城市与区域经济学C","JASDM":"0202030112","JXLDM":"020203","JXBID":"20242-03217","SKBJ":"经 济2201-02,经济cy2201","TYXMDM":null,"KCH":"10184117067"},{"KKDWDM":"016","XS":32,"BYBZ":"0","JSJC":7,"XXXQDM":"02","KXH":"01","KSJC":6,"XKZRS":78,"SKZC":"000000000001000000000000","SKJS":"贺凤开","ISTK":0,"ZCMC":"12周","YPSJDD":"12周 星期一 第6节-第7节 南湖南-博学西楼-112,1-10周 星期一 第6节-第8节 南湖南-博学西楼-112","XF":2,"SKXQ":1,"XNXQDM":"2024-2025-2","KCM":"化学品风险评估与管理","JASDM":"0202030112","JXLDM":"020203","JXBID":"20242-03045","SKBJ":"应化2201-03","TYXMDM":null,"KCH":"10165121012"},{"KKDWDM":"072","XS":32,"BYBZ":"0","JSJC":12,"XXXQDM":"02","KXH":"01","KSJC":11,"XKZRS":68,"SKZC":"000000000001000000000000","SKJS":"熊遥","ISTK":0,"ZCMC":"12周","YPSJDD":"12周 星期四 第11节-第12节 南湖南-博学西楼-112,1-9周,11周 星期四 第11节-第13节 南湖南-博学西楼-112","XF":2,"SKXQ":4,"XNXQDM":"2024-2025-2","KCM":"科技创新类课程申报——量子神经网络(JD)","JASDM":"0202030112","JXLDM":"020203","JXBID":"20242-08000","SKBJ":"公选-08000","TYXMDM":null,"KCH":"10156121222"},{"KKDWDM":"009","XS":64,"BYBZ":"0","JSJC":2,"XXXQDM":"02","KXH":"02","KSJC":1,"XKZRS":43,"SKZC":"000000000000000110000000000000","SKJS":"刘沐宇,王雄江,王頠,邓晓光","ISTK":0,"ZCMC":"16-17周","YPSJDD":"1-10周 星期一 第1节-第2节 南湖南-博学西楼-112,17周 星期二 第1节-第2节 南湖南-博学西楼-112,16-17周 星期一 第1节-第2节 南湖南-博学西楼-112,12-14周 星期一 第1节-第2节 南湖南-博学西楼-112,1-16周 星期三 第3节-第4节 南湖南-博学西楼-112","XF":4,"SKXQ":1,"XNXQDM":"2024-2025-2","KCM":"桥梁工程C","JASDM":"0202030112","JXLDM":"020203","JXBID":"20242-11045","SKBJ":"土木zy2204","TYXMDM":null,"KCH":"10095117031"},{"KKDWDM":"009","XS":64,"BYBZ":"0","JSJC":2,"XXXQDM":"02","KXH":"02","KSJC":1,"XKZRS":43,"SKZC":"000000000000000010000000000000","SKJS":"刘沐宇,王雄江,王頠,邓晓光","ISTK":0,"ZCMC":"17周","YPSJDD":"1-10周 星期一 第1节-第2节 南湖南-博学西楼-112,17周 星期二 第1节-第2节 南湖南-博学西楼-112,16-17周 星期一 第1节-第2节 南湖南-博学西楼-112,12-14周 星期一 第1节-第2节 南湖南-博学西楼-112,1-16周 星期三 第3节-第4节 南湖南-博学西楼-112","XF":4,"SKXQ":2,"XNXQDM":"2024-2025-2","KCM":"桥梁工程C","JASDM":"0202030112","JXLDM":"020203","JXBID":"20242-11045","SKBJ":"土木zy2204","TYXMDM":null,"KCH":"10095117031"}]}},"code":"0"}