{"datas":{"jaskcb":{"extParams":{"code":1,"msg":"查询成功"},"pageSize":0,"pageNumber":0,"totalSize":-1,"rows":[{"KKDWDM":"020","XS":32,"BYBZ":"0","JSJC":4,"XXXQDM":"02","KXH":"10","KSJC":3,"XKZRS":33,"SKZC":"1111111111111111","SKJS":"胡小梅","ISTK":0,"ZCMC":"1-16周","YPSJDD":"1-16周 星期二 第3节-第4节 南湖南-博学北楼-501","XF":2,"SKXQ":2,"XNXQDM":"2024-2025-2","KCM":"商务英语","JASDM":"0202010501","JXLDM":"020201","JXBID":"20242-12865","SKBJ":"公选-12865","TYXMDM":"11","KCH":"10201117099"},{"KKDWDM":"020","XS":32,"BYBZ":"0","JSJC":7,"XXXQDM":"02","KXH":"05","KSJC":6,"XKZRS":36,"SKZC":"1111111111111111","SKJS":"毕其玉","ISTK":0,"ZCMC":"1-16周","YPSJDD":"1-16周 星期三 第6节-第7节 南湖南-博学北楼-501","XF":2,"SKXQ":3,"XNXQDM":"2024-2025-2","KCM":"西方文学经典导读","JASDM":"0202010501","JXLDM":"020201","JXBID":"20242-12991","SKBJ":"公选-12991","TYXMDM":"11","KCH":"10201117100"},{"KKDWDM":"020","XS":48,"BYBZ":"0","JSJC":7,"XXXQDM":"02","KXH":"24","KSJC":6,"XKZRS":35,"SKZC":"1111111111111111","SKJS":"汪庆伟","ISTK":0,"ZCMC":"1-16周","YPSJDD":"1-16周 星期二 第6节-第7节 南湖南-博学北楼-501","XF":2,"SKXQ":2,"XNXQDM":"2024-2025-2","KCM":"美国历史与文化","JASDM":"0202010501","JXLDM":"020201","JXBID":"20242-12986","SKBJ":"公选-12986","TYXMDM":"11","KCH":"10201117160"},{"KKDWDM":"020","XS":32,"BYBZ":"0","JSJC":4,"XXXQDM":"02","KXH":"10","KSJC":3,"XKZRS":34,"SKZC":"1111111111111111","SKJS":"余赞","ISTK":0,"ZCMC":"1-16周","YPSJDD":"1-16周 星期三 第3节-第4节 南湖南-博学北楼-501","XF":2,"SKXQ":3,"XNXQDM":"2024-2025-2","KCM":"西方文化与交际","JASDM":"0202010501","JXLDM":"020201","JXBID":"20242-12899","SKBJ":"公选-12899","TYXMDM":"11","KCH":"10201117104"},{"KKDWDM":"020","XS":32,"BYBZ":"0","JSJC":2,"XXXQDM":"02","KXH":"09","KSJC":1,"XKZRS":36,"SKZC":"1111111111111111","SKJS":"余赞","ISTK":0,"ZCMC":"1-16周","YPSJDD":"1-16周 星期三 第1节-第2节 南湖南-博学北楼-501","XF":2,"SKXQ":3,"XNXQDM":"2024-2025-2","KCM":"西方文化与交际","JASDM":"0202010501","JXLDM":"020201","JXBID":"20242-12882","SKBJ":"公选-12882","TYXMDM":"11","KCH":"10201117104"},{"KKDWDM":"020","XS":32,"BYBZ":"0","JSJC":2,"XXXQDM":"02","KXH":"08","KSJC":1,"XKZRS":35,"SKZC":"1111111111111111","SKJS":"胡小梅","ISTK":0,"ZCMC":"1-16周","YPSJDD":"1-16周 星期二 第1节-第2节 南湖南-博学北楼-501","XF":2,"SKXQ":2,"XNXQDM":"2024-2025-2","KCM":"商务英语","JASDM":"0202010501","JXLDM":"020201","JXBID":"20242-12848","SKBJ":"公选-12848","TYXMDM":"11","KCH":"10201117099"},{"KKDWDM":"020","XS":48,"BYBZ":"0","JSJC":4,"XXXQDM":"02","KXH":"03","KSJC":3,"XKZRS":35,"SKZC":"111111111100000000000000000000","SKJS":"汪庆伟","ISTK":0,"ZCMC":"1-10周","YPSJDD":"1-10周 星期一 第3节-第4节 南湖南-博学北楼-501,16-17周 星期一 第3节-第4节 南湖南-博学北楼-501,17周 星期二 第3节-第4节 南湖南-博学北楼-501,12-14周 星期一 第3节-第4节 南湖南-博学北楼-501","XF":2,"SKXQ":1,"XNXQDM":"2024-2025-2","KCM":"美国历史与文化","JASDM":"0202010501","JXLDM":"020201","JXBID":"20242-12830","SKBJ":"公选-12830","TYXMDM":"11","KCH":"10201117160"},{"KKDWDM":"020","XS":48,"BYBZ":"0","JSJC":7,"XXXQDM":"02","KXH":"23","KSJC":6,"XKZRS":35,"SKZC":"111111111100000000000000000000","SKJS":"汪庆伟","ISTK":0,"ZCMC":"1-10周","YPSJDD":"12-14周 星期一 第6节-第7节 南湖南-博学北楼-501,1-10周 星期一 第6节-第7节 南湖南-博学北楼-501,16-17周 星期一 第6节-第7节 南湖南-博学北楼-501,17周 星期二 第6节-第7节 南湖南-博学北楼-501","XF":2,"SKXQ":1,"XNXQDM":"2024-2025-2","KCM":"美国历史与文化","JASDM":"0202010501","JXLDM":"020201","JXBID":"20242-12980","SKBJ":"公选-12980","TYXMDM":"11","KCH":"10201117160"},{"KKDWDM":"020","XS":48,"BYBZ":"0","JSJC":2,"XXXQDM":"02","KXH":"01","KSJC":1,"XKZRS":37,"SKZC":"111111111100000000000000000000","SKJS":"汪庆伟","ISTK":0,"ZCMC":"1-10周","YPSJDD":"1-10周 星期一 第1节-第2节 南湖南-博学北楼-501,12-14周 星期一 第1节-第2节 南湖南-博学北楼-501,17周 星期二 第1节-第2节 南湖南-博学北楼-501,16-17周 星期一 第1节-第2节 南湖南-博学北楼-501","XF":2,"SKXQ":1,"XNXQDM":"2024-2025-2","KCM":"美国历史与文化","JASDM":"0202010501","JXLDM":"020201","JXBID":"20242-12812","SKBJ":"公选-12812","TYXMDM":"11","KCH":"10201117160"},{"KKDWDM":"020","XS":32,"BYBZ":"0","JSJC":4,"XXXQDM":"02","KXH":"19","KSJC":3,"XKZRS":32,"SKZC":"111111111000000000000000000000","SKJS":"周卉","ISTK":0,"ZCMC":"1-9周","YPSJDD":"1-9周 星期四 第3节-第4节 南湖南-博学北楼-501,11-17周 星期四 第3节-第4节 南湖南-博学北楼-501","XF":2,"SKXQ":4,"XNXQDM":"2024-2025-2","KCM":"英语影视赏析与批评","JASDM":"0202010501","JXLDM":"020201","JXBID":"20242-12934","SKBJ":"公选-12934","TYXMDM":"11","KCH":"10201117101"},{"KKDWDM":"020","XS":32,"BYBZ":"0","JSJC":2,"XXXQDM":"02","KXH":"13","KSJC":1,"XKZRS":28,"SKZC":"111111111000000000000000000000","SKJS":"周卉","ISTK":0,"ZCMC":"1-9周","YPSJDD":"1-9周 星期四 第1节-第2节 南湖南-博学北楼-501,11-17周 星期四 第1节-第2节 南湖南-博学北楼-501","XF":2,"SKXQ":4,"XNXQDM":"2024-2025-2","KCM":"英语影视赏析与批评","JASDM":"0202010501","JXLDM":"020201","JXBID":"20242-12916","SKBJ":"公选-12916","TYXMDM":"11","KCH":"10201117101"},{"KKDWDM":"020","XS":32,"BYBZ":"0","JSJC":4,"XXXQDM":"02","KXH":"30","KSJC":3,"XKZRS":20,"SKZC":"111110000000000000000000000000","SKJS":"周卉","ISTK":0,"ZCMC":"1-5周","YPSJDD":"9周 星期日 第3节-第4节 南湖南-博学北楼-501,11-16周 星期五 第3节-第4节 南湖南-博学北楼-501,17周 星期三 第3节-第4节 南湖南-博学北楼-501,1-5周 星期五 第3节-第4节 南湖南-博学北楼-501,7-9周 星期五 第3节-第4节 南湖南-博学北楼-501","XF":2,"SKXQ":5,"XNXQDM":"2024-2025-2","KCM":"英语影视赏析与批评","JASDM":"0202010501","JXLDM":"020201","JXBID":"20242-12969","SKBJ":"公选-12969","TYXMDM":"11","KCH":"10201117101"},{"KKDWDM":"020","XS":32,"BYBZ":"0","JSJC":2,"XXXQDM":"02","KXH":"25","KSJC":1,"XKZRS":32,"SKZC":"111110000000000000000000000000","SKJS":"周卉","ISTK":0,"ZCMC":"1-5周","YPSJDD":"1-5周 星期五 第1节-第2节 南湖南-博学北楼-501,7-9周 星期五 第1节-第2节 南湖南-博学北楼-501,17周 星期三 第1节-第2节 南湖南-博学北楼-501,9周 星期日 第1节-第2节 南湖南-博学北楼-501,11-16周 星期五 第1节-第2节 南湖南-博学北楼-501","XF":2,"SKXQ":5,"XNXQDM":"2024-2025-2","KCM":"英语影视赏析与批评","JASDM":"0202010501","JXLDM":"020201","JXBID":"20242-12952","SKBJ":"公选-12952","TYXMDM":"11","KCH":"10201117101"},{"KKDWDM":"020","XS":32,"BYBZ":"0","JSJC":2,"XXXQDM":"02","KXH":"25","KSJC":1,"XKZRS":32,"SKZC":"000000111000000000000000000000","SKJS":"周卉","ISTK":0,"ZCMC":"7-9周","YPSJDD":"1-5周 星期五 第1节-第2节 南湖南-博学北楼-501,7-9周 星期五 第1节-第2节 南湖南-博学北楼-501,17周 星期三 第1节-第2节 南湖南-博学北楼-501,9周 星期日 第1节-第2节 南湖南-博学北楼-501,11-16周 星期五 第1节-第2节 南湖南-博学北楼-501","XF":2,"SKXQ":5,"XNXQDM":"2024-2025-2","KCM":"英语影视赏析与批评","JASDM":"0202010501","JXLDM":"020201","JXBID":"20242-12952","SKBJ":"公选-12952","TYXMDM":"11","KCH":"10201117101"},{"KKDWDM":"020","XS":32,"BYBZ":"0","JSJC":4,"XXXQDM":"02","KXH":"30","KSJC":3,"XKZRS":20,"SKZC":"000000111000000000000000000000","SKJS":"周卉","ISTK":0,"ZCMC":"7-9周","YPSJDD":"9周 星期日 第3节-第4节 南湖南-博学北楼-501,11-16周 星期五 第3节-第4节 南湖南-博学北楼-501,17周 星期三 第3节-第4节 南湖南-博学北楼-501,1-5周 星期五 第3节-第4节 南湖南-博学北楼-501,7-9周 星期五 第3节-第4节 南湖南-博学北楼-501","XF":2,"SKXQ":5,"XNXQDM":"2024-2025-2","KCM":"英语影视赏析与批评","JASDM":"0202010501","JXLDM":"020201","JXBID":"20242-12969","SKBJ":"公选-12969","TYXMDM":"11","KCH":"10201117101"},{"KKDWDM":"020","XS":32,"BYBZ":"0","JSJC":2,"XXXQDM":"02","KXH":"25","KSJC":1,"XKZRS":32,"SKZC":"000000001000000000000000000000","SKJS":"周卉","ISTK":0,"ZCMC":"9周","YPSJDD":"1-5周 星期五 第1节-第2节 南湖南-博学北楼-501,7-9周 星期五 第1节-第2节 南湖南-博学北楼-501,17周 星期三 第1节-第2节 南湖南-博学北楼-501,9周 星期日 第1节-第2节 南湖南-博学北楼-501,11-16周 星期五 第1节-第2节 南湖南-博学北楼-501","XF":2,"SKXQ":7,"XNXQDM":"2024-2025-2","KCM":"英语影视赏析与批评","JASDM":"0202010501","JXLDM":"020201","JXBID":"20242-12952","SKBJ":"公选-12952","TYXMDM":"11","KCH":"10201117101"},{"KKDWDM":"020","XS":32,"BYBZ":"0","JSJC":4,"XXXQDM":"02","KXH":"30","KSJC":3,"XKZRS":20,"SKZC":"000000001000000000000000000000","SKJS":"周卉","ISTK":0,"ZCMC":"9周","YPSJDD":"9周 星期日 第3节-第4节 南湖南-博学北楼-501,11-16周 星期五 第3节-第4节 南湖南-博学北楼-501,17周 星期三 第3节-第4节 南湖南-博学北楼-501,1-5周 星期五 第3节-第4节 南湖南-博学北楼-501,7-9周 星期五 第3节-第4节 南湖南-博学北楼-501","XF":2,"SKXQ":7,"XNXQDM":"2024-2025-2","KCM":"英语影视赏析与批评","JASDM":"0202010501","JXLDM":"020201","JXBID":"20242-12969","SKBJ":"公选-12969","TYXMDM":"11","KCH":"10201117101"},{"KKDWDM":"020","XS":32,"BYBZ":"0","JSJC":2,"XXXQDM":"02","KXH":"13","KSJC":1,"XKZRS":28,"SKZC":"000000000011111110000000000000","SKJS":"周卉","ISTK":0,"ZCMC":"11-17周","YPSJDD":"1-9周 星期四 第1节-第2节 南湖南-博学北楼-501,11-17周 星期四 第1节-第2节 南湖南-博学北楼-501","XF":2,"SKXQ":4,"XNXQDM":"2024-2025-2","KCM":"英语影视赏析与批评","JASDM":"0202010501","JXLDM":"020201","JXBID":"20242-12916","SKBJ":"公选-12916","TYXMDM":"11","KCH":"10201117101"},{"KKDWDM":"020","XS":32,"BYBZ":"0","JSJC":4,"XXXQDM":"02","KXH":"19","KSJC":3,"XKZRS":32,"SKZC":"000000000011111110000000000000","SKJS":"周卉","ISTK":0,"ZCMC":"11-17周","YPSJDD":"1-9周 星期四 第3节-第4节 南湖南-博学北楼-501,11-17周 星期四 第3节-第4节 南湖南-博学北楼-501","XF":2,"SKXQ":4,"XNXQDM":"2024-2025-2","KCM":"英语影视赏析与批评","JASDM":"0202010501","JXLDM":"020201","JXBID":"20242-12934","SKBJ":"公选-12934","TYXMDM":"11","KCH":"10201117101"},{"KKDWDM":"020","XS":32,"BYBZ":"0","JSJC":2,"XXXQDM":"02","KXH":"25","KSJC":1,"XKZRS":32,"SKZC":"000000000011111100000000000000","SKJS":"周卉","ISTK":0,"ZCMC":"11-16周","YPSJDD":"1-5周 星期五 第1节-第2节 南湖南-博学北楼-501,7-9周 星期五 第1节-第2节 南湖南-博学北楼-501,17周 星期三 第1节-第2节 南湖南-博学北楼-501,9周 星期日 第1节-第2节 南湖南-博学北楼-501,11-16周 星期五 第1节-第2节 南湖南-博学北楼-501","XF":2,"SKXQ":5,"XNXQDM":"2024-2025-2","KCM":"英语影视赏析与批评","JASDM":"0202010501","JXLDM":"020201","JXBID":"20242-12952","SKBJ":"公选-12952","TYXMDM":"11","KCH":"10201117101"},{"KKDWDM":"020","XS":32,"BYBZ":"0","JSJC":4,"XXXQDM":"02","KXH":"30","KSJC":3,"XKZRS":20,"SKZC":"000000000011111100000000000000","SKJS":"周卉","ISTK":0,"ZCMC":"11-16周","YPSJDD":"9周 星期日 第3节-第4节 南湖南-博学北楼-501,11-16周 星期五 第3节-第4节 南湖南-博学北楼-501,17周 星期三 第3节-第4节 南湖南-博学北楼-501,1-5周 星期五 第3节-第4节 南湖南-博学北楼-501,7-9周 星期五 第3节-第4节 南湖南-博学北楼-501","XF":2,"SKXQ":5,"XNXQDM":"2024-2025-2","KCM":"英语影视赏析与批评","JASDM":"0202010501","JXLDM":"020201","JXBID":"20242-12969","SKBJ":"公选-12969","TYXMDM":"11","KCH":"10201117101"},{"KKDWDM":"020","XS":48,"BYBZ":"0","JSJC":2,"XXXQDM":"02","KXH":"01","KSJC":1,"XKZRS":37,"SKZC":"000000000001110000000000000000","SKJS":"汪庆伟","ISTK":0,"ZCMC":"12-14周","YPSJDD":"1-10周 星期一 第1节-第2节 南湖南-博学北楼-501,12-14周 星期一 第1节-第2节 南湖南-博学北楼-501,17周 星期二 第1节-第2节 南湖南-博学北楼-501,16-17周 星期一 第1节-第2节 南湖南-博学北楼-501","XF":2,"SKXQ":1,"XNXQDM":"2024-2025-2","KCM":"美国历史与文化","JASDM":"0202010501","JXLDM":"020201","JXBID":"20242-12812","SKBJ":"公选-12812","TYXMDM":"11","KCH":"10201117160"},{"KKDWDM":"020","XS":48,"BYBZ":"0","JSJC":7,"XXXQDM":"02","KXH":"23","KSJC":6,"XKZRS":35,"SKZC":"000000000001110000000000000000","SKJS":"汪庆伟","ISTK":0,"ZCMC":"12-14周","YPSJDD":"12-14周 星期一 第6节-第7节 南湖南-博学北楼-501,1-10周 星期一 第6节-第7节 南湖南-博学北楼-501,16-17周 星期一 第6节-第7节 南湖南-博学北楼-501,17周 星期二 第6节-第7节 南湖南-博学北楼-501","XF":2,"SKXQ":1,"XNXQDM":"2024-2025-2","KCM":"美国历史与文化","JASDM":"0202010501","JXLDM":"020201","JXBID":"20242-12980","SKBJ":"公选-12980","TYXMDM":"11","KCH":"10201117160"},{"KKDWDM":"020","XS":48,"BYBZ":"0","JSJC":4,"XXXQDM":"02","KXH":"03","KSJC":3,"XKZRS":35,"SKZC":"000000000001110000000000000000","SKJS":"汪庆伟","ISTK":0,"ZCMC":"12-14周","YPSJDD":"1-10周 星期一 第3节-第4节 南湖南-博学北楼-501,16-17周 星期一 第3节-第4节 南湖南-博学北楼-501,17周 星期二 第3节-第4节 南湖南-博学北楼-501,12-14周 星期一 第3节-第4节 南湖南-博学北楼-501","XF":2,"SKXQ":1,"XNXQDM":"2024-2025-2","KCM":"美国历史与文化","JASDM":"0202010501","JXLDM":"020201","JXBID":"20242-12830","SKBJ":"公选-12830","TYXMDM":"11","KCH":"10201117160"},{"KKDWDM":"020","XS":48,"BYBZ":"0","JSJC":7,"XXXQDM":"02","KXH":"23","KSJC":6,"XKZRS":35,"SKZC":"000000000000000110000000000000","SKJS":"汪庆伟","ISTK":0,"ZCMC":"16-17周","YPSJDD":"12-14周 星期一 第6节-第7节 南湖南-博学北楼-501,1-10周 星期一 第6节-第7节 南湖南-博学北楼-501,16-17周 星期一 第6节-第7节 南湖南-博学北楼-501,17周 星期二 第6节-第7节 南湖南-博学北楼-501","XF":2,"SKXQ":1,"XNXQDM":"2024-2025-2","KCM":"美国历史与文化","JASDM":"0202010501","JXLDM":"020201","JXBID":"20242-12980","SKBJ":"公选-12980","TYXMDM":"11","KCH":"10201117160"},{"KKDWDM":"020","XS":48,"BYBZ":"0","JSJC":4,"XXXQDM":"02","KXH":"03","KSJC":3,"XKZRS":35,"SKZC":"000000000000000110000000000000","SKJS":"汪庆伟","ISTK":0,"ZCMC":"16-17周","YPSJDD":"1-10周 星期一 第3节-第4节 南湖南-博学北楼-501,16-17周 星期一 第3节-第4节 南湖南-博学北楼-501,17周 星期二 第3节-第4节 南湖南-博学北楼-501,12-14周 星期一 第3节-第4节 南湖南-博学北楼-501","XF":2,"SKXQ":1,"XNXQDM":"2024-2025-2","KCM":"美国历史与文化","JASDM":"0202010501","JXLDM":"020201","JXBID":"20242-12830","SKBJ":"公选-12830","TYXMDM":"11","KCH":"10201117160"},{"KKDWDM":"020","XS":48,"BYBZ":"0","JSJC":2,"XXXQDM":"02","KXH":"01","KSJC":1,"XKZRS":37,"SKZC":"000000000000000110000000000000","SKJS":"汪庆伟","ISTK":0,"ZCMC":"16-17周","YPSJDD":"1-10周 星期一 第1节-第2节 南湖南-博学北楼-501,12-14周 星期一 第1节-第2节 南湖南-博学北楼-501,17周 星期二 第1节-第2节 南湖南-博学北楼-501,16-17周 星期一 第1节-第2节 南湖南-博学北楼-501","XF":2,"SKXQ":1,"XNXQDM":"2024-2025-2","KCM":"美国历史与文化","JASDM":"0202010501","JXLDM":"020201","JXBID":"20242-12812","SKBJ":"公选-12812","TYXMDM":"11","KCH":"10201117160"},{"KKDWDM":"020","XS":48,"BYBZ":"0","JSJC":2,"XXXQDM":"02","KXH":"01","KSJC":1,"XKZRS":37,"SKZC":"000000000000000010000000000000","SKJS":"汪庆伟","ISTK":0,"ZCMC":"17周","YPSJDD":"1-10周 星期一 第1节-第2节 南湖南-博学北楼-501,12-14周 星期一 第1节-第2节 南湖南-博学北楼-501,17周 星期二 第1节-第2节 南湖南-博学北楼-501,16-17周 星期一 第1节-第2节 南湖南-博学北楼-501","XF":2,"SKXQ":2,"XNXQDM":"2024-2025-2","KCM":"美国历史与文化","JASDM":"0202010501","JXLDM":"020201","JXBID":"20242-12812","SKBJ":"公选-12812","TYXMDM":"11","KCH":"10201117160"},{"KKDWDM":"020","XS":48,"BYBZ":"0","JSJC":4,"XXXQDM":"02","KXH":"03","KSJC":3,"XKZRS":35,"SKZC":"000000000000000010000000000000","SKJS":"汪庆伟","ISTK":0,"ZCMC":"17周","YPSJDD":"1-10周 星期一 第3节-第4节 南湖南-博学北楼-501,16-17周 星期一 第3节-第4节 南湖南-博学北楼-501,17周 星期二 第3节-第4节 南湖南-博学北楼-501,12-14周 星期一 第3节-第4节 南湖南-博学北楼-501","XF":2,"SKXQ":2,"XNXQDM":"2024-2025-2","KCM":"美国历史与文化","JASDM":"0202010501","JXLDM":"020201","JXBID":"20242-12830","SKBJ":"公选-12830","TYXMDM":"11","KCH":"10201117160"},{"KKDWDM":"020","XS":48,"BYBZ":"0","JSJC":7,"XXXQDM":"02","KXH":"23","KSJC":6,"XKZRS":35,"SKZC":"000000000000000010000000000000","SKJS":"汪庆伟","ISTK":0,"ZCMC":"17周","YPSJDD":"12-14周 星期一 第6节-第7节 南湖南-博学北楼-501,1-10周 星期一 第6节-第7节 南湖南-博学北楼-501,16-17周 星期一 第6节-第7节 南湖南-博学北楼-501,17周 星期二 第6节-第7节 南湖南-博学北楼-501","XF":2,"SKXQ":2,"XNXQDM":"2024-2025-2","KCM":"美国历史与文化","JASDM":"0202010501","JXLDM":"020201","JXBID":"20242-12980","SKBJ":"公选-12980","TYXMDM":"11","KCH":"10201117160"},{"KKDWDM":"020","XS":32,"BYBZ":"0","JSJC":2,"XXXQDM":"02","KXH":"25","KSJC":1,"XKZRS":32,"SKZC":"000000000000000010000000000000","SKJS":"周卉","ISTK":0,"ZCMC":"17周","YPSJDD":"1-5周 星期五 第1节-第2节 南湖南-博学北楼-501,7-9周 星期五 第1节-第2节 南湖南-博学北楼-501,17周 星期三 第1节-第2节 南湖南-博学北楼-501,9周 星期日 第1节-第2节 南湖南-博学北楼-501,11-16周 星期五 第1节-第2节 南湖南-博学北楼-501","XF":2,"SKXQ":3,"XNXQDM":"2024-2025-2","KCM":"英语影视赏析与批评","JASDM":"0202010501","JXLDM":"020201","JXBID":"20242-12952","SKBJ":"公选-12952","TYXMDM":"11","KCH":"10201117101"},{"KKDWDM":"020","XS":32,"BYBZ":"0","JSJC":4,"XXXQDM":"02","KXH":"30","KSJC":3,"XKZRS":20,"SKZC":"000000000000000010000000000000","SKJS":"周卉","ISTK":0,"ZCMC":"17周","YPSJDD":"9周 星期日 第3节-第4节 南湖南-博学北楼-501,11-16周 星期五 第3节-第4节 南湖南-博学北楼-501,17周 星期三 第3节-第4节 南湖南-博学北楼-501,1-5周 星期五 第3节-第4节 南湖南-博学北楼-501,7-9周 星期五 第3节-第4节 南湖南-博学北楼-501","XF":2,"SKXQ":3,"XNXQDM":"2024-2025-2","KCM":"英语影视赏析与批评","JASDM":"0202010501","JXLDM":"020201","JXBID":"20242-12969","SKBJ":"公选-12969","TYXMDM":"11","KCH":"10201117101"}]}},"code":"0"}