{"datas":{"jaskcb":{"extParams":{"code":1,"msg":"查询成功"},"pageSize":0,"pageNumber":0,"totalSize":-1,"rows":[{"KKDWDM":"020","XS":32,"BYBZ":"0","JSJC":2,"XXXQDM":"02","KXH":"113","KSJC":1,"XKZRS":35,"SKZC":"1111111111111111","SKJS":"吴华松","ISTK":0,"ZCMC":"1-16周","YPSJDD":"1-16周 星期二 第1节-第2节 南湖南-博学北楼-209","XF":2,"SKXQ":2,"XNXQDM":"2024-2025-2","KCM":"大学英语2","JASDM":"0202010209","JXLDM":"020201","JXBID":"20242-12580","SKBJ":"公选-12580","TYXMDM":"11","KCH":"10201121073"},{"KKDWDM":"020","XS":32,"BYBZ":"0","JSJC":2,"XXXQDM":"02","KXH":"131","KSJC":1,"XKZRS":35,"SKZC":"1111111111111111","SKJS":"黄浩","ISTK":0,"ZCMC":"1-16周","YPSJDD":"1-16周 星期三 第1节-第2节 南湖南-博学北楼-209","XF":2,"SKXQ":3,"XNXQDM":"2024-2025-2","KCM":"大学英语2","JASDM":"0202010209","JXLDM":"020201","JXBID":"20242-12616","SKBJ":"公选-12616","TYXMDM":"11","KCH":"10201121073"},{"KKDWDM":"020","XS":32,"BYBZ":"0","JSJC":2,"XXXQDM":"02","KXH":"97","KSJC":1,"XKZRS":35,"SKZC":"111111111100000000000000000000","SKJS":"谈峰","ISTK":0,"ZCMC":"1-10周","YPSJDD":"16-17周 星期一 第1节-第2节 南湖南-博学北楼-209,1-10周 星期一 第1节-第2节 南湖南-博学北楼-209,12-14周 星期一 第1节-第2节 南湖南-博学北楼-209,17周 星期二 第1节-第2节 南湖南-博学北楼-209","XF":2,"SKXQ":1,"XNXQDM":"2024-2025-2","KCM":"大学英语2","JASDM":"0202010209","JXLDM":"020201","JXBID":"20242-12546","SKBJ":"公选-12546","TYXMDM":"11","KCH":"10201121073"},{"KKDWDM":"020","XS":32,"BYBZ":"0","JSJC":2,"XXXQDM":"02","KXH":"149","KSJC":1,"XKZRS":33,"SKZC":"111111111000000000000000000000","SKJS":"陈春花","ISTK":0,"ZCMC":"1-9周","YPSJDD":"11-17周 星期四 第1节-第2节 南湖南-博学北楼-209,1-9周 星期四 第1节-第2节 南湖南-博学北楼-209","XF":2,"SKXQ":4,"XNXQDM":"2024-2025-2","KCM":"大学英语2","JASDM":"0202010209","JXLDM":"020201","JXBID":"20242-12652","SKBJ":"公选-12652","TYXMDM":"11","KCH":"10201121073"},{"KKDWDM":"020","XS":32,"BYBZ":"0","JSJC":4,"XXXQDM":"02","KXH":"158","KSJC":3,"XKZRS":34,"SKZC":"111111111000000000000000000000","SKJS":"陈春花","ISTK":0,"ZCMC":"1-9周","YPSJDD":"11-17周 星期四 第3节-第4节 南湖南-博学北楼-209,1-9周 星期四 第3节-第4节 南湖南-博学北楼-209","XF":2,"SKXQ":4,"XNXQDM":"2024-2025-2","KCM":"大学英语2","JASDM":"0202010209","JXLDM":"020201","JXBID":"20242-12670","SKBJ":"公选-12670","TYXMDM":"11","KCH":"10201121073"},{"KKDWDM":"009","XS":32,"BYBZ":"0","JSJC":7,"XXXQDM":"02","KXH":"01","KSJC":6,"XKZRS":20,"SKZC":"11111111","SKJS":"莫文竞","ISTK":0,"ZCMC":"1-8周","YPSJDD":"1-8周 星期一 第6节-第7节 南湖南-博学北楼-209,1-8周 星期三 第6节-第7节 南湖南-博学北楼-209","XF":2,"SKXQ":1,"XNXQDM":"2024-2025-2","KCM":"城市绿地系统规划","JASDM":"0202010209","JXLDM":"020201","JXBID":"20242-06655","SKBJ":"城规2201","TYXMDM":null,"KCH":"10095117042"},{"KKDWDM":"009","XS":32,"BYBZ":"0","JSJC":7,"XXXQDM":"02","KXH":"01","KSJC":6,"XKZRS":20,"SKZC":"11111111","SKJS":"莫文竞","ISTK":0,"ZCMC":"1-8周","YPSJDD":"1-8周 星期一 第6节-第7节 南湖南-博学北楼-209,1-8周 星期三 第6节-第7节 南湖南-博学北楼-209","XF":2,"SKXQ":3,"XNXQDM":"2024-2025-2","KCM":"城市绿地系统规划","JASDM":"0202010209","JXLDM":"020201","JXBID":"20242-06655","SKBJ":"城规2201","TYXMDM":null,"KCH":"10095117042"},{"KKDWDM":"020","XS":32,"BYBZ":"0","JSJC":2,"XXXQDM":"02","KXH":"167","KSJC":1,"XKZRS":35,"SKZC":"111110000000000000000000000000","SKJS":"陈春花","ISTK":0,"ZCMC":"1-5周","YPSJDD":"1-5周 星期五 第1节-第2节 南湖南-博学北楼-209,11-16周 星期五 第1节-第2节 南湖南-博学北楼-209,9周 星期日 第1节-第2节 南湖南-博学北楼-209,17周 星期三 第1节-第2节 南湖南-博学北楼-209,7-9周 星期五 第1节-第2节 南湖南-博学北楼-209","XF":2,"SKXQ":5,"XNXQDM":"2024-2025-2","KCM":"大学英语2","JASDM":"0202010209","JXLDM":"020201","JXBID":"20242-12688","SKBJ":"公选-12688","TYXMDM":"11","KCH":"10201121073"},{"KKDWDM":"020","XS":32,"BYBZ":"0","JSJC":4,"XXXQDM":"02","KXH":"175","KSJC":3,"XKZRS":33,"SKZC":"111110000000000000000000000000","SKJS":"陈春花","ISTK":0,"ZCMC":"1-5周","YPSJDD":"11-16周 星期五 第3节-第4节 南湖南-博学北楼-209,7-9周 星期五 第3节-第4节 南湖南-博学北楼-209,17周 星期三 第3节-第4节 南湖南-博学北楼-209,9周 星期日 第3节-第4节 南湖南-博学北楼-209,1-5周 星期五 第3节-第4节 南湖南-博学北楼-209","XF":2,"SKXQ":5,"XNXQDM":"2024-2025-2","KCM":"大学英语2","JASDM":"0202010209","JXLDM":"020201","JXBID":"20242-12705","SKBJ":"公选-12705","TYXMDM":"11","KCH":"10201121073"},{"KKDWDM":"009","XS":48,"BYBZ":"0","JSJC":5,"XXXQDM":"02","KXH":"01","KSJC":3,"XKZRS":28,"SKZC":"011111110000000000000000000000","SKJS":"徐训","ISTK":0,"ZCMC":"2-8周","YPSJDD":"2-8周 星期三 第3节-第5节 南湖南-博学北楼-209,1周 星期一 第3节-第5节 南湖南-博学西楼-318,2-8周 星期一 第3节-第5节 南湖南-博学北楼-209,1周 星期三 第3节-第5节 南湖南-博学西楼-318","XF":3,"SKXQ":3,"XNXQDM":"2024-2025-2","KCM":"土木工程施工","JASDM":"0202010209","JXLDM":"020201","JXBID":"20242-03886","SKBJ":"土木zy2203","TYXMDM":null,"KCH":"10095117048"},{"KKDWDM":"009","XS":48,"BYBZ":"0","JSJC":5,"XXXQDM":"02","KXH":"01","KSJC":3,"XKZRS":28,"SKZC":"011111110000000000000000000000","SKJS":"徐训","ISTK":0,"ZCMC":"2-8周","YPSJDD":"2-8周 星期三 第3节-第5节 南湖南-博学北楼-209,1周 星期一 第3节-第5节 南湖南-博学西楼-318,2-8周 星期一 第3节-第5节 南湖南-博学北楼-209,1周 星期三 第3节-第5节 南湖南-博学西楼-318","XF":3,"SKXQ":1,"XNXQDM":"2024-2025-2","KCM":"土木工程施工","JASDM":"0202010209","JXLDM":"020201","JXBID":"20242-03886","SKBJ":"土木zy2203","TYXMDM":null,"KCH":"10095117048"},{"KKDWDM":"020","XS":32,"BYBZ":"0","JSJC":2,"XXXQDM":"02","KXH":"167","KSJC":1,"XKZRS":35,"SKZC":"000000111000000000000000000000","SKJS":"陈春花","ISTK":0,"ZCMC":"7-9周","YPSJDD":"1-5周 星期五 第1节-第2节 南湖南-博学北楼-209,11-16周 星期五 第1节-第2节 南湖南-博学北楼-209,9周 星期日 第1节-第2节 南湖南-博学北楼-209,17周 星期三 第1节-第2节 南湖南-博学北楼-209,7-9周 星期五 第1节-第2节 南湖南-博学北楼-209","XF":2,"SKXQ":5,"XNXQDM":"2024-2025-2","KCM":"大学英语2","JASDM":"0202010209","JXLDM":"020201","JXBID":"20242-12688","SKBJ":"公选-12688","TYXMDM":"11","KCH":"10201121073"},{"KKDWDM":"020","XS":32,"BYBZ":"0","JSJC":4,"XXXQDM":"02","KXH":"175","KSJC":3,"XKZRS":33,"SKZC":"000000111000000000000000000000","SKJS":"陈春花","ISTK":0,"ZCMC":"7-9周","YPSJDD":"11-16周 星期五 第3节-第4节 南湖南-博学北楼-209,7-9周 星期五 第3节-第4节 南湖南-博学北楼-209,17周 星期三 第3节-第4节 南湖南-博学北楼-209,9周 星期日 第3节-第4节 南湖南-博学北楼-209,1-5周 星期五 第3节-第4节 南湖南-博学北楼-209","XF":2,"SKXQ":5,"XNXQDM":"2024-2025-2","KCM":"大学英语2","JASDM":"0202010209","JXLDM":"020201","JXBID":"20242-12705","SKBJ":"公选-12705","TYXMDM":"11","KCH":"10201121073"},{"KKDWDM":"020","XS":32,"BYBZ":"0","JSJC":4,"XXXQDM":"02","KXH":"175","KSJC":3,"XKZRS":33,"SKZC":"000000001000000000000000000000","SKJS":"陈春花","ISTK":0,"ZCMC":"9周","YPSJDD":"11-16周 星期五 第3节-第4节 南湖南-博学北楼-209,7-9周 星期五 第3节-第4节 南湖南-博学北楼-209,17周 星期三 第3节-第4节 南湖南-博学北楼-209,9周 星期日 第3节-第4节 南湖南-博学北楼-209,1-5周 星期五 第3节-第4节 南湖南-博学北楼-209","XF":2,"SKXQ":7,"XNXQDM":"2024-2025-2","KCM":"大学英语2","JASDM":"0202010209","JXLDM":"020201","JXBID":"20242-12705","SKBJ":"公选-12705","TYXMDM":"11","KCH":"10201121073"},{"KKDWDM":"020","XS":32,"BYBZ":"0","JSJC":2,"XXXQDM":"02","KXH":"167","KSJC":1,"XKZRS":35,"SKZC":"000000001000000000000000000000","SKJS":"陈春花","ISTK":0,"ZCMC":"9周","YPSJDD":"1-5周 星期五 第1节-第2节 南湖南-博学北楼-209,11-16周 星期五 第1节-第2节 南湖南-博学北楼-209,9周 星期日 第1节-第2节 南湖南-博学北楼-209,17周 星期三 第1节-第2节 南湖南-博学北楼-209,7-9周 星期五 第1节-第2节 南湖南-博学北楼-209","XF":2,"SKXQ":7,"XNXQDM":"2024-2025-2","KCM":"大学英语2","JASDM":"0202010209","JXLDM":"020201","JXBID":"20242-12688","SKBJ":"公选-12688","TYXMDM":"11","KCH":"10201121073"},{"KKDWDM":"020","XS":32,"BYBZ":"0","JSJC":4,"XXXQDM":"02","KXH":"158","KSJC":3,"XKZRS":34,"SKZC":"000000000011111110000000000000","SKJS":"陈春花","ISTK":0,"ZCMC":"11-17周","YPSJDD":"11-17周 星期四 第3节-第4节 南湖南-博学北楼-209,1-9周 星期四 第3节-第4节 南湖南-博学北楼-209","XF":2,"SKXQ":4,"XNXQDM":"2024-2025-2","KCM":"大学英语2","JASDM":"0202010209","JXLDM":"020201","JXBID":"20242-12670","SKBJ":"公选-12670","TYXMDM":"11","KCH":"10201121073"},{"KKDWDM":"020","XS":32,"BYBZ":"0","JSJC":2,"XXXQDM":"02","KXH":"149","KSJC":1,"XKZRS":33,"SKZC":"000000000011111110000000000000","SKJS":"陈春花","ISTK":0,"ZCMC":"11-17周","YPSJDD":"11-17周 星期四 第1节-第2节 南湖南-博学北楼-209,1-9周 星期四 第1节-第2节 南湖南-博学北楼-209","XF":2,"SKXQ":4,"XNXQDM":"2024-2025-2","KCM":"大学英语2","JASDM":"0202010209","JXLDM":"020201","JXBID":"20242-12652","SKBJ":"公选-12652","TYXMDM":"11","KCH":"10201121073"},{"KKDWDM":"020","XS":32,"BYBZ":"0","JSJC":4,"XXXQDM":"02","KXH":"175","KSJC":3,"XKZRS":33,"SKZC":"000000000011111100000000000000","SKJS":"陈春花","ISTK":0,"ZCMC":"11-16周","YPSJDD":"11-16周 星期五 第3节-第4节 南湖南-博学北楼-209,7-9周 星期五 第3节-第4节 南湖南-博学北楼-209,17周 星期三 第3节-第4节 南湖南-博学北楼-209,9周 星期日 第3节-第4节 南湖南-博学北楼-209,1-5周 星期五 第3节-第4节 南湖南-博学北楼-209","XF":2,"SKXQ":5,"XNXQDM":"2024-2025-2","KCM":"大学英语2","JASDM":"0202010209","JXLDM":"020201","JXBID":"20242-12705","SKBJ":"公选-12705","TYXMDM":"11","KCH":"10201121073"},{"KKDWDM":"020","XS":32,"BYBZ":"0","JSJC":2,"XXXQDM":"02","KXH":"167","KSJC":1,"XKZRS":35,"SKZC":"000000000011111100000000000000","SKJS":"陈春花","ISTK":0,"ZCMC":"11-16周","YPSJDD":"1-5周 星期五 第1节-第2节 南湖南-博学北楼-209,11-16周 星期五 第1节-第2节 南湖南-博学北楼-209,9周 星期日 第1节-第2节 南湖南-博学北楼-209,17周 星期三 第1节-第2节 南湖南-博学北楼-209,7-9周 星期五 第1节-第2节 南湖南-博学北楼-209","XF":2,"SKXQ":5,"XNXQDM":"2024-2025-2","KCM":"大学英语2","JASDM":"0202010209","JXLDM":"020201","JXBID":"20242-12688","SKBJ":"公选-12688","TYXMDM":"11","KCH":"10201121073"},{"KKDWDM":"020","XS":32,"BYBZ":"0","JSJC":2,"XXXQDM":"02","KXH":"97","KSJC":1,"XKZRS":35,"SKZC":"000000000001110000000000000000","SKJS":"谈峰","ISTK":0,"ZCMC":"12-14周","YPSJDD":"16-17周 星期一 第1节-第2节 南湖南-博学北楼-209,1-10周 星期一 第1节-第2节 南湖南-博学北楼-209,12-14周 星期一 第1节-第2节 南湖南-博学北楼-209,17周 星期二 第1节-第2节 南湖南-博学北楼-209","XF":2,"SKXQ":1,"XNXQDM":"2024-2025-2","KCM":"大学英语2","JASDM":"0202010209","JXLDM":"020201","JXBID":"20242-12546","SKBJ":"公选-12546","TYXMDM":"11","KCH":"10201121073"},{"KKDWDM":"020","XS":32,"BYBZ":"0","JSJC":2,"XXXQDM":"02","KXH":"97","KSJC":1,"XKZRS":35,"SKZC":"000000000000000110000000000000","SKJS":"谈峰","ISTK":0,"ZCMC":"16-17周","YPSJDD":"16-17周 星期一 第1节-第2节 南湖南-博学北楼-209,1-10周 星期一 第1节-第2节 南湖南-博学北楼-209,12-14周 星期一 第1节-第2节 南湖南-博学北楼-209,17周 星期二 第1节-第2节 南湖南-博学北楼-209","XF":2,"SKXQ":1,"XNXQDM":"2024-2025-2","KCM":"大学英语2","JASDM":"0202010209","JXLDM":"020201","JXBID":"20242-12546","SKBJ":"公选-12546","TYXMDM":"11","KCH":"10201121073"},{"KKDWDM":"020","XS":32,"BYBZ":"0","JSJC":2,"XXXQDM":"02","KXH":"167","KSJC":1,"XKZRS":35,"SKZC":"000000000000000010000000000000","SKJS":"陈春花","ISTK":0,"ZCMC":"17周","YPSJDD":"1-5周 星期五 第1节-第2节 南湖南-博学北楼-209,11-16周 星期五 第1节-第2节 南湖南-博学北楼-209,9周 星期日 第1节-第2节 南湖南-博学北楼-209,17周 星期三 第1节-第2节 南湖南-博学北楼-209,7-9周 星期五 第1节-第2节 南湖南-博学北楼-209","XF":2,"SKXQ":3,"XNXQDM":"2024-2025-2","KCM":"大学英语2","JASDM":"0202010209","JXLDM":"020201","JXBID":"20242-12688","SKBJ":"公选-12688","TYXMDM":"11","KCH":"10201121073"},{"KKDWDM":"020","XS":32,"BYBZ":"0","JSJC":2,"XXXQDM":"02","KXH":"97","KSJC":1,"XKZRS":35,"SKZC":"000000000000000010000000000000","SKJS":"谈峰","ISTK":0,"ZCMC":"17周","YPSJDD":"16-17周 星期一 第1节-第2节 南湖南-博学北楼-209,1-10周 星期一 第1节-第2节 南湖南-博学北楼-209,12-14周 星期一 第1节-第2节 南湖南-博学北楼-209,17周 星期二 第1节-第2节 南湖南-博学北楼-209","XF":2,"SKXQ":2,"XNXQDM":"2024-2025-2","KCM":"大学英语2","JASDM":"0202010209","JXLDM":"020201","JXBID":"20242-12546","SKBJ":"公选-12546","TYXMDM":"11","KCH":"10201121073"},{"KKDWDM":"020","XS":32,"BYBZ":"0","JSJC":4,"XXXQDM":"02","KXH":"175","KSJC":3,"XKZRS":33,"SKZC":"000000000000000010000000000000","SKJS":"陈春花","ISTK":0,"ZCMC":"17周","YPSJDD":"11-16周 星期五 第3节-第4节 南湖南-博学北楼-209,7-9周 星期五 第3节-第4节 南湖南-博学北楼-209,17周 星期三 第3节-第4节 南湖南-博学北楼-209,9周 星期日 第3节-第4节 南湖南-博学北楼-209,1-5周 星期五 第3节-第4节 南湖南-博学北楼-209","XF":2,"SKXQ":3,"XNXQDM":"2024-2025-2","KCM":"大学英语2","JASDM":"0202010209","JXLDM":"020201","JXBID":"20242-12705","SKBJ":"公选-12705","TYXMDM":"11","KCH":"10201121073"},{"KKDWDM":null,"XS":null,"BYBZ":"1","JSJC":13,"XXXQDM":null,"KXH":null,"KSJC":11,"XKZRS":null,"SKZC":"011111111111100000000000000000","SKJS":"周凰","ISTK":0,"ZCMC":"2-13周","YPSJDD":null,"XF":null,"SKXQ":3,"XNXQDM":"2024-2025-2","KCM":"体育质性研究方法论","JASDM":"0202010209","JXLDM":null,"JXBID":null,"SKBJ":null,"TYXMDM":null,"KCH":"50270223007"}]}},"code":"0"}