{"datas":{"jaskcb":{"extParams":{"code":1,"msg":"查询成功"},"pageSize":0,"pageNumber":0,"totalSize":-1,"rows":[{"KKDWDM":"072","XS":80,"BYBZ":"0","JSJC":2,"XXXQDM":"02","KXH":"21","KSJC":1,"XKZRS":103,"SKZC":"111111111111111100000000000000","SKJS":"徐丰","ISTK":0,"ZCMC":"1-16周","YPSJDD":"16-17周 星期一 第3节-第5节 南湖南-博学主楼-402,12-14周 星期一 第3节-第5节 南湖南-博学主楼-402,17周 星期二 第3节-第5节 南湖南-博学主楼-402,1-10周 星期一 第3节-第5节 南湖南-博学主楼-402,1-16周 星期三 第1节-第2节 南湖南-博学主楼-402","XF":5,"SKXQ":3,"XNXQDM":"2024-2025-2","KCM":"大学物理B","JASDM":"0202040402","JXLDM":"020204","JXBID":"20242-06587","SKBJ":"计算机类2413-14,软件sy2401","TYXMDM":null,"KCH":"10153113042"},{"KKDWDM":"021","XS":36,"BYBZ":"0","JSJC":5,"XXXQDM":"02","KXH":"67","KSJC":3,"XKZRS":59,"SKZC":"111111111111","SKJS":"刘国龙","ISTK":0,"ZCMC":"1-12周","YPSJDD":"1-12周 星期二 第3节-第5节 南湖南-博学主楼-402","XF":2,"SKXQ":2,"XNXQDM":"2024-2025-2","KCM":"习近平新时代中国特色社会主义思想概论","JASDM":"0202040402","JXLDM":"020204","JXBID":"20242-04890","SKBJ":"电商2301,软件2301-02","TYXMDM":null,"KCH":"10211121033"},{"KKDWDM":"072","XS":80,"BYBZ":"0","JSJC":5,"XXXQDM":"02","KXH":"21","KSJC":3,"XKZRS":103,"SKZC":"111111111100000000000000000000","SKJS":"徐丰","ISTK":0,"ZCMC":"1-10周","YPSJDD":"16-17周 星期一 第3节-第5节 南湖南-博学主楼-402,12-14周 星期一 第3节-第5节 南湖南-博学主楼-402,17周 星期二 第3节-第5节 南湖南-博学主楼-402,1-10周 星期一 第3节-第5节 南湖南-博学主楼-402,1-16周 星期三 第1节-第2节 南湖南-博学主楼-402","XF":5,"SKXQ":1,"XNXQDM":"2024-2025-2","KCM":"大学物理B","JASDM":"0202040402","JXLDM":"020204","JXBID":"20242-06587","SKBJ":"计算机类2413-14,软件sy2401","TYXMDM":null,"KCH":"10153113042"},{"KKDWDM":"021","XS":42,"BYBZ":"0","JSJC":5,"XXXQDM":"02","KXH":"25","KSJC":3,"XKZRS":104,"SKZC":"111111111000000000000000000000","SKJS":"陈亚立","ISTK":0,"ZCMC":"1-9周","YPSJDD":"11-15周 星期四 第3节-第5节 南湖南-博学主楼-402,1-9周 星期四 第3节-第5节 南湖南-博学主楼-402","XF":2,"SKXQ":4,"XNXQDM":"2024-2025-2","KCM":"马克思主义基本原理","JASDM":"0202040402","JXLDM":"020204","JXBID":"20242-04983","SKBJ":"车辆2302-04,车辆2306","TYXMDM":null,"KCH":"10211117035"},{"KKDWDM":"038","XS":24,"BYBZ":"0","JSJC":13,"XXXQDM":"02","KXH":"02","KSJC":11,"XKZRS":139,"SKZC":"111111110000000000000000","SKJS":"李洪胜","ISTK":0,"ZCMC":"1-8周","YPSJDD":"1-8周 星期三 第11节-第13节 南湖南-博学主楼-402","XF":1,"SKXQ":3,"XNXQDM":"2024-2025-2","KCM":"孙子兵法(GX)","JASDM":"0202040402","JXLDM":"020204","JXBID":"20242-11610","SKBJ":"公选-11610","TYXMDM":null,"KCH":"10382121007"},{"KKDWDM":"021","XS":16,"BYBZ":"0","JSJC":12,"XXXQDM":"02","KXH":"01","KSJC":11,"XKZRS":139,"SKZC":"111111110000000000000000","SKJS":"宋雅萍","ISTK":0,"ZCMC":"1-8周","YPSJDD":"1-8周 星期二 第11节-第12节 南湖南-博学主楼-402","XF":1,"SKXQ":2,"XNXQDM":"2024-2025-2","KCM":"品读新中国史(GX)","JASDM":"0202040402","JXLDM":"020204","JXBID":"20242-08493","SKBJ":"公选-08493","TYXMDM":null,"KCH":"10212124133"},{"KKDWDM":"899","XS":16,"BYBZ":"0","JSJC":4,"XXXQDM":"02","KXH":"02","KSJC":3,"XKZRS":58,"SKZC":"11111111","SKJS":"雷志鑫","ISTK":0,"ZCMC":"1-8周","YPSJDD":"1-8周 星期三 第3节-第4节 南湖南-博学主楼-402","XF":1,"SKXQ":3,"XNXQDM":"2024-2025-2","KCM":"创新创业与就业指导","JASDM":"0202040402","JXLDM":"020204","JXBID":"20242-02957","SKBJ":"制药H2201-03","TYXMDM":null,"KCH":"18994121020"},{"KKDWDM":"010","XS":48,"BYBZ":"0","JSJC":8,"XXXQDM":"02","KXH":"01","KSJC":6,"XKZRS":97,"SKZC":"11111111","SKJS":"贾晓娟","ISTK":0,"ZCMC":"1-8周","YPSJDD":"1-8周 星期一 第6节-第8节 南湖南-博学主楼-402,1-8周 星期三 第6节-第8节 南湖南-博学主楼-402","XF":3,"SKXQ":1,"XNXQDM":"2024-2025-2","KCM":"自然资源学","JASDM":"0202040402","JXLDM":"020204","JXBID":"20242-02689","SKBJ":"地信2201-03","TYXMDM":null,"KCH":"10097311025"},{"KKDWDM":"010","XS":48,"BYBZ":"0","JSJC":8,"XXXQDM":"02","KXH":"01","KSJC":6,"XKZRS":97,"SKZC":"11111111","SKJS":"贾晓娟","ISTK":0,"ZCMC":"1-8周","YPSJDD":"1-8周 星期一 第6节-第8节 南湖南-博学主楼-402,1-8周 星期三 第6节-第8节 南湖南-博学主楼-402","XF":3,"SKXQ":3,"XNXQDM":"2024-2025-2","KCM":"自然资源学","JASDM":"0202040402","JXLDM":"020204","JXBID":"20242-02689","SKBJ":"地信2201-03","TYXMDM":null,"KCH":"10097311025"},{"KKDWDM":"022","XS":32,"BYBZ":"0","JSJC":4,"XXXQDM":"02","KXH":"02","KSJC":3,"XKZRS":36,"SKZC":"111110000000000000000000000000","SKJS":"徐江萍","ISTK":0,"ZCMC":"1-5周","YPSJDD":"11-16周 星期五 第3节-第4节 南湖南-博学主楼-402,7-9周 星期五 第3节-第4节 南湖南-博学主楼-402,17周 星期三 第3节-第4节 南湖南-博学主楼-402,1-5周 星期五 第3节-第4节 南湖南-博学主楼-402,9周 星期日 第3节-第4节 南湖南-博学主楼-402","XF":2,"SKXQ":5,"XNXQDM":"2024-2025-2","KCM":"金融法B","JASDM":"0202040402","JXLDM":"020204","JXBID":"20242-02900","SKBJ":"金融kj2201","TYXMDM":null,"KCH":"10057311037"},{"KKDWDM":"022","XS":32,"BYBZ":"0","JSJC":4,"XXXQDM":"02","KXH":"02","KSJC":3,"XKZRS":36,"SKZC":"000000111000000000000000000000","SKJS":"徐江萍","ISTK":0,"ZCMC":"7-9周","YPSJDD":"11-16周 星期五 第3节-第4节 南湖南-博学主楼-402,7-9周 星期五 第3节-第4节 南湖南-博学主楼-402,17周 星期三 第3节-第4节 南湖南-博学主楼-402,1-5周 星期五 第3节-第4节 南湖南-博学主楼-402,9周 星期日 第3节-第4节 南湖南-博学主楼-402","XF":2,"SKXQ":5,"XNXQDM":"2024-2025-2","KCM":"金融法B","JASDM":"0202040402","JXLDM":"020204","JXBID":"20242-02900","SKBJ":"金融kj2201","TYXMDM":null,"KCH":"10057311037"},{"KKDWDM":"009","XS":32,"BYBZ":"0","JSJC":4,"XXXQDM":"02","KXH":"01","KSJC":3,"XKZRS":40,"SKZC":"000000001111111100000000000000","SKJS":"单晓芳","ISTK":0,"ZCMC":"9-16周","YPSJDD":"9-16周 星期三 第3节-第4节 南湖南-博学主楼-402,12-14周 星期一 第1节-第2节 南湖南-博学主楼-402,17周 星期二 第1节-第2节 南湖南-博学主楼-402,16-17周 星期一 第1节-第2节 南湖南-博学主楼-402,9-10周 星期一 第1节-第2节 南湖南-博学主楼-402","XF":2,"SKXQ":3,"XNXQDM":"2024-2025-2","KCM":"热质交换原理与设备","JASDM":"0202040402","JXLDM":"020204","JXBID":"20242-03890","SKBJ":"建环2201","TYXMDM":null,"KCH":"10094113067"},{"KKDWDM":"009","XS":32,"BYBZ":"0","JSJC":2,"XXXQDM":"02","KXH":"01","KSJC":1,"XKZRS":40,"SKZC":"000000001100000000000000000000","SKJS":"单晓芳","ISTK":0,"ZCMC":"9-10周","YPSJDD":"9-16周 星期三 第3节-第4节 南湖南-博学主楼-402,12-14周 星期一 第1节-第2节 南湖南-博学主楼-402,17周 星期二 第1节-第2节 南湖南-博学主楼-402,16-17周 星期一 第1节-第2节 南湖南-博学主楼-402,9-10周 星期一 第1节-第2节 南湖南-博学主楼-402","XF":2,"SKXQ":1,"XNXQDM":"2024-2025-2","KCM":"热质交换原理与设备","JASDM":"0202040402","JXLDM":"020204","JXBID":"20242-03890","SKBJ":"建环2201","TYXMDM":null,"KCH":"10094113067"},{"KKDWDM":"022","XS":32,"BYBZ":"0","JSJC":4,"XXXQDM":"02","KXH":"02","KSJC":3,"XKZRS":36,"SKZC":"000000001000000000000000000000","SKJS":"徐江萍","ISTK":0,"ZCMC":"9周","YPSJDD":"11-16周 星期五 第3节-第4节 南湖南-博学主楼-402,7-9周 星期五 第3节-第4节 南湖南-博学主楼-402,17周 星期三 第3节-第4节 南湖南-博学主楼-402,1-5周 星期五 第3节-第4节 南湖南-博学主楼-402,9周 星期日 第3节-第4节 南湖南-博学主楼-402","XF":2,"SKXQ":7,"XNXQDM":"2024-2025-2","KCM":"金融法B","JASDM":"0202040402","JXLDM":"020204","JXBID":"20242-02900","SKBJ":"金融kj2201","TYXMDM":null,"KCH":"10057311037"},{"KKDWDM":"022","XS":32,"BYBZ":"0","JSJC":4,"XXXQDM":"02","KXH":"02","KSJC":3,"XKZRS":36,"SKZC":"000000000011111100000000000000","SKJS":"徐江萍","ISTK":0,"ZCMC":"11-16周","YPSJDD":"11-16周 星期五 第3节-第4节 南湖南-博学主楼-402,7-9周 星期五 第3节-第4节 南湖南-博学主楼-402,17周 星期三 第3节-第4节 南湖南-博学主楼-402,1-5周 星期五 第3节-第4节 南湖南-博学主楼-402,9周 星期日 第3节-第4节 南湖南-博学主楼-402","XF":2,"SKXQ":5,"XNXQDM":"2024-2025-2","KCM":"金融法B","JASDM":"0202040402","JXLDM":"020204","JXBID":"20242-02900","SKBJ":"金融kj2201","TYXMDM":null,"KCH":"10057311037"},{"KKDWDM":"021","XS":42,"BYBZ":"0","JSJC":5,"XXXQDM":"02","KXH":"25","KSJC":3,"XKZRS":104,"SKZC":"000000000011111000000000000000","SKJS":"陈亚立","ISTK":0,"ZCMC":"11-15周","YPSJDD":"11-15周 星期四 第3节-第5节 南湖南-博学主楼-402,1-9周 星期四 第3节-第5节 南湖南-博学主楼-402","XF":2,"SKXQ":4,"XNXQDM":"2024-2025-2","KCM":"马克思主义基本原理","JASDM":"0202040402","JXLDM":"020204","JXBID":"20242-04983","SKBJ":"车辆2302-04,车辆2306","TYXMDM":null,"KCH":"10211117035"},{"KKDWDM":"009","XS":32,"BYBZ":"0","JSJC":2,"XXXQDM":"02","KXH":"01","KSJC":1,"XKZRS":40,"SKZC":"000000000001110000000000000000","SKJS":"单晓芳","ISTK":0,"ZCMC":"12-14周","YPSJDD":"9-16周 星期三 第3节-第4节 南湖南-博学主楼-402,12-14周 星期一 第1节-第2节 南湖南-博学主楼-402,17周 星期二 第1节-第2节 南湖南-博学主楼-402,16-17周 星期一 第1节-第2节 南湖南-博学主楼-402,9-10周 星期一 第1节-第2节 南湖南-博学主楼-402","XF":2,"SKXQ":1,"XNXQDM":"2024-2025-2","KCM":"热质交换原理与设备","JASDM":"0202040402","JXLDM":"020204","JXBID":"20242-03890","SKBJ":"建环2201","TYXMDM":null,"KCH":"10094113067"},{"KKDWDM":"072","XS":80,"BYBZ":"0","JSJC":5,"XXXQDM":"02","KXH":"21","KSJC":3,"XKZRS":103,"SKZC":"000000000001110000000000000000","SKJS":"徐丰","ISTK":0,"ZCMC":"12-14周","YPSJDD":"16-17周 星期一 第3节-第5节 南湖南-博学主楼-402,12-14周 星期一 第3节-第5节 南湖南-博学主楼-402,17周 星期二 第3节-第5节 南湖南-博学主楼-402,1-10周 星期一 第3节-第5节 南湖南-博学主楼-402,1-16周 星期三 第1节-第2节 南湖南-博学主楼-402","XF":5,"SKXQ":1,"XNXQDM":"2024-2025-2","KCM":"大学物理B","JASDM":"0202040402","JXLDM":"020204","JXBID":"20242-06587","SKBJ":"计算机类2413-14,软件sy2401","TYXMDM":null,"KCH":"10153113042"},{"KKDWDM":"009","XS":32,"BYBZ":"0","JSJC":2,"XXXQDM":"02","KXH":"01","KSJC":1,"XKZRS":40,"SKZC":"000000000000000110000000000000","SKJS":"单晓芳","ISTK":0,"ZCMC":"16-17周","YPSJDD":"9-16周 星期三 第3节-第4节 南湖南-博学主楼-402,12-14周 星期一 第1节-第2节 南湖南-博学主楼-402,17周 星期二 第1节-第2节 南湖南-博学主楼-402,16-17周 星期一 第1节-第2节 南湖南-博学主楼-402,9-10周 星期一 第1节-第2节 南湖南-博学主楼-402","XF":2,"SKXQ":1,"XNXQDM":"2024-2025-2","KCM":"热质交换原理与设备","JASDM":"0202040402","JXLDM":"020204","JXBID":"20242-03890","SKBJ":"建环2201","TYXMDM":null,"KCH":"10094113067"},{"KKDWDM":"072","XS":80,"BYBZ":"0","JSJC":5,"XXXQDM":"02","KXH":"21","KSJC":3,"XKZRS":103,"SKZC":"000000000000000110000000000000","SKJS":"徐丰","ISTK":0,"ZCMC":"16-17周","YPSJDD":"16-17周 星期一 第3节-第5节 南湖南-博学主楼-402,12-14周 星期一 第3节-第5节 南湖南-博学主楼-402,17周 星期二 第3节-第5节 南湖南-博学主楼-402,1-10周 星期一 第3节-第5节 南湖南-博学主楼-402,1-16周 星期三 第1节-第2节 南湖南-博学主楼-402","XF":5,"SKXQ":1,"XNXQDM":"2024-2025-2","KCM":"大学物理B","JASDM":"0202040402","JXLDM":"020204","JXBID":"20242-06587","SKBJ":"计算机类2413-14,软件sy2401","TYXMDM":null,"KCH":"10153113042"},{"KKDWDM":"009","XS":32,"BYBZ":"0","JSJC":2,"XXXQDM":"02","KXH":"01","KSJC":1,"XKZRS":40,"SKZC":"000000000000000010000000000000","SKJS":"单晓芳","ISTK":0,"ZCMC":"17周","YPSJDD":"9-16周 星期三 第3节-第4节 南湖南-博学主楼-402,12-14周 星期一 第1节-第2节 南湖南-博学主楼-402,17周 星期二 第1节-第2节 南湖南-博学主楼-402,16-17周 星期一 第1节-第2节 南湖南-博学主楼-402,9-10周 星期一 第1节-第2节 南湖南-博学主楼-402","XF":2,"SKXQ":2,"XNXQDM":"2024-2025-2","KCM":"热质交换原理与设备","JASDM":"0202040402","JXLDM":"020204","JXBID":"20242-03890","SKBJ":"建环2201","TYXMDM":null,"KCH":"10094113067"},{"KKDWDM":"022","XS":32,"BYBZ":"0","JSJC":4,"XXXQDM":"02","KXH":"02","KSJC":3,"XKZRS":36,"SKZC":"000000000000000010000000000000","SKJS":"徐江萍","ISTK":0,"ZCMC":"17周","YPSJDD":"11-16周 星期五 第3节-第4节 南湖南-博学主楼-402,7-9周 星期五 第3节-第4节 南湖南-博学主楼-402,17周 星期三 第3节-第4节 南湖南-博学主楼-402,1-5周 星期五 第3节-第4节 南湖南-博学主楼-402,9周 星期日 第3节-第4节 南湖南-博学主楼-402","XF":2,"SKXQ":3,"XNXQDM":"2024-2025-2","KCM":"金融法B","JASDM":"0202040402","JXLDM":"020204","JXBID":"20242-02900","SKBJ":"金融kj2201","TYXMDM":null,"KCH":"10057311037"},{"KKDWDM":"072","XS":80,"BYBZ":"0","JSJC":5,"XXXQDM":"02","KXH":"21","KSJC":3,"XKZRS":103,"SKZC":"000000000000000010000000000000","SKJS":"徐丰","ISTK":0,"ZCMC":"17周","YPSJDD":"16-17周 星期一 第3节-第5节 南湖南-博学主楼-402,12-14周 星期一 第3节-第5节 南湖南-博学主楼-402,17周 星期二 第3节-第5节 南湖南-博学主楼-402,1-10周 星期一 第3节-第5节 南湖南-博学主楼-402,1-16周 星期三 第1节-第2节 南湖南-博学主楼-402","XF":5,"SKXQ":2,"XNXQDM":"2024-2025-2","KCM":"大学物理B","JASDM":"0202040402","JXLDM":"020204","JXBID":"20242-06587","SKBJ":"计算机类2413-14,软件sy2401","TYXMDM":null,"KCH":"10153113042"}]}},"code":"0"}