{"datas":{"jaskcb":{"extParams":{"code":1,"msg":"查询成功"},"pageSize":0,"pageNumber":0,"totalSize":-1,"rows":[{"KKDWDM":"017","XS":32,"BYBZ":"0","JSJC":7,"XXXQDM":"02","KXH":"03","KSJC":6,"XKZRS":61,"SKZC":"111111111111111100000000","SKJS":"张庆华","ISTK":0,"ZCMC":"1-16周","YPSJDD":"1-16周 星期三 第6节-第7节 南湖南-博学西楼-411","XF":2,"SKXQ":3,"XNXQDM":"2024-2025-2","KCM":"顾客关系管理","JASDM":"0202030411","JXLDM":"020203","JXBID":"20242-02080","SKBJ":"营销2201-02","TYXMDM":null,"KCH":"10175117067"},{"KKDWDM":"023","XS":32,"BYBZ":"0","JSJC":4,"XXXQDM":"02","KXH":"01","KSJC":3,"XKZRS":54,"SKZC":"1111111111111111","SKJS":"王光杰","ISTK":0,"ZCMC":"1-16周","YPSJDD":"1-16周 星期二 第3节-第4节 南湖南-博学西楼-411","XF":2,"SKXQ":2,"XNXQDM":"2024-2025-2","KCM":"数据权益与治理","JASDM":"0202030411","JXLDM":"020203","JXBID":"20242-05926","SKBJ":"数管2301-03","TYXMDM":null,"KCH":"10235121030"},{"KKDWDM":"017","XS":40,"BYBZ":"0","JSJC":5,"XXXQDM":"02","KXH":"01","KSJC":3,"XKZRS":70,"SKZC":"111111111101100000000000","SKJS":"王湛","ISTK":0,"ZCMC":"1-10周,12-13周","YPSJDD":"14-16周(双) 星期一 第3节-第4节 南湖南-博学西楼-411,1-10周,12-13周 星期一 第3节-第5节 南湖南-博学西楼-411","XF":2,"SKXQ":1,"XNXQDM":"2024-2025-2","KCM":"中级财务会计B2","JASDM":"0202030411","JXLDM":"020203","JXBID":"20242-04819","SKBJ":"会计2303,会计ACCA2301","TYXMDM":null,"KCH":"10175117070"},{"KKDWDM":"018","XS":32,"BYBZ":"0","JSJC":8,"XXXQDM":"02","KXH":"01","KSJC":6,"XKZRS":53,"SKZC":"111111111100000000000000000000","SKJS":"胡威,韩书成","ISTK":0,"ZCMC":"1-10周","YPSJDD":"1-10周 星期一 第6节-第8节 南湖南-博学西楼-411,12周 星期一 第6节-第7节 南湖南-博学西楼-411","XF":2,"SKXQ":1,"XNXQDM":"2024-2025-2","KCM":"技术创新经济学C","JASDM":"0202030411","JXLDM":"020203","JXBID":"20242-03160","SKBJ":"经 济2201-02,经济cy2201","TYXMDM":null,"KCH":"10185117016"},{"KKDWDM":"016","XS":32,"BYBZ":"0","JSJC":5,"XXXQDM":"02","KXH":"01","KSJC":3,"XKZRS":75,"SKZC":"111111111100000000000000","SKJS":"林亚维,胡晓松","ISTK":0,"ZCMC":"1-10周","YPSJDD":"11周 星期三 第3节-第4节 南湖南-博学西楼-411,1-10周 星期三 第3节-第5节 南湖南-博学西楼-411","XF":2,"SKXQ":3,"XNXQDM":"2024-2025-2","KCM":"仪器分析原理与波谱解析1","JASDM":"0202030411","JXLDM":"020203","JXBID":"20242-04563","SKBJ":"应化2301-03","TYXMDM":null,"KCH":"10164121032"},{"KKDWDM":"012","XS":40,"BYBZ":"0","JSJC":4,"XXXQDM":"02","KXH":"02","KSJC":3,"XKZRS":74,"SKZC":"111110000000000000000000000000","SKJS":"戚欣","ISTK":0,"ZCMC":"1-5周","YPSJDD":"9周 星期日 第3节-第4节 南湖南-博学西楼-411,11-16周 星期五 第3节-第4节 南湖南-博学西楼-411,17周 星期三 第3节-第4节 南湖南-博学西楼-411,1-5周 星期五 第3节-第4节 南湖南-博学西楼-411,7-9周 星期五 第3节-第4节 南湖南-博学西楼-411","XF":2,"SKXQ":5,"XNXQDM":"2024-2025-2","KCM":"计算机数值分析","JASDM":"0202030411","JXLDM":"020203","JXBID":"20242-05005","SKBJ":"软件2301-02","TYXMDM":null,"KCH":"10124117073"},{"KKDWDM":"009","XS":24,"BYBZ":"0","JSJC":8,"XXXQDM":"02","KXH":"01","KSJC":6,"XKZRS":null,"SKZC":"110000000000000000000000000000","SKJS":"王贞,谢伟平","ISTK":0,"ZCMC":"1-2周","YPSJDD":"1-2周 星期二 第6节-第8节 南湖南-博学西楼-411","XF":1,"SKXQ":2,"XNXQDM":"2024-2025-2","KCM":"定性结构力学","JASDM":"0202030411","JXLDM":"020203","JXBID":"20242-03666","SKBJ":"土木zy2201-05,岩土jd2201","TYXMDM":null,"KCH":"10164111004"},{"KKDWDM":"012","XS":40,"BYBZ":"0","JSJC":4,"XXXQDM":"02","KXH":"02","KSJC":3,"XKZRS":74,"SKZC":"000000111000000000000000000000","SKJS":"戚欣","ISTK":0,"ZCMC":"7-9周","YPSJDD":"9周 星期日 第3节-第4节 南湖南-博学西楼-411,11-16周 星期五 第3节-第4节 南湖南-博学西楼-411,17周 星期三 第3节-第4节 南湖南-博学西楼-411,1-5周 星期五 第3节-第4节 南湖南-博学西楼-411,7-9周 星期五 第3节-第4节 南湖南-博学西楼-411","XF":2,"SKXQ":5,"XNXQDM":"2024-2025-2","KCM":"计算机数值分析","JASDM":"0202030411","JXLDM":"020203","JXBID":"20242-05005","SKBJ":"软件2301-02","TYXMDM":null,"KCH":"10124117073"},{"KKDWDM":"009","XS":24,"BYBZ":"0","JSJC":8,"XXXQDM":"02","KXH":"01","KSJC":6,"XKZRS":51,"SKZC":"0000000011111111","SKJS":"熊红霞","ISTK":0,"ZCMC":"9-16周","YPSJDD":"9-16周 星期二 第6节-第8节 南湖南-博学西楼-411","XF":1,"SKXQ":2,"XNXQDM":"2024-2025-2","KCM":"桥涵水文B","JASDM":"0202030411","JXLDM":"020203","JXBID":"20242-03538","SKBJ":"土木zy2201-05,岩土jd2201","TYXMDM":null,"KCH":"10174111016"},{"KKDWDM":"012","XS":40,"BYBZ":"0","JSJC":4,"XXXQDM":"02","KXH":"02","KSJC":3,"XKZRS":74,"SKZC":"000000001000000000000000000000","SKJS":"戚欣","ISTK":0,"ZCMC":"9周","YPSJDD":"9周 星期日 第3节-第4节 南湖南-博学西楼-411,11-16周 星期五 第3节-第4节 南湖南-博学西楼-411,17周 星期三 第3节-第4节 南湖南-博学西楼-411,1-5周 星期五 第3节-第4节 南湖南-博学西楼-411,7-9周 星期五 第3节-第4节 南湖南-博学西楼-411","XF":2,"SKXQ":7,"XNXQDM":"2024-2025-2","KCM":"计算机数值分析","JASDM":"0202030411","JXLDM":"020203","JXBID":"20242-05005","SKBJ":"软件2301-02","TYXMDM":null,"KCH":"10124117073"},{"KKDWDM":"009","XS":24,"BYBZ":"0","JSJC":5,"XXXQDM":"02","KXH":"01","KSJC":3,"XKZRS":39,"SKZC":"000000001000000000000000000000","SKJS":"文远高","ISTK":0,"ZCMC":"9周","YPSJDD":"11-17周 星期四 第3节-第5节 南湖南-博学西楼-411,9周 星期四 第3节-第5节 南湖南-博学西楼-411","XF":1,"SKXQ":4,"XNXQDM":"2024-2025-2","KCM":"供热工程B","JASDM":"0202030411","JXLDM":"020203","JXBID":"20242-02448","SKBJ":"建环2201","TYXMDM":null,"KCH":"10094114004"},{"KKDWDM":"009","XS":24,"BYBZ":"0","JSJC":5,"XXXQDM":"02","KXH":"01","KSJC":3,"XKZRS":39,"SKZC":"000000000011111110000000000000","SKJS":"文远高","ISTK":0,"ZCMC":"11-17周","YPSJDD":"11-17周 星期四 第3节-第5节 南湖南-博学西楼-411,9周 星期四 第3节-第5节 南湖南-博学西楼-411","XF":1,"SKXQ":4,"XNXQDM":"2024-2025-2","KCM":"供热工程B","JASDM":"0202030411","JXLDM":"020203","JXBID":"20242-02448","SKBJ":"建环2201","TYXMDM":null,"KCH":"10094114004"},{"KKDWDM":"012","XS":40,"BYBZ":"0","JSJC":4,"XXXQDM":"02","KXH":"02","KSJC":3,"XKZRS":74,"SKZC":"000000000011111100000000000000","SKJS":"戚欣","ISTK":0,"ZCMC":"11-16周","YPSJDD":"9周 星期日 第3节-第4节 南湖南-博学西楼-411,11-16周 星期五 第3节-第4节 南湖南-博学西楼-411,17周 星期三 第3节-第4节 南湖南-博学西楼-411,1-5周 星期五 第3节-第4节 南湖南-博学西楼-411,7-9周 星期五 第3节-第4节 南湖南-博学西楼-411","XF":2,"SKXQ":5,"XNXQDM":"2024-2025-2","KCM":"计算机数值分析","JASDM":"0202030411","JXLDM":"020203","JXBID":"20242-05005","SKBJ":"软件2301-02","TYXMDM":null,"KCH":"10124117073"},{"KKDWDM":"016","XS":32,"BYBZ":"0","JSJC":4,"XXXQDM":"02","KXH":"01","KSJC":3,"XKZRS":75,"SKZC":"000000000010000000000000","SKJS":"林亚维,胡晓松","ISTK":0,"ZCMC":"11周","YPSJDD":"11周 星期三 第3节-第4节 南湖南-博学西楼-411,1-10周 星期三 第3节-第5节 南湖南-博学西楼-411","XF":2,"SKXQ":3,"XNXQDM":"2024-2025-2","KCM":"仪器分析原理与波谱解析1","JASDM":"0202030411","JXLDM":"020203","JXBID":"20242-04563","SKBJ":"应化2301-03","TYXMDM":null,"KCH":"10164121032"},{"KKDWDM":"018","XS":32,"BYBZ":"0","JSJC":7,"XXXQDM":"02","KXH":"01","KSJC":6,"XKZRS":53,"SKZC":"000000000001000000000000000000","SKJS":"胡威,韩书成","ISTK":0,"ZCMC":"12周","YPSJDD":"1-10周 星期一 第6节-第8节 南湖南-博学西楼-411,12周 星期一 第6节-第7节 南湖南-博学西楼-411","XF":2,"SKXQ":1,"XNXQDM":"2024-2025-2","KCM":"技术创新经济学C","JASDM":"0202030411","JXLDM":"020203","JXBID":"20242-03160","SKBJ":"经 济2201-02,经济cy2201","TYXMDM":null,"KCH":"10185117016"},{"KKDWDM":"017","XS":40,"BYBZ":"0","JSJC":4,"XXXQDM":"02","KXH":"01","KSJC":3,"XKZRS":70,"SKZC":"000000000000010100000000","SKJS":"王湛","ISTK":0,"ZCMC":"14-16周(双)","YPSJDD":"14-16周(双) 星期一 第3节-第4节 南湖南-博学西楼-411,1-10周,12-13周 星期一 第3节-第5节 南湖南-博学西楼-411","XF":2,"SKXQ":1,"XNXQDM":"2024-2025-2","KCM":"中级财务会计B2","JASDM":"0202030411","JXLDM":"020203","JXBID":"20242-04819","SKBJ":"会计2303,会计ACCA2301","TYXMDM":null,"KCH":"10175117070"},{"KKDWDM":"012","XS":40,"BYBZ":"0","JSJC":4,"XXXQDM":"02","KXH":"02","KSJC":3,"XKZRS":74,"SKZC":"000000000000000010000000000000","SKJS":"戚欣","ISTK":0,"ZCMC":"17周","YPSJDD":"9周 星期日 第3节-第4节 南湖南-博学西楼-411,11-16周 星期五 第3节-第4节 南湖南-博学西楼-411,17周 星期三 第3节-第4节 南湖南-博学西楼-411,1-5周 星期五 第3节-第4节 南湖南-博学西楼-411,7-9周 星期五 第3节-第4节 南湖南-博学西楼-411","XF":2,"SKXQ":3,"XNXQDM":"2024-2025-2","KCM":"计算机数值分析","JASDM":"0202030411","JXLDM":"020203","JXBID":"20242-05005","SKBJ":"软件2301-02","TYXMDM":null,"KCH":"10124117073"}]}},"code":"0"}