{"datas":{"jaskcb":{"extParams":{"code":1,"msg":"查询成功"},"pageSize":0,"pageNumber":0,"totalSize":-1,"rows":[{"KKDWDM":"012","XS":32,"BYBZ":"0","JSJC":8,"XXXQDM":"02","KXH":"05","KSJC":6,"XKZRS":74,"SKZC":"000011111111111","SKJS":"吕曦","ISTK":0,"ZCMC":"5-15周","YPSJDD":"5-15周 星期三 第6节-第8节 南湖南-博学东楼-502","XF":1,"SKXQ":3,"XNXQDM":"2024-2025-2","KCM":"计算机基础与Python程序设计综合实验A","JASDM":"0202020502","JXLDM":"020202","JXBID":"20242-11776","SKBJ":"金融kj2401,金融sy2401","TYXMDM":null,"KCH":"10121221090"},{"KKDWDM":"012","XS":32,"BYBZ":"0","JSJC":5,"XXXQDM":"02","KXH":"01","KSJC":3,"XKZRS":61,"SKZC":"000011111111111","SKJS":"吴利军","ISTK":0,"ZCMC":"5-15周","YPSJDD":"5-15周 星期三 第3节-第5节 南湖南-博学东楼-502","XF":1,"SKXQ":3,"XNXQDM":"2024-2025-2","KCM":"计算机基础与Python程序设计综合实验B","JASDM":"0202020502","JXLDM":"020202","JXBID":"20242-06310","SKBJ":"工商类2413-14","TYXMDM":null,"KCH":"10121221089"},{"KKDWDM":"012","XS":32,"BYBZ":"0","JSJC":8,"XXXQDM":"02","KXH":"11","KSJC":6,"XKZRS":78,"SKZC":"000011111111111","SKJS":"汪朝霞","ISTK":0,"ZCMC":"5-15周","YPSJDD":"5-15周 星期二 第6节-第8节 南湖南-博学东楼-502","XF":1,"SKXQ":2,"XNXQDM":"2024-2025-2","KCM":"计算机基础与Python程序设计综合实验B","JASDM":"0202020502","JXLDM":"020202","JXBID":"20242-12107","SKBJ":"环科类2401-02","TYXMDM":null,"KCH":"10121221089"},{"KKDWDM":"012","XS":32,"BYBZ":"0","JSJC":8,"XXXQDM":"02","KXH":"13","KSJC":6,"XKZRS":82,"SKZC":"000011111100000000000000000000","SKJS":"张伟","ISTK":0,"ZCMC":"5-10周","YPSJDD":"5-10周 星期一 第6节-第8节 南湖南-博学东楼-502,12-14周 星期一 第6节-第8节 南湖南-博学东楼-502,16-17周 星期一 第6节-第8节 南湖南-博学东楼-502","XF":1,"SKXQ":1,"XNXQDM":"2024-2025-2","KCM":"计算机基础与Python程序设计综合实验B","JASDM":"0202020502","JXLDM":"020202","JXBID":"20242-12109","SKBJ":"环科类2405-06","TYXMDM":null,"KCH":"10121221089"},{"KKDWDM":"012","XS":32,"BYBZ":"0","JSJC":8,"XXXQDM":"02","KXH":"13","KSJC":6,"XKZRS":82,"SKZC":"000000000001110000000000000000","SKJS":"张伟","ISTK":0,"ZCMC":"12-14周","YPSJDD":"5-10周 星期一 第6节-第8节 南湖南-博学东楼-502,12-14周 星期一 第6节-第8节 南湖南-博学东楼-502,16-17周 星期一 第6节-第8节 南湖南-博学东楼-502","XF":1,"SKXQ":1,"XNXQDM":"2024-2025-2","KCM":"计算机基础与Python程序设计综合实验B","JASDM":"0202020502","JXLDM":"020202","JXBID":"20242-12109","SKBJ":"环科类2405-06","TYXMDM":null,"KCH":"10121221089"},{"KKDWDM":"012","XS":32,"BYBZ":"0","JSJC":8,"XXXQDM":"02","KXH":"13","KSJC":6,"XKZRS":82,"SKZC":"000000000000000110000000000000","SKJS":"张伟","ISTK":0,"ZCMC":"16-17周","YPSJDD":"5-10周 星期一 第6节-第8节 南湖南-博学东楼-502,12-14周 星期一 第6节-第8节 南湖南-博学东楼-502,16-17周 星期一 第6节-第8节 南湖南-博学东楼-502","XF":1,"SKXQ":1,"XNXQDM":"2024-2025-2","KCM":"计算机基础与Python程序设计综合实验B","JASDM":"0202020502","JXLDM":"020202","JXBID":"20242-12109","SKBJ":"环科类2405-06","TYXMDM":null,"KCH":"10121221089"}]}},"code":"0"}