{"datas":{"jaskcb":{"extParams":{"code":1,"msg":"查询成功"},"pageSize":0,"pageNumber":0,"totalSize":-1,"rows":[{"KKDWDM":"009","XS":32,"BYBZ":"0","JSJC":4,"XXXQDM":"02","KXH":"01","KSJC":3,"XKZRS":68,"SKZC":"111111111111111100000000","SKJS":"李红兵","ISTK":0,"ZCMC":"1-16周","YPSJDD":"1-16周 星期二 第3节-第4节 南湖南-博学西楼-309","XF":2,"SKXQ":2,"XNXQDM":"2024-2025-2","KCM":"工程项目管理D(全英语课程)","JASDM":"0202030309","JXLDM":"020203","JXBID":"20242-04931","SKBJ":"工程2301-02","TYXMDM":null,"KCH":"10094121055"},{"KKDWDM":"008","XS":56,"BYBZ":"0","JSJC":2,"XXXQDM":"02","KXH":"01","KSJC":1,"XKZRS":53,"SKZC":"111111111111100000000000000000","SKJS":"庄可佳,石绘","ISTK":0,"ZCMC":"1-13周","YPSJDD":"1-13周 星期二 第1节-第2节 南湖南-博学西楼-309,9周 星期日 第3节-第4节 南湖南-博学西楼-107,1-5周,7-9周,11-13周 星期五 第3节-第4节 南湖南-博学西楼-107","XF":3,"SKXQ":2,"XNXQDM":"2024-2025-2","KCM":"机械设计基础","JASDM":"0202030309","JXLDM":"020203","JXBID":"20242-04406","SKBJ":"工业gc2301-02","TYXMDM":null,"KCH":"10087324250"},{"KKDWDM":"017","XS":40,"BYBZ":"0","JSJC":5,"XXXQDM":"02","KXH":"04","KSJC":3,"XKZRS":60,"SKZC":"111111111111000000000000","SKJS":"刘军","ISTK":0,"ZCMC":"1-12周","YPSJDD":"13-14周 星期三 第3节-第4节 南湖南-博学西楼-309,1-12周 星期三 第3节-第5节 南湖南-博学西楼-309","XF":2,"SKXQ":3,"XNXQDM":"2024-2025-2","KCM":"管理心理与行为B","JASDM":"0202030309","JXLDM":"020203","JXBID":"20242-04436","SKBJ":"营销2301-02","TYXMDM":null,"KCH":"10174121117"},{"KKDWDM":"022","XS":48,"BYBZ":"0","JSJC":5,"XXXQDM":"02","KXH":"01","KSJC":3,"XKZRS":26,"SKZC":"111111111100000000000000","SKJS":"刘叶萍,杨洋","ISTK":0,"ZCMC":"1-10周","YPSJDD":"12周 星期一 第3节-第4节 南湖南-博学西楼-309,1-10周 星期一 第3节-第5节 南湖南-博学西楼-309","XF":3,"SKXQ":1,"XNXQDM":"2024-2025-2","KCM":"网络编辑","JASDM":"0202030309","JXLDM":"020203","JXBID":"20242-04718","SKBJ":"新媒体2301-02","TYXMDM":null,"KCH":"10224221149"},{"KKDWDM":"017","XS":32,"BYBZ":"0","JSJC":8,"XXXQDM":"02","KXH":"01","KSJC":6,"XKZRS":23,"SKZC":"111111111100000000000000","SKJS":"徐慧娟,胡浩","ISTK":0,"ZCMC":"1-10周","YPSJDD":"11周 星期二 第6节-第7节 南湖南-博学西楼-309,1-10周 星期二 第6节-第8节 南湖南-博学西楼-309","XF":2,"SKXQ":2,"XNXQDM":"2024-2025-2","KCM":"企业年金与员工福利","JASDM":"0202030309","JXLDM":"020203","JXBID":"20242-02858","SKBJ":"人力2201-02","TYXMDM":null,"KCH":"4170097110"},{"KKDWDM":"003","XS":32,"BYBZ":"0","JSJC":8,"XXXQDM":"02","KXH":"09","KSJC":6,"XKZRS":70,"SKZC":"111111111100000000000000","SKJS":"李秋,李蓓","ISTK":0,"ZCMC":"1-10周","YPSJDD":"11周 星期三 第6节-第7节 南湖南-博学西楼-309,1-10周 星期三 第6节-第8节 南湖南-博学西楼-309","XF":2,"SKXQ":3,"XNXQDM":"2024-2025-2","KCM":"材料概论","JASDM":"0202030309","JXLDM":"020203","JXBID":"20242-11418","SKBJ":"材料类2409-10","TYXMDM":null,"KCH":"10105111044"},{"KKDWDM":"008","XS":40,"BYBZ":"0","JSJC":2,"XXXQDM":"02","KXH":"01","KSJC":1,"XKZRS":53,"SKZC":"111111111100000000000000","SKJS":"李存荣","ISTK":0,"ZCMC":"1-10周","YPSJDD":"1-10周 星期一 第1节-第2节 南湖南-博学西楼-309,1-10周 星期三 第1节-第2节 南湖南-博学西楼-309","XF":2,"SKXQ":3,"XNXQDM":"2024-2025-2","KCM":"统计质量控制","JASDM":"0202030309","JXLDM":"020203","JXBID":"20242-04639","SKBJ":"工业gc2301-02","TYXMDM":null,"KCH":"10084121067"},{"KKDWDM":"008","XS":40,"BYBZ":"0","JSJC":2,"XXXQDM":"02","KXH":"01","KSJC":1,"XKZRS":53,"SKZC":"111111111100000000000000","SKJS":"李存荣","ISTK":0,"ZCMC":"1-10周","YPSJDD":"1-10周 星期一 第1节-第2节 南湖南-博学西楼-309,1-10周 星期三 第1节-第2节 南湖南-博学西楼-309","XF":2,"SKXQ":1,"XNXQDM":"2024-2025-2","KCM":"统计质量控制","JASDM":"0202030309","JXLDM":"020203","JXBID":"20242-04639","SKBJ":"工业gc2301-02","TYXMDM":null,"KCH":"10084121067"},{"KKDWDM":"007","XS":48,"BYBZ":"0","JSJC":5,"XXXQDM":"02","KXH":"01","KSJC":3,"XKZRS":75,"SKZC":"111111111000000000000000000000","SKJS":"Chalati Siwapimon,徐琳,方志刚,杨灿,田林雳","ISTK":0,"ZCMC":"1-9周","YPSJDD":"11-17周 星期四 第3节-第5节 南湖南-博学西楼-309,1-9周 星期四 第3节-第5节 南湖南-博学西楼-309","XF":3,"SKXQ":4,"XNXQDM":"2024-2025-2","KCM":"现代汽车工程学1 ▲","JASDM":"0202030309","JXLDM":"020203","JXBID":"20242-12744","SKBJ":"车辆gj2301-02","TYXMDM":null,"KCH":"10074124162"},{"KKDWDM":"022","XS":32,"BYBZ":"0","JSJC":5,"XXXQDM":"02","KXH":"01","KSJC":3,"XKZRS":77,"SKZC":"111110111010000000000000","SKJS":"吴振东","ISTK":0,"ZCMC":"1-5周,7-9周,11周","YPSJDD":"12周 星期五 第3节-第4节 南湖南-博学西楼-309,1-5周,7-9周,11周 星期五 第3节-第5节 南湖南-博学西楼-309,9周 星期日 第3节-第5节 南湖南-博学西楼-309","XF":2,"SKXQ":5,"XNXQDM":"2024-2025-2","KCM":"公益创业","JASDM":"0202030309","JXLDM":"020203","JXBID":"20242-03033","SKBJ":"社工2201-02","TYXMDM":null,"KCH":"10225121053"},{"KKDWDM":"007","XS":24,"BYBZ":"0","JSJC":8,"XXXQDM":"02","KXH":"03","KSJC":6,"XKZRS":65,"SKZC":"000000001100000000000000000000","SKJS":"谢乐春","ISTK":0,"ZCMC":"9-10周","YPSJDD":"16-17周 星期一 第6节-第8节 南湖南-博学西楼-309,17周 星期二 第6节-第8节 南湖南-博学西楼-309,9-10周 星期一 第6节-第8节 南湖南-博学西楼-309,12-14周 星期一 第6节-第8节 南湖南-博学西楼-309","XF":1,"SKXQ":1,"XNXQDM":"2024-2025-2","KCM":"机械制造基础","JASDM":"0202030309","JXLDM":"020203","JXBID":"20242-11391","SKBJ":"车辆2301-02","TYXMDM":null,"KCH":"10074117101"},{"KKDWDM":"022","XS":32,"BYBZ":"0","JSJC":5,"XXXQDM":"02","KXH":"01","KSJC":3,"XKZRS":77,"SKZC":"000000001000000000000000","SKJS":"吴振东","ISTK":0,"ZCMC":"9周","YPSJDD":"12周 星期五 第3节-第4节 南湖南-博学西楼-309,1-5周,7-9周,11周 星期五 第3节-第5节 南湖南-博学西楼-309,9周 星期日 第3节-第5节 南湖南-博学西楼-309","XF":2,"SKXQ":7,"XNXQDM":"2024-2025-2","KCM":"公益创业","JASDM":"0202030309","JXLDM":"020203","JXBID":"20242-03033","SKBJ":"社工2201-02","TYXMDM":null,"KCH":"10225121053"},{"KKDWDM":"007","XS":48,"BYBZ":"0","JSJC":5,"XXXQDM":"02","KXH":"01","KSJC":3,"XKZRS":75,"SKZC":"000000000011111110000000000000","SKJS":"Chalati Siwapimon,徐琳,方志刚,杨灿,田林雳","ISTK":0,"ZCMC":"11-17周","YPSJDD":"11-17周 星期四 第3节-第5节 南湖南-博学西楼-309,1-9周 星期四 第3节-第5节 南湖南-博学西楼-309","XF":3,"SKXQ":4,"XNXQDM":"2024-2025-2","KCM":"现代汽车工程学1 ▲","JASDM":"0202030309","JXLDM":"020203","JXBID":"20242-12744","SKBJ":"车辆gj2301-02","TYXMDM":null,"KCH":"10074124162"},{"KKDWDM":"003","XS":32,"BYBZ":"0","JSJC":7,"XXXQDM":"02","KXH":"09","KSJC":6,"XKZRS":70,"SKZC":"000000000010000000000000","SKJS":"李秋,李蓓","ISTK":0,"ZCMC":"11周","YPSJDD":"11周 星期三 第6节-第7节 南湖南-博学西楼-309,1-10周 星期三 第6节-第8节 南湖南-博学西楼-309","XF":2,"SKXQ":3,"XNXQDM":"2024-2025-2","KCM":"材料概论","JASDM":"0202030309","JXLDM":"020203","JXBID":"20242-11418","SKBJ":"材料类2409-10","TYXMDM":null,"KCH":"10105111044"},{"KKDWDM":"017","XS":32,"BYBZ":"0","JSJC":7,"XXXQDM":"02","KXH":"01","KSJC":6,"XKZRS":23,"SKZC":"000000000010000000000000","SKJS":"徐慧娟,胡浩","ISTK":0,"ZCMC":"11周","YPSJDD":"11周 星期二 第6节-第7节 南湖南-博学西楼-309,1-10周 星期二 第6节-第8节 南湖南-博学西楼-309","XF":2,"SKXQ":2,"XNXQDM":"2024-2025-2","KCM":"企业年金与员工福利","JASDM":"0202030309","JXLDM":"020203","JXBID":"20242-02858","SKBJ":"人力2201-02","TYXMDM":null,"KCH":"4170097110"},{"KKDWDM":"007","XS":24,"BYBZ":"0","JSJC":8,"XXXQDM":"02","KXH":"03","KSJC":6,"XKZRS":65,"SKZC":"000000000001110000000000000000","SKJS":"谢乐春","ISTK":0,"ZCMC":"12-14周","YPSJDD":"16-17周 星期一 第6节-第8节 南湖南-博学西楼-309,17周 星期二 第6节-第8节 南湖南-博学西楼-309,9-10周 星期一 第6节-第8节 南湖南-博学西楼-309,12-14周 星期一 第6节-第8节 南湖南-博学西楼-309","XF":1,"SKXQ":1,"XNXQDM":"2024-2025-2","KCM":"机械制造基础","JASDM":"0202030309","JXLDM":"020203","JXBID":"20242-11391","SKBJ":"车辆2301-02","TYXMDM":null,"KCH":"10074117101"},{"KKDWDM":"022","XS":32,"BYBZ":"0","JSJC":4,"XXXQDM":"02","KXH":"01","KSJC":3,"XKZRS":77,"SKZC":"000000000001000000000000","SKJS":"吴振东","ISTK":0,"ZCMC":"12周","YPSJDD":"12周 星期五 第3节-第4节 南湖南-博学西楼-309,1-5周,7-9周,11周 星期五 第3节-第5节 南湖南-博学西楼-309,9周 星期日 第3节-第5节 南湖南-博学西楼-309","XF":2,"SKXQ":5,"XNXQDM":"2024-2025-2","KCM":"公益创业","JASDM":"0202030309","JXLDM":"020203","JXBID":"20242-03033","SKBJ":"社工2201-02","TYXMDM":null,"KCH":"10225121053"},{"KKDWDM":"022","XS":48,"BYBZ":"0","JSJC":4,"XXXQDM":"02","KXH":"01","KSJC":3,"XKZRS":26,"SKZC":"000000000001000000000000","SKJS":"刘叶萍,杨洋","ISTK":0,"ZCMC":"12周","YPSJDD":"12周 星期一 第3节-第4节 南湖南-博学西楼-309,1-10周 星期一 第3节-第5节 南湖南-博学西楼-309","XF":3,"SKXQ":1,"XNXQDM":"2024-2025-2","KCM":"网络编辑","JASDM":"0202030309","JXLDM":"020203","JXBID":"20242-04718","SKBJ":"新媒体2301-02","TYXMDM":null,"KCH":"10224221149"},{"KKDWDM":"017","XS":40,"BYBZ":"0","JSJC":4,"XXXQDM":"02","KXH":"04","KSJC":3,"XKZRS":60,"SKZC":"000000000000110000000000","SKJS":"刘军","ISTK":0,"ZCMC":"13-14周","YPSJDD":"13-14周 星期三 第3节-第4节 南湖南-博学西楼-309,1-12周 星期三 第3节-第5节 南湖南-博学西楼-309","XF":2,"SKXQ":3,"XNXQDM":"2024-2025-2","KCM":"管理心理与行为B","JASDM":"0202030309","JXLDM":"020203","JXBID":"20242-04436","SKBJ":"营销2301-02","TYXMDM":null,"KCH":"10174121117"},{"KKDWDM":"007","XS":24,"BYBZ":"0","JSJC":8,"XXXQDM":"02","KXH":"03","KSJC":6,"XKZRS":65,"SKZC":"000000000000000110000000000000","SKJS":"谢乐春","ISTK":0,"ZCMC":"16-17周","YPSJDD":"16-17周 星期一 第6节-第8节 南湖南-博学西楼-309,17周 星期二 第6节-第8节 南湖南-博学西楼-309,9-10周 星期一 第6节-第8节 南湖南-博学西楼-309,12-14周 星期一 第6节-第8节 南湖南-博学西楼-309","XF":1,"SKXQ":1,"XNXQDM":"2024-2025-2","KCM":"机械制造基础","JASDM":"0202030309","JXLDM":"020203","JXBID":"20242-11391","SKBJ":"车辆2301-02","TYXMDM":null,"KCH":"10074117101"},{"KKDWDM":"007","XS":24,"BYBZ":"0","JSJC":8,"XXXQDM":"02","KXH":"03","KSJC":6,"XKZRS":65,"SKZC":"000000000000000010000000000000","SKJS":"谢乐春","ISTK":0,"ZCMC":"17周","YPSJDD":"16-17周 星期一 第6节-第8节 南湖南-博学西楼-309,17周 星期二 第6节-第8节 南湖南-博学西楼-309,9-10周 星期一 第6节-第8节 南湖南-博学西楼-309,12-14周 星期一 第6节-第8节 南湖南-博学西楼-309","XF":1,"SKXQ":2,"XNXQDM":"2024-2025-2","KCM":"机械制造基础","JASDM":"0202030309","JXLDM":"020203","JXBID":"20242-11391","SKBJ":"车辆2301-02","TYXMDM":null,"KCH":"10074117101"}]}},"code":"0"}