{"datas":{"jaskcb":{"extParams":{"code":1,"msg":"查询成功"},"pageSize":0,"pageNumber":0,"totalSize":-1,"rows":[{"KKDWDM":"021","XS":48,"BYBZ":"0","JSJC":8,"XXXQDM":"02","KXH":"27","KSJC":6,"XKZRS":92,"SKZC":"111111111111110000000000000000","SKJS":"吴冬","ISTK":0,"ZCMC":"1-14周","YPSJDD":"1-14周 星期二 第6节-第8节 南湖南-博学东楼-203","XF":3,"SKXQ":2,"XNXQDM":"2024-2025-2","KCM":"思想道德与法治","JASDM":"0202020203","JXLDM":"020202","JXBID":"20242-11817","SKBJ":"新闻类2401-03","TYXMDM":null,"KCH":"10211124001"},{"KKDWDM":"021","XS":48,"BYBZ":"0","JSJC":8,"XXXQDM":"02","KXH":"39","KSJC":6,"XKZRS":109,"SKZC":"111111111111110000000000","SKJS":"王石径","ISTK":0,"ZCMC":"1-14周","YPSJDD":"1-14周 星期三 第6节-第8节 南湖南-博学东楼-203","XF":3,"SKXQ":3,"XNXQDM":"2024-2025-2","KCM":"思想道德与法治","JASDM":"0202020203","JXLDM":"020202","JXBID":"20242-11829","SKBJ":"计算机类2401-03","TYXMDM":null,"KCH":"10211124001"},{"KKDWDM":"021","XS":48,"BYBZ":"0","JSJC":5,"XXXQDM":"02","KXH":"18","KSJC":3,"XKZRS":103,"SKZC":"11111111111111000000","SKJS":"许春涛","ISTK":0,"ZCMC":"1-14周","YPSJDD":"1-14周 星期二 第3节-第5节 南湖南-博学东楼-203","XF":3,"SKXQ":2,"XNXQDM":"2024-2025-2","KCM":"中国近现代史纲要","JASDM":"0202020203","JXLDM":"020202","JXBID":"20242-11864","SKBJ":"材料类2404-06","TYXMDM":null,"KCH":"10211124005"},{"KKDWDM":"021","XS":42,"BYBZ":"0","JSJC":5,"XXXQDM":"02","KXH":"09","KSJC":3,"XKZRS":109,"SKZC":"11111111111111","SKJS":"郑伟","ISTK":0,"ZCMC":"1-14周","YPSJDD":"1-14周 星期三 第3节-第5节 南湖南-博学东楼-203","XF":2,"SKXQ":3,"XNXQDM":"2024-2025-2","KCM":"马克思主义基本原理","JASDM":"0202020203","JXLDM":"020202","JXBID":"20242-04928","SKBJ":"广告2301-02,新媒体2301-02","TYXMDM":null,"KCH":"10211117035"},{"KKDWDM":"010","XS":48,"BYBZ":"0","JSJC":2,"XXXQDM":"02","KXH":"01","KSJC":1,"XKZRS":104,"SKZC":"111111111111000000000000","SKJS":"姜良存,郭圆","ISTK":0,"ZCMC":"1-12周","YPSJDD":"1-12周 星期三 第1节-第2节 南湖南-博学东楼-203","XF":3,"SKXQ":3,"XNXQDM":"2024-2025-2","KCM":"GIS算法与数据结构B","JASDM":"0202020203","JXLDM":"020202","JXBID":"20242-04353","SKBJ":"地信2301-03","TYXMDM":null,"KCH":"10104117055"},{"KKDWDM":"016","XS":40,"BYBZ":"0","JSJC":5,"XXXQDM":"02","KXH":"03","KSJC":3,"XKZRS":116,"SKZC":"111111111101100000000000","SKJS":"马培艳","ISTK":0,"ZCMC":"1-10周,12-13周","YPSJDD":"14-16周(双) 星期一 第3节-第4节 南湖南-博学东楼-203,1-10周,12-13周 星期一 第3节-第5节 南湖南-博学东楼-203","XF":2,"SKXQ":1,"XNXQDM":"2024-2025-2","KCM":"普通化学B","JASDM":"0202020203","JXLDM":"020202","JXBID":"20242-10234","SKBJ":"土木类2401-04","TYXMDM":null,"KCH":"10163117122"},{"KKDWDM":"038","XS":32,"BYBZ":"0","JSJC":10,"XXXQDM":"02","KXH":"19","KSJC":9,"XKZRS":140,"SKZC":"111111111100000000000000000000","SKJS":"李松竹","ISTK":0,"ZCMC":"1-10周","YPSJDD":"17周 星期二 第9节-第10节 南湖南-博学东楼-203,12-14周 星期一 第9节-第10节 南湖南-博学东楼-203,16-17周 星期一 第9节-第10节 南湖南-博学东楼-203,1-10周 星期一 第9节-第10节 南湖南-博学东楼-203","XF":2,"SKXQ":1,"XNXQDM":"2024-2025-2","KCM":"军事理论","JASDM":"0202020203","JXLDM":"020202","JXBID":"20242-11958","SKBJ":"生科类2401-03,自动化类2413-14","TYXMDM":null,"KCH":"10381121001"},{"KKDWDM":"017","XS":32,"BYBZ":"0","JSJC":2,"XXXQDM":"02","KXH":"01","KSJC":1,"XKZRS":29,"SKZC":"111111111100000000000000000000","SKJS":"彭璐","ISTK":0,"ZCMC":"1-10周","YPSJDD":"1-10周 星期一 第1节-第2节 南湖南-博学东楼-203,17周 星期二 第1节-第2节 南湖南-博学东楼-203,16-17周 星期一 第1节-第2节 南湖南-博学东楼-203,12-14周 星期一 第1节-第2节 南湖南-博学东楼-203","XF":2,"SKXQ":1,"XNXQDM":"2024-2025-2","KCM":"运营管理","JASDM":"0202020203","JXLDM":"020202","JXBID":"20242-04885","SKBJ":"信管2301-03","TYXMDM":null,"KCH":"10175121023"},{"KKDWDM":"012","XS":32,"BYBZ":"0","JSJC":13,"XXXQDM":"02","KXH":"01","KSJC":11,"XKZRS":140,"SKZC":"111111111100000000000000","SKJS":"库少平","ISTK":0,"ZCMC":"1-10周","YPSJDD":"12周 星期一 第11节-第12节 南湖南-博学东楼-203,1-10周 星期一 第11节-第13节 南湖南-博学东楼-203","XF":2,"SKXQ":1,"XNXQDM":"2024-2025-2","KCM":"计算机组装、维护与局域网组网技术","JASDM":"0202020203","JXLDM":"020202","JXBID":"20242-07806","SKBJ":"公选-07806","TYXMDM":null,"KCH":"10126121185"},{"KKDWDM":"044","XS":32,"BYBZ":"0","JSJC":13,"XXXQDM":"02","KXH":"01","KSJC":11,"XKZRS":139,"SKZC":"111111111100000000000000","SKJS":"李小贝","ISTK":0,"ZCMC":"1-10周","YPSJDD":"11周 星期三 第11节-第12节 南湖南-博学东楼-203,1-10周 星期三 第11节-第13节 南湖南-博学东楼-203","XF":2,"SKXQ":3,"XNXQDM":"2024-2025-2","KCM":"舞蹈鉴赏(GX)","JASDM":"0202020203","JXLDM":"020202","JXBID":"20242-09138","SKBJ":"公选-09138","TYXMDM":null,"KCH":"10442121063"},{"KKDWDM":"016","XS":32,"BYBZ":"0","JSJC":13,"XXXQDM":"02","KXH":"01","KSJC":11,"XKZRS":140,"SKZC":"111111111100000000000000","SKJS":"李静","ISTK":0,"ZCMC":"1-10周","YPSJDD":"11周 星期二 第11节-第12节 南湖南-博学东楼-203,1-10周 星期二 第11节-第13节 南湖南-博学东楼-203","XF":2,"SKXQ":2,"XNXQDM":"2024-2025-2","KCM":"植物与生活(GX)","JASDM":"0202020203","JXLDM":"020202","JXBID":"20242-08131","SKBJ":"公选-08131","TYXMDM":null,"KCH":"10162121082"},{"KKDWDM":"044","XS":32,"BYBZ":"0","JSJC":13,"XXXQDM":"02","KXH":"01","KSJC":11,"XKZRS":140,"SKZC":"111111111010000000000000","SKJS":"何慧,朱梅梵,李小贝,王晓棠,魏清","ISTK":0,"ZCMC":"1-9周,11周","YPSJDD":"12周 星期四 第11节-第12节 南湖南-博学东楼-203,1-9周,11周 星期四 第11节-第13节 南湖南-博学东楼-203","XF":2,"SKXQ":4,"XNXQDM":"2024-2025-2","KCM":"中国民族民间音乐赏析(GX)","JASDM":"0202020203","JXLDM":"020202","JXBID":"20242-09062","SKBJ":"公选-09062","TYXMDM":null,"KCH":"10442121047"},{"KKDWDM":"013","XS":48,"BYBZ":"0","JSJC":5,"XXXQDM":"02","KXH":"01","KSJC":3,"XKZRS":139,"SKZC":"111111111000000000000000000000","SKJS":"石道生","ISTK":0,"ZCMC":"1-9周","YPSJDD":"1-9周 星期四 第3节-第5节 南湖南-博学东楼-203,11-17周 星期四 第3节-第5节 南湖南-博学东楼-203","XF":3,"SKXQ":4,"XNXQDM":"2024-2025-2","KCM":"电工与电子技术基础D","JASDM":"0202020203","JXLDM":"020202","JXBID":"20242-04333","SKBJ":"建环2301-02,材物2301,环工2301-02,生物制药2301,矿物zy2301-02,给排水2301-02","TYXMDM":null,"KCH":"10133117036"},{"KKDWDM":"017","XS":32,"BYBZ":"0","JSJC":2,"XXXQDM":"02","KXH":"05","KSJC":1,"XKZRS":99,"SKZC":"111111111000000000000000000000","SKJS":"王宇","ISTK":0,"ZCMC":"1-9周","YPSJDD":"1-9周 星期四 第1节-第2节 南湖南-博学东楼-203,11-17周 星期四 第1节-第2节 南湖南-博学东楼-203","XF":2,"SKXQ":4,"XNXQDM":"2024-2025-2","KCM":"市场营销学","JASDM":"0202020203","JXLDM":"020202","JXBID":"20242-10718","SKBJ":"工商类2410-12","TYXMDM":null,"KCH":"10173124428"},{"KKDWDM":"010","XS":48,"BYBZ":"0","JSJC":8,"XXXQDM":"02","KXH":"01","KSJC":6,"XKZRS":98,"SKZC":"111111000000000000000000","SKJS":"董恒","ISTK":0,"ZCMC":"1-6周","YPSJDD":"7-8周 星期一 第6节-第7节 南湖南-博学东楼-203,1-6周 星期一 第6节-第8节 南湖南-博学东楼-203","XF":3,"SKXQ":1,"XNXQDM":"2024-2025-2","KCM":"卫星导航定位原理与应用","JASDM":"0202020203","JXLDM":"020202","JXBID":"20242-06137","SKBJ":"地信2401-03","TYXMDM":null,"KCH":"10104121038"},{"KKDWDM":"021","XS":48,"BYBZ":"0","JSJC":8,"XXXQDM":"02","KXH":"44","KSJC":6,"XKZRS":72,"SKZC":"111110000000000000000000000000","SKJS":"杨积少","ISTK":0,"ZCMC":"1-5周","YPSJDD":"9周 星期日 第6节-第8节 南湖南-博学东楼-203,11-15周 星期五 第6节-第8节 南湖南-博学东楼-203,1-5周 星期五 第6节-第8节 南湖南-博学东楼-203,7-9周 星期五 第6节-第8节 南湖南-博学东楼-203","XF":3,"SKXQ":5,"XNXQDM":"2024-2025-2","KCM":"中国近现代史纲要","JASDM":"0202020203","JXLDM":"020202","JXBID":"20242-11858","SKBJ":"机电类2413-15","TYXMDM":null,"KCH":"10211124005"},{"KKDWDM":"072","XS":16,"BYBZ":"0","JSJC":4,"XXXQDM":"02","KXH":"02","KSJC":3,"XKZRS":112,"SKZC":"111110000000000000000000000000","SKJS":"刘立胜,李国栋","ISTK":0,"ZCMC":"1-5周","YPSJDD":"9周 星期日 第3节-第4节 南湖南-博学东楼-203,7-8周 星期五 第3节-第4节 南湖南-博学东楼-203,1-5周 星期五 第3节-第4节 南湖南-博学东楼-203","XF":1,"SKXQ":5,"XNXQDM":"2024-2025-2","KCM":"专业导论","JASDM":"0202020203","JXLDM":"020202","JXBID":"20242-10898","SKBJ":"数学类2407-09","TYXMDM":null,"KCH":"10154113022"},{"KKDWDM":"012","XS":32,"BYBZ":"0","JSJC":2,"XXXQDM":"02","KXH":"01","KSJC":1,"XKZRS":135,"SKZC":"011110111011110000000000000000","SKJS":"邱奇志,高曙","ISTK":0,"ZCMC":"2-5周,7-9周,11-14周","YPSJDD":"9周 星期日 第1节-第2节 南湖南-博学东楼-203,1周 星期五 第1节-第2节 南湖南-博学西楼-201,2-5周,7-9周,11-14周 星期五 第1节-第2节 南湖南-博学东楼-203","XF":2,"SKXQ":5,"XNXQDM":"2024-2025-2","KCM":"算法设计与分析B","JASDM":"0202020203","JXLDM":"020202","JXBID":"20242-04427","SKBJ":"计算机2304,计算机zy2301-02","TYXMDM":null,"KCH":"10125117001"},{"KKDWDM":"021","XS":48,"BYBZ":"0","JSJC":8,"XXXQDM":"02","KXH":"44","KSJC":6,"XKZRS":72,"SKZC":"000000111000000000000000000000","SKJS":"杨积少","ISTK":0,"ZCMC":"7-9周","YPSJDD":"9周 星期日 第6节-第8节 南湖南-博学东楼-203,11-15周 星期五 第6节-第8节 南湖南-博学东楼-203,1-5周 星期五 第6节-第8节 南湖南-博学东楼-203,7-9周 星期五 第6节-第8节 南湖南-博学东楼-203","XF":3,"SKXQ":5,"XNXQDM":"2024-2025-2","KCM":"中国近现代史纲要","JASDM":"0202020203","JXLDM":"020202","JXBID":"20242-11858","SKBJ":"机电类2413-15","TYXMDM":null,"KCH":"10211124005"},{"KKDWDM":"072","XS":16,"BYBZ":"0","JSJC":4,"XXXQDM":"02","KXH":"02","KSJC":3,"XKZRS":112,"SKZC":"000000110000000000000000000000","SKJS":"刘立胜,李国栋","ISTK":0,"ZCMC":"7-8周","YPSJDD":"9周 星期日 第3节-第4节 南湖南-博学东楼-203,7-8周 星期五 第3节-第4节 南湖南-博学东楼-203,1-5周 星期五 第3节-第4节 南湖南-博学东楼-203","XF":1,"SKXQ":5,"XNXQDM":"2024-2025-2","KCM":"专业导论","JASDM":"0202020203","JXLDM":"020202","JXBID":"20242-10898","SKBJ":"数学类2407-09","TYXMDM":null,"KCH":"10154113022"},{"KKDWDM":"010","XS":48,"BYBZ":"0","JSJC":7,"XXXQDM":"02","KXH":"01","KSJC":6,"XKZRS":98,"SKZC":"000000110000000000000000","SKJS":"董恒","ISTK":0,"ZCMC":"7-8周","YPSJDD":"7-8周 星期一 第6节-第7节 南湖南-博学东楼-203,1-6周 星期一 第6节-第8节 南湖南-博学东楼-203","XF":3,"SKXQ":1,"XNXQDM":"2024-2025-2","KCM":"卫星导航定位原理与应用","JASDM":"0202020203","JXLDM":"020202","JXBID":"20242-06137","SKBJ":"地信2401-03","TYXMDM":null,"KCH":"10104121038"},{"KKDWDM":"021","XS":8,"BYBZ":"0","JSJC":7,"XXXQDM":"02","KXH":"560","KSJC":6,"XKZRS":135,"SKZC":"000000011011000000000000","SKJS":"张虎","ISTK":0,"ZCMC":"8-9周,11-12周","YPSJDD":"8-9周,11-12周 星期四 第6节-第7节 南湖南-博学东楼-203","XF":0,"SKXQ":4,"XNXQDM":"2024-2025-2","KCM":"形势与政策","JASDM":"0202020203","JXLDM":"020202","JXBID":"20242-14151","SKBJ":null,"TYXMDM":null,"KCH":"10218121092"},{"KKDWDM":"072","XS":16,"BYBZ":"0","JSJC":4,"XXXQDM":"02","KXH":"02","KSJC":3,"XKZRS":112,"SKZC":"000000001000000000000000000000","SKJS":"刘立胜,李国栋","ISTK":0,"ZCMC":"9周","YPSJDD":"9周 星期日 第3节-第4节 南湖南-博学东楼-203,7-8周 星期五 第3节-第4节 南湖南-博学东楼-203,1-5周 星期五 第3节-第4节 南湖南-博学东楼-203","XF":1,"SKXQ":7,"XNXQDM":"2024-2025-2","KCM":"专业导论","JASDM":"0202020203","JXLDM":"020202","JXBID":"20242-10898","SKBJ":"数学类2407-09","TYXMDM":null,"KCH":"10154113022"},{"KKDWDM":"009","XS":24,"BYBZ":"0","JSJC":5,"XXXQDM":"02","KXH":"01","KSJC":3,"XKZRS":44,"SKZC":"000000001000000000000000000000","SKJS":"桑稳姣","ISTK":0,"ZCMC":"9周","YPSJDD":"9周 星期五 第3节-第5节 南湖南-博学东楼-203,11-16周 星期五 第3节-第5节 南湖南-博学东楼-203,17周 星期三 第3节-第5节 南湖南-博学东楼-203","XF":1,"SKXQ":5,"XNXQDM":"2024-2025-2","KCM":"工业废水处理技术","JASDM":"0202020203","JXLDM":"020202","JXBID":"20242-03800","SKBJ":"给排水2201","TYXMDM":null,"KCH":"10165111011"},{"KKDWDM":"012","XS":32,"BYBZ":"0","JSJC":2,"XXXQDM":"02","KXH":"01","KSJC":1,"XKZRS":135,"SKZC":"000000001000000000000000000000","SKJS":"邱奇志,高曙","ISTK":0,"ZCMC":"9周","YPSJDD":"9周 星期日 第1节-第2节 南湖南-博学东楼-203,1周 星期五 第1节-第2节 南湖南-博学西楼-201,2-5周,7-9周,11-14周 星期五 第1节-第2节 南湖南-博学东楼-203","XF":2,"SKXQ":7,"XNXQDM":"2024-2025-2","KCM":"算法设计与分析B","JASDM":"0202020203","JXLDM":"020202","JXBID":"20242-04427","SKBJ":"计算机2304,计算机zy2301-02","TYXMDM":null,"KCH":"10125117001"},{"KKDWDM":"021","XS":48,"BYBZ":"0","JSJC":8,"XXXQDM":"02","KXH":"44","KSJC":6,"XKZRS":72,"SKZC":"000000001000000000000000000000","SKJS":"杨积少","ISTK":0,"ZCMC":"9周","YPSJDD":"9周 星期日 第6节-第8节 南湖南-博学东楼-203,11-15周 星期五 第6节-第8节 南湖南-博学东楼-203,1-5周 星期五 第6节-第8节 南湖南-博学东楼-203,7-9周 星期五 第6节-第8节 南湖南-博学东楼-203","XF":3,"SKXQ":7,"XNXQDM":"2024-2025-2","KCM":"中国近现代史纲要","JASDM":"0202020203","JXLDM":"020202","JXBID":"20242-11858","SKBJ":"机电类2413-15","TYXMDM":null,"KCH":"10211124005"},{"KKDWDM":"013","XS":48,"BYBZ":"0","JSJC":5,"XXXQDM":"02","KXH":"01","KSJC":3,"XKZRS":139,"SKZC":"000000000011111110000000000000","SKJS":"石道生","ISTK":0,"ZCMC":"11-17周","YPSJDD":"1-9周 星期四 第3节-第5节 南湖南-博学东楼-203,11-17周 星期四 第3节-第5节 南湖南-博学东楼-203","XF":3,"SKXQ":4,"XNXQDM":"2024-2025-2","KCM":"电工与电子技术基础D","JASDM":"0202020203","JXLDM":"020202","JXBID":"20242-04333","SKBJ":"建环2301-02,材物2301,环工2301-02,生物制药2301,矿物zy2301-02,给排水2301-02","TYXMDM":null,"KCH":"10133117036"},{"KKDWDM":"017","XS":32,"BYBZ":"0","JSJC":2,"XXXQDM":"02","KXH":"05","KSJC":1,"XKZRS":99,"SKZC":"000000000011111110000000000000","SKJS":"王宇","ISTK":0,"ZCMC":"11-17周","YPSJDD":"1-9周 星期四 第1节-第2节 南湖南-博学东楼-203,11-17周 星期四 第1节-第2节 南湖南-博学东楼-203","XF":2,"SKXQ":4,"XNXQDM":"2024-2025-2","KCM":"市场营销学","JASDM":"0202020203","JXLDM":"020202","JXBID":"20242-10718","SKBJ":"工商类2410-12","TYXMDM":null,"KCH":"10173124428"},{"KKDWDM":"009","XS":24,"BYBZ":"0","JSJC":5,"XXXQDM":"02","KXH":"01","KSJC":3,"XKZRS":44,"SKZC":"000000000011111100000000000000","SKJS":"桑稳姣","ISTK":0,"ZCMC":"11-16周","YPSJDD":"9周 星期五 第3节-第5节 南湖南-博学东楼-203,11-16周 星期五 第3节-第5节 南湖南-博学东楼-203,17周 星期三 第3节-第5节 南湖南-博学东楼-203","XF":1,"SKXQ":5,"XNXQDM":"2024-2025-2","KCM":"工业废水处理技术","JASDM":"0202020203","JXLDM":"020202","JXBID":"20242-03800","SKBJ":"给排水2201","TYXMDM":null,"KCH":"10165111011"},{"KKDWDM":"021","XS":48,"BYBZ":"0","JSJC":8,"XXXQDM":"02","KXH":"44","KSJC":6,"XKZRS":72,"SKZC":"000000000011111000000000000000","SKJS":"杨积少","ISTK":0,"ZCMC":"11-15周","YPSJDD":"9周 星期日 第6节-第8节 南湖南-博学东楼-203,11-15周 星期五 第6节-第8节 南湖南-博学东楼-203,1-5周 星期五 第6节-第8节 南湖南-博学东楼-203,7-9周 星期五 第6节-第8节 南湖南-博学东楼-203","XF":3,"SKXQ":5,"XNXQDM":"2024-2025-2","KCM":"中国近现代史纲要","JASDM":"0202020203","JXLDM":"020202","JXBID":"20242-11858","SKBJ":"机电类2413-15","TYXMDM":null,"KCH":"10211124005"},{"KKDWDM":"016","XS":32,"BYBZ":"0","JSJC":12,"XXXQDM":"02","KXH":"01","KSJC":11,"XKZRS":140,"SKZC":"000000000010000000000000","SKJS":"李静","ISTK":0,"ZCMC":"11周","YPSJDD":"11周 星期二 第11节-第12节 南湖南-博学东楼-203,1-10周 星期二 第11节-第13节 南湖南-博学东楼-203","XF":2,"SKXQ":2,"XNXQDM":"2024-2025-2","KCM":"植物与生活(GX)","JASDM":"0202020203","JXLDM":"020202","JXBID":"20242-08131","SKBJ":"公选-08131","TYXMDM":null,"KCH":"10162121082"},{"KKDWDM":"044","XS":32,"BYBZ":"0","JSJC":12,"XXXQDM":"02","KXH":"01","KSJC":11,"XKZRS":139,"SKZC":"000000000010000000000000","SKJS":"李小贝","ISTK":0,"ZCMC":"11周","YPSJDD":"11周 星期三 第11节-第12节 南湖南-博学东楼-203,1-10周 星期三 第11节-第13节 南湖南-博学东楼-203","XF":2,"SKXQ":3,"XNXQDM":"2024-2025-2","KCM":"舞蹈鉴赏(GX)","JASDM":"0202020203","JXLDM":"020202","JXBID":"20242-09138","SKBJ":"公选-09138","TYXMDM":null,"KCH":"10442121063"},{"KKDWDM":"038","XS":32,"BYBZ":"0","JSJC":10,"XXXQDM":"02","KXH":"19","KSJC":9,"XKZRS":140,"SKZC":"000000000001110000000000000000","SKJS":"李松竹","ISTK":0,"ZCMC":"12-14周","YPSJDD":"17周 星期二 第9节-第10节 南湖南-博学东楼-203,12-14周 星期一 第9节-第10节 南湖南-博学东楼-203,16-17周 星期一 第9节-第10节 南湖南-博学东楼-203,1-10周 星期一 第9节-第10节 南湖南-博学东楼-203","XF":2,"SKXQ":1,"XNXQDM":"2024-2025-2","KCM":"军事理论","JASDM":"0202020203","JXLDM":"020202","JXBID":"20242-11958","SKBJ":"生科类2401-03,自动化类2413-14","TYXMDM":null,"KCH":"10381121001"},{"KKDWDM":"017","XS":32,"BYBZ":"0","JSJC":2,"XXXQDM":"02","KXH":"01","KSJC":1,"XKZRS":29,"SKZC":"000000000001110000000000000000","SKJS":"彭璐","ISTK":0,"ZCMC":"12-14周","YPSJDD":"1-10周 星期一 第1节-第2节 南湖南-博学东楼-203,17周 星期二 第1节-第2节 南湖南-博学东楼-203,16-17周 星期一 第1节-第2节 南湖南-博学东楼-203,12-14周 星期一 第1节-第2节 南湖南-博学东楼-203","XF":2,"SKXQ":1,"XNXQDM":"2024-2025-2","KCM":"运营管理","JASDM":"0202020203","JXLDM":"020202","JXBID":"20242-04885","SKBJ":"信管2301-03","TYXMDM":null,"KCH":"10175121023"},{"KKDWDM":"044","XS":32,"BYBZ":"0","JSJC":12,"XXXQDM":"02","KXH":"01","KSJC":11,"XKZRS":140,"SKZC":"000000000001000000000000","SKJS":"何慧,朱梅梵,李小贝,王晓棠,魏清","ISTK":0,"ZCMC":"12周","YPSJDD":"12周 星期四 第11节-第12节 南湖南-博学东楼-203,1-9周,11周 星期四 第11节-第13节 南湖南-博学东楼-203","XF":2,"SKXQ":4,"XNXQDM":"2024-2025-2","KCM":"中国民族民间音乐赏析(GX)","JASDM":"0202020203","JXLDM":"020202","JXBID":"20242-09062","SKBJ":"公选-09062","TYXMDM":null,"KCH":"10442121047"},{"KKDWDM":"012","XS":32,"BYBZ":"0","JSJC":12,"XXXQDM":"02","KXH":"01","KSJC":11,"XKZRS":140,"SKZC":"000000000001000000000000","SKJS":"库少平","ISTK":0,"ZCMC":"12周","YPSJDD":"12周 星期一 第11节-第12节 南湖南-博学东楼-203,1-10周 星期一 第11节-第13节 南湖南-博学东楼-203","XF":2,"SKXQ":1,"XNXQDM":"2024-2025-2","KCM":"计算机组装、维护与局域网组网技术","JASDM":"0202020203","JXLDM":"020202","JXBID":"20242-07806","SKBJ":"公选-07806","TYXMDM":null,"KCH":"10126121185"},{"KKDWDM":"021","XS":8,"BYBZ":"0","JSJC":7,"XXXQDM":"02","KXH":"605","KSJC":6,"XKZRS":137,"SKZC":"0000000000001111","SKJS":"陈梦霖","ISTK":0,"ZCMC":"13-16周","YPSJDD":"13-16周 星期四 第6节-第7节 南湖南-博学东楼-203","XF":0,"SKXQ":4,"XNXQDM":"2024-2025-2","KCM":"形势与政策","JASDM":"0202020203","JXLDM":"020202","JXBID":"20242-14196","SKBJ":null,"TYXMDM":null,"KCH":"10218121092"},{"KKDWDM":"016","XS":40,"BYBZ":"0","JSJC":4,"XXXQDM":"02","KXH":"03","KSJC":3,"XKZRS":116,"SKZC":"000000000000010100000000","SKJS":"马培艳","ISTK":0,"ZCMC":"14-16周(双)","YPSJDD":"14-16周(双) 星期一 第3节-第4节 南湖南-博学东楼-203,1-10周,12-13周 星期一 第3节-第5节 南湖南-博学东楼-203","XF":2,"SKXQ":1,"XNXQDM":"2024-2025-2","KCM":"普通化学B","JASDM":"0202020203","JXLDM":"020202","JXBID":"20242-10234","SKBJ":"土木类2401-04","TYXMDM":null,"KCH":"10163117122"},{"KKDWDM":"017","XS":32,"BYBZ":"0","JSJC":2,"XXXQDM":"02","KXH":"01","KSJC":1,"XKZRS":29,"SKZC":"000000000000000110000000000000","SKJS":"彭璐","ISTK":0,"ZCMC":"16-17周","YPSJDD":"1-10周 星期一 第1节-第2节 南湖南-博学东楼-203,17周 星期二 第1节-第2节 南湖南-博学东楼-203,16-17周 星期一 第1节-第2节 南湖南-博学东楼-203,12-14周 星期一 第1节-第2节 南湖南-博学东楼-203","XF":2,"SKXQ":1,"XNXQDM":"2024-2025-2","KCM":"运营管理","JASDM":"0202020203","JXLDM":"020202","JXBID":"20242-04885","SKBJ":"信管2301-03","TYXMDM":null,"KCH":"10175121023"},{"KKDWDM":"038","XS":32,"BYBZ":"0","JSJC":10,"XXXQDM":"02","KXH":"19","KSJC":9,"XKZRS":140,"SKZC":"000000000000000110000000000000","SKJS":"李松竹","ISTK":0,"ZCMC":"16-17周","YPSJDD":"17周 星期二 第9节-第10节 南湖南-博学东楼-203,12-14周 星期一 第9节-第10节 南湖南-博学东楼-203,16-17周 星期一 第9节-第10节 南湖南-博学东楼-203,1-10周 星期一 第9节-第10节 南湖南-博学东楼-203","XF":2,"SKXQ":1,"XNXQDM":"2024-2025-2","KCM":"军事理论","JASDM":"0202020203","JXLDM":"020202","JXBID":"20242-11958","SKBJ":"生科类2401-03,自动化类2413-14","TYXMDM":null,"KCH":"10381121001"},{"KKDWDM":"017","XS":32,"BYBZ":"0","JSJC":2,"XXXQDM":"02","KXH":"01","KSJC":1,"XKZRS":29,"SKZC":"000000000000000010000000000000","SKJS":"彭璐","ISTK":0,"ZCMC":"17周","YPSJDD":"1-10周 星期一 第1节-第2节 南湖南-博学东楼-203,17周 星期二 第1节-第2节 南湖南-博学东楼-203,16-17周 星期一 第1节-第2节 南湖南-博学东楼-203,12-14周 星期一 第1节-第2节 南湖南-博学东楼-203","XF":2,"SKXQ":2,"XNXQDM":"2024-2025-2","KCM":"运营管理","JASDM":"0202020203","JXLDM":"020202","JXBID":"20242-04885","SKBJ":"信管2301-03","TYXMDM":null,"KCH":"10175121023"},{"KKDWDM":"009","XS":24,"BYBZ":"0","JSJC":5,"XXXQDM":"02","KXH":"01","KSJC":3,"XKZRS":44,"SKZC":"000000000000000010000000000000","SKJS":"桑稳姣","ISTK":0,"ZCMC":"17周","YPSJDD":"9周 星期五 第3节-第5节 南湖南-博学东楼-203,11-16周 星期五 第3节-第5节 南湖南-博学东楼-203,17周 星期三 第3节-第5节 南湖南-博学东楼-203","XF":1,"SKXQ":3,"XNXQDM":"2024-2025-2","KCM":"工业废水处理技术","JASDM":"0202020203","JXLDM":"020202","JXBID":"20242-03800","SKBJ":"给排水2201","TYXMDM":null,"KCH":"10165111011"},{"KKDWDM":"038","XS":32,"BYBZ":"0","JSJC":10,"XXXQDM":"02","KXH":"19","KSJC":9,"XKZRS":140,"SKZC":"000000000000000010000000000000","SKJS":"李松竹","ISTK":0,"ZCMC":"17周","YPSJDD":"17周 星期二 第9节-第10节 南湖南-博学东楼-203,12-14周 星期一 第9节-第10节 南湖南-博学东楼-203,16-17周 星期一 第9节-第10节 南湖南-博学东楼-203,1-10周 星期一 第9节-第10节 南湖南-博学东楼-203","XF":2,"SKXQ":2,"XNXQDM":"2024-2025-2","KCM":"军事理论","JASDM":"0202020203","JXLDM":"020202","JXBID":"20242-11958","SKBJ":"生科类2401-03,自动化类2413-14","TYXMDM":null,"KCH":"10381121001"}]}},"code":"0"}