{"datas":{"jaskcb":{"extParams":{"code":1,"msg":"查询成功"},"pageSize":0,"pageNumber":0,"totalSize":-1,"rows":[{"KKDWDM":"020","XS":32,"BYBZ":"0","JSJC":4,"XXXQDM":"02","KXH":"24","KSJC":3,"XKZRS":26,"SKZC":"1111111111111111","SKJS":"童少桢","ISTK":0,"ZCMC":"1-16周","YPSJDD":"1-16周 星期三 第3节-第4节 南湖南-博学北楼-311","XF":2,"SKXQ":3,"XNXQDM":"2024-2025-2","KCM":"英语国家概况","JASDM":"0202010311","JXLDM":"020201","JXBID":"20242-12898","SKBJ":"公选-12898","TYXMDM":"11","KCH":"10201117103"},{"KKDWDM":"020","XS":32,"BYBZ":"0","JSJC":2,"XXXQDM":"02","KXH":"20","KSJC":1,"XKZRS":32,"SKZC":"1111111111111111","SKJS":"童少桢","ISTK":0,"ZCMC":"1-16周","YPSJDD":"1-16周 星期三 第1节-第2节 南湖南-博学北楼-311","XF":2,"SKXQ":3,"XNXQDM":"2024-2025-2","KCM":"英语国家概况","JASDM":"0202010311","JXLDM":"020201","JXBID":"20242-12881","SKBJ":"公选-12881","TYXMDM":"11","KCH":"10201117103"},{"KKDWDM":"020","XS":32,"BYBZ":"0","JSJC":4,"XXXQDM":"02","KXH":"15","KSJC":3,"XKZRS":20,"SKZC":"1111111111111111","SKJS":"杨艳","ISTK":0,"ZCMC":"1-16周","YPSJDD":"1-16周 星期二 第3节-第4节 南湖南-博学北楼-311","XF":2,"SKXQ":2,"XNXQDM":"2024-2025-2","KCM":"英语国家概况","JASDM":"0202010311","JXLDM":"020201","JXBID":"20242-12864","SKBJ":"公选-12864","TYXMDM":"11","KCH":"10201117103"},{"KKDWDM":"020","XS":32,"BYBZ":"0","JSJC":2,"XXXQDM":"02","KXH":"11","KSJC":1,"XKZRS":35,"SKZC":"1111111111111111","SKJS":"杨艳","ISTK":0,"ZCMC":"1-16周","YPSJDD":"1-16周 星期二 第1节-第2节 南湖南-博学北楼-311","XF":2,"SKXQ":2,"XNXQDM":"2024-2025-2","KCM":"英语国家概况","JASDM":"0202010311","JXLDM":"020201","JXBID":"20242-12847","SKBJ":"公选-12847","TYXMDM":"11","KCH":"10201117103"},{"KKDWDM":"020","XS":32,"BYBZ":"0","JSJC":2,"XXXQDM":"02","KXH":"03","KSJC":1,"XKZRS":35,"SKZC":"111111111100000000000000000000","SKJS":"杨艳","ISTK":0,"ZCMC":"1-10周","YPSJDD":"16-17周 星期一 第1节-第2节 南湖南-博学北楼-311,1-10周 星期一 第1节-第2节 南湖南-博学北楼-311,17周 星期二 第1节-第2节 南湖南-博学北楼-311,12-14周 星期一 第1节-第2节 南湖南-博学北楼-311","XF":2,"SKXQ":1,"XNXQDM":"2024-2025-2","KCM":"英语国家概况","JASDM":"0202010311","JXLDM":"020201","JXBID":"20242-12811","SKBJ":"公选-12811","TYXMDM":"11","KCH":"10201117103"},{"KKDWDM":"020","XS":32,"BYBZ":"0","JSJC":4,"XXXQDM":"02","KXH":"07","KSJC":3,"XKZRS":35,"SKZC":"111111111100000000000000000000","SKJS":"杨艳","ISTK":0,"ZCMC":"1-10周","YPSJDD":"1-10周 星期一 第3节-第4节 南湖南-博学北楼-311,12-14周 星期一 第3节-第4节 南湖南-博学北楼-311,16-17周 星期一 第3节-第4节 南湖南-博学北楼-311,17周 星期二 第3节-第4节 南湖南-博学北楼-311","XF":2,"SKXQ":1,"XNXQDM":"2024-2025-2","KCM":"英语国家概况","JASDM":"0202010311","JXLDM":"020201","JXBID":"20242-12829","SKBJ":"公选-12829","TYXMDM":"11","KCH":"10201117103"},{"KKDWDM":"020","XS":32,"BYBZ":"0","JSJC":4,"XXXQDM":"02","KXH":"12","KSJC":3,"XKZRS":33,"SKZC":"111111111000000000000000000000","SKJS":"杨静","ISTK":0,"ZCMC":"1-9周","YPSJDD":"1-9周 星期四 第3节-第4节 南湖南-博学北楼-311,11-17周 星期四 第3节-第4节 南湖南-博学北楼-311","XF":2,"SKXQ":4,"XNXQDM":"2024-2025-2","KCM":"文化与翻译","JASDM":"0202010311","JXLDM":"020201","JXBID":"20242-12933","SKBJ":"公选-12933","TYXMDM":"11","KCH":"10201117109"},{"KKDWDM":"020","XS":32,"BYBZ":"0","JSJC":2,"XXXQDM":"02","KXH":"11","KSJC":1,"XKZRS":35,"SKZC":"111111111000000000000000000000","SKJS":"杨静","ISTK":0,"ZCMC":"1-9周","YPSJDD":"1-9周 星期四 第1节-第2节 南湖南-博学北楼-311,11-17周 星期四 第1节-第2节 南湖南-博学北楼-311","XF":2,"SKXQ":4,"XNXQDM":"2024-2025-2","KCM":"文化与翻译","JASDM":"0202010311","JXLDM":"020201","JXBID":"20242-12915","SKBJ":"公选-12915","TYXMDM":"11","KCH":"10201117109"},{"KKDWDM":"020","XS":32,"BYBZ":"0","JSJC":2,"XXXQDM":"02","KXH":"28","KSJC":1,"XKZRS":35,"SKZC":"111110000000000000000000000000","SKJS":"童少桢","ISTK":0,"ZCMC":"1-5周","YPSJDD":"9周 星期日 第1节-第2节 南湖南-博学北楼-311,7-9周 星期五 第1节-第2节 南湖南-博学北楼-311,11-16周 星期五 第1节-第2节 南湖南-博学北楼-311,17周 星期三 第1节-第2节 南湖南-博学北楼-311,1-5周 星期五 第1节-第2节 南湖南-博学北楼-311","XF":2,"SKXQ":5,"XNXQDM":"2024-2025-2","KCM":"英语国家概况","JASDM":"0202010311","JXLDM":"020201","JXBID":"20242-12951","SKBJ":"公选-12951","TYXMDM":"11","KCH":"10201117103"},{"KKDWDM":"020","XS":32,"BYBZ":"0","JSJC":4,"XXXQDM":"02","KXH":"30","KSJC":3,"XKZRS":34,"SKZC":"111110000000000000000000000000","SKJS":"童少桢","ISTK":0,"ZCMC":"1-5周","YPSJDD":"11-16周 星期五 第3节-第4节 南湖南-博学北楼-311,7-9周 星期五 第3节-第4节 南湖南-博学北楼-311,9周 星期日 第3节-第4节 南湖南-博学北楼-311,17周 星期三 第3节-第4节 南湖南-博学北楼-311,1-5周 星期五 第3节-第4节 南湖南-博学北楼-311","XF":2,"SKXQ":5,"XNXQDM":"2024-2025-2","KCM":"英语国家概况","JASDM":"0202010311","JXLDM":"020201","JXBID":"20242-12968","SKBJ":"公选-12968","TYXMDM":"11","KCH":"10201117103"},{"KKDWDM":"020","XS":32,"BYBZ":"0","JSJC":4,"XXXQDM":"02","KXH":"30","KSJC":3,"XKZRS":34,"SKZC":"000000111000000000000000000000","SKJS":"童少桢","ISTK":0,"ZCMC":"7-9周","YPSJDD":"11-16周 星期五 第3节-第4节 南湖南-博学北楼-311,7-9周 星期五 第3节-第4节 南湖南-博学北楼-311,9周 星期日 第3节-第4节 南湖南-博学北楼-311,17周 星期三 第3节-第4节 南湖南-博学北楼-311,1-5周 星期五 第3节-第4节 南湖南-博学北楼-311","XF":2,"SKXQ":5,"XNXQDM":"2024-2025-2","KCM":"英语国家概况","JASDM":"0202010311","JXLDM":"020201","JXBID":"20242-12968","SKBJ":"公选-12968","TYXMDM":"11","KCH":"10201117103"},{"KKDWDM":"020","XS":32,"BYBZ":"0","JSJC":2,"XXXQDM":"02","KXH":"28","KSJC":1,"XKZRS":35,"SKZC":"000000111000000000000000000000","SKJS":"童少桢","ISTK":0,"ZCMC":"7-9周","YPSJDD":"9周 星期日 第1节-第2节 南湖南-博学北楼-311,7-9周 星期五 第1节-第2节 南湖南-博学北楼-311,11-16周 星期五 第1节-第2节 南湖南-博学北楼-311,17周 星期三 第1节-第2节 南湖南-博学北楼-311,1-5周 星期五 第1节-第2节 南湖南-博学北楼-311","XF":2,"SKXQ":5,"XNXQDM":"2024-2025-2","KCM":"英语国家概况","JASDM":"0202010311","JXLDM":"020201","JXBID":"20242-12951","SKBJ":"公选-12951","TYXMDM":"11","KCH":"10201117103"},{"KKDWDM":"020","XS":32,"BYBZ":"0","JSJC":2,"XXXQDM":"02","KXH":"28","KSJC":1,"XKZRS":35,"SKZC":"000000001000000000000000000000","SKJS":"童少桢","ISTK":0,"ZCMC":"9周","YPSJDD":"9周 星期日 第1节-第2节 南湖南-博学北楼-311,7-9周 星期五 第1节-第2节 南湖南-博学北楼-311,11-16周 星期五 第1节-第2节 南湖南-博学北楼-311,17周 星期三 第1节-第2节 南湖南-博学北楼-311,1-5周 星期五 第1节-第2节 南湖南-博学北楼-311","XF":2,"SKXQ":7,"XNXQDM":"2024-2025-2","KCM":"英语国家概况","JASDM":"0202010311","JXLDM":"020201","JXBID":"20242-12951","SKBJ":"公选-12951","TYXMDM":"11","KCH":"10201117103"},{"KKDWDM":"020","XS":32,"BYBZ":"0","JSJC":4,"XXXQDM":"02","KXH":"30","KSJC":3,"XKZRS":34,"SKZC":"000000001000000000000000000000","SKJS":"童少桢","ISTK":0,"ZCMC":"9周","YPSJDD":"11-16周 星期五 第3节-第4节 南湖南-博学北楼-311,7-9周 星期五 第3节-第4节 南湖南-博学北楼-311,9周 星期日 第3节-第4节 南湖南-博学北楼-311,17周 星期三 第3节-第4节 南湖南-博学北楼-311,1-5周 星期五 第3节-第4节 南湖南-博学北楼-311","XF":2,"SKXQ":7,"XNXQDM":"2024-2025-2","KCM":"英语国家概况","JASDM":"0202010311","JXLDM":"020201","JXBID":"20242-12968","SKBJ":"公选-12968","TYXMDM":"11","KCH":"10201117103"},{"KKDWDM":"020","XS":32,"BYBZ":"0","JSJC":2,"XXXQDM":"02","KXH":"11","KSJC":1,"XKZRS":35,"SKZC":"000000000011111110000000000000","SKJS":"杨静","ISTK":0,"ZCMC":"11-17周","YPSJDD":"1-9周 星期四 第1节-第2节 南湖南-博学北楼-311,11-17周 星期四 第1节-第2节 南湖南-博学北楼-311","XF":2,"SKXQ":4,"XNXQDM":"2024-2025-2","KCM":"文化与翻译","JASDM":"0202010311","JXLDM":"020201","JXBID":"20242-12915","SKBJ":"公选-12915","TYXMDM":"11","KCH":"10201117109"},{"KKDWDM":"020","XS":32,"BYBZ":"0","JSJC":4,"XXXQDM":"02","KXH":"12","KSJC":3,"XKZRS":33,"SKZC":"000000000011111110000000000000","SKJS":"杨静","ISTK":0,"ZCMC":"11-17周","YPSJDD":"1-9周 星期四 第3节-第4节 南湖南-博学北楼-311,11-17周 星期四 第3节-第4节 南湖南-博学北楼-311","XF":2,"SKXQ":4,"XNXQDM":"2024-2025-2","KCM":"文化与翻译","JASDM":"0202010311","JXLDM":"020201","JXBID":"20242-12933","SKBJ":"公选-12933","TYXMDM":"11","KCH":"10201117109"},{"KKDWDM":"020","XS":32,"BYBZ":"0","JSJC":2,"XXXQDM":"02","KXH":"28","KSJC":1,"XKZRS":35,"SKZC":"000000000011111100000000000000","SKJS":"童少桢","ISTK":0,"ZCMC":"11-16周","YPSJDD":"9周 星期日 第1节-第2节 南湖南-博学北楼-311,7-9周 星期五 第1节-第2节 南湖南-博学北楼-311,11-16周 星期五 第1节-第2节 南湖南-博学北楼-311,17周 星期三 第1节-第2节 南湖南-博学北楼-311,1-5周 星期五 第1节-第2节 南湖南-博学北楼-311","XF":2,"SKXQ":5,"XNXQDM":"2024-2025-2","KCM":"英语国家概况","JASDM":"0202010311","JXLDM":"020201","JXBID":"20242-12951","SKBJ":"公选-12951","TYXMDM":"11","KCH":"10201117103"},{"KKDWDM":"020","XS":32,"BYBZ":"0","JSJC":4,"XXXQDM":"02","KXH":"30","KSJC":3,"XKZRS":34,"SKZC":"000000000011111100000000000000","SKJS":"童少桢","ISTK":0,"ZCMC":"11-16周","YPSJDD":"11-16周 星期五 第3节-第4节 南湖南-博学北楼-311,7-9周 星期五 第3节-第4节 南湖南-博学北楼-311,9周 星期日 第3节-第4节 南湖南-博学北楼-311,17周 星期三 第3节-第4节 南湖南-博学北楼-311,1-5周 星期五 第3节-第4节 南湖南-博学北楼-311","XF":2,"SKXQ":5,"XNXQDM":"2024-2025-2","KCM":"英语国家概况","JASDM":"0202010311","JXLDM":"020201","JXBID":"20242-12968","SKBJ":"公选-12968","TYXMDM":"11","KCH":"10201117103"},{"KKDWDM":"020","XS":32,"BYBZ":"0","JSJC":2,"XXXQDM":"02","KXH":"03","KSJC":1,"XKZRS":35,"SKZC":"000000000001110000000000000000","SKJS":"杨艳","ISTK":0,"ZCMC":"12-14周","YPSJDD":"16-17周 星期一 第1节-第2节 南湖南-博学北楼-311,1-10周 星期一 第1节-第2节 南湖南-博学北楼-311,17周 星期二 第1节-第2节 南湖南-博学北楼-311,12-14周 星期一 第1节-第2节 南湖南-博学北楼-311","XF":2,"SKXQ":1,"XNXQDM":"2024-2025-2","KCM":"英语国家概况","JASDM":"0202010311","JXLDM":"020201","JXBID":"20242-12811","SKBJ":"公选-12811","TYXMDM":"11","KCH":"10201117103"},{"KKDWDM":"020","XS":32,"BYBZ":"0","JSJC":4,"XXXQDM":"02","KXH":"07","KSJC":3,"XKZRS":35,"SKZC":"000000000001110000000000000000","SKJS":"杨艳","ISTK":0,"ZCMC":"12-14周","YPSJDD":"1-10周 星期一 第3节-第4节 南湖南-博学北楼-311,12-14周 星期一 第3节-第4节 南湖南-博学北楼-311,16-17周 星期一 第3节-第4节 南湖南-博学北楼-311,17周 星期二 第3节-第4节 南湖南-博学北楼-311","XF":2,"SKXQ":1,"XNXQDM":"2024-2025-2","KCM":"英语国家概况","JASDM":"0202010311","JXLDM":"020201","JXBID":"20242-12829","SKBJ":"公选-12829","TYXMDM":"11","KCH":"10201117103"},{"KKDWDM":"020","XS":32,"BYBZ":"0","JSJC":4,"XXXQDM":"02","KXH":"07","KSJC":3,"XKZRS":35,"SKZC":"000000000000000110000000000000","SKJS":"杨艳","ISTK":0,"ZCMC":"16-17周","YPSJDD":"1-10周 星期一 第3节-第4节 南湖南-博学北楼-311,12-14周 星期一 第3节-第4节 南湖南-博学北楼-311,16-17周 星期一 第3节-第4节 南湖南-博学北楼-311,17周 星期二 第3节-第4节 南湖南-博学北楼-311","XF":2,"SKXQ":1,"XNXQDM":"2024-2025-2","KCM":"英语国家概况","JASDM":"0202010311","JXLDM":"020201","JXBID":"20242-12829","SKBJ":"公选-12829","TYXMDM":"11","KCH":"10201117103"},{"KKDWDM":"020","XS":32,"BYBZ":"0","JSJC":2,"XXXQDM":"02","KXH":"03","KSJC":1,"XKZRS":35,"SKZC":"000000000000000110000000000000","SKJS":"杨艳","ISTK":0,"ZCMC":"16-17周","YPSJDD":"16-17周 星期一 第1节-第2节 南湖南-博学北楼-311,1-10周 星期一 第1节-第2节 南湖南-博学北楼-311,17周 星期二 第1节-第2节 南湖南-博学北楼-311,12-14周 星期一 第1节-第2节 南湖南-博学北楼-311","XF":2,"SKXQ":1,"XNXQDM":"2024-2025-2","KCM":"英语国家概况","JASDM":"0202010311","JXLDM":"020201","JXBID":"20242-12811","SKBJ":"公选-12811","TYXMDM":"11","KCH":"10201117103"},{"KKDWDM":"020","XS":32,"BYBZ":"0","JSJC":2,"XXXQDM":"02","KXH":"03","KSJC":1,"XKZRS":35,"SKZC":"000000000000000010000000000000","SKJS":"杨艳","ISTK":0,"ZCMC":"17周","YPSJDD":"16-17周 星期一 第1节-第2节 南湖南-博学北楼-311,1-10周 星期一 第1节-第2节 南湖南-博学北楼-311,17周 星期二 第1节-第2节 南湖南-博学北楼-311,12-14周 星期一 第1节-第2节 南湖南-博学北楼-311","XF":2,"SKXQ":2,"XNXQDM":"2024-2025-2","KCM":"英语国家概况","JASDM":"0202010311","JXLDM":"020201","JXBID":"20242-12811","SKBJ":"公选-12811","TYXMDM":"11","KCH":"10201117103"},{"KKDWDM":"020","XS":32,"BYBZ":"0","JSJC":2,"XXXQDM":"02","KXH":"28","KSJC":1,"XKZRS":35,"SKZC":"000000000000000010000000000000","SKJS":"童少桢","ISTK":0,"ZCMC":"17周","YPSJDD":"9周 星期日 第1节-第2节 南湖南-博学北楼-311,7-9周 星期五 第1节-第2节 南湖南-博学北楼-311,11-16周 星期五 第1节-第2节 南湖南-博学北楼-311,17周 星期三 第1节-第2节 南湖南-博学北楼-311,1-5周 星期五 第1节-第2节 南湖南-博学北楼-311","XF":2,"SKXQ":3,"XNXQDM":"2024-2025-2","KCM":"英语国家概况","JASDM":"0202010311","JXLDM":"020201","JXBID":"20242-12951","SKBJ":"公选-12951","TYXMDM":"11","KCH":"10201117103"},{"KKDWDM":"020","XS":32,"BYBZ":"0","JSJC":4,"XXXQDM":"02","KXH":"30","KSJC":3,"XKZRS":34,"SKZC":"000000000000000010000000000000","SKJS":"童少桢","ISTK":0,"ZCMC":"17周","YPSJDD":"11-16周 星期五 第3节-第4节 南湖南-博学北楼-311,7-9周 星期五 第3节-第4节 南湖南-博学北楼-311,9周 星期日 第3节-第4节 南湖南-博学北楼-311,17周 星期三 第3节-第4节 南湖南-博学北楼-311,1-5周 星期五 第3节-第4节 南湖南-博学北楼-311","XF":2,"SKXQ":3,"XNXQDM":"2024-2025-2","KCM":"英语国家概况","JASDM":"0202010311","JXLDM":"020201","JXBID":"20242-12968","SKBJ":"公选-12968","TYXMDM":"11","KCH":"10201117103"},{"KKDWDM":"020","XS":32,"BYBZ":"0","JSJC":4,"XXXQDM":"02","KXH":"07","KSJC":3,"XKZRS":35,"SKZC":"000000000000000010000000000000","SKJS":"杨艳","ISTK":0,"ZCMC":"17周","YPSJDD":"1-10周 星期一 第3节-第4节 南湖南-博学北楼-311,12-14周 星期一 第3节-第4节 南湖南-博学北楼-311,16-17周 星期一 第3节-第4节 南湖南-博学北楼-311,17周 星期二 第3节-第4节 南湖南-博学北楼-311","XF":2,"SKXQ":2,"XNXQDM":"2024-2025-2","KCM":"英语国家概况","JASDM":"0202010311","JXLDM":"020201","JXBID":"20242-12829","SKBJ":"公选-12829","TYXMDM":"11","KCH":"10201117103"}]}},"code":"0"}