{"datas":{"jaskcb":{"extParams":{"code":1,"msg":"查询成功"},"pageSize":0,"pageNumber":0,"totalSize":-1,"rows":[{"KKDWDM":"012","XS":32,"BYBZ":"0","JSJC":9,"XXXQDM":"02","KXH":"16","KSJC":8,"XKZRS":70,"SKZC":"111111111111111100000000","SKJS":"赵广辉","ISTK":0,"ZCMC":"1-16周","YPSJDD":"1-16周 星期二 第8节-第9节 南湖南-博学东楼-503","XF":1,"SKXQ":2,"XNXQDM":"2024-2025-2","KCM":"计算机基础与Python程序设计综合实验A","JASDM":"0202020503","JXLDM":"020202","JXBID":"20242-11774","SKBJ":"材料类2416-17","TYXMDM":null,"KCH":"10121221090"},{"KKDWDM":"012","XS":32,"BYBZ":"0","JSJC":7,"XXXQDM":"02","KXH":"17","KSJC":6,"XKZRS":68,"SKZC":"11111111111111110000","SKJS":"赵广辉","ISTK":0,"ZCMC":"1-16周","YPSJDD":"1-16周 星期二 第6节-第7节 南湖南-博学东楼-503","XF":2,"SKXQ":2,"XNXQDM":"2024-2025-2","KCM":"Python程序设计基础A","JASDM":"0202020503","JXLDM":"020202","JXBID":"20242-11731","SKBJ":"材料类2416-17","TYXMDM":null,"KCH":"10121121086"},{"KKDWDM":"012","XS":32,"BYBZ":"0","JSJC":8,"XXXQDM":"02","KXH":"01","KSJC":6,"XKZRS":80,"SKZC":"000011111100000000000000000000","SKJS":"付国江","ISTK":0,"ZCMC":"5-10周","YPSJDD":"16-17周 星期一 第6节-第8节 南湖南-博学东楼-503,12-14周 星期一 第6节-第8节 南湖南-博学东楼-503,5-10周 星期一 第6节-第8节 南湖南-博学东楼-503","XF":1,"SKXQ":1,"XNXQDM":"2024-2025-2","KCM":"计算机基础与C程序设计综合实验A","JASDM":"0202020503","JXLDM":"020202","JXBID":"20242-05970","SKBJ":"自动化类2413-14","TYXMDM":null,"KCH":"10121221092"},{"KKDWDM":"012","XS":32,"BYBZ":"0","JSJC":5,"XXXQDM":"02","KXH":"01","KSJC":3,"XKZRS":27,"SKZC":"000001111000000000000000000000","SKJS":"魏敏","ISTK":0,"ZCMC":"6-9周","YPSJDD":"6-9周 星期四 第3节-第5节 南湖南-博学东楼-503,17周 星期四 第3节-第5节 南湖南-博学东楼-503,11-16周 星期四 第3节-第5节 南湖南-博学东楼-503","XF":1,"SKXQ":4,"XNXQDM":"2024-2025-2","KCM":"计算机基础与VB程序设计综合实验","JASDM":"0202020503","JXLDM":"020202","JXBID":"20242-05958","SKBJ":"国贸留2401,工商留2401","TYXMDM":null,"KCH":"30121219026"},{"KKDWDM":"012","XS":32,"BYBZ":"0","JSJC":5,"XXXQDM":"02","KXH":"01","KSJC":3,"XKZRS":27,"SKZC":"000000000011111100000000000000","SKJS":"魏敏","ISTK":0,"ZCMC":"11-16周","YPSJDD":"6-9周 星期四 第3节-第5节 南湖南-博学东楼-503,17周 星期四 第3节-第5节 南湖南-博学东楼-503,11-16周 星期四 第3节-第5节 南湖南-博学东楼-503","XF":1,"SKXQ":4,"XNXQDM":"2024-2025-2","KCM":"计算机基础与VB程序设计综合实验","JASDM":"0202020503","JXLDM":"020202","JXBID":"20242-05958","SKBJ":"国贸留2401,工商留2401","TYXMDM":null,"KCH":"30121219026"},{"KKDWDM":"012","XS":32,"BYBZ":"0","JSJC":8,"XXXQDM":"02","KXH":"01","KSJC":6,"XKZRS":80,"SKZC":"000000000001110000000000000000","SKJS":"付国江","ISTK":0,"ZCMC":"12-14周","YPSJDD":"16-17周 星期一 第6节-第8节 南湖南-博学东楼-503,12-14周 星期一 第6节-第8节 南湖南-博学东楼-503,5-10周 星期一 第6节-第8节 南湖南-博学东楼-503","XF":1,"SKXQ":1,"XNXQDM":"2024-2025-2","KCM":"计算机基础与C程序设计综合实验A","JASDM":"0202020503","JXLDM":"020202","JXBID":"20242-05970","SKBJ":"自动化类2413-14","TYXMDM":null,"KCH":"10121221092"},{"KKDWDM":"012","XS":32,"BYBZ":"0","JSJC":8,"XXXQDM":"02","KXH":"01","KSJC":6,"XKZRS":80,"SKZC":"000000000000000110000000000000","SKJS":"付国江","ISTK":0,"ZCMC":"16-17周","YPSJDD":"16-17周 星期一 第6节-第8节 南湖南-博学东楼-503,12-14周 星期一 第6节-第8节 南湖南-博学东楼-503,5-10周 星期一 第6节-第8节 南湖南-博学东楼-503","XF":1,"SKXQ":1,"XNXQDM":"2024-2025-2","KCM":"计算机基础与C程序设计综合实验A","JASDM":"0202020503","JXLDM":"020202","JXBID":"20242-05970","SKBJ":"自动化类2413-14","TYXMDM":null,"KCH":"10121221092"},{"KKDWDM":"012","XS":32,"BYBZ":"0","JSJC":5,"XXXQDM":"02","KXH":"01","KSJC":3,"XKZRS":27,"SKZC":"000000000000000010000000000000","SKJS":"魏敏","ISTK":0,"ZCMC":"17周","YPSJDD":"6-9周 星期四 第3节-第5节 南湖南-博学东楼-503,17周 星期四 第3节-第5节 南湖南-博学东楼-503,11-16周 星期四 第3节-第5节 南湖南-博学东楼-503","XF":1,"SKXQ":4,"XNXQDM":"2024-2025-2","KCM":"计算机基础与VB程序设计综合实验","JASDM":"0202020503","JXLDM":"020202","JXBID":"20242-05958","SKBJ":"国贸留2401,工商留2401","TYXMDM":null,"KCH":"30121219026"}]}},"code":"0"}