{"datas":{"jaskcb":{"extParams":{"code":1,"msg":"查询成功"},"pageSize":0,"pageNumber":0,"totalSize":-1,"rows":[{"KKDWDM":"071","XS":96,"BYBZ":"0","JSJC":2,"XXXQDM":"02","KXH":"15","KSJC":1,"XKZRS":106,"SKZC":"111111111111111100000000000000","SKJS":"吴兴龙,王振","ISTK":0,"ZCMC":"1-16周","YPSJDD":"16-17周 星期一 第3节-第4节 南湖南-博学主楼-210,1-10周 星期一 第3节-第4节 南湖南-博学主楼-210,7-9周 星期五 第3节-第4节 南湖南-博学主楼-210,1-5周 星期五 第3节-第4节 南湖南-博学主楼-210,9周 星期日 第3节-第4节 南湖南-博学主楼-210,17周 星期二 第3节-第4节 南湖南-博学主楼-210,11-16周 星期五 第3节-第4节 南湖南-博学主楼-210,17周 星期三 第3节-第4节 南湖南-博学主楼-210,12-14周 星期一 第3节-第4节 南湖南-博学主楼-210,1-16周 星期三 第1节-第2节 南湖南-博学主楼-210","XF":6,"SKXQ":3,"XNXQDM":"2024-2025-2","KCM":"数学分析2","JASDM":"0202040210","JXLDM":"020204","JXBID":"20242-10290","SKBJ":"数学jd2401,数学类2401-03","TYXMDM":null,"KCH":"10153111002"},{"KKDWDM":"071","XS":40,"BYBZ":"0","JSJC":5,"XXXQDM":"02","KXH":"31","KSJC":3,"XKZRS":128,"SKZC":"111111111111000000000000","SKJS":"王建华","ISTK":0,"ZCMC":"1-12周","YPSJDD":"13-14周 星期三 第3节-第4节 南湖南-博学主楼-210,1-12周 星期三 第3节-第5节 南湖南-博学主楼-210","XF":2,"SKXQ":3,"XNXQDM":"2024-2025-2","KCM":"线性代数","JASDM":"0202040210","JXLDM":"020204","JXBID":"20242-11748","SKBJ":"车辆类2409-12","TYXMDM":null,"KCH":"10153111001"},{"KKDWDM":"071","XS":40,"BYBZ":"0","JSJC":5,"XXXQDM":"02","KXH":"09","KSJC":3,"XKZRS":138,"SKZC":"111111111111000000000000","SKJS":"潘珂凡","ISTK":0,"ZCMC":"1-12周","YPSJDD":"13-14周 星期二 第3节-第4节 南湖南-博学主楼-210,1-12周 星期二 第3节-第5节 南湖南-博学主楼-210","XF":2,"SKXQ":2,"XNXQDM":"2024-2025-2","KCM":"线性代数","JASDM":"0202040210","JXLDM":"020204","JXBID":"20242-06111","SKBJ":"机电类2401-15","TYXMDM":null,"KCH":"10153111001"},{"KKDWDM":"038","XS":32,"BYBZ":"0","JSJC":2,"XXXQDM":"02","KXH":"17","KSJC":1,"XKZRS":129,"SKZC":"11111111111100000000","SKJS":"胡霞","ISTK":0,"ZCMC":"1-12周","YPSJDD":"1-12周 星期二 第1节-第2节 南湖南-博学主楼-210","XF":2,"SKXQ":2,"XNXQDM":"2024-2025-2","KCM":"心理健康教育","JASDM":"0202040210","JXLDM":"020204","JXBID":"20242-06244","SKBJ":"法学类2405-06,车辆gj2403-04","TYXMDM":null,"KCH":"10388117003"},{"KKDWDM":"071","XS":96,"BYBZ":"0","JSJC":2,"XXXQDM":"02","KXH":"11","KSJC":1,"XKZRS":137,"SKZC":"111111111101110110000000000000","SKJS":"桂预风","ISTK":0,"ZCMC":"1-10周,12-14周,16-17周","YPSJDD":"9周 星期日 第1节-第2节 南湖南-博学主楼-210,17周 星期三 第1节-第2节 南湖南-博学主楼-210,1-5周,7-9周,11-16周 星期五 第1节-第2节 南湖南-博学主楼-210,1-10周,12-14周,16-17周 星期一 第1节-第2节 南湖南-博学主楼-210,1-16周 星期三 第3节-第4节 南湖南-博学主楼-502,17周 星期二 第1节-第2节 南湖南-博学主楼-210","XF":6,"SKXQ":1,"XNXQDM":"2024-2025-2","KCM":"数学分析2","JASDM":"0202040210","JXLDM":"020204","JXBID":"20242-10293","SKBJ":"数学类2410-12,金融sy2401","TYXMDM":null,"KCH":"10153111002"},{"KKDWDM":"021","XS":36,"BYBZ":"0","JSJC":8,"XXXQDM":"02","KXH":"09","KSJC":6,"XKZRS":109,"SKZC":"111111111100000000000000000000","SKJS":"张煜","ISTK":0,"ZCMC":"1-10周","YPSJDD":"1-10周 星期一 第6节-第8节 南湖南-博学主楼-210,12-13周 星期一 第6节-第8节 南湖南-博学主楼-210","XF":2,"SKXQ":1,"XNXQDM":"2024-2025-2","KCM":"习近平新时代中国特色社会主义思想概论","JASDM":"0202040210","JXLDM":"020204","JXBID":"20242-12210","SKBJ":"制药zy2301-03","TYXMDM":null,"KCH":"10211121033"},{"KKDWDM":"071","XS":96,"BYBZ":"0","JSJC":4,"XXXQDM":"02","KXH":"15","KSJC":3,"XKZRS":106,"SKZC":"111111111100000000000000000000","SKJS":"吴兴龙,王振","ISTK":0,"ZCMC":"1-10周","YPSJDD":"16-17周 星期一 第3节-第4节 南湖南-博学主楼-210,1-10周 星期一 第3节-第4节 南湖南-博学主楼-210,7-9周 星期五 第3节-第4节 南湖南-博学主楼-210,1-5周 星期五 第3节-第4节 南湖南-博学主楼-210,9周 星期日 第3节-第4节 南湖南-博学主楼-210,17周 星期二 第3节-第4节 南湖南-博学主楼-210,11-16周 星期五 第3节-第4节 南湖南-博学主楼-210,17周 星期三 第3节-第4节 南湖南-博学主楼-210,12-14周 星期一 第3节-第4节 南湖南-博学主楼-210,1-16周 星期三 第1节-第2节 南湖南-博学主楼-210","XF":6,"SKXQ":1,"XNXQDM":"2024-2025-2","KCM":"数学分析2","JASDM":"0202040210","JXLDM":"020204","JXBID":"20242-10290","SKBJ":"数学jd2401,数学类2401-03","TYXMDM":null,"KCH":"10153111002"},{"KKDWDM":"028","XS":32,"BYBZ":"0","JSJC":12,"XXXQDM":"02","KXH":"01","KSJC":11,"XKZRS":138,"SKZC":"111111111100000000000000","SKJS":"安琴友,张明曦,邹朝勇,高冠斌","ISTK":0,"ZCMC":"1-10周","YPSJDD":"1-10周 星期三 第11节-第12节 南湖南-博学主楼-210","XF":2,"SKXQ":3,"XNXQDM":"2024-2025-2","KCM":"智能仿生材料(JD)","JASDM":"0202040210","JXLDM":"020204","JXBID":"20242-08845","SKBJ":"公选-08845","TYXMDM":null,"KCH":"10286121006"},{"KKDWDM":"071","XS":40,"BYBZ":"0","JSJC":5,"XXXQDM":"02","KXH":"33","KSJC":3,"XKZRS":113,"SKZC":"111111111011100000000000","SKJS":"向建林","ISTK":0,"ZCMC":"1-9周,11-13周","YPSJDD":"14-15周 星期四 第3节-第4节 南湖南-博学主楼-210,1-9周,11-13周 星期四 第3节-第5节 南湖南-博学主楼-210","XF":2,"SKXQ":4,"XNXQDM":"2024-2025-2","KCM":"线性代数","JASDM":"0202040210","JXLDM":"020204","JXBID":"20242-11750","SKBJ":"计算机类2405-08","TYXMDM":null,"KCH":"10153111001"},{"KKDWDM":"038","XS":32,"BYBZ":"0","JSJC":2,"XXXQDM":"02","KXH":"22","KSJC":1,"XKZRS":121,"SKZC":"111111111000000000000000000000","SKJS":"丁博","ISTK":0,"ZCMC":"1-9周","YPSJDD":"1-9周 星期四 第1节-第2节 南湖南-博学主楼-210,11-13周 星期四 第1节-第2节 南湖南-博学主楼-210","XF":2,"SKXQ":4,"XNXQDM":"2024-2025-2","KCM":"心理健康教育","JASDM":"0202040210","JXLDM":"020204","JXBID":"20242-11929","SKBJ":"工设g2401-02,车辆gj2401-02","TYXMDM":null,"KCH":"10388117003"},{"KKDWDM":"021","XS":16,"BYBZ":"0","JSJC":12,"XXXQDM":"02","KXH":"01","KSJC":11,"XKZRS":139,"SKZC":"111111110000000000000000000000","SKJS":"万伟伟,冯蓓,王冬晓,肖萍,黄薇","ISTK":0,"ZCMC":"1-8周","YPSJDD":"1-8周 星期二 第11节-第12节 南湖南-博学主楼-210","XF":1,"SKXQ":2,"XNXQDM":"2024-2025-2","KCM":"品读改革开放史(GX)","JASDM":"0202040210","JXLDM":"020204","JXBID":"20242-08485","SKBJ":"公选-08485","TYXMDM":null,"KCH":"10212124132"},{"KKDWDM":"025","XS":32,"BYBZ":"0","JSJC":12,"XXXQDM":"02","KXH":"01","KSJC":11,"XKZRS":126,"SKZC":"111111110000000000000000","SKJS":"岳文雯","ISTK":0,"ZCMC":"1-8周","YPSJDD":"1-8周 星期一 第11节-第12节 南湖南-博学主楼-210","XF":2,"SKXQ":1,"XNXQDM":"2024-2025-2","KCM":"品牌故事赏析(GX)","JASDM":"0202040210","JXLDM":"020204","JXBID":"20242-08760","SKBJ":"公选-08760","TYXMDM":null,"KCH":"10252124085"},{"KKDWDM":"071","XS":96,"BYBZ":"0","JSJC":2,"XXXQDM":"02","KXH":"11","KSJC":1,"XKZRS":137,"SKZC":"111110111011111100000000000000","SKJS":"桂预风","ISTK":0,"ZCMC":"1-5周,7-9周,11-16周","YPSJDD":"9周 星期日 第1节-第2节 南湖南-博学主楼-210,17周 星期三 第1节-第2节 南湖南-博学主楼-210,1-5周,7-9周,11-16周 星期五 第1节-第2节 南湖南-博学主楼-210,1-10周,12-14周,16-17周 星期一 第1节-第2节 南湖南-博学主楼-210,1-16周 星期三 第3节-第4节 南湖南-博学主楼-502,17周 星期二 第1节-第2节 南湖南-博学主楼-210","XF":6,"SKXQ":5,"XNXQDM":"2024-2025-2","KCM":"数学分析2","JASDM":"0202040210","JXLDM":"020204","JXBID":"20242-10293","SKBJ":"数学类2410-12,金融sy2401","TYXMDM":null,"KCH":"10153111002"},{"KKDWDM":"071","XS":96,"BYBZ":"0","JSJC":4,"XXXQDM":"02","KXH":"15","KSJC":3,"XKZRS":106,"SKZC":"111110000000000000000000000000","SKJS":"吴兴龙,王振","ISTK":0,"ZCMC":"1-5周","YPSJDD":"16-17周 星期一 第3节-第4节 南湖南-博学主楼-210,1-10周 星期一 第3节-第4节 南湖南-博学主楼-210,7-9周 星期五 第3节-第4节 南湖南-博学主楼-210,1-5周 星期五 第3节-第4节 南湖南-博学主楼-210,9周 星期日 第3节-第4节 南湖南-博学主楼-210,17周 星期二 第3节-第4节 南湖南-博学主楼-210,11-16周 星期五 第3节-第4节 南湖南-博学主楼-210,17周 星期三 第3节-第4节 南湖南-博学主楼-210,12-14周 星期一 第3节-第4节 南湖南-博学主楼-210,1-16周 星期三 第1节-第2节 南湖南-博学主楼-210","XF":6,"SKXQ":5,"XNXQDM":"2024-2025-2","KCM":"数学分析2","JASDM":"0202040210","JXLDM":"020204","JXBID":"20242-10290","SKBJ":"数学jd2401,数学类2401-03","TYXMDM":null,"KCH":"10153111002"},{"KKDWDM":"022","XS":48,"BYBZ":"0","JSJC":8,"XXXQDM":"02","KXH":"05","KSJC":6,"XKZRS":68,"SKZC":"111000000000000000000000000000","SKJS":"余艳萍","ISTK":0,"ZCMC":"1-3周","YPSJDD":"4-16周 星期二 第6节-第8节 南湖南-博学主楼-210,1-3周 星期二 第6节-第8节 南湖南-博学主楼-210","XF":3,"SKXQ":2,"XNXQDM":"2024-2025-2","KCM":"社会工作概论","JASDM":"0202040210","JXLDM":"020204","JXBID":"20242-11009","SKBJ":"法学类2403-04","TYXMDM":null,"KCH":"10224124172"},{"KKDWDM":"022","XS":48,"BYBZ":"0","JSJC":8,"XXXQDM":"02","KXH":"05","KSJC":6,"XKZRS":68,"SKZC":"000111111111111100000000000000","SKJS":"余艳萍,李佳","ISTK":0,"ZCMC":"4-16周","YPSJDD":"4-16周 星期二 第6节-第8节 南湖南-博学主楼-210,1-3周 星期二 第6节-第8节 南湖南-博学主楼-210","XF":3,"SKXQ":2,"XNXQDM":"2024-2025-2","KCM":"社会工作概论","JASDM":"0202040210","JXLDM":"020204","JXBID":"20242-11009","SKBJ":"法学类2403-04","TYXMDM":null,"KCH":"10224124172"},{"KKDWDM":"071","XS":96,"BYBZ":"0","JSJC":4,"XXXQDM":"02","KXH":"15","KSJC":3,"XKZRS":106,"SKZC":"000000111000000000000000000000","SKJS":"吴兴龙,王振","ISTK":0,"ZCMC":"7-9周","YPSJDD":"16-17周 星期一 第3节-第4节 南湖南-博学主楼-210,1-10周 星期一 第3节-第4节 南湖南-博学主楼-210,7-9周 星期五 第3节-第4节 南湖南-博学主楼-210,1-5周 星期五 第3节-第4节 南湖南-博学主楼-210,9周 星期日 第3节-第4节 南湖南-博学主楼-210,17周 星期二 第3节-第4节 南湖南-博学主楼-210,11-16周 星期五 第3节-第4节 南湖南-博学主楼-210,17周 星期三 第3节-第4节 南湖南-博学主楼-210,12-14周 星期一 第3节-第4节 南湖南-博学主楼-210,1-16周 星期三 第1节-第2节 南湖南-博学主楼-210","XF":6,"SKXQ":5,"XNXQDM":"2024-2025-2","KCM":"数学分析2","JASDM":"0202040210","JXLDM":"020204","JXBID":"20242-10290","SKBJ":"数学jd2401,数学类2401-03","TYXMDM":null,"KCH":"10153111002"},{"KKDWDM":"021","XS":8,"BYBZ":"0","JSJC":7,"XXXQDM":"02","KXH":"283","KSJC":6,"XKZRS":137,"SKZC":"0000000110110000000000000","SKJS":"王冬晓","ISTK":0,"ZCMC":"8-9周,11-12周","YPSJDD":"8-9周,11-12周 星期四 第6节-第7节 南湖南-博学主楼-210","XF":0,"SKXQ":4,"XNXQDM":"2024-2025-2","KCM":"形势与政策","JASDM":"0202040210","JXLDM":"020204","JXBID":"20242-13942","SKBJ":"化生类2401,土木类2405-11,机电类2406,材料类2406-10,材科sy2402,物理jd2401,环科类2407,电信类2403,经济学类2405,自动化类2401,车辆gj2402","TYXMDM":null,"KCH":"10218121092"},{"KKDWDM":"021","XS":8,"BYBZ":"0","JSJC":10,"XXXQDM":"02","KXH":"327","KSJC":9,"XKZRS":136,"SKZC":"0000000110110000000000000","SKJS":"王冬晓","ISTK":0,"ZCMC":"8-9周,11-12周","YPSJDD":"8-9周,11-12周 星期四 第9节-第10节 南湖南-博学主楼-210","XF":0,"SKXQ":4,"XNXQDM":"2024-2025-2","KCM":"形势与政策","JASDM":"0202040210","JXLDM":"020204","JXBID":"20242-13976","SKBJ":"化生类2405,工商类2412,机电类2403-08,机电类2414,材料类2405,法学类2402,电信类2407,经济学类2406,自动化类2405-08,设计学类2402,车辆类2414","TYXMDM":null,"KCH":"10218121092"},{"KKDWDM":"071","XS":96,"BYBZ":"0","JSJC":4,"XXXQDM":"02","KXH":"15","KSJC":3,"XKZRS":106,"SKZC":"000000001000000000000000000000","SKJS":"吴兴龙,王振","ISTK":0,"ZCMC":"9周","YPSJDD":"16-17周 星期一 第3节-第4节 南湖南-博学主楼-210,1-10周 星期一 第3节-第4节 南湖南-博学主楼-210,7-9周 星期五 第3节-第4节 南湖南-博学主楼-210,1-5周 星期五 第3节-第4节 南湖南-博学主楼-210,9周 星期日 第3节-第4节 南湖南-博学主楼-210,17周 星期二 第3节-第4节 南湖南-博学主楼-210,11-16周 星期五 第3节-第4节 南湖南-博学主楼-210,17周 星期三 第3节-第4节 南湖南-博学主楼-210,12-14周 星期一 第3节-第4节 南湖南-博学主楼-210,1-16周 星期三 第1节-第2节 南湖南-博学主楼-210","XF":6,"SKXQ":7,"XNXQDM":"2024-2025-2","KCM":"数学分析2","JASDM":"0202040210","JXLDM":"020204","JXBID":"20242-10290","SKBJ":"数学jd2401,数学类2401-03","TYXMDM":null,"KCH":"10153111002"},{"KKDWDM":"071","XS":96,"BYBZ":"0","JSJC":2,"XXXQDM":"02","KXH":"11","KSJC":1,"XKZRS":137,"SKZC":"000000001000000000000000000000","SKJS":"桂预风","ISTK":0,"ZCMC":"9周","YPSJDD":"9周 星期日 第1节-第2节 南湖南-博学主楼-210,17周 星期三 第1节-第2节 南湖南-博学主楼-210,1-5周,7-9周,11-16周 星期五 第1节-第2节 南湖南-博学主楼-210,1-10周,12-14周,16-17周 星期一 第1节-第2节 南湖南-博学主楼-210,1-16周 星期三 第3节-第4节 南湖南-博学主楼-502,17周 星期二 第1节-第2节 南湖南-博学主楼-210","XF":6,"SKXQ":7,"XNXQDM":"2024-2025-2","KCM":"数学分析2","JASDM":"0202040210","JXLDM":"020204","JXBID":"20242-10293","SKBJ":"数学类2410-12,金融sy2401","TYXMDM":null,"KCH":"10153111002"},{"KKDWDM":"071","XS":96,"BYBZ":"0","JSJC":4,"XXXQDM":"02","KXH":"15","KSJC":3,"XKZRS":106,"SKZC":"000000000011111100000000000000","SKJS":"吴兴龙,王振","ISTK":0,"ZCMC":"11-16周","YPSJDD":"16-17周 星期一 第3节-第4节 南湖南-博学主楼-210,1-10周 星期一 第3节-第4节 南湖南-博学主楼-210,7-9周 星期五 第3节-第4节 南湖南-博学主楼-210,1-5周 星期五 第3节-第4节 南湖南-博学主楼-210,9周 星期日 第3节-第4节 南湖南-博学主楼-210,17周 星期二 第3节-第4节 南湖南-博学主楼-210,11-16周 星期五 第3节-第4节 南湖南-博学主楼-210,17周 星期三 第3节-第4节 南湖南-博学主楼-210,12-14周 星期一 第3节-第4节 南湖南-博学主楼-210,1-16周 星期三 第1节-第2节 南湖南-博学主楼-210","XF":6,"SKXQ":5,"XNXQDM":"2024-2025-2","KCM":"数学分析2","JASDM":"0202040210","JXLDM":"020204","JXBID":"20242-10290","SKBJ":"数学jd2401,数学类2401-03","TYXMDM":null,"KCH":"10153111002"},{"KKDWDM":"038","XS":32,"BYBZ":"0","JSJC":2,"XXXQDM":"02","KXH":"22","KSJC":1,"XKZRS":121,"SKZC":"000000000011100000000000000000","SKJS":"丁博","ISTK":0,"ZCMC":"11-13周","YPSJDD":"1-9周 星期四 第1节-第2节 南湖南-博学主楼-210,11-13周 星期四 第1节-第2节 南湖南-博学主楼-210","XF":2,"SKXQ":4,"XNXQDM":"2024-2025-2","KCM":"心理健康教育","JASDM":"0202040210","JXLDM":"020204","JXBID":"20242-11929","SKBJ":"工设g2401-02,车辆gj2401-02","TYXMDM":null,"KCH":"10388117003"},{"KKDWDM":"071","XS":96,"BYBZ":"0","JSJC":4,"XXXQDM":"02","KXH":"15","KSJC":3,"XKZRS":106,"SKZC":"000000000001110000000000000000","SKJS":"吴兴龙,王振","ISTK":0,"ZCMC":"12-14周","YPSJDD":"16-17周 星期一 第3节-第4节 南湖南-博学主楼-210,1-10周 星期一 第3节-第4节 南湖南-博学主楼-210,7-9周 星期五 第3节-第4节 南湖南-博学主楼-210,1-5周 星期五 第3节-第4节 南湖南-博学主楼-210,9周 星期日 第3节-第4节 南湖南-博学主楼-210,17周 星期二 第3节-第4节 南湖南-博学主楼-210,11-16周 星期五 第3节-第4节 南湖南-博学主楼-210,17周 星期三 第3节-第4节 南湖南-博学主楼-210,12-14周 星期一 第3节-第4节 南湖南-博学主楼-210,1-16周 星期三 第1节-第2节 南湖南-博学主楼-210","XF":6,"SKXQ":1,"XNXQDM":"2024-2025-2","KCM":"数学分析2","JASDM":"0202040210","JXLDM":"020204","JXBID":"20242-10290","SKBJ":"数学jd2401,数学类2401-03","TYXMDM":null,"KCH":"10153111002"},{"KKDWDM":"021","XS":36,"BYBZ":"0","JSJC":8,"XXXQDM":"02","KXH":"09","KSJC":6,"XKZRS":109,"SKZC":"000000000001100000000000000000","SKJS":"张煜","ISTK":0,"ZCMC":"12-13周","YPSJDD":"1-10周 星期一 第6节-第8节 南湖南-博学主楼-210,12-13周 星期一 第6节-第8节 南湖南-博学主楼-210","XF":2,"SKXQ":1,"XNXQDM":"2024-2025-2","KCM":"习近平新时代中国特色社会主义思想概论","JASDM":"0202040210","JXLDM":"020204","JXBID":"20242-12210","SKBJ":"制药zy2301-03","TYXMDM":null,"KCH":"10211121033"},{"KKDWDM":"021","XS":8,"BYBZ":"0","JSJC":10,"XXXQDM":"02","KXH":"682","KSJC":9,"XKZRS":136,"SKZC":"0000000000001111000000000","SKJS":"陈梦霖","ISTK":0,"ZCMC":"13-16周","YPSJDD":"13-16周 星期四 第9节-第10节 南湖南-博学主楼-210","XF":0,"SKXQ":4,"XNXQDM":"2024-2025-2","KCM":"形势与政策","JASDM":"0202040210","JXLDM":"020204","JXBID":"20242-14273","SKBJ":"化生类2411,土木类2412,工商类2402-09,新闻类2401-04,机电类2401-11,机电类2415,生科类2405,电信类2417,经济学类2402,金融sy2401","TYXMDM":null,"KCH":"10218121092"},{"KKDWDM":"021","XS":8,"BYBZ":"0","JSJC":7,"XXXQDM":"02","KXH":"680","KSJC":6,"XKZRS":138,"SKZC":"0000000000001111000000000","SKJS":"李静蓉","ISTK":0,"ZCMC":"13-16周","YPSJDD":"13-16周 星期四 第6节-第7节 南湖南-博学主楼-210","XF":0,"SKXQ":4,"XNXQDM":"2024-2025-2","KCM":"形势与政策","JASDM":"0202040210","JXLDM":"020204","JXBID":"20242-14271","SKBJ":"土木类2413,智能制造zs2401,环科类2401,生科类2401,电信类2412-14,电信类2416-18,管科类2401-03,经济学类2401,车辆类2408","TYXMDM":null,"KCH":"10218121092"},{"KKDWDM":"071","XS":40,"BYBZ":"0","JSJC":4,"XXXQDM":"02","KXH":"09","KSJC":3,"XKZRS":138,"SKZC":"000000000000110000000000","SKJS":"潘珂凡","ISTK":0,"ZCMC":"13-14周","YPSJDD":"13-14周 星期二 第3节-第4节 南湖南-博学主楼-210,1-12周 星期二 第3节-第5节 南湖南-博学主楼-210","XF":2,"SKXQ":2,"XNXQDM":"2024-2025-2","KCM":"线性代数","JASDM":"0202040210","JXLDM":"020204","JXBID":"20242-06111","SKBJ":"机电类2401-15","TYXMDM":null,"KCH":"10153111001"},{"KKDWDM":"071","XS":40,"BYBZ":"0","JSJC":4,"XXXQDM":"02","KXH":"31","KSJC":3,"XKZRS":128,"SKZC":"000000000000110000000000","SKJS":"王建华","ISTK":0,"ZCMC":"13-14周","YPSJDD":"13-14周 星期三 第3节-第4节 南湖南-博学主楼-210,1-12周 星期三 第3节-第5节 南湖南-博学主楼-210","XF":2,"SKXQ":3,"XNXQDM":"2024-2025-2","KCM":"线性代数","JASDM":"0202040210","JXLDM":"020204","JXBID":"20242-11748","SKBJ":"车辆类2409-12","TYXMDM":null,"KCH":"10153111001"},{"KKDWDM":"071","XS":40,"BYBZ":"0","JSJC":4,"XXXQDM":"02","KXH":"33","KSJC":3,"XKZRS":113,"SKZC":"000000000000011000000000","SKJS":"向建林","ISTK":0,"ZCMC":"14-15周","YPSJDD":"14-15周 星期四 第3节-第4节 南湖南-博学主楼-210,1-9周,11-13周 星期四 第3节-第5节 南湖南-博学主楼-210","XF":2,"SKXQ":4,"XNXQDM":"2024-2025-2","KCM":"线性代数","JASDM":"0202040210","JXLDM":"020204","JXBID":"20242-11750","SKBJ":"计算机类2405-08","TYXMDM":null,"KCH":"10153111001"},{"KKDWDM":"071","XS":96,"BYBZ":"0","JSJC":4,"XXXQDM":"02","KXH":"15","KSJC":3,"XKZRS":106,"SKZC":"000000000000000110000000000000","SKJS":"吴兴龙,王振","ISTK":0,"ZCMC":"16-17周","YPSJDD":"16-17周 星期一 第3节-第4节 南湖南-博学主楼-210,1-10周 星期一 第3节-第4节 南湖南-博学主楼-210,7-9周 星期五 第3节-第4节 南湖南-博学主楼-210,1-5周 星期五 第3节-第4节 南湖南-博学主楼-210,9周 星期日 第3节-第4节 南湖南-博学主楼-210,17周 星期二 第3节-第4节 南湖南-博学主楼-210,11-16周 星期五 第3节-第4节 南湖南-博学主楼-210,17周 星期三 第3节-第4节 南湖南-博学主楼-210,12-14周 星期一 第3节-第4节 南湖南-博学主楼-210,1-16周 星期三 第1节-第2节 南湖南-博学主楼-210","XF":6,"SKXQ":1,"XNXQDM":"2024-2025-2","KCM":"数学分析2","JASDM":"0202040210","JXLDM":"020204","JXBID":"20242-10290","SKBJ":"数学jd2401,数学类2401-03","TYXMDM":null,"KCH":"10153111002"},{"KKDWDM":"071","XS":96,"BYBZ":"0","JSJC":2,"XXXQDM":"02","KXH":"11","KSJC":1,"XKZRS":137,"SKZC":"000000000000000010000000000000","SKJS":"桂预风","ISTK":0,"ZCMC":"17周","YPSJDD":"9周 星期日 第1节-第2节 南湖南-博学主楼-210,17周 星期三 第1节-第2节 南湖南-博学主楼-210,1-5周,7-9周,11-16周 星期五 第1节-第2节 南湖南-博学主楼-210,1-10周,12-14周,16-17周 星期一 第1节-第2节 南湖南-博学主楼-210,1-16周 星期三 第3节-第4节 南湖南-博学主楼-502,17周 星期二 第1节-第2节 南湖南-博学主楼-210","XF":6,"SKXQ":3,"XNXQDM":"2024-2025-2","KCM":"数学分析2","JASDM":"0202040210","JXLDM":"020204","JXBID":"20242-10293","SKBJ":"数学类2410-12,金融sy2401","TYXMDM":null,"KCH":"10153111002"},{"KKDWDM":"071","XS":96,"BYBZ":"0","JSJC":4,"XXXQDM":"02","KXH":"15","KSJC":3,"XKZRS":106,"SKZC":"000000000000000010000000000000","SKJS":"吴兴龙,王振","ISTK":0,"ZCMC":"17周","YPSJDD":"16-17周 星期一 第3节-第4节 南湖南-博学主楼-210,1-10周 星期一 第3节-第4节 南湖南-博学主楼-210,7-9周 星期五 第3节-第4节 南湖南-博学主楼-210,1-5周 星期五 第3节-第4节 南湖南-博学主楼-210,9周 星期日 第3节-第4节 南湖南-博学主楼-210,17周 星期二 第3节-第4节 南湖南-博学主楼-210,11-16周 星期五 第3节-第4节 南湖南-博学主楼-210,17周 星期三 第3节-第4节 南湖南-博学主楼-210,12-14周 星期一 第3节-第4节 南湖南-博学主楼-210,1-16周 星期三 第1节-第2节 南湖南-博学主楼-210","XF":6,"SKXQ":3,"XNXQDM":"2024-2025-2","KCM":"数学分析2","JASDM":"0202040210","JXLDM":"020204","JXBID":"20242-10290","SKBJ":"数学jd2401,数学类2401-03","TYXMDM":null,"KCH":"10153111002"},{"KKDWDM":"071","XS":96,"BYBZ":"0","JSJC":4,"XXXQDM":"02","KXH":"15","KSJC":3,"XKZRS":106,"SKZC":"000000000000000010000000000000","SKJS":"吴兴龙,王振","ISTK":0,"ZCMC":"17周","YPSJDD":"16-17周 星期一 第3节-第4节 南湖南-博学主楼-210,1-10周 星期一 第3节-第4节 南湖南-博学主楼-210,7-9周 星期五 第3节-第4节 南湖南-博学主楼-210,1-5周 星期五 第3节-第4节 南湖南-博学主楼-210,9周 星期日 第3节-第4节 南湖南-博学主楼-210,17周 星期二 第3节-第4节 南湖南-博学主楼-210,11-16周 星期五 第3节-第4节 南湖南-博学主楼-210,17周 星期三 第3节-第4节 南湖南-博学主楼-210,12-14周 星期一 第3节-第4节 南湖南-博学主楼-210,1-16周 星期三 第1节-第2节 南湖南-博学主楼-210","XF":6,"SKXQ":2,"XNXQDM":"2024-2025-2","KCM":"数学分析2","JASDM":"0202040210","JXLDM":"020204","JXBID":"20242-10290","SKBJ":"数学jd2401,数学类2401-03","TYXMDM":null,"KCH":"10153111002"},{"KKDWDM":"071","XS":96,"BYBZ":"0","JSJC":2,"XXXQDM":"02","KXH":"11","KSJC":1,"XKZRS":137,"SKZC":"000000000000000010000000000000","SKJS":"桂预风","ISTK":0,"ZCMC":"17周","YPSJDD":"9周 星期日 第1节-第2节 南湖南-博学主楼-210,17周 星期三 第1节-第2节 南湖南-博学主楼-210,1-5周,7-9周,11-16周 星期五 第1节-第2节 南湖南-博学主楼-210,1-10周,12-14周,16-17周 星期一 第1节-第2节 南湖南-博学主楼-210,1-16周 星期三 第3节-第4节 南湖南-博学主楼-502,17周 星期二 第1节-第2节 南湖南-博学主楼-210","XF":6,"SKXQ":2,"XNXQDM":"2024-2025-2","KCM":"数学分析2","JASDM":"0202040210","JXLDM":"020204","JXBID":"20242-10293","SKBJ":"数学类2410-12,金融sy2401","TYXMDM":null,"KCH":"10153111002"}]}},"code":"0"}