{"datas":{"jaskcb":{"extParams":{"code":1,"msg":"查询成功"},"pageSize":0,"pageNumber":0,"totalSize":-1,"rows":[{"KKDWDM":"008","XS":48,"BYBZ":"0","JSJC":2,"XXXQDM":"02","KXH":"01","KSJC":1,"XKZRS":71,"SKZC":"111111111111000000000000000000","SKJS":"汪开普","ISTK":0,"ZCMC":"1-12周","YPSJDD":"11-13周 星期四 第1节-第2节 南湖南-博学西楼-504,1-12周 星期二 第1节-第2节 南湖南-博学西楼-504,1-9周 星期四 第1节-第2节 南湖南-博学西楼-504","XF":3,"SKXQ":2,"XNXQDM":"2024-2025-2","KCM":"设施规划","JASDM":"0202030504","JXLDM":"020203","JXBID":"20242-02378","SKBJ":"工业gc2201-02","TYXMDM":null,"KCH":"10084121066"},{"KKDWDM":"012","XS":48,"BYBZ":"0","JSJC":5,"XXXQDM":"02","KXH":"01","KSJC":3,"XKZRS":75,"SKZC":"111111111101100000000000","SKJS":"杜亚娟","ISTK":0,"ZCMC":"1-10周,12-13周","YPSJDD":"14-16周(双) 星期一 第3节-第4节 南湖南-博学西楼-504,1-10周,12-13周 星期一 第3节-第5节 南湖南-博学西楼-504","XF":3,"SKXQ":1,"XNXQDM":"2024-2025-2","KCM":"操作系统","JASDM":"0202030504","JXLDM":"020203","JXBID":"20242-05008","SKBJ":"大数据2301-02","TYXMDM":null,"KCH":"10124121064"},{"KKDWDM":"003","XS":32,"BYBZ":"0","JSJC":8,"XXXQDM":"02","KXH":"06","KSJC":6,"XKZRS":72,"SKZC":"111111111100000000000000","SKJS":"李宝文,罗巍","ISTK":0,"ZCMC":"1-10周","YPSJDD":"12周 星期一 第6节-第7节 南湖南-博学西楼-504,1-10周 星期一 第6节-第8节 南湖南-博学西楼-504","XF":2,"SKXQ":1,"XNXQDM":"2024-2025-2","KCM":"材料概论","JASDM":"0202030504","JXLDM":"020203","JXBID":"20242-11417","SKBJ":"材料类2401-02","TYXMDM":null,"KCH":"10105111044"},{"KKDWDM":"072","XS":32,"BYBZ":"0","JSJC":8,"XXXQDM":"02","KXH":"01","KSJC":6,"XKZRS":72,"SKZC":"111111111100000000000000","SKJS":"熊遥","ISTK":0,"ZCMC":"1-10周","YPSJDD":"11周 星期二 第6节-第7节 南湖南-博学西楼-504,1-10周 星期二 第6节-第8节 南湖南-博学西楼-504","XF":2,"SKXQ":2,"XNXQDM":"2024-2025-2","KCM":"嵌入式系统及其应用","JASDM":"0202030504","JXLDM":"020203","JXBID":"20242-02468","SKBJ":"电信科2201-02","TYXMDM":null,"KCH":"10083111004"},{"KKDWDM":"017","XS":32,"BYBZ":"0","JSJC":5,"XXXQDM":"02","KXH":"02","KSJC":3,"XKZRS":66,"SKZC":"111111111100000000000000","SKJS":"李游","ISTK":0,"ZCMC":"1-10周","YPSJDD":"11周 星期三 第3节-第4节 南湖南-博学西楼-504,1-10周 星期三 第3节-第5节 南湖南-博学西楼-504","XF":2,"SKXQ":3,"XNXQDM":"2024-2025-2","KCM":"数据驱动营销","JASDM":"0202030504","JXLDM":"020203","JXBID":"20242-02643","SKBJ":"营销2201-02","TYXMDM":null,"KCH":"10175117032"},{"KKDWDM":"008","XS":48,"BYBZ":"0","JSJC":2,"XXXQDM":"02","KXH":"01","KSJC":1,"XKZRS":71,"SKZC":"111111111000000000000000000000","SKJS":"汪开普","ISTK":0,"ZCMC":"1-9周","YPSJDD":"11-13周 星期四 第1节-第2节 南湖南-博学西楼-504,1-12周 星期二 第1节-第2节 南湖南-博学西楼-504,1-9周 星期四 第1节-第2节 南湖南-博学西楼-504","XF":3,"SKXQ":4,"XNXQDM":"2024-2025-2","KCM":"设施规划","JASDM":"0202030504","JXLDM":"020203","JXBID":"20242-02378","SKBJ":"工业gc2201-02","TYXMDM":null,"KCH":"10084121066"},{"KKDWDM":"017","XS":32,"BYBZ":"0","JSJC":4,"XXXQDM":"02","KXH":"01","KSJC":3,"XKZRS":32,"SKZC":"111111110000000000000000","SKJS":"关飞扬","ISTK":0,"ZCMC":"1-8周","YPSJDD":"1-8周 星期二 第3节-第4节 南湖南-博学西楼-504","XF":2,"SKXQ":2,"XNXQDM":"2024-2025-2","KCM":"会计智能决策","JASDM":"0202030504","JXLDM":"020203","JXBID":"20242-02143","SKBJ":"会计2201-02","TYXMDM":null,"KCH":"10175121053"},{"KKDWDM":"008","XS":32,"BYBZ":"0","JSJC":4,"XXXQDM":"02","KXH":"03","KSJC":3,"XKZRS":46,"SKZC":"111110000000000000000000000000","SKJS":"宋涵","ISTK":0,"ZCMC":"1-5周","YPSJDD":"7-9周 星期五 第3节-第4节 南湖南-博学西楼-504,11-15周 星期五 第3节-第4节 南湖南-博学西楼-504,9周 星期日 第3节-第4节 南湖南-博学西楼-504,1-5周 星期五 第3节-第4节 南湖南-博学西楼-504","XF":2,"SKXQ":5,"XNXQDM":"2024-2025-2","KCM":"流体力学与液压传动B","JASDM":"0202030504","JXLDM":"020203","JXBID":"20242-11128","SKBJ":"机械2301","TYXMDM":null,"KCH":"10085117017"},{"KKDWDM":"008","XS":32,"BYBZ":"0","JSJC":4,"XXXQDM":"02","KXH":"03","KSJC":3,"XKZRS":46,"SKZC":"000000111000000000000000000000","SKJS":"宋涵","ISTK":0,"ZCMC":"7-9周","YPSJDD":"7-9周 星期五 第3节-第4节 南湖南-博学西楼-504,11-15周 星期五 第3节-第4节 南湖南-博学西楼-504,9周 星期日 第3节-第4节 南湖南-博学西楼-504,1-5周 星期五 第3节-第4节 南湖南-博学西楼-504","XF":2,"SKXQ":5,"XNXQDM":"2024-2025-2","KCM":"流体力学与液压传动B","JASDM":"0202030504","JXLDM":"020203","JXBID":"20242-11128","SKBJ":"机械2301","TYXMDM":null,"KCH":"10085117017"},{"KKDWDM":"007","XS":24,"BYBZ":"0","JSJC":5,"XXXQDM":"02","KXH":"06","KSJC":3,"XKZRS":32,"SKZC":"0000000011111111","SKJS":"李其仲","ISTK":0,"ZCMC":"9-16周","YPSJDD":"9-16周 星期二 第3节-第5节 南湖南-博学西楼-504","XF":1,"SKXQ":2,"XNXQDM":"2024-2025-2","KCM":"机械制造基础","JASDM":"0202030504","JXLDM":"020203","JXBID":"20242-11394","SKBJ":"车辆2304","TYXMDM":null,"KCH":"10074117101"},{"KKDWDM":"008","XS":32,"BYBZ":"0","JSJC":4,"XXXQDM":"02","KXH":"03","KSJC":3,"XKZRS":46,"SKZC":"000000001000000000000000000000","SKJS":"宋涵","ISTK":0,"ZCMC":"9周","YPSJDD":"7-9周 星期五 第3节-第4节 南湖南-博学西楼-504,11-15周 星期五 第3节-第4节 南湖南-博学西楼-504,9周 星期日 第3节-第4节 南湖南-博学西楼-504,1-5周 星期五 第3节-第4节 南湖南-博学西楼-504","XF":2,"SKXQ":7,"XNXQDM":"2024-2025-2","KCM":"流体力学与液压传动B","JASDM":"0202030504","JXLDM":"020203","JXBID":"20242-11128","SKBJ":"机械2301","TYXMDM":null,"KCH":"10085117017"},{"KKDWDM":"008","XS":32,"BYBZ":"0","JSJC":4,"XXXQDM":"02","KXH":"03","KSJC":3,"XKZRS":46,"SKZC":"000000000011111000000000000000","SKJS":"宋涵","ISTK":0,"ZCMC":"11-15周","YPSJDD":"7-9周 星期五 第3节-第4节 南湖南-博学西楼-504,11-15周 星期五 第3节-第4节 南湖南-博学西楼-504,9周 星期日 第3节-第4节 南湖南-博学西楼-504,1-5周 星期五 第3节-第4节 南湖南-博学西楼-504","XF":2,"SKXQ":5,"XNXQDM":"2024-2025-2","KCM":"流体力学与液压传动B","JASDM":"0202030504","JXLDM":"020203","JXBID":"20242-11128","SKBJ":"机械2301","TYXMDM":null,"KCH":"10085117017"},{"KKDWDM":"008","XS":48,"BYBZ":"0","JSJC":2,"XXXQDM":"02","KXH":"01","KSJC":1,"XKZRS":71,"SKZC":"000000000011100000000000000000","SKJS":"汪开普","ISTK":0,"ZCMC":"11-13周","YPSJDD":"11-13周 星期四 第1节-第2节 南湖南-博学西楼-504,1-12周 星期二 第1节-第2节 南湖南-博学西楼-504,1-9周 星期四 第1节-第2节 南湖南-博学西楼-504","XF":3,"SKXQ":4,"XNXQDM":"2024-2025-2","KCM":"设施规划","JASDM":"0202030504","JXLDM":"020203","JXBID":"20242-02378","SKBJ":"工业gc2201-02","TYXMDM":null,"KCH":"10084121066"},{"KKDWDM":"072","XS":32,"BYBZ":"0","JSJC":7,"XXXQDM":"02","KXH":"01","KSJC":6,"XKZRS":72,"SKZC":"000000000010000000000000","SKJS":"熊遥","ISTK":0,"ZCMC":"11周","YPSJDD":"11周 星期二 第6节-第7节 南湖南-博学西楼-504,1-10周 星期二 第6节-第8节 南湖南-博学西楼-504","XF":2,"SKXQ":2,"XNXQDM":"2024-2025-2","KCM":"嵌入式系统及其应用","JASDM":"0202030504","JXLDM":"020203","JXBID":"20242-02468","SKBJ":"电信科2201-02","TYXMDM":null,"KCH":"10083111004"},{"KKDWDM":"017","XS":32,"BYBZ":"0","JSJC":4,"XXXQDM":"02","KXH":"02","KSJC":3,"XKZRS":66,"SKZC":"000000000010000000000000","SKJS":"李游","ISTK":0,"ZCMC":"11周","YPSJDD":"11周 星期三 第3节-第4节 南湖南-博学西楼-504,1-10周 星期三 第3节-第5节 南湖南-博学西楼-504","XF":2,"SKXQ":3,"XNXQDM":"2024-2025-2","KCM":"数据驱动营销","JASDM":"0202030504","JXLDM":"020203","JXBID":"20242-02643","SKBJ":"营销2201-02","TYXMDM":null,"KCH":"10175117032"},{"KKDWDM":"003","XS":32,"BYBZ":"0","JSJC":7,"XXXQDM":"02","KXH":"06","KSJC":6,"XKZRS":72,"SKZC":"000000000001000000000000","SKJS":"李宝文,罗巍","ISTK":0,"ZCMC":"12周","YPSJDD":"12周 星期一 第6节-第7节 南湖南-博学西楼-504,1-10周 星期一 第6节-第8节 南湖南-博学西楼-504","XF":2,"SKXQ":1,"XNXQDM":"2024-2025-2","KCM":"材料概论","JASDM":"0202030504","JXLDM":"020203","JXBID":"20242-11417","SKBJ":"材料类2401-02","TYXMDM":null,"KCH":"10105111044"},{"KKDWDM":"012","XS":48,"BYBZ":"0","JSJC":4,"XXXQDM":"02","KXH":"01","KSJC":3,"XKZRS":75,"SKZC":"000000000000010100000000","SKJS":"杜亚娟","ISTK":0,"ZCMC":"14-16周(双)","YPSJDD":"14-16周(双) 星期一 第3节-第4节 南湖南-博学西楼-504,1-10周,12-13周 星期一 第3节-第5节 南湖南-博学西楼-504","XF":3,"SKXQ":1,"XNXQDM":"2024-2025-2","KCM":"操作系统","JASDM":"0202030504","JXLDM":"020203","JXBID":"20242-05008","SKBJ":"大数据2301-02","TYXMDM":null,"KCH":"10124121064"}]}},"code":"0"}