{"datas":{"jaskcb":{"extParams":{"code":1,"msg":"查询成功"},"pageSize":0,"pageNumber":0,"totalSize":-1,"rows":[{"KKDWDM":"071","XS":96,"BYBZ":"0","JSJC":4,"XXXQDM":"02","KXH":"11","KSJC":3,"XKZRS":137,"SKZC":"111111111111111100000000000000","SKJS":"桂预风","ISTK":0,"ZCMC":"1-16周","YPSJDD":"9周 星期日 第1节-第2节 南湖南-博学主楼-210,17周 星期三 第1节-第2节 南湖南-博学主楼-210,1-5周,7-9周,11-16周 星期五 第1节-第2节 南湖南-博学主楼-210,1-10周,12-14周,16-17周 星期一 第1节-第2节 南湖南-博学主楼-210,1-16周 星期三 第3节-第4节 南湖南-博学主楼-502,17周 星期二 第1节-第2节 南湖南-博学主楼-210","XF":6,"SKXQ":3,"XNXQDM":"2024-2025-2","KCM":"数学分析2","JASDM":"0202040502","JXLDM":"020204","JXBID":"20242-10293","SKBJ":"数学类2410-12,金融sy2401","TYXMDM":null,"KCH":"10153111002"},{"KKDWDM":"013","XS":64,"BYBZ":"0","JSJC":4,"XXXQDM":"02","KXH":"06","KSJC":3,"XKZRS":136,"SKZC":"111111111111110000000000000000","SKJS":"林伟","ISTK":0,"ZCMC":"1-14周","YPSJDD":"11-14周 星期五 第6节-第7节 南湖南-博学主楼-502,1-5周 星期五 第6节-第7节 南湖南-博学主楼-502,9周 星期日 第6节-第7节 南湖南-博学主楼-502,1-14周 星期二 第3节-第4节 南湖南-博学主楼-502,7-9周 星期五 第6节-第7节 南湖南-博学主楼-502","XF":4,"SKXQ":2,"XNXQDM":"2024-2025-2","KCM":"电工与电子技术基础B","JASDM":"0202040502","JXLDM":"020204","JXBID":"20242-06805","SKBJ":"机械2301-03","TYXMDM":null,"KCH":"10133121096"},{"KKDWDM":"072","XS":32,"BYBZ":"0","JSJC":13,"XXXQDM":"02","KXH":"01","KSJC":11,"XKZRS":96,"SKZC":"111111111100000000000000","SKJS":"徐丰,李明钰,浦实,陈志宏","ISTK":0,"ZCMC":"1-10周","YPSJDD":"11周 星期二 第11节-第12节 南湖南-博学主楼-502,1-10周 星期二 第11节-第13节 南湖南-博学主楼-502","XF":2,"SKXQ":2,"XNXQDM":"2024-2025-2","KCM":"无线电技术入门与进阶(GX)","JASDM":"0202040502","JXLDM":"020204","JXBID":"20242-08974","SKBJ":"公选-08974","TYXMDM":null,"KCH":"10152121097"},{"KKDWDM":"072","XS":48,"BYBZ":"0","JSJC":8,"XXXQDM":"02","KXH":"02","KSJC":6,"XKZRS":59,"SKZC":"111111111100000000000000","SKJS":"陈刚","ISTK":0,"ZCMC":"1-10周","YPSJDD":"12周 星期一 第6节-第7节 南湖南-博学主楼-502,1-10周 星期一 第6节-第8节 南湖南-博学主楼-502","XF":3,"SKXQ":1,"XNXQDM":"2024-2025-2","KCM":"有限元分析与应用C","JASDM":"0202040502","JXLDM":"020204","JXBID":"20242-02670","SKBJ":"工力2201-02","TYXMDM":null,"KCH":"10155117029"},{"KKDWDM":"017","XS":32,"BYBZ":"0","JSJC":5,"XXXQDM":"02","KXH":"01","KSJC":3,"XKZRS":63,"SKZC":"111111111100000000000000","SKJS":"殷向洲","ISTK":0,"ZCMC":"1-10周","YPSJDD":"12周 星期一 第3节-第4节 南湖南-博学主楼-502,1-10周 星期一 第3节-第5节 南湖南-博学主楼-502","XF":2,"SKXQ":1,"XNXQDM":"2024-2025-2","KCM":"创业营销","JASDM":"0202040502","JXLDM":"020204","JXBID":"20242-02951","SKBJ":"营销2201-02","TYXMDM":null,"KCH":"10174117146"},{"KKDWDM":"021","XS":36,"BYBZ":"0","JSJC":5,"XXXQDM":"02","KXH":"102","KSJC":3,"XKZRS":109,"SKZC":"111111111000000000000000000000","SKJS":"张奇","ISTK":0,"ZCMC":"1-9周","YPSJDD":"1-9周 星期四 第3节-第5节 南湖南-博学主楼-502,11-13周 星期四 第3节-第5节 南湖南-博学主楼-502","XF":2,"SKXQ":4,"XNXQDM":"2024-2025-2","KCM":"习近平新时代中国特色社会主义思想概论","JASDM":"0202040502","JXLDM":"020204","JXBID":"20242-05038","SKBJ":"汽服2301-02,能源zy2301","TYXMDM":null,"KCH":"10211121033"},{"KKDWDM":"072","XS":24,"BYBZ":"0","JSJC":13,"XXXQDM":"02","KXH":"01","KSJC":11,"XKZRS":135,"SKZC":"111111110000000000000000","SKJS":"朱懿,毛英男,王科臣","ISTK":0,"ZCMC":"1-8周","YPSJDD":"1-8周 星期一 第11节-第13节 南湖南-博学主楼-502","XF":1,"SKXQ":1,"XNXQDM":"2024-2025-2","KCM":"从夸克、暗物质到大爆炸宇宙学(GX)","JASDM":"0202040502","JXLDM":"020204","JXBID":"20242-08001","SKBJ":"公选-08001","TYXMDM":null,"KCH":"10152121086"},{"KKDWDM":"018","XS":40,"BYBZ":"0","JSJC":2,"XXXQDM":"02","KXH":"01","KSJC":1,"XKZRS":45,"SKZC":"11111111","SKJS":"汪芳","ISTK":0,"ZCMC":"1-8周","YPSJDD":"1-8周 星期三 第1节-第2节 南湖南-博学主楼-502,1-8周 星期一 第3节-第5节 南湖南-博学主楼-510","XF":2,"SKXQ":3,"XNXQDM":"2024-2025-2","KCM":"产业经济学A","JASDM":"0202040502","JXLDM":"020204","JXBID":"20242-03717","SKBJ":"经 济2201-02","TYXMDM":null,"KCH":"10184111015"},{"KKDWDM":"072","XS":32,"BYBZ":"0","JSJC":13,"XXXQDM":"02","KXH":"01","KSJC":11,"XKZRS":54,"SKZC":"111111000000000000000000","SKJS":"黄维","ISTK":0,"ZCMC":"1-6周","YPSJDD":"7周 星期三 第11节-第12节 南湖南-博学主楼-502,1-6周 星期三 第11节-第13节 南湖南-博学主楼-502","XF":2,"SKXQ":3,"XNXQDM":"2024-2025-2","KCM":"自然力与创新：力学仿生探索与科学创造(GX)","JASDM":"0202040502","JXLDM":"020204","JXBID":"20242-08975","SKBJ":"公选-08975","TYXMDM":null,"KCH":"10152121224"},{"KKDWDM":"010","XS":32,"BYBZ":"0","JSJC":5,"XXXQDM":"02","KXH":"02","KSJC":3,"XKZRS":53,"SKZC":"111110111010000000000000","SKJS":"叶丽","ISTK":0,"ZCMC":"1-5周,7-9周,11周","YPSJDD":"12周 星期五 第3节-第4节 南湖南-博学主楼-502,1-5周,7-9周,11周 星期五 第3节-第5节 南湖南-博学主楼-502,9周 星期日 第3节-第5节 南湖南-博学主楼-502","XF":2,"SKXQ":5,"XNXQDM":"2024-2025-2","KCM":"生态工程学","JASDM":"0202040502","JXLDM":"020204","JXBID":"20242-02745","SKBJ":"环工2201-02","TYXMDM":null,"KCH":"10097311021"},{"KKDWDM":"013","XS":64,"BYBZ":"0","JSJC":7,"XXXQDM":"02","KXH":"06","KSJC":6,"XKZRS":136,"SKZC":"111110000000000000000000000000","SKJS":"林伟","ISTK":0,"ZCMC":"1-5周","YPSJDD":"11-14周 星期五 第6节-第7节 南湖南-博学主楼-502,1-5周 星期五 第6节-第7节 南湖南-博学主楼-502,9周 星期日 第6节-第7节 南湖南-博学主楼-502,1-14周 星期二 第3节-第4节 南湖南-博学主楼-502,7-9周 星期五 第6节-第7节 南湖南-博学主楼-502","XF":4,"SKXQ":5,"XNXQDM":"2024-2025-2","KCM":"电工与电子技术基础B","JASDM":"0202040502","JXLDM":"020204","JXBID":"20242-06805","SKBJ":"机械2301-03","TYXMDM":null,"KCH":"10133121096"},{"KKDWDM":"013","XS":64,"BYBZ":"0","JSJC":7,"XXXQDM":"02","KXH":"06","KSJC":6,"XKZRS":136,"SKZC":"000000111000000000000000000000","SKJS":"林伟","ISTK":0,"ZCMC":"7-9周","YPSJDD":"11-14周 星期五 第6节-第7节 南湖南-博学主楼-502,1-5周 星期五 第6节-第7节 南湖南-博学主楼-502,9周 星期日 第6节-第7节 南湖南-博学主楼-502,1-14周 星期二 第3节-第4节 南湖南-博学主楼-502,7-9周 星期五 第6节-第7节 南湖南-博学主楼-502","XF":4,"SKXQ":5,"XNXQDM":"2024-2025-2","KCM":"电工与电子技术基础B","JASDM":"0202040502","JXLDM":"020204","JXBID":"20242-06805","SKBJ":"机械2301-03","TYXMDM":null,"KCH":"10133121096"},{"KKDWDM":"072","XS":32,"BYBZ":"0","JSJC":12,"XXXQDM":"02","KXH":"01","KSJC":11,"XKZRS":54,"SKZC":"000000100000000000000000","SKJS":"黄维","ISTK":0,"ZCMC":"7周","YPSJDD":"7周 星期三 第11节-第12节 南湖南-博学主楼-502,1-6周 星期三 第11节-第13节 南湖南-博学主楼-502","XF":2,"SKXQ":3,"XNXQDM":"2024-2025-2","KCM":"自然力与创新：力学仿生探索与科学创造(GX)","JASDM":"0202040502","JXLDM":"020204","JXBID":"20242-08975","SKBJ":"公选-08975","TYXMDM":null,"KCH":"10152121224"},{"KKDWDM":"013","XS":64,"BYBZ":"0","JSJC":7,"XXXQDM":"02","KXH":"06","KSJC":6,"XKZRS":136,"SKZC":"000000001000000000000000000000","SKJS":"林伟","ISTK":0,"ZCMC":"9周","YPSJDD":"11-14周 星期五 第6节-第7节 南湖南-博学主楼-502,1-5周 星期五 第6节-第7节 南湖南-博学主楼-502,9周 星期日 第6节-第7节 南湖南-博学主楼-502,1-14周 星期二 第3节-第4节 南湖南-博学主楼-502,7-9周 星期五 第6节-第7节 南湖南-博学主楼-502","XF":4,"SKXQ":7,"XNXQDM":"2024-2025-2","KCM":"电工与电子技术基础B","JASDM":"0202040502","JXLDM":"020204","JXBID":"20242-06805","SKBJ":"机械2301-03","TYXMDM":null,"KCH":"10133121096"},{"KKDWDM":"010","XS":32,"BYBZ":"0","JSJC":5,"XXXQDM":"02","KXH":"02","KSJC":3,"XKZRS":53,"SKZC":"000000001000000000000000","SKJS":"叶丽","ISTK":0,"ZCMC":"9周","YPSJDD":"12周 星期五 第3节-第4节 南湖南-博学主楼-502,1-5周,7-9周,11周 星期五 第3节-第5节 南湖南-博学主楼-502,9周 星期日 第3节-第5节 南湖南-博学主楼-502","XF":2,"SKXQ":7,"XNXQDM":"2024-2025-2","KCM":"生态工程学","JASDM":"0202040502","JXLDM":"020204","JXBID":"20242-02745","SKBJ":"环工2201-02","TYXMDM":null,"KCH":"10097311021"},{"KKDWDM":"013","XS":64,"BYBZ":"0","JSJC":7,"XXXQDM":"02","KXH":"06","KSJC":6,"XKZRS":136,"SKZC":"000000000011110000000000000000","SKJS":"林伟","ISTK":0,"ZCMC":"11-14周","YPSJDD":"11-14周 星期五 第6节-第7节 南湖南-博学主楼-502,1-5周 星期五 第6节-第7节 南湖南-博学主楼-502,9周 星期日 第6节-第7节 南湖南-博学主楼-502,1-14周 星期二 第3节-第4节 南湖南-博学主楼-502,7-9周 星期五 第6节-第7节 南湖南-博学主楼-502","XF":4,"SKXQ":5,"XNXQDM":"2024-2025-2","KCM":"电工与电子技术基础B","JASDM":"0202040502","JXLDM":"020204","JXBID":"20242-06805","SKBJ":"机械2301-03","TYXMDM":null,"KCH":"10133121096"},{"KKDWDM":"021","XS":36,"BYBZ":"0","JSJC":5,"XXXQDM":"02","KXH":"102","KSJC":3,"XKZRS":109,"SKZC":"000000000011100000000000000000","SKJS":"张奇","ISTK":0,"ZCMC":"11-13周","YPSJDD":"1-9周 星期四 第3节-第5节 南湖南-博学主楼-502,11-13周 星期四 第3节-第5节 南湖南-博学主楼-502","XF":2,"SKXQ":4,"XNXQDM":"2024-2025-2","KCM":"习近平新时代中国特色社会主义思想概论","JASDM":"0202040502","JXLDM":"020204","JXBID":"20242-05038","SKBJ":"汽服2301-02,能源zy2301","TYXMDM":null,"KCH":"10211121033"},{"KKDWDM":"072","XS":32,"BYBZ":"0","JSJC":12,"XXXQDM":"02","KXH":"01","KSJC":11,"XKZRS":96,"SKZC":"000000000010000000000000","SKJS":"徐丰,李明钰,浦实,陈志宏","ISTK":0,"ZCMC":"11周","YPSJDD":"11周 星期二 第11节-第12节 南湖南-博学主楼-502,1-10周 星期二 第11节-第13节 南湖南-博学主楼-502","XF":2,"SKXQ":2,"XNXQDM":"2024-2025-2","KCM":"无线电技术入门与进阶(GX)","JASDM":"0202040502","JXLDM":"020204","JXBID":"20242-08974","SKBJ":"公选-08974","TYXMDM":null,"KCH":"10152121097"},{"KKDWDM":"017","XS":32,"BYBZ":"0","JSJC":4,"XXXQDM":"02","KXH":"01","KSJC":3,"XKZRS":63,"SKZC":"000000000001000000000000","SKJS":"殷向洲","ISTK":0,"ZCMC":"12周","YPSJDD":"12周 星期一 第3节-第4节 南湖南-博学主楼-502,1-10周 星期一 第3节-第5节 南湖南-博学主楼-502","XF":2,"SKXQ":1,"XNXQDM":"2024-2025-2","KCM":"创业营销","JASDM":"0202040502","JXLDM":"020204","JXBID":"20242-02951","SKBJ":"营销2201-02","TYXMDM":null,"KCH":"10174117146"},{"KKDWDM":"010","XS":32,"BYBZ":"0","JSJC":4,"XXXQDM":"02","KXH":"02","KSJC":3,"XKZRS":53,"SKZC":"000000000001000000000000","SKJS":"叶丽","ISTK":0,"ZCMC":"12周","YPSJDD":"12周 星期五 第3节-第4节 南湖南-博学主楼-502,1-5周,7-9周,11周 星期五 第3节-第5节 南湖南-博学主楼-502,9周 星期日 第3节-第5节 南湖南-博学主楼-502","XF":2,"SKXQ":5,"XNXQDM":"2024-2025-2","KCM":"生态工程学","JASDM":"0202040502","JXLDM":"020204","JXBID":"20242-02745","SKBJ":"环工2201-02","TYXMDM":null,"KCH":"10097311021"},{"KKDWDM":"072","XS":48,"BYBZ":"0","JSJC":7,"XXXQDM":"02","KXH":"02","KSJC":6,"XKZRS":59,"SKZC":"000000000001000000000000","SKJS":"陈刚","ISTK":0,"ZCMC":"12周","YPSJDD":"12周 星期一 第6节-第7节 南湖南-博学主楼-502,1-10周 星期一 第6节-第8节 南湖南-博学主楼-502","XF":3,"SKXQ":1,"XNXQDM":"2024-2025-2","KCM":"有限元分析与应用C","JASDM":"0202040502","JXLDM":"020204","JXBID":"20242-02670","SKBJ":"工力2201-02","TYXMDM":null,"KCH":"10155117029"}]}},"code":"0"}