{"datas":{"jaskcb":{"extParams":{"code":1,"msg":"查询成功"},"pageSize":0,"pageNumber":0,"totalSize":-1,"rows":[{"KKDWDM":"071","XS":88,"BYBZ":"0","JSJC":2,"XXXQDM":"02","KXH":"53","KSJC":1,"XKZRS":134,"SKZC":"111111111111111000000000000000","SKJS":"陈建业","ISTK":0,"ZCMC":"1-15周","YPSJDD":"1-9周 星期四 第3节-第4节 南湖南-博学主楼-108,11-15周 星期四 第3节-第4节 南湖南-博学主楼-108,1-10周 星期一 第3节-第4节 南湖南-博学主楼-108,12-14周 星期一 第3节-第4节 南湖南-博学主楼-108,1-15周 星期二 第1节-第2节 南湖南-博学主楼-108,16-17周 星期一 第3节-第4节 南湖南-博学主楼-108","XF":5,"SKXQ":2,"XNXQDM":"2024-2025-2","KCM":"高等数学A下","JASDM":"0202040108","JXLDM":"020204","JXBID":"20242-10563","SKBJ":"车辆类2409-12","TYXMDM":null,"KCH":"10153121060"},{"KKDWDM":"071","XS":88,"BYBZ":"0","JSJC":4,"XXXQDM":"02","KXH":"47","KSJC":3,"XKZRS":129,"SKZC":"111111111111111000000000000000","SKJS":"杨爱芳","ISTK":0,"ZCMC":"1-15周","YPSJDD":"11-15周 星期四 第1节-第2节 南湖南-博学主楼-108,1-9周 星期四 第1节-第2节 南湖南-博学主楼-108,16-17周 星期一 第1节-第2节 南湖南-博学主楼-108,1-10周 星期一 第1节-第2节 南湖南-博学主楼-108,1-15周 星期二 第3节-第4节 南湖南-博学主楼-108,12-14周 星期一 第1节-第2节 南湖南-博学主楼-108","XF":5,"SKXQ":2,"XNXQDM":"2024-2025-2","KCM":"高等数学A下","JASDM":"0202040108","JXLDM":"020204","JXBID":"20242-10552","SKBJ":"自动化类2409-12","TYXMDM":null,"KCH":"10153121060"},{"KKDWDM":"071","XS":40,"BYBZ":"0","JSJC":5,"XXXQDM":"02","KXH":"12","KSJC":3,"XKZRS":100,"SKZC":"111111111111000000000000","SKJS":"章晋文","ISTK":0,"ZCMC":"1-12周","YPSJDD":"13-14周 星期三 第3节-第4节 南湖南-博学主楼-108,1-12周 星期三 第3节-第5节 南湖南-博学主楼-108","XF":2,"SKXQ":3,"XNXQDM":"2024-2025-2","KCM":"线性代数","JASDM":"0202040108","JXLDM":"020204","JXBID":"20242-06157","SKBJ":"车辆gcgj2401,车辆类2413-14","TYXMDM":null,"KCH":"10153111001"},{"KKDWDM":"071","XS":88,"BYBZ":"0","JSJC":2,"XXXQDM":"02","KXH":"47","KSJC":1,"XKZRS":129,"SKZC":"111111111100000000000000000000","SKJS":"杨爱芳","ISTK":0,"ZCMC":"1-10周","YPSJDD":"11-15周 星期四 第1节-第2节 南湖南-博学主楼-108,1-9周 星期四 第1节-第2节 南湖南-博学主楼-108,16-17周 星期一 第1节-第2节 南湖南-博学主楼-108,1-10周 星期一 第1节-第2节 南湖南-博学主楼-108,1-15周 星期二 第3节-第4节 南湖南-博学主楼-108,12-14周 星期一 第1节-第2节 南湖南-博学主楼-108","XF":5,"SKXQ":1,"XNXQDM":"2024-2025-2","KCM":"高等数学A下","JASDM":"0202040108","JXLDM":"020204","JXBID":"20242-10552","SKBJ":"自动化类2409-12","TYXMDM":null,"KCH":"10153121060"},{"KKDWDM":"071","XS":88,"BYBZ":"0","JSJC":4,"XXXQDM":"02","KXH":"53","KSJC":3,"XKZRS":134,"SKZC":"111111111100000000000000000000","SKJS":"陈建业","ISTK":0,"ZCMC":"1-10周","YPSJDD":"1-9周 星期四 第3节-第4节 南湖南-博学主楼-108,11-15周 星期四 第3节-第4节 南湖南-博学主楼-108,1-10周 星期一 第3节-第4节 南湖南-博学主楼-108,12-14周 星期一 第3节-第4节 南湖南-博学主楼-108,1-15周 星期二 第1节-第2节 南湖南-博学主楼-108,16-17周 星期一 第3节-第4节 南湖南-博学主楼-108","XF":5,"SKXQ":1,"XNXQDM":"2024-2025-2","KCM":"高等数学A下","JASDM":"0202040108","JXLDM":"020204","JXBID":"20242-10563","SKBJ":"车辆类2409-12","TYXMDM":null,"KCH":"10153121060"},{"KKDWDM":"038","XS":32,"BYBZ":"0","JSJC":13,"XXXQDM":"02","KXH":"01","KSJC":11,"XKZRS":139,"SKZC":"111111111100000000000000","SKJS":"魏超","ISTK":0,"ZCMC":"1-10周","YPSJDD":"11周 星期二 第11节-第12节 南湖南-博学主楼-108,1-10周 星期二 第11节-第13节 南湖南-博学主楼-108","XF":2,"SKXQ":2,"XNXQDM":"2024-2025-2","KCM":"大学生涯规划与职业发展(GX)","JASDM":"0202040108","JXLDM":"020204","JXBID":"20242-09007","SKBJ":"公选-09007","TYXMDM":null,"KCH":"10382121036"},{"KKDWDM":"071","XS":88,"BYBZ":"0","JSJC":2,"XXXQDM":"02","KXH":"47","KSJC":1,"XKZRS":129,"SKZC":"111111111000000000000000000000","SKJS":"杨爱芳","ISTK":0,"ZCMC":"1-9周","YPSJDD":"11-15周 星期四 第1节-第2节 南湖南-博学主楼-108,1-9周 星期四 第1节-第2节 南湖南-博学主楼-108,16-17周 星期一 第1节-第2节 南湖南-博学主楼-108,1-10周 星期一 第1节-第2节 南湖南-博学主楼-108,1-15周 星期二 第3节-第4节 南湖南-博学主楼-108,12-14周 星期一 第1节-第2节 南湖南-博学主楼-108","XF":5,"SKXQ":4,"XNXQDM":"2024-2025-2","KCM":"高等数学A下","JASDM":"0202040108","JXLDM":"020204","JXBID":"20242-10552","SKBJ":"自动化类2409-12","TYXMDM":null,"KCH":"10153121060"},{"KKDWDM":"071","XS":88,"BYBZ":"0","JSJC":4,"XXXQDM":"02","KXH":"53","KSJC":3,"XKZRS":134,"SKZC":"111111111000000000000000000000","SKJS":"陈建业","ISTK":0,"ZCMC":"1-9周","YPSJDD":"1-9周 星期四 第3节-第4节 南湖南-博学主楼-108,11-15周 星期四 第3节-第4节 南湖南-博学主楼-108,1-10周 星期一 第3节-第4节 南湖南-博学主楼-108,12-14周 星期一 第3节-第4节 南湖南-博学主楼-108,1-15周 星期二 第1节-第2节 南湖南-博学主楼-108,16-17周 星期一 第3节-第4节 南湖南-博学主楼-108","XF":5,"SKXQ":4,"XNXQDM":"2024-2025-2","KCM":"高等数学A下","JASDM":"0202040108","JXLDM":"020204","JXBID":"20242-10563","SKBJ":"车辆类2409-12","TYXMDM":null,"KCH":"10153121060"},{"KKDWDM":"010","XS":48,"BYBZ":"0","JSJC":8,"XXXQDM":"02","KXH":"01","KSJC":6,"XKZRS":87,"SKZC":"11111111","SKJS":"何青青,周晗,姜良存,张明,黎华","ISTK":0,"ZCMC":"1-8周","YPSJDD":"1-8周 星期一 第6节-第8节 南湖南-博学主楼-108","XF":3,"SKXQ":1,"XNXQDM":"2024-2025-2","KCM":"空间分析A","JASDM":"0202040108","JXLDM":"020204","JXBID":"20242-04363","SKBJ":"地信2302-03","TYXMDM":null,"KCH":"10104112023"},{"KKDWDM":"071","XS":56,"BYBZ":"0","JSJC":5,"XXXQDM":"02","KXH":"01","KSJC":3,"XKZRS":104,"SKZC":"111110111000000000000000000000","SKJS":"彭幸春","ISTK":0,"ZCMC":"1-5周,7-9周","YPSJDD":"17周 星期三 第3节-第5节 南湖南-博学主楼-108,1-5周,7-9周 星期五 第3节-第5节 南湖南-博学主楼-108,11-16周 星期五 第3节-第5节 南湖南-博学主楼-108,9周 星期日 第3节-第5节 南湖南-博学主楼-108","XF":3,"SKXQ":5,"XNXQDM":"2024-2025-2","KCM":"时间序列分析B","JASDM":"0202040108","JXLDM":"020204","JXBID":"20242-02285","SKBJ":"统计2201-02,金融sy2201","TYXMDM":null,"KCH":"10154112041"},{"KKDWDM":"071","XS":56,"BYBZ":"0","JSJC":5,"XXXQDM":"02","KXH":"01","KSJC":3,"XKZRS":104,"SKZC":"000000001000000000000000000000","SKJS":"彭幸春","ISTK":0,"ZCMC":"9周","YPSJDD":"17周 星期三 第3节-第5节 南湖南-博学主楼-108,1-5周,7-9周 星期五 第3节-第5节 南湖南-博学主楼-108,11-16周 星期五 第3节-第5节 南湖南-博学主楼-108,9周 星期日 第3节-第5节 南湖南-博学主楼-108","XF":3,"SKXQ":7,"XNXQDM":"2024-2025-2","KCM":"时间序列分析B","JASDM":"0202040108","JXLDM":"020204","JXBID":"20242-02285","SKBJ":"统计2201-02,金融sy2201","TYXMDM":null,"KCH":"10154112041"},{"KKDWDM":"071","XS":56,"BYBZ":"0","JSJC":5,"XXXQDM":"02","KXH":"01","KSJC":3,"XKZRS":104,"SKZC":"000000000011111100000000000000","SKJS":"彭幸春","ISTK":0,"ZCMC":"11-16周","YPSJDD":"17周 星期三 第3节-第5节 南湖南-博学主楼-108,1-5周,7-9周 星期五 第3节-第5节 南湖南-博学主楼-108,11-16周 星期五 第3节-第5节 南湖南-博学主楼-108,9周 星期日 第3节-第5节 南湖南-博学主楼-108","XF":3,"SKXQ":5,"XNXQDM":"2024-2025-2","KCM":"时间序列分析B","JASDM":"0202040108","JXLDM":"020204","JXBID":"20242-02285","SKBJ":"统计2201-02,金融sy2201","TYXMDM":null,"KCH":"10154112041"},{"KKDWDM":"071","XS":88,"BYBZ":"0","JSJC":4,"XXXQDM":"02","KXH":"53","KSJC":3,"XKZRS":134,"SKZC":"000000000011111000000000000000","SKJS":"陈建业","ISTK":0,"ZCMC":"11-15周","YPSJDD":"1-9周 星期四 第3节-第4节 南湖南-博学主楼-108,11-15周 星期四 第3节-第4节 南湖南-博学主楼-108,1-10周 星期一 第3节-第4节 南湖南-博学主楼-108,12-14周 星期一 第3节-第4节 南湖南-博学主楼-108,1-15周 星期二 第1节-第2节 南湖南-博学主楼-108,16-17周 星期一 第3节-第4节 南湖南-博学主楼-108","XF":5,"SKXQ":4,"XNXQDM":"2024-2025-2","KCM":"高等数学A下","JASDM":"0202040108","JXLDM":"020204","JXBID":"20242-10563","SKBJ":"车辆类2409-12","TYXMDM":null,"KCH":"10153121060"},{"KKDWDM":"071","XS":88,"BYBZ":"0","JSJC":2,"XXXQDM":"02","KXH":"47","KSJC":1,"XKZRS":129,"SKZC":"000000000011111000000000000000","SKJS":"杨爱芳","ISTK":0,"ZCMC":"11-15周","YPSJDD":"11-15周 星期四 第1节-第2节 南湖南-博学主楼-108,1-9周 星期四 第1节-第2节 南湖南-博学主楼-108,16-17周 星期一 第1节-第2节 南湖南-博学主楼-108,1-10周 星期一 第1节-第2节 南湖南-博学主楼-108,1-15周 星期二 第3节-第4节 南湖南-博学主楼-108,12-14周 星期一 第1节-第2节 南湖南-博学主楼-108","XF":5,"SKXQ":4,"XNXQDM":"2024-2025-2","KCM":"高等数学A下","JASDM":"0202040108","JXLDM":"020204","JXBID":"20242-10552","SKBJ":"自动化类2409-12","TYXMDM":null,"KCH":"10153121060"},{"KKDWDM":"038","XS":32,"BYBZ":"0","JSJC":12,"XXXQDM":"02","KXH":"01","KSJC":11,"XKZRS":139,"SKZC":"000000000010000000000000","SKJS":"魏超","ISTK":0,"ZCMC":"11周","YPSJDD":"11周 星期二 第11节-第12节 南湖南-博学主楼-108,1-10周 星期二 第11节-第13节 南湖南-博学主楼-108","XF":2,"SKXQ":2,"XNXQDM":"2024-2025-2","KCM":"大学生涯规划与职业发展(GX)","JASDM":"0202040108","JXLDM":"020204","JXBID":"20242-09007","SKBJ":"公选-09007","TYXMDM":null,"KCH":"10382121036"},{"KKDWDM":"071","XS":88,"BYBZ":"0","JSJC":4,"XXXQDM":"02","KXH":"53","KSJC":3,"XKZRS":134,"SKZC":"000000000001110000000000000000","SKJS":"陈建业","ISTK":0,"ZCMC":"12-14周","YPSJDD":"1-9周 星期四 第3节-第4节 南湖南-博学主楼-108,11-15周 星期四 第3节-第4节 南湖南-博学主楼-108,1-10周 星期一 第3节-第4节 南湖南-博学主楼-108,12-14周 星期一 第3节-第4节 南湖南-博学主楼-108,1-15周 星期二 第1节-第2节 南湖南-博学主楼-108,16-17周 星期一 第3节-第4节 南湖南-博学主楼-108","XF":5,"SKXQ":1,"XNXQDM":"2024-2025-2","KCM":"高等数学A下","JASDM":"0202040108","JXLDM":"020204","JXBID":"20242-10563","SKBJ":"车辆类2409-12","TYXMDM":null,"KCH":"10153121060"},{"KKDWDM":"071","XS":88,"BYBZ":"0","JSJC":2,"XXXQDM":"02","KXH":"47","KSJC":1,"XKZRS":129,"SKZC":"000000000001110000000000000000","SKJS":"杨爱芳","ISTK":0,"ZCMC":"12-14周","YPSJDD":"11-15周 星期四 第1节-第2节 南湖南-博学主楼-108,1-9周 星期四 第1节-第2节 南湖南-博学主楼-108,16-17周 星期一 第1节-第2节 南湖南-博学主楼-108,1-10周 星期一 第1节-第2节 南湖南-博学主楼-108,1-15周 星期二 第3节-第4节 南湖南-博学主楼-108,12-14周 星期一 第1节-第2节 南湖南-博学主楼-108","XF":5,"SKXQ":1,"XNXQDM":"2024-2025-2","KCM":"高等数学A下","JASDM":"0202040108","JXLDM":"020204","JXBID":"20242-10552","SKBJ":"自动化类2409-12","TYXMDM":null,"KCH":"10153121060"},{"KKDWDM":"021","XS":8,"BYBZ":"0","JSJC":10,"XXXQDM":"02","KXH":"688","KSJC":9,"XKZRS":137,"SKZC":"0000000000001111000000000","SKJS":"江艳","ISTK":0,"ZCMC":"13-16周","YPSJDD":"13-16周 星期四 第9节-第10节 南湖南-博学主楼-108","XF":0,"SKXQ":4,"XNXQDM":"2024-2025-2","KCM":"形势与政策","JASDM":"0202040108","JXLDM":"020204","JXBID":"20242-14279","SKBJ":"化生类2403,工商类2401-07,建筑类2401,数学类2402-08,机电类2410,材料类2412,材科珠峰2401,生科类2402,管科类2405-06,通信zs2401","TYXMDM":null,"KCH":"10218121092"},{"KKDWDM":"071","XS":40,"BYBZ":"0","JSJC":4,"XXXQDM":"02","KXH":"12","KSJC":3,"XKZRS":100,"SKZC":"000000000000110000000000","SKJS":"章晋文","ISTK":0,"ZCMC":"13-14周","YPSJDD":"13-14周 星期三 第3节-第4节 南湖南-博学主楼-108,1-12周 星期三 第3节-第5节 南湖南-博学主楼-108","XF":2,"SKXQ":3,"XNXQDM":"2024-2025-2","KCM":"线性代数","JASDM":"0202040108","JXLDM":"020204","JXBID":"20242-06157","SKBJ":"车辆gcgj2401,车辆类2413-14","TYXMDM":null,"KCH":"10153111001"},{"KKDWDM":"071","XS":88,"BYBZ":"0","JSJC":4,"XXXQDM":"02","KXH":"53","KSJC":3,"XKZRS":134,"SKZC":"000000000000000110000000000000","SKJS":"陈建业","ISTK":0,"ZCMC":"16-17周","YPSJDD":"1-9周 星期四 第3节-第4节 南湖南-博学主楼-108,11-15周 星期四 第3节-第4节 南湖南-博学主楼-108,1-10周 星期一 第3节-第4节 南湖南-博学主楼-108,12-14周 星期一 第3节-第4节 南湖南-博学主楼-108,1-15周 星期二 第1节-第2节 南湖南-博学主楼-108,16-17周 星期一 第3节-第4节 南湖南-博学主楼-108","XF":5,"SKXQ":1,"XNXQDM":"2024-2025-2","KCM":"高等数学A下","JASDM":"0202040108","JXLDM":"020204","JXBID":"20242-10563","SKBJ":"车辆类2409-12","TYXMDM":null,"KCH":"10153121060"},{"KKDWDM":"071","XS":88,"BYBZ":"0","JSJC":2,"XXXQDM":"02","KXH":"47","KSJC":1,"XKZRS":129,"SKZC":"000000000000000110000000000000","SKJS":"杨爱芳","ISTK":0,"ZCMC":"16-17周","YPSJDD":"11-15周 星期四 第1节-第2节 南湖南-博学主楼-108,1-9周 星期四 第1节-第2节 南湖南-博学主楼-108,16-17周 星期一 第1节-第2节 南湖南-博学主楼-108,1-10周 星期一 第1节-第2节 南湖南-博学主楼-108,1-15周 星期二 第3节-第4节 南湖南-博学主楼-108,12-14周 星期一 第1节-第2节 南湖南-博学主楼-108","XF":5,"SKXQ":1,"XNXQDM":"2024-2025-2","KCM":"高等数学A下","JASDM":"0202040108","JXLDM":"020204","JXBID":"20242-10552","SKBJ":"自动化类2409-12","TYXMDM":null,"KCH":"10153121060"},{"KKDWDM":"071","XS":56,"BYBZ":"0","JSJC":5,"XXXQDM":"02","KXH":"01","KSJC":3,"XKZRS":104,"SKZC":"000000000000000010000000000000","SKJS":"彭幸春","ISTK":0,"ZCMC":"17周","YPSJDD":"17周 星期三 第3节-第5节 南湖南-博学主楼-108,1-5周,7-9周 星期五 第3节-第5节 南湖南-博学主楼-108,11-16周 星期五 第3节-第5节 南湖南-博学主楼-108,9周 星期日 第3节-第5节 南湖南-博学主楼-108","XF":3,"SKXQ":3,"XNXQDM":"2024-2025-2","KCM":"时间序列分析B","JASDM":"0202040108","JXLDM":"020204","JXBID":"20242-02285","SKBJ":"统计2201-02,金融sy2201","TYXMDM":null,"KCH":"10154112041"}]}},"code":"0"}