{"datas":{"jaskcb":{"extParams":{"code":1,"msg":"查询成功"},"pageSize":0,"pageNumber":0,"totalSize":-1,"rows":[{"KKDWDM":"009","XS":64,"BYBZ":"0","JSJC":2,"XXXQDM":"02","KXH":"01","KSJC":1,"XKZRS":40,"SKZC":"111111111111111100000000000000","SKJS":"刘沐宇,王雄江,王頠,邓晓光","ISTK":0,"ZCMC":"1-16周","YPSJDD":"17周 星期二 第3节-第4节 南湖南-博学北楼-507,16-17周 星期一 第3节-第4节 南湖南-博学北楼-507,1-10周 星期一 第3节-第4节 南湖南-博学北楼-507,1-16周 星期三 第1节-第2节 南湖南-博学北楼-507,12-14周 星期一 第3节-第4节 南湖南-博学北楼-507","XF":4,"SKXQ":3,"XNXQDM":"2024-2025-2","KCM":"桥梁工程C","JASDM":"0202010507","JXLDM":"020201","JXBID":"20242-02989","SKBJ":"土木zy2205","TYXMDM":null,"KCH":"10095117031"},{"KKDWDM":"009","XS":64,"BYBZ":"0","JSJC":4,"XXXQDM":"02","KXH":"01","KSJC":3,"XKZRS":40,"SKZC":"111111111100000000000000000000","SKJS":"刘沐宇,王雄江,王頠,邓晓光","ISTK":0,"ZCMC":"1-10周","YPSJDD":"17周 星期二 第3节-第4节 南湖南-博学北楼-507,16-17周 星期一 第3节-第4节 南湖南-博学北楼-507,1-10周 星期一 第3节-第4节 南湖南-博学北楼-507,1-16周 星期三 第1节-第2节 南湖南-博学北楼-507,12-14周 星期一 第3节-第4节 南湖南-博学北楼-507","XF":4,"SKXQ":1,"XNXQDM":"2024-2025-2","KCM":"桥梁工程C","JASDM":"0202010507","JXLDM":"020201","JXBID":"20242-02989","SKBJ":"土木zy2205","TYXMDM":null,"KCH":"10095117031"},{"KKDWDM":"009","XS":40,"BYBZ":"0","JSJC":5,"XXXQDM":"02","KXH":"01","KSJC":3,"XKZRS":40,"SKZC":"11111111","SKJS":"李娜,马广阅","ISTK":0,"ZCMC":"1-8周","YPSJDD":"1-8周 星期四 第3节-第4节 南湖南-博学北楼-507,1-8周 星期二 第3节-第5节 南湖南-博学北楼-507","XF":2,"SKXQ":2,"XNXQDM":"2024-2025-2","KCM":"混凝土结构与砌体结构设计","JASDM":"0202010507","JXLDM":"020201","JXBID":"20242-03413","SKBJ":"土木zy2202-03","TYXMDM":null,"KCH":"10095117034"},{"KKDWDM":"009","XS":40,"BYBZ":"0","JSJC":4,"XXXQDM":"02","KXH":"01","KSJC":3,"XKZRS":40,"SKZC":"11111111","SKJS":"李娜,马广阅","ISTK":0,"ZCMC":"1-8周","YPSJDD":"1-8周 星期四 第3节-第4节 南湖南-博学北楼-507,1-8周 星期二 第3节-第5节 南湖南-博学北楼-507","XF":2,"SKXQ":4,"XNXQDM":"2024-2025-2","KCM":"混凝土结构与砌体结构设计","JASDM":"0202010507","JXLDM":"020201","JXBID":"20242-03413","SKBJ":"土木zy2202-03","TYXMDM":null,"KCH":"10095117034"},{"KKDWDM":"020","XS":16,"BYBZ":"0","JSJC":4,"XXXQDM":"02","KXH":"03","KSJC":3,"XKZRS":31,"SKZC":"0000000011111111","SKJS":"白琰媛","ISTK":0,"ZCMC":"9-16周","YPSJDD":"9-16周 星期二 第3节-第4节 南湖南-博学北楼-507","XF":1,"SKXQ":2,"XNXQDM":"2024-2025-2","KCM":"法语语音语法2","JASDM":"0202010507","JXLDM":"020201","JXBID":"20242-10673","SKBJ":"外语类2402","TYXMDM":null,"KCH":"10204117027"},{"KKDWDM":"009","XS":64,"BYBZ":"0","JSJC":4,"XXXQDM":"02","KXH":"01","KSJC":3,"XKZRS":40,"SKZC":"000000000001110000000000000000","SKJS":"刘沐宇,王雄江,王頠,邓晓光","ISTK":0,"ZCMC":"12-14周","YPSJDD":"17周 星期二 第3节-第4节 南湖南-博学北楼-507,16-17周 星期一 第3节-第4节 南湖南-博学北楼-507,1-10周 星期一 第3节-第4节 南湖南-博学北楼-507,1-16周 星期三 第1节-第2节 南湖南-博学北楼-507,12-14周 星期一 第3节-第4节 南湖南-博学北楼-507","XF":4,"SKXQ":1,"XNXQDM":"2024-2025-2","KCM":"桥梁工程C","JASDM":"0202010507","JXLDM":"020201","JXBID":"20242-02989","SKBJ":"土木zy2205","TYXMDM":null,"KCH":"10095117031"},{"KKDWDM":"009","XS":64,"BYBZ":"0","JSJC":4,"XXXQDM":"02","KXH":"01","KSJC":3,"XKZRS":40,"SKZC":"000000000000000110000000000000","SKJS":"刘沐宇,王雄江,王頠,邓晓光","ISTK":0,"ZCMC":"16-17周","YPSJDD":"17周 星期二 第3节-第4节 南湖南-博学北楼-507,16-17周 星期一 第3节-第4节 南湖南-博学北楼-507,1-10周 星期一 第3节-第4节 南湖南-博学北楼-507,1-16周 星期三 第1节-第2节 南湖南-博学北楼-507,12-14周 星期一 第3节-第4节 南湖南-博学北楼-507","XF":4,"SKXQ":1,"XNXQDM":"2024-2025-2","KCM":"桥梁工程C","JASDM":"0202010507","JXLDM":"020201","JXBID":"20242-02989","SKBJ":"土木zy2205","TYXMDM":null,"KCH":"10095117031"},{"KKDWDM":"009","XS":64,"BYBZ":"0","JSJC":4,"XXXQDM":"02","KXH":"01","KSJC":3,"XKZRS":40,"SKZC":"000000000000000010000000000000","SKJS":"刘沐宇,王雄江,王頠,邓晓光","ISTK":0,"ZCMC":"17周","YPSJDD":"17周 星期二 第3节-第4节 南湖南-博学北楼-507,16-17周 星期一 第3节-第4节 南湖南-博学北楼-507,1-10周 星期一 第3节-第4节 南湖南-博学北楼-507,1-16周 星期三 第1节-第2节 南湖南-博学北楼-507,12-14周 星期一 第3节-第4节 南湖南-博学北楼-507","XF":4,"SKXQ":2,"XNXQDM":"2024-2025-2","KCM":"桥梁工程C","JASDM":"0202010507","JXLDM":"020201","JXBID":"20242-02989","SKBJ":"土木zy2205","TYXMDM":null,"KCH":"10095117031"}]}},"code":"0"}