{"datas":{"jaskcb":{"extParams":{"code":1,"msg":"查询成功"},"pageSize":0,"pageNumber":0,"totalSize":-1,"rows":[{"KKDWDM":"009","XS":64,"BYBZ":"0","JSJC":7,"XXXQDM":"02","KXH":"01","KSJC":6,"XKZRS":43,"SKZC":"111111111111111100000000000000","SKJS":"桑稳姣,程静","ISTK":0,"ZCMC":"1-16周","YPSJDD":"17周 星期三 第1节-第2节 南湖南-博学西楼-408,1-5周 星期五 第1节-第2节 南湖南-博学西楼-408,7-9周 星期五 第1节-第2节 南湖南-博学西楼-408,11-16周 星期五 第1节-第2节 南湖南-博学西楼-408,1-16周 星期二 第6节-第7节 南湖南-博学西楼-408,9周 星期日 第1节-第2节 南湖南-博学西楼-408","XF":4,"SKXQ":2,"XNXQDM":"2024-2025-2","KCM":"水质工程学B2","JASDM":"0202030408","JXLDM":"020203","JXBID":"20242-02123","SKBJ":"给排水2201","TYXMDM":null,"KCH":"10094112027"},{"KKDWDM":"018","XS":48,"BYBZ":"0","JSJC":5,"XXXQDM":"02","KXH":"01","KSJC":3,"XKZRS":56,"SKZC":"111111111101100000000000","SKJS":"汤岳利","ISTK":0,"ZCMC":"1-10周,12-13周","YPSJDD":"14-16周(双) 星期一 第3节-第4节 南湖南-博学西楼-408,1-10周,12-13周 星期一 第3节-第5节 南湖南-博学西楼-408","XF":3,"SKXQ":1,"XNXQDM":"2024-2025-2","KCM":"国际贸易实务A","JASDM":"0202030408","JXLDM":"020203","JXBID":"20242-05175","SKBJ":"国贸2301-02","TYXMDM":null,"KCH":"10054111055"},{"KKDWDM":"022","XS":32,"BYBZ":"0","JSJC":2,"XXXQDM":"02","KXH":"01","KSJC":1,"XKZRS":25,"SKZC":"111111110000000000000000000000","SKJS":"杨海峰","ISTK":0,"ZCMC":"1-8周","YPSJDD":"9周 星期日 第9节-第10节 南湖南-博学西楼-408,1-8周 星期二 第1节-第2节 南湖南-博学西楼-408,7-8周 星期五 第9节-第10节 南湖南-博学西楼-408,1-5周 星期五 第9节-第10节 南湖南-博学西楼-408","XF":2,"SKXQ":2,"XNXQDM":"2024-2025-2","KCM":"对外汉语教学概论","JASDM":"0202030408","JXLDM":"020203","JXBID":"20242-05757","SKBJ":"汉语2301","TYXMDM":null,"KCH":"10224121137"},{"KKDWDM":"009","XS":32,"BYBZ":"0","JSJC":2,"XXXQDM":"02","KXH":"01","KSJC":1,"XKZRS":43,"SKZC":"11111111","SKJS":"刘小英","ISTK":0,"ZCMC":"1-8周","YPSJDD":"1-8周 星期一 第1节-第2节 南湖南-博学西楼-408,1-8周 星期三 第3节-第4节 南湖南-博学西楼-408","XF":2,"SKXQ":1,"XNXQDM":"2024-2025-2","KCM":"水资源利用与保护","JASDM":"0202030408","JXLDM":"020203","JXBID":"20242-02181","SKBJ":"给排水2201","TYXMDM":null,"KCH":"4130222110"},{"KKDWDM":"009","XS":32,"BYBZ":"0","JSJC":4,"XXXQDM":"02","KXH":"01","KSJC":3,"XKZRS":43,"SKZC":"11111111","SKJS":"刘小英","ISTK":0,"ZCMC":"1-8周","YPSJDD":"1-8周 星期一 第1节-第2节 南湖南-博学西楼-408,1-8周 星期三 第3节-第4节 南湖南-博学西楼-408","XF":2,"SKXQ":3,"XNXQDM":"2024-2025-2","KCM":"水资源利用与保护","JASDM":"0202030408","JXLDM":"020203","JXBID":"20242-02181","SKBJ":"给排水2201","TYXMDM":null,"KCH":"4130222110"},{"KKDWDM":"009","XS":64,"BYBZ":"0","JSJC":2,"XXXQDM":"02","KXH":"01","KSJC":1,"XKZRS":43,"SKZC":"111110000000000000000000000000","SKJS":"桑稳姣,程静","ISTK":0,"ZCMC":"1-5周","YPSJDD":"17周 星期三 第1节-第2节 南湖南-博学西楼-408,1-5周 星期五 第1节-第2节 南湖南-博学西楼-408,7-9周 星期五 第1节-第2节 南湖南-博学西楼-408,11-16周 星期五 第1节-第2节 南湖南-博学西楼-408,1-16周 星期二 第6节-第7节 南湖南-博学西楼-408,9周 星期日 第1节-第2节 南湖南-博学西楼-408","XF":4,"SKXQ":5,"XNXQDM":"2024-2025-2","KCM":"水质工程学B2","JASDM":"0202030408","JXLDM":"020203","JXBID":"20242-02123","SKBJ":"给排水2201","TYXMDM":null,"KCH":"10094112027"},{"KKDWDM":"022","XS":32,"BYBZ":"0","JSJC":10,"XXXQDM":"02","KXH":"01","KSJC":9,"XKZRS":25,"SKZC":"111110000000000000000000000000","SKJS":"杨海峰","ISTK":0,"ZCMC":"1-5周","YPSJDD":"9周 星期日 第9节-第10节 南湖南-博学西楼-408,1-8周 星期二 第1节-第2节 南湖南-博学西楼-408,7-8周 星期五 第9节-第10节 南湖南-博学西楼-408,1-5周 星期五 第9节-第10节 南湖南-博学西楼-408","XF":2,"SKXQ":5,"XNXQDM":"2024-2025-2","KCM":"对外汉语教学概论","JASDM":"0202030408","JXLDM":"020203","JXBID":"20242-05757","SKBJ":"汉语2301","TYXMDM":null,"KCH":"10224121137"},{"KKDWDM":"009","XS":40,"BYBZ":"0","JSJC":5,"XXXQDM":"02","KXH":"02","KSJC":3,"XKZRS":40,"SKZC":"011111110000000000000000000000","SKJS":"曹玉贵","ISTK":0,"ZCMC":"2-8周","YPSJDD":"2-8周 星期二 第3节-第5节 南湖南-博学西楼-408,2-8周 星期四 第3节-第4节 南湖南-博学西楼-408,1周 星期四 第3节-第4节 南湖南-博学北楼-508,1周 星期二 第3节-第5节 南湖南-博学北楼-508","XF":2,"SKXQ":2,"XNXQDM":"2024-2025-2","KCM":"路基路面工程C","JASDM":"0202030408","JXLDM":"020203","JXBID":"20242-11046","SKBJ":"土木zy2204","TYXMDM":null,"KCH":"10095112011"},{"KKDWDM":"009","XS":40,"BYBZ":"0","JSJC":4,"XXXQDM":"02","KXH":"02","KSJC":3,"XKZRS":40,"SKZC":"011111110000000000000000000000","SKJS":"曹玉贵","ISTK":0,"ZCMC":"2-8周","YPSJDD":"2-8周 星期二 第3节-第5节 南湖南-博学西楼-408,2-8周 星期四 第3节-第4节 南湖南-博学西楼-408,1周 星期四 第3节-第4节 南湖南-博学北楼-508,1周 星期二 第3节-第5节 南湖南-博学北楼-508","XF":2,"SKXQ":4,"XNXQDM":"2024-2025-2","KCM":"路基路面工程C","JASDM":"0202030408","JXLDM":"020203","JXBID":"20242-11046","SKBJ":"土木zy2204","TYXMDM":null,"KCH":"10095112011"},{"KKDWDM":"009","XS":64,"BYBZ":"0","JSJC":2,"XXXQDM":"02","KXH":"01","KSJC":1,"XKZRS":43,"SKZC":"000000111000000000000000000000","SKJS":"桑稳姣,程静","ISTK":0,"ZCMC":"7-9周","YPSJDD":"17周 星期三 第1节-第2节 南湖南-博学西楼-408,1-5周 星期五 第1节-第2节 南湖南-博学西楼-408,7-9周 星期五 第1节-第2节 南湖南-博学西楼-408,11-16周 星期五 第1节-第2节 南湖南-博学西楼-408,1-16周 星期二 第6节-第7节 南湖南-博学西楼-408,9周 星期日 第1节-第2节 南湖南-博学西楼-408","XF":4,"SKXQ":5,"XNXQDM":"2024-2025-2","KCM":"水质工程学B2","JASDM":"0202030408","JXLDM":"020203","JXBID":"20242-02123","SKBJ":"给排水2201","TYXMDM":null,"KCH":"10094112027"},{"KKDWDM":"022","XS":32,"BYBZ":"0","JSJC":10,"XXXQDM":"02","KXH":"01","KSJC":9,"XKZRS":25,"SKZC":"000000110000000000000000000000","SKJS":"杨海峰","ISTK":0,"ZCMC":"7-8周","YPSJDD":"9周 星期日 第9节-第10节 南湖南-博学西楼-408,1-8周 星期二 第1节-第2节 南湖南-博学西楼-408,7-8周 星期五 第9节-第10节 南湖南-博学西楼-408,1-5周 星期五 第9节-第10节 南湖南-博学西楼-408","XF":2,"SKXQ":5,"XNXQDM":"2024-2025-2","KCM":"对外汉语教学概论","JASDM":"0202030408","JXLDM":"020203","JXBID":"20242-05757","SKBJ":"汉语2301","TYXMDM":null,"KCH":"10224121137"},{"KKDWDM":"010","XS":32,"BYBZ":"0","JSJC":4,"XXXQDM":"02","KXH":"01","KSJC":3,"XKZRS":55,"SKZC":"000000001111111100000000000000","SKJS":"任高峰","ISTK":0,"ZCMC":"9-16周","YPSJDD":"11-17周 星期四 第3节-第4节 南湖南-博学西楼-408,9周 星期四 第3节-第4节 南湖南-博学西楼-408,9-16周 星期二 第3节-第4节 南湖南-博学西楼-408","XF":2,"SKXQ":2,"XNXQDM":"2024-2025-2","KCM":"工矿通风与空调B","JASDM":"0202030408","JXLDM":"020203","JXBID":"20242-03279","SKBJ":"采矿2201-02","TYXMDM":null,"KCH":"4060034110"},{"KKDWDM":"007","XS":32,"BYBZ":"0","JSJC":2,"XXXQDM":"02","KXH":"03","KSJC":1,"XKZRS":46,"SKZC":"000000001111111100000000000000","SKJS":"邓小禾","ISTK":0,"ZCMC":"9-16周","YPSJDD":"11-17周 星期四 第1节-第2节 南湖南-博学西楼-408,9周 星期四 第1节-第2节 南湖南-博学西楼-408,9-16周 星期二 第1节-第2节 南湖南-博学西楼-408","XF":2,"SKXQ":2,"XNXQDM":"2024-2025-2","KCM":"汽车电子与测试2","JASDM":"0202030408","JXLDM":"020203","JXBID":"20242-10962","SKBJ":"车辆gj2201-02","TYXMDM":null,"KCH":"10075121005"},{"KKDWDM":"010","XS":32,"BYBZ":"0","JSJC":4,"XXXQDM":"02","KXH":"01","KSJC":3,"XKZRS":50,"SKZC":"000000001111111100000000000000","SKJS":"任子杰","ISTK":0,"ZCMC":"9-16周","YPSJDD":"9-16周 星期三 第3节-第4节 南湖南-博学西楼-408,11-16周 星期五 第3节-第4节 南湖南-博学西楼-408,17周 星期三 第3节-第4节 南湖南-博学西楼-408,9周 星期五 第3节-第4节 南湖南-博学西楼-408","XF":2,"SKXQ":3,"XNXQDM":"2024-2025-2","KCM":"矿物加工厂工艺设计B","JASDM":"0202030408","JXLDM":"020203","JXBID":"20242-03609","SKBJ":"矿物zy2201-02","TYXMDM":null,"KCH":"10097311009"},{"KKDWDM":"010","XS":32,"BYBZ":"0","JSJC":4,"XXXQDM":"02","KXH":"01","KSJC":3,"XKZRS":55,"SKZC":"000000001000000000000000000000","SKJS":"任高峰","ISTK":0,"ZCMC":"9周","YPSJDD":"11-17周 星期四 第3节-第4节 南湖南-博学西楼-408,9周 星期四 第3节-第4节 南湖南-博学西楼-408,9-16周 星期二 第3节-第4节 南湖南-博学西楼-408","XF":2,"SKXQ":4,"XNXQDM":"2024-2025-2","KCM":"工矿通风与空调B","JASDM":"0202030408","JXLDM":"020203","JXBID":"20242-03279","SKBJ":"采矿2201-02","TYXMDM":null,"KCH":"4060034110"},{"KKDWDM":"007","XS":32,"BYBZ":"0","JSJC":2,"XXXQDM":"02","KXH":"03","KSJC":1,"XKZRS":46,"SKZC":"000000001000000000000000000000","SKJS":"邓小禾","ISTK":0,"ZCMC":"9周","YPSJDD":"11-17周 星期四 第1节-第2节 南湖南-博学西楼-408,9周 星期四 第1节-第2节 南湖南-博学西楼-408,9-16周 星期二 第1节-第2节 南湖南-博学西楼-408","XF":2,"SKXQ":4,"XNXQDM":"2024-2025-2","KCM":"汽车电子与测试2","JASDM":"0202030408","JXLDM":"020203","JXBID":"20242-10962","SKBJ":"车辆gj2201-02","TYXMDM":null,"KCH":"10075121005"},{"KKDWDM":"022","XS":32,"BYBZ":"0","JSJC":10,"XXXQDM":"02","KXH":"01","KSJC":9,"XKZRS":25,"SKZC":"000000001000000000000000000000","SKJS":"杨海峰","ISTK":0,"ZCMC":"9周","YPSJDD":"9周 星期日 第9节-第10节 南湖南-博学西楼-408,1-8周 星期二 第1节-第2节 南湖南-博学西楼-408,7-8周 星期五 第9节-第10节 南湖南-博学西楼-408,1-5周 星期五 第9节-第10节 南湖南-博学西楼-408","XF":2,"SKXQ":7,"XNXQDM":"2024-2025-2","KCM":"对外汉语教学概论","JASDM":"0202030408","JXLDM":"020203","JXBID":"20242-05757","SKBJ":"汉语2301","TYXMDM":null,"KCH":"10224121137"},{"KKDWDM":"009","XS":64,"BYBZ":"0","JSJC":2,"XXXQDM":"02","KXH":"01","KSJC":1,"XKZRS":43,"SKZC":"000000001000000000000000000000","SKJS":"桑稳姣,程静","ISTK":0,"ZCMC":"9周","YPSJDD":"17周 星期三 第1节-第2节 南湖南-博学西楼-408,1-5周 星期五 第1节-第2节 南湖南-博学西楼-408,7-9周 星期五 第1节-第2节 南湖南-博学西楼-408,11-16周 星期五 第1节-第2节 南湖南-博学西楼-408,1-16周 星期二 第6节-第7节 南湖南-博学西楼-408,9周 星期日 第1节-第2节 南湖南-博学西楼-408","XF":4,"SKXQ":7,"XNXQDM":"2024-2025-2","KCM":"水质工程学B2","JASDM":"0202030408","JXLDM":"020203","JXBID":"20242-02123","SKBJ":"给排水2201","TYXMDM":null,"KCH":"10094112027"},{"KKDWDM":"010","XS":32,"BYBZ":"0","JSJC":4,"XXXQDM":"02","KXH":"01","KSJC":3,"XKZRS":50,"SKZC":"000000001000000000000000000000","SKJS":"任子杰","ISTK":0,"ZCMC":"9周","YPSJDD":"9-16周 星期三 第3节-第4节 南湖南-博学西楼-408,11-16周 星期五 第3节-第4节 南湖南-博学西楼-408,17周 星期三 第3节-第4节 南湖南-博学西楼-408,9周 星期五 第3节-第4节 南湖南-博学西楼-408","XF":2,"SKXQ":5,"XNXQDM":"2024-2025-2","KCM":"矿物加工厂工艺设计B","JASDM":"0202030408","JXLDM":"020203","JXBID":"20242-03609","SKBJ":"矿物zy2201-02","TYXMDM":null,"KCH":"10097311009"},{"KKDWDM":"010","XS":32,"BYBZ":"0","JSJC":4,"XXXQDM":"02","KXH":"01","KSJC":3,"XKZRS":55,"SKZC":"000000000011111110000000000000","SKJS":"任高峰","ISTK":0,"ZCMC":"11-17周","YPSJDD":"11-17周 星期四 第3节-第4节 南湖南-博学西楼-408,9周 星期四 第3节-第4节 南湖南-博学西楼-408,9-16周 星期二 第3节-第4节 南湖南-博学西楼-408","XF":2,"SKXQ":4,"XNXQDM":"2024-2025-2","KCM":"工矿通风与空调B","JASDM":"0202030408","JXLDM":"020203","JXBID":"20242-03279","SKBJ":"采矿2201-02","TYXMDM":null,"KCH":"4060034110"},{"KKDWDM":"007","XS":32,"BYBZ":"0","JSJC":2,"XXXQDM":"02","KXH":"03","KSJC":1,"XKZRS":46,"SKZC":"000000000011111110000000000000","SKJS":"邓小禾","ISTK":0,"ZCMC":"11-17周","YPSJDD":"11-17周 星期四 第1节-第2节 南湖南-博学西楼-408,9周 星期四 第1节-第2节 南湖南-博学西楼-408,9-16周 星期二 第1节-第2节 南湖南-博学西楼-408","XF":2,"SKXQ":4,"XNXQDM":"2024-2025-2","KCM":"汽车电子与测试2","JASDM":"0202030408","JXLDM":"020203","JXBID":"20242-10962","SKBJ":"车辆gj2201-02","TYXMDM":null,"KCH":"10075121005"},{"KKDWDM":"010","XS":32,"BYBZ":"0","JSJC":4,"XXXQDM":"02","KXH":"01","KSJC":3,"XKZRS":50,"SKZC":"000000000011111100000000000000","SKJS":"任子杰","ISTK":0,"ZCMC":"11-16周","YPSJDD":"9-16周 星期三 第3节-第4节 南湖南-博学西楼-408,11-16周 星期五 第3节-第4节 南湖南-博学西楼-408,17周 星期三 第3节-第4节 南湖南-博学西楼-408,9周 星期五 第3节-第4节 南湖南-博学西楼-408","XF":2,"SKXQ":5,"XNXQDM":"2024-2025-2","KCM":"矿物加工厂工艺设计B","JASDM":"0202030408","JXLDM":"020203","JXBID":"20242-03609","SKBJ":"矿物zy2201-02","TYXMDM":null,"KCH":"10097311009"},{"KKDWDM":"009","XS":64,"BYBZ":"0","JSJC":2,"XXXQDM":"02","KXH":"01","KSJC":1,"XKZRS":43,"SKZC":"000000000011111100000000000000","SKJS":"桑稳姣,程静","ISTK":0,"ZCMC":"11-16周","YPSJDD":"17周 星期三 第1节-第2节 南湖南-博学西楼-408,1-5周 星期五 第1节-第2节 南湖南-博学西楼-408,7-9周 星期五 第1节-第2节 南湖南-博学西楼-408,11-16周 星期五 第1节-第2节 南湖南-博学西楼-408,1-16周 星期二 第6节-第7节 南湖南-博学西楼-408,9周 星期日 第1节-第2节 南湖南-博学西楼-408","XF":4,"SKXQ":5,"XNXQDM":"2024-2025-2","KCM":"水质工程学B2","JASDM":"0202030408","JXLDM":"020203","JXBID":"20242-02123","SKBJ":"给排水2201","TYXMDM":null,"KCH":"10094112027"},{"KKDWDM":"018","XS":48,"BYBZ":"0","JSJC":4,"XXXQDM":"02","KXH":"01","KSJC":3,"XKZRS":56,"SKZC":"000000000000010100000000","SKJS":"汤岳利","ISTK":0,"ZCMC":"14-16周(双)","YPSJDD":"14-16周(双) 星期一 第3节-第4节 南湖南-博学西楼-408,1-10周,12-13周 星期一 第3节-第5节 南湖南-博学西楼-408","XF":3,"SKXQ":1,"XNXQDM":"2024-2025-2","KCM":"国际贸易实务A","JASDM":"0202030408","JXLDM":"020203","JXBID":"20242-05175","SKBJ":"国贸2301-02","TYXMDM":null,"KCH":"10054111055"},{"KKDWDM":"010","XS":32,"BYBZ":"0","JSJC":4,"XXXQDM":"02","KXH":"01","KSJC":3,"XKZRS":50,"SKZC":"000000000000000010000000000000","SKJS":"任子杰","ISTK":0,"ZCMC":"17周","YPSJDD":"9-16周 星期三 第3节-第4节 南湖南-博学西楼-408,11-16周 星期五 第3节-第4节 南湖南-博学西楼-408,17周 星期三 第3节-第4节 南湖南-博学西楼-408,9周 星期五 第3节-第4节 南湖南-博学西楼-408","XF":2,"SKXQ":3,"XNXQDM":"2024-2025-2","KCM":"矿物加工厂工艺设计B","JASDM":"0202030408","JXLDM":"020203","JXBID":"20242-03609","SKBJ":"矿物zy2201-02","TYXMDM":null,"KCH":"10097311009"},{"KKDWDM":"009","XS":64,"BYBZ":"0","JSJC":2,"XXXQDM":"02","KXH":"01","KSJC":1,"XKZRS":43,"SKZC":"000000000000000010000000000000","SKJS":"桑稳姣,程静","ISTK":0,"ZCMC":"17周","YPSJDD":"17周 星期三 第1节-第2节 南湖南-博学西楼-408,1-5周 星期五 第1节-第2节 南湖南-博学西楼-408,7-9周 星期五 第1节-第2节 南湖南-博学西楼-408,11-16周 星期五 第1节-第2节 南湖南-博学西楼-408,1-16周 星期二 第6节-第7节 南湖南-博学西楼-408,9周 星期日 第1节-第2节 南湖南-博学西楼-408","XF":4,"SKXQ":3,"XNXQDM":"2024-2025-2","KCM":"水质工程学B2","JASDM":"0202030408","JXLDM":"020203","JXBID":"20242-02123","SKBJ":"给排水2201","TYXMDM":null,"KCH":"10094112027"}]}},"code":"0"}