{"datas":{"jaskcb":{"extParams":{"code":1,"msg":"查询成功"},"pageSize":0,"pageNumber":0,"totalSize":-1,"rows":[{"KKDWDM":"072","XS":48,"BYBZ":"0","JSJC":5,"XXXQDM":"02","KXH":"01","KSJC":3,"XKZRS":32,"SKZC":"1111111111111111","SKJS":"林永水","ISTK":0,"ZCMC":"1-16周","YPSJDD":"1-16周 星期三 第3节-第5节 南湖南-博学北楼-508","XF":3,"SKXQ":3,"XNXQDM":"2024-2025-2","KCM":"振动力学A","JASDM":"0202010508","JXLDM":"020201","JXBID":"20242-03071","SKBJ":"工力zy2201","TYXMDM":null,"KCH":"10154117054"},{"KKDWDM":"009","XS":32,"BYBZ":"0","JSJC":5,"XXXQDM":"02","KXH":"01","KSJC":3,"XKZRS":38,"SKZC":"111111111100000000000000","SKJS":"盛绍宇","ISTK":0,"ZCMC":"1-10周","YPSJDD":"12周 星期一 第3节-第4节 南湖南-博学北楼-508,1-10周 星期一 第3节-第5节 南湖南-博学北楼-508","XF":2,"SKXQ":1,"XNXQDM":"2024-2025-2","KCM":"建筑环境测试技术","JASDM":"0202010508","JXLDM":"020201","JXBID":"20242-03362","SKBJ":"建环2201","TYXMDM":null,"KCH":"10095117037"},{"KKDWDM":"072","XS":40,"BYBZ":"0","JSJC":2,"XXXQDM":"02","KXH":"01","KSJC":1,"XKZRS":31,"SKZC":"111111110000000000000000000000","SKJS":"陶珺","ISTK":0,"ZCMC":"1-8周","YPSJDD":"7-8周 星期五 第3节-第5节 南湖南-博学北楼-508,9周 星期日 第3节-第5节 南湖南-博学北楼-508,1-5周 星期五 第3节-第5节 南湖南-博学北楼-508,1-8周 星期三 第1节-第2节 南湖南-博学北楼-508","XF":2,"SKXQ":3,"XNXQDM":"2024-2025-2","KCM":"图像处理A","JASDM":"0202010508","JXLDM":"020201","JXBID":"20242-02750","SKBJ":"电信科2201-02","TYXMDM":null,"KCH":"10095111015"},{"KKDWDM":"072","XS":40,"BYBZ":"0","JSJC":5,"XXXQDM":"02","KXH":"01","KSJC":3,"XKZRS":31,"SKZC":"111110000000000000000000000000","SKJS":"陶珺","ISTK":0,"ZCMC":"1-5周","YPSJDD":"7-8周 星期五 第3节-第5节 南湖南-博学北楼-508,9周 星期日 第3节-第5节 南湖南-博学北楼-508,1-5周 星期五 第3节-第5节 南湖南-博学北楼-508,1-8周 星期三 第1节-第2节 南湖南-博学北楼-508","XF":2,"SKXQ":5,"XNXQDM":"2024-2025-2","KCM":"图像处理A","JASDM":"0202010508","JXLDM":"020201","JXBID":"20242-02750","SKBJ":"电信科2201-02","TYXMDM":null,"KCH":"10095111015"},{"KKDWDM":"009","XS":40,"BYBZ":"0","JSJC":5,"XXXQDM":"02","KXH":"02","KSJC":3,"XKZRS":40,"SKZC":"100000000000000000000000000000","SKJS":"曹玉贵","ISTK":0,"ZCMC":"1周","YPSJDD":"2-8周 星期二 第3节-第5节 南湖南-博学西楼-408,2-8周 星期四 第3节-第4节 南湖南-博学西楼-408,1周 星期四 第3节-第4节 南湖南-博学北楼-508,1周 星期二 第3节-第5节 南湖南-博学北楼-508","XF":2,"SKXQ":2,"XNXQDM":"2024-2025-2","KCM":"路基路面工程C","JASDM":"0202010508","JXLDM":"020201","JXBID":"20242-11046","SKBJ":"土木zy2204","TYXMDM":null,"KCH":"10095112011"},{"KKDWDM":"009","XS":40,"BYBZ":"0","JSJC":4,"XXXQDM":"02","KXH":"02","KSJC":3,"XKZRS":40,"SKZC":"100000000000000000000000000000","SKJS":"曹玉贵","ISTK":0,"ZCMC":"1周","YPSJDD":"2-8周 星期二 第3节-第5节 南湖南-博学西楼-408,2-8周 星期四 第3节-第4节 南湖南-博学西楼-408,1周 星期四 第3节-第4节 南湖南-博学北楼-508,1周 星期二 第3节-第5节 南湖南-博学北楼-508","XF":2,"SKXQ":4,"XNXQDM":"2024-2025-2","KCM":"路基路面工程C","JASDM":"0202010508","JXLDM":"020201","JXBID":"20242-11046","SKBJ":"土木zy2204","TYXMDM":null,"KCH":"10095112011"},{"KKDWDM":"072","XS":40,"BYBZ":"0","JSJC":5,"XXXQDM":"02","KXH":"01","KSJC":3,"XKZRS":31,"SKZC":"000000110000000000000000000000","SKJS":"陶珺","ISTK":0,"ZCMC":"7-8周","YPSJDD":"7-8周 星期五 第3节-第5节 南湖南-博学北楼-508,9周 星期日 第3节-第5节 南湖南-博学北楼-508,1-5周 星期五 第3节-第5节 南湖南-博学北楼-508,1-8周 星期三 第1节-第2节 南湖南-博学北楼-508","XF":2,"SKXQ":5,"XNXQDM":"2024-2025-2","KCM":"图像处理A","JASDM":"0202010508","JXLDM":"020201","JXBID":"20242-02750","SKBJ":"电信科2201-02","TYXMDM":null,"KCH":"10095111015"},{"KKDWDM":"072","XS":40,"BYBZ":"0","JSJC":5,"XXXQDM":"02","KXH":"01","KSJC":3,"XKZRS":31,"SKZC":"000000001000000000000000000000","SKJS":"陶珺","ISTK":0,"ZCMC":"9周","YPSJDD":"7-8周 星期五 第3节-第5节 南湖南-博学北楼-508,9周 星期日 第3节-第5节 南湖南-博学北楼-508,1-5周 星期五 第3节-第5节 南湖南-博学北楼-508,1-8周 星期三 第1节-第2节 南湖南-博学北楼-508","XF":2,"SKXQ":7,"XNXQDM":"2024-2025-2","KCM":"图像处理A","JASDM":"0202010508","JXLDM":"020201","JXBID":"20242-02750","SKBJ":"电信科2201-02","TYXMDM":null,"KCH":"10095111015"},{"KKDWDM":"009","XS":32,"BYBZ":"0","JSJC":4,"XXXQDM":"02","KXH":"01","KSJC":3,"XKZRS":38,"SKZC":"000000000001000000000000","SKJS":"盛绍宇","ISTK":0,"ZCMC":"12周","YPSJDD":"12周 星期一 第3节-第4节 南湖南-博学北楼-508,1-10周 星期一 第3节-第5节 南湖南-博学北楼-508","XF":2,"SKXQ":1,"XNXQDM":"2024-2025-2","KCM":"建筑环境测试技术","JASDM":"0202010508","JXLDM":"020201","JXBID":"20242-03362","SKBJ":"建环2201","TYXMDM":null,"KCH":"10095117037"}]}},"code":"0"}