{"datas":{"jaskcb":{"extParams":{"code":1,"msg":"查询成功"},"pageSize":0,"pageNumber":0,"totalSize":-1,"rows":[{"KKDWDM":"020","XS":32,"BYBZ":"0","JSJC":2,"XXXQDM":"02","KXH":"12","KSJC":1,"XKZRS":35,"SKZC":"1111111111111111","SKJS":"钟峻","ISTK":0,"ZCMC":"1-16周","YPSJDD":"1-16周 星期二 第1节-第2节 南湖南-博学北楼-504","XF":2,"SKXQ":2,"XNXQDM":"2024-2025-2","KCM":"英语国家概况","JASDM":"0202010504","JXLDM":"020201","JXBID":"20242-12850","SKBJ":"公选-12850","TYXMDM":"11","KCH":"10201117103"},{"KKDWDM":"020","XS":32,"BYBZ":"0","JSJC":2,"XXXQDM":"02","KXH":"04","KSJC":1,"XKZRS":35,"SKZC":"1111111111111111","SKJS":"陈雅茹","ISTK":0,"ZCMC":"1-16周","YPSJDD":"1-16周 星期三 第1节-第2节 南湖南-博学北楼-504","XF":2,"SKXQ":3,"XNXQDM":"2024-2025-2","KCM":"实用科技英语翻译","JASDM":"0202010504","JXLDM":"020201","JXBID":"20242-12884","SKBJ":"公选-12884","TYXMDM":"11","KCH":"10201117106"},{"KKDWDM":"020","XS":32,"BYBZ":"0","JSJC":4,"XXXQDM":"02","KXH":"16","KSJC":3,"XKZRS":31,"SKZC":"1111111111111111","SKJS":"钟峻","ISTK":0,"ZCMC":"1-16周","YPSJDD":"1-16周 星期二 第3节-第4节 南湖南-博学北楼-504","XF":2,"SKXQ":2,"XNXQDM":"2024-2025-2","KCM":"英语国家概况","JASDM":"0202010504","JXLDM":"020201","JXBID":"20242-12867","SKBJ":"公选-12867","TYXMDM":"11","KCH":"10201117103"},{"KKDWDM":"020","XS":32,"BYBZ":"0","JSJC":2,"XXXQDM":"02","KXH":"04","KSJC":1,"XKZRS":35,"SKZC":"111111111100000000000000000000","SKJS":"钟峻","ISTK":0,"ZCMC":"1-10周","YPSJDD":"16-17周 星期一 第1节-第2节 南湖南-博学北楼-504,17周 星期二 第1节-第2节 南湖南-博学北楼-504,1-10周 星期一 第1节-第2节 南湖南-博学北楼-504,12-14周 星期一 第1节-第2节 南湖南-博学北楼-504","XF":2,"SKXQ":1,"XNXQDM":"2024-2025-2","KCM":"英语国家概况","JASDM":"0202010504","JXLDM":"020201","JXBID":"20242-12815","SKBJ":"公选-12815","TYXMDM":"11","KCH":"10201117103"},{"KKDWDM":"020","XS":32,"BYBZ":"0","JSJC":4,"XXXQDM":"02","KXH":"08","KSJC":3,"XKZRS":32,"SKZC":"111111111100000000000000000000","SKJS":"钟峻","ISTK":0,"ZCMC":"1-10周","YPSJDD":"17周 星期二 第3节-第4节 南湖南-博学北楼-504,1-10周 星期一 第3节-第4节 南湖南-博学北楼-504,16-17周 星期一 第3节-第4节 南湖南-博学北楼-504,12-14周 星期一 第3节-第4节 南湖南-博学北楼-504","XF":2,"SKXQ":1,"XNXQDM":"2024-2025-2","KCM":"英语国家概况","JASDM":"0202010504","JXLDM":"020201","JXBID":"20242-12833","SKBJ":"公选-12833","TYXMDM":"11","KCH":"10201117103"},{"KKDWDM":"020","XS":48,"BYBZ":"0","JSJC":4,"XXXQDM":"02","KXH":"15","KSJC":3,"XKZRS":35,"SKZC":"111111111000000000000000000000","SKJS":"周晓莉","ISTK":0,"ZCMC":"1-9周","YPSJDD":"1-9周 星期四 第3节-第4节 南湖南-博学北楼-504,11-17周 星期四 第3节-第4节 南湖南-博学北楼-504","XF":2,"SKXQ":4,"XNXQDM":"2024-2025-2","KCM":"美国历史与文化","JASDM":"0202010504","JXLDM":"020201","JXBID":"20242-12937","SKBJ":"公选-12937","TYXMDM":"11","KCH":"10201117160"},{"KKDWDM":"020","XS":48,"BYBZ":"0","JSJC":2,"XXXQDM":"02","KXH":"11","KSJC":1,"XKZRS":36,"SKZC":"111111111000000000000000000000","SKJS":"周晓莉","ISTK":0,"ZCMC":"1-9周","YPSJDD":"11-17周 星期四 第1节-第2节 南湖南-博学北楼-504,1-9周 星期四 第1节-第2节 南湖南-博学北楼-504","XF":2,"SKXQ":4,"XNXQDM":"2024-2025-2","KCM":"美国历史与文化","JASDM":"0202010504","JXLDM":"020201","JXBID":"20242-12919","SKBJ":"公选-12919","TYXMDM":"11","KCH":"10201117160"},{"KKDWDM":"020","XS":32,"BYBZ":"0","JSJC":2,"XXXQDM":"02","KXH":"07","KSJC":1,"XKZRS":31,"SKZC":"111110000000000000000000000000","SKJS":"陈雅茹","ISTK":0,"ZCMC":"1-5周","YPSJDD":"9周 星期日 第1节-第2节 南湖南-博学北楼-504,1-5周 星期五 第1节-第2节 南湖南-博学北楼-504,17周 星期三 第1节-第2节 南湖南-博学北楼-504,7-9周 星期五 第1节-第2节 南湖南-博学北楼-504,11-16周 星期五 第1节-第2节 南湖南-博学北楼-504","XF":2,"SKXQ":5,"XNXQDM":"2024-2025-2","KCM":"实用科技英语翻译","JASDM":"0202010504","JXLDM":"020201","JXBID":"20242-12954","SKBJ":"公选-12954","TYXMDM":"11","KCH":"10201117106"},{"KKDWDM":"020","XS":32,"BYBZ":"0","JSJC":7,"XXXQDM":"02","KXH":"14","KSJC":6,"XKZRS":35,"SKZC":"111110000000000000000000000000","SKJS":"陈雅茹","ISTK":0,"ZCMC":"1-5周","YPSJDD":"11-16周 星期五 第6节-第7节 南湖南-博学北楼-504,7-9周 星期五 第6节-第7节 南湖南-博学北楼-504,9周 星期日 第6节-第7节 南湖南-博学北楼-504,1-5周 星期五 第6节-第7节 南湖南-博学北楼-504,17周 星期三 第6节-第7节 南湖南-博学北楼-504","XF":2,"SKXQ":5,"XNXQDM":"2024-2025-2","KCM":"实用科技英语翻译","JASDM":"0202010504","JXLDM":"020201","JXBID":"20242-13800","SKBJ":"公选-13800","TYXMDM":"11","KCH":"10201117106"},{"KKDWDM":"020","XS":32,"BYBZ":"0","JSJC":7,"XXXQDM":"02","KXH":"14","KSJC":6,"XKZRS":35,"SKZC":"000000111000000000000000000000","SKJS":"陈雅茹","ISTK":0,"ZCMC":"7-9周","YPSJDD":"11-16周 星期五 第6节-第7节 南湖南-博学北楼-504,7-9周 星期五 第6节-第7节 南湖南-博学北楼-504,9周 星期日 第6节-第7节 南湖南-博学北楼-504,1-5周 星期五 第6节-第7节 南湖南-博学北楼-504,17周 星期三 第6节-第7节 南湖南-博学北楼-504","XF":2,"SKXQ":5,"XNXQDM":"2024-2025-2","KCM":"实用科技英语翻译","JASDM":"0202010504","JXLDM":"020201","JXBID":"20242-13800","SKBJ":"公选-13800","TYXMDM":"11","KCH":"10201117106"},{"KKDWDM":"020","XS":32,"BYBZ":"0","JSJC":2,"XXXQDM":"02","KXH":"07","KSJC":1,"XKZRS":31,"SKZC":"000000111000000000000000000000","SKJS":"陈雅茹","ISTK":0,"ZCMC":"7-9周","YPSJDD":"9周 星期日 第1节-第2节 南湖南-博学北楼-504,1-5周 星期五 第1节-第2节 南湖南-博学北楼-504,17周 星期三 第1节-第2节 南湖南-博学北楼-504,7-9周 星期五 第1节-第2节 南湖南-博学北楼-504,11-16周 星期五 第1节-第2节 南湖南-博学北楼-504","XF":2,"SKXQ":5,"XNXQDM":"2024-2025-2","KCM":"实用科技英语翻译","JASDM":"0202010504","JXLDM":"020201","JXBID":"20242-12954","SKBJ":"公选-12954","TYXMDM":"11","KCH":"10201117106"},{"KKDWDM":"020","XS":32,"BYBZ":"0","JSJC":7,"XXXQDM":"02","KXH":"14","KSJC":6,"XKZRS":35,"SKZC":"000000001000000000000000000000","SKJS":"陈雅茹","ISTK":0,"ZCMC":"9周","YPSJDD":"11-16周 星期五 第6节-第7节 南湖南-博学北楼-504,7-9周 星期五 第6节-第7节 南湖南-博学北楼-504,9周 星期日 第6节-第7节 南湖南-博学北楼-504,1-5周 星期五 第6节-第7节 南湖南-博学北楼-504,17周 星期三 第6节-第7节 南湖南-博学北楼-504","XF":2,"SKXQ":7,"XNXQDM":"2024-2025-2","KCM":"实用科技英语翻译","JASDM":"0202010504","JXLDM":"020201","JXBID":"20242-13800","SKBJ":"公选-13800","TYXMDM":"11","KCH":"10201117106"},{"KKDWDM":"020","XS":32,"BYBZ":"0","JSJC":2,"XXXQDM":"02","KXH":"07","KSJC":1,"XKZRS":31,"SKZC":"000000001000000000000000000000","SKJS":"陈雅茹","ISTK":0,"ZCMC":"9周","YPSJDD":"9周 星期日 第1节-第2节 南湖南-博学北楼-504,1-5周 星期五 第1节-第2节 南湖南-博学北楼-504,17周 星期三 第1节-第2节 南湖南-博学北楼-504,7-9周 星期五 第1节-第2节 南湖南-博学北楼-504,11-16周 星期五 第1节-第2节 南湖南-博学北楼-504","XF":2,"SKXQ":7,"XNXQDM":"2024-2025-2","KCM":"实用科技英语翻译","JASDM":"0202010504","JXLDM":"020201","JXBID":"20242-12954","SKBJ":"公选-12954","TYXMDM":"11","KCH":"10201117106"},{"KKDWDM":"020","XS":48,"BYBZ":"0","JSJC":4,"XXXQDM":"02","KXH":"15","KSJC":3,"XKZRS":35,"SKZC":"000000000011111110000000000000","SKJS":"周晓莉","ISTK":0,"ZCMC":"11-17周","YPSJDD":"1-9周 星期四 第3节-第4节 南湖南-博学北楼-504,11-17周 星期四 第3节-第4节 南湖南-博学北楼-504","XF":2,"SKXQ":4,"XNXQDM":"2024-2025-2","KCM":"美国历史与文化","JASDM":"0202010504","JXLDM":"020201","JXBID":"20242-12937","SKBJ":"公选-12937","TYXMDM":"11","KCH":"10201117160"},{"KKDWDM":"020","XS":48,"BYBZ":"0","JSJC":2,"XXXQDM":"02","KXH":"11","KSJC":1,"XKZRS":36,"SKZC":"000000000011111110000000000000","SKJS":"周晓莉","ISTK":0,"ZCMC":"11-17周","YPSJDD":"11-17周 星期四 第1节-第2节 南湖南-博学北楼-504,1-9周 星期四 第1节-第2节 南湖南-博学北楼-504","XF":2,"SKXQ":4,"XNXQDM":"2024-2025-2","KCM":"美国历史与文化","JASDM":"0202010504","JXLDM":"020201","JXBID":"20242-12919","SKBJ":"公选-12919","TYXMDM":"11","KCH":"10201117160"},{"KKDWDM":"020","XS":32,"BYBZ":"0","JSJC":2,"XXXQDM":"02","KXH":"07","KSJC":1,"XKZRS":31,"SKZC":"000000000011111100000000000000","SKJS":"陈雅茹","ISTK":0,"ZCMC":"11-16周","YPSJDD":"9周 星期日 第1节-第2节 南湖南-博学北楼-504,1-5周 星期五 第1节-第2节 南湖南-博学北楼-504,17周 星期三 第1节-第2节 南湖南-博学北楼-504,7-9周 星期五 第1节-第2节 南湖南-博学北楼-504,11-16周 星期五 第1节-第2节 南湖南-博学北楼-504","XF":2,"SKXQ":5,"XNXQDM":"2024-2025-2","KCM":"实用科技英语翻译","JASDM":"0202010504","JXLDM":"020201","JXBID":"20242-12954","SKBJ":"公选-12954","TYXMDM":"11","KCH":"10201117106"},{"KKDWDM":"020","XS":32,"BYBZ":"0","JSJC":7,"XXXQDM":"02","KXH":"14","KSJC":6,"XKZRS":35,"SKZC":"000000000011111100000000000000","SKJS":"陈雅茹","ISTK":0,"ZCMC":"11-16周","YPSJDD":"11-16周 星期五 第6节-第7节 南湖南-博学北楼-504,7-9周 星期五 第6节-第7节 南湖南-博学北楼-504,9周 星期日 第6节-第7节 南湖南-博学北楼-504,1-5周 星期五 第6节-第7节 南湖南-博学北楼-504,17周 星期三 第6节-第7节 南湖南-博学北楼-504","XF":2,"SKXQ":5,"XNXQDM":"2024-2025-2","KCM":"实用科技英语翻译","JASDM":"0202010504","JXLDM":"020201","JXBID":"20242-13800","SKBJ":"公选-13800","TYXMDM":"11","KCH":"10201117106"},{"KKDWDM":"020","XS":32,"BYBZ":"0","JSJC":2,"XXXQDM":"02","KXH":"04","KSJC":1,"XKZRS":35,"SKZC":"000000000001110000000000000000","SKJS":"钟峻","ISTK":0,"ZCMC":"12-14周","YPSJDD":"16-17周 星期一 第1节-第2节 南湖南-博学北楼-504,17周 星期二 第1节-第2节 南湖南-博学北楼-504,1-10周 星期一 第1节-第2节 南湖南-博学北楼-504,12-14周 星期一 第1节-第2节 南湖南-博学北楼-504","XF":2,"SKXQ":1,"XNXQDM":"2024-2025-2","KCM":"英语国家概况","JASDM":"0202010504","JXLDM":"020201","JXBID":"20242-12815","SKBJ":"公选-12815","TYXMDM":"11","KCH":"10201117103"},{"KKDWDM":"020","XS":32,"BYBZ":"0","JSJC":4,"XXXQDM":"02","KXH":"08","KSJC":3,"XKZRS":32,"SKZC":"000000000001110000000000000000","SKJS":"钟峻","ISTK":0,"ZCMC":"12-14周","YPSJDD":"17周 星期二 第3节-第4节 南湖南-博学北楼-504,1-10周 星期一 第3节-第4节 南湖南-博学北楼-504,16-17周 星期一 第3节-第4节 南湖南-博学北楼-504,12-14周 星期一 第3节-第4节 南湖南-博学北楼-504","XF":2,"SKXQ":1,"XNXQDM":"2024-2025-2","KCM":"英语国家概况","JASDM":"0202010504","JXLDM":"020201","JXBID":"20242-12833","SKBJ":"公选-12833","TYXMDM":"11","KCH":"10201117103"},{"KKDWDM":"020","XS":32,"BYBZ":"0","JSJC":4,"XXXQDM":"02","KXH":"08","KSJC":3,"XKZRS":32,"SKZC":"000000000000000110000000000000","SKJS":"钟峻","ISTK":0,"ZCMC":"16-17周","YPSJDD":"17周 星期二 第3节-第4节 南湖南-博学北楼-504,1-10周 星期一 第3节-第4节 南湖南-博学北楼-504,16-17周 星期一 第3节-第4节 南湖南-博学北楼-504,12-14周 星期一 第3节-第4节 南湖南-博学北楼-504","XF":2,"SKXQ":1,"XNXQDM":"2024-2025-2","KCM":"英语国家概况","JASDM":"0202010504","JXLDM":"020201","JXBID":"20242-12833","SKBJ":"公选-12833","TYXMDM":"11","KCH":"10201117103"},{"KKDWDM":"020","XS":32,"BYBZ":"0","JSJC":2,"XXXQDM":"02","KXH":"04","KSJC":1,"XKZRS":35,"SKZC":"000000000000000110000000000000","SKJS":"钟峻","ISTK":0,"ZCMC":"16-17周","YPSJDD":"16-17周 星期一 第1节-第2节 南湖南-博学北楼-504,17周 星期二 第1节-第2节 南湖南-博学北楼-504,1-10周 星期一 第1节-第2节 南湖南-博学北楼-504,12-14周 星期一 第1节-第2节 南湖南-博学北楼-504","XF":2,"SKXQ":1,"XNXQDM":"2024-2025-2","KCM":"英语国家概况","JASDM":"0202010504","JXLDM":"020201","JXBID":"20242-12815","SKBJ":"公选-12815","TYXMDM":"11","KCH":"10201117103"},{"KKDWDM":"020","XS":32,"BYBZ":"0","JSJC":4,"XXXQDM":"02","KXH":"08","KSJC":3,"XKZRS":32,"SKZC":"000000000000000010000000000000","SKJS":"钟峻","ISTK":0,"ZCMC":"17周","YPSJDD":"17周 星期二 第3节-第4节 南湖南-博学北楼-504,1-10周 星期一 第3节-第4节 南湖南-博学北楼-504,16-17周 星期一 第3节-第4节 南湖南-博学北楼-504,12-14周 星期一 第3节-第4节 南湖南-博学北楼-504","XF":2,"SKXQ":2,"XNXQDM":"2024-2025-2","KCM":"英语国家概况","JASDM":"0202010504","JXLDM":"020201","JXBID":"20242-12833","SKBJ":"公选-12833","TYXMDM":"11","KCH":"10201117103"},{"KKDWDM":"020","XS":32,"BYBZ":"0","JSJC":2,"XXXQDM":"02","KXH":"04","KSJC":1,"XKZRS":35,"SKZC":"000000000000000010000000000000","SKJS":"钟峻","ISTK":0,"ZCMC":"17周","YPSJDD":"16-17周 星期一 第1节-第2节 南湖南-博学北楼-504,17周 星期二 第1节-第2节 南湖南-博学北楼-504,1-10周 星期一 第1节-第2节 南湖南-博学北楼-504,12-14周 星期一 第1节-第2节 南湖南-博学北楼-504","XF":2,"SKXQ":2,"XNXQDM":"2024-2025-2","KCM":"英语国家概况","JASDM":"0202010504","JXLDM":"020201","JXBID":"20242-12815","SKBJ":"公选-12815","TYXMDM":"11","KCH":"10201117103"},{"KKDWDM":"020","XS":32,"BYBZ":"0","JSJC":2,"XXXQDM":"02","KXH":"07","KSJC":1,"XKZRS":31,"SKZC":"000000000000000010000000000000","SKJS":"陈雅茹","ISTK":0,"ZCMC":"17周","YPSJDD":"9周 星期日 第1节-第2节 南湖南-博学北楼-504,1-5周 星期五 第1节-第2节 南湖南-博学北楼-504,17周 星期三 第1节-第2节 南湖南-博学北楼-504,7-9周 星期五 第1节-第2节 南湖南-博学北楼-504,11-16周 星期五 第1节-第2节 南湖南-博学北楼-504","XF":2,"SKXQ":3,"XNXQDM":"2024-2025-2","KCM":"实用科技英语翻译","JASDM":"0202010504","JXLDM":"020201","JXBID":"20242-12954","SKBJ":"公选-12954","TYXMDM":"11","KCH":"10201117106"},{"KKDWDM":"020","XS":32,"BYBZ":"0","JSJC":7,"XXXQDM":"02","KXH":"14","KSJC":6,"XKZRS":35,"SKZC":"000000000000000010000000000000","SKJS":"陈雅茹","ISTK":0,"ZCMC":"17周","YPSJDD":"11-16周 星期五 第6节-第7节 南湖南-博学北楼-504,7-9周 星期五 第6节-第7节 南湖南-博学北楼-504,9周 星期日 第6节-第7节 南湖南-博学北楼-504,1-5周 星期五 第6节-第7节 南湖南-博学北楼-504,17周 星期三 第6节-第7节 南湖南-博学北楼-504","XF":2,"SKXQ":3,"XNXQDM":"2024-2025-2","KCM":"实用科技英语翻译","JASDM":"0202010504","JXLDM":"020201","JXBID":"20242-13800","SKBJ":"公选-13800","TYXMDM":"11","KCH":"10201117106"}]}},"code":"0"}