{"datas":{"jaskcb":{"extParams":{"code":1,"msg":"查询成功"},"pageSize":0,"pageNumber":0,"totalSize":-1,"rows":[{"KKDWDM":"071","XS":88,"BYBZ":"0","JSJC":4,"XXXQDM":"02","KXH":"01","KSJC":3,"XKZRS":22,"SKZC":"111111111111111000000000000000","SKJS":"常远洋","ISTK":0,"ZCMC":"1-15周","YPSJDD":"9周 星期日 第1节-第2节 南湖南-博学西楼-215,12-14周 星期一 第1节-第2节 南湖南-博学西楼-215,16-17周 星期一 第1节-第2节 南湖南-博学西楼-215,7-9周 星期五 第1节-第2节 南湖南-博学西楼-215,1-10周 星期一 第1节-第2节 南湖南-博学西楼-215,11-15周 星期五 第1节-第2节 南湖南-博学西楼-215,1-5周 星期五 第1节-第2节 南湖南-博学西楼-215,1-15周 星期三 第3节-第4节 南湖南-博学西楼-215","XF":5,"SKXQ":3,"XNXQDM":"2024-2025-2","KCM":"高等数学A下","JASDM":"0202030215","JXLDM":"020203","JXBID":"20242-11191","SKBJ":"计算机留2401","TYXMDM":null,"KCH":"30713124001"},{"KKDWDM":"072","XS":88,"BYBZ":"0","JSJC":2,"XXXQDM":"02","KXH":"01","KSJC":1,"XKZRS":22,"SKZC":"111111111111111000000000000000","SKJS":"赵昕","ISTK":0,"ZCMC":"1-15周","YPSJDD":"1-15周 星期三 第1节-第2节 南湖南-博学西楼-215,9周 星期日 第3节-第4节 南湖南-博学西楼-215,11-15周 星期五 第3节-第4节 南湖南-博学西楼-215,1-15周 星期二 第1节-第2节 南湖南-博学西楼-215,1-5周 星期五 第3节-第4节 南湖南-博学西楼-215,7-9周 星期五 第3节-第4节 南湖南-博学西楼-215","XF":5,"SKXQ":3,"XNXQDM":"2024-2025-2","KCM":"大学物理B","JASDM":"0202030215","JXLDM":"020203","JXBID":"20242-06230","SKBJ":"计算机留2401","TYXMDM":null,"KCH":"30153119011"},{"KKDWDM":"072","XS":88,"BYBZ":"0","JSJC":2,"XXXQDM":"02","KXH":"01","KSJC":1,"XKZRS":22,"SKZC":"111111111111111000000000000000","SKJS":"赵昕","ISTK":0,"ZCMC":"1-15周","YPSJDD":"1-15周 星期三 第1节-第2节 南湖南-博学西楼-215,9周 星期日 第3节-第4节 南湖南-博学西楼-215,11-15周 星期五 第3节-第4节 南湖南-博学西楼-215,1-15周 星期二 第1节-第2节 南湖南-博学西楼-215,1-5周 星期五 第3节-第4节 南湖南-博学西楼-215,7-9周 星期五 第3节-第4节 南湖南-博学西楼-215","XF":5,"SKXQ":2,"XNXQDM":"2024-2025-2","KCM":"大学物理B","JASDM":"0202030215","JXLDM":"020203","JXBID":"20242-06230","SKBJ":"计算机留2401","TYXMDM":null,"KCH":"30153119011"},{"KKDWDM":"009","XS":24,"BYBZ":"0","JSJC":10,"XXXQDM":"02","KXH":"01","KSJC":9,"XKZRS":16,"SKZC":"11111111111100000000","SKJS":"张倩","ISTK":0,"ZCMC":"1-12周","YPSJDD":"1-12周 星期三 第9节-第10节 南湖南-博学西楼-215","XF":1,"SKXQ":3,"XNXQDM":"2024-2025-2","KCM":"城市给排水工程规划","JASDM":"0202030215","JXLDM":"020203","JXBID":"20242-04268","SKBJ":"城规2101","TYXMDM":null,"KCH":"10094121072"},{"KKDWDM":"011","XS":48,"BYBZ":"0","JSJC":5,"XXXQDM":"02","KXH":"01","KSJC":3,"XKZRS":21,"SKZC":"111111111101100000000000","SKJS":"周颖","ISTK":0,"ZCMC":"1-10周,12-13周","YPSJDD":"14-16周(双) 星期一 第3节-第4节 南湖南-博学西楼-215,1-10周,12-13周 星期一 第3节-第5节 南湖南-博学西楼-215","XF":3,"SKXQ":1,"XNXQDM":"2024-2025-2","KCM":"模拟电子技术基础C","JASDM":"0202030215","JXLDM":"020203","JXBID":"20242-06346","SKBJ":"计算机留2401","TYXMDM":null,"KCH":"30134119001"},{"KKDWDM":"071","XS":88,"BYBZ":"0","JSJC":2,"XXXQDM":"02","KXH":"01","KSJC":1,"XKZRS":22,"SKZC":"111111111100000000000000000000","SKJS":"常远洋","ISTK":0,"ZCMC":"1-10周","YPSJDD":"9周 星期日 第1节-第2节 南湖南-博学西楼-215,12-14周 星期一 第1节-第2节 南湖南-博学西楼-215,16-17周 星期一 第1节-第2节 南湖南-博学西楼-215,7-9周 星期五 第1节-第2节 南湖南-博学西楼-215,1-10周 星期一 第1节-第2节 南湖南-博学西楼-215,11-15周 星期五 第1节-第2节 南湖南-博学西楼-215,1-5周 星期五 第1节-第2节 南湖南-博学西楼-215,1-15周 星期三 第3节-第4节 南湖南-博学西楼-215","XF":5,"SKXQ":1,"XNXQDM":"2024-2025-2","KCM":"高等数学A下","JASDM":"0202030215","JXLDM":"020203","JXBID":"20242-11191","SKBJ":"计算机留2401","TYXMDM":null,"KCH":"30713124001"},{"KKDWDM":"022","XS":48,"BYBZ":"0","JSJC":5,"XXXQDM":"02","KXH":"01","KSJC":3,"XKZRS":32,"SKZC":"111111111100000000000000","SKJS":"胡璟","ISTK":0,"ZCMC":"1-10周","YPSJDD":"11周 星期二 第3节-第4节 南湖南-博学西楼-215,1-10周 星期二 第3节-第5节 南湖南-博学西楼-215","XF":3,"SKXQ":2,"XNXQDM":"2024-2025-2","KCM":"数字阅读与评论","JASDM":"0202030215","JXLDM":"020203","JXBID":"20242-02427","SKBJ":"新媒体2202","TYXMDM":null,"KCH":"10224121097"},{"KKDWDM":"012","XS":48,"BYBZ":"0","JSJC":5,"XXXQDM":"02","KXH":"01","KSJC":3,"XKZRS":22,"SKZC":"111111111011100000000000","SKJS":"库少平","ISTK":0,"ZCMC":"1-9周,11-13周","YPSJDD":"14-15周 星期四 第3节-第4节 南湖南-博学西楼-215,1-9周,11-13周 星期四 第3节-第5节 南湖南-博学西楼-215","XF":3,"SKXQ":4,"XNXQDM":"2024-2025-2","KCM":"数字逻辑","JASDM":"0202030215","JXLDM":"020203","JXBID":"20242-06537","SKBJ":"计算机留2401","TYXMDM":null,"KCH":"30124119011"},{"KKDWDM":"012","XS":40,"BYBZ":"0","JSJC":8,"XXXQDM":"02","KXH":"01","KSJC":6,"XKZRS":20,"SKZC":"111111110000000000000000000000","SKJS":"杜薇","ISTK":0,"ZCMC":"1-8周","YPSJDD":"1-8周 星期三 第6节-第8节 南湖南-博学西楼-215,9-10周 星期三 第6节-第7节 南湖南-博学西楼-215","XF":2,"SKXQ":3,"XNXQDM":"2024-2025-2","KCM":"JAVA语言程序设计B","JASDM":"0202030215","JXLDM":"020203","JXBID":"20242-11192","SKBJ":"计算机留2401","TYXMDM":null,"KCH":"30124119004"},{"KKDWDM":"072","XS":88,"BYBZ":"0","JSJC":4,"XXXQDM":"02","KXH":"01","KSJC":3,"XKZRS":22,"SKZC":"111110000000000000000000000000","SKJS":"赵昕","ISTK":0,"ZCMC":"1-5周","YPSJDD":"1-15周 星期三 第1节-第2节 南湖南-博学西楼-215,9周 星期日 第3节-第4节 南湖南-博学西楼-215,11-15周 星期五 第3节-第4节 南湖南-博学西楼-215,1-15周 星期二 第1节-第2节 南湖南-博学西楼-215,1-5周 星期五 第3节-第4节 南湖南-博学西楼-215,7-9周 星期五 第3节-第4节 南湖南-博学西楼-215","XF":5,"SKXQ":5,"XNXQDM":"2024-2025-2","KCM":"大学物理B","JASDM":"0202030215","JXLDM":"020203","JXBID":"20242-06230","SKBJ":"计算机留2401","TYXMDM":null,"KCH":"30153119011"},{"KKDWDM":"071","XS":88,"BYBZ":"0","JSJC":2,"XXXQDM":"02","KXH":"01","KSJC":1,"XKZRS":22,"SKZC":"111110000000000000000000000000","SKJS":"常远洋","ISTK":0,"ZCMC":"1-5周","YPSJDD":"9周 星期日 第1节-第2节 南湖南-博学西楼-215,12-14周 星期一 第1节-第2节 南湖南-博学西楼-215,16-17周 星期一 第1节-第2节 南湖南-博学西楼-215,7-9周 星期五 第1节-第2节 南湖南-博学西楼-215,1-10周 星期一 第1节-第2节 南湖南-博学西楼-215,11-15周 星期五 第1节-第2节 南湖南-博学西楼-215,1-5周 星期五 第1节-第2节 南湖南-博学西楼-215,1-15周 星期三 第3节-第4节 南湖南-博学西楼-215","XF":5,"SKXQ":5,"XNXQDM":"2024-2025-2","KCM":"高等数学A下","JASDM":"0202030215","JXLDM":"020203","JXBID":"20242-11191","SKBJ":"计算机留2401","TYXMDM":null,"KCH":"30713124001"},{"KKDWDM":"072","XS":88,"BYBZ":"0","JSJC":4,"XXXQDM":"02","KXH":"01","KSJC":3,"XKZRS":22,"SKZC":"000000111000000000000000000000","SKJS":"赵昕","ISTK":0,"ZCMC":"7-9周","YPSJDD":"1-15周 星期三 第1节-第2节 南湖南-博学西楼-215,9周 星期日 第3节-第4节 南湖南-博学西楼-215,11-15周 星期五 第3节-第4节 南湖南-博学西楼-215,1-15周 星期二 第1节-第2节 南湖南-博学西楼-215,1-5周 星期五 第3节-第4节 南湖南-博学西楼-215,7-9周 星期五 第3节-第4节 南湖南-博学西楼-215","XF":5,"SKXQ":5,"XNXQDM":"2024-2025-2","KCM":"大学物理B","JASDM":"0202030215","JXLDM":"020203","JXBID":"20242-06230","SKBJ":"计算机留2401","TYXMDM":null,"KCH":"30153119011"},{"KKDWDM":"071","XS":88,"BYBZ":"0","JSJC":2,"XXXQDM":"02","KXH":"01","KSJC":1,"XKZRS":22,"SKZC":"000000111000000000000000000000","SKJS":"常远洋","ISTK":0,"ZCMC":"7-9周","YPSJDD":"9周 星期日 第1节-第2节 南湖南-博学西楼-215,12-14周 星期一 第1节-第2节 南湖南-博学西楼-215,16-17周 星期一 第1节-第2节 南湖南-博学西楼-215,7-9周 星期五 第1节-第2节 南湖南-博学西楼-215,1-10周 星期一 第1节-第2节 南湖南-博学西楼-215,11-15周 星期五 第1节-第2节 南湖南-博学西楼-215,1-5周 星期五 第1节-第2节 南湖南-博学西楼-215,1-15周 星期三 第3节-第4节 南湖南-博学西楼-215","XF":5,"SKXQ":5,"XNXQDM":"2024-2025-2","KCM":"高等数学A下","JASDM":"0202030215","JXLDM":"020203","JXBID":"20242-11191","SKBJ":"计算机留2401","TYXMDM":null,"KCH":"30713124001"},{"KKDWDM":"012","XS":40,"BYBZ":"0","JSJC":7,"XXXQDM":"02","KXH":"01","KSJC":6,"XKZRS":20,"SKZC":"000000001100000000000000000000","SKJS":"杜薇","ISTK":0,"ZCMC":"9-10周","YPSJDD":"1-8周 星期三 第6节-第8节 南湖南-博学西楼-215,9-10周 星期三 第6节-第7节 南湖南-博学西楼-215","XF":2,"SKXQ":3,"XNXQDM":"2024-2025-2","KCM":"JAVA语言程序设计B","JASDM":"0202030215","JXLDM":"020203","JXBID":"20242-11192","SKBJ":"计算机留2401","TYXMDM":null,"KCH":"30124119004"},{"KKDWDM":"072","XS":88,"BYBZ":"0","JSJC":4,"XXXQDM":"02","KXH":"01","KSJC":3,"XKZRS":22,"SKZC":"000000001000000000000000000000","SKJS":"赵昕","ISTK":0,"ZCMC":"9周","YPSJDD":"1-15周 星期三 第1节-第2节 南湖南-博学西楼-215,9周 星期日 第3节-第4节 南湖南-博学西楼-215,11-15周 星期五 第3节-第4节 南湖南-博学西楼-215,1-15周 星期二 第1节-第2节 南湖南-博学西楼-215,1-5周 星期五 第3节-第4节 南湖南-博学西楼-215,7-9周 星期五 第3节-第4节 南湖南-博学西楼-215","XF":5,"SKXQ":7,"XNXQDM":"2024-2025-2","KCM":"大学物理B","JASDM":"0202030215","JXLDM":"020203","JXBID":"20242-06230","SKBJ":"计算机留2401","TYXMDM":null,"KCH":"30153119011"},{"KKDWDM":"071","XS":88,"BYBZ":"0","JSJC":2,"XXXQDM":"02","KXH":"01","KSJC":1,"XKZRS":22,"SKZC":"000000001000000000000000000000","SKJS":"常远洋","ISTK":0,"ZCMC":"9周","YPSJDD":"9周 星期日 第1节-第2节 南湖南-博学西楼-215,12-14周 星期一 第1节-第2节 南湖南-博学西楼-215,16-17周 星期一 第1节-第2节 南湖南-博学西楼-215,7-9周 星期五 第1节-第2节 南湖南-博学西楼-215,1-10周 星期一 第1节-第2节 南湖南-博学西楼-215,11-15周 星期五 第1节-第2节 南湖南-博学西楼-215,1-5周 星期五 第1节-第2节 南湖南-博学西楼-215,1-15周 星期三 第3节-第4节 南湖南-博学西楼-215","XF":5,"SKXQ":7,"XNXQDM":"2024-2025-2","KCM":"高等数学A下","JASDM":"0202030215","JXLDM":"020203","JXBID":"20242-11191","SKBJ":"计算机留2401","TYXMDM":null,"KCH":"30713124001"},{"KKDWDM":"071","XS":88,"BYBZ":"0","JSJC":2,"XXXQDM":"02","KXH":"01","KSJC":1,"XKZRS":22,"SKZC":"000000000011111000000000000000","SKJS":"常远洋","ISTK":0,"ZCMC":"11-15周","YPSJDD":"9周 星期日 第1节-第2节 南湖南-博学西楼-215,12-14周 星期一 第1节-第2节 南湖南-博学西楼-215,16-17周 星期一 第1节-第2节 南湖南-博学西楼-215,7-9周 星期五 第1节-第2节 南湖南-博学西楼-215,1-10周 星期一 第1节-第2节 南湖南-博学西楼-215,11-15周 星期五 第1节-第2节 南湖南-博学西楼-215,1-5周 星期五 第1节-第2节 南湖南-博学西楼-215,1-15周 星期三 第3节-第4节 南湖南-博学西楼-215","XF":5,"SKXQ":5,"XNXQDM":"2024-2025-2","KCM":"高等数学A下","JASDM":"0202030215","JXLDM":"020203","JXBID":"20242-11191","SKBJ":"计算机留2401","TYXMDM":null,"KCH":"30713124001"},{"KKDWDM":"072","XS":88,"BYBZ":"0","JSJC":4,"XXXQDM":"02","KXH":"01","KSJC":3,"XKZRS":22,"SKZC":"000000000011111000000000000000","SKJS":"赵昕","ISTK":0,"ZCMC":"11-15周","YPSJDD":"1-15周 星期三 第1节-第2节 南湖南-博学西楼-215,9周 星期日 第3节-第4节 南湖南-博学西楼-215,11-15周 星期五 第3节-第4节 南湖南-博学西楼-215,1-15周 星期二 第1节-第2节 南湖南-博学西楼-215,1-5周 星期五 第3节-第4节 南湖南-博学西楼-215,7-9周 星期五 第3节-第4节 南湖南-博学西楼-215","XF":5,"SKXQ":5,"XNXQDM":"2024-2025-2","KCM":"大学物理B","JASDM":"0202030215","JXLDM":"020203","JXBID":"20242-06230","SKBJ":"计算机留2401","TYXMDM":null,"KCH":"30153119011"},{"KKDWDM":"022","XS":48,"BYBZ":"0","JSJC":4,"XXXQDM":"02","KXH":"01","KSJC":3,"XKZRS":32,"SKZC":"000000000010000000000000","SKJS":"胡璟","ISTK":0,"ZCMC":"11周","YPSJDD":"11周 星期二 第3节-第4节 南湖南-博学西楼-215,1-10周 星期二 第3节-第5节 南湖南-博学西楼-215","XF":3,"SKXQ":2,"XNXQDM":"2024-2025-2","KCM":"数字阅读与评论","JASDM":"0202030215","JXLDM":"020203","JXBID":"20242-02427","SKBJ":"新媒体2202","TYXMDM":null,"KCH":"10224121097"},{"KKDWDM":"071","XS":88,"BYBZ":"0","JSJC":2,"XXXQDM":"02","KXH":"01","KSJC":1,"XKZRS":22,"SKZC":"000000000001110000000000000000","SKJS":"常远洋","ISTK":0,"ZCMC":"12-14周","YPSJDD":"9周 星期日 第1节-第2节 南湖南-博学西楼-215,12-14周 星期一 第1节-第2节 南湖南-博学西楼-215,16-17周 星期一 第1节-第2节 南湖南-博学西楼-215,7-9周 星期五 第1节-第2节 南湖南-博学西楼-215,1-10周 星期一 第1节-第2节 南湖南-博学西楼-215,11-15周 星期五 第1节-第2节 南湖南-博学西楼-215,1-5周 星期五 第1节-第2节 南湖南-博学西楼-215,1-15周 星期三 第3节-第4节 南湖南-博学西楼-215","XF":5,"SKXQ":1,"XNXQDM":"2024-2025-2","KCM":"高等数学A下","JASDM":"0202030215","JXLDM":"020203","JXBID":"20242-11191","SKBJ":"计算机留2401","TYXMDM":null,"KCH":"30713124001"},{"KKDWDM":"012","XS":48,"BYBZ":"0","JSJC":4,"XXXQDM":"02","KXH":"01","KSJC":3,"XKZRS":22,"SKZC":"000000000000011000000000","SKJS":"库少平","ISTK":0,"ZCMC":"14-15周","YPSJDD":"14-15周 星期四 第3节-第4节 南湖南-博学西楼-215,1-9周,11-13周 星期四 第3节-第5节 南湖南-博学西楼-215","XF":3,"SKXQ":4,"XNXQDM":"2024-2025-2","KCM":"数字逻辑","JASDM":"0202030215","JXLDM":"020203","JXBID":"20242-06537","SKBJ":"计算机留2401","TYXMDM":null,"KCH":"30124119011"},{"KKDWDM":"011","XS":48,"BYBZ":"0","JSJC":4,"XXXQDM":"02","KXH":"01","KSJC":3,"XKZRS":21,"SKZC":"000000000000010100000000","SKJS":"周颖","ISTK":0,"ZCMC":"14-16周(双)","YPSJDD":"14-16周(双) 星期一 第3节-第4节 南湖南-博学西楼-215,1-10周,12-13周 星期一 第3节-第5节 南湖南-博学西楼-215","XF":3,"SKXQ":1,"XNXQDM":"2024-2025-2","KCM":"模拟电子技术基础C","JASDM":"0202030215","JXLDM":"020203","JXBID":"20242-06346","SKBJ":"计算机留2401","TYXMDM":null,"KCH":"30134119001"},{"KKDWDM":"071","XS":88,"BYBZ":"0","JSJC":2,"XXXQDM":"02","KXH":"01","KSJC":1,"XKZRS":22,"SKZC":"000000000000000110000000000000","SKJS":"常远洋","ISTK":0,"ZCMC":"16-17周","YPSJDD":"9周 星期日 第1节-第2节 南湖南-博学西楼-215,12-14周 星期一 第1节-第2节 南湖南-博学西楼-215,16-17周 星期一 第1节-第2节 南湖南-博学西楼-215,7-9周 星期五 第1节-第2节 南湖南-博学西楼-215,1-10周 星期一 第1节-第2节 南湖南-博学西楼-215,11-15周 星期五 第1节-第2节 南湖南-博学西楼-215,1-5周 星期五 第1节-第2节 南湖南-博学西楼-215,1-15周 星期三 第3节-第4节 南湖南-博学西楼-215","XF":5,"SKXQ":1,"XNXQDM":"2024-2025-2","KCM":"高等数学A下","JASDM":"0202030215","JXLDM":"020203","JXBID":"20242-11191","SKBJ":"计算机留2401","TYXMDM":null,"KCH":"30713124001"}]}},"code":"0"}