{"datas":{"jaskcb":{"extParams":{"code":1,"msg":"查询成功"},"pageSize":0,"pageNumber":0,"totalSize":-1,"rows":[{"KKDWDM":"011","XS":64,"BYBZ":"0","JSJC":4,"XXXQDM":"02","KXH":"01","KSJC":3,"XKZRS":37,"SKZC":"111111111111111100000000000000","SKJS":"刘可文","ISTK":0,"ZCMC":"1-16周","YPSJDD":"9周 星期日 第9节-第10节 南湖南-博学北楼-107,1-5周,7-9周,11-16周 星期五 第9节-第10节 南湖南-博学北楼-107,1-16周 星期三 第3节-第4节 南湖南-博学北楼-107,17周 星期三 第9节-第10节 南湖南-博学北楼-107","XF":4,"SKXQ":3,"XNXQDM":"2024-2025-2","KCM":"模拟电子技术基础A","JASDM":"0202010107","JXLDM":"020201","JXBID":"20242-06560","SKBJ":"通信zs2401","TYXMDM":null,"KCH":"10113111001"},{"KKDWDM":"017","XS":32,"BYBZ":"0","JSJC":2,"XXXQDM":"02","KXH":"01","KSJC":1,"XKZRS":38,"SKZC":"1111111111111111","SKJS":"黄英辉","ISTK":0,"ZCMC":"1-16周","YPSJDD":"1-16周 星期二 第1节-第2节 南湖南-博学北楼-107","XF":2,"SKXQ":2,"XNXQDM":"2024-2025-2","KCM":"数据挖掘与商务智能","JASDM":"0202010107","JXLDM":"020201","JXBID":"20242-05509","SKBJ":"信管2303","TYXMDM":null,"KCH":"10174121134"},{"KKDWDM":"007","XS":32,"BYBZ":"0","JSJC":7,"XXXQDM":"02","KXH":"02","KSJC":6,"XKZRS":31,"SKZC":"11111111111111","SKJS":"李路瑶,申祖国","ISTK":0,"ZCMC":"1-14周","YPSJDD":"1-14周 星期二 第6节-第7节 南湖南-博学北楼-107","XF":2,"SKXQ":2,"XNXQDM":"2024-2025-2","KCM":"工程热力学C","JASDM":"0202010107","JXLDM":"020201","JXBID":"20242-04565","SKBJ":"能源2303","TYXMDM":null,"KCH":"10074117118"},{"KKDWDM":"007","XS":32,"BYBZ":"0","JSJC":7,"XXXQDM":"02","KXH":"01","KSJC":6,"XKZRS":40,"SKZC":"11111111111111","SKJS":"鞠洪玲","ISTK":0,"ZCMC":"1-14周","YPSJDD":"1-14周 星期三 第6节-第7节 南湖南-博学北楼-107","XF":2,"SKXQ":3,"XNXQDM":"2024-2025-2","KCM":"工程热力学C","JASDM":"0202010107","JXLDM":"020201","JXBID":"20242-04555","SKBJ":"储能2302","TYXMDM":null,"KCH":"10074117118"},{"KKDWDM":"020","XS":32,"BYBZ":"0","JSJC":4,"XXXQDM":"02","KXH":"02","KSJC":3,"XKZRS":31,"SKZC":"111111111100000000000000000000","SKJS":"Alex Ory Ballard","ISTK":0,"ZCMC":"1-10周","YPSJDD":"1-10周 星期一 第3节-第4节 南湖南-博学北楼-107,17周 星期二 第3节-第4节 南湖南-博学北楼-107,16-17周 星期一 第3节-第4节 南湖南-博学北楼-107,12-14周 星期一 第3节-第4节 南湖南-博学北楼-107","XF":2,"SKXQ":1,"XNXQDM":"2024-2025-2","KCM":"英语听力与口语2","JASDM":"0202010107","JXLDM":"020201","JXBID":"20242-09713","SKBJ":"金融gj2401","TYXMDM":null,"KCH":"10206124404"},{"KKDWDM":"072","XS":64,"BYBZ":"0","JSJC":2,"XXXQDM":"02","KXH":"01","KSJC":1,"XKZRS":26,"SKZC":"111111111100000000000000000000","SKJS":"陈建中","ISTK":0,"ZCMC":"1-10周","YPSJDD":"1-10周 星期一 第1节-第2节 南湖南-博学北楼-107,12-13周 星期一 第1节-第2节 南湖南-博学北楼-107,1-9周 星期四 第3节-第4节 南湖南-博学北楼-107,11-13周 星期四 第3节-第4节 南湖南-博学北楼-107","XF":4,"SKXQ":1,"XNXQDM":"2024-2025-2","KCM":"实验力学","JASDM":"0202010107","JXLDM":"020201","JXBID":"20242-04671","SKBJ":"工力JD2301","TYXMDM":null,"KCH":"10154124503"},{"KKDWDM":"022","XS":32,"BYBZ":"0","JSJC":13,"XXXQDM":"02","KXH":"01","KSJC":11,"XKZRS":37,"SKZC":"111111111100000000000000","SKJS":"张雄军","ISTK":0,"ZCMC":"1-10周","YPSJDD":"12周 星期一 第11节-第12节 南湖南-博学北楼-107,1-10周 星期一 第11节-第13节 南湖南-博学北楼-107","XF":2,"SKXQ":1,"XNXQDM":"2024-2025-2","KCM":"设计素描","JASDM":"0202010107","JXLDM":"020201","JXBID":"20242-08608","SKBJ":"公选-08608","TYXMDM":null,"KCH":"10226112072"},{"KKDWDM":"072","XS":64,"BYBZ":"0","JSJC":2,"XXXQDM":"02","KXH":"09","KSJC":1,"XKZRS":38,"SKZC":"111111111011111000000000","SKJS":"黄莉","ISTK":0,"ZCMC":"1-9周,11-15周","YPSJDD":"1-9周,11-15周 星期四 第1节-第2节 南湖南-博学北楼-107,1-16周 星期二 第3节-第4节 南湖南-博学北楼-413","XF":4,"SKXQ":4,"XNXQDM":"2024-2025-2","KCM":"材料力学C","JASDM":"0202010107","JXLDM":"020201","JXBID":"20242-04551","SKBJ":"车辆2306","TYXMDM":null,"KCH":"10154111009"},{"KKDWDM":"072","XS":64,"BYBZ":"0","JSJC":4,"XXXQDM":"02","KXH":"01","KSJC":3,"XKZRS":26,"SKZC":"111111111000000000000000000000","SKJS":"陈建中","ISTK":0,"ZCMC":"1-9周","YPSJDD":"1-10周 星期一 第1节-第2节 南湖南-博学北楼-107,12-13周 星期一 第1节-第2节 南湖南-博学北楼-107,1-9周 星期四 第3节-第4节 南湖南-博学北楼-107,11-13周 星期四 第3节-第4节 南湖南-博学北楼-107","XF":4,"SKXQ":4,"XNXQDM":"2024-2025-2","KCM":"实验力学","JASDM":"0202010107","JXLDM":"020201","JXBID":"20242-04671","SKBJ":"工力JD2301","TYXMDM":null,"KCH":"10154124503"},{"KKDWDM":"011","XS":64,"BYBZ":"0","JSJC":10,"XXXQDM":"02","KXH":"01","KSJC":9,"XKZRS":37,"SKZC":"111110111011111100000000000000","SKJS":"刘可文","ISTK":0,"ZCMC":"1-5周,7-9周,11-16周","YPSJDD":"9周 星期日 第9节-第10节 南湖南-博学北楼-107,1-5周,7-9周,11-16周 星期五 第9节-第10节 南湖南-博学北楼-107,1-16周 星期三 第3节-第4节 南湖南-博学北楼-107,17周 星期三 第9节-第10节 南湖南-博学北楼-107","XF":4,"SKXQ":5,"XNXQDM":"2024-2025-2","KCM":"模拟电子技术基础A","JASDM":"0202010107","JXLDM":"020201","JXBID":"20242-06560","SKBJ":"通信zs2401","TYXMDM":null,"KCH":"10113111001"},{"KKDWDM":"018","XS":32,"BYBZ":"0","JSJC":8,"XXXQDM":"02","KXH":"01","KSJC":6,"XKZRS":28,"SKZC":"111110000000000000000000000000","SKJS":"刘平峰","ISTK":0,"ZCMC":"1-5周","YPSJDD":"9周 星期日 第6节-第8节 南湖南-博学北楼-107,7-8周 星期五 第6节-第8节 南湖南-博学北楼-107,1-5周 星期五 第6节-第8节 南湖南-博学北楼-107","XF":2,"SKXQ":5,"XNXQDM":"2024-2025-2","KCM":"电子商务软件设计模式B","JASDM":"0202010107","JXLDM":"020201","JXBID":"20242-05146","SKBJ":"电商2301","TYXMDM":null,"KCH":"10185121016"},{"KKDWDM":"007","XS":32,"BYBZ":"0","JSJC":2,"XXXQDM":"02","KXH":"01","KSJC":1,"XKZRS":27,"SKZC":"111110000000000000000000000000","SKJS":"廖燕,曾娟","ISTK":0,"ZCMC":"1-5周","YPSJDD":"9周 星期日 第1节-第2节 南湖南-博学北楼-107,1-5周 星期五 第1节-第2节 南湖南-博学北楼-107,7-9周 星期五 第1节-第2节 南湖南-博学北楼-107,11-16周 星期五 第1节-第2节 南湖南-博学北楼-107,17周 星期三 第1节-第2节 南湖南-博学北楼-107","XF":2,"SKXQ":5,"XNXQDM":"2024-2025-2","KCM":"汽车产业理论与实务","JASDM":"0202010107","JXLDM":"020201","JXBID":"20242-05246","SKBJ":"营销2302","TYXMDM":null,"KCH":"10075121081"},{"KKDWDM":"072","XS":40,"BYBZ":"0","JSJC":5,"XXXQDM":"02","KXH":"01","KSJC":3,"XKZRS":null,"SKZC":"110000000000000000000000000000","SKJS":"徐爽","ISTK":0,"ZCMC":"1-2周","YPSJDD":"1-2周 星期二 第3节-第5节 南湖南-博学北楼-107","XF":2,"SKXQ":2,"XNXQDM":"2024-2025-2","KCM":"材料的力学行为","JASDM":"0202010107","JXLDM":"020201","JXBID":"20242-05654","SKBJ":"工力JD2301","TYXMDM":null,"KCH":"10155124674"},{"KKDWDM":"012","XS":40,"BYBZ":"0","JSJC":13,"XXXQDM":"02","KXH":"01","KSJC":11,"XKZRS":20,"SKZC":"001111000000000000000000000000","SKJS":"王云华","ISTK":0,"ZCMC":"3-6周","YPSJDD":"17周 星期三 第11节-第12节 南湖南-博学北楼-110,7-9周,11-16周 星期四 第11节-第12节 南湖南-博学北楼-110,3-6周 星期四 第11节-第13节 南湖南-博学北楼-107","XF":2,"SKXQ":4,"XNXQDM":"2024-2025-2","KCM":"面向对象程序设计","JASDM":"0202010107","JXLDM":"020201","JXBID":"20242-14294","SKBJ":null,"TYXMDM":null,"KCH":"10124121073"},{"KKDWDM":"007","XS":32,"BYBZ":"0","JSJC":2,"XXXQDM":"02","KXH":"01","KSJC":1,"XKZRS":27,"SKZC":"000000111000000000000000000000","SKJS":"廖燕,曾娟","ISTK":0,"ZCMC":"7-9周","YPSJDD":"9周 星期日 第1节-第2节 南湖南-博学北楼-107,1-5周 星期五 第1节-第2节 南湖南-博学北楼-107,7-9周 星期五 第1节-第2节 南湖南-博学北楼-107,11-16周 星期五 第1节-第2节 南湖南-博学北楼-107,17周 星期三 第1节-第2节 南湖南-博学北楼-107","XF":2,"SKXQ":5,"XNXQDM":"2024-2025-2","KCM":"汽车产业理论与实务","JASDM":"0202010107","JXLDM":"020201","JXBID":"20242-05246","SKBJ":"营销2302","TYXMDM":null,"KCH":"10075121081"},{"KKDWDM":"018","XS":32,"BYBZ":"0","JSJC":8,"XXXQDM":"02","KXH":"01","KSJC":6,"XKZRS":28,"SKZC":"000000110000000000000000000000","SKJS":"刘平峰","ISTK":0,"ZCMC":"7-8周","YPSJDD":"9周 星期日 第6节-第8节 南湖南-博学北楼-107,7-8周 星期五 第6节-第8节 南湖南-博学北楼-107,1-5周 星期五 第6节-第8节 南湖南-博学北楼-107","XF":2,"SKXQ":5,"XNXQDM":"2024-2025-2","KCM":"电子商务软件设计模式B","JASDM":"0202010107","JXLDM":"020201","JXBID":"20242-05146","SKBJ":"电商2301","TYXMDM":null,"KCH":"10185121016"},{"KKDWDM":"072","XS":40,"BYBZ":"0","JSJC":12,"XXXQDM":"02","KXH":"01","KSJC":11,"XKZRS":30,"SKZC":"000000001111111000000000000000","SKJS":"钟愉承","ISTK":0,"ZCMC":"9-15周","YPSJDD":"9周 星期四 第11节-第12节 南湖南-博学北楼-107,11-16周 星期四 第11节-第12节 南湖南-博学北楼-107,9-15周 星期二 第11节-第12节 南湖南-博学北楼-107","XF":2,"SKXQ":2,"XNXQDM":"2024-2025-2","KCM":"有限元分析与应用D","JASDM":"0202010107","JXLDM":"020201","JXBID":"20242-08016","SKBJ":"公选-08016","TYXMDM":null,"KCH":"10156121206"},{"KKDWDM":"018","XS":32,"BYBZ":"0","JSJC":8,"XXXQDM":"02","KXH":"01","KSJC":6,"XKZRS":28,"SKZC":"000000001000000000000000000000","SKJS":"刘平峰","ISTK":0,"ZCMC":"9周","YPSJDD":"9周 星期日 第6节-第8节 南湖南-博学北楼-107,7-8周 星期五 第6节-第8节 南湖南-博学北楼-107,1-5周 星期五 第6节-第8节 南湖南-博学北楼-107","XF":2,"SKXQ":7,"XNXQDM":"2024-2025-2","KCM":"电子商务软件设计模式B","JASDM":"0202010107","JXLDM":"020201","JXBID":"20242-05146","SKBJ":"电商2301","TYXMDM":null,"KCH":"10185121016"},{"KKDWDM":"072","XS":40,"BYBZ":"0","JSJC":12,"XXXQDM":"02","KXH":"01","KSJC":11,"XKZRS":30,"SKZC":"000000001000000000000000000000","SKJS":"钟愉承","ISTK":0,"ZCMC":"9周","YPSJDD":"9周 星期四 第11节-第12节 南湖南-博学北楼-107,11-16周 星期四 第11节-第12节 南湖南-博学北楼-107,9-15周 星期二 第11节-第12节 南湖南-博学北楼-107","XF":2,"SKXQ":4,"XNXQDM":"2024-2025-2","KCM":"有限元分析与应用D","JASDM":"0202010107","JXLDM":"020201","JXBID":"20242-08016","SKBJ":"公选-08016","TYXMDM":null,"KCH":"10156121206"},{"KKDWDM":"011","XS":64,"BYBZ":"0","JSJC":10,"XXXQDM":"02","KXH":"01","KSJC":9,"XKZRS":37,"SKZC":"000000001000000000000000000000","SKJS":"刘可文","ISTK":0,"ZCMC":"9周","YPSJDD":"9周 星期日 第9节-第10节 南湖南-博学北楼-107,1-5周,7-9周,11-16周 星期五 第9节-第10节 南湖南-博学北楼-107,1-16周 星期三 第3节-第4节 南湖南-博学北楼-107,17周 星期三 第9节-第10节 南湖南-博学北楼-107","XF":4,"SKXQ":7,"XNXQDM":"2024-2025-2","KCM":"模拟电子技术基础A","JASDM":"0202010107","JXLDM":"020201","JXBID":"20242-06560","SKBJ":"通信zs2401","TYXMDM":null,"KCH":"10113111001"},{"KKDWDM":"007","XS":32,"BYBZ":"0","JSJC":2,"XXXQDM":"02","KXH":"01","KSJC":1,"XKZRS":27,"SKZC":"000000001000000000000000000000","SKJS":"廖燕,曾娟","ISTK":0,"ZCMC":"9周","YPSJDD":"9周 星期日 第1节-第2节 南湖南-博学北楼-107,1-5周 星期五 第1节-第2节 南湖南-博学北楼-107,7-9周 星期五 第1节-第2节 南湖南-博学北楼-107,11-16周 星期五 第1节-第2节 南湖南-博学北楼-107,17周 星期三 第1节-第2节 南湖南-博学北楼-107","XF":2,"SKXQ":7,"XNXQDM":"2024-2025-2","KCM":"汽车产业理论与实务","JASDM":"0202010107","JXLDM":"020201","JXBID":"20242-05246","SKBJ":"营销2302","TYXMDM":null,"KCH":"10075121081"},{"KKDWDM":"072","XS":40,"BYBZ":"0","JSJC":12,"XXXQDM":"02","KXH":"01","KSJC":11,"XKZRS":30,"SKZC":"000000000011111100000000000000","SKJS":"钟愉承","ISTK":0,"ZCMC":"11-16周","YPSJDD":"9周 星期四 第11节-第12节 南湖南-博学北楼-107,11-16周 星期四 第11节-第12节 南湖南-博学北楼-107,9-15周 星期二 第11节-第12节 南湖南-博学北楼-107","XF":2,"SKXQ":4,"XNXQDM":"2024-2025-2","KCM":"有限元分析与应用D","JASDM":"0202010107","JXLDM":"020201","JXBID":"20242-08016","SKBJ":"公选-08016","TYXMDM":null,"KCH":"10156121206"},{"KKDWDM":"007","XS":32,"BYBZ":"0","JSJC":2,"XXXQDM":"02","KXH":"01","KSJC":1,"XKZRS":27,"SKZC":"000000000011111100000000000000","SKJS":"廖燕,曾娟","ISTK":0,"ZCMC":"11-16周","YPSJDD":"9周 星期日 第1节-第2节 南湖南-博学北楼-107,1-5周 星期五 第1节-第2节 南湖南-博学北楼-107,7-9周 星期五 第1节-第2节 南湖南-博学北楼-107,11-16周 星期五 第1节-第2节 南湖南-博学北楼-107,17周 星期三 第1节-第2节 南湖南-博学北楼-107","XF":2,"SKXQ":5,"XNXQDM":"2024-2025-2","KCM":"汽车产业理论与实务","JASDM":"0202010107","JXLDM":"020201","JXBID":"20242-05246","SKBJ":"营销2302","TYXMDM":null,"KCH":"10075121081"},{"KKDWDM":"072","XS":64,"BYBZ":"0","JSJC":4,"XXXQDM":"02","KXH":"01","KSJC":3,"XKZRS":26,"SKZC":"0000000000111000000000000","SKJS":"陈建中","ISTK":0,"ZCMC":"11-13周","YPSJDD":"1-10周 星期一 第1节-第2节 南湖南-博学北楼-107,12-13周 星期一 第1节-第2节 南湖南-博学北楼-107,1-9周 星期四 第3节-第4节 南湖南-博学北楼-107,11-13周 星期四 第3节-第4节 南湖南-博学北楼-107","XF":4,"SKXQ":4,"XNXQDM":"2024-2025-2","KCM":"实验力学","JASDM":"0202010107","JXLDM":"020201","JXBID":"20242-04671","SKBJ":"工力JD2301","TYXMDM":null,"KCH":"10154124503"},{"KKDWDM":"020","XS":32,"BYBZ":"0","JSJC":4,"XXXQDM":"02","KXH":"02","KSJC":3,"XKZRS":31,"SKZC":"000000000001110000000000000000","SKJS":"Alex Ory Ballard","ISTK":0,"ZCMC":"12-14周","YPSJDD":"1-10周 星期一 第3节-第4节 南湖南-博学北楼-107,17周 星期二 第3节-第4节 南湖南-博学北楼-107,16-17周 星期一 第3节-第4节 南湖南-博学北楼-107,12-14周 星期一 第3节-第4节 南湖南-博学北楼-107","XF":2,"SKXQ":1,"XNXQDM":"2024-2025-2","KCM":"英语听力与口语2","JASDM":"0202010107","JXLDM":"020201","JXBID":"20242-09713","SKBJ":"金融gj2401","TYXMDM":null,"KCH":"10206124404"},{"KKDWDM":"072","XS":64,"BYBZ":"0","JSJC":2,"XXXQDM":"02","KXH":"01","KSJC":1,"XKZRS":26,"SKZC":"0000000000011000000000000","SKJS":"陈建中","ISTK":0,"ZCMC":"12-13周","YPSJDD":"1-10周 星期一 第1节-第2节 南湖南-博学北楼-107,12-13周 星期一 第1节-第2节 南湖南-博学北楼-107,1-9周 星期四 第3节-第4节 南湖南-博学北楼-107,11-13周 星期四 第3节-第4节 南湖南-博学北楼-107","XF":4,"SKXQ":1,"XNXQDM":"2024-2025-2","KCM":"实验力学","JASDM":"0202010107","JXLDM":"020201","JXBID":"20242-04671","SKBJ":"工力JD2301","TYXMDM":null,"KCH":"10154124503"},{"KKDWDM":"022","XS":32,"BYBZ":"0","JSJC":12,"XXXQDM":"02","KXH":"01","KSJC":11,"XKZRS":37,"SKZC":"000000000001000000000000","SKJS":"张雄军","ISTK":0,"ZCMC":"12周","YPSJDD":"12周 星期一 第11节-第12节 南湖南-博学北楼-107,1-10周 星期一 第11节-第13节 南湖南-博学北楼-107","XF":2,"SKXQ":1,"XNXQDM":"2024-2025-2","KCM":"设计素描","JASDM":"0202010107","JXLDM":"020201","JXBID":"20242-08608","SKBJ":"公选-08608","TYXMDM":null,"KCH":"10226112072"},{"KKDWDM":"020","XS":32,"BYBZ":"0","JSJC":4,"XXXQDM":"02","KXH":"02","KSJC":3,"XKZRS":31,"SKZC":"000000000000000110000000000000","SKJS":"Alex Ory Ballard","ISTK":0,"ZCMC":"16-17周","YPSJDD":"1-10周 星期一 第3节-第4节 南湖南-博学北楼-107,17周 星期二 第3节-第4节 南湖南-博学北楼-107,16-17周 星期一 第3节-第4节 南湖南-博学北楼-107,12-14周 星期一 第3节-第4节 南湖南-博学北楼-107","XF":2,"SKXQ":1,"XNXQDM":"2024-2025-2","KCM":"英语听力与口语2","JASDM":"0202010107","JXLDM":"020201","JXBID":"20242-09713","SKBJ":"金融gj2401","TYXMDM":null,"KCH":"10206124404"},{"KKDWDM":"020","XS":32,"BYBZ":"0","JSJC":4,"XXXQDM":"02","KXH":"02","KSJC":3,"XKZRS":31,"SKZC":"000000000000000010000000000000","SKJS":"Alex Ory Ballard","ISTK":0,"ZCMC":"17周","YPSJDD":"1-10周 星期一 第3节-第4节 南湖南-博学北楼-107,17周 星期二 第3节-第4节 南湖南-博学北楼-107,16-17周 星期一 第3节-第4节 南湖南-博学北楼-107,12-14周 星期一 第3节-第4节 南湖南-博学北楼-107","XF":2,"SKXQ":2,"XNXQDM":"2024-2025-2","KCM":"英语听力与口语2","JASDM":"0202010107","JXLDM":"020201","JXBID":"20242-09713","SKBJ":"金融gj2401","TYXMDM":null,"KCH":"10206124404"},{"KKDWDM":"007","XS":32,"BYBZ":"0","JSJC":2,"XXXQDM":"02","KXH":"01","KSJC":1,"XKZRS":27,"SKZC":"000000000000000010000000000000","SKJS":"廖燕,曾娟","ISTK":0,"ZCMC":"17周","YPSJDD":"9周 星期日 第1节-第2节 南湖南-博学北楼-107,1-5周 星期五 第1节-第2节 南湖南-博学北楼-107,7-9周 星期五 第1节-第2节 南湖南-博学北楼-107,11-16周 星期五 第1节-第2节 南湖南-博学北楼-107,17周 星期三 第1节-第2节 南湖南-博学北楼-107","XF":2,"SKXQ":3,"XNXQDM":"2024-2025-2","KCM":"汽车产业理论与实务","JASDM":"0202010107","JXLDM":"020201","JXBID":"20242-05246","SKBJ":"营销2302","TYXMDM":null,"KCH":"10075121081"},{"KKDWDM":"011","XS":64,"BYBZ":"0","JSJC":10,"XXXQDM":"02","KXH":"01","KSJC":9,"XKZRS":37,"SKZC":"000000000000000010000000000000","SKJS":"刘可文","ISTK":0,"ZCMC":"17周","YPSJDD":"9周 星期日 第9节-第10节 南湖南-博学北楼-107,1-5周,7-9周,11-16周 星期五 第9节-第10节 南湖南-博学北楼-107,1-16周 星期三 第3节-第4节 南湖南-博学北楼-107,17周 星期三 第9节-第10节 南湖南-博学北楼-107","XF":4,"SKXQ":3,"XNXQDM":"2024-2025-2","KCM":"模拟电子技术基础A","JASDM":"0202010107","JXLDM":"020201","JXBID":"20242-06560","SKBJ":"通信zs2401","TYXMDM":null,"KCH":"10113111001"},{"KKDWDM":null,"XS":null,"BYBZ":"1","JSJC":5,"XXXQDM":null,"KXH":null,"KSJC":3,"XKZRS":null,"SKZC":"011111111111100000000000000000","SKJS":"金成平","ISTK":0,"ZCMC":"2-13周","YPSJDD":null,"XF":null,"SKXQ":5,"XNXQDM":"2024-2025-2","KCM":"运动训练理论前沿与实践","JASDM":"0202010107","JXLDM":null,"JXBID":null,"SKBJ":null,"TYXMDM":null,"KCH":"40270323015"}]}},"code":"0"}