{"datas":{"jaskcb":{"extParams":{"code":1,"msg":"查询成功"},"pageSize":0,"pageNumber":0,"totalSize":-1,"rows":[{"KKDWDM":"071","XS":88,"BYBZ":"0","JSJC":4,"XXXQDM":"02","KXH":"21","KSJC":3,"XKZRS":137,"SKZC":"111111111111111000000000000000","SKJS":"陈彧","ISTK":0,"ZCMC":"1-15周","YPSJDD":"1-9周 星期四 第1节-第2节 南湖南-博学主楼-107,11-15周 星期四 第1节-第2节 南湖南-博学主楼-107,1-15周 星期二 第3节-第4节 南湖南-博学主楼-107,16-17周 星期一 第1节-第2节 南湖南-博学主楼-107,12-14周 星期一 第1节-第2节 南湖南-博学主楼-107,1-10周 星期一 第1节-第2节 南湖南-博学主楼-107","XF":5,"SKXQ":2,"XNXQDM":"2024-2025-2","KCM":"高等数学A下","JASDM":"0202040107","JXLDM":"020204","JXBID":"20242-10551","SKBJ":"自动化类2405-08","TYXMDM":null,"KCH":"10153121060"},{"KKDWDM":"071","XS":88,"BYBZ":"0","JSJC":2,"XXXQDM":"02","KXH":"32","KSJC":1,"XKZRS":139,"SKZC":"111111111111111000000000000000","SKJS":"吴先超","ISTK":0,"ZCMC":"1-15周","YPSJDD":"12-14周 星期一 第3节-第4节 南湖南-博学主楼-107,1-9周 星期四 第3节-第4节 南湖南-博学主楼-107,1-15周 星期二 第1节-第2节 南湖南-博学主楼-107,1-10周 星期一 第3节-第4节 南湖南-博学主楼-107,11-15周 星期四 第3节-第4节 南湖南-博学主楼-107,16-17周 星期一 第3节-第4节 南湖南-博学主楼-107","XF":5,"SKXQ":2,"XNXQDM":"2024-2025-2","KCM":"高等数学A下","JASDM":"0202040107","JXLDM":"020204","JXBID":"20242-10562","SKBJ":"车辆类2405-08","TYXMDM":null,"KCH":"10153121060"},{"KKDWDM":"071","XS":88,"BYBZ":"0","JSJC":2,"XXXQDM":"02","KXH":"21","KSJC":1,"XKZRS":137,"SKZC":"111111111100000000000000000000","SKJS":"陈彧","ISTK":0,"ZCMC":"1-10周","YPSJDD":"1-9周 星期四 第1节-第2节 南湖南-博学主楼-107,11-15周 星期四 第1节-第2节 南湖南-博学主楼-107,1-15周 星期二 第3节-第4节 南湖南-博学主楼-107,16-17周 星期一 第1节-第2节 南湖南-博学主楼-107,12-14周 星期一 第1节-第2节 南湖南-博学主楼-107,1-10周 星期一 第1节-第2节 南湖南-博学主楼-107","XF":5,"SKXQ":1,"XNXQDM":"2024-2025-2","KCM":"高等数学A下","JASDM":"0202040107","JXLDM":"020204","JXBID":"20242-10551","SKBJ":"自动化类2405-08","TYXMDM":null,"KCH":"10153121060"},{"KKDWDM":"071","XS":88,"BYBZ":"0","JSJC":4,"XXXQDM":"02","KXH":"32","KSJC":3,"XKZRS":139,"SKZC":"111111111100000000000000000000","SKJS":"吴先超","ISTK":0,"ZCMC":"1-10周","YPSJDD":"12-14周 星期一 第3节-第4节 南湖南-博学主楼-107,1-9周 星期四 第3节-第4节 南湖南-博学主楼-107,1-15周 星期二 第1节-第2节 南湖南-博学主楼-107,1-10周 星期一 第3节-第4节 南湖南-博学主楼-107,11-15周 星期四 第3节-第4节 南湖南-博学主楼-107,16-17周 星期一 第3节-第4节 南湖南-博学主楼-107","XF":5,"SKXQ":1,"XNXQDM":"2024-2025-2","KCM":"高等数学A下","JASDM":"0202040107","JXLDM":"020204","JXBID":"20242-10562","SKBJ":"车辆类2405-08","TYXMDM":null,"KCH":"10153121060"},{"KKDWDM":"071","XS":88,"BYBZ":"0","JSJC":4,"XXXQDM":"02","KXH":"32","KSJC":3,"XKZRS":139,"SKZC":"111111111000000000000000000000","SKJS":"吴先超","ISTK":0,"ZCMC":"1-9周","YPSJDD":"12-14周 星期一 第3节-第4节 南湖南-博学主楼-107,1-9周 星期四 第3节-第4节 南湖南-博学主楼-107,1-15周 星期二 第1节-第2节 南湖南-博学主楼-107,1-10周 星期一 第3节-第4节 南湖南-博学主楼-107,11-15周 星期四 第3节-第4节 南湖南-博学主楼-107,16-17周 星期一 第3节-第4节 南湖南-博学主楼-107","XF":5,"SKXQ":4,"XNXQDM":"2024-2025-2","KCM":"高等数学A下","JASDM":"0202040107","JXLDM":"020204","JXBID":"20242-10562","SKBJ":"车辆类2405-08","TYXMDM":null,"KCH":"10153121060"},{"KKDWDM":"071","XS":88,"BYBZ":"0","JSJC":2,"XXXQDM":"02","KXH":"21","KSJC":1,"XKZRS":137,"SKZC":"111111111000000000000000000000","SKJS":"陈彧","ISTK":0,"ZCMC":"1-9周","YPSJDD":"1-9周 星期四 第1节-第2节 南湖南-博学主楼-107,11-15周 星期四 第1节-第2节 南湖南-博学主楼-107,1-15周 星期二 第3节-第4节 南湖南-博学主楼-107,16-17周 星期一 第1节-第2节 南湖南-博学主楼-107,12-14周 星期一 第1节-第2节 南湖南-博学主楼-107,1-10周 星期一 第1节-第2节 南湖南-博学主楼-107","XF":5,"SKXQ":4,"XNXQDM":"2024-2025-2","KCM":"高等数学A下","JASDM":"0202040107","JXLDM":"020204","JXBID":"20242-10551","SKBJ":"自动化类2405-08","TYXMDM":null,"KCH":"10153121060"},{"KKDWDM":"012","XS":32,"BYBZ":"0","JSJC":5,"XXXQDM":"02","KXH":"01","KSJC":3,"XKZRS":71,"SKZC":"11111111","SKJS":"郑文博","ISTK":0,"ZCMC":"1-8周","YPSJDD":"1-8周 星期三 第3节-第5节 南湖南-博学主楼-107","XF":2,"SKXQ":3,"XNXQDM":"2024-2025-2","KCM":"大数据可视分析","JASDM":"0202040107","JXLDM":"020204","JXBID":"20242-03822","SKBJ":"大数据2201-02","TYXMDM":null,"KCH":"10125121018"},{"KKDWDM":"071","XS":40,"BYBZ":"0","JSJC":5,"XXXQDM":"02","KXH":"23","KSJC":3,"XKZRS":140,"SKZC":"111110111011100000000000","SKJS":"李启凡","ISTK":0,"ZCMC":"1-5周,7-9周,11-13周","YPSJDD":"14-15周 星期五 第3节-第4节 南湖南-博学主楼-107,1-5周,7-9周,11-13周 星期五 第3节-第5节 南湖南-博学主楼-107,9周 星期日 第3节-第5节 南湖南-博学主楼-107","XF":2,"SKXQ":5,"XNXQDM":"2024-2025-2","KCM":"线性代数","JASDM":"0202040107","JXLDM":"020204","JXBID":"20242-11740","SKBJ":"环科类2401-04","TYXMDM":null,"KCH":"10153111001"},{"KKDWDM":"071","XS":40,"BYBZ":"0","JSJC":5,"XXXQDM":"02","KXH":"23","KSJC":3,"XKZRS":140,"SKZC":"000000001000000000000000","SKJS":"李启凡","ISTK":0,"ZCMC":"9周","YPSJDD":"14-15周 星期五 第3节-第4节 南湖南-博学主楼-107,1-5周,7-9周,11-13周 星期五 第3节-第5节 南湖南-博学主楼-107,9周 星期日 第3节-第5节 南湖南-博学主楼-107","XF":2,"SKXQ":7,"XNXQDM":"2024-2025-2","KCM":"线性代数","JASDM":"0202040107","JXLDM":"020204","JXBID":"20242-11740","SKBJ":"环科类2401-04","TYXMDM":null,"KCH":"10153111001"},{"KKDWDM":"071","XS":88,"BYBZ":"0","JSJC":4,"XXXQDM":"02","KXH":"32","KSJC":3,"XKZRS":139,"SKZC":"000000000011111000000000000000","SKJS":"吴先超","ISTK":0,"ZCMC":"11-15周","YPSJDD":"12-14周 星期一 第3节-第4节 南湖南-博学主楼-107,1-9周 星期四 第3节-第4节 南湖南-博学主楼-107,1-15周 星期二 第1节-第2节 南湖南-博学主楼-107,1-10周 星期一 第3节-第4节 南湖南-博学主楼-107,11-15周 星期四 第3节-第4节 南湖南-博学主楼-107,16-17周 星期一 第3节-第4节 南湖南-博学主楼-107","XF":5,"SKXQ":4,"XNXQDM":"2024-2025-2","KCM":"高等数学A下","JASDM":"0202040107","JXLDM":"020204","JXBID":"20242-10562","SKBJ":"车辆类2405-08","TYXMDM":null,"KCH":"10153121060"},{"KKDWDM":"071","XS":88,"BYBZ":"0","JSJC":2,"XXXQDM":"02","KXH":"21","KSJC":1,"XKZRS":137,"SKZC":"000000000011111000000000000000","SKJS":"陈彧","ISTK":0,"ZCMC":"11-15周","YPSJDD":"1-9周 星期四 第1节-第2节 南湖南-博学主楼-107,11-15周 星期四 第1节-第2节 南湖南-博学主楼-107,1-15周 星期二 第3节-第4节 南湖南-博学主楼-107,16-17周 星期一 第1节-第2节 南湖南-博学主楼-107,12-14周 星期一 第1节-第2节 南湖南-博学主楼-107,1-10周 星期一 第1节-第2节 南湖南-博学主楼-107","XF":5,"SKXQ":4,"XNXQDM":"2024-2025-2","KCM":"高等数学A下","JASDM":"0202040107","JXLDM":"020204","JXBID":"20242-10551","SKBJ":"自动化类2405-08","TYXMDM":null,"KCH":"10153121060"},{"KKDWDM":"071","XS":88,"BYBZ":"0","JSJC":4,"XXXQDM":"02","KXH":"32","KSJC":3,"XKZRS":139,"SKZC":"000000000001110000000000000000","SKJS":"吴先超","ISTK":0,"ZCMC":"12-14周","YPSJDD":"12-14周 星期一 第3节-第4节 南湖南-博学主楼-107,1-9周 星期四 第3节-第4节 南湖南-博学主楼-107,1-15周 星期二 第1节-第2节 南湖南-博学主楼-107,1-10周 星期一 第3节-第4节 南湖南-博学主楼-107,11-15周 星期四 第3节-第4节 南湖南-博学主楼-107,16-17周 星期一 第3节-第4节 南湖南-博学主楼-107","XF":5,"SKXQ":1,"XNXQDM":"2024-2025-2","KCM":"高等数学A下","JASDM":"0202040107","JXLDM":"020204","JXBID":"20242-10562","SKBJ":"车辆类2405-08","TYXMDM":null,"KCH":"10153121060"},{"KKDWDM":"071","XS":88,"BYBZ":"0","JSJC":2,"XXXQDM":"02","KXH":"21","KSJC":1,"XKZRS":137,"SKZC":"000000000001110000000000000000","SKJS":"陈彧","ISTK":0,"ZCMC":"12-14周","YPSJDD":"1-9周 星期四 第1节-第2节 南湖南-博学主楼-107,11-15周 星期四 第1节-第2节 南湖南-博学主楼-107,1-15周 星期二 第3节-第4节 南湖南-博学主楼-107,16-17周 星期一 第1节-第2节 南湖南-博学主楼-107,12-14周 星期一 第1节-第2节 南湖南-博学主楼-107,1-10周 星期一 第1节-第2节 南湖南-博学主楼-107","XF":5,"SKXQ":1,"XNXQDM":"2024-2025-2","KCM":"高等数学A下","JASDM":"0202040107","JXLDM":"020204","JXBID":"20242-10551","SKBJ":"自动化类2405-08","TYXMDM":null,"KCH":"10153121060"},{"KKDWDM":"071","XS":40,"BYBZ":"0","JSJC":4,"XXXQDM":"02","KXH":"23","KSJC":3,"XKZRS":140,"SKZC":"000000000000011000000000","SKJS":"李启凡","ISTK":0,"ZCMC":"14-15周","YPSJDD":"14-15周 星期五 第3节-第4节 南湖南-博学主楼-107,1-5周,7-9周,11-13周 星期五 第3节-第5节 南湖南-博学主楼-107,9周 星期日 第3节-第5节 南湖南-博学主楼-107","XF":2,"SKXQ":5,"XNXQDM":"2024-2025-2","KCM":"线性代数","JASDM":"0202040107","JXLDM":"020204","JXBID":"20242-11740","SKBJ":"环科类2401-04","TYXMDM":null,"KCH":"10153111001"},{"KKDWDM":"071","XS":88,"BYBZ":"0","JSJC":2,"XXXQDM":"02","KXH":"21","KSJC":1,"XKZRS":137,"SKZC":"000000000000000110000000000000","SKJS":"陈彧","ISTK":0,"ZCMC":"16-17周","YPSJDD":"1-9周 星期四 第1节-第2节 南湖南-博学主楼-107,11-15周 星期四 第1节-第2节 南湖南-博学主楼-107,1-15周 星期二 第3节-第4节 南湖南-博学主楼-107,16-17周 星期一 第1节-第2节 南湖南-博学主楼-107,12-14周 星期一 第1节-第2节 南湖南-博学主楼-107,1-10周 星期一 第1节-第2节 南湖南-博学主楼-107","XF":5,"SKXQ":1,"XNXQDM":"2024-2025-2","KCM":"高等数学A下","JASDM":"0202040107","JXLDM":"020204","JXBID":"20242-10551","SKBJ":"自动化类2405-08","TYXMDM":null,"KCH":"10153121060"},{"KKDWDM":"071","XS":88,"BYBZ":"0","JSJC":4,"XXXQDM":"02","KXH":"32","KSJC":3,"XKZRS":139,"SKZC":"000000000000000110000000000000","SKJS":"吴先超","ISTK":0,"ZCMC":"16-17周","YPSJDD":"12-14周 星期一 第3节-第4节 南湖南-博学主楼-107,1-9周 星期四 第3节-第4节 南湖南-博学主楼-107,1-15周 星期二 第1节-第2节 南湖南-博学主楼-107,1-10周 星期一 第3节-第4节 南湖南-博学主楼-107,11-15周 星期四 第3节-第4节 南湖南-博学主楼-107,16-17周 星期一 第3节-第4节 南湖南-博学主楼-107","XF":5,"SKXQ":1,"XNXQDM":"2024-2025-2","KCM":"高等数学A下","JASDM":"0202040107","JXLDM":"020204","JXBID":"20242-10562","SKBJ":"车辆类2405-08","TYXMDM":null,"KCH":"10153121060"},{"KKDWDM":null,"XS":null,"BYBZ":"1","JSJC":13,"XXXQDM":null,"KXH":null,"KSJC":11,"XKZRS":null,"SKZC":"111111111111000000000000000000","SKJS":"邹茜","ISTK":0,"ZCMC":"1-12周","YPSJDD":null,"XF":null,"SKXQ":2,"XNXQDM":"2024-2025-2","KCM":"第二外国语（日）","JASDM":"0202040107","JXLDM":null,"JXBID":null,"SKBJ":null,"TYXMDM":null,"KCH":"60200523001"},{"KKDWDM":null,"XS":null,"BYBZ":"1","JSJC":13,"XXXQDM":null,"KXH":null,"KSJC":11,"XKZRS":null,"SKZC":"111111111111000000000000000000","SKJS":"邹茜","ISTK":0,"ZCMC":"1-12周","YPSJDD":null,"XF":null,"SKXQ":4,"XNXQDM":"2024-2025-2","KCM":"第二外国语（日）","JASDM":"0202040107","JXLDM":null,"JXBID":null,"SKBJ":null,"TYXMDM":null,"KCH":"60200523001"}]}},"code":"0"}