{"datas":{"jaskcb":{"extParams":{"code":1,"msg":"查询成功"},"pageSize":0,"pageNumber":0,"totalSize":-1,"rows":[{"KKDWDM":"009","XS":64,"BYBZ":"0","JSJC":4,"XXXQDM":"02","KXH":"01","KSJC":3,"XKZRS":26,"SKZC":"111111111111111100000000000000","SKJS":"彭自强,范剑锋","ISTK":0,"ZCMC":"1-16周","YPSJDD":"1-5周 星期五 第1节-第2节 南湖南-博学西楼-211,7-9周 星期五 第1节-第2节 南湖南-博学西楼-211,17周 星期三 第1节-第2节 南湖南-博学西楼-211,9周 星期日 第1节-第2节 南湖南-博学西楼-211,1-16周 星期三 第3节-第4节 南湖南-博学西楼-211,11-16周 星期五 第1节-第2节 南湖南-博学西楼-211","XF":4,"SKXQ":3,"XNXQDM":"2024-2025-2","KCM":"结构力学A1","JASDM":"0202030211","JXLDM":"020203","JXBID":"20242-05183","SKBJ":"建环2301-02","TYXMDM":null,"KCH":"10094117077"},{"KKDWDM":"072","XS":32,"BYBZ":"0","JSJC":2,"XXXQDM":"02","KXH":"03","KSJC":1,"XKZRS":61,"SKZC":"111111111111111100000000000000","SKJS":"文鹏飞,李国栋","ISTK":0,"ZCMC":"1-16周","YPSJDD":"1-16周 星期三 第1节-第2节 南湖南-博学西楼-211","XF":2,"SKXQ":3,"XNXQDM":"2024-2025-2","KCM":"分析力学","JASDM":"0202030211","JXLDM":"020203","JXBID":"20242-09804","SKBJ":"工力2301-02","TYXMDM":null,"KCH":"10155117034"},{"KKDWDM":"008","XS":40,"BYBZ":"0","JSJC":8,"XXXQDM":"02","KXH":"07","KSJC":6,"XKZRS":77,"SKZC":"111111111101100000000000","SKJS":"郑银环","ISTK":0,"ZCMC":"1-10周,12-13周","YPSJDD":"14-16周(双) 星期一 第6节-第7节 南湖南-博学西楼-211,1-10周,12-13周 星期一 第6节-第8节 南湖南-博学西楼-211","XF":2,"SKXQ":1,"XNXQDM":"2024-2025-2","KCM":"机械设计基础B","JASDM":"0202030211","JXLDM":"020203","JXBID":"20242-04449","SKBJ":"无机非2301-02","TYXMDM":null,"KCH":"10083117102"},{"KKDWDM":"022","XS":48,"BYBZ":"0","JSJC":5,"XXXQDM":"02","KXH":"02","KSJC":3,"XKZRS":75,"SKZC":"111111111100000000000000000000","SKJS":"徐学伟","ISTK":0,"ZCMC":"1-10周","YPSJDD":"16-17周 星期一 第3节-第5节 南湖南-博学西楼-211,12-14周 星期一 第3节-第5节 南湖南-博学西楼-211,1-10周 星期一 第3节-第5节 南湖南-博学西楼-211,17周 星期二 第3节-第5节 南湖南-博学西楼-211","XF":3,"SKXQ":1,"XNXQDM":"2024-2025-2","KCM":"中国法制史","JASDM":"0202030211","JXLDM":"020203","JXBID":"20242-11096","SKBJ":"法学2301-02","TYXMDM":null,"KCH":"10057311042"},{"KKDWDM":"003","XS":64,"BYBZ":"0","JSJC":2,"XXXQDM":"02","KXH":"03","KSJC":1,"XKZRS":67,"SKZC":"111111111100000000000000000000","SKJS":"张枫,王硕","ISTK":0,"ZCMC":"1-10周","YPSJDD":"11-17周 星期四 第1节-第2节 南湖南-博学西楼-213,17周 星期二 第1节-第2节 南湖南-博学西楼-211,1-9周 星期四 第1节-第2节 南湖南-博学西楼-213,16-17周 星期一 第1节-第2节 南湖南-博学西楼-211,12-14周 星期一 第1节-第2节 南湖南-博学西楼-211,1-10周 星期一 第1节-第2节 南湖南-博学西楼-211","XF":4,"SKXQ":1,"XNXQDM":"2024-2025-2","KCM":"材料科学基础B","JASDM":"0202030211","JXLDM":"020203","JXBID":"20242-05009","SKBJ":"材科2305-06","TYXMDM":null,"KCH":"10034117075"},{"KKDWDM":"016","XS":32,"BYBZ":"0","JSJC":8,"XXXQDM":"02","KXH":"02","KSJC":6,"XKZRS":47,"SKZC":"111111111100000000000000","SKJS":"李媛,黄薇","ISTK":0,"ZCMC":"1-10周","YPSJDD":"11周 星期三 第6节-第7节 南湖南-博学西楼-211,1-10周 星期三 第6节-第8节 南湖南-博学西楼-211","XF":2,"SKXQ":3,"XNXQDM":"2024-2025-2","KCM":"生物统计学","JASDM":"0202030211","JXLDM":"020203","JXBID":"20242-05887","SKBJ":"生物2301,生物制药2301","TYXMDM":null,"KCH":"10165114001"},{"KKDWDM":"008","XS":32,"BYBZ":"0","JSJC":5,"XXXQDM":"02","KXH":"02","KSJC":3,"XKZRS":90,"SKZC":"111111111100000000000000","SKJS":"张锦光","ISTK":0,"ZCMC":"1-10周","YPSJDD":"11周 星期二 第3节-第4节 南湖南-博学西楼-211,1-10周 星期二 第3节-第5节 南湖南-博学西楼-211","XF":2,"SKXQ":2,"XNXQDM":"2024-2025-2","KCM":"机械制造装备设计","JASDM":"0202030211","JXLDM":"020203","JXBID":"20242-11147","SKBJ":"机械2201-02","TYXMDM":null,"KCH":"10085117016"},{"KKDWDM":"012","XS":32,"BYBZ":"0","JSJC":2,"XXXQDM":"02","KXH":"05","KSJC":1,"XKZRS":90,"SKZC":"1111111111","SKJS":"彭德巍,耿枫","ISTK":0,"ZCMC":"1-10周","YPSJDD":"1-10周 星期二 第1节-第2节 南湖南-博学西楼-211","XF":2,"SKXQ":2,"XNXQDM":"2024-2025-2","KCM":"移动终端应用开发","JASDM":"0202030211","JXLDM":"020203","JXBID":"20242-03030","SKBJ":"人工智能2201-02,大数据2201-02,物联网2201","TYXMDM":null,"KCH":"10125121045"},{"KKDWDM":"017","XS":40,"BYBZ":"0","JSJC":5,"XXXQDM":"02","KXH":"01","KSJC":3,"XKZRS":37,"SKZC":"111111111011100000000000","SKJS":"王红军","ISTK":0,"ZCMC":"1-9周,11-13周","YPSJDD":"14-15周 星期四 第3节-第4节 南湖南-博学西楼-211,1-9周,11-13周 星期四 第3节-第5节 南湖南-博学西楼-211","XF":2,"SKXQ":4,"XNXQDM":"2024-2025-2","KCM":"管理统计学D","JASDM":"0202030211","JXLDM":"020203","JXBID":"20242-05046","SKBJ":"营销2301-02","TYXMDM":null,"KCH":"10174121164"},{"KKDWDM":"012","XS":32,"BYBZ":"0","JSJC":2,"XXXQDM":"02","KXH":"01","KSJC":1,"XKZRS":60,"SKZC":"111111111000000000000000000000","SKJS":"杨益","ISTK":0,"ZCMC":"1-9周","YPSJDD":"11-17周 星期四 第1节-第2节 南湖南-博学西楼-211,1-9周 星期四 第1节-第2节 南湖南-博学西楼-211","XF":2,"SKXQ":4,"XNXQDM":"2024-2025-2","KCM":"计算机网络原理","JASDM":"0202030211","JXLDM":"020203","JXBID":"20242-05657","SKBJ":"数管2301-03","TYXMDM":null,"KCH":"10153111010"},{"KKDWDM":"038","XS":24,"BYBZ":"0","JSJC":13,"XXXQDM":"02","KXH":"01","KSJC":11,"XKZRS":88,"SKZC":"111111110000000000000000","SKJS":"张晓文","ISTK":0,"ZCMC":"1-8周","YPSJDD":"1-8周 星期二 第11节-第13节 南湖南-博学西楼-211","XF":1,"SKXQ":2,"XNXQDM":"2024-2025-2","KCM":"职业素质拓展与情商修炼(GX)","JASDM":"0202030211","JXLDM":"020203","JXBID":"20242-09006","SKBJ":"公选-09006","TYXMDM":null,"KCH":"10382121029"},{"KKDWDM":"018","XS":40,"BYBZ":"0","JSJC":8,"XXXQDM":"02","KXH":"07","KSJC":6,"XKZRS":83,"SKZC":"111110111011100000000000","SKJS":"李郁","ISTK":0,"ZCMC":"1-5周,7-9周,11-13周","YPSJDD":"14-15周 星期五 第6节-第7节 南湖南-博学西楼-211,1-5周,7-9周,11-13周 星期五 第6节-第8节 南湖南-博学西楼-211,9周 星期日 第6节-第8节 南湖南-博学西楼-211","XF":2,"SKXQ":5,"XNXQDM":"2024-2025-2","KCM":"宏观经济学","JASDM":"0202030211","JXLDM":"020203","JXBID":"20242-11445","SKBJ":"经济学类2404-06","TYXMDM":null,"KCH":"10183124157"},{"KKDWDM":"009","XS":64,"BYBZ":"0","JSJC":2,"XXXQDM":"02","KXH":"01","KSJC":1,"XKZRS":26,"SKZC":"111110000000000000000000000000","SKJS":"彭自强,范剑锋","ISTK":0,"ZCMC":"1-5周","YPSJDD":"1-5周 星期五 第1节-第2节 南湖南-博学西楼-211,7-9周 星期五 第1节-第2节 南湖南-博学西楼-211,17周 星期三 第1节-第2节 南湖南-博学西楼-211,9周 星期日 第1节-第2节 南湖南-博学西楼-211,1-16周 星期三 第3节-第4节 南湖南-博学西楼-211,11-16周 星期五 第1节-第2节 南湖南-博学西楼-211","XF":4,"SKXQ":5,"XNXQDM":"2024-2025-2","KCM":"结构力学A1","JASDM":"0202030211","JXLDM":"020203","JXBID":"20242-05183","SKBJ":"建环2301-02","TYXMDM":null,"KCH":"10094117077"},{"KKDWDM":"012","XS":40,"BYBZ":"0","JSJC":4,"XXXQDM":"02","KXH":"10","KSJC":3,"XKZRS":67,"SKZC":"111110000000000000000000000000","SKJS":"段鹏飞","ISTK":0,"ZCMC":"1-5周","YPSJDD":"17周 星期三 第3节-第4节 南湖南-博学西楼-211,11-16周 星期五 第3节-第4节 南湖南-博学西楼-211,1-5周 星期五 第3节-第4节 南湖南-博学西楼-211,7-9周 星期五 第3节-第4节 南湖南-博学西楼-211,9周 星期日 第3节-第4节 南湖南-博学西楼-211","XF":2,"SKXQ":5,"XNXQDM":"2024-2025-2","KCM":"面向对象程序设计","JASDM":"0202030211","JXLDM":"020203","JXBID":"20242-09941","SKBJ":"计算机类2407-08","TYXMDM":null,"KCH":"10124121073"},{"KKDWDM":"016","XS":40,"BYBZ":"0","JSJC":8,"XXXQDM":"02","KXH":"15","KSJC":6,"XKZRS":89,"SKZC":"100000000000000000000000000000","SKJS":"屈德宇","ISTK":0,"ZCMC":"1周","YPSJDD":"2-12周 星期二 第6节-第8节 南湖南-博学东楼-304,13-14周 星期二 第6节-第7节 南湖南-博学东楼-304,1周 星期二 第6节-第8节 南湖南-博学西楼-211","XF":2,"SKXQ":2,"XNXQDM":"2024-2025-2","KCM":"普通化学B","JASDM":"0202030211","JXLDM":"020203","JXBID":"20242-10246","SKBJ":"土木类2413-14,岩土jd2401","TYXMDM":null,"KCH":"10163117122"},{"KKDWDM":"009","XS":64,"BYBZ":"0","JSJC":2,"XXXQDM":"02","KXH":"01","KSJC":1,"XKZRS":26,"SKZC":"000000111000000000000000000000","SKJS":"彭自强,范剑锋","ISTK":0,"ZCMC":"7-9周","YPSJDD":"1-5周 星期五 第1节-第2节 南湖南-博学西楼-211,7-9周 星期五 第1节-第2节 南湖南-博学西楼-211,17周 星期三 第1节-第2节 南湖南-博学西楼-211,9周 星期日 第1节-第2节 南湖南-博学西楼-211,1-16周 星期三 第3节-第4节 南湖南-博学西楼-211,11-16周 星期五 第1节-第2节 南湖南-博学西楼-211","XF":4,"SKXQ":5,"XNXQDM":"2024-2025-2","KCM":"结构力学A1","JASDM":"0202030211","JXLDM":"020203","JXBID":"20242-05183","SKBJ":"建环2301-02","TYXMDM":null,"KCH":"10094117077"},{"KKDWDM":"012","XS":40,"BYBZ":"0","JSJC":4,"XXXQDM":"02","KXH":"10","KSJC":3,"XKZRS":67,"SKZC":"000000111000000000000000000000","SKJS":"段鹏飞","ISTK":0,"ZCMC":"7-9周","YPSJDD":"17周 星期三 第3节-第4节 南湖南-博学西楼-211,11-16周 星期五 第3节-第4节 南湖南-博学西楼-211,1-5周 星期五 第3节-第4节 南湖南-博学西楼-211,7-9周 星期五 第3节-第4节 南湖南-博学西楼-211,9周 星期日 第3节-第4节 南湖南-博学西楼-211","XF":2,"SKXQ":5,"XNXQDM":"2024-2025-2","KCM":"面向对象程序设计","JASDM":"0202030211","JXLDM":"020203","JXBID":"20242-09941","SKBJ":"计算机类2407-08","TYXMDM":null,"KCH":"10124121073"},{"KKDWDM":"009","XS":64,"BYBZ":"0","JSJC":2,"XXXQDM":"02","KXH":"01","KSJC":1,"XKZRS":26,"SKZC":"000000001000000000000000000000","SKJS":"彭自强,范剑锋","ISTK":0,"ZCMC":"9周","YPSJDD":"1-5周 星期五 第1节-第2节 南湖南-博学西楼-211,7-9周 星期五 第1节-第2节 南湖南-博学西楼-211,17周 星期三 第1节-第2节 南湖南-博学西楼-211,9周 星期日 第1节-第2节 南湖南-博学西楼-211,1-16周 星期三 第3节-第4节 南湖南-博学西楼-211,11-16周 星期五 第1节-第2节 南湖南-博学西楼-211","XF":4,"SKXQ":7,"XNXQDM":"2024-2025-2","KCM":"结构力学A1","JASDM":"0202030211","JXLDM":"020203","JXBID":"20242-05183","SKBJ":"建环2301-02","TYXMDM":null,"KCH":"10094117077"},{"KKDWDM":"012","XS":40,"BYBZ":"0","JSJC":4,"XXXQDM":"02","KXH":"10","KSJC":3,"XKZRS":67,"SKZC":"000000001000000000000000000000","SKJS":"段鹏飞","ISTK":0,"ZCMC":"9周","YPSJDD":"17周 星期三 第3节-第4节 南湖南-博学西楼-211,11-16周 星期五 第3节-第4节 南湖南-博学西楼-211,1-5周 星期五 第3节-第4节 南湖南-博学西楼-211,7-9周 星期五 第3节-第4节 南湖南-博学西楼-211,9周 星期日 第3节-第4节 南湖南-博学西楼-211","XF":2,"SKXQ":7,"XNXQDM":"2024-2025-2","KCM":"面向对象程序设计","JASDM":"0202030211","JXLDM":"020203","JXBID":"20242-09941","SKBJ":"计算机类2407-08","TYXMDM":null,"KCH":"10124121073"},{"KKDWDM":"018","XS":40,"BYBZ":"0","JSJC":8,"XXXQDM":"02","KXH":"07","KSJC":6,"XKZRS":83,"SKZC":"000000001000000000000000","SKJS":"李郁","ISTK":0,"ZCMC":"9周","YPSJDD":"14-15周 星期五 第6节-第7节 南湖南-博学西楼-211,1-5周,7-9周,11-13周 星期五 第6节-第8节 南湖南-博学西楼-211,9周 星期日 第6节-第8节 南湖南-博学西楼-211","XF":2,"SKXQ":7,"XNXQDM":"2024-2025-2","KCM":"宏观经济学","JASDM":"0202030211","JXLDM":"020203","JXBID":"20242-11445","SKBJ":"经济学类2404-06","TYXMDM":null,"KCH":"10183124157"},{"KKDWDM":"012","XS":32,"BYBZ":"0","JSJC":2,"XXXQDM":"02","KXH":"01","KSJC":1,"XKZRS":60,"SKZC":"000000000011111110000000000000","SKJS":"杨益","ISTK":0,"ZCMC":"11-17周","YPSJDD":"11-17周 星期四 第1节-第2节 南湖南-博学西楼-211,1-9周 星期四 第1节-第2节 南湖南-博学西楼-211","XF":2,"SKXQ":4,"XNXQDM":"2024-2025-2","KCM":"计算机网络原理","JASDM":"0202030211","JXLDM":"020203","JXBID":"20242-05657","SKBJ":"数管2301-03","TYXMDM":null,"KCH":"10153111010"},{"KKDWDM":"009","XS":64,"BYBZ":"0","JSJC":2,"XXXQDM":"02","KXH":"01","KSJC":1,"XKZRS":26,"SKZC":"000000000011111100000000000000","SKJS":"彭自强,范剑锋","ISTK":0,"ZCMC":"11-16周","YPSJDD":"1-5周 星期五 第1节-第2节 南湖南-博学西楼-211,7-9周 星期五 第1节-第2节 南湖南-博学西楼-211,17周 星期三 第1节-第2节 南湖南-博学西楼-211,9周 星期日 第1节-第2节 南湖南-博学西楼-211,1-16周 星期三 第3节-第4节 南湖南-博学西楼-211,11-16周 星期五 第1节-第2节 南湖南-博学西楼-211","XF":4,"SKXQ":5,"XNXQDM":"2024-2025-2","KCM":"结构力学A1","JASDM":"0202030211","JXLDM":"020203","JXBID":"20242-05183","SKBJ":"建环2301-02","TYXMDM":null,"KCH":"10094117077"},{"KKDWDM":"012","XS":40,"BYBZ":"0","JSJC":4,"XXXQDM":"02","KXH":"10","KSJC":3,"XKZRS":67,"SKZC":"000000000011111100000000000000","SKJS":"段鹏飞","ISTK":0,"ZCMC":"11-16周","YPSJDD":"17周 星期三 第3节-第4节 南湖南-博学西楼-211,11-16周 星期五 第3节-第4节 南湖南-博学西楼-211,1-5周 星期五 第3节-第4节 南湖南-博学西楼-211,7-9周 星期五 第3节-第4节 南湖南-博学西楼-211,9周 星期日 第3节-第4节 南湖南-博学西楼-211","XF":2,"SKXQ":5,"XNXQDM":"2024-2025-2","KCM":"面向对象程序设计","JASDM":"0202030211","JXLDM":"020203","JXBID":"20242-09941","SKBJ":"计算机类2407-08","TYXMDM":null,"KCH":"10124121073"},{"KKDWDM":"008","XS":32,"BYBZ":"0","JSJC":4,"XXXQDM":"02","KXH":"02","KSJC":3,"XKZRS":90,"SKZC":"000000000010000000000000","SKJS":"张锦光","ISTK":0,"ZCMC":"11周","YPSJDD":"11周 星期二 第3节-第4节 南湖南-博学西楼-211,1-10周 星期二 第3节-第5节 南湖南-博学西楼-211","XF":2,"SKXQ":2,"XNXQDM":"2024-2025-2","KCM":"机械制造装备设计","JASDM":"0202030211","JXLDM":"020203","JXBID":"20242-11147","SKBJ":"机械2201-02","TYXMDM":null,"KCH":"10085117016"},{"KKDWDM":"016","XS":32,"BYBZ":"0","JSJC":7,"XXXQDM":"02","KXH":"02","KSJC":6,"XKZRS":47,"SKZC":"000000000010000000000000","SKJS":"李媛,黄薇","ISTK":0,"ZCMC":"11周","YPSJDD":"11周 星期三 第6节-第7节 南湖南-博学西楼-211,1-10周 星期三 第6节-第8节 南湖南-博学西楼-211","XF":2,"SKXQ":3,"XNXQDM":"2024-2025-2","KCM":"生物统计学","JASDM":"0202030211","JXLDM":"020203","JXBID":"20242-05887","SKBJ":"生物2301,生物制药2301","TYXMDM":null,"KCH":"10165114001"},{"KKDWDM":"022","XS":48,"BYBZ":"0","JSJC":5,"XXXQDM":"02","KXH":"02","KSJC":3,"XKZRS":75,"SKZC":"000000000001110000000000000000","SKJS":"徐学伟","ISTK":0,"ZCMC":"12-14周","YPSJDD":"16-17周 星期一 第3节-第5节 南湖南-博学西楼-211,12-14周 星期一 第3节-第5节 南湖南-博学西楼-211,1-10周 星期一 第3节-第5节 南湖南-博学西楼-211,17周 星期二 第3节-第5节 南湖南-博学西楼-211","XF":3,"SKXQ":1,"XNXQDM":"2024-2025-2","KCM":"中国法制史","JASDM":"0202030211","JXLDM":"020203","JXBID":"20242-11096","SKBJ":"法学2301-02","TYXMDM":null,"KCH":"10057311042"},{"KKDWDM":"003","XS":64,"BYBZ":"0","JSJC":2,"XXXQDM":"02","KXH":"03","KSJC":1,"XKZRS":67,"SKZC":"000000000001110000000000000000","SKJS":"张枫,王硕","ISTK":0,"ZCMC":"12-14周","YPSJDD":"11-17周 星期四 第1节-第2节 南湖南-博学西楼-213,17周 星期二 第1节-第2节 南湖南-博学西楼-211,1-9周 星期四 第1节-第2节 南湖南-博学西楼-213,16-17周 星期一 第1节-第2节 南湖南-博学西楼-211,12-14周 星期一 第1节-第2节 南湖南-博学西楼-211,1-10周 星期一 第1节-第2节 南湖南-博学西楼-211","XF":4,"SKXQ":1,"XNXQDM":"2024-2025-2","KCM":"材料科学基础B","JASDM":"0202030211","JXLDM":"020203","JXBID":"20242-05009","SKBJ":"材科2305-06","TYXMDM":null,"KCH":"10034117075"},{"KKDWDM":"017","XS":40,"BYBZ":"0","JSJC":4,"XXXQDM":"02","KXH":"01","KSJC":3,"XKZRS":37,"SKZC":"000000000000011000000000","SKJS":"王红军","ISTK":0,"ZCMC":"14-15周","YPSJDD":"14-15周 星期四 第3节-第4节 南湖南-博学西楼-211,1-9周,11-13周 星期四 第3节-第5节 南湖南-博学西楼-211","XF":2,"SKXQ":4,"XNXQDM":"2024-2025-2","KCM":"管理统计学D","JASDM":"0202030211","JXLDM":"020203","JXBID":"20242-05046","SKBJ":"营销2301-02","TYXMDM":null,"KCH":"10174121164"},{"KKDWDM":"018","XS":40,"BYBZ":"0","JSJC":7,"XXXQDM":"02","KXH":"07","KSJC":6,"XKZRS":83,"SKZC":"000000000000011000000000","SKJS":"李郁","ISTK":0,"ZCMC":"14-15周","YPSJDD":"14-15周 星期五 第6节-第7节 南湖南-博学西楼-211,1-5周,7-9周,11-13周 星期五 第6节-第8节 南湖南-博学西楼-211,9周 星期日 第6节-第8节 南湖南-博学西楼-211","XF":2,"SKXQ":5,"XNXQDM":"2024-2025-2","KCM":"宏观经济学","JASDM":"0202030211","JXLDM":"020203","JXBID":"20242-11445","SKBJ":"经济学类2404-06","TYXMDM":null,"KCH":"10183124157"},{"KKDWDM":"008","XS":40,"BYBZ":"0","JSJC":7,"XXXQDM":"02","KXH":"07","KSJC":6,"XKZRS":77,"SKZC":"000000000000010100000000","SKJS":"郑银环","ISTK":0,"ZCMC":"14-16周(双)","YPSJDD":"14-16周(双) 星期一 第6节-第7节 南湖南-博学西楼-211,1-10周,12-13周 星期一 第6节-第8节 南湖南-博学西楼-211","XF":2,"SKXQ":1,"XNXQDM":"2024-2025-2","KCM":"机械设计基础B","JASDM":"0202030211","JXLDM":"020203","JXBID":"20242-04449","SKBJ":"无机非2301-02","TYXMDM":null,"KCH":"10083117102"},{"KKDWDM":"022","XS":48,"BYBZ":"0","JSJC":5,"XXXQDM":"02","KXH":"02","KSJC":3,"XKZRS":75,"SKZC":"000000000000000110000000000000","SKJS":"徐学伟","ISTK":0,"ZCMC":"16-17周","YPSJDD":"16-17周 星期一 第3节-第5节 南湖南-博学西楼-211,12-14周 星期一 第3节-第5节 南湖南-博学西楼-211,1-10周 星期一 第3节-第5节 南湖南-博学西楼-211,17周 星期二 第3节-第5节 南湖南-博学西楼-211","XF":3,"SKXQ":1,"XNXQDM":"2024-2025-2","KCM":"中国法制史","JASDM":"0202030211","JXLDM":"020203","JXBID":"20242-11096","SKBJ":"法学2301-02","TYXMDM":null,"KCH":"10057311042"},{"KKDWDM":"003","XS":64,"BYBZ":"0","JSJC":2,"XXXQDM":"02","KXH":"03","KSJC":1,"XKZRS":67,"SKZC":"000000000000000110000000000000","SKJS":"张枫,王硕","ISTK":0,"ZCMC":"16-17周","YPSJDD":"11-17周 星期四 第1节-第2节 南湖南-博学西楼-213,17周 星期二 第1节-第2节 南湖南-博学西楼-211,1-9周 星期四 第1节-第2节 南湖南-博学西楼-213,16-17周 星期一 第1节-第2节 南湖南-博学西楼-211,12-14周 星期一 第1节-第2节 南湖南-博学西楼-211,1-10周 星期一 第1节-第2节 南湖南-博学西楼-211","XF":4,"SKXQ":1,"XNXQDM":"2024-2025-2","KCM":"材料科学基础B","JASDM":"0202030211","JXLDM":"020203","JXBID":"20242-05009","SKBJ":"材科2305-06","TYXMDM":null,"KCH":"10034117075"},{"KKDWDM":"012","XS":40,"BYBZ":"0","JSJC":4,"XXXQDM":"02","KXH":"10","KSJC":3,"XKZRS":67,"SKZC":"000000000000000010000000000000","SKJS":"段鹏飞","ISTK":0,"ZCMC":"17周","YPSJDD":"17周 星期三 第3节-第4节 南湖南-博学西楼-211,11-16周 星期五 第3节-第4节 南湖南-博学西楼-211,1-5周 星期五 第3节-第4节 南湖南-博学西楼-211,7-9周 星期五 第3节-第4节 南湖南-博学西楼-211,9周 星期日 第3节-第4节 南湖南-博学西楼-211","XF":2,"SKXQ":3,"XNXQDM":"2024-2025-2","KCM":"面向对象程序设计","JASDM":"0202030211","JXLDM":"020203","JXBID":"20242-09941","SKBJ":"计算机类2407-08","TYXMDM":null,"KCH":"10124121073"},{"KKDWDM":"003","XS":64,"BYBZ":"0","JSJC":2,"XXXQDM":"02","KXH":"03","KSJC":1,"XKZRS":67,"SKZC":"000000000000000010000000000000","SKJS":"张枫,王硕","ISTK":0,"ZCMC":"17周","YPSJDD":"11-17周 星期四 第1节-第2节 南湖南-博学西楼-213,17周 星期二 第1节-第2节 南湖南-博学西楼-211,1-9周 星期四 第1节-第2节 南湖南-博学西楼-213,16-17周 星期一 第1节-第2节 南湖南-博学西楼-211,12-14周 星期一 第1节-第2节 南湖南-博学西楼-211,1-10周 星期一 第1节-第2节 南湖南-博学西楼-211","XF":4,"SKXQ":2,"XNXQDM":"2024-2025-2","KCM":"材料科学基础B","JASDM":"0202030211","JXLDM":"020203","JXBID":"20242-05009","SKBJ":"材科2305-06","TYXMDM":null,"KCH":"10034117075"},{"KKDWDM":"009","XS":64,"BYBZ":"0","JSJC":2,"XXXQDM":"02","KXH":"01","KSJC":1,"XKZRS":26,"SKZC":"000000000000000010000000000000","SKJS":"彭自强,范剑锋","ISTK":0,"ZCMC":"17周","YPSJDD":"1-5周 星期五 第1节-第2节 南湖南-博学西楼-211,7-9周 星期五 第1节-第2节 南湖南-博学西楼-211,17周 星期三 第1节-第2节 南湖南-博学西楼-211,9周 星期日 第1节-第2节 南湖南-博学西楼-211,1-16周 星期三 第3节-第4节 南湖南-博学西楼-211,11-16周 星期五 第1节-第2节 南湖南-博学西楼-211","XF":4,"SKXQ":3,"XNXQDM":"2024-2025-2","KCM":"结构力学A1","JASDM":"0202030211","JXLDM":"020203","JXBID":"20242-05183","SKBJ":"建环2301-02","TYXMDM":null,"KCH":"10094117077"},{"KKDWDM":"022","XS":48,"BYBZ":"0","JSJC":5,"XXXQDM":"02","KXH":"02","KSJC":3,"XKZRS":75,"SKZC":"000000000000000010000000000000","SKJS":"徐学伟","ISTK":0,"ZCMC":"17周","YPSJDD":"16-17周 星期一 第3节-第5节 南湖南-博学西楼-211,12-14周 星期一 第3节-第5节 南湖南-博学西楼-211,1-10周 星期一 第3节-第5节 南湖南-博学西楼-211,17周 星期二 第3节-第5节 南湖南-博学西楼-211","XF":3,"SKXQ":2,"XNXQDM":"2024-2025-2","KCM":"中国法制史","JASDM":"0202030211","JXLDM":"020203","JXBID":"20242-11096","SKBJ":"法学2301-02","TYXMDM":null,"KCH":"10057311042"}]}},"code":"0"}