{"datas":{"jaskcb":{"extParams":{"code":1,"msg":"查询成功"},"pageSize":0,"pageNumber":0,"totalSize":-1,"rows":[{"KKDWDM":"020","XS":64,"BYBZ":"0","JSJC":2,"XXXQDM":"02","KXH":"05","KSJC":1,"XKZRS":30,"SKZC":"111111111111111100000000000000","SKJS":"陈明浩","ISTK":0,"ZCMC":"1-16周","YPSJDD":"1-16周 星期三 第1节-第2节 南湖南-博学北楼-604,12-14周 星期一 第3节-第4节 南湖南-博学北楼-604,17周 星期二 第3节-第4节 南湖南-博学北楼-604,16-17周 星期一 第3节-第4节 南湖南-博学北楼-604,1-10周 星期一 第3节-第4节 南湖南-博学北楼-604","XF":4,"SKXQ":3,"XNXQDM":"2024-2025-2","KCM":"基础法语2","JASDM":"0202010604","JXLDM":"020201","JXBID":"20242-10689","SKBJ":"外语类2404","TYXMDM":null,"KCH":"10204117026"},{"KKDWDM":"020","XS":32,"BYBZ":"0","JSJC":4,"XXXQDM":"02","KXH":"05","KSJC":3,"XKZRS":28,"SKZC":"1111111111111111","SKJS":"胡叶","ISTK":0,"ZCMC":"1-16周","YPSJDD":"1-16周 星期三 第3节-第4节 南湖南-博学北楼-604","XF":2,"SKXQ":3,"XNXQDM":"2024-2025-2","KCM":"英语视听说2","JASDM":"0202010604","JXLDM":"020201","JXBID":"20242-10134","SKBJ":"外语类2404","TYXMDM":null,"KCH":"10204114018"},{"KKDWDM":"020","XS":64,"BYBZ":"0","JSJC":4,"XXXQDM":"02","KXH":"05","KSJC":3,"XKZRS":30,"SKZC":"111111111100000000000000000000","SKJS":"陈明浩","ISTK":0,"ZCMC":"1-10周","YPSJDD":"1-16周 星期三 第1节-第2节 南湖南-博学北楼-604,12-14周 星期一 第3节-第4节 南湖南-博学北楼-604,17周 星期二 第3节-第4节 南湖南-博学北楼-604,16-17周 星期一 第3节-第4节 南湖南-博学北楼-604,1-10周 星期一 第3节-第4节 南湖南-博学北楼-604","XF":4,"SKXQ":1,"XNXQDM":"2024-2025-2","KCM":"基础法语2","JASDM":"0202010604","JXLDM":"020201","JXBID":"20242-10689","SKBJ":"外语类2404","TYXMDM":null,"KCH":"10204117026"},{"KKDWDM":"020","XS":32,"BYBZ":"0","JSJC":2,"XXXQDM":"02","KXH":"05","KSJC":1,"XKZRS":27,"SKZC":"111111111100000000000000000000","SKJS":"王瑛芳","ISTK":0,"ZCMC":"1-10周","YPSJDD":"12-14周 星期一 第1节-第2节 南湖南-博学北楼-604,1-10周 星期一 第1节-第2节 南湖南-博学北楼-604,16-17周 星期一 第1节-第2节 南湖南-博学北楼-604,17周 星期二 第1节-第2节 南湖南-博学北楼-604","XF":2,"SKXQ":1,"XNXQDM":"2024-2025-2","KCM":"英语报刊选读","JASDM":"0202010604","JXLDM":"020201","JXBID":"20242-10154","SKBJ":"外语类2404","TYXMDM":null,"KCH":"10205113003"},{"KKDWDM":"020","XS":32,"BYBZ":"0","JSJC":2,"XXXQDM":"02","KXH":"05","KSJC":1,"XKZRS":27,"SKZC":"111111111000000000000000000000","SKJS":"章睿","ISTK":0,"ZCMC":"1-9周","YPSJDD":"11-17周 星期四 第1节-第2节 南湖南-博学北楼-604,1-9周 星期四 第1节-第2节 南湖南-博学北楼-604","XF":2,"SKXQ":4,"XNXQDM":"2024-2025-2","KCM":"法语视听入门","JASDM":"0202010604","JXLDM":"020201","JXBID":"20242-10655","SKBJ":"外语类2404","TYXMDM":null,"KCH":"10204117074"},{"KKDWDM":"020","XS":32,"BYBZ":"0","JSJC":4,"XXXQDM":"02","KXH":"05","KSJC":3,"XKZRS":30,"SKZC":"111111111000000000000000000000","SKJS":"胡敏","ISTK":0,"ZCMC":"1-9周","YPSJDD":"11-17周 星期四 第3节-第4节 南湖南-博学北楼-604,1-9周 星期四 第3节-第4节 南湖南-博学北楼-604","XF":2,"SKXQ":4,"XNXQDM":"2024-2025-2","KCM":"英语经典阅读2","JASDM":"0202010604","JXLDM":"020201","JXBID":"20242-10149","SKBJ":"外语类2404","TYXMDM":null,"KCH":"10204117028"},{"KKDWDM":"018","XS":32,"BYBZ":"0","JSJC":2,"XXXQDM":"02","KXH":"01","KSJC":1,"XKZRS":31,"SKZC":"111111110000000000000000000000","SKJS":"金志达","ISTK":0,"ZCMC":"1-8周","YPSJDD":"1-5周 星期五 第3节-第4节 南湖南-博学北楼-604,1-8周 星期二 第1节-第2节 南湖南-博学北楼-604,7-8周 星期五 第3节-第4节 南湖南-博学北楼-604,9周 星期日 第3节-第4节 南湖南-博学北楼-604","XF":2,"SKXQ":2,"XNXQDM":"2024-2025-2","KCM":"跨文化管理C","JASDM":"0202010604","JXLDM":"020201","JXBID":"20242-02705","SKBJ":"国贸2201","TYXMDM":null,"KCH":"10185117046"},{"KKDWDM":"018","XS":32,"BYBZ":"0","JSJC":4,"XXXQDM":"02","KXH":"01","KSJC":3,"XKZRS":31,"SKZC":"111110000000000000000000000000","SKJS":"金志达","ISTK":0,"ZCMC":"1-5周","YPSJDD":"1-5周 星期五 第3节-第4节 南湖南-博学北楼-604,1-8周 星期二 第1节-第2节 南湖南-博学北楼-604,7-8周 星期五 第3节-第4节 南湖南-博学北楼-604,9周 星期日 第3节-第4节 南湖南-博学北楼-604","XF":2,"SKXQ":5,"XNXQDM":"2024-2025-2","KCM":"跨文化管理C","JASDM":"0202010604","JXLDM":"020201","JXBID":"20242-02705","SKBJ":"国贸2201","TYXMDM":null,"KCH":"10185117046"},{"KKDWDM":"007","XS":32,"BYBZ":"0","JSJC":2,"XXXQDM":"02","KXH":"03","KSJC":1,"XKZRS":38,"SKZC":"111110000000000000000000000000","SKJS":"Christopher Charles Wyatt,吴孟武","ISTK":0,"ZCMC":"1-5周","YPSJDD":"7-9周 星期五 第1节-第2节 南湖南-博学北楼-604,11-16周 星期五 第1节-第2节 南湖南-博学北楼-604,17周 星期三 第1节-第2节 南湖南-博学北楼-604,9周 星期日 第1节-第2节 南湖南-博学北楼-604,1-5周 星期五 第1节-第2节 南湖南-博学北楼-604","XF":2,"SKXQ":5,"XNXQDM":"2024-2025-2","KCM":"机械制造工艺2","JASDM":"0202010604","JXLDM":"020201","JXBID":"20242-10974","SKBJ":"车辆gj2202","TYXMDM":null,"KCH":"10074117097"},{"KKDWDM":"007","XS":32,"BYBZ":"0","JSJC":2,"XXXQDM":"02","KXH":"03","KSJC":1,"XKZRS":38,"SKZC":"000000111000000000000000000000","SKJS":"Christopher Charles Wyatt,吴孟武","ISTK":0,"ZCMC":"7-9周","YPSJDD":"7-9周 星期五 第1节-第2节 南湖南-博学北楼-604,11-16周 星期五 第1节-第2节 南湖南-博学北楼-604,17周 星期三 第1节-第2节 南湖南-博学北楼-604,9周 星期日 第1节-第2节 南湖南-博学北楼-604,1-5周 星期五 第1节-第2节 南湖南-博学北楼-604","XF":2,"SKXQ":5,"XNXQDM":"2024-2025-2","KCM":"机械制造工艺2","JASDM":"0202010604","JXLDM":"020201","JXBID":"20242-10974","SKBJ":"车辆gj2202","TYXMDM":null,"KCH":"10074117097"},{"KKDWDM":"018","XS":32,"BYBZ":"0","JSJC":4,"XXXQDM":"02","KXH":"01","KSJC":3,"XKZRS":31,"SKZC":"000000110000000000000000000000","SKJS":"金志达","ISTK":0,"ZCMC":"7-8周","YPSJDD":"1-5周 星期五 第3节-第4节 南湖南-博学北楼-604,1-8周 星期二 第1节-第2节 南湖南-博学北楼-604,7-8周 星期五 第3节-第4节 南湖南-博学北楼-604,9周 星期日 第3节-第4节 南湖南-博学北楼-604","XF":2,"SKXQ":5,"XNXQDM":"2024-2025-2","KCM":"跨文化管理C","JASDM":"0202010604","JXLDM":"020201","JXBID":"20242-02705","SKBJ":"国贸2201","TYXMDM":null,"KCH":"10185117046"},{"KKDWDM":"020","XS":16,"BYBZ":"0","JSJC":4,"XXXQDM":"02","KXH":"05","KSJC":3,"XKZRS":27,"SKZC":"0000000011111111","SKJS":"刘思思","ISTK":0,"ZCMC":"9-16周","YPSJDD":"9-16周 星期二 第3节-第4节 南湖南-博学北楼-604","XF":1,"SKXQ":2,"XNXQDM":"2024-2025-2","KCM":"法语语音语法2","JASDM":"0202010604","JXLDM":"020201","JXBID":"20242-10675","SKBJ":"外语类2404","TYXMDM":null,"KCH":"10204117027"},{"KKDWDM":"007","XS":32,"BYBZ":"0","JSJC":2,"XXXQDM":"02","KXH":"03","KSJC":1,"XKZRS":38,"SKZC":"000000001000000000000000000000","SKJS":"Christopher Charles Wyatt,吴孟武","ISTK":0,"ZCMC":"9周","YPSJDD":"7-9周 星期五 第1节-第2节 南湖南-博学北楼-604,11-16周 星期五 第1节-第2节 南湖南-博学北楼-604,17周 星期三 第1节-第2节 南湖南-博学北楼-604,9周 星期日 第1节-第2节 南湖南-博学北楼-604,1-5周 星期五 第1节-第2节 南湖南-博学北楼-604","XF":2,"SKXQ":7,"XNXQDM":"2024-2025-2","KCM":"机械制造工艺2","JASDM":"0202010604","JXLDM":"020201","JXBID":"20242-10974","SKBJ":"车辆gj2202","TYXMDM":null,"KCH":"10074117097"},{"KKDWDM":"018","XS":32,"BYBZ":"0","JSJC":4,"XXXQDM":"02","KXH":"01","KSJC":3,"XKZRS":31,"SKZC":"000000001000000000000000000000","SKJS":"金志达","ISTK":0,"ZCMC":"9周","YPSJDD":"1-5周 星期五 第3节-第4节 南湖南-博学北楼-604,1-8周 星期二 第1节-第2节 南湖南-博学北楼-604,7-8周 星期五 第3节-第4节 南湖南-博学北楼-604,9周 星期日 第3节-第4节 南湖南-博学北楼-604","XF":2,"SKXQ":7,"XNXQDM":"2024-2025-2","KCM":"跨文化管理C","JASDM":"0202010604","JXLDM":"020201","JXBID":"20242-02705","SKBJ":"国贸2201","TYXMDM":null,"KCH":"10185117046"},{"KKDWDM":"020","XS":32,"BYBZ":"0","JSJC":2,"XXXQDM":"02","KXH":"05","KSJC":1,"XKZRS":27,"SKZC":"000000000011111110000000000000","SKJS":"章睿","ISTK":0,"ZCMC":"11-17周","YPSJDD":"11-17周 星期四 第1节-第2节 南湖南-博学北楼-604,1-9周 星期四 第1节-第2节 南湖南-博学北楼-604","XF":2,"SKXQ":4,"XNXQDM":"2024-2025-2","KCM":"法语视听入门","JASDM":"0202010604","JXLDM":"020201","JXBID":"20242-10655","SKBJ":"外语类2404","TYXMDM":null,"KCH":"10204117074"},{"KKDWDM":"020","XS":32,"BYBZ":"0","JSJC":4,"XXXQDM":"02","KXH":"05","KSJC":3,"XKZRS":30,"SKZC":"000000000011111110000000000000","SKJS":"胡敏","ISTK":0,"ZCMC":"11-17周","YPSJDD":"11-17周 星期四 第3节-第4节 南湖南-博学北楼-604,1-9周 星期四 第3节-第4节 南湖南-博学北楼-604","XF":2,"SKXQ":4,"XNXQDM":"2024-2025-2","KCM":"英语经典阅读2","JASDM":"0202010604","JXLDM":"020201","JXBID":"20242-10149","SKBJ":"外语类2404","TYXMDM":null,"KCH":"10204117028"},{"KKDWDM":"007","XS":32,"BYBZ":"0","JSJC":2,"XXXQDM":"02","KXH":"03","KSJC":1,"XKZRS":38,"SKZC":"000000000011111100000000000000","SKJS":"Christopher Charles Wyatt,吴孟武","ISTK":0,"ZCMC":"11-16周","YPSJDD":"7-9周 星期五 第1节-第2节 南湖南-博学北楼-604,11-16周 星期五 第1节-第2节 南湖南-博学北楼-604,17周 星期三 第1节-第2节 南湖南-博学北楼-604,9周 星期日 第1节-第2节 南湖南-博学北楼-604,1-5周 星期五 第1节-第2节 南湖南-博学北楼-604","XF":2,"SKXQ":5,"XNXQDM":"2024-2025-2","KCM":"机械制造工艺2","JASDM":"0202010604","JXLDM":"020201","JXBID":"20242-10974","SKBJ":"车辆gj2202","TYXMDM":null,"KCH":"10074117097"},{"KKDWDM":"020","XS":64,"BYBZ":"0","JSJC":4,"XXXQDM":"02","KXH":"05","KSJC":3,"XKZRS":30,"SKZC":"000000000001110000000000000000","SKJS":"陈明浩","ISTK":0,"ZCMC":"12-14周","YPSJDD":"1-16周 星期三 第1节-第2节 南湖南-博学北楼-604,12-14周 星期一 第3节-第4节 南湖南-博学北楼-604,17周 星期二 第3节-第4节 南湖南-博学北楼-604,16-17周 星期一 第3节-第4节 南湖南-博学北楼-604,1-10周 星期一 第3节-第4节 南湖南-博学北楼-604","XF":4,"SKXQ":1,"XNXQDM":"2024-2025-2","KCM":"基础法语2","JASDM":"0202010604","JXLDM":"020201","JXBID":"20242-10689","SKBJ":"外语类2404","TYXMDM":null,"KCH":"10204117026"},{"KKDWDM":"020","XS":32,"BYBZ":"0","JSJC":2,"XXXQDM":"02","KXH":"05","KSJC":1,"XKZRS":27,"SKZC":"000000000001110000000000000000","SKJS":"王瑛芳","ISTK":0,"ZCMC":"12-14周","YPSJDD":"12-14周 星期一 第1节-第2节 南湖南-博学北楼-604,1-10周 星期一 第1节-第2节 南湖南-博学北楼-604,16-17周 星期一 第1节-第2节 南湖南-博学北楼-604,17周 星期二 第1节-第2节 南湖南-博学北楼-604","XF":2,"SKXQ":1,"XNXQDM":"2024-2025-2","KCM":"英语报刊选读","JASDM":"0202010604","JXLDM":"020201","JXBID":"20242-10154","SKBJ":"外语类2404","TYXMDM":null,"KCH":"10205113003"},{"KKDWDM":"020","XS":64,"BYBZ":"0","JSJC":4,"XXXQDM":"02","KXH":"05","KSJC":3,"XKZRS":30,"SKZC":"000000000000000110000000000000","SKJS":"陈明浩","ISTK":0,"ZCMC":"16-17周","YPSJDD":"1-16周 星期三 第1节-第2节 南湖南-博学北楼-604,12-14周 星期一 第3节-第4节 南湖南-博学北楼-604,17周 星期二 第3节-第4节 南湖南-博学北楼-604,16-17周 星期一 第3节-第4节 南湖南-博学北楼-604,1-10周 星期一 第3节-第4节 南湖南-博学北楼-604","XF":4,"SKXQ":1,"XNXQDM":"2024-2025-2","KCM":"基础法语2","JASDM":"0202010604","JXLDM":"020201","JXBID":"20242-10689","SKBJ":"外语类2404","TYXMDM":null,"KCH":"10204117026"},{"KKDWDM":"020","XS":32,"BYBZ":"0","JSJC":2,"XXXQDM":"02","KXH":"05","KSJC":1,"XKZRS":27,"SKZC":"000000000000000110000000000000","SKJS":"王瑛芳","ISTK":0,"ZCMC":"16-17周","YPSJDD":"12-14周 星期一 第1节-第2节 南湖南-博学北楼-604,1-10周 星期一 第1节-第2节 南湖南-博学北楼-604,16-17周 星期一 第1节-第2节 南湖南-博学北楼-604,17周 星期二 第1节-第2节 南湖南-博学北楼-604","XF":2,"SKXQ":1,"XNXQDM":"2024-2025-2","KCM":"英语报刊选读","JASDM":"0202010604","JXLDM":"020201","JXBID":"20242-10154","SKBJ":"外语类2404","TYXMDM":null,"KCH":"10205113003"},{"KKDWDM":"007","XS":32,"BYBZ":"0","JSJC":2,"XXXQDM":"02","KXH":"03","KSJC":1,"XKZRS":38,"SKZC":"000000000000000010000000000000","SKJS":"Christopher Charles Wyatt,吴孟武","ISTK":0,"ZCMC":"17周","YPSJDD":"7-9周 星期五 第1节-第2节 南湖南-博学北楼-604,11-16周 星期五 第1节-第2节 南湖南-博学北楼-604,17周 星期三 第1节-第2节 南湖南-博学北楼-604,9周 星期日 第1节-第2节 南湖南-博学北楼-604,1-5周 星期五 第1节-第2节 南湖南-博学北楼-604","XF":2,"SKXQ":3,"XNXQDM":"2024-2025-2","KCM":"机械制造工艺2","JASDM":"0202010604","JXLDM":"020201","JXBID":"20242-10974","SKBJ":"车辆gj2202","TYXMDM":null,"KCH":"10074117097"},{"KKDWDM":"020","XS":32,"BYBZ":"0","JSJC":2,"XXXQDM":"02","KXH":"05","KSJC":1,"XKZRS":27,"SKZC":"000000000000000010000000000000","SKJS":"王瑛芳","ISTK":0,"ZCMC":"17周","YPSJDD":"12-14周 星期一 第1节-第2节 南湖南-博学北楼-604,1-10周 星期一 第1节-第2节 南湖南-博学北楼-604,16-17周 星期一 第1节-第2节 南湖南-博学北楼-604,17周 星期二 第1节-第2节 南湖南-博学北楼-604","XF":2,"SKXQ":2,"XNXQDM":"2024-2025-2","KCM":"英语报刊选读","JASDM":"0202010604","JXLDM":"020201","JXBID":"20242-10154","SKBJ":"外语类2404","TYXMDM":null,"KCH":"10205113003"},{"KKDWDM":"020","XS":64,"BYBZ":"0","JSJC":4,"XXXQDM":"02","KXH":"05","KSJC":3,"XKZRS":30,"SKZC":"000000000000000010000000000000","SKJS":"陈明浩","ISTK":0,"ZCMC":"17周","YPSJDD":"1-16周 星期三 第1节-第2节 南湖南-博学北楼-604,12-14周 星期一 第3节-第4节 南湖南-博学北楼-604,17周 星期二 第3节-第4节 南湖南-博学北楼-604,16-17周 星期一 第3节-第4节 南湖南-博学北楼-604,1-10周 星期一 第3节-第4节 南湖南-博学北楼-604","XF":4,"SKXQ":2,"XNXQDM":"2024-2025-2","KCM":"基础法语2","JASDM":"0202010604","JXLDM":"020201","JXBID":"20242-10689","SKBJ":"外语类2404","TYXMDM":null,"KCH":"10204117026"}]}},"code":"0"}