{"datas":{"jaskcb":{"extParams":{"code":1,"msg":"查询成功"},"pageSize":0,"pageNumber":0,"totalSize":-1,"rows":[{"KKDWDM":"016","XS":48,"BYBZ":"0","JSJC":5,"XXXQDM":"02","KXH":"05","KSJC":3,"XKZRS":130,"SKZC":"1111111111111111","SKJS":"欧阳天贽","ISTK":0,"ZCMC":"1-16周","YPSJDD":"1-16周 星期三 第3节-第5节 南湖南-博学东楼-305","XF":3,"SKXQ":3,"XNXQDM":"2024-2025-2","KCM":"有机化学C","JASDM":"0202020305","JXLDM":"020202","JXBID":"20242-10358","SKBJ":"材科2301-03","TYXMDM":null,"KCH":"10163112118"},{"KKDWDM":"071","XS":48,"BYBZ":"0","JSJC":8,"XXXQDM":"02","KXH":"01","KSJC":6,"XKZRS":130,"SKZC":"111111111111000000000000","SKJS":"韩豪","ISTK":0,"ZCMC":"1-12周","YPSJDD":"13-14周 星期二 第6节-第7节 南湖南-博学东楼-305,1-12周 星期二 第6节-第8节 南湖南-博学东楼-305","XF":3,"SKXQ":2,"XNXQDM":"2024-2025-2","KCM":"数学模型B","JASDM":"0202020305","JXLDM":"020202","JXBID":"20242-05259","SKBJ":"统计2301-02,金融kj2301,金融sy2301","TYXMDM":null,"KCH":"10155117019"},{"KKDWDM":"021","XS":36,"BYBZ":"0","JSJC":5,"XXXQDM":"02","KXH":"17","KSJC":3,"XKZRS":101,"SKZC":"111111111111","SKJS":"李艳丽","ISTK":0,"ZCMC":"1-12周","YPSJDD":"1-12周 星期二 第3节-第5节 南湖南-博学东楼-305","XF":2,"SKXQ":2,"XNXQDM":"2024-2025-2","KCM":"习近平新时代中国特色社会主义思想概论","JASDM":"0202020305","JXLDM":"020202","JXBID":"20242-04486","SKBJ":"城规2301,建环2301-02,建筑学2301","TYXMDM":null,"KCH":"10211121033"},{"KKDWDM":"021","XS":36,"BYBZ":"0","JSJC":8,"XXXQDM":"02","KXH":"42","KSJC":6,"XKZRS":109,"SKZC":"111111111111","SKJS":"骆虹","ISTK":0,"ZCMC":"1-12周","YPSJDD":"1-12周 星期三 第6节-第8节 南湖南-博学东楼-305","XF":2,"SKXQ":3,"XNXQDM":"2024-2025-2","KCM":"习近平新时代中国特色社会主义思想概论","JASDM":"0202020305","JXLDM":"020202","JXBID":"20242-12229","SKBJ":"日语2301,英法sy2301,英语2301-03","TYXMDM":null,"KCH":"10211121033"},{"KKDWDM":"021","XS":48,"BYBZ":"0","JSJC":8,"XXXQDM":"02","KXH":"29","KSJC":6,"XKZRS":95,"SKZC":"111111111100000000000000000000","SKJS":"姜迎春","ISTK":0,"ZCMC":"1-10周","YPSJDD":"1-10周 星期一 第6节-第8节 南湖南-博学东楼-305,16周 星期一 第6节-第8节 南湖南-博学东楼-305,12-14周 星期一 第6节-第8节 南湖南-博学东楼-305","XF":3,"SKXQ":1,"XNXQDM":"2024-2025-2","KCM":"中国近现代史纲要","JASDM":"0202020305","JXLDM":"020202","JXBID":"20242-11853","SKBJ":"数学类2407-09","TYXMDM":null,"KCH":"10211124005"},{"KKDWDM":"044","XS":32,"BYBZ":"0","JSJC":13,"XXXQDM":"02","KXH":"01","KSJC":11,"XKZRS":140,"SKZC":"111111111100000000000000","SKJS":"何慧","ISTK":0,"ZCMC":"1-10周","YPSJDD":"12周 星期一 第11节-第12节 南湖南-博学东楼-305,1-10周 星期一 第11节-第13节 南湖南-博学东楼-305","XF":2,"SKXQ":1,"XNXQDM":"2024-2025-2","KCM":"中国传统经典艺术作品解读(GX)","JASDM":"0202020305","JXLDM":"020202","JXBID":"20242-09134","SKBJ":"公选-09134","TYXMDM":null,"KCH":"10442121005"},{"KKDWDM":"022","XS":32,"BYBZ":"0","JSJC":13,"XXXQDM":"02","KXH":"01","KSJC":11,"XKZRS":139,"SKZC":"111111111100000000000000","SKJS":"黄雪晴","ISTK":0,"ZCMC":"1-10周","YPSJDD":"11周 星期三 第11节-第12节 南湖南-博学东楼-305,1-10周 星期三 第11节-第13节 南湖南-博学东楼-305","XF":2,"SKXQ":3,"XNXQDM":"2024-2025-2","KCM":"汉字与文化(GX)","JASDM":"0202020305","JXLDM":"020202","JXBID":"20242-08663","SKBJ":"公选-08663","TYXMDM":null,"KCH":"10222121202"},{"KKDWDM":"071","XS":40,"BYBZ":"0","JSJC":5,"XXXQDM":"02","KXH":"01","KSJC":3,"XKZRS":80,"SKZC":"111111111011100000000000","SKJS":"胡荣","ISTK":0,"ZCMC":"1-9周,11-13周","YPSJDD":"14-15周 星期四 第3节-第4节 南湖南-博学东楼-305,1-9周,11-13周 星期四 第3节-第5节 南湖南-博学东楼-305","XF":2,"SKXQ":4,"XNXQDM":"2024-2025-2","KCM":"微分方程数值解","JASDM":"0202020305","JXLDM":"020202","JXBID":"20242-02806","SKBJ":"信计2201-02,数学jd2201","TYXMDM":null,"KCH":"10155113002"},{"KKDWDM":"013","XS":64,"BYBZ":"0","JSJC":2,"XXXQDM":"02","KXH":"02","KSJC":1,"XKZRS":139,"SKZC":"111111111000000000000000000000","SKJS":"杨胤铎,罗文辉","ISTK":0,"ZCMC":"1-9周","YPSJDD":"1-10周 星期一 第6节-第7节 南湖南-博学主楼-209,16周 星期一 第6节-第7节 南湖南-博学主楼-209,11-14周 星期四 第1节-第2节 南湖南-博学东楼-305,1-9周 星期四 第1节-第2节 南湖南-博学东楼-305,12-14周 星期一 第6节-第7节 南湖南-博学主楼-209","XF":4,"SKXQ":4,"XNXQDM":"2024-2025-2","KCM":"电工与电子技术基础B","JASDM":"0202020305","JXLDM":"020202","JXBID":"20242-05490","SKBJ":"储能2301-02,过控2301","TYXMDM":null,"KCH":"10133121096"},{"KKDWDM":"010","XS":48,"BYBZ":"0","JSJC":10,"XXXQDM":"02","KXH":"01","KSJC":9,"XKZRS":35,"SKZC":"111111110000000000000000000000","SKJS":"夏琳","ISTK":0,"ZCMC":"1-8周","YPSJDD":"9周 星期日 第6节-第7节 南湖南-博学东楼-305,1-5周 星期五 第6节-第7节 南湖南-博学东楼-305,1-8周 星期三 第9节-第10节 南湖南-博学东楼-305,7-8周 星期五 第6节-第7节 南湖南-博学东楼-305","XF":3,"SKXQ":3,"XNXQDM":"2024-2025-2","KCM":"城镇国土空间规划","JASDM":"0202020305","JXLDM":"020202","JXBID":"20242-02423","SKBJ":"地信2201-03","TYXMDM":null,"KCH":"10105121011"},{"KKDWDM":"025","XS":32,"BYBZ":"0","JSJC":13,"XXXQDM":"02","KXH":"01","KSJC":11,"XKZRS":128,"SKZC":"111111110000000000000000","SKJS":"刘勤,李律成","ISTK":0,"ZCMC":"1-8周","YPSJDD":"1-8周 星期四 第11节-第13节 南湖南-博学东楼-305","XF":2,"SKXQ":4,"XNXQDM":"2024-2025-2","KCM":"大数据智能与创新创业决策(GX)","JASDM":"0202020305","JXLDM":"020202","JXBID":"20242-08756","SKBJ":"公选-08756","TYXMDM":null,"KCH":"10256221087"},{"KKDWDM":"020","XS":24,"BYBZ":"0","JSJC":13,"XXXQDM":"02","KXH":"01","KSJC":11,"XKZRS":22,"SKZC":"111111110000000000000000","SKJS":"胡敏","ISTK":0,"ZCMC":"1-8周","YPSJDD":"1-8周 星期二 第11节-第13节 南湖南-博学东楼-305","XF":1,"SKXQ":2,"XNXQDM":"2024-2025-2","KCM":"英语写作入门及赏析(GX)","JASDM":"0202020305","JXLDM":"020202","JXBID":"20242-08468","SKBJ":"公选-08468","TYXMDM":null,"KCH":"10202121139"},{"KKDWDM":"010","XS":32,"BYBZ":"0","JSJC":4,"XXXQDM":"02","KXH":"01","KSJC":3,"XKZRS":79,"SKZC":"111111110000000000000000","SKJS":"杨红刚,王珺婷","ISTK":0,"ZCMC":"1-8周","YPSJDD":"1-8周 星期三 第1节-第2节 南湖南-博学东楼-305,1-8周 星期一 第3节-第4节 南湖南-博学东楼-305","XF":2,"SKXQ":1,"XNXQDM":"2024-2025-2","KCM":"环境监理概论","JASDM":"0202020305","JXLDM":"020202","JXBID":"20242-03024","SKBJ":"环工2201-02,环科2201-02","TYXMDM":null,"KCH":"10106113089"},{"KKDWDM":"010","XS":32,"BYBZ":"0","JSJC":2,"XXXQDM":"02","KXH":"01","KSJC":1,"XKZRS":79,"SKZC":"111111110000000000000000","SKJS":"杨红刚,王珺婷","ISTK":0,"ZCMC":"1-8周","YPSJDD":"1-8周 星期三 第1节-第2节 南湖南-博学东楼-305,1-8周 星期一 第3节-第4节 南湖南-博学东楼-305","XF":2,"SKXQ":3,"XNXQDM":"2024-2025-2","KCM":"环境监理概论","JASDM":"0202020305","JXLDM":"020202","JXBID":"20242-03024","SKBJ":"环工2201-02,环科2201-02","TYXMDM":null,"KCH":"10106113089"},{"KKDWDM":"021","XS":36,"BYBZ":"0","JSJC":5,"XXXQDM":"02","KXH":"41","KSJC":3,"XKZRS":109,"SKZC":"111110000000000000000000000000","SKJS":"李峰","ISTK":0,"ZCMC":"1-5周","YPSJDD":"11-13周 星期五 第3节-第5节 南湖南-博学东楼-305,7-9周 星期五 第3节-第5节 南湖南-博学东楼-305,9周 星期日 第3节-第5节 南湖南-博学东楼-305,1-5周 星期五 第3节-第5节 南湖南-博学东楼-305","XF":2,"SKXQ":5,"XNXQDM":"2024-2025-2","KCM":"习近平新时代中国特色社会主义思想概论","JASDM":"0202020305","JXLDM":"020202","JXBID":"20242-12194","SKBJ":"车辆2301-03,车辆2305","TYXMDM":null,"KCH":"10211121033"},{"KKDWDM":"010","XS":48,"BYBZ":"0","JSJC":7,"XXXQDM":"02","KXH":"01","KSJC":6,"XKZRS":35,"SKZC":"111110000000000000000000000000","SKJS":"夏琳","ISTK":0,"ZCMC":"1-5周","YPSJDD":"9周 星期日 第6节-第7节 南湖南-博学东楼-305,1-5周 星期五 第6节-第7节 南湖南-博学东楼-305,1-8周 星期三 第9节-第10节 南湖南-博学东楼-305,7-8周 星期五 第6节-第7节 南湖南-博学东楼-305","XF":3,"SKXQ":5,"XNXQDM":"2024-2025-2","KCM":"城镇国土空间规划","JASDM":"0202020305","JXLDM":"020202","JXBID":"20242-02423","SKBJ":"地信2201-03","TYXMDM":null,"KCH":"10105121011"},{"KKDWDM":"021","XS":36,"BYBZ":"0","JSJC":5,"XXXQDM":"02","KXH":"41","KSJC":3,"XKZRS":109,"SKZC":"000000111000000000000000000000","SKJS":"李峰","ISTK":0,"ZCMC":"7-9周","YPSJDD":"11-13周 星期五 第3节-第5节 南湖南-博学东楼-305,7-9周 星期五 第3节-第5节 南湖南-博学东楼-305,9周 星期日 第3节-第5节 南湖南-博学东楼-305,1-5周 星期五 第3节-第5节 南湖南-博学东楼-305","XF":2,"SKXQ":5,"XNXQDM":"2024-2025-2","KCM":"习近平新时代中国特色社会主义思想概论","JASDM":"0202020305","JXLDM":"020202","JXBID":"20242-12194","SKBJ":"车辆2301-03,车辆2305","TYXMDM":null,"KCH":"10211121033"},{"KKDWDM":"010","XS":48,"BYBZ":"0","JSJC":7,"XXXQDM":"02","KXH":"01","KSJC":6,"XKZRS":35,"SKZC":"000000110000000000000000000000","SKJS":"夏琳","ISTK":0,"ZCMC":"7-8周","YPSJDD":"9周 星期日 第6节-第7节 南湖南-博学东楼-305,1-5周 星期五 第6节-第7节 南湖南-博学东楼-305,1-8周 星期三 第9节-第10节 南湖南-博学东楼-305,7-8周 星期五 第6节-第7节 南湖南-博学东楼-305","XF":3,"SKXQ":5,"XNXQDM":"2024-2025-2","KCM":"城镇国土空间规划","JASDM":"0202020305","JXLDM":"020202","JXBID":"20242-02423","SKBJ":"地信2201-03","TYXMDM":null,"KCH":"10105121011"},{"KKDWDM":"021","XS":8,"BYBZ":"0","JSJC":7,"XXXQDM":"02","KXH":"571","KSJC":6,"XKZRS":136,"SKZC":"000000011011000000000000","SKJS":"王佩佩","ISTK":0,"ZCMC":"8-9周,11-12周","YPSJDD":"8-9周,11-12周 星期四 第6节-第7节 南湖南-博学东楼-305","XF":0,"SKXQ":4,"XNXQDM":"2024-2025-2","KCM":"形势与政策","JASDM":"0202020305","JXLDM":"020202","JXBID":"20242-14162","SKBJ":null,"TYXMDM":null,"KCH":"10218121092"},{"KKDWDM":"010","XS":48,"BYBZ":"0","JSJC":7,"XXXQDM":"02","KXH":"01","KSJC":6,"XKZRS":35,"SKZC":"000000001000000000000000000000","SKJS":"夏琳","ISTK":0,"ZCMC":"9周","YPSJDD":"9周 星期日 第6节-第7节 南湖南-博学东楼-305,1-5周 星期五 第6节-第7节 南湖南-博学东楼-305,1-8周 星期三 第9节-第10节 南湖南-博学东楼-305,7-8周 星期五 第6节-第7节 南湖南-博学东楼-305","XF":3,"SKXQ":7,"XNXQDM":"2024-2025-2","KCM":"城镇国土空间规划","JASDM":"0202020305","JXLDM":"020202","JXBID":"20242-02423","SKBJ":"地信2201-03","TYXMDM":null,"KCH":"10105121011"},{"KKDWDM":"021","XS":36,"BYBZ":"0","JSJC":5,"XXXQDM":"02","KXH":"41","KSJC":3,"XKZRS":109,"SKZC":"000000001000000000000000000000","SKJS":"李峰","ISTK":0,"ZCMC":"9周","YPSJDD":"11-13周 星期五 第3节-第5节 南湖南-博学东楼-305,7-9周 星期五 第3节-第5节 南湖南-博学东楼-305,9周 星期日 第3节-第5节 南湖南-博学东楼-305,1-5周 星期五 第3节-第5节 南湖南-博学东楼-305","XF":2,"SKXQ":7,"XNXQDM":"2024-2025-2","KCM":"习近平新时代中国特色社会主义思想概论","JASDM":"0202020305","JXLDM":"020202","JXBID":"20242-12194","SKBJ":"车辆2301-03,车辆2305","TYXMDM":null,"KCH":"10211121033"},{"KKDWDM":"009","XS":32,"BYBZ":"0","JSJC":8,"XXXQDM":"02","KXH":"08","KSJC":6,"XKZRS":119,"SKZC":"000000001000000000000000000000","SKJS":"宣伟","ISTK":0,"ZCMC":"9周","YPSJDD":"9周 星期五 第6节-第8节 南湖南-博学东楼-305,17周 星期三 第6节-第8节 南湖南-博学东楼-305,11-16周 星期五 第6节-第8节 南湖南-博学东楼-305","XF":2,"SKXQ":5,"XNXQDM":"2024-2025-2","KCM":"工程测量C","JASDM":"0202020305","JXLDM":"020202","JXBID":"20242-09973","SKBJ":"土木类2405-07","TYXMDM":null,"KCH":"10164224003"},{"KKDWDM":"009","XS":32,"BYBZ":"0","JSJC":8,"XXXQDM":"02","KXH":"08","KSJC":6,"XKZRS":119,"SKZC":"000000000011111100000000000000","SKJS":"宣伟","ISTK":0,"ZCMC":"11-16周","YPSJDD":"9周 星期五 第6节-第8节 南湖南-博学东楼-305,17周 星期三 第6节-第8节 南湖南-博学东楼-305,11-16周 星期五 第6节-第8节 南湖南-博学东楼-305","XF":2,"SKXQ":5,"XNXQDM":"2024-2025-2","KCM":"工程测量C","JASDM":"0202020305","JXLDM":"020202","JXBID":"20242-09973","SKBJ":"土木类2405-07","TYXMDM":null,"KCH":"10164224003"},{"KKDWDM":"013","XS":64,"BYBZ":"0","JSJC":2,"XXXQDM":"02","KXH":"02","KSJC":1,"XKZRS":139,"SKZC":"000000000011110000000000000000","SKJS":"杨胤铎,罗文辉","ISTK":0,"ZCMC":"11-14周","YPSJDD":"1-10周 星期一 第6节-第7节 南湖南-博学主楼-209,16周 星期一 第6节-第7节 南湖南-博学主楼-209,11-14周 星期四 第1节-第2节 南湖南-博学东楼-305,1-9周 星期四 第1节-第2节 南湖南-博学东楼-305,12-14周 星期一 第6节-第7节 南湖南-博学主楼-209","XF":4,"SKXQ":4,"XNXQDM":"2024-2025-2","KCM":"电工与电子技术基础B","JASDM":"0202020305","JXLDM":"020202","JXBID":"20242-05490","SKBJ":"储能2301-02,过控2301","TYXMDM":null,"KCH":"10133121096"},{"KKDWDM":"021","XS":36,"BYBZ":"0","JSJC":5,"XXXQDM":"02","KXH":"41","KSJC":3,"XKZRS":109,"SKZC":"000000000011100000000000000000","SKJS":"李峰","ISTK":0,"ZCMC":"11-13周","YPSJDD":"11-13周 星期五 第3节-第5节 南湖南-博学东楼-305,7-9周 星期五 第3节-第5节 南湖南-博学东楼-305,9周 星期日 第3节-第5节 南湖南-博学东楼-305,1-5周 星期五 第3节-第5节 南湖南-博学东楼-305","XF":2,"SKXQ":5,"XNXQDM":"2024-2025-2","KCM":"习近平新时代中国特色社会主义思想概论","JASDM":"0202020305","JXLDM":"020202","JXBID":"20242-12194","SKBJ":"车辆2301-03,车辆2305","TYXMDM":null,"KCH":"10211121033"},{"KKDWDM":"022","XS":32,"BYBZ":"0","JSJC":12,"XXXQDM":"02","KXH":"01","KSJC":11,"XKZRS":139,"SKZC":"000000000010000000000000","SKJS":"黄雪晴","ISTK":0,"ZCMC":"11周","YPSJDD":"11周 星期三 第11节-第12节 南湖南-博学东楼-305,1-10周 星期三 第11节-第13节 南湖南-博学东楼-305","XF":2,"SKXQ":3,"XNXQDM":"2024-2025-2","KCM":"汉字与文化(GX)","JASDM":"0202020305","JXLDM":"020202","JXBID":"20242-08663","SKBJ":"公选-08663","TYXMDM":null,"KCH":"10222121202"},{"KKDWDM":"021","XS":48,"BYBZ":"0","JSJC":8,"XXXQDM":"02","KXH":"29","KSJC":6,"XKZRS":95,"SKZC":"000000000001110000000000000000","SKJS":"姜迎春","ISTK":0,"ZCMC":"12-14周","YPSJDD":"1-10周 星期一 第6节-第8节 南湖南-博学东楼-305,16周 星期一 第6节-第8节 南湖南-博学东楼-305,12-14周 星期一 第6节-第8节 南湖南-博学东楼-305","XF":3,"SKXQ":1,"XNXQDM":"2024-2025-2","KCM":"中国近现代史纲要","JASDM":"0202020305","JXLDM":"020202","JXBID":"20242-11853","SKBJ":"数学类2407-09","TYXMDM":null,"KCH":"10211124005"},{"KKDWDM":"044","XS":32,"BYBZ":"0","JSJC":12,"XXXQDM":"02","KXH":"01","KSJC":11,"XKZRS":140,"SKZC":"000000000001000000000000","SKJS":"何慧","ISTK":0,"ZCMC":"12周","YPSJDD":"12周 星期一 第11节-第12节 南湖南-博学东楼-305,1-10周 星期一 第11节-第13节 南湖南-博学东楼-305","XF":2,"SKXQ":1,"XNXQDM":"2024-2025-2","KCM":"中国传统经典艺术作品解读(GX)","JASDM":"0202020305","JXLDM":"020202","JXBID":"20242-09134","SKBJ":"公选-09134","TYXMDM":null,"KCH":"10442121005"},{"KKDWDM":"021","XS":8,"BYBZ":"0","JSJC":7,"XXXQDM":"02","KXH":"616","KSJC":6,"XKZRS":138,"SKZC":"000000000000111100000000000000","SKJS":"刘浩杰","ISTK":0,"ZCMC":"13-16周","YPSJDD":"13-16周 星期四 第6节-第7节 南湖南-博学东楼-305","XF":0,"SKXQ":4,"XNXQDM":"2024-2025-2","KCM":"形势与政策","JASDM":"0202020305","JXLDM":"020202","JXBID":"20242-14207","SKBJ":null,"TYXMDM":null,"KCH":"10218121092"},{"KKDWDM":"071","XS":48,"BYBZ":"0","JSJC":7,"XXXQDM":"02","KXH":"01","KSJC":6,"XKZRS":130,"SKZC":"000000000000110000000000","SKJS":"韩豪","ISTK":0,"ZCMC":"13-14周","YPSJDD":"13-14周 星期二 第6节-第7节 南湖南-博学东楼-305,1-12周 星期二 第6节-第8节 南湖南-博学东楼-305","XF":3,"SKXQ":2,"XNXQDM":"2024-2025-2","KCM":"数学模型B","JASDM":"0202020305","JXLDM":"020202","JXBID":"20242-05259","SKBJ":"统计2301-02,金融kj2301,金融sy2301","TYXMDM":null,"KCH":"10155117019"},{"KKDWDM":"071","XS":40,"BYBZ":"0","JSJC":4,"XXXQDM":"02","KXH":"01","KSJC":3,"XKZRS":80,"SKZC":"000000000000011000000000","SKJS":"胡荣","ISTK":0,"ZCMC":"14-15周","YPSJDD":"14-15周 星期四 第3节-第4节 南湖南-博学东楼-305,1-9周,11-13周 星期四 第3节-第5节 南湖南-博学东楼-305","XF":2,"SKXQ":4,"XNXQDM":"2024-2025-2","KCM":"微分方程数值解","JASDM":"0202020305","JXLDM":"020202","JXBID":"20242-02806","SKBJ":"信计2201-02,数学jd2201","TYXMDM":null,"KCH":"10155113002"},{"KKDWDM":"021","XS":48,"BYBZ":"0","JSJC":8,"XXXQDM":"02","KXH":"29","KSJC":6,"XKZRS":95,"SKZC":"000000000000000100000000000000","SKJS":"姜迎春","ISTK":0,"ZCMC":"16周","YPSJDD":"1-10周 星期一 第6节-第8节 南湖南-博学东楼-305,16周 星期一 第6节-第8节 南湖南-博学东楼-305,12-14周 星期一 第6节-第8节 南湖南-博学东楼-305","XF":3,"SKXQ":1,"XNXQDM":"2024-2025-2","KCM":"中国近现代史纲要","JASDM":"0202020305","JXLDM":"020202","JXBID":"20242-11853","SKBJ":"数学类2407-09","TYXMDM":null,"KCH":"10211124005"},{"KKDWDM":"009","XS":32,"BYBZ":"0","JSJC":8,"XXXQDM":"02","KXH":"08","KSJC":6,"XKZRS":119,"SKZC":"000000000000000010000000000000","SKJS":"宣伟","ISTK":0,"ZCMC":"17周","YPSJDD":"9周 星期五 第6节-第8节 南湖南-博学东楼-305,17周 星期三 第6节-第8节 南湖南-博学东楼-305,11-16周 星期五 第6节-第8节 南湖南-博学东楼-305","XF":2,"SKXQ":3,"XNXQDM":"2024-2025-2","KCM":"工程测量C","JASDM":"0202020305","JXLDM":"020202","JXBID":"20242-09973","SKBJ":"土木类2405-07","TYXMDM":null,"KCH":"10164224003"}]}},"code":"0"}