{"datas":{"jaskcb":{"extParams":{"code":1,"msg":"查询成功"},"pageSize":0,"pageNumber":0,"totalSize":-1,"rows":[{"KKDWDM":"008","XS":32,"BYBZ":"0","JSJC":10,"XXXQDM":"02","KXH":"02","KSJC":9,"XKZRS":66,"SKZC":"111111111111110000000000000000","SKJS":"邹琳","ISTK":0,"ZCMC":"1-14周","YPSJDD":"1-14周 星期二 第9节-第10节 南湖南-博学西楼-202","XF":2,"SKXQ":2,"XNXQDM":"2024-2025-2","KCM":"流体力学与液压传动B","JASDM":"0202030202","JXLDM":"020203","JXBID":"20242-05180","SKBJ":"机械2305,机械zy2301","TYXMDM":null,"KCH":"10085117017"},{"KKDWDM":"017","XS":40,"BYBZ":"0","JSJC":8,"XXXQDM":"02","KXH":"03","KSJC":6,"XKZRS":69,"SKZC":"111111111111000000000000","SKJS":"朱新艳","ISTK":0,"ZCMC":"1-12周","YPSJDD":"13-14周 星期三 第6节-第7节 南湖南-博学西楼-202,1-12周 星期三 第6节-第8节 南湖南-博学西楼-202","XF":2,"SKXQ":3,"XNXQDM":"2024-2025-2","KCM":"管理心理与行为B","JASDM":"0202030202","JXLDM":"020203","JXBID":"20242-04435","SKBJ":"财务2301-02","TYXMDM":null,"KCH":"10174121117"},{"KKDWDM":"008","XS":32,"BYBZ":"0","JSJC":12,"XXXQDM":"02","KXH":"01","KSJC":11,"XKZRS":58,"SKZC":"111111111100000000000000000000","SKJS":"郭顺生","ISTK":0,"ZCMC":"1-10周","YPSJDD":"16周 星期一 第11节-第12节 南湖南-博学西楼-202,12-14周 星期一 第11节-第12节 南湖南-博学西楼-202,1-10周 星期一 第11节-第12节 南湖南-博学西楼-202","XF":2,"SKXQ":1,"XNXQDM":"2024-2025-2","KCM":"制造企业数字化智能化设计制造与管理技术与应用(JD)","JASDM":"0202030202","JXLDM":"020203","JXBID":"20242-07547","SKBJ":"公选-07547","TYXMDM":null,"KCH":"10086121179"},{"KKDWDM":"008","XS":48,"BYBZ":"0","JSJC":5,"XXXQDM":"02","KXH":"01","KSJC":3,"XKZRS":69,"SKZC":"111111111100000000000000000000","SKJS":"丁国平","ISTK":0,"ZCMC":"1-10周","YPSJDD":"12-14周 星期一 第3节-第5节 南湖南-博学西楼-202,1-10周 星期一 第3节-第5节 南湖南-博学西楼-202,17周 星期二 第3节-第5节 南湖南-博学西楼-202,16-17周 星期一 第3节-第5节 南湖南-博学西楼-202","XF":3,"SKXQ":1,"XNXQDM":"2024-2025-2","KCM":"工程心理学","JASDM":"0202030202","JXLDM":"020203","JXBID":"20242-02184","SKBJ":"工业gc2201-02","TYXMDM":null,"KCH":"10085121021"},{"KKDWDM":"071","XS":32,"BYBZ":"0","JSJC":8,"XXXQDM":"02","KXH":"02","KSJC":6,"XKZRS":56,"SKZC":"111111111100000000000000","SKJS":"贺素香","ISTK":0,"ZCMC":"1-10周","YPSJDD":"12周 星期一 第6节-第7节 南湖南-博学西楼-202,1-10周 星期一 第6节-第8节 南湖南-博学西楼-202","XF":2,"SKXQ":1,"XNXQDM":"2024-2025-2","KCM":"最优化理论与方法","JASDM":"0202030202","JXLDM":"020203","JXBID":"20242-03823","SKBJ":"人工智能2201-02,大数据2301-02","TYXMDM":null,"KCH":"10155121035"},{"KKDWDM":"022","XS":32,"BYBZ":"0","JSJC":5,"XXXQDM":"02","KXH":"01","KSJC":3,"XKZRS":59,"SKZC":"111111111100000000000000","SKJS":"陶玲","ISTK":0,"ZCMC":"1-10周","YPSJDD":"11周 星期三 第3节-第4节 南湖南-博学西楼-202,1-10周 星期三 第3节-第5节 南湖南-博学西楼-202","XF":2,"SKXQ":3,"XNXQDM":"2024-2025-2","KCM":"现代汉语2","JASDM":"0202030202","JXLDM":"020203","JXBID":"20242-06404","SKBJ":"新闻类2404-05","TYXMDM":null,"KCH":"10224121080"},{"KKDWDM":"017","XS":32,"BYBZ":"0","JSJC":2,"XXXQDM":"02","KXH":"01","KSJC":1,"XKZRS":53,"SKZC":"111111110000000000000000","SKJS":"张亚杰","ISTK":0,"ZCMC":"1-8周","YPSJDD":"1-8周 星期一 第1节-第2节 南湖南-博学西楼-202","XF":2,"SKXQ":1,"XNXQDM":"2024-2025-2","KCM":"EXCEL财务决策建模与分析","JASDM":"0202030202","JXLDM":"020203","JXBID":"20242-06960","SKBJ":"会计ACCA2201,财务2201","TYXMDM":null,"KCH":"10175121075"},{"KKDWDM":"007","XS":32,"BYBZ":"0","JSJC":5,"XXXQDM":"02","KXH":"03","KSJC":3,"XKZRS":73,"SKZC":"111111110000000000000000","SKJS":"武冬梅","ISTK":0,"ZCMC":"1-8周","YPSJDD":"9周 星期二 第3节-第4节 南湖南-博学西楼-202,1-8周 星期二 第3节-第5节 南湖南-博学西楼-202","XF":2,"SKXQ":2,"XNXQDM":"2024-2025-2","KCM":"汽车电子与测试3","JASDM":"0202030202","JXLDM":"020203","JXBID":"20242-10965","SKBJ":"车辆gj2203-04","TYXMDM":null,"KCH":"10075121003"},{"KKDWDM":"022","XS":24,"BYBZ":"0","JSJC":13,"XXXQDM":"02","KXH":"01","KSJC":11,"XKZRS":21,"SKZC":"111111110000000000000000","SKJS":"高筱卉","ISTK":0,"ZCMC":"1-8周","YPSJDD":"1-8周 星期二 第11节-第13节 南湖南-博学西楼-202","XF":1,"SKXQ":2,"XNXQDM":"2024-2025-2","KCM":"中外名校与名人(GX)","JASDM":"0202030202","JXLDM":"020203","JXBID":"20242-08550","SKBJ":"公选-08550","TYXMDM":null,"KCH":"10222121285"},{"KKDWDM":"022","XS":32,"BYBZ":"0","JSJC":2,"XXXQDM":"02","KXH":"01","KSJC":1,"XKZRS":50,"SKZC":"11111111000000000000","SKJS":"刘锦宏","ISTK":0,"ZCMC":"1-8周","YPSJDD":"1-8周 星期三 第1节-第2节 南湖南-博学西楼-202","XF":2,"SKXQ":3,"XNXQDM":"2024-2025-2","KCM":"受众分析","JASDM":"0202030202","JXLDM":"020203","JXBID":"20242-03437","SKBJ":"新媒体2201-02","TYXMDM":null,"KCH":"10225121022"},{"KKDWDM":"017","XS":32,"BYBZ":"0","JSJC":8,"XXXQDM":"02","KXH":"01","KSJC":6,"XKZRS":77,"SKZC":"111110111010000000000000","SKJS":"李殊琦","ISTK":0,"ZCMC":"1-5周,7-9周,11周","YPSJDD":"12周 星期五 第6节-第7节 南湖南-博学西楼-202,1-5周,7-9周,11周 星期五 第6节-第8节 南湖南-博学西楼-202,9周 星期日 第6节-第8节 南湖南-博学西楼-202","XF":2,"SKXQ":5,"XNXQDM":"2024-2025-2","KCM":"财务报表分析A","JASDM":"0202030202","JXLDM":"020203","JXBID":"20242-03704","SKBJ":"金融2201-02","TYXMDM":null,"KCH":"10175113011"},{"KKDWDM":"016","XS":32,"BYBZ":"0","JSJC":4,"XXXQDM":"02","KXH":"07","KSJC":3,"XKZRS":57,"SKZC":"111110000000000000000000000000","SKJS":"王志花","ISTK":0,"ZCMC":"1-5周","YPSJDD":"9周 星期日 第3节-第4节 南湖南-博学西楼-202,1-5周 星期五 第3节-第4节 南湖南-博学西楼-202,11-16周 星期五 第3节-第4节 南湖南-博学西楼-202,17周 星期三 第3节-第4节 南湖南-博学西楼-202,7-9周 星期五 第3节-第4节 南湖南-博学西楼-202","XF":2,"SKXQ":5,"XNXQDM":"2024-2025-2","KCM":"分析化学B","JASDM":"0202030202","JXLDM":"020203","JXBID":"20242-10332","SKBJ":"化生类2405-06","TYXMDM":null,"KCH":"10163112117"},{"KKDWDM":"016","XS":32,"BYBZ":"0","JSJC":4,"XXXQDM":"02","KXH":"07","KSJC":3,"XKZRS":57,"SKZC":"000000111000000000000000000000","SKJS":"王志花","ISTK":0,"ZCMC":"7-9周","YPSJDD":"9周 星期日 第3节-第4节 南湖南-博学西楼-202,1-5周 星期五 第3节-第4节 南湖南-博学西楼-202,11-16周 星期五 第3节-第4节 南湖南-博学西楼-202,17周 星期三 第3节-第4节 南湖南-博学西楼-202,7-9周 星期五 第3节-第4节 南湖南-博学西楼-202","XF":2,"SKXQ":5,"XNXQDM":"2024-2025-2","KCM":"分析化学B","JASDM":"0202030202","JXLDM":"020203","JXBID":"20242-10332","SKBJ":"化生类2405-06","TYXMDM":null,"KCH":"10163112117"},{"KKDWDM":"016","XS":32,"BYBZ":"0","JSJC":4,"XXXQDM":"02","KXH":"07","KSJC":3,"XKZRS":57,"SKZC":"000000001000000000000000000000","SKJS":"王志花","ISTK":0,"ZCMC":"9周","YPSJDD":"9周 星期日 第3节-第4节 南湖南-博学西楼-202,1-5周 星期五 第3节-第4节 南湖南-博学西楼-202,11-16周 星期五 第3节-第4节 南湖南-博学西楼-202,17周 星期三 第3节-第4节 南湖南-博学西楼-202,7-9周 星期五 第3节-第4节 南湖南-博学西楼-202","XF":2,"SKXQ":7,"XNXQDM":"2024-2025-2","KCM":"分析化学B","JASDM":"0202030202","JXLDM":"020203","JXBID":"20242-10332","SKBJ":"化生类2405-06","TYXMDM":null,"KCH":"10163112117"},{"KKDWDM":"017","XS":32,"BYBZ":"0","JSJC":8,"XXXQDM":"02","KXH":"01","KSJC":6,"XKZRS":77,"SKZC":"000000001000000000000000","SKJS":"李殊琦","ISTK":0,"ZCMC":"9周","YPSJDD":"12周 星期五 第6节-第7节 南湖南-博学西楼-202,1-5周,7-9周,11周 星期五 第6节-第8节 南湖南-博学西楼-202,9周 星期日 第6节-第8节 南湖南-博学西楼-202","XF":2,"SKXQ":7,"XNXQDM":"2024-2025-2","KCM":"财务报表分析A","JASDM":"0202030202","JXLDM":"020203","JXBID":"20242-03704","SKBJ":"金融2201-02","TYXMDM":null,"KCH":"10175113011"},{"KKDWDM":"007","XS":32,"BYBZ":"0","JSJC":4,"XXXQDM":"02","KXH":"03","KSJC":3,"XKZRS":73,"SKZC":"000000001000000000000000","SKJS":"武冬梅","ISTK":0,"ZCMC":"9周","YPSJDD":"9周 星期二 第3节-第4节 南湖南-博学西楼-202,1-8周 星期二 第3节-第5节 南湖南-博学西楼-202","XF":2,"SKXQ":2,"XNXQDM":"2024-2025-2","KCM":"汽车电子与测试3","JASDM":"0202030202","JXLDM":"020203","JXBID":"20242-10965","SKBJ":"车辆gj2203-04","TYXMDM":null,"KCH":"10075121003"},{"KKDWDM":"016","XS":32,"BYBZ":"0","JSJC":4,"XXXQDM":"02","KXH":"07","KSJC":3,"XKZRS":57,"SKZC":"000000000011111100000000000000","SKJS":"王志花","ISTK":0,"ZCMC":"11-16周","YPSJDD":"9周 星期日 第3节-第4节 南湖南-博学西楼-202,1-5周 星期五 第3节-第4节 南湖南-博学西楼-202,11-16周 星期五 第3节-第4节 南湖南-博学西楼-202,17周 星期三 第3节-第4节 南湖南-博学西楼-202,7-9周 星期五 第3节-第4节 南湖南-博学西楼-202","XF":2,"SKXQ":5,"XNXQDM":"2024-2025-2","KCM":"分析化学B","JASDM":"0202030202","JXLDM":"020203","JXBID":"20242-10332","SKBJ":"化生类2405-06","TYXMDM":null,"KCH":"10163112117"},{"KKDWDM":"022","XS":32,"BYBZ":"0","JSJC":4,"XXXQDM":"02","KXH":"01","KSJC":3,"XKZRS":59,"SKZC":"000000000010000000000000","SKJS":"陶玲","ISTK":0,"ZCMC":"11周","YPSJDD":"11周 星期三 第3节-第4节 南湖南-博学西楼-202,1-10周 星期三 第3节-第5节 南湖南-博学西楼-202","XF":2,"SKXQ":3,"XNXQDM":"2024-2025-2","KCM":"现代汉语2","JASDM":"0202030202","JXLDM":"020203","JXBID":"20242-06404","SKBJ":"新闻类2404-05","TYXMDM":null,"KCH":"10224121080"},{"KKDWDM":"008","XS":48,"BYBZ":"0","JSJC":5,"XXXQDM":"02","KXH":"01","KSJC":3,"XKZRS":69,"SKZC":"000000000001110000000000000000","SKJS":"丁国平","ISTK":0,"ZCMC":"12-14周","YPSJDD":"12-14周 星期一 第3节-第5节 南湖南-博学西楼-202,1-10周 星期一 第3节-第5节 南湖南-博学西楼-202,17周 星期二 第3节-第5节 南湖南-博学西楼-202,16-17周 星期一 第3节-第5节 南湖南-博学西楼-202","XF":3,"SKXQ":1,"XNXQDM":"2024-2025-2","KCM":"工程心理学","JASDM":"0202030202","JXLDM":"020203","JXBID":"20242-02184","SKBJ":"工业gc2201-02","TYXMDM":null,"KCH":"10085121021"},{"KKDWDM":"008","XS":32,"BYBZ":"0","JSJC":12,"XXXQDM":"02","KXH":"01","KSJC":11,"XKZRS":58,"SKZC":"000000000001110000000000000000","SKJS":"郭顺生","ISTK":0,"ZCMC":"12-14周","YPSJDD":"16周 星期一 第11节-第12节 南湖南-博学西楼-202,12-14周 星期一 第11节-第12节 南湖南-博学西楼-202,1-10周 星期一 第11节-第12节 南湖南-博学西楼-202","XF":2,"SKXQ":1,"XNXQDM":"2024-2025-2","KCM":"制造企业数字化智能化设计制造与管理技术与应用(JD)","JASDM":"0202030202","JXLDM":"020203","JXBID":"20242-07547","SKBJ":"公选-07547","TYXMDM":null,"KCH":"10086121179"},{"KKDWDM":"071","XS":32,"BYBZ":"0","JSJC":7,"XXXQDM":"02","KXH":"02","KSJC":6,"XKZRS":56,"SKZC":"000000000001000000000000","SKJS":"贺素香","ISTK":0,"ZCMC":"12周","YPSJDD":"12周 星期一 第6节-第7节 南湖南-博学西楼-202,1-10周 星期一 第6节-第8节 南湖南-博学西楼-202","XF":2,"SKXQ":1,"XNXQDM":"2024-2025-2","KCM":"最优化理论与方法","JASDM":"0202030202","JXLDM":"020203","JXBID":"20242-03823","SKBJ":"人工智能2201-02,大数据2301-02","TYXMDM":null,"KCH":"10155121035"},{"KKDWDM":"017","XS":32,"BYBZ":"0","JSJC":7,"XXXQDM":"02","KXH":"01","KSJC":6,"XKZRS":77,"SKZC":"000000000001000000000000","SKJS":"李殊琦","ISTK":0,"ZCMC":"12周","YPSJDD":"12周 星期五 第6节-第7节 南湖南-博学西楼-202,1-5周,7-9周,11周 星期五 第6节-第8节 南湖南-博学西楼-202,9周 星期日 第6节-第8节 南湖南-博学西楼-202","XF":2,"SKXQ":5,"XNXQDM":"2024-2025-2","KCM":"财务报表分析A","JASDM":"0202030202","JXLDM":"020203","JXBID":"20242-03704","SKBJ":"金融2201-02","TYXMDM":null,"KCH":"10175113011"},{"KKDWDM":"017","XS":40,"BYBZ":"0","JSJC":7,"XXXQDM":"02","KXH":"03","KSJC":6,"XKZRS":69,"SKZC":"000000000000110000000000","SKJS":"朱新艳","ISTK":0,"ZCMC":"13-14周","YPSJDD":"13-14周 星期三 第6节-第7节 南湖南-博学西楼-202,1-12周 星期三 第6节-第8节 南湖南-博学西楼-202","XF":2,"SKXQ":3,"XNXQDM":"2024-2025-2","KCM":"管理心理与行为B","JASDM":"0202030202","JXLDM":"020203","JXBID":"20242-04435","SKBJ":"财务2301-02","TYXMDM":null,"KCH":"10174121117"},{"KKDWDM":"008","XS":48,"BYBZ":"0","JSJC":5,"XXXQDM":"02","KXH":"01","KSJC":3,"XKZRS":69,"SKZC":"000000000000000110000000000000","SKJS":"丁国平","ISTK":0,"ZCMC":"16-17周","YPSJDD":"12-14周 星期一 第3节-第5节 南湖南-博学西楼-202,1-10周 星期一 第3节-第5节 南湖南-博学西楼-202,17周 星期二 第3节-第5节 南湖南-博学西楼-202,16-17周 星期一 第3节-第5节 南湖南-博学西楼-202","XF":3,"SKXQ":1,"XNXQDM":"2024-2025-2","KCM":"工程心理学","JASDM":"0202030202","JXLDM":"020203","JXBID":"20242-02184","SKBJ":"工业gc2201-02","TYXMDM":null,"KCH":"10085121021"},{"KKDWDM":"008","XS":32,"BYBZ":"0","JSJC":12,"XXXQDM":"02","KXH":"01","KSJC":11,"XKZRS":58,"SKZC":"000000000000000100000000000000","SKJS":"郭顺生","ISTK":0,"ZCMC":"16周","YPSJDD":"16周 星期一 第11节-第12节 南湖南-博学西楼-202,12-14周 星期一 第11节-第12节 南湖南-博学西楼-202,1-10周 星期一 第11节-第12节 南湖南-博学西楼-202","XF":2,"SKXQ":1,"XNXQDM":"2024-2025-2","KCM":"制造企业数字化智能化设计制造与管理技术与应用(JD)","JASDM":"0202030202","JXLDM":"020203","JXBID":"20242-07547","SKBJ":"公选-07547","TYXMDM":null,"KCH":"10086121179"},{"KKDWDM":"008","XS":48,"BYBZ":"0","JSJC":5,"XXXQDM":"02","KXH":"01","KSJC":3,"XKZRS":69,"SKZC":"000000000000000010000000000000","SKJS":"丁国平","ISTK":0,"ZCMC":"17周","YPSJDD":"12-14周 星期一 第3节-第5节 南湖南-博学西楼-202,1-10周 星期一 第3节-第5节 南湖南-博学西楼-202,17周 星期二 第3节-第5节 南湖南-博学西楼-202,16-17周 星期一 第3节-第5节 南湖南-博学西楼-202","XF":3,"SKXQ":2,"XNXQDM":"2024-2025-2","KCM":"工程心理学","JASDM":"0202030202","JXLDM":"020203","JXBID":"20242-02184","SKBJ":"工业gc2201-02","TYXMDM":null,"KCH":"10085121021"},{"KKDWDM":"016","XS":32,"BYBZ":"0","JSJC":4,"XXXQDM":"02","KXH":"07","KSJC":3,"XKZRS":57,"SKZC":"000000000000000010000000000000","SKJS":"王志花","ISTK":0,"ZCMC":"17周","YPSJDD":"9周 星期日 第3节-第4节 南湖南-博学西楼-202,1-5周 星期五 第3节-第4节 南湖南-博学西楼-202,11-16周 星期五 第3节-第4节 南湖南-博学西楼-202,17周 星期三 第3节-第4节 南湖南-博学西楼-202,7-9周 星期五 第3节-第4节 南湖南-博学西楼-202","XF":2,"SKXQ":3,"XNXQDM":"2024-2025-2","KCM":"分析化学B","JASDM":"0202030202","JXLDM":"020203","JXBID":"20242-10332","SKBJ":"化生类2405-06","TYXMDM":null,"KCH":"10163112117"}]}},"code":"0"}