{"datas":{"jaskcb":{"extParams":{"code":1,"msg":"查询成功"},"pageSize":0,"pageNumber":0,"totalSize":-1,"rows":[{"KKDWDM":"009","XS":64,"BYBZ":"0","JSJC":2,"XXXQDM":"02","KXH":"01","KSJC":1,"XKZRS":61,"SKZC":"111111111111111100000000000000","SKJS":"康鑫,文远高","ISTK":0,"ZCMC":"1-16周","YPSJDD":"12-14周 星期一 第3节-第4节 南湖南-博学西楼-312,1-16周 星期三 第1节-第2节 南湖南-博学西楼-312,16-17周 星期一 第3节-第4节 南湖南-博学西楼-312,17周 星期二 第3节-第4节 南湖南-博学西楼-312,1-10周 星期一 第3节-第4节 南湖南-博学西楼-312","XF":4,"SKXQ":3,"XNXQDM":"2024-2025-2","KCM":"工程流体力学A","JASDM":"0202030312","JXLDM":"020203","JXBID":"20242-05220","SKBJ":"建环2301-02","TYXMDM":null,"KCH":"10094117078"},{"KKDWDM":"016","XS":48,"BYBZ":"0","JSJC":5,"XXXQDM":"02","KXH":"01","KSJC":3,"XKZRS":75,"SKZC":"111111111111111100000000","SKJS":"陈峰","ISTK":0,"ZCMC":"1-16周","YPSJDD":"1-16周 星期二 第3节-第5节 南湖南-博学西楼-312","XF":3,"SKXQ":2,"XNXQDM":"2024-2025-2","KCM":"结构化学","JASDM":"0202030312","JXLDM":"020203","JXBID":"20242-04546","SKBJ":"应化2301-03","TYXMDM":null,"KCH":"10164121033"},{"KKDWDM":"008","XS":64,"BYBZ":"0","JSJC":4,"XXXQDM":"02","KXH":"01","KSJC":3,"XKZRS":73,"SKZC":"111111111111110000000000000000","SKJS":"李玉峰,陈霞","ISTK":0,"ZCMC":"1-14周","YPSJDD":"1-14周 星期三 第3节-第4节 南湖南-博学西楼-312,7-9周 星期五 第1节-第2节 南湖南-博学西楼-312,1-5周 星期五 第1节-第2节 南湖南-博学西楼-312,11-15周 星期五 第1节-第2节 南湖南-博学西楼-312,9周 星期日 第1节-第2节 南湖南-博学西楼-312","XF":4,"SKXQ":3,"XNXQDM":"2024-2025-2","KCM":"精密机械设计B","JASDM":"0202030312","JXLDM":"020203","JXBID":"20242-04315","SKBJ":"测控2303,测控zy2301","TYXMDM":null,"KCH":"10084113011"},{"KKDWDM":"009","XS":64,"BYBZ":"0","JSJC":4,"XXXQDM":"02","KXH":"01","KSJC":3,"XKZRS":61,"SKZC":"111111111100000000000000000000","SKJS":"康鑫,文远高","ISTK":0,"ZCMC":"1-10周","YPSJDD":"12-14周 星期一 第3节-第4节 南湖南-博学西楼-312,1-16周 星期三 第1节-第2节 南湖南-博学西楼-312,16-17周 星期一 第3节-第4节 南湖南-博学西楼-312,17周 星期二 第3节-第4节 南湖南-博学西楼-312,1-10周 星期一 第3节-第4节 南湖南-博学西楼-312","XF":4,"SKXQ":1,"XNXQDM":"2024-2025-2","KCM":"工程流体力学A","JASDM":"0202030312","JXLDM":"020203","JXBID":"20242-05220","SKBJ":"建环2301-02","TYXMDM":null,"KCH":"10094117078"},{"KKDWDM":"003","XS":32,"BYBZ":"0","JSJC":8,"XXXQDM":"02","KXH":"07","KSJC":6,"XKZRS":72,"SKZC":"111111111100000000000000000000","SKJS":"梅启林,陈伟","ISTK":0,"ZCMC":"1-10周","YPSJDD":"1-10周 星期二 第6节-第8节 南湖南-博学西楼-312,11周 星期二 第6节-第7节 南湖南-博学西楼-312","XF":2,"SKXQ":2,"XNXQDM":"2024-2025-2","KCM":"材料概论","JASDM":"0202030312","JXLDM":"020203","JXBID":"20242-11416","SKBJ":"材料类2407-08","TYXMDM":null,"KCH":"10105111044"},{"KKDWDM":"008","XS":40,"BYBZ":"0","JSJC":8,"XXXQDM":"02","KXH":"01","KSJC":6,"XKZRS":81,"SKZC":"111111111100000000000000000000","SKJS":"史晓亮","ISTK":0,"ZCMC":"1-10周","YPSJDD":"12-13周 星期一 第6节-第8节 南湖南-博学西楼-312,1-10周 星期一 第6节-第8节 南湖南-博学西楼-312","XF":2,"SKXQ":1,"XNXQDM":"2024-2025-2","KCM":"工程材料A","JASDM":"0202030312","JXLDM":"020203","JXBID":"20242-09712","SKBJ":"机电类2415-16","TYXMDM":null,"KCH":"10115111001"},{"KKDWDM":"017","XS":32,"BYBZ":"0","JSJC":8,"XXXQDM":"02","KXH":"01","KSJC":6,"XKZRS":60,"SKZC":"111111111100000000000000","SKJS":"张光磊","ISTK":0,"ZCMC":"1-10周","YPSJDD":"11周 星期三 第6节-第7节 南湖南-博学西楼-312,1-10周 星期三 第6节-第8节 南湖南-博学西楼-312","XF":2,"SKXQ":3,"XNXQDM":"2024-2025-2","KCM":"薪酬管理A","JASDM":"0202030312","JXLDM":"020203","JXBID":"20242-02504","SKBJ":"人力2201-02","TYXMDM":null,"KCH":"10204111003"},{"KKDWDM":"018","XS":16,"BYBZ":"0","JSJC":2,"XXXQDM":"02","KXH":"01","KSJC":1,"XKZRS":71,"SKZC":"11111111","SKJS":"别朝霞,吕娜,李郁,覃一冬","ISTK":0,"ZCMC":"1-8周","YPSJDD":"1-8周 星期二 第1节-第2节 南湖南-博学西楼-312","XF":1,"SKXQ":2,"XNXQDM":"2024-2025-2","KCM":"当代中国经济专题","JASDM":"0202030312","JXLDM":"020203","JXBID":"20242-03721","SKBJ":"经 济2201-02,经济cy2201","TYXMDM":null,"KCH":"10185117025"},{"KKDWDM":"017","XS":24,"BYBZ":"0","JSJC":5,"XXXQDM":"02","KXH":"01","KSJC":3,"XKZRS":61,"SKZC":"11111111","SKJS":"徐慧娟","ISTK":0,"ZCMC":"1-8周","YPSJDD":"1-8周 星期四 第3节-第5节 南湖南-博学西楼-312","XF":1,"SKXQ":4,"XNXQDM":"2024-2025-2","KCM":"员工关系管理B","JASDM":"0202030312","JXLDM":"020203","JXBID":"20242-03714","SKBJ":"人力2201-02","TYXMDM":null,"KCH":"10174117113"},{"KKDWDM":"008","XS":64,"BYBZ":"0","JSJC":2,"XXXQDM":"02","KXH":"01","KSJC":1,"XKZRS":73,"SKZC":"111110000000000000000000000000","SKJS":"李玉峰,陈霞","ISTK":0,"ZCMC":"1-5周","YPSJDD":"1-14周 星期三 第3节-第4节 南湖南-博学西楼-312,7-9周 星期五 第1节-第2节 南湖南-博学西楼-312,1-5周 星期五 第1节-第2节 南湖南-博学西楼-312,11-15周 星期五 第1节-第2节 南湖南-博学西楼-312,9周 星期日 第1节-第2节 南湖南-博学西楼-312","XF":4,"SKXQ":5,"XNXQDM":"2024-2025-2","KCM":"精密机械设计B","JASDM":"0202030312","JXLDM":"020203","JXBID":"20242-04315","SKBJ":"测控2303,测控zy2301","TYXMDM":null,"KCH":"10084113011"},{"KKDWDM":"023","XS":48,"BYBZ":"0","JSJC":4,"XXXQDM":"02","KXH":"02","KSJC":3,"XKZRS":86,"SKZC":"111110000000000000000000000000","SKJS":"李诗轩","ISTK":0,"ZCMC":"1-5周","YPSJDD":"1-5周 星期五 第3节-第4节 南湖南-博学西楼-312,7-9周 星期五 第3节-第4节 南湖南-博学西楼-312,9周 星期日 第3节-第4节 南湖南-博学西楼-312,11-16周 星期五 第3节-第4节 南湖南-博学西楼-312,17周 星期三 第3节-第4节 南湖南-博学西楼-312","XF":3,"SKXQ":5,"XNXQDM":"2024-2025-2","KCM":"数据库原理与应用","JASDM":"0202030312","JXLDM":"020203","JXBID":"20242-05919","SKBJ":"数管2301-03","TYXMDM":null,"KCH":"10234121070"},{"KKDWDM":"008","XS":64,"BYBZ":"0","JSJC":2,"XXXQDM":"02","KXH":"01","KSJC":1,"XKZRS":73,"SKZC":"000000111000000000000000000000","SKJS":"李玉峰,陈霞","ISTK":0,"ZCMC":"7-9周","YPSJDD":"1-14周 星期三 第3节-第4节 南湖南-博学西楼-312,7-9周 星期五 第1节-第2节 南湖南-博学西楼-312,1-5周 星期五 第1节-第2节 南湖南-博学西楼-312,11-15周 星期五 第1节-第2节 南湖南-博学西楼-312,9周 星期日 第1节-第2节 南湖南-博学西楼-312","XF":4,"SKXQ":5,"XNXQDM":"2024-2025-2","KCM":"精密机械设计B","JASDM":"0202030312","JXLDM":"020203","JXBID":"20242-04315","SKBJ":"测控2303,测控zy2301","TYXMDM":null,"KCH":"10084113011"},{"KKDWDM":"023","XS":48,"BYBZ":"0","JSJC":4,"XXXQDM":"02","KXH":"02","KSJC":3,"XKZRS":86,"SKZC":"000000111000000000000000000000","SKJS":"李诗轩","ISTK":0,"ZCMC":"7-9周","YPSJDD":"1-5周 星期五 第3节-第4节 南湖南-博学西楼-312,7-9周 星期五 第3节-第4节 南湖南-博学西楼-312,9周 星期日 第3节-第4节 南湖南-博学西楼-312,11-16周 星期五 第3节-第4节 南湖南-博学西楼-312,17周 星期三 第3节-第4节 南湖南-博学西楼-312","XF":3,"SKXQ":5,"XNXQDM":"2024-2025-2","KCM":"数据库原理与应用","JASDM":"0202030312","JXLDM":"020203","JXBID":"20242-05919","SKBJ":"数管2301-03","TYXMDM":null,"KCH":"10234121070"},{"KKDWDM":"017","XS":32,"BYBZ":"0","JSJC":2,"XXXQDM":"02","KXH":"01","KSJC":1,"XKZRS":32,"SKZC":"000000001111111100000000000000","SKJS":"孙习祥","ISTK":0,"ZCMC":"9-16周","YPSJDD":"11-17周 星期四 第3节-第4节 南湖南-博学西楼-312,9-16周 星期二 第1节-第2节 南湖南-博学西楼-312,9周 星期四 第3节-第4节 南湖南-博学西楼-312","XF":2,"SKXQ":2,"XNXQDM":"2024-2025-2","KCM":"营销创新","JASDM":"0202030312","JXLDM":"020203","JXBID":"20242-02305","SKBJ":"营销2201-02","TYXMDM":null,"KCH":"10175121011"},{"KKDWDM":"023","XS":48,"BYBZ":"0","JSJC":4,"XXXQDM":"02","KXH":"02","KSJC":3,"XKZRS":86,"SKZC":"000000001000000000000000000000","SKJS":"李诗轩","ISTK":0,"ZCMC":"9周","YPSJDD":"1-5周 星期五 第3节-第4节 南湖南-博学西楼-312,7-9周 星期五 第3节-第4节 南湖南-博学西楼-312,9周 星期日 第3节-第4节 南湖南-博学西楼-312,11-16周 星期五 第3节-第4节 南湖南-博学西楼-312,17周 星期三 第3节-第4节 南湖南-博学西楼-312","XF":3,"SKXQ":7,"XNXQDM":"2024-2025-2","KCM":"数据库原理与应用","JASDM":"0202030312","JXLDM":"020203","JXBID":"20242-05919","SKBJ":"数管2301-03","TYXMDM":null,"KCH":"10234121070"},{"KKDWDM":"017","XS":32,"BYBZ":"0","JSJC":4,"XXXQDM":"02","KXH":"01","KSJC":3,"XKZRS":32,"SKZC":"000000001000000000000000000000","SKJS":"孙习祥","ISTK":0,"ZCMC":"9周","YPSJDD":"11-17周 星期四 第3节-第4节 南湖南-博学西楼-312,9-16周 星期二 第1节-第2节 南湖南-博学西楼-312,9周 星期四 第3节-第4节 南湖南-博学西楼-312","XF":2,"SKXQ":4,"XNXQDM":"2024-2025-2","KCM":"营销创新","JASDM":"0202030312","JXLDM":"020203","JXBID":"20242-02305","SKBJ":"营销2201-02","TYXMDM":null,"KCH":"10175121011"},{"KKDWDM":"008","XS":64,"BYBZ":"0","JSJC":2,"XXXQDM":"02","KXH":"01","KSJC":1,"XKZRS":73,"SKZC":"000000001000000000000000000000","SKJS":"李玉峰,陈霞","ISTK":0,"ZCMC":"9周","YPSJDD":"1-14周 星期三 第3节-第4节 南湖南-博学西楼-312,7-9周 星期五 第1节-第2节 南湖南-博学西楼-312,1-5周 星期五 第1节-第2节 南湖南-博学西楼-312,11-15周 星期五 第1节-第2节 南湖南-博学西楼-312,9周 星期日 第1节-第2节 南湖南-博学西楼-312","XF":4,"SKXQ":7,"XNXQDM":"2024-2025-2","KCM":"精密机械设计B","JASDM":"0202030312","JXLDM":"020203","JXBID":"20242-04315","SKBJ":"测控2303,测控zy2301","TYXMDM":null,"KCH":"10084113011"},{"KKDWDM":"017","XS":32,"BYBZ":"0","JSJC":4,"XXXQDM":"02","KXH":"01","KSJC":3,"XKZRS":32,"SKZC":"000000000011111110000000000000","SKJS":"孙习祥","ISTK":0,"ZCMC":"11-17周","YPSJDD":"11-17周 星期四 第3节-第4节 南湖南-博学西楼-312,9-16周 星期二 第1节-第2节 南湖南-博学西楼-312,9周 星期四 第3节-第4节 南湖南-博学西楼-312","XF":2,"SKXQ":4,"XNXQDM":"2024-2025-2","KCM":"营销创新","JASDM":"0202030312","JXLDM":"020203","JXBID":"20242-02305","SKBJ":"营销2201-02","TYXMDM":null,"KCH":"10175121011"},{"KKDWDM":"023","XS":48,"BYBZ":"0","JSJC":4,"XXXQDM":"02","KXH":"02","KSJC":3,"XKZRS":86,"SKZC":"000000000011111100000000000000","SKJS":"李诗轩","ISTK":0,"ZCMC":"11-16周","YPSJDD":"1-5周 星期五 第3节-第4节 南湖南-博学西楼-312,7-9周 星期五 第3节-第4节 南湖南-博学西楼-312,9周 星期日 第3节-第4节 南湖南-博学西楼-312,11-16周 星期五 第3节-第4节 南湖南-博学西楼-312,17周 星期三 第3节-第4节 南湖南-博学西楼-312","XF":3,"SKXQ":5,"XNXQDM":"2024-2025-2","KCM":"数据库原理与应用","JASDM":"0202030312","JXLDM":"020203","JXBID":"20242-05919","SKBJ":"数管2301-03","TYXMDM":null,"KCH":"10234121070"},{"KKDWDM":"008","XS":64,"BYBZ":"0","JSJC":2,"XXXQDM":"02","KXH":"01","KSJC":1,"XKZRS":73,"SKZC":"000000000011111000000000000000","SKJS":"李玉峰,陈霞","ISTK":0,"ZCMC":"11-15周","YPSJDD":"1-14周 星期三 第3节-第4节 南湖南-博学西楼-312,7-9周 星期五 第1节-第2节 南湖南-博学西楼-312,1-5周 星期五 第1节-第2节 南湖南-博学西楼-312,11-15周 星期五 第1节-第2节 南湖南-博学西楼-312,9周 星期日 第1节-第2节 南湖南-博学西楼-312","XF":4,"SKXQ":5,"XNXQDM":"2024-2025-2","KCM":"精密机械设计B","JASDM":"0202030312","JXLDM":"020203","JXBID":"20242-04315","SKBJ":"测控2303,测控zy2301","TYXMDM":null,"KCH":"10084113011"},{"KKDWDM":"003","XS":32,"BYBZ":"0","JSJC":7,"XXXQDM":"02","KXH":"07","KSJC":6,"XKZRS":72,"SKZC":"000000000010000000000000000000","SKJS":"梅启林,陈伟","ISTK":0,"ZCMC":"11周","YPSJDD":"1-10周 星期二 第6节-第8节 南湖南-博学西楼-312,11周 星期二 第6节-第7节 南湖南-博学西楼-312","XF":2,"SKXQ":2,"XNXQDM":"2024-2025-2","KCM":"材料概论","JASDM":"0202030312","JXLDM":"020203","JXBID":"20242-11416","SKBJ":"材料类2407-08","TYXMDM":null,"KCH":"10105111044"},{"KKDWDM":"017","XS":32,"BYBZ":"0","JSJC":7,"XXXQDM":"02","KXH":"01","KSJC":6,"XKZRS":60,"SKZC":"000000000010000000000000","SKJS":"张光磊","ISTK":0,"ZCMC":"11周","YPSJDD":"11周 星期三 第6节-第7节 南湖南-博学西楼-312,1-10周 星期三 第6节-第8节 南湖南-博学西楼-312","XF":2,"SKXQ":3,"XNXQDM":"2024-2025-2","KCM":"薪酬管理A","JASDM":"0202030312","JXLDM":"020203","JXBID":"20242-02504","SKBJ":"人力2201-02","TYXMDM":null,"KCH":"10204111003"},{"KKDWDM":"009","XS":64,"BYBZ":"0","JSJC":4,"XXXQDM":"02","KXH":"01","KSJC":3,"XKZRS":61,"SKZC":"000000000001110000000000000000","SKJS":"康鑫,文远高","ISTK":0,"ZCMC":"12-14周","YPSJDD":"12-14周 星期一 第3节-第4节 南湖南-博学西楼-312,1-16周 星期三 第1节-第2节 南湖南-博学西楼-312,16-17周 星期一 第3节-第4节 南湖南-博学西楼-312,17周 星期二 第3节-第4节 南湖南-博学西楼-312,1-10周 星期一 第3节-第4节 南湖南-博学西楼-312","XF":4,"SKXQ":1,"XNXQDM":"2024-2025-2","KCM":"工程流体力学A","JASDM":"0202030312","JXLDM":"020203","JXBID":"20242-05220","SKBJ":"建环2301-02","TYXMDM":null,"KCH":"10094117078"},{"KKDWDM":"008","XS":40,"BYBZ":"0","JSJC":8,"XXXQDM":"02","KXH":"01","KSJC":6,"XKZRS":81,"SKZC":"000000000001100000000000000000","SKJS":"史晓亮","ISTK":0,"ZCMC":"12-13周","YPSJDD":"12-13周 星期一 第6节-第8节 南湖南-博学西楼-312,1-10周 星期一 第6节-第8节 南湖南-博学西楼-312","XF":2,"SKXQ":1,"XNXQDM":"2024-2025-2","KCM":"工程材料A","JASDM":"0202030312","JXLDM":"020203","JXBID":"20242-09712","SKBJ":"机电类2415-16","TYXMDM":null,"KCH":"10115111001"},{"KKDWDM":"009","XS":64,"BYBZ":"0","JSJC":4,"XXXQDM":"02","KXH":"01","KSJC":3,"XKZRS":61,"SKZC":"000000000000000110000000000000","SKJS":"康鑫,文远高","ISTK":0,"ZCMC":"16-17周","YPSJDD":"12-14周 星期一 第3节-第4节 南湖南-博学西楼-312,1-16周 星期三 第1节-第2节 南湖南-博学西楼-312,16-17周 星期一 第3节-第4节 南湖南-博学西楼-312,17周 星期二 第3节-第4节 南湖南-博学西楼-312,1-10周 星期一 第3节-第4节 南湖南-博学西楼-312","XF":4,"SKXQ":1,"XNXQDM":"2024-2025-2","KCM":"工程流体力学A","JASDM":"0202030312","JXLDM":"020203","JXBID":"20242-05220","SKBJ":"建环2301-02","TYXMDM":null,"KCH":"10094117078"},{"KKDWDM":"009","XS":64,"BYBZ":"0","JSJC":4,"XXXQDM":"02","KXH":"01","KSJC":3,"XKZRS":61,"SKZC":"000000000000000010000000000000","SKJS":"康鑫,文远高","ISTK":0,"ZCMC":"17周","YPSJDD":"12-14周 星期一 第3节-第4节 南湖南-博学西楼-312,1-16周 星期三 第1节-第2节 南湖南-博学西楼-312,16-17周 星期一 第3节-第4节 南湖南-博学西楼-312,17周 星期二 第3节-第4节 南湖南-博学西楼-312,1-10周 星期一 第3节-第4节 南湖南-博学西楼-312","XF":4,"SKXQ":2,"XNXQDM":"2024-2025-2","KCM":"工程流体力学A","JASDM":"0202030312","JXLDM":"020203","JXBID":"20242-05220","SKBJ":"建环2301-02","TYXMDM":null,"KCH":"10094117078"},{"KKDWDM":"023","XS":48,"BYBZ":"0","JSJC":4,"XXXQDM":"02","KXH":"02","KSJC":3,"XKZRS":86,"SKZC":"000000000000000010000000000000","SKJS":"李诗轩","ISTK":0,"ZCMC":"17周","YPSJDD":"1-5周 星期五 第3节-第4节 南湖南-博学西楼-312,7-9周 星期五 第3节-第4节 南湖南-博学西楼-312,9周 星期日 第3节-第4节 南湖南-博学西楼-312,11-16周 星期五 第3节-第4节 南湖南-博学西楼-312,17周 星期三 第3节-第4节 南湖南-博学西楼-312","XF":3,"SKXQ":3,"XNXQDM":"2024-2025-2","KCM":"数据库原理与应用","JASDM":"0202030312","JXLDM":"020203","JXBID":"20242-05919","SKBJ":"数管2301-03","TYXMDM":null,"KCH":"10234121070"}]}},"code":"0"}