{"datas":{"jaskcb":{"extParams":{"code":1,"msg":"查询成功"},"pageSize":0,"pageNumber":0,"totalSize":-1,"rows":[{"KKDWDM":"012","XS":32,"BYBZ":"0","JSJC":4,"XXXQDM":"02","KXH":"05","KSJC":3,"XKZRS":69,"SKZC":"11111111111111110000","SKJS":"吕曦","ISTK":0,"ZCMC":"1-16周","YPSJDD":"1-16周 星期二 第3节-第4节 南湖南-博学西楼-209","XF":2,"SKXQ":2,"XNXQDM":"2024-2025-2","KCM":"Python程序设计基础A","JASDM":"0202030209","JXLDM":"020203","JXBID":"20242-06236","SKBJ":"金融kj2401,金融sy2401","TYXMDM":null,"KCH":"10121121086"},{"KKDWDM":"008","XS":48,"BYBZ":"0","JSJC":8,"XXXQDM":"02","KXH":"01","KSJC":6,"XKZRS":75,"SKZC":"1111111111111111","SKJS":"洪流","ISTK":0,"ZCMC":"1-16周","YPSJDD":"1-16周 星期三 第6节-第8节 南湖南-博学西楼-209","XF":3,"SKXQ":3,"XNXQDM":"2024-2025-2","KCM":"测控仪器电子技术基础2","JASDM":"0202030209","JXLDM":"020203","JXBID":"20242-05348","SKBJ":"测控2303,测控zy2301","TYXMDM":null,"KCH":"10084117059"},{"KKDWDM":"017","XS":40,"BYBZ":"0","JSJC":2,"XXXQDM":"02","KXH":"01","KSJC":1,"XKZRS":77,"SKZC":"1111111111111111","SKJS":"王新","ISTK":0,"ZCMC":"1-16周","YPSJDD":"1-16周 星期二 第1节-第2节 南湖南-博学西楼-209","XF":2,"SKXQ":2,"XNXQDM":"2024-2025-2","KCM":"管理信息系统B","JASDM":"0202030209","JXLDM":"020203","JXBID":"20242-04316","SKBJ":"财务2301-02","TYXMDM":null,"KCH":"10174121162"},{"KKDWDM":"008","XS":56,"BYBZ":"0","JSJC":7,"XXXQDM":"02","KXH":"13","KSJC":6,"XKZRS":68,"SKZC":"111111111100000000000000000000","SKJS":"江连会","ISTK":0,"ZCMC":"1-10周","YPSJDD":"12-14周 星期一 第6节-第7节 南湖南-博学西楼-209,11-13周 星期四 第1节-第2节 南湖南-博学西楼-209,1-9周 星期四 第1节-第2节 南湖南-博学西楼-209,1-10周 星期一 第6节-第7节 南湖南-博学西楼-209","XF":3,"SKXQ":1,"XNXQDM":"2024-2025-2","KCM":"机械设计基础A","JASDM":"0202030209","JXLDM":"020203","JXBID":"20242-11468","SKBJ":"成型zy2301,车辆2303","TYXMDM":null,"KCH":"10083121087"},{"KKDWDM":"017","XS":32,"BYBZ":"0","JSJC":4,"XXXQDM":"02","KXH":"05","KSJC":3,"XKZRS":66,"SKZC":"111111111000000000000000000000","SKJS":"洪荭,王怡","ISTK":0,"ZCMC":"1-9周","YPSJDD":"11-17周 星期四 第3节-第4节 南湖南-博学西楼-209,1-9周 星期四 第3节-第4节 南湖南-博学西楼-209","XF":2,"SKXQ":4,"XNXQDM":"2024-2025-2","KCM":"会计学原理","JASDM":"0202030209","JXLDM":"020203","JXBID":"20242-09773","SKBJ":"工商类2413-14","TYXMDM":null,"KCH":"10173124427"},{"KKDWDM":"008","XS":56,"BYBZ":"0","JSJC":2,"XXXQDM":"02","KXH":"13","KSJC":1,"XKZRS":68,"SKZC":"111111111000000000000000000000","SKJS":"江连会","ISTK":0,"ZCMC":"1-9周","YPSJDD":"12-14周 星期一 第6节-第7节 南湖南-博学西楼-209,11-13周 星期四 第1节-第2节 南湖南-博学西楼-209,1-9周 星期四 第1节-第2节 南湖南-博学西楼-209,1-10周 星期一 第6节-第7节 南湖南-博学西楼-209","XF":3,"SKXQ":4,"XNXQDM":"2024-2025-2","KCM":"机械设计基础A","JASDM":"0202030209","JXLDM":"020203","JXBID":"20242-11468","SKBJ":"成型zy2301,车辆2303","TYXMDM":null,"KCH":"10083121087"},{"KKDWDM":"008","XS":40,"BYBZ":"0","JSJC":5,"XXXQDM":"02","KXH":"01","KSJC":3,"XKZRS":22,"SKZC":"11111111","SKJS":"车勇","ISTK":0,"ZCMC":"1-8周","YPSJDD":"1-7周 星期三 第1节-第2节 南湖南-博学西楼-209,1-8周 星期一 第3节-第5节 南湖南-博学西楼-209","XF":2,"SKXQ":1,"XNXQDM":"2024-2025-2","KCM":"液压传动与控制B","JASDM":"0202030209","JXLDM":"020203","JXBID":"20242-02074","SKBJ":"过控2201-02","TYXMDM":null,"KCH":"10084112013"},{"KKDWDM":"008","XS":40,"BYBZ":"0","JSJC":2,"XXXQDM":"02","KXH":"01","KSJC":1,"XKZRS":22,"SKZC":"111111100000000000000000","SKJS":"车勇","ISTK":0,"ZCMC":"1-7周","YPSJDD":"1-7周 星期三 第1节-第2节 南湖南-博学西楼-209,1-8周 星期一 第3节-第5节 南湖南-博学西楼-209","XF":2,"SKXQ":3,"XNXQDM":"2024-2025-2","KCM":"液压传动与控制B","JASDM":"0202030209","JXLDM":"020203","JXBID":"20242-02074","SKBJ":"过控2201-02","TYXMDM":null,"KCH":"10084112013"},{"KKDWDM":"012","XS":40,"BYBZ":"0","JSJC":4,"XXXQDM":"02","KXH":"05","KSJC":3,"XKZRS":70,"SKZC":"111110000000000000000000000000","SKJS":"王云华","ISTK":0,"ZCMC":"1-5周","YPSJDD":"9周 星期日 第3节-第4节 南湖南-博学西楼-209,1-5周 星期五 第3节-第4节 南湖南-博学西楼-209,17周 星期三 第3节-第4节 南湖南-博学西楼-209,11-16周 星期五 第3节-第4节 南湖南-博学西楼-209,7-9周 星期五 第3节-第4节 南湖南-博学西楼-209","XF":2,"SKXQ":5,"XNXQDM":"2024-2025-2","KCM":"面向对象程序设计","JASDM":"0202030209","JXLDM":"020203","JXBID":"20242-10911","SKBJ":"计算机类2405-06","TYXMDM":null,"KCH":"10124121073"},{"KKDWDM":"009","XS":48,"BYBZ":"0","JSJC":5,"XXXQDM":"02","KXH":"02","KSJC":3,"XKZRS":40,"SKZC":"011111110000000000000000000000","SKJS":"陈志华","ISTK":0,"ZCMC":"2-8周","YPSJDD":"2-8周 星期三 第3节-第5节 南湖南-博学西楼-209,2-8周 星期一 第3节-第5节 南湖南-博学西楼-105,1周 星期三 第3节-第5节 南湖南-博学西楼-303,1周 星期一 第3节-第5节 南湖南-博学西楼-303","XF":3,"SKXQ":3,"XNXQDM":"2024-2025-2","KCM":"土木工程施工","JASDM":"0202030209","JXLDM":"020203","JXBID":"20242-10197","SKBJ":"土木zy2201","TYXMDM":null,"KCH":"10095117048"},{"KKDWDM":"009","XS":24,"BYBZ":"0","JSJC":10,"XXXQDM":"02","KXH":"01","KSJC":9,"XKZRS":55,"SKZC":"001111110000000000000000000000","SKJS":"蔡黔芬","ISTK":0,"ZCMC":"3-8周","YPSJDD":"9周 星期日 第6节-第7节 南湖南-博学西楼-209,3-5周 星期五 第6节-第7节 南湖南-博学西楼-209,7-8周 星期五 第6节-第7节 南湖南-博学西楼-209,3-8周 星期三 第9节-第10节 南湖南-博学西楼-209","XF":1,"SKXQ":3,"XNXQDM":"2024-2025-2","KCM":"项目投资与融资B","JASDM":"0202030209","JXLDM":"020203","JXBID":"20242-03366","SKBJ":"工程2201-02","TYXMDM":null,"KCH":"10174111014"},{"KKDWDM":"009","XS":24,"BYBZ":"0","JSJC":7,"XXXQDM":"02","KXH":"01","KSJC":6,"XKZRS":55,"SKZC":"001110000000000000000000000000","SKJS":"蔡黔芬","ISTK":0,"ZCMC":"3-5周","YPSJDD":"9周 星期日 第6节-第7节 南湖南-博学西楼-209,3-5周 星期五 第6节-第7节 南湖南-博学西楼-209,7-8周 星期五 第6节-第7节 南湖南-博学西楼-209,3-8周 星期三 第9节-第10节 南湖南-博学西楼-209","XF":1,"SKXQ":5,"XNXQDM":"2024-2025-2","KCM":"项目投资与融资B","JASDM":"0202030209","JXLDM":"020203","JXBID":"20242-03366","SKBJ":"工程2201-02","TYXMDM":null,"KCH":"10174111014"},{"KKDWDM":"012","XS":40,"BYBZ":"0","JSJC":4,"XXXQDM":"02","KXH":"05","KSJC":3,"XKZRS":70,"SKZC":"000000111000000000000000000000","SKJS":"王云华","ISTK":0,"ZCMC":"7-9周","YPSJDD":"9周 星期日 第3节-第4节 南湖南-博学西楼-209,1-5周 星期五 第3节-第4节 南湖南-博学西楼-209,17周 星期三 第3节-第4节 南湖南-博学西楼-209,11-16周 星期五 第3节-第4节 南湖南-博学西楼-209,7-9周 星期五 第3节-第4节 南湖南-博学西楼-209","XF":2,"SKXQ":5,"XNXQDM":"2024-2025-2","KCM":"面向对象程序设计","JASDM":"0202030209","JXLDM":"020203","JXBID":"20242-10911","SKBJ":"计算机类2405-06","TYXMDM":null,"KCH":"10124121073"},{"KKDWDM":"009","XS":24,"BYBZ":"0","JSJC":7,"XXXQDM":"02","KXH":"01","KSJC":6,"XKZRS":55,"SKZC":"000000110000000000000000000000","SKJS":"蔡黔芬","ISTK":0,"ZCMC":"7-8周","YPSJDD":"9周 星期日 第6节-第7节 南湖南-博学西楼-209,3-5周 星期五 第6节-第7节 南湖南-博学西楼-209,7-8周 星期五 第6节-第7节 南湖南-博学西楼-209,3-8周 星期三 第9节-第10节 南湖南-博学西楼-209","XF":1,"SKXQ":5,"XNXQDM":"2024-2025-2","KCM":"项目投资与融资B","JASDM":"0202030209","JXLDM":"020203","JXBID":"20242-03366","SKBJ":"工程2201-02","TYXMDM":null,"KCH":"10174111014"},{"KKDWDM":"009","XS":24,"BYBZ":"0","JSJC":5,"XXXQDM":"02","KXH":"01","KSJC":3,"XKZRS":41,"SKZC":"000000001100000000000000000000","SKJS":"黄明知","ISTK":0,"ZCMC":"9-10周","YPSJDD":"16-17周 星期一 第3节-第5节 南湖南-博学西楼-209,12-14周 星期一 第3节-第5节 南湖南-博学西楼-209,9-10周 星期一 第3节-第5节 南湖南-博学西楼-209,17周 星期二 第3节-第5节 南湖南-博学西楼-209","XF":1,"SKXQ":1,"XNXQDM":"2024-2025-2","KCM":"国际工程承包","JASDM":"0202030209","JXLDM":"020203","JXBID":"20242-03233","SKBJ":"工程2201-02","TYXMDM":null,"KCH":"10165111027"},{"KKDWDM":"012","XS":40,"BYBZ":"0","JSJC":4,"XXXQDM":"02","KXH":"05","KSJC":3,"XKZRS":70,"SKZC":"000000001000000000000000000000","SKJS":"王云华","ISTK":0,"ZCMC":"9周","YPSJDD":"9周 星期日 第3节-第4节 南湖南-博学西楼-209,1-5周 星期五 第3节-第4节 南湖南-博学西楼-209,17周 星期三 第3节-第4节 南湖南-博学西楼-209,11-16周 星期五 第3节-第4节 南湖南-博学西楼-209,7-9周 星期五 第3节-第4节 南湖南-博学西楼-209","XF":2,"SKXQ":7,"XNXQDM":"2024-2025-2","KCM":"面向对象程序设计","JASDM":"0202030209","JXLDM":"020203","JXBID":"20242-10911","SKBJ":"计算机类2405-06","TYXMDM":null,"KCH":"10124121073"},{"KKDWDM":"009","XS":24,"BYBZ":"0","JSJC":8,"XXXQDM":"02","KXH":"01","KSJC":6,"XKZRS":47,"SKZC":"000000001000000000000000000000","SKJS":"王乾坤,白硕","ISTK":0,"ZCMC":"9周","YPSJDD":"17周 星期三 第6节-第8节 南湖南-博学西楼-209,11-16周 星期五 第6节-第8节 南湖南-博学西楼-209,9周 星期五 第6节-第8节 南湖南-博学西楼-209","XF":1,"SKXQ":5,"XNXQDM":"2024-2025-2","KCM":"建设项目策划A","JASDM":"0202030209","JXLDM":"020203","JXBID":"20242-02078","SKBJ":"工程2201-02","TYXMDM":null,"KCH":"4130087110"},{"KKDWDM":"009","XS":24,"BYBZ":"0","JSJC":7,"XXXQDM":"02","KXH":"01","KSJC":6,"XKZRS":55,"SKZC":"000000001000000000000000000000","SKJS":"蔡黔芬","ISTK":0,"ZCMC":"9周","YPSJDD":"9周 星期日 第6节-第7节 南湖南-博学西楼-209,3-5周 星期五 第6节-第7节 南湖南-博学西楼-209,7-8周 星期五 第6节-第7节 南湖南-博学西楼-209,3-8周 星期三 第9节-第10节 南湖南-博学西楼-209","XF":1,"SKXQ":7,"XNXQDM":"2024-2025-2","KCM":"项目投资与融资B","JASDM":"0202030209","JXLDM":"020203","JXBID":"20242-03366","SKBJ":"工程2201-02","TYXMDM":null,"KCH":"10174111014"},{"KKDWDM":"017","XS":32,"BYBZ":"0","JSJC":4,"XXXQDM":"02","KXH":"05","KSJC":3,"XKZRS":66,"SKZC":"000000000011111110000000000000","SKJS":"洪荭,王怡","ISTK":0,"ZCMC":"11-17周","YPSJDD":"11-17周 星期四 第3节-第4节 南湖南-博学西楼-209,1-9周 星期四 第3节-第4节 南湖南-博学西楼-209","XF":2,"SKXQ":4,"XNXQDM":"2024-2025-2","KCM":"会计学原理","JASDM":"0202030209","JXLDM":"020203","JXBID":"20242-09773","SKBJ":"工商类2413-14","TYXMDM":null,"KCH":"10173124427"},{"KKDWDM":"009","XS":24,"BYBZ":"0","JSJC":8,"XXXQDM":"02","KXH":"01","KSJC":6,"XKZRS":47,"SKZC":"000000000011111100000000000000","SKJS":"王乾坤,白硕","ISTK":0,"ZCMC":"11-16周","YPSJDD":"17周 星期三 第6节-第8节 南湖南-博学西楼-209,11-16周 星期五 第6节-第8节 南湖南-博学西楼-209,9周 星期五 第6节-第8节 南湖南-博学西楼-209","XF":1,"SKXQ":5,"XNXQDM":"2024-2025-2","KCM":"建设项目策划A","JASDM":"0202030209","JXLDM":"020203","JXBID":"20242-02078","SKBJ":"工程2201-02","TYXMDM":null,"KCH":"4130087110"},{"KKDWDM":"012","XS":40,"BYBZ":"0","JSJC":4,"XXXQDM":"02","KXH":"05","KSJC":3,"XKZRS":70,"SKZC":"000000000011111100000000000000","SKJS":"王云华","ISTK":0,"ZCMC":"11-16周","YPSJDD":"9周 星期日 第3节-第4节 南湖南-博学西楼-209,1-5周 星期五 第3节-第4节 南湖南-博学西楼-209,17周 星期三 第3节-第4节 南湖南-博学西楼-209,11-16周 星期五 第3节-第4节 南湖南-博学西楼-209,7-9周 星期五 第3节-第4节 南湖南-博学西楼-209","XF":2,"SKXQ":5,"XNXQDM":"2024-2025-2","KCM":"面向对象程序设计","JASDM":"0202030209","JXLDM":"020203","JXBID":"20242-10911","SKBJ":"计算机类2405-06","TYXMDM":null,"KCH":"10124121073"},{"KKDWDM":"008","XS":56,"BYBZ":"0","JSJC":2,"XXXQDM":"02","KXH":"13","KSJC":1,"XKZRS":68,"SKZC":"000000000011100000000000000000","SKJS":"江连会","ISTK":0,"ZCMC":"11-13周","YPSJDD":"12-14周 星期一 第6节-第7节 南湖南-博学西楼-209,11-13周 星期四 第1节-第2节 南湖南-博学西楼-209,1-9周 星期四 第1节-第2节 南湖南-博学西楼-209,1-10周 星期一 第6节-第7节 南湖南-博学西楼-209","XF":3,"SKXQ":4,"XNXQDM":"2024-2025-2","KCM":"机械设计基础A","JASDM":"0202030209","JXLDM":"020203","JXBID":"20242-11468","SKBJ":"成型zy2301,车辆2303","TYXMDM":null,"KCH":"10083121087"},{"KKDWDM":"008","XS":56,"BYBZ":"0","JSJC":7,"XXXQDM":"02","KXH":"13","KSJC":6,"XKZRS":68,"SKZC":"000000000001110000000000000000","SKJS":"江连会","ISTK":0,"ZCMC":"12-14周","YPSJDD":"12-14周 星期一 第6节-第7节 南湖南-博学西楼-209,11-13周 星期四 第1节-第2节 南湖南-博学西楼-209,1-9周 星期四 第1节-第2节 南湖南-博学西楼-209,1-10周 星期一 第6节-第7节 南湖南-博学西楼-209","XF":3,"SKXQ":1,"XNXQDM":"2024-2025-2","KCM":"机械设计基础A","JASDM":"0202030209","JXLDM":"020203","JXBID":"20242-11468","SKBJ":"成型zy2301,车辆2303","TYXMDM":null,"KCH":"10083121087"},{"KKDWDM":"009","XS":24,"BYBZ":"0","JSJC":5,"XXXQDM":"02","KXH":"01","KSJC":3,"XKZRS":41,"SKZC":"000000000001110000000000000000","SKJS":"黄明知","ISTK":0,"ZCMC":"12-14周","YPSJDD":"16-17周 星期一 第3节-第5节 南湖南-博学西楼-209,12-14周 星期一 第3节-第5节 南湖南-博学西楼-209,9-10周 星期一 第3节-第5节 南湖南-博学西楼-209,17周 星期二 第3节-第5节 南湖南-博学西楼-209","XF":1,"SKXQ":1,"XNXQDM":"2024-2025-2","KCM":"国际工程承包","JASDM":"0202030209","JXLDM":"020203","JXBID":"20242-03233","SKBJ":"工程2201-02","TYXMDM":null,"KCH":"10165111027"},{"KKDWDM":"009","XS":24,"BYBZ":"0","JSJC":5,"XXXQDM":"02","KXH":"01","KSJC":3,"XKZRS":41,"SKZC":"000000000000000110000000000000","SKJS":"黄明知","ISTK":0,"ZCMC":"16-17周","YPSJDD":"16-17周 星期一 第3节-第5节 南湖南-博学西楼-209,12-14周 星期一 第3节-第5节 南湖南-博学西楼-209,9-10周 星期一 第3节-第5节 南湖南-博学西楼-209,17周 星期二 第3节-第5节 南湖南-博学西楼-209","XF":1,"SKXQ":1,"XNXQDM":"2024-2025-2","KCM":"国际工程承包","JASDM":"0202030209","JXLDM":"020203","JXBID":"20242-03233","SKBJ":"工程2201-02","TYXMDM":null,"KCH":"10165111027"},{"KKDWDM":"009","XS":24,"BYBZ":"0","JSJC":8,"XXXQDM":"02","KXH":"01","KSJC":6,"XKZRS":47,"SKZC":"000000000000000010000000000000","SKJS":"王乾坤,白硕","ISTK":0,"ZCMC":"17周","YPSJDD":"17周 星期三 第6节-第8节 南湖南-博学西楼-209,11-16周 星期五 第6节-第8节 南湖南-博学西楼-209,9周 星期五 第6节-第8节 南湖南-博学西楼-209","XF":1,"SKXQ":3,"XNXQDM":"2024-2025-2","KCM":"建设项目策划A","JASDM":"0202030209","JXLDM":"020203","JXBID":"20242-02078","SKBJ":"工程2201-02","TYXMDM":null,"KCH":"4130087110"},{"KKDWDM":"012","XS":40,"BYBZ":"0","JSJC":4,"XXXQDM":"02","KXH":"05","KSJC":3,"XKZRS":70,"SKZC":"000000000000000010000000000000","SKJS":"王云华","ISTK":0,"ZCMC":"17周","YPSJDD":"9周 星期日 第3节-第4节 南湖南-博学西楼-209,1-5周 星期五 第3节-第4节 南湖南-博学西楼-209,17周 星期三 第3节-第4节 南湖南-博学西楼-209,11-16周 星期五 第3节-第4节 南湖南-博学西楼-209,7-9周 星期五 第3节-第4节 南湖南-博学西楼-209","XF":2,"SKXQ":3,"XNXQDM":"2024-2025-2","KCM":"面向对象程序设计","JASDM":"0202030209","JXLDM":"020203","JXBID":"20242-10911","SKBJ":"计算机类2405-06","TYXMDM":null,"KCH":"10124121073"},{"KKDWDM":"009","XS":24,"BYBZ":"0","JSJC":5,"XXXQDM":"02","KXH":"01","KSJC":3,"XKZRS":41,"SKZC":"000000000000000010000000000000","SKJS":"黄明知","ISTK":0,"ZCMC":"17周","YPSJDD":"16-17周 星期一 第3节-第5节 南湖南-博学西楼-209,12-14周 星期一 第3节-第5节 南湖南-博学西楼-209,9-10周 星期一 第3节-第5节 南湖南-博学西楼-209,17周 星期二 第3节-第5节 南湖南-博学西楼-209","XF":1,"SKXQ":2,"XNXQDM":"2024-2025-2","KCM":"国际工程承包","JASDM":"0202030209","JXLDM":"020203","JXBID":"20242-03233","SKBJ":"工程2201-02","TYXMDM":null,"KCH":"10165111027"}]}},"code":"0"}