{"datas":{"jaskcb":{"extParams":{"code":1,"msg":"查询成功"},"pageSize":0,"pageNumber":0,"totalSize":-1,"rows":[{"KKDWDM":"023","XS":48,"BYBZ":"0","JSJC":5,"XXXQDM":"02","KXH":"01","KSJC":3,"XKZRS":36,"SKZC":"1111111111111111","SKJS":"周芬,张英,邹潺","ISTK":0,"ZCMC":"1-16周","YPSJDD":"1-16周 星期二 第3节-第5节 南湖南-博学北楼-407","XF":3,"SKXQ":2,"XNXQDM":"2024-2025-2","KCM":"安全系统工程B","JASDM":"0202010407","JXLDM":"020201","JXBID":"20242-05174","SKBJ":"安全2302","TYXMDM":null,"KCH":"10234121091"},{"KKDWDM":"007","XS":32,"BYBZ":"0","JSJC":2,"XXXQDM":"02","KXH":"03","KSJC":1,"XKZRS":30,"SKZC":"11111111111111","SKJS":"欧阳莉","ISTK":0,"ZCMC":"1-14周","YPSJDD":"1-14周 星期二 第1节-第2节 南湖南-博学北楼-407","XF":2,"SKXQ":2,"XNXQDM":"2024-2025-2","KCM":"工程热力学C","JASDM":"0202010407","JXLDM":"020201","JXBID":"20242-04566","SKBJ":"能源zy2301","TYXMDM":null,"KCH":"10074117118"},{"KKDWDM":"072","XS":64,"BYBZ":"0","JSJC":4,"XXXQDM":"02","KXH":"04","KSJC":3,"XKZRS":31,"SKZC":"111111111101110110000000","SKJS":"邹建华","ISTK":0,"ZCMC":"1-10周,12-14周,16-17周","YPSJDD":"1-9周,11-16周 星期四 第1节-第2节 南湖南-博学北楼-109,1-10周,12-14周,16-17周 星期一 第3节-第4节 南湖南-博学北楼-407","XF":4,"SKXQ":1,"XNXQDM":"2024-2025-2","KCM":"材料力学C","JASDM":"0202010407","JXLDM":"020201","JXBID":"20242-04527","SKBJ":"车辆gcgj2301","TYXMDM":null,"KCH":"10154111009"},{"KKDWDM":"020","XS":32,"BYBZ":"0","JSJC":2,"XXXQDM":"02","KXH":"09","KSJC":1,"XKZRS":35,"SKZC":"111111111100000000000000000000","SKJS":"陈伟","ISTK":0,"ZCMC":"1-10周","YPSJDD":"12-14周 星期一 第1节-第2节 南湖南-博学北楼-407,17周 星期二 第1节-第2节 南湖南-博学北楼-407,1-10周 星期一 第1节-第2节 南湖南-博学北楼-407,16-17周 星期一 第1节-第2节 南湖南-博学北楼-407","XF":2,"SKXQ":1,"XNXQDM":"2024-2025-2","KCM":"大学英语3","JASDM":"0202010407","JXLDM":"020201","JXBID":"20242-12553","SKBJ":"公选-12553","TYXMDM":"11","KCH":"10201121072"},{"KKDWDM":"017","XS":40,"BYBZ":"0","JSJC":5,"XXXQDM":"02","KXH":"02","KSJC":3,"XKZRS":27,"SKZC":"111111111011100000000000","SKJS":"于蓉","ISTK":0,"ZCMC":"1-9周,11-13周","YPSJDD":"14-15周 星期四 第3节-第4节 南湖南-博学北楼-407,1-9周,11-13周 星期四 第3节-第5节 南湖南-博学北楼-407","XF":2,"SKXQ":4,"XNXQDM":"2024-2025-2","KCM":"人力资源管理","JASDM":"0202010407","JXLDM":"020201","JXBID":"20242-05422","SKBJ":"创管2301","TYXMDM":null,"KCH":"10174121168"},{"KKDWDM":"007","XS":32,"BYBZ":"0","JSJC":2,"XXXQDM":"02","KXH":"04","KSJC":1,"XKZRS":40,"SKZC":"111110000000000000000000000000","SKJS":"赵娟","ISTK":0,"ZCMC":"1-5周","YPSJDD":"9周 星期日 第1节-第2节 南湖南-博学北楼-407,7-9周 星期五 第1节-第2节 南湖南-博学北楼-407,11-15周 星期五 第1节-第2节 南湖南-博学北楼-407,1-5周 星期五 第1节-第2节 南湖南-博学北楼-407","XF":2,"SKXQ":5,"XNXQDM":"2024-2025-2","KCM":"工程热力学C","JASDM":"0202010407","JXLDM":"020201","JXBID":"20242-10108","SKBJ":"储能2301","TYXMDM":null,"KCH":"10074117118"},{"KKDWDM":"007","XS":32,"BYBZ":"0","JSJC":2,"XXXQDM":"02","KXH":"04","KSJC":1,"XKZRS":40,"SKZC":"000000111000000000000000000000","SKJS":"赵娟","ISTK":0,"ZCMC":"7-9周","YPSJDD":"9周 星期日 第1节-第2节 南湖南-博学北楼-407,7-9周 星期五 第1节-第2节 南湖南-博学北楼-407,11-15周 星期五 第1节-第2节 南湖南-博学北楼-407,1-5周 星期五 第1节-第2节 南湖南-博学北楼-407","XF":2,"SKXQ":5,"XNXQDM":"2024-2025-2","KCM":"工程热力学C","JASDM":"0202010407","JXLDM":"020201","JXBID":"20242-10108","SKBJ":"储能2301","TYXMDM":null,"KCH":"10074117118"},{"KKDWDM":"007","XS":32,"BYBZ":"0","JSJC":2,"XXXQDM":"02","KXH":"04","KSJC":1,"XKZRS":40,"SKZC":"000000001000000000000000000000","SKJS":"赵娟","ISTK":0,"ZCMC":"9周","YPSJDD":"9周 星期日 第1节-第2节 南湖南-博学北楼-407,7-9周 星期五 第1节-第2节 南湖南-博学北楼-407,11-15周 星期五 第1节-第2节 南湖南-博学北楼-407,1-5周 星期五 第1节-第2节 南湖南-博学北楼-407","XF":2,"SKXQ":7,"XNXQDM":"2024-2025-2","KCM":"工程热力学C","JASDM":"0202010407","JXLDM":"020201","JXBID":"20242-10108","SKBJ":"储能2301","TYXMDM":null,"KCH":"10074117118"},{"KKDWDM":"007","XS":32,"BYBZ":"0","JSJC":2,"XXXQDM":"02","KXH":"04","KSJC":1,"XKZRS":40,"SKZC":"000000000011111000000000000000","SKJS":"赵娟","ISTK":0,"ZCMC":"11-15周","YPSJDD":"9周 星期日 第1节-第2节 南湖南-博学北楼-407,7-9周 星期五 第1节-第2节 南湖南-博学北楼-407,11-15周 星期五 第1节-第2节 南湖南-博学北楼-407,1-5周 星期五 第1节-第2节 南湖南-博学北楼-407","XF":2,"SKXQ":5,"XNXQDM":"2024-2025-2","KCM":"工程热力学C","JASDM":"0202010407","JXLDM":"020201","JXBID":"20242-10108","SKBJ":"储能2301","TYXMDM":null,"KCH":"10074117118"},{"KKDWDM":"020","XS":32,"BYBZ":"0","JSJC":2,"XXXQDM":"02","KXH":"09","KSJC":1,"XKZRS":35,"SKZC":"000000000001110000000000000000","SKJS":"陈伟","ISTK":0,"ZCMC":"12-14周","YPSJDD":"12-14周 星期一 第1节-第2节 南湖南-博学北楼-407,17周 星期二 第1节-第2节 南湖南-博学北楼-407,1-10周 星期一 第1节-第2节 南湖南-博学北楼-407,16-17周 星期一 第1节-第2节 南湖南-博学北楼-407","XF":2,"SKXQ":1,"XNXQDM":"2024-2025-2","KCM":"大学英语3","JASDM":"0202010407","JXLDM":"020201","JXBID":"20242-12553","SKBJ":"公选-12553","TYXMDM":"11","KCH":"10201121072"},{"KKDWDM":"017","XS":40,"BYBZ":"0","JSJC":4,"XXXQDM":"02","KXH":"02","KSJC":3,"XKZRS":27,"SKZC":"000000000000011000000000","SKJS":"于蓉","ISTK":0,"ZCMC":"14-15周","YPSJDD":"14-15周 星期四 第3节-第4节 南湖南-博学北楼-407,1-9周,11-13周 星期四 第3节-第5节 南湖南-博学北楼-407","XF":2,"SKXQ":4,"XNXQDM":"2024-2025-2","KCM":"人力资源管理","JASDM":"0202010407","JXLDM":"020201","JXBID":"20242-05422","SKBJ":"创管2301","TYXMDM":null,"KCH":"10174121168"},{"KKDWDM":"020","XS":32,"BYBZ":"0","JSJC":2,"XXXQDM":"02","KXH":"09","KSJC":1,"XKZRS":35,"SKZC":"000000000000000110000000000000","SKJS":"陈伟","ISTK":0,"ZCMC":"16-17周","YPSJDD":"12-14周 星期一 第1节-第2节 南湖南-博学北楼-407,17周 星期二 第1节-第2节 南湖南-博学北楼-407,1-10周 星期一 第1节-第2节 南湖南-博学北楼-407,16-17周 星期一 第1节-第2节 南湖南-博学北楼-407","XF":2,"SKXQ":1,"XNXQDM":"2024-2025-2","KCM":"大学英语3","JASDM":"0202010407","JXLDM":"020201","JXBID":"20242-12553","SKBJ":"公选-12553","TYXMDM":"11","KCH":"10201121072"},{"KKDWDM":"020","XS":32,"BYBZ":"0","JSJC":2,"XXXQDM":"02","KXH":"09","KSJC":1,"XKZRS":35,"SKZC":"000000000000000010000000000000","SKJS":"陈伟","ISTK":0,"ZCMC":"17周","YPSJDD":"12-14周 星期一 第1节-第2节 南湖南-博学北楼-407,17周 星期二 第1节-第2节 南湖南-博学北楼-407,1-10周 星期一 第1节-第2节 南湖南-博学北楼-407,16-17周 星期一 第1节-第2节 南湖南-博学北楼-407","XF":2,"SKXQ":2,"XNXQDM":"2024-2025-2","KCM":"大学英语3","JASDM":"0202010407","JXLDM":"020201","JXBID":"20242-12553","SKBJ":"公选-12553","TYXMDM":"11","KCH":"10201121072"}]}},"code":"0"}