{"datas":{"jaskcb":{"extParams":{"code":1,"msg":"查询成功"},"pageSize":0,"pageNumber":0,"totalSize":-1,"rows":[{"KKDWDM":null,"XS":null,"BYBZ":"3","JSJC":2,"XXXQDM":null,"KXH":null,"KSJC":1,"XKZRS":null,"SKZC":"111100000000000000000000000000","SKJS":"刘竞博","ISTK":0,"ZCMC":"1-4周","YPSJDD":null,"XF":null,"SKXQ":3,"XNXQDM":"2024-2025-2","KCM":"专业导论","JASDM":"0202030114","JXLDM":null,"JXBID":null,"SKBJ":"艺术设计2401（平面）","TYXMDM":null,"KCH":null},{"KKDWDM":null,"XS":null,"BYBZ":"3","JSJC":2,"XXXQDM":null,"KXH":null,"KSJC":1,"XKZRS":null,"SKZC":"111100000000000000000000000000","SKJS":"刘竞博","ISTK":0,"ZCMC":"1-4周","YPSJDD":null,"XF":null,"SKXQ":5,"XNXQDM":"2024-2025-2","KCM":"专业导论","JASDM":"0202030114","JXLDM":null,"JXBID":null,"SKBJ":"艺术设计2401（平面）","TYXMDM":null,"KCH":null},{"KKDWDM":null,"XS":null,"BYBZ":"3","JSJC":2,"XXXQDM":null,"KXH":null,"KSJC":1,"XKZRS":null,"SKZC":"111100000000000000000000000000","SKJS":"刘竞博","ISTK":0,"ZCMC":"1-4周","YPSJDD":null,"XF":null,"SKXQ":3,"XNXQDM":"2024-2025-2","KCM":"专业导论","JASDM":"0202030114","JXLDM":null,"JXBID":null,"SKBJ":"艺术设计2401（数媒）","TYXMDM":null,"KCH":null},{"KKDWDM":null,"XS":null,"BYBZ":"3","JSJC":2,"XXXQDM":null,"KXH":null,"KSJC":1,"XKZRS":null,"SKZC":"111100000000000000000000000000","SKJS":"刘竞博","ISTK":0,"ZCMC":"1-4周","YPSJDD":null,"XF":null,"SKXQ":5,"XNXQDM":"2024-2025-2","KCM":"专业导论","JASDM":"0202030114","JXLDM":null,"JXBID":null,"SKBJ":"艺术设计2401（数媒）","TYXMDM":null,"KCH":null},{"KKDWDM":null,"XS":null,"BYBZ":"3","JSJC":2,"XXXQDM":null,"KXH":null,"KSJC":1,"XKZRS":null,"SKZC":"001111111100000000000000000000","SKJS":"王德群","ISTK":0,"ZCMC":"3-10周","YPSJDD":null,"XF":null,"SKXQ":1,"XNXQDM":"2024-2025-2","KCM":"摄影基础","JASDM":"0202030114","JXLDM":null,"JXBID":null,"SKBJ":"艺术设计2401（平面）","TYXMDM":null,"KCH":null},{"KKDWDM":null,"XS":null,"BYBZ":"3","JSJC":9,"XXXQDM":null,"KXH":null,"KSJC":9,"XKZRS":null,"SKZC":"001111111100000000000000000000","SKJS":"王德群","ISTK":0,"ZCMC":"3-10周","YPSJDD":null,"XF":null,"SKXQ":2,"XNXQDM":"2024-2025-2","KCM":"摄影基础","JASDM":"0202030114","JXLDM":null,"JXBID":null,"SKBJ":"艺术设计2401（平面）","TYXMDM":null,"KCH":null},{"KKDWDM":null,"XS":null,"BYBZ":"3","JSJC":10,"XXXQDM":null,"KXH":null,"KSJC":10,"XKZRS":null,"SKZC":"001111111100000000000000000000","SKJS":"王德群","ISTK":0,"ZCMC":"3-10周","YPSJDD":null,"XF":null,"SKXQ":2,"XNXQDM":"2024-2025-2","KCM":"摄影基础","JASDM":"0202030114","JXLDM":null,"JXBID":null,"SKBJ":"艺术设计2401（平面）","TYXMDM":null,"KCH":null},{"KKDWDM":null,"XS":null,"BYBZ":"3","JSJC":2,"XXXQDM":null,"KXH":null,"KSJC":1,"XKZRS":null,"SKZC":"001111111100000000000000000000","SKJS":"王德群","ISTK":0,"ZCMC":"3-10周","YPSJDD":null,"XF":null,"SKXQ":1,"XNXQDM":"2024-2025-2","KCM":"摄影基础","JASDM":"0202030114","JXLDM":null,"JXBID":null,"SKBJ":"艺术设计2401（数媒）","TYXMDM":null,"KCH":null},{"KKDWDM":null,"XS":null,"BYBZ":"3","JSJC":9,"XXXQDM":null,"KXH":null,"KSJC":9,"XKZRS":null,"SKZC":"001111111100000000000000000000","SKJS":"王德群","ISTK":0,"ZCMC":"3-10周","YPSJDD":null,"XF":null,"SKXQ":2,"XNXQDM":"2024-2025-2","KCM":"摄影基础","JASDM":"0202030114","JXLDM":null,"JXBID":null,"SKBJ":"艺术设计2401（数媒）","TYXMDM":null,"KCH":null},{"KKDWDM":null,"XS":null,"BYBZ":"3","JSJC":10,"XXXQDM":null,"KXH":null,"KSJC":10,"XKZRS":null,"SKZC":"001111111100000000000000000000","SKJS":"王德群","ISTK":0,"ZCMC":"3-10周","YPSJDD":null,"XF":null,"SKXQ":2,"XNXQDM":"2024-2025-2","KCM":"摄影基础","JASDM":"0202030114","JXLDM":null,"JXBID":null,"SKBJ":"艺术设计2401（数媒）","TYXMDM":null,"KCH":null},{"KKDWDM":null,"XS":null,"BYBZ":"3","JSJC":9,"XXXQDM":null,"KXH":null,"KSJC":6,"XKZRS":null,"SKZC":"111111111111111110000000000000","SKJS":"陈顶","ISTK":0,"ZCMC":"1-17周","YPSJDD":null,"XF":null,"SKXQ":5,"XNXQDM":"2024-2025-2","KCM":"构成原理","JASDM":"0202030114","JXLDM":null,"JXBID":null,"SKBJ":"艺术设计2401（平面）","TYXMDM":null,"KCH":null},{"KKDWDM":null,"XS":null,"BYBZ":"3","JSJC":9,"XXXQDM":null,"KXH":null,"KSJC":6,"XKZRS":null,"SKZC":"111111111111111110000000000000","SKJS":"陈顶","ISTK":0,"ZCMC":"1-17周","YPSJDD":null,"XF":null,"SKXQ":5,"XNXQDM":"2024-2025-2","KCM":"构成原理","JASDM":"0202030114","JXLDM":null,"JXBID":null,"SKBJ":"艺术设计2401（数媒）","TYXMDM":null,"KCH":null},{"KKDWDM":null,"XS":null,"BYBZ":"3","JSJC":7,"XXXQDM":null,"KXH":null,"KSJC":6,"XKZRS":null,"SKZC":"111111111111111110000000000000","SKJS":null,"ISTK":0,"ZCMC":"1-17周","YPSJDD":null,"XF":null,"SKXQ":1,"XNXQDM":"2024-2025-2","KCM":"雅思写作","JASDM":"0202030114","JXLDM":null,"JXBID":null,"SKBJ":"艺术设计2401（平面）","TYXMDM":null,"KCH":null},{"KKDWDM":null,"XS":null,"BYBZ":"3","JSJC":4,"XXXQDM":null,"KXH":null,"KSJC":3,"XKZRS":null,"SKZC":"111111111111111110000000000000","SKJS":null,"ISTK":0,"ZCMC":"1-17周","YPSJDD":null,"XF":null,"SKXQ":5,"XNXQDM":"2024-2025-2","KCM":"雅思写作","JASDM":"0202030114","JXLDM":null,"JXBID":null,"SKBJ":"艺术设计2401（平面）","TYXMDM":null,"KCH":null},{"KKDWDM":null,"XS":null,"BYBZ":"3","JSJC":7,"XXXQDM":null,"KXH":null,"KSJC":6,"XKZRS":null,"SKZC":"111111111111111110000000000000","SKJS":null,"ISTK":0,"ZCMC":"1-17周","YPSJDD":null,"XF":null,"SKXQ":1,"XNXQDM":"2024-2025-2","KCM":"雅思写作","JASDM":"0202030114","JXLDM":null,"JXBID":null,"SKBJ":"艺术设计2401（数媒）","TYXMDM":null,"KCH":null},{"KKDWDM":null,"XS":null,"BYBZ":"3","JSJC":4,"XXXQDM":null,"KXH":null,"KSJC":3,"XKZRS":null,"SKZC":"111111111111111110000000000000","SKJS":null,"ISTK":0,"ZCMC":"1-17周","YPSJDD":null,"XF":null,"SKXQ":5,"XNXQDM":"2024-2025-2","KCM":"雅思写作","JASDM":"0202030114","JXLDM":null,"JXBID":null,"SKBJ":"艺术设计2401（数媒）","TYXMDM":null,"KCH":null},{"KKDWDM":null,"XS":null,"BYBZ":"3","JSJC":4,"XXXQDM":null,"KXH":null,"KSJC":3,"XKZRS":null,"SKZC":"111111111111111110000000000000","SKJS":null,"ISTK":0,"ZCMC":"1-17周","YPSJDD":null,"XF":null,"SKXQ":1,"XNXQDM":"2024-2025-2","KCM":"雅思口语","JASDM":"0202030114","JXLDM":null,"JXBID":null,"SKBJ":"艺术设计2401（平面）","TYXMDM":null,"KCH":null},{"KKDWDM":null,"XS":null,"BYBZ":"3","JSJC":2,"XXXQDM":null,"KXH":null,"KSJC":1,"XKZRS":null,"SKZC":"111111111111111110000000000000","SKJS":null,"ISTK":0,"ZCMC":"1-17周","YPSJDD":null,"XF":null,"SKXQ":4,"XNXQDM":"2024-2025-2","KCM":"雅思口语","JASDM":"0202030114","JXLDM":null,"JXBID":null,"SKBJ":"艺术设计2401（平面）","TYXMDM":null,"KCH":null},{"KKDWDM":null,"XS":null,"BYBZ":"3","JSJC":4,"XXXQDM":null,"KXH":null,"KSJC":3,"XKZRS":null,"SKZC":"111111111111111110000000000000","SKJS":null,"ISTK":0,"ZCMC":"1-17周","YPSJDD":null,"XF":null,"SKXQ":1,"XNXQDM":"2024-2025-2","KCM":"雅思口语","JASDM":"0202030114","JXLDM":null,"JXBID":null,"SKBJ":"艺术设计2401（数媒）","TYXMDM":null,"KCH":null},{"KKDWDM":null,"XS":null,"BYBZ":"3","JSJC":2,"XXXQDM":null,"KXH":null,"KSJC":1,"XKZRS":null,"SKZC":"111111111111111110000000000000","SKJS":null,"ISTK":0,"ZCMC":"1-17周","YPSJDD":null,"XF":null,"SKXQ":4,"XNXQDM":"2024-2025-2","KCM":"雅思口语","JASDM":"0202030114","JXLDM":null,"JXBID":null,"SKBJ":"艺术设计2401（数媒）","TYXMDM":null,"KCH":null},{"KKDWDM":null,"XS":null,"BYBZ":"3","JSJC":7,"XXXQDM":null,"KXH":null,"KSJC":6,"XKZRS":null,"SKZC":"111111111111111110000000000000","SKJS":null,"ISTK":0,"ZCMC":"1-17周","YPSJDD":null,"XF":null,"SKXQ":2,"XNXQDM":"2024-2025-2","KCM":"雅思听力","JASDM":"0202030114","JXLDM":null,"JXBID":null,"SKBJ":"艺术设计2401（平面）","TYXMDM":null,"KCH":null},{"KKDWDM":null,"XS":null,"BYBZ":"3","JSJC":4,"XXXQDM":null,"KXH":null,"KSJC":3,"XKZRS":null,"SKZC":"111111111111111110000000000000","SKJS":null,"ISTK":0,"ZCMC":"1-17周","YPSJDD":null,"XF":null,"SKXQ":3,"XNXQDM":"2024-2025-2","KCM":"雅思听力","JASDM":"0202030114","JXLDM":null,"JXBID":null,"SKBJ":"艺术设计2401（平面）","TYXMDM":null,"KCH":null},{"KKDWDM":null,"XS":null,"BYBZ":"3","JSJC":7,"XXXQDM":null,"KXH":null,"KSJC":6,"XKZRS":null,"SKZC":"111111111111111110000000000000","SKJS":null,"ISTK":0,"ZCMC":"1-17周","YPSJDD":null,"XF":null,"SKXQ":2,"XNXQDM":"2024-2025-2","KCM":"雅思听力","JASDM":"0202030114","JXLDM":null,"JXBID":null,"SKBJ":"艺术设计2401（数媒）","TYXMDM":null,"KCH":null},{"KKDWDM":null,"XS":null,"BYBZ":"3","JSJC":4,"XXXQDM":null,"KXH":null,"KSJC":3,"XKZRS":null,"SKZC":"111111111111111110000000000000","SKJS":null,"ISTK":0,"ZCMC":"1-17周","YPSJDD":null,"XF":null,"SKXQ":3,"XNXQDM":"2024-2025-2","KCM":"雅思听力","JASDM":"0202030114","JXLDM":null,"JXBID":null,"SKBJ":"艺术设计2401（数媒）","TYXMDM":null,"KCH":null},{"KKDWDM":null,"XS":null,"BYBZ":"3","JSJC":4,"XXXQDM":null,"KXH":null,"KSJC":3,"XKZRS":null,"SKZC":"111111111111111110000000000000","SKJS":null,"ISTK":0,"ZCMC":"1-17周","YPSJDD":null,"XF":null,"SKXQ":2,"XNXQDM":"2024-2025-2","KCM":"雅思阅读","JASDM":"0202030114","JXLDM":null,"JXBID":null,"SKBJ":"艺术设计2401（平面）","TYXMDM":null,"KCH":null},{"KKDWDM":null,"XS":null,"BYBZ":"3","JSJC":4,"XXXQDM":null,"KXH":null,"KSJC":3,"XKZRS":null,"SKZC":"111111111111111110000000000000","SKJS":null,"ISTK":0,"ZCMC":"1-17周","YPSJDD":null,"XF":null,"SKXQ":4,"XNXQDM":"2024-2025-2","KCM":"雅思阅读","JASDM":"0202030114","JXLDM":null,"JXBID":null,"SKBJ":"艺术设计2401（平面）","TYXMDM":null,"KCH":null},{"KKDWDM":null,"XS":null,"BYBZ":"3","JSJC":4,"XXXQDM":null,"KXH":null,"KSJC":3,"XKZRS":null,"SKZC":"111111111111111110000000000000","SKJS":null,"ISTK":0,"ZCMC":"1-17周","YPSJDD":null,"XF":null,"SKXQ":2,"XNXQDM":"2024-2025-2","KCM":"雅思阅读","JASDM":"0202030114","JXLDM":null,"JXBID":null,"SKBJ":"艺术设计2401（数媒）","TYXMDM":null,"KCH":null},{"KKDWDM":null,"XS":null,"BYBZ":"3","JSJC":4,"XXXQDM":null,"KXH":null,"KSJC":3,"XKZRS":null,"SKZC":"111111111111111110000000000000","SKJS":null,"ISTK":0,"ZCMC":"1-17周","YPSJDD":null,"XF":null,"SKXQ":4,"XNXQDM":"2024-2025-2","KCM":"雅思阅读","JASDM":"0202030114","JXLDM":null,"JXBID":null,"SKBJ":"艺术设计2401（数媒）","TYXMDM":null,"KCH":null},{"KKDWDM":null,"XS":null,"BYBZ":"3","JSJC":9,"XXXQDM":null,"KXH":null,"KSJC":6,"XKZRS":null,"SKZC":"111111111111111110000000000000","SKJS":"李建萍","ISTK":0,"ZCMC":"1-17周","YPSJDD":null,"XF":null,"SKXQ":3,"XNXQDM":"2024-2025-2","KCM":"设计软件基础","JASDM":"0202030114","JXLDM":null,"JXBID":null,"SKBJ":"艺术设计2401（平面）","TYXMDM":null,"KCH":null},{"KKDWDM":null,"XS":null,"BYBZ":"3","JSJC":9,"XXXQDM":null,"KXH":null,"KSJC":6,"XKZRS":null,"SKZC":"111111111111111110000000000000","SKJS":"李建萍","ISTK":0,"ZCMC":"1-17周","YPSJDD":null,"XF":null,"SKXQ":3,"XNXQDM":"2024-2025-2","KCM":"设计软件基础","JASDM":"0202030114","JXLDM":null,"JXBID":null,"SKBJ":"艺术设计2401（数媒）","TYXMDM":null,"KCH":null},{"KKDWDM":null,"XS":null,"BYBZ":"3","JSJC":12,"XXXQDM":null,"KXH":null,"KSJC":11,"XKZRS":null,"SKZC":"000001100000000000000000000000","SKJS":null,"ISTK":0,"ZCMC":"6-7周","YPSJDD":null,"XF":null,"SKXQ":2,"XNXQDM":"2024-2025-2","KCM":"毛泽东思想和中国特色社会主义理论体系概论","JASDM":"0202030114","JXLDM":null,"JXBID":null,"SKBJ":"艺术设计2401（平面）","TYXMDM":null,"KCH":null},{"KKDWDM":null,"XS":null,"BYBZ":"3","JSJC":13,"XXXQDM":null,"KXH":null,"KSJC":11,"XKZRS":null,"SKZC":"011110000000000000000000000000","SKJS":null,"ISTK":0,"ZCMC":"2-5周","YPSJDD":null,"XF":null,"SKXQ":2,"XNXQDM":"2024-2025-2","KCM":"毛泽东思想和中国特色社会主义理论体系概论","JASDM":"0202030114","JXLDM":null,"JXBID":null,"SKBJ":"艺术设计2401（平面）","TYXMDM":null,"KCH":null},{"KKDWDM":null,"XS":null,"BYBZ":"3","JSJC":12,"XXXQDM":null,"KXH":null,"KSJC":11,"XKZRS":null,"SKZC":"000001100000000000000000000000","SKJS":null,"ISTK":0,"ZCMC":"6-7周","YPSJDD":null,"XF":null,"SKXQ":2,"XNXQDM":"2024-2025-2","KCM":"毛泽东思想和中国特色社会主义理论体系概论","JASDM":"0202030114","JXLDM":null,"JXBID":null,"SKBJ":"艺术设计2401（数媒）","TYXMDM":null,"KCH":null},{"KKDWDM":null,"XS":null,"BYBZ":"3","JSJC":13,"XXXQDM":null,"KXH":null,"KSJC":11,"XKZRS":null,"SKZC":"011110000000000000000000000000","SKJS":null,"ISTK":0,"ZCMC":"2-5周","YPSJDD":null,"XF":null,"SKXQ":2,"XNXQDM":"2024-2025-2","KCM":"毛泽东思想和中国特色社会主义理论体系概论","JASDM":"0202030114","JXLDM":null,"JXBID":null,"SKBJ":"艺术设计2401（数媒）","TYXMDM":null,"KCH":null}]}},"code":"0"}