{"datas":{"jaskcb":{"extParams":{"code":1,"msg":"查询成功"},"pageSize":0,"pageNumber":0,"totalSize":-1,"rows":[{"KKDWDM":"071","XS":88,"BYBZ":"0","JSJC":2,"XXXQDM":"02","KXH":"44","KSJC":1,"XKZRS":128,"SKZC":"111111111111111000000000000000","SKJS":"胡国政","ISTK":0,"ZCMC":"1-15周","YPSJDD":"1-10周 星期一 第3节-第4节 南湖南-博学主楼-102,7-9周 星期五 第3节-第4节 南湖南-博学主楼-102,9周 星期日 第3节-第4节 南湖南-博学主楼-102,1-5周 星期五 第3节-第4节 南湖南-博学主楼-102,12-14周 星期一 第3节-第4节 南湖南-博学主楼-102,16-17周 星期一 第3节-第4节 南湖南-博学主楼-102,11-15周 星期五 第3节-第4节 南湖南-博学主楼-102,1-15周 星期三 第1节-第2节 南湖南-博学主楼-102","XF":5,"SKXQ":3,"XNXQDM":"2024-2025-2","KCM":"高等数学A下","JASDM":"0202040102","JXLDM":"020204","JXBID":"20242-10512","SKBJ":"电信类2405-08","TYXMDM":null,"KCH":"10153121060"},{"KKDWDM":"071","XS":88,"BYBZ":"0","JSJC":4,"XXXQDM":"02","KXH":"39","KSJC":3,"XKZRS":135,"SKZC":"111111111111111000000000000000","SKJS":"胡国政","ISTK":0,"ZCMC":"1-15周","YPSJDD":"1-5周 星期五 第1节-第2节 南湖南-博学主楼-102,1-10周 星期一 第1节-第2节 南湖南-博学主楼-102,11-15周 星期五 第1节-第2节 南湖南-博学主楼-102,12-14周 星期一 第1节-第2节 南湖南-博学主楼-102,7-9周 星期五 第1节-第2节 南湖南-博学主楼-102,16-17周 星期一 第1节-第2节 南湖南-博学主楼-102,9周 星期日 第1节-第2节 南湖南-博学主楼-102,1-15周 星期三 第3节-第4节 南湖南-博学主楼-102","XF":5,"SKXQ":3,"XNXQDM":"2024-2025-2","KCM":"高等数学A下","JASDM":"0202040102","JXLDM":"020204","JXBID":"20242-10440","SKBJ":"材料类2404-07","TYXMDM":null,"KCH":"10153121060"},{"KKDWDM":"072","XS":56,"BYBZ":"0","JSJC":4,"XXXQDM":"02","KXH":"10","KSJC":3,"XKZRS":95,"SKZC":"111111111111110000000000000000","SKJS":"孙晓冬,张小玲","ISTK":0,"ZCMC":"1-14周","YPSJDD":"1-9周,11-15周 星期四 第1节-第2节 南湖南-博学主楼-102,1-14周 星期二 第3节-第4节 南湖南-博学主楼-102","XF":3,"SKXQ":2,"XNXQDM":"2024-2025-2","KCM":"大学物理A上","JASDM":"0202040102","JXLDM":"020204","JXBID":"20242-09718","SKBJ":"数学类2407-09","TYXMDM":null,"KCH":"10153111005"},{"KKDWDM":"072","XS":56,"BYBZ":"0","JSJC":2,"XXXQDM":"02","KXH":"14","KSJC":1,"XKZRS":123,"SKZC":"111111111111110000000000000000","SKJS":"孙晓冬,张小玲","ISTK":0,"ZCMC":"1-14周","YPSJDD":"1-9周,11-15周 星期四 第3节-第4节 南湖南-博学主楼-102,1-14周 星期二 第1节-第2节 南湖南-博学主楼-102","XF":3,"SKXQ":2,"XNXQDM":"2024-2025-2","KCM":"大学物理A上","JASDM":"0202040102","JXLDM":"020204","JXBID":"20242-11710","SKBJ":"工力jd2401,数学类2404-06","TYXMDM":null,"KCH":"10153111005"},{"KKDWDM":"021","XS":42,"BYBZ":"0","JSJC":8,"XXXQDM":"02","KXH":"15","KSJC":6,"XKZRS":107,"SKZC":"11111111111111","SKJS":"彭肖建","ISTK":0,"ZCMC":"1-14周","YPSJDD":"1-14周 星期二 第6节-第8节 南湖南-博学主楼-102","XF":2,"SKXQ":2,"XNXQDM":"2024-2025-2","KCM":"马克思主义基本原理","JASDM":"0202040102","JXLDM":"020204","JXBID":"20242-04948","SKBJ":"测控zy2301,过控2301-02","TYXMDM":null,"KCH":"10211117035"},{"KKDWDM":"038","XS":32,"BYBZ":"0","JSJC":10,"XXXQDM":"02","KXH":"44","KSJC":9,"XKZRS":123,"SKZC":"11111111111100000000","SKJS":"王铭","ISTK":0,"ZCMC":"1-12周","YPSJDD":"1-12周 星期二 第9节-第10节 南湖南-博学主楼-102","XF":2,"SKXQ":2,"XNXQDM":"2024-2025-2","KCM":"心理健康教育","JASDM":"0202040102","JXLDM":"020204","JXBID":"20242-12274","SKBJ":"外语类2401-02,生科类2301-03","TYXMDM":null,"KCH":"10388117003"},{"KKDWDM":"021","XS":36,"BYBZ":"0","JSJC":8,"XXXQDM":"02","KXH":"124","KSJC":6,"XKZRS":102,"SKZC":"111111111111","SKJS":"潘晔","ISTK":0,"ZCMC":"1-12周","YPSJDD":"1-12周 星期三 第6节-第8节 南湖南-博学主楼-102","XF":2,"SKXQ":3,"XNXQDM":"2024-2025-2","KCM":"习近平新时代中国特色社会主义思想概论","JASDM":"0202040102","JXLDM":"020204","JXBID":"20242-05095","SKBJ":"机械2304-05,机械zy2301","TYXMDM":null,"KCH":"10211121033"},{"KKDWDM":"021","XS":36,"BYBZ":"0","JSJC":8,"XXXQDM":"02","KXH":"129","KSJC":6,"XKZRS":109,"SKZC":"111111111100000000000000000000","SKJS":"陈哲","ISTK":0,"ZCMC":"1-10周","YPSJDD":"12-13周 星期一 第6节-第8节 南湖南-博学主楼-102,1-10周 星期一 第6节-第8节 南湖南-博学主楼-102","XF":2,"SKXQ":1,"XNXQDM":"2024-2025-2","KCM":"习近平新时代中国特色社会主义思想概论","JASDM":"0202040102","JXLDM":"020204","JXBID":"20242-05336","SKBJ":"信管2301,数管2302-03","TYXMDM":null,"KCH":"10211121033"},{"KKDWDM":"071","XS":88,"BYBZ":"0","JSJC":4,"XXXQDM":"02","KXH":"44","KSJC":3,"XKZRS":128,"SKZC":"111111111100000000000000000000","SKJS":"胡国政","ISTK":0,"ZCMC":"1-10周","YPSJDD":"1-10周 星期一 第3节-第4节 南湖南-博学主楼-102,7-9周 星期五 第3节-第4节 南湖南-博学主楼-102,9周 星期日 第3节-第4节 南湖南-博学主楼-102,1-5周 星期五 第3节-第4节 南湖南-博学主楼-102,12-14周 星期一 第3节-第4节 南湖南-博学主楼-102,16-17周 星期一 第3节-第4节 南湖南-博学主楼-102,11-15周 星期五 第3节-第4节 南湖南-博学主楼-102,1-15周 星期三 第1节-第2节 南湖南-博学主楼-102","XF":5,"SKXQ":1,"XNXQDM":"2024-2025-2","KCM":"高等数学A下","JASDM":"0202040102","JXLDM":"020204","JXBID":"20242-10512","SKBJ":"电信类2405-08","TYXMDM":null,"KCH":"10153121060"},{"KKDWDM":"071","XS":88,"BYBZ":"0","JSJC":2,"XXXQDM":"02","KXH":"39","KSJC":1,"XKZRS":135,"SKZC":"111111111100000000000000000000","SKJS":"胡国政","ISTK":0,"ZCMC":"1-10周","YPSJDD":"1-5周 星期五 第1节-第2节 南湖南-博学主楼-102,1-10周 星期一 第1节-第2节 南湖南-博学主楼-102,11-15周 星期五 第1节-第2节 南湖南-博学主楼-102,12-14周 星期一 第1节-第2节 南湖南-博学主楼-102,7-9周 星期五 第1节-第2节 南湖南-博学主楼-102,16-17周 星期一 第1节-第2节 南湖南-博学主楼-102,9周 星期日 第1节-第2节 南湖南-博学主楼-102,1-15周 星期三 第3节-第4节 南湖南-博学主楼-102","XF":5,"SKXQ":1,"XNXQDM":"2024-2025-2","KCM":"高等数学A下","JASDM":"0202040102","JXLDM":"020204","JXBID":"20242-10440","SKBJ":"材料类2404-07","TYXMDM":null,"KCH":"10153121060"},{"KKDWDM":"025","XS":32,"BYBZ":"0","JSJC":13,"XXXQDM":"02","KXH":"01","KSJC":11,"XKZRS":133,"SKZC":"111111111100000000000000","SKJS":"张之剑,彭华涛","ISTK":0,"ZCMC":"1-10周","YPSJDD":"11周 星期二 第11节-第12节 南湖南-博学主楼-102,1-10周 星期二 第11节-第13节 南湖南-博学主楼-102","XF":2,"SKXQ":2,"XNXQDM":"2024-2025-2","KCM":"大学生创业路演与实践(JD)","JASDM":"0202040102","JXLDM":"020204","JXBID":"20242-08757","SKBJ":"公选-08757","TYXMDM":null,"KCH":"10256121084"},{"KKDWDM":"072","XS":56,"BYBZ":"0","JSJC":2,"XXXQDM":"02","KXH":"10","KSJC":1,"XKZRS":95,"SKZC":"111111111011111000000000000000","SKJS":"孙晓冬,张小玲","ISTK":0,"ZCMC":"1-9周,11-15周","YPSJDD":"1-9周,11-15周 星期四 第1节-第2节 南湖南-博学主楼-102,1-14周 星期二 第3节-第4节 南湖南-博学主楼-102","XF":3,"SKXQ":4,"XNXQDM":"2024-2025-2","KCM":"大学物理A上","JASDM":"0202040102","JXLDM":"020204","JXBID":"20242-09718","SKBJ":"数学类2407-09","TYXMDM":null,"KCH":"10153111005"},{"KKDWDM":"072","XS":56,"BYBZ":"0","JSJC":4,"XXXQDM":"02","KXH":"14","KSJC":3,"XKZRS":123,"SKZC":"111111111011111000000000000000","SKJS":"孙晓冬,张小玲","ISTK":0,"ZCMC":"1-9周,11-15周","YPSJDD":"1-9周,11-15周 星期四 第3节-第4节 南湖南-博学主楼-102,1-14周 星期二 第1节-第2节 南湖南-博学主楼-102","XF":3,"SKXQ":4,"XNXQDM":"2024-2025-2","KCM":"大学物理A上","JASDM":"0202040102","JXLDM":"020204","JXBID":"20242-11710","SKBJ":"工力jd2401,数学类2404-06","TYXMDM":null,"KCH":"10153111005"},{"KKDWDM":"023","XS":32,"BYBZ":"0","JSJC":12,"XXXQDM":"02","KXH":"01","KSJC":11,"XKZRS":100,"SKZC":"11111111","SKJS":"方丹辉,陈先锋","ISTK":0,"ZCMC":"1-8周","YPSJDD":"1-8周 星期一 第11节-第12节 南湖南-博学主楼-102,1-8周 星期三 第11节-第12节 南湖南-博学主楼-102","XF":2,"SKXQ":3,"XNXQDM":"2024-2025-2","KCM":"公共安全与应急技术B","JASDM":"0202040102","JXLDM":"020204","JXBID":"20242-08727","SKBJ":"公选-08727","TYXMDM":null,"KCH":"10236121160"},{"KKDWDM":"023","XS":32,"BYBZ":"0","JSJC":12,"XXXQDM":"02","KXH":"01","KSJC":11,"XKZRS":100,"SKZC":"11111111","SKJS":"方丹辉,陈先锋","ISTK":0,"ZCMC":"1-8周","YPSJDD":"1-8周 星期一 第11节-第12节 南湖南-博学主楼-102,1-8周 星期三 第11节-第12节 南湖南-博学主楼-102","XF":2,"SKXQ":1,"XNXQDM":"2024-2025-2","KCM":"公共安全与应急技术B","JASDM":"0202040102","JXLDM":"020204","JXBID":"20242-08727","SKBJ":"公选-08727","TYXMDM":null,"KCH":"10236121160"},{"KKDWDM":"071","XS":88,"BYBZ":"0","JSJC":2,"XXXQDM":"02","KXH":"39","KSJC":1,"XKZRS":135,"SKZC":"111110000000000000000000000000","SKJS":"胡国政","ISTK":0,"ZCMC":"1-5周","YPSJDD":"1-5周 星期五 第1节-第2节 南湖南-博学主楼-102,1-10周 星期一 第1节-第2节 南湖南-博学主楼-102,11-15周 星期五 第1节-第2节 南湖南-博学主楼-102,12-14周 星期一 第1节-第2节 南湖南-博学主楼-102,7-9周 星期五 第1节-第2节 南湖南-博学主楼-102,16-17周 星期一 第1节-第2节 南湖南-博学主楼-102,9周 星期日 第1节-第2节 南湖南-博学主楼-102,1-15周 星期三 第3节-第4节 南湖南-博学主楼-102","XF":5,"SKXQ":5,"XNXQDM":"2024-2025-2","KCM":"高等数学A下","JASDM":"0202040102","JXLDM":"020204","JXBID":"20242-10440","SKBJ":"材料类2404-07","TYXMDM":null,"KCH":"10153121060"},{"KKDWDM":"071","XS":88,"BYBZ":"0","JSJC":4,"XXXQDM":"02","KXH":"44","KSJC":3,"XKZRS":128,"SKZC":"111110000000000000000000000000","SKJS":"胡国政","ISTK":0,"ZCMC":"1-5周","YPSJDD":"1-10周 星期一 第3节-第4节 南湖南-博学主楼-102,7-9周 星期五 第3节-第4节 南湖南-博学主楼-102,9周 星期日 第3节-第4节 南湖南-博学主楼-102,1-5周 星期五 第3节-第4节 南湖南-博学主楼-102,12-14周 星期一 第3节-第4节 南湖南-博学主楼-102,16-17周 星期一 第3节-第4节 南湖南-博学主楼-102,11-15周 星期五 第3节-第4节 南湖南-博学主楼-102,1-15周 星期三 第1节-第2节 南湖南-博学主楼-102","XF":5,"SKXQ":5,"XNXQDM":"2024-2025-2","KCM":"高等数学A下","JASDM":"0202040102","JXLDM":"020204","JXBID":"20242-10512","SKBJ":"电信类2405-08","TYXMDM":null,"KCH":"10153121060"},{"KKDWDM":"010","XS":32,"BYBZ":"0","JSJC":7,"XXXQDM":"02","KXH":"01","KSJC":6,"XKZRS":113,"SKZC":"111110000000000000000000000000","SKJS":"袁艳斌","ISTK":0,"ZCMC":"1-5周","YPSJDD":"11-16周 星期五 第6节-第7节 南湖南-博学主楼-102,17周 星期三 第6节-第7节 南湖南-博学主楼-102,1-5周 星期五 第6节-第7节 南湖南-博学主楼-102,9周 星期日 第6节-第7节 南湖南-博学主楼-102,7-9周 星期五 第6节-第7节 南湖南-博学主楼-102","XF":2,"SKXQ":5,"XNXQDM":"2024-2025-2","KCM":"地质学B","JASDM":"0202040102","JXLDM":"020204","JXBID":"20242-04341","SKBJ":"地信2301-03","TYXMDM":null,"KCH":"10104117058"},{"KKDWDM":"021","XS":8,"BYBZ":"0","JSJC":10,"XXXQDM":"02","KXH":"678","KSJC":9,"XKZRS":139,"SKZC":"0001111000000000000000000","SKJS":"肖萍","ISTK":0,"ZCMC":"4-7周","YPSJDD":"4-7周 星期四 第9节-第10节 南湖南-博学主楼-102","XF":0,"SKXQ":4,"XNXQDM":"2024-2025-2","KCM":"形势与政策","JASDM":"0202040102","JXLDM":"020204","JXBID":"20242-14269","SKBJ":"计算机类2404-07,计算机类2410-13,车辆类2404-06,车辆类2412-13","TYXMDM":null,"KCH":"10218121092"},{"KKDWDM":"021","XS":8,"BYBZ":"0","JSJC":7,"XXXQDM":"02","KXH":"670","KSJC":6,"XKZRS":137,"SKZC":"0001111000000000000000000","SKJS":"肖萍","ISTK":0,"ZCMC":"4-7周","YPSJDD":"4-7周 星期四 第6节-第7节 南湖南-博学主楼-102","XF":0,"SKXQ":4,"XNXQDM":"2024-2025-2","KCM":"形势与政策","JASDM":"0202040102","JXLDM":"020204","JXBID":"20242-14261","SKBJ":"动画2402,土木类2414,外语类2403,工商类2405-08,工设g2401,数学jd2401,数学类2407,法学类2401,电信类2404,设计学类2407,车辆gcgj2401,软件sy2401,金融gj2403","TYXMDM":null,"KCH":"10218121092"},{"KKDWDM":"071","XS":88,"BYBZ":"0","JSJC":4,"XXXQDM":"02","KXH":"44","KSJC":3,"XKZRS":128,"SKZC":"000000111000000000000000000000","SKJS":"胡国政","ISTK":0,"ZCMC":"7-9周","YPSJDD":"1-10周 星期一 第3节-第4节 南湖南-博学主楼-102,7-9周 星期五 第3节-第4节 南湖南-博学主楼-102,9周 星期日 第3节-第4节 南湖南-博学主楼-102,1-5周 星期五 第3节-第4节 南湖南-博学主楼-102,12-14周 星期一 第3节-第4节 南湖南-博学主楼-102,16-17周 星期一 第3节-第4节 南湖南-博学主楼-102,11-15周 星期五 第3节-第4节 南湖南-博学主楼-102,1-15周 星期三 第1节-第2节 南湖南-博学主楼-102","XF":5,"SKXQ":5,"XNXQDM":"2024-2025-2","KCM":"高等数学A下","JASDM":"0202040102","JXLDM":"020204","JXBID":"20242-10512","SKBJ":"电信类2405-08","TYXMDM":null,"KCH":"10153121060"},{"KKDWDM":"010","XS":32,"BYBZ":"0","JSJC":7,"XXXQDM":"02","KXH":"01","KSJC":6,"XKZRS":113,"SKZC":"000000111000000000000000000000","SKJS":"袁艳斌","ISTK":0,"ZCMC":"7-9周","YPSJDD":"11-16周 星期五 第6节-第7节 南湖南-博学主楼-102,17周 星期三 第6节-第7节 南湖南-博学主楼-102,1-5周 星期五 第6节-第7节 南湖南-博学主楼-102,9周 星期日 第6节-第7节 南湖南-博学主楼-102,7-9周 星期五 第6节-第7节 南湖南-博学主楼-102","XF":2,"SKXQ":5,"XNXQDM":"2024-2025-2","KCM":"地质学B","JASDM":"0202040102","JXLDM":"020204","JXBID":"20242-04341","SKBJ":"地信2301-03","TYXMDM":null,"KCH":"10104117058"},{"KKDWDM":"071","XS":88,"BYBZ":"0","JSJC":2,"XXXQDM":"02","KXH":"39","KSJC":1,"XKZRS":135,"SKZC":"000000111000000000000000000000","SKJS":"胡国政","ISTK":0,"ZCMC":"7-9周","YPSJDD":"1-5周 星期五 第1节-第2节 南湖南-博学主楼-102,1-10周 星期一 第1节-第2节 南湖南-博学主楼-102,11-15周 星期五 第1节-第2节 南湖南-博学主楼-102,12-14周 星期一 第1节-第2节 南湖南-博学主楼-102,7-9周 星期五 第1节-第2节 南湖南-博学主楼-102,16-17周 星期一 第1节-第2节 南湖南-博学主楼-102,9周 星期日 第1节-第2节 南湖南-博学主楼-102,1-15周 星期三 第3节-第4节 南湖南-博学主楼-102","XF":5,"SKXQ":5,"XNXQDM":"2024-2025-2","KCM":"高等数学A下","JASDM":"0202040102","JXLDM":"020204","JXBID":"20242-10440","SKBJ":"材料类2404-07","TYXMDM":null,"KCH":"10153121060"},{"KKDWDM":"021","XS":8,"BYBZ":"0","JSJC":7,"XXXQDM":"02","KXH":"311","KSJC":6,"XKZRS":133,"SKZC":"0000000110110000000000000","SKJS":"肖萍","ISTK":0,"ZCMC":"8-9周,11-12周","YPSJDD":"8-9周,11-12周 星期四 第6节-第7节 南湖南-博学主楼-102","XF":0,"SKXQ":4,"XNXQDM":"2024-2025-2","KCM":"形势与政策","JASDM":"0202040102","JXLDM":"020204","JXBID":"20242-13950","SKBJ":"外语类2401-02,岩土jd2401,应化jd2401,数学类2409-11,材料类2409-15,环科类2408,电信类2402,计算机类2403,设计学类2405,车辆类2409","TYXMDM":null,"KCH":"10218121092"},{"KKDWDM":"021","XS":8,"BYBZ":"0","JSJC":10,"XXXQDM":"02","KXH":"323","KSJC":9,"XKZRS":131,"SKZC":"0000000110110000000000000","SKJS":"梁本部","ISTK":0,"ZCMC":"8-9周,11-12周","YPSJDD":"8-9周,11-12周 星期四 第9节-第10节 南湖南-博学主楼-102","XF":0,"SKXQ":4,"XNXQDM":"2024-2025-2","KCM":"形势与政策","JASDM":"0202040102","JXLDM":"020204","JXBID":"20242-13973","SKBJ":"土木类2406-09,工商类2403-10,建筑类2402,微电子zs2401,材料类2403,材科sy2401,电信类2409,经济学类2403,自动化类2403,计算机类2401,运动训练2401","TYXMDM":null,"KCH":"10218121092"},{"KKDWDM":"071","XS":88,"BYBZ":"0","JSJC":2,"XXXQDM":"02","KXH":"39","KSJC":1,"XKZRS":135,"SKZC":"000000001000000000000000000000","SKJS":"胡国政","ISTK":0,"ZCMC":"9周","YPSJDD":"1-5周 星期五 第1节-第2节 南湖南-博学主楼-102,1-10周 星期一 第1节-第2节 南湖南-博学主楼-102,11-15周 星期五 第1节-第2节 南湖南-博学主楼-102,12-14周 星期一 第1节-第2节 南湖南-博学主楼-102,7-9周 星期五 第1节-第2节 南湖南-博学主楼-102,16-17周 星期一 第1节-第2节 南湖南-博学主楼-102,9周 星期日 第1节-第2节 南湖南-博学主楼-102,1-15周 星期三 第3节-第4节 南湖南-博学主楼-102","XF":5,"SKXQ":7,"XNXQDM":"2024-2025-2","KCM":"高等数学A下","JASDM":"0202040102","JXLDM":"020204","JXBID":"20242-10440","SKBJ":"材料类2404-07","TYXMDM":null,"KCH":"10153121060"},{"KKDWDM":"071","XS":88,"BYBZ":"0","JSJC":4,"XXXQDM":"02","KXH":"44","KSJC":3,"XKZRS":128,"SKZC":"000000001000000000000000000000","SKJS":"胡国政","ISTK":0,"ZCMC":"9周","YPSJDD":"1-10周 星期一 第3节-第4节 南湖南-博学主楼-102,7-9周 星期五 第3节-第4节 南湖南-博学主楼-102,9周 星期日 第3节-第4节 南湖南-博学主楼-102,1-5周 星期五 第3节-第4节 南湖南-博学主楼-102,12-14周 星期一 第3节-第4节 南湖南-博学主楼-102,16-17周 星期一 第3节-第4节 南湖南-博学主楼-102,11-15周 星期五 第3节-第4节 南湖南-博学主楼-102,1-15周 星期三 第1节-第2节 南湖南-博学主楼-102","XF":5,"SKXQ":7,"XNXQDM":"2024-2025-2","KCM":"高等数学A下","JASDM":"0202040102","JXLDM":"020204","JXBID":"20242-10512","SKBJ":"电信类2405-08","TYXMDM":null,"KCH":"10153121060"},{"KKDWDM":"010","XS":32,"BYBZ":"0","JSJC":7,"XXXQDM":"02","KXH":"01","KSJC":6,"XKZRS":113,"SKZC":"000000001000000000000000000000","SKJS":"袁艳斌","ISTK":0,"ZCMC":"9周","YPSJDD":"11-16周 星期五 第6节-第7节 南湖南-博学主楼-102,17周 星期三 第6节-第7节 南湖南-博学主楼-102,1-5周 星期五 第6节-第7节 南湖南-博学主楼-102,9周 星期日 第6节-第7节 南湖南-博学主楼-102,7-9周 星期五 第6节-第7节 南湖南-博学主楼-102","XF":2,"SKXQ":7,"XNXQDM":"2024-2025-2","KCM":"地质学B","JASDM":"0202040102","JXLDM":"020204","JXBID":"20242-04341","SKBJ":"地信2301-03","TYXMDM":null,"KCH":"10104117058"},{"KKDWDM":"010","XS":32,"BYBZ":"0","JSJC":7,"XXXQDM":"02","KXH":"01","KSJC":6,"XKZRS":113,"SKZC":"000000000011111100000000000000","SKJS":"袁艳斌","ISTK":0,"ZCMC":"11-16周","YPSJDD":"11-16周 星期五 第6节-第7节 南湖南-博学主楼-102,17周 星期三 第6节-第7节 南湖南-博学主楼-102,1-5周 星期五 第6节-第7节 南湖南-博学主楼-102,9周 星期日 第6节-第7节 南湖南-博学主楼-102,7-9周 星期五 第6节-第7节 南湖南-博学主楼-102","XF":2,"SKXQ":5,"XNXQDM":"2024-2025-2","KCM":"地质学B","JASDM":"0202040102","JXLDM":"020204","JXBID":"20242-04341","SKBJ":"地信2301-03","TYXMDM":null,"KCH":"10104117058"},{"KKDWDM":"071","XS":88,"BYBZ":"0","JSJC":2,"XXXQDM":"02","KXH":"39","KSJC":1,"XKZRS":135,"SKZC":"000000000011111000000000000000","SKJS":"胡国政","ISTK":0,"ZCMC":"11-15周","YPSJDD":"1-5周 星期五 第1节-第2节 南湖南-博学主楼-102,1-10周 星期一 第1节-第2节 南湖南-博学主楼-102,11-15周 星期五 第1节-第2节 南湖南-博学主楼-102,12-14周 星期一 第1节-第2节 南湖南-博学主楼-102,7-9周 星期五 第1节-第2节 南湖南-博学主楼-102,16-17周 星期一 第1节-第2节 南湖南-博学主楼-102,9周 星期日 第1节-第2节 南湖南-博学主楼-102,1-15周 星期三 第3节-第4节 南湖南-博学主楼-102","XF":5,"SKXQ":5,"XNXQDM":"2024-2025-2","KCM":"高等数学A下","JASDM":"0202040102","JXLDM":"020204","JXBID":"20242-10440","SKBJ":"材料类2404-07","TYXMDM":null,"KCH":"10153121060"},{"KKDWDM":"071","XS":88,"BYBZ":"0","JSJC":4,"XXXQDM":"02","KXH":"44","KSJC":3,"XKZRS":128,"SKZC":"000000000011111000000000000000","SKJS":"胡国政","ISTK":0,"ZCMC":"11-15周","YPSJDD":"1-10周 星期一 第3节-第4节 南湖南-博学主楼-102,7-9周 星期五 第3节-第4节 南湖南-博学主楼-102,9周 星期日 第3节-第4节 南湖南-博学主楼-102,1-5周 星期五 第3节-第4节 南湖南-博学主楼-102,12-14周 星期一 第3节-第4节 南湖南-博学主楼-102,16-17周 星期一 第3节-第4节 南湖南-博学主楼-102,11-15周 星期五 第3节-第4节 南湖南-博学主楼-102,1-15周 星期三 第1节-第2节 南湖南-博学主楼-102","XF":5,"SKXQ":5,"XNXQDM":"2024-2025-2","KCM":"高等数学A下","JASDM":"0202040102","JXLDM":"020204","JXBID":"20242-10512","SKBJ":"电信类2405-08","TYXMDM":null,"KCH":"10153121060"},{"KKDWDM":"025","XS":32,"BYBZ":"0","JSJC":12,"XXXQDM":"02","KXH":"01","KSJC":11,"XKZRS":133,"SKZC":"000000000010000000000000","SKJS":"张之剑,彭华涛","ISTK":0,"ZCMC":"11周","YPSJDD":"11周 星期二 第11节-第12节 南湖南-博学主楼-102,1-10周 星期二 第11节-第13节 南湖南-博学主楼-102","XF":2,"SKXQ":2,"XNXQDM":"2024-2025-2","KCM":"大学生创业路演与实践(JD)","JASDM":"0202040102","JXLDM":"020204","JXBID":"20242-08757","SKBJ":"公选-08757","TYXMDM":null,"KCH":"10256121084"},{"KKDWDM":"071","XS":88,"BYBZ":"0","JSJC":2,"XXXQDM":"02","KXH":"39","KSJC":1,"XKZRS":135,"SKZC":"000000000001110000000000000000","SKJS":"胡国政","ISTK":0,"ZCMC":"12-14周","YPSJDD":"1-5周 星期五 第1节-第2节 南湖南-博学主楼-102,1-10周 星期一 第1节-第2节 南湖南-博学主楼-102,11-15周 星期五 第1节-第2节 南湖南-博学主楼-102,12-14周 星期一 第1节-第2节 南湖南-博学主楼-102,7-9周 星期五 第1节-第2节 南湖南-博学主楼-102,16-17周 星期一 第1节-第2节 南湖南-博学主楼-102,9周 星期日 第1节-第2节 南湖南-博学主楼-102,1-15周 星期三 第3节-第4节 南湖南-博学主楼-102","XF":5,"SKXQ":1,"XNXQDM":"2024-2025-2","KCM":"高等数学A下","JASDM":"0202040102","JXLDM":"020204","JXBID":"20242-10440","SKBJ":"材料类2404-07","TYXMDM":null,"KCH":"10153121060"},{"KKDWDM":"071","XS":88,"BYBZ":"0","JSJC":4,"XXXQDM":"02","KXH":"44","KSJC":3,"XKZRS":128,"SKZC":"000000000001110000000000000000","SKJS":"胡国政","ISTK":0,"ZCMC":"12-14周","YPSJDD":"1-10周 星期一 第3节-第4节 南湖南-博学主楼-102,7-9周 星期五 第3节-第4节 南湖南-博学主楼-102,9周 星期日 第3节-第4节 南湖南-博学主楼-102,1-5周 星期五 第3节-第4节 南湖南-博学主楼-102,12-14周 星期一 第3节-第4节 南湖南-博学主楼-102,16-17周 星期一 第3节-第4节 南湖南-博学主楼-102,11-15周 星期五 第3节-第4节 南湖南-博学主楼-102,1-15周 星期三 第1节-第2节 南湖南-博学主楼-102","XF":5,"SKXQ":1,"XNXQDM":"2024-2025-2","KCM":"高等数学A下","JASDM":"0202040102","JXLDM":"020204","JXBID":"20242-10512","SKBJ":"电信类2405-08","TYXMDM":null,"KCH":"10153121060"},{"KKDWDM":"021","XS":36,"BYBZ":"0","JSJC":8,"XXXQDM":"02","KXH":"129","KSJC":6,"XKZRS":109,"SKZC":"000000000001100000000000000000","SKJS":"陈哲","ISTK":0,"ZCMC":"12-13周","YPSJDD":"12-13周 星期一 第6节-第8节 南湖南-博学主楼-102,1-10周 星期一 第6节-第8节 南湖南-博学主楼-102","XF":2,"SKXQ":1,"XNXQDM":"2024-2025-2","KCM":"习近平新时代中国特色社会主义思想概论","JASDM":"0202040102","JXLDM":"020204","JXBID":"20242-05336","SKBJ":"信管2301,数管2302-03","TYXMDM":null,"KCH":"10211121033"},{"KKDWDM":"021","XS":8,"BYBZ":"0","JSJC":10,"XXXQDM":"02","KXH":"317","KSJC":9,"XKZRS":132,"SKZC":"0000000000001111000000000","SKJS":"肖萍","ISTK":0,"ZCMC":"13-16周","YPSJDD":"13-16周 星期四 第9节-第10节 南湖南-博学主楼-102","XF":0,"SKXQ":4,"XNXQDM":"2024-2025-2","KCM":"形势与政策","JASDM":"0202040102","JXLDM":"020204","JXBID":"20242-13954","SKBJ":"土木类2401,工设g2402,数学类2412,机电类2402-04,生科类2404,电信类2401-06,计算机类2402-09,计算机类2414,车辆类2402","TYXMDM":null,"KCH":"10218121092"},{"KKDWDM":"021","XS":8,"BYBZ":"0","JSJC":7,"XXXQDM":"02","KXH":"668","KSJC":6,"XKZRS":134,"SKZC":"0000000000001111000000000","SKJS":"罗婷","ISTK":0,"ZCMC":"13-16周","YPSJDD":"13-16周 星期四 第6节-第7节 南湖南-博学主楼-102","XF":0,"SKXQ":4,"XNXQDM":"2024-2025-2","KCM":"形势与政策","JASDM":"0202040102","JXLDM":"020204","JXBID":"20242-14259","SKBJ":"信管2401,化生类2410,土木类2408,地信2401,工力jd2401,工商类2411,数经sy2401,机电类2407,材料类2414-16,自动化类2410-11,设计学类2403","TYXMDM":null,"KCH":"10218121092"},{"KKDWDM":"071","XS":88,"BYBZ":"0","JSJC":2,"XXXQDM":"02","KXH":"39","KSJC":1,"XKZRS":135,"SKZC":"000000000000000110000000000000","SKJS":"胡国政","ISTK":0,"ZCMC":"16-17周","YPSJDD":"1-5周 星期五 第1节-第2节 南湖南-博学主楼-102,1-10周 星期一 第1节-第2节 南湖南-博学主楼-102,11-15周 星期五 第1节-第2节 南湖南-博学主楼-102,12-14周 星期一 第1节-第2节 南湖南-博学主楼-102,7-9周 星期五 第1节-第2节 南湖南-博学主楼-102,16-17周 星期一 第1节-第2节 南湖南-博学主楼-102,9周 星期日 第1节-第2节 南湖南-博学主楼-102,1-15周 星期三 第3节-第4节 南湖南-博学主楼-102","XF":5,"SKXQ":1,"XNXQDM":"2024-2025-2","KCM":"高等数学A下","JASDM":"0202040102","JXLDM":"020204","JXBID":"20242-10440","SKBJ":"材料类2404-07","TYXMDM":null,"KCH":"10153121060"},{"KKDWDM":"071","XS":88,"BYBZ":"0","JSJC":4,"XXXQDM":"02","KXH":"44","KSJC":3,"XKZRS":128,"SKZC":"000000000000000110000000000000","SKJS":"胡国政","ISTK":0,"ZCMC":"16-17周","YPSJDD":"1-10周 星期一 第3节-第4节 南湖南-博学主楼-102,7-9周 星期五 第3节-第4节 南湖南-博学主楼-102,9周 星期日 第3节-第4节 南湖南-博学主楼-102,1-5周 星期五 第3节-第4节 南湖南-博学主楼-102,12-14周 星期一 第3节-第4节 南湖南-博学主楼-102,16-17周 星期一 第3节-第4节 南湖南-博学主楼-102,11-15周 星期五 第3节-第4节 南湖南-博学主楼-102,1-15周 星期三 第1节-第2节 南湖南-博学主楼-102","XF":5,"SKXQ":1,"XNXQDM":"2024-2025-2","KCM":"高等数学A下","JASDM":"0202040102","JXLDM":"020204","JXBID":"20242-10512","SKBJ":"电信类2405-08","TYXMDM":null,"KCH":"10153121060"},{"KKDWDM":"010","XS":32,"BYBZ":"0","JSJC":7,"XXXQDM":"02","KXH":"01","KSJC":6,"XKZRS":113,"SKZC":"000000000000000010000000000000","SKJS":"袁艳斌","ISTK":0,"ZCMC":"17周","YPSJDD":"11-16周 星期五 第6节-第7节 南湖南-博学主楼-102,17周 星期三 第6节-第7节 南湖南-博学主楼-102,1-5周 星期五 第6节-第7节 南湖南-博学主楼-102,9周 星期日 第6节-第7节 南湖南-博学主楼-102,7-9周 星期五 第6节-第7节 南湖南-博学主楼-102","XF":2,"SKXQ":3,"XNXQDM":"2024-2025-2","KCM":"地质学B","JASDM":"0202040102","JXLDM":"020204","JXBID":"20242-04341","SKBJ":"地信2301-03","TYXMDM":null,"KCH":"10104117058"}]}},"code":"0"}