{"datas":{"jaskcb":{"extParams":{"code":1,"msg":"查询成功"},"pageSize":0,"pageNumber":0,"totalSize":-1,"rows":[{"KKDWDM":"072","XS":48,"BYBZ":"0","JSJC":8,"XXXQDM":"02","KXH":"01","KSJC":6,"XKZRS":71,"SKZC":"111111111101100000000000","SKJS":"谢颂华","ISTK":0,"ZCMC":"1-10周,12-13周","YPSJDD":"14-16周(双) 星期一 第6节-第7节 南湖南-博学主楼-510,1-10周,12-13周 星期一 第6节-第8节 南湖南-博学主楼-510","XF":3,"SKXQ":1,"XNXQDM":"2024-2025-2","KCM":"数据结构与算法设计","JASDM":"0202040510","JXLDM":"020204","JXBID":"20242-05059","SKBJ":"电信科2301-02","TYXMDM":null,"KCH":"10155121024"},{"KKDWDM":"030","XS":32,"BYBZ":"0","JSJC":13,"XXXQDM":"02","KXH":"01","KSJC":11,"XKZRS":27,"SKZC":"111111111100000000000000","SKJS":"唐佩,孙涛,李博,李秋,陈伟","ISTK":0,"ZCMC":"1-10周","YPSJDD":"12周 星期一 第11节-第12节 南湖南-博学主楼-510,1-10周 星期一 第11节-第13节 南湖南-博学主楼-510","XF":2,"SKXQ":1,"XNXQDM":"2024-2025-2","KCM":"兼收并蓄——“双碳”背景下水泥混凝土的未来(JD)","JASDM":"0202040510","JXLDM":"020204","JXBID":"20242-08863","SKBJ":"公选-08863","TYXMDM":null,"KCH":"10306121009"},{"KKDWDM":"017","XS":40,"BYBZ":"0","JSJC":2,"XXXQDM":"02","KXH":"02","KSJC":1,"XKZRS":118,"SKZC":"111111110000000000000000000000","SKJS":"周朝阳","ISTK":0,"ZCMC":"1-8周","YPSJDD":"7-8周 星期五 第3节-第5节 南湖南-博学主楼-510,1-8周 星期三 第1节-第2节 南湖南-博学主楼-510,1-5周 星期五 第3节-第5节 南湖南-博学主楼-510,9周 星期日 第3节-第5节 南湖南-博学主楼-510","XF":2,"SKXQ":3,"XNXQDM":"2024-2025-2","KCM":"税务会计C","JASDM":"0202040510","JXLDM":"020204","JXBID":"20242-02060","SKBJ":"会计2201-03,会计ACCA2201","TYXMDM":null,"KCH":"10174117125"},{"KKDWDM":"009","XS":32,"BYBZ":"0","JSJC":4,"XXXQDM":"02","KXH":"01","KSJC":3,"XKZRS":40,"SKZC":"11111111","SKJS":"周军莉","ISTK":0,"ZCMC":"1-8周","YPSJDD":"1-8周 星期一 第1节-第2节 南湖南-博学主楼-510,1-8周 星期三 第3节-第4节 南湖南-博学主楼-510","XF":2,"SKXQ":3,"XNXQDM":"2024-2025-2","KCM":"空调工程","JASDM":"0202040510","JXLDM":"020204","JXBID":"20242-02482","SKBJ":"建环2201","TYXMDM":null,"KCH":"10094114007"},{"KKDWDM":"009","XS":32,"BYBZ":"0","JSJC":2,"XXXQDM":"02","KXH":"01","KSJC":1,"XKZRS":40,"SKZC":"11111111","SKJS":"周军莉","ISTK":0,"ZCMC":"1-8周","YPSJDD":"1-8周 星期一 第1节-第2节 南湖南-博学主楼-510,1-8周 星期三 第3节-第4节 南湖南-博学主楼-510","XF":2,"SKXQ":1,"XNXQDM":"2024-2025-2","KCM":"空调工程","JASDM":"0202040510","JXLDM":"020204","JXBID":"20242-02482","SKBJ":"建环2201","TYXMDM":null,"KCH":"10094114007"},{"KKDWDM":"018","XS":40,"BYBZ":"0","JSJC":5,"XXXQDM":"02","KXH":"01","KSJC":3,"XKZRS":45,"SKZC":"11111111","SKJS":"汪芳","ISTK":0,"ZCMC":"1-8周","YPSJDD":"1-8周 星期三 第1节-第2节 南湖南-博学主楼-502,1-8周 星期一 第3节-第5节 南湖南-博学主楼-510","XF":2,"SKXQ":1,"XNXQDM":"2024-2025-2","KCM":"产业经济学A","JASDM":"0202040510","JXLDM":"020204","JXBID":"20242-03717","SKBJ":"经 济2201-02","TYXMDM":null,"KCH":"10184111015"},{"KKDWDM":"007","XS":16,"BYBZ":"0","JSJC":4,"XXXQDM":"02","KXH":"05","KSJC":3,"XKZRS":67,"SKZC":"11111111","SKJS":"喻厚宇,黄妙华","ISTK":0,"ZCMC":"1-8周","YPSJDD":"1-8周 星期四 第3节-第4节 南湖南-博学主楼-510","XF":1,"SKXQ":4,"XNXQDM":"2024-2025-2","KCM":"汽车创新设计A","JASDM":"0202040510","JXLDM":"020204","JXBID":"20242-11424","SKBJ":"车辆gj2203-04","TYXMDM":null,"KCH":"10075117017"},{"KKDWDM":"017","XS":40,"BYBZ":"0","JSJC":5,"XXXQDM":"02","KXH":"02","KSJC":3,"XKZRS":118,"SKZC":"111110000000000000000000000000","SKJS":"周朝阳","ISTK":0,"ZCMC":"1-5周","YPSJDD":"7-8周 星期五 第3节-第5节 南湖南-博学主楼-510,1-8周 星期三 第1节-第2节 南湖南-博学主楼-510,1-5周 星期五 第3节-第5节 南湖南-博学主楼-510,9周 星期日 第3节-第5节 南湖南-博学主楼-510","XF":2,"SKXQ":5,"XNXQDM":"2024-2025-2","KCM":"税务会计C","JASDM":"0202040510","JXLDM":"020204","JXBID":"20242-02060","SKBJ":"会计2201-03,会计ACCA2201","TYXMDM":null,"KCH":"10174117125"},{"KKDWDM":"017","XS":40,"BYBZ":"0","JSJC":5,"XXXQDM":"02","KXH":"02","KSJC":3,"XKZRS":118,"SKZC":"000000110000000000000000000000","SKJS":"周朝阳","ISTK":0,"ZCMC":"7-8周","YPSJDD":"7-8周 星期五 第3节-第5节 南湖南-博学主楼-510,1-8周 星期三 第1节-第2节 南湖南-博学主楼-510,1-5周 星期五 第3节-第5节 南湖南-博学主楼-510,9周 星期日 第3节-第5节 南湖南-博学主楼-510","XF":2,"SKXQ":5,"XNXQDM":"2024-2025-2","KCM":"税务会计C","JASDM":"0202040510","JXLDM":"020204","JXBID":"20242-02060","SKBJ":"会计2201-03,会计ACCA2201","TYXMDM":null,"KCH":"10174117125"},{"KKDWDM":"017","XS":32,"BYBZ":"0","JSJC":4,"XXXQDM":"02","KXH":"01","KSJC":3,"XKZRS":41,"SKZC":"000000001111111100000000000000","SKJS":"杜丽敬","ISTK":0,"ZCMC":"9-16周","YPSJDD":"12-14周 星期一 第3节-第4节 南湖南-博学主楼-509,9-10周 星期一 第3节-第4节 南湖南-博学主楼-509,17周 星期二 第3节-第4节 南湖南-博学主楼-509,16-17周 星期一 第3节-第4节 南湖南-博学主楼-509,9-16周 星期三 第3节-第4节 南湖南-博学主楼-510","XF":2,"SKXQ":3,"XNXQDM":"2024-2025-2","KCM":"采购管理B","JASDM":"0202040510","JXLDM":"020204","JXBID":"20242-02267","SKBJ":"工商2201-02,工商gj2201,工商t2201","TYXMDM":null,"KCH":"10175117063"},{"KKDWDM":"017","XS":32,"BYBZ":"0","JSJC":4,"XXXQDM":"02","KXH":"01","KSJC":3,"XKZRS":72,"SKZC":"000000001111111100000000000000","SKJS":"曹勤伟","ISTK":0,"ZCMC":"9-16周","YPSJDD":"17周 星期三 第1节-第2节 南湖南-博学主楼-510,9周 星期五 第1节-第2节 南湖南-博学主楼-510,9-16周 星期二 第3节-第4节 南湖南-博学主楼-510,11-16周 星期五 第1节-第2节 南湖南-博学主楼-510","XF":2,"SKXQ":2,"XNXQDM":"2024-2025-2","KCM":"创业学","JASDM":"0202040510","JXLDM":"020204","JXBID":"20242-02829","SKBJ":"工商2201-02,工商gj2201","TYXMDM":null,"KCH":"10174121165"},{"KKDWDM":"010","XS":48,"BYBZ":"0","JSJC":4,"XXXQDM":"02","KXH":"01","KSJC":3,"XKZRS":115,"SKZC":"000000001000000000000000000000","SKJS":"尹章才","ISTK":0,"ZCMC":"9周","YPSJDD":"16-17周 星期一 第1节-第2节 南湖南-博学东楼-105,17周 星期四 第3节-第4节 南湖南-博学主楼-510,9-10周 星期一 第1节-第2节 南湖南-博学东楼-105,9周 星期四 第3节-第4节 南湖南-博学主楼-510,11-16周 星期四 第3节-第4节 南湖南-博学主楼-510,12-14周 星期一 第1节-第2节 南湖南-博学东楼-105","XF":3,"SKXQ":4,"XNXQDM":"2024-2025-2","KCM":"网络GIS","JASDM":"0202040510","JXLDM":"020204","JXBID":"20242-02275","SKBJ":"地信2201-03","TYXMDM":null,"KCH":"10097311013"},{"KKDWDM":"017","XS":32,"BYBZ":"0","JSJC":2,"XXXQDM":"02","KXH":"01","KSJC":1,"XKZRS":72,"SKZC":"000000001000000000000000000000","SKJS":"曹勤伟","ISTK":0,"ZCMC":"9周","YPSJDD":"17周 星期三 第1节-第2节 南湖南-博学主楼-510,9周 星期五 第1节-第2节 南湖南-博学主楼-510,9-16周 星期二 第3节-第4节 南湖南-博学主楼-510,11-16周 星期五 第1节-第2节 南湖南-博学主楼-510","XF":2,"SKXQ":5,"XNXQDM":"2024-2025-2","KCM":"创业学","JASDM":"0202040510","JXLDM":"020204","JXBID":"20242-02829","SKBJ":"工商2201-02,工商gj2201","TYXMDM":null,"KCH":"10174121165"},{"KKDWDM":"017","XS":40,"BYBZ":"0","JSJC":5,"XXXQDM":"02","KXH":"02","KSJC":3,"XKZRS":118,"SKZC":"000000001000000000000000000000","SKJS":"周朝阳","ISTK":0,"ZCMC":"9周","YPSJDD":"7-8周 星期五 第3节-第5节 南湖南-博学主楼-510,1-8周 星期三 第1节-第2节 南湖南-博学主楼-510,1-5周 星期五 第3节-第5节 南湖南-博学主楼-510,9周 星期日 第3节-第5节 南湖南-博学主楼-510","XF":2,"SKXQ":7,"XNXQDM":"2024-2025-2","KCM":"税务会计C","JASDM":"0202040510","JXLDM":"020204","JXBID":"20242-02060","SKBJ":"会计2201-03,会计ACCA2201","TYXMDM":null,"KCH":"10174117125"},{"KKDWDM":"010","XS":48,"BYBZ":"0","JSJC":4,"XXXQDM":"02","KXH":"01","KSJC":3,"XKZRS":115,"SKZC":"000000000011111100000000000000","SKJS":"尹章才","ISTK":0,"ZCMC":"11-16周","YPSJDD":"16-17周 星期一 第1节-第2节 南湖南-博学东楼-105,17周 星期四 第3节-第4节 南湖南-博学主楼-510,9-10周 星期一 第1节-第2节 南湖南-博学东楼-105,9周 星期四 第3节-第4节 南湖南-博学主楼-510,11-16周 星期四 第3节-第4节 南湖南-博学主楼-510,12-14周 星期一 第1节-第2节 南湖南-博学东楼-105","XF":3,"SKXQ":4,"XNXQDM":"2024-2025-2","KCM":"网络GIS","JASDM":"0202040510","JXLDM":"020204","JXBID":"20242-02275","SKBJ":"地信2201-03","TYXMDM":null,"KCH":"10097311013"},{"KKDWDM":"017","XS":32,"BYBZ":"0","JSJC":2,"XXXQDM":"02","KXH":"01","KSJC":1,"XKZRS":72,"SKZC":"000000000011111100000000000000","SKJS":"曹勤伟","ISTK":0,"ZCMC":"11-16周","YPSJDD":"17周 星期三 第1节-第2节 南湖南-博学主楼-510,9周 星期五 第1节-第2节 南湖南-博学主楼-510,9-16周 星期二 第3节-第4节 南湖南-博学主楼-510,11-16周 星期五 第1节-第2节 南湖南-博学主楼-510","XF":2,"SKXQ":5,"XNXQDM":"2024-2025-2","KCM":"创业学","JASDM":"0202040510","JXLDM":"020204","JXBID":"20242-02829","SKBJ":"工商2201-02,工商gj2201","TYXMDM":null,"KCH":"10174121165"},{"KKDWDM":"030","XS":32,"BYBZ":"0","JSJC":12,"XXXQDM":"02","KXH":"01","KSJC":11,"XKZRS":27,"SKZC":"000000000001000000000000","SKJS":"唐佩,孙涛,李博,李秋,陈伟","ISTK":0,"ZCMC":"12周","YPSJDD":"12周 星期一 第11节-第12节 南湖南-博学主楼-510,1-10周 星期一 第11节-第13节 南湖南-博学主楼-510","XF":2,"SKXQ":1,"XNXQDM":"2024-2025-2","KCM":"兼收并蓄——“双碳”背景下水泥混凝土的未来(JD)","JASDM":"0202040510","JXLDM":"020204","JXBID":"20242-08863","SKBJ":"公选-08863","TYXMDM":null,"KCH":"10306121009"},{"KKDWDM":"072","XS":48,"BYBZ":"0","JSJC":7,"XXXQDM":"02","KXH":"01","KSJC":6,"XKZRS":71,"SKZC":"000000000000010100000000","SKJS":"谢颂华","ISTK":0,"ZCMC":"14-16周(双)","YPSJDD":"14-16周(双) 星期一 第6节-第7节 南湖南-博学主楼-510,1-10周,12-13周 星期一 第6节-第8节 南湖南-博学主楼-510","XF":3,"SKXQ":1,"XNXQDM":"2024-2025-2","KCM":"数据结构与算法设计","JASDM":"0202040510","JXLDM":"020204","JXBID":"20242-05059","SKBJ":"电信科2301-02","TYXMDM":null,"KCH":"10155121024"},{"KKDWDM":"017","XS":32,"BYBZ":"0","JSJC":2,"XXXQDM":"02","KXH":"01","KSJC":1,"XKZRS":72,"SKZC":"000000000000000010000000000000","SKJS":"曹勤伟","ISTK":0,"ZCMC":"17周","YPSJDD":"17周 星期三 第1节-第2节 南湖南-博学主楼-510,9周 星期五 第1节-第2节 南湖南-博学主楼-510,9-16周 星期二 第3节-第4节 南湖南-博学主楼-510,11-16周 星期五 第1节-第2节 南湖南-博学主楼-510","XF":2,"SKXQ":3,"XNXQDM":"2024-2025-2","KCM":"创业学","JASDM":"0202040510","JXLDM":"020204","JXBID":"20242-02829","SKBJ":"工商2201-02,工商gj2201","TYXMDM":null,"KCH":"10174121165"},{"KKDWDM":"010","XS":48,"BYBZ":"0","JSJC":4,"XXXQDM":"02","KXH":"01","KSJC":3,"XKZRS":115,"SKZC":"000000000000000010000000000000","SKJS":null,"ISTK":0,"ZCMC":"17周","YPSJDD":"16-17周 星期一 第1节-第2节 南湖南-博学东楼-105,17周 星期四 第3节-第4节 南湖南-博学主楼-510,9-10周 星期一 第1节-第2节 南湖南-博学东楼-105,9周 星期四 第3节-第4节 南湖南-博学主楼-510,11-16周 星期四 第3节-第4节 南湖南-博学主楼-510,12-14周 星期一 第1节-第2节 南湖南-博学东楼-105","XF":3,"SKXQ":4,"XNXQDM":"2024-2025-2","KCM":"网络GIS","JASDM":"0202040510","JXLDM":"020204","JXBID":"20242-02275","SKBJ":"地信2201-03","TYXMDM":null,"KCH":"10097311013"}]}},"code":"0"}