{"datas":{"jaskcb":{"extParams":{"code":1,"msg":"查询成功"},"pageSize":0,"pageNumber":0,"totalSize":-1,"rows":[{"KKDWDM":"072","XS":48,"BYBZ":"0","JSJC":5,"XXXQDM":"02","KXH":"01","KSJC":3,"XKZRS":113,"SKZC":"111111111111111100000000","SKJS":"陈清明","ISTK":0,"ZCMC":"1-16周","YPSJDD":"1-16周 星期三 第3节-第5节 南湖南-博学主楼-406","XF":3,"SKXQ":3,"XNXQDM":"2024-2025-2","KCM":"激光原理与技术A","JASDM":"0202040406","JXLDM":"020204","JXBID":"20242-03628","SKBJ":"光信科2201-03","TYXMDM":null,"KCH":"10155111039"},{"KKDWDM":"071","XS":48,"BYBZ":"0","JSJC":5,"XXXQDM":"02","KXH":"01","KSJC":3,"XKZRS":61,"SKZC":"111111111100000000000000000000","SKJS":"毛树华","ISTK":0,"ZCMC":"1-10周","YPSJDD":"16-17周 星期一 第3节-第5节 南湖南-博学主楼-406,17周 星期二 第3节-第5节 南湖南-博学主楼-406,12-14周 星期一 第3节-第5节 南湖南-博学主楼-406,1-10周 星期一 第3节-第5节 南湖南-博学主楼-406","XF":3,"SKXQ":1,"XNXQDM":"2024-2025-2","KCM":"统计预测与决策","JASDM":"0202040406","JXLDM":"020204","JXBID":"20242-02739","SKBJ":"统计2201-02","TYXMDM":null,"KCH":"10095111014"},{"KKDWDM":"016","XS":32,"BYBZ":"0","JSJC":4,"XXXQDM":"02","KXH":"01","KSJC":3,"XKZRS":79,"SKZC":"111111110000000000000000000000","SKJS":"程冬炳","ISTK":0,"ZCMC":"1-8周","YPSJDD":"1-8周 星期四 第3节-第4节 南湖南-博学主楼-406,1-8周 星期二 第1节-第2节 南湖南-博学主楼-406","XF":2,"SKXQ":4,"XNXQDM":"2024-2025-2","KCM":"生物化学C","JASDM":"0202040406","JXLDM":"020204","JXBID":"20242-03620","SKBJ":"应化2201-03","TYXMDM":null,"KCH":"10165121005"},{"KKDWDM":"016","XS":32,"BYBZ":"0","JSJC":2,"XXXQDM":"02","KXH":"01","KSJC":1,"XKZRS":79,"SKZC":"111111110000000000000000000000","SKJS":"程冬炳","ISTK":0,"ZCMC":"1-8周","YPSJDD":"1-8周 星期四 第3节-第4节 南湖南-博学主楼-406,1-8周 星期二 第1节-第2节 南湖南-博学主楼-406","XF":2,"SKXQ":2,"XNXQDM":"2024-2025-2","KCM":"生物化学C","JASDM":"0202040406","JXLDM":"020204","JXBID":"20242-03620","SKBJ":"应化2201-03","TYXMDM":null,"KCH":"10165121005"},{"KKDWDM":"018","XS":32,"BYBZ":"0","JSJC":5,"XXXQDM":"02","KXH":"01","KSJC":3,"XKZRS":52,"SKZC":"111111110000000000000000","SKJS":"陈冬林","ISTK":0,"ZCMC":"1-8周","YPSJDD":"9周 星期二 第3节-第4节 南湖南-博学主楼-406,1-8周 星期二 第3节-第5节 南湖南-博学主楼-406","XF":2,"SKXQ":2,"XNXQDM":"2024-2025-2","KCM":"电子商务解决方案","JASDM":"0202040406","JXLDM":"020204","JXBID":"20242-02893","SKBJ":"电商2201-02,经济cy2201","TYXMDM":null,"KCH":"4010015110"},{"KKDWDM":"012","XS":56,"BYBZ":"0","JSJC":5,"XXXQDM":"02","KXH":"01","KSJC":3,"XKZRS":95,"SKZC":"111110000000000000000000000000","SKJS":"李富洋","ISTK":0,"ZCMC":"1-5周","YPSJDD":"17周 星期三 第3节-第5节 南湖南-博学主楼-406,11-16周 星期五 第3节-第5节 南湖南-博学主楼-406,7-9周 星期五 第3节-第5节 南湖南-博学主楼-406,9周 星期日 第3节-第5节 南湖南-博学主楼-406,1-5周 星期五 第3节-第5节 南湖南-博学主楼-406","XF":3,"SKXQ":5,"XNXQDM":"2024-2025-2","KCM":"编译原理","JASDM":"0202040406","JXLDM":"020204","JXBID":"20242-05215","SKBJ":"大数据2301-02","TYXMDM":null,"KCH":"10124115003"},{"KKDWDM":"012","XS":56,"BYBZ":"0","JSJC":5,"XXXQDM":"02","KXH":"01","KSJC":3,"XKZRS":95,"SKZC":"000000111000000000000000000000","SKJS":"李富洋","ISTK":0,"ZCMC":"7-9周","YPSJDD":"17周 星期三 第3节-第5节 南湖南-博学主楼-406,11-16周 星期五 第3节-第5节 南湖南-博学主楼-406,7-9周 星期五 第3节-第5节 南湖南-博学主楼-406,9周 星期日 第3节-第5节 南湖南-博学主楼-406,1-5周 星期五 第3节-第5节 南湖南-博学主楼-406","XF":3,"SKXQ":5,"XNXQDM":"2024-2025-2","KCM":"编译原理","JASDM":"0202040406","JXLDM":"020204","JXBID":"20242-05215","SKBJ":"大数据2301-02","TYXMDM":null,"KCH":"10124115003"},{"KKDWDM":"012","XS":56,"BYBZ":"0","JSJC":5,"XXXQDM":"02","KXH":"01","KSJC":3,"XKZRS":95,"SKZC":"000000001000000000000000000000","SKJS":"李富洋","ISTK":0,"ZCMC":"9周","YPSJDD":"17周 星期三 第3节-第5节 南湖南-博学主楼-406,11-16周 星期五 第3节-第5节 南湖南-博学主楼-406,7-9周 星期五 第3节-第5节 南湖南-博学主楼-406,9周 星期日 第3节-第5节 南湖南-博学主楼-406,1-5周 星期五 第3节-第5节 南湖南-博学主楼-406","XF":3,"SKXQ":7,"XNXQDM":"2024-2025-2","KCM":"编译原理","JASDM":"0202040406","JXLDM":"020204","JXBID":"20242-05215","SKBJ":"大数据2301-02","TYXMDM":null,"KCH":"10124115003"},{"KKDWDM":"018","XS":32,"BYBZ":"0","JSJC":4,"XXXQDM":"02","KXH":"01","KSJC":3,"XKZRS":52,"SKZC":"000000001000000000000000","SKJS":"陈冬林","ISTK":0,"ZCMC":"9周","YPSJDD":"9周 星期二 第3节-第4节 南湖南-博学主楼-406,1-8周 星期二 第3节-第5节 南湖南-博学主楼-406","XF":2,"SKXQ":2,"XNXQDM":"2024-2025-2","KCM":"电子商务解决方案","JASDM":"0202040406","JXLDM":"020204","JXBID":"20242-02893","SKBJ":"电商2201-02,经济cy2201","TYXMDM":null,"KCH":"4010015110"},{"KKDWDM":"012","XS":56,"BYBZ":"0","JSJC":5,"XXXQDM":"02","KXH":"01","KSJC":3,"XKZRS":95,"SKZC":"000000000011111100000000000000","SKJS":"李富洋","ISTK":0,"ZCMC":"11-16周","YPSJDD":"17周 星期三 第3节-第5节 南湖南-博学主楼-406,11-16周 星期五 第3节-第5节 南湖南-博学主楼-406,7-9周 星期五 第3节-第5节 南湖南-博学主楼-406,9周 星期日 第3节-第5节 南湖南-博学主楼-406,1-5周 星期五 第3节-第5节 南湖南-博学主楼-406","XF":3,"SKXQ":5,"XNXQDM":"2024-2025-2","KCM":"编译原理","JASDM":"0202040406","JXLDM":"020204","JXBID":"20242-05215","SKBJ":"大数据2301-02","TYXMDM":null,"KCH":"10124115003"},{"KKDWDM":"071","XS":48,"BYBZ":"0","JSJC":5,"XXXQDM":"02","KXH":"01","KSJC":3,"XKZRS":61,"SKZC":"000000000001110000000000000000","SKJS":"毛树华","ISTK":0,"ZCMC":"12-14周","YPSJDD":"16-17周 星期一 第3节-第5节 南湖南-博学主楼-406,17周 星期二 第3节-第5节 南湖南-博学主楼-406,12-14周 星期一 第3节-第5节 南湖南-博学主楼-406,1-10周 星期一 第3节-第5节 南湖南-博学主楼-406","XF":3,"SKXQ":1,"XNXQDM":"2024-2025-2","KCM":"统计预测与决策","JASDM":"0202040406","JXLDM":"020204","JXBID":"20242-02739","SKBJ":"统计2201-02","TYXMDM":null,"KCH":"10095111014"},{"KKDWDM":"071","XS":48,"BYBZ":"0","JSJC":5,"XXXQDM":"02","KXH":"01","KSJC":3,"XKZRS":61,"SKZC":"000000000000000110000000000000","SKJS":"毛树华","ISTK":0,"ZCMC":"16-17周","YPSJDD":"16-17周 星期一 第3节-第5节 南湖南-博学主楼-406,17周 星期二 第3节-第5节 南湖南-博学主楼-406,12-14周 星期一 第3节-第5节 南湖南-博学主楼-406,1-10周 星期一 第3节-第5节 南湖南-博学主楼-406","XF":3,"SKXQ":1,"XNXQDM":"2024-2025-2","KCM":"统计预测与决策","JASDM":"0202040406","JXLDM":"020204","JXBID":"20242-02739","SKBJ":"统计2201-02","TYXMDM":null,"KCH":"10095111014"},{"KKDWDM":"012","XS":56,"BYBZ":"0","JSJC":5,"XXXQDM":"02","KXH":"01","KSJC":3,"XKZRS":95,"SKZC":"000000000000000010000000000000","SKJS":"李富洋","ISTK":0,"ZCMC":"17周","YPSJDD":"17周 星期三 第3节-第5节 南湖南-博学主楼-406,11-16周 星期五 第3节-第5节 南湖南-博学主楼-406,7-9周 星期五 第3节-第5节 南湖南-博学主楼-406,9周 星期日 第3节-第5节 南湖南-博学主楼-406,1-5周 星期五 第3节-第5节 南湖南-博学主楼-406","XF":3,"SKXQ":3,"XNXQDM":"2024-2025-2","KCM":"编译原理","JASDM":"0202040406","JXLDM":"020204","JXBID":"20242-05215","SKBJ":"大数据2301-02","TYXMDM":null,"KCH":"10124115003"},{"KKDWDM":"071","XS":48,"BYBZ":"0","JSJC":5,"XXXQDM":"02","KXH":"01","KSJC":3,"XKZRS":61,"SKZC":"000000000000000010000000000000","SKJS":"毛树华","ISTK":0,"ZCMC":"17周","YPSJDD":"16-17周 星期一 第3节-第5节 南湖南-博学主楼-406,17周 星期二 第3节-第5节 南湖南-博学主楼-406,12-14周 星期一 第3节-第5节 南湖南-博学主楼-406,1-10周 星期一 第3节-第5节 南湖南-博学主楼-406","XF":3,"SKXQ":2,"XNXQDM":"2024-2025-2","KCM":"统计预测与决策","JASDM":"0202040406","JXLDM":"020204","JXBID":"20242-02739","SKBJ":"统计2201-02","TYXMDM":null,"KCH":"10095111014"}]}},"code":"0"}