{"datas":{"jaskcb":{"extParams":{"code":1,"msg":"查询成功"},"pageSize":0,"pageNumber":0,"totalSize":-1,"rows":[{"KKDWDM":"012","XS":40,"BYBZ":"0","JSJC":4,"XXXQDM":"02","KXH":"01","KSJC":3,"XKZRS":75,"SKZC":"1111111111111111","SKJS":"戚欣,熊盛武","ISTK":0,"ZCMC":"1-16周","YPSJDD":"1-16周 星期三 第3节-第4节 南湖南-博学西楼-404","XF":2,"SKXQ":3,"XNXQDM":"2024-2025-2","KCM":"计算机数值分析","JASDM":"0202030404","JXLDM":"020203","JXBID":"20242-05001","SKBJ":"软件zy2301-02","TYXMDM":null,"KCH":"10124117073"},{"KKDWDM":"072","XS":64,"BYBZ":"0","JSJC":2,"XXXQDM":"02","KXH":"02","KSJC":1,"XKZRS":79,"SKZC":"111111111111111000000000000000","SKJS":"吕林女","ISTK":0,"ZCMC":"1-15周","YPSJDD":"11-16周 星期五 第3节-第4节 南湖南-博学西楼-404,7-9周 星期五 第3节-第4节 南湖南-博学西楼-404,1-5周 星期五 第3节-第4节 南湖南-博学西楼-404,9周 星期日 第3节-第4节 南湖南-博学西楼-404,1-15周 星期三 第1节-第2节 南湖南-博学西楼-404","XF":4,"SKXQ":3,"XNXQDM":"2024-2025-2","KCM":"材料力学C","JASDM":"0202030404","JXLDM":"020203","JXBID":"20242-04497","SKBJ":"成型2301-02","TYXMDM":null,"KCH":"10154111009"},{"KKDWDM":"016","XS":40,"BYBZ":"0","JSJC":5,"XXXQDM":"02","KXH":"01","KSJC":3,"XKZRS":79,"SKZC":"111111111111000000000000","SKJS":"陈敏","ISTK":0,"ZCMC":"1-12周","YPSJDD":"13-14周 星期二 第3节-第4节 南湖南-博学西楼-404,1-12周 星期二 第3节-第5节 南湖南-博学西楼-404","XF":2,"SKXQ":2,"XNXQDM":"2024-2025-2","KCM":"有机化学B1","JASDM":"0202030404","JXLDM":"020203","JXBID":"20242-04759","SKBJ":"无机非2301-02","TYXMDM":null,"KCH":"10165117022"},{"KKDWDM":"008","XS":32,"BYBZ":"0","JSJC":7,"XXXQDM":"02","KXH":"02","KSJC":6,"XKZRS":73,"SKZC":"111111111100000000000000000000","SKJS":"陈雷","ISTK":0,"ZCMC":"1-10周","YPSJDD":"1-10周 星期一 第6节-第7节 南湖南-博学西楼-404,12-14周 星期一 第6节-第7节 南湖南-博学西楼-404,16周 星期一 第6节-第7节 南湖南-博学西楼-404","XF":2,"SKXQ":1,"XNXQDM":"2024-2025-2","KCM":"控制工程基础A","JASDM":"0202030404","JXLDM":"020203","JXBID":"20242-05165","SKBJ":"机械2305,机械zy2301","TYXMDM":null,"KCH":"10085117018"},{"KKDWDM":"017","XS":48,"BYBZ":"0","JSJC":5,"XXXQDM":"02","KXH":"01","KSJC":3,"XKZRS":63,"SKZC":"111111111100000000000000000000","SKJS":"罗帆","ISTK":0,"ZCMC":"1-10周","YPSJDD":"16-17周 星期一 第3节-第5节 南湖南-博学西楼-404,17周 星期二 第3节-第5节 南湖南-博学西楼-404,1-10周 星期一 第3节-第5节 南湖南-博学西楼-404,12-14周 星期一 第3节-第5节 南湖南-博学西楼-404","XF":3,"SKXQ":1,"XNXQDM":"2024-2025-2","KCM":"人力资源管理","JASDM":"0202030404","JXLDM":"020203","JXBID":"20242-05674","SKBJ":"工商2301-02","TYXMDM":null,"KCH":"10175121004"},{"KKDWDM":"016","XS":32,"BYBZ":"0","JSJC":8,"XXXQDM":"02","KXH":"01","KSJC":6,"XKZRS":62,"SKZC":"111111111100000000000000","SKJS":"张静丽","ISTK":0,"ZCMC":"1-10周","YPSJDD":"11周 星期二 第6节-第7节 南湖南-博学西楼-404,1-10周 星期二 第6节-第8节 南湖南-博学西楼-404","XF":2,"SKXQ":2,"XNXQDM":"2024-2025-2","KCM":"化学生物学","JASDM":"0202030404","JXLDM":"020203","JXBID":"20242-02280","SKBJ":"生物2201,生物制药2201","TYXMDM":null,"KCH":"10165112027"},{"KKDWDM":"016","XS":32,"BYBZ":"0","JSJC":4,"XXXQDM":"02","KXH":"01","KSJC":3,"XKZRS":81,"SKZC":"111111110000000000000000","SKJS":"张方林","ISTK":0,"ZCMC":"1-8周","YPSJDD":"1-8周 星期二 第1节-第2节 南湖南-博学西楼-404,1-8周 星期四 第3节-第4节 南湖南-博学西楼-404","XF":2,"SKXQ":4,"XNXQDM":"2024-2025-2","KCM":"制药工艺学A","JASDM":"0202030404","JXLDM":"020203","JXBID":"20242-02671","SKBJ":"制药zy2201-03","TYXMDM":null,"KCH":"10275111008"},{"KKDWDM":"016","XS":32,"BYBZ":"0","JSJC":2,"XXXQDM":"02","KXH":"01","KSJC":1,"XKZRS":81,"SKZC":"111111110000000000000000","SKJS":"张方林","ISTK":0,"ZCMC":"1-8周","YPSJDD":"1-8周 星期二 第1节-第2节 南湖南-博学西楼-404,1-8周 星期四 第3节-第4节 南湖南-博学西楼-404","XF":2,"SKXQ":2,"XNXQDM":"2024-2025-2","KCM":"制药工艺学A","JASDM":"0202030404","JXLDM":"020203","JXBID":"20242-02671","SKBJ":"制药zy2201-03","TYXMDM":null,"KCH":"10275111008"},{"KKDWDM":"072","XS":64,"BYBZ":"0","JSJC":4,"XXXQDM":"02","KXH":"02","KSJC":3,"XKZRS":79,"SKZC":"111110000000000000000000000000","SKJS":"吕林女","ISTK":0,"ZCMC":"1-5周","YPSJDD":"11-16周 星期五 第3节-第4节 南湖南-博学西楼-404,7-9周 星期五 第3节-第4节 南湖南-博学西楼-404,1-5周 星期五 第3节-第4节 南湖南-博学西楼-404,9周 星期日 第3节-第4节 南湖南-博学西楼-404,1-15周 星期三 第1节-第2节 南湖南-博学西楼-404","XF":4,"SKXQ":5,"XNXQDM":"2024-2025-2","KCM":"材料力学C","JASDM":"0202030404","JXLDM":"020203","JXBID":"20242-04497","SKBJ":"成型2301-02","TYXMDM":null,"KCH":"10154111009"},{"KKDWDM":"072","XS":64,"BYBZ":"0","JSJC":4,"XXXQDM":"02","KXH":"02","KSJC":3,"XKZRS":79,"SKZC":"000000111000000000000000000000","SKJS":"吕林女","ISTK":0,"ZCMC":"7-9周","YPSJDD":"11-16周 星期五 第3节-第4节 南湖南-博学西楼-404,7-9周 星期五 第3节-第4节 南湖南-博学西楼-404,1-5周 星期五 第3节-第4节 南湖南-博学西楼-404,9周 星期日 第3节-第4节 南湖南-博学西楼-404,1-15周 星期三 第1节-第2节 南湖南-博学西楼-404","XF":4,"SKXQ":5,"XNXQDM":"2024-2025-2","KCM":"材料力学C","JASDM":"0202030404","JXLDM":"020203","JXBID":"20242-04497","SKBJ":"成型2301-02","TYXMDM":null,"KCH":"10154111009"},{"KKDWDM":"007","XS":32,"BYBZ":"0","JSJC":2,"XXXQDM":"02","KXH":"04","KSJC":1,"XKZRS":33,"SKZC":"000000001111111100000000000000","SKJS":"杨灿","ISTK":0,"ZCMC":"9-16周","YPSJDD":"11-17周 星期四 第1节-第2节 南湖南-博学西楼-404,9周 星期四 第1节-第2节 南湖南-博学西楼-404,9-16周 星期二 第1节-第2节 南湖南-博学西楼-404","XF":2,"SKXQ":2,"XNXQDM":"2024-2025-2","KCM":"汽车电子与测试2","JASDM":"0202030404","JXLDM":"020203","JXBID":"20242-10963","SKBJ":"车辆gj2203","TYXMDM":null,"KCH":"10075121005"},{"KKDWDM":"007","XS":24,"BYBZ":"0","JSJC":5,"XXXQDM":"02","KXH":"04","KSJC":3,"XKZRS":63,"SKZC":"000000001000000000000000000000","SKJS":"Christopher Charles Wyatt,杜小芳","ISTK":0,"ZCMC":"9周","YPSJDD":"11-17周 星期四 第3节-第5节 南湖南-博学西楼-404,9周 星期四 第3节-第5节 南湖南-博学西楼-404","XF":1,"SKXQ":4,"XNXQDM":"2024-2025-2","KCM":"工程管理","JASDM":"0202030404","JXLDM":"020203","JXBID":"20242-10968","SKBJ":"车辆gj2203-04","TYXMDM":null,"KCH":"10075121004"},{"KKDWDM":"007","XS":32,"BYBZ":"0","JSJC":2,"XXXQDM":"02","KXH":"04","KSJC":1,"XKZRS":33,"SKZC":"000000001000000000000000000000","SKJS":"杨灿","ISTK":0,"ZCMC":"9周","YPSJDD":"11-17周 星期四 第1节-第2节 南湖南-博学西楼-404,9周 星期四 第1节-第2节 南湖南-博学西楼-404,9-16周 星期二 第1节-第2节 南湖南-博学西楼-404","XF":2,"SKXQ":4,"XNXQDM":"2024-2025-2","KCM":"汽车电子与测试2","JASDM":"0202030404","JXLDM":"020203","JXBID":"20242-10963","SKBJ":"车辆gj2203","TYXMDM":null,"KCH":"10075121005"},{"KKDWDM":"072","XS":64,"BYBZ":"0","JSJC":4,"XXXQDM":"02","KXH":"02","KSJC":3,"XKZRS":79,"SKZC":"000000001000000000000000000000","SKJS":"吕林女","ISTK":0,"ZCMC":"9周","YPSJDD":"11-16周 星期五 第3节-第4节 南湖南-博学西楼-404,7-9周 星期五 第3节-第4节 南湖南-博学西楼-404,1-5周 星期五 第3节-第4节 南湖南-博学西楼-404,9周 星期日 第3节-第4节 南湖南-博学西楼-404,1-15周 星期三 第1节-第2节 南湖南-博学西楼-404","XF":4,"SKXQ":7,"XNXQDM":"2024-2025-2","KCM":"材料力学C","JASDM":"0202030404","JXLDM":"020203","JXBID":"20242-04497","SKBJ":"成型2301-02","TYXMDM":null,"KCH":"10154111009"},{"KKDWDM":"007","XS":24,"BYBZ":"0","JSJC":5,"XXXQDM":"02","KXH":"04","KSJC":3,"XKZRS":63,"SKZC":"000000000011111110000000000000","SKJS":"Christopher Charles Wyatt,杜小芳","ISTK":0,"ZCMC":"11-17周","YPSJDD":"11-17周 星期四 第3节-第5节 南湖南-博学西楼-404,9周 星期四 第3节-第5节 南湖南-博学西楼-404","XF":1,"SKXQ":4,"XNXQDM":"2024-2025-2","KCM":"工程管理","JASDM":"0202030404","JXLDM":"020203","JXBID":"20242-10968","SKBJ":"车辆gj2203-04","TYXMDM":null,"KCH":"10075121004"},{"KKDWDM":"007","XS":32,"BYBZ":"0","JSJC":2,"XXXQDM":"02","KXH":"04","KSJC":1,"XKZRS":33,"SKZC":"000000000011111110000000000000","SKJS":"杨灿","ISTK":0,"ZCMC":"11-17周","YPSJDD":"11-17周 星期四 第1节-第2节 南湖南-博学西楼-404,9周 星期四 第1节-第2节 南湖南-博学西楼-404,9-16周 星期二 第1节-第2节 南湖南-博学西楼-404","XF":2,"SKXQ":4,"XNXQDM":"2024-2025-2","KCM":"汽车电子与测试2","JASDM":"0202030404","JXLDM":"020203","JXBID":"20242-10963","SKBJ":"车辆gj2203","TYXMDM":null,"KCH":"10075121005"},{"KKDWDM":"072","XS":64,"BYBZ":"0","JSJC":4,"XXXQDM":"02","KXH":"02","KSJC":3,"XKZRS":79,"SKZC":"000000000011111100000000000000","SKJS":"吕林女","ISTK":0,"ZCMC":"11-16周","YPSJDD":"11-16周 星期五 第3节-第4节 南湖南-博学西楼-404,7-9周 星期五 第3节-第4节 南湖南-博学西楼-404,1-5周 星期五 第3节-第4节 南湖南-博学西楼-404,9周 星期日 第3节-第4节 南湖南-博学西楼-404,1-15周 星期三 第1节-第2节 南湖南-博学西楼-404","XF":4,"SKXQ":5,"XNXQDM":"2024-2025-2","KCM":"材料力学C","JASDM":"0202030404","JXLDM":"020203","JXBID":"20242-04497","SKBJ":"成型2301-02","TYXMDM":null,"KCH":"10154111009"},{"KKDWDM":"016","XS":32,"BYBZ":"0","JSJC":7,"XXXQDM":"02","KXH":"01","KSJC":6,"XKZRS":62,"SKZC":"000000000010000000000000","SKJS":"张静丽","ISTK":0,"ZCMC":"11周","YPSJDD":"11周 星期二 第6节-第7节 南湖南-博学西楼-404,1-10周 星期二 第6节-第8节 南湖南-博学西楼-404","XF":2,"SKXQ":2,"XNXQDM":"2024-2025-2","KCM":"化学生物学","JASDM":"0202030404","JXLDM":"020203","JXBID":"20242-02280","SKBJ":"生物2201,生物制药2201","TYXMDM":null,"KCH":"10165112027"},{"KKDWDM":"008","XS":32,"BYBZ":"0","JSJC":7,"XXXQDM":"02","KXH":"02","KSJC":6,"XKZRS":73,"SKZC":"000000000001110000000000000000","SKJS":"陈雷","ISTK":0,"ZCMC":"12-14周","YPSJDD":"1-10周 星期一 第6节-第7节 南湖南-博学西楼-404,12-14周 星期一 第6节-第7节 南湖南-博学西楼-404,16周 星期一 第6节-第7节 南湖南-博学西楼-404","XF":2,"SKXQ":1,"XNXQDM":"2024-2025-2","KCM":"控制工程基础A","JASDM":"0202030404","JXLDM":"020203","JXBID":"20242-05165","SKBJ":"机械2305,机械zy2301","TYXMDM":null,"KCH":"10085117018"},{"KKDWDM":"017","XS":48,"BYBZ":"0","JSJC":5,"XXXQDM":"02","KXH":"01","KSJC":3,"XKZRS":63,"SKZC":"000000000001110000000000000000","SKJS":"罗帆","ISTK":0,"ZCMC":"12-14周","YPSJDD":"16-17周 星期一 第3节-第5节 南湖南-博学西楼-404,17周 星期二 第3节-第5节 南湖南-博学西楼-404,1-10周 星期一 第3节-第5节 南湖南-博学西楼-404,12-14周 星期一 第3节-第5节 南湖南-博学西楼-404","XF":3,"SKXQ":1,"XNXQDM":"2024-2025-2","KCM":"人力资源管理","JASDM":"0202030404","JXLDM":"020203","JXBID":"20242-05674","SKBJ":"工商2301-02","TYXMDM":null,"KCH":"10175121004"},{"KKDWDM":"016","XS":40,"BYBZ":"0","JSJC":4,"XXXQDM":"02","KXH":"01","KSJC":3,"XKZRS":79,"SKZC":"000000000000110000000000","SKJS":"陈敏","ISTK":0,"ZCMC":"13-14周","YPSJDD":"13-14周 星期二 第3节-第4节 南湖南-博学西楼-404,1-12周 星期二 第3节-第5节 南湖南-博学西楼-404","XF":2,"SKXQ":2,"XNXQDM":"2024-2025-2","KCM":"有机化学B1","JASDM":"0202030404","JXLDM":"020203","JXBID":"20242-04759","SKBJ":"无机非2301-02","TYXMDM":null,"KCH":"10165117022"},{"KKDWDM":"017","XS":48,"BYBZ":"0","JSJC":5,"XXXQDM":"02","KXH":"01","KSJC":3,"XKZRS":63,"SKZC":"000000000000000110000000000000","SKJS":"罗帆","ISTK":0,"ZCMC":"16-17周","YPSJDD":"16-17周 星期一 第3节-第5节 南湖南-博学西楼-404,17周 星期二 第3节-第5节 南湖南-博学西楼-404,1-10周 星期一 第3节-第5节 南湖南-博学西楼-404,12-14周 星期一 第3节-第5节 南湖南-博学西楼-404","XF":3,"SKXQ":1,"XNXQDM":"2024-2025-2","KCM":"人力资源管理","JASDM":"0202030404","JXLDM":"020203","JXBID":"20242-05674","SKBJ":"工商2301-02","TYXMDM":null,"KCH":"10175121004"},{"KKDWDM":"008","XS":32,"BYBZ":"0","JSJC":7,"XXXQDM":"02","KXH":"02","KSJC":6,"XKZRS":73,"SKZC":"000000000000000100000000000000","SKJS":"陈雷","ISTK":0,"ZCMC":"16周","YPSJDD":"1-10周 星期一 第6节-第7节 南湖南-博学西楼-404,12-14周 星期一 第6节-第7节 南湖南-博学西楼-404,16周 星期一 第6节-第7节 南湖南-博学西楼-404","XF":2,"SKXQ":1,"XNXQDM":"2024-2025-2","KCM":"控制工程基础A","JASDM":"0202030404","JXLDM":"020203","JXBID":"20242-05165","SKBJ":"机械2305,机械zy2301","TYXMDM":null,"KCH":"10085117018"},{"KKDWDM":"017","XS":48,"BYBZ":"0","JSJC":5,"XXXQDM":"02","KXH":"01","KSJC":3,"XKZRS":63,"SKZC":"000000000000000010000000000000","SKJS":"罗帆","ISTK":0,"ZCMC":"17周","YPSJDD":"16-17周 星期一 第3节-第5节 南湖南-博学西楼-404,17周 星期二 第3节-第5节 南湖南-博学西楼-404,1-10周 星期一 第3节-第5节 南湖南-博学西楼-404,12-14周 星期一 第3节-第5节 南湖南-博学西楼-404","XF":3,"SKXQ":2,"XNXQDM":"2024-2025-2","KCM":"人力资源管理","JASDM":"0202030404","JXLDM":"020203","JXBID":"20242-05674","SKBJ":"工商2301-02","TYXMDM":null,"KCH":"10175121004"}]}},"code":"0"}