{"datas":{"jaskcb":{"extParams":{"code":1,"msg":"查询成功"},"pageSize":0,"pageNumber":0,"totalSize":-1,"rows":[{"KKDWDM":"003","XS":64,"BYBZ":"0","JSJC":2,"XXXQDM":"02","KXH":"05","KSJC":1,"XKZRS":70,"SKZC":"111111111111111100000000000000","SKJS":"王堃,雷丽文","ISTK":0,"ZCMC":"1-16周","YPSJDD":"11-17周 星期四 第1节-第2节 南湖南-博学东楼-401,1-9周 星期四 第1节-第2节 南湖南-博学东楼-401,1-16周 星期二 第1节-第2节 南湖南-博学东楼-401","XF":4,"SKXQ":2,"XNXQDM":"2024-2025-2","KCM":"材料科学基础B","JASDM":"0202020401","JXLDM":"020202","JXBID":"20242-10203","SKBJ":"材科2301-02","TYXMDM":null,"KCH":"10034117075"},{"KKDWDM":"008","XS":56,"BYBZ":"0","JSJC":2,"XXXQDM":"02","KXH":"06","KSJC":1,"XKZRS":132,"SKZC":"111111111111100000000000000000","SKJS":"谢强","ISTK":0,"ZCMC":"1-13周","YPSJDD":"9周 星期日 第6节-第7节 南湖南-博学东楼-401,7-9周 星期五 第6节-第7节 南湖南-博学东楼-401,1-5周 星期五 第6节-第7节 南湖南-博学东楼-401,1-13周 星期三 第1节-第2节 南湖南-博学东楼-401,11-13周 星期五 第6节-第7节 南湖南-博学东楼-401","XF":3,"SKXQ":3,"XNXQDM":"2024-2025-2","KCM":"机械设计基础A","JASDM":"0202020401","JXLDM":"020202","JXBID":"20242-04669","SKBJ":"汽服2301-02,车辆2304-06","TYXMDM":null,"KCH":"10083121087"},{"KKDWDM":"017","XS":40,"BYBZ":"0","JSJC":8,"XXXQDM":"02","KXH":"01","KSJC":6,"XKZRS":103,"SKZC":"111111111111000000000000","SKJS":"刘加顺","ISTK":0,"ZCMC":"1-12周","YPSJDD":"13-14周 星期三 第6节-第7节 南湖南-博学东楼-401,1-12周 星期三 第6节-第8节 南湖南-博学东楼-401","XF":2,"SKXQ":3,"XNXQDM":"2024-2025-2","KCM":"管理心理与行为B","JASDM":"0202020401","JXLDM":"020202","JXBID":"20242-04429","SKBJ":"会计2301-03","TYXMDM":null,"KCH":"10174121117"},{"KKDWDM":"017","XS":40,"BYBZ":"0","JSJC":8,"XXXQDM":"02","KXH":"01","KSJC":6,"XKZRS":115,"SKZC":"111111111111000000000000","SKJS":"肖剑虹","ISTK":0,"ZCMC":"1-12周","YPSJDD":"1-12周 星期二 第6节-第8节 南湖南-博学东楼-401","XF":2,"SKXQ":2,"XNXQDM":"2024-2025-2","KCM":"软件测试A","JASDM":"0202020401","JXLDM":"020202","JXBID":"20242-04923","SKBJ":"信管2301-03","TYXMDM":null,"KCH":"10175117038"},{"KKDWDM":"008","XS":40,"BYBZ":"0","JSJC":5,"XXXQDM":"02","KXH":"01","KSJC":3,"XKZRS":87,"SKZC":"111111111111000000000000","SKJS":"郑银环","ISTK":0,"ZCMC":"1-12周","YPSJDD":"13-14周 星期三 第3节-第4节 南湖南-博学东楼-401,1-12周 星期三 第3节-第5节 南湖南-博学东楼-401","XF":2,"SKXQ":3,"XNXQDM":"2024-2025-2","KCM":"机械设计基础B","JASDM":"0202020401","JXLDM":"020202","JXBID":"20242-11497","SKBJ":"车辆2305,高分子2301-02","TYXMDM":null,"KCH":"10083117102"},{"KKDWDM":"021","XS":36,"BYBZ":"0","JSJC":5,"XXXQDM":"02","KXH":"03","KSJC":3,"XKZRS":96,"SKZC":"111111111111","SKJS":"杨爱杰","ISTK":0,"ZCMC":"1-12周","YPSJDD":"1-12周 星期二 第3节-第5节 南湖南-博学东楼-401","XF":2,"SKXQ":2,"XNXQDM":"2024-2025-2","KCM":"习近平新时代中国特色社会主义思想概论","JASDM":"0202020401","JXLDM":"020202","JXBID":"20242-04426","SKBJ":"信息2303,化工zy2302-03","TYXMDM":null,"KCH":"10211121033"},{"KKDWDM":"016","XS":48,"BYBZ":"0","JSJC":8,"XXXQDM":"02","KXH":"05","KSJC":6,"XKZRS":77,"SKZC":"111111111100000000000000000000","SKJS":"王一龙,郭景星","ISTK":0,"ZCMC":"1-10周","YPSJDD":"16-17周 星期一 第6节-第8节 南湖南-博学东楼-401,12-14周 星期一 第6节-第8节 南湖南-博学东楼-401,17周 星期二 第6节-第8节 南湖南-博学东楼-401,1-10周 星期一 第6节-第8节 南湖南-博学东楼-401","XF":3,"SKXQ":1,"XNXQDM":"2024-2025-2","KCM":"无机与分析化学","JASDM":"0202020401","JXLDM":"020202","JXBID":"20242-10321","SKBJ":"生科类2404-06","TYXMDM":null,"KCH":"10164117039"},{"KKDWDM":"021","XS":42,"BYBZ":"0","JSJC":5,"XXXQDM":"02","KXH":"23","KSJC":3,"XKZRS":115,"SKZC":"111111111100000000000000000000","SKJS":"夏建华","ISTK":0,"ZCMC":"1-10周","YPSJDD":"16周 星期一 第3节-第5节 南湖南-博学东楼-401,1-10周 星期一 第3节-第5节 南湖南-博学东楼-401,12-14周 星期一 第3节-第5节 南湖南-博学东楼-401","XF":2,"SKXQ":1,"XNXQDM":"2024-2025-2","KCM":"马克思主义基本原理","JASDM":"0202020401","JXLDM":"020202","JXBID":"20242-12167","SKBJ":"信管2301-03","TYXMDM":null,"KCH":"10211117035"},{"KKDWDM":"022","XS":32,"BYBZ":"0","JSJC":13,"XXXQDM":"02","KXH":"01","KSJC":11,"XKZRS":24,"SKZC":"111111111100000000000000","SKJS":"薛志华","ISTK":0,"ZCMC":"1-10周","YPSJDD":"11周 星期二 第11节-第12节 南湖南-博学东楼-401,1-10周 星期二 第11节-第13节 南湖南-博学东楼-401","XF":2,"SKXQ":2,"XNXQDM":"2024-2025-2","KCM":"科技治理与法律  (GX)","JASDM":"0202020401","JXLDM":"020202","JXBID":"20242-08605","SKBJ":"公选-08605","TYXMDM":null,"KCH":"10226224428"},{"KKDWDM":"021","XS":42,"BYBZ":"0","JSJC":5,"XXXQDM":"02","KXH":"33","KSJC":3,"XKZRS":109,"SKZC":"111111111000000000000000000000","SKJS":"陈文安","ISTK":0,"ZCMC":"1-9周","YPSJDD":"11-15周 星期四 第3节-第5节 南湖南-博学东楼-401,1-9周 星期四 第3节-第5节 南湖南-博学东楼-401","XF":2,"SKXQ":4,"XNXQDM":"2024-2025-2","KCM":"马克思主义基本原理","JASDM":"0202020401","JXLDM":"020202","JXBID":"20242-05015","SKBJ":"材科2304-06","TYXMDM":null,"KCH":"10211117035"},{"KKDWDM":"003","XS":64,"BYBZ":"0","JSJC":2,"XXXQDM":"02","KXH":"05","KSJC":1,"XKZRS":70,"SKZC":"111111111000000000000000000000","SKJS":"王堃,雷丽文","ISTK":0,"ZCMC":"1-9周","YPSJDD":"11-17周 星期四 第1节-第2节 南湖南-博学东楼-401,1-9周 星期四 第1节-第2节 南湖南-博学东楼-401,1-16周 星期二 第1节-第2节 南湖南-博学东楼-401","XF":4,"SKXQ":4,"XNXQDM":"2024-2025-2","KCM":"材料科学基础B","JASDM":"0202020401","JXLDM":"020202","JXBID":"20242-10203","SKBJ":"材科2301-02","TYXMDM":null,"KCH":"10034117075"},{"KKDWDM":"022","XS":24,"BYBZ":"0","JSJC":13,"XXXQDM":"02","KXH":"02","KSJC":11,"XKZRS":140,"SKZC":"111111110000000000000000","SKJS":"徐江萍,王丽","ISTK":0,"ZCMC":"1-8周","YPSJDD":"1-8周 星期一 第11节-第13节 南湖南-博学东楼-401","XF":1,"SKXQ":1,"XNXQDM":"2024-2025-2","KCM":"校园侵权法学(GX)","JASDM":"0202020401","JXLDM":"020202","JXBID":"20242-11385","SKBJ":"公选-11385","TYXMDM":null,"KCH":"10222121279"},{"KKDWDM":"022","XS":24,"BYBZ":"0","JSJC":13,"XXXQDM":"02","KXH":"02","KSJC":11,"XKZRS":140,"SKZC":"111111110000000000000000","SKJS":"刘艳","ISTK":0,"ZCMC":"1-8周","YPSJDD":"1-8周 星期三 第11节-第13节 南湖南-博学东楼-401","XF":1,"SKXQ":3,"XNXQDM":"2024-2025-2","KCM":"影视鉴赏(GX)","JASDM":"0202020401","JXLDM":"020202","JXBID":"20242-11563","SKBJ":"公选-11563","TYXMDM":null,"KCH":"10222121256"},{"KKDWDM":"017","XS":48,"BYBZ":"0","JSJC":5,"XXXQDM":"02","KXH":"01","KSJC":3,"XKZRS":120,"SKZC":"111110000000000000000000000000","SKJS":"陈文嫚,陈雅娟","ISTK":0,"ZCMC":"1-5周","YPSJDD":"7-9周 星期五 第3节-第5节 南湖南-博学东楼-401,17周 星期三 第3节-第5节 南湖南-博学东楼-401,1-5周 星期五 第3节-第5节 南湖南-博学东楼-401,9周 星期日 第3节-第5节 南湖南-博学东楼-401,11-16周 星期五 第3节-第5节 南湖南-博学东楼-401","XF":3,"SKXQ":5,"XNXQDM":"2024-2025-2","KCM":"管理运筹学","JASDM":"0202020401","JXLDM":"020202","JXBID":"20242-04421","SKBJ":"信管2301-03","TYXMDM":null,"KCH":"10174121116"},{"KKDWDM":"008","XS":56,"BYBZ":"0","JSJC":7,"XXXQDM":"02","KXH":"06","KSJC":6,"XKZRS":132,"SKZC":"111110000000000000000000000000","SKJS":"谢强","ISTK":0,"ZCMC":"1-5周","YPSJDD":"9周 星期日 第6节-第7节 南湖南-博学东楼-401,7-9周 星期五 第6节-第7节 南湖南-博学东楼-401,1-5周 星期五 第6节-第7节 南湖南-博学东楼-401,1-13周 星期三 第1节-第2节 南湖南-博学东楼-401,11-13周 星期五 第6节-第7节 南湖南-博学东楼-401","XF":3,"SKXQ":5,"XNXQDM":"2024-2025-2","KCM":"机械设计基础A","JASDM":"0202020401","JXLDM":"020202","JXBID":"20242-04669","SKBJ":"汽服2301-02,车辆2304-06","TYXMDM":null,"KCH":"10083121087"},{"KKDWDM":"072","XS":32,"BYBZ":"0","JSJC":13,"XXXQDM":"02","KXH":"01","KSJC":11,"XKZRS":103,"SKZC":"110000000010000000000000000000","SKJS":"赖欣","ISTK":0,"ZCMC":"1-2周,11周","YPSJDD":"3-9周 星期四 第11节-第13节 不要教室,1-2周,11周 星期四 第11节-第13节 南湖南-博学东楼-401,12周 星期四 第11节-第12节 南湖南-博学东楼-401","XF":2,"SKXQ":4,"XNXQDM":"2024-2025-2","KCM":"CUDA高性能科学计算(GX)","JASDM":"0202020401","JXLDM":"020202","JXBID":"20242-08064","SKBJ":"公选-08064","TYXMDM":null,"KCH":"10152121087"},{"KKDWDM":"008","XS":56,"BYBZ":"0","JSJC":7,"XXXQDM":"02","KXH":"06","KSJC":6,"XKZRS":132,"SKZC":"000000111000000000000000000000","SKJS":"谢强","ISTK":0,"ZCMC":"7-9周","YPSJDD":"9周 星期日 第6节-第7节 南湖南-博学东楼-401,7-9周 星期五 第6节-第7节 南湖南-博学东楼-401,1-5周 星期五 第6节-第7节 南湖南-博学东楼-401,1-13周 星期三 第1节-第2节 南湖南-博学东楼-401,11-13周 星期五 第6节-第7节 南湖南-博学东楼-401","XF":3,"SKXQ":5,"XNXQDM":"2024-2025-2","KCM":"机械设计基础A","JASDM":"0202020401","JXLDM":"020202","JXBID":"20242-04669","SKBJ":"汽服2301-02,车辆2304-06","TYXMDM":null,"KCH":"10083121087"},{"KKDWDM":"017","XS":48,"BYBZ":"0","JSJC":5,"XXXQDM":"02","KXH":"01","KSJC":3,"XKZRS":120,"SKZC":"000000111000000000000000000000","SKJS":"陈文嫚,陈雅娟","ISTK":0,"ZCMC":"7-9周","YPSJDD":"7-9周 星期五 第3节-第5节 南湖南-博学东楼-401,17周 星期三 第3节-第5节 南湖南-博学东楼-401,1-5周 星期五 第3节-第5节 南湖南-博学东楼-401,9周 星期日 第3节-第5节 南湖南-博学东楼-401,11-16周 星期五 第3节-第5节 南湖南-博学东楼-401","XF":3,"SKXQ":5,"XNXQDM":"2024-2025-2","KCM":"管理运筹学","JASDM":"0202020401","JXLDM":"020202","JXBID":"20242-04421","SKBJ":"信管2301-03","TYXMDM":null,"KCH":"10174121116"},{"KKDWDM":"008","XS":56,"BYBZ":"0","JSJC":7,"XXXQDM":"02","KXH":"06","KSJC":6,"XKZRS":132,"SKZC":"000000001000000000000000000000","SKJS":"谢强","ISTK":0,"ZCMC":"9周","YPSJDD":"9周 星期日 第6节-第7节 南湖南-博学东楼-401,7-9周 星期五 第6节-第7节 南湖南-博学东楼-401,1-5周 星期五 第6节-第7节 南湖南-博学东楼-401,1-13周 星期三 第1节-第2节 南湖南-博学东楼-401,11-13周 星期五 第6节-第7节 南湖南-博学东楼-401","XF":3,"SKXQ":7,"XNXQDM":"2024-2025-2","KCM":"机械设计基础A","JASDM":"0202020401","JXLDM":"020202","JXBID":"20242-04669","SKBJ":"汽服2301-02,车辆2304-06","TYXMDM":null,"KCH":"10083121087"},{"KKDWDM":"017","XS":48,"BYBZ":"0","JSJC":5,"XXXQDM":"02","KXH":"01","KSJC":3,"XKZRS":120,"SKZC":"000000001000000000000000000000","SKJS":"陈文嫚,陈雅娟","ISTK":0,"ZCMC":"9周","YPSJDD":"7-9周 星期五 第3节-第5节 南湖南-博学东楼-401,17周 星期三 第3节-第5节 南湖南-博学东楼-401,1-5周 星期五 第3节-第5节 南湖南-博学东楼-401,9周 星期日 第3节-第5节 南湖南-博学东楼-401,11-16周 星期五 第3节-第5节 南湖南-博学东楼-401","XF":3,"SKXQ":7,"XNXQDM":"2024-2025-2","KCM":"管理运筹学","JASDM":"0202020401","JXLDM":"020202","JXBID":"20242-04421","SKBJ":"信管2301-03","TYXMDM":null,"KCH":"10174121116"},{"KKDWDM":"003","XS":64,"BYBZ":"0","JSJC":2,"XXXQDM":"02","KXH":"05","KSJC":1,"XKZRS":70,"SKZC":"000000000011111110000000000000","SKJS":"王堃,雷丽文","ISTK":0,"ZCMC":"11-17周","YPSJDD":"11-17周 星期四 第1节-第2节 南湖南-博学东楼-401,1-9周 星期四 第1节-第2节 南湖南-博学东楼-401,1-16周 星期二 第1节-第2节 南湖南-博学东楼-401","XF":4,"SKXQ":4,"XNXQDM":"2024-2025-2","KCM":"材料科学基础B","JASDM":"0202020401","JXLDM":"020202","JXBID":"20242-10203","SKBJ":"材科2301-02","TYXMDM":null,"KCH":"10034117075"},{"KKDWDM":"017","XS":48,"BYBZ":"0","JSJC":5,"XXXQDM":"02","KXH":"01","KSJC":3,"XKZRS":120,"SKZC":"000000000011111100000000000000","SKJS":"陈文嫚,陈雅娟","ISTK":0,"ZCMC":"11-16周","YPSJDD":"7-9周 星期五 第3节-第5节 南湖南-博学东楼-401,17周 星期三 第3节-第5节 南湖南-博学东楼-401,1-5周 星期五 第3节-第5节 南湖南-博学东楼-401,9周 星期日 第3节-第5节 南湖南-博学东楼-401,11-16周 星期五 第3节-第5节 南湖南-博学东楼-401","XF":3,"SKXQ":5,"XNXQDM":"2024-2025-2","KCM":"管理运筹学","JASDM":"0202020401","JXLDM":"020202","JXBID":"20242-04421","SKBJ":"信管2301-03","TYXMDM":null,"KCH":"10174121116"},{"KKDWDM":"021","XS":42,"BYBZ":"0","JSJC":5,"XXXQDM":"02","KXH":"33","KSJC":3,"XKZRS":109,"SKZC":"000000000011111000000000000000","SKJS":"陈文安","ISTK":0,"ZCMC":"11-15周","YPSJDD":"11-15周 星期四 第3节-第5节 南湖南-博学东楼-401,1-9周 星期四 第3节-第5节 南湖南-博学东楼-401","XF":2,"SKXQ":4,"XNXQDM":"2024-2025-2","KCM":"马克思主义基本原理","JASDM":"0202020401","JXLDM":"020202","JXBID":"20242-05015","SKBJ":"材科2304-06","TYXMDM":null,"KCH":"10211117035"},{"KKDWDM":"008","XS":56,"BYBZ":"0","JSJC":7,"XXXQDM":"02","KXH":"06","KSJC":6,"XKZRS":132,"SKZC":"000000000011100000000000000000","SKJS":"谢强","ISTK":0,"ZCMC":"11-13周","YPSJDD":"9周 星期日 第6节-第7节 南湖南-博学东楼-401,7-9周 星期五 第6节-第7节 南湖南-博学东楼-401,1-5周 星期五 第6节-第7节 南湖南-博学东楼-401,1-13周 星期三 第1节-第2节 南湖南-博学东楼-401,11-13周 星期五 第6节-第7节 南湖南-博学东楼-401","XF":3,"SKXQ":5,"XNXQDM":"2024-2025-2","KCM":"机械设计基础A","JASDM":"0202020401","JXLDM":"020202","JXBID":"20242-04669","SKBJ":"汽服2301-02,车辆2304-06","TYXMDM":null,"KCH":"10083121087"},{"KKDWDM":"022","XS":32,"BYBZ":"0","JSJC":12,"XXXQDM":"02","KXH":"01","KSJC":11,"XKZRS":24,"SKZC":"000000000010000000000000","SKJS":"薛志华","ISTK":0,"ZCMC":"11周","YPSJDD":"11周 星期二 第11节-第12节 南湖南-博学东楼-401,1-10周 星期二 第11节-第13节 南湖南-博学东楼-401","XF":2,"SKXQ":2,"XNXQDM":"2024-2025-2","KCM":"科技治理与法律  (GX)","JASDM":"0202020401","JXLDM":"020202","JXBID":"20242-08605","SKBJ":"公选-08605","TYXMDM":null,"KCH":"10226224428"},{"KKDWDM":"021","XS":42,"BYBZ":"0","JSJC":5,"XXXQDM":"02","KXH":"23","KSJC":3,"XKZRS":115,"SKZC":"000000000001110000000000000000","SKJS":"夏建华","ISTK":0,"ZCMC":"12-14周","YPSJDD":"16周 星期一 第3节-第5节 南湖南-博学东楼-401,1-10周 星期一 第3节-第5节 南湖南-博学东楼-401,12-14周 星期一 第3节-第5节 南湖南-博学东楼-401","XF":2,"SKXQ":1,"XNXQDM":"2024-2025-2","KCM":"马克思主义基本原理","JASDM":"0202020401","JXLDM":"020202","JXBID":"20242-12167","SKBJ":"信管2301-03","TYXMDM":null,"KCH":"10211117035"},{"KKDWDM":"016","XS":48,"BYBZ":"0","JSJC":8,"XXXQDM":"02","KXH":"05","KSJC":6,"XKZRS":77,"SKZC":"000000000001110000000000000000","SKJS":"王一龙,郭景星","ISTK":0,"ZCMC":"12-14周","YPSJDD":"16-17周 星期一 第6节-第8节 南湖南-博学东楼-401,12-14周 星期一 第6节-第8节 南湖南-博学东楼-401,17周 星期二 第6节-第8节 南湖南-博学东楼-401,1-10周 星期一 第6节-第8节 南湖南-博学东楼-401","XF":3,"SKXQ":1,"XNXQDM":"2024-2025-2","KCM":"无机与分析化学","JASDM":"0202020401","JXLDM":"020202","JXBID":"20242-10321","SKBJ":"生科类2404-06","TYXMDM":null,"KCH":"10164117039"},{"KKDWDM":"072","XS":32,"BYBZ":"0","JSJC":12,"XXXQDM":"02","KXH":"01","KSJC":11,"XKZRS":103,"SKZC":"000000000001000000000000000000","SKJS":"赖欣","ISTK":0,"ZCMC":"12周","YPSJDD":"3-9周 星期四 第11节-第13节 不要教室,1-2周,11周 星期四 第11节-第13节 南湖南-博学东楼-401,12周 星期四 第11节-第12节 南湖南-博学东楼-401","XF":2,"SKXQ":4,"XNXQDM":"2024-2025-2","KCM":"CUDA高性能科学计算(GX)","JASDM":"0202020401","JXLDM":"020202","JXBID":"20242-08064","SKBJ":"公选-08064","TYXMDM":null,"KCH":"10152121087"},{"KKDWDM":"008","XS":40,"BYBZ":"0","JSJC":4,"XXXQDM":"02","KXH":"01","KSJC":3,"XKZRS":87,"SKZC":"000000000000110000000000","SKJS":"郑银环","ISTK":0,"ZCMC":"13-14周","YPSJDD":"13-14周 星期三 第3节-第4节 南湖南-博学东楼-401,1-12周 星期三 第3节-第5节 南湖南-博学东楼-401","XF":2,"SKXQ":3,"XNXQDM":"2024-2025-2","KCM":"机械设计基础B","JASDM":"0202020401","JXLDM":"020202","JXBID":"20242-11497","SKBJ":"车辆2305,高分子2301-02","TYXMDM":null,"KCH":"10083117102"},{"KKDWDM":"017","XS":40,"BYBZ":"0","JSJC":7,"XXXQDM":"02","KXH":"01","KSJC":6,"XKZRS":103,"SKZC":"000000000000110000000000","SKJS":"刘加顺","ISTK":0,"ZCMC":"13-14周","YPSJDD":"13-14周 星期三 第6节-第7节 南湖南-博学东楼-401,1-12周 星期三 第6节-第8节 南湖南-博学东楼-401","XF":2,"SKXQ":3,"XNXQDM":"2024-2025-2","KCM":"管理心理与行为B","JASDM":"0202020401","JXLDM":"020202","JXBID":"20242-04429","SKBJ":"会计2301-03","TYXMDM":null,"KCH":"10174121117"},{"KKDWDM":"016","XS":48,"BYBZ":"0","JSJC":8,"XXXQDM":"02","KXH":"05","KSJC":6,"XKZRS":77,"SKZC":"000000000000000110000000000000","SKJS":"王一龙,郭景星","ISTK":0,"ZCMC":"16-17周","YPSJDD":"16-17周 星期一 第6节-第8节 南湖南-博学东楼-401,12-14周 星期一 第6节-第8节 南湖南-博学东楼-401,17周 星期二 第6节-第8节 南湖南-博学东楼-401,1-10周 星期一 第6节-第8节 南湖南-博学东楼-401","XF":3,"SKXQ":1,"XNXQDM":"2024-2025-2","KCM":"无机与分析化学","JASDM":"0202020401","JXLDM":"020202","JXBID":"20242-10321","SKBJ":"生科类2404-06","TYXMDM":null,"KCH":"10164117039"},{"KKDWDM":"021","XS":42,"BYBZ":"0","JSJC":5,"XXXQDM":"02","KXH":"23","KSJC":3,"XKZRS":115,"SKZC":"000000000000000100000000000000","SKJS":"夏建华","ISTK":0,"ZCMC":"16周","YPSJDD":"16周 星期一 第3节-第5节 南湖南-博学东楼-401,1-10周 星期一 第3节-第5节 南湖南-博学东楼-401,12-14周 星期一 第3节-第5节 南湖南-博学东楼-401","XF":2,"SKXQ":1,"XNXQDM":"2024-2025-2","KCM":"马克思主义基本原理","JASDM":"0202020401","JXLDM":"020202","JXBID":"20242-12167","SKBJ":"信管2301-03","TYXMDM":null,"KCH":"10211117035"},{"KKDWDM":"017","XS":48,"BYBZ":"0","JSJC":5,"XXXQDM":"02","KXH":"01","KSJC":3,"XKZRS":120,"SKZC":"000000000000000010000000000000","SKJS":"陈文嫚,陈雅娟","ISTK":0,"ZCMC":"17周","YPSJDD":"7-9周 星期五 第3节-第5节 南湖南-博学东楼-401,17周 星期三 第3节-第5节 南湖南-博学东楼-401,1-5周 星期五 第3节-第5节 南湖南-博学东楼-401,9周 星期日 第3节-第5节 南湖南-博学东楼-401,11-16周 星期五 第3节-第5节 南湖南-博学东楼-401","XF":3,"SKXQ":3,"XNXQDM":"2024-2025-2","KCM":"管理运筹学","JASDM":"0202020401","JXLDM":"020202","JXBID":"20242-04421","SKBJ":"信管2301-03","TYXMDM":null,"KCH":"10174121116"},{"KKDWDM":"016","XS":48,"BYBZ":"0","JSJC":8,"XXXQDM":"02","KXH":"05","KSJC":6,"XKZRS":77,"SKZC":"000000000000000010000000000000","SKJS":"王一龙,郭景星","ISTK":0,"ZCMC":"17周","YPSJDD":"16-17周 星期一 第6节-第8节 南湖南-博学东楼-401,12-14周 星期一 第6节-第8节 南湖南-博学东楼-401,17周 星期二 第6节-第8节 南湖南-博学东楼-401,1-10周 星期一 第6节-第8节 南湖南-博学东楼-401","XF":3,"SKXQ":2,"XNXQDM":"2024-2025-2","KCM":"无机与分析化学","JASDM":"0202020401","JXLDM":"020202","JXBID":"20242-10321","SKBJ":"生科类2404-06","TYXMDM":null,"KCH":"10164117039"}]}},"code":"0"}