{"datas":{"jaskcb":{"extParams":{"code":1,"msg":"查询成功"},"pageSize":0,"pageNumber":0,"totalSize":-1,"rows":[{"KKDWDM":"007","XS":48,"BYBZ":"0","JSJC":8,"XXXQDM":"02","KXH":"03","KSJC":6,"XKZRS":37,"SKZC":"111111111111111100000000","SKJS":"Chalati Siwapimon,徐琳,方志刚,杨灿,田林雳","ISTK":0,"ZCMC":"1-16周","YPSJDD":"1-16周 星期三 第6节-第8节 南湖南-博学北楼-108","XF":3,"SKXQ":3,"XNXQDM":"2024-2025-2","KCM":"现代汽车工程学1 ▲","JASDM":"0202010108","JXLDM":"020201","JXBID":"20242-12760","SKBJ":"车辆gj2304","TYXMDM":null,"KCH":"10074124162"},{"KKDWDM":"017","XS":32,"BYBZ":"0","JSJC":2,"XXXQDM":"02","KXH":"03","KSJC":1,"XKZRS":40,"SKZC":"1111111111111111","SKJS":"宋华,黄菡","ISTK":0,"ZCMC":"1-16周","YPSJDD":"1-16周 星期二 第1节-第2节 南湖南-博学北楼-108","XF":2,"SKXQ":2,"XNXQDM":"2024-2025-2","KCM":"数据挖掘与商务智能","JASDM":"0202010108","JXLDM":"020201","JXBID":"20242-11036","SKBJ":"信管2302","TYXMDM":null,"KCH":"10174121134"},{"KKDWDM":"072","XS":64,"BYBZ":"0","JSJC":2,"XXXQDM":"02","KXH":"03","KSJC":1,"XKZRS":35,"SKZC":"111111111111111000000000000000","SKJS":"朱四荣,杨绪秋","ISTK":0,"ZCMC":"1-15周","YPSJDD":"11-16周 星期五 第3节-第4节 南湖南-博学北楼-108,1-5周 星期五 第3节-第4节 南湖南-博学北楼-108,7-9周 星期五 第3节-第4节 南湖南-博学北楼-108,1-15周 星期三 第1节-第2节 南湖南-博学北楼-108,9周 星期日 第3节-第4节 南湖南-博学北楼-108","XF":4,"SKXQ":3,"XNXQDM":"2024-2025-2","KCM":"材料力学C","JASDM":"0202010108","JXLDM":"020201","JXBID":"20242-04498","SKBJ":"成型zy2301","TYXMDM":null,"KCH":"10154111009"},{"KKDWDM":"072","XS":72,"BYBZ":"0","JSJC":5,"XXXQDM":"02","KXH":"01","KSJC":3,"XKZRS":26,"SKZC":"111111111111110000000000000000","SKJS":"李瑶","ISTK":0,"ZCMC":"1-14周","YPSJDD":"9周 星期日 第1节-第2节 南湖南-博学北楼-104,11-16周 星期五 第1节-第2节 南湖南-博学北楼-104,1-14周 星期三 第3节-第5节 南湖南-博学北楼-108,7-9周 星期五 第1节-第2节 南湖南-博学北楼-104,1-5周 星期五 第1节-第2节 南湖南-博学北楼-104","XF":4,"SKXQ":3,"XNXQDM":"2024-2025-2","KCM":"理论力学I","JASDM":"0202010108","JXLDM":"020201","JXBID":"20242-06478","SKBJ":"工力jd2401","TYXMDM":null,"KCH":"10085111006"},{"KKDWDM":"022","XS":40,"BYBZ":"0","JSJC":5,"XXXQDM":"02","KXH":"01","KSJC":3,"XKZRS":25,"SKZC":"111111111111000000000000","SKJS":"鲍焕然","ISTK":0,"ZCMC":"1-12周","YPSJDD":"13-14周 星期二 第3节-第4节 南湖南-博学北楼-108,1-12周 星期二 第3节-第5节 南湖南-博学北楼-108","XF":2,"SKXQ":2,"XNXQDM":"2024-2025-2","KCM":"中国当代文学","JASDM":"0202010108","JXLDM":"020201","JXBID":"20242-05830","SKBJ":"汉语2301","TYXMDM":null,"KCH":"10224121136"},{"KKDWDM":"071","XS":36,"BYBZ":"0","JSJC":8,"XXXQDM":"02","KXH":"01","KSJC":6,"XKZRS":38,"SKZC":"111111111111","SKJS":"赵勤","ISTK":0,"ZCMC":"1-12周","YPSJDD":"1-12周 星期二 第6节-第8节 南湖南-博学北楼-108","XF":2,"SKXQ":2,"XNXQDM":"2024-2025-2","KCM":"数学物理方程","JASDM":"0202010108","JXLDM":"020201","JXBID":"20242-05053","SKBJ":"智能制造本硕2301","TYXMDM":null,"KCH":"40150123001"},{"KKDWDM":"072","XS":64,"BYBZ":"0","JSJC":2,"XXXQDM":"02","KXH":"01","KSJC":1,"XKZRS":29,"SKZC":"111111111100000000000000000000","SKJS":"秦品权","ISTK":0,"ZCMC":"1-10周","YPSJDD":"1-9周 星期四 第3节-第4节 南湖南-博学北楼-108,17周 星期二 第1节-第2节 南湖南-博学北楼-108,1-10周 星期一 第1节-第2节 南湖南-博学北楼-108,12-14周 星期一 第1节-第2节 南湖南-博学北楼-108,11-17周 星期四 第3节-第4节 南湖南-博学北楼-108,16-17周 星期一 第1节-第2节 南湖南-博学北楼-108","XF":4,"SKXQ":1,"XNXQDM":"2024-2025-2","KCM":"电动力学A","JASDM":"0202010108","JXLDM":"020201","JXBID":"20242-05843","SKBJ":"物理JD2301","TYXMDM":null,"KCH":"10154114026"},{"KKDWDM":"009","XS":32,"BYBZ":"0","JSJC":4,"XXXQDM":"02","KXH":"01","KSJC":3,"XKZRS":30,"SKZC":"111111111100000000000000000000","SKJS":"孙涛,李培鹏","ISTK":0,"ZCMC":"1-10周","YPSJDD":"16-17周 星期一 第3节-第4节 南湖南-博学北楼-108,1-10周 星期一 第3节-第4节 南湖南-博学北楼-108,12-14周 星期一 第3节-第4节 南湖南-博学北楼-108,17周 星期二 第3节-第4节 南湖南-博学北楼-108","XF":2,"SKXQ":1,"XNXQDM":"2024-2025-2","KCM":"土木工程材料","JASDM":"0202010108","JXLDM":"020201","JXBID":"20242-04459","SKBJ":"岩土jd2301","TYXMDM":null,"KCH":"4130197110"},{"KKDWDM":"072","XS":64,"BYBZ":"0","JSJC":2,"XXXQDM":"02","KXH":"08","KSJC":1,"XKZRS":36,"SKZC":"111111111011111000000000","SKJS":"张小玉","ISTK":0,"ZCMC":"1-9周,11-15周","YPSJDD":"1-9周,11-15周 星期四 第1节-第2节 南湖南-博学北楼-108,1-16周 星期二 第3节-第4节 南湖南-博学北楼-601","XF":4,"SKXQ":4,"XNXQDM":"2024-2025-2","KCM":"材料力学C","JASDM":"0202010108","JXLDM":"020201","JXBID":"20242-04550","SKBJ":"车辆zy2301","TYXMDM":null,"KCH":"10154111009"},{"KKDWDM":"072","XS":64,"BYBZ":"0","JSJC":4,"XXXQDM":"02","KXH":"01","KSJC":3,"XKZRS":29,"SKZC":"111111111000000000000000000000","SKJS":"秦品权","ISTK":0,"ZCMC":"1-9周","YPSJDD":"1-9周 星期四 第3节-第4节 南湖南-博学北楼-108,17周 星期二 第1节-第2节 南湖南-博学北楼-108,1-10周 星期一 第1节-第2节 南湖南-博学北楼-108,12-14周 星期一 第1节-第2节 南湖南-博学北楼-108,11-17周 星期四 第3节-第4节 南湖南-博学北楼-108,16-17周 星期一 第1节-第2节 南湖南-博学北楼-108","XF":4,"SKXQ":4,"XNXQDM":"2024-2025-2","KCM":"电动力学A","JASDM":"0202010108","JXLDM":"020201","JXBID":"20242-05843","SKBJ":"物理JD2301","TYXMDM":null,"KCH":"10154114026"},{"KKDWDM":"025","XS":32,"BYBZ":"0","JSJC":7,"XXXQDM":"02","KXH":"01","KSJC":6,"XKZRS":28,"SKZC":"11111111","SKJS":"韩少钦","ISTK":0,"ZCMC":"1-8周","YPSJDD":"1-8周 星期一 第6节-第7节 南湖南-博学北楼-108","XF":2,"SKXQ":1,"XNXQDM":"2024-2025-2","KCM":"市场调研与创业分析","JASDM":"0202010108","JXLDM":"020201","JXBID":"20242-05876","SKBJ":"数经sy2301","TYXMDM":null,"KCH":"10255117015"},{"KKDWDM":"072","XS":64,"BYBZ":"0","JSJC":7,"XXXQDM":"02","KXH":"20","KSJC":6,"XKZRS":32,"SKZC":"111110111011111000000000","SKJS":"刘记立,黄维","ISTK":0,"ZCMC":"1-5周,7-9周,11-15周","YPSJDD":"1-16周 星期三 第1节-第2节 南湖南-博学北楼-207,1-5周,7-9周,11-15周 星期五 第6节-第7节 南湖南-博学北楼-108,9周 星期日 第6节-第7节 南湖南-博学北楼-108","XF":4,"SKXQ":5,"XNXQDM":"2024-2025-2","KCM":"材料力学C","JASDM":"0202010108","JXLDM":"020201","JXBID":"20242-11288","SKBJ":"车辆2302","TYXMDM":null,"KCH":"10154111009"},{"KKDWDM":"072","XS":64,"BYBZ":"0","JSJC":4,"XXXQDM":"02","KXH":"03","KSJC":3,"XKZRS":35,"SKZC":"111110000000000000000000000000","SKJS":"朱四荣,杨绪秋","ISTK":0,"ZCMC":"1-5周","YPSJDD":"11-16周 星期五 第3节-第4节 南湖南-博学北楼-108,1-5周 星期五 第3节-第4节 南湖南-博学北楼-108,7-9周 星期五 第3节-第4节 南湖南-博学北楼-108,1-15周 星期三 第1节-第2节 南湖南-博学北楼-108,9周 星期日 第3节-第4节 南湖南-博学北楼-108","XF":4,"SKXQ":5,"XNXQDM":"2024-2025-2","KCM":"材料力学C","JASDM":"0202010108","JXLDM":"020201","JXBID":"20242-04498","SKBJ":"成型zy2301","TYXMDM":null,"KCH":"10154111009"},{"KKDWDM":"017","XS":40,"BYBZ":"0","JSJC":2,"XXXQDM":"02","KXH":"01","KSJC":1,"XKZRS":38,"SKZC":"111110000000000000000000000000","SKJS":"祝江斌","ISTK":0,"ZCMC":"1-5周","YPSJDD":"7-9周 星期五 第1节-第2节 南湖南-博学北楼-108,17周 星期三 第1节-第2节 南湖南-博学北楼-108,9周 星期日 第1节-第2节 南湖南-博学北楼-108,1-5周 星期五 第1节-第2节 南湖南-博学北楼-108,11-16周 星期五 第1节-第2节 南湖南-博学北楼-108","XF":2,"SKXQ":5,"XNXQDM":"2024-2025-2","KCM":"营销应用统计模型","JASDM":"0202010108","JXLDM":"020201","JXBID":"20242-05550","SKBJ":"营销2301","TYXMDM":null,"KCH":"10174121131"},{"KKDWDM":"030","XS":16,"BYBZ":"0","JSJC":13,"XXXQDM":"02","KXH":"01","KSJC":11,"XKZRS":26,"SKZC":"111100000000000000000000","SKJS":"熊德华,谢俊","ISTK":0,"ZCMC":"1-4周","YPSJDD":"1-4周 星期一 第11节-第13节 南湖南-博学北楼-108","XF":1,"SKXQ":1,"XNXQDM":"2024-2025-2","KCM":"光电器件封接用无铅玻璃\/微晶玻璃材料","JASDM":"0202010108","JXLDM":"020201","JXBID":"20242-08879","SKBJ":"公选-08879","TYXMDM":null,"KCH":"10306121177"},{"KKDWDM":"072","XS":64,"BYBZ":"0","JSJC":4,"XXXQDM":"02","KXH":"03","KSJC":3,"XKZRS":35,"SKZC":"000000111000000000000000000000","SKJS":"朱四荣,杨绪秋","ISTK":0,"ZCMC":"7-9周","YPSJDD":"11-16周 星期五 第3节-第4节 南湖南-博学北楼-108,1-5周 星期五 第3节-第4节 南湖南-博学北楼-108,7-9周 星期五 第3节-第4节 南湖南-博学北楼-108,1-15周 星期三 第1节-第2节 南湖南-博学北楼-108,9周 星期日 第3节-第4节 南湖南-博学北楼-108","XF":4,"SKXQ":5,"XNXQDM":"2024-2025-2","KCM":"材料力学C","JASDM":"0202010108","JXLDM":"020201","JXBID":"20242-04498","SKBJ":"成型zy2301","TYXMDM":null,"KCH":"10154111009"},{"KKDWDM":"017","XS":40,"BYBZ":"0","JSJC":2,"XXXQDM":"02","KXH":"01","KSJC":1,"XKZRS":38,"SKZC":"000000111000000000000000000000","SKJS":"祝江斌","ISTK":0,"ZCMC":"7-9周","YPSJDD":"7-9周 星期五 第1节-第2节 南湖南-博学北楼-108,17周 星期三 第1节-第2节 南湖南-博学北楼-108,9周 星期日 第1节-第2节 南湖南-博学北楼-108,1-5周 星期五 第1节-第2节 南湖南-博学北楼-108,11-16周 星期五 第1节-第2节 南湖南-博学北楼-108","XF":2,"SKXQ":5,"XNXQDM":"2024-2025-2","KCM":"营销应用统计模型","JASDM":"0202010108","JXLDM":"020201","JXBID":"20242-05550","SKBJ":"营销2301","TYXMDM":null,"KCH":"10174121131"},{"KKDWDM":"007","XS":24,"BYBZ":"0","JSJC":12,"XXXQDM":"02","KXH":"01","KSJC":11,"XKZRS":40,"SKZC":"000000001111100000000000000000","SKJS":"Chalati Siwapimon,Luigi Buffone,邓加东,郭巍","ISTK":0,"ZCMC":"9-13周","YPSJDD":"9周 星期四 第11节-第12节 南湖南-博学北楼-108,9-13周 星期二 第11节-第12节 南湖南-博学北楼-108,11-14周 星期四 第11节-第12节 南湖南-博学北楼-108","XF":1,"SKXQ":2,"XNXQDM":"2024-2025-2","KCM":"汽车CAD\/CAE技术（B）","JASDM":"0202010108","JXLDM":"020201","JXBID":"20242-12743","SKBJ":"车辆gj2304","TYXMDM":null,"KCH":"10075124212"},{"KKDWDM":"017","XS":40,"BYBZ":"0","JSJC":2,"XXXQDM":"02","KXH":"01","KSJC":1,"XKZRS":38,"SKZC":"000000001000000000000000000000","SKJS":"祝江斌","ISTK":0,"ZCMC":"9周","YPSJDD":"7-9周 星期五 第1节-第2节 南湖南-博学北楼-108,17周 星期三 第1节-第2节 南湖南-博学北楼-108,9周 星期日 第1节-第2节 南湖南-博学北楼-108,1-5周 星期五 第1节-第2节 南湖南-博学北楼-108,11-16周 星期五 第1节-第2节 南湖南-博学北楼-108","XF":2,"SKXQ":7,"XNXQDM":"2024-2025-2","KCM":"营销应用统计模型","JASDM":"0202010108","JXLDM":"020201","JXBID":"20242-05550","SKBJ":"营销2301","TYXMDM":null,"KCH":"10174121131"},{"KKDWDM":"072","XS":64,"BYBZ":"0","JSJC":4,"XXXQDM":"02","KXH":"03","KSJC":3,"XKZRS":35,"SKZC":"000000001000000000000000000000","SKJS":"朱四荣,杨绪秋","ISTK":0,"ZCMC":"9周","YPSJDD":"11-16周 星期五 第3节-第4节 南湖南-博学北楼-108,1-5周 星期五 第3节-第4节 南湖南-博学北楼-108,7-9周 星期五 第3节-第4节 南湖南-博学北楼-108,1-15周 星期三 第1节-第2节 南湖南-博学北楼-108,9周 星期日 第3节-第4节 南湖南-博学北楼-108","XF":4,"SKXQ":7,"XNXQDM":"2024-2025-2","KCM":"材料力学C","JASDM":"0202010108","JXLDM":"020201","JXBID":"20242-04498","SKBJ":"成型zy2301","TYXMDM":null,"KCH":"10154111009"},{"KKDWDM":"007","XS":24,"BYBZ":"0","JSJC":12,"XXXQDM":"02","KXH":"01","KSJC":11,"XKZRS":40,"SKZC":"000000001000000000000000000000","SKJS":"Chalati Siwapimon,Luigi Buffone,邓加东,郭巍","ISTK":0,"ZCMC":"9周","YPSJDD":"9周 星期四 第11节-第12节 南湖南-博学北楼-108,9-13周 星期二 第11节-第12节 南湖南-博学北楼-108,11-14周 星期四 第11节-第12节 南湖南-博学北楼-108","XF":1,"SKXQ":4,"XNXQDM":"2024-2025-2","KCM":"汽车CAD\/CAE技术（B）","JASDM":"0202010108","JXLDM":"020201","JXBID":"20242-12743","SKBJ":"车辆gj2304","TYXMDM":null,"KCH":"10075124212"},{"KKDWDM":"072","XS":64,"BYBZ":"0","JSJC":7,"XXXQDM":"02","KXH":"20","KSJC":6,"XKZRS":32,"SKZC":"000000001000000000000000","SKJS":"刘记立,黄维","ISTK":0,"ZCMC":"9周","YPSJDD":"1-16周 星期三 第1节-第2节 南湖南-博学北楼-207,1-5周,7-9周,11-15周 星期五 第6节-第7节 南湖南-博学北楼-108,9周 星期日 第6节-第7节 南湖南-博学北楼-108","XF":4,"SKXQ":7,"XNXQDM":"2024-2025-2","KCM":"材料力学C","JASDM":"0202010108","JXLDM":"020201","JXBID":"20242-11288","SKBJ":"车辆2302","TYXMDM":null,"KCH":"10154111009"},{"KKDWDM":"072","XS":64,"BYBZ":"0","JSJC":4,"XXXQDM":"02","KXH":"01","KSJC":3,"XKZRS":29,"SKZC":"000000000011111110000000000000","SKJS":"秦品权","ISTK":0,"ZCMC":"11-17周","YPSJDD":"1-9周 星期四 第3节-第4节 南湖南-博学北楼-108,17周 星期二 第1节-第2节 南湖南-博学北楼-108,1-10周 星期一 第1节-第2节 南湖南-博学北楼-108,12-14周 星期一 第1节-第2节 南湖南-博学北楼-108,11-17周 星期四 第3节-第4节 南湖南-博学北楼-108,16-17周 星期一 第1节-第2节 南湖南-博学北楼-108","XF":4,"SKXQ":4,"XNXQDM":"2024-2025-2","KCM":"电动力学A","JASDM":"0202010108","JXLDM":"020201","JXBID":"20242-05843","SKBJ":"物理JD2301","TYXMDM":null,"KCH":"10154114026"},{"KKDWDM":"072","XS":64,"BYBZ":"0","JSJC":4,"XXXQDM":"02","KXH":"03","KSJC":3,"XKZRS":35,"SKZC":"000000000011111100000000000000","SKJS":"朱四荣,杨绪秋","ISTK":0,"ZCMC":"11-16周","YPSJDD":"11-16周 星期五 第3节-第4节 南湖南-博学北楼-108,1-5周 星期五 第3节-第4节 南湖南-博学北楼-108,7-9周 星期五 第3节-第4节 南湖南-博学北楼-108,1-15周 星期三 第1节-第2节 南湖南-博学北楼-108,9周 星期日 第3节-第4节 南湖南-博学北楼-108","XF":4,"SKXQ":5,"XNXQDM":"2024-2025-2","KCM":"材料力学C","JASDM":"0202010108","JXLDM":"020201","JXBID":"20242-04498","SKBJ":"成型zy2301","TYXMDM":null,"KCH":"10154111009"},{"KKDWDM":"017","XS":40,"BYBZ":"0","JSJC":2,"XXXQDM":"02","KXH":"01","KSJC":1,"XKZRS":38,"SKZC":"000000000011111100000000000000","SKJS":"祝江斌","ISTK":0,"ZCMC":"11-16周","YPSJDD":"7-9周 星期五 第1节-第2节 南湖南-博学北楼-108,17周 星期三 第1节-第2节 南湖南-博学北楼-108,9周 星期日 第1节-第2节 南湖南-博学北楼-108,1-5周 星期五 第1节-第2节 南湖南-博学北楼-108,11-16周 星期五 第1节-第2节 南湖南-博学北楼-108","XF":2,"SKXQ":5,"XNXQDM":"2024-2025-2","KCM":"营销应用统计模型","JASDM":"0202010108","JXLDM":"020201","JXBID":"20242-05550","SKBJ":"营销2301","TYXMDM":null,"KCH":"10174121131"},{"KKDWDM":"007","XS":24,"BYBZ":"0","JSJC":12,"XXXQDM":"02","KXH":"01","KSJC":11,"XKZRS":40,"SKZC":"000000000011110000000000000000","SKJS":"Chalati Siwapimon,Luigi Buffone,邓加东,郭巍","ISTK":0,"ZCMC":"11-14周","YPSJDD":"9周 星期四 第11节-第12节 南湖南-博学北楼-108,9-13周 星期二 第11节-第12节 南湖南-博学北楼-108,11-14周 星期四 第11节-第12节 南湖南-博学北楼-108","XF":1,"SKXQ":4,"XNXQDM":"2024-2025-2","KCM":"汽车CAD\/CAE技术（B）","JASDM":"0202010108","JXLDM":"020201","JXBID":"20242-12743","SKBJ":"车辆gj2304","TYXMDM":null,"KCH":"10075124212"},{"KKDWDM":"072","XS":64,"BYBZ":"0","JSJC":2,"XXXQDM":"02","KXH":"01","KSJC":1,"XKZRS":29,"SKZC":"000000000001110000000000000000","SKJS":"秦品权","ISTK":0,"ZCMC":"12-14周","YPSJDD":"1-9周 星期四 第3节-第4节 南湖南-博学北楼-108,17周 星期二 第1节-第2节 南湖南-博学北楼-108,1-10周 星期一 第1节-第2节 南湖南-博学北楼-108,12-14周 星期一 第1节-第2节 南湖南-博学北楼-108,11-17周 星期四 第3节-第4节 南湖南-博学北楼-108,16-17周 星期一 第1节-第2节 南湖南-博学北楼-108","XF":4,"SKXQ":1,"XNXQDM":"2024-2025-2","KCM":"电动力学A","JASDM":"0202010108","JXLDM":"020201","JXBID":"20242-05843","SKBJ":"物理JD2301","TYXMDM":null,"KCH":"10154114026"},{"KKDWDM":"009","XS":32,"BYBZ":"0","JSJC":4,"XXXQDM":"02","KXH":"01","KSJC":3,"XKZRS":30,"SKZC":"000000000001110000000000000000","SKJS":"孙涛,李培鹏","ISTK":0,"ZCMC":"12-14周","YPSJDD":"16-17周 星期一 第3节-第4节 南湖南-博学北楼-108,1-10周 星期一 第3节-第4节 南湖南-博学北楼-108,12-14周 星期一 第3节-第4节 南湖南-博学北楼-108,17周 星期二 第3节-第4节 南湖南-博学北楼-108","XF":2,"SKXQ":1,"XNXQDM":"2024-2025-2","KCM":"土木工程材料","JASDM":"0202010108","JXLDM":"020201","JXBID":"20242-04459","SKBJ":"岩土jd2301","TYXMDM":null,"KCH":"4130197110"},{"KKDWDM":"022","XS":40,"BYBZ":"0","JSJC":4,"XXXQDM":"02","KXH":"01","KSJC":3,"XKZRS":25,"SKZC":"000000000000110000000000","SKJS":"鲍焕然","ISTK":0,"ZCMC":"13-14周","YPSJDD":"13-14周 星期二 第3节-第4节 南湖南-博学北楼-108,1-12周 星期二 第3节-第5节 南湖南-博学北楼-108","XF":2,"SKXQ":2,"XNXQDM":"2024-2025-2","KCM":"中国当代文学","JASDM":"0202010108","JXLDM":"020201","JXBID":"20242-05830","SKBJ":"汉语2301","TYXMDM":null,"KCH":"10224121136"},{"KKDWDM":"072","XS":64,"BYBZ":"0","JSJC":2,"XXXQDM":"02","KXH":"01","KSJC":1,"XKZRS":29,"SKZC":"000000000000000110000000000000","SKJS":"秦品权","ISTK":0,"ZCMC":"16-17周","YPSJDD":"1-9周 星期四 第3节-第4节 南湖南-博学北楼-108,17周 星期二 第1节-第2节 南湖南-博学北楼-108,1-10周 星期一 第1节-第2节 南湖南-博学北楼-108,12-14周 星期一 第1节-第2节 南湖南-博学北楼-108,11-17周 星期四 第3节-第4节 南湖南-博学北楼-108,16-17周 星期一 第1节-第2节 南湖南-博学北楼-108","XF":4,"SKXQ":1,"XNXQDM":"2024-2025-2","KCM":"电动力学A","JASDM":"0202010108","JXLDM":"020201","JXBID":"20242-05843","SKBJ":"物理JD2301","TYXMDM":null,"KCH":"10154114026"},{"KKDWDM":"009","XS":32,"BYBZ":"0","JSJC":4,"XXXQDM":"02","KXH":"01","KSJC":3,"XKZRS":30,"SKZC":"000000000000000110000000000000","SKJS":"孙涛,李培鹏","ISTK":0,"ZCMC":"16-17周","YPSJDD":"16-17周 星期一 第3节-第4节 南湖南-博学北楼-108,1-10周 星期一 第3节-第4节 南湖南-博学北楼-108,12-14周 星期一 第3节-第4节 南湖南-博学北楼-108,17周 星期二 第3节-第4节 南湖南-博学北楼-108","XF":2,"SKXQ":1,"XNXQDM":"2024-2025-2","KCM":"土木工程材料","JASDM":"0202010108","JXLDM":"020201","JXBID":"20242-04459","SKBJ":"岩土jd2301","TYXMDM":null,"KCH":"4130197110"},{"KKDWDM":"017","XS":40,"BYBZ":"0","JSJC":2,"XXXQDM":"02","KXH":"01","KSJC":1,"XKZRS":38,"SKZC":"000000000000000010000000000000","SKJS":"祝江斌","ISTK":0,"ZCMC":"17周","YPSJDD":"7-9周 星期五 第1节-第2节 南湖南-博学北楼-108,17周 星期三 第1节-第2节 南湖南-博学北楼-108,9周 星期日 第1节-第2节 南湖南-博学北楼-108,1-5周 星期五 第1节-第2节 南湖南-博学北楼-108,11-16周 星期五 第1节-第2节 南湖南-博学北楼-108","XF":2,"SKXQ":3,"XNXQDM":"2024-2025-2","KCM":"营销应用统计模型","JASDM":"0202010108","JXLDM":"020201","JXBID":"20242-05550","SKBJ":"营销2301","TYXMDM":null,"KCH":"10174121131"},{"KKDWDM":"009","XS":32,"BYBZ":"0","JSJC":4,"XXXQDM":"02","KXH":"01","KSJC":3,"XKZRS":30,"SKZC":"000000000000000010000000000000","SKJS":"孙涛,李培鹏","ISTK":0,"ZCMC":"17周","YPSJDD":"16-17周 星期一 第3节-第4节 南湖南-博学北楼-108,1-10周 星期一 第3节-第4节 南湖南-博学北楼-108,12-14周 星期一 第3节-第4节 南湖南-博学北楼-108,17周 星期二 第3节-第4节 南湖南-博学北楼-108","XF":2,"SKXQ":2,"XNXQDM":"2024-2025-2","KCM":"土木工程材料","JASDM":"0202010108","JXLDM":"020201","JXBID":"20242-04459","SKBJ":"岩土jd2301","TYXMDM":null,"KCH":"4130197110"},{"KKDWDM":"072","XS":64,"BYBZ":"0","JSJC":2,"XXXQDM":"02","KXH":"01","KSJC":1,"XKZRS":29,"SKZC":"000000000000000010000000000000","SKJS":"秦品权","ISTK":0,"ZCMC":"17周","YPSJDD":"1-9周 星期四 第3节-第4节 南湖南-博学北楼-108,17周 星期二 第1节-第2节 南湖南-博学北楼-108,1-10周 星期一 第1节-第2节 南湖南-博学北楼-108,12-14周 星期一 第1节-第2节 南湖南-博学北楼-108,11-17周 星期四 第3节-第4节 南湖南-博学北楼-108,16-17周 星期一 第1节-第2节 南湖南-博学北楼-108","XF":4,"SKXQ":2,"XNXQDM":"2024-2025-2","KCM":"电动力学A","JASDM":"0202010108","JXLDM":"020201","JXBID":"20242-05843","SKBJ":"物理JD2301","TYXMDM":null,"KCH":"10154114026"}]}},"code":"0"}