{"datas":{"jaskcb":{"extParams":{"code":1,"msg":"查询成功"},"pageSize":0,"pageNumber":0,"totalSize":-1,"rows":[{"KKDWDM":"072","XS":32,"BYBZ":"0","JSJC":10,"XXXQDM":"02","KXH":"01","KSJC":9,"XKZRS":38,"SKZC":"111111111111111100000000","SKJS":"褚亮亮,陈建中","ISTK":0,"ZCMC":"1-16周","YPSJDD":"1-16周 星期二 第9节-第10节 南湖南-博学东楼-105","XF":2,"SKXQ":2,"XNXQDM":"2024-2025-2","KCM":"板壳力学","JASDM":"0202020105","JXLDM":"020202","JXBID":"20242-02431","SKBJ":"工力2201-02,工力zy2201","TYXMDM":null,"KCH":"10083111002"},{"KKDWDM":"012","XS":32,"BYBZ":"0","JSJC":2,"XXXQDM":"02","KXH":"19","KSJC":1,"XKZRS":73,"SKZC":"111111111111111100000000","SKJS":"张伟","ISTK":0,"ZCMC":"1-16周","YPSJDD":"1-16周 星期二 第1节-第2节 南湖南-博学东楼-105","XF":2,"SKXQ":2,"XNXQDM":"2024-2025-2","KCM":"Python程序设计基础B","JASDM":"0202020105","JXLDM":"020202","JXBID":"20242-12104","SKBJ":"环科类2405-06","TYXMDM":null,"KCH":"10121121085"},{"KKDWDM":"012","XS":32,"BYBZ":"0","JSJC":7,"XXXQDM":"02","KXH":"09","KSJC":6,"XKZRS":104,"SKZC":"111111111111111100000000","SKJS":"毛薇","ISTK":0,"ZCMC":"1-16周","YPSJDD":"1-16周 星期三 第6节-第7节 南湖南-博学东楼-105","XF":2,"SKXQ":3,"XNXQDM":"2024-2025-2","KCM":"C程序设计基础B","JASDM":"0202020105","JXLDM":"020202","JXBID":"20242-11973","SKBJ":"机电类2412-14","TYXMDM":null,"KCH":"10121121087"},{"KKDWDM":"016","XS":48,"BYBZ":"0","JSJC":8,"XXXQDM":"02","KXH":"02","KSJC":6,"XKZRS":75,"SKZC":"1111111111111111","SKJS":"王一龙,郭景星","ISTK":0,"ZCMC":"1-16周","YPSJDD":"1-16周 星期二 第6节-第8节 南湖南-博学东楼-105","XF":3,"SKXQ":2,"XNXQDM":"2024-2025-2","KCM":"无机与分析化学","JASDM":"0202020105","JXLDM":"020202","JXBID":"20242-10318","SKBJ":"生科类2401-03","TYXMDM":null,"KCH":"10164117039"},{"KKDWDM":"021","XS":48,"BYBZ":"0","JSJC":5,"XXXQDM":"02","KXH":"05","KSJC":3,"XKZRS":98,"SKZC":"111111111111110000000000","SKJS":"吴冬","ISTK":0,"ZCMC":"1-14周","YPSJDD":"1-14周 星期三 第3节-第5节 南湖南-博学东楼-105","XF":3,"SKXQ":3,"XNXQDM":"2024-2025-2","KCM":"思想道德与法治","JASDM":"0202020105","JXLDM":"020202","JXBID":"20242-11918","SKBJ":"管科类2404-06","TYXMDM":null,"KCH":"10211124001"},{"KKDWDM":"012","XS":40,"BYBZ":"0","JSJC":5,"XXXQDM":"02","KXH":"05","KSJC":3,"XKZRS":96,"SKZC":"111111111111000000000000","SKJS":"何业兰","ISTK":0,"ZCMC":"1-12周","YPSJDD":"13-14周 星期二 第3节-第4节 南湖南-博学东楼-105,1-12周 星期二 第3节-第5节 南湖南-博学东楼-105","XF":2,"SKXQ":2,"XNXQDM":"2024-2025-2","KCM":"计算机网络","JASDM":"0202020105","JXLDM":"020202","JXBID":"20242-02228","SKBJ":"计算机2204,计算机zy2201-02","TYXMDM":null,"KCH":"10124121062"},{"KKDWDM":"012","XS":32,"BYBZ":"0","JSJC":4,"XXXQDM":"02","KXH":"05","KSJC":3,"XKZRS":68,"SKZC":"111111111100000000000000000000","SKJS":"李宁","ISTK":0,"ZCMC":"1-10周","YPSJDD":"16-17周 星期一 第3节-第4节 南湖南-博学东楼-105,12-14周 星期一 第3节-第4节 南湖南-博学东楼-105,17周 星期二 第3节-第4节 南湖南-博学东楼-105,1-10周 星期一 第3节-第4节 南湖南-博学东楼-105","XF":2,"SKXQ":1,"XNXQDM":"2024-2025-2","KCM":"Python程序设计基础B","JASDM":"0202020105","JXLDM":"020202","JXBID":"20242-11948","SKBJ":"环科类2407-08","TYXMDM":null,"KCH":"10121121085"},{"KKDWDM":"012","XS":32,"BYBZ":"0","JSJC":7,"XXXQDM":"02","KXH":"17","KSJC":6,"XKZRS":93,"SKZC":"111111111100000000000000000000","SKJS":"周银良","ISTK":0,"ZCMC":"1-10周","YPSJDD":"12-14周 星期一 第6节-第7节 南湖南-博学东楼-105,16-17周 星期一 第6节-第7节 南湖南-博学东楼-105,17周 星期二 第6节-第7节 南湖南-博学东楼-105,1-10周 星期一 第6节-第7节 南湖南-博学东楼-105","XF":2,"SKXQ":1,"XNXQDM":"2024-2025-2","KCM":"Python程序设计基础B","JASDM":"0202020105","JXLDM":"020202","JXBID":"20242-12101","SKBJ":"法学类2401-03","TYXMDM":null,"KCH":"10121121085"},{"KKDWDM":"012","XS":32,"BYBZ":"0","JSJC":13,"XXXQDM":"02","KXH":"01","KSJC":11,"XKZRS":139,"SKZC":"111111111010000000000000","SKJS":"巩晶","ISTK":0,"ZCMC":"1-9周,11周","YPSJDD":"12周 星期四 第11节-第12节 南湖南-博学东楼-105,1-9周,11周 星期四 第11节-第13节 南湖南-博学东楼-105","XF":2,"SKXQ":4,"XNXQDM":"2024-2025-2","KCM":"JAVA程序设计语言","JASDM":"0202020105","JXLDM":"020202","JXBID":"20242-07918","SKBJ":"公选-07918","TYXMDM":null,"KCH":"10126121183"},{"KKDWDM":"021","XS":48,"BYBZ":"0","JSJC":5,"XXXQDM":"02","KXH":"23","KSJC":3,"XKZRS":110,"SKZC":"111111111000000000000000000000","SKJS":"吴冬","ISTK":0,"ZCMC":"1-9周","YPSJDD":"1-9周 星期四 第3节-第5节 南湖南-博学东楼-105,11-15周 星期四 第3节-第5节 南湖南-博学东楼-105","XF":3,"SKXQ":4,"XNXQDM":"2024-2025-2","KCM":"思想道德与法治","JASDM":"0202020105","JXLDM":"020202","JXBID":"20242-11921","SKBJ":"化生类2405-08","TYXMDM":null,"KCH":"10211124001"},{"KKDWDM":"012","XS":32,"BYBZ":"0","JSJC":2,"XXXQDM":"02","KXH":"12","KSJC":1,"XKZRS":93,"SKZC":"111111111000000000000000000000","SKJS":"周银良","ISTK":0,"ZCMC":"1-9周","YPSJDD":"1-9周 星期四 第1节-第2节 南湖南-博学东楼-105,11-17周 星期四 第1节-第2节 南湖南-博学东楼-105","XF":2,"SKXQ":4,"XNXQDM":"2024-2025-2","KCM":"Python程序设计基础B","JASDM":"0202020105","JXLDM":"020202","JXBID":"20242-11916","SKBJ":"经济学类2401-03","TYXMDM":null,"KCH":"10121121085"},{"KKDWDM":"009","XS":24,"BYBZ":"0","JSJC":13,"XXXQDM":"02","KXH":"01","KSJC":11,"XKZRS":143,"SKZC":"111111110000000000000000","SKJS":"白亮","ISTK":0,"ZCMC":"1-8周","YPSJDD":"1-8周 星期三 第11节-第13节 南湖南-博学东楼-105","XF":1,"SKXQ":3,"XNXQDM":"2024-2025-2","KCM":"世界美术欣赏(GX)","JASDM":"0202020105","JXLDM":"020202","JXBID":"20242-07640","SKBJ":"公选-07640","TYXMDM":null,"KCH":"10092121141"},{"KKDWDM":"009","XS":16,"BYBZ":"0","JSJC":12,"XXXQDM":"02","KXH":"01","KSJC":11,"XKZRS":140,"SKZC":"11111111","SKJS":"吴宣,李彩,赵茜","ISTK":0,"ZCMC":"1-8周","YPSJDD":"1-8周 星期一 第11节-第12节 南湖南-博学东楼-105","XF":1,"SKXQ":1,"XNXQDM":"2024-2025-2","KCM":"建筑名作解析(JD)","JASDM":"0202020105","JXLDM":"020202","JXBID":"20242-07651","SKBJ":"公选-07651","TYXMDM":null,"KCH":"10096124003"},{"KKDWDM":"021","XS":48,"BYBZ":"0","JSJC":5,"XXXQDM":"02","KXH":"51","KSJC":3,"XKZRS":109,"SKZC":"111110000000000000000000000000","SKJS":"熊维娜","ISTK":0,"ZCMC":"1-5周","YPSJDD":"9周 星期日 第3节-第5节 南湖南-博学东楼-105,11-15周 星期五 第3节-第5节 南湖南-博学东楼-105,1-5周 星期五 第3节-第5节 南湖南-博学东楼-105,7-9周 星期五 第3节-第5节 南湖南-博学东楼-105","XF":3,"SKXQ":5,"XNXQDM":"2024-2025-2","KCM":"中国近现代史纲要","JASDM":"0202020105","JXLDM":"020202","JXBID":"20242-11867","SKBJ":"材料类2413-15","TYXMDM":null,"KCH":"10211124005"},{"KKDWDM":"009","XS":16,"BYBZ":"0","JSJC":2,"XXXQDM":"02","KXH":"01","KSJC":1,"XKZRS":139,"SKZC":"111110000000000000000000000000","SKJS":"李蕾","ISTK":0,"ZCMC":"1-5周","YPSJDD":"1-5周 星期五 第1节-第2节 南湖南-博学东楼-105,9周 星期日 第1节-第2节 南湖南-博学东楼-105,7-8周 星期五 第1节-第2节 南湖南-博学东楼-105","XF":1,"SKXQ":5,"XNXQDM":"2024-2025-2","KCM":"工程经济学C","JASDM":"0202020105","JXLDM":"020202","JXBID":"20242-04389","SKBJ":"土木zy2301-05","TYXMDM":null,"KCH":"10095121010"},{"KKDWDM":"021","XS":48,"BYBZ":"0","JSJC":8,"XXXQDM":"02","KXH":"26","KSJC":6,"XKZRS":109,"SKZC":"111110000000000000000000000000","SKJS":"宋雅萍","ISTK":0,"ZCMC":"1-5周","YPSJDD":"9周 星期日 第6节-第8节 南湖南-博学东楼-105,11-15周 星期五 第6节-第8节 南湖南-博学东楼-105,1-5周 星期五 第6节-第8节 南湖南-博学东楼-105,7-9周 星期五 第6节-第8节 南湖南-博学东楼-105","XF":3,"SKXQ":5,"XNXQDM":"2024-2025-2","KCM":"思想道德与法治","JASDM":"0202020105","JXLDM":"020202","JXBID":"20242-11814","SKBJ":"建筑类2401,法学类2401-03","TYXMDM":null,"KCH":"10211124001"},{"KKDWDM":"021","XS":48,"BYBZ":"0","JSJC":8,"XXXQDM":"02","KXH":"26","KSJC":6,"XKZRS":109,"SKZC":"000000111000000000000000000000","SKJS":"宋雅萍","ISTK":0,"ZCMC":"7-9周","YPSJDD":"9周 星期日 第6节-第8节 南湖南-博学东楼-105,11-15周 星期五 第6节-第8节 南湖南-博学东楼-105,1-5周 星期五 第6节-第8节 南湖南-博学东楼-105,7-9周 星期五 第6节-第8节 南湖南-博学东楼-105","XF":3,"SKXQ":5,"XNXQDM":"2024-2025-2","KCM":"思想道德与法治","JASDM":"0202020105","JXLDM":"020202","JXBID":"20242-11814","SKBJ":"建筑类2401,法学类2401-03","TYXMDM":null,"KCH":"10211124001"},{"KKDWDM":"021","XS":48,"BYBZ":"0","JSJC":5,"XXXQDM":"02","KXH":"51","KSJC":3,"XKZRS":109,"SKZC":"000000111000000000000000000000","SKJS":"熊维娜","ISTK":0,"ZCMC":"7-9周","YPSJDD":"9周 星期日 第3节-第5节 南湖南-博学东楼-105,11-15周 星期五 第3节-第5节 南湖南-博学东楼-105,1-5周 星期五 第3节-第5节 南湖南-博学东楼-105,7-9周 星期五 第3节-第5节 南湖南-博学东楼-105","XF":3,"SKXQ":5,"XNXQDM":"2024-2025-2","KCM":"中国近现代史纲要","JASDM":"0202020105","JXLDM":"020202","JXBID":"20242-11867","SKBJ":"材料类2413-15","TYXMDM":null,"KCH":"10211124005"},{"KKDWDM":"009","XS":16,"BYBZ":"0","JSJC":2,"XXXQDM":"02","KXH":"01","KSJC":1,"XKZRS":139,"SKZC":"000000110000000000000000000000","SKJS":"李蕾","ISTK":0,"ZCMC":"7-8周","YPSJDD":"1-5周 星期五 第1节-第2节 南湖南-博学东楼-105,9周 星期日 第1节-第2节 南湖南-博学东楼-105,7-8周 星期五 第1节-第2节 南湖南-博学东楼-105","XF":1,"SKXQ":5,"XNXQDM":"2024-2025-2","KCM":"工程经济学C","JASDM":"0202020105","JXLDM":"020202","JXBID":"20242-04389","SKBJ":"土木zy2301-05","TYXMDM":null,"KCH":"10095121010"},{"KKDWDM":"021","XS":8,"BYBZ":"0","JSJC":10,"XXXQDM":"02","KXH":"576","KSJC":9,"XKZRS":136,"SKZC":"000000011011000000000000","SKJS":"蔡春","ISTK":0,"ZCMC":"8-9周,11-12周","YPSJDD":"8-9周,11-12周 星期四 第9节-第10节 南湖南-博学东楼-105","XF":0,"SKXQ":4,"XNXQDM":"2024-2025-2","KCM":"形势与政策","JASDM":"0202020105","JXLDM":"020202","JXBID":"20242-14167","SKBJ":null,"TYXMDM":null,"KCH":"10218121092"},{"KKDWDM":"021","XS":8,"BYBZ":"0","JSJC":7,"XXXQDM":"02","KXH":"553","KSJC":6,"XKZRS":136,"SKZC":"000000011011000000000000","SKJS":"韩续冰","ISTK":0,"ZCMC":"8-9周,11-12周","YPSJDD":"8-9周,11-12周 星期四 第6节-第7节 南湖南-博学东楼-105","XF":0,"SKXQ":4,"XNXQDM":"2024-2025-2","KCM":"形势与政策","JASDM":"0202020105","JXLDM":"020202","JXBID":"20242-14144","SKBJ":null,"TYXMDM":null,"KCH":"10218121092"},{"KKDWDM":"012","XS":32,"BYBZ":"0","JSJC":2,"XXXQDM":"02","KXH":"01","KSJC":1,"XKZRS":138,"SKZC":"000000001111111100000000000000","SKJS":"段鹏飞,熊盛武","ISTK":0,"ZCMC":"9-16周","YPSJDD":"11-16周 星期五 第1节-第2节 南湖南-博学东楼-105,17周 星期三 第1节-第2节 南湖南-博学东楼-105,9-16周 星期三 第1节-第2节 南湖南-博学东楼-105,9周 星期五 第1节-第2节 南湖南-博学东楼-105","XF":2,"SKXQ":3,"XNXQDM":"2024-2025-2","KCM":"深度学习","JASDM":"0202020105","JXLDM":"020202","JXBID":"20242-02684","SKBJ":"人工智能2201-02,大数据2201-02,物联网2201","TYXMDM":null,"KCH":"10124117111"},{"KKDWDM":"016","XS":16,"BYBZ":"0","JSJC":12,"XXXQDM":"02","KXH":"01","KSJC":11,"XKZRS":118,"SKZC":"000000001111000000000000","SKJS":"刘聃璐,王勇,班宜辉,黄薇","ISTK":0,"ZCMC":"9-12周","YPSJDD":"9-12周 星期二 第11节-第12节 南湖南-博学东楼-105","XF":1,"SKXQ":2,"XNXQDM":"2024-2025-2","KCM":"益生菌的免疫调控及应用(JD)","JASDM":"0202020105","JXLDM":"020202","JXBID":"20242-08100","SKBJ":"公选-08100","TYXMDM":null,"KCH":"10166121126"},{"KKDWDM":"010","XS":48,"BYBZ":"0","JSJC":2,"XXXQDM":"02","KXH":"01","KSJC":1,"XKZRS":115,"SKZC":"000000001100000000000000000000","SKJS":"尹章才","ISTK":0,"ZCMC":"9-10周","YPSJDD":"16-17周 星期一 第1节-第2节 南湖南-博学东楼-105,17周 星期四 第3节-第4节 南湖南-博学主楼-510,9-10周 星期一 第1节-第2节 南湖南-博学东楼-105,9周 星期四 第3节-第4节 南湖南-博学主楼-510,11-16周 星期四 第3节-第4节 南湖南-博学主楼-510,12-14周 星期一 第1节-第2节 南湖南-博学东楼-105","XF":3,"SKXQ":1,"XNXQDM":"2024-2025-2","KCM":"网络GIS","JASDM":"0202020105","JXLDM":"020202","JXBID":"20242-02275","SKBJ":"地信2201-03","TYXMDM":null,"KCH":"10097311013"},{"KKDWDM":"012","XS":32,"BYBZ":"0","JSJC":2,"XXXQDM":"02","KXH":"01","KSJC":1,"XKZRS":138,"SKZC":"000000001000000000000000000000","SKJS":"段鹏飞,熊盛武","ISTK":0,"ZCMC":"9周","YPSJDD":"11-16周 星期五 第1节-第2节 南湖南-博学东楼-105,17周 星期三 第1节-第2节 南湖南-博学东楼-105,9-16周 星期三 第1节-第2节 南湖南-博学东楼-105,9周 星期五 第1节-第2节 南湖南-博学东楼-105","XF":2,"SKXQ":5,"XNXQDM":"2024-2025-2","KCM":"深度学习","JASDM":"0202020105","JXLDM":"020202","JXBID":"20242-02684","SKBJ":"人工智能2201-02,大数据2201-02,物联网2201","TYXMDM":null,"KCH":"10124117111"},{"KKDWDM":"021","XS":48,"BYBZ":"0","JSJC":5,"XXXQDM":"02","KXH":"51","KSJC":3,"XKZRS":109,"SKZC":"000000001000000000000000000000","SKJS":"熊维娜","ISTK":0,"ZCMC":"9周","YPSJDD":"9周 星期日 第3节-第5节 南湖南-博学东楼-105,11-15周 星期五 第3节-第5节 南湖南-博学东楼-105,1-5周 星期五 第3节-第5节 南湖南-博学东楼-105,7-9周 星期五 第3节-第5节 南湖南-博学东楼-105","XF":3,"SKXQ":7,"XNXQDM":"2024-2025-2","KCM":"中国近现代史纲要","JASDM":"0202020105","JXLDM":"020202","JXBID":"20242-11867","SKBJ":"材料类2413-15","TYXMDM":null,"KCH":"10211124005"},{"KKDWDM":"009","XS":16,"BYBZ":"0","JSJC":2,"XXXQDM":"02","KXH":"01","KSJC":1,"XKZRS":139,"SKZC":"000000001000000000000000000000","SKJS":"李蕾","ISTK":0,"ZCMC":"9周","YPSJDD":"1-5周 星期五 第1节-第2节 南湖南-博学东楼-105,9周 星期日 第1节-第2节 南湖南-博学东楼-105,7-8周 星期五 第1节-第2节 南湖南-博学东楼-105","XF":1,"SKXQ":7,"XNXQDM":"2024-2025-2","KCM":"工程经济学C","JASDM":"0202020105","JXLDM":"020202","JXBID":"20242-04389","SKBJ":"土木zy2301-05","TYXMDM":null,"KCH":"10095121010"},{"KKDWDM":"021","XS":48,"BYBZ":"0","JSJC":8,"XXXQDM":"02","KXH":"26","KSJC":6,"XKZRS":109,"SKZC":"000000001000000000000000000000","SKJS":"宋雅萍","ISTK":0,"ZCMC":"9周","YPSJDD":"9周 星期日 第6节-第8节 南湖南-博学东楼-105,11-15周 星期五 第6节-第8节 南湖南-博学东楼-105,1-5周 星期五 第6节-第8节 南湖南-博学东楼-105,7-9周 星期五 第6节-第8节 南湖南-博学东楼-105","XF":3,"SKXQ":7,"XNXQDM":"2024-2025-2","KCM":"思想道德与法治","JASDM":"0202020105","JXLDM":"020202","JXBID":"20242-11814","SKBJ":"建筑类2401,法学类2401-03","TYXMDM":null,"KCH":"10211124001"},{"KKDWDM":"012","XS":32,"BYBZ":"0","JSJC":2,"XXXQDM":"02","KXH":"12","KSJC":1,"XKZRS":93,"SKZC":"000000000011111110000000000000","SKJS":"周银良","ISTK":0,"ZCMC":"11-17周","YPSJDD":"1-9周 星期四 第1节-第2节 南湖南-博学东楼-105,11-17周 星期四 第1节-第2节 南湖南-博学东楼-105","XF":2,"SKXQ":4,"XNXQDM":"2024-2025-2","KCM":"Python程序设计基础B","JASDM":"0202020105","JXLDM":"020202","JXBID":"20242-11916","SKBJ":"经济学类2401-03","TYXMDM":null,"KCH":"10121121085"},{"KKDWDM":"012","XS":32,"BYBZ":"0","JSJC":2,"XXXQDM":"02","KXH":"01","KSJC":1,"XKZRS":138,"SKZC":"000000000011111100000000000000","SKJS":"段鹏飞,熊盛武","ISTK":0,"ZCMC":"11-16周","YPSJDD":"11-16周 星期五 第1节-第2节 南湖南-博学东楼-105,17周 星期三 第1节-第2节 南湖南-博学东楼-105,9-16周 星期三 第1节-第2节 南湖南-博学东楼-105,9周 星期五 第1节-第2节 南湖南-博学东楼-105","XF":2,"SKXQ":5,"XNXQDM":"2024-2025-2","KCM":"深度学习","JASDM":"0202020105","JXLDM":"020202","JXBID":"20242-02684","SKBJ":"人工智能2201-02,大数据2201-02,物联网2201","TYXMDM":null,"KCH":"10124117111"},{"KKDWDM":"021","XS":48,"BYBZ":"0","JSJC":5,"XXXQDM":"02","KXH":"23","KSJC":3,"XKZRS":110,"SKZC":"000000000011111000000000000000","SKJS":"吴冬","ISTK":0,"ZCMC":"11-15周","YPSJDD":"1-9周 星期四 第3节-第5节 南湖南-博学东楼-105,11-15周 星期四 第3节-第5节 南湖南-博学东楼-105","XF":3,"SKXQ":4,"XNXQDM":"2024-2025-2","KCM":"思想道德与法治","JASDM":"0202020105","JXLDM":"020202","JXBID":"20242-11921","SKBJ":"化生类2405-08","TYXMDM":null,"KCH":"10211124001"},{"KKDWDM":"021","XS":48,"BYBZ":"0","JSJC":5,"XXXQDM":"02","KXH":"51","KSJC":3,"XKZRS":109,"SKZC":"000000000011111000000000000000","SKJS":"熊维娜","ISTK":0,"ZCMC":"11-15周","YPSJDD":"9周 星期日 第3节-第5节 南湖南-博学东楼-105,11-15周 星期五 第3节-第5节 南湖南-博学东楼-105,1-5周 星期五 第3节-第5节 南湖南-博学东楼-105,7-9周 星期五 第3节-第5节 南湖南-博学东楼-105","XF":3,"SKXQ":5,"XNXQDM":"2024-2025-2","KCM":"中国近现代史纲要","JASDM":"0202020105","JXLDM":"020202","JXBID":"20242-11867","SKBJ":"材料类2413-15","TYXMDM":null,"KCH":"10211124005"},{"KKDWDM":"021","XS":48,"BYBZ":"0","JSJC":8,"XXXQDM":"02","KXH":"26","KSJC":6,"XKZRS":109,"SKZC":"000000000011111000000000000000","SKJS":"宋雅萍","ISTK":0,"ZCMC":"11-15周","YPSJDD":"9周 星期日 第6节-第8节 南湖南-博学东楼-105,11-15周 星期五 第6节-第8节 南湖南-博学东楼-105,1-5周 星期五 第6节-第8节 南湖南-博学东楼-105,7-9周 星期五 第6节-第8节 南湖南-博学东楼-105","XF":3,"SKXQ":5,"XNXQDM":"2024-2025-2","KCM":"思想道德与法治","JASDM":"0202020105","JXLDM":"020202","JXBID":"20242-11814","SKBJ":"建筑类2401,法学类2401-03","TYXMDM":null,"KCH":"10211124001"},{"KKDWDM":"012","XS":32,"BYBZ":"0","JSJC":4,"XXXQDM":"02","KXH":"05","KSJC":3,"XKZRS":68,"SKZC":"000000000001110000000000000000","SKJS":"李宁","ISTK":0,"ZCMC":"12-14周","YPSJDD":"16-17周 星期一 第3节-第4节 南湖南-博学东楼-105,12-14周 星期一 第3节-第4节 南湖南-博学东楼-105,17周 星期二 第3节-第4节 南湖南-博学东楼-105,1-10周 星期一 第3节-第4节 南湖南-博学东楼-105","XF":2,"SKXQ":1,"XNXQDM":"2024-2025-2","KCM":"Python程序设计基础B","JASDM":"0202020105","JXLDM":"020202","JXBID":"20242-11948","SKBJ":"环科类2407-08","TYXMDM":null,"KCH":"10121121085"},{"KKDWDM":"010","XS":48,"BYBZ":"0","JSJC":2,"XXXQDM":"02","KXH":"01","KSJC":1,"XKZRS":115,"SKZC":"000000000001110000000000000000","SKJS":"尹章才","ISTK":0,"ZCMC":"12-14周","YPSJDD":"16-17周 星期一 第1节-第2节 南湖南-博学东楼-105,17周 星期四 第3节-第4节 南湖南-博学主楼-510,9-10周 星期一 第1节-第2节 南湖南-博学东楼-105,9周 星期四 第3节-第4节 南湖南-博学主楼-510,11-16周 星期四 第3节-第4节 南湖南-博学主楼-510,12-14周 星期一 第1节-第2节 南湖南-博学东楼-105","XF":3,"SKXQ":1,"XNXQDM":"2024-2025-2","KCM":"网络GIS","JASDM":"0202020105","JXLDM":"020202","JXBID":"20242-02275","SKBJ":"地信2201-03","TYXMDM":null,"KCH":"10097311013"},{"KKDWDM":"012","XS":32,"BYBZ":"0","JSJC":7,"XXXQDM":"02","KXH":"17","KSJC":6,"XKZRS":93,"SKZC":"000000000001110000000000000000","SKJS":"周银良","ISTK":0,"ZCMC":"12-14周","YPSJDD":"12-14周 星期一 第6节-第7节 南湖南-博学东楼-105,16-17周 星期一 第6节-第7节 南湖南-博学东楼-105,17周 星期二 第6节-第7节 南湖南-博学东楼-105,1-10周 星期一 第6节-第7节 南湖南-博学东楼-105","XF":2,"SKXQ":1,"XNXQDM":"2024-2025-2","KCM":"Python程序设计基础B","JASDM":"0202020105","JXLDM":"020202","JXBID":"20242-12101","SKBJ":"法学类2401-03","TYXMDM":null,"KCH":"10121121085"},{"KKDWDM":"012","XS":32,"BYBZ":"0","JSJC":12,"XXXQDM":"02","KXH":"01","KSJC":11,"XKZRS":139,"SKZC":"000000000001000000000000","SKJS":"巩晶","ISTK":0,"ZCMC":"12周","YPSJDD":"12周 星期四 第11节-第12节 南湖南-博学东楼-105,1-9周,11周 星期四 第11节-第13节 南湖南-博学东楼-105","XF":2,"SKXQ":4,"XNXQDM":"2024-2025-2","KCM":"JAVA程序设计语言","JASDM":"0202020105","JXLDM":"020202","JXBID":"20242-07918","SKBJ":"公选-07918","TYXMDM":null,"KCH":"10126121183"},{"KKDWDM":"021","XS":8,"BYBZ":"0","JSJC":10,"XXXQDM":"02","KXH":"621","KSJC":9,"XKZRS":135,"SKZC":"0000000000001111","SKJS":"王燊楠","ISTK":0,"ZCMC":"13-16周","YPSJDD":"13-16周 星期四 第9节-第10节 南湖南-博学东楼-105","XF":0,"SKXQ":4,"XNXQDM":"2024-2025-2","KCM":"形势与政策","JASDM":"0202020105","JXLDM":"020202","JXBID":"20242-14212","SKBJ":null,"TYXMDM":null,"KCH":"10218121092"},{"KKDWDM":"021","XS":8,"BYBZ":"0","JSJC":7,"XXXQDM":"02","KXH":"598","KSJC":6,"XKZRS":136,"SKZC":"0000000000001111","SKJS":"杜奥迪","ISTK":0,"ZCMC":"13-16周","YPSJDD":"13-16周 星期四 第6节-第7节 南湖南-博学东楼-105","XF":0,"SKXQ":4,"XNXQDM":"2024-2025-2","KCM":"形势与政策","JASDM":"0202020105","JXLDM":"020202","JXBID":"20242-14189","SKBJ":null,"TYXMDM":null,"KCH":"10218121092"},{"KKDWDM":"012","XS":40,"BYBZ":"0","JSJC":4,"XXXQDM":"02","KXH":"05","KSJC":3,"XKZRS":96,"SKZC":"000000000000110000000000","SKJS":"何业兰","ISTK":0,"ZCMC":"13-14周","YPSJDD":"13-14周 星期二 第3节-第4节 南湖南-博学东楼-105,1-12周 星期二 第3节-第5节 南湖南-博学东楼-105","XF":2,"SKXQ":2,"XNXQDM":"2024-2025-2","KCM":"计算机网络","JASDM":"0202020105","JXLDM":"020202","JXBID":"20242-02228","SKBJ":"计算机2204,计算机zy2201-02","TYXMDM":null,"KCH":"10124121062"},{"KKDWDM":"012","XS":32,"BYBZ":"0","JSJC":4,"XXXQDM":"02","KXH":"05","KSJC":3,"XKZRS":68,"SKZC":"000000000000000110000000000000","SKJS":"李宁","ISTK":0,"ZCMC":"16-17周","YPSJDD":"16-17周 星期一 第3节-第4节 南湖南-博学东楼-105,12-14周 星期一 第3节-第4节 南湖南-博学东楼-105,17周 星期二 第3节-第4节 南湖南-博学东楼-105,1-10周 星期一 第3节-第4节 南湖南-博学东楼-105","XF":2,"SKXQ":1,"XNXQDM":"2024-2025-2","KCM":"Python程序设计基础B","JASDM":"0202020105","JXLDM":"020202","JXBID":"20242-11948","SKBJ":"环科类2407-08","TYXMDM":null,"KCH":"10121121085"},{"KKDWDM":"012","XS":32,"BYBZ":"0","JSJC":7,"XXXQDM":"02","KXH":"17","KSJC":6,"XKZRS":93,"SKZC":"000000000000000110000000000000","SKJS":"周银良","ISTK":0,"ZCMC":"16-17周","YPSJDD":"12-14周 星期一 第6节-第7节 南湖南-博学东楼-105,16-17周 星期一 第6节-第7节 南湖南-博学东楼-105,17周 星期二 第6节-第7节 南湖南-博学东楼-105,1-10周 星期一 第6节-第7节 南湖南-博学东楼-105","XF":2,"SKXQ":1,"XNXQDM":"2024-2025-2","KCM":"Python程序设计基础B","JASDM":"0202020105","JXLDM":"020202","JXBID":"20242-12101","SKBJ":"法学类2401-03","TYXMDM":null,"KCH":"10121121085"},{"KKDWDM":"010","XS":48,"BYBZ":"0","JSJC":2,"XXXQDM":"02","KXH":"01","KSJC":1,"XKZRS":115,"SKZC":"000000000000000110000000000000","SKJS":"尹章才","ISTK":0,"ZCMC":"16-17周","YPSJDD":"16-17周 星期一 第1节-第2节 南湖南-博学东楼-105,17周 星期四 第3节-第4节 南湖南-博学主楼-510,9-10周 星期一 第1节-第2节 南湖南-博学东楼-105,9周 星期四 第3节-第4节 南湖南-博学主楼-510,11-16周 星期四 第3节-第4节 南湖南-博学主楼-510,12-14周 星期一 第1节-第2节 南湖南-博学东楼-105","XF":3,"SKXQ":1,"XNXQDM":"2024-2025-2","KCM":"网络GIS","JASDM":"0202020105","JXLDM":"020202","JXBID":"20242-02275","SKBJ":"地信2201-03","TYXMDM":null,"KCH":"10097311013"},{"KKDWDM":"012","XS":32,"BYBZ":"0","JSJC":2,"XXXQDM":"02","KXH":"01","KSJC":1,"XKZRS":138,"SKZC":"000000000000000010000000000000","SKJS":"段鹏飞,熊盛武","ISTK":0,"ZCMC":"17周","YPSJDD":"11-16周 星期五 第1节-第2节 南湖南-博学东楼-105,17周 星期三 第1节-第2节 南湖南-博学东楼-105,9-16周 星期三 第1节-第2节 南湖南-博学东楼-105,9周 星期五 第1节-第2节 南湖南-博学东楼-105","XF":2,"SKXQ":3,"XNXQDM":"2024-2025-2","KCM":"深度学习","JASDM":"0202020105","JXLDM":"020202","JXBID":"20242-02684","SKBJ":"人工智能2201-02,大数据2201-02,物联网2201","TYXMDM":null,"KCH":"10124117111"},{"KKDWDM":"012","XS":32,"BYBZ":"0","JSJC":7,"XXXQDM":"02","KXH":"17","KSJC":6,"XKZRS":93,"SKZC":"000000000000000010000000000000","SKJS":"周银良","ISTK":0,"ZCMC":"17周","YPSJDD":"12-14周 星期一 第6节-第7节 南湖南-博学东楼-105,16-17周 星期一 第6节-第7节 南湖南-博学东楼-105,17周 星期二 第6节-第7节 南湖南-博学东楼-105,1-10周 星期一 第6节-第7节 南湖南-博学东楼-105","XF":2,"SKXQ":2,"XNXQDM":"2024-2025-2","KCM":"Python程序设计基础B","JASDM":"0202020105","JXLDM":"020202","JXBID":"20242-12101","SKBJ":"法学类2401-03","TYXMDM":null,"KCH":"10121121085"},{"KKDWDM":"012","XS":32,"BYBZ":"0","JSJC":4,"XXXQDM":"02","KXH":"05","KSJC":3,"XKZRS":68,"SKZC":"000000000000000010000000000000","SKJS":"李宁","ISTK":0,"ZCMC":"17周","YPSJDD":"16-17周 星期一 第3节-第4节 南湖南-博学东楼-105,12-14周 星期一 第3节-第4节 南湖南-博学东楼-105,17周 星期二 第3节-第4节 南湖南-博学东楼-105,1-10周 星期一 第3节-第4节 南湖南-博学东楼-105","XF":2,"SKXQ":2,"XNXQDM":"2024-2025-2","KCM":"Python程序设计基础B","JASDM":"0202020105","JXLDM":"020202","JXBID":"20242-11948","SKBJ":"环科类2407-08","TYXMDM":null,"KCH":"10121121085"}]}},"code":"0"}