{"datas":{"jaskcb":{"extParams":{"code":1,"msg":"查询成功"},"pageSize":0,"pageNumber":0,"totalSize":-1,"rows":[{"KKDWDM":"018","XS":40,"BYBZ":"0","JSJC":2,"XXXQDM":"02","KXH":"01","KSJC":1,"XKZRS":29,"SKZC":"1111111111111111","SKJS":"高新亚","ISTK":0,"ZCMC":"1-16周","YPSJDD":"1-16周 星期二 第1节-第2节 南湖南-博学北楼-212","XF":2,"SKXQ":2,"XNXQDM":"2024-2025-2","KCM":"电子商务安全技术B","JASDM":"0202010212","JXLDM":"020201","JXBID":"20242-04901","SKBJ":"电商2301","TYXMDM":null,"KCH":"10184117075"},{"KKDWDM":"012","XS":56,"BYBZ":"0","JSJC":5,"XXXQDM":"02","KXH":"01","KSJC":3,"XKZRS":39,"SKZC":"1111111111111111","SKJS":"沈志舒","ISTK":0,"ZCMC":"1-16周","YPSJDD":"1-16周 星期三 第3节-第5节 南湖南-博学北楼-212","XF":3,"SKXQ":3,"XNXQDM":"2024-2025-2","KCM":"操作系统","JASDM":"0202010212","JXLDM":"020201","JXBID":"20242-04868","SKBJ":"软件sy2301","TYXMDM":null,"KCH":"10124121070"},{"KKDWDM":"072","XS":64,"BYBZ":"0","JSJC":4,"XXXQDM":"02","KXH":"02","KSJC":3,"XKZRS":38,"SKZC":"111111111111111000000000000000","SKJS":"李春霞,陈军明","ISTK":0,"ZCMC":"1-15周","YPSJDD":"7-9周 星期五 第1节-第2节 南湖南-博学北楼-212,11-16周 星期五 第1节-第2节 南湖南-博学北楼-212,1-5周 星期五 第1节-第2节 南湖南-博学北楼-212,1-15周 星期二 第3节-第4节 南湖南-博学北楼-212,9周 星期日 第1节-第2节 南湖南-博学北楼-212","XF":4,"SKXQ":2,"XNXQDM":"2024-2025-2","KCM":"工程力学A","JASDM":"0202010212","JXLDM":"020201","JXBID":"20242-05120","SKBJ":"高分子2302","TYXMDM":null,"KCH":"10155111052"},{"KKDWDM":"009","XS":64,"BYBZ":"0","JSJC":2,"XXXQDM":"02","KXH":"03","KSJC":1,"XKZRS":39,"SKZC":"111111111100000000000000000000","SKJS":"李冬明","ISTK":0,"ZCMC":"1-10周","YPSJDD":"1-9周 星期四 第3节-第4节 南湖南-博学北楼-212,12-14周 星期一 第1节-第2节 南湖南-博学北楼-212,11-17周 星期四 第3节-第4节 南湖南-博学北楼-212,1-10周 星期一 第1节-第2节 南湖南-博学北楼-212,17周 星期二 第1节-第2节 南湖南-博学北楼-212,16-17周 星期一 第1节-第2节 南湖南-博学北楼-212","XF":4,"SKXQ":1,"XNXQDM":"2024-2025-2","KCM":"结构力学A1","JASDM":"0202010212","JXLDM":"020201","JXBID":"20242-05200","SKBJ":"土木zy2305","TYXMDM":null,"KCH":"10094117077"},{"KKDWDM":"023","XS":48,"BYBZ":"0","JSJC":4,"XXXQDM":"02","KXH":"01","KSJC":3,"XKZRS":15,"SKZC":"111111111100000000000000000000","SKJS":"李诗轩","ISTK":0,"ZCMC":"1-10周","YPSJDD":"17周 星期二 第3节-第4节 南湖南-博学北楼-212,1-10周 星期一 第3节-第4节 南湖南-博学北楼-212,16-17周 星期一 第3节-第4节 南湖南-博学北楼-212,12-14周 星期一 第3节-第4节 南湖南-博学北楼-212","XF":3,"SKXQ":1,"XNXQDM":"2024-2025-2","KCM":"数据库原理与应用","JASDM":"0202010212","JXLDM":"020201","JXBID":"20242-05916","SKBJ":"应急2301","TYXMDM":null,"KCH":"10234121070"},{"KKDWDM":"009","XS":64,"BYBZ":"0","JSJC":4,"XXXQDM":"02","KXH":"03","KSJC":3,"XKZRS":39,"SKZC":"111111111000000000000000000000","SKJS":"李冬明","ISTK":0,"ZCMC":"1-9周","YPSJDD":"1-9周 星期四 第3节-第4节 南湖南-博学北楼-212,12-14周 星期一 第1节-第2节 南湖南-博学北楼-212,11-17周 星期四 第3节-第4节 南湖南-博学北楼-212,1-10周 星期一 第1节-第2节 南湖南-博学北楼-212,17周 星期二 第1节-第2节 南湖南-博学北楼-212,16-17周 星期一 第1节-第2节 南湖南-博学北楼-212","XF":4,"SKXQ":4,"XNXQDM":"2024-2025-2","KCM":"结构力学A1","JASDM":"0202010212","JXLDM":"020201","JXBID":"20242-05200","SKBJ":"土木zy2305","TYXMDM":null,"KCH":"10094117077"},{"KKDWDM":"008","XS":32,"BYBZ":"0","JSJC":2,"XXXQDM":"02","KXH":"01","KSJC":1,"XKZRS":39,"SKZC":"111111111000000000000000000000","SKJS":"戴蓉,陈祯","ISTK":0,"ZCMC":"1-9周","YPSJDD":"11-17周 星期四 第1节-第2节 南湖南-博学北楼-212,1-9周 星期四 第1节-第2节 南湖南-博学北楼-212","XF":2,"SKXQ":4,"XNXQDM":"2024-2025-2","KCM":"误差理论与数据处理A","JASDM":"0202010212","JXLDM":"020201","JXBID":"20242-04351","SKBJ":"测控2303","TYXMDM":null,"KCH":"10084113013"},{"KKDWDM":"020","XS":16,"BYBZ":"0","JSJC":2,"XXXQDM":"02","KXH":"01","KSJC":1,"XKZRS":18,"SKZC":"11111111","SKJS":"Kanda Hidenori","ISTK":0,"ZCMC":"1-8周","YPSJDD":"1-8周 星期三 第1节-第2节 南湖南-博学北楼-212","XF":1,"SKXQ":3,"XNXQDM":"2024-2025-2","KCM":"日语会话2","JASDM":"0202010212","JXLDM":"020201","JXBID":"20242-06388","SKBJ":"外语类2406","TYXMDM":null,"KCH":"10203124265"},{"KKDWDM":"072","XS":64,"BYBZ":"0","JSJC":2,"XXXQDM":"02","KXH":"02","KSJC":1,"XKZRS":38,"SKZC":"111110000000000000000000000000","SKJS":"李春霞,陈军明","ISTK":0,"ZCMC":"1-5周","YPSJDD":"7-9周 星期五 第1节-第2节 南湖南-博学北楼-212,11-16周 星期五 第1节-第2节 南湖南-博学北楼-212,1-5周 星期五 第1节-第2节 南湖南-博学北楼-212,1-15周 星期二 第3节-第4节 南湖南-博学北楼-212,9周 星期日 第1节-第2节 南湖南-博学北楼-212","XF":4,"SKXQ":5,"XNXQDM":"2024-2025-2","KCM":"工程力学A","JASDM":"0202010212","JXLDM":"020201","JXBID":"20242-05120","SKBJ":"高分子2302","TYXMDM":null,"KCH":"10155111052"},{"KKDWDM":"072","XS":64,"BYBZ":"0","JSJC":2,"XXXQDM":"02","KXH":"02","KSJC":1,"XKZRS":38,"SKZC":"000000111000000000000000000000","SKJS":"李春霞,陈军明","ISTK":0,"ZCMC":"7-9周","YPSJDD":"7-9周 星期五 第1节-第2节 南湖南-博学北楼-212,11-16周 星期五 第1节-第2节 南湖南-博学北楼-212,1-5周 星期五 第1节-第2节 南湖南-博学北楼-212,1-15周 星期二 第3节-第4节 南湖南-博学北楼-212,9周 星期日 第1节-第2节 南湖南-博学北楼-212","XF":4,"SKXQ":5,"XNXQDM":"2024-2025-2","KCM":"工程力学A","JASDM":"0202010212","JXLDM":"020201","JXBID":"20242-05120","SKBJ":"高分子2302","TYXMDM":null,"KCH":"10155111052"},{"KKDWDM":"017","XS":32,"BYBZ":"0","JSJC":2,"XXXQDM":"02","KXH":"01","KSJC":1,"XKZRS":25,"SKZC":"000000001111111100000000000000","SKJS":"李游,王宇","ISTK":0,"ZCMC":"9-16周","YPSJDD":"11-16周 星期五 第3节-第4节 南湖南-博学北楼-212,9周 星期五 第3节-第4节 南湖南-博学北楼-212,9-16周 星期三 第1节-第2节 南湖南-博学北楼-212,17周 星期三 第3节-第4节 南湖南-博学北楼-212","XF":2,"SKXQ":3,"XNXQDM":"2024-2025-2","KCM":"金融业营销","JASDM":"0202010212","JXLDM":"020201","JXBID":"20242-03560","SKBJ":"营销2202","TYXMDM":null,"KCH":"10175121006"},{"KKDWDM":"072","XS":64,"BYBZ":"0","JSJC":2,"XXXQDM":"02","KXH":"02","KSJC":1,"XKZRS":38,"SKZC":"000000001000000000000000000000","SKJS":"李春霞,陈军明","ISTK":0,"ZCMC":"9周","YPSJDD":"7-9周 星期五 第1节-第2节 南湖南-博学北楼-212,11-16周 星期五 第1节-第2节 南湖南-博学北楼-212,1-5周 星期五 第1节-第2节 南湖南-博学北楼-212,1-15周 星期二 第3节-第4节 南湖南-博学北楼-212,9周 星期日 第1节-第2节 南湖南-博学北楼-212","XF":4,"SKXQ":7,"XNXQDM":"2024-2025-2","KCM":"工程力学A","JASDM":"0202010212","JXLDM":"020201","JXBID":"20242-05120","SKBJ":"高分子2302","TYXMDM":null,"KCH":"10155111052"},{"KKDWDM":"017","XS":32,"BYBZ":"0","JSJC":4,"XXXQDM":"02","KXH":"01","KSJC":3,"XKZRS":25,"SKZC":"000000001000000000000000000000","SKJS":"李游,王宇","ISTK":0,"ZCMC":"9周","YPSJDD":"11-16周 星期五 第3节-第4节 南湖南-博学北楼-212,9周 星期五 第3节-第4节 南湖南-博学北楼-212,9-16周 星期三 第1节-第2节 南湖南-博学北楼-212,17周 星期三 第3节-第4节 南湖南-博学北楼-212","XF":2,"SKXQ":5,"XNXQDM":"2024-2025-2","KCM":"金融业营销","JASDM":"0202010212","JXLDM":"020201","JXBID":"20242-03560","SKBJ":"营销2202","TYXMDM":null,"KCH":"10175121006"},{"KKDWDM":"008","XS":32,"BYBZ":"0","JSJC":2,"XXXQDM":"02","KXH":"01","KSJC":1,"XKZRS":39,"SKZC":"000000000011111110000000000000","SKJS":"戴蓉,陈祯","ISTK":0,"ZCMC":"11-17周","YPSJDD":"11-17周 星期四 第1节-第2节 南湖南-博学北楼-212,1-9周 星期四 第1节-第2节 南湖南-博学北楼-212","XF":2,"SKXQ":4,"XNXQDM":"2024-2025-2","KCM":"误差理论与数据处理A","JASDM":"0202010212","JXLDM":"020201","JXBID":"20242-04351","SKBJ":"测控2303","TYXMDM":null,"KCH":"10084113013"},{"KKDWDM":"009","XS":64,"BYBZ":"0","JSJC":4,"XXXQDM":"02","KXH":"03","KSJC":3,"XKZRS":39,"SKZC":"000000000011111110000000000000","SKJS":"李冬明","ISTK":0,"ZCMC":"11-17周","YPSJDD":"1-9周 星期四 第3节-第4节 南湖南-博学北楼-212,12-14周 星期一 第1节-第2节 南湖南-博学北楼-212,11-17周 星期四 第3节-第4节 南湖南-博学北楼-212,1-10周 星期一 第1节-第2节 南湖南-博学北楼-212,17周 星期二 第1节-第2节 南湖南-博学北楼-212,16-17周 星期一 第1节-第2节 南湖南-博学北楼-212","XF":4,"SKXQ":4,"XNXQDM":"2024-2025-2","KCM":"结构力学A1","JASDM":"0202010212","JXLDM":"020201","JXBID":"20242-05200","SKBJ":"土木zy2305","TYXMDM":null,"KCH":"10094117077"},{"KKDWDM":"017","XS":32,"BYBZ":"0","JSJC":4,"XXXQDM":"02","KXH":"01","KSJC":3,"XKZRS":25,"SKZC":"000000000011111100000000000000","SKJS":"李游,王宇","ISTK":0,"ZCMC":"11-16周","YPSJDD":"11-16周 星期五 第3节-第4节 南湖南-博学北楼-212,9周 星期五 第3节-第4节 南湖南-博学北楼-212,9-16周 星期三 第1节-第2节 南湖南-博学北楼-212,17周 星期三 第3节-第4节 南湖南-博学北楼-212","XF":2,"SKXQ":5,"XNXQDM":"2024-2025-2","KCM":"金融业营销","JASDM":"0202010212","JXLDM":"020201","JXBID":"20242-03560","SKBJ":"营销2202","TYXMDM":null,"KCH":"10175121006"},{"KKDWDM":"072","XS":64,"BYBZ":"0","JSJC":2,"XXXQDM":"02","KXH":"02","KSJC":1,"XKZRS":38,"SKZC":"000000000011111100000000000000","SKJS":"李春霞,陈军明","ISTK":0,"ZCMC":"11-16周","YPSJDD":"7-9周 星期五 第1节-第2节 南湖南-博学北楼-212,11-16周 星期五 第1节-第2节 南湖南-博学北楼-212,1-5周 星期五 第1节-第2节 南湖南-博学北楼-212,1-15周 星期二 第3节-第4节 南湖南-博学北楼-212,9周 星期日 第1节-第2节 南湖南-博学北楼-212","XF":4,"SKXQ":5,"XNXQDM":"2024-2025-2","KCM":"工程力学A","JASDM":"0202010212","JXLDM":"020201","JXBID":"20242-05120","SKBJ":"高分子2302","TYXMDM":null,"KCH":"10155111052"},{"KKDWDM":"023","XS":48,"BYBZ":"0","JSJC":4,"XXXQDM":"02","KXH":"01","KSJC":3,"XKZRS":15,"SKZC":"000000000001110000000000000000","SKJS":"李诗轩","ISTK":0,"ZCMC":"12-14周","YPSJDD":"17周 星期二 第3节-第4节 南湖南-博学北楼-212,1-10周 星期一 第3节-第4节 南湖南-博学北楼-212,16-17周 星期一 第3节-第4节 南湖南-博学北楼-212,12-14周 星期一 第3节-第4节 南湖南-博学北楼-212","XF":3,"SKXQ":1,"XNXQDM":"2024-2025-2","KCM":"数据库原理与应用","JASDM":"0202010212","JXLDM":"020201","JXBID":"20242-05916","SKBJ":"应急2301","TYXMDM":null,"KCH":"10234121070"},{"KKDWDM":"009","XS":64,"BYBZ":"0","JSJC":2,"XXXQDM":"02","KXH":"03","KSJC":1,"XKZRS":39,"SKZC":"000000000001110000000000000000","SKJS":"李冬明","ISTK":0,"ZCMC":"12-14周","YPSJDD":"1-9周 星期四 第3节-第4节 南湖南-博学北楼-212,12-14周 星期一 第1节-第2节 南湖南-博学北楼-212,11-17周 星期四 第3节-第4节 南湖南-博学北楼-212,1-10周 星期一 第1节-第2节 南湖南-博学北楼-212,17周 星期二 第1节-第2节 南湖南-博学北楼-212,16-17周 星期一 第1节-第2节 南湖南-博学北楼-212","XF":4,"SKXQ":1,"XNXQDM":"2024-2025-2","KCM":"结构力学A1","JASDM":"0202010212","JXLDM":"020201","JXBID":"20242-05200","SKBJ":"土木zy2305","TYXMDM":null,"KCH":"10094117077"},{"KKDWDM":"009","XS":64,"BYBZ":"0","JSJC":2,"XXXQDM":"02","KXH":"03","KSJC":1,"XKZRS":39,"SKZC":"000000000000000110000000000000","SKJS":"李冬明","ISTK":0,"ZCMC":"16-17周","YPSJDD":"1-9周 星期四 第3节-第4节 南湖南-博学北楼-212,12-14周 星期一 第1节-第2节 南湖南-博学北楼-212,11-17周 星期四 第3节-第4节 南湖南-博学北楼-212,1-10周 星期一 第1节-第2节 南湖南-博学北楼-212,17周 星期二 第1节-第2节 南湖南-博学北楼-212,16-17周 星期一 第1节-第2节 南湖南-博学北楼-212","XF":4,"SKXQ":1,"XNXQDM":"2024-2025-2","KCM":"结构力学A1","JASDM":"0202010212","JXLDM":"020201","JXBID":"20242-05200","SKBJ":"土木zy2305","TYXMDM":null,"KCH":"10094117077"},{"KKDWDM":"023","XS":48,"BYBZ":"0","JSJC":4,"XXXQDM":"02","KXH":"01","KSJC":3,"XKZRS":15,"SKZC":"000000000000000110000000000000","SKJS":"李诗轩","ISTK":0,"ZCMC":"16-17周","YPSJDD":"17周 星期二 第3节-第4节 南湖南-博学北楼-212,1-10周 星期一 第3节-第4节 南湖南-博学北楼-212,16-17周 星期一 第3节-第4节 南湖南-博学北楼-212,12-14周 星期一 第3节-第4节 南湖南-博学北楼-212","XF":3,"SKXQ":1,"XNXQDM":"2024-2025-2","KCM":"数据库原理与应用","JASDM":"0202010212","JXLDM":"020201","JXBID":"20242-05916","SKBJ":"应急2301","TYXMDM":null,"KCH":"10234121070"},{"KKDWDM":"009","XS":64,"BYBZ":"0","JSJC":2,"XXXQDM":"02","KXH":"03","KSJC":1,"XKZRS":39,"SKZC":"000000000000000010000000000000","SKJS":"李冬明","ISTK":0,"ZCMC":"17周","YPSJDD":"1-9周 星期四 第3节-第4节 南湖南-博学北楼-212,12-14周 星期一 第1节-第2节 南湖南-博学北楼-212,11-17周 星期四 第3节-第4节 南湖南-博学北楼-212,1-10周 星期一 第1节-第2节 南湖南-博学北楼-212,17周 星期二 第1节-第2节 南湖南-博学北楼-212,16-17周 星期一 第1节-第2节 南湖南-博学北楼-212","XF":4,"SKXQ":2,"XNXQDM":"2024-2025-2","KCM":"结构力学A1","JASDM":"0202010212","JXLDM":"020201","JXBID":"20242-05200","SKBJ":"土木zy2305","TYXMDM":null,"KCH":"10094117077"},{"KKDWDM":"023","XS":48,"BYBZ":"0","JSJC":4,"XXXQDM":"02","KXH":"01","KSJC":3,"XKZRS":15,"SKZC":"000000000000000010000000000000","SKJS":"李诗轩","ISTK":0,"ZCMC":"17周","YPSJDD":"17周 星期二 第3节-第4节 南湖南-博学北楼-212,1-10周 星期一 第3节-第4节 南湖南-博学北楼-212,16-17周 星期一 第3节-第4节 南湖南-博学北楼-212,12-14周 星期一 第3节-第4节 南湖南-博学北楼-212","XF":3,"SKXQ":2,"XNXQDM":"2024-2025-2","KCM":"数据库原理与应用","JASDM":"0202010212","JXLDM":"020201","JXBID":"20242-05916","SKBJ":"应急2301","TYXMDM":null,"KCH":"10234121070"},{"KKDWDM":"017","XS":32,"BYBZ":"0","JSJC":4,"XXXQDM":"02","KXH":"01","KSJC":3,"XKZRS":25,"SKZC":"000000000000000010000000000000","SKJS":"李游,王宇","ISTK":0,"ZCMC":"17周","YPSJDD":"11-16周 星期五 第3节-第4节 南湖南-博学北楼-212,9周 星期五 第3节-第4节 南湖南-博学北楼-212,9-16周 星期三 第1节-第2节 南湖南-博学北楼-212,17周 星期三 第3节-第4节 南湖南-博学北楼-212","XF":2,"SKXQ":3,"XNXQDM":"2024-2025-2","KCM":"金融业营销","JASDM":"0202010212","JXLDM":"020201","JXBID":"20242-03560","SKBJ":"营销2202","TYXMDM":null,"KCH":"10175121006"}]}},"code":"0"}