{"datas":{"jaskcb":{"extParams":{"code":1,"msg":"查询成功"},"pageSize":0,"pageNumber":0,"totalSize":-1,"rows":[{"KKDWDM":"071","XS":48,"BYBZ":"0","JSJC":5,"XXXQDM":"02","KXH":"01","KSJC":3,"XKZRS":79,"SKZC":"1111111111111111","SKJS":"高琦","ISTK":0,"ZCMC":"1-16周","YPSJDD":"1-16周 星期二 第3节-第5节 南湖南-博学东楼-306","XF":3,"SKXQ":2,"XNXQDM":"2024-2025-2","KCM":"运筹学A","JASDM":"0202020306","JXLDM":"020202","JXBID":"20242-04379","SKBJ":"信计2301-02,数学jd2301","TYXMDM":null,"KCH":"10155111005"},{"KKDWDM":"021","XS":42,"BYBZ":"0","JSJC":8,"XXXQDM":"02","KXH":"02","KSJC":6,"XKZRS":109,"SKZC":"111111111111110000000000","SKJS":"张小青","ISTK":0,"ZCMC":"1-14周","YPSJDD":"1-14周 星期二 第6节-第8节 南湖南-博学东楼-306","XF":2,"SKXQ":2,"XNXQDM":"2024-2025-2","KCM":"马克思主义基本原理","JASDM":"0202020306","JXLDM":"020202","JXBID":"20242-04908","SKBJ":"光信科2301-03","TYXMDM":null,"KCH":"10211117035"},{"KKDWDM":"021","XS":42,"BYBZ":"0","JSJC":8,"XXXQDM":"02","KXH":"18","KSJC":6,"XKZRS":105,"SKZC":"11111111111111","SKJS":"庞培培","ISTK":0,"ZCMC":"1-14周","YPSJDD":"1-14周 星期三 第6节-第8节 南湖南-博学东楼-306","XF":2,"SKXQ":3,"XNXQDM":"2024-2025-2","KCM":"马克思主义基本原理","JASDM":"0202020306","JXLDM":"020202","JXBID":"20242-12159","SKBJ":"成型2302,高分子2301-02","TYXMDM":null,"KCH":"10211117035"},{"KKDWDM":"013","XS":64,"BYBZ":"0","JSJC":4,"XXXQDM":"02","KXH":"11","KSJC":3,"XKZRS":109,"SKZC":"111111111111100000000000000000","SKJS":"田宇","ISTK":0,"ZCMC":"1-13周","YPSJDD":"1-13周 星期三 第3节-第4节 南湖南-博学东楼-306,12-14周 星期一 第1节-第2节 南湖南-博学东楼-201,1-10周 星期一 第1节-第2节 南湖南-博学东楼-201,16周 星期一 第1节-第2节 南湖南-博学东楼-201","XF":4,"SKXQ":3,"XNXQDM":"2024-2025-2","KCM":"电工与电子技术基础B","JASDM":"0202020306","JXLDM":"020202","JXBID":"20242-05542","SKBJ":"成型2301-02,成型zy2301","TYXMDM":null,"KCH":"10133121096"},{"KKDWDM":"010","XS":56,"BYBZ":"0","JSJC":4,"XXXQDM":"02","KXH":"01","KSJC":3,"XKZRS":114,"SKZC":"111111111100000000000000000000","SKJS":"詹云军","ISTK":0,"ZCMC":"1-10周","YPSJDD":"12-14周 星期一 第3节-第4节 南湖南-博学东楼-306,16-17周 星期一 第3节-第4节 南湖南-博学东楼-306,17周 星期二 第3节-第4节 南湖南-博学东楼-306,1-10周 星期一 第3节-第4节 南湖南-博学东楼-306","XF":3,"SKXQ":1,"XNXQDM":"2024-2025-2","KCM":"遥感原理与应用B","JASDM":"0202020306","JXLDM":"020202","JXBID":"20242-04329","SKBJ":"地信2301-03","TYXMDM":null,"KCH":"10104117057"},{"KKDWDM":"021","XS":48,"BYBZ":"0","JSJC":8,"XXXQDM":"02","KXH":"11","KSJC":6,"XKZRS":129,"SKZC":"111111111100000000000000000000","SKJS":"杨春满","ISTK":0,"ZCMC":"1-10周","YPSJDD":"1-10周 星期一 第6节-第8节 南湖南-博学东楼-306,16周 星期一 第6节-第8节 南湖南-博学东楼-306,12-14周 星期一 第6节-第8节 南湖南-博学东楼-306","XF":3,"SKXQ":1,"XNXQDM":"2024-2025-2","KCM":"中国近现代史纲要","JASDM":"0202020306","JXLDM":"020202","JXBID":"20242-11878","SKBJ":"数学类2410-12,物理jd2401","TYXMDM":null,"KCH":"10211124005"},{"KKDWDM":"022","XS":32,"BYBZ":"0","JSJC":13,"XXXQDM":"02","KXH":"01","KSJC":11,"XKZRS":140,"SKZC":"1111111111000000000000000","SKJS":"陈安荠","ISTK":0,"ZCMC":"1-10周","YPSJDD":"11周 星期三 第11节-第12节 南湖南-博学东楼-306,1-10周 星期三 第11节-第13节 南湖南-博学东楼-306","XF":2,"SKXQ":3,"XNXQDM":"2024-2025-2","KCM":"媒介素养(GX)","JASDM":"0202020306","JXLDM":"020202","JXBID":"20242-08629","SKBJ":"公选-08629","TYXMDM":null,"KCH":"10226221407"},{"KKDWDM":"044","XS":32,"BYBZ":"0","JSJC":13,"XXXQDM":"02","KXH":"01","KSJC":11,"XKZRS":140,"SKZC":"111111111100000000000000","SKJS":"付敏","ISTK":0,"ZCMC":"1-10周","YPSJDD":"12周 星期一 第11节-第12节 南湖南-博学东楼-306,1-10周 星期一 第11节-第13节 南湖南-博学东楼-306","XF":2,"SKXQ":1,"XNXQDM":"2024-2025-2","KCM":"音乐鉴赏(GX)","JASDM":"0202020306","JXLDM":"020202","JXBID":"20242-09160","SKBJ":"公选-09160","TYXMDM":null,"KCH":"10442121059"},{"KKDWDM":"021","XS":36,"BYBZ":"0","JSJC":5,"XXXQDM":"02","KXH":"77","KSJC":3,"XKZRS":71,"SKZC":"111111111000000000000000000000","SKJS":"刘骏","ISTK":0,"ZCMC":"1-9周","YPSJDD":"11-13周 星期四 第3节-第5节 南湖南-博学东楼-306,1-9周 星期四 第3节-第5节 南湖南-博学东楼-306","XF":2,"SKXQ":4,"XNXQDM":"2024-2025-2","KCM":"习近平新时代中国特色社会主义思想概论","JASDM":"0202020306","JXLDM":"020202","JXBID":"20242-04950","SKBJ":"光信科2301-03","TYXMDM":null,"KCH":"10211121033"},{"KKDWDM":"023","XS":32,"BYBZ":"0","JSJC":2,"XXXQDM":"02","KXH":"01","KSJC":1,"XKZRS":33,"SKZC":"111111111000000000000000000000","SKJS":"张伟,郭晨","ISTK":0,"ZCMC":"1-9周","YPSJDD":"11-13周 星期四 第1节-第2节 南湖南-博学东楼-306,1-9周 星期四 第1节-第2节 南湖南-博学东楼-306","XF":2,"SKXQ":4,"XNXQDM":"2024-2025-2","KCM":"文本挖掘与分析","JASDM":"0202020306","JXLDM":"020202","JXBID":"20242-03499","SKBJ":"电商2201-02,经 济2201-02","TYXMDM":null,"KCH":"10235117013"},{"KKDWDM":"017","XS":24,"BYBZ":"0","JSJC":13,"XXXQDM":"02","KXH":"01","KSJC":11,"XKZRS":95,"SKZC":"111111110000000000000000000000","SKJS":"张晓文,谢宝国","ISTK":0,"ZCMC":"1-8周","YPSJDD":"1-8周 星期四 第11节-第13节 南湖南-博学东楼-306","XF":1,"SKXQ":4,"XNXQDM":"2024-2025-2","KCM":"身边的职业生涯开发与管理(GX)","JASDM":"0202020306","JXLDM":"020202","JXBID":"20242-08245","SKBJ":"公选-08245","TYXMDM":null,"KCH":"10172121385"},{"KKDWDM":"044","XS":24,"BYBZ":"0","JSJC":13,"XXXQDM":"02","KXH":"01","KSJC":11,"XKZRS":140,"SKZC":"111111110000000000000000","SKJS":"舒娟","ISTK":0,"ZCMC":"1-8周","YPSJDD":"1-8周 星期二 第11节-第13节 南湖南-博学东楼-306","XF":1,"SKXQ":2,"XNXQDM":"2024-2025-2","KCM":"影视鉴赏A(GX)","JASDM":"0202020306","JXLDM":"020202","JXBID":"20242-09025","SKBJ":"公选-09025","TYXMDM":null,"KCH":"10442121057"},{"KKDWDM":"021","XS":36,"BYBZ":"0","JSJC":5,"XXXQDM":"02","KXH":"104","KSJC":3,"XKZRS":92,"SKZC":"111110000000000000000000000000","SKJS":"潘晔","ISTK":0,"ZCMC":"1-5周","YPSJDD":"11-13周 星期五 第3节-第5节 南湖南-博学东楼-306,9周 星期日 第3节-第5节 南湖南-博学东楼-306,1-5周 星期五 第3节-第5节 南湖南-博学东楼-306,7-9周 星期五 第3节-第5节 南湖南-博学东楼-306","XF":2,"SKXQ":5,"XNXQDM":"2024-2025-2","KCM":"习近平新时代中国特色社会主义思想概论","JASDM":"0202020306","JXLDM":"020202","JXBID":"20242-05040","SKBJ":"车辆2302-04,车辆2306","TYXMDM":null,"KCH":"10211121033"},{"KKDWDM":"021","XS":36,"BYBZ":"0","JSJC":5,"XXXQDM":"02","KXH":"104","KSJC":3,"XKZRS":92,"SKZC":"000000111000000000000000000000","SKJS":"潘晔","ISTK":0,"ZCMC":"7-9周","YPSJDD":"11-13周 星期五 第3节-第5节 南湖南-博学东楼-306,9周 星期日 第3节-第5节 南湖南-博学东楼-306,1-5周 星期五 第3节-第5节 南湖南-博学东楼-306,7-9周 星期五 第3节-第5节 南湖南-博学东楼-306","XF":2,"SKXQ":5,"XNXQDM":"2024-2025-2","KCM":"习近平新时代中国特色社会主义思想概论","JASDM":"0202020306","JXLDM":"020202","JXBID":"20242-05040","SKBJ":"车辆2302-04,车辆2306","TYXMDM":null,"KCH":"10211121033"},{"KKDWDM":"009","XS":32,"BYBZ":"0","JSJC":8,"XXXQDM":"02","KXH":"09","KSJC":6,"XKZRS":111,"SKZC":"000000001000000000000000000000","SKJS":"杨剑","ISTK":0,"ZCMC":"9周","YPSJDD":"9周 星期五 第6节-第8节 南湖南-博学东楼-306,17周 星期三 第6节-第8节 南湖南-博学东楼-306,11-16周 星期五 第6节-第8节 南湖南-博学东楼-306","XF":2,"SKXQ":5,"XNXQDM":"2024-2025-2","KCM":"工程测量C","JASDM":"0202020306","JXLDM":"020202","JXBID":"20242-09978","SKBJ":"土木类2408-11","TYXMDM":null,"KCH":"10164224003"},{"KKDWDM":"021","XS":36,"BYBZ":"0","JSJC":5,"XXXQDM":"02","KXH":"104","KSJC":3,"XKZRS":92,"SKZC":"000000001000000000000000000000","SKJS":"潘晔","ISTK":0,"ZCMC":"9周","YPSJDD":"11-13周 星期五 第3节-第5节 南湖南-博学东楼-306,9周 星期日 第3节-第5节 南湖南-博学东楼-306,1-5周 星期五 第3节-第5节 南湖南-博学东楼-306,7-9周 星期五 第3节-第5节 南湖南-博学东楼-306","XF":2,"SKXQ":7,"XNXQDM":"2024-2025-2","KCM":"习近平新时代中国特色社会主义思想概论","JASDM":"0202020306","JXLDM":"020202","JXBID":"20242-05040","SKBJ":"车辆2302-04,车辆2306","TYXMDM":null,"KCH":"10211121033"},{"KKDWDM":"009","XS":32,"BYBZ":"0","JSJC":8,"XXXQDM":"02","KXH":"09","KSJC":6,"XKZRS":111,"SKZC":"000000000011111100000000000000","SKJS":"杨剑","ISTK":0,"ZCMC":"11-16周","YPSJDD":"9周 星期五 第6节-第8节 南湖南-博学东楼-306,17周 星期三 第6节-第8节 南湖南-博学东楼-306,11-16周 星期五 第6节-第8节 南湖南-博学东楼-306","XF":2,"SKXQ":5,"XNXQDM":"2024-2025-2","KCM":"工程测量C","JASDM":"0202020306","JXLDM":"020202","JXBID":"20242-09978","SKBJ":"土木类2408-11","TYXMDM":null,"KCH":"10164224003"},{"KKDWDM":"021","XS":36,"BYBZ":"0","JSJC":5,"XXXQDM":"02","KXH":"77","KSJC":3,"XKZRS":71,"SKZC":"000000000011100000000000000000","SKJS":"刘骏","ISTK":0,"ZCMC":"11-13周","YPSJDD":"11-13周 星期四 第3节-第5节 南湖南-博学东楼-306,1-9周 星期四 第3节-第5节 南湖南-博学东楼-306","XF":2,"SKXQ":4,"XNXQDM":"2024-2025-2","KCM":"习近平新时代中国特色社会主义思想概论","JASDM":"0202020306","JXLDM":"020202","JXBID":"20242-04950","SKBJ":"光信科2301-03","TYXMDM":null,"KCH":"10211121033"},{"KKDWDM":"021","XS":36,"BYBZ":"0","JSJC":5,"XXXQDM":"02","KXH":"104","KSJC":3,"XKZRS":92,"SKZC":"000000000011100000000000000000","SKJS":"潘晔","ISTK":0,"ZCMC":"11-13周","YPSJDD":"11-13周 星期五 第3节-第5节 南湖南-博学东楼-306,9周 星期日 第3节-第5节 南湖南-博学东楼-306,1-5周 星期五 第3节-第5节 南湖南-博学东楼-306,7-9周 星期五 第3节-第5节 南湖南-博学东楼-306","XF":2,"SKXQ":5,"XNXQDM":"2024-2025-2","KCM":"习近平新时代中国特色社会主义思想概论","JASDM":"0202020306","JXLDM":"020202","JXBID":"20242-05040","SKBJ":"车辆2302-04,车辆2306","TYXMDM":null,"KCH":"10211121033"},{"KKDWDM":"023","XS":32,"BYBZ":"0","JSJC":2,"XXXQDM":"02","KXH":"01","KSJC":1,"XKZRS":33,"SKZC":"000000000011100000000000000000","SKJS":"张伟,郭晨","ISTK":0,"ZCMC":"11-13周","YPSJDD":"11-13周 星期四 第1节-第2节 南湖南-博学东楼-306,1-9周 星期四 第1节-第2节 南湖南-博学东楼-306","XF":2,"SKXQ":4,"XNXQDM":"2024-2025-2","KCM":"文本挖掘与分析","JASDM":"0202020306","JXLDM":"020202","JXBID":"20242-03499","SKBJ":"电商2201-02,经 济2201-02","TYXMDM":null,"KCH":"10235117013"},{"KKDWDM":"022","XS":32,"BYBZ":"0","JSJC":12,"XXXQDM":"02","KXH":"01","KSJC":11,"XKZRS":140,"SKZC":"0000000000100000000000000","SKJS":"陈安荠","ISTK":0,"ZCMC":"11周","YPSJDD":"11周 星期三 第11节-第12节 南湖南-博学东楼-306,1-10周 星期三 第11节-第13节 南湖南-博学东楼-306","XF":2,"SKXQ":3,"XNXQDM":"2024-2025-2","KCM":"媒介素养(GX)","JASDM":"0202020306","JXLDM":"020202","JXBID":"20242-08629","SKBJ":"公选-08629","TYXMDM":null,"KCH":"10226221407"},{"KKDWDM":"021","XS":48,"BYBZ":"0","JSJC":8,"XXXQDM":"02","KXH":"11","KSJC":6,"XKZRS":129,"SKZC":"000000000001110000000000000000","SKJS":"杨春满","ISTK":0,"ZCMC":"12-14周","YPSJDD":"1-10周 星期一 第6节-第8节 南湖南-博学东楼-306,16周 星期一 第6节-第8节 南湖南-博学东楼-306,12-14周 星期一 第6节-第8节 南湖南-博学东楼-306","XF":3,"SKXQ":1,"XNXQDM":"2024-2025-2","KCM":"中国近现代史纲要","JASDM":"0202020306","JXLDM":"020202","JXBID":"20242-11878","SKBJ":"数学类2410-12,物理jd2401","TYXMDM":null,"KCH":"10211124005"},{"KKDWDM":"010","XS":56,"BYBZ":"0","JSJC":4,"XXXQDM":"02","KXH":"01","KSJC":3,"XKZRS":114,"SKZC":"000000000001110000000000000000","SKJS":"詹云军","ISTK":0,"ZCMC":"12-14周","YPSJDD":"12-14周 星期一 第3节-第4节 南湖南-博学东楼-306,16-17周 星期一 第3节-第4节 南湖南-博学东楼-306,17周 星期二 第3节-第4节 南湖南-博学东楼-306,1-10周 星期一 第3节-第4节 南湖南-博学东楼-306","XF":3,"SKXQ":1,"XNXQDM":"2024-2025-2","KCM":"遥感原理与应用B","JASDM":"0202020306","JXLDM":"020202","JXBID":"20242-04329","SKBJ":"地信2301-03","TYXMDM":null,"KCH":"10104117057"},{"KKDWDM":"044","XS":32,"BYBZ":"0","JSJC":12,"XXXQDM":"02","KXH":"01","KSJC":11,"XKZRS":140,"SKZC":"000000000001000000000000","SKJS":"付敏","ISTK":0,"ZCMC":"12周","YPSJDD":"12周 星期一 第11节-第12节 南湖南-博学东楼-306,1-10周 星期一 第11节-第13节 南湖南-博学东楼-306","XF":2,"SKXQ":1,"XNXQDM":"2024-2025-2","KCM":"音乐鉴赏(GX)","JASDM":"0202020306","JXLDM":"020202","JXBID":"20242-09160","SKBJ":"公选-09160","TYXMDM":null,"KCH":"10442121059"},{"KKDWDM":"010","XS":56,"BYBZ":"0","JSJC":4,"XXXQDM":"02","KXH":"01","KSJC":3,"XKZRS":114,"SKZC":"000000000000000110000000000000","SKJS":"詹云军","ISTK":0,"ZCMC":"16-17周","YPSJDD":"12-14周 星期一 第3节-第4节 南湖南-博学东楼-306,16-17周 星期一 第3节-第4节 南湖南-博学东楼-306,17周 星期二 第3节-第4节 南湖南-博学东楼-306,1-10周 星期一 第3节-第4节 南湖南-博学东楼-306","XF":3,"SKXQ":1,"XNXQDM":"2024-2025-2","KCM":"遥感原理与应用B","JASDM":"0202020306","JXLDM":"020202","JXBID":"20242-04329","SKBJ":"地信2301-03","TYXMDM":null,"KCH":"10104117057"},{"KKDWDM":"021","XS":48,"BYBZ":"0","JSJC":8,"XXXQDM":"02","KXH":"11","KSJC":6,"XKZRS":129,"SKZC":"000000000000000100000000000000","SKJS":"杨春满","ISTK":0,"ZCMC":"16周","YPSJDD":"1-10周 星期一 第6节-第8节 南湖南-博学东楼-306,16周 星期一 第6节-第8节 南湖南-博学东楼-306,12-14周 星期一 第6节-第8节 南湖南-博学东楼-306","XF":3,"SKXQ":1,"XNXQDM":"2024-2025-2","KCM":"中国近现代史纲要","JASDM":"0202020306","JXLDM":"020202","JXBID":"20242-11878","SKBJ":"数学类2410-12,物理jd2401","TYXMDM":null,"KCH":"10211124005"},{"KKDWDM":"009","XS":32,"BYBZ":"0","JSJC":8,"XXXQDM":"02","KXH":"09","KSJC":6,"XKZRS":111,"SKZC":"000000000000000010000000000000","SKJS":"杨剑","ISTK":0,"ZCMC":"17周","YPSJDD":"9周 星期五 第6节-第8节 南湖南-博学东楼-306,17周 星期三 第6节-第8节 南湖南-博学东楼-306,11-16周 星期五 第6节-第8节 南湖南-博学东楼-306","XF":2,"SKXQ":3,"XNXQDM":"2024-2025-2","KCM":"工程测量C","JASDM":"0202020306","JXLDM":"020202","JXBID":"20242-09978","SKBJ":"土木类2408-11","TYXMDM":null,"KCH":"10164224003"},{"KKDWDM":"010","XS":56,"BYBZ":"0","JSJC":4,"XXXQDM":"02","KXH":"01","KSJC":3,"XKZRS":114,"SKZC":"000000000000000010000000000000","SKJS":"詹云军","ISTK":0,"ZCMC":"17周","YPSJDD":"12-14周 星期一 第3节-第4节 南湖南-博学东楼-306,16-17周 星期一 第3节-第4节 南湖南-博学东楼-306,17周 星期二 第3节-第4节 南湖南-博学东楼-306,1-10周 星期一 第3节-第4节 南湖南-博学东楼-306","XF":3,"SKXQ":2,"XNXQDM":"2024-2025-2","KCM":"遥感原理与应用B","JASDM":"0202020306","JXLDM":"020202","JXBID":"20242-04329","SKBJ":"地信2301-03","TYXMDM":null,"KCH":"10104117057"}]}},"code":"0"}