{"datas":{"jaskcb":{"extParams":{"code":1,"msg":"查询成功"},"pageSize":0,"pageNumber":0,"totalSize":-1,"rows":[{"KKDWDM":"018","XS":32,"BYBZ":"0","JSJC":10,"XXXQDM":"02","KXH":"01","KSJC":9,"XKZRS":120,"SKZC":"111111111111111100000000","SKJS":"方紫薇","ISTK":0,"ZCMC":"1-16周","YPSJDD":"1-16周 星期三 第9节-第10节 南湖南-博学东楼-107","XF":2,"SKXQ":3,"XNXQDM":"2024-2025-2","KCM":"国际投资学C","JASDM":"0202020107","JXLDM":"020202","JXBID":"20242-02284","SKBJ":"金融2201-02,金融kj2201","TYXMDM":null,"KCH":"10185117040"},{"KKDWDM":"012","XS":32,"BYBZ":"0","JSJC":2,"XXXQDM":"02","KXH":"07","KSJC":1,"XKZRS":117,"SKZC":"11111111111111110000","SKJS":"孙骏","ISTK":0,"ZCMC":"1-16周","YPSJDD":"1-16周 星期三 第1节-第2节 南湖南-博学东楼-107","XF":2,"SKXQ":3,"XNXQDM":"2024-2025-2","KCM":"C程序设计基础A","JASDM":"0202020107","JXLDM":"020202","JXBID":"20242-11784","SKBJ":"自动化类2410-12","TYXMDM":null,"KCH":"10121121088"},{"KKDWDM":"023","XS":32,"BYBZ":"0","JSJC":2,"XXXQDM":"02","KXH":"01","KSJC":1,"XKZRS":86,"SKZC":"1111111111111111","SKJS":"涂燕","ISTK":0,"ZCMC":"1-16周","YPSJDD":"1-16周 星期二 第1节-第2节 南湖南-博学东楼-107","XF":2,"SKXQ":2,"XNXQDM":"2024-2025-2","KCM":"统计学基础与应用","JASDM":"0202020107","JXLDM":"020202","JXBID":"20242-04620","SKBJ":"数管2301-03","TYXMDM":null,"KCH":"10234121084"},{"KKDWDM":"011","XS":32,"BYBZ":"0","JSJC":4,"XXXQDM":"02","KXH":"08","KSJC":3,"XKZRS":105,"SKZC":"1111111111111111","SKJS":"胡德明","ISTK":0,"ZCMC":"1-16周","YPSJDD":"1-16周 星期三 第3节-第4节 南湖南-博学东楼-107","XF":2,"SKXQ":3,"XNXQDM":"2024-2025-2","KCM":"电路原理B上","JASDM":"0202020107","JXLDM":"020202","JXBID":"20242-10389","SKBJ":"电信类2404-06","TYXMDM":null,"KCH":"10113125001"},{"KKDWDM":"021","XS":48,"BYBZ":"0","JSJC":8,"XXXQDM":"02","KXH":"36","KSJC":6,"XKZRS":93,"SKZC":"11111111111111000000","SKJS":"易艳","ISTK":0,"ZCMC":"1-14周","YPSJDD":"1-14周 星期二 第6节-第8节 南湖南-博学东楼-107","XF":3,"SKXQ":2,"XNXQDM":"2024-2025-2","KCM":"思想道德与法治","JASDM":"0202020107","JXLDM":"020202","JXBID":"20242-11826","SKBJ":"自动化类2404-06","TYXMDM":null,"KCH":"10211124001"},{"KKDWDM":"012","XS":40,"BYBZ":"0","JSJC":5,"XXXQDM":"02","KXH":"08","KSJC":3,"XKZRS":140,"SKZC":"111111111101100000000000","SKJS":"杨益","ISTK":0,"ZCMC":"1-10周,12-13周","YPSJDD":"14-16周(双) 星期一 第3节-第4节 南湖南-博学东楼-107,1-10周,12-13周 星期一 第3节-第5节 南湖南-博学东楼-107","XF":2,"SKXQ":1,"XNXQDM":"2024-2025-2","KCM":"计算机网络","JASDM":"0202020107","JXLDM":"020202","JXBID":"20242-10460","SKBJ":"计算机2201-03","TYXMDM":null,"KCH":"10124121062"},{"KKDWDM":"038","XS":32,"BYBZ":"0","JSJC":10,"XXXQDM":"02","KXH":"39","KSJC":9,"XKZRS":140,"SKZC":"111111111100000000000000000000","SKJS":"陈震宇","ISTK":0,"ZCMC":"1-10周","YPSJDD":"1-10周 星期一 第9节-第10节 南湖南-博学东楼-107,12-13周 星期一 第9节-第10节 南湖南-博学东楼-107","XF":2,"SKXQ":1,"XNXQDM":"2024-2025-2","KCM":"心理健康教育","JASDM":"0202020107","JXLDM":"020202","JXBID":"20242-12252","SKBJ":"土木类2409-12","TYXMDM":null,"KCH":"10388117003"},{"KKDWDM":"038","XS":32,"BYBZ":"0","JSJC":2,"XXXQDM":"02","KXH":"04","KSJC":1,"XKZRS":129,"SKZC":"111111111100000000000000000000","SKJS":"赵一铭","ISTK":0,"ZCMC":"1-10周","YPSJDD":"1-10周 星期一 第1节-第2节 南湖南-博学东楼-107,12-13周 星期一 第1节-第2节 南湖南-博学东楼-107","XF":2,"SKXQ":1,"XNXQDM":"2024-2025-2","KCM":"心理健康教育","JASDM":"0202020107","JXLDM":"020202","JXBID":"20242-06138","SKBJ":"土木类2413-14,岩土jd2401,建筑类2401-02","TYXMDM":null,"KCH":"10388117003"},{"KKDWDM":"016","XS":32,"BYBZ":"0","JSJC":13,"XXXQDM":"02","KXH":"01","KSJC":11,"XKZRS":138,"SKZC":"111111111100000000000000","SKJS":"何梦","ISTK":0,"ZCMC":"1-10周","YPSJDD":"11周 星期三 第11节-第12节 南湖南-博学东楼-107,1-10周 星期三 第11节-第13节 南湖南-博学东楼-107","XF":2,"SKXQ":3,"XNXQDM":"2024-2025-2","KCM":"药物治疗学","JASDM":"0202020107","JXLDM":"020202","JXBID":"20242-08169","SKBJ":"公选-08169","TYXMDM":null,"KCH":"10166121145"},{"KKDWDM":"016","XS":32,"BYBZ":"0","JSJC":13,"XXXQDM":"02","KXH":"01","KSJC":11,"XKZRS":135,"SKZC":"111111111010000000000000","SKJS":"李媛","ISTK":0,"ZCMC":"1-9周,11周","YPSJDD":"12周 星期四 第11节-第12节 南湖南-博学东楼-107,1-9周,11周 星期四 第11节-第13节 南湖南-博学东楼-107","XF":2,"SKXQ":4,"XNXQDM":"2024-2025-2","KCM":"营养与健康(GX)","JASDM":"0202020107","JXLDM":"020202","JXBID":"20242-08132","SKBJ":"公选-08132","TYXMDM":null,"KCH":"10162121083"},{"KKDWDM":"021","XS":48,"BYBZ":"0","JSJC":5,"XXXQDM":"02","KXH":"29","KSJC":3,"XKZRS":109,"SKZC":"111111111000000000000000000000","SKJS":"何欢欢","ISTK":0,"ZCMC":"1-9周","YPSJDD":"1-9周 星期四 第3节-第5节 南湖南-博学东楼-107,11-15周 星期四 第3节-第5节 南湖南-博学东楼-107","XF":3,"SKXQ":4,"XNXQDM":"2024-2025-2","KCM":"思想道德与法治","JASDM":"0202020107","JXLDM":"020202","JXBID":"20242-11819","SKBJ":"环科类2404-06","TYXMDM":null,"KCH":"10211124001"},{"KKDWDM":"009","XS":24,"BYBZ":"0","JSJC":13,"XXXQDM":"02","KXH":"01","KSJC":11,"XKZRS":139,"SKZC":"111111110000000000000000","SKJS":"白亮","ISTK":0,"ZCMC":"1-8周","YPSJDD":"1-8周 星期一 第11节-第13节 南湖南-博学东楼-107","XF":1,"SKXQ":1,"XNXQDM":"2024-2025-2","KCM":"篆刻(GX)","JASDM":"0202020107","JXLDM":"020202","JXBID":"20242-07586","SKBJ":"公选-07586","TYXMDM":null,"KCH":"10092121140"},{"KKDWDM":"009","XS":24,"BYBZ":"0","JSJC":13,"XXXQDM":"02","KXH":"01","KSJC":11,"XKZRS":98,"SKZC":"111111110000000000000000","SKJS":"白亮","ISTK":0,"ZCMC":"1-8周","YPSJDD":"1-8周 星期二 第11节-第13节 南湖南-博学东楼-107","XF":1,"SKXQ":2,"XNXQDM":"2024-2025-2","KCM":"素描(GX)","JASDM":"0202020107","JXLDM":"020202","JXBID":"20242-07674","SKBJ":"公选-07674","TYXMDM":null,"KCH":"10092121144"},{"KKDWDM":"008","XS":32,"BYBZ":"0","JSJC":5,"XXXQDM":"02","KXH":"01","KSJC":3,"XKZRS":122,"SKZC":"111111110000000000000000","SKJS":"蔡兰","ISTK":0,"ZCMC":"1-8周","YPSJDD":"9-10周 星期二 第3节-第4节 南湖南-博学东楼-107,1-8周 星期二 第3节-第5节 南湖南-博学东楼-107","XF":2,"SKXQ":2,"XNXQDM":"2024-2025-2","KCM":"视觉检测与图像处理","JASDM":"0202020107","JXLDM":"020202","JXBID":"20242-03587","SKBJ":"测控2201-03","TYXMDM":null,"KCH":"10085121030"},{"KKDWDM":"016","XS":16,"BYBZ":"0","JSJC":7,"XXXQDM":"02","KXH":"06","KSJC":6,"XKZRS":121,"SKZC":"11111111","SKJS":"陈碧峰","ISTK":0,"ZCMC":"1-8周","YPSJDD":"1-8周 星期一 第6节-第7节 南湖南-博学东楼-107","XF":1,"SKXQ":1,"XNXQDM":"2024-2025-2","KCM":"专业导论","JASDM":"0202020107","JXLDM":"020202","JXBID":"20242-11434","SKBJ":"化生类2405-08","TYXMDM":null,"KCH":"10164121021"},{"KKDWDM":"017","XS":16,"BYBZ":"0","JSJC":2,"XXXQDM":"02","KXH":"01","KSJC":1,"XKZRS":80,"SKZC":"11111111","SKJS":"宋华,王宏宇","ISTK":0,"ZCMC":"1-8周","YPSJDD":"1-8周 星期四 第1节-第2节 南湖南-博学东楼-107","XF":1,"SKXQ":4,"XNXQDM":"2024-2025-2","KCM":"数据思维与行为","JASDM":"0202020107","JXLDM":"020202","JXBID":"20242-06381","SKBJ":"信管2401-03","TYXMDM":null,"KCH":"10175121027"},{"KKDWDM":"072","XS":16,"BYBZ":"0","JSJC":7,"XXXQDM":"02","KXH":"03","KSJC":6,"XKZRS":110,"SKZC":"11111111","SKJS":"何大平","ISTK":0,"ZCMC":"1-8周","YPSJDD":"1-8周 星期三 第6节-第7节 南湖南-博学东楼-107","XF":1,"SKXQ":3,"XNXQDM":"2024-2025-2","KCM":"专业导论","JASDM":"0202020107","JXLDM":"020202","JXBID":"20242-10899","SKBJ":"数学类2410-12","TYXMDM":null,"KCH":"10154113022"},{"KKDWDM":"008","XS":40,"BYBZ":"0","JSJC":5,"XXXQDM":"02","KXH":"04","KSJC":3,"XKZRS":110,"SKZC":"111110000000000000000000000000","SKJS":"彭兆","ISTK":0,"ZCMC":"1-5周","YPSJDD":"1-5周 星期五 第3节-第5节 南湖南-博学东楼-107,11-13周 星期五 第3节-第5节 南湖南-博学东楼-107,9周 星期日 第3节-第5节 南湖南-博学东楼-107,7-9周 星期五 第3节-第5节 南湖南-博学东楼-107","XF":2,"SKXQ":5,"XNXQDM":"2024-2025-2","KCM":"工程材料A","JASDM":"0202020107","JXLDM":"020202","JXBID":"20242-11058","SKBJ":"机电类2401-03","TYXMDM":null,"KCH":"10115111001"},{"KKDWDM":"038","XS":32,"BYBZ":"0","JSJC":2,"XXXQDM":"02","KXH":"50","KSJC":1,"XKZRS":140,"SKZC":"111110000000000000000000000000","SKJS":"李松竹","ISTK":0,"ZCMC":"1-5周","YPSJDD":"1-5周 星期五 第1节-第2节 南湖南-博学东楼-107,9周 星期日 第1节-第2节 南湖南-博学东楼-107,11-16周 星期五 第1节-第2节 南湖南-博学东楼-107,17周 星期三 第1节-第2节 南湖南-博学东楼-107,7-9周 星期五 第1节-第2节 南湖南-博学东楼-107","XF":2,"SKXQ":5,"XNXQDM":"2024-2025-2","KCM":"军事理论","JASDM":"0202020107","JXLDM":"020202","JXBID":"20242-12138","SKBJ":"外语类2404-05,车辆gj2403-04","TYXMDM":null,"KCH":"10381121001"},{"KKDWDM":"021","XS":48,"BYBZ":"0","JSJC":8,"XXXQDM":"02","KXH":"13","KSJC":6,"XKZRS":63,"SKZC":"111110000000000000000000000000","SKJS":"曾蔚","ISTK":0,"ZCMC":"1-5周","YPSJDD":"9周 星期日 第6节-第8节 南湖南-博学东楼-107,7-9周 星期五 第6节-第8节 南湖南-博学东楼-107,1-5周 星期五 第6节-第8节 南湖南-博学东楼-107,11-15周 星期五 第6节-第8节 南湖南-博学东楼-107","XF":3,"SKXQ":5,"XNXQDM":"2024-2025-2","KCM":"思想道德与法治","JASDM":"0202020107","JXLDM":"020202","JXBID":"20242-06533","SKBJ":"外语类2403-06,新闻类2404-05","TYXMDM":null,"KCH":"10211124001"},{"KKDWDM":"017","XS":32,"BYBZ":"0","JSJC":10,"XXXQDM":"02","KXH":"01","KSJC":9,"XKZRS":null,"SKZC":"110000000000000000000000000000","SKJS":"张庆华","ISTK":0,"ZCMC":"1-2周","YPSJDD":"1-2周 星期二 第9节-第10节 南湖南-博学东楼-107","XF":2,"SKXQ":2,"XNXQDM":"2024-2025-2","KCM":"顾客关系管理","JASDM":"0202020107","JXLDM":"020202","JXBID":"20242-02067","SKBJ":"工商2201-02,工商gj2201,工商t2201","TYXMDM":null,"KCH":"10175117067"},{"KKDWDM":"021","XS":8,"BYBZ":"0","JSJC":10,"XXXQDM":"02","KXH":"546","KSJC":9,"XKZRS":120,"SKZC":"0001111","SKJS":"李珏","ISTK":0,"ZCMC":"4-7周","YPSJDD":"4-7周 星期四 第9节-第10节 南湖南-博学东楼-107","XF":0,"SKXQ":4,"XNXQDM":"2024-2025-2","KCM":"形势与政策","JASDM":"0202020107","JXLDM":"020202","JXBID":"20242-14137","SKBJ":null,"TYXMDM":null,"KCH":"10218121092"},{"KKDWDM":"021","XS":48,"BYBZ":"0","JSJC":8,"XXXQDM":"02","KXH":"13","KSJC":6,"XKZRS":63,"SKZC":"000000111000000000000000000000","SKJS":"曾蔚","ISTK":0,"ZCMC":"7-9周","YPSJDD":"9周 星期日 第6节-第8节 南湖南-博学东楼-107,7-9周 星期五 第6节-第8节 南湖南-博学东楼-107,1-5周 星期五 第6节-第8节 南湖南-博学东楼-107,11-15周 星期五 第6节-第8节 南湖南-博学东楼-107","XF":3,"SKXQ":5,"XNXQDM":"2024-2025-2","KCM":"思想道德与法治","JASDM":"0202020107","JXLDM":"020202","JXBID":"20242-06533","SKBJ":"外语类2403-06,新闻类2404-05","TYXMDM":null,"KCH":"10211124001"},{"KKDWDM":"038","XS":32,"BYBZ":"0","JSJC":2,"XXXQDM":"02","KXH":"50","KSJC":1,"XKZRS":140,"SKZC":"000000111000000000000000000000","SKJS":"李松竹","ISTK":0,"ZCMC":"7-9周","YPSJDD":"1-5周 星期五 第1节-第2节 南湖南-博学东楼-107,9周 星期日 第1节-第2节 南湖南-博学东楼-107,11-16周 星期五 第1节-第2节 南湖南-博学东楼-107,17周 星期三 第1节-第2节 南湖南-博学东楼-107,7-9周 星期五 第1节-第2节 南湖南-博学东楼-107","XF":2,"SKXQ":5,"XNXQDM":"2024-2025-2","KCM":"军事理论","JASDM":"0202020107","JXLDM":"020202","JXBID":"20242-12138","SKBJ":"外语类2404-05,车辆gj2403-04","TYXMDM":null,"KCH":"10381121001"},{"KKDWDM":"008","XS":40,"BYBZ":"0","JSJC":5,"XXXQDM":"02","KXH":"04","KSJC":3,"XKZRS":110,"SKZC":"000000111000000000000000000000","SKJS":"彭兆","ISTK":0,"ZCMC":"7-9周","YPSJDD":"1-5周 星期五 第3节-第5节 南湖南-博学东楼-107,11-13周 星期五 第3节-第5节 南湖南-博学东楼-107,9周 星期日 第3节-第5节 南湖南-博学东楼-107,7-9周 星期五 第3节-第5节 南湖南-博学东楼-107","XF":2,"SKXQ":5,"XNXQDM":"2024-2025-2","KCM":"工程材料A","JASDM":"0202020107","JXLDM":"020202","JXBID":"20242-11058","SKBJ":"机电类2401-03","TYXMDM":null,"KCH":"10115111001"},{"KKDWDM":"021","XS":8,"BYBZ":"0","JSJC":10,"XXXQDM":"02","KXH":"578","KSJC":9,"XKZRS":135,"SKZC":"000000011011000000000000","SKJS":"邵翰林","ISTK":0,"ZCMC":"8-9周,11-12周","YPSJDD":"8-9周,11-12周 星期四 第9节-第10节 南湖南-博学东楼-107","XF":0,"SKXQ":4,"XNXQDM":"2024-2025-2","KCM":"形势与政策","JASDM":"0202020107","JXLDM":"020202","JXBID":"20242-14169","SKBJ":null,"TYXMDM":null,"KCH":"10218121092"},{"KKDWDM":"008","XS":32,"BYBZ":"0","JSJC":7,"XXXQDM":"02","KXH":"01","KSJC":6,"XKZRS":117,"SKZC":"000000001111111000000000000000","SKJS":"魏翼鹰","ISTK":0,"ZCMC":"9-15周","YPSJDD":"9-10周 星期一 第6节-第7节 南湖南-博学东楼-107,16-17周 星期一 第6节-第7节 南湖南-博学东楼-107,12-14周 星期一 第6节-第7节 南湖南-博学东楼-107,9-15周 星期三 第6节-第7节 南湖南-博学东楼-107","XF":2,"SKXQ":3,"XNXQDM":"2024-2025-2","KCM":"嵌入式系统设计B","JASDM":"0202020107","JXLDM":"020202","JXBID":"20242-03384","SKBJ":"测控2201-03","TYXMDM":null,"KCH":"10085711018"},{"KKDWDM":"008","XS":32,"BYBZ":"0","JSJC":7,"XXXQDM":"02","KXH":"01","KSJC":6,"XKZRS":117,"SKZC":"000000001100000000000000000000","SKJS":"魏翼鹰","ISTK":0,"ZCMC":"9-10周","YPSJDD":"9-10周 星期一 第6节-第7节 南湖南-博学东楼-107,16-17周 星期一 第6节-第7节 南湖南-博学东楼-107,12-14周 星期一 第6节-第7节 南湖南-博学东楼-107,9-15周 星期三 第6节-第7节 南湖南-博学东楼-107","XF":2,"SKXQ":1,"XNXQDM":"2024-2025-2","KCM":"嵌入式系统设计B","JASDM":"0202020107","JXLDM":"020202","JXBID":"20242-03384","SKBJ":"测控2201-03","TYXMDM":null,"KCH":"10085711018"},{"KKDWDM":"008","XS":32,"BYBZ":"0","JSJC":4,"XXXQDM":"02","KXH":"01","KSJC":3,"XKZRS":122,"SKZC":"000000001100000000000000","SKJS":"蔡兰","ISTK":0,"ZCMC":"9-10周","YPSJDD":"9-10周 星期二 第3节-第4节 南湖南-博学东楼-107,1-8周 星期二 第3节-第5节 南湖南-博学东楼-107","XF":2,"SKXQ":2,"XNXQDM":"2024-2025-2","KCM":"视觉检测与图像处理","JASDM":"0202020107","JXLDM":"020202","JXBID":"20242-03587","SKBJ":"测控2201-03","TYXMDM":null,"KCH":"10085121030"},{"KKDWDM":"008","XS":40,"BYBZ":"0","JSJC":5,"XXXQDM":"02","KXH":"04","KSJC":3,"XKZRS":110,"SKZC":"000000001000000000000000000000","SKJS":"彭兆","ISTK":0,"ZCMC":"9周","YPSJDD":"1-5周 星期五 第3节-第5节 南湖南-博学东楼-107,11-13周 星期五 第3节-第5节 南湖南-博学东楼-107,9周 星期日 第3节-第5节 南湖南-博学东楼-107,7-9周 星期五 第3节-第5节 南湖南-博学东楼-107","XF":2,"SKXQ":7,"XNXQDM":"2024-2025-2","KCM":"工程材料A","JASDM":"0202020107","JXLDM":"020202","JXBID":"20242-11058","SKBJ":"机电类2401-03","TYXMDM":null,"KCH":"10115111001"},{"KKDWDM":"038","XS":32,"BYBZ":"0","JSJC":2,"XXXQDM":"02","KXH":"50","KSJC":1,"XKZRS":140,"SKZC":"000000001000000000000000000000","SKJS":"李松竹","ISTK":0,"ZCMC":"9周","YPSJDD":"1-5周 星期五 第1节-第2节 南湖南-博学东楼-107,9周 星期日 第1节-第2节 南湖南-博学东楼-107,11-16周 星期五 第1节-第2节 南湖南-博学东楼-107,17周 星期三 第1节-第2节 南湖南-博学东楼-107,7-9周 星期五 第1节-第2节 南湖南-博学东楼-107","XF":2,"SKXQ":7,"XNXQDM":"2024-2025-2","KCM":"军事理论","JASDM":"0202020107","JXLDM":"020202","JXBID":"20242-12138","SKBJ":"外语类2404-05,车辆gj2403-04","TYXMDM":null,"KCH":"10381121001"},{"KKDWDM":"021","XS":48,"BYBZ":"0","JSJC":8,"XXXQDM":"02","KXH":"13","KSJC":6,"XKZRS":63,"SKZC":"000000001000000000000000000000","SKJS":"曾蔚","ISTK":0,"ZCMC":"9周","YPSJDD":"9周 星期日 第6节-第8节 南湖南-博学东楼-107,7-9周 星期五 第6节-第8节 南湖南-博学东楼-107,1-5周 星期五 第6节-第8节 南湖南-博学东楼-107,11-15周 星期五 第6节-第8节 南湖南-博学东楼-107","XF":3,"SKXQ":7,"XNXQDM":"2024-2025-2","KCM":"思想道德与法治","JASDM":"0202020107","JXLDM":"020202","JXBID":"20242-06533","SKBJ":"外语类2403-06,新闻类2404-05","TYXMDM":null,"KCH":"10211124001"},{"KKDWDM":"038","XS":32,"BYBZ":"0","JSJC":2,"XXXQDM":"02","KXH":"50","KSJC":1,"XKZRS":140,"SKZC":"000000000011111100000000000000","SKJS":"李松竹","ISTK":0,"ZCMC":"11-16周","YPSJDD":"1-5周 星期五 第1节-第2节 南湖南-博学东楼-107,9周 星期日 第1节-第2节 南湖南-博学东楼-107,11-16周 星期五 第1节-第2节 南湖南-博学东楼-107,17周 星期三 第1节-第2节 南湖南-博学东楼-107,7-9周 星期五 第1节-第2节 南湖南-博学东楼-107","XF":2,"SKXQ":5,"XNXQDM":"2024-2025-2","KCM":"军事理论","JASDM":"0202020107","JXLDM":"020202","JXBID":"20242-12138","SKBJ":"外语类2404-05,车辆gj2403-04","TYXMDM":null,"KCH":"10381121001"},{"KKDWDM":"021","XS":48,"BYBZ":"0","JSJC":8,"XXXQDM":"02","KXH":"13","KSJC":6,"XKZRS":63,"SKZC":"000000000011111000000000000000","SKJS":"曾蔚","ISTK":0,"ZCMC":"11-15周","YPSJDD":"9周 星期日 第6节-第8节 南湖南-博学东楼-107,7-9周 星期五 第6节-第8节 南湖南-博学东楼-107,1-5周 星期五 第6节-第8节 南湖南-博学东楼-107,11-15周 星期五 第6节-第8节 南湖南-博学东楼-107","XF":3,"SKXQ":5,"XNXQDM":"2024-2025-2","KCM":"思想道德与法治","JASDM":"0202020107","JXLDM":"020202","JXBID":"20242-06533","SKBJ":"外语类2403-06,新闻类2404-05","TYXMDM":null,"KCH":"10211124001"},{"KKDWDM":"021","XS":48,"BYBZ":"0","JSJC":5,"XXXQDM":"02","KXH":"29","KSJC":3,"XKZRS":109,"SKZC":"000000000011111000000000000000","SKJS":"何欢欢","ISTK":0,"ZCMC":"11-15周","YPSJDD":"1-9周 星期四 第3节-第5节 南湖南-博学东楼-107,11-15周 星期四 第3节-第5节 南湖南-博学东楼-107","XF":3,"SKXQ":4,"XNXQDM":"2024-2025-2","KCM":"思想道德与法治","JASDM":"0202020107","JXLDM":"020202","JXBID":"20242-11819","SKBJ":"环科类2404-06","TYXMDM":null,"KCH":"10211124001"},{"KKDWDM":"008","XS":40,"BYBZ":"0","JSJC":5,"XXXQDM":"02","KXH":"04","KSJC":3,"XKZRS":110,"SKZC":"000000000011100000000000000000","SKJS":"彭兆","ISTK":0,"ZCMC":"11-13周","YPSJDD":"1-5周 星期五 第3节-第5节 南湖南-博学东楼-107,11-13周 星期五 第3节-第5节 南湖南-博学东楼-107,9周 星期日 第3节-第5节 南湖南-博学东楼-107,7-9周 星期五 第3节-第5节 南湖南-博学东楼-107","XF":2,"SKXQ":5,"XNXQDM":"2024-2025-2","KCM":"工程材料A","JASDM":"0202020107","JXLDM":"020202","JXBID":"20242-11058","SKBJ":"机电类2401-03","TYXMDM":null,"KCH":"10115111001"},{"KKDWDM":"016","XS":32,"BYBZ":"0","JSJC":12,"XXXQDM":"02","KXH":"01","KSJC":11,"XKZRS":138,"SKZC":"000000000010000000000000","SKJS":"何梦","ISTK":0,"ZCMC":"11周","YPSJDD":"11周 星期三 第11节-第12节 南湖南-博学东楼-107,1-10周 星期三 第11节-第13节 南湖南-博学东楼-107","XF":2,"SKXQ":3,"XNXQDM":"2024-2025-2","KCM":"药物治疗学","JASDM":"0202020107","JXLDM":"020202","JXBID":"20242-08169","SKBJ":"公选-08169","TYXMDM":null,"KCH":"10166121145"},{"KKDWDM":"008","XS":32,"BYBZ":"0","JSJC":7,"XXXQDM":"02","KXH":"01","KSJC":6,"XKZRS":117,"SKZC":"000000000001110000000000000000","SKJS":"魏翼鹰","ISTK":0,"ZCMC":"12-14周","YPSJDD":"9-10周 星期一 第6节-第7节 南湖南-博学东楼-107,16-17周 星期一 第6节-第7节 南湖南-博学东楼-107,12-14周 星期一 第6节-第7节 南湖南-博学东楼-107,9-15周 星期三 第6节-第7节 南湖南-博学东楼-107","XF":2,"SKXQ":1,"XNXQDM":"2024-2025-2","KCM":"嵌入式系统设计B","JASDM":"0202020107","JXLDM":"020202","JXBID":"20242-03384","SKBJ":"测控2201-03","TYXMDM":null,"KCH":"10085711018"},{"KKDWDM":"038","XS":32,"BYBZ":"0","JSJC":10,"XXXQDM":"02","KXH":"39","KSJC":9,"XKZRS":140,"SKZC":"000000000001100000000000000000","SKJS":"陈震宇","ISTK":0,"ZCMC":"12-13周","YPSJDD":"1-10周 星期一 第9节-第10节 南湖南-博学东楼-107,12-13周 星期一 第9节-第10节 南湖南-博学东楼-107","XF":2,"SKXQ":1,"XNXQDM":"2024-2025-2","KCM":"心理健康教育","JASDM":"0202020107","JXLDM":"020202","JXBID":"20242-12252","SKBJ":"土木类2409-12","TYXMDM":null,"KCH":"10388117003"},{"KKDWDM":"038","XS":32,"BYBZ":"0","JSJC":2,"XXXQDM":"02","KXH":"04","KSJC":1,"XKZRS":129,"SKZC":"000000000001100000000000000000","SKJS":"赵一铭","ISTK":0,"ZCMC":"12-13周","YPSJDD":"1-10周 星期一 第1节-第2节 南湖南-博学东楼-107,12-13周 星期一 第1节-第2节 南湖南-博学东楼-107","XF":2,"SKXQ":1,"XNXQDM":"2024-2025-2","KCM":"心理健康教育","JASDM":"0202020107","JXLDM":"020202","JXBID":"20242-06138","SKBJ":"土木类2413-14,岩土jd2401,建筑类2401-02","TYXMDM":null,"KCH":"10388117003"},{"KKDWDM":"016","XS":32,"BYBZ":"0","JSJC":12,"XXXQDM":"02","KXH":"01","KSJC":11,"XKZRS":135,"SKZC":"000000000001000000000000","SKJS":"李媛","ISTK":0,"ZCMC":"12周","YPSJDD":"12周 星期四 第11节-第12节 南湖南-博学东楼-107,1-9周,11周 星期四 第11节-第13节 南湖南-博学东楼-107","XF":2,"SKXQ":4,"XNXQDM":"2024-2025-2","KCM":"营养与健康(GX)","JASDM":"0202020107","JXLDM":"020202","JXBID":"20242-08132","SKBJ":"公选-08132","TYXMDM":null,"KCH":"10162121083"},{"KKDWDM":"021","XS":8,"BYBZ":"0","JSJC":10,"XXXQDM":"02","KXH":"623","KSJC":9,"XKZRS":136,"SKZC":"0000000000001111","SKJS":"陈安荠","ISTK":0,"ZCMC":"13-16周","YPSJDD":"13-16周 星期四 第9节-第10节 南湖南-博学东楼-107","XF":0,"SKXQ":4,"XNXQDM":"2024-2025-2","KCM":"形势与政策","JASDM":"0202020107","JXLDM":"020202","JXBID":"20242-14214","SKBJ":null,"TYXMDM":null,"KCH":"10218121092"},{"KKDWDM":"021","XS":8,"BYBZ":"0","JSJC":7,"XXXQDM":"02","KXH":"600","KSJC":6,"XKZRS":126,"SKZC":"0000000000001111","SKJS":"陈安荠","ISTK":0,"ZCMC":"13-16周","YPSJDD":"13-16周 星期四 第6节-第7节 南湖南-博学东楼-107","XF":0,"SKXQ":4,"XNXQDM":"2024-2025-2","KCM":"形势与政策","JASDM":"0202020107","JXLDM":"020202","JXBID":"20242-14191","SKBJ":null,"TYXMDM":null,"KCH":"10218121092"},{"KKDWDM":"012","XS":40,"BYBZ":"0","JSJC":4,"XXXQDM":"02","KXH":"08","KSJC":3,"XKZRS":140,"SKZC":"000000000000010100000000","SKJS":"杨益","ISTK":0,"ZCMC":"14-16周(双)","YPSJDD":"14-16周(双) 星期一 第3节-第4节 南湖南-博学东楼-107,1-10周,12-13周 星期一 第3节-第5节 南湖南-博学东楼-107","XF":2,"SKXQ":1,"XNXQDM":"2024-2025-2","KCM":"计算机网络","JASDM":"0202020107","JXLDM":"020202","JXBID":"20242-10460","SKBJ":"计算机2201-03","TYXMDM":null,"KCH":"10124121062"},{"KKDWDM":"008","XS":32,"BYBZ":"0","JSJC":7,"XXXQDM":"02","KXH":"01","KSJC":6,"XKZRS":117,"SKZC":"000000000000000110000000000000","SKJS":"魏翼鹰","ISTK":0,"ZCMC":"16-17周","YPSJDD":"9-10周 星期一 第6节-第7节 南湖南-博学东楼-107,16-17周 星期一 第6节-第7节 南湖南-博学东楼-107,12-14周 星期一 第6节-第7节 南湖南-博学东楼-107,9-15周 星期三 第6节-第7节 南湖南-博学东楼-107","XF":2,"SKXQ":1,"XNXQDM":"2024-2025-2","KCM":"嵌入式系统设计B","JASDM":"0202020107","JXLDM":"020202","JXBID":"20242-03384","SKBJ":"测控2201-03","TYXMDM":null,"KCH":"10085711018"},{"KKDWDM":"038","XS":32,"BYBZ":"0","JSJC":2,"XXXQDM":"02","KXH":"50","KSJC":1,"XKZRS":140,"SKZC":"000000000000000010000000000000","SKJS":"李松竹","ISTK":0,"ZCMC":"17周","YPSJDD":"1-5周 星期五 第1节-第2节 南湖南-博学东楼-107,9周 星期日 第1节-第2节 南湖南-博学东楼-107,11-16周 星期五 第1节-第2节 南湖南-博学东楼-107,17周 星期三 第1节-第2节 南湖南-博学东楼-107,7-9周 星期五 第1节-第2节 南湖南-博学东楼-107","XF":2,"SKXQ":3,"XNXQDM":"2024-2025-2","KCM":"军事理论","JASDM":"0202020107","JXLDM":"020202","JXBID":"20242-12138","SKBJ":"外语类2404-05,车辆gj2403-04","TYXMDM":null,"KCH":"10381121001"}]}},"code":"0"}