{"datas":{"jaskcb":{"extParams":{"code":1,"msg":"查询成功"},"pageSize":0,"pageNumber":0,"totalSize":-1,"rows":[{"KKDWDM":"020","XS":32,"BYBZ":"0","JSJC":4,"XXXQDM":"02","KXH":"09","KSJC":3,"XKZRS":35,"SKZC":"1111111111111111","SKJS":"叶俊","ISTK":0,"ZCMC":"1-16周","YPSJDD":"1-16周 星期二 第3节-第4节 南湖南-博学北楼-301","XF":2,"SKXQ":2,"XNXQDM":"2024-2025-2","KCM":"高级英语听力","JASDM":"0202010301","JXLDM":"020201","JXBID":"20242-12856","SKBJ":"公选-12856","TYXMDM":"11","KCH":"10201117107"},{"KKDWDM":"020","XS":32,"BYBZ":"0","JSJC":2,"XXXQDM":"02","KXH":"11","KSJC":1,"XKZRS":32,"SKZC":"1111111111111111","SKJS":"陈锋","ISTK":0,"ZCMC":"1-16周","YPSJDD":"1-16周 星期三 第1节-第2节 南湖南-博学北楼-301","XF":2,"SKXQ":3,"XNXQDM":"2024-2025-2","KCM":"商务英语","JASDM":"0202010301","JXLDM":"020201","JXBID":"20242-12873","SKBJ":"公选-12873","TYXMDM":"11","KCH":"10201117099"},{"KKDWDM":"020","XS":32,"BYBZ":"0","JSJC":7,"XXXQDM":"02","KXH":"32","KSJC":6,"XKZRS":35,"SKZC":"1111111111111111","SKJS":"胡德勤","ISTK":0,"ZCMC":"1-16周","YPSJDD":"1-16周 星期三 第6节-第7节 南湖南-博学北楼-301","XF":2,"SKXQ":3,"XNXQDM":"2024-2025-2","KCM":"英语国家概况","JASDM":"0202010301","JXLDM":"020201","JXBID":"20242-12988","SKBJ":"公选-12988","TYXMDM":"11","KCH":"10201117103"},{"KKDWDM":"020","XS":32,"BYBZ":"0","JSJC":7,"XXXQDM":"02","KXH":"22","KSJC":6,"XKZRS":34,"SKZC":"1111111111111111","SKJS":"陈锋","ISTK":0,"ZCMC":"1-16周","YPSJDD":"1-16周 星期二 第6节-第7节 南湖南-博学北楼-301","XF":2,"SKXQ":2,"XNXQDM":"2024-2025-2","KCM":"商务英语","JASDM":"0202010301","JXLDM":"020201","JXBID":"20242-12983","SKBJ":"公选-12983","TYXMDM":"11","KCH":"10201117099"},{"KKDWDM":"020","XS":32,"BYBZ":"0","JSJC":2,"XXXQDM":"02","KXH":"05","KSJC":1,"XKZRS":38,"SKZC":"1111111111111111","SKJS":"叶俊","ISTK":0,"ZCMC":"1-16周","YPSJDD":"1-16周 星期二 第1节-第2节 南湖南-博学北楼-301","XF":2,"SKXQ":2,"XNXQDM":"2024-2025-2","KCM":"高级英语听力","JASDM":"0202010301","JXLDM":"020201","JXBID":"20242-12839","SKBJ":"公选-12839","TYXMDM":"11","KCH":"10201117107"},{"KKDWDM":"020","XS":32,"BYBZ":"0","JSJC":7,"XXXQDM":"02","KXH":"21","KSJC":6,"XKZRS":33,"SKZC":"111111111100000000000000000000","SKJS":"何谨然","ISTK":0,"ZCMC":"1-10周","YPSJDD":"17周 星期二 第6节-第7节 南湖南-博学北楼-301,12-14周 星期一 第6节-第7节 南湖南-博学北楼-301,16-17周 星期一 第6节-第7节 南湖南-博学北楼-301,1-10周 星期一 第6节-第7节 南湖南-博学北楼-301","XF":2,"SKXQ":1,"XNXQDM":"2024-2025-2","KCM":"商务英语","JASDM":"0202010301","JXLDM":"020201","JXBID":"20242-12977","SKBJ":"公选-12977","TYXMDM":"11","KCH":"10201117099"},{"KKDWDM":"020","XS":32,"BYBZ":"0","JSJC":4,"XXXQDM":"02","KXH":"04","KSJC":3,"XKZRS":29,"SKZC":"111111111100000000000000000000","SKJS":"陈锋","ISTK":0,"ZCMC":"1-10周","YPSJDD":"12-14周 星期一 第3节-第4节 南湖南-博学北楼-301,1-10周 星期一 第3节-第4节 南湖南-博学北楼-301,17周 星期二 第3节-第4节 南湖南-博学北楼-301,16-17周 星期一 第3节-第4节 南湖南-博学北楼-301","XF":2,"SKXQ":1,"XNXQDM":"2024-2025-2","KCM":"商务英语","JASDM":"0202010301","JXLDM":"020201","JXBID":"20242-12821","SKBJ":"公选-12821","TYXMDM":"11","KCH":"10201117099"},{"KKDWDM":"020","XS":32,"BYBZ":"0","JSJC":2,"XXXQDM":"02","KXH":"01","KSJC":1,"XKZRS":34,"SKZC":"111111111100000000000000000000","SKJS":"陈锋","ISTK":0,"ZCMC":"1-10周","YPSJDD":"17周 星期二 第1节-第2节 南湖南-博学北楼-301,12-14周 星期一 第1节-第2节 南湖南-博学北楼-301,16-17周 星期一 第1节-第2节 南湖南-博学北楼-301,1-10周 星期一 第1节-第2节 南湖南-博学北楼-301","XF":2,"SKXQ":1,"XNXQDM":"2024-2025-2","KCM":"商务英语","JASDM":"0202010301","JXLDM":"020201","JXBID":"20242-12803","SKBJ":"公选-12803","TYXMDM":"11","KCH":"10201117099"},{"KKDWDM":"020","XS":32,"BYBZ":"0","JSJC":4,"XXXQDM":"02","KXH":"26","KSJC":3,"XKZRS":35,"SKZC":"111111111000000000000000000000","SKJS":"胡德勤","ISTK":0,"ZCMC":"1-9周","YPSJDD":"11-17周 星期四 第3节-第4节 南湖南-博学北楼-301,1-9周 星期四 第3节-第4节 南湖南-博学北楼-301","XF":2,"SKXQ":4,"XNXQDM":"2024-2025-2","KCM":"英语国家概况","JASDM":"0202010301","JXLDM":"020201","JXBID":"20242-12925","SKBJ":"公选-12925","TYXMDM":"11","KCH":"10201117103"},{"KKDWDM":"020","XS":32,"BYBZ":"0","JSJC":2,"XXXQDM":"02","KXH":"25","KSJC":1,"XKZRS":35,"SKZC":"111111111000000000000000000000","SKJS":"胡德勤","ISTK":0,"ZCMC":"1-9周","YPSJDD":"11-17周 星期四 第1节-第2节 南湖南-博学北楼-301,1-9周 星期四 第1节-第2节 南湖南-博学北楼-301","XF":2,"SKXQ":4,"XNXQDM":"2024-2025-2","KCM":"英语国家概况","JASDM":"0202010301","JXLDM":"020201","JXBID":"20242-12907","SKBJ":"公选-12907","TYXMDM":"11","KCH":"10201117103"},{"KKDWDM":"020","XS":32,"BYBZ":"0","JSJC":4,"XXXQDM":"02","KXH":"29","KSJC":3,"XKZRS":35,"SKZC":"111110000000000000000000000000","SKJS":"胡德勤","ISTK":0,"ZCMC":"1-5周","YPSJDD":"9周 星期日 第3节-第4节 南湖南-博学北楼-301,11-16周 星期五 第3节-第4节 南湖南-博学北楼-301,7-9周 星期五 第3节-第4节 南湖南-博学北楼-301,17周 星期三 第3节-第4节 南湖南-博学北楼-301,1-5周 星期五 第3节-第4节 南湖南-博学北楼-301","XF":2,"SKXQ":5,"XNXQDM":"2024-2025-2","KCM":"英语国家概况","JASDM":"0202010301","JXLDM":"020201","JXBID":"20242-12960","SKBJ":"公选-12960","TYXMDM":"11","KCH":"10201117103"},{"KKDWDM":"020","XS":32,"BYBZ":"0","JSJC":2,"XXXQDM":"02","KXH":"27","KSJC":1,"XKZRS":35,"SKZC":"111110000000000000000000000000","SKJS":"胡德勤","ISTK":0,"ZCMC":"1-5周","YPSJDD":"7-9周 星期五 第1节-第2节 南湖南-博学北楼-301,1-5周 星期五 第1节-第2节 南湖南-博学北楼-301,9周 星期日 第1节-第2节 南湖南-博学北楼-301,11-16周 星期五 第1节-第2节 南湖南-博学北楼-301,17周 星期三 第1节-第2节 南湖南-博学北楼-301","XF":2,"SKXQ":5,"XNXQDM":"2024-2025-2","KCM":"英语国家概况","JASDM":"0202010301","JXLDM":"020201","JXBID":"20242-12943","SKBJ":"公选-12943","TYXMDM":"11","KCH":"10201117103"},{"KKDWDM":"020","XS":32,"BYBZ":"0","JSJC":2,"XXXQDM":"02","KXH":"27","KSJC":1,"XKZRS":35,"SKZC":"000000111000000000000000000000","SKJS":"胡德勤","ISTK":0,"ZCMC":"7-9周","YPSJDD":"7-9周 星期五 第1节-第2节 南湖南-博学北楼-301,1-5周 星期五 第1节-第2节 南湖南-博学北楼-301,9周 星期日 第1节-第2节 南湖南-博学北楼-301,11-16周 星期五 第1节-第2节 南湖南-博学北楼-301,17周 星期三 第1节-第2节 南湖南-博学北楼-301","XF":2,"SKXQ":5,"XNXQDM":"2024-2025-2","KCM":"英语国家概况","JASDM":"0202010301","JXLDM":"020201","JXBID":"20242-12943","SKBJ":"公选-12943","TYXMDM":"11","KCH":"10201117103"},{"KKDWDM":"020","XS":32,"BYBZ":"0","JSJC":4,"XXXQDM":"02","KXH":"29","KSJC":3,"XKZRS":35,"SKZC":"000000111000000000000000000000","SKJS":"胡德勤","ISTK":0,"ZCMC":"7-9周","YPSJDD":"9周 星期日 第3节-第4节 南湖南-博学北楼-301,11-16周 星期五 第3节-第4节 南湖南-博学北楼-301,7-9周 星期五 第3节-第4节 南湖南-博学北楼-301,17周 星期三 第3节-第4节 南湖南-博学北楼-301,1-5周 星期五 第3节-第4节 南湖南-博学北楼-301","XF":2,"SKXQ":5,"XNXQDM":"2024-2025-2","KCM":"英语国家概况","JASDM":"0202010301","JXLDM":"020201","JXBID":"20242-12960","SKBJ":"公选-12960","TYXMDM":"11","KCH":"10201117103"},{"KKDWDM":"020","XS":32,"BYBZ":"0","JSJC":4,"XXXQDM":"02","KXH":"29","KSJC":3,"XKZRS":35,"SKZC":"000000001000000000000000000000","SKJS":"胡德勤","ISTK":0,"ZCMC":"9周","YPSJDD":"9周 星期日 第3节-第4节 南湖南-博学北楼-301,11-16周 星期五 第3节-第4节 南湖南-博学北楼-301,7-9周 星期五 第3节-第4节 南湖南-博学北楼-301,17周 星期三 第3节-第4节 南湖南-博学北楼-301,1-5周 星期五 第3节-第4节 南湖南-博学北楼-301","XF":2,"SKXQ":7,"XNXQDM":"2024-2025-2","KCM":"英语国家概况","JASDM":"0202010301","JXLDM":"020201","JXBID":"20242-12960","SKBJ":"公选-12960","TYXMDM":"11","KCH":"10201117103"},{"KKDWDM":"020","XS":32,"BYBZ":"0","JSJC":2,"XXXQDM":"02","KXH":"27","KSJC":1,"XKZRS":35,"SKZC":"000000001000000000000000000000","SKJS":"胡德勤","ISTK":0,"ZCMC":"9周","YPSJDD":"7-9周 星期五 第1节-第2节 南湖南-博学北楼-301,1-5周 星期五 第1节-第2节 南湖南-博学北楼-301,9周 星期日 第1节-第2节 南湖南-博学北楼-301,11-16周 星期五 第1节-第2节 南湖南-博学北楼-301,17周 星期三 第1节-第2节 南湖南-博学北楼-301","XF":2,"SKXQ":7,"XNXQDM":"2024-2025-2","KCM":"英语国家概况","JASDM":"0202010301","JXLDM":"020201","JXBID":"20242-12943","SKBJ":"公选-12943","TYXMDM":"11","KCH":"10201117103"},{"KKDWDM":"020","XS":32,"BYBZ":"0","JSJC":2,"XXXQDM":"02","KXH":"25","KSJC":1,"XKZRS":35,"SKZC":"000000000011111110000000000000","SKJS":"胡德勤","ISTK":0,"ZCMC":"11-17周","YPSJDD":"11-17周 星期四 第1节-第2节 南湖南-博学北楼-301,1-9周 星期四 第1节-第2节 南湖南-博学北楼-301","XF":2,"SKXQ":4,"XNXQDM":"2024-2025-2","KCM":"英语国家概况","JASDM":"0202010301","JXLDM":"020201","JXBID":"20242-12907","SKBJ":"公选-12907","TYXMDM":"11","KCH":"10201117103"},{"KKDWDM":"020","XS":32,"BYBZ":"0","JSJC":4,"XXXQDM":"02","KXH":"26","KSJC":3,"XKZRS":35,"SKZC":"000000000011111110000000000000","SKJS":"胡德勤","ISTK":0,"ZCMC":"11-17周","YPSJDD":"11-17周 星期四 第3节-第4节 南湖南-博学北楼-301,1-9周 星期四 第3节-第4节 南湖南-博学北楼-301","XF":2,"SKXQ":4,"XNXQDM":"2024-2025-2","KCM":"英语国家概况","JASDM":"0202010301","JXLDM":"020201","JXBID":"20242-12925","SKBJ":"公选-12925","TYXMDM":"11","KCH":"10201117103"},{"KKDWDM":"020","XS":32,"BYBZ":"0","JSJC":4,"XXXQDM":"02","KXH":"29","KSJC":3,"XKZRS":35,"SKZC":"000000000011111100000000000000","SKJS":"胡德勤","ISTK":0,"ZCMC":"11-16周","YPSJDD":"9周 星期日 第3节-第4节 南湖南-博学北楼-301,11-16周 星期五 第3节-第4节 南湖南-博学北楼-301,7-9周 星期五 第3节-第4节 南湖南-博学北楼-301,17周 星期三 第3节-第4节 南湖南-博学北楼-301,1-5周 星期五 第3节-第4节 南湖南-博学北楼-301","XF":2,"SKXQ":5,"XNXQDM":"2024-2025-2","KCM":"英语国家概况","JASDM":"0202010301","JXLDM":"020201","JXBID":"20242-12960","SKBJ":"公选-12960","TYXMDM":"11","KCH":"10201117103"},{"KKDWDM":"020","XS":32,"BYBZ":"0","JSJC":2,"XXXQDM":"02","KXH":"27","KSJC":1,"XKZRS":35,"SKZC":"000000000011111100000000000000","SKJS":"胡德勤","ISTK":0,"ZCMC":"11-16周","YPSJDD":"7-9周 星期五 第1节-第2节 南湖南-博学北楼-301,1-5周 星期五 第1节-第2节 南湖南-博学北楼-301,9周 星期日 第1节-第2节 南湖南-博学北楼-301,11-16周 星期五 第1节-第2节 南湖南-博学北楼-301,17周 星期三 第1节-第2节 南湖南-博学北楼-301","XF":2,"SKXQ":5,"XNXQDM":"2024-2025-2","KCM":"英语国家概况","JASDM":"0202010301","JXLDM":"020201","JXBID":"20242-12943","SKBJ":"公选-12943","TYXMDM":"11","KCH":"10201117103"},{"KKDWDM":"020","XS":32,"BYBZ":"0","JSJC":7,"XXXQDM":"02","KXH":"21","KSJC":6,"XKZRS":33,"SKZC":"000000000001110000000000000000","SKJS":"何谨然","ISTK":0,"ZCMC":"12-14周","YPSJDD":"17周 星期二 第6节-第7节 南湖南-博学北楼-301,12-14周 星期一 第6节-第7节 南湖南-博学北楼-301,16-17周 星期一 第6节-第7节 南湖南-博学北楼-301,1-10周 星期一 第6节-第7节 南湖南-博学北楼-301","XF":2,"SKXQ":1,"XNXQDM":"2024-2025-2","KCM":"商务英语","JASDM":"0202010301","JXLDM":"020201","JXBID":"20242-12977","SKBJ":"公选-12977","TYXMDM":"11","KCH":"10201117099"},{"KKDWDM":"020","XS":32,"BYBZ":"0","JSJC":2,"XXXQDM":"02","KXH":"01","KSJC":1,"XKZRS":34,"SKZC":"000000000001110000000000000000","SKJS":"陈锋","ISTK":0,"ZCMC":"12-14周","YPSJDD":"17周 星期二 第1节-第2节 南湖南-博学北楼-301,12-14周 星期一 第1节-第2节 南湖南-博学北楼-301,16-17周 星期一 第1节-第2节 南湖南-博学北楼-301,1-10周 星期一 第1节-第2节 南湖南-博学北楼-301","XF":2,"SKXQ":1,"XNXQDM":"2024-2025-2","KCM":"商务英语","JASDM":"0202010301","JXLDM":"020201","JXBID":"20242-12803","SKBJ":"公选-12803","TYXMDM":"11","KCH":"10201117099"},{"KKDWDM":"020","XS":32,"BYBZ":"0","JSJC":4,"XXXQDM":"02","KXH":"04","KSJC":3,"XKZRS":29,"SKZC":"000000000001110000000000000000","SKJS":"陈锋","ISTK":0,"ZCMC":"12-14周","YPSJDD":"12-14周 星期一 第3节-第4节 南湖南-博学北楼-301,1-10周 星期一 第3节-第4节 南湖南-博学北楼-301,17周 星期二 第3节-第4节 南湖南-博学北楼-301,16-17周 星期一 第3节-第4节 南湖南-博学北楼-301","XF":2,"SKXQ":1,"XNXQDM":"2024-2025-2","KCM":"商务英语","JASDM":"0202010301","JXLDM":"020201","JXBID":"20242-12821","SKBJ":"公选-12821","TYXMDM":"11","KCH":"10201117099"},{"KKDWDM":"020","XS":32,"BYBZ":"0","JSJC":4,"XXXQDM":"02","KXH":"04","KSJC":3,"XKZRS":29,"SKZC":"000000000000000110000000000000","SKJS":"陈锋","ISTK":0,"ZCMC":"16-17周","YPSJDD":"12-14周 星期一 第3节-第4节 南湖南-博学北楼-301,1-10周 星期一 第3节-第4节 南湖南-博学北楼-301,17周 星期二 第3节-第4节 南湖南-博学北楼-301,16-17周 星期一 第3节-第4节 南湖南-博学北楼-301","XF":2,"SKXQ":1,"XNXQDM":"2024-2025-2","KCM":"商务英语","JASDM":"0202010301","JXLDM":"020201","JXBID":"20242-12821","SKBJ":"公选-12821","TYXMDM":"11","KCH":"10201117099"},{"KKDWDM":"020","XS":32,"BYBZ":"0","JSJC":7,"XXXQDM":"02","KXH":"21","KSJC":6,"XKZRS":33,"SKZC":"000000000000000110000000000000","SKJS":"何谨然","ISTK":0,"ZCMC":"16-17周","YPSJDD":"17周 星期二 第6节-第7节 南湖南-博学北楼-301,12-14周 星期一 第6节-第7节 南湖南-博学北楼-301,16-17周 星期一 第6节-第7节 南湖南-博学北楼-301,1-10周 星期一 第6节-第7节 南湖南-博学北楼-301","XF":2,"SKXQ":1,"XNXQDM":"2024-2025-2","KCM":"商务英语","JASDM":"0202010301","JXLDM":"020201","JXBID":"20242-12977","SKBJ":"公选-12977","TYXMDM":"11","KCH":"10201117099"},{"KKDWDM":"020","XS":32,"BYBZ":"0","JSJC":2,"XXXQDM":"02","KXH":"01","KSJC":1,"XKZRS":34,"SKZC":"000000000000000110000000000000","SKJS":"陈锋","ISTK":0,"ZCMC":"16-17周","YPSJDD":"17周 星期二 第1节-第2节 南湖南-博学北楼-301,12-14周 星期一 第1节-第2节 南湖南-博学北楼-301,16-17周 星期一 第1节-第2节 南湖南-博学北楼-301,1-10周 星期一 第1节-第2节 南湖南-博学北楼-301","XF":2,"SKXQ":1,"XNXQDM":"2024-2025-2","KCM":"商务英语","JASDM":"0202010301","JXLDM":"020201","JXBID":"20242-12803","SKBJ":"公选-12803","TYXMDM":"11","KCH":"10201117099"},{"KKDWDM":"020","XS":32,"BYBZ":"0","JSJC":4,"XXXQDM":"02","KXH":"29","KSJC":3,"XKZRS":35,"SKZC":"000000000000000010000000000000","SKJS":"胡德勤","ISTK":0,"ZCMC":"17周","YPSJDD":"9周 星期日 第3节-第4节 南湖南-博学北楼-301,11-16周 星期五 第3节-第4节 南湖南-博学北楼-301,7-9周 星期五 第3节-第4节 南湖南-博学北楼-301,17周 星期三 第3节-第4节 南湖南-博学北楼-301,1-5周 星期五 第3节-第4节 南湖南-博学北楼-301","XF":2,"SKXQ":3,"XNXQDM":"2024-2025-2","KCM":"英语国家概况","JASDM":"0202010301","JXLDM":"020201","JXBID":"20242-12960","SKBJ":"公选-12960","TYXMDM":"11","KCH":"10201117103"},{"KKDWDM":"020","XS":32,"BYBZ":"0","JSJC":2,"XXXQDM":"02","KXH":"01","KSJC":1,"XKZRS":34,"SKZC":"000000000000000010000000000000","SKJS":"陈锋","ISTK":0,"ZCMC":"17周","YPSJDD":"17周 星期二 第1节-第2节 南湖南-博学北楼-301,12-14周 星期一 第1节-第2节 南湖南-博学北楼-301,16-17周 星期一 第1节-第2节 南湖南-博学北楼-301,1-10周 星期一 第1节-第2节 南湖南-博学北楼-301","XF":2,"SKXQ":2,"XNXQDM":"2024-2025-2","KCM":"商务英语","JASDM":"0202010301","JXLDM":"020201","JXBID":"20242-12803","SKBJ":"公选-12803","TYXMDM":"11","KCH":"10201117099"},{"KKDWDM":"020","XS":32,"BYBZ":"0","JSJC":4,"XXXQDM":"02","KXH":"04","KSJC":3,"XKZRS":29,"SKZC":"000000000000000010000000000000","SKJS":"陈锋","ISTK":0,"ZCMC":"17周","YPSJDD":"12-14周 星期一 第3节-第4节 南湖南-博学北楼-301,1-10周 星期一 第3节-第4节 南湖南-博学北楼-301,17周 星期二 第3节-第4节 南湖南-博学北楼-301,16-17周 星期一 第3节-第4节 南湖南-博学北楼-301","XF":2,"SKXQ":2,"XNXQDM":"2024-2025-2","KCM":"商务英语","JASDM":"0202010301","JXLDM":"020201","JXBID":"20242-12821","SKBJ":"公选-12821","TYXMDM":"11","KCH":"10201117099"},{"KKDWDM":"020","XS":32,"BYBZ":"0","JSJC":2,"XXXQDM":"02","KXH":"27","KSJC":1,"XKZRS":35,"SKZC":"000000000000000010000000000000","SKJS":"胡德勤","ISTK":0,"ZCMC":"17周","YPSJDD":"7-9周 星期五 第1节-第2节 南湖南-博学北楼-301,1-5周 星期五 第1节-第2节 南湖南-博学北楼-301,9周 星期日 第1节-第2节 南湖南-博学北楼-301,11-16周 星期五 第1节-第2节 南湖南-博学北楼-301,17周 星期三 第1节-第2节 南湖南-博学北楼-301","XF":2,"SKXQ":3,"XNXQDM":"2024-2025-2","KCM":"英语国家概况","JASDM":"0202010301","JXLDM":"020201","JXBID":"20242-12943","SKBJ":"公选-12943","TYXMDM":"11","KCH":"10201117103"},{"KKDWDM":"020","XS":32,"BYBZ":"0","JSJC":7,"XXXQDM":"02","KXH":"21","KSJC":6,"XKZRS":33,"SKZC":"000000000000000010000000000000","SKJS":"何谨然","ISTK":0,"ZCMC":"17周","YPSJDD":"17周 星期二 第6节-第7节 南湖南-博学北楼-301,12-14周 星期一 第6节-第7节 南湖南-博学北楼-301,16-17周 星期一 第6节-第7节 南湖南-博学北楼-301,1-10周 星期一 第6节-第7节 南湖南-博学北楼-301","XF":2,"SKXQ":2,"XNXQDM":"2024-2025-2","KCM":"商务英语","JASDM":"0202010301","JXLDM":"020201","JXBID":"20242-12977","SKBJ":"公选-12977","TYXMDM":"11","KCH":"10201117099"}]}},"code":"0"}