{"datas":{"jaskcb":{"extParams":{"code":1,"msg":"查询成功"},"pageSize":0,"pageNumber":0,"totalSize":-1,"rows":[{"KKDWDM":"072","XS":64,"BYBZ":"0","JSJC":2,"XXXQDM":"02","KXH":"02","KSJC":1,"XKZRS":77,"SKZC":"111111111111110000000000000000","SKJS":"易迎彦","ISTK":0,"ZCMC":"1-14周","YPSJDD":"1-9周 星期四 第3节-第4节 南湖南-博学东楼-402,1-14周 星期二 第1节-第2节 南湖南-博学东楼-402,11-15周 星期四 第3节-第4节 南湖南-博学东楼-402","XF":4,"SKXQ":2,"XNXQDM":"2024-2025-2","KCM":"信号与线性系统","JASDM":"0202020402","JXLDM":"020202","JXBID":"20242-04980","SKBJ":"电信科2301-02","TYXMDM":null,"KCH":"10095111019"},{"KKDWDM":"021","XS":36,"BYBZ":"0","JSJC":5,"XXXQDM":"02","KXH":"115","KSJC":3,"XKZRS":109,"SKZC":"111111111111","SKJS":"张奇","ISTK":0,"ZCMC":"1-12周","YPSJDD":"1-12周 星期三 第3节-第5节 南湖南-博学东楼-402","XF":2,"SKXQ":3,"XNXQDM":"2024-2025-2","KCM":"习近平新时代中国特色社会主义思想概论","JASDM":"0202020402","JXLDM":"020202","JXBID":"20242-05073","SKBJ":"新能源2301,材化2301,材物2301","TYXMDM":null,"KCH":"10211121033"},{"KKDWDM":"021","XS":36,"BYBZ":"0","JSJC":5,"XXXQDM":"02","KXH":"12","KSJC":3,"XKZRS":94,"SKZC":"111111111111","SKJS":"方莉","ISTK":0,"ZCMC":"1-12周","YPSJDD":"1-12周 星期二 第3节-第5节 南湖南-博学东楼-402","XF":2,"SKXQ":2,"XNXQDM":"2024-2025-2","KCM":"习近平新时代中国特色社会主义思想概论","JASDM":"0202020402","JXLDM":"020202","JXBID":"20242-12209","SKBJ":"工业gc2302,生科类2304-06","TYXMDM":null,"KCH":"10211121033"},{"KKDWDM":"021","XS":36,"BYBZ":"0","JSJC":8,"XXXQDM":"02","KXH":"08","KSJC":6,"XKZRS":103,"SKZC":"111111111111","SKJS":"韩露","ISTK":0,"ZCMC":"1-12周","YPSJDD":"1-12周 星期二 第6节-第8节 南湖南-博学东楼-402","XF":2,"SKXQ":2,"XNXQDM":"2024-2025-2","KCM":"习近平新时代中国特色社会主义思想概论","JASDM":"0202020402","JXLDM":"020202","JXBID":"20242-12200","SKBJ":"国贸2301,大数据2301-02","TYXMDM":null,"KCH":"10211121033"},{"KKDWDM":"071","XS":48,"BYBZ":"0","JSJC":5,"XXXQDM":"02","KXH":"04","KSJC":3,"XKZRS":104,"SKZC":"111111111100000000000000000000","SKJS":"王传美","ISTK":0,"ZCMC":"1-10周","YPSJDD":"16-17周 星期一 第3节-第5节 南湖南-博学东楼-402,17周 星期二 第3节-第5节 南湖南-博学东楼-402,12-14周 星期一 第3节-第5节 南湖南-博学东楼-402,1-10周 星期一 第3节-第5节 南湖南-博学东楼-402","XF":3,"SKXQ":1,"XNXQDM":"2024-2025-2","KCM":"概率论与数理统计B","JASDM":"0202020402","JXLDM":"020202","JXBID":"20242-05126","SKBJ":"环工2301-02,环科2301-02","TYXMDM":null,"KCH":"10155111054"},{"KKDWDM":"021","XS":48,"BYBZ":"0","JSJC":8,"XXXQDM":"02","KXH":"03","KSJC":6,"XKZRS":130,"SKZC":"111111111100000000000000000000","SKJS":"邓亦武","ISTK":0,"ZCMC":"1-10周","YPSJDD":"16周 星期一 第6节-第8节 南湖南-博学东楼-402,12-14周 星期一 第6节-第8节 南湖南-博学东楼-402,1-10周 星期一 第6节-第8节 南湖南-博学东楼-402","XF":3,"SKXQ":1,"XNXQDM":"2024-2025-2","KCM":"中国近现代史纲要","JASDM":"0202020402","JXLDM":"020202","JXBID":"20242-11874","SKBJ":"经济学类2401-04","TYXMDM":null,"KCH":"10211124005"},{"KKDWDM":"072","XS":64,"BYBZ":"0","JSJC":4,"XXXQDM":"02","KXH":"02","KSJC":3,"XKZRS":77,"SKZC":"111111111000000000000000000000","SKJS":"易迎彦","ISTK":0,"ZCMC":"1-9周","YPSJDD":"1-9周 星期四 第3节-第4节 南湖南-博学东楼-402,1-14周 星期二 第1节-第2节 南湖南-博学东楼-402,11-15周 星期四 第3节-第4节 南湖南-博学东楼-402","XF":4,"SKXQ":4,"XNXQDM":"2024-2025-2","KCM":"信号与线性系统","JASDM":"0202020402","JXLDM":"020202","JXBID":"20242-04980","SKBJ":"电信科2301-02","TYXMDM":null,"KCH":"10095111019"},{"KKDWDM":"022","XS":24,"BYBZ":"0","JSJC":13,"XXXQDM":"02","KXH":"01","KSJC":11,"XKZRS":100,"SKZC":"111111110000000000000000","SKJS":"张勇","ISTK":0,"ZCMC":"1-8周","YPSJDD":"1-8周 星期一 第11节-第13节 南湖南-博学东楼-402","XF":1,"SKXQ":1,"XNXQDM":"2024-2025-2","KCM":"《道德经》导读(GX)","JASDM":"0202020402","JXLDM":"020202","JXBID":"20242-08507","SKBJ":"公选-08507","TYXMDM":null,"KCH":"10222121268"},{"KKDWDM":"022","XS":24,"BYBZ":"0","JSJC":13,"XXXQDM":"02","KXH":"01","KSJC":11,"XKZRS":135,"SKZC":"111111110000000000000000","SKJS":"阎维博","ISTK":0,"ZCMC":"1-8周","YPSJDD":"1-8周 星期三 第11节-第13节 南湖南-博学东楼-402","XF":1,"SKXQ":3,"XNXQDM":"2024-2025-2","KCM":"电影中的法律(GX)","JASDM":"0202020402","JXLDM":"020202","JXBID":"20242-08619","SKBJ":"公选-08619","TYXMDM":null,"KCH":"10222121228"},{"KKDWDM":"028","XS":32,"BYBZ":"0","JSJC":13,"XXXQDM":"02","KXH":"01","KSJC":11,"XKZRS":140,"SKZC":"111111110000000000000000","SKJS":"卢毅,田歌,阳晓宇,陈丽华","ISTK":0,"ZCMC":"1-8周","YPSJDD":"1-8周 星期四 第11节-第13节 南湖南-博学东楼-402","XF":2,"SKXQ":4,"XNXQDM":"2024-2025-2","KCM":"无机材料合成概论(JD)","JASDM":"0202020402","JXLDM":"020202","JXBID":"20242-08841","SKBJ":"公选-08841","TYXMDM":null,"KCH":"10286121036"},{"KKDWDM":"017","XS":40,"BYBZ":"0","JSJC":8,"XXXQDM":"02","KXH":"03","KSJC":6,"XKZRS":100,"SKZC":"111110111011100000000000","SKJS":"江涛","ISTK":0,"ZCMC":"1-5周,7-9周,11-13周","YPSJDD":"14-15周 星期五 第6节-第7节 南湖南-博学东楼-402,1-5周,7-9周,11-13周 星期五 第6节-第8节 南湖南-博学东楼-402,9周 星期日 第6节-第8节 南湖南-博学东楼-402","XF":2,"SKXQ":5,"XNXQDM":"2024-2025-2","KCM":"管理统计学","JASDM":"0202020402","JXLDM":"020202","JXBID":"20242-11048","SKBJ":"人力2301,会计2301-03","TYXMDM":null,"KCH":"10174121157"},{"KKDWDM":"012","XS":56,"BYBZ":"0","JSJC":5,"XXXQDM":"02","KXH":"02","KSJC":3,"XKZRS":104,"SKZC":"111110000000000000000000000000","SKJS":"李勇华","ISTK":0,"ZCMC":"1-5周","YPSJDD":"1-5周 星期五 第3节-第5节 南湖南-博学东楼-402,17周 星期三 第3节-第5节 南湖南-博学东楼-402,11-16周 星期五 第3节-第5节 南湖南-博学东楼-402,7-9周 星期五 第3节-第5节 南湖南-博学东楼-402,9周 星期日 第3节-第5节 南湖南-博学东楼-402","XF":3,"SKXQ":5,"XNXQDM":"2024-2025-2","KCM":"数据库系统原理B","JASDM":"0202020402","JXLDM":"020202","JXBID":"20242-04930","SKBJ":"计算机2304,计算机zy2301-02","TYXMDM":null,"KCH":"10124117077"},{"KKDWDM":"038","XS":16,"BYBZ":"0","JSJC":13,"XXXQDM":"02","KXH":"02","KSJC":11,"XKZRS":98,"SKZC":"111100000000000000000000","SKJS":"李倩","ISTK":0,"ZCMC":"1-4周","YPSJDD":"5-6周 星期二 第11节-第12节 南湖南-博学东楼-402,1-4周 星期二 第11节-第13节 南湖南-博学东楼-402","XF":1,"SKXQ":2,"XNXQDM":"2024-2025-2","KCM":"积极心理学(GX)","JASDM":"0202020402","JXLDM":"020202","JXBID":"20242-10144","SKBJ":"公选-10144","TYXMDM":null,"KCH":"10382121018"},{"KKDWDM":"021","XS":42,"BYBZ":"0","JSJC":8,"XXXQDM":"02","KXH":"40","KSJC":6,"XKZRS":null,"SKZC":"110000000000000000000000000000","SKJS":"孙德忠","ISTK":0,"ZCMC":"1-2周","YPSJDD":"1-2周 星期三 第6节-第8节 南湖南-博学东楼-402","XF":2,"SKXQ":3,"XNXQDM":"2024-2025-2","KCM":"马克思主义基本原理","JASDM":"0202020402","JXLDM":"020202","JXBID":"20242-05115","SKBJ":"数经sy2301,计算机2301-02","TYXMDM":null,"KCH":"10211117035"},{"KKDWDM":"038","XS":16,"BYBZ":"0","JSJC":12,"XXXQDM":"02","KXH":"02","KSJC":11,"XKZRS":98,"SKZC":"000011000000000000000000","SKJS":"李倩","ISTK":0,"ZCMC":"5-6周","YPSJDD":"5-6周 星期二 第11节-第12节 南湖南-博学东楼-402,1-4周 星期二 第11节-第13节 南湖南-博学东楼-402","XF":1,"SKXQ":2,"XNXQDM":"2024-2025-2","KCM":"积极心理学(GX)","JASDM":"0202020402","JXLDM":"020202","JXBID":"20242-10144","SKBJ":"公选-10144","TYXMDM":null,"KCH":"10382121018"},{"KKDWDM":"012","XS":56,"BYBZ":"0","JSJC":5,"XXXQDM":"02","KXH":"02","KSJC":3,"XKZRS":104,"SKZC":"000000111000000000000000000000","SKJS":"李勇华","ISTK":0,"ZCMC":"7-9周","YPSJDD":"1-5周 星期五 第3节-第5节 南湖南-博学东楼-402,17周 星期三 第3节-第5节 南湖南-博学东楼-402,11-16周 星期五 第3节-第5节 南湖南-博学东楼-402,7-9周 星期五 第3节-第5节 南湖南-博学东楼-402,9周 星期日 第3节-第5节 南湖南-博学东楼-402","XF":3,"SKXQ":5,"XNXQDM":"2024-2025-2","KCM":"数据库系统原理B","JASDM":"0202020402","JXLDM":"020202","JXBID":"20242-04930","SKBJ":"计算机2304,计算机zy2301-02","TYXMDM":null,"KCH":"10124117077"},{"KKDWDM":"012","XS":56,"BYBZ":"0","JSJC":5,"XXXQDM":"02","KXH":"02","KSJC":3,"XKZRS":104,"SKZC":"000000001000000000000000000000","SKJS":"李勇华","ISTK":0,"ZCMC":"9周","YPSJDD":"1-5周 星期五 第3节-第5节 南湖南-博学东楼-402,17周 星期三 第3节-第5节 南湖南-博学东楼-402,11-16周 星期五 第3节-第5节 南湖南-博学东楼-402,7-9周 星期五 第3节-第5节 南湖南-博学东楼-402,9周 星期日 第3节-第5节 南湖南-博学东楼-402","XF":3,"SKXQ":7,"XNXQDM":"2024-2025-2","KCM":"数据库系统原理B","JASDM":"0202020402","JXLDM":"020202","JXBID":"20242-04930","SKBJ":"计算机2304,计算机zy2301-02","TYXMDM":null,"KCH":"10124117077"},{"KKDWDM":"017","XS":40,"BYBZ":"0","JSJC":8,"XXXQDM":"02","KXH":"03","KSJC":6,"XKZRS":100,"SKZC":"000000001000000000000000","SKJS":"江涛","ISTK":0,"ZCMC":"9周","YPSJDD":"14-15周 星期五 第6节-第7节 南湖南-博学东楼-402,1-5周,7-9周,11-13周 星期五 第6节-第8节 南湖南-博学东楼-402,9周 星期日 第6节-第8节 南湖南-博学东楼-402","XF":2,"SKXQ":7,"XNXQDM":"2024-2025-2","KCM":"管理统计学","JASDM":"0202020402","JXLDM":"020202","JXBID":"20242-11048","SKBJ":"人力2301,会计2301-03","TYXMDM":null,"KCH":"10174121157"},{"KKDWDM":"012","XS":56,"BYBZ":"0","JSJC":5,"XXXQDM":"02","KXH":"02","KSJC":3,"XKZRS":104,"SKZC":"000000000011111100000000000000","SKJS":"李勇华","ISTK":0,"ZCMC":"11-16周","YPSJDD":"1-5周 星期五 第3节-第5节 南湖南-博学东楼-402,17周 星期三 第3节-第5节 南湖南-博学东楼-402,11-16周 星期五 第3节-第5节 南湖南-博学东楼-402,7-9周 星期五 第3节-第5节 南湖南-博学东楼-402,9周 星期日 第3节-第5节 南湖南-博学东楼-402","XF":3,"SKXQ":5,"XNXQDM":"2024-2025-2","KCM":"数据库系统原理B","JASDM":"0202020402","JXLDM":"020202","JXBID":"20242-04930","SKBJ":"计算机2304,计算机zy2301-02","TYXMDM":null,"KCH":"10124117077"},{"KKDWDM":"072","XS":64,"BYBZ":"0","JSJC":4,"XXXQDM":"02","KXH":"02","KSJC":3,"XKZRS":77,"SKZC":"000000000011111000000000000000","SKJS":"易迎彦","ISTK":0,"ZCMC":"11-15周","YPSJDD":"1-9周 星期四 第3节-第4节 南湖南-博学东楼-402,1-14周 星期二 第1节-第2节 南湖南-博学东楼-402,11-15周 星期四 第3节-第4节 南湖南-博学东楼-402","XF":4,"SKXQ":4,"XNXQDM":"2024-2025-2","KCM":"信号与线性系统","JASDM":"0202020402","JXLDM":"020202","JXBID":"20242-04980","SKBJ":"电信科2301-02","TYXMDM":null,"KCH":"10095111019"},{"KKDWDM":"021","XS":48,"BYBZ":"0","JSJC":8,"XXXQDM":"02","KXH":"03","KSJC":6,"XKZRS":130,"SKZC":"000000000001110000000000000000","SKJS":"邓亦武","ISTK":0,"ZCMC":"12-14周","YPSJDD":"16周 星期一 第6节-第8节 南湖南-博学东楼-402,12-14周 星期一 第6节-第8节 南湖南-博学东楼-402,1-10周 星期一 第6节-第8节 南湖南-博学东楼-402","XF":3,"SKXQ":1,"XNXQDM":"2024-2025-2","KCM":"中国近现代史纲要","JASDM":"0202020402","JXLDM":"020202","JXBID":"20242-11874","SKBJ":"经济学类2401-04","TYXMDM":null,"KCH":"10211124005"},{"KKDWDM":"071","XS":48,"BYBZ":"0","JSJC":5,"XXXQDM":"02","KXH":"04","KSJC":3,"XKZRS":104,"SKZC":"000000000001110000000000000000","SKJS":"王传美","ISTK":0,"ZCMC":"12-14周","YPSJDD":"16-17周 星期一 第3节-第5节 南湖南-博学东楼-402,17周 星期二 第3节-第5节 南湖南-博学东楼-402,12-14周 星期一 第3节-第5节 南湖南-博学东楼-402,1-10周 星期一 第3节-第5节 南湖南-博学东楼-402","XF":3,"SKXQ":1,"XNXQDM":"2024-2025-2","KCM":"概率论与数理统计B","JASDM":"0202020402","JXLDM":"020202","JXBID":"20242-05126","SKBJ":"环工2301-02,环科2301-02","TYXMDM":null,"KCH":"10155111054"},{"KKDWDM":"017","XS":40,"BYBZ":"0","JSJC":7,"XXXQDM":"02","KXH":"03","KSJC":6,"XKZRS":100,"SKZC":"000000000000011000000000","SKJS":"江涛","ISTK":0,"ZCMC":"14-15周","YPSJDD":"14-15周 星期五 第6节-第7节 南湖南-博学东楼-402,1-5周,7-9周,11-13周 星期五 第6节-第8节 南湖南-博学东楼-402,9周 星期日 第6节-第8节 南湖南-博学东楼-402","XF":2,"SKXQ":5,"XNXQDM":"2024-2025-2","KCM":"管理统计学","JASDM":"0202020402","JXLDM":"020202","JXBID":"20242-11048","SKBJ":"人力2301,会计2301-03","TYXMDM":null,"KCH":"10174121157"},{"KKDWDM":"071","XS":48,"BYBZ":"0","JSJC":5,"XXXQDM":"02","KXH":"04","KSJC":3,"XKZRS":104,"SKZC":"000000000000000110000000000000","SKJS":"王传美","ISTK":0,"ZCMC":"16-17周","YPSJDD":"16-17周 星期一 第3节-第5节 南湖南-博学东楼-402,17周 星期二 第3节-第5节 南湖南-博学东楼-402,12-14周 星期一 第3节-第5节 南湖南-博学东楼-402,1-10周 星期一 第3节-第5节 南湖南-博学东楼-402","XF":3,"SKXQ":1,"XNXQDM":"2024-2025-2","KCM":"概率论与数理统计B","JASDM":"0202020402","JXLDM":"020202","JXBID":"20242-05126","SKBJ":"环工2301-02,环科2301-02","TYXMDM":null,"KCH":"10155111054"},{"KKDWDM":"021","XS":48,"BYBZ":"0","JSJC":8,"XXXQDM":"02","KXH":"03","KSJC":6,"XKZRS":130,"SKZC":"000000000000000100000000000000","SKJS":"邓亦武","ISTK":0,"ZCMC":"16周","YPSJDD":"16周 星期一 第6节-第8节 南湖南-博学东楼-402,12-14周 星期一 第6节-第8节 南湖南-博学东楼-402,1-10周 星期一 第6节-第8节 南湖南-博学东楼-402","XF":3,"SKXQ":1,"XNXQDM":"2024-2025-2","KCM":"中国近现代史纲要","JASDM":"0202020402","JXLDM":"020202","JXBID":"20242-11874","SKBJ":"经济学类2401-04","TYXMDM":null,"KCH":"10211124005"},{"KKDWDM":"012","XS":56,"BYBZ":"0","JSJC":5,"XXXQDM":"02","KXH":"02","KSJC":3,"XKZRS":104,"SKZC":"000000000000000010000000000000","SKJS":"李勇华","ISTK":0,"ZCMC":"17周","YPSJDD":"1-5周 星期五 第3节-第5节 南湖南-博学东楼-402,17周 星期三 第3节-第5节 南湖南-博学东楼-402,11-16周 星期五 第3节-第5节 南湖南-博学东楼-402,7-9周 星期五 第3节-第5节 南湖南-博学东楼-402,9周 星期日 第3节-第5节 南湖南-博学东楼-402","XF":3,"SKXQ":3,"XNXQDM":"2024-2025-2","KCM":"数据库系统原理B","JASDM":"0202020402","JXLDM":"020202","JXBID":"20242-04930","SKBJ":"计算机2304,计算机zy2301-02","TYXMDM":null,"KCH":"10124117077"},{"KKDWDM":"071","XS":48,"BYBZ":"0","JSJC":5,"XXXQDM":"02","KXH":"04","KSJC":3,"XKZRS":104,"SKZC":"000000000000000010000000000000","SKJS":"王传美","ISTK":0,"ZCMC":"17周","YPSJDD":"16-17周 星期一 第3节-第5节 南湖南-博学东楼-402,17周 星期二 第3节-第5节 南湖南-博学东楼-402,12-14周 星期一 第3节-第5节 南湖南-博学东楼-402,1-10周 星期一 第3节-第5节 南湖南-博学东楼-402","XF":3,"SKXQ":2,"XNXQDM":"2024-2025-2","KCM":"概率论与数理统计B","JASDM":"0202020402","JXLDM":"020202","JXBID":"20242-05126","SKBJ":"环工2301-02,环科2301-02","TYXMDM":null,"KCH":"10155111054"}]}},"code":"0"}