{"datas":{"jaskcb":{"extParams":{"code":1,"msg":"查询成功"},"pageSize":0,"pageNumber":0,"totalSize":-1,"rows":[{"KKDWDM":"038","XS":32,"BYBZ":"0","JSJC":7,"XXXQDM":"02","KXH":"46","KSJC":6,"XKZRS":140,"SKZC":"11111111111111110000","SKJS":"李洪胜","ISTK":0,"ZCMC":"1-16周","YPSJDD":"1-16周 星期三 第6节-第7节 南湖南-博学东楼-208","XF":2,"SKXQ":3,"XNXQDM":"2024-2025-2","KCM":"军事理论","JASDM":"0202020208","JXLDM":"020202","JXBID":"20242-12131","SKBJ":"土木类2409-12","TYXMDM":null,"KCH":"10381121001"},{"KKDWDM":"012","XS":56,"BYBZ":"0","JSJC":4,"XXXQDM":"02","KXH":"04","KSJC":3,"XKZRS":139,"SKZC":"111111111111110000000000000000","SKJS":"巩晶","ISTK":0,"ZCMC":"1-14周","YPSJDD":"1-14周 星期二 第3节-第4节 南湖南-博学东楼-208,1-9周 星期四 第1节-第2节 南湖南-博学东楼-208,11-15周 星期四 第1节-第2节 南湖南-博学东楼-208","XF":3,"SKXQ":2,"XNXQDM":"2024-2025-2","KCM":"离散结构","JASDM":"0202020208","JXLDM":"020202","JXBID":"20242-10443","SKBJ":"计算机类2401-03,软件sy2401","TYXMDM":null,"KCH":"10124117071"},{"KKDWDM":"021","XS":48,"BYBZ":"0","JSJC":5,"XXXQDM":"02","KXH":"45","KSJC":3,"XKZRS":72,"SKZC":"11111111111111000000","SKJS":"曾蔚","ISTK":0,"ZCMC":"1-14周","YPSJDD":"1-14周 星期三 第3节-第5节 南湖南-博学东楼-208","XF":3,"SKXQ":3,"XNXQDM":"2024-2025-2","KCM":"思想道德与法治","JASDM":"0202020208","JXLDM":"020202","JXBID":"20242-11836","SKBJ":"土木类2408-11","TYXMDM":null,"KCH":"10211124001"},{"KKDWDM":"012","XS":32,"BYBZ":"0","JSJC":2,"XXXQDM":"02","KXH":"01","KSJC":1,"XKZRS":75,"SKZC":"111111111111100000000000","SKJS":"冯静","ISTK":0,"ZCMC":"1-13周","YPSJDD":"1-13周 星期三 第1节-第2节 南湖南-博学东楼-208","XF":2,"SKXQ":3,"XNXQDM":"2024-2025-2","KCM":"人工智能程序设计","JASDM":"0202020208","JXLDM":"020202","JXBID":"20242-05161","SKBJ":"人工智能2301-02,大数据2301-02","TYXMDM":null,"KCH":"10125121044"},{"KKDWDM":"021","XS":48,"BYBZ":"0","JSJC":5,"XXXQDM":"02","KXH":"28","KSJC":3,"XKZRS":109,"SKZC":"111111111100000000000000000000","SKJS":"何欢欢","ISTK":0,"ZCMC":"1-10周","YPSJDD":"16周 星期一 第3节-第5节 南湖南-博学东楼-208,12-14周 星期一 第3节-第5节 南湖南-博学东楼-208,1-10周 星期一 第3节-第5节 南湖南-博学东楼-208","XF":3,"SKXQ":1,"XNXQDM":"2024-2025-2","KCM":"思想道德与法治","JASDM":"0202020208","JXLDM":"020202","JXBID":"20242-11818","SKBJ":"环科类2401-03","TYXMDM":null,"KCH":"10211124001"},{"KKDWDM":"012","XS":56,"BYBZ":"0","JSJC":2,"XXXQDM":"02","KXH":"04","KSJC":1,"XKZRS":139,"SKZC":"111111111000000000000000000000","SKJS":"巩晶","ISTK":0,"ZCMC":"1-9周","YPSJDD":"1-14周 星期二 第3节-第4节 南湖南-博学东楼-208,1-9周 星期四 第1节-第2节 南湖南-博学东楼-208,11-15周 星期四 第1节-第2节 南湖南-博学东楼-208","XF":3,"SKXQ":4,"XNXQDM":"2024-2025-2","KCM":"离散结构","JASDM":"0202020208","JXLDM":"020202","JXBID":"20242-10443","SKBJ":"计算机类2401-03,软件sy2401","TYXMDM":null,"KCH":"10124117071"},{"KKDWDM":"022","XS":24,"BYBZ":"0","JSJC":13,"XXXQDM":"02","KXH":"02","KSJC":11,"XKZRS":140,"SKZC":"111111110000000000000000","SKJS":"雷卫平","ISTK":0,"ZCMC":"1-8周","YPSJDD":"1-8周 星期四 第11节-第13节 南湖南-博学东楼-208","XF":1,"SKXQ":4,"XNXQDM":"2024-2025-2","KCM":"大学生活与幸福人生(GX)","JASDM":"0202020208","JXLDM":"020202","JXBID":"20242-11541","SKBJ":"公选-11541","TYXMDM":null,"KCH":"10222121219"},{"KKDWDM":"016","XS":32,"BYBZ":"0","JSJC":12,"XXXQDM":"02","KXH":"01","KSJC":11,"XKZRS":139,"SKZC":"11111111","SKJS":"雷志鑫","ISTK":0,"ZCMC":"1-8周","YPSJDD":"1-8周 星期一 第11节-第12节 南湖南-博学东楼-208,1-8周 星期三 第11节-第12节 南湖南-博学东楼-208","XF":2,"SKXQ":1,"XNXQDM":"2024-2025-2","KCM":"宠物鉴赏与驯养(GX)","JASDM":"0202020208","JXLDM":"020202","JXBID":"20242-08108","SKBJ":"公选-08108","TYXMDM":null,"KCH":"10162121156"},{"KKDWDM":"016","XS":32,"BYBZ":"0","JSJC":12,"XXXQDM":"02","KXH":"01","KSJC":11,"XKZRS":139,"SKZC":"11111111","SKJS":"雷志鑫","ISTK":0,"ZCMC":"1-8周","YPSJDD":"1-8周 星期一 第11节-第12节 南湖南-博学东楼-208,1-8周 星期三 第11节-第12节 南湖南-博学东楼-208","XF":2,"SKXQ":3,"XNXQDM":"2024-2025-2","KCM":"宠物鉴赏与驯养(GX)","JASDM":"0202020208","JXLDM":"020202","JXBID":"20242-08108","SKBJ":"公选-08108","TYXMDM":null,"KCH":"10162121156"},{"KKDWDM":"008","XS":16,"BYBZ":"0","JSJC":2,"XXXQDM":"02","KXH":"01","KSJC":1,"XKZRS":130,"SKZC":"11111111","SKJS":"刘诏书","ISTK":0,"ZCMC":"1-8周","YPSJDD":"1-8周 星期一 第1节-第2节 南湖南-博学东楼-208","XF":1,"SKXQ":1,"XNXQDM":"2024-2025-2","KCM":"企业管理概论B","JASDM":"0202020208","JXLDM":"020202","JXBID":"20242-04957","SKBJ":"机械2201-05,机械zy2301","TYXMDM":null,"KCH":"10084114009"},{"KKDWDM":"017","XS":24,"BYBZ":"0","JSJC":5,"XXXQDM":"02","KXH":"04","KSJC":3,"XKZRS":81,"SKZC":"11111111","SKJS":"王斌","ISTK":0,"ZCMC":"1-8周","YPSJDD":"1-8周 星期四 第3节-第5节 南湖南-博学东楼-208","XF":1,"SKXQ":4,"XNXQDM":"2024-2025-2","KCM":"大数据与人工智能管理概论","JASDM":"0202020208","JXLDM":"020202","JXBID":"20242-11017","SKBJ":"工商类2401-03","TYXMDM":null,"KCH":"10173124165"},{"KKDWDM":"017","XS":24,"BYBZ":"0","JSJC":8,"XXXQDM":"02","KXH":"10","KSJC":6,"XKZRS":88,"SKZC":"11111111","SKJS":"王斌","ISTK":0,"ZCMC":"1-8周","YPSJDD":"1-8周 星期二 第6节-第8节 南湖南-博学东楼-208","XF":1,"SKXQ":2,"XNXQDM":"2024-2025-2","KCM":"大数据与人工智能管理概论","JASDM":"0202020208","JXLDM":"020202","JXBID":"20242-11023","SKBJ":"工商类2407-09","TYXMDM":null,"KCH":"10173124165"},{"KKDWDM":"038","XS":32,"BYBZ":"0","JSJC":7,"XXXQDM":"02","KXH":"41","KSJC":6,"XKZRS":119,"SKZC":"111110000000000000000000000000","SKJS":"陈梦霖","ISTK":0,"ZCMC":"1-5周","YPSJDD":"9周 星期日 第6节-第7节 南湖南-博学东楼-208,1-5周 星期五 第6节-第7节 南湖南-博学东楼-208,7-9周 星期五 第6节-第7节 南湖南-博学东楼-208,11-13周 星期五 第6节-第7节 南湖南-博学东楼-208","XF":2,"SKXQ":5,"XNXQDM":"2024-2025-2","KCM":"心理健康教育","JASDM":"0202020208","JXLDM":"020202","JXBID":"20242-12256","SKBJ":"电信类2413-16","TYXMDM":null,"KCH":"10388117003"},{"KKDWDM":"071","XS":48,"BYBZ":"0","JSJC":5,"XXXQDM":"02","KXH":"13","KSJC":3,"XKZRS":139,"SKZC":"111110000000000000000000000000","SKJS":"陈盛双","ISTK":0,"ZCMC":"1-5周","YPSJDD":"11-16周 星期五 第3节-第5节 南湖南-博学东楼-208,7-9周 星期五 第3节-第5节 南湖南-博学东楼-208,17周 星期三 第3节-第5节 南湖南-博学东楼-208,1-5周 星期五 第3节-第5节 南湖南-博学东楼-208,9周 星期日 第3节-第5节 南湖南-博学东楼-208","XF":3,"SKXQ":5,"XNXQDM":"2024-2025-2","KCM":"概率论与数理统计B","JASDM":"0202020208","JXLDM":"020202","JXBID":"20242-05208","SKBJ":"土木zy2304-05,岩土jd2301","TYXMDM":null,"KCH":"10155111054"},{"KKDWDM":"038","XS":32,"BYBZ":"0","JSJC":7,"XXXQDM":"02","KXH":"05","KSJC":6,"XKZRS":140,"SKZC":"111101111100000000000000000000","SKJS":"卫泽","ISTK":0,"ZCMC":"1-4周,6-10周","YPSJDD":"16-17周 星期一 第6节-第7节 南湖南-博学东楼-208,13周 星期五 第11节-第12节 南湖南-博学东楼-208,12-14周 星期一 第6节-第7节 南湖南-博学东楼-208,1-4周,6-10周 星期一 第6节-第7节 南湖南-博学东楼-208,17周 星期二 第6节-第7节 南湖南-博学东楼-208","XF":2,"SKXQ":1,"XNXQDM":"2024-2025-2","KCM":"军事理论","JASDM":"0202020208","JXLDM":"020202","JXBID":"20242-12132","SKBJ":"计算机类2401-04","TYXMDM":null,"KCH":"10381121001"},{"KKDWDM":"071","XS":48,"BYBZ":"0","JSJC":5,"XXXQDM":"02","KXH":"13","KSJC":3,"XKZRS":139,"SKZC":"000000111000000000000000000000","SKJS":"陈盛双","ISTK":0,"ZCMC":"7-9周","YPSJDD":"11-16周 星期五 第3节-第5节 南湖南-博学东楼-208,7-9周 星期五 第3节-第5节 南湖南-博学东楼-208,17周 星期三 第3节-第5节 南湖南-博学东楼-208,1-5周 星期五 第3节-第5节 南湖南-博学东楼-208,9周 星期日 第3节-第5节 南湖南-博学东楼-208","XF":3,"SKXQ":5,"XNXQDM":"2024-2025-2","KCM":"概率论与数理统计B","JASDM":"0202020208","JXLDM":"020202","JXBID":"20242-05208","SKBJ":"土木zy2304-05,岩土jd2301","TYXMDM":null,"KCH":"10155111054"},{"KKDWDM":"038","XS":32,"BYBZ":"0","JSJC":7,"XXXQDM":"02","KXH":"41","KSJC":6,"XKZRS":119,"SKZC":"000000111000000000000000000000","SKJS":"陈梦霖","ISTK":0,"ZCMC":"7-9周","YPSJDD":"9周 星期日 第6节-第7节 南湖南-博学东楼-208,1-5周 星期五 第6节-第7节 南湖南-博学东楼-208,7-9周 星期五 第6节-第7节 南湖南-博学东楼-208,11-13周 星期五 第6节-第7节 南湖南-博学东楼-208","XF":2,"SKXQ":5,"XNXQDM":"2024-2025-2","KCM":"心理健康教育","JASDM":"0202020208","JXLDM":"020202","JXBID":"20242-12256","SKBJ":"电信类2413-16","TYXMDM":null,"KCH":"10388117003"},{"KKDWDM":"021","XS":8,"BYBZ":"0","JSJC":7,"XXXQDM":"02","KXH":"565","KSJC":6,"XKZRS":139,"SKZC":"000000011011000000000000","SKJS":"尹诗琪","ISTK":0,"ZCMC":"8-9周,11-12周","YPSJDD":"8-9周,11-12周 星期四 第6节-第7节 南湖南-博学东楼-208","XF":0,"SKXQ":4,"XNXQDM":"2024-2025-2","KCM":"形势与政策","JASDM":"0202020208","JXLDM":"020202","JXBID":"20242-14156","SKBJ":null,"TYXMDM":null,"KCH":"10218121092"},{"KKDWDM":"021","XS":8,"BYBZ":"0","JSJC":10,"XXXQDM":"02","KXH":"588","KSJC":9,"XKZRS":138,"SKZC":"000000011011000000000000","SKJS":"陈倩文","ISTK":0,"ZCMC":"8-9周,11-12周","YPSJDD":"8-9周,11-12周 星期四 第9节-第10节 南湖南-博学东楼-208","XF":0,"SKXQ":4,"XNXQDM":"2024-2025-2","KCM":"形势与政策","JASDM":"0202020208","JXLDM":"020202","JXBID":"20242-14179","SKBJ":null,"TYXMDM":null,"KCH":"10218121092"},{"KKDWDM":"009","XS":32,"BYBZ":"0","JSJC":8,"XXXQDM":"02","KXH":"12","KSJC":6,"XKZRS":123,"SKZC":"0000000011111111","SKJS":"宣伟","ISTK":0,"ZCMC":"9-16周","YPSJDD":"9-16周 星期二 第6节-第8节 南湖南-博学东楼-208","XF":2,"SKXQ":2,"XNXQDM":"2024-2025-2","KCM":"工程测量C","JASDM":"0202020208","JXLDM":"020202","JXBID":"20242-09976","SKBJ":"土木类2401-04","TYXMDM":null,"KCH":"10164224003"},{"KKDWDM":"017","XS":32,"BYBZ":"0","JSJC":2,"XXXQDM":"02","KXH":"03","KSJC":1,"XKZRS":41,"SKZC":"000000001100000000000000000000","SKJS":"韩笑","ISTK":0,"ZCMC":"9-10周","YPSJDD":"9-10周 星期一 第1节-第2节 南湖南-博学东楼-208,9周 星期四 第3节-第4节 南湖南-博学东楼-208,11-17周 星期四 第3节-第4节 南湖南-博学东楼-208,16-17周 星期一 第1节-第2节 南湖南-博学东楼-208,12-14周 星期一 第1节-第2节 南湖南-博学东楼-208,17周 星期二 第1节-第2节 南湖南-博学东楼-208","XF":2,"SKXQ":1,"XNXQDM":"2024-2025-2","KCM":"企业创新管理","JASDM":"0202020208","JXLDM":"020202","JXBID":"20242-02179","SKBJ":"工商2201-02,工商gj2201,工商t2201","TYXMDM":null,"KCH":"10175121098"},{"KKDWDM":"038","XS":32,"BYBZ":"0","JSJC":7,"XXXQDM":"02","KXH":"41","KSJC":6,"XKZRS":119,"SKZC":"000000001000000000000000000000","SKJS":"陈梦霖","ISTK":0,"ZCMC":"9周","YPSJDD":"9周 星期日 第6节-第7节 南湖南-博学东楼-208,1-5周 星期五 第6节-第7节 南湖南-博学东楼-208,7-9周 星期五 第6节-第7节 南湖南-博学东楼-208,11-13周 星期五 第6节-第7节 南湖南-博学东楼-208","XF":2,"SKXQ":7,"XNXQDM":"2024-2025-2","KCM":"心理健康教育","JASDM":"0202020208","JXLDM":"020202","JXBID":"20242-12256","SKBJ":"电信类2413-16","TYXMDM":null,"KCH":"10388117003"},{"KKDWDM":"071","XS":48,"BYBZ":"0","JSJC":5,"XXXQDM":"02","KXH":"13","KSJC":3,"XKZRS":139,"SKZC":"000000001000000000000000000000","SKJS":"陈盛双","ISTK":0,"ZCMC":"9周","YPSJDD":"11-16周 星期五 第3节-第5节 南湖南-博学东楼-208,7-9周 星期五 第3节-第5节 南湖南-博学东楼-208,17周 星期三 第3节-第5节 南湖南-博学东楼-208,1-5周 星期五 第3节-第5节 南湖南-博学东楼-208,9周 星期日 第3节-第5节 南湖南-博学东楼-208","XF":3,"SKXQ":7,"XNXQDM":"2024-2025-2","KCM":"概率论与数理统计B","JASDM":"0202020208","JXLDM":"020202","JXBID":"20242-05208","SKBJ":"土木zy2304-05,岩土jd2301","TYXMDM":null,"KCH":"10155111054"},{"KKDWDM":"017","XS":32,"BYBZ":"0","JSJC":4,"XXXQDM":"02","KXH":"03","KSJC":3,"XKZRS":41,"SKZC":"000000001000000000000000000000","SKJS":"韩笑","ISTK":0,"ZCMC":"9周","YPSJDD":"9-10周 星期一 第1节-第2节 南湖南-博学东楼-208,9周 星期四 第3节-第4节 南湖南-博学东楼-208,11-17周 星期四 第3节-第4节 南湖南-博学东楼-208,16-17周 星期一 第1节-第2节 南湖南-博学东楼-208,12-14周 星期一 第1节-第2节 南湖南-博学东楼-208,17周 星期二 第1节-第2节 南湖南-博学东楼-208","XF":2,"SKXQ":4,"XNXQDM":"2024-2025-2","KCM":"企业创新管理","JASDM":"0202020208","JXLDM":"020202","JXBID":"20242-02179","SKBJ":"工商2201-02,工商gj2201,工商t2201","TYXMDM":null,"KCH":"10175121098"},{"KKDWDM":"017","XS":32,"BYBZ":"0","JSJC":4,"XXXQDM":"02","KXH":"03","KSJC":3,"XKZRS":41,"SKZC":"000000000011111110000000000000","SKJS":"韩笑","ISTK":0,"ZCMC":"11-17周","YPSJDD":"9-10周 星期一 第1节-第2节 南湖南-博学东楼-208,9周 星期四 第3节-第4节 南湖南-博学东楼-208,11-17周 星期四 第3节-第4节 南湖南-博学东楼-208,16-17周 星期一 第1节-第2节 南湖南-博学东楼-208,12-14周 星期一 第1节-第2节 南湖南-博学东楼-208,17周 星期二 第1节-第2节 南湖南-博学东楼-208","XF":2,"SKXQ":4,"XNXQDM":"2024-2025-2","KCM":"企业创新管理","JASDM":"0202020208","JXLDM":"020202","JXBID":"20242-02179","SKBJ":"工商2201-02,工商gj2201,工商t2201","TYXMDM":null,"KCH":"10175121098"},{"KKDWDM":"071","XS":48,"BYBZ":"0","JSJC":5,"XXXQDM":"02","KXH":"13","KSJC":3,"XKZRS":139,"SKZC":"000000000011111100000000000000","SKJS":"陈盛双","ISTK":0,"ZCMC":"11-16周","YPSJDD":"11-16周 星期五 第3节-第5节 南湖南-博学东楼-208,7-9周 星期五 第3节-第5节 南湖南-博学东楼-208,17周 星期三 第3节-第5节 南湖南-博学东楼-208,1-5周 星期五 第3节-第5节 南湖南-博学东楼-208,9周 星期日 第3节-第5节 南湖南-博学东楼-208","XF":3,"SKXQ":5,"XNXQDM":"2024-2025-2","KCM":"概率论与数理统计B","JASDM":"0202020208","JXLDM":"020202","JXBID":"20242-05208","SKBJ":"土木zy2304-05,岩土jd2301","TYXMDM":null,"KCH":"10155111054"},{"KKDWDM":"012","XS":56,"BYBZ":"0","JSJC":2,"XXXQDM":"02","KXH":"04","KSJC":1,"XKZRS":139,"SKZC":"000000000011111000000000000000","SKJS":"巩晶","ISTK":0,"ZCMC":"11-15周","YPSJDD":"1-14周 星期二 第3节-第4节 南湖南-博学东楼-208,1-9周 星期四 第1节-第2节 南湖南-博学东楼-208,11-15周 星期四 第1节-第2节 南湖南-博学东楼-208","XF":3,"SKXQ":4,"XNXQDM":"2024-2025-2","KCM":"离散结构","JASDM":"0202020208","JXLDM":"020202","JXBID":"20242-10443","SKBJ":"计算机类2401-03,软件sy2401","TYXMDM":null,"KCH":"10124117071"},{"KKDWDM":"038","XS":32,"BYBZ":"0","JSJC":7,"XXXQDM":"02","KXH":"41","KSJC":6,"XKZRS":119,"SKZC":"000000000011100000000000000000","SKJS":"陈梦霖","ISTK":0,"ZCMC":"11-13周","YPSJDD":"9周 星期日 第6节-第7节 南湖南-博学东楼-208,1-5周 星期五 第6节-第7节 南湖南-博学东楼-208,7-9周 星期五 第6节-第7节 南湖南-博学东楼-208,11-13周 星期五 第6节-第7节 南湖南-博学东楼-208","XF":2,"SKXQ":5,"XNXQDM":"2024-2025-2","KCM":"心理健康教育","JASDM":"0202020208","JXLDM":"020202","JXBID":"20242-12256","SKBJ":"电信类2413-16","TYXMDM":null,"KCH":"10388117003"},{"KKDWDM":"038","XS":32,"BYBZ":"0","JSJC":7,"XXXQDM":"02","KXH":"05","KSJC":6,"XKZRS":140,"SKZC":"000000000001110000000000000000","SKJS":"卫泽","ISTK":0,"ZCMC":"12-14周","YPSJDD":"16-17周 星期一 第6节-第7节 南湖南-博学东楼-208,13周 星期五 第11节-第12节 南湖南-博学东楼-208,12-14周 星期一 第6节-第7节 南湖南-博学东楼-208,1-4周,6-10周 星期一 第6节-第7节 南湖南-博学东楼-208,17周 星期二 第6节-第7节 南湖南-博学东楼-208","XF":2,"SKXQ":1,"XNXQDM":"2024-2025-2","KCM":"军事理论","JASDM":"0202020208","JXLDM":"020202","JXBID":"20242-12132","SKBJ":"计算机类2401-04","TYXMDM":null,"KCH":"10381121001"},{"KKDWDM":"017","XS":32,"BYBZ":"0","JSJC":2,"XXXQDM":"02","KXH":"03","KSJC":1,"XKZRS":41,"SKZC":"000000000001110000000000000000","SKJS":"韩笑","ISTK":0,"ZCMC":"12-14周","YPSJDD":"9-10周 星期一 第1节-第2节 南湖南-博学东楼-208,9周 星期四 第3节-第4节 南湖南-博学东楼-208,11-17周 星期四 第3节-第4节 南湖南-博学东楼-208,16-17周 星期一 第1节-第2节 南湖南-博学东楼-208,12-14周 星期一 第1节-第2节 南湖南-博学东楼-208,17周 星期二 第1节-第2节 南湖南-博学东楼-208","XF":2,"SKXQ":1,"XNXQDM":"2024-2025-2","KCM":"企业创新管理","JASDM":"0202020208","JXLDM":"020202","JXBID":"20242-02179","SKBJ":"工商2201-02,工商gj2201,工商t2201","TYXMDM":null,"KCH":"10175121098"},{"KKDWDM":"021","XS":48,"BYBZ":"0","JSJC":5,"XXXQDM":"02","KXH":"28","KSJC":3,"XKZRS":109,"SKZC":"000000000001110000000000000000","SKJS":"何欢欢","ISTK":0,"ZCMC":"12-14周","YPSJDD":"16周 星期一 第3节-第5节 南湖南-博学东楼-208,12-14周 星期一 第3节-第5节 南湖南-博学东楼-208,1-10周 星期一 第3节-第5节 南湖南-博学东楼-208","XF":3,"SKXQ":1,"XNXQDM":"2024-2025-2","KCM":"思想道德与法治","JASDM":"0202020208","JXLDM":"020202","JXBID":"20242-11818","SKBJ":"环科类2401-03","TYXMDM":null,"KCH":"10211124001"},{"KKDWDM":"021","XS":8,"BYBZ":"0","JSJC":10,"XXXQDM":"02","KXH":"633","KSJC":9,"XKZRS":138,"SKZC":"0000000000001111","SKJS":"杜奥迪","ISTK":0,"ZCMC":"13-16周","YPSJDD":"13-16周 星期四 第9节-第10节 南湖南-博学东楼-208","XF":0,"SKXQ":4,"XNXQDM":"2024-2025-2","KCM":"形势与政策","JASDM":"0202020208","JXLDM":"020202","JXBID":"20242-14224","SKBJ":null,"TYXMDM":null,"KCH":"10218121092"},{"KKDWDM":"021","XS":8,"BYBZ":"0","JSJC":7,"XXXQDM":"02","KXH":"610","KSJC":6,"XKZRS":135,"SKZC":"0000000000001111","SKJS":"王红红","ISTK":0,"ZCMC":"13-16周","YPSJDD":"13-16周 星期四 第6节-第7节 南湖南-博学东楼-208","XF":0,"SKXQ":4,"XNXQDM":"2024-2025-2","KCM":"形势与政策","JASDM":"0202020208","JXLDM":"020202","JXBID":"20242-14201","SKBJ":null,"TYXMDM":null,"KCH":"10218121092"},{"KKDWDM":"038","XS":32,"BYBZ":"0","JSJC":12,"XXXQDM":"02","KXH":"05","KSJC":11,"XKZRS":140,"SKZC":"000000000000100000000000000000","SKJS":"卫泽","ISTK":0,"ZCMC":"13周","YPSJDD":"16-17周 星期一 第6节-第7节 南湖南-博学东楼-208,13周 星期五 第11节-第12节 南湖南-博学东楼-208,12-14周 星期一 第6节-第7节 南湖南-博学东楼-208,1-4周,6-10周 星期一 第6节-第7节 南湖南-博学东楼-208,17周 星期二 第6节-第7节 南湖南-博学东楼-208","XF":2,"SKXQ":5,"XNXQDM":"2024-2025-2","KCM":"军事理论","JASDM":"0202020208","JXLDM":"020202","JXBID":"20242-12132","SKBJ":"计算机类2401-04","TYXMDM":null,"KCH":"10381121001"},{"KKDWDM":"038","XS":32,"BYBZ":"0","JSJC":7,"XXXQDM":"02","KXH":"05","KSJC":6,"XKZRS":140,"SKZC":"000000000000000110000000000000","SKJS":"卫泽","ISTK":0,"ZCMC":"16-17周","YPSJDD":"16-17周 星期一 第6节-第7节 南湖南-博学东楼-208,13周 星期五 第11节-第12节 南湖南-博学东楼-208,12-14周 星期一 第6节-第7节 南湖南-博学东楼-208,1-4周,6-10周 星期一 第6节-第7节 南湖南-博学东楼-208,17周 星期二 第6节-第7节 南湖南-博学东楼-208","XF":2,"SKXQ":1,"XNXQDM":"2024-2025-2","KCM":"军事理论","JASDM":"0202020208","JXLDM":"020202","JXBID":"20242-12132","SKBJ":"计算机类2401-04","TYXMDM":null,"KCH":"10381121001"},{"KKDWDM":"017","XS":32,"BYBZ":"0","JSJC":2,"XXXQDM":"02","KXH":"03","KSJC":1,"XKZRS":41,"SKZC":"000000000000000110000000000000","SKJS":"韩笑","ISTK":0,"ZCMC":"16-17周","YPSJDD":"9-10周 星期一 第1节-第2节 南湖南-博学东楼-208,9周 星期四 第3节-第4节 南湖南-博学东楼-208,11-17周 星期四 第3节-第4节 南湖南-博学东楼-208,16-17周 星期一 第1节-第2节 南湖南-博学东楼-208,12-14周 星期一 第1节-第2节 南湖南-博学东楼-208,17周 星期二 第1节-第2节 南湖南-博学东楼-208","XF":2,"SKXQ":1,"XNXQDM":"2024-2025-2","KCM":"企业创新管理","JASDM":"0202020208","JXLDM":"020202","JXBID":"20242-02179","SKBJ":"工商2201-02,工商gj2201,工商t2201","TYXMDM":null,"KCH":"10175121098"},{"KKDWDM":"021","XS":48,"BYBZ":"0","JSJC":5,"XXXQDM":"02","KXH":"28","KSJC":3,"XKZRS":109,"SKZC":"000000000000000100000000000000","SKJS":"何欢欢","ISTK":0,"ZCMC":"16周","YPSJDD":"16周 星期一 第3节-第5节 南湖南-博学东楼-208,12-14周 星期一 第3节-第5节 南湖南-博学东楼-208,1-10周 星期一 第3节-第5节 南湖南-博学东楼-208","XF":3,"SKXQ":1,"XNXQDM":"2024-2025-2","KCM":"思想道德与法治","JASDM":"0202020208","JXLDM":"020202","JXBID":"20242-11818","SKBJ":"环科类2401-03","TYXMDM":null,"KCH":"10211124001"},{"KKDWDM":"038","XS":32,"BYBZ":"0","JSJC":7,"XXXQDM":"02","KXH":"05","KSJC":6,"XKZRS":140,"SKZC":"000000000000000010000000000000","SKJS":"卫泽","ISTK":0,"ZCMC":"17周","YPSJDD":"16-17周 星期一 第6节-第7节 南湖南-博学东楼-208,13周 星期五 第11节-第12节 南湖南-博学东楼-208,12-14周 星期一 第6节-第7节 南湖南-博学东楼-208,1-4周,6-10周 星期一 第6节-第7节 南湖南-博学东楼-208,17周 星期二 第6节-第7节 南湖南-博学东楼-208","XF":2,"SKXQ":2,"XNXQDM":"2024-2025-2","KCM":"军事理论","JASDM":"0202020208","JXLDM":"020202","JXBID":"20242-12132","SKBJ":"计算机类2401-04","TYXMDM":null,"KCH":"10381121001"},{"KKDWDM":"071","XS":48,"BYBZ":"0","JSJC":5,"XXXQDM":"02","KXH":"13","KSJC":3,"XKZRS":139,"SKZC":"000000000000000010000000000000","SKJS":"陈盛双","ISTK":0,"ZCMC":"17周","YPSJDD":"11-16周 星期五 第3节-第5节 南湖南-博学东楼-208,7-9周 星期五 第3节-第5节 南湖南-博学东楼-208,17周 星期三 第3节-第5节 南湖南-博学东楼-208,1-5周 星期五 第3节-第5节 南湖南-博学东楼-208,9周 星期日 第3节-第5节 南湖南-博学东楼-208","XF":3,"SKXQ":3,"XNXQDM":"2024-2025-2","KCM":"概率论与数理统计B","JASDM":"0202020208","JXLDM":"020202","JXBID":"20242-05208","SKBJ":"土木zy2304-05,岩土jd2301","TYXMDM":null,"KCH":"10155111054"},{"KKDWDM":"017","XS":32,"BYBZ":"0","JSJC":2,"XXXQDM":"02","KXH":"03","KSJC":1,"XKZRS":41,"SKZC":"000000000000000010000000000000","SKJS":"韩笑","ISTK":0,"ZCMC":"17周","YPSJDD":"9-10周 星期一 第1节-第2节 南湖南-博学东楼-208,9周 星期四 第3节-第4节 南湖南-博学东楼-208,11-17周 星期四 第3节-第4节 南湖南-博学东楼-208,16-17周 星期一 第1节-第2节 南湖南-博学东楼-208,12-14周 星期一 第1节-第2节 南湖南-博学东楼-208,17周 星期二 第1节-第2节 南湖南-博学东楼-208","XF":2,"SKXQ":2,"XNXQDM":"2024-2025-2","KCM":"企业创新管理","JASDM":"0202020208","JXLDM":"020202","JXBID":"20242-02179","SKBJ":"工商2201-02,工商gj2201,工商t2201","TYXMDM":null,"KCH":"10175121098"}]}},"code":"0"}