{"datas":{"jaskcb":{"extParams":{"code":1,"msg":"查询成功"},"pageSize":0,"pageNumber":0,"totalSize":-1,"rows":[{"KKDWDM":"072","XS":80,"BYBZ":"0","JSJC":2,"XXXQDM":"02","KXH":"01","KSJC":1,"XKZRS":140,"SKZC":"111111111111111100000000000000","SKJS":"王嘉赋","ISTK":0,"ZCMC":"1-16周","YPSJDD":"1-5周 星期五 第3节-第5节 南湖南-博学主楼-110,9周 星期日 第3节-第5节 南湖南-博学主楼-110,11-16周 星期五 第3节-第5节 南湖南-博学主楼-110,7-9周 星期五 第3节-第5节 南湖南-博学主楼-110,1-16周 星期二 第1节-第2节 南湖南-博学主楼-110,17周 星期三 第3节-第5节 南湖南-博学主楼-110","XF":5,"SKXQ":2,"XNXQDM":"2024-2025-2","KCM":"大学物理B","JASDM":"0202040110","JXLDM":"020204","JXBID":"20242-06289","SKBJ":"机电类2413-16","TYXMDM":null,"KCH":"10153113042"},{"KKDWDM":"071","XS":88,"BYBZ":"0","JSJC":4,"XXXQDM":"02","KXH":"24","KSJC":3,"XKZRS":99,"SKZC":"111111111111111000000000000000","SKJS":"黄建华","ISTK":0,"ZCMC":"1-15周","YPSJDD":"1-10周 星期一 第1节-第2节 南湖南-博学主楼-110,1-15周 星期二 第3节-第4节 南湖南-博学主楼-110,12-14周 星期一 第1节-第2节 南湖南-博学主楼-110,16-17周 星期一 第1节-第2节 南湖南-博学主楼-110,11-15周 星期四 第1节-第2节 南湖南-博学主楼-110,1-9周 星期四 第1节-第2节 南湖南-博学主楼-110","XF":5,"SKXQ":2,"XNXQDM":"2024-2025-2","KCM":"高等数学A下","JASDM":"0202040110","JXLDM":"020204","JXBID":"20242-06403","SKBJ":"地信2401-03","TYXMDM":null,"KCH":"10153121060"},{"KKDWDM":"071","XS":88,"BYBZ":"0","JSJC":2,"XXXQDM":"02","KXH":"59","KSJC":1,"XKZRS":105,"SKZC":"111111111111111000000000000000","SKJS":"刘道海","ISTK":0,"ZCMC":"1-15周","YPSJDD":"12-14周 星期一 第3节-第4节 南湖南-博学主楼-110,11-15周 星期四 第3节-第4节 南湖南-博学主楼-110,1-10周 星期一 第3节-第4节 南湖南-博学主楼-110,1-15周 星期三 第1节-第2节 南湖南-博学主楼-110,16-17周 星期一 第3节-第4节 南湖南-博学主楼-110,1-9周 星期四 第3节-第4节 南湖南-博学主楼-110","XF":5,"SKXQ":3,"XNXQDM":"2024-2025-2","KCM":"高等数学A下","JASDM":"0202040110","JXLDM":"020204","JXBID":"20242-11127","SKBJ":"管科类2404-06","TYXMDM":null,"KCH":"10153121060"},{"KKDWDM":"018","XS":40,"BYBZ":"0","JSJC":8,"XXXQDM":"02","KXH":"01","KSJC":6,"XKZRS":15,"SKZC":"111111111111000000000000","SKJS":"吕晓蔚","ISTK":0,"ZCMC":"1-12周","YPSJDD":"13-14周 星期二 第6节-第7节 南湖南-博学主楼-110,1-12周 星期二 第6节-第8节 南湖南-博学主楼-110","XF":2,"SKXQ":2,"XNXQDM":"2024-2025-2","KCM":"证券投资规划","JASDM":"0202040110","JXLDM":"020204","JXBID":"20242-02156","SKBJ":"金融gj2201-03","TYXMDM":null,"KCH":"10185121006"},{"KKDWDM":"071","XS":40,"BYBZ":"0","JSJC":5,"XXXQDM":"02","KXH":"30","KSJC":3,"XKZRS":133,"SKZC":"111111111111000000000000","SKJS":"周俊","ISTK":0,"ZCMC":"1-12周","YPSJDD":"13-14周 星期三 第3节-第4节 南湖南-博学主楼-110,1-12周 星期三 第3节-第5节 南湖南-博学主楼-110","XF":2,"SKXQ":3,"XNXQDM":"2024-2025-2","KCM":"线性代数","JASDM":"0202040110","JXLDM":"020204","JXBID":"20242-11747","SKBJ":"车辆类2405-08","TYXMDM":null,"KCH":"10153111001"},{"KKDWDM":"038","XS":32,"BYBZ":"0","JSJC":10,"XXXQDM":"02","KXH":"10","KSJC":9,"XKZRS":140,"SKZC":"11111111111100000000","SKJS":"陈安荠","ISTK":0,"ZCMC":"1-12周","YPSJDD":"1-12周 星期二 第9节-第10节 南湖南-博学主楼-110","XF":2,"SKXQ":2,"XNXQDM":"2024-2025-2","KCM":"心理健康教育","JASDM":"0202040110","JXLDM":"020204","JXBID":"20242-06203","SKBJ":"化生类2409-11,应化jd2401","TYXMDM":null,"KCH":"10388117003"},{"KKDWDM":"021","XS":42,"BYBZ":"0","JSJC":8,"XXXQDM":"02","KXH":"04","KSJC":6,"XKZRS":117,"SKZC":"111111111100000000000000000000","SKJS":"陈亚立","ISTK":0,"ZCMC":"1-10周","YPSJDD":"16周 星期一 第6节-第8节 南湖南-博学主楼-110,12-14周 星期一 第6节-第8节 南湖南-博学主楼-110,1-10周 星期一 第6节-第8节 南湖南-博学主楼-110","XF":2,"SKXQ":1,"XNXQDM":"2024-2025-2","KCM":"马克思主义基本原理","JASDM":"0202040110","JXLDM":"020204","JXBID":"20242-12170","SKBJ":"计算机zy2301-02,金融sy2301","TYXMDM":null,"KCH":"10211117035"},{"KKDWDM":"071","XS":88,"BYBZ":"0","JSJC":4,"XXXQDM":"02","KXH":"59","KSJC":3,"XKZRS":105,"SKZC":"111111111100000000000000000000","SKJS":"刘道海","ISTK":0,"ZCMC":"1-10周","YPSJDD":"12-14周 星期一 第3节-第4节 南湖南-博学主楼-110,11-15周 星期四 第3节-第4节 南湖南-博学主楼-110,1-10周 星期一 第3节-第4节 南湖南-博学主楼-110,1-15周 星期三 第1节-第2节 南湖南-博学主楼-110,16-17周 星期一 第3节-第4节 南湖南-博学主楼-110,1-9周 星期四 第3节-第4节 南湖南-博学主楼-110","XF":5,"SKXQ":1,"XNXQDM":"2024-2025-2","KCM":"高等数学A下","JASDM":"0202040110","JXLDM":"020204","JXBID":"20242-11127","SKBJ":"管科类2404-06","TYXMDM":null,"KCH":"10153121060"},{"KKDWDM":"071","XS":88,"BYBZ":"0","JSJC":2,"XXXQDM":"02","KXH":"24","KSJC":1,"XKZRS":99,"SKZC":"111111111100000000000000000000","SKJS":"黄建华","ISTK":0,"ZCMC":"1-10周","YPSJDD":"1-10周 星期一 第1节-第2节 南湖南-博学主楼-110,1-15周 星期二 第3节-第4节 南湖南-博学主楼-110,12-14周 星期一 第1节-第2节 南湖南-博学主楼-110,16-17周 星期一 第1节-第2节 南湖南-博学主楼-110,11-15周 星期四 第1节-第2节 南湖南-博学主楼-110,1-9周 星期四 第1节-第2节 南湖南-博学主楼-110","XF":5,"SKXQ":1,"XNXQDM":"2024-2025-2","KCM":"高等数学A下","JASDM":"0202040110","JXLDM":"020204","JXBID":"20242-06403","SKBJ":"地信2401-03","TYXMDM":null,"KCH":"10153121060"},{"KKDWDM":"071","XS":48,"BYBZ":"0","JSJC":8,"XXXQDM":"02","KXH":"01","KSJC":6,"XKZRS":59,"SKZC":"111111111100000000000000","SKJS":"谢良","ISTK":0,"ZCMC":"1-10周","YPSJDD":"11周 星期三 第6节-第7节 南湖南-博学主楼-110,1-10周 星期三 第6节-第8节 南湖南-博学主楼-110","XF":3,"SKXQ":3,"XNXQDM":"2024-2025-2","KCM":"机器学习","JASDM":"0202040110","JXLDM":"020204","JXBID":"20242-02140","SKBJ":"信计2201-02,数学jd2201","TYXMDM":null,"KCH":"10155121029"},{"KKDWDM":"017","XS":32,"BYBZ":"0","JSJC":13,"XXXQDM":"02","KXH":"01","KSJC":11,"XKZRS":96,"SKZC":"111111111100000000000000","SKJS":"兰飞","ISTK":0,"ZCMC":"1-10周","YPSJDD":"11周 星期二 第11节-第12节 南湖南-博学主楼-110,1-10周 星期二 第11节-第13节 南湖南-博学主楼-110","XF":2,"SKXQ":2,"XNXQDM":"2024-2025-2","KCM":"资产评估学B","JASDM":"0202040110","JXLDM":"020204","JXBID":"20242-08262","SKBJ":"公选-08262","TYXMDM":null,"KCH":"10176121327"},{"KKDWDM":"071","XS":88,"BYBZ":"0","JSJC":2,"XXXQDM":"02","KXH":"24","KSJC":1,"XKZRS":99,"SKZC":"111111111000000000000000000000","SKJS":"黄建华","ISTK":0,"ZCMC":"1-9周","YPSJDD":"1-10周 星期一 第1节-第2节 南湖南-博学主楼-110,1-15周 星期二 第3节-第4节 南湖南-博学主楼-110,12-14周 星期一 第1节-第2节 南湖南-博学主楼-110,16-17周 星期一 第1节-第2节 南湖南-博学主楼-110,11-15周 星期四 第1节-第2节 南湖南-博学主楼-110,1-9周 星期四 第1节-第2节 南湖南-博学主楼-110","XF":5,"SKXQ":4,"XNXQDM":"2024-2025-2","KCM":"高等数学A下","JASDM":"0202040110","JXLDM":"020204","JXBID":"20242-06403","SKBJ":"地信2401-03","TYXMDM":null,"KCH":"10153121060"},{"KKDWDM":"071","XS":88,"BYBZ":"0","JSJC":4,"XXXQDM":"02","KXH":"59","KSJC":3,"XKZRS":105,"SKZC":"111111111000000000000000000000","SKJS":"刘道海","ISTK":0,"ZCMC":"1-9周","YPSJDD":"12-14周 星期一 第3节-第4节 南湖南-博学主楼-110,11-15周 星期四 第3节-第4节 南湖南-博学主楼-110,1-10周 星期一 第3节-第4节 南湖南-博学主楼-110,1-15周 星期三 第1节-第2节 南湖南-博学主楼-110,16-17周 星期一 第3节-第4节 南湖南-博学主楼-110,1-9周 星期四 第3节-第4节 南湖南-博学主楼-110","XF":5,"SKXQ":4,"XNXQDM":"2024-2025-2","KCM":"高等数学A下","JASDM":"0202040110","JXLDM":"020204","JXBID":"20242-11127","SKBJ":"管科类2404-06","TYXMDM":null,"KCH":"10153121060"},{"KKDWDM":"016","XS":32,"BYBZ":"0","JSJC":8,"XXXQDM":"02","KXH":"01","KSJC":6,"XKZRS":43,"SKZC":"111110111010000000000000","SKJS":"李媛","ISTK":0,"ZCMC":"1-5周,7-9周,11周","YPSJDD":"12周 星期五 第6节-第7节 南湖南-博学主楼-110,1-5周,7-9周,11周 星期五 第6节-第8节 南湖南-博学主楼-110,9周 星期日 第6节-第8节 南湖南-博学主楼-110","XF":2,"SKXQ":5,"XNXQDM":"2024-2025-2","KCM":"生物材料与组织工程","JASDM":"0202040110","JXLDM":"020204","JXBID":"20242-11510","SKBJ":"生物2201,生物制药2201","TYXMDM":null,"KCH":"10165113001"},{"KKDWDM":"072","XS":80,"BYBZ":"0","JSJC":5,"XXXQDM":"02","KXH":"01","KSJC":3,"XKZRS":140,"SKZC":"111110000000000000000000000000","SKJS":"王嘉赋","ISTK":0,"ZCMC":"1-5周","YPSJDD":"1-5周 星期五 第3节-第5节 南湖南-博学主楼-110,9周 星期日 第3节-第5节 南湖南-博学主楼-110,11-16周 星期五 第3节-第5节 南湖南-博学主楼-110,7-9周 星期五 第3节-第5节 南湖南-博学主楼-110,1-16周 星期二 第1节-第2节 南湖南-博学主楼-110,17周 星期三 第3节-第5节 南湖南-博学主楼-110","XF":5,"SKXQ":5,"XNXQDM":"2024-2025-2","KCM":"大学物理B","JASDM":"0202040110","JXLDM":"020204","JXBID":"20242-06289","SKBJ":"机电类2413-16","TYXMDM":null,"KCH":"10153113042"},{"KKDWDM":"072","XS":32,"BYBZ":"0","JSJC":12,"XXXQDM":"02","KXH":"01","KSJC":11,"XKZRS":104,"SKZC":"110000000000000000000000000000","SKJS":"赖欣","ISTK":0,"ZCMC":"1-2周","YPSJDD":"3-5周 星期三 第11节-第12节 不要教室,1-2周 星期三 第11节-第12节 南湖南-博学主楼-110,13周 星期三 第11节-第12节 南湖南-博学主楼-110","XF":2,"SKXQ":3,"XNXQDM":"2024-2025-2","KCM":"人工智能与深度学习基础(GX)","JASDM":"0202040110","JXLDM":"020204","JXBID":"20242-08980","SKBJ":"公选-08980","TYXMDM":null,"KCH":"10722124003"},{"KKDWDM":"072","XS":80,"BYBZ":"0","JSJC":5,"XXXQDM":"02","KXH":"01","KSJC":3,"XKZRS":140,"SKZC":"000000111000000000000000000000","SKJS":"王嘉赋","ISTK":0,"ZCMC":"7-9周","YPSJDD":"1-5周 星期五 第3节-第5节 南湖南-博学主楼-110,9周 星期日 第3节-第5节 南湖南-博学主楼-110,11-16周 星期五 第3节-第5节 南湖南-博学主楼-110,7-9周 星期五 第3节-第5节 南湖南-博学主楼-110,1-16周 星期二 第1节-第2节 南湖南-博学主楼-110,17周 星期三 第3节-第5节 南湖南-博学主楼-110","XF":5,"SKXQ":5,"XNXQDM":"2024-2025-2","KCM":"大学物理B","JASDM":"0202040110","JXLDM":"020204","JXBID":"20242-06289","SKBJ":"机电类2413-16","TYXMDM":null,"KCH":"10153113042"},{"KKDWDM":"021","XS":8,"BYBZ":"0","JSJC":7,"XXXQDM":"02","KXH":"529","KSJC":6,"XKZRS":134,"SKZC":"0000000110110000000000000","SKJS":"吴冬","ISTK":0,"ZCMC":"8-9周,11-12周","YPSJDD":"8-9周,11-12周 星期四 第6节-第7节 南湖南-博学主楼-110","XF":0,"SKXQ":4,"XNXQDM":"2024-2025-2","KCM":"形势与政策","JASDM":"0202040110","JXLDM":"020204","JXBID":"20242-14120","SKBJ":"外语类2401-02,岩土jd2401,应化jd2401,数学类2409-11,材料类2409-15,环科类2408,电信类2402,计算机类2403,设计学类2405,车辆类2409","TYXMDM":null,"KCH":"10218121092"},{"KKDWDM":"021","XS":8,"BYBZ":"0","JSJC":10,"XXXQDM":"02","KXH":"328","KSJC":9,"XKZRS":137,"SKZC":"0000000110110000000000000","SKJS":"杨成刚","ISTK":0,"ZCMC":"8-9周,11-12周","YPSJDD":"8-9周,11-12周 星期四 第9节-第10节 南湖南-博学主楼-110","XF":0,"SKXQ":4,"XNXQDM":"2024-2025-2","KCM":"形势与政策","JASDM":"0202040110","JXLDM":"020204","JXBID":"20242-13977","SKBJ":"化生类2405,工商类2412,机电类2403-08,机电类2414,材料类2405,法学类2402,电信类2407,经济学类2406,自动化类2405-08,设计学类2402,车辆类2414","TYXMDM":null,"KCH":"10218121092"},{"KKDWDM":"072","XS":80,"BYBZ":"0","JSJC":5,"XXXQDM":"02","KXH":"01","KSJC":3,"XKZRS":140,"SKZC":"000000001000000000000000000000","SKJS":"王嘉赋","ISTK":0,"ZCMC":"9周","YPSJDD":"1-5周 星期五 第3节-第5节 南湖南-博学主楼-110,9周 星期日 第3节-第5节 南湖南-博学主楼-110,11-16周 星期五 第3节-第5节 南湖南-博学主楼-110,7-9周 星期五 第3节-第5节 南湖南-博学主楼-110,1-16周 星期二 第1节-第2节 南湖南-博学主楼-110,17周 星期三 第3节-第5节 南湖南-博学主楼-110","XF":5,"SKXQ":7,"XNXQDM":"2024-2025-2","KCM":"大学物理B","JASDM":"0202040110","JXLDM":"020204","JXBID":"20242-06289","SKBJ":"机电类2413-16","TYXMDM":null,"KCH":"10153113042"},{"KKDWDM":"016","XS":32,"BYBZ":"0","JSJC":8,"XXXQDM":"02","KXH":"01","KSJC":6,"XKZRS":43,"SKZC":"000000001000000000000000","SKJS":"李媛","ISTK":0,"ZCMC":"9周","YPSJDD":"12周 星期五 第6节-第7节 南湖南-博学主楼-110,1-5周,7-9周,11周 星期五 第6节-第8节 南湖南-博学主楼-110,9周 星期日 第6节-第8节 南湖南-博学主楼-110","XF":2,"SKXQ":7,"XNXQDM":"2024-2025-2","KCM":"生物材料与组织工程","JASDM":"0202040110","JXLDM":"020204","JXBID":"20242-11510","SKBJ":"生物2201,生物制药2201","TYXMDM":null,"KCH":"10165113001"},{"KKDWDM":"072","XS":80,"BYBZ":"0","JSJC":5,"XXXQDM":"02","KXH":"01","KSJC":3,"XKZRS":140,"SKZC":"000000000011111100000000000000","SKJS":"王嘉赋","ISTK":0,"ZCMC":"11-16周","YPSJDD":"1-5周 星期五 第3节-第5节 南湖南-博学主楼-110,9周 星期日 第3节-第5节 南湖南-博学主楼-110,11-16周 星期五 第3节-第5节 南湖南-博学主楼-110,7-9周 星期五 第3节-第5节 南湖南-博学主楼-110,1-16周 星期二 第1节-第2节 南湖南-博学主楼-110,17周 星期三 第3节-第5节 南湖南-博学主楼-110","XF":5,"SKXQ":5,"XNXQDM":"2024-2025-2","KCM":"大学物理B","JASDM":"0202040110","JXLDM":"020204","JXBID":"20242-06289","SKBJ":"机电类2413-16","TYXMDM":null,"KCH":"10153113042"},{"KKDWDM":"071","XS":88,"BYBZ":"0","JSJC":2,"XXXQDM":"02","KXH":"24","KSJC":1,"XKZRS":99,"SKZC":"000000000011111000000000000000","SKJS":"黄建华","ISTK":0,"ZCMC":"11-15周","YPSJDD":"1-10周 星期一 第1节-第2节 南湖南-博学主楼-110,1-15周 星期二 第3节-第4节 南湖南-博学主楼-110,12-14周 星期一 第1节-第2节 南湖南-博学主楼-110,16-17周 星期一 第1节-第2节 南湖南-博学主楼-110,11-15周 星期四 第1节-第2节 南湖南-博学主楼-110,1-9周 星期四 第1节-第2节 南湖南-博学主楼-110","XF":5,"SKXQ":4,"XNXQDM":"2024-2025-2","KCM":"高等数学A下","JASDM":"0202040110","JXLDM":"020204","JXBID":"20242-06403","SKBJ":"地信2401-03","TYXMDM":null,"KCH":"10153121060"},{"KKDWDM":"071","XS":88,"BYBZ":"0","JSJC":4,"XXXQDM":"02","KXH":"59","KSJC":3,"XKZRS":105,"SKZC":"000000000011111000000000000000","SKJS":"刘道海","ISTK":0,"ZCMC":"11-15周","YPSJDD":"12-14周 星期一 第3节-第4节 南湖南-博学主楼-110,11-15周 星期四 第3节-第4节 南湖南-博学主楼-110,1-10周 星期一 第3节-第4节 南湖南-博学主楼-110,1-15周 星期三 第1节-第2节 南湖南-博学主楼-110,16-17周 星期一 第3节-第4节 南湖南-博学主楼-110,1-9周 星期四 第3节-第4节 南湖南-博学主楼-110","XF":5,"SKXQ":4,"XNXQDM":"2024-2025-2","KCM":"高等数学A下","JASDM":"0202040110","JXLDM":"020204","JXBID":"20242-11127","SKBJ":"管科类2404-06","TYXMDM":null,"KCH":"10153121060"},{"KKDWDM":"017","XS":32,"BYBZ":"0","JSJC":12,"XXXQDM":"02","KXH":"01","KSJC":11,"XKZRS":96,"SKZC":"000000000010000000000000","SKJS":"兰飞","ISTK":0,"ZCMC":"11周","YPSJDD":"11周 星期二 第11节-第12节 南湖南-博学主楼-110,1-10周 星期二 第11节-第13节 南湖南-博学主楼-110","XF":2,"SKXQ":2,"XNXQDM":"2024-2025-2","KCM":"资产评估学B","JASDM":"0202040110","JXLDM":"020204","JXBID":"20242-08262","SKBJ":"公选-08262","TYXMDM":null,"KCH":"10176121327"},{"KKDWDM":"071","XS":48,"BYBZ":"0","JSJC":7,"XXXQDM":"02","KXH":"01","KSJC":6,"XKZRS":59,"SKZC":"000000000010000000000000","SKJS":"谢良","ISTK":0,"ZCMC":"11周","YPSJDD":"11周 星期三 第6节-第7节 南湖南-博学主楼-110,1-10周 星期三 第6节-第8节 南湖南-博学主楼-110","XF":3,"SKXQ":3,"XNXQDM":"2024-2025-2","KCM":"机器学习","JASDM":"0202040110","JXLDM":"020204","JXBID":"20242-02140","SKBJ":"信计2201-02,数学jd2201","TYXMDM":null,"KCH":"10155121029"},{"KKDWDM":"071","XS":88,"BYBZ":"0","JSJC":2,"XXXQDM":"02","KXH":"24","KSJC":1,"XKZRS":99,"SKZC":"000000000001110000000000000000","SKJS":"黄建华","ISTK":0,"ZCMC":"12-14周","YPSJDD":"1-10周 星期一 第1节-第2节 南湖南-博学主楼-110,1-15周 星期二 第3节-第4节 南湖南-博学主楼-110,12-14周 星期一 第1节-第2节 南湖南-博学主楼-110,16-17周 星期一 第1节-第2节 南湖南-博学主楼-110,11-15周 星期四 第1节-第2节 南湖南-博学主楼-110,1-9周 星期四 第1节-第2节 南湖南-博学主楼-110","XF":5,"SKXQ":1,"XNXQDM":"2024-2025-2","KCM":"高等数学A下","JASDM":"0202040110","JXLDM":"020204","JXBID":"20242-06403","SKBJ":"地信2401-03","TYXMDM":null,"KCH":"10153121060"},{"KKDWDM":"021","XS":42,"BYBZ":"0","JSJC":8,"XXXQDM":"02","KXH":"04","KSJC":6,"XKZRS":117,"SKZC":"000000000001110000000000000000","SKJS":"陈亚立","ISTK":0,"ZCMC":"12-14周","YPSJDD":"16周 星期一 第6节-第8节 南湖南-博学主楼-110,12-14周 星期一 第6节-第8节 南湖南-博学主楼-110,1-10周 星期一 第6节-第8节 南湖南-博学主楼-110","XF":2,"SKXQ":1,"XNXQDM":"2024-2025-2","KCM":"马克思主义基本原理","JASDM":"0202040110","JXLDM":"020204","JXBID":"20242-12170","SKBJ":"计算机zy2301-02,金融sy2301","TYXMDM":null,"KCH":"10211117035"},{"KKDWDM":"071","XS":88,"BYBZ":"0","JSJC":4,"XXXQDM":"02","KXH":"59","KSJC":3,"XKZRS":105,"SKZC":"000000000001110000000000000000","SKJS":"刘道海","ISTK":0,"ZCMC":"12-14周","YPSJDD":"12-14周 星期一 第3节-第4节 南湖南-博学主楼-110,11-15周 星期四 第3节-第4节 南湖南-博学主楼-110,1-10周 星期一 第3节-第4节 南湖南-博学主楼-110,1-15周 星期三 第1节-第2节 南湖南-博学主楼-110,16-17周 星期一 第3节-第4节 南湖南-博学主楼-110,1-9周 星期四 第3节-第4节 南湖南-博学主楼-110","XF":5,"SKXQ":1,"XNXQDM":"2024-2025-2","KCM":"高等数学A下","JASDM":"0202040110","JXLDM":"020204","JXBID":"20242-11127","SKBJ":"管科类2404-06","TYXMDM":null,"KCH":"10153121060"},{"KKDWDM":"016","XS":32,"BYBZ":"0","JSJC":7,"XXXQDM":"02","KXH":"01","KSJC":6,"XKZRS":43,"SKZC":"000000000001000000000000","SKJS":"李媛","ISTK":0,"ZCMC":"12周","YPSJDD":"12周 星期五 第6节-第7节 南湖南-博学主楼-110,1-5周,7-9周,11周 星期五 第6节-第8节 南湖南-博学主楼-110,9周 星期日 第6节-第8节 南湖南-博学主楼-110","XF":2,"SKXQ":5,"XNXQDM":"2024-2025-2","KCM":"生物材料与组织工程","JASDM":"0202040110","JXLDM":"020204","JXBID":"20242-11510","SKBJ":"生物2201,生物制药2201","TYXMDM":null,"KCH":"10165113001"},{"KKDWDM":"021","XS":8,"BYBZ":"0","JSJC":10,"XXXQDM":"02","KXH":"326","KSJC":9,"XKZRS":135,"SKZC":"0000000000001111000000000","SKJS":"罗婷","ISTK":0,"ZCMC":"13-16周","YPSJDD":"13-16周 星期四 第9节-第10节 南湖南-博学主楼-110","XF":0,"SKXQ":4,"XNXQDM":"2024-2025-2","KCM":"形势与政策","JASDM":"0202040110","JXLDM":"020204","JXBID":"20242-13975","SKBJ":"土木类2401,工设g2402,数学类2412,机电类2402-04,生科类2404,电信类2401-06,计算机类2402-09,计算机类2414,车辆类2402","TYXMDM":null,"KCH":"10218121092"},{"KKDWDM":"021","XS":8,"BYBZ":"0","JSJC":7,"XXXQDM":"02","KXH":"304","KSJC":6,"XKZRS":131,"SKZC":"0000000000001111000000000","SKJS":"肖萍","ISTK":0,"ZCMC":"13-16周","YPSJDD":"13-16周 星期四 第6节-第7节 南湖南-博学主楼-110","XF":0,"SKXQ":4,"XNXQDM":"2024-2025-2","KCM":"形势与政策","JASDM":"0202040110","JXLDM":"020204","JXBID":"20242-13947","SKBJ":"信管2403,化生类2404-09,土木类2403,外语类2404-06,数学类2403-04,新闻类2403,自动化类2414,设计学类2408,车辆gj2404,车辆类2403","TYXMDM":null,"KCH":"10218121092"},{"KKDWDM":"071","XS":40,"BYBZ":"0","JSJC":4,"XXXQDM":"02","KXH":"30","KSJC":3,"XKZRS":133,"SKZC":"000000000000110000000000","SKJS":"周俊","ISTK":0,"ZCMC":"13-14周","YPSJDD":"13-14周 星期三 第3节-第4节 南湖南-博学主楼-110,1-12周 星期三 第3节-第5节 南湖南-博学主楼-110","XF":2,"SKXQ":3,"XNXQDM":"2024-2025-2","KCM":"线性代数","JASDM":"0202040110","JXLDM":"020204","JXBID":"20242-11747","SKBJ":"车辆类2405-08","TYXMDM":null,"KCH":"10153111001"},{"KKDWDM":"018","XS":40,"BYBZ":"0","JSJC":7,"XXXQDM":"02","KXH":"01","KSJC":6,"XKZRS":15,"SKZC":"000000000000110000000000","SKJS":"吕晓蔚","ISTK":0,"ZCMC":"13-14周","YPSJDD":"13-14周 星期二 第6节-第7节 南湖南-博学主楼-110,1-12周 星期二 第6节-第8节 南湖南-博学主楼-110","XF":2,"SKXQ":2,"XNXQDM":"2024-2025-2","KCM":"证券投资规划","JASDM":"0202040110","JXLDM":"020204","JXBID":"20242-02156","SKBJ":"金融gj2201-03","TYXMDM":null,"KCH":"10185121006"},{"KKDWDM":"072","XS":32,"BYBZ":"0","JSJC":12,"XXXQDM":"02","KXH":"01","KSJC":11,"XKZRS":104,"SKZC":"000000000000100000000000000000","SKJS":"赖欣","ISTK":0,"ZCMC":"13周","YPSJDD":"3-5周 星期三 第11节-第12节 不要教室,1-2周 星期三 第11节-第12节 南湖南-博学主楼-110,13周 星期三 第11节-第12节 南湖南-博学主楼-110","XF":2,"SKXQ":3,"XNXQDM":"2024-2025-2","KCM":"人工智能与深度学习基础(GX)","JASDM":"0202040110","JXLDM":"020204","JXBID":"20242-08980","SKBJ":"公选-08980","TYXMDM":null,"KCH":"10722124003"},{"KKDWDM":"071","XS":88,"BYBZ":"0","JSJC":4,"XXXQDM":"02","KXH":"59","KSJC":3,"XKZRS":105,"SKZC":"000000000000000110000000000000","SKJS":"刘道海","ISTK":0,"ZCMC":"16-17周","YPSJDD":"12-14周 星期一 第3节-第4节 南湖南-博学主楼-110,11-15周 星期四 第3节-第4节 南湖南-博学主楼-110,1-10周 星期一 第3节-第4节 南湖南-博学主楼-110,1-15周 星期三 第1节-第2节 南湖南-博学主楼-110,16-17周 星期一 第3节-第4节 南湖南-博学主楼-110,1-9周 星期四 第3节-第4节 南湖南-博学主楼-110","XF":5,"SKXQ":1,"XNXQDM":"2024-2025-2","KCM":"高等数学A下","JASDM":"0202040110","JXLDM":"020204","JXBID":"20242-11127","SKBJ":"管科类2404-06","TYXMDM":null,"KCH":"10153121060"},{"KKDWDM":"071","XS":88,"BYBZ":"0","JSJC":2,"XXXQDM":"02","KXH":"24","KSJC":1,"XKZRS":99,"SKZC":"000000000000000110000000000000","SKJS":"黄建华","ISTK":0,"ZCMC":"16-17周","YPSJDD":"1-10周 星期一 第1节-第2节 南湖南-博学主楼-110,1-15周 星期二 第3节-第4节 南湖南-博学主楼-110,12-14周 星期一 第1节-第2节 南湖南-博学主楼-110,16-17周 星期一 第1节-第2节 南湖南-博学主楼-110,11-15周 星期四 第1节-第2节 南湖南-博学主楼-110,1-9周 星期四 第1节-第2节 南湖南-博学主楼-110","XF":5,"SKXQ":1,"XNXQDM":"2024-2025-2","KCM":"高等数学A下","JASDM":"0202040110","JXLDM":"020204","JXBID":"20242-06403","SKBJ":"地信2401-03","TYXMDM":null,"KCH":"10153121060"},{"KKDWDM":"021","XS":42,"BYBZ":"0","JSJC":8,"XXXQDM":"02","KXH":"04","KSJC":6,"XKZRS":117,"SKZC":"000000000000000100000000000000","SKJS":"陈亚立","ISTK":0,"ZCMC":"16周","YPSJDD":"16周 星期一 第6节-第8节 南湖南-博学主楼-110,12-14周 星期一 第6节-第8节 南湖南-博学主楼-110,1-10周 星期一 第6节-第8节 南湖南-博学主楼-110","XF":2,"SKXQ":1,"XNXQDM":"2024-2025-2","KCM":"马克思主义基本原理","JASDM":"0202040110","JXLDM":"020204","JXBID":"20242-12170","SKBJ":"计算机zy2301-02,金融sy2301","TYXMDM":null,"KCH":"10211117035"},{"KKDWDM":"072","XS":80,"BYBZ":"0","JSJC":5,"XXXQDM":"02","KXH":"01","KSJC":3,"XKZRS":140,"SKZC":"000000000000000010000000000000","SKJS":"王嘉赋","ISTK":0,"ZCMC":"17周","YPSJDD":"1-5周 星期五 第3节-第5节 南湖南-博学主楼-110,9周 星期日 第3节-第5节 南湖南-博学主楼-110,11-16周 星期五 第3节-第5节 南湖南-博学主楼-110,7-9周 星期五 第3节-第5节 南湖南-博学主楼-110,1-16周 星期二 第1节-第2节 南湖南-博学主楼-110,17周 星期三 第3节-第5节 南湖南-博学主楼-110","XF":5,"SKXQ":3,"XNXQDM":"2024-2025-2","KCM":"大学物理B","JASDM":"0202040110","JXLDM":"020204","JXBID":"20242-06289","SKBJ":"机电类2413-16","TYXMDM":null,"KCH":"10153113042"}]}},"code":"0"}