{"datas":{"jaskcb":{"extParams":{"code":1,"msg":"查询成功"},"pageSize":0,"pageNumber":0,"totalSize":-1,"rows":[{"KKDWDM":"899","XS":32,"BYBZ":"0","JSJC":4,"XXXQDM":"02","KXH":"01","KSJC":3,"XKZRS":90,"SKZC":"11111111","SKJS":"Olivier Pereira","ISTK":0,"ZCMC":"1-8周","YPSJDD":"1-8周 星期二 第3节-第4节 南湖南-博学主楼-505,1-8周 星期四 第3节-第4节 南湖南-博学主楼-505","XF":2,"SKXQ":2,"XNXQDM":"2024-2025-2","KCM":"真核分子遗传学","JASDM":"0202040505","JXLDM":"020204","JXBID":"20242-02905","SKBJ":"生物H2201-03","TYXMDM":null,"KCH":"18994121019"},{"KKDWDM":"899","XS":16,"BYBZ":"0","JSJC":2,"XXXQDM":"02","KXH":"01","KSJC":1,"XKZRS":88,"SKZC":"11111111","SKJS":"雷志鑫","ISTK":0,"ZCMC":"1-8周","YPSJDD":"1-8周 星期三 第1节-第2节 南湖南-博学主楼-505","XF":1,"SKXQ":3,"XNXQDM":"2024-2025-2","KCM":"创新创业与就业指导","JASDM":"0202040505","JXLDM":"020204","JXBID":"20242-02956","SKBJ":"生物H2201-03","TYXMDM":null,"KCH":"18994121020"},{"KKDWDM":"899","XS":32,"BYBZ":"0","JSJC":4,"XXXQDM":"02","KXH":"01","KSJC":3,"XKZRS":90,"SKZC":"11111111","SKJS":"Olivier Pereira","ISTK":0,"ZCMC":"1-8周","YPSJDD":"1-8周 星期二 第3节-第4节 南湖南-博学主楼-505,1-8周 星期四 第3节-第4节 南湖南-博学主楼-505","XF":2,"SKXQ":4,"XNXQDM":"2024-2025-2","KCM":"真核分子遗传学","JASDM":"0202040505","JXLDM":"020204","JXBID":"20242-02905","SKBJ":"生物H2201-03","TYXMDM":null,"KCH":"18994121019"},{"KKDWDM":"899","XS":32,"BYBZ":"0","JSJC":4,"XXXQDM":"02","KXH":"01","KSJC":3,"XKZRS":69,"SKZC":"111110000000000000000000000000","SKJS":"梅楠","ISTK":0,"ZCMC":"1-5周","YPSJDD":"12-16周 星期二 第1节-第2节 南湖南-博学主楼-505,7-9周 星期五 第3节-第4节 南湖南-博学主楼-505,1-5周 星期五 第3节-第4节 南湖南-博学主楼-505,9周 星期日 第3节-第4节 南湖南-博学主楼-505,11-12周 星期五 第3节-第4节 南湖南-博学主楼-505","XF":2,"SKXQ":5,"XNXQDM":"2024-2025-2","KCM":"法语科技阅读与写作","JASDM":"0202040505","JXLDM":"020204","JXBID":"20242-05546","SKBJ":"生科类2304-06","TYXMDM":null,"KCH":"18991117025"},{"KKDWDM":"899","XS":32,"BYBZ":"0","JSJC":2,"XXXQDM":"02","KXH":"02","KSJC":1,"XKZRS":76,"SKZC":"111110000000000000000000000000","SKJS":"梅楠","ISTK":0,"ZCMC":"1-5周","YPSJDD":"9周 星期日 第1节-第2节 南湖南-博学主楼-505,1-5周 星期五 第1节-第2节 南湖南-博学主楼-505,11-16周 星期五 第1节-第2节 南湖南-博学主楼-505,17周 星期三 第1节-第2节 南湖南-博学主楼-505,7-9周 星期五 第1节-第2节 南湖南-博学主楼-505","XF":2,"SKXQ":5,"XNXQDM":"2024-2025-2","KCM":"法语科技阅读与写作","JASDM":"0202040505","JXLDM":"020204","JXBID":"20242-09863","SKBJ":"生科类2301-03","TYXMDM":null,"KCH":"18991117025"},{"KKDWDM":"899","XS":32,"BYBZ":"0","JSJC":8,"XXXQDM":"02","KXH":"01","KSJC":6,"XKZRS":86,"SKZC":"100000000000000000000000","SKJS":"Sophie Chauvet","ISTK":0,"ZCMC":"1周","YPSJDD":"2周 星期三 第6节-第7节 南湖南-化生楼-马赛报告厅,1周 星期一 第6节-第8节 南湖南-博学主楼-505,1周 星期二 第6节-第8节 南湖南-博学主楼-505,1周 星期三 第6节-第8节 南湖南-博学主楼-505,1周 星期四 第6节-第8节 南湖南-博学主楼-505,1周 星期五 第6节-第8节 南湖南-博学主楼-505,1周 星期六 第6节-第8节 南湖南-博学主楼-505,2周 星期一 第6节-第8节 南湖南-化生楼-马赛报告厅,3周 星期一 第6节-第8节 南湖南-化生楼-马赛报告厅,3周 星期三 第6节-第8节 南湖南-化生楼-马赛报告厅,4周 星期一 第6节-第8节 南湖南-化生楼-马赛报告厅","XF":2,"SKXQ":6,"XNXQDM":"2024-2025-2","KCM":"发育生物学导论","JASDM":"0202040505","JXLDM":"020204","JXBID":"20242-02507","SKBJ":"生物H2201-03","TYXMDM":null,"KCH":"18994121015"},{"KKDWDM":"899","XS":32,"BYBZ":"0","JSJC":8,"XXXQDM":"02","KXH":"01","KSJC":6,"XKZRS":86,"SKZC":"100000000000000000000000","SKJS":"Sophie Chauvet","ISTK":0,"ZCMC":"1周","YPSJDD":"2周 星期三 第6节-第7节 南湖南-化生楼-马赛报告厅,1周 星期一 第6节-第8节 南湖南-博学主楼-505,1周 星期二 第6节-第8节 南湖南-博学主楼-505,1周 星期三 第6节-第8节 南湖南-博学主楼-505,1周 星期四 第6节-第8节 南湖南-博学主楼-505,1周 星期五 第6节-第8节 南湖南-博学主楼-505,1周 星期六 第6节-第8节 南湖南-博学主楼-505,2周 星期一 第6节-第8节 南湖南-化生楼-马赛报告厅,3周 星期一 第6节-第8节 南湖南-化生楼-马赛报告厅,3周 星期三 第6节-第8节 南湖南-化生楼-马赛报告厅,4周 星期一 第6节-第8节 南湖南-化生楼-马赛报告厅","XF":2,"SKXQ":4,"XNXQDM":"2024-2025-2","KCM":"发育生物学导论","JASDM":"0202040505","JXLDM":"020204","JXBID":"20242-02507","SKBJ":"生物H2201-03","TYXMDM":null,"KCH":"18994121015"},{"KKDWDM":"899","XS":32,"BYBZ":"0","JSJC":8,"XXXQDM":"02","KXH":"01","KSJC":6,"XKZRS":86,"SKZC":"100000000000000000000000","SKJS":"Sophie Chauvet","ISTK":0,"ZCMC":"1周","YPSJDD":"2周 星期三 第6节-第7节 南湖南-化生楼-马赛报告厅,1周 星期一 第6节-第8节 南湖南-博学主楼-505,1周 星期二 第6节-第8节 南湖南-博学主楼-505,1周 星期三 第6节-第8节 南湖南-博学主楼-505,1周 星期四 第6节-第8节 南湖南-博学主楼-505,1周 星期五 第6节-第8节 南湖南-博学主楼-505,1周 星期六 第6节-第8节 南湖南-博学主楼-505,2周 星期一 第6节-第8节 南湖南-化生楼-马赛报告厅,3周 星期一 第6节-第8节 南湖南-化生楼-马赛报告厅,3周 星期三 第6节-第8节 南湖南-化生楼-马赛报告厅,4周 星期一 第6节-第8节 南湖南-化生楼-马赛报告厅","XF":2,"SKXQ":2,"XNXQDM":"2024-2025-2","KCM":"发育生物学导论","JASDM":"0202040505","JXLDM":"020204","JXBID":"20242-02507","SKBJ":"生物H2201-03","TYXMDM":null,"KCH":"18994121015"},{"KKDWDM":"899","XS":32,"BYBZ":"0","JSJC":8,"XXXQDM":"02","KXH":"01","KSJC":6,"XKZRS":86,"SKZC":"100000000000000000000000","SKJS":"Sophie Chauvet","ISTK":0,"ZCMC":"1周","YPSJDD":"2周 星期三 第6节-第7节 南湖南-化生楼-马赛报告厅,1周 星期一 第6节-第8节 南湖南-博学主楼-505,1周 星期二 第6节-第8节 南湖南-博学主楼-505,1周 星期三 第6节-第8节 南湖南-博学主楼-505,1周 星期四 第6节-第8节 南湖南-博学主楼-505,1周 星期五 第6节-第8节 南湖南-博学主楼-505,1周 星期六 第6节-第8节 南湖南-博学主楼-505,2周 星期一 第6节-第8节 南湖南-化生楼-马赛报告厅,3周 星期一 第6节-第8节 南湖南-化生楼-马赛报告厅,3周 星期三 第6节-第8节 南湖南-化生楼-马赛报告厅,4周 星期一 第6节-第8节 南湖南-化生楼-马赛报告厅","XF":2,"SKXQ":1,"XNXQDM":"2024-2025-2","KCM":"发育生物学导论","JASDM":"0202040505","JXLDM":"020204","JXBID":"20242-02507","SKBJ":"生物H2201-03","TYXMDM":null,"KCH":"18994121015"},{"KKDWDM":"899","XS":32,"BYBZ":"0","JSJC":8,"XXXQDM":"02","KXH":"01","KSJC":6,"XKZRS":86,"SKZC":"100000000000000000000000","SKJS":"Sophie Chauvet","ISTK":0,"ZCMC":"1周","YPSJDD":"2周 星期三 第6节-第7节 南湖南-化生楼-马赛报告厅,1周 星期一 第6节-第8节 南湖南-博学主楼-505,1周 星期二 第6节-第8节 南湖南-博学主楼-505,1周 星期三 第6节-第8节 南湖南-博学主楼-505,1周 星期四 第6节-第8节 南湖南-博学主楼-505,1周 星期五 第6节-第8节 南湖南-博学主楼-505,1周 星期六 第6节-第8节 南湖南-博学主楼-505,2周 星期一 第6节-第8节 南湖南-化生楼-马赛报告厅,3周 星期一 第6节-第8节 南湖南-化生楼-马赛报告厅,3周 星期三 第6节-第8节 南湖南-化生楼-马赛报告厅,4周 星期一 第6节-第8节 南湖南-化生楼-马赛报告厅","XF":2,"SKXQ":5,"XNXQDM":"2024-2025-2","KCM":"发育生物学导论","JASDM":"0202040505","JXLDM":"020204","JXBID":"20242-02507","SKBJ":"生物H2201-03","TYXMDM":null,"KCH":"18994121015"},{"KKDWDM":"899","XS":32,"BYBZ":"0","JSJC":8,"XXXQDM":"02","KXH":"01","KSJC":6,"XKZRS":86,"SKZC":"100000000000000000000000","SKJS":"Sophie Chauvet","ISTK":0,"ZCMC":"1周","YPSJDD":"2周 星期三 第6节-第7节 南湖南-化生楼-马赛报告厅,1周 星期一 第6节-第8节 南湖南-博学主楼-505,1周 星期二 第6节-第8节 南湖南-博学主楼-505,1周 星期三 第6节-第8节 南湖南-博学主楼-505,1周 星期四 第6节-第8节 南湖南-博学主楼-505,1周 星期五 第6节-第8节 南湖南-博学主楼-505,1周 星期六 第6节-第8节 南湖南-博学主楼-505,2周 星期一 第6节-第8节 南湖南-化生楼-马赛报告厅,3周 星期一 第6节-第8节 南湖南-化生楼-马赛报告厅,3周 星期三 第6节-第8节 南湖南-化生楼-马赛报告厅,4周 星期一 第6节-第8节 南湖南-化生楼-马赛报告厅","XF":2,"SKXQ":3,"XNXQDM":"2024-2025-2","KCM":"发育生物学导论","JASDM":"0202040505","JXLDM":"020204","JXBID":"20242-02507","SKBJ":"生物H2201-03","TYXMDM":null,"KCH":"18994121015"},{"KKDWDM":"899","XS":40,"BYBZ":"0","JSJC":7,"XXXQDM":"02","KXH":"04","KSJC":6,"XKZRS":75,"SKZC":"010000000000000000000000","SKJS":"Frédéric André","ISTK":0,"ZCMC":"2周","YPSJDD":"1周 星期四 第6节-第7节 南湖南-化生楼-马赛报告厅,1周 星期五 第6节-第7节 南湖南-化生楼-马赛报告厅,2周 星期一 第6节-第7节 南湖南-博学主楼-505,2周 星期二 第6节-第7节 南湖南-博学主楼-505,2周 星期三 第6节-第7节 南湖南-博学主楼-505,2周 星期四 第6节-第7节 南湖南-博学主楼-505,3周 星期一 第6节-第7节 南湖南-博学主楼-505,3周 星期二 第6节-第7节 南湖南-博学主楼-505,2周 星期四 第9节-第10节 南湖南-博学主楼-505,3周 星期一 第9节-第10节 南湖南-博学主楼-505,3周 星期三 第9节-第10节 南湖南-博学主楼-505,4-7周 星期一 第9节-第10节 南湖南-博学主楼-505,4-7周 星期三 第9节-第10节 南湖南-博学主楼-505,8周 星期一 第9节-第10节 南湖南-博学主楼-505","XF":2,"SKXQ":4,"XNXQDM":"2024-2025-2","KCM":"细胞生物学","JASDM":"0202040505","JXLDM":"020204","JXBID":"20242-09872","SKBJ":"生科类2301-03","TYXMDM":null,"KCH":"18994117011"},{"KKDWDM":"899","XS":40,"BYBZ":"0","JSJC":7,"XXXQDM":"02","KXH":"04","KSJC":6,"XKZRS":75,"SKZC":"010000000000000000000000","SKJS":"Frédéric André","ISTK":0,"ZCMC":"2周","YPSJDD":"1周 星期四 第6节-第7节 南湖南-化生楼-马赛报告厅,1周 星期五 第6节-第7节 南湖南-化生楼-马赛报告厅,2周 星期一 第6节-第7节 南湖南-博学主楼-505,2周 星期二 第6节-第7节 南湖南-博学主楼-505,2周 星期三 第6节-第7节 南湖南-博学主楼-505,2周 星期四 第6节-第7节 南湖南-博学主楼-505,3周 星期一 第6节-第7节 南湖南-博学主楼-505,3周 星期二 第6节-第7节 南湖南-博学主楼-505,2周 星期四 第9节-第10节 南湖南-博学主楼-505,3周 星期一 第9节-第10节 南湖南-博学主楼-505,3周 星期三 第9节-第10节 南湖南-博学主楼-505,4-7周 星期一 第9节-第10节 南湖南-博学主楼-505,4-7周 星期三 第9节-第10节 南湖南-博学主楼-505,8周 星期一 第9节-第10节 南湖南-博学主楼-505","XF":2,"SKXQ":1,"XNXQDM":"2024-2025-2","KCM":"细胞生物学","JASDM":"0202040505","JXLDM":"020204","JXBID":"20242-09872","SKBJ":"生科类2301-03","TYXMDM":null,"KCH":"18994117011"},{"KKDWDM":"899","XS":40,"BYBZ":"0","JSJC":7,"XXXQDM":"02","KXH":"04","KSJC":6,"XKZRS":75,"SKZC":"010000000000000000000000","SKJS":"Frédéric André","ISTK":0,"ZCMC":"2周","YPSJDD":"1周 星期四 第6节-第7节 南湖南-化生楼-马赛报告厅,1周 星期五 第6节-第7节 南湖南-化生楼-马赛报告厅,2周 星期一 第6节-第7节 南湖南-博学主楼-505,2周 星期二 第6节-第7节 南湖南-博学主楼-505,2周 星期三 第6节-第7节 南湖南-博学主楼-505,2周 星期四 第6节-第7节 南湖南-博学主楼-505,3周 星期一 第6节-第7节 南湖南-博学主楼-505,3周 星期二 第6节-第7节 南湖南-博学主楼-505,2周 星期四 第9节-第10节 南湖南-博学主楼-505,3周 星期一 第9节-第10节 南湖南-博学主楼-505,3周 星期三 第9节-第10节 南湖南-博学主楼-505,4-7周 星期一 第9节-第10节 南湖南-博学主楼-505,4-7周 星期三 第9节-第10节 南湖南-博学主楼-505,8周 星期一 第9节-第10节 南湖南-博学主楼-505","XF":2,"SKXQ":3,"XNXQDM":"2024-2025-2","KCM":"细胞生物学","JASDM":"0202040505","JXLDM":"020204","JXBID":"20242-09872","SKBJ":"生科类2301-03","TYXMDM":null,"KCH":"18994117011"},{"KKDWDM":"899","XS":40,"BYBZ":"0","JSJC":10,"XXXQDM":"02","KXH":"04","KSJC":9,"XKZRS":75,"SKZC":"010000000000000000000000","SKJS":"Frédéric André","ISTK":0,"ZCMC":"2周","YPSJDD":"1周 星期四 第6节-第7节 南湖南-化生楼-马赛报告厅,1周 星期五 第6节-第7节 南湖南-化生楼-马赛报告厅,2周 星期一 第6节-第7节 南湖南-博学主楼-505,2周 星期二 第6节-第7节 南湖南-博学主楼-505,2周 星期三 第6节-第7节 南湖南-博学主楼-505,2周 星期四 第6节-第7节 南湖南-博学主楼-505,3周 星期一 第6节-第7节 南湖南-博学主楼-505,3周 星期二 第6节-第7节 南湖南-博学主楼-505,2周 星期四 第9节-第10节 南湖南-博学主楼-505,3周 星期一 第9节-第10节 南湖南-博学主楼-505,3周 星期三 第9节-第10节 南湖南-博学主楼-505,4-7周 星期一 第9节-第10节 南湖南-博学主楼-505,4-7周 星期三 第9节-第10节 南湖南-博学主楼-505,8周 星期一 第9节-第10节 南湖南-博学主楼-505","XF":2,"SKXQ":4,"XNXQDM":"2024-2025-2","KCM":"细胞生物学","JASDM":"0202040505","JXLDM":"020204","JXBID":"20242-09872","SKBJ":"生科类2301-03","TYXMDM":null,"KCH":"18994117011"},{"KKDWDM":"899","XS":40,"BYBZ":"0","JSJC":7,"XXXQDM":"02","KXH":"04","KSJC":6,"XKZRS":75,"SKZC":"010000000000000000000000","SKJS":"Frédéric André","ISTK":0,"ZCMC":"2周","YPSJDD":"1周 星期四 第6节-第7节 南湖南-化生楼-马赛报告厅,1周 星期五 第6节-第7节 南湖南-化生楼-马赛报告厅,2周 星期一 第6节-第7节 南湖南-博学主楼-505,2周 星期二 第6节-第7节 南湖南-博学主楼-505,2周 星期三 第6节-第7节 南湖南-博学主楼-505,2周 星期四 第6节-第7节 南湖南-博学主楼-505,3周 星期一 第6节-第7节 南湖南-博学主楼-505,3周 星期二 第6节-第7节 南湖南-博学主楼-505,2周 星期四 第9节-第10节 南湖南-博学主楼-505,3周 星期一 第9节-第10节 南湖南-博学主楼-505,3周 星期三 第9节-第10节 南湖南-博学主楼-505,4-7周 星期一 第9节-第10节 南湖南-博学主楼-505,4-7周 星期三 第9节-第10节 南湖南-博学主楼-505,8周 星期一 第9节-第10节 南湖南-博学主楼-505","XF":2,"SKXQ":2,"XNXQDM":"2024-2025-2","KCM":"细胞生物学","JASDM":"0202040505","JXLDM":"020204","JXBID":"20242-09872","SKBJ":"生科类2301-03","TYXMDM":null,"KCH":"18994117011"},{"KKDWDM":"899","XS":40,"BYBZ":"0","JSJC":7,"XXXQDM":"02","KXH":"04","KSJC":6,"XKZRS":75,"SKZC":"001000000000000000000000","SKJS":"Frédéric André","ISTK":0,"ZCMC":"3周","YPSJDD":"1周 星期四 第6节-第7节 南湖南-化生楼-马赛报告厅,1周 星期五 第6节-第7节 南湖南-化生楼-马赛报告厅,2周 星期一 第6节-第7节 南湖南-博学主楼-505,2周 星期二 第6节-第7节 南湖南-博学主楼-505,2周 星期三 第6节-第7节 南湖南-博学主楼-505,2周 星期四 第6节-第7节 南湖南-博学主楼-505,3周 星期一 第6节-第7节 南湖南-博学主楼-505,3周 星期二 第6节-第7节 南湖南-博学主楼-505,2周 星期四 第9节-第10节 南湖南-博学主楼-505,3周 星期一 第9节-第10节 南湖南-博学主楼-505,3周 星期三 第9节-第10节 南湖南-博学主楼-505,4-7周 星期一 第9节-第10节 南湖南-博学主楼-505,4-7周 星期三 第9节-第10节 南湖南-博学主楼-505,8周 星期一 第9节-第10节 南湖南-博学主楼-505","XF":2,"SKXQ":2,"XNXQDM":"2024-2025-2","KCM":"细胞生物学","JASDM":"0202040505","JXLDM":"020204","JXBID":"20242-09872","SKBJ":"生科类2301-03","TYXMDM":null,"KCH":"18994117011"},{"KKDWDM":"899","XS":40,"BYBZ":"0","JSJC":10,"XXXQDM":"02","KXH":"04","KSJC":9,"XKZRS":75,"SKZC":"001000000000000000000000","SKJS":"Frédéric André","ISTK":0,"ZCMC":"3周","YPSJDD":"1周 星期四 第6节-第7节 南湖南-化生楼-马赛报告厅,1周 星期五 第6节-第7节 南湖南-化生楼-马赛报告厅,2周 星期一 第6节-第7节 南湖南-博学主楼-505,2周 星期二 第6节-第7节 南湖南-博学主楼-505,2周 星期三 第6节-第7节 南湖南-博学主楼-505,2周 星期四 第6节-第7节 南湖南-博学主楼-505,3周 星期一 第6节-第7节 南湖南-博学主楼-505,3周 星期二 第6节-第7节 南湖南-博学主楼-505,2周 星期四 第9节-第10节 南湖南-博学主楼-505,3周 星期一 第9节-第10节 南湖南-博学主楼-505,3周 星期三 第9节-第10节 南湖南-博学主楼-505,4-7周 星期一 第9节-第10节 南湖南-博学主楼-505,4-7周 星期三 第9节-第10节 南湖南-博学主楼-505,8周 星期一 第9节-第10节 南湖南-博学主楼-505","XF":2,"SKXQ":3,"XNXQDM":"2024-2025-2","KCM":"细胞生物学","JASDM":"0202040505","JXLDM":"020204","JXBID":"20242-09872","SKBJ":"生科类2301-03","TYXMDM":null,"KCH":"18994117011"},{"KKDWDM":"899","XS":40,"BYBZ":"0","JSJC":10,"XXXQDM":"02","KXH":"04","KSJC":9,"XKZRS":75,"SKZC":"001000000000000000000000","SKJS":"Frédéric André","ISTK":0,"ZCMC":"3周","YPSJDD":"1周 星期四 第6节-第7节 南湖南-化生楼-马赛报告厅,1周 星期五 第6节-第7节 南湖南-化生楼-马赛报告厅,2周 星期一 第6节-第7节 南湖南-博学主楼-505,2周 星期二 第6节-第7节 南湖南-博学主楼-505,2周 星期三 第6节-第7节 南湖南-博学主楼-505,2周 星期四 第6节-第7节 南湖南-博学主楼-505,3周 星期一 第6节-第7节 南湖南-博学主楼-505,3周 星期二 第6节-第7节 南湖南-博学主楼-505,2周 星期四 第9节-第10节 南湖南-博学主楼-505,3周 星期一 第9节-第10节 南湖南-博学主楼-505,3周 星期三 第9节-第10节 南湖南-博学主楼-505,4-7周 星期一 第9节-第10节 南湖南-博学主楼-505,4-7周 星期三 第9节-第10节 南湖南-博学主楼-505,8周 星期一 第9节-第10节 南湖南-博学主楼-505","XF":2,"SKXQ":1,"XNXQDM":"2024-2025-2","KCM":"细胞生物学","JASDM":"0202040505","JXLDM":"020204","JXBID":"20242-09872","SKBJ":"生科类2301-03","TYXMDM":null,"KCH":"18994117011"},{"KKDWDM":"899","XS":40,"BYBZ":"0","JSJC":7,"XXXQDM":"02","KXH":"04","KSJC":6,"XKZRS":75,"SKZC":"001000000000000000000000","SKJS":"Frédéric André","ISTK":0,"ZCMC":"3周","YPSJDD":"1周 星期四 第6节-第7节 南湖南-化生楼-马赛报告厅,1周 星期五 第6节-第7节 南湖南-化生楼-马赛报告厅,2周 星期一 第6节-第7节 南湖南-博学主楼-505,2周 星期二 第6节-第7节 南湖南-博学主楼-505,2周 星期三 第6节-第7节 南湖南-博学主楼-505,2周 星期四 第6节-第7节 南湖南-博学主楼-505,3周 星期一 第6节-第7节 南湖南-博学主楼-505,3周 星期二 第6节-第7节 南湖南-博学主楼-505,2周 星期四 第9节-第10节 南湖南-博学主楼-505,3周 星期一 第9节-第10节 南湖南-博学主楼-505,3周 星期三 第9节-第10节 南湖南-博学主楼-505,4-7周 星期一 第9节-第10节 南湖南-博学主楼-505,4-7周 星期三 第9节-第10节 南湖南-博学主楼-505,8周 星期一 第9节-第10节 南湖南-博学主楼-505","XF":2,"SKXQ":1,"XNXQDM":"2024-2025-2","KCM":"细胞生物学","JASDM":"0202040505","JXLDM":"020204","JXBID":"20242-09872","SKBJ":"生科类2301-03","TYXMDM":null,"KCH":"18994117011"},{"KKDWDM":"899","XS":40,"BYBZ":"0","JSJC":10,"XXXQDM":"02","KXH":"04","KSJC":9,"XKZRS":75,"SKZC":"000111100000000000000000","SKJS":"Frédéric André","ISTK":0,"ZCMC":"4-7周","YPSJDD":"1周 星期四 第6节-第7节 南湖南-化生楼-马赛报告厅,1周 星期五 第6节-第7节 南湖南-化生楼-马赛报告厅,2周 星期一 第6节-第7节 南湖南-博学主楼-505,2周 星期二 第6节-第7节 南湖南-博学主楼-505,2周 星期三 第6节-第7节 南湖南-博学主楼-505,2周 星期四 第6节-第7节 南湖南-博学主楼-505,3周 星期一 第6节-第7节 南湖南-博学主楼-505,3周 星期二 第6节-第7节 南湖南-博学主楼-505,2周 星期四 第9节-第10节 南湖南-博学主楼-505,3周 星期一 第9节-第10节 南湖南-博学主楼-505,3周 星期三 第9节-第10节 南湖南-博学主楼-505,4-7周 星期一 第9节-第10节 南湖南-博学主楼-505,4-7周 星期三 第9节-第10节 南湖南-博学主楼-505,8周 星期一 第9节-第10节 南湖南-博学主楼-505","XF":2,"SKXQ":3,"XNXQDM":"2024-2025-2","KCM":"细胞生物学","JASDM":"0202040505","JXLDM":"020204","JXBID":"20242-09872","SKBJ":"生科类2301-03","TYXMDM":null,"KCH":"18994117011"},{"KKDWDM":"899","XS":40,"BYBZ":"0","JSJC":10,"XXXQDM":"02","KXH":"04","KSJC":9,"XKZRS":75,"SKZC":"000111100000000000000000","SKJS":"Frédéric André","ISTK":0,"ZCMC":"4-7周","YPSJDD":"1周 星期四 第6节-第7节 南湖南-化生楼-马赛报告厅,1周 星期五 第6节-第7节 南湖南-化生楼-马赛报告厅,2周 星期一 第6节-第7节 南湖南-博学主楼-505,2周 星期二 第6节-第7节 南湖南-博学主楼-505,2周 星期三 第6节-第7节 南湖南-博学主楼-505,2周 星期四 第6节-第7节 南湖南-博学主楼-505,3周 星期一 第6节-第7节 南湖南-博学主楼-505,3周 星期二 第6节-第7节 南湖南-博学主楼-505,2周 星期四 第9节-第10节 南湖南-博学主楼-505,3周 星期一 第9节-第10节 南湖南-博学主楼-505,3周 星期三 第9节-第10节 南湖南-博学主楼-505,4-7周 星期一 第9节-第10节 南湖南-博学主楼-505,4-7周 星期三 第9节-第10节 南湖南-博学主楼-505,8周 星期一 第9节-第10节 南湖南-博学主楼-505","XF":2,"SKXQ":1,"XNXQDM":"2024-2025-2","KCM":"细胞生物学","JASDM":"0202040505","JXLDM":"020204","JXBID":"20242-09872","SKBJ":"生科类2301-03","TYXMDM":null,"KCH":"18994117011"},{"KKDWDM":"899","XS":40,"BYBZ":"0","JSJC":10,"XXXQDM":"02","KXH":"02","KSJC":9,"XKZRS":83,"SKZC":"000100000000000000000000","SKJS":"Marc Maresca","ISTK":0,"ZCMC":"4周","YPSJDD":"4周 星期四 第6节-第7节 南湖南-博学主楼-505,4周 星期五 第6节-第7节 南湖南-博学主楼-505,5周 星期一 第6节-第7节 南湖南-博学主楼-505,5周 星期二 第6节-第7节 南湖南-博学主楼-505,5周 星期三 第6节-第7节 南湖南-博学主楼-505,6周 星期一 第6节-第7节 南湖南-博学主楼-505,4周 星期五 第9节-第10节 南湖南-博学主楼-505,5周 星期一 第9节-第10节 南湖南-化生楼-马赛报告厅,5周 星期四 第9节-第10节 南湖南-博学主楼-505,5周 星期五 第9节-第10节 南湖南-博学主楼-505,6周 星期三 第9节-第10节 南湖南-化生楼-马赛报告厅,6周 星期四 第9节-第10节 南湖南-化生楼-马赛报告厅,9-16周 星期三 第9节-第10节 南湖南-化生楼-马赛报告厅","XF":2,"SKXQ":5,"XNXQDM":"2024-2025-2","KCM":"细胞相互作用和动力学","JASDM":"0202040505","JXLDM":"020204","JXBID":"20242-02638","SKBJ":"生物H2201-03","TYXMDM":null,"KCH":"18994117018"},{"KKDWDM":"899","XS":40,"BYBZ":"0","JSJC":7,"XXXQDM":"02","KXH":"02","KSJC":6,"XKZRS":83,"SKZC":"000100000000000000000000","SKJS":"Marc Maresca","ISTK":0,"ZCMC":"4周","YPSJDD":"4周 星期四 第6节-第7节 南湖南-博学主楼-505,4周 星期五 第6节-第7节 南湖南-博学主楼-505,5周 星期一 第6节-第7节 南湖南-博学主楼-505,5周 星期二 第6节-第7节 南湖南-博学主楼-505,5周 星期三 第6节-第7节 南湖南-博学主楼-505,6周 星期一 第6节-第7节 南湖南-博学主楼-505,4周 星期五 第9节-第10节 南湖南-博学主楼-505,5周 星期一 第9节-第10节 南湖南-化生楼-马赛报告厅,5周 星期四 第9节-第10节 南湖南-博学主楼-505,5周 星期五 第9节-第10节 南湖南-博学主楼-505,6周 星期三 第9节-第10节 南湖南-化生楼-马赛报告厅,6周 星期四 第9节-第10节 南湖南-化生楼-马赛报告厅,9-16周 星期三 第9节-第10节 南湖南-化生楼-马赛报告厅","XF":2,"SKXQ":5,"XNXQDM":"2024-2025-2","KCM":"细胞相互作用和动力学","JASDM":"0202040505","JXLDM":"020204","JXBID":"20242-02638","SKBJ":"生物H2201-03","TYXMDM":null,"KCH":"18994117018"},{"KKDWDM":"899","XS":40,"BYBZ":"0","JSJC":7,"XXXQDM":"02","KXH":"02","KSJC":6,"XKZRS":83,"SKZC":"000100000000000000000000","SKJS":"Marc Maresca","ISTK":0,"ZCMC":"4周","YPSJDD":"4周 星期四 第6节-第7节 南湖南-博学主楼-505,4周 星期五 第6节-第7节 南湖南-博学主楼-505,5周 星期一 第6节-第7节 南湖南-博学主楼-505,5周 星期二 第6节-第7节 南湖南-博学主楼-505,5周 星期三 第6节-第7节 南湖南-博学主楼-505,6周 星期一 第6节-第7节 南湖南-博学主楼-505,4周 星期五 第9节-第10节 南湖南-博学主楼-505,5周 星期一 第9节-第10节 南湖南-化生楼-马赛报告厅,5周 星期四 第9节-第10节 南湖南-博学主楼-505,5周 星期五 第9节-第10节 南湖南-博学主楼-505,6周 星期三 第9节-第10节 南湖南-化生楼-马赛报告厅,6周 星期四 第9节-第10节 南湖南-化生楼-马赛报告厅,9-16周 星期三 第9节-第10节 南湖南-化生楼-马赛报告厅","XF":2,"SKXQ":4,"XNXQDM":"2024-2025-2","KCM":"细胞相互作用和动力学","JASDM":"0202040505","JXLDM":"020204","JXBID":"20242-02638","SKBJ":"生物H2201-03","TYXMDM":null,"KCH":"18994117018"},{"KKDWDM":"899","XS":40,"BYBZ":"0","JSJC":7,"XXXQDM":"02","KXH":"02","KSJC":6,"XKZRS":83,"SKZC":"000010000000000000000000","SKJS":"Marc Maresca","ISTK":0,"ZCMC":"5周","YPSJDD":"4周 星期四 第6节-第7节 南湖南-博学主楼-505,4周 星期五 第6节-第7节 南湖南-博学主楼-505,5周 星期一 第6节-第7节 南湖南-博学主楼-505,5周 星期二 第6节-第7节 南湖南-博学主楼-505,5周 星期三 第6节-第7节 南湖南-博学主楼-505,6周 星期一 第6节-第7节 南湖南-博学主楼-505,4周 星期五 第9节-第10节 南湖南-博学主楼-505,5周 星期一 第9节-第10节 南湖南-化生楼-马赛报告厅,5周 星期四 第9节-第10节 南湖南-博学主楼-505,5周 星期五 第9节-第10节 南湖南-博学主楼-505,6周 星期三 第9节-第10节 南湖南-化生楼-马赛报告厅,6周 星期四 第9节-第10节 南湖南-化生楼-马赛报告厅,9-16周 星期三 第9节-第10节 南湖南-化生楼-马赛报告厅","XF":2,"SKXQ":3,"XNXQDM":"2024-2025-2","KCM":"细胞相互作用和动力学","JASDM":"0202040505","JXLDM":"020204","JXBID":"20242-02638","SKBJ":"生物H2201-03","TYXMDM":null,"KCH":"18994117018"},{"KKDWDM":"899","XS":40,"BYBZ":"0","JSJC":10,"XXXQDM":"02","KXH":"02","KSJC":9,"XKZRS":83,"SKZC":"000010000000000000000000","SKJS":"Marc Maresca","ISTK":0,"ZCMC":"5周","YPSJDD":"4周 星期四 第6节-第7节 南湖南-博学主楼-505,4周 星期五 第6节-第7节 南湖南-博学主楼-505,5周 星期一 第6节-第7节 南湖南-博学主楼-505,5周 星期二 第6节-第7节 南湖南-博学主楼-505,5周 星期三 第6节-第7节 南湖南-博学主楼-505,6周 星期一 第6节-第7节 南湖南-博学主楼-505,4周 星期五 第9节-第10节 南湖南-博学主楼-505,5周 星期一 第9节-第10节 南湖南-化生楼-马赛报告厅,5周 星期四 第9节-第10节 南湖南-博学主楼-505,5周 星期五 第9节-第10节 南湖南-博学主楼-505,6周 星期三 第9节-第10节 南湖南-化生楼-马赛报告厅,6周 星期四 第9节-第10节 南湖南-化生楼-马赛报告厅,9-16周 星期三 第9节-第10节 南湖南-化生楼-马赛报告厅","XF":2,"SKXQ":5,"XNXQDM":"2024-2025-2","KCM":"细胞相互作用和动力学","JASDM":"0202040505","JXLDM":"020204","JXBID":"20242-02638","SKBJ":"生物H2201-03","TYXMDM":null,"KCH":"18994117018"},{"KKDWDM":"899","XS":40,"BYBZ":"0","JSJC":10,"XXXQDM":"02","KXH":"02","KSJC":9,"XKZRS":83,"SKZC":"000010000000000000000000","SKJS":"Marc Maresca","ISTK":0,"ZCMC":"5周","YPSJDD":"4周 星期四 第6节-第7节 南湖南-博学主楼-505,4周 星期五 第6节-第7节 南湖南-博学主楼-505,5周 星期一 第6节-第7节 南湖南-博学主楼-505,5周 星期二 第6节-第7节 南湖南-博学主楼-505,5周 星期三 第6节-第7节 南湖南-博学主楼-505,6周 星期一 第6节-第7节 南湖南-博学主楼-505,4周 星期五 第9节-第10节 南湖南-博学主楼-505,5周 星期一 第9节-第10节 南湖南-化生楼-马赛报告厅,5周 星期四 第9节-第10节 南湖南-博学主楼-505,5周 星期五 第9节-第10节 南湖南-博学主楼-505,6周 星期三 第9节-第10节 南湖南-化生楼-马赛报告厅,6周 星期四 第9节-第10节 南湖南-化生楼-马赛报告厅,9-16周 星期三 第9节-第10节 南湖南-化生楼-马赛报告厅","XF":2,"SKXQ":4,"XNXQDM":"2024-2025-2","KCM":"细胞相互作用和动力学","JASDM":"0202040505","JXLDM":"020204","JXBID":"20242-02638","SKBJ":"生物H2201-03","TYXMDM":null,"KCH":"18994117018"},{"KKDWDM":"899","XS":40,"BYBZ":"0","JSJC":7,"XXXQDM":"02","KXH":"02","KSJC":6,"XKZRS":83,"SKZC":"000010000000000000000000","SKJS":"Marc Maresca","ISTK":0,"ZCMC":"5周","YPSJDD":"4周 星期四 第6节-第7节 南湖南-博学主楼-505,4周 星期五 第6节-第7节 南湖南-博学主楼-505,5周 星期一 第6节-第7节 南湖南-博学主楼-505,5周 星期二 第6节-第7节 南湖南-博学主楼-505,5周 星期三 第6节-第7节 南湖南-博学主楼-505,6周 星期一 第6节-第7节 南湖南-博学主楼-505,4周 星期五 第9节-第10节 南湖南-博学主楼-505,5周 星期一 第9节-第10节 南湖南-化生楼-马赛报告厅,5周 星期四 第9节-第10节 南湖南-博学主楼-505,5周 星期五 第9节-第10节 南湖南-博学主楼-505,6周 星期三 第9节-第10节 南湖南-化生楼-马赛报告厅,6周 星期四 第9节-第10节 南湖南-化生楼-马赛报告厅,9-16周 星期三 第9节-第10节 南湖南-化生楼-马赛报告厅","XF":2,"SKXQ":2,"XNXQDM":"2024-2025-2","KCM":"细胞相互作用和动力学","JASDM":"0202040505","JXLDM":"020204","JXBID":"20242-02638","SKBJ":"生物H2201-03","TYXMDM":null,"KCH":"18994117018"},{"KKDWDM":"899","XS":40,"BYBZ":"0","JSJC":7,"XXXQDM":"02","KXH":"02","KSJC":6,"XKZRS":83,"SKZC":"000010000000000000000000","SKJS":"Marc Maresca","ISTK":0,"ZCMC":"5周","YPSJDD":"4周 星期四 第6节-第7节 南湖南-博学主楼-505,4周 星期五 第6节-第7节 南湖南-博学主楼-505,5周 星期一 第6节-第7节 南湖南-博学主楼-505,5周 星期二 第6节-第7节 南湖南-博学主楼-505,5周 星期三 第6节-第7节 南湖南-博学主楼-505,6周 星期一 第6节-第7节 南湖南-博学主楼-505,4周 星期五 第9节-第10节 南湖南-博学主楼-505,5周 星期一 第9节-第10节 南湖南-化生楼-马赛报告厅,5周 星期四 第9节-第10节 南湖南-博学主楼-505,5周 星期五 第9节-第10节 南湖南-博学主楼-505,6周 星期三 第9节-第10节 南湖南-化生楼-马赛报告厅,6周 星期四 第9节-第10节 南湖南-化生楼-马赛报告厅,9-16周 星期三 第9节-第10节 南湖南-化生楼-马赛报告厅","XF":2,"SKXQ":1,"XNXQDM":"2024-2025-2","KCM":"细胞相互作用和动力学","JASDM":"0202040505","JXLDM":"020204","JXBID":"20242-02638","SKBJ":"生物H2201-03","TYXMDM":null,"KCH":"18994117018"},{"KKDWDM":"899","XS":32,"BYBZ":"0","JSJC":7,"XXXQDM":"02","KXH":"04","KSJC":6,"XKZRS":72,"SKZC":"000001011110000000000000","SKJS":"Marie Line Garron","ISTK":0,"ZCMC":"6周,8-11周","YPSJDD":"6周,8-11周 星期二 第6节-第7节 南湖南-博学主楼-505,8周 星期三 第6节-第7节 南湖南-博学主楼-505,15周 星期三 第6节-第7节 南湖南-博学主楼-505,15周 星期四 第6节-第7节 南湖南-博学主楼-505,15周 星期五 第6节-第7节 南湖南-博学主楼-505,16周 星期一 第6节-第7节 南湖南-博学主楼-505,16周 星期二 第6节-第7节 南湖南-博学主楼-505,16周 星期三 第6节-第7节 南湖南-博学主楼-505,16周 星期四 第6节-第7节 南湖南-博学主楼-505,16周 星期五 第6节-第7节 南湖南-博学主楼-505,15周 星期四 第9节-第10节 南湖南-博学主楼-505,16周 星期二 第9节-第10节 南湖南-博学主楼-505","XF":2,"SKXQ":2,"XNXQDM":"2024-2025-2","KCM":"生物仪器分析及应用","JASDM":"0202040505","JXLDM":"020204","JXBID":"20242-09880","SKBJ":"生科类2301-03","TYXMDM":null,"KCH":"18994117009"},{"KKDWDM":"899","XS":40,"BYBZ":"0","JSJC":7,"XXXQDM":"02","KXH":"02","KSJC":6,"XKZRS":83,"SKZC":"000001000000000000000000","SKJS":"Marc Maresca","ISTK":0,"ZCMC":"6周","YPSJDD":"4周 星期四 第6节-第7节 南湖南-博学主楼-505,4周 星期五 第6节-第7节 南湖南-博学主楼-505,5周 星期一 第6节-第7节 南湖南-博学主楼-505,5周 星期二 第6节-第7节 南湖南-博学主楼-505,5周 星期三 第6节-第7节 南湖南-博学主楼-505,6周 星期一 第6节-第7节 南湖南-博学主楼-505,4周 星期五 第9节-第10节 南湖南-博学主楼-505,5周 星期一 第9节-第10节 南湖南-化生楼-马赛报告厅,5周 星期四 第9节-第10节 南湖南-博学主楼-505,5周 星期五 第9节-第10节 南湖南-博学主楼-505,6周 星期三 第9节-第10节 南湖南-化生楼-马赛报告厅,6周 星期四 第9节-第10节 南湖南-化生楼-马赛报告厅,9-16周 星期三 第9节-第10节 南湖南-化生楼-马赛报告厅","XF":2,"SKXQ":1,"XNXQDM":"2024-2025-2","KCM":"细胞相互作用和动力学","JASDM":"0202040505","JXLDM":"020204","JXBID":"20242-02638","SKBJ":"生物H2201-03","TYXMDM":null,"KCH":"18994117018"},{"KKDWDM":"899","XS":32,"BYBZ":"0","JSJC":2,"XXXQDM":"02","KXH":"02","KSJC":1,"XKZRS":76,"SKZC":"000000111000000000000000000000","SKJS":"梅楠","ISTK":0,"ZCMC":"7-9周","YPSJDD":"9周 星期日 第1节-第2节 南湖南-博学主楼-505,1-5周 星期五 第1节-第2节 南湖南-博学主楼-505,11-16周 星期五 第1节-第2节 南湖南-博学主楼-505,17周 星期三 第1节-第2节 南湖南-博学主楼-505,7-9周 星期五 第1节-第2节 南湖南-博学主楼-505","XF":2,"SKXQ":5,"XNXQDM":"2024-2025-2","KCM":"法语科技阅读与写作","JASDM":"0202040505","JXLDM":"020204","JXBID":"20242-09863","SKBJ":"生科类2301-03","TYXMDM":null,"KCH":"18991117025"},{"KKDWDM":"899","XS":32,"BYBZ":"0","JSJC":4,"XXXQDM":"02","KXH":"01","KSJC":3,"XKZRS":69,"SKZC":"000000111000000000000000000000","SKJS":"梅楠","ISTK":0,"ZCMC":"7-9周","YPSJDD":"12-16周 星期二 第1节-第2节 南湖南-博学主楼-505,7-9周 星期五 第3节-第4节 南湖南-博学主楼-505,1-5周 星期五 第3节-第4节 南湖南-博学主楼-505,9周 星期日 第3节-第4节 南湖南-博学主楼-505,11-12周 星期五 第3节-第4节 南湖南-博学主楼-505","XF":2,"SKXQ":5,"XNXQDM":"2024-2025-2","KCM":"法语科技阅读与写作","JASDM":"0202040505","JXLDM":"020204","JXBID":"20242-05546","SKBJ":"生科类2304-06","TYXMDM":null,"KCH":"18991117025"},{"KKDWDM":"899","XS":32,"BYBZ":"0","JSJC":7,"XXXQDM":"02","KXH":"04","KSJC":6,"XKZRS":72,"SKZC":"000000010000000000000000","SKJS":"Marie Line Garron","ISTK":0,"ZCMC":"8周","YPSJDD":"6周,8-11周 星期二 第6节-第7节 南湖南-博学主楼-505,8周 星期三 第6节-第7节 南湖南-博学主楼-505,15周 星期三 第6节-第7节 南湖南-博学主楼-505,15周 星期四 第6节-第7节 南湖南-博学主楼-505,15周 星期五 第6节-第7节 南湖南-博学主楼-505,16周 星期一 第6节-第7节 南湖南-博学主楼-505,16周 星期二 第6节-第7节 南湖南-博学主楼-505,16周 星期三 第6节-第7节 南湖南-博学主楼-505,16周 星期四 第6节-第7节 南湖南-博学主楼-505,16周 星期五 第6节-第7节 南湖南-博学主楼-505,15周 星期四 第9节-第10节 南湖南-博学主楼-505,16周 星期二 第9节-第10节 南湖南-博学主楼-505","XF":2,"SKXQ":3,"XNXQDM":"2024-2025-2","KCM":"生物仪器分析及应用","JASDM":"0202040505","JXLDM":"020204","JXBID":"20242-09880","SKBJ":"生科类2301-03","TYXMDM":null,"KCH":"18994117009"},{"KKDWDM":"899","XS":40,"BYBZ":"0","JSJC":10,"XXXQDM":"02","KXH":"04","KSJC":9,"XKZRS":75,"SKZC":"000000010000000000000000","SKJS":"Frédéric André","ISTK":0,"ZCMC":"8周","YPSJDD":"1周 星期四 第6节-第7节 南湖南-化生楼-马赛报告厅,1周 星期五 第6节-第7节 南湖南-化生楼-马赛报告厅,2周 星期一 第6节-第7节 南湖南-博学主楼-505,2周 星期二 第6节-第7节 南湖南-博学主楼-505,2周 星期三 第6节-第7节 南湖南-博学主楼-505,2周 星期四 第6节-第7节 南湖南-博学主楼-505,3周 星期一 第6节-第7节 南湖南-博学主楼-505,3周 星期二 第6节-第7节 南湖南-博学主楼-505,2周 星期四 第9节-第10节 南湖南-博学主楼-505,3周 星期一 第9节-第10节 南湖南-博学主楼-505,3周 星期三 第9节-第10节 南湖南-博学主楼-505,4-7周 星期一 第9节-第10节 南湖南-博学主楼-505,4-7周 星期三 第9节-第10节 南湖南-博学主楼-505,8周 星期一 第9节-第10节 南湖南-博学主楼-505","XF":2,"SKXQ":1,"XNXQDM":"2024-2025-2","KCM":"细胞生物学","JASDM":"0202040505","JXLDM":"020204","JXBID":"20242-09872","SKBJ":"生科类2301-03","TYXMDM":null,"KCH":"18994117011"},{"KKDWDM":"899","XS":32,"BYBZ":"0","JSJC":4,"XXXQDM":"02","KXH":"01","KSJC":3,"XKZRS":69,"SKZC":"000000001000000000000000000000","SKJS":"梅楠","ISTK":0,"ZCMC":"9周","YPSJDD":"12-16周 星期二 第1节-第2节 南湖南-博学主楼-505,7-9周 星期五 第3节-第4节 南湖南-博学主楼-505,1-5周 星期五 第3节-第4节 南湖南-博学主楼-505,9周 星期日 第3节-第4节 南湖南-博学主楼-505,11-12周 星期五 第3节-第4节 南湖南-博学主楼-505","XF":2,"SKXQ":7,"XNXQDM":"2024-2025-2","KCM":"法语科技阅读与写作","JASDM":"0202040505","JXLDM":"020204","JXBID":"20242-05546","SKBJ":"生科类2304-06","TYXMDM":null,"KCH":"18991117025"},{"KKDWDM":"899","XS":32,"BYBZ":"0","JSJC":2,"XXXQDM":"02","KXH":"02","KSJC":1,"XKZRS":76,"SKZC":"000000001000000000000000000000","SKJS":"梅楠","ISTK":0,"ZCMC":"9周","YPSJDD":"9周 星期日 第1节-第2节 南湖南-博学主楼-505,1-5周 星期五 第1节-第2节 南湖南-博学主楼-505,11-16周 星期五 第1节-第2节 南湖南-博学主楼-505,17周 星期三 第1节-第2节 南湖南-博学主楼-505,7-9周 星期五 第1节-第2节 南湖南-博学主楼-505","XF":2,"SKXQ":7,"XNXQDM":"2024-2025-2","KCM":"法语科技阅读与写作","JASDM":"0202040505","JXLDM":"020204","JXBID":"20242-09863","SKBJ":"生科类2301-03","TYXMDM":null,"KCH":"18991117025"},{"KKDWDM":"899","XS":32,"BYBZ":"0","JSJC":2,"XXXQDM":"02","KXH":"02","KSJC":1,"XKZRS":76,"SKZC":"000000000011111100000000000000","SKJS":"梅楠","ISTK":0,"ZCMC":"11-16周","YPSJDD":"9周 星期日 第1节-第2节 南湖南-博学主楼-505,1-5周 星期五 第1节-第2节 南湖南-博学主楼-505,11-16周 星期五 第1节-第2节 南湖南-博学主楼-505,17周 星期三 第1节-第2节 南湖南-博学主楼-505,7-9周 星期五 第1节-第2节 南湖南-博学主楼-505","XF":2,"SKXQ":5,"XNXQDM":"2024-2025-2","KCM":"法语科技阅读与写作","JASDM":"0202040505","JXLDM":"020204","JXBID":"20242-09863","SKBJ":"生科类2301-03","TYXMDM":null,"KCH":"18991117025"},{"KKDWDM":"899","XS":32,"BYBZ":"0","JSJC":4,"XXXQDM":"02","KXH":"01","KSJC":3,"XKZRS":69,"SKZC":"000000000011000000000000000000","SKJS":"梅楠","ISTK":0,"ZCMC":"11-12周","YPSJDD":"12-16周 星期二 第1节-第2节 南湖南-博学主楼-505,7-9周 星期五 第3节-第4节 南湖南-博学主楼-505,1-5周 星期五 第3节-第4节 南湖南-博学主楼-505,9周 星期日 第3节-第4节 南湖南-博学主楼-505,11-12周 星期五 第3节-第4节 南湖南-博学主楼-505","XF":2,"SKXQ":5,"XNXQDM":"2024-2025-2","KCM":"法语科技阅读与写作","JASDM":"0202040505","JXLDM":"020204","JXBID":"20242-05546","SKBJ":"生科类2304-06","TYXMDM":null,"KCH":"18991117025"},{"KKDWDM":"899","XS":32,"BYBZ":"0","JSJC":7,"XXXQDM":"02","KXH":"04","KSJC":6,"XKZRS":71,"SKZC":"000000000010000000000000000000","SKJS":"Yonghua LI-BEISSON","ISTK":0,"ZCMC":"11周","YPSJDD":"11周 星期四 第6节-第7节 南湖南-博学主楼-505,13-16周 星期五 第3节-第4节 南湖南-博学主楼-505,12周 星期二 第6节-第8节 南湖南-博学主楼-505,11周 星期日 第6节-第7节 南湖南-博学主楼-505,11周 星期日 第9节-第10节 南湖南-博学主楼-505,12周 星期一 第6节-第7节 南湖南-博学主楼-505,12周 星期三 第6节-第8节 南湖南-博学主楼-505,14周 星期一 第6节-第7节 南湖南-博学主楼-505,11周 星期五 第6节-第7节 南湖南-博学主楼-505,12周 星期一 第9节-第10节 南湖南-博学主楼-505,11周 星期四 第9节-第10节 南湖南-博学主楼-505,11周 星期五 第9节-第10节 南湖南-博学主楼-505","XF":2,"SKXQ":5,"XNXQDM":"2024-2025-2","KCM":"微生物学导论","JASDM":"0202040505","JXLDM":"020204","JXBID":"20242-09869","SKBJ":"生科类2301-03","TYXMDM":null,"KCH":"18994121012"},{"KKDWDM":"899","XS":32,"BYBZ":"0","JSJC":10,"XXXQDM":"02","KXH":"04","KSJC":9,"XKZRS":71,"SKZC":"000000000010000000000000000000","SKJS":"Yonghua LI-BEISSON","ISTK":0,"ZCMC":"11周","YPSJDD":"11周 星期四 第6节-第7节 南湖南-博学主楼-505,13-16周 星期五 第3节-第4节 南湖南-博学主楼-505,12周 星期二 第6节-第8节 南湖南-博学主楼-505,11周 星期日 第6节-第7节 南湖南-博学主楼-505,11周 星期日 第9节-第10节 南湖南-博学主楼-505,12周 星期一 第6节-第7节 南湖南-博学主楼-505,12周 星期三 第6节-第8节 南湖南-博学主楼-505,14周 星期一 第6节-第7节 南湖南-博学主楼-505,11周 星期五 第6节-第7节 南湖南-博学主楼-505,12周 星期一 第9节-第10节 南湖南-博学主楼-505,11周 星期四 第9节-第10节 南湖南-博学主楼-505,11周 星期五 第9节-第10节 南湖南-博学主楼-505","XF":2,"SKXQ":4,"XNXQDM":"2024-2025-2","KCM":"微生物学导论","JASDM":"0202040505","JXLDM":"020204","JXBID":"20242-09869","SKBJ":"生科类2301-03","TYXMDM":null,"KCH":"18994121012"},{"KKDWDM":"899","XS":32,"BYBZ":"0","JSJC":10,"XXXQDM":"02","KXH":"04","KSJC":9,"XKZRS":71,"SKZC":"000000000010000000000000000000","SKJS":"Yonghua LI-BEISSON","ISTK":0,"ZCMC":"11周","YPSJDD":"11周 星期四 第6节-第7节 南湖南-博学主楼-505,13-16周 星期五 第3节-第4节 南湖南-博学主楼-505,12周 星期二 第6节-第8节 南湖南-博学主楼-505,11周 星期日 第6节-第7节 南湖南-博学主楼-505,11周 星期日 第9节-第10节 南湖南-博学主楼-505,12周 星期一 第6节-第7节 南湖南-博学主楼-505,12周 星期三 第6节-第8节 南湖南-博学主楼-505,14周 星期一 第6节-第7节 南湖南-博学主楼-505,11周 星期五 第6节-第7节 南湖南-博学主楼-505,12周 星期一 第9节-第10节 南湖南-博学主楼-505,11周 星期四 第9节-第10节 南湖南-博学主楼-505,11周 星期五 第9节-第10节 南湖南-博学主楼-505","XF":2,"SKXQ":7,"XNXQDM":"2024-2025-2","KCM":"微生物学导论","JASDM":"0202040505","JXLDM":"020204","JXBID":"20242-09869","SKBJ":"生科类2301-03","TYXMDM":null,"KCH":"18994121012"},{"KKDWDM":"899","XS":32,"BYBZ":"0","JSJC":7,"XXXQDM":"02","KXH":"04","KSJC":6,"XKZRS":71,"SKZC":"000000000010000000000000000000","SKJS":"Yonghua LI-BEISSON","ISTK":0,"ZCMC":"11周","YPSJDD":"11周 星期四 第6节-第7节 南湖南-博学主楼-505,13-16周 星期五 第3节-第4节 南湖南-博学主楼-505,12周 星期二 第6节-第8节 南湖南-博学主楼-505,11周 星期日 第6节-第7节 南湖南-博学主楼-505,11周 星期日 第9节-第10节 南湖南-博学主楼-505,12周 星期一 第6节-第7节 南湖南-博学主楼-505,12周 星期三 第6节-第8节 南湖南-博学主楼-505,14周 星期一 第6节-第7节 南湖南-博学主楼-505,11周 星期五 第6节-第7节 南湖南-博学主楼-505,12周 星期一 第9节-第10节 南湖南-博学主楼-505,11周 星期四 第9节-第10节 南湖南-博学主楼-505,11周 星期五 第9节-第10节 南湖南-博学主楼-505","XF":2,"SKXQ":4,"XNXQDM":"2024-2025-2","KCM":"微生物学导论","JASDM":"0202040505","JXLDM":"020204","JXBID":"20242-09869","SKBJ":"生科类2301-03","TYXMDM":null,"KCH":"18994121012"},{"KKDWDM":"899","XS":32,"BYBZ":"0","JSJC":10,"XXXQDM":"02","KXH":"04","KSJC":9,"XKZRS":71,"SKZC":"000000000010000000000000000000","SKJS":"Yonghua LI-BEISSON","ISTK":0,"ZCMC":"11周","YPSJDD":"11周 星期四 第6节-第7节 南湖南-博学主楼-505,13-16周 星期五 第3节-第4节 南湖南-博学主楼-505,12周 星期二 第6节-第8节 南湖南-博学主楼-505,11周 星期日 第6节-第7节 南湖南-博学主楼-505,11周 星期日 第9节-第10节 南湖南-博学主楼-505,12周 星期一 第6节-第7节 南湖南-博学主楼-505,12周 星期三 第6节-第8节 南湖南-博学主楼-505,14周 星期一 第6节-第7节 南湖南-博学主楼-505,11周 星期五 第6节-第7节 南湖南-博学主楼-505,12周 星期一 第9节-第10节 南湖南-博学主楼-505,11周 星期四 第9节-第10节 南湖南-博学主楼-505,11周 星期五 第9节-第10节 南湖南-博学主楼-505","XF":2,"SKXQ":5,"XNXQDM":"2024-2025-2","KCM":"微生物学导论","JASDM":"0202040505","JXLDM":"020204","JXBID":"20242-09869","SKBJ":"生科类2301-03","TYXMDM":null,"KCH":"18994121012"},{"KKDWDM":"899","XS":32,"BYBZ":"0","JSJC":7,"XXXQDM":"02","KXH":"04","KSJC":6,"XKZRS":71,"SKZC":"000000000010000000000000000000","SKJS":"Yonghua LI-BEISSON","ISTK":0,"ZCMC":"11周","YPSJDD":"11周 星期四 第6节-第7节 南湖南-博学主楼-505,13-16周 星期五 第3节-第4节 南湖南-博学主楼-505,12周 星期二 第6节-第8节 南湖南-博学主楼-505,11周 星期日 第6节-第7节 南湖南-博学主楼-505,11周 星期日 第9节-第10节 南湖南-博学主楼-505,12周 星期一 第6节-第7节 南湖南-博学主楼-505,12周 星期三 第6节-第8节 南湖南-博学主楼-505,14周 星期一 第6节-第7节 南湖南-博学主楼-505,11周 星期五 第6节-第7节 南湖南-博学主楼-505,12周 星期一 第9节-第10节 南湖南-博学主楼-505,11周 星期四 第9节-第10节 南湖南-博学主楼-505,11周 星期五 第9节-第10节 南湖南-博学主楼-505","XF":2,"SKXQ":7,"XNXQDM":"2024-2025-2","KCM":"微生物学导论","JASDM":"0202040505","JXLDM":"020204","JXBID":"20242-09869","SKBJ":"生科类2301-03","TYXMDM":null,"KCH":"18994121012"},{"KKDWDM":"899","XS":32,"BYBZ":"0","JSJC":2,"XXXQDM":"02","KXH":"01","KSJC":1,"XKZRS":69,"SKZC":"000000000001111100000000000000","SKJS":"梅楠","ISTK":0,"ZCMC":"12-16周","YPSJDD":"12-16周 星期二 第1节-第2节 南湖南-博学主楼-505,7-9周 星期五 第3节-第4节 南湖南-博学主楼-505,1-5周 星期五 第3节-第4节 南湖南-博学主楼-505,9周 星期日 第3节-第4节 南湖南-博学主楼-505,11-12周 星期五 第3节-第4节 南湖南-博学主楼-505","XF":2,"SKXQ":2,"XNXQDM":"2024-2025-2","KCM":"法语科技阅读与写作","JASDM":"0202040505","JXLDM":"020204","JXBID":"20242-05546","SKBJ":"生科类2304-06","TYXMDM":null,"KCH":"18991117025"},{"KKDWDM":"899","XS":32,"BYBZ":"0","JSJC":8,"XXXQDM":"02","KXH":"04","KSJC":6,"XKZRS":71,"SKZC":"000000000001000000000000000000","SKJS":"Yonghua LI-BEISSON","ISTK":0,"ZCMC":"12周","YPSJDD":"11周 星期四 第6节-第7节 南湖南-博学主楼-505,13-16周 星期五 第3节-第4节 南湖南-博学主楼-505,12周 星期二 第6节-第8节 南湖南-博学主楼-505,11周 星期日 第6节-第7节 南湖南-博学主楼-505,11周 星期日 第9节-第10节 南湖南-博学主楼-505,12周 星期一 第6节-第7节 南湖南-博学主楼-505,12周 星期三 第6节-第8节 南湖南-博学主楼-505,14周 星期一 第6节-第7节 南湖南-博学主楼-505,11周 星期五 第6节-第7节 南湖南-博学主楼-505,12周 星期一 第9节-第10节 南湖南-博学主楼-505,11周 星期四 第9节-第10节 南湖南-博学主楼-505,11周 星期五 第9节-第10节 南湖南-博学主楼-505","XF":2,"SKXQ":2,"XNXQDM":"2024-2025-2","KCM":"微生物学导论","JASDM":"0202040505","JXLDM":"020204","JXBID":"20242-09869","SKBJ":"生科类2301-03","TYXMDM":null,"KCH":"18994121012"},{"KKDWDM":"899","XS":32,"BYBZ":"0","JSJC":10,"XXXQDM":"02","KXH":"04","KSJC":9,"XKZRS":71,"SKZC":"000000000001000000000000000000","SKJS":"Yonghua LI-BEISSON","ISTK":0,"ZCMC":"12周","YPSJDD":"11周 星期四 第6节-第7节 南湖南-博学主楼-505,13-16周 星期五 第3节-第4节 南湖南-博学主楼-505,12周 星期二 第6节-第8节 南湖南-博学主楼-505,11周 星期日 第6节-第7节 南湖南-博学主楼-505,11周 星期日 第9节-第10节 南湖南-博学主楼-505,12周 星期一 第6节-第7节 南湖南-博学主楼-505,12周 星期三 第6节-第8节 南湖南-博学主楼-505,14周 星期一 第6节-第7节 南湖南-博学主楼-505,11周 星期五 第6节-第7节 南湖南-博学主楼-505,12周 星期一 第9节-第10节 南湖南-博学主楼-505,11周 星期四 第9节-第10节 南湖南-博学主楼-505,11周 星期五 第9节-第10节 南湖南-博学主楼-505","XF":2,"SKXQ":1,"XNXQDM":"2024-2025-2","KCM":"微生物学导论","JASDM":"0202040505","JXLDM":"020204","JXBID":"20242-09869","SKBJ":"生科类2301-03","TYXMDM":null,"KCH":"18994121012"},{"KKDWDM":"899","XS":32,"BYBZ":"0","JSJC":7,"XXXQDM":"02","KXH":"04","KSJC":6,"XKZRS":71,"SKZC":"000000000001000000000000000000","SKJS":"Yonghua LI-BEISSON","ISTK":0,"ZCMC":"12周","YPSJDD":"11周 星期四 第6节-第7节 南湖南-博学主楼-505,13-16周 星期五 第3节-第4节 南湖南-博学主楼-505,12周 星期二 第6节-第8节 南湖南-博学主楼-505,11周 星期日 第6节-第7节 南湖南-博学主楼-505,11周 星期日 第9节-第10节 南湖南-博学主楼-505,12周 星期一 第6节-第7节 南湖南-博学主楼-505,12周 星期三 第6节-第8节 南湖南-博学主楼-505,14周 星期一 第6节-第7节 南湖南-博学主楼-505,11周 星期五 第6节-第7节 南湖南-博学主楼-505,12周 星期一 第9节-第10节 南湖南-博学主楼-505,11周 星期四 第9节-第10节 南湖南-博学主楼-505,11周 星期五 第9节-第10节 南湖南-博学主楼-505","XF":2,"SKXQ":1,"XNXQDM":"2024-2025-2","KCM":"微生物学导论","JASDM":"0202040505","JXLDM":"020204","JXBID":"20242-09869","SKBJ":"生科类2301-03","TYXMDM":null,"KCH":"18994121012"},{"KKDWDM":"899","XS":32,"BYBZ":"0","JSJC":8,"XXXQDM":"02","KXH":"04","KSJC":6,"XKZRS":71,"SKZC":"000000000001000000000000000000","SKJS":"Yonghua LI-BEISSON","ISTK":0,"ZCMC":"12周","YPSJDD":"11周 星期四 第6节-第7节 南湖南-博学主楼-505,13-16周 星期五 第3节-第4节 南湖南-博学主楼-505,12周 星期二 第6节-第8节 南湖南-博学主楼-505,11周 星期日 第6节-第7节 南湖南-博学主楼-505,11周 星期日 第9节-第10节 南湖南-博学主楼-505,12周 星期一 第6节-第7节 南湖南-博学主楼-505,12周 星期三 第6节-第8节 南湖南-博学主楼-505,14周 星期一 第6节-第7节 南湖南-博学主楼-505,11周 星期五 第6节-第7节 南湖南-博学主楼-505,12周 星期一 第9节-第10节 南湖南-博学主楼-505,11周 星期四 第9节-第10节 南湖南-博学主楼-505,11周 星期五 第9节-第10节 南湖南-博学主楼-505","XF":2,"SKXQ":3,"XNXQDM":"2024-2025-2","KCM":"微生物学导论","JASDM":"0202040505","JXLDM":"020204","JXBID":"20242-09869","SKBJ":"生科类2301-03","TYXMDM":null,"KCH":"18994121012"},{"KKDWDM":"899","XS":40,"BYBZ":"0","JSJC":10,"XXXQDM":"02","KXH":"04","KSJC":9,"XKZRS":70,"SKZC":"000000000001000000000000","SKJS":"Olga Iranzo","ISTK":0,"ZCMC":"12周","YPSJDD":"12周 星期四 第6节-第7节 南湖南-博学主楼-505,12周 星期五 第6节-第7节 南湖南-博学主楼-505,13周 星期一 第6节-第7节 南湖南-博学主楼-505,13周 星期二 第6节-第7节 南湖南-博学主楼-505,13周 星期三 第6节-第7节 南湖南-博学主楼-505,13周 星期四 第6节-第7节 南湖南-博学主楼-505,14周 星期二 第6节-第7节 南湖南-博学主楼-505,14周 星期三 第6节-第7节 南湖南-博学主楼-505,14周 星期四 第6节-第7节 南湖南-博学主楼-505,14周 星期五 第6节-第7节 南湖南-博学主楼-505,15周 星期二 第6节-第7节 南湖南-博学主楼-505,12周 星期四 第9节-第10节 南湖南-博学主楼-505,12周 星期五 第9节-第10节 南湖南-博学主楼-505,13周 星期一 第9节-第10节 南湖南-博学主楼-505,13周 星期二 第9节-第10节 南湖南-博学主楼-505,13周 星期三 第9节-第10节 南湖南-博学主楼-505,14周 星期二 第9节-第10节 南湖南-博学主楼-505,14周 星期三 第9节-第10节 南湖南-博学主楼-505,14周 星期五 第9节-第10节 南湖南-博学主楼-505,15周 星期二 第9节-第10节 南湖南-博学主楼-505","XF":2,"SKXQ":5,"XNXQDM":"2024-2025-2","KCM":"分子遗传学","JASDM":"0202040505","JXLDM":"020204","JXBID":"20242-09866","SKBJ":"生科类2301-03","TYXMDM":null,"KCH":"18994117020"},{"KKDWDM":"899","XS":40,"BYBZ":"0","JSJC":10,"XXXQDM":"02","KXH":"04","KSJC":9,"XKZRS":70,"SKZC":"000000000001000000000000","SKJS":"Olga Iranzo","ISTK":0,"ZCMC":"12周","YPSJDD":"12周 星期四 第6节-第7节 南湖南-博学主楼-505,12周 星期五 第6节-第7节 南湖南-博学主楼-505,13周 星期一 第6节-第7节 南湖南-博学主楼-505,13周 星期二 第6节-第7节 南湖南-博学主楼-505,13周 星期三 第6节-第7节 南湖南-博学主楼-505,13周 星期四 第6节-第7节 南湖南-博学主楼-505,14周 星期二 第6节-第7节 南湖南-博学主楼-505,14周 星期三 第6节-第7节 南湖南-博学主楼-505,14周 星期四 第6节-第7节 南湖南-博学主楼-505,14周 星期五 第6节-第7节 南湖南-博学主楼-505,15周 星期二 第6节-第7节 南湖南-博学主楼-505,12周 星期四 第9节-第10节 南湖南-博学主楼-505,12周 星期五 第9节-第10节 南湖南-博学主楼-505,13周 星期一 第9节-第10节 南湖南-博学主楼-505,13周 星期二 第9节-第10节 南湖南-博学主楼-505,13周 星期三 第9节-第10节 南湖南-博学主楼-505,14周 星期二 第9节-第10节 南湖南-博学主楼-505,14周 星期三 第9节-第10节 南湖南-博学主楼-505,14周 星期五 第9节-第10节 南湖南-博学主楼-505,15周 星期二 第9节-第10节 南湖南-博学主楼-505","XF":2,"SKXQ":4,"XNXQDM":"2024-2025-2","KCM":"分子遗传学","JASDM":"0202040505","JXLDM":"020204","JXBID":"20242-09866","SKBJ":"生科类2301-03","TYXMDM":null,"KCH":"18994117020"},{"KKDWDM":"899","XS":40,"BYBZ":"0","JSJC":7,"XXXQDM":"02","KXH":"04","KSJC":6,"XKZRS":70,"SKZC":"000000000001000000000000","SKJS":"Olga Iranzo","ISTK":0,"ZCMC":"12周","YPSJDD":"12周 星期四 第6节-第7节 南湖南-博学主楼-505,12周 星期五 第6节-第7节 南湖南-博学主楼-505,13周 星期一 第6节-第7节 南湖南-博学主楼-505,13周 星期二 第6节-第7节 南湖南-博学主楼-505,13周 星期三 第6节-第7节 南湖南-博学主楼-505,13周 星期四 第6节-第7节 南湖南-博学主楼-505,14周 星期二 第6节-第7节 南湖南-博学主楼-505,14周 星期三 第6节-第7节 南湖南-博学主楼-505,14周 星期四 第6节-第7节 南湖南-博学主楼-505,14周 星期五 第6节-第7节 南湖南-博学主楼-505,15周 星期二 第6节-第7节 南湖南-博学主楼-505,12周 星期四 第9节-第10节 南湖南-博学主楼-505,12周 星期五 第9节-第10节 南湖南-博学主楼-505,13周 星期一 第9节-第10节 南湖南-博学主楼-505,13周 星期二 第9节-第10节 南湖南-博学主楼-505,13周 星期三 第9节-第10节 南湖南-博学主楼-505,14周 星期二 第9节-第10节 南湖南-博学主楼-505,14周 星期三 第9节-第10节 南湖南-博学主楼-505,14周 星期五 第9节-第10节 南湖南-博学主楼-505,15周 星期二 第9节-第10节 南湖南-博学主楼-505","XF":2,"SKXQ":5,"XNXQDM":"2024-2025-2","KCM":"分子遗传学","JASDM":"0202040505","JXLDM":"020204","JXBID":"20242-09866","SKBJ":"生科类2301-03","TYXMDM":null,"KCH":"18994117020"},{"KKDWDM":"899","XS":40,"BYBZ":"0","JSJC":7,"XXXQDM":"02","KXH":"04","KSJC":6,"XKZRS":70,"SKZC":"000000000001000000000000","SKJS":"Olga Iranzo","ISTK":0,"ZCMC":"12周","YPSJDD":"12周 星期四 第6节-第7节 南湖南-博学主楼-505,12周 星期五 第6节-第7节 南湖南-博学主楼-505,13周 星期一 第6节-第7节 南湖南-博学主楼-505,13周 星期二 第6节-第7节 南湖南-博学主楼-505,13周 星期三 第6节-第7节 南湖南-博学主楼-505,13周 星期四 第6节-第7节 南湖南-博学主楼-505,14周 星期二 第6节-第7节 南湖南-博学主楼-505,14周 星期三 第6节-第7节 南湖南-博学主楼-505,14周 星期四 第6节-第7节 南湖南-博学主楼-505,14周 星期五 第6节-第7节 南湖南-博学主楼-505,15周 星期二 第6节-第7节 南湖南-博学主楼-505,12周 星期四 第9节-第10节 南湖南-博学主楼-505,12周 星期五 第9节-第10节 南湖南-博学主楼-505,13周 星期一 第9节-第10节 南湖南-博学主楼-505,13周 星期二 第9节-第10节 南湖南-博学主楼-505,13周 星期三 第9节-第10节 南湖南-博学主楼-505,14周 星期二 第9节-第10节 南湖南-博学主楼-505,14周 星期三 第9节-第10节 南湖南-博学主楼-505,14周 星期五 第9节-第10节 南湖南-博学主楼-505,15周 星期二 第9节-第10节 南湖南-博学主楼-505","XF":2,"SKXQ":4,"XNXQDM":"2024-2025-2","KCM":"分子遗传学","JASDM":"0202040505","JXLDM":"020204","JXBID":"20242-09866","SKBJ":"生科类2301-03","TYXMDM":null,"KCH":"18994117020"},{"KKDWDM":"899","XS":32,"BYBZ":"0","JSJC":4,"XXXQDM":"02","KXH":"04","KSJC":3,"XKZRS":71,"SKZC":"000000000000111100000000000000","SKJS":"Yonghua LI-BEISSON","ISTK":0,"ZCMC":"13-16周","YPSJDD":"11周 星期四 第6节-第7节 南湖南-博学主楼-505,13-16周 星期五 第3节-第4节 南湖南-博学主楼-505,12周 星期二 第6节-第8节 南湖南-博学主楼-505,11周 星期日 第6节-第7节 南湖南-博学主楼-505,11周 星期日 第9节-第10节 南湖南-博学主楼-505,12周 星期一 第6节-第7节 南湖南-博学主楼-505,12周 星期三 第6节-第8节 南湖南-博学主楼-505,14周 星期一 第6节-第7节 南湖南-博学主楼-505,11周 星期五 第6节-第7节 南湖南-博学主楼-505,12周 星期一 第9节-第10节 南湖南-博学主楼-505,11周 星期四 第9节-第10节 南湖南-博学主楼-505,11周 星期五 第9节-第10节 南湖南-博学主楼-505","XF":2,"SKXQ":5,"XNXQDM":"2024-2025-2","KCM":"微生物学导论","JASDM":"0202040505","JXLDM":"020204","JXBID":"20242-09869","SKBJ":"生科类2301-03","TYXMDM":null,"KCH":"18994121012"},{"KKDWDM":"899","XS":40,"BYBZ":"0","JSJC":10,"XXXQDM":"02","KXH":"04","KSJC":9,"XKZRS":70,"SKZC":"000000000000100000000000","SKJS":"Olga Iranzo","ISTK":0,"ZCMC":"13周","YPSJDD":"12周 星期四 第6节-第7节 南湖南-博学主楼-505,12周 星期五 第6节-第7节 南湖南-博学主楼-505,13周 星期一 第6节-第7节 南湖南-博学主楼-505,13周 星期二 第6节-第7节 南湖南-博学主楼-505,13周 星期三 第6节-第7节 南湖南-博学主楼-505,13周 星期四 第6节-第7节 南湖南-博学主楼-505,14周 星期二 第6节-第7节 南湖南-博学主楼-505,14周 星期三 第6节-第7节 南湖南-博学主楼-505,14周 星期四 第6节-第7节 南湖南-博学主楼-505,14周 星期五 第6节-第7节 南湖南-博学主楼-505,15周 星期二 第6节-第7节 南湖南-博学主楼-505,12周 星期四 第9节-第10节 南湖南-博学主楼-505,12周 星期五 第9节-第10节 南湖南-博学主楼-505,13周 星期一 第9节-第10节 南湖南-博学主楼-505,13周 星期二 第9节-第10节 南湖南-博学主楼-505,13周 星期三 第9节-第10节 南湖南-博学主楼-505,14周 星期二 第9节-第10节 南湖南-博学主楼-505,14周 星期三 第9节-第10节 南湖南-博学主楼-505,14周 星期五 第9节-第10节 南湖南-博学主楼-505,15周 星期二 第9节-第10节 南湖南-博学主楼-505","XF":2,"SKXQ":2,"XNXQDM":"2024-2025-2","KCM":"分子遗传学","JASDM":"0202040505","JXLDM":"020204","JXBID":"20242-09866","SKBJ":"生科类2301-03","TYXMDM":null,"KCH":"18994117020"},{"KKDWDM":"899","XS":40,"BYBZ":"0","JSJC":10,"XXXQDM":"02","KXH":"04","KSJC":9,"XKZRS":70,"SKZC":"000000000000100000000000","SKJS":"Olga Iranzo","ISTK":0,"ZCMC":"13周","YPSJDD":"12周 星期四 第6节-第7节 南湖南-博学主楼-505,12周 星期五 第6节-第7节 南湖南-博学主楼-505,13周 星期一 第6节-第7节 南湖南-博学主楼-505,13周 星期二 第6节-第7节 南湖南-博学主楼-505,13周 星期三 第6节-第7节 南湖南-博学主楼-505,13周 星期四 第6节-第7节 南湖南-博学主楼-505,14周 星期二 第6节-第7节 南湖南-博学主楼-505,14周 星期三 第6节-第7节 南湖南-博学主楼-505,14周 星期四 第6节-第7节 南湖南-博学主楼-505,14周 星期五 第6节-第7节 南湖南-博学主楼-505,15周 星期二 第6节-第7节 南湖南-博学主楼-505,12周 星期四 第9节-第10节 南湖南-博学主楼-505,12周 星期五 第9节-第10节 南湖南-博学主楼-505,13周 星期一 第9节-第10节 南湖南-博学主楼-505,13周 星期二 第9节-第10节 南湖南-博学主楼-505,13周 星期三 第9节-第10节 南湖南-博学主楼-505,14周 星期二 第9节-第10节 南湖南-博学主楼-505,14周 星期三 第9节-第10节 南湖南-博学主楼-505,14周 星期五 第9节-第10节 南湖南-博学主楼-505,15周 星期二 第9节-第10节 南湖南-博学主楼-505","XF":2,"SKXQ":3,"XNXQDM":"2024-2025-2","KCM":"分子遗传学","JASDM":"0202040505","JXLDM":"020204","JXBID":"20242-09866","SKBJ":"生科类2301-03","TYXMDM":null,"KCH":"18994117020"},{"KKDWDM":"899","XS":40,"BYBZ":"0","JSJC":10,"XXXQDM":"02","KXH":"04","KSJC":9,"XKZRS":70,"SKZC":"000000000000100000000000","SKJS":"Olga Iranzo","ISTK":0,"ZCMC":"13周","YPSJDD":"12周 星期四 第6节-第7节 南湖南-博学主楼-505,12周 星期五 第6节-第7节 南湖南-博学主楼-505,13周 星期一 第6节-第7节 南湖南-博学主楼-505,13周 星期二 第6节-第7节 南湖南-博学主楼-505,13周 星期三 第6节-第7节 南湖南-博学主楼-505,13周 星期四 第6节-第7节 南湖南-博学主楼-505,14周 星期二 第6节-第7节 南湖南-博学主楼-505,14周 星期三 第6节-第7节 南湖南-博学主楼-505,14周 星期四 第6节-第7节 南湖南-博学主楼-505,14周 星期五 第6节-第7节 南湖南-博学主楼-505,15周 星期二 第6节-第7节 南湖南-博学主楼-505,12周 星期四 第9节-第10节 南湖南-博学主楼-505,12周 星期五 第9节-第10节 南湖南-博学主楼-505,13周 星期一 第9节-第10节 南湖南-博学主楼-505,13周 星期二 第9节-第10节 南湖南-博学主楼-505,13周 星期三 第9节-第10节 南湖南-博学主楼-505,14周 星期二 第9节-第10节 南湖南-博学主楼-505,14周 星期三 第9节-第10节 南湖南-博学主楼-505,14周 星期五 第9节-第10节 南湖南-博学主楼-505,15周 星期二 第9节-第10节 南湖南-博学主楼-505","XF":2,"SKXQ":1,"XNXQDM":"2024-2025-2","KCM":"分子遗传学","JASDM":"0202040505","JXLDM":"020204","JXBID":"20242-09866","SKBJ":"生科类2301-03","TYXMDM":null,"KCH":"18994117020"},{"KKDWDM":"899","XS":40,"BYBZ":"0","JSJC":7,"XXXQDM":"02","KXH":"04","KSJC":6,"XKZRS":70,"SKZC":"000000000000100000000000","SKJS":"Olga Iranzo","ISTK":0,"ZCMC":"13周","YPSJDD":"12周 星期四 第6节-第7节 南湖南-博学主楼-505,12周 星期五 第6节-第7节 南湖南-博学主楼-505,13周 星期一 第6节-第7节 南湖南-博学主楼-505,13周 星期二 第6节-第7节 南湖南-博学主楼-505,13周 星期三 第6节-第7节 南湖南-博学主楼-505,13周 星期四 第6节-第7节 南湖南-博学主楼-505,14周 星期二 第6节-第7节 南湖南-博学主楼-505,14周 星期三 第6节-第7节 南湖南-博学主楼-505,14周 星期四 第6节-第7节 南湖南-博学主楼-505,14周 星期五 第6节-第7节 南湖南-博学主楼-505,15周 星期二 第6节-第7节 南湖南-博学主楼-505,12周 星期四 第9节-第10节 南湖南-博学主楼-505,12周 星期五 第9节-第10节 南湖南-博学主楼-505,13周 星期一 第9节-第10节 南湖南-博学主楼-505,13周 星期二 第9节-第10节 南湖南-博学主楼-505,13周 星期三 第9节-第10节 南湖南-博学主楼-505,14周 星期二 第9节-第10节 南湖南-博学主楼-505,14周 星期三 第9节-第10节 南湖南-博学主楼-505,14周 星期五 第9节-第10节 南湖南-博学主楼-505,15周 星期二 第9节-第10节 南湖南-博学主楼-505","XF":2,"SKXQ":2,"XNXQDM":"2024-2025-2","KCM":"分子遗传学","JASDM":"0202040505","JXLDM":"020204","JXBID":"20242-09866","SKBJ":"生科类2301-03","TYXMDM":null,"KCH":"18994117020"},{"KKDWDM":"899","XS":40,"BYBZ":"0","JSJC":7,"XXXQDM":"02","KXH":"04","KSJC":6,"XKZRS":70,"SKZC":"000000000000100000000000","SKJS":"Olga Iranzo","ISTK":0,"ZCMC":"13周","YPSJDD":"12周 星期四 第6节-第7节 南湖南-博学主楼-505,12周 星期五 第6节-第7节 南湖南-博学主楼-505,13周 星期一 第6节-第7节 南湖南-博学主楼-505,13周 星期二 第6节-第7节 南湖南-博学主楼-505,13周 星期三 第6节-第7节 南湖南-博学主楼-505,13周 星期四 第6节-第7节 南湖南-博学主楼-505,14周 星期二 第6节-第7节 南湖南-博学主楼-505,14周 星期三 第6节-第7节 南湖南-博学主楼-505,14周 星期四 第6节-第7节 南湖南-博学主楼-505,14周 星期五 第6节-第7节 南湖南-博学主楼-505,15周 星期二 第6节-第7节 南湖南-博学主楼-505,12周 星期四 第9节-第10节 南湖南-博学主楼-505,12周 星期五 第9节-第10节 南湖南-博学主楼-505,13周 星期一 第9节-第10节 南湖南-博学主楼-505,13周 星期二 第9节-第10节 南湖南-博学主楼-505,13周 星期三 第9节-第10节 南湖南-博学主楼-505,14周 星期二 第9节-第10节 南湖南-博学主楼-505,14周 星期三 第9节-第10节 南湖南-博学主楼-505,14周 星期五 第9节-第10节 南湖南-博学主楼-505,15周 星期二 第9节-第10节 南湖南-博学主楼-505","XF":2,"SKXQ":1,"XNXQDM":"2024-2025-2","KCM":"分子遗传学","JASDM":"0202040505","JXLDM":"020204","JXBID":"20242-09866","SKBJ":"生科类2301-03","TYXMDM":null,"KCH":"18994117020"},{"KKDWDM":"899","XS":40,"BYBZ":"0","JSJC":7,"XXXQDM":"02","KXH":"04","KSJC":6,"XKZRS":70,"SKZC":"000000000000100000000000","SKJS":"Olga Iranzo","ISTK":0,"ZCMC":"13周","YPSJDD":"12周 星期四 第6节-第7节 南湖南-博学主楼-505,12周 星期五 第6节-第7节 南湖南-博学主楼-505,13周 星期一 第6节-第7节 南湖南-博学主楼-505,13周 星期二 第6节-第7节 南湖南-博学主楼-505,13周 星期三 第6节-第7节 南湖南-博学主楼-505,13周 星期四 第6节-第7节 南湖南-博学主楼-505,14周 星期二 第6节-第7节 南湖南-博学主楼-505,14周 星期三 第6节-第7节 南湖南-博学主楼-505,14周 星期四 第6节-第7节 南湖南-博学主楼-505,14周 星期五 第6节-第7节 南湖南-博学主楼-505,15周 星期二 第6节-第7节 南湖南-博学主楼-505,12周 星期四 第9节-第10节 南湖南-博学主楼-505,12周 星期五 第9节-第10节 南湖南-博学主楼-505,13周 星期一 第9节-第10节 南湖南-博学主楼-505,13周 星期二 第9节-第10节 南湖南-博学主楼-505,13周 星期三 第9节-第10节 南湖南-博学主楼-505,14周 星期二 第9节-第10节 南湖南-博学主楼-505,14周 星期三 第9节-第10节 南湖南-博学主楼-505,14周 星期五 第9节-第10节 南湖南-博学主楼-505,15周 星期二 第9节-第10节 南湖南-博学主楼-505","XF":2,"SKXQ":4,"XNXQDM":"2024-2025-2","KCM":"分子遗传学","JASDM":"0202040505","JXLDM":"020204","JXBID":"20242-09866","SKBJ":"生科类2301-03","TYXMDM":null,"KCH":"18994117020"},{"KKDWDM":"899","XS":40,"BYBZ":"0","JSJC":7,"XXXQDM":"02","KXH":"04","KSJC":6,"XKZRS":70,"SKZC":"000000000000100000000000","SKJS":"Olga Iranzo","ISTK":0,"ZCMC":"13周","YPSJDD":"12周 星期四 第6节-第7节 南湖南-博学主楼-505,12周 星期五 第6节-第7节 南湖南-博学主楼-505,13周 星期一 第6节-第7节 南湖南-博学主楼-505,13周 星期二 第6节-第7节 南湖南-博学主楼-505,13周 星期三 第6节-第7节 南湖南-博学主楼-505,13周 星期四 第6节-第7节 南湖南-博学主楼-505,14周 星期二 第6节-第7节 南湖南-博学主楼-505,14周 星期三 第6节-第7节 南湖南-博学主楼-505,14周 星期四 第6节-第7节 南湖南-博学主楼-505,14周 星期五 第6节-第7节 南湖南-博学主楼-505,15周 星期二 第6节-第7节 南湖南-博学主楼-505,12周 星期四 第9节-第10节 南湖南-博学主楼-505,12周 星期五 第9节-第10节 南湖南-博学主楼-505,13周 星期一 第9节-第10节 南湖南-博学主楼-505,13周 星期二 第9节-第10节 南湖南-博学主楼-505,13周 星期三 第9节-第10节 南湖南-博学主楼-505,14周 星期二 第9节-第10节 南湖南-博学主楼-505,14周 星期三 第9节-第10节 南湖南-博学主楼-505,14周 星期五 第9节-第10节 南湖南-博学主楼-505,15周 星期二 第9节-第10节 南湖南-博学主楼-505","XF":2,"SKXQ":3,"XNXQDM":"2024-2025-2","KCM":"分子遗传学","JASDM":"0202040505","JXLDM":"020204","JXBID":"20242-09866","SKBJ":"生科类2301-03","TYXMDM":null,"KCH":"18994117020"},{"KKDWDM":"899","XS":32,"BYBZ":"0","JSJC":7,"XXXQDM":"02","KXH":"04","KSJC":6,"XKZRS":71,"SKZC":"000000000000010000000000000000","SKJS":"Yonghua LI-BEISSON","ISTK":0,"ZCMC":"14周","YPSJDD":"11周 星期四 第6节-第7节 南湖南-博学主楼-505,13-16周 星期五 第3节-第4节 南湖南-博学主楼-505,12周 星期二 第6节-第8节 南湖南-博学主楼-505,11周 星期日 第6节-第7节 南湖南-博学主楼-505,11周 星期日 第9节-第10节 南湖南-博学主楼-505,12周 星期一 第6节-第7节 南湖南-博学主楼-505,12周 星期三 第6节-第8节 南湖南-博学主楼-505,14周 星期一 第6节-第7节 南湖南-博学主楼-505,11周 星期五 第6节-第7节 南湖南-博学主楼-505,12周 星期一 第9节-第10节 南湖南-博学主楼-505,11周 星期四 第9节-第10节 南湖南-博学主楼-505,11周 星期五 第9节-第10节 南湖南-博学主楼-505","XF":2,"SKXQ":1,"XNXQDM":"2024-2025-2","KCM":"微生物学导论","JASDM":"0202040505","JXLDM":"020204","JXBID":"20242-09869","SKBJ":"生科类2301-03","TYXMDM":null,"KCH":"18994121012"},{"KKDWDM":"899","XS":40,"BYBZ":"0","JSJC":7,"XXXQDM":"02","KXH":"04","KSJC":6,"XKZRS":70,"SKZC":"000000000000010000000000","SKJS":"Olga Iranzo","ISTK":0,"ZCMC":"14周","YPSJDD":"12周 星期四 第6节-第7节 南湖南-博学主楼-505,12周 星期五 第6节-第7节 南湖南-博学主楼-505,13周 星期一 第6节-第7节 南湖南-博学主楼-505,13周 星期二 第6节-第7节 南湖南-博学主楼-505,13周 星期三 第6节-第7节 南湖南-博学主楼-505,13周 星期四 第6节-第7节 南湖南-博学主楼-505,14周 星期二 第6节-第7节 南湖南-博学主楼-505,14周 星期三 第6节-第7节 南湖南-博学主楼-505,14周 星期四 第6节-第7节 南湖南-博学主楼-505,14周 星期五 第6节-第7节 南湖南-博学主楼-505,15周 星期二 第6节-第7节 南湖南-博学主楼-505,12周 星期四 第9节-第10节 南湖南-博学主楼-505,12周 星期五 第9节-第10节 南湖南-博学主楼-505,13周 星期一 第9节-第10节 南湖南-博学主楼-505,13周 星期二 第9节-第10节 南湖南-博学主楼-505,13周 星期三 第9节-第10节 南湖南-博学主楼-505,14周 星期二 第9节-第10节 南湖南-博学主楼-505,14周 星期三 第9节-第10节 南湖南-博学主楼-505,14周 星期五 第9节-第10节 南湖南-博学主楼-505,15周 星期二 第9节-第10节 南湖南-博学主楼-505","XF":2,"SKXQ":3,"XNXQDM":"2024-2025-2","KCM":"分子遗传学","JASDM":"0202040505","JXLDM":"020204","JXBID":"20242-09866","SKBJ":"生科类2301-03","TYXMDM":null,"KCH":"18994117020"},{"KKDWDM":"899","XS":40,"BYBZ":"0","JSJC":10,"XXXQDM":"02","KXH":"04","KSJC":9,"XKZRS":70,"SKZC":"000000000000010000000000","SKJS":"Olga Iranzo","ISTK":0,"ZCMC":"14周","YPSJDD":"12周 星期四 第6节-第7节 南湖南-博学主楼-505,12周 星期五 第6节-第7节 南湖南-博学主楼-505,13周 星期一 第6节-第7节 南湖南-博学主楼-505,13周 星期二 第6节-第7节 南湖南-博学主楼-505,13周 星期三 第6节-第7节 南湖南-博学主楼-505,13周 星期四 第6节-第7节 南湖南-博学主楼-505,14周 星期二 第6节-第7节 南湖南-博学主楼-505,14周 星期三 第6节-第7节 南湖南-博学主楼-505,14周 星期四 第6节-第7节 南湖南-博学主楼-505,14周 星期五 第6节-第7节 南湖南-博学主楼-505,15周 星期二 第6节-第7节 南湖南-博学主楼-505,12周 星期四 第9节-第10节 南湖南-博学主楼-505,12周 星期五 第9节-第10节 南湖南-博学主楼-505,13周 星期一 第9节-第10节 南湖南-博学主楼-505,13周 星期二 第9节-第10节 南湖南-博学主楼-505,13周 星期三 第9节-第10节 南湖南-博学主楼-505,14周 星期二 第9节-第10节 南湖南-博学主楼-505,14周 星期三 第9节-第10节 南湖南-博学主楼-505,14周 星期五 第9节-第10节 南湖南-博学主楼-505,15周 星期二 第9节-第10节 南湖南-博学主楼-505","XF":2,"SKXQ":5,"XNXQDM":"2024-2025-2","KCM":"分子遗传学","JASDM":"0202040505","JXLDM":"020204","JXBID":"20242-09866","SKBJ":"生科类2301-03","TYXMDM":null,"KCH":"18994117020"},{"KKDWDM":"899","XS":40,"BYBZ":"0","JSJC":7,"XXXQDM":"02","KXH":"04","KSJC":6,"XKZRS":70,"SKZC":"000000000000010000000000","SKJS":"Olga Iranzo","ISTK":0,"ZCMC":"14周","YPSJDD":"12周 星期四 第6节-第7节 南湖南-博学主楼-505,12周 星期五 第6节-第7节 南湖南-博学主楼-505,13周 星期一 第6节-第7节 南湖南-博学主楼-505,13周 星期二 第6节-第7节 南湖南-博学主楼-505,13周 星期三 第6节-第7节 南湖南-博学主楼-505,13周 星期四 第6节-第7节 南湖南-博学主楼-505,14周 星期二 第6节-第7节 南湖南-博学主楼-505,14周 星期三 第6节-第7节 南湖南-博学主楼-505,14周 星期四 第6节-第7节 南湖南-博学主楼-505,14周 星期五 第6节-第7节 南湖南-博学主楼-505,15周 星期二 第6节-第7节 南湖南-博学主楼-505,12周 星期四 第9节-第10节 南湖南-博学主楼-505,12周 星期五 第9节-第10节 南湖南-博学主楼-505,13周 星期一 第9节-第10节 南湖南-博学主楼-505,13周 星期二 第9节-第10节 南湖南-博学主楼-505,13周 星期三 第9节-第10节 南湖南-博学主楼-505,14周 星期二 第9节-第10节 南湖南-博学主楼-505,14周 星期三 第9节-第10节 南湖南-博学主楼-505,14周 星期五 第9节-第10节 南湖南-博学主楼-505,15周 星期二 第9节-第10节 南湖南-博学主楼-505","XF":2,"SKXQ":4,"XNXQDM":"2024-2025-2","KCM":"分子遗传学","JASDM":"0202040505","JXLDM":"020204","JXBID":"20242-09866","SKBJ":"生科类2301-03","TYXMDM":null,"KCH":"18994117020"},{"KKDWDM":"899","XS":40,"BYBZ":"0","JSJC":7,"XXXQDM":"02","KXH":"04","KSJC":6,"XKZRS":70,"SKZC":"000000000000010000000000","SKJS":"Olga Iranzo","ISTK":0,"ZCMC":"14周","YPSJDD":"12周 星期四 第6节-第7节 南湖南-博学主楼-505,12周 星期五 第6节-第7节 南湖南-博学主楼-505,13周 星期一 第6节-第7节 南湖南-博学主楼-505,13周 星期二 第6节-第7节 南湖南-博学主楼-505,13周 星期三 第6节-第7节 南湖南-博学主楼-505,13周 星期四 第6节-第7节 南湖南-博学主楼-505,14周 星期二 第6节-第7节 南湖南-博学主楼-505,14周 星期三 第6节-第7节 南湖南-博学主楼-505,14周 星期四 第6节-第7节 南湖南-博学主楼-505,14周 星期五 第6节-第7节 南湖南-博学主楼-505,15周 星期二 第6节-第7节 南湖南-博学主楼-505,12周 星期四 第9节-第10节 南湖南-博学主楼-505,12周 星期五 第9节-第10节 南湖南-博学主楼-505,13周 星期一 第9节-第10节 南湖南-博学主楼-505,13周 星期二 第9节-第10节 南湖南-博学主楼-505,13周 星期三 第9节-第10节 南湖南-博学主楼-505,14周 星期二 第9节-第10节 南湖南-博学主楼-505,14周 星期三 第9节-第10节 南湖南-博学主楼-505,14周 星期五 第9节-第10节 南湖南-博学主楼-505,15周 星期二 第9节-第10节 南湖南-博学主楼-505","XF":2,"SKXQ":2,"XNXQDM":"2024-2025-2","KCM":"分子遗传学","JASDM":"0202040505","JXLDM":"020204","JXBID":"20242-09866","SKBJ":"生科类2301-03","TYXMDM":null,"KCH":"18994117020"},{"KKDWDM":"899","XS":40,"BYBZ":"0","JSJC":7,"XXXQDM":"02","KXH":"04","KSJC":6,"XKZRS":70,"SKZC":"000000000000010000000000","SKJS":"Olga Iranzo","ISTK":0,"ZCMC":"14周","YPSJDD":"12周 星期四 第6节-第7节 南湖南-博学主楼-505,12周 星期五 第6节-第7节 南湖南-博学主楼-505,13周 星期一 第6节-第7节 南湖南-博学主楼-505,13周 星期二 第6节-第7节 南湖南-博学主楼-505,13周 星期三 第6节-第7节 南湖南-博学主楼-505,13周 星期四 第6节-第7节 南湖南-博学主楼-505,14周 星期二 第6节-第7节 南湖南-博学主楼-505,14周 星期三 第6节-第7节 南湖南-博学主楼-505,14周 星期四 第6节-第7节 南湖南-博学主楼-505,14周 星期五 第6节-第7节 南湖南-博学主楼-505,15周 星期二 第6节-第7节 南湖南-博学主楼-505,12周 星期四 第9节-第10节 南湖南-博学主楼-505,12周 星期五 第9节-第10节 南湖南-博学主楼-505,13周 星期一 第9节-第10节 南湖南-博学主楼-505,13周 星期二 第9节-第10节 南湖南-博学主楼-505,13周 星期三 第9节-第10节 南湖南-博学主楼-505,14周 星期二 第9节-第10节 南湖南-博学主楼-505,14周 星期三 第9节-第10节 南湖南-博学主楼-505,14周 星期五 第9节-第10节 南湖南-博学主楼-505,15周 星期二 第9节-第10节 南湖南-博学主楼-505","XF":2,"SKXQ":5,"XNXQDM":"2024-2025-2","KCM":"分子遗传学","JASDM":"0202040505","JXLDM":"020204","JXBID":"20242-09866","SKBJ":"生科类2301-03","TYXMDM":null,"KCH":"18994117020"},{"KKDWDM":"899","XS":40,"BYBZ":"0","JSJC":10,"XXXQDM":"02","KXH":"04","KSJC":9,"XKZRS":70,"SKZC":"000000000000010000000000","SKJS":"Olga Iranzo","ISTK":0,"ZCMC":"14周","YPSJDD":"12周 星期四 第6节-第7节 南湖南-博学主楼-505,12周 星期五 第6节-第7节 南湖南-博学主楼-505,13周 星期一 第6节-第7节 南湖南-博学主楼-505,13周 星期二 第6节-第7节 南湖南-博学主楼-505,13周 星期三 第6节-第7节 南湖南-博学主楼-505,13周 星期四 第6节-第7节 南湖南-博学主楼-505,14周 星期二 第6节-第7节 南湖南-博学主楼-505,14周 星期三 第6节-第7节 南湖南-博学主楼-505,14周 星期四 第6节-第7节 南湖南-博学主楼-505,14周 星期五 第6节-第7节 南湖南-博学主楼-505,15周 星期二 第6节-第7节 南湖南-博学主楼-505,12周 星期四 第9节-第10节 南湖南-博学主楼-505,12周 星期五 第9节-第10节 南湖南-博学主楼-505,13周 星期一 第9节-第10节 南湖南-博学主楼-505,13周 星期二 第9节-第10节 南湖南-博学主楼-505,13周 星期三 第9节-第10节 南湖南-博学主楼-505,14周 星期二 第9节-第10节 南湖南-博学主楼-505,14周 星期三 第9节-第10节 南湖南-博学主楼-505,14周 星期五 第9节-第10节 南湖南-博学主楼-505,15周 星期二 第9节-第10节 南湖南-博学主楼-505","XF":2,"SKXQ":2,"XNXQDM":"2024-2025-2","KCM":"分子遗传学","JASDM":"0202040505","JXLDM":"020204","JXBID":"20242-09866","SKBJ":"生科类2301-03","TYXMDM":null,"KCH":"18994117020"},{"KKDWDM":"899","XS":40,"BYBZ":"0","JSJC":10,"XXXQDM":"02","KXH":"04","KSJC":9,"XKZRS":70,"SKZC":"000000000000010000000000","SKJS":"Olga Iranzo","ISTK":0,"ZCMC":"14周","YPSJDD":"12周 星期四 第6节-第7节 南湖南-博学主楼-505,12周 星期五 第6节-第7节 南湖南-博学主楼-505,13周 星期一 第6节-第7节 南湖南-博学主楼-505,13周 星期二 第6节-第7节 南湖南-博学主楼-505,13周 星期三 第6节-第7节 南湖南-博学主楼-505,13周 星期四 第6节-第7节 南湖南-博学主楼-505,14周 星期二 第6节-第7节 南湖南-博学主楼-505,14周 星期三 第6节-第7节 南湖南-博学主楼-505,14周 星期四 第6节-第7节 南湖南-博学主楼-505,14周 星期五 第6节-第7节 南湖南-博学主楼-505,15周 星期二 第6节-第7节 南湖南-博学主楼-505,12周 星期四 第9节-第10节 南湖南-博学主楼-505,12周 星期五 第9节-第10节 南湖南-博学主楼-505,13周 星期一 第9节-第10节 南湖南-博学主楼-505,13周 星期二 第9节-第10节 南湖南-博学主楼-505,13周 星期三 第9节-第10节 南湖南-博学主楼-505,14周 星期二 第9节-第10节 南湖南-博学主楼-505,14周 星期三 第9节-第10节 南湖南-博学主楼-505,14周 星期五 第9节-第10节 南湖南-博学主楼-505,15周 星期二 第9节-第10节 南湖南-博学主楼-505","XF":2,"SKXQ":3,"XNXQDM":"2024-2025-2","KCM":"分子遗传学","JASDM":"0202040505","JXLDM":"020204","JXBID":"20242-09866","SKBJ":"生科类2301-03","TYXMDM":null,"KCH":"18994117020"},{"KKDWDM":"899","XS":40,"BYBZ":"0","JSJC":7,"XXXQDM":"02","KXH":"04","KSJC":6,"XKZRS":70,"SKZC":"000000000000001000000000","SKJS":"Olga Iranzo","ISTK":0,"ZCMC":"15周","YPSJDD":"12周 星期四 第6节-第7节 南湖南-博学主楼-505,12周 星期五 第6节-第7节 南湖南-博学主楼-505,13周 星期一 第6节-第7节 南湖南-博学主楼-505,13周 星期二 第6节-第7节 南湖南-博学主楼-505,13周 星期三 第6节-第7节 南湖南-博学主楼-505,13周 星期四 第6节-第7节 南湖南-博学主楼-505,14周 星期二 第6节-第7节 南湖南-博学主楼-505,14周 星期三 第6节-第7节 南湖南-博学主楼-505,14周 星期四 第6节-第7节 南湖南-博学主楼-505,14周 星期五 第6节-第7节 南湖南-博学主楼-505,15周 星期二 第6节-第7节 南湖南-博学主楼-505,12周 星期四 第9节-第10节 南湖南-博学主楼-505,12周 星期五 第9节-第10节 南湖南-博学主楼-505,13周 星期一 第9节-第10节 南湖南-博学主楼-505,13周 星期二 第9节-第10节 南湖南-博学主楼-505,13周 星期三 第9节-第10节 南湖南-博学主楼-505,14周 星期二 第9节-第10节 南湖南-博学主楼-505,14周 星期三 第9节-第10节 南湖南-博学主楼-505,14周 星期五 第9节-第10节 南湖南-博学主楼-505,15周 星期二 第9节-第10节 南湖南-博学主楼-505","XF":2,"SKXQ":2,"XNXQDM":"2024-2025-2","KCM":"分子遗传学","JASDM":"0202040505","JXLDM":"020204","JXBID":"20242-09866","SKBJ":"生科类2301-03","TYXMDM":null,"KCH":"18994117020"},{"KKDWDM":"899","XS":32,"BYBZ":"0","JSJC":7,"XXXQDM":"02","KXH":"04","KSJC":6,"XKZRS":72,"SKZC":"000000000000001000000000","SKJS":"Marie Line Garron","ISTK":0,"ZCMC":"15周","YPSJDD":"6周,8-11周 星期二 第6节-第7节 南湖南-博学主楼-505,8周 星期三 第6节-第7节 南湖南-博学主楼-505,15周 星期三 第6节-第7节 南湖南-博学主楼-505,15周 星期四 第6节-第7节 南湖南-博学主楼-505,15周 星期五 第6节-第7节 南湖南-博学主楼-505,16周 星期一 第6节-第7节 南湖南-博学主楼-505,16周 星期二 第6节-第7节 南湖南-博学主楼-505,16周 星期三 第6节-第7节 南湖南-博学主楼-505,16周 星期四 第6节-第7节 南湖南-博学主楼-505,16周 星期五 第6节-第7节 南湖南-博学主楼-505,15周 星期四 第9节-第10节 南湖南-博学主楼-505,16周 星期二 第9节-第10节 南湖南-博学主楼-505","XF":2,"SKXQ":5,"XNXQDM":"2024-2025-2","KCM":"生物仪器分析及应用","JASDM":"0202040505","JXLDM":"020204","JXBID":"20242-09880","SKBJ":"生科类2301-03","TYXMDM":null,"KCH":"18994117009"},{"KKDWDM":"899","XS":32,"BYBZ":"0","JSJC":7,"XXXQDM":"02","KXH":"04","KSJC":6,"XKZRS":72,"SKZC":"000000000000001000000000","SKJS":"Marie Line Garron","ISTK":0,"ZCMC":"15周","YPSJDD":"6周,8-11周 星期二 第6节-第7节 南湖南-博学主楼-505,8周 星期三 第6节-第7节 南湖南-博学主楼-505,15周 星期三 第6节-第7节 南湖南-博学主楼-505,15周 星期四 第6节-第7节 南湖南-博学主楼-505,15周 星期五 第6节-第7节 南湖南-博学主楼-505,16周 星期一 第6节-第7节 南湖南-博学主楼-505,16周 星期二 第6节-第7节 南湖南-博学主楼-505,16周 星期三 第6节-第7节 南湖南-博学主楼-505,16周 星期四 第6节-第7节 南湖南-博学主楼-505,16周 星期五 第6节-第7节 南湖南-博学主楼-505,15周 星期四 第9节-第10节 南湖南-博学主楼-505,16周 星期二 第9节-第10节 南湖南-博学主楼-505","XF":2,"SKXQ":4,"XNXQDM":"2024-2025-2","KCM":"生物仪器分析及应用","JASDM":"0202040505","JXLDM":"020204","JXBID":"20242-09880","SKBJ":"生科类2301-03","TYXMDM":null,"KCH":"18994117009"},{"KKDWDM":"899","XS":40,"BYBZ":"0","JSJC":10,"XXXQDM":"02","KXH":"04","KSJC":9,"XKZRS":70,"SKZC":"000000000000001000000000","SKJS":"Olga Iranzo","ISTK":0,"ZCMC":"15周","YPSJDD":"12周 星期四 第6节-第7节 南湖南-博学主楼-505,12周 星期五 第6节-第7节 南湖南-博学主楼-505,13周 星期一 第6节-第7节 南湖南-博学主楼-505,13周 星期二 第6节-第7节 南湖南-博学主楼-505,13周 星期三 第6节-第7节 南湖南-博学主楼-505,13周 星期四 第6节-第7节 南湖南-博学主楼-505,14周 星期二 第6节-第7节 南湖南-博学主楼-505,14周 星期三 第6节-第7节 南湖南-博学主楼-505,14周 星期四 第6节-第7节 南湖南-博学主楼-505,14周 星期五 第6节-第7节 南湖南-博学主楼-505,15周 星期二 第6节-第7节 南湖南-博学主楼-505,12周 星期四 第9节-第10节 南湖南-博学主楼-505,12周 星期五 第9节-第10节 南湖南-博学主楼-505,13周 星期一 第9节-第10节 南湖南-博学主楼-505,13周 星期二 第9节-第10节 南湖南-博学主楼-505,13周 星期三 第9节-第10节 南湖南-博学主楼-505,14周 星期二 第9节-第10节 南湖南-博学主楼-505,14周 星期三 第9节-第10节 南湖南-博学主楼-505,14周 星期五 第9节-第10节 南湖南-博学主楼-505,15周 星期二 第9节-第10节 南湖南-博学主楼-505","XF":2,"SKXQ":2,"XNXQDM":"2024-2025-2","KCM":"分子遗传学","JASDM":"0202040505","JXLDM":"020204","JXBID":"20242-09866","SKBJ":"生科类2301-03","TYXMDM":null,"KCH":"18994117020"},{"KKDWDM":"899","XS":32,"BYBZ":"0","JSJC":7,"XXXQDM":"02","KXH":"04","KSJC":6,"XKZRS":72,"SKZC":"000000000000001000000000","SKJS":"Marie Line Garron","ISTK":0,"ZCMC":"15周","YPSJDD":"6周,8-11周 星期二 第6节-第7节 南湖南-博学主楼-505,8周 星期三 第6节-第7节 南湖南-博学主楼-505,15周 星期三 第6节-第7节 南湖南-博学主楼-505,15周 星期四 第6节-第7节 南湖南-博学主楼-505,15周 星期五 第6节-第7节 南湖南-博学主楼-505,16周 星期一 第6节-第7节 南湖南-博学主楼-505,16周 星期二 第6节-第7节 南湖南-博学主楼-505,16周 星期三 第6节-第7节 南湖南-博学主楼-505,16周 星期四 第6节-第7节 南湖南-博学主楼-505,16周 星期五 第6节-第7节 南湖南-博学主楼-505,15周 星期四 第9节-第10节 南湖南-博学主楼-505,16周 星期二 第9节-第10节 南湖南-博学主楼-505","XF":2,"SKXQ":3,"XNXQDM":"2024-2025-2","KCM":"生物仪器分析及应用","JASDM":"0202040505","JXLDM":"020204","JXBID":"20242-09880","SKBJ":"生科类2301-03","TYXMDM":null,"KCH":"18994117009"},{"KKDWDM":"899","XS":32,"BYBZ":"0","JSJC":10,"XXXQDM":"02","KXH":"04","KSJC":9,"XKZRS":72,"SKZC":"000000000000001000000000","SKJS":"Marie Line Garron","ISTK":0,"ZCMC":"15周","YPSJDD":"6周,8-11周 星期二 第6节-第7节 南湖南-博学主楼-505,8周 星期三 第6节-第7节 南湖南-博学主楼-505,15周 星期三 第6节-第7节 南湖南-博学主楼-505,15周 星期四 第6节-第7节 南湖南-博学主楼-505,15周 星期五 第6节-第7节 南湖南-博学主楼-505,16周 星期一 第6节-第7节 南湖南-博学主楼-505,16周 星期二 第6节-第7节 南湖南-博学主楼-505,16周 星期三 第6节-第7节 南湖南-博学主楼-505,16周 星期四 第6节-第7节 南湖南-博学主楼-505,16周 星期五 第6节-第7节 南湖南-博学主楼-505,15周 星期四 第9节-第10节 南湖南-博学主楼-505,16周 星期二 第9节-第10节 南湖南-博学主楼-505","XF":2,"SKXQ":4,"XNXQDM":"2024-2025-2","KCM":"生物仪器分析及应用","JASDM":"0202040505","JXLDM":"020204","JXBID":"20242-09880","SKBJ":"生科类2301-03","TYXMDM":null,"KCH":"18994117009"},{"KKDWDM":"899","XS":32,"BYBZ":"0","JSJC":7,"XXXQDM":"02","KXH":"04","KSJC":6,"XKZRS":72,"SKZC":"000000000000000100000000","SKJS":"Marie Line Garron","ISTK":0,"ZCMC":"16周","YPSJDD":"6周,8-11周 星期二 第6节-第7节 南湖南-博学主楼-505,8周 星期三 第6节-第7节 南湖南-博学主楼-505,15周 星期三 第6节-第7节 南湖南-博学主楼-505,15周 星期四 第6节-第7节 南湖南-博学主楼-505,15周 星期五 第6节-第7节 南湖南-博学主楼-505,16周 星期一 第6节-第7节 南湖南-博学主楼-505,16周 星期二 第6节-第7节 南湖南-博学主楼-505,16周 星期三 第6节-第7节 南湖南-博学主楼-505,16周 星期四 第6节-第7节 南湖南-博学主楼-505,16周 星期五 第6节-第7节 南湖南-博学主楼-505,15周 星期四 第9节-第10节 南湖南-博学主楼-505,16周 星期二 第9节-第10节 南湖南-博学主楼-505","XF":2,"SKXQ":5,"XNXQDM":"2024-2025-2","KCM":"生物仪器分析及应用","JASDM":"0202040505","JXLDM":"020204","JXBID":"20242-09880","SKBJ":"生科类2301-03","TYXMDM":null,"KCH":"18994117009"},{"KKDWDM":"899","XS":32,"BYBZ":"0","JSJC":7,"XXXQDM":"02","KXH":"04","KSJC":6,"XKZRS":72,"SKZC":"000000000000000100000000","SKJS":"Marie Line Garron","ISTK":0,"ZCMC":"16周","YPSJDD":"6周,8-11周 星期二 第6节-第7节 南湖南-博学主楼-505,8周 星期三 第6节-第7节 南湖南-博学主楼-505,15周 星期三 第6节-第7节 南湖南-博学主楼-505,15周 星期四 第6节-第7节 南湖南-博学主楼-505,15周 星期五 第6节-第7节 南湖南-博学主楼-505,16周 星期一 第6节-第7节 南湖南-博学主楼-505,16周 星期二 第6节-第7节 南湖南-博学主楼-505,16周 星期三 第6节-第7节 南湖南-博学主楼-505,16周 星期四 第6节-第7节 南湖南-博学主楼-505,16周 星期五 第6节-第7节 南湖南-博学主楼-505,15周 星期四 第9节-第10节 南湖南-博学主楼-505,16周 星期二 第9节-第10节 南湖南-博学主楼-505","XF":2,"SKXQ":3,"XNXQDM":"2024-2025-2","KCM":"生物仪器分析及应用","JASDM":"0202040505","JXLDM":"020204","JXBID":"20242-09880","SKBJ":"生科类2301-03","TYXMDM":null,"KCH":"18994117009"},{"KKDWDM":"899","XS":32,"BYBZ":"0","JSJC":7,"XXXQDM":"02","KXH":"04","KSJC":6,"XKZRS":72,"SKZC":"000000000000000100000000","SKJS":"Marie Line Garron","ISTK":0,"ZCMC":"16周","YPSJDD":"6周,8-11周 星期二 第6节-第7节 南湖南-博学主楼-505,8周 星期三 第6节-第7节 南湖南-博学主楼-505,15周 星期三 第6节-第7节 南湖南-博学主楼-505,15周 星期四 第6节-第7节 南湖南-博学主楼-505,15周 星期五 第6节-第7节 南湖南-博学主楼-505,16周 星期一 第6节-第7节 南湖南-博学主楼-505,16周 星期二 第6节-第7节 南湖南-博学主楼-505,16周 星期三 第6节-第7节 南湖南-博学主楼-505,16周 星期四 第6节-第7节 南湖南-博学主楼-505,16周 星期五 第6节-第7节 南湖南-博学主楼-505,15周 星期四 第9节-第10节 南湖南-博学主楼-505,16周 星期二 第9节-第10节 南湖南-博学主楼-505","XF":2,"SKXQ":1,"XNXQDM":"2024-2025-2","KCM":"生物仪器分析及应用","JASDM":"0202040505","JXLDM":"020204","JXBID":"20242-09880","SKBJ":"生科类2301-03","TYXMDM":null,"KCH":"18994117009"},{"KKDWDM":"899","XS":32,"BYBZ":"0","JSJC":10,"XXXQDM":"02","KXH":"04","KSJC":9,"XKZRS":72,"SKZC":"000000000000000100000000","SKJS":"Marie Line Garron","ISTK":0,"ZCMC":"16周","YPSJDD":"6周,8-11周 星期二 第6节-第7节 南湖南-博学主楼-505,8周 星期三 第6节-第7节 南湖南-博学主楼-505,15周 星期三 第6节-第7节 南湖南-博学主楼-505,15周 星期四 第6节-第7节 南湖南-博学主楼-505,15周 星期五 第6节-第7节 南湖南-博学主楼-505,16周 星期一 第6节-第7节 南湖南-博学主楼-505,16周 星期二 第6节-第7节 南湖南-博学主楼-505,16周 星期三 第6节-第7节 南湖南-博学主楼-505,16周 星期四 第6节-第7节 南湖南-博学主楼-505,16周 星期五 第6节-第7节 南湖南-博学主楼-505,15周 星期四 第9节-第10节 南湖南-博学主楼-505,16周 星期二 第9节-第10节 南湖南-博学主楼-505","XF":2,"SKXQ":2,"XNXQDM":"2024-2025-2","KCM":"生物仪器分析及应用","JASDM":"0202040505","JXLDM":"020204","JXBID":"20242-09880","SKBJ":"生科类2301-03","TYXMDM":null,"KCH":"18994117009"},{"KKDWDM":"899","XS":32,"BYBZ":"0","JSJC":7,"XXXQDM":"02","KXH":"04","KSJC":6,"XKZRS":72,"SKZC":"000000000000000100000000","SKJS":"Marie Line Garron","ISTK":0,"ZCMC":"16周","YPSJDD":"6周,8-11周 星期二 第6节-第7节 南湖南-博学主楼-505,8周 星期三 第6节-第7节 南湖南-博学主楼-505,15周 星期三 第6节-第7节 南湖南-博学主楼-505,15周 星期四 第6节-第7节 南湖南-博学主楼-505,15周 星期五 第6节-第7节 南湖南-博学主楼-505,16周 星期一 第6节-第7节 南湖南-博学主楼-505,16周 星期二 第6节-第7节 南湖南-博学主楼-505,16周 星期三 第6节-第7节 南湖南-博学主楼-505,16周 星期四 第6节-第7节 南湖南-博学主楼-505,16周 星期五 第6节-第7节 南湖南-博学主楼-505,15周 星期四 第9节-第10节 南湖南-博学主楼-505,16周 星期二 第9节-第10节 南湖南-博学主楼-505","XF":2,"SKXQ":2,"XNXQDM":"2024-2025-2","KCM":"生物仪器分析及应用","JASDM":"0202040505","JXLDM":"020204","JXBID":"20242-09880","SKBJ":"生科类2301-03","TYXMDM":null,"KCH":"18994117009"},{"KKDWDM":"899","XS":32,"BYBZ":"0","JSJC":7,"XXXQDM":"02","KXH":"04","KSJC":6,"XKZRS":72,"SKZC":"000000000000000100000000","SKJS":"Marie Line Garron","ISTK":0,"ZCMC":"16周","YPSJDD":"6周,8-11周 星期二 第6节-第7节 南湖南-博学主楼-505,8周 星期三 第6节-第7节 南湖南-博学主楼-505,15周 星期三 第6节-第7节 南湖南-博学主楼-505,15周 星期四 第6节-第7节 南湖南-博学主楼-505,15周 星期五 第6节-第7节 南湖南-博学主楼-505,16周 星期一 第6节-第7节 南湖南-博学主楼-505,16周 星期二 第6节-第7节 南湖南-博学主楼-505,16周 星期三 第6节-第7节 南湖南-博学主楼-505,16周 星期四 第6节-第7节 南湖南-博学主楼-505,16周 星期五 第6节-第7节 南湖南-博学主楼-505,15周 星期四 第9节-第10节 南湖南-博学主楼-505,16周 星期二 第9节-第10节 南湖南-博学主楼-505","XF":2,"SKXQ":4,"XNXQDM":"2024-2025-2","KCM":"生物仪器分析及应用","JASDM":"0202040505","JXLDM":"020204","JXBID":"20242-09880","SKBJ":"生科类2301-03","TYXMDM":null,"KCH":"18994117009"},{"KKDWDM":"899","XS":32,"BYBZ":"0","JSJC":2,"XXXQDM":"02","KXH":"02","KSJC":1,"XKZRS":76,"SKZC":"000000000000000010000000000000","SKJS":"梅楠","ISTK":0,"ZCMC":"17周","YPSJDD":"9周 星期日 第1节-第2节 南湖南-博学主楼-505,1-5周 星期五 第1节-第2节 南湖南-博学主楼-505,11-16周 星期五 第1节-第2节 南湖南-博学主楼-505,17周 星期三 第1节-第2节 南湖南-博学主楼-505,7-9周 星期五 第1节-第2节 南湖南-博学主楼-505","XF":2,"SKXQ":3,"XNXQDM":"2024-2025-2","KCM":"法语科技阅读与写作","JASDM":"0202040505","JXLDM":"020204","JXBID":"20242-09863","SKBJ":"生科类2301-03","TYXMDM":null,"KCH":"18991117025"}]}},"code":"0"}