{"datas":{"jaskcb":{"extParams":{"code":1,"msg":"查询成功"},"pageSize":0,"pageNumber":0,"totalSize":-1,"rows":[{"KKDWDM":"017","XS":32,"BYBZ":"0","JSJC":2,"XXXQDM":"02","KXH":"01","KSJC":1,"XKZRS":20,"SKZC":"111111111111111100000000","SKJS":"尹皓","ISTK":0,"ZCMC":"1-16周","YPSJDD":"1-16周 星期二 第1节-第2节 南湖南-博学西楼-219","XF":2,"SKXQ":2,"XNXQDM":"2024-2025-2","KCM":"企业经营策划学B","JASDM":"0202030219","JXLDM":"020203","JXBID":"20242-04765","SKBJ":"工商t2301","TYXMDM":null,"KCH":"4170095970"},{"KKDWDM":"022","XS":48,"BYBZ":"0","JSJC":10,"XXXQDM":"02","KXH":"01","KSJC":9,"XKZRS":29,"SKZC":"111111111111111100000000","SKJS":"杨圣华","ISTK":0,"ZCMC":"1-16周","YPSJDD":"1-16周 星期二 第9节-第10节 南湖南-博学西楼-219","XF":3,"SKXQ":2,"XNXQDM":"2024-2025-2","KCM":"数字影像创意与制作","JASDM":"0202030219","JXLDM":"020203","JXBID":"20242-05852","SKBJ":"新媒体2301","TYXMDM":null,"KCH":"10225121016"},{"KKDWDM":"022","XS":48,"BYBZ":"0","JSJC":8,"XXXQDM":"02","KXH":"02","KSJC":6,"XKZRS":32,"SKZC":"11111111111111110000","SKJS":"张雄军","ISTK":0,"ZCMC":"1-16周","YPSJDD":"1-16周 星期三 第6节-第8节 南湖南-博学西楼-219","XF":3,"SKXQ":3,"XNXQDM":"2024-2025-2","KCM":"广告美术基础B","JASDM":"0202030219","JXLDM":"020203","JXBID":"20242-06816","SKBJ":"广告2301","TYXMDM":null,"KCH":"10224117079"},{"KKDWDM":"020","XS":32,"BYBZ":"0","JSJC":2,"XXXQDM":"02","KXH":"08","KSJC":1,"XKZRS":21,"SKZC":"1111111111111111","SKJS":"吴兰","ISTK":0,"ZCMC":"1-16周","YPSJDD":"1-16周 星期三 第1节-第2节 南湖南-博学西楼-219","XF":2,"SKXQ":3,"XNXQDM":"2024-2025-2","KCM":"大学英语C2","JASDM":"0202030219","JXLDM":"020203","JXBID":"20242-11799","SKBJ":"设计学类2403","TYXMDM":null,"KCH":"10201121065"},{"KKDWDM":"020","XS":32,"BYBZ":"0","JSJC":4,"XXXQDM":"02","KXH":"01","KSJC":3,"XKZRS":26,"SKZC":"1111111111111111","SKJS":"熊颖","ISTK":0,"ZCMC":"1-16周","YPSJDD":"1-16周 星期二 第3节-第4节 南湖南-博学西楼-219","XF":2,"SKXQ":2,"XNXQDM":"2024-2025-2","KCM":"大学英语C2","JASDM":"0202030219","JXLDM":"020203","JXBID":"20242-05941","SKBJ":"设计学类2408","TYXMDM":null,"KCH":"10201121065"},{"KKDWDM":"020","XS":48,"BYBZ":"0","JSJC":4,"XXXQDM":"02","KXH":"01","KSJC":3,"XKZRS":19,"SKZC":"1111111111111111","SKJS":"许常红","ISTK":0,"ZCMC":"1-16周","YPSJDD":"1-16周 星期三 第3节-第4节 南湖南-博学西楼-219","XF":2,"SKXQ":3,"XNXQDM":"2024-2025-2","KCM":"大学英语C4","JASDM":"0202030219","JXLDM":"020203","JXBID":"20242-04803","SKBJ":"工商t2301","TYXMDM":null,"KCH":"10201121063"},{"KKDWDM":"020","XS":48,"BYBZ":"0","JSJC":4,"XXXQDM":"02","KXH":"07","KSJC":3,"XKZRS":27,"SKZC":"111111111100000000000000000000","SKJS":"吴非","ISTK":0,"ZCMC":"1-10周","YPSJDD":"12-14周 星期一 第3节-第4节 南湖南-博学西楼-219,16-17周 星期一 第3节-第4节 南湖南-博学西楼-219,1-10周 星期一 第3节-第4节 南湖南-博学西楼-219,17周 星期二 第3节-第4节 南湖南-博学西楼-219","XF":2,"SKXQ":1,"XNXQDM":"2024-2025-2","KCM":"大学英语C4","JASDM":"0202030219","JXLDM":"020203","JXBID":"20242-05324","SKBJ":"设计学2301","TYXMDM":null,"KCH":"10201121063"},{"KKDWDM":"022","XS":32,"BYBZ":"0","JSJC":10,"XXXQDM":"02","KXH":"01","KSJC":9,"XKZRS":23,"SKZC":"111111111100000000000000000000","SKJS":"梁本部","ISTK":0,"ZCMC":"1-10周","YPSJDD":"16-17周 星期一 第9节-第10节 南湖南-博学西楼-219,17周 星期二 第9节-第10节 南湖南-博学西楼-219,1-10周 星期一 第9节-第10节 南湖南-博学西楼-219,12-14周 星期一 第9节-第10节 南湖南-博学西楼-219","XF":2,"SKXQ":1,"XNXQDM":"2024-2025-2","KCM":"国家公务员制度概论B","JASDM":"0202030219","JXLDM":"020203","JXBID":"20242-04734","SKBJ":"汉语2301","TYXMDM":null,"KCH":"10225121067"},{"KKDWDM":"022","XS":32,"BYBZ":"0","JSJC":13,"XXXQDM":"02","KXH":"01","KSJC":11,"XKZRS":40,"SKZC":"111111111100000000000000","SKJS":"秦崇文","ISTK":0,"ZCMC":"1-10周","YPSJDD":"12周 星期一 第11节-第12节 南湖南-博学西楼-219,1-10周 星期一 第11节-第13节 南湖南-博学西楼-219","XF":2,"SKXQ":1,"XNXQDM":"2024-2025-2","KCM":"世界文化概论B","JASDM":"0202030219","JXLDM":"020203","JXBID":"20242-11498","SKBJ":"汉语2301","TYXMDM":null,"KCH":"10225121061"},{"KKDWDM":"020","XS":48,"BYBZ":"0","JSJC":4,"XXXQDM":"02","KXH":"12","KSJC":3,"XKZRS":19,"SKZC":"111111111000000000000000000000","SKJS":"许常红","ISTK":0,"ZCMC":"1-9周","YPSJDD":"1-9周 星期四 第3节-第4节 南湖南-博学西楼-219,11-17周 星期四 第3节-第4节 南湖南-博学西楼-219","XF":2,"SKXQ":4,"XNXQDM":"2024-2025-2","KCM":"大学英语C4","JASDM":"0202030219","JXLDM":"020203","JXBID":"20242-11811","SKBJ":"视觉传达2301","TYXMDM":null,"KCH":"10201121063"},{"KKDWDM":"020","XS":48,"BYBZ":"0","JSJC":2,"XXXQDM":"02","KXH":"02","KSJC":1,"XKZRS":17,"SKZC":"111111111000000000000000000000","SKJS":"许常红","ISTK":0,"ZCMC":"1-9周","YPSJDD":"11-17周 星期四 第1节-第2节 南湖南-博学西楼-219,1-9周 星期四 第1节-第2节 南湖南-博学西楼-219","XF":2,"SKXQ":4,"XNXQDM":"2024-2025-2","KCM":"大学英语C4","JASDM":"0202030219","JXLDM":"020203","JXBID":"20242-05155","SKBJ":"视觉传达2302","TYXMDM":null,"KCH":"10201121063"},{"KKDWDM":"022","XS":32,"BYBZ":"0","JSJC":8,"XXXQDM":"02","KXH":"01","KSJC":6,"XKZRS":25,"SKZC":"111110111010000000000000","SKJS":"孙霞,胡敏","ISTK":0,"ZCMC":"1-5周,7-9周,11周","YPSJDD":"12周 星期五 第6节-第7节 南湖南-博学西楼-219,1-5周,7-9周,11周 星期五 第6节-第8节 南湖南-博学西楼-219,9周 星期日 第6节-第8节 南湖南-博学西楼-219","XF":2,"SKXQ":5,"XNXQDM":"2024-2025-2","KCM":"外国文学B","JASDM":"0202030219","JXLDM":"020203","JXBID":"20242-05820","SKBJ":"汉语2301","TYXMDM":null,"KCH":"10224121135"},{"KKDWDM":"020","XS":48,"BYBZ":"0","JSJC":2,"XXXQDM":"02","KXH":"09","KSJC":1,"XKZRS":16,"SKZC":"111110000000000000000000000000","SKJS":"许常红","ISTK":0,"ZCMC":"1-5周","YPSJDD":"17周 星期三 第1节-第2节 南湖南-博学西楼-219,7-9周 星期五 第1节-第2节 南湖南-博学西楼-219,9周 星期日 第1节-第2节 南湖南-博学西楼-219,1-5周 星期五 第1节-第2节 南湖南-博学西楼-219,11-16周 星期五 第1节-第2节 南湖南-博学西楼-219","XF":2,"SKXQ":5,"XNXQDM":"2024-2025-2","KCM":"大学英语C4","JASDM":"0202030219","JXLDM":"020203","JXBID":"20242-11808","SKBJ":"产品设计2302","TYXMDM":null,"KCH":"10201121063"},{"KKDWDM":"020","XS":48,"BYBZ":"0","JSJC":4,"XXXQDM":"02","KXH":"08","KSJC":3,"XKZRS":19,"SKZC":"111110000000000000000000000000","SKJS":"许常红","ISTK":0,"ZCMC":"1-5周","YPSJDD":"11-16周 星期五 第3节-第4节 南湖南-博学西楼-219,17周 星期三 第3节-第4节 南湖南-博学西楼-219,7-9周 星期五 第3节-第4节 南湖南-博学西楼-219,1-5周 星期五 第3节-第4节 南湖南-博学西楼-219,9周 星期日 第3节-第4节 南湖南-博学西楼-219","XF":2,"SKXQ":5,"XNXQDM":"2024-2025-2","KCM":"大学英语C4","JASDM":"0202030219","JXLDM":"020203","JXBID":"20242-11807","SKBJ":"产品设计2301","TYXMDM":null,"KCH":"10201121063"},{"KKDWDM":"022","XS":32,"BYBZ":"0","JSJC":8,"XXXQDM":"02","KXH":"01","KSJC":6,"XKZRS":28,"SKZC":"000111111111100000000000","SKJS":"沈敏","ISTK":0,"ZCMC":"4-13周","YPSJDD":"14周 星期二 第6节-第7节 南湖南-博学西楼-219,4-13周 星期二 第6节-第8节 南湖南-博学西楼-219","XF":2,"SKXQ":2,"XNXQDM":"2024-2025-2","KCM":"普通话实训与提高","JASDM":"0202030219","JXLDM":"020203","JXBID":"20242-02978","SKBJ":"汉语2201","TYXMDM":null,"KCH":"10225121057"},{"KKDWDM":"020","XS":48,"BYBZ":"0","JSJC":4,"XXXQDM":"02","KXH":"08","KSJC":3,"XKZRS":19,"SKZC":"000000111000000000000000000000","SKJS":"许常红","ISTK":0,"ZCMC":"7-9周","YPSJDD":"11-16周 星期五 第3节-第4节 南湖南-博学西楼-219,17周 星期三 第3节-第4节 南湖南-博学西楼-219,7-9周 星期五 第3节-第4节 南湖南-博学西楼-219,1-5周 星期五 第3节-第4节 南湖南-博学西楼-219,9周 星期日 第3节-第4节 南湖南-博学西楼-219","XF":2,"SKXQ":5,"XNXQDM":"2024-2025-2","KCM":"大学英语C4","JASDM":"0202030219","JXLDM":"020203","JXBID":"20242-11807","SKBJ":"产品设计2301","TYXMDM":null,"KCH":"10201121063"},{"KKDWDM":"020","XS":48,"BYBZ":"0","JSJC":2,"XXXQDM":"02","KXH":"09","KSJC":1,"XKZRS":16,"SKZC":"000000111000000000000000000000","SKJS":"许常红","ISTK":0,"ZCMC":"7-9周","YPSJDD":"17周 星期三 第1节-第2节 南湖南-博学西楼-219,7-9周 星期五 第1节-第2节 南湖南-博学西楼-219,9周 星期日 第1节-第2节 南湖南-博学西楼-219,1-5周 星期五 第1节-第2节 南湖南-博学西楼-219,11-16周 星期五 第1节-第2节 南湖南-博学西楼-219","XF":2,"SKXQ":5,"XNXQDM":"2024-2025-2","KCM":"大学英语C4","JASDM":"0202030219","JXLDM":"020203","JXBID":"20242-11808","SKBJ":"产品设计2302","TYXMDM":null,"KCH":"10201121063"},{"KKDWDM":"020","XS":48,"BYBZ":"0","JSJC":4,"XXXQDM":"02","KXH":"08","KSJC":3,"XKZRS":19,"SKZC":"000000001000000000000000000000","SKJS":"许常红","ISTK":0,"ZCMC":"9周","YPSJDD":"11-16周 星期五 第3节-第4节 南湖南-博学西楼-219,17周 星期三 第3节-第4节 南湖南-博学西楼-219,7-9周 星期五 第3节-第4节 南湖南-博学西楼-219,1-5周 星期五 第3节-第4节 南湖南-博学西楼-219,9周 星期日 第3节-第4节 南湖南-博学西楼-219","XF":2,"SKXQ":7,"XNXQDM":"2024-2025-2","KCM":"大学英语C4","JASDM":"0202030219","JXLDM":"020203","JXBID":"20242-11807","SKBJ":"产品设计2301","TYXMDM":null,"KCH":"10201121063"},{"KKDWDM":"020","XS":48,"BYBZ":"0","JSJC":2,"XXXQDM":"02","KXH":"09","KSJC":1,"XKZRS":16,"SKZC":"000000001000000000000000000000","SKJS":"许常红","ISTK":0,"ZCMC":"9周","YPSJDD":"17周 星期三 第1节-第2节 南湖南-博学西楼-219,7-9周 星期五 第1节-第2节 南湖南-博学西楼-219,9周 星期日 第1节-第2节 南湖南-博学西楼-219,1-5周 星期五 第1节-第2节 南湖南-博学西楼-219,11-16周 星期五 第1节-第2节 南湖南-博学西楼-219","XF":2,"SKXQ":7,"XNXQDM":"2024-2025-2","KCM":"大学英语C4","JASDM":"0202030219","JXLDM":"020203","JXBID":"20242-11808","SKBJ":"产品设计2302","TYXMDM":null,"KCH":"10201121063"},{"KKDWDM":"022","XS":32,"BYBZ":"0","JSJC":8,"XXXQDM":"02","KXH":"01","KSJC":6,"XKZRS":25,"SKZC":"000000001000000000000000","SKJS":"孙霞,胡敏","ISTK":0,"ZCMC":"9周","YPSJDD":"12周 星期五 第6节-第7节 南湖南-博学西楼-219,1-5周,7-9周,11周 星期五 第6节-第8节 南湖南-博学西楼-219,9周 星期日 第6节-第8节 南湖南-博学西楼-219","XF":2,"SKXQ":7,"XNXQDM":"2024-2025-2","KCM":"外国文学B","JASDM":"0202030219","JXLDM":"020203","JXBID":"20242-05820","SKBJ":"汉语2301","TYXMDM":null,"KCH":"10224121135"},{"KKDWDM":"020","XS":48,"BYBZ":"0","JSJC":2,"XXXQDM":"02","KXH":"02","KSJC":1,"XKZRS":17,"SKZC":"000000000011111110000000000000","SKJS":"许常红","ISTK":0,"ZCMC":"11-17周","YPSJDD":"11-17周 星期四 第1节-第2节 南湖南-博学西楼-219,1-9周 星期四 第1节-第2节 南湖南-博学西楼-219","XF":2,"SKXQ":4,"XNXQDM":"2024-2025-2","KCM":"大学英语C4","JASDM":"0202030219","JXLDM":"020203","JXBID":"20242-05155","SKBJ":"视觉传达2302","TYXMDM":null,"KCH":"10201121063"},{"KKDWDM":"020","XS":48,"BYBZ":"0","JSJC":4,"XXXQDM":"02","KXH":"12","KSJC":3,"XKZRS":19,"SKZC":"000000000011111110000000000000","SKJS":"许常红","ISTK":0,"ZCMC":"11-17周","YPSJDD":"1-9周 星期四 第3节-第4节 南湖南-博学西楼-219,11-17周 星期四 第3节-第4节 南湖南-博学西楼-219","XF":2,"SKXQ":4,"XNXQDM":"2024-2025-2","KCM":"大学英语C4","JASDM":"0202030219","JXLDM":"020203","JXBID":"20242-11811","SKBJ":"视觉传达2301","TYXMDM":null,"KCH":"10201121063"},{"KKDWDM":"020","XS":48,"BYBZ":"0","JSJC":4,"XXXQDM":"02","KXH":"08","KSJC":3,"XKZRS":19,"SKZC":"000000000011111100000000000000","SKJS":"许常红","ISTK":0,"ZCMC":"11-16周","YPSJDD":"11-16周 星期五 第3节-第4节 南湖南-博学西楼-219,17周 星期三 第3节-第4节 南湖南-博学西楼-219,7-9周 星期五 第3节-第4节 南湖南-博学西楼-219,1-5周 星期五 第3节-第4节 南湖南-博学西楼-219,9周 星期日 第3节-第4节 南湖南-博学西楼-219","XF":2,"SKXQ":5,"XNXQDM":"2024-2025-2","KCM":"大学英语C4","JASDM":"0202030219","JXLDM":"020203","JXBID":"20242-11807","SKBJ":"产品设计2301","TYXMDM":null,"KCH":"10201121063"},{"KKDWDM":"020","XS":48,"BYBZ":"0","JSJC":2,"XXXQDM":"02","KXH":"09","KSJC":1,"XKZRS":16,"SKZC":"000000000011111100000000000000","SKJS":"许常红","ISTK":0,"ZCMC":"11-16周","YPSJDD":"17周 星期三 第1节-第2节 南湖南-博学西楼-219,7-9周 星期五 第1节-第2节 南湖南-博学西楼-219,9周 星期日 第1节-第2节 南湖南-博学西楼-219,1-5周 星期五 第1节-第2节 南湖南-博学西楼-219,11-16周 星期五 第1节-第2节 南湖南-博学西楼-219","XF":2,"SKXQ":5,"XNXQDM":"2024-2025-2","KCM":"大学英语C4","JASDM":"0202030219","JXLDM":"020203","JXBID":"20242-11808","SKBJ":"产品设计2302","TYXMDM":null,"KCH":"10201121063"},{"KKDWDM":"022","XS":32,"BYBZ":"0","JSJC":10,"XXXQDM":"02","KXH":"01","KSJC":9,"XKZRS":23,"SKZC":"000000000001110000000000000000","SKJS":"梁本部","ISTK":0,"ZCMC":"12-14周","YPSJDD":"16-17周 星期一 第9节-第10节 南湖南-博学西楼-219,17周 星期二 第9节-第10节 南湖南-博学西楼-219,1-10周 星期一 第9节-第10节 南湖南-博学西楼-219,12-14周 星期一 第9节-第10节 南湖南-博学西楼-219","XF":2,"SKXQ":1,"XNXQDM":"2024-2025-2","KCM":"国家公务员制度概论B","JASDM":"0202030219","JXLDM":"020203","JXBID":"20242-04734","SKBJ":"汉语2301","TYXMDM":null,"KCH":"10225121067"},{"KKDWDM":"020","XS":48,"BYBZ":"0","JSJC":4,"XXXQDM":"02","KXH":"07","KSJC":3,"XKZRS":27,"SKZC":"000000000001110000000000000000","SKJS":"吴非","ISTK":0,"ZCMC":"12-14周","YPSJDD":"12-14周 星期一 第3节-第4节 南湖南-博学西楼-219,16-17周 星期一 第3节-第4节 南湖南-博学西楼-219,1-10周 星期一 第3节-第4节 南湖南-博学西楼-219,17周 星期二 第3节-第4节 南湖南-博学西楼-219","XF":2,"SKXQ":1,"XNXQDM":"2024-2025-2","KCM":"大学英语C4","JASDM":"0202030219","JXLDM":"020203","JXBID":"20242-05324","SKBJ":"设计学2301","TYXMDM":null,"KCH":"10201121063"},{"KKDWDM":"022","XS":32,"BYBZ":"0","JSJC":12,"XXXQDM":"02","KXH":"01","KSJC":11,"XKZRS":40,"SKZC":"000000000001000000000000","SKJS":"秦崇文","ISTK":0,"ZCMC":"12周","YPSJDD":"12周 星期一 第11节-第12节 南湖南-博学西楼-219,1-10周 星期一 第11节-第13节 南湖南-博学西楼-219","XF":2,"SKXQ":1,"XNXQDM":"2024-2025-2","KCM":"世界文化概论B","JASDM":"0202030219","JXLDM":"020203","JXBID":"20242-11498","SKBJ":"汉语2301","TYXMDM":null,"KCH":"10225121061"},{"KKDWDM":"022","XS":32,"BYBZ":"0","JSJC":7,"XXXQDM":"02","KXH":"01","KSJC":6,"XKZRS":25,"SKZC":"000000000001000000000000","SKJS":"孙霞,胡敏","ISTK":0,"ZCMC":"12周","YPSJDD":"12周 星期五 第6节-第7节 南湖南-博学西楼-219,1-5周,7-9周,11周 星期五 第6节-第8节 南湖南-博学西楼-219,9周 星期日 第6节-第8节 南湖南-博学西楼-219","XF":2,"SKXQ":5,"XNXQDM":"2024-2025-2","KCM":"外国文学B","JASDM":"0202030219","JXLDM":"020203","JXBID":"20242-05820","SKBJ":"汉语2301","TYXMDM":null,"KCH":"10224121135"},{"KKDWDM":"022","XS":32,"BYBZ":"0","JSJC":7,"XXXQDM":"02","KXH":"01","KSJC":6,"XKZRS":28,"SKZC":"000000000000010000000000","SKJS":"沈敏","ISTK":0,"ZCMC":"14周","YPSJDD":"14周 星期二 第6节-第7节 南湖南-博学西楼-219,4-13周 星期二 第6节-第8节 南湖南-博学西楼-219","XF":2,"SKXQ":2,"XNXQDM":"2024-2025-2","KCM":"普通话实训与提高","JASDM":"0202030219","JXLDM":"020203","JXBID":"20242-02978","SKBJ":"汉语2201","TYXMDM":null,"KCH":"10225121057"},{"KKDWDM":"009","XS":8,"BYBZ":"0","JSJC":4,"XXXQDM":"02","KXH":"01","KSJC":1,"XKZRS":35,"SKZC":"000000000000001100000000","SKJS":"刘婷婷","ISTK":0,"ZCMC":"15-16周","YPSJDD":"15-16周 星期六 第1节-第4节 南湖南-博学西楼-219","XF":0,"SKXQ":6,"XNXQDM":"2024-2025-2","KCM":"岩土工程勘察A2(岩土所)","JASDM":"0202030219","JXLDM":"020203","JXBID":"20242-02863","SKBJ":"岩土jd2201","TYXMDM":null,"KCH":"10095117021"},{"KKDWDM":"020","XS":48,"BYBZ":"0","JSJC":4,"XXXQDM":"02","KXH":"07","KSJC":3,"XKZRS":27,"SKZC":"000000000000000110000000000000","SKJS":"吴非","ISTK":0,"ZCMC":"16-17周","YPSJDD":"12-14周 星期一 第3节-第4节 南湖南-博学西楼-219,16-17周 星期一 第3节-第4节 南湖南-博学西楼-219,1-10周 星期一 第3节-第4节 南湖南-博学西楼-219,17周 星期二 第3节-第4节 南湖南-博学西楼-219","XF":2,"SKXQ":1,"XNXQDM":"2024-2025-2","KCM":"大学英语C4","JASDM":"0202030219","JXLDM":"020203","JXBID":"20242-05324","SKBJ":"设计学2301","TYXMDM":null,"KCH":"10201121063"},{"KKDWDM":"022","XS":32,"BYBZ":"0","JSJC":10,"XXXQDM":"02","KXH":"01","KSJC":9,"XKZRS":23,"SKZC":"000000000000000110000000000000","SKJS":"梁本部","ISTK":0,"ZCMC":"16-17周","YPSJDD":"16-17周 星期一 第9节-第10节 南湖南-博学西楼-219,17周 星期二 第9节-第10节 南湖南-博学西楼-219,1-10周 星期一 第9节-第10节 南湖南-博学西楼-219,12-14周 星期一 第9节-第10节 南湖南-博学西楼-219","XF":2,"SKXQ":1,"XNXQDM":"2024-2025-2","KCM":"国家公务员制度概论B","JASDM":"0202030219","JXLDM":"020203","JXBID":"20242-04734","SKBJ":"汉语2301","TYXMDM":null,"KCH":"10225121067"},{"KKDWDM":"020","XS":48,"BYBZ":"0","JSJC":4,"XXXQDM":"02","KXH":"08","KSJC":3,"XKZRS":19,"SKZC":"000000000000000010000000000000","SKJS":"许常红","ISTK":0,"ZCMC":"17周","YPSJDD":"11-16周 星期五 第3节-第4节 南湖南-博学西楼-219,17周 星期三 第3节-第4节 南湖南-博学西楼-219,7-9周 星期五 第3节-第4节 南湖南-博学西楼-219,1-5周 星期五 第3节-第4节 南湖南-博学西楼-219,9周 星期日 第3节-第4节 南湖南-博学西楼-219","XF":2,"SKXQ":3,"XNXQDM":"2024-2025-2","KCM":"大学英语C4","JASDM":"0202030219","JXLDM":"020203","JXBID":"20242-11807","SKBJ":"产品设计2301","TYXMDM":null,"KCH":"10201121063"},{"KKDWDM":"020","XS":48,"BYBZ":"0","JSJC":2,"XXXQDM":"02","KXH":"09","KSJC":1,"XKZRS":16,"SKZC":"000000000000000010000000000000","SKJS":"许常红","ISTK":0,"ZCMC":"17周","YPSJDD":"17周 星期三 第1节-第2节 南湖南-博学西楼-219,7-9周 星期五 第1节-第2节 南湖南-博学西楼-219,9周 星期日 第1节-第2节 南湖南-博学西楼-219,1-5周 星期五 第1节-第2节 南湖南-博学西楼-219,11-16周 星期五 第1节-第2节 南湖南-博学西楼-219","XF":2,"SKXQ":3,"XNXQDM":"2024-2025-2","KCM":"大学英语C4","JASDM":"0202030219","JXLDM":"020203","JXBID":"20242-11808","SKBJ":"产品设计2302","TYXMDM":null,"KCH":"10201121063"},{"KKDWDM":"020","XS":48,"BYBZ":"0","JSJC":4,"XXXQDM":"02","KXH":"07","KSJC":3,"XKZRS":27,"SKZC":"000000000000000010000000000000","SKJS":"吴非","ISTK":0,"ZCMC":"17周","YPSJDD":"12-14周 星期一 第3节-第4节 南湖南-博学西楼-219,16-17周 星期一 第3节-第4节 南湖南-博学西楼-219,1-10周 星期一 第3节-第4节 南湖南-博学西楼-219,17周 星期二 第3节-第4节 南湖南-博学西楼-219","XF":2,"SKXQ":2,"XNXQDM":"2024-2025-2","KCM":"大学英语C4","JASDM":"0202030219","JXLDM":"020203","JXBID":"20242-05324","SKBJ":"设计学2301","TYXMDM":null,"KCH":"10201121063"},{"KKDWDM":"022","XS":32,"BYBZ":"0","JSJC":10,"XXXQDM":"02","KXH":"01","KSJC":9,"XKZRS":23,"SKZC":"000000000000000010000000000000","SKJS":"梁本部","ISTK":0,"ZCMC":"17周","YPSJDD":"16-17周 星期一 第9节-第10节 南湖南-博学西楼-219,17周 星期二 第9节-第10节 南湖南-博学西楼-219,1-10周 星期一 第9节-第10节 南湖南-博学西楼-219,12-14周 星期一 第9节-第10节 南湖南-博学西楼-219","XF":2,"SKXQ":2,"XNXQDM":"2024-2025-2","KCM":"国家公务员制度概论B","JASDM":"0202030219","JXLDM":"020203","JXBID":"20242-04734","SKBJ":"汉语2301","TYXMDM":null,"KCH":"10225121067"}]}},"code":"0"}