{"datas":{"jaskcb":{"extParams":{"code":1,"msg":"查询成功"},"pageSize":0,"pageNumber":0,"totalSize":-1,"rows":[{"KKDWDM":"022","XS":32,"BYBZ":"0","JSJC":2,"XXXQDM":"02","KXH":"01","KSJC":1,"XKZRS":122,"SKZC":"111111111111111100000000000000","SKJS":"徐江萍","ISTK":0,"ZCMC":"1-16周","YPSJDD":"1-16周 星期二 第1节-第2节 南湖南-博学东楼-202","XF":2,"SKXQ":2,"XNXQDM":"2024-2025-2","KCM":"金融法B","JASDM":"0202020202","JXLDM":"020202","JXBID":"20242-02892","SKBJ":"金融2201-02","TYXMDM":null,"KCH":"10057311037"},{"KKDWDM":"013","XS":48,"BYBZ":"0","JSJC":8,"XXXQDM":"02","KXH":"01","KSJC":6,"XKZRS":123,"SKZC":"111111111111111100000000000000","SKJS":"王菁","ISTK":0,"ZCMC":"1-16周","YPSJDD":"1-16周 星期二 第6节-第8节 南湖南-博学东楼-202","XF":3,"SKXQ":2,"XNXQDM":"2024-2025-2","KCM":"电工与电子技术基础C","JASDM":"0202020202","JXLDM":"020202","JXBID":"20242-04283","SKBJ":"化工zy2301-03","TYXMDM":null,"KCH":"10133121098"},{"KKDWDM":"021","XS":48,"BYBZ":"0","JSJC":5,"XXXQDM":"02","KXH":"05","KSJC":3,"XKZRS":109,"SKZC":"111111111111110000000000000000","SKJS":"侯欣","ISTK":0,"ZCMC":"1-14周","YPSJDD":"1-14周 星期二 第3节-第5节 南湖南-博学东楼-202","XF":3,"SKXQ":2,"XNXQDM":"2024-2025-2","KCM":"中国近现代史纲要","JASDM":"0202020202","JXLDM":"020202","JXBID":"20242-11863","SKBJ":"材料类2401-03","TYXMDM":null,"KCH":"10211124005"},{"KKDWDM":"021","XS":48,"BYBZ":"0","JSJC":8,"XXXQDM":"02","KXH":"33","KSJC":6,"XKZRS":100,"SKZC":"11111111111111000000","SKJS":"徐衍","ISTK":0,"ZCMC":"1-14周","YPSJDD":"1-14周 星期三 第6节-第8节 南湖南-博学东楼-202","XF":3,"SKXQ":3,"XNXQDM":"2024-2025-2","KCM":"思想道德与法治","JASDM":"0202020202","JXLDM":"020202","JXBID":"20242-11823","SKBJ":"电信类2410-12","TYXMDM":null,"KCH":"10211124001"},{"KKDWDM":"038","XS":32,"BYBZ":"0","JSJC":10,"XXXQDM":"02","KXH":"11","KSJC":9,"XKZRS":126,"SKZC":"11111111111100000000","SKJS":"乔云莉","ISTK":0,"ZCMC":"1-12周","YPSJDD":"1-12周 星期三 第9节-第10节 南湖南-博学东楼-202","XF":2,"SKXQ":3,"XNXQDM":"2024-2025-2","KCM":"心理健康教育","JASDM":"0202020202","JXLDM":"020202","JXBID":"20242-12273","SKBJ":"地信2401-03,外语类2403","TYXMDM":null,"KCH":"10388117003"},{"KKDWDM":"017","XS":40,"BYBZ":"0","JSJC":2,"XXXQDM":"02","KXH":"03","KSJC":1,"XKZRS":119,"SKZC":"111111111100000000000000000000","SKJS":"江长斌","ISTK":0,"ZCMC":"1-10周","YPSJDD":"16-17周 星期一 第1节-第2节 南湖南-博学东楼-202,1-10周 星期一 第1节-第2节 南湖南-博学东楼-202,12-14周 星期一 第1节-第2节 南湖南-博学东楼-202,17周 星期二 第1节-第2节 南湖南-博学东楼-202","XF":2,"SKXQ":1,"XNXQDM":"2024-2025-2","KCM":"管理信息系统B","JASDM":"0202020202","JXLDM":"020202","JXBID":"20242-04327","SKBJ":"会计2301-03,会计ACCA2301","TYXMDM":null,"KCH":"10174121162"},{"KKDWDM":"021","XS":48,"BYBZ":"0","JSJC":8,"XXXQDM":"02","KXH":"26","KSJC":6,"XKZRS":129,"SKZC":"111111111100000000000000000000","SKJS":"苗虹瑞","ISTK":0,"ZCMC":"1-10周","YPSJDD":"16周 星期一 第6节-第8节 南湖南-博学东楼-202,1-10周 星期一 第6节-第8节 南湖南-博学东楼-202,12-14周 星期一 第6节-第8节 南湖南-博学东楼-202","XF":3,"SKXQ":1,"XNXQDM":"2024-2025-2","KCM":"中国近现代史纲要","JASDM":"0202020202","JXLDM":"020202","JXBID":"20242-06505","SKBJ":"经济学类2405-06,车辆类2408-09","TYXMDM":null,"KCH":"10211124005"},{"KKDWDM":"013","XS":48,"BYBZ":"0","JSJC":5,"XXXQDM":"02","KXH":"09","KSJC":3,"XKZRS":115,"SKZC":"111111111100000000000000000000","SKJS":"郭四海","ISTK":0,"ZCMC":"1-10周","YPSJDD":"12-14周 星期一 第3节-第5节 南湖南-博学东楼-202,17周 星期二 第3节-第5节 南湖南-博学东楼-202,1-10周 星期一 第3节-第5节 南湖南-博学东楼-202,16-17周 星期一 第3节-第5节 南湖南-博学东楼-202","XF":3,"SKXQ":1,"XNXQDM":"2024-2025-2","KCM":"电路原理A上","JASDM":"0202020202","JXLDM":"020202","JXBID":"20242-06814","SKBJ":"自动化类2408-10","TYXMDM":null,"KCH":"10133111001"},{"KKDWDM":"010","XS":48,"BYBZ":"0","JSJC":5,"XXXQDM":"02","KXH":"01","KSJC":3,"XKZRS":78,"SKZC":"111111111100000000000000","SKJS":"尹章才","ISTK":0,"ZCMC":"1-10周","YPSJDD":"11周 星期三 第3节-第4节 南湖南-博学东楼-202,1-10周 星期三 第3节-第5节 南湖南-博学东楼-202","XF":3,"SKXQ":3,"XNXQDM":"2024-2025-2","KCM":"地图学","JASDM":"0202020202","JXLDM":"020202","JXBID":"20242-06167","SKBJ":"地信2402-03","TYXMDM":null,"KCH":"10104121037"},{"KKDWDM":"011","XS":32,"BYBZ":"0","JSJC":13,"XXXQDM":"02","KXH":"01","KSJC":11,"XKZRS":24,"SKZC":"111111111100000000000000","SKJS":"南秋明,潘建军,甘维兵","ISTK":0,"ZCMC":"1-10周","YPSJDD":"12周 星期一 第11节-第12节 南湖南-博学东楼-202,1-10周 星期一 第11节-第13节 南湖南-博学东楼-202","XF":2,"SKXQ":1,"XNXQDM":"2024-2025-2","KCM":"产品研发中试管控技术","JASDM":"0202020202","JXLDM":"020202","JXBID":"20242-07758","SKBJ":"公选-07758","TYXMDM":null,"KCH":"10116121097"},{"KKDWDM":"044","XS":32,"BYBZ":"0","JSJC":13,"XXXQDM":"02","KXH":"03","KSJC":11,"XKZRS":140,"SKZC":"111111111100000000000000","SKJS":"龚文莉","ISTK":0,"ZCMC":"1-10周","YPSJDD":"11周 星期三 第11节-第12节 南湖南-博学东楼-202,1-10周 星期三 第11节-第13节 南湖南-博学东楼-202","XF":2,"SKXQ":3,"XNXQDM":"2024-2025-2","KCM":"音乐鉴赏(GX)","JASDM":"0202020202","JXLDM":"020202","JXBID":"20242-11282","SKBJ":"公选-11282","TYXMDM":null,"KCH":"10442121059"},{"KKDWDM":"023","XS":32,"BYBZ":"0","JSJC":13,"XXXQDM":"02","KXH":"01","KSJC":11,"XKZRS":140,"SKZC":"111111111100000000000000","SKJS":"吕伟,雷鹏","ISTK":0,"ZCMC":"1-10周","YPSJDD":"11周 星期二 第11节-第12节 南湖南-博学东楼-202,1-10周 星期二 第11节-第13节 南湖南-博学东楼-202","XF":2,"SKXQ":2,"XNXQDM":"2024-2025-2","KCM":"城市公共安全与综合风险防范(JD)","JASDM":"0202020202","JXLDM":"020202","JXBID":"20242-08706","SKBJ":"公选-08706","TYXMDM":null,"KCH":"10236121166"},{"KKDWDM":"021","XS":48,"BYBZ":"0","JSJC":5,"XXXQDM":"02","KXH":"01","KSJC":3,"XKZRS":44,"SKZC":"111111111000000000000000000000","SKJS":"舒友花","ISTK":0,"ZCMC":"1-9周","YPSJDD":"1-9周 星期四 第3节-第5节 南湖南-博学东楼-202,11-15周 星期四 第3节-第5节 南湖南-博学东楼-202","XF":3,"SKXQ":4,"XNXQDM":"2024-2025-2","KCM":"思想道德与法治","JASDM":"0202020202","JXLDM":"020202","JXBID":"20242-06339","SKBJ":"自动化类2413-14,通信zs2401","TYXMDM":null,"KCH":"10211124001"},{"KKDWDM":"012","XS":32,"BYBZ":"0","JSJC":2,"XXXQDM":"02","KXH":"01","KSJC":1,"XKZRS":101,"SKZC":"111111111000000000000000000000","SKJS":"魏敏","ISTK":0,"ZCMC":"1-9周","YPSJDD":"11-17周 星期四 第1节-第2节 南湖南-博学东楼-202,1-9周 星期四 第1节-第2节 南湖南-博学东楼-202","XF":2,"SKXQ":4,"XNXQDM":"2024-2025-2","KCM":"Python程序设计基础A","JASDM":"0202020202","JXLDM":"020202","JXBID":"20242-04574","SKBJ":"智能制造2301-02","TYXMDM":null,"KCH":"10121121086"},{"KKDWDM":"044","XS":24,"BYBZ":"0","JSJC":13,"XXXQDM":"02","KXH":"03","KSJC":11,"XKZRS":145,"SKZC":"111111110000000000000000","SKJS":"舒娟","ISTK":0,"ZCMC":"1-8周","YPSJDD":"1-8周 星期四 第11节-第13节 南湖南-博学东楼-202","XF":1,"SKXQ":4,"XNXQDM":"2024-2025-2","KCM":"影视鉴赏A(GX)","JASDM":"0202020202","JXLDM":"020202","JXBID":"20242-11558","SKBJ":"公选-11558","TYXMDM":null,"KCH":"10442121057"},{"KKDWDM":"021","XS":48,"BYBZ":"0","JSJC":8,"XXXQDM":"02","KXH":"43","KSJC":6,"XKZRS":109,"SKZC":"111110000000000000000000000000","SKJS":"邓亦武","ISTK":0,"ZCMC":"1-5周","YPSJDD":"1-5周 星期五 第6节-第8节 南湖南-博学东楼-202,7-9周 星期五 第6节-第8节 南湖南-博学东楼-202,11-15周 星期五 第6节-第8节 南湖南-博学东楼-202,9周 星期日 第6节-第8节 南湖南-博学东楼-202","XF":3,"SKXQ":5,"XNXQDM":"2024-2025-2","KCM":"中国近现代史纲要","JASDM":"0202020202","JXLDM":"020202","JXBID":"20242-11857","SKBJ":"机电类2410-12","TYXMDM":null,"KCH":"10211124005"},{"KKDWDM":"021","XS":48,"BYBZ":"0","JSJC":5,"XXXQDM":"02","KXH":"38","KSJC":3,"XKZRS":109,"SKZC":"111110000000000000000000000000","SKJS":"何欢欢","ISTK":0,"ZCMC":"1-5周","YPSJDD":"9周 星期日 第3节-第5节 南湖南-博学东楼-202,1-5周 星期五 第3节-第5节 南湖南-博学东楼-202,11-15周 星期五 第3节-第5节 南湖南-博学东楼-202,7-9周 星期五 第3节-第5节 南湖南-博学东楼-202","XF":3,"SKXQ":5,"XNXQDM":"2024-2025-2","KCM":"思想道德与法治","JASDM":"0202020202","JXLDM":"020202","JXBID":"20242-11828","SKBJ":"自动化类2410-12","TYXMDM":null,"KCH":"10211124001"},{"KKDWDM":"072","XS":64,"BYBZ":"0","JSJC":2,"XXXQDM":"02","KXH":"17","KSJC":1,"XKZRS":76,"SKZC":"011110111011111000000000000000","SKJS":"朱四荣,秦莹","ISTK":0,"ZCMC":"2-5周,7-9周,11-15周","YPSJDD":"1周 星期三 第3节-第4节 南湖南-博学西楼-409,1周 星期五 第1节-第2节 南湖南-博学西楼-204,9周 星期日 第1节-第2节 南湖南-博学东楼-202,2-5周,7-9周,11-15周 星期五 第1节-第2节 南湖南-博学东楼-202,2-16周 星期三 第3节-第4节 南湖南-博学西楼-213","XF":4,"SKXQ":5,"XNXQDM":"2024-2025-2","KCM":"材料力学C","JASDM":"0202020202","JXLDM":"020202","JXBID":"20242-10812","SKBJ":"车辆2303-04","TYXMDM":null,"KCH":"10154111009"},{"KKDWDM":"009","XS":24,"BYBZ":"0","JSJC":2,"XXXQDM":"02","KXH":"01","KSJC":1,"XKZRS":63,"SKZC":"000011111111111100000000","SKJS":"董超","ISTK":0,"ZCMC":"5-16周","YPSJDD":"5-16周 星期三 第1节-第2节 南湖南-博学东楼-202","XF":1,"SKXQ":3,"XNXQDM":"2024-2025-2","KCM":"应用统计学A","JASDM":"0202020202","JXLDM":"020202","JXBID":"20242-05660","SKBJ":"工程2301-02","TYXMDM":null,"KCH":"10095117040"},{"KKDWDM":"021","XS":48,"BYBZ":"0","JSJC":8,"XXXQDM":"02","KXH":"43","KSJC":6,"XKZRS":109,"SKZC":"000000111000000000000000000000","SKJS":"邓亦武","ISTK":0,"ZCMC":"7-9周","YPSJDD":"1-5周 星期五 第6节-第8节 南湖南-博学东楼-202,7-9周 星期五 第6节-第8节 南湖南-博学东楼-202,11-15周 星期五 第6节-第8节 南湖南-博学东楼-202,9周 星期日 第6节-第8节 南湖南-博学东楼-202","XF":3,"SKXQ":5,"XNXQDM":"2024-2025-2","KCM":"中国近现代史纲要","JASDM":"0202020202","JXLDM":"020202","JXBID":"20242-11857","SKBJ":"机电类2410-12","TYXMDM":null,"KCH":"10211124005"},{"KKDWDM":"021","XS":48,"BYBZ":"0","JSJC":5,"XXXQDM":"02","KXH":"38","KSJC":3,"XKZRS":109,"SKZC":"000000111000000000000000000000","SKJS":"何欢欢","ISTK":0,"ZCMC":"7-9周","YPSJDD":"9周 星期日 第3节-第5节 南湖南-博学东楼-202,1-5周 星期五 第3节-第5节 南湖南-博学东楼-202,11-15周 星期五 第3节-第5节 南湖南-博学东楼-202,7-9周 星期五 第3节-第5节 南湖南-博学东楼-202","XF":3,"SKXQ":5,"XNXQDM":"2024-2025-2","KCM":"思想道德与法治","JASDM":"0202020202","JXLDM":"020202","JXBID":"20242-11828","SKBJ":"自动化类2410-12","TYXMDM":null,"KCH":"10211124001"},{"KKDWDM":"021","XS":8,"BYBZ":"0","JSJC":10,"XXXQDM":"02","KXH":"582","KSJC":9,"XKZRS":136,"SKZC":"000000011011000000000000","SKJS":"韩续冰","ISTK":0,"ZCMC":"8-9周,11-12周","YPSJDD":"8-9周,11-12周 星期四 第9节-第10节 南湖南-博学东楼-202","XF":0,"SKXQ":4,"XNXQDM":"2024-2025-2","KCM":"形势与政策","JASDM":"0202020202","JXLDM":"020202","JXBID":"20242-14173","SKBJ":null,"TYXMDM":null,"KCH":"10218121092"},{"KKDWDM":"021","XS":8,"BYBZ":"0","JSJC":7,"XXXQDM":"02","KXH":"559","KSJC":6,"XKZRS":136,"SKZC":"000000011011000000000000","SKJS":"潘星","ISTK":0,"ZCMC":"8-9周,11-12周","YPSJDD":"8-9周,11-12周 星期四 第6节-第7节 南湖南-博学东楼-202","XF":0,"SKXQ":4,"XNXQDM":"2024-2025-2","KCM":"形势与政策","JASDM":"0202020202","JXLDM":"020202","JXBID":"20242-14150","SKBJ":null,"TYXMDM":null,"KCH":"10218121092"},{"KKDWDM":"072","XS":64,"BYBZ":"0","JSJC":2,"XXXQDM":"02","KXH":"17","KSJC":1,"XKZRS":76,"SKZC":"000000001000000000000000000000","SKJS":"朱四荣,秦莹","ISTK":0,"ZCMC":"9周","YPSJDD":"1周 星期三 第3节-第4节 南湖南-博学西楼-409,1周 星期五 第1节-第2节 南湖南-博学西楼-204,9周 星期日 第1节-第2节 南湖南-博学东楼-202,2-5周,7-9周,11-15周 星期五 第1节-第2节 南湖南-博学东楼-202,2-16周 星期三 第3节-第4节 南湖南-博学西楼-213","XF":4,"SKXQ":7,"XNXQDM":"2024-2025-2","KCM":"材料力学C","JASDM":"0202020202","JXLDM":"020202","JXBID":"20242-10812","SKBJ":"车辆2303-04","TYXMDM":null,"KCH":"10154111009"},{"KKDWDM":"021","XS":48,"BYBZ":"0","JSJC":5,"XXXQDM":"02","KXH":"38","KSJC":3,"XKZRS":109,"SKZC":"000000001000000000000000000000","SKJS":"何欢欢","ISTK":0,"ZCMC":"9周","YPSJDD":"9周 星期日 第3节-第5节 南湖南-博学东楼-202,1-5周 星期五 第3节-第5节 南湖南-博学东楼-202,11-15周 星期五 第3节-第5节 南湖南-博学东楼-202,7-9周 星期五 第3节-第5节 南湖南-博学东楼-202","XF":3,"SKXQ":7,"XNXQDM":"2024-2025-2","KCM":"思想道德与法治","JASDM":"0202020202","JXLDM":"020202","JXBID":"20242-11828","SKBJ":"自动化类2410-12","TYXMDM":null,"KCH":"10211124001"},{"KKDWDM":"021","XS":48,"BYBZ":"0","JSJC":8,"XXXQDM":"02","KXH":"43","KSJC":6,"XKZRS":109,"SKZC":"000000001000000000000000000000","SKJS":"邓亦武","ISTK":0,"ZCMC":"9周","YPSJDD":"1-5周 星期五 第6节-第8节 南湖南-博学东楼-202,7-9周 星期五 第6节-第8节 南湖南-博学东楼-202,11-15周 星期五 第6节-第8节 南湖南-博学东楼-202,9周 星期日 第6节-第8节 南湖南-博学东楼-202","XF":3,"SKXQ":7,"XNXQDM":"2024-2025-2","KCM":"中国近现代史纲要","JASDM":"0202020202","JXLDM":"020202","JXBID":"20242-11857","SKBJ":"机电类2410-12","TYXMDM":null,"KCH":"10211124005"},{"KKDWDM":"012","XS":32,"BYBZ":"0","JSJC":2,"XXXQDM":"02","KXH":"01","KSJC":1,"XKZRS":101,"SKZC":"000000000011111110000000000000","SKJS":"魏敏","ISTK":0,"ZCMC":"11-17周","YPSJDD":"11-17周 星期四 第1节-第2节 南湖南-博学东楼-202,1-9周 星期四 第1节-第2节 南湖南-博学东楼-202","XF":2,"SKXQ":4,"XNXQDM":"2024-2025-2","KCM":"Python程序设计基础A","JASDM":"0202020202","JXLDM":"020202","JXBID":"20242-04574","SKBJ":"智能制造2301-02","TYXMDM":null,"KCH":"10121121086"},{"KKDWDM":"021","XS":48,"BYBZ":"0","JSJC":8,"XXXQDM":"02","KXH":"43","KSJC":6,"XKZRS":109,"SKZC":"000000000011111000000000000000","SKJS":"邓亦武","ISTK":0,"ZCMC":"11-15周","YPSJDD":"1-5周 星期五 第6节-第8节 南湖南-博学东楼-202,7-9周 星期五 第6节-第8节 南湖南-博学东楼-202,11-15周 星期五 第6节-第8节 南湖南-博学东楼-202,9周 星期日 第6节-第8节 南湖南-博学东楼-202","XF":3,"SKXQ":5,"XNXQDM":"2024-2025-2","KCM":"中国近现代史纲要","JASDM":"0202020202","JXLDM":"020202","JXBID":"20242-11857","SKBJ":"机电类2410-12","TYXMDM":null,"KCH":"10211124005"},{"KKDWDM":"021","XS":48,"BYBZ":"0","JSJC":5,"XXXQDM":"02","KXH":"01","KSJC":3,"XKZRS":44,"SKZC":"000000000011111000000000000000","SKJS":"舒友花","ISTK":0,"ZCMC":"11-15周","YPSJDD":"1-9周 星期四 第3节-第5节 南湖南-博学东楼-202,11-15周 星期四 第3节-第5节 南湖南-博学东楼-202","XF":3,"SKXQ":4,"XNXQDM":"2024-2025-2","KCM":"思想道德与法治","JASDM":"0202020202","JXLDM":"020202","JXBID":"20242-06339","SKBJ":"自动化类2413-14,通信zs2401","TYXMDM":null,"KCH":"10211124001"},{"KKDWDM":"021","XS":48,"BYBZ":"0","JSJC":5,"XXXQDM":"02","KXH":"38","KSJC":3,"XKZRS":109,"SKZC":"000000000011111000000000000000","SKJS":"何欢欢","ISTK":0,"ZCMC":"11-15周","YPSJDD":"9周 星期日 第3节-第5节 南湖南-博学东楼-202,1-5周 星期五 第3节-第5节 南湖南-博学东楼-202,11-15周 星期五 第3节-第5节 南湖南-博学东楼-202,7-9周 星期五 第3节-第5节 南湖南-博学东楼-202","XF":3,"SKXQ":5,"XNXQDM":"2024-2025-2","KCM":"思想道德与法治","JASDM":"0202020202","JXLDM":"020202","JXBID":"20242-11828","SKBJ":"自动化类2410-12","TYXMDM":null,"KCH":"10211124001"},{"KKDWDM":"023","XS":32,"BYBZ":"0","JSJC":12,"XXXQDM":"02","KXH":"01","KSJC":11,"XKZRS":140,"SKZC":"000000000010000000000000","SKJS":"吕伟,雷鹏","ISTK":0,"ZCMC":"11周","YPSJDD":"11周 星期二 第11节-第12节 南湖南-博学东楼-202,1-10周 星期二 第11节-第13节 南湖南-博学东楼-202","XF":2,"SKXQ":2,"XNXQDM":"2024-2025-2","KCM":"城市公共安全与综合风险防范(JD)","JASDM":"0202020202","JXLDM":"020202","JXBID":"20242-08706","SKBJ":"公选-08706","TYXMDM":null,"KCH":"10236121166"},{"KKDWDM":"044","XS":32,"BYBZ":"0","JSJC":12,"XXXQDM":"02","KXH":"03","KSJC":11,"XKZRS":140,"SKZC":"000000000010000000000000","SKJS":"龚文莉","ISTK":0,"ZCMC":"11周","YPSJDD":"11周 星期三 第11节-第12节 南湖南-博学东楼-202,1-10周 星期三 第11节-第13节 南湖南-博学东楼-202","XF":2,"SKXQ":3,"XNXQDM":"2024-2025-2","KCM":"音乐鉴赏(GX)","JASDM":"0202020202","JXLDM":"020202","JXBID":"20242-11282","SKBJ":"公选-11282","TYXMDM":null,"KCH":"10442121059"},{"KKDWDM":"010","XS":48,"BYBZ":"0","JSJC":4,"XXXQDM":"02","KXH":"01","KSJC":3,"XKZRS":78,"SKZC":"000000000010000000000000","SKJS":"尹章才","ISTK":0,"ZCMC":"11周","YPSJDD":"11周 星期三 第3节-第4节 南湖南-博学东楼-202,1-10周 星期三 第3节-第5节 南湖南-博学东楼-202","XF":3,"SKXQ":3,"XNXQDM":"2024-2025-2","KCM":"地图学","JASDM":"0202020202","JXLDM":"020202","JXBID":"20242-06167","SKBJ":"地信2402-03","TYXMDM":null,"KCH":"10104121037"},{"KKDWDM":"013","XS":48,"BYBZ":"0","JSJC":5,"XXXQDM":"02","KXH":"09","KSJC":3,"XKZRS":115,"SKZC":"000000000001110000000000000000","SKJS":"郭四海","ISTK":0,"ZCMC":"12-14周","YPSJDD":"12-14周 星期一 第3节-第5节 南湖南-博学东楼-202,17周 星期二 第3节-第5节 南湖南-博学东楼-202,1-10周 星期一 第3节-第5节 南湖南-博学东楼-202,16-17周 星期一 第3节-第5节 南湖南-博学东楼-202","XF":3,"SKXQ":1,"XNXQDM":"2024-2025-2","KCM":"电路原理A上","JASDM":"0202020202","JXLDM":"020202","JXBID":"20242-06814","SKBJ":"自动化类2408-10","TYXMDM":null,"KCH":"10133111001"},{"KKDWDM":"021","XS":48,"BYBZ":"0","JSJC":8,"XXXQDM":"02","KXH":"26","KSJC":6,"XKZRS":129,"SKZC":"000000000001110000000000000000","SKJS":"苗虹瑞","ISTK":0,"ZCMC":"12-14周","YPSJDD":"16周 星期一 第6节-第8节 南湖南-博学东楼-202,1-10周 星期一 第6节-第8节 南湖南-博学东楼-202,12-14周 星期一 第6节-第8节 南湖南-博学东楼-202","XF":3,"SKXQ":1,"XNXQDM":"2024-2025-2","KCM":"中国近现代史纲要","JASDM":"0202020202","JXLDM":"020202","JXBID":"20242-06505","SKBJ":"经济学类2405-06,车辆类2408-09","TYXMDM":null,"KCH":"10211124005"},{"KKDWDM":"017","XS":40,"BYBZ":"0","JSJC":2,"XXXQDM":"02","KXH":"03","KSJC":1,"XKZRS":119,"SKZC":"000000000001110000000000000000","SKJS":"江长斌","ISTK":0,"ZCMC":"12-14周","YPSJDD":"16-17周 星期一 第1节-第2节 南湖南-博学东楼-202,1-10周 星期一 第1节-第2节 南湖南-博学东楼-202,12-14周 星期一 第1节-第2节 南湖南-博学东楼-202,17周 星期二 第1节-第2节 南湖南-博学东楼-202","XF":2,"SKXQ":1,"XNXQDM":"2024-2025-2","KCM":"管理信息系统B","JASDM":"0202020202","JXLDM":"020202","JXBID":"20242-04327","SKBJ":"会计2301-03,会计ACCA2301","TYXMDM":null,"KCH":"10174121162"},{"KKDWDM":"011","XS":32,"BYBZ":"0","JSJC":12,"XXXQDM":"02","KXH":"01","KSJC":11,"XKZRS":24,"SKZC":"000000000001000000000000","SKJS":"南秋明,潘建军,甘维兵","ISTK":0,"ZCMC":"12周","YPSJDD":"12周 星期一 第11节-第12节 南湖南-博学东楼-202,1-10周 星期一 第11节-第13节 南湖南-博学东楼-202","XF":2,"SKXQ":1,"XNXQDM":"2024-2025-2","KCM":"产品研发中试管控技术","JASDM":"0202020202","JXLDM":"020202","JXBID":"20242-07758","SKBJ":"公选-07758","TYXMDM":null,"KCH":"10116121097"},{"KKDWDM":"021","XS":8,"BYBZ":"0","JSJC":7,"XXXQDM":"02","KXH":"604","KSJC":6,"XKZRS":136,"SKZC":"0000000000001111","SKJS":"韩昊锟","ISTK":0,"ZCMC":"13-16周","YPSJDD":"13-16周 星期四 第6节-第7节 南湖南-博学东楼-202","XF":0,"SKXQ":4,"XNXQDM":"2024-2025-2","KCM":"形势与政策","JASDM":"0202020202","JXLDM":"020202","JXBID":"20242-14195","SKBJ":null,"TYXMDM":null,"KCH":"10218121092"},{"KKDWDM":"021","XS":8,"BYBZ":"0","JSJC":10,"XXXQDM":"02","KXH":"627","KSJC":9,"XKZRS":138,"SKZC":"0000000000001111","SKJS":"李舒妮","ISTK":0,"ZCMC":"13-16周","YPSJDD":"13-16周 星期四 第9节-第10节 南湖南-博学东楼-202","XF":0,"SKXQ":4,"XNXQDM":"2024-2025-2","KCM":"形势与政策","JASDM":"0202020202","JXLDM":"020202","JXBID":"20242-14218","SKBJ":null,"TYXMDM":null,"KCH":"10218121092"},{"KKDWDM":"017","XS":40,"BYBZ":"0","JSJC":2,"XXXQDM":"02","KXH":"03","KSJC":1,"XKZRS":119,"SKZC":"000000000000000110000000000000","SKJS":"江长斌","ISTK":0,"ZCMC":"16-17周","YPSJDD":"16-17周 星期一 第1节-第2节 南湖南-博学东楼-202,1-10周 星期一 第1节-第2节 南湖南-博学东楼-202,12-14周 星期一 第1节-第2节 南湖南-博学东楼-202,17周 星期二 第1节-第2节 南湖南-博学东楼-202","XF":2,"SKXQ":1,"XNXQDM":"2024-2025-2","KCM":"管理信息系统B","JASDM":"0202020202","JXLDM":"020202","JXBID":"20242-04327","SKBJ":"会计2301-03,会计ACCA2301","TYXMDM":null,"KCH":"10174121162"},{"KKDWDM":"013","XS":48,"BYBZ":"0","JSJC":5,"XXXQDM":"02","KXH":"09","KSJC":3,"XKZRS":115,"SKZC":"000000000000000110000000000000","SKJS":"郭四海","ISTK":0,"ZCMC":"16-17周","YPSJDD":"12-14周 星期一 第3节-第5节 南湖南-博学东楼-202,17周 星期二 第3节-第5节 南湖南-博学东楼-202,1-10周 星期一 第3节-第5节 南湖南-博学东楼-202,16-17周 星期一 第3节-第5节 南湖南-博学东楼-202","XF":3,"SKXQ":1,"XNXQDM":"2024-2025-2","KCM":"电路原理A上","JASDM":"0202020202","JXLDM":"020202","JXBID":"20242-06814","SKBJ":"自动化类2408-10","TYXMDM":null,"KCH":"10133111001"},{"KKDWDM":"021","XS":48,"BYBZ":"0","JSJC":8,"XXXQDM":"02","KXH":"26","KSJC":6,"XKZRS":129,"SKZC":"000000000000000100000000000000","SKJS":"苗虹瑞","ISTK":0,"ZCMC":"16周","YPSJDD":"16周 星期一 第6节-第8节 南湖南-博学东楼-202,1-10周 星期一 第6节-第8节 南湖南-博学东楼-202,12-14周 星期一 第6节-第8节 南湖南-博学东楼-202","XF":3,"SKXQ":1,"XNXQDM":"2024-2025-2","KCM":"中国近现代史纲要","JASDM":"0202020202","JXLDM":"020202","JXBID":"20242-06505","SKBJ":"经济学类2405-06,车辆类2408-09","TYXMDM":null,"KCH":"10211124005"},{"KKDWDM":"013","XS":48,"BYBZ":"0","JSJC":5,"XXXQDM":"02","KXH":"09","KSJC":3,"XKZRS":115,"SKZC":"000000000000000010000000000000","SKJS":"郭四海","ISTK":0,"ZCMC":"17周","YPSJDD":"12-14周 星期一 第3节-第5节 南湖南-博学东楼-202,17周 星期二 第3节-第5节 南湖南-博学东楼-202,1-10周 星期一 第3节-第5节 南湖南-博学东楼-202,16-17周 星期一 第3节-第5节 南湖南-博学东楼-202","XF":3,"SKXQ":2,"XNXQDM":"2024-2025-2","KCM":"电路原理A上","JASDM":"0202020202","JXLDM":"020202","JXBID":"20242-06814","SKBJ":"自动化类2408-10","TYXMDM":null,"KCH":"10133111001"},{"KKDWDM":"017","XS":40,"BYBZ":"0","JSJC":2,"XXXQDM":"02","KXH":"03","KSJC":1,"XKZRS":119,"SKZC":"000000000000000010000000000000","SKJS":"江长斌","ISTK":0,"ZCMC":"17周","YPSJDD":"16-17周 星期一 第1节-第2节 南湖南-博学东楼-202,1-10周 星期一 第1节-第2节 南湖南-博学东楼-202,12-14周 星期一 第1节-第2节 南湖南-博学东楼-202,17周 星期二 第1节-第2节 南湖南-博学东楼-202","XF":2,"SKXQ":2,"XNXQDM":"2024-2025-2","KCM":"管理信息系统B","JASDM":"0202020202","JXLDM":"020202","JXBID":"20242-04327","SKBJ":"会计2301-03,会计ACCA2301","TYXMDM":null,"KCH":"10174121162"}]}},"code":"0"}