{"datas":{"jaskcb":{"extParams":{"code":1,"msg":"查询成功"},"pageSize":0,"pageNumber":0,"totalSize":-1,"rows":[{"KKDWDM":"022","XS":32,"BYBZ":"0","JSJC":2,"XXXQDM":"02","KXH":"01","KSJC":1,"XKZRS":100,"SKZC":"1111111111111111","SKJS":"何琳,王晓丽,罗先平","ISTK":0,"ZCMC":"1-16周","YPSJDD":"1-16周 星期三 第1节-第2节 南湖南-博学西楼-201","XF":2,"SKXQ":3,"XNXQDM":"2024-2025-2","KCM":"习近平法治思想概论","JASDM":"0202030201","JXLDM":"020203","JXBID":"20242-06624","SKBJ":"法学类2404-06","TYXMDM":null,"KCH":"10224121145"},{"KKDWDM":"021","XS":48,"BYBZ":"0","JSJC":8,"XXXQDM":"02","KXH":"24","KSJC":6,"XKZRS":109,"SKZC":"11111111111111000000","SKJS":"姜迎春","ISTK":0,"ZCMC":"1-14周","YPSJDD":"1-14周 星期二 第6节-第8节 南湖南-博学西楼-201","XF":3,"SKXQ":2,"XNXQDM":"2024-2025-2","KCM":"中国近现代史纲要","JASDM":"0202030201","JXLDM":"020203","JXBID":"20242-06494","SKBJ":"车辆gj2401-02,金融sy2401","TYXMDM":null,"KCH":"10211124005"},{"KKDWDM":"038","XS":32,"BYBZ":"0","JSJC":10,"XXXQDM":"02","KXH":"03","KSJC":9,"XKZRS":136,"SKZC":"11111111111100000000","SKJS":"孙灯勇","ISTK":0,"ZCMC":"1-12周","YPSJDD":"1-12周 星期三 第9节-第10节 南湖南-博学西楼-201","XF":2,"SKXQ":3,"XNXQDM":"2024-2025-2","KCM":"心理健康教育","JASDM":"0202030201","JXLDM":"020203","JXBID":"20242-12245","SKBJ":"化生类2401-04","TYXMDM":null,"KCH":"10388117003"},{"KKDWDM":"038","XS":32,"BYBZ":"0","JSJC":10,"XXXQDM":"02","KXH":"08","KSJC":9,"XKZRS":90,"SKZC":"111111111100000000000000000000","SKJS":"汪平","ISTK":0,"ZCMC":"1-10周","YPSJDD":"16-17周 星期一 第9节-第10节 南湖南-博学西楼-201,1-10周 星期一 第9节-第10节 南湖南-博学西楼-201,12-14周 星期一 第9节-第10节 南湖南-博学西楼-201,17周 星期二 第9节-第10节 南湖南-博学西楼-201","XF":2,"SKXQ":1,"XNXQDM":"2024-2025-2","KCM":"军事理论","JASDM":"0202030201","JXLDM":"020203","JXBID":"20242-05979","SKBJ":"金融gj2401-03","TYXMDM":null,"KCH":"10381121001"},{"KKDWDM":"022","XS":48,"BYBZ":"0","JSJC":5,"XXXQDM":"02","KXH":"01","KSJC":3,"XKZRS":94,"SKZC":"111111111100000000000000000000","SKJS":"罗琳","ISTK":0,"ZCMC":"1-10周","YPSJDD":"12-14周 星期一 第3节-第5节 南湖南-博学西楼-201,1-10周 星期一 第3节-第5节 南湖南-博学西楼-201,17周 星期二 第3节-第5节 南湖南-博学西楼-201,16-17周 星期一 第3节-第5节 南湖南-博学西楼-201","XF":3,"SKXQ":1,"XNXQDM":"2024-2025-2","KCM":"民法学总论B","JASDM":"0202030201","JXLDM":"020203","JXBID":"20242-06185","SKBJ":"法学类2404-06","TYXMDM":null,"KCH":"10224117092"},{"KKDWDM":"022","XS":32,"BYBZ":"0","JSJC":2,"XXXQDM":"02","KXH":"04","KSJC":1,"XKZRS":100,"SKZC":"111111111100000000000000000000","SKJS":"夏倩,王丽,罗先平","ISTK":0,"ZCMC":"1-10周","YPSJDD":"16-17周 星期一 第1节-第2节 南湖南-博学西楼-201,12-14周 星期一 第1节-第2节 南湖南-博学西楼-201,1-10周 星期一 第1节-第2节 南湖南-博学西楼-201,17周 星期二 第1节-第2节 南湖南-博学西楼-201","XF":2,"SKXQ":1,"XNXQDM":"2024-2025-2","KCM":"习近平法治思想概论","JASDM":"0202030201","JXLDM":"020203","JXBID":"20242-11100","SKBJ":"法学类2401-03","TYXMDM":null,"KCH":"10224121145"},{"KKDWDM":"007","XS":32,"BYBZ":"0","JSJC":13,"XXXQDM":"02","KXH":"01","KSJC":11,"XKZRS":98,"SKZC":"111111111100000000000000","SKJS":"孙倩,胡志力,胡泽启","ISTK":0,"ZCMC":"1-10周","YPSJDD":"11周 星期二 第11节-第12节 南湖南-博学西楼-201,1-10周 星期二 第11节-第13节 南湖南-博学西楼-201","XF":2,"SKXQ":2,"XNXQDM":"2024-2025-2","KCM":"新能源汽车车身轻量化结构与轻质材料(JD)","JASDM":"0202030201","JXLDM":"020203","JXBID":"20242-07475","SKBJ":"公选-07475","TYXMDM":null,"KCH":"10076121272"},{"KKDWDM":"021","XS":48,"BYBZ":"0","JSJC":5,"XXXQDM":"02","KXH":"32","KSJC":3,"XKZRS":94,"SKZC":"111111111000000000000000000000","SKJS":"肖汉勇","ISTK":0,"ZCMC":"1-9周","YPSJDD":"11-15周 星期四 第3节-第5节 南湖南-博学西楼-201,1-9周 星期四 第3节-第5节 南湖南-博学西楼-201","XF":3,"SKXQ":4,"XNXQDM":"2024-2025-2","KCM":"中国近现代史纲要","JASDM":"0202030201","JXLDM":"020203","JXBID":"20242-11806","SKBJ":"生科类2304-06,运动训练2402","TYXMDM":null,"KCH":"10211124005"},{"KKDWDM":"003","XS":16,"BYBZ":"0","JSJC":12,"XXXQDM":"02","KXH":"01","KSJC":11,"XKZRS":138,"SKZC":"111111110000000000000000","SKJS":"饶美娟","ISTK":0,"ZCMC":"1-8周","YPSJDD":"1-8周 星期三 第11节-第12节 南湖南-博学西楼-201","XF":1,"SKXQ":3,"XNXQDM":"2024-2025-2","KCM":"海洋与材料","JASDM":"0202030201","JXLDM":"020203","JXBID":"20242-07095","SKBJ":"公选-07095","TYXMDM":null,"KCH":"10036124480"},{"KKDWDM":"007","XS":16,"BYBZ":"0","JSJC":12,"XXXQDM":"02","KXH":"01","KSJC":11,"XKZRS":128,"SKZC":"111111110000000000000000","SKJS":"余晨光,杨勇","ISTK":0,"ZCMC":"1-8周","YPSJDD":"1-8周 星期四 第11节-第12节 南湖南-博学西楼-201","XF":1,"SKXQ":4,"XNXQDM":"2024-2025-2","KCM":"无人驾驶汽车的伦理道德(JD)","JASDM":"0202030201","JXLDM":"020203","JXBID":"20242-07467","SKBJ":"公选-07467","TYXMDM":null,"KCH":"10076121228"},{"KKDWDM":"016","XS":16,"BYBZ":"0","JSJC":2,"XXXQDM":"02","KXH":"10","KSJC":1,"XKZRS":98,"SKZC":"11111111","SKJS":"林宁","ISTK":0,"ZCMC":"1-8周","YPSJDD":"1-8周 星期二 第1节-第2节 南湖南-博学西楼-201","XF":1,"SKXQ":2,"XNXQDM":"2024-2025-2","KCM":"专业导论","JASDM":"0202030201","JXLDM":"020203","JXBID":"20242-11438","SKBJ":"化生类2409-11","TYXMDM":null,"KCH":"10164121021"},{"KKDWDM":"012","XS":32,"BYBZ":"0","JSJC":5,"XXXQDM":"02","KXH":"02","KSJC":3,"XKZRS":138,"SKZC":"11111111","SKJS":"李琳","ISTK":0,"ZCMC":"1-8周","YPSJDD":"1-8周 星期三 第3节-第5节 南湖南-博学西楼-201","XF":2,"SKXQ":3,"XNXQDM":"2024-2025-2","KCM":"数据挖掘C","JASDM":"0202030201","JXLDM":"020203","JXBID":"20242-02196","SKBJ":"软件2201-02,软件zy2201-02,金融kj2201","TYXMDM":null,"KCH":"10125117002"},{"KKDWDM":"012","XS":32,"BYBZ":"0","JSJC":8,"XXXQDM":"02","KXH":"02","KSJC":6,"XKZRS":140,"SKZC":"111111000000000000000000","SKJS":"刘春","ISTK":0,"ZCMC":"1-6周","YPSJDD":"7周 星期一 第6节-第7节 南湖南-博学西楼-201,1-6周 星期一 第6节-第8节 南湖南-博学西楼-201","XF":2,"SKXQ":1,"XNXQDM":"2024-2025-2","KCM":"Web应用开发","JASDM":"0202030201","JXLDM":"020203","JXBID":"20242-03004","SKBJ":"计算机2201-04","TYXMDM":null,"KCH":"10125121046"},{"KKDWDM":"022","XS":48,"BYBZ":"0","JSJC":5,"XXXQDM":"02","KXH":"02","KSJC":3,"XKZRS":103,"SKZC":"111100000000000000000000000000","SKJS":"卜清平","ISTK":0,"ZCMC":"1-4周","YPSJDD":"11-16周 星期五 第3节-第5节 南湖南-博学西楼-201,5周 星期五 第3节-第5节 南湖南-博学西楼-201,7-9周 星期五 第3节-第5节 南湖南-博学西楼-201,17周 星期三 第3节-第5节 南湖南-博学西楼-201,1-4周 星期五 第3节-第5节 南湖南-博学西楼-201,9周 星期日 第3节-第5节 南湖南-博学西楼-201","XF":3,"SKXQ":5,"XNXQDM":"2024-2025-2","KCM":"社会研究方法","JASDM":"0202030201","JXLDM":"020203","JXBID":"20242-11050","SKBJ":"法学类2404-06","TYXMDM":null,"KCH":"10223124001"},{"KKDWDM":"022","XS":48,"BYBZ":"0","JSJC":5,"XXXQDM":"02","KXH":"05","KSJC":3,"XKZRS":95,"SKZC":"111000000000000000000000000000","SKJS":"胡仕勇","ISTK":0,"ZCMC":"1-3周","YPSJDD":"1-3周 星期二 第3节-第5节 南湖南-博学西楼-201,4-16周 星期二 第3节-第5节 南湖南-博学西楼-201","XF":3,"SKXQ":2,"XNXQDM":"2024-2025-2","KCM":"社会研究方法","JASDM":"0202030201","JXLDM":"020203","JXBID":"20242-11030","SKBJ":"法学类2401-03","TYXMDM":null,"KCH":"10223124001"},{"KKDWDM":"021","XS":42,"BYBZ":"0","JSJC":8,"XXXQDM":"02","KXH":"17","KSJC":6,"XKZRS":109,"SKZC":"110000000000000000000000000000","SKJS":"彭肖建","ISTK":0,"ZCMC":"1-2周","YPSJDD":"3-5周,7-9周,11-15周 星期五 第6节-第8节 南湖南-博学主楼-202,1-2周 星期五 第6节-第8节 南湖南-博学西楼-201,9周 星期日 第6节-第8节 南湖南-博学主楼-202","XF":2,"SKXQ":5,"XNXQDM":"2024-2025-2","KCM":"马克思主义基本原理","JASDM":"0202030201","JXLDM":"020203","JXBID":"20242-04953","SKBJ":"成型zy2301,无机非2301-02","TYXMDM":null,"KCH":"10211117035"},{"KKDWDM":"012","XS":32,"BYBZ":"0","JSJC":2,"XXXQDM":"02","KXH":"05","KSJC":1,"XKZRS":135,"SKZC":"100000000000000000000000000000","SKJS":"邱奇志,高曙","ISTK":0,"ZCMC":"1周","YPSJDD":"2-9周,11-14周 星期四 第1节-第2节 南湖南-博学东楼-205,1周 星期四 第1节-第2节 南湖南-博学西楼-201","XF":2,"SKXQ":4,"XNXQDM":"2024-2025-2","KCM":"算法设计与分析B","JASDM":"0202030201","JXLDM":"020203","JXBID":"20242-04440","SKBJ":"计算机2301-03","TYXMDM":null,"KCH":"10125117001"},{"KKDWDM":"012","XS":32,"BYBZ":"0","JSJC":2,"XXXQDM":"02","KXH":"01","KSJC":1,"XKZRS":135,"SKZC":"100000000000000000000000000000","SKJS":"邱奇志,高曙","ISTK":0,"ZCMC":"1周","YPSJDD":"9周 星期日 第1节-第2节 南湖南-博学东楼-203,1周 星期五 第1节-第2节 南湖南-博学西楼-201,2-5周,7-9周,11-14周 星期五 第1节-第2节 南湖南-博学东楼-203","XF":2,"SKXQ":5,"XNXQDM":"2024-2025-2","KCM":"算法设计与分析B","JASDM":"0202030201","JXLDM":"020203","JXBID":"20242-04427","SKBJ":"计算机2304,计算机zy2301-02","TYXMDM":null,"KCH":"10125117001"},{"KKDWDM":"022","XS":48,"BYBZ":"0","JSJC":5,"XXXQDM":"02","KXH":"05","KSJC":3,"XKZRS":95,"SKZC":"000111111111111100000000000000","SKJS":"李佳,胡仕勇","ISTK":0,"ZCMC":"4-16周","YPSJDD":"1-3周 星期二 第3节-第5节 南湖南-博学西楼-201,4-16周 星期二 第3节-第5节 南湖南-博学西楼-201","XF":3,"SKXQ":2,"XNXQDM":"2024-2025-2","KCM":"社会研究方法","JASDM":"0202030201","JXLDM":"020203","JXBID":"20242-11030","SKBJ":"法学类2401-03","TYXMDM":null,"KCH":"10223124001"},{"KKDWDM":"022","XS":48,"BYBZ":"0","JSJC":5,"XXXQDM":"02","KXH":"02","KSJC":3,"XKZRS":103,"SKZC":"000010000000000000000000000000","SKJS":"卜清平","ISTK":0,"ZCMC":"5周","YPSJDD":"11-16周 星期五 第3节-第5节 南湖南-博学西楼-201,5周 星期五 第3节-第5节 南湖南-博学西楼-201,7-9周 星期五 第3节-第5节 南湖南-博学西楼-201,17周 星期三 第3节-第5节 南湖南-博学西楼-201,1-4周 星期五 第3节-第5节 南湖南-博学西楼-201,9周 星期日 第3节-第5节 南湖南-博学西楼-201","XF":3,"SKXQ":5,"XNXQDM":"2024-2025-2","KCM":"社会研究方法","JASDM":"0202030201","JXLDM":"020203","JXBID":"20242-11050","SKBJ":"法学类2404-06","TYXMDM":null,"KCH":"10223124001"},{"KKDWDM":"022","XS":48,"BYBZ":"0","JSJC":5,"XXXQDM":"02","KXH":"02","KSJC":3,"XKZRS":103,"SKZC":"000000111000000000000000000000","SKJS":"卜清平","ISTK":0,"ZCMC":"7-9周","YPSJDD":"11-16周 星期五 第3节-第5节 南湖南-博学西楼-201,5周 星期五 第3节-第5节 南湖南-博学西楼-201,7-9周 星期五 第3节-第5节 南湖南-博学西楼-201,17周 星期三 第3节-第5节 南湖南-博学西楼-201,1-4周 星期五 第3节-第5节 南湖南-博学西楼-201,9周 星期日 第3节-第5节 南湖南-博学西楼-201","XF":3,"SKXQ":5,"XNXQDM":"2024-2025-2","KCM":"社会研究方法","JASDM":"0202030201","JXLDM":"020203","JXBID":"20242-11050","SKBJ":"法学类2404-06","TYXMDM":null,"KCH":"10223124001"},{"KKDWDM":"012","XS":32,"BYBZ":"0","JSJC":7,"XXXQDM":"02","KXH":"02","KSJC":6,"XKZRS":140,"SKZC":"000000100000000000000000","SKJS":"刘春","ISTK":0,"ZCMC":"7周","YPSJDD":"7周 星期一 第6节-第7节 南湖南-博学西楼-201,1-6周 星期一 第6节-第8节 南湖南-博学西楼-201","XF":2,"SKXQ":1,"XNXQDM":"2024-2025-2","KCM":"Web应用开发","JASDM":"0202030201","JXLDM":"020203","JXBID":"20242-03004","SKBJ":"计算机2201-04","TYXMDM":null,"KCH":"10125121046"},{"KKDWDM":"009","XS":32,"BYBZ":"0","JSJC":5,"XXXQDM":"02","KXH":"10","KSJC":3,"XKZRS":54,"SKZC":"0000000011111111","SKJS":"杨剑","ISTK":0,"ZCMC":"9-16周","YPSJDD":"9-16周 星期三 第3节-第5节 南湖南-博学西楼-201","XF":2,"SKXQ":3,"XNXQDM":"2024-2025-2","KCM":"工程测量C","JASDM":"0202030201","JXLDM":"020203","JXBID":"20242-09979","SKBJ":"土木类2412-14","TYXMDM":null,"KCH":"10164224003"},{"KKDWDM":"017","XS":16,"BYBZ":"0","JSJC":2,"XXXQDM":"02","KXH":"01","KSJC":1,"XKZRS":44,"SKZC":"0000000011111111","SKJS":"王宏宇","ISTK":0,"ZCMC":"9-16周","YPSJDD":"9-16周 星期二 第1节-第2节 南湖南-博学西楼-201","XF":1,"SKXQ":2,"XNXQDM":"2024-2025-2","KCM":"专业前沿","JASDM":"0202030201","JXLDM":"020203","JXBID":"20242-02540","SKBJ":"信管2201-03","TYXMDM":null,"KCH":"10204111006"},{"KKDWDM":"012","XS":40,"BYBZ":"0","JSJC":7,"XXXQDM":"02","KXH":"03","KSJC":6,"XKZRS":101,"SKZC":"000000001111111000000000000000","SKJS":"陆丽萍","ISTK":0,"ZCMC":"9-15周","YPSJDD":"16-17周 星期一 第6节-第7节 南湖南-博学西楼-201,9-15周 星期三 第6节-第7节 南湖南-博学西楼-201,9-10周 星期一 第6节-第7节 南湖南-博学西楼-201,12-14周 星期一 第6节-第7节 南湖南-博学西楼-201","XF":2,"SKXQ":3,"XNXQDM":"2024-2025-2","KCM":"嵌入式系统应用","JASDM":"0202030201","JXLDM":"020203","JXBID":"20242-02787","SKBJ":"物联网2201,计算机2201-04,计算机zy2201-02","TYXMDM":null,"KCH":"10124121067"},{"KKDWDM":"011","XS":16,"BYBZ":"0","JSJC":12,"XXXQDM":"02","KXH":"01","KSJC":11,"XKZRS":111,"SKZC":"000000001111111000000000","SKJS":"黄俊","ISTK":0,"ZCMC":"9-15周","YPSJDD":"9-15周 星期三 第11节-第12节 南湖南-博学西楼-201","XF":1,"SKXQ":3,"XNXQDM":"2024-2025-2","KCM":"基于人工智能和机器人的智能再制造技术(JD)","JASDM":"0202030201","JXLDM":"020203","JXBID":"20242-07767","SKBJ":"公选-07767","TYXMDM":null,"KCH":"10116124003"},{"KKDWDM":"012","XS":40,"BYBZ":"0","JSJC":7,"XXXQDM":"02","KXH":"03","KSJC":6,"XKZRS":101,"SKZC":"000000001100000000000000000000","SKJS":"陆丽萍","ISTK":0,"ZCMC":"9-10周","YPSJDD":"16-17周 星期一 第6节-第7节 南湖南-博学西楼-201,9-15周 星期三 第6节-第7节 南湖南-博学西楼-201,9-10周 星期一 第6节-第7节 南湖南-博学西楼-201,12-14周 星期一 第6节-第7节 南湖南-博学西楼-201","XF":2,"SKXQ":1,"XNXQDM":"2024-2025-2","KCM":"嵌入式系统应用","JASDM":"0202030201","JXLDM":"020203","JXBID":"20242-02787","SKBJ":"物联网2201,计算机2201-04,计算机zy2201-02","TYXMDM":null,"KCH":"10124121067"},{"KKDWDM":"007","XS":24,"BYBZ":"0","JSJC":13,"XXXQDM":"02","KXH":"06","KSJC":11,"XKZRS":62,"SKZC":"000000001100000000000000000000","SKJS":"段芳芳,王军彦","ISTK":0,"ZCMC":"9-10周","YPSJDD":"12-14周 星期一 第11节-第13节 南湖南-博学西楼-201,17周 星期二 第11节-第13节 南湖南-博学西楼-201,9-10周 星期一 第11节-第13节 南湖南-博学西楼-201,16-17周 星期一 第11节-第13节 南湖南-博学西楼-201","XF":1,"SKXQ":1,"XNXQDM":"2024-2025-2","KCM":"轨道车辆概论B","JASDM":"0202030201","JXLDM":"020203","JXBID":"20242-11406","SKBJ":"车辆2301-04","TYXMDM":null,"KCH":"10075117084"},{"KKDWDM":"022","XS":48,"BYBZ":"0","JSJC":5,"XXXQDM":"02","KXH":"02","KSJC":3,"XKZRS":103,"SKZC":"000000001000000000000000000000","SKJS":"卜清平","ISTK":0,"ZCMC":"9周","YPSJDD":"11-16周 星期五 第3节-第5节 南湖南-博学西楼-201,5周 星期五 第3节-第5节 南湖南-博学西楼-201,7-9周 星期五 第3节-第5节 南湖南-博学西楼-201,17周 星期三 第3节-第5节 南湖南-博学西楼-201,1-4周 星期五 第3节-第5节 南湖南-博学西楼-201,9周 星期日 第3节-第5节 南湖南-博学西楼-201","XF":3,"SKXQ":7,"XNXQDM":"2024-2025-2","KCM":"社会研究方法","JASDM":"0202030201","JXLDM":"020203","JXBID":"20242-11050","SKBJ":"法学类2404-06","TYXMDM":null,"KCH":"10223124001"},{"KKDWDM":"007","XS":24,"BYBZ":"0","JSJC":10,"XXXQDM":"02","KXH":"11","KSJC":9,"XKZRS":66,"SKZC":"000000001000000000000000000000","SKJS":"邓加东,郭巍","ISTK":0,"ZCMC":"9周","YPSJDD":"9周 星期五 第9节-第10节 南湖南-博学西楼-201,11-16周 星期五 第9节-第10节 南湖南-博学西楼-201,17周 星期三 第9节-第10节 南湖南-博学西楼-201","XF":1,"SKXQ":5,"XNXQDM":"2024-2025-2","KCM":"汽车CAD\/CAE（B）","JASDM":"0202030201","JXLDM":"020203","JXBID":"20242-11402","SKBJ":"车辆2304-06","TYXMDM":null,"KCH":"10075117006"},{"KKDWDM":"022","XS":48,"BYBZ":"0","JSJC":5,"XXXQDM":"02","KXH":"02","KSJC":3,"XKZRS":103,"SKZC":"000000000011111100000000000000","SKJS":"卜清平","ISTK":0,"ZCMC":"11-16周","YPSJDD":"11-16周 星期五 第3节-第5节 南湖南-博学西楼-201,5周 星期五 第3节-第5节 南湖南-博学西楼-201,7-9周 星期五 第3节-第5节 南湖南-博学西楼-201,17周 星期三 第3节-第5节 南湖南-博学西楼-201,1-4周 星期五 第3节-第5节 南湖南-博学西楼-201,9周 星期日 第3节-第5节 南湖南-博学西楼-201","XF":3,"SKXQ":5,"XNXQDM":"2024-2025-2","KCM":"社会研究方法","JASDM":"0202030201","JXLDM":"020203","JXBID":"20242-11050","SKBJ":"法学类2404-06","TYXMDM":null,"KCH":"10223124001"},{"KKDWDM":"007","XS":24,"BYBZ":"0","JSJC":10,"XXXQDM":"02","KXH":"11","KSJC":9,"XKZRS":66,"SKZC":"000000000011111100000000000000","SKJS":"邓加东,郭巍","ISTK":0,"ZCMC":"11-16周","YPSJDD":"9周 星期五 第9节-第10节 南湖南-博学西楼-201,11-16周 星期五 第9节-第10节 南湖南-博学西楼-201,17周 星期三 第9节-第10节 南湖南-博学西楼-201","XF":1,"SKXQ":5,"XNXQDM":"2024-2025-2","KCM":"汽车CAD\/CAE（B）","JASDM":"0202030201","JXLDM":"020203","JXBID":"20242-11402","SKBJ":"车辆2304-06","TYXMDM":null,"KCH":"10075117006"},{"KKDWDM":"021","XS":48,"BYBZ":"0","JSJC":5,"XXXQDM":"02","KXH":"32","KSJC":3,"XKZRS":94,"SKZC":"000000000011111000000000000000","SKJS":"肖汉勇","ISTK":0,"ZCMC":"11-15周","YPSJDD":"11-15周 星期四 第3节-第5节 南湖南-博学西楼-201,1-9周 星期四 第3节-第5节 南湖南-博学西楼-201","XF":3,"SKXQ":4,"XNXQDM":"2024-2025-2","KCM":"中国近现代史纲要","JASDM":"0202030201","JXLDM":"020203","JXBID":"20242-11806","SKBJ":"生科类2304-06,运动训练2402","TYXMDM":null,"KCH":"10211124005"},{"KKDWDM":"007","XS":32,"BYBZ":"0","JSJC":12,"XXXQDM":"02","KXH":"01","KSJC":11,"XKZRS":98,"SKZC":"000000000010000000000000","SKJS":"孙倩,胡志力,胡泽启","ISTK":0,"ZCMC":"11周","YPSJDD":"11周 星期二 第11节-第12节 南湖南-博学西楼-201,1-10周 星期二 第11节-第13节 南湖南-博学西楼-201","XF":2,"SKXQ":2,"XNXQDM":"2024-2025-2","KCM":"新能源汽车车身轻量化结构与轻质材料(JD)","JASDM":"0202030201","JXLDM":"020203","JXBID":"20242-07475","SKBJ":"公选-07475","TYXMDM":null,"KCH":"10076121272"},{"KKDWDM":"022","XS":32,"BYBZ":"0","JSJC":2,"XXXQDM":"02","KXH":"04","KSJC":1,"XKZRS":100,"SKZC":"000000000001110000000000000000","SKJS":"夏倩,王丽,罗先平","ISTK":0,"ZCMC":"12-14周","YPSJDD":"16-17周 星期一 第1节-第2节 南湖南-博学西楼-201,12-14周 星期一 第1节-第2节 南湖南-博学西楼-201,1-10周 星期一 第1节-第2节 南湖南-博学西楼-201,17周 星期二 第1节-第2节 南湖南-博学西楼-201","XF":2,"SKXQ":1,"XNXQDM":"2024-2025-2","KCM":"习近平法治思想概论","JASDM":"0202030201","JXLDM":"020203","JXBID":"20242-11100","SKBJ":"法学类2401-03","TYXMDM":null,"KCH":"10224121145"},{"KKDWDM":"012","XS":40,"BYBZ":"0","JSJC":7,"XXXQDM":"02","KXH":"03","KSJC":6,"XKZRS":101,"SKZC":"000000000001110000000000000000","SKJS":"陆丽萍","ISTK":0,"ZCMC":"12-14周","YPSJDD":"16-17周 星期一 第6节-第7节 南湖南-博学西楼-201,9-15周 星期三 第6节-第7节 南湖南-博学西楼-201,9-10周 星期一 第6节-第7节 南湖南-博学西楼-201,12-14周 星期一 第6节-第7节 南湖南-博学西楼-201","XF":2,"SKXQ":1,"XNXQDM":"2024-2025-2","KCM":"嵌入式系统应用","JASDM":"0202030201","JXLDM":"020203","JXBID":"20242-02787","SKBJ":"物联网2201,计算机2201-04,计算机zy2201-02","TYXMDM":null,"KCH":"10124121067"},{"KKDWDM":"022","XS":48,"BYBZ":"0","JSJC":5,"XXXQDM":"02","KXH":"01","KSJC":3,"XKZRS":94,"SKZC":"000000000001110000000000000000","SKJS":"罗琳","ISTK":0,"ZCMC":"12-14周","YPSJDD":"12-14周 星期一 第3节-第5节 南湖南-博学西楼-201,1-10周 星期一 第3节-第5节 南湖南-博学西楼-201,17周 星期二 第3节-第5节 南湖南-博学西楼-201,16-17周 星期一 第3节-第5节 南湖南-博学西楼-201","XF":3,"SKXQ":1,"XNXQDM":"2024-2025-2","KCM":"民法学总论B","JASDM":"0202030201","JXLDM":"020203","JXBID":"20242-06185","SKBJ":"法学类2404-06","TYXMDM":null,"KCH":"10224117092"},{"KKDWDM":"038","XS":32,"BYBZ":"0","JSJC":10,"XXXQDM":"02","KXH":"08","KSJC":9,"XKZRS":90,"SKZC":"000000000001110000000000000000","SKJS":"汪平","ISTK":0,"ZCMC":"12-14周","YPSJDD":"16-17周 星期一 第9节-第10节 南湖南-博学西楼-201,1-10周 星期一 第9节-第10节 南湖南-博学西楼-201,12-14周 星期一 第9节-第10节 南湖南-博学西楼-201,17周 星期二 第9节-第10节 南湖南-博学西楼-201","XF":2,"SKXQ":1,"XNXQDM":"2024-2025-2","KCM":"军事理论","JASDM":"0202030201","JXLDM":"020203","JXBID":"20242-05979","SKBJ":"金融gj2401-03","TYXMDM":null,"KCH":"10381121001"},{"KKDWDM":"007","XS":24,"BYBZ":"0","JSJC":13,"XXXQDM":"02","KXH":"06","KSJC":11,"XKZRS":62,"SKZC":"000000000001110000000000000000","SKJS":"段芳芳,王军彦","ISTK":0,"ZCMC":"12-14周","YPSJDD":"12-14周 星期一 第11节-第13节 南湖南-博学西楼-201,17周 星期二 第11节-第13节 南湖南-博学西楼-201,9-10周 星期一 第11节-第13节 南湖南-博学西楼-201,16-17周 星期一 第11节-第13节 南湖南-博学西楼-201","XF":1,"SKXQ":1,"XNXQDM":"2024-2025-2","KCM":"轨道车辆概论B","JASDM":"0202030201","JXLDM":"020203","JXBID":"20242-11406","SKBJ":"车辆2301-04","TYXMDM":null,"KCH":"10075117084"},{"KKDWDM":"007","XS":24,"BYBZ":"0","JSJC":13,"XXXQDM":"02","KXH":"06","KSJC":11,"XKZRS":62,"SKZC":"000000000000000110000000000000","SKJS":"段芳芳,王军彦","ISTK":0,"ZCMC":"16-17周","YPSJDD":"12-14周 星期一 第11节-第13节 南湖南-博学西楼-201,17周 星期二 第11节-第13节 南湖南-博学西楼-201,9-10周 星期一 第11节-第13节 南湖南-博学西楼-201,16-17周 星期一 第11节-第13节 南湖南-博学西楼-201","XF":1,"SKXQ":1,"XNXQDM":"2024-2025-2","KCM":"轨道车辆概论B","JASDM":"0202030201","JXLDM":"020203","JXBID":"20242-11406","SKBJ":"车辆2301-04","TYXMDM":null,"KCH":"10075117084"},{"KKDWDM":"012","XS":40,"BYBZ":"0","JSJC":7,"XXXQDM":"02","KXH":"03","KSJC":6,"XKZRS":101,"SKZC":"000000000000000110000000000000","SKJS":"陆丽萍","ISTK":0,"ZCMC":"16-17周","YPSJDD":"16-17周 星期一 第6节-第7节 南湖南-博学西楼-201,9-15周 星期三 第6节-第7节 南湖南-博学西楼-201,9-10周 星期一 第6节-第7节 南湖南-博学西楼-201,12-14周 星期一 第6节-第7节 南湖南-博学西楼-201","XF":2,"SKXQ":1,"XNXQDM":"2024-2025-2","KCM":"嵌入式系统应用","JASDM":"0202030201","JXLDM":"020203","JXBID":"20242-02787","SKBJ":"物联网2201,计算机2201-04,计算机zy2201-02","TYXMDM":null,"KCH":"10124121067"},{"KKDWDM":"022","XS":48,"BYBZ":"0","JSJC":5,"XXXQDM":"02","KXH":"01","KSJC":3,"XKZRS":94,"SKZC":"000000000000000110000000000000","SKJS":"罗琳","ISTK":0,"ZCMC":"16-17周","YPSJDD":"12-14周 星期一 第3节-第5节 南湖南-博学西楼-201,1-10周 星期一 第3节-第5节 南湖南-博学西楼-201,17周 星期二 第3节-第5节 南湖南-博学西楼-201,16-17周 星期一 第3节-第5节 南湖南-博学西楼-201","XF":3,"SKXQ":1,"XNXQDM":"2024-2025-2","KCM":"民法学总论B","JASDM":"0202030201","JXLDM":"020203","JXBID":"20242-06185","SKBJ":"法学类2404-06","TYXMDM":null,"KCH":"10224117092"},{"KKDWDM":"038","XS":32,"BYBZ":"0","JSJC":10,"XXXQDM":"02","KXH":"08","KSJC":9,"XKZRS":90,"SKZC":"000000000000000110000000000000","SKJS":"汪平","ISTK":0,"ZCMC":"16-17周","YPSJDD":"16-17周 星期一 第9节-第10节 南湖南-博学西楼-201,1-10周 星期一 第9节-第10节 南湖南-博学西楼-201,12-14周 星期一 第9节-第10节 南湖南-博学西楼-201,17周 星期二 第9节-第10节 南湖南-博学西楼-201","XF":2,"SKXQ":1,"XNXQDM":"2024-2025-2","KCM":"军事理论","JASDM":"0202030201","JXLDM":"020203","JXBID":"20242-05979","SKBJ":"金融gj2401-03","TYXMDM":null,"KCH":"10381121001"},{"KKDWDM":"022","XS":32,"BYBZ":"0","JSJC":2,"XXXQDM":"02","KXH":"04","KSJC":1,"XKZRS":100,"SKZC":"000000000000000110000000000000","SKJS":"夏倩,王丽,罗先平","ISTK":0,"ZCMC":"16-17周","YPSJDD":"16-17周 星期一 第1节-第2节 南湖南-博学西楼-201,12-14周 星期一 第1节-第2节 南湖南-博学西楼-201,1-10周 星期一 第1节-第2节 南湖南-博学西楼-201,17周 星期二 第1节-第2节 南湖南-博学西楼-201","XF":2,"SKXQ":1,"XNXQDM":"2024-2025-2","KCM":"习近平法治思想概论","JASDM":"0202030201","JXLDM":"020203","JXBID":"20242-11100","SKBJ":"法学类2401-03","TYXMDM":null,"KCH":"10224121145"},{"KKDWDM":"022","XS":48,"BYBZ":"0","JSJC":5,"XXXQDM":"02","KXH":"02","KSJC":3,"XKZRS":103,"SKZC":"000000000000000010000000000000","SKJS":"卜清平","ISTK":0,"ZCMC":"17周","YPSJDD":"11-16周 星期五 第3节-第5节 南湖南-博学西楼-201,5周 星期五 第3节-第5节 南湖南-博学西楼-201,7-9周 星期五 第3节-第5节 南湖南-博学西楼-201,17周 星期三 第3节-第5节 南湖南-博学西楼-201,1-4周 星期五 第3节-第5节 南湖南-博学西楼-201,9周 星期日 第3节-第5节 南湖南-博学西楼-201","XF":3,"SKXQ":3,"XNXQDM":"2024-2025-2","KCM":"社会研究方法","JASDM":"0202030201","JXLDM":"020203","JXBID":"20242-11050","SKBJ":"法学类2404-06","TYXMDM":null,"KCH":"10223124001"},{"KKDWDM":"022","XS":48,"BYBZ":"0","JSJC":5,"XXXQDM":"02","KXH":"01","KSJC":3,"XKZRS":94,"SKZC":"000000000000000010000000000000","SKJS":"罗琳","ISTK":0,"ZCMC":"17周","YPSJDD":"12-14周 星期一 第3节-第5节 南湖南-博学西楼-201,1-10周 星期一 第3节-第5节 南湖南-博学西楼-201,17周 星期二 第3节-第5节 南湖南-博学西楼-201,16-17周 星期一 第3节-第5节 南湖南-博学西楼-201","XF":3,"SKXQ":2,"XNXQDM":"2024-2025-2","KCM":"民法学总论B","JASDM":"0202030201","JXLDM":"020203","JXBID":"20242-06185","SKBJ":"法学类2404-06","TYXMDM":null,"KCH":"10224117092"},{"KKDWDM":"022","XS":32,"BYBZ":"0","JSJC":2,"XXXQDM":"02","KXH":"04","KSJC":1,"XKZRS":100,"SKZC":"000000000000000010000000000000","SKJS":"夏倩,王丽,罗先平","ISTK":0,"ZCMC":"17周","YPSJDD":"16-17周 星期一 第1节-第2节 南湖南-博学西楼-201,12-14周 星期一 第1节-第2节 南湖南-博学西楼-201,1-10周 星期一 第1节-第2节 南湖南-博学西楼-201,17周 星期二 第1节-第2节 南湖南-博学西楼-201","XF":2,"SKXQ":2,"XNXQDM":"2024-2025-2","KCM":"习近平法治思想概论","JASDM":"0202030201","JXLDM":"020203","JXBID":"20242-11100","SKBJ":"法学类2401-03","TYXMDM":null,"KCH":"10224121145"},{"KKDWDM":"038","XS":32,"BYBZ":"0","JSJC":10,"XXXQDM":"02","KXH":"08","KSJC":9,"XKZRS":90,"SKZC":"000000000000000010000000000000","SKJS":"汪平","ISTK":0,"ZCMC":"17周","YPSJDD":"16-17周 星期一 第9节-第10节 南湖南-博学西楼-201,1-10周 星期一 第9节-第10节 南湖南-博学西楼-201,12-14周 星期一 第9节-第10节 南湖南-博学西楼-201,17周 星期二 第9节-第10节 南湖南-博学西楼-201","XF":2,"SKXQ":2,"XNXQDM":"2024-2025-2","KCM":"军事理论","JASDM":"0202030201","JXLDM":"020203","JXBID":"20242-05979","SKBJ":"金融gj2401-03","TYXMDM":null,"KCH":"10381121001"},{"KKDWDM":"007","XS":24,"BYBZ":"0","JSJC":10,"XXXQDM":"02","KXH":"11","KSJC":9,"XKZRS":66,"SKZC":"000000000000000010000000000000","SKJS":"邓加东,郭巍","ISTK":0,"ZCMC":"17周","YPSJDD":"9周 星期五 第9节-第10节 南湖南-博学西楼-201,11-16周 星期五 第9节-第10节 南湖南-博学西楼-201,17周 星期三 第9节-第10节 南湖南-博学西楼-201","XF":1,"SKXQ":3,"XNXQDM":"2024-2025-2","KCM":"汽车CAD\/CAE（B）","JASDM":"0202030201","JXLDM":"020203","JXBID":"20242-11402","SKBJ":"车辆2304-06","TYXMDM":null,"KCH":"10075117006"},{"KKDWDM":"007","XS":24,"BYBZ":"0","JSJC":13,"XXXQDM":"02","KXH":"06","KSJC":11,"XKZRS":62,"SKZC":"000000000000000010000000000000","SKJS":"段芳芳,王军彦","ISTK":0,"ZCMC":"17周","YPSJDD":"12-14周 星期一 第11节-第13节 南湖南-博学西楼-201,17周 星期二 第11节-第13节 南湖南-博学西楼-201,9-10周 星期一 第11节-第13节 南湖南-博学西楼-201,16-17周 星期一 第11节-第13节 南湖南-博学西楼-201","XF":1,"SKXQ":2,"XNXQDM":"2024-2025-2","KCM":"轨道车辆概论B","JASDM":"0202030201","JXLDM":"020203","JXBID":"20242-11406","SKBJ":"车辆2301-04","TYXMDM":null,"KCH":"10075117084"},{"KKDWDM":"010","XS":16,"BYBZ":"0","JSJC":4,"XXXQDM":"02","KXH":"01","KSJC":1,"XKZRS":137,"SKZC":"000000000000000000110000","SKJS":"梁友嘉","ISTK":0,"ZCMC":"19-20周","YPSJDD":"19-20周 星期六 第1节-第4节 南湖南-博学西楼-201,19-20周 星期日 第1节-第4节 南湖南-博学西楼-201","XF":1,"SKXQ":7,"XNXQDM":"2024-2025-2","KCM":"GIS创新创业实践(GX)","JASDM":"0202030201","JXLDM":"020203","JXBID":"20242-07729","SKBJ":"公选-07729","TYXMDM":null,"KCH":"10102124001"},{"KKDWDM":"010","XS":16,"BYBZ":"0","JSJC":4,"XXXQDM":"02","KXH":"01","KSJC":1,"XKZRS":137,"SKZC":"000000000000000000110000","SKJS":"梁友嘉","ISTK":0,"ZCMC":"19-20周","YPSJDD":"19-20周 星期六 第1节-第4节 南湖南-博学西楼-201,19-20周 星期日 第1节-第4节 南湖南-博学西楼-201","XF":1,"SKXQ":6,"XNXQDM":"2024-2025-2","KCM":"GIS创新创业实践(GX)","JASDM":"0202030201","JXLDM":"020203","JXBID":"20242-07729","SKBJ":"公选-07729","TYXMDM":null,"KCH":"10102124001"}]}},"code":"0"}