{"datas":{"jaskcb":{"extParams":{"code":1,"msg":"查询成功"},"pageSize":0,"pageNumber":0,"totalSize":-1,"rows":[{"KKDWDM":"010","XS":32,"BYBZ":"0","JSJC":2,"XXXQDM":"02","KXH":"01","KSJC":1,"XKZRS":50,"SKZC":"111111111111111100000000","SKJS":"钱玉鹏","ISTK":0,"ZCMC":"1-16周","YPSJDD":"1-16周 星期二 第1节-第2节 南湖南-博学西楼-210","XF":2,"SKXQ":2,"XNXQDM":"2024-2025-2","KCM":"粉碎工程B","JASDM":"0202030210","JXLDM":"020203","JXBID":"20242-04337","SKBJ":"矿物zy2301-02","TYXMDM":null,"KCH":"10096111002"},{"KKDWDM":"008","XS":32,"BYBZ":"0","JSJC":4,"XXXQDM":"02","KXH":"05","KSJC":3,"XKZRS":50,"SKZC":"111111111111110000000000","SKJS":"周斌,宋涵","ISTK":0,"ZCMC":"1-14周","YPSJDD":"1-14周 星期二 第3节-第4节 南湖南-博学西楼-210","XF":2,"SKXQ":2,"XNXQDM":"2024-2025-2","KCM":"流体力学与液压传动B","JASDM":"0202030210","JXLDM":"020203","JXBID":"20242-02984","SKBJ":"智能制造2201-02","TYXMDM":null,"KCH":"10085117017"},{"KKDWDM":"018","XS":32,"BYBZ":"0","JSJC":10,"XXXQDM":"02","KXH":"01","KSJC":9,"XKZRS":21,"SKZC":"111111111111100000000000","SKJS":"徐晓明","ISTK":0,"ZCMC":"1-13周","YPSJDD":"1-13周 星期三 第9节-第10节 南湖南-博学西楼-210","XF":2,"SKXQ":3,"XNXQDM":"2024-2025-2","KCM":"跨境电商社交媒体营销","JASDM":"0202030210","JXLDM":"020203","JXBID":"20242-03417","SKBJ":"创管2201,经济cy2201","TYXMDM":null,"KCH":"10185121007"},{"KKDWDM":"010","XS":32,"BYBZ":"0","JSJC":2,"XXXQDM":"02","KXH":"01","KSJC":1,"XKZRS":50,"SKZC":"111111111100000000000000000000","SKJS":"任浏祎,杨思原","ISTK":0,"ZCMC":"1-10周","YPSJDD":"12-14周 星期一 第1节-第2节 南湖南-博学西楼-210,16-17周 星期一 第1节-第2节 南湖南-博学西楼-210,17周 星期二 第1节-第2节 南湖南-博学西楼-210,1-10周 星期一 第1节-第2节 南湖南-博学西楼-210","XF":2,"SKXQ":1,"XNXQDM":"2024-2025-2","KCM":"表面与胶体化学B","JASDM":"0202030210","JXLDM":"020203","JXBID":"20242-05835","SKBJ":"矿物zy2301-02","TYXMDM":null,"KCH":"10105117012"},{"KKDWDM":"023","XS":32,"BYBZ":"0","JSJC":13,"XXXQDM":"02","KXH":"01","KSJC":11,"XKZRS":11,"SKZC":"111111111100000000000000","SKJS":"王成昌","ISTK":0,"ZCMC":"1-10周","YPSJDD":"11周 星期二 第11节-第12节 南湖南-博学西楼-210,1-10周 星期二 第11节-第13节 南湖南-博学西楼-210","XF":2,"SKXQ":2,"XNXQDM":"2024-2025-2","KCM":"公共管理学(GX)","JASDM":"0202030210","JXLDM":"020203","JXBID":"20242-08709","SKBJ":"公选-08709","TYXMDM":null,"KCH":"10232121157"},{"KKDWDM":"010","XS":40,"BYBZ":"0","JSJC":5,"XXXQDM":"02","KXH":"01","KSJC":3,"XKZRS":44,"SKZC":"111111111100000000000000","SKJS":"黄敏","ISTK":0,"ZCMC":"1-10周","YPSJDD":"11周 星期三 第3节-第4节 南湖南-博学西楼-210,1-10周 星期三 第3节-第5节 南湖南-博学西楼-210","XF":2,"SKXQ":3,"XNXQDM":"2024-2025-2","KCM":"环境生态学A","JASDM":"0202030210","JXLDM":"020203","JXBID":"20242-05745","SKBJ":"环科2301-02","TYXMDM":null,"KCH":"10104121032"},{"KKDWDM":"010","XS":32,"BYBZ":"0","JSJC":13,"XXXQDM":"02","KXH":"01","KSJC":11,"XKZRS":50,"SKZC":"111111111010000000000000","SKJS":"柯波","ISTK":0,"ZCMC":"1-9周,11周","YPSJDD":"12周 星期四 第11节-第12节 南湖南-博学西楼-210,1-9周,11周 星期四 第11节-第13节 南湖南-博学西楼-210","XF":2,"SKXQ":4,"XNXQDM":"2024-2025-2","KCM":"矿产资源跨国开发","JASDM":"0202030210","JXLDM":"020203","JXBID":"20242-07739","SKBJ":"公选-07739","TYXMDM":null,"KCH":"10106117090"},{"KKDWDM":"010","XS":32,"BYBZ":"0","JSJC":7,"XXXQDM":"02","KXH":"01","KSJC":6,"XKZRS":46,"SKZC":"111111110000000000000000000000","SKJS":"刘诚,梅光军","ISTK":0,"ZCMC":"1-8周","YPSJDD":"1-8周 星期二 第6节-第7节 南湖南-博学西楼-210,7-8周 星期五 第6节-第7节 南湖南-博学西楼-210,9周 星期日 第6节-第7节 南湖南-博学西楼-210,1-5周 星期五 第6节-第7节 南湖南-博学西楼-210","XF":2,"SKXQ":2,"XNXQDM":"2024-2025-2","KCM":"选矿药剂","JASDM":"0202030210","JXLDM":"020203","JXBID":"20242-02733","SKBJ":"矿物zy2201-02","TYXMDM":null,"KCH":"10097311023"},{"KKDWDM":"010","XS":32,"BYBZ":"0","JSJC":7,"XXXQDM":"02","KXH":"01","KSJC":6,"XKZRS":46,"SKZC":"111110000000000000000000000000","SKJS":"刘诚,梅光军","ISTK":0,"ZCMC":"1-5周","YPSJDD":"1-8周 星期二 第6节-第7节 南湖南-博学西楼-210,7-8周 星期五 第6节-第7节 南湖南-博学西楼-210,9周 星期日 第6节-第7节 南湖南-博学西楼-210,1-5周 星期五 第6节-第7节 南湖南-博学西楼-210","XF":2,"SKXQ":5,"XNXQDM":"2024-2025-2","KCM":"选矿药剂","JASDM":"0202030210","JXLDM":"020203","JXBID":"20242-02733","SKBJ":"矿物zy2201-02","TYXMDM":null,"KCH":"10097311023"},{"KKDWDM":"009","XS":16,"BYBZ":"0","JSJC":2,"XXXQDM":"02","KXH":"01","KSJC":1,"XKZRS":47,"SKZC":"111110000000000000000000000000","SKJS":"张凯","ISTK":0,"ZCMC":"1-5周","YPSJDD":"9周 星期日 第1节-第2节 南湖南-博学西楼-210,1-5周 星期五 第1节-第2节 南湖南-博学西楼-210,7-8周 星期五 第1节-第2节 南湖南-博学西楼-210","XF":1,"SKXQ":5,"XNXQDM":"2024-2025-2","KCM":"城市规划原理C","JASDM":"0202030210","JXLDM":"020203","JXBID":"20242-03481","SKBJ":"建筑学2201-02","TYXMDM":null,"KCH":"10094117064"},{"KKDWDM":"010","XS":32,"BYBZ":"0","JSJC":2,"XXXQDM":"02","KXH":"01","KSJC":1,"XKZRS":50,"SKZC":"111100000000000000000000","SKJS":"贾菲菲","ISTK":0,"ZCMC":"1-4周","YPSJDD":"1-4周 星期四 第1节-第2节 南湖南-博学西楼-210","XF":2,"SKXQ":4,"XNXQDM":"2024-2025-2","KCM":"资源工程CAD","JASDM":"0202030210","JXLDM":"020203","JXBID":"20242-05476","SKBJ":"矿物zy2301-02","TYXMDM":null,"KCH":"10105111042"},{"KKDWDM":"010","XS":40,"BYBZ":"0","JSJC":4,"XXXQDM":"02","KXH":"01","KSJC":3,"XKZRS":51,"SKZC":"110000000000000000000000000000","SKJS":"向璐","ISTK":0,"ZCMC":"1-2周","YPSJDD":"3-10周,12-13周 星期一 第3节-第4节 南湖南-博学主楼-306,1-2周 星期一 第3节-第4节 南湖南-博学西楼-210","XF":2,"SKXQ":1,"XNXQDM":"2024-2025-2","KCM":"矿石学B","JASDM":"0202030210","JXLDM":"020203","JXBID":"20242-05511","SKBJ":"矿物zy2301-02","TYXMDM":null,"KCH":"10104117029"},{"KKDWDM":"010","XS":32,"BYBZ":"0","JSJC":5,"XXXQDM":"02","KXH":"01","KSJC":3,"XKZRS":45,"SKZC":"001111111100000000000000000000","SKJS":"孙康康,管俊芳","ISTK":0,"ZCMC":"3-10周","YPSJDD":"1-2周 星期一 第3节-第5节 南湖南-博学主楼-306,3-10周 星期一 第3节-第5节 南湖南-博学西楼-210,12周 星期一 第3节-第4节 南湖南-博学西楼-210","XF":2,"SKXQ":1,"XNXQDM":"2024-2025-2","KCM":"矿物加工测试技术","JASDM":"0202030210","JXLDM":"020203","JXBID":"20242-03657","SKBJ":"矿物zy2201-02","TYXMDM":null,"KCH":"10097311008"},{"KKDWDM":"022","XS":32,"BYBZ":"0","JSJC":5,"XXXQDM":"02","KXH":"01","KSJC":3,"XKZRS":27,"SKZC":"000111111000000000000000000000","SKJS":"刘卫华","ISTK":0,"ZCMC":"4-9周","YPSJDD":"15周 星期四 第3节-第4节 南湖南-博学西楼-210,4-9周 星期四 第3节-第5节 南湖南-博学西楼-210,11-14周 星期四 第3节-第5节 南湖南-博学西楼-210","XF":2,"SKXQ":4,"XNXQDM":"2024-2025-2","KCM":"心理学A","JASDM":"0202030210","JXLDM":"020203","JXBID":"20242-03178","SKBJ":"汉语2201","TYXMDM":null,"KCH":"10224121128"},{"KKDWDM":"010","XS":32,"BYBZ":"0","JSJC":7,"XXXQDM":"02","KXH":"01","KSJC":6,"XKZRS":46,"SKZC":"000000110000000000000000000000","SKJS":"刘诚,梅光军","ISTK":0,"ZCMC":"7-8周","YPSJDD":"1-8周 星期二 第6节-第7节 南湖南-博学西楼-210,7-8周 星期五 第6节-第7节 南湖南-博学西楼-210,9周 星期日 第6节-第7节 南湖南-博学西楼-210,1-5周 星期五 第6节-第7节 南湖南-博学西楼-210","XF":2,"SKXQ":5,"XNXQDM":"2024-2025-2","KCM":"选矿药剂","JASDM":"0202030210","JXLDM":"020203","JXBID":"20242-02733","SKBJ":"矿物zy2201-02","TYXMDM":null,"KCH":"10097311023"},{"KKDWDM":"009","XS":16,"BYBZ":"0","JSJC":2,"XXXQDM":"02","KXH":"01","KSJC":1,"XKZRS":47,"SKZC":"000000110000000000000000000000","SKJS":"张凯","ISTK":0,"ZCMC":"7-8周","YPSJDD":"9周 星期日 第1节-第2节 南湖南-博学西楼-210,1-5周 星期五 第1节-第2节 南湖南-博学西楼-210,7-8周 星期五 第1节-第2节 南湖南-博学西楼-210","XF":1,"SKXQ":5,"XNXQDM":"2024-2025-2","KCM":"城市规划原理C","JASDM":"0202030210","JXLDM":"020203","JXBID":"20242-03481","SKBJ":"建筑学2201-02","TYXMDM":null,"KCH":"10094117064"},{"KKDWDM":"007","XS":24,"BYBZ":"0","JSJC":8,"XXXQDM":"02","KXH":"05","KSJC":6,"XKZRS":45,"SKZC":"0000000011111111","SKJS":"Christopher Charles Wyatt,魏文婷","ISTK":0,"ZCMC":"9-16周","YPSJDD":"9-16周 星期三 第6节-第8节 南湖南-博学西楼-210","XF":1,"SKXQ":3,"XNXQDM":"2024-2025-2","KCM":"工程材料学2","JASDM":"0202030210","JXLDM":"020203","JXBID":"20242-11390","SKBJ":"车辆gj2303","TYXMDM":null,"KCH":"10075121007"},{"KKDWDM":"007","XS":24,"BYBZ":"0","JSJC":8,"XXXQDM":"02","KXH":"01","KSJC":6,"XKZRS":42,"SKZC":"0000000011111111","SKJS":"路珏","ISTK":0,"ZCMC":"9-16周","YPSJDD":"9-16周 星期二 第6节-第8节 南湖南-博学西楼-210","XF":1,"SKXQ":2,"XNXQDM":"2024-2025-2","KCM":"机械制造基础","JASDM":"0202030210","JXLDM":"020203","JXBID":"20242-05874","SKBJ":"车辆2306","TYXMDM":null,"KCH":"10074117101"},{"KKDWDM":"007","XS":24,"BYBZ":"0","JSJC":8,"XXXQDM":"02","KXH":"07","KSJC":6,"XKZRS":41,"SKZC":"000000001100000000000000000000","SKJS":"孙倩","ISTK":0,"ZCMC":"9-10周","YPSJDD":"17周 星期二 第6节-第8节 南湖南-博学西楼-210,12-14周 星期一 第6节-第8节 南湖南-博学西楼-210,16-17周 星期一 第6节-第8节 南湖南-博学西楼-210,9-10周 星期一 第6节-第8节 南湖南-博学西楼-210","XF":1,"SKXQ":1,"XNXQDM":"2024-2025-2","KCM":"机械制造基础","JASDM":"0202030210","JXLDM":"020203","JXBID":"20242-11395","SKBJ":"车辆2305","TYXMDM":null,"KCH":"10074117101"},{"KKDWDM":"010","XS":32,"BYBZ":"0","JSJC":7,"XXXQDM":"02","KXH":"01","KSJC":6,"XKZRS":46,"SKZC":"000000001000000000000000000000","SKJS":"刘诚,梅光军","ISTK":0,"ZCMC":"9周","YPSJDD":"1-8周 星期二 第6节-第7节 南湖南-博学西楼-210,7-8周 星期五 第6节-第7节 南湖南-博学西楼-210,9周 星期日 第6节-第7节 南湖南-博学西楼-210,1-5周 星期五 第6节-第7节 南湖南-博学西楼-210","XF":2,"SKXQ":7,"XNXQDM":"2024-2025-2","KCM":"选矿药剂","JASDM":"0202030210","JXLDM":"020203","JXBID":"20242-02733","SKBJ":"矿物zy2201-02","TYXMDM":null,"KCH":"10097311023"},{"KKDWDM":"009","XS":16,"BYBZ":"0","JSJC":2,"XXXQDM":"02","KXH":"01","KSJC":1,"XKZRS":47,"SKZC":"000000001000000000000000000000","SKJS":"张凯","ISTK":0,"ZCMC":"9周","YPSJDD":"9周 星期日 第1节-第2节 南湖南-博学西楼-210,1-5周 星期五 第1节-第2节 南湖南-博学西楼-210,7-8周 星期五 第1节-第2节 南湖南-博学西楼-210","XF":1,"SKXQ":7,"XNXQDM":"2024-2025-2","KCM":"城市规划原理C","JASDM":"0202030210","JXLDM":"020203","JXBID":"20242-03481","SKBJ":"建筑学2201-02","TYXMDM":null,"KCH":"10094117064"},{"KKDWDM":"022","XS":32,"BYBZ":"0","JSJC":5,"XXXQDM":"02","KXH":"01","KSJC":3,"XKZRS":27,"SKZC":"00000000001111","SKJS":"刘卫华","ISTK":0,"ZCMC":"11-14周","YPSJDD":"15周 星期四 第3节-第4节 南湖南-博学西楼-210,4-9周 星期四 第3节-第5节 南湖南-博学西楼-210,11-14周 星期四 第3节-第5节 南湖南-博学西楼-210","XF":2,"SKXQ":4,"XNXQDM":"2024-2025-2","KCM":"心理学A","JASDM":"0202030210","JXLDM":"020203","JXBID":"20242-03178","SKBJ":"汉语2201","TYXMDM":null,"KCH":"10224121128"},{"KKDWDM":"010","XS":40,"BYBZ":"0","JSJC":4,"XXXQDM":"02","KXH":"01","KSJC":3,"XKZRS":44,"SKZC":"000000000010000000000000","SKJS":"黄敏","ISTK":0,"ZCMC":"11周","YPSJDD":"11周 星期三 第3节-第4节 南湖南-博学西楼-210,1-10周 星期三 第3节-第5节 南湖南-博学西楼-210","XF":2,"SKXQ":3,"XNXQDM":"2024-2025-2","KCM":"环境生态学A","JASDM":"0202030210","JXLDM":"020203","JXBID":"20242-05745","SKBJ":"环科2301-02","TYXMDM":null,"KCH":"10104121032"},{"KKDWDM":"023","XS":32,"BYBZ":"0","JSJC":12,"XXXQDM":"02","KXH":"01","KSJC":11,"XKZRS":11,"SKZC":"000000000010000000000000","SKJS":"王成昌","ISTK":0,"ZCMC":"11周","YPSJDD":"11周 星期二 第11节-第12节 南湖南-博学西楼-210,1-10周 星期二 第11节-第13节 南湖南-博学西楼-210","XF":2,"SKXQ":2,"XNXQDM":"2024-2025-2","KCM":"公共管理学(GX)","JASDM":"0202030210","JXLDM":"020203","JXBID":"20242-08709","SKBJ":"公选-08709","TYXMDM":null,"KCH":"10232121157"},{"KKDWDM":"007","XS":24,"BYBZ":"0","JSJC":8,"XXXQDM":"02","KXH":"07","KSJC":6,"XKZRS":41,"SKZC":"000000000001110000000000000000","SKJS":"孙倩","ISTK":0,"ZCMC":"12-14周","YPSJDD":"17周 星期二 第6节-第8节 南湖南-博学西楼-210,12-14周 星期一 第6节-第8节 南湖南-博学西楼-210,16-17周 星期一 第6节-第8节 南湖南-博学西楼-210,9-10周 星期一 第6节-第8节 南湖南-博学西楼-210","XF":1,"SKXQ":1,"XNXQDM":"2024-2025-2","KCM":"机械制造基础","JASDM":"0202030210","JXLDM":"020203","JXBID":"20242-11395","SKBJ":"车辆2305","TYXMDM":null,"KCH":"10074117101"},{"KKDWDM":"010","XS":32,"BYBZ":"0","JSJC":2,"XXXQDM":"02","KXH":"01","KSJC":1,"XKZRS":50,"SKZC":"000000000001110000000000000000","SKJS":"任浏祎,杨思原","ISTK":0,"ZCMC":"12-14周","YPSJDD":"12-14周 星期一 第1节-第2节 南湖南-博学西楼-210,16-17周 星期一 第1节-第2节 南湖南-博学西楼-210,17周 星期二 第1节-第2节 南湖南-博学西楼-210,1-10周 星期一 第1节-第2节 南湖南-博学西楼-210","XF":2,"SKXQ":1,"XNXQDM":"2024-2025-2","KCM":"表面与胶体化学B","JASDM":"0202030210","JXLDM":"020203","JXBID":"20242-05835","SKBJ":"矿物zy2301-02","TYXMDM":null,"KCH":"10105117012"},{"KKDWDM":"010","XS":32,"BYBZ":"0","JSJC":4,"XXXQDM":"02","KXH":"01","KSJC":3,"XKZRS":45,"SKZC":"000000000001000000000000000000","SKJS":"孙康康,管俊芳","ISTK":0,"ZCMC":"12周","YPSJDD":"1-2周 星期一 第3节-第5节 南湖南-博学主楼-306,3-10周 星期一 第3节-第5节 南湖南-博学西楼-210,12周 星期一 第3节-第4节 南湖南-博学西楼-210","XF":2,"SKXQ":1,"XNXQDM":"2024-2025-2","KCM":"矿物加工测试技术","JASDM":"0202030210","JXLDM":"020203","JXBID":"20242-03657","SKBJ":"矿物zy2201-02","TYXMDM":null,"KCH":"10097311008"},{"KKDWDM":"010","XS":32,"BYBZ":"0","JSJC":12,"XXXQDM":"02","KXH":"01","KSJC":11,"XKZRS":50,"SKZC":"000000000001000000000000","SKJS":"柯波","ISTK":0,"ZCMC":"12周","YPSJDD":"12周 星期四 第11节-第12节 南湖南-博学西楼-210,1-9周,11周 星期四 第11节-第13节 南湖南-博学西楼-210","XF":2,"SKXQ":4,"XNXQDM":"2024-2025-2","KCM":"矿产资源跨国开发","JASDM":"0202030210","JXLDM":"020203","JXBID":"20242-07739","SKBJ":"公选-07739","TYXMDM":null,"KCH":"10106117090"},{"KKDWDM":"022","XS":32,"BYBZ":"0","JSJC":4,"XXXQDM":"02","KXH":"01","KSJC":3,"XKZRS":27,"SKZC":"000000000000001","SKJS":"刘卫华","ISTK":0,"ZCMC":"15周","YPSJDD":"15周 星期四 第3节-第4节 南湖南-博学西楼-210,4-9周 星期四 第3节-第5节 南湖南-博学西楼-210,11-14周 星期四 第3节-第5节 南湖南-博学西楼-210","XF":2,"SKXQ":4,"XNXQDM":"2024-2025-2","KCM":"心理学A","JASDM":"0202030210","JXLDM":"020203","JXBID":"20242-03178","SKBJ":"汉语2201","TYXMDM":null,"KCH":"10224121128"},{"KKDWDM":"010","XS":32,"BYBZ":"0","JSJC":2,"XXXQDM":"02","KXH":"01","KSJC":1,"XKZRS":50,"SKZC":"000000000000000110000000000000","SKJS":"任浏祎,杨思原","ISTK":0,"ZCMC":"16-17周","YPSJDD":"12-14周 星期一 第1节-第2节 南湖南-博学西楼-210,16-17周 星期一 第1节-第2节 南湖南-博学西楼-210,17周 星期二 第1节-第2节 南湖南-博学西楼-210,1-10周 星期一 第1节-第2节 南湖南-博学西楼-210","XF":2,"SKXQ":1,"XNXQDM":"2024-2025-2","KCM":"表面与胶体化学B","JASDM":"0202030210","JXLDM":"020203","JXBID":"20242-05835","SKBJ":"矿物zy2301-02","TYXMDM":null,"KCH":"10105117012"},{"KKDWDM":"007","XS":24,"BYBZ":"0","JSJC":8,"XXXQDM":"02","KXH":"07","KSJC":6,"XKZRS":41,"SKZC":"000000000000000110000000000000","SKJS":"孙倩","ISTK":0,"ZCMC":"16-17周","YPSJDD":"17周 星期二 第6节-第8节 南湖南-博学西楼-210,12-14周 星期一 第6节-第8节 南湖南-博学西楼-210,16-17周 星期一 第6节-第8节 南湖南-博学西楼-210,9-10周 星期一 第6节-第8节 南湖南-博学西楼-210","XF":1,"SKXQ":1,"XNXQDM":"2024-2025-2","KCM":"机械制造基础","JASDM":"0202030210","JXLDM":"020203","JXBID":"20242-11395","SKBJ":"车辆2305","TYXMDM":null,"KCH":"10074117101"},{"KKDWDM":"007","XS":24,"BYBZ":"0","JSJC":8,"XXXQDM":"02","KXH":"07","KSJC":6,"XKZRS":41,"SKZC":"000000000000000010000000000000","SKJS":"孙倩","ISTK":0,"ZCMC":"17周","YPSJDD":"17周 星期二 第6节-第8节 南湖南-博学西楼-210,12-14周 星期一 第6节-第8节 南湖南-博学西楼-210,16-17周 星期一 第6节-第8节 南湖南-博学西楼-210,9-10周 星期一 第6节-第8节 南湖南-博学西楼-210","XF":1,"SKXQ":2,"XNXQDM":"2024-2025-2","KCM":"机械制造基础","JASDM":"0202030210","JXLDM":"020203","JXBID":"20242-11395","SKBJ":"车辆2305","TYXMDM":null,"KCH":"10074117101"},{"KKDWDM":"010","XS":32,"BYBZ":"0","JSJC":2,"XXXQDM":"02","KXH":"01","KSJC":1,"XKZRS":50,"SKZC":"000000000000000010000000000000","SKJS":"任浏祎,杨思原","ISTK":0,"ZCMC":"17周","YPSJDD":"12-14周 星期一 第1节-第2节 南湖南-博学西楼-210,16-17周 星期一 第1节-第2节 南湖南-博学西楼-210,17周 星期二 第1节-第2节 南湖南-博学西楼-210,1-10周 星期一 第1节-第2节 南湖南-博学西楼-210","XF":2,"SKXQ":2,"XNXQDM":"2024-2025-2","KCM":"表面与胶体化学B","JASDM":"0202030210","JXLDM":"020203","JXBID":"20242-05835","SKBJ":"矿物zy2301-02","TYXMDM":null,"KCH":"10105117012"}]}},"code":"0"}