{"datas":{"jaskcb":{"extParams":{"code":1,"msg":"查询成功"},"pageSize":0,"pageNumber":0,"totalSize":-1,"rows":[{"KKDWDM":"003","XS":64,"BYBZ":"0","JSJC":2,"XXXQDM":"02","KXH":"07","KSJC":1,"XKZRS":74,"SKZC":"111111111111111100000000000000","SKJS":"夏梦玲,张志英","ISTK":0,"ZCMC":"1-16周","YPSJDD":"1-9周 星期四 第1节-第2节 南湖南-博学东楼-309,11-17周 星期四 第1节-第2节 南湖南-博学东楼-309,1-16周 星期二 第1节-第2节 南湖南-博学东楼-309","XF":4,"SKXQ":2,"XNXQDM":"2024-2025-2","KCM":"材料科学基础B","JASDM":"0202020309","JXLDM":"020202","JXBID":"20242-10205","SKBJ":"材科2303-04","TYXMDM":null,"KCH":"10034117075"},{"KKDWDM":"021","XS":42,"BYBZ":"0","JSJC":5,"XXXQDM":"02","KXH":"03","KSJC":3,"XKZRS":96,"SKZC":"111111111111110000000000","SKJS":"邓喜道","ISTK":0,"ZCMC":"1-14周","YPSJDD":"1-14周 星期二 第3节-第5节 南湖南-博学东楼-309","XF":2,"SKXQ":2,"XNXQDM":"2024-2025-2","KCM":"马克思主义基本原理","JASDM":"0202020309","JXLDM":"020202","JXBID":"20242-04909","SKBJ":"工力2301-02,工力zy2301","TYXMDM":null,"KCH":"10211117035"},{"KKDWDM":"021","XS":42,"BYBZ":"0","JSJC":8,"XXXQDM":"02","KXH":"27","KSJC":6,"XKZRS":109,"SKZC":"11111111111111","SKJS":"张小青","ISTK":0,"ZCMC":"1-14周","YPSJDD":"1-14周 星期三 第6节-第8节 南湖南-博学东楼-309","XF":2,"SKXQ":3,"XNXQDM":"2024-2025-2","KCM":"马克思主义基本原理","JASDM":"0202020309","JXLDM":"020202","JXBID":"20242-12169","SKBJ":"工商t2301,数管2301-03","TYXMDM":null,"KCH":"10211117035"},{"KKDWDM":"008","XS":40,"BYBZ":"0","JSJC":5,"XXXQDM":"02","KXH":"03","KSJC":3,"XKZRS":77,"SKZC":"111111111111000000000000","SKJS":"刘诏书,张宏","ISTK":0,"ZCMC":"1-12周","YPSJDD":"13-14周 星期三 第3节-第4节 南湖南-博学东楼-309,1-12周 星期三 第3节-第5节 南湖南-博学东楼-309","XF":2,"SKXQ":3,"XNXQDM":"2024-2025-2","KCM":"机械设计基础B","JASDM":"0202020309","JXLDM":"020202","JXBID":"20242-04292","SKBJ":"材科2305-06,车辆zy2301","TYXMDM":null,"KCH":"10083117102"},{"KKDWDM":"021","XS":36,"BYBZ":"0","JSJC":8,"XXXQDM":"02","KXH":"40","KSJC":6,"XKZRS":106,"SKZC":"111111111111","SKJS":"杨安妮","ISTK":0,"ZCMC":"1-12周","YPSJDD":"1-12周 星期二 第6节-第8节 南湖南-博学东楼-309","XF":2,"SKXQ":2,"XNXQDM":"2024-2025-2","KCM":"习近平新时代中国特色社会主义思想概论","JASDM":"0202020309","JXLDM":"020202","JXBID":"20242-12193","SKBJ":"复材2301-02,成型2301","TYXMDM":null,"KCH":"10211121033"},{"KKDWDM":"013","XS":48,"BYBZ":"0","JSJC":5,"XXXQDM":"02","KXH":"03","KSJC":3,"XKZRS":120,"SKZC":"111111111100000000000000000000","SKJS":"陆宁","ISTK":0,"ZCMC":"1-10周","YPSJDD":"12-14周 星期一 第3节-第5节 南湖南-博学东楼-309,17周 星期二 第3节-第5节 南湖南-博学东楼-309,1-10周 星期一 第3节-第5节 南湖南-博学东楼-309,16-17周 星期一 第3节-第5节 南湖南-博学东楼-309","XF":3,"SKXQ":1,"XNXQDM":"2024-2025-2","KCM":"电工与电子技术基础C","JASDM":"0202020309","JXLDM":"020202","JXBID":"20242-06800","SKBJ":"复材2301-02,高分子2302","TYXMDM":null,"KCH":"10133121098"},{"KKDWDM":"022","XS":32,"BYBZ":"0","JSJC":13,"XXXQDM":"02","KXH":"02","KSJC":11,"XKZRS":139,"SKZC":"111111111100000000000000","SKJS":"李明文","ISTK":0,"ZCMC":"1-10周","YPSJDD":"11周 星期三 第11节-第12节 南湖南-博学东楼-309,1-10周 星期三 第11节-第13节 南湖南-博学东楼-309","XF":2,"SKXQ":3,"XNXQDM":"2024-2025-2","KCM":"新闻学","JASDM":"0202020309","JXLDM":"020202","JXBID":"20242-11517","SKBJ":"公选-11517","TYXMDM":null,"KCH":"10226121372"},{"KKDWDM":"044","XS":32,"BYBZ":"0","JSJC":13,"XXXQDM":"02","KXH":"01","KSJC":11,"XKZRS":140,"SKZC":"111111111100000000000000","SKJS":"王晓棠","ISTK":0,"ZCMC":"1-10周","YPSJDD":"12周 星期一 第11节-第12节 南湖南-博学东楼-309,1-10周 星期一 第11节-第13节 南湖南-博学东楼-309","XF":2,"SKXQ":1,"XNXQDM":"2024-2025-2","KCM":"中外名曲欣赏(GX)","JASDM":"0202020309","JXLDM":"020202","JXBID":"20242-09043","SKBJ":"公选-09043","TYXMDM":null,"KCH":"10442121056"},{"KKDWDM":"021","XS":36,"BYBZ":"0","JSJC":5,"XXXQDM":"02","KXH":"47","KSJC":3,"XKZRS":102,"SKZC":"111111111011100000000000000000","SKJS":"孙德忠","ISTK":0,"ZCMC":"1-9周,11-13周","YPSJDD":"1-9周,11-13周 星期四 第3节-第5节 南湖南-博学东楼-309","XF":2,"SKXQ":4,"XNXQDM":"2024-2025-2","KCM":"习近平新时代中国特色社会主义思想概论","JASDM":"0202020309","JXLDM":"020202","JXBID":"20242-12231","SKBJ":"工商t2301,应化2301-03","TYXMDM":null,"KCH":"10211121033"},{"KKDWDM":"003","XS":64,"BYBZ":"0","JSJC":2,"XXXQDM":"02","KXH":"07","KSJC":1,"XKZRS":74,"SKZC":"111111111000000000000000000000","SKJS":"夏梦玲,张志英","ISTK":0,"ZCMC":"1-9周","YPSJDD":"1-9周 星期四 第1节-第2节 南湖南-博学东楼-309,11-17周 星期四 第1节-第2节 南湖南-博学东楼-309,1-16周 星期二 第1节-第2节 南湖南-博学东楼-309","XF":4,"SKXQ":4,"XNXQDM":"2024-2025-2","KCM":"材料科学基础B","JASDM":"0202020309","JXLDM":"020202","JXBID":"20242-10205","SKBJ":"材科2303-04","TYXMDM":null,"KCH":"10034117075"},{"KKDWDM":"020","XS":24,"BYBZ":"0","JSJC":13,"XXXQDM":"02","KXH":"01","KSJC":11,"XKZRS":122,"SKZC":"111111110000000000000000","SKJS":"徐熙君","ISTK":0,"ZCMC":"1-8周","YPSJDD":"1-8周 星期四 第11节-第13节 南湖南-博学东楼-309","XF":1,"SKXQ":4,"XNXQDM":"2024-2025-2","KCM":"英语习语与文化(GX)","JASDM":"0202020309","JXLDM":"020202","JXBID":"20242-08415","SKBJ":"公选-08415","TYXMDM":null,"KCH":"10202121101"},{"KKDWDM":"022","XS":24,"BYBZ":"0","JSJC":13,"XXXQDM":"02","KXH":"01","KSJC":11,"XKZRS":140,"SKZC":"111111110000000000000000","SKJS":"雷卫平","ISTK":0,"ZCMC":"1-8周","YPSJDD":"1-8周 星期二 第11节-第13节 南湖南-博学东楼-309","XF":1,"SKXQ":2,"XNXQDM":"2024-2025-2","KCM":"大学生活与幸福人生(GX)","JASDM":"0202020309","JXLDM":"020202","JXBID":"20242-08656","SKBJ":"公选-08656","TYXMDM":null,"KCH":"10222121219"},{"KKDWDM":"017","XS":24,"BYBZ":"0","JSJC":8,"XXXQDM":"02","KXH":"07","KSJC":6,"XKZRS":80,"SKZC":"11111111","SKJS":"王斌","ISTK":0,"ZCMC":"1-8周","YPSJDD":"1-8周 星期一 第6节-第8节 南湖南-博学东楼-309","XF":1,"SKXQ":1,"XNXQDM":"2024-2025-2","KCM":"大数据与人工智能管理概论","JASDM":"0202020309","JXLDM":"020202","JXBID":"20242-11020","SKBJ":"工商类2404-06","TYXMDM":null,"KCH":"10173124165"},{"KKDWDM":"017","XS":40,"BYBZ":"0","JSJC":5,"XXXQDM":"02","KXH":"03","KSJC":3,"XKZRS":93,"SKZC":"111110111011100000000000","SKJS":"王红军","ISTK":0,"ZCMC":"1-5周,7-9周,11-13周","YPSJDD":"14-15周 星期五 第3节-第4节 南湖南-博学东楼-309,1-5周,7-9周,11-13周 星期五 第3节-第5节 南湖南-博学东楼-309,9周 星期日 第3节-第5节 南湖南-博学东楼-309","XF":2,"SKXQ":5,"XNXQDM":"2024-2025-2","KCM":"管理统计学D","JASDM":"0202020309","JXLDM":"020202","JXBID":"20242-05058","SKBJ":"会计ACCA2301,财务2301-02","TYXMDM":null,"KCH":"10174121164"},{"KKDWDM":"021","XS":36,"BYBZ":"0","JSJC":8,"XXXQDM":"02","KXH":"44","KSJC":6,"XKZRS":109,"SKZC":"111110000000000000000000000000","SKJS":"张煜","ISTK":0,"ZCMC":"1-5周","YPSJDD":"7-9周 星期五 第6节-第8节 南湖南-博学东楼-309,9周 星期日 第6节-第8节 南湖南-博学东楼-309,11-13周 星期五 第6节-第8节 南湖南-博学东楼-309,1-5周 星期五 第6节-第8节 南湖南-博学东楼-309","XF":2,"SKXQ":5,"XNXQDM":"2024-2025-2","KCM":"习近平新时代中国特色社会主义思想概论","JASDM":"0202020309","JXLDM":"020202","JXBID":"20242-12225","SKBJ":"法语2301,车辆gj2301-02","TYXMDM":null,"KCH":"10211121033"},{"KKDWDM":"021","XS":36,"BYBZ":"0","JSJC":8,"XXXQDM":"02","KXH":"44","KSJC":6,"XKZRS":109,"SKZC":"000000111000000000000000000000","SKJS":"张煜","ISTK":0,"ZCMC":"7-9周","YPSJDD":"7-9周 星期五 第6节-第8节 南湖南-博学东楼-309,9周 星期日 第6节-第8节 南湖南-博学东楼-309,11-13周 星期五 第6节-第8节 南湖南-博学东楼-309,1-5周 星期五 第6节-第8节 南湖南-博学东楼-309","XF":2,"SKXQ":5,"XNXQDM":"2024-2025-2","KCM":"习近平新时代中国特色社会主义思想概论","JASDM":"0202020309","JXLDM":"020202","JXBID":"20242-12225","SKBJ":"法语2301,车辆gj2301-02","TYXMDM":null,"KCH":"10211121033"},{"KKDWDM":"021","XS":36,"BYBZ":"0","JSJC":8,"XXXQDM":"02","KXH":"44","KSJC":6,"XKZRS":109,"SKZC":"000000001000000000000000000000","SKJS":"张煜","ISTK":0,"ZCMC":"9周","YPSJDD":"7-9周 星期五 第6节-第8节 南湖南-博学东楼-309,9周 星期日 第6节-第8节 南湖南-博学东楼-309,11-13周 星期五 第6节-第8节 南湖南-博学东楼-309,1-5周 星期五 第6节-第8节 南湖南-博学东楼-309","XF":2,"SKXQ":7,"XNXQDM":"2024-2025-2","KCM":"习近平新时代中国特色社会主义思想概论","JASDM":"0202020309","JXLDM":"020202","JXBID":"20242-12225","SKBJ":"法语2301,车辆gj2301-02","TYXMDM":null,"KCH":"10211121033"},{"KKDWDM":"017","XS":40,"BYBZ":"0","JSJC":5,"XXXQDM":"02","KXH":"03","KSJC":3,"XKZRS":93,"SKZC":"000000001000000000000000","SKJS":"王红军","ISTK":0,"ZCMC":"9周","YPSJDD":"14-15周 星期五 第3节-第4节 南湖南-博学东楼-309,1-5周,7-9周,11-13周 星期五 第3节-第5节 南湖南-博学东楼-309,9周 星期日 第3节-第5节 南湖南-博学东楼-309","XF":2,"SKXQ":7,"XNXQDM":"2024-2025-2","KCM":"管理统计学D","JASDM":"0202020309","JXLDM":"020202","JXBID":"20242-05058","SKBJ":"会计ACCA2301,财务2301-02","TYXMDM":null,"KCH":"10174121164"},{"KKDWDM":"003","XS":64,"BYBZ":"0","JSJC":2,"XXXQDM":"02","KXH":"07","KSJC":1,"XKZRS":74,"SKZC":"000000000011111110000000000000","SKJS":"夏梦玲,张志英","ISTK":0,"ZCMC":"11-17周","YPSJDD":"1-9周 星期四 第1节-第2节 南湖南-博学东楼-309,11-17周 星期四 第1节-第2节 南湖南-博学东楼-309,1-16周 星期二 第1节-第2节 南湖南-博学东楼-309","XF":4,"SKXQ":4,"XNXQDM":"2024-2025-2","KCM":"材料科学基础B","JASDM":"0202020309","JXLDM":"020202","JXBID":"20242-10205","SKBJ":"材科2303-04","TYXMDM":null,"KCH":"10034117075"},{"KKDWDM":"021","XS":36,"BYBZ":"0","JSJC":8,"XXXQDM":"02","KXH":"44","KSJC":6,"XKZRS":109,"SKZC":"000000000011100000000000000000","SKJS":"张煜","ISTK":0,"ZCMC":"11-13周","YPSJDD":"7-9周 星期五 第6节-第8节 南湖南-博学东楼-309,9周 星期日 第6节-第8节 南湖南-博学东楼-309,11-13周 星期五 第6节-第8节 南湖南-博学东楼-309,1-5周 星期五 第6节-第8节 南湖南-博学东楼-309","XF":2,"SKXQ":5,"XNXQDM":"2024-2025-2","KCM":"习近平新时代中国特色社会主义思想概论","JASDM":"0202020309","JXLDM":"020202","JXBID":"20242-12225","SKBJ":"法语2301,车辆gj2301-02","TYXMDM":null,"KCH":"10211121033"},{"KKDWDM":"022","XS":32,"BYBZ":"0","JSJC":12,"XXXQDM":"02","KXH":"02","KSJC":11,"XKZRS":139,"SKZC":"000000000010000000000000","SKJS":"李明文","ISTK":0,"ZCMC":"11周","YPSJDD":"11周 星期三 第11节-第12节 南湖南-博学东楼-309,1-10周 星期三 第11节-第13节 南湖南-博学东楼-309","XF":2,"SKXQ":3,"XNXQDM":"2024-2025-2","KCM":"新闻学","JASDM":"0202020309","JXLDM":"020202","JXBID":"20242-11517","SKBJ":"公选-11517","TYXMDM":null,"KCH":"10226121372"},{"KKDWDM":"013","XS":48,"BYBZ":"0","JSJC":5,"XXXQDM":"02","KXH":"03","KSJC":3,"XKZRS":120,"SKZC":"000000000001110000000000000000","SKJS":"陆宁","ISTK":0,"ZCMC":"12-14周","YPSJDD":"12-14周 星期一 第3节-第5节 南湖南-博学东楼-309,17周 星期二 第3节-第5节 南湖南-博学东楼-309,1-10周 星期一 第3节-第5节 南湖南-博学东楼-309,16-17周 星期一 第3节-第5节 南湖南-博学东楼-309","XF":3,"SKXQ":1,"XNXQDM":"2024-2025-2","KCM":"电工与电子技术基础C","JASDM":"0202020309","JXLDM":"020202","JXBID":"20242-06800","SKBJ":"复材2301-02,高分子2302","TYXMDM":null,"KCH":"10133121098"},{"KKDWDM":"044","XS":32,"BYBZ":"0","JSJC":12,"XXXQDM":"02","KXH":"01","KSJC":11,"XKZRS":140,"SKZC":"000000000001000000000000","SKJS":"王晓棠","ISTK":0,"ZCMC":"12周","YPSJDD":"12周 星期一 第11节-第12节 南湖南-博学东楼-309,1-10周 星期一 第11节-第13节 南湖南-博学东楼-309","XF":2,"SKXQ":1,"XNXQDM":"2024-2025-2","KCM":"中外名曲欣赏(GX)","JASDM":"0202020309","JXLDM":"020202","JXBID":"20242-09043","SKBJ":"公选-09043","TYXMDM":null,"KCH":"10442121056"},{"KKDWDM":"008","XS":40,"BYBZ":"0","JSJC":4,"XXXQDM":"02","KXH":"03","KSJC":3,"XKZRS":77,"SKZC":"000000000000110000000000","SKJS":"刘诏书,张宏","ISTK":0,"ZCMC":"13-14周","YPSJDD":"13-14周 星期三 第3节-第4节 南湖南-博学东楼-309,1-12周 星期三 第3节-第5节 南湖南-博学东楼-309","XF":2,"SKXQ":3,"XNXQDM":"2024-2025-2","KCM":"机械设计基础B","JASDM":"0202020309","JXLDM":"020202","JXBID":"20242-04292","SKBJ":"材科2305-06,车辆zy2301","TYXMDM":null,"KCH":"10083117102"},{"KKDWDM":"017","XS":40,"BYBZ":"0","JSJC":4,"XXXQDM":"02","KXH":"03","KSJC":3,"XKZRS":93,"SKZC":"000000000000011000000000","SKJS":"王红军","ISTK":0,"ZCMC":"14-15周","YPSJDD":"14-15周 星期五 第3节-第4节 南湖南-博学东楼-309,1-5周,7-9周,11-13周 星期五 第3节-第5节 南湖南-博学东楼-309,9周 星期日 第3节-第5节 南湖南-博学东楼-309","XF":2,"SKXQ":5,"XNXQDM":"2024-2025-2","KCM":"管理统计学D","JASDM":"0202020309","JXLDM":"020202","JXBID":"20242-05058","SKBJ":"会计ACCA2301,财务2301-02","TYXMDM":null,"KCH":"10174121164"},{"KKDWDM":"013","XS":48,"BYBZ":"0","JSJC":5,"XXXQDM":"02","KXH":"03","KSJC":3,"XKZRS":120,"SKZC":"000000000000000110000000000000","SKJS":"陆宁","ISTK":0,"ZCMC":"16-17周","YPSJDD":"12-14周 星期一 第3节-第5节 南湖南-博学东楼-309,17周 星期二 第3节-第5节 南湖南-博学东楼-309,1-10周 星期一 第3节-第5节 南湖南-博学东楼-309,16-17周 星期一 第3节-第5节 南湖南-博学东楼-309","XF":3,"SKXQ":1,"XNXQDM":"2024-2025-2","KCM":"电工与电子技术基础C","JASDM":"0202020309","JXLDM":"020202","JXBID":"20242-06800","SKBJ":"复材2301-02,高分子2302","TYXMDM":null,"KCH":"10133121098"},{"KKDWDM":"013","XS":48,"BYBZ":"0","JSJC":5,"XXXQDM":"02","KXH":"03","KSJC":3,"XKZRS":120,"SKZC":"000000000000000010000000000000","SKJS":"陆宁","ISTK":0,"ZCMC":"17周","YPSJDD":"12-14周 星期一 第3节-第5节 南湖南-博学东楼-309,17周 星期二 第3节-第5节 南湖南-博学东楼-309,1-10周 星期一 第3节-第5节 南湖南-博学东楼-309,16-17周 星期一 第3节-第5节 南湖南-博学东楼-309","XF":3,"SKXQ":2,"XNXQDM":"2024-2025-2","KCM":"电工与电子技术基础C","JASDM":"0202020309","JXLDM":"020202","JXBID":"20242-06800","SKBJ":"复材2301-02,高分子2302","TYXMDM":null,"KCH":"10133121098"}]}},"code":"0"}