{"datas":{"jaskcb":{"extParams":{"code":1,"msg":"查询成功"},"pageSize":0,"pageNumber":0,"totalSize":-1,"rows":[{"KKDWDM":"012","XS":32,"BYBZ":"0","JSJC":2,"XXXQDM":"02","KXH":"10","KSJC":1,"XKZRS":111,"SKZC":"11111111111111110000","SKJS":"吕曦","ISTK":0,"ZCMC":"1-16周","YPSJDD":"1-16周 星期三 第1节-第2节 南湖南-博学东楼-101","XF":2,"SKXQ":3,"XNXQDM":"2024-2025-2","KCM":"Python程序设计基础A","JASDM":"0202020101","JXLDM":"020202","JXBID":"20242-11723","SKBJ":"材料类2401-03","TYXMDM":null,"KCH":"10121121086"},{"KKDWDM":"012","XS":32,"BYBZ":"0","JSJC":4,"XXXQDM":"02","KXH":"08","KSJC":3,"XKZRS":98,"SKZC":"11111111111111110000","SKJS":"李屾","ISTK":0,"ZCMC":"1-16周","YPSJDD":"1-16周 星期二 第3节-第4节 南湖南-博学东楼-101","XF":2,"SKXQ":2,"XNXQDM":"2024-2025-2","KCM":"Python程序设计基础B","JASDM":"0202020101","JXLDM":"020202","JXBID":"20242-11912","SKBJ":"工商类2404-06","TYXMDM":null,"KCH":"10121121085"},{"KKDWDM":"012","XS":32,"BYBZ":"0","JSJC":2,"XXXQDM":"02","KXH":"02","KSJC":1,"XKZRS":125,"SKZC":"11111111111111110000","SKJS":"李民","ISTK":0,"ZCMC":"1-16周","YPSJDD":"1-16周 星期二 第1节-第2节 南湖南-博学东楼-101","XF":2,"SKXQ":2,"XNXQDM":"2024-2025-2","KCM":"C程序设计基础A","JASDM":"0202020101","JXLDM":"020202","JXBID":"20242-11779","SKBJ":"自动化类2401-03","TYXMDM":null,"KCH":"10121121088"},{"KKDWDM":"021","XS":48,"BYBZ":"0","JSJC":8,"XXXQDM":"02","KXH":"12","KSJC":6,"XKZRS":109,"SKZC":"11111111111111000000","SKJS":"杨春满","ISTK":0,"ZCMC":"1-14周","YPSJDD":"1-14周 星期二 第6节-第8节 南湖南-博学东楼-101","XF":3,"SKXQ":2,"XNXQDM":"2024-2025-2","KCM":"中国近现代史纲要","JASDM":"0202020101","JXLDM":"020202","JXBID":"20242-05992","SKBJ":"管科类2404-06","TYXMDM":null,"KCH":"10211124005"},{"KKDWDM":"016","XS":24,"BYBZ":"0","JSJC":7,"XXXQDM":"02","KXH":"01","KSJC":6,"XKZRS":75,"SKZC":"111111111111","SKJS":"夏文兵","ISTK":0,"ZCMC":"1-12周","YPSJDD":"1-12周 星期三 第6节-第7节 南湖南-博学东楼-101","XF":1,"SKXQ":3,"XNXQDM":"2024-2025-2","KCM":"工程化学","JASDM":"0202020101","JXLDM":"020202","JXBID":"20242-06187","SKBJ":"车辆gj2401-02","TYXMDM":null,"KCH":"10164117070"},{"KKDWDM":"012","XS":32,"BYBZ":"0","JSJC":7,"XXXQDM":"02","KXH":"01","KSJC":6,"XKZRS":140,"SKZC":"111111111100000000000000000000","SKJS":"凌咏红","ISTK":0,"ZCMC":"1-10周","YPSJDD":"17周 星期二 第6节-第7节 南湖南-博学东楼-101,1-10周 星期一 第6节-第7节 南湖南-博学东楼-101,12-14周 星期一 第6节-第7节 南湖南-博学东楼-101,16-17周 星期一 第6节-第7节 南湖南-博学东楼-101","XF":2,"SKXQ":1,"XNXQDM":"2024-2025-2","KCM":"C程序设计基础B","JASDM":"0202020101","JXLDM":"020202","JXBID":"20242-06021","SKBJ":"管科类2404-06","TYXMDM":null,"KCH":"10121121087"},{"KKDWDM":"012","XS":32,"BYBZ":"0","JSJC":4,"XXXQDM":"02","KXH":"16","KSJC":3,"XKZRS":107,"SKZC":"111111111100000000000000000000","SKJS":"汪祥莉","ISTK":0,"ZCMC":"1-10周","YPSJDD":"16-17周 星期一 第3节-第4节 南湖南-博学东楼-101,12-14周 星期一 第3节-第4节 南湖南-博学东楼-101,17周 星期二 第3节-第4节 南湖南-博学东楼-101,1-10周 星期一 第3节-第4节 南湖南-博学东楼-101","XF":2,"SKXQ":1,"XNXQDM":"2024-2025-2","KCM":"Python程序设计基础A","JASDM":"0202020101","JXLDM":"020202","JXBID":"20242-11730","SKBJ":"材料类2413-15","TYXMDM":null,"KCH":"10121121086"},{"KKDWDM":"012","XS":32,"BYBZ":"0","JSJC":2,"XXXQDM":"02","KXH":"13","KSJC":1,"XKZRS":92,"SKZC":"111111111100000000000000000000","SKJS":"向东","ISTK":0,"ZCMC":"1-10周","YPSJDD":"16-17周 星期一 第1节-第2节 南湖南-博学东楼-101,17周 星期二 第1节-第2节 南湖南-博学东楼-101,12-14周 星期一 第1节-第2节 南湖南-博学东楼-101,1-10周 星期一 第1节-第2节 南湖南-博学东楼-101","XF":2,"SKXQ":1,"XNXQDM":"2024-2025-2","KCM":"Python程序设计基础B","JASDM":"0202020101","JXLDM":"020202","JXBID":"20242-11917","SKBJ":"经济学类2404-06","TYXMDM":null,"KCH":"10121121085"},{"KKDWDM":"007","XS":32,"BYBZ":"0","JSJC":13,"XXXQDM":"02","KXH":"01","KSJC":11,"XKZRS":128,"SKZC":"111111111100000000000000","SKJS":"谢冲,黄锋","ISTK":0,"ZCMC":"1-10周","YPSJDD":"11周 星期二 第11节-第12节 南湖南-博学东楼-101,1-10周 星期二 第11节-第13节 南湖南-博学东楼-101","XF":2,"SKXQ":2,"XNXQDM":"2024-2025-2","KCM":"汽车碰撞与安全B","JASDM":"0202020101","JXLDM":"020202","JXBID":"20242-07422","SKBJ":"公选-07422","TYXMDM":null,"KCH":"10076121242"},{"KKDWDM":"012","XS":32,"BYBZ":"0","JSJC":5,"XXXQDM":"02","KXH":"04","KSJC":3,"XKZRS":124,"SKZC":"111111111100000000000000","SKJS":"许毅","ISTK":0,"ZCMC":"1-10周","YPSJDD":"11周 星期三 第3节-第4节 南湖南-博学东楼-101,1-10周 星期三 第3节-第5节 南湖南-博学东楼-101","XF":2,"SKXQ":3,"XNXQDM":"2024-2025-2","KCM":"无线传感器网络B","JASDM":"0202020101","JXLDM":"020202","JXBID":"20242-03060","SKBJ":"人工智能2201-02,物联网2201,计算机2201-04,计算机zy2201-02","TYXMDM":null,"KCH":"10124114033"},{"KKDWDM":"012","XS":32,"BYBZ":"0","JSJC":5,"XXXQDM":"02","KXH":"01","KSJC":3,"XKZRS":123,"SKZC":"111111111010000000000000","SKJS":"李玉强","ISTK":0,"ZCMC":"1-9周,11周","YPSJDD":"12周 星期四 第3节-第4节 南湖南-博学东楼-101,1-9周,11周 星期四 第3节-第5节 南湖南-博学东楼-101","XF":2,"SKXQ":4,"XNXQDM":"2024-2025-2","KCM":"UML建模技术","JASDM":"0202020101","JXLDM":"020202","JXBID":"20242-03093","SKBJ":"物联网2201,计算机2201-04,计算机zy2201-02","TYXMDM":null,"KCH":"10125117022"},{"KKDWDM":"012","XS":32,"BYBZ":"0","JSJC":2,"XXXQDM":"02","KXH":"02","KSJC":1,"XKZRS":139,"SKZC":"111111111000000000000000000000","SKJS":"李晓红,石兵","ISTK":0,"ZCMC":"1-9周","YPSJDD":"11-14周 星期四 第1节-第2节 南湖南-博学东楼-101,1-9周 星期四 第1节-第2节 南湖南-博学东楼-101","XF":2,"SKXQ":4,"XNXQDM":"2024-2025-2","KCM":"算法设计与分析B","JASDM":"0202020101","JXLDM":"020202","JXBID":"20242-04428","SKBJ":"人工智能2201-02,软件2301-02,软件sy2301,软件zy2301-02","TYXMDM":null,"KCH":"10125117001"},{"KKDWDM":"007","XS":24,"BYBZ":"0","JSJC":12,"XXXQDM":"02","KXH":"01","KSJC":11,"XKZRS":114,"SKZC":"111111111000000000000000","SKJS":"张洪昌","ISTK":0,"ZCMC":"1-9周","YPSJDD":"1-9周 星期四 第11节-第12节 南湖南-博学东楼-101","XF":1,"SKXQ":4,"XNXQDM":"2024-2025-2","KCM":"车联网技术及创新应用(JD)","JASDM":"0202020101","JXLDM":"020202","JXBID":"20242-07484","SKBJ":"公选-07484","TYXMDM":null,"KCH":"10076121233"},{"KKDWDM":"003","XS":16,"BYBZ":"0","JSJC":12,"XXXQDM":"02","KXH":"01","KSJC":11,"XKZRS":105,"SKZC":"111111110000000000000000","SKJS":"刘金军","ISTK":0,"ZCMC":"1-8周","YPSJDD":"1-8周 星期三 第11节-第12节 南湖南-博学东楼-101","XF":1,"SKXQ":3,"XNXQDM":"2024-2025-2","KCM":"材料与智能制造","JASDM":"0202020101","JXLDM":"020202","JXBID":"20242-07084","SKBJ":"公选-07084","TYXMDM":null,"KCH":"10036117112"},{"KKDWDM":"003","XS":16,"BYBZ":"0","JSJC":10,"XXXQDM":"02","KXH":"04","KSJC":9,"XKZRS":102,"SKZC":"11111111","SKJS":"尤雅,赵春霞","ISTK":0,"ZCMC":"1-8周","YPSJDD":"1-8周 星期三 第9节-第10节 南湖南-博学东楼-101","XF":1,"SKXQ":3,"XNXQDM":"2024-2025-2","KCM":"神奇的材料世界","JASDM":"0202020101","JXLDM":"020202","JXBID":"20242-06312","SKBJ":"数经sy2401,金融kj2401,金融sy2401","TYXMDM":null,"KCH":"10034121084"},{"KKDWDM":"012","XS":32,"BYBZ":"0","JSJC":2,"XXXQDM":"02","KXH":"04","KSJC":1,"XKZRS":140,"SKZC":"111110000000000000000000000000","SKJS":"周德仿,杨世达","ISTK":0,"ZCMC":"1-5周","YPSJDD":"9周 星期日 第1节-第2节 南湖南-博学东楼-101,7-9周 星期五 第1节-第2节 南湖南-博学东楼-101,17周 星期三 第1节-第2节 南湖南-博学东楼-101,11-16周 星期五 第1节-第2节 南湖南-博学东楼-101,1-5周 星期五 第1节-第2节 南湖南-博学东楼-101","XF":2,"SKXQ":5,"XNXQDM":"2024-2025-2","KCM":"C程序设计基础B","JASDM":"0202020101","JXLDM":"020202","JXBID":"20242-11953","SKBJ":"机电类2415-16","TYXMDM":null,"KCH":"10121121087"},{"KKDWDM":"012","XS":32,"BYBZ":"0","JSJC":4,"XXXQDM":"02","KXH":"09","KSJC":3,"XKZRS":45,"SKZC":"111110000000000000000000000000","SKJS":"陈明俊","ISTK":0,"ZCMC":"1-5周","YPSJDD":"7-9周 星期五 第3节-第4节 南湖南-博学东楼-101,9周 星期日 第3节-第4节 南湖南-博学东楼-101,17周 星期三 第3节-第4节 南湖南-博学东楼-101,1-5周 星期五 第3节-第4节 南湖南-博学东楼-101,11-16周 星期五 第3节-第4节 南湖南-博学东楼-101","XF":2,"SKXQ":5,"XNXQDM":"2024-2025-2","KCM":"Python程序设计基础A","JASDM":"0202020101","JXLDM":"020202","JXBID":"20242-06460","SKBJ":"应化jd2401,材科珠峰2401","TYXMDM":null,"KCH":"10121121086"},{"KKDWDM":"021","XS":48,"BYBZ":"0","JSJC":8,"XXXQDM":"02","KXH":"08","KSJC":6,"XKZRS":109,"SKZC":"111110000000000000000000000000","SKJS":"熊维娜","ISTK":0,"ZCMC":"1-5周","YPSJDD":"9周 星期日 第6节-第8节 南湖南-博学东楼-101,7-9周 星期五 第6节-第8节 南湖南-博学东楼-101,11-15周 星期五 第6节-第8节 南湖南-博学东楼-101,1-5周 星期五 第6节-第8节 南湖南-博学东楼-101","XF":3,"SKXQ":5,"XNXQDM":"2024-2025-2","KCM":"中国近现代史纲要","JASDM":"0202020101","JXLDM":"020202","JXBID":"20242-11850","SKBJ":"管科类2401-03","TYXMDM":null,"KCH":"10211124005"},{"KKDWDM":"038","XS":32,"BYBZ":"0","JSJC":10,"XXXQDM":"02","KXH":"14","KSJC":9,"XKZRS":140,"SKZC":"111101111111111100000000000000","SKJS":"卫泽","ISTK":0,"ZCMC":"1-4周,6-16周","YPSJDD":"13周 星期日 第6节-第7节 南湖北-北教三-103,1-4周,6-16周 星期二 第9节-第10节 南湖南-博学东楼-101","XF":2,"SKXQ":2,"XNXQDM":"2024-2025-2","KCM":"军事理论","JASDM":"0202020101","JXLDM":"020202","JXBID":"20242-12124","SKBJ":"环科类2401-04","TYXMDM":null,"KCH":"10381121001"},{"KKDWDM":"021","XS":8,"BYBZ":"0","JSJC":7,"XXXQDM":"02","KXH":"531","KSJC":6,"XKZRS":136,"SKZC":"0001111","SKJS":"王冬晓","ISTK":0,"ZCMC":"4-7周","YPSJDD":"4-7周 星期四 第6节-第7节 南湖南-博学东楼-101","XF":0,"SKXQ":4,"XNXQDM":"2024-2025-2","KCM":"形势与政策","JASDM":"0202020101","JXLDM":"020202","JXBID":"20242-14122","SKBJ":null,"TYXMDM":null,"KCH":"10218121092"},{"KKDWDM":"021","XS":8,"BYBZ":"0","JSJC":10,"XXXQDM":"02","KXH":"540","KSJC":9,"XKZRS":136,"SKZC":"0001111","SKJS":"王冬晓","ISTK":0,"ZCMC":"4-7周","YPSJDD":"4-7周 星期四 第9节-第10节 南湖南-博学东楼-101","XF":0,"SKXQ":4,"XNXQDM":"2024-2025-2","KCM":"形势与政策","JASDM":"0202020101","JXLDM":"020202","JXBID":"20242-14131","SKBJ":null,"TYXMDM":null,"KCH":"10218121092"},{"KKDWDM":"012","XS":32,"BYBZ":"0","JSJC":2,"XXXQDM":"02","KXH":"04","KSJC":1,"XKZRS":140,"SKZC":"000000111000000000000000000000","SKJS":"周德仿,杨世达","ISTK":0,"ZCMC":"7-9周","YPSJDD":"9周 星期日 第1节-第2节 南湖南-博学东楼-101,7-9周 星期五 第1节-第2节 南湖南-博学东楼-101,17周 星期三 第1节-第2节 南湖南-博学东楼-101,11-16周 星期五 第1节-第2节 南湖南-博学东楼-101,1-5周 星期五 第1节-第2节 南湖南-博学东楼-101","XF":2,"SKXQ":5,"XNXQDM":"2024-2025-2","KCM":"C程序设计基础B","JASDM":"0202020101","JXLDM":"020202","JXBID":"20242-11953","SKBJ":"机电类2415-16","TYXMDM":null,"KCH":"10121121087"},{"KKDWDM":"021","XS":48,"BYBZ":"0","JSJC":8,"XXXQDM":"02","KXH":"08","KSJC":6,"XKZRS":109,"SKZC":"000000111000000000000000000000","SKJS":"熊维娜","ISTK":0,"ZCMC":"7-9周","YPSJDD":"9周 星期日 第6节-第8节 南湖南-博学东楼-101,7-9周 星期五 第6节-第8节 南湖南-博学东楼-101,11-15周 星期五 第6节-第8节 南湖南-博学东楼-101,1-5周 星期五 第6节-第8节 南湖南-博学东楼-101","XF":3,"SKXQ":5,"XNXQDM":"2024-2025-2","KCM":"中国近现代史纲要","JASDM":"0202020101","JXLDM":"020202","JXBID":"20242-11850","SKBJ":"管科类2401-03","TYXMDM":null,"KCH":"10211124005"},{"KKDWDM":"012","XS":32,"BYBZ":"0","JSJC":4,"XXXQDM":"02","KXH":"09","KSJC":3,"XKZRS":45,"SKZC":"000000111000000000000000000000","SKJS":"陈明俊","ISTK":0,"ZCMC":"7-9周","YPSJDD":"7-9周 星期五 第3节-第4节 南湖南-博学东楼-101,9周 星期日 第3节-第4节 南湖南-博学东楼-101,17周 星期三 第3节-第4节 南湖南-博学东楼-101,1-5周 星期五 第3节-第4节 南湖南-博学东楼-101,11-16周 星期五 第3节-第4节 南湖南-博学东楼-101","XF":2,"SKXQ":5,"XNXQDM":"2024-2025-2","KCM":"Python程序设计基础A","JASDM":"0202020101","JXLDM":"020202","JXBID":"20242-06460","SKBJ":"应化jd2401,材科珠峰2401","TYXMDM":null,"KCH":"10121121086"},{"KKDWDM":"021","XS":8,"BYBZ":"0","JSJC":10,"XXXQDM":"02","KXH":"572","KSJC":9,"XKZRS":136,"SKZC":"000000011011000000000000","SKJS":"刘馨蕊","ISTK":0,"ZCMC":"8-9周,11-12周","YPSJDD":"8-9周,11-12周 星期四 第9节-第10节 南湖南-博学东楼-101","XF":0,"SKXQ":4,"XNXQDM":"2024-2025-2","KCM":"形势与政策","JASDM":"0202020101","JXLDM":"020202","JXBID":"20242-14163","SKBJ":null,"TYXMDM":null,"KCH":"10218121092"},{"KKDWDM":"021","XS":8,"BYBZ":"0","JSJC":7,"XXXQDM":"02","KXH":"549","KSJC":6,"XKZRS":136,"SKZC":"000000011011000000000000","SKJS":"周雄","ISTK":0,"ZCMC":"8-9周,11-12周","YPSJDD":"8-9周,11-12周 星期四 第6节-第7节 南湖南-博学东楼-101","XF":0,"SKXQ":4,"XNXQDM":"2024-2025-2","KCM":"形势与政策","JASDM":"0202020101","JXLDM":"020202","JXBID":"20242-14140","SKBJ":null,"TYXMDM":null,"KCH":"10218121092"},{"KKDWDM":"012","XS":32,"BYBZ":"0","JSJC":10,"XXXQDM":"02","KXH":"01","KSJC":9,"XKZRS":82,"SKZC":"000000001111111100000000000000","SKJS":"唐祖锴","ISTK":0,"ZCMC":"9-16周","YPSJDD":"12-14周 星期一 第9节-第10节 南湖南-博学东楼-101,17周 星期二 第9节-第10节 南湖南-博学东楼-101,16-17周 星期一 第9节-第10节 南湖南-博学东楼-101,9-16周 星期三 第9节-第10节 南湖南-博学东楼-101,9-10周 星期一 第9节-第10节 南湖南-博学东楼-101","XF":2,"SKXQ":3,"XNXQDM":"2024-2025-2","KCM":"机器人控制技术概论","JASDM":"0202020101","JXLDM":"020202","JXBID":"20242-02565","SKBJ":"人工智能2201-02,物联网2201","TYXMDM":null,"KCH":"10125113012"},{"KKDWDM":"012","XS":32,"BYBZ":"0","JSJC":10,"XXXQDM":"02","KXH":"01","KSJC":9,"XKZRS":82,"SKZC":"000000001100000000000000000000","SKJS":"唐祖锴","ISTK":0,"ZCMC":"9-10周","YPSJDD":"12-14周 星期一 第9节-第10节 南湖南-博学东楼-101,17周 星期二 第9节-第10节 南湖南-博学东楼-101,16-17周 星期一 第9节-第10节 南湖南-博学东楼-101,9-16周 星期三 第9节-第10节 南湖南-博学东楼-101,9-10周 星期一 第9节-第10节 南湖南-博学东楼-101","XF":2,"SKXQ":1,"XNXQDM":"2024-2025-2","KCM":"机器人控制技术概论","JASDM":"0202020101","JXLDM":"020202","JXBID":"20242-02565","SKBJ":"人工智能2201-02,物联网2201","TYXMDM":null,"KCH":"10125113012"},{"KKDWDM":"030","XS":32,"BYBZ":"0","JSJC":13,"XXXQDM":"02","KXH":"01","KSJC":11,"XKZRS":138,"SKZC":"000000001100000000000000000000","SKJS":"刘全涛,许实,陈安琪","ISTK":0,"ZCMC":"9-10周","YPSJDD":"12-14周 星期一 第11节-第13节 南湖南-博学东楼-101,16-17周 星期一 第11节-第13节 南湖南-博学东楼-101,17周 星期二 第11节-第13节 南湖南-博学东楼-101,9-10周 星期一 第11节-第13节 南湖南-博学东楼-101","XF":2,"SKXQ":1,"XNXQDM":"2024-2025-2","KCM":"功能型沥青路面材料及其应用(JD)","JASDM":"0202020101","JXLDM":"020202","JXBID":"20242-08876","SKBJ":"公选-08876","TYXMDM":null,"KCH":"10306121027"},{"KKDWDM":"021","XS":48,"BYBZ":"0","JSJC":8,"XXXQDM":"02","KXH":"08","KSJC":6,"XKZRS":109,"SKZC":"000000001000000000000000000000","SKJS":"熊维娜","ISTK":0,"ZCMC":"9周","YPSJDD":"9周 星期日 第6节-第8节 南湖南-博学东楼-101,7-9周 星期五 第6节-第8节 南湖南-博学东楼-101,11-15周 星期五 第6节-第8节 南湖南-博学东楼-101,1-5周 星期五 第6节-第8节 南湖南-博学东楼-101","XF":3,"SKXQ":7,"XNXQDM":"2024-2025-2","KCM":"中国近现代史纲要","JASDM":"0202020101","JXLDM":"020202","JXBID":"20242-11850","SKBJ":"管科类2401-03","TYXMDM":null,"KCH":"10211124005"},{"KKDWDM":"012","XS":32,"BYBZ":"0","JSJC":4,"XXXQDM":"02","KXH":"09","KSJC":3,"XKZRS":45,"SKZC":"000000001000000000000000000000","SKJS":"陈明俊","ISTK":0,"ZCMC":"9周","YPSJDD":"7-9周 星期五 第3节-第4节 南湖南-博学东楼-101,9周 星期日 第3节-第4节 南湖南-博学东楼-101,17周 星期三 第3节-第4节 南湖南-博学东楼-101,1-5周 星期五 第3节-第4节 南湖南-博学东楼-101,11-16周 星期五 第3节-第4节 南湖南-博学东楼-101","XF":2,"SKXQ":7,"XNXQDM":"2024-2025-2","KCM":"Python程序设计基础A","JASDM":"0202020101","JXLDM":"020202","JXBID":"20242-06460","SKBJ":"应化jd2401,材科珠峰2401","TYXMDM":null,"KCH":"10121121086"},{"KKDWDM":"012","XS":32,"BYBZ":"0","JSJC":2,"XXXQDM":"02","KXH":"04","KSJC":1,"XKZRS":140,"SKZC":"000000001000000000000000000000","SKJS":"周德仿,杨世达","ISTK":0,"ZCMC":"9周","YPSJDD":"9周 星期日 第1节-第2节 南湖南-博学东楼-101,7-9周 星期五 第1节-第2节 南湖南-博学东楼-101,17周 星期三 第1节-第2节 南湖南-博学东楼-101,11-16周 星期五 第1节-第2节 南湖南-博学东楼-101,1-5周 星期五 第1节-第2节 南湖南-博学东楼-101","XF":2,"SKXQ":7,"XNXQDM":"2024-2025-2","KCM":"C程序设计基础B","JASDM":"0202020101","JXLDM":"020202","JXBID":"20242-11953","SKBJ":"机电类2415-16","TYXMDM":null,"KCH":"10121121087"},{"KKDWDM":"012","XS":32,"BYBZ":"0","JSJC":2,"XXXQDM":"02","KXH":"04","KSJC":1,"XKZRS":140,"SKZC":"000000000011111100000000000000","SKJS":"周德仿,杨世达","ISTK":0,"ZCMC":"11-16周","YPSJDD":"9周 星期日 第1节-第2节 南湖南-博学东楼-101,7-9周 星期五 第1节-第2节 南湖南-博学东楼-101,17周 星期三 第1节-第2节 南湖南-博学东楼-101,11-16周 星期五 第1节-第2节 南湖南-博学东楼-101,1-5周 星期五 第1节-第2节 南湖南-博学东楼-101","XF":2,"SKXQ":5,"XNXQDM":"2024-2025-2","KCM":"C程序设计基础B","JASDM":"0202020101","JXLDM":"020202","JXBID":"20242-11953","SKBJ":"机电类2415-16","TYXMDM":null,"KCH":"10121121087"},{"KKDWDM":"012","XS":32,"BYBZ":"0","JSJC":4,"XXXQDM":"02","KXH":"09","KSJC":3,"XKZRS":45,"SKZC":"000000000011111100000000000000","SKJS":"陈明俊","ISTK":0,"ZCMC":"11-16周","YPSJDD":"7-9周 星期五 第3节-第4节 南湖南-博学东楼-101,9周 星期日 第3节-第4节 南湖南-博学东楼-101,17周 星期三 第3节-第4节 南湖南-博学东楼-101,1-5周 星期五 第3节-第4节 南湖南-博学东楼-101,11-16周 星期五 第3节-第4节 南湖南-博学东楼-101","XF":2,"SKXQ":5,"XNXQDM":"2024-2025-2","KCM":"Python程序设计基础A","JASDM":"0202020101","JXLDM":"020202","JXBID":"20242-06460","SKBJ":"应化jd2401,材科珠峰2401","TYXMDM":null,"KCH":"10121121086"},{"KKDWDM":"021","XS":48,"BYBZ":"0","JSJC":8,"XXXQDM":"02","KXH":"08","KSJC":6,"XKZRS":109,"SKZC":"000000000011111000000000000000","SKJS":"熊维娜","ISTK":0,"ZCMC":"11-15周","YPSJDD":"9周 星期日 第6节-第8节 南湖南-博学东楼-101,7-9周 星期五 第6节-第8节 南湖南-博学东楼-101,11-15周 星期五 第6节-第8节 南湖南-博学东楼-101,1-5周 星期五 第6节-第8节 南湖南-博学东楼-101","XF":3,"SKXQ":5,"XNXQDM":"2024-2025-2","KCM":"中国近现代史纲要","JASDM":"0202020101","JXLDM":"020202","JXBID":"20242-11850","SKBJ":"管科类2401-03","TYXMDM":null,"KCH":"10211124005"},{"KKDWDM":"012","XS":32,"BYBZ":"0","JSJC":2,"XXXQDM":"02","KXH":"02","KSJC":1,"XKZRS":139,"SKZC":"000000000011110000000000000000","SKJS":"李晓红,石兵","ISTK":0,"ZCMC":"11-14周","YPSJDD":"11-14周 星期四 第1节-第2节 南湖南-博学东楼-101,1-9周 星期四 第1节-第2节 南湖南-博学东楼-101","XF":2,"SKXQ":4,"XNXQDM":"2024-2025-2","KCM":"算法设计与分析B","JASDM":"0202020101","JXLDM":"020202","JXBID":"20242-04428","SKBJ":"人工智能2201-02,软件2301-02,软件sy2301,软件zy2301-02","TYXMDM":null,"KCH":"10125117001"},{"KKDWDM":"012","XS":32,"BYBZ":"0","JSJC":4,"XXXQDM":"02","KXH":"04","KSJC":3,"XKZRS":124,"SKZC":"000000000010000000000000","SKJS":"许毅","ISTK":0,"ZCMC":"11周","YPSJDD":"11周 星期三 第3节-第4节 南湖南-博学东楼-101,1-10周 星期三 第3节-第5节 南湖南-博学东楼-101","XF":2,"SKXQ":3,"XNXQDM":"2024-2025-2","KCM":"无线传感器网络B","JASDM":"0202020101","JXLDM":"020202","JXBID":"20242-03060","SKBJ":"人工智能2201-02,物联网2201,计算机2201-04,计算机zy2201-02","TYXMDM":null,"KCH":"10124114033"},{"KKDWDM":"007","XS":32,"BYBZ":"0","JSJC":12,"XXXQDM":"02","KXH":"01","KSJC":11,"XKZRS":128,"SKZC":"000000000010000000000000","SKJS":"谢冲,黄锋","ISTK":0,"ZCMC":"11周","YPSJDD":"11周 星期二 第11节-第12节 南湖南-博学东楼-101,1-10周 星期二 第11节-第13节 南湖南-博学东楼-101","XF":2,"SKXQ":2,"XNXQDM":"2024-2025-2","KCM":"汽车碰撞与安全B","JASDM":"0202020101","JXLDM":"020202","JXBID":"20242-07422","SKBJ":"公选-07422","TYXMDM":null,"KCH":"10076121242"},{"KKDWDM":"030","XS":32,"BYBZ":"0","JSJC":13,"XXXQDM":"02","KXH":"01","KSJC":11,"XKZRS":138,"SKZC":"000000000001110000000000000000","SKJS":"刘全涛,许实,陈安琪","ISTK":0,"ZCMC":"12-14周","YPSJDD":"12-14周 星期一 第11节-第13节 南湖南-博学东楼-101,16-17周 星期一 第11节-第13节 南湖南-博学东楼-101,17周 星期二 第11节-第13节 南湖南-博学东楼-101,9-10周 星期一 第11节-第13节 南湖南-博学东楼-101","XF":2,"SKXQ":1,"XNXQDM":"2024-2025-2","KCM":"功能型沥青路面材料及其应用(JD)","JASDM":"0202020101","JXLDM":"020202","JXBID":"20242-08876","SKBJ":"公选-08876","TYXMDM":null,"KCH":"10306121027"},{"KKDWDM":"012","XS":32,"BYBZ":"0","JSJC":10,"XXXQDM":"02","KXH":"01","KSJC":9,"XKZRS":82,"SKZC":"000000000001110000000000000000","SKJS":"唐祖锴","ISTK":0,"ZCMC":"12-14周","YPSJDD":"12-14周 星期一 第9节-第10节 南湖南-博学东楼-101,17周 星期二 第9节-第10节 南湖南-博学东楼-101,16-17周 星期一 第9节-第10节 南湖南-博学东楼-101,9-16周 星期三 第9节-第10节 南湖南-博学东楼-101,9-10周 星期一 第9节-第10节 南湖南-博学东楼-101","XF":2,"SKXQ":1,"XNXQDM":"2024-2025-2","KCM":"机器人控制技术概论","JASDM":"0202020101","JXLDM":"020202","JXBID":"20242-02565","SKBJ":"人工智能2201-02,物联网2201","TYXMDM":null,"KCH":"10125113012"},{"KKDWDM":"012","XS":32,"BYBZ":"0","JSJC":7,"XXXQDM":"02","KXH":"01","KSJC":6,"XKZRS":140,"SKZC":"000000000001110000000000000000","SKJS":"凌咏红","ISTK":0,"ZCMC":"12-14周","YPSJDD":"17周 星期二 第6节-第7节 南湖南-博学东楼-101,1-10周 星期一 第6节-第7节 南湖南-博学东楼-101,12-14周 星期一 第6节-第7节 南湖南-博学东楼-101,16-17周 星期一 第6节-第7节 南湖南-博学东楼-101","XF":2,"SKXQ":1,"XNXQDM":"2024-2025-2","KCM":"C程序设计基础B","JASDM":"0202020101","JXLDM":"020202","JXBID":"20242-06021","SKBJ":"管科类2404-06","TYXMDM":null,"KCH":"10121121087"},{"KKDWDM":"012","XS":32,"BYBZ":"0","JSJC":2,"XXXQDM":"02","KXH":"13","KSJC":1,"XKZRS":92,"SKZC":"000000000001110000000000000000","SKJS":"向东","ISTK":0,"ZCMC":"12-14周","YPSJDD":"16-17周 星期一 第1节-第2节 南湖南-博学东楼-101,17周 星期二 第1节-第2节 南湖南-博学东楼-101,12-14周 星期一 第1节-第2节 南湖南-博学东楼-101,1-10周 星期一 第1节-第2节 南湖南-博学东楼-101","XF":2,"SKXQ":1,"XNXQDM":"2024-2025-2","KCM":"Python程序设计基础B","JASDM":"0202020101","JXLDM":"020202","JXBID":"20242-11917","SKBJ":"经济学类2404-06","TYXMDM":null,"KCH":"10121121085"},{"KKDWDM":"012","XS":32,"BYBZ":"0","JSJC":4,"XXXQDM":"02","KXH":"16","KSJC":3,"XKZRS":107,"SKZC":"000000000001110000000000000000","SKJS":"汪祥莉","ISTK":0,"ZCMC":"12-14周","YPSJDD":"16-17周 星期一 第3节-第4节 南湖南-博学东楼-101,12-14周 星期一 第3节-第4节 南湖南-博学东楼-101,17周 星期二 第3节-第4节 南湖南-博学东楼-101,1-10周 星期一 第3节-第4节 南湖南-博学东楼-101","XF":2,"SKXQ":1,"XNXQDM":"2024-2025-2","KCM":"Python程序设计基础A","JASDM":"0202020101","JXLDM":"020202","JXBID":"20242-11730","SKBJ":"材料类2413-15","TYXMDM":null,"KCH":"10121121086"},{"KKDWDM":"012","XS":32,"BYBZ":"0","JSJC":4,"XXXQDM":"02","KXH":"01","KSJC":3,"XKZRS":123,"SKZC":"000000000001000000000000","SKJS":"李玉强","ISTK":0,"ZCMC":"12周","YPSJDD":"12周 星期四 第3节-第4节 南湖南-博学东楼-101,1-9周,11周 星期四 第3节-第5节 南湖南-博学东楼-101","XF":2,"SKXQ":4,"XNXQDM":"2024-2025-2","KCM":"UML建模技术","JASDM":"0202020101","JXLDM":"020202","JXBID":"20242-03093","SKBJ":"物联网2201,计算机2201-04,计算机zy2201-02","TYXMDM":null,"KCH":"10125117022"},{"KKDWDM":"021","XS":8,"BYBZ":"0","JSJC":10,"XXXQDM":"02","KXH":"617","KSJC":9,"XKZRS":138,"SKZC":"0000000000001111","SKJS":"吴疆","ISTK":0,"ZCMC":"13-16周","YPSJDD":"13-16周 星期四 第9节-第10节 南湖南-博学东楼-101","XF":0,"SKXQ":4,"XNXQDM":"2024-2025-2","KCM":"形势与政策","JASDM":"0202020101","JXLDM":"020202","JXBID":"20242-14208","SKBJ":null,"TYXMDM":null,"KCH":"10218121092"},{"KKDWDM":"021","XS":8,"BYBZ":"0","JSJC":7,"XXXQDM":"02","KXH":"594","KSJC":6,"XKZRS":135,"SKZC":"0000000000001111","SKJS":"李嘉欣","ISTK":0,"ZCMC":"13-16周","YPSJDD":"13-16周 星期四 第6节-第7节 南湖南-博学东楼-101","XF":0,"SKXQ":4,"XNXQDM":"2024-2025-2","KCM":"形势与政策","JASDM":"0202020101","JXLDM":"020202","JXBID":"20242-14185","SKBJ":null,"TYXMDM":null,"KCH":"10218121092"},{"KKDWDM":"012","XS":32,"BYBZ":"0","JSJC":10,"XXXQDM":"02","KXH":"01","KSJC":9,"XKZRS":82,"SKZC":"000000000000000110000000000000","SKJS":"唐祖锴","ISTK":0,"ZCMC":"16-17周","YPSJDD":"12-14周 星期一 第9节-第10节 南湖南-博学东楼-101,17周 星期二 第9节-第10节 南湖南-博学东楼-101,16-17周 星期一 第9节-第10节 南湖南-博学东楼-101,9-16周 星期三 第9节-第10节 南湖南-博学东楼-101,9-10周 星期一 第9节-第10节 南湖南-博学东楼-101","XF":2,"SKXQ":1,"XNXQDM":"2024-2025-2","KCM":"机器人控制技术概论","JASDM":"0202020101","JXLDM":"020202","JXBID":"20242-02565","SKBJ":"人工智能2201-02,物联网2201","TYXMDM":null,"KCH":"10125113012"},{"KKDWDM":"012","XS":32,"BYBZ":"0","JSJC":4,"XXXQDM":"02","KXH":"16","KSJC":3,"XKZRS":107,"SKZC":"000000000000000110000000000000","SKJS":"汪祥莉","ISTK":0,"ZCMC":"16-17周","YPSJDD":"16-17周 星期一 第3节-第4节 南湖南-博学东楼-101,12-14周 星期一 第3节-第4节 南湖南-博学东楼-101,17周 星期二 第3节-第4节 南湖南-博学东楼-101,1-10周 星期一 第3节-第4节 南湖南-博学东楼-101","XF":2,"SKXQ":1,"XNXQDM":"2024-2025-2","KCM":"Python程序设计基础A","JASDM":"0202020101","JXLDM":"020202","JXBID":"20242-11730","SKBJ":"材料类2413-15","TYXMDM":null,"KCH":"10121121086"},{"KKDWDM":"012","XS":32,"BYBZ":"0","JSJC":2,"XXXQDM":"02","KXH":"13","KSJC":1,"XKZRS":92,"SKZC":"000000000000000110000000000000","SKJS":"向东","ISTK":0,"ZCMC":"16-17周","YPSJDD":"16-17周 星期一 第1节-第2节 南湖南-博学东楼-101,17周 星期二 第1节-第2节 南湖南-博学东楼-101,12-14周 星期一 第1节-第2节 南湖南-博学东楼-101,1-10周 星期一 第1节-第2节 南湖南-博学东楼-101","XF":2,"SKXQ":1,"XNXQDM":"2024-2025-2","KCM":"Python程序设计基础B","JASDM":"0202020101","JXLDM":"020202","JXBID":"20242-11917","SKBJ":"经济学类2404-06","TYXMDM":null,"KCH":"10121121085"},{"KKDWDM":"030","XS":32,"BYBZ":"0","JSJC":13,"XXXQDM":"02","KXH":"01","KSJC":11,"XKZRS":138,"SKZC":"000000000000000110000000000000","SKJS":"刘全涛,许实,陈安琪","ISTK":0,"ZCMC":"16-17周","YPSJDD":"12-14周 星期一 第11节-第13节 南湖南-博学东楼-101,16-17周 星期一 第11节-第13节 南湖南-博学东楼-101,17周 星期二 第11节-第13节 南湖南-博学东楼-101,9-10周 星期一 第11节-第13节 南湖南-博学东楼-101","XF":2,"SKXQ":1,"XNXQDM":"2024-2025-2","KCM":"功能型沥青路面材料及其应用(JD)","JASDM":"0202020101","JXLDM":"020202","JXBID":"20242-08876","SKBJ":"公选-08876","TYXMDM":null,"KCH":"10306121027"},{"KKDWDM":"012","XS":32,"BYBZ":"0","JSJC":7,"XXXQDM":"02","KXH":"01","KSJC":6,"XKZRS":140,"SKZC":"000000000000000110000000000000","SKJS":"凌咏红","ISTK":0,"ZCMC":"16-17周","YPSJDD":"17周 星期二 第6节-第7节 南湖南-博学东楼-101,1-10周 星期一 第6节-第7节 南湖南-博学东楼-101,12-14周 星期一 第6节-第7节 南湖南-博学东楼-101,16-17周 星期一 第6节-第7节 南湖南-博学东楼-101","XF":2,"SKXQ":1,"XNXQDM":"2024-2025-2","KCM":"C程序设计基础B","JASDM":"0202020101","JXLDM":"020202","JXBID":"20242-06021","SKBJ":"管科类2404-06","TYXMDM":null,"KCH":"10121121087"},{"KKDWDM":"012","XS":32,"BYBZ":"0","JSJC":10,"XXXQDM":"02","KXH":"01","KSJC":9,"XKZRS":82,"SKZC":"000000000000000010000000000000","SKJS":"唐祖锴","ISTK":0,"ZCMC":"17周","YPSJDD":"12-14周 星期一 第9节-第10节 南湖南-博学东楼-101,17周 星期二 第9节-第10节 南湖南-博学东楼-101,16-17周 星期一 第9节-第10节 南湖南-博学东楼-101,9-16周 星期三 第9节-第10节 南湖南-博学东楼-101,9-10周 星期一 第9节-第10节 南湖南-博学东楼-101","XF":2,"SKXQ":2,"XNXQDM":"2024-2025-2","KCM":"机器人控制技术概论","JASDM":"0202020101","JXLDM":"020202","JXBID":"20242-02565","SKBJ":"人工智能2201-02,物联网2201","TYXMDM":null,"KCH":"10125113012"},{"KKDWDM":"012","XS":32,"BYBZ":"0","JSJC":2,"XXXQDM":"02","KXH":"13","KSJC":1,"XKZRS":92,"SKZC":"000000000000000010000000000000","SKJS":"向东","ISTK":0,"ZCMC":"17周","YPSJDD":"16-17周 星期一 第1节-第2节 南湖南-博学东楼-101,17周 星期二 第1节-第2节 南湖南-博学东楼-101,12-14周 星期一 第1节-第2节 南湖南-博学东楼-101,1-10周 星期一 第1节-第2节 南湖南-博学东楼-101","XF":2,"SKXQ":2,"XNXQDM":"2024-2025-2","KCM":"Python程序设计基础B","JASDM":"0202020101","JXLDM":"020202","JXBID":"20242-11917","SKBJ":"经济学类2404-06","TYXMDM":null,"KCH":"10121121085"},{"KKDWDM":"012","XS":32,"BYBZ":"0","JSJC":4,"XXXQDM":"02","KXH":"16","KSJC":3,"XKZRS":107,"SKZC":"000000000000000010000000000000","SKJS":"汪祥莉","ISTK":0,"ZCMC":"17周","YPSJDD":"16-17周 星期一 第3节-第4节 南湖南-博学东楼-101,12-14周 星期一 第3节-第4节 南湖南-博学东楼-101,17周 星期二 第3节-第4节 南湖南-博学东楼-101,1-10周 星期一 第3节-第4节 南湖南-博学东楼-101","XF":2,"SKXQ":2,"XNXQDM":"2024-2025-2","KCM":"Python程序设计基础A","JASDM":"0202020101","JXLDM":"020202","JXBID":"20242-11730","SKBJ":"材料类2413-15","TYXMDM":null,"KCH":"10121121086"},{"KKDWDM":"012","XS":32,"BYBZ":"0","JSJC":4,"XXXQDM":"02","KXH":"09","KSJC":3,"XKZRS":45,"SKZC":"000000000000000010000000000000","SKJS":"陈明俊","ISTK":0,"ZCMC":"17周","YPSJDD":"7-9周 星期五 第3节-第4节 南湖南-博学东楼-101,9周 星期日 第3节-第4节 南湖南-博学东楼-101,17周 星期三 第3节-第4节 南湖南-博学东楼-101,1-5周 星期五 第3节-第4节 南湖南-博学东楼-101,11-16周 星期五 第3节-第4节 南湖南-博学东楼-101","XF":2,"SKXQ":3,"XNXQDM":"2024-2025-2","KCM":"Python程序设计基础A","JASDM":"0202020101","JXLDM":"020202","JXBID":"20242-06460","SKBJ":"应化jd2401,材科珠峰2401","TYXMDM":null,"KCH":"10121121086"},{"KKDWDM":"012","XS":32,"BYBZ":"0","JSJC":7,"XXXQDM":"02","KXH":"01","KSJC":6,"XKZRS":140,"SKZC":"000000000000000010000000000000","SKJS":"凌咏红","ISTK":0,"ZCMC":"17周","YPSJDD":"17周 星期二 第6节-第7节 南湖南-博学东楼-101,1-10周 星期一 第6节-第7节 南湖南-博学东楼-101,12-14周 星期一 第6节-第7节 南湖南-博学东楼-101,16-17周 星期一 第6节-第7节 南湖南-博学东楼-101","XF":2,"SKXQ":2,"XNXQDM":"2024-2025-2","KCM":"C程序设计基础B","JASDM":"0202020101","JXLDM":"020202","JXBID":"20242-06021","SKBJ":"管科类2404-06","TYXMDM":null,"KCH":"10121121087"},{"KKDWDM":"030","XS":32,"BYBZ":"0","JSJC":13,"XXXQDM":"02","KXH":"01","KSJC":11,"XKZRS":138,"SKZC":"000000000000000010000000000000","SKJS":"刘全涛,许实,陈安琪","ISTK":0,"ZCMC":"17周","YPSJDD":"12-14周 星期一 第11节-第13节 南湖南-博学东楼-101,16-17周 星期一 第11节-第13节 南湖南-博学东楼-101,17周 星期二 第11节-第13节 南湖南-博学东楼-101,9-10周 星期一 第11节-第13节 南湖南-博学东楼-101","XF":2,"SKXQ":2,"XNXQDM":"2024-2025-2","KCM":"功能型沥青路面材料及其应用(JD)","JASDM":"0202020101","JXLDM":"020202","JXBID":"20242-08876","SKBJ":"公选-08876","TYXMDM":null,"KCH":"10306121027"},{"KKDWDM":"012","XS":32,"BYBZ":"0","JSJC":2,"XXXQDM":"02","KXH":"04","KSJC":1,"XKZRS":140,"SKZC":"000000000000000010000000000000","SKJS":"周德仿,杨世达","ISTK":0,"ZCMC":"17周","YPSJDD":"9周 星期日 第1节-第2节 南湖南-博学东楼-101,7-9周 星期五 第1节-第2节 南湖南-博学东楼-101,17周 星期三 第1节-第2节 南湖南-博学东楼-101,11-16周 星期五 第1节-第2节 南湖南-博学东楼-101,1-5周 星期五 第1节-第2节 南湖南-博学东楼-101","XF":2,"SKXQ":3,"XNXQDM":"2024-2025-2","KCM":"C程序设计基础B","JASDM":"0202020101","JXLDM":"020202","JXBID":"20242-11953","SKBJ":"机电类2415-16","TYXMDM":null,"KCH":"10121121087"}]}},"code":"0"}