{"datas":{"jaskcb":{"extParams":{"code":1,"msg":"查询成功"},"pageSize":0,"pageNumber":0,"totalSize":-1,"rows":[{"KKDWDM":"012","XS":72,"BYBZ":"0","JSJC":2,"XXXQDM":"02","KXH":"01","KSJC":1,"XKZRS":90,"SKZC":"111111111111111100000000000000","SKJS":"夏又新","ISTK":0,"ZCMC":"1-16周","YPSJDD":"1-16周 星期二 第1节-第2节 南湖南-博学西楼-304,1-9周 星期四 第3节-第4节 南湖南-博学西楼-212,11-16周 星期四 第3节-第4节 南湖南-博学西楼-212","XF":4,"SKXQ":2,"XNXQDM":"2024-2025-2","KCM":"计算机组成与系统结构","JASDM":"0202030304","JXLDM":"020203","JXBID":"20242-05186","SKBJ":"计算机zy2301-02","TYXMDM":null,"KCH":"10153111012"},{"KKDWDM":"009","XS":32,"BYBZ":"0","JSJC":4,"XXXQDM":"02","KXH":"06","KSJC":3,"XKZRS":67,"SKZC":"1111111111111111","SKJS":"方明镜","ISTK":0,"ZCMC":"1-16周","YPSJDD":"1-16周 星期二 第3节-第4节 南湖南-博学西楼-304","XF":2,"SKXQ":2,"XNXQDM":"2024-2025-2","KCM":"土木工程材料","JASDM":"0202030304","JXLDM":"020203","JXBID":"20242-09953","SKBJ":"土木zy2304-05","TYXMDM":null,"KCH":"4130197110"},{"KKDWDM":"008","XS":40,"BYBZ":"0","JSJC":8,"XXXQDM":"02","KXH":"13","KSJC":6,"XKZRS":79,"SKZC":"111111111111","SKJS":"杨爽","ISTK":0,"ZCMC":"1-12周","YPSJDD":"1-12周 星期二 第6节-第8节 南湖南-博学西楼-304","XF":2,"SKXQ":2,"XNXQDM":"2024-2025-2","KCM":"工程材料A","JASDM":"0202030304","JXLDM":"020203","JXBID":"20242-11067","SKBJ":"机电类2411-12","TYXMDM":null,"KCH":"10115111001"},{"KKDWDM":"072","XS":64,"BYBZ":"0","JSJC":2,"XXXQDM":"02","KXH":"12","KSJC":1,"XKZRS":72,"SKZC":"111111111100000000000000000000","SKJS":"孙明清","ISTK":0,"ZCMC":"1-10周","YPSJDD":"16-17周 星期一 第1节-第2节 南湖南-博学西楼-304,1-9周 星期四 第3节-第4节 南湖南-博学西楼-304,12-14周 星期一 第1节-第2节 南湖南-博学西楼-304,1-10周 星期一 第1节-第2节 南湖南-博学西楼-304,11-16周 星期四 第3节-第4节 南湖南-博学西楼-304","XF":4,"SKXQ":1,"XNXQDM":"2024-2025-2","KCM":"材料力学C","JASDM":"0202030304","JXLDM":"020203","JXBID":"20242-10764","SKBJ":"机械2301-02","TYXMDM":null,"KCH":"10154111009"},{"KKDWDM":"012","XS":56,"BYBZ":"0","JSJC":8,"XXXQDM":"02","KXH":"03","KSJC":6,"XKZRS":50,"SKZC":"111111111100000000000000000000","SKJS":"冯静","ISTK":0,"ZCMC":"1-10周","YPSJDD":"1-10周 星期一 第6节-第8节 南湖南-博学西楼-304,12-14周 星期一 第6节-第8节 南湖南-博学西楼-304,17周 星期二 第6节-第8节 南湖南-博学西楼-304,16-17周 星期一 第6节-第8节 南湖南-博学西楼-304","XF":3,"SKXQ":1,"XNXQDM":"2024-2025-2","KCM":"数据库系统原理B","JASDM":"0202030304","JXLDM":"020203","JXBID":"20242-04933","SKBJ":"人工智能2301-02","TYXMDM":null,"KCH":"10124117077"},{"KKDWDM":"003","XS":32,"BYBZ":"0","JSJC":8,"XXXQDM":"02","KXH":"03","KSJC":6,"XKZRS":86,"SKZC":"111111111100000000000000","SKJS":"刘俐,杨雪媛","ISTK":0,"ZCMC":"1-10周","YPSJDD":"11周 星期三 第6节-第7节 南湖南-博学西楼-304,1-10周 星期三 第6节-第8节 南湖南-博学西楼-304","XF":2,"SKXQ":3,"XNXQDM":"2024-2025-2","KCM":"材料概论","JASDM":"0202030304","JXLDM":"020203","JXBID":"20242-10098","SKBJ":"材料类2411-12","TYXMDM":null,"KCH":"10105111044"},{"KKDWDM":"022","XS":40,"BYBZ":"0","JSJC":4,"XXXQDM":"02","KXH":"02","KSJC":3,"XKZRS":70,"SKZC":"1111111111","SKJS":"汪炜","ISTK":0,"ZCMC":"1-10周","YPSJDD":"1-10周 星期一 第3节-第4节 南湖南-博学西楼-304,1-10周 星期三 第3节-第4节 南湖南-博学西楼-304","XF":2,"SKXQ":1,"XNXQDM":"2024-2025-2","KCM":"经济法A","JASDM":"0202030304","JXLDM":"020203","JXBID":"20242-03906","SKBJ":"社工2201-02","TYXMDM":null,"KCH":"10057311038"},{"KKDWDM":"022","XS":40,"BYBZ":"0","JSJC":4,"XXXQDM":"02","KXH":"02","KSJC":3,"XKZRS":70,"SKZC":"1111111111","SKJS":"汪炜","ISTK":0,"ZCMC":"1-10周","YPSJDD":"1-10周 星期一 第3节-第4节 南湖南-博学西楼-304,1-10周 星期三 第3节-第4节 南湖南-博学西楼-304","XF":2,"SKXQ":3,"XNXQDM":"2024-2025-2","KCM":"经济法A","JASDM":"0202030304","JXLDM":"020203","JXBID":"20242-03906","SKBJ":"社工2201-02","TYXMDM":null,"KCH":"10057311038"},{"KKDWDM":"072","XS":64,"BYBZ":"0","JSJC":4,"XXXQDM":"02","KXH":"12","KSJC":3,"XKZRS":72,"SKZC":"111111111000000000000000000000","SKJS":"孙明清","ISTK":0,"ZCMC":"1-9周","YPSJDD":"16-17周 星期一 第1节-第2节 南湖南-博学西楼-304,1-9周 星期四 第3节-第4节 南湖南-博学西楼-304,12-14周 星期一 第1节-第2节 南湖南-博学西楼-304,1-10周 星期一 第1节-第2节 南湖南-博学西楼-304,11-16周 星期四 第3节-第4节 南湖南-博学西楼-304","XF":4,"SKXQ":4,"XNXQDM":"2024-2025-2","KCM":"材料力学C","JASDM":"0202030304","JXLDM":"020203","JXBID":"20242-10764","SKBJ":"机械2301-02","TYXMDM":null,"KCH":"10154111009"},{"KKDWDM":"018","XS":40,"BYBZ":"0","JSJC":2,"XXXQDM":"02","KXH":"01","KSJC":1,"XKZRS":61,"SKZC":"11111111","SKJS":"周毓萍","ISTK":0,"ZCMC":"1-8周","YPSJDD":"1-8周 星期四 第1节-第2节 南湖南-博学西楼-304,1-8周 星期二 第3节-第5节 南湖南-博学主楼-104","XF":2,"SKXQ":4,"XNXQDM":"2024-2025-2","KCM":"商业银行经营与管理","JASDM":"0202030304","JXLDM":"020203","JXBID":"20242-03406","SKBJ":"金融kj2201,金融sy2201","TYXMDM":null,"KCH":"10184121073"},{"KKDWDM":"007","XS":16,"BYBZ":"0","JSJC":2,"XXXQDM":"02","KXH":"02","KSJC":1,"XKZRS":74,"SKZC":"11111111","SKJS":"喻厚宇,黄妙华","ISTK":0,"ZCMC":"1-8周","YPSJDD":"1-8周 星期三 第1节-第2节 南湖南-博学西楼-304","XF":1,"SKXQ":3,"XNXQDM":"2024-2025-2","KCM":"汽车创新设计A","JASDM":"0202030304","JXLDM":"020203","JXBID":"20242-11423","SKBJ":"车辆gj2201-02","TYXMDM":null,"KCH":"10075117017"},{"KKDWDM":"008","XS":32,"BYBZ":"0","JSJC":2,"XXXQDM":"02","KXH":"01","KSJC":1,"XKZRS":65,"SKZC":"111110111011111100000000000000","SKJS":"吴敬兵,张宇航","ISTK":0,"ZCMC":"1-5周,7-9周,11-16周","YPSJDD":"9周 星期日 第1节-第2节 南湖南-博学西楼-304,17周 星期三 第1节-第2节 南湖南-博学西楼-304,1-5周,7-9周,11-16周 星期五 第1节-第2节 南湖南-博学西楼-304","XF":2,"SKXQ":5,"XNXQDM":"2024-2025-2","KCM":"工业装备热力学基础","JASDM":"0202030304","JXLDM":"020203","JXBID":"20242-04450","SKBJ":"过控2301-02","TYXMDM":null,"KCH":"10084124196"},{"KKDWDM":"021","XS":40,"BYBZ":"0","JSJC":5,"XXXQDM":"02","KXH":"01","KSJC":3,"XKZRS":78,"SKZC":"111110111011100000000000","SKJS":"杨柳青","ISTK":0,"ZCMC":"1-5周,7-9周,11-13周","YPSJDD":"14-15周 星期五 第3节-第4节 南湖南-博学西楼-304,1-5周,7-9周,11-13周 星期五 第3节-第5节 南湖南-博学西楼-304,9周 星期日 第3节-第5节 南湖南-博学西楼-304","XF":2,"SKXQ":5,"XNXQDM":"2024-2025-2","KCM":"社会研究方法B","JASDM":"0202030304","JXLDM":"020203","JXBID":"20242-06415","SKBJ":"政治2401-02","TYXMDM":null,"KCH":"10214124554"},{"KKDWDM":"008","XS":32,"BYBZ":"0","JSJC":2,"XXXQDM":"02","KXH":"01","KSJC":1,"XKZRS":65,"SKZC":"000000001000000000000000000000","SKJS":"吴敬兵,张宇航","ISTK":0,"ZCMC":"9周","YPSJDD":"9周 星期日 第1节-第2节 南湖南-博学西楼-304,17周 星期三 第1节-第2节 南湖南-博学西楼-304,1-5周,7-9周,11-16周 星期五 第1节-第2节 南湖南-博学西楼-304","XF":2,"SKXQ":7,"XNXQDM":"2024-2025-2","KCM":"工业装备热力学基础","JASDM":"0202030304","JXLDM":"020203","JXBID":"20242-04450","SKBJ":"过控2301-02","TYXMDM":null,"KCH":"10084124196"},{"KKDWDM":"021","XS":40,"BYBZ":"0","JSJC":5,"XXXQDM":"02","KXH":"01","KSJC":3,"XKZRS":78,"SKZC":"000000001000000000000000","SKJS":"杨柳青","ISTK":0,"ZCMC":"9周","YPSJDD":"14-15周 星期五 第3节-第4节 南湖南-博学西楼-304,1-5周,7-9周,11-13周 星期五 第3节-第5节 南湖南-博学西楼-304,9周 星期日 第3节-第5节 南湖南-博学西楼-304","XF":2,"SKXQ":7,"XNXQDM":"2024-2025-2","KCM":"社会研究方法B","JASDM":"0202030304","JXLDM":"020203","JXBID":"20242-06415","SKBJ":"政治2401-02","TYXMDM":null,"KCH":"10214124554"},{"KKDWDM":"072","XS":64,"BYBZ":"0","JSJC":4,"XXXQDM":"02","KXH":"12","KSJC":3,"XKZRS":72,"SKZC":"000000000011111100000000000000","SKJS":"孙明清","ISTK":0,"ZCMC":"11-16周","YPSJDD":"16-17周 星期一 第1节-第2节 南湖南-博学西楼-304,1-9周 星期四 第3节-第4节 南湖南-博学西楼-304,12-14周 星期一 第1节-第2节 南湖南-博学西楼-304,1-10周 星期一 第1节-第2节 南湖南-博学西楼-304,11-16周 星期四 第3节-第4节 南湖南-博学西楼-304","XF":4,"SKXQ":4,"XNXQDM":"2024-2025-2","KCM":"材料力学C","JASDM":"0202030304","JXLDM":"020203","JXBID":"20242-10764","SKBJ":"机械2301-02","TYXMDM":null,"KCH":"10154111009"},{"KKDWDM":"003","XS":32,"BYBZ":"0","JSJC":7,"XXXQDM":"02","KXH":"03","KSJC":6,"XKZRS":86,"SKZC":"000000000010000000000000","SKJS":"刘俐,杨雪媛","ISTK":0,"ZCMC":"11周","YPSJDD":"11周 星期三 第6节-第7节 南湖南-博学西楼-304,1-10周 星期三 第6节-第8节 南湖南-博学西楼-304","XF":2,"SKXQ":3,"XNXQDM":"2024-2025-2","KCM":"材料概论","JASDM":"0202030304","JXLDM":"020203","JXBID":"20242-10098","SKBJ":"材料类2411-12","TYXMDM":null,"KCH":"10105111044"},{"KKDWDM":"012","XS":56,"BYBZ":"0","JSJC":8,"XXXQDM":"02","KXH":"03","KSJC":6,"XKZRS":50,"SKZC":"000000000001110000000000000000","SKJS":"冯静","ISTK":0,"ZCMC":"12-14周","YPSJDD":"1-10周 星期一 第6节-第8节 南湖南-博学西楼-304,12-14周 星期一 第6节-第8节 南湖南-博学西楼-304,17周 星期二 第6节-第8节 南湖南-博学西楼-304,16-17周 星期一 第6节-第8节 南湖南-博学西楼-304","XF":3,"SKXQ":1,"XNXQDM":"2024-2025-2","KCM":"数据库系统原理B","JASDM":"0202030304","JXLDM":"020203","JXBID":"20242-04933","SKBJ":"人工智能2301-02","TYXMDM":null,"KCH":"10124117077"},{"KKDWDM":"072","XS":64,"BYBZ":"0","JSJC":2,"XXXQDM":"02","KXH":"12","KSJC":1,"XKZRS":72,"SKZC":"000000000001110000000000000000","SKJS":"孙明清","ISTK":0,"ZCMC":"12-14周","YPSJDD":"16-17周 星期一 第1节-第2节 南湖南-博学西楼-304,1-9周 星期四 第3节-第4节 南湖南-博学西楼-304,12-14周 星期一 第1节-第2节 南湖南-博学西楼-304,1-10周 星期一 第1节-第2节 南湖南-博学西楼-304,11-16周 星期四 第3节-第4节 南湖南-博学西楼-304","XF":4,"SKXQ":1,"XNXQDM":"2024-2025-2","KCM":"材料力学C","JASDM":"0202030304","JXLDM":"020203","JXBID":"20242-10764","SKBJ":"机械2301-02","TYXMDM":null,"KCH":"10154111009"},{"KKDWDM":"021","XS":40,"BYBZ":"0","JSJC":4,"XXXQDM":"02","KXH":"01","KSJC":3,"XKZRS":78,"SKZC":"000000000000011000000000","SKJS":"杨柳青","ISTK":0,"ZCMC":"14-15周","YPSJDD":"14-15周 星期五 第3节-第4节 南湖南-博学西楼-304,1-5周,7-9周,11-13周 星期五 第3节-第5节 南湖南-博学西楼-304,9周 星期日 第3节-第5节 南湖南-博学西楼-304","XF":2,"SKXQ":5,"XNXQDM":"2024-2025-2","KCM":"社会研究方法B","JASDM":"0202030304","JXLDM":"020203","JXBID":"20242-06415","SKBJ":"政治2401-02","TYXMDM":null,"KCH":"10214124554"},{"KKDWDM":"012","XS":56,"BYBZ":"0","JSJC":8,"XXXQDM":"02","KXH":"03","KSJC":6,"XKZRS":50,"SKZC":"000000000000000110000000000000","SKJS":"冯静","ISTK":0,"ZCMC":"16-17周","YPSJDD":"1-10周 星期一 第6节-第8节 南湖南-博学西楼-304,12-14周 星期一 第6节-第8节 南湖南-博学西楼-304,17周 星期二 第6节-第8节 南湖南-博学西楼-304,16-17周 星期一 第6节-第8节 南湖南-博学西楼-304","XF":3,"SKXQ":1,"XNXQDM":"2024-2025-2","KCM":"数据库系统原理B","JASDM":"0202030304","JXLDM":"020203","JXBID":"20242-04933","SKBJ":"人工智能2301-02","TYXMDM":null,"KCH":"10124117077"},{"KKDWDM":"072","XS":64,"BYBZ":"0","JSJC":2,"XXXQDM":"02","KXH":"12","KSJC":1,"XKZRS":72,"SKZC":"000000000000000110000000000000","SKJS":"孙明清","ISTK":0,"ZCMC":"16-17周","YPSJDD":"16-17周 星期一 第1节-第2节 南湖南-博学西楼-304,1-9周 星期四 第3节-第4节 南湖南-博学西楼-304,12-14周 星期一 第1节-第2节 南湖南-博学西楼-304,1-10周 星期一 第1节-第2节 南湖南-博学西楼-304,11-16周 星期四 第3节-第4节 南湖南-博学西楼-304","XF":4,"SKXQ":1,"XNXQDM":"2024-2025-2","KCM":"材料力学C","JASDM":"0202030304","JXLDM":"020203","JXBID":"20242-10764","SKBJ":"机械2301-02","TYXMDM":null,"KCH":"10154111009"},{"KKDWDM":"008","XS":32,"BYBZ":"0","JSJC":2,"XXXQDM":"02","KXH":"01","KSJC":1,"XKZRS":65,"SKZC":"000000000000000010000000000000","SKJS":"吴敬兵,张宇航","ISTK":0,"ZCMC":"17周","YPSJDD":"9周 星期日 第1节-第2节 南湖南-博学西楼-304,17周 星期三 第1节-第2节 南湖南-博学西楼-304,1-5周,7-9周,11-16周 星期五 第1节-第2节 南湖南-博学西楼-304","XF":2,"SKXQ":3,"XNXQDM":"2024-2025-2","KCM":"工业装备热力学基础","JASDM":"0202030304","JXLDM":"020203","JXBID":"20242-04450","SKBJ":"过控2301-02","TYXMDM":null,"KCH":"10084124196"},{"KKDWDM":"012","XS":56,"BYBZ":"0","JSJC":8,"XXXQDM":"02","KXH":"03","KSJC":6,"XKZRS":50,"SKZC":"000000000000000010000000000000","SKJS":"冯静","ISTK":0,"ZCMC":"17周","YPSJDD":"1-10周 星期一 第6节-第8节 南湖南-博学西楼-304,12-14周 星期一 第6节-第8节 南湖南-博学西楼-304,17周 星期二 第6节-第8节 南湖南-博学西楼-304,16-17周 星期一 第6节-第8节 南湖南-博学西楼-304","XF":3,"SKXQ":2,"XNXQDM":"2024-2025-2","KCM":"数据库系统原理B","JASDM":"0202030304","JXLDM":"020203","JXBID":"20242-04933","SKBJ":"人工智能2301-02","TYXMDM":null,"KCH":"10124117077"}]}},"code":"0"}