{"datas":{"jaskcb":{"extParams":{"code":1,"msg":"查询成功"},"pageSize":0,"pageNumber":0,"totalSize":-1,"rows":[{"KKDWDM":"012","XS":32,"BYBZ":"0","JSJC":8,"XXXQDM":"02","KXH":"07","KSJC":6,"XKZRS":80,"SKZC":"000011111111111","SKJS":"周德仿,杨世达","ISTK":0,"ZCMC":"5-15周","YPSJDD":"5-15周 星期二 第6节-第8节 南湖南-博学东楼-504","XF":1,"SKXQ":2,"XNXQDM":"2024-2025-2","KCM":"计算机基础与C程序设计综合实验B","JASDM":"0202020504","JXLDM":"020202","JXBID":"20242-11976","SKBJ":"机电类2407-08","TYXMDM":null,"KCH":"10121221091"}]}},"code":"0"}