{"datas":{"jaskcb":{"extParams":{"code":1,"msg":"查询成功"},"pageSize":0,"pageNumber":0,"totalSize":-1,"rows":[{"KKDWDM":"072","XS":80,"BYBZ":"0","JSJC":5,"XXXQDM":"02","KXH":"33","KSJC":3,"XKZRS":140,"SKZC":"111111111111111100000000000000","SKJS":"汪礼胜","ISTK":0,"ZCMC":"1-16周","YPSJDD":"1-9周 星期四 第1节-第2节 南湖南-博学主楼-308,11-17周 星期四 第1节-第2节 南湖南-博学主楼-308,1-16周 星期二 第3节-第5节 南湖南-博学主楼-308","XF":5,"SKXQ":2,"XNXQDM":"2024-2025-2","KCM":"大学物理B","JASDM":"0202040308","JXLDM":"020204","JXBID":"20242-11671","SKBJ":"电信类2409-12","TYXMDM":null,"KCH":"10153113042"},{"KKDWDM":"072","XS":80,"BYBZ":"0","JSJC":5,"XXXQDM":"02","KXH":"44","KSJC":3,"XKZRS":140,"SKZC":"111111111111111100000000000000","SKJS":"秦品权","ISTK":0,"ZCMC":"1-16周","YPSJDD":"11-16周 星期五 第1节-第2节 南湖南-博学主楼-308,7-9周 星期五 第1节-第2节 南湖南-博学主楼-308,17周 星期三 第1节-第2节 南湖南-博学主楼-308,1-5周 星期五 第1节-第2节 南湖南-博学主楼-308,9周 星期日 第1节-第2节 南湖南-博学主楼-308,1-16周 星期三 第3节-第5节 南湖南-博学主楼-308","XF":5,"SKXQ":3,"XNXQDM":"2024-2025-2","KCM":"大学物理B","JASDM":"0202040308","JXLDM":"020204","JXBID":"20242-11689","SKBJ":"自动化类2409-12","TYXMDM":null,"KCH":"10153113042"},{"KKDWDM":"072","XS":80,"BYBZ":"0","JSJC":2,"XXXQDM":"02","KXH":"42","KSJC":1,"XKZRS":140,"SKZC":"111111111111111100000000000000","SKJS":"秦品权","ISTK":0,"ZCMC":"1-16周","YPSJDD":"1-5周 星期五 第3节-第5节 南湖南-博学主楼-308,7-9周 星期五 第3节-第5节 南湖南-博学主楼-308,17周 星期三 第3节-第5节 南湖南-博学主楼-308,9周 星期日 第3节-第5节 南湖南-博学主楼-308,11-16周 星期五 第3节-第5节 南湖南-博学主楼-308,1-16周 星期三 第1节-第2节 南湖南-博学主楼-308","XF":5,"SKXQ":3,"XNXQDM":"2024-2025-2","KCM":"大学物理B","JASDM":"0202040308","JXLDM":"020204","JXBID":"20242-11686","SKBJ":"车辆类2409-12","TYXMDM":null,"KCH":"10153113042"},{"KKDWDM":"072","XS":80,"BYBZ":"0","JSJC":2,"XXXQDM":"02","KXH":"24","KSJC":1,"XKZRS":128,"SKZC":"111111111111111100000000000000","SKJS":"柯亚娇","ISTK":0,"ZCMC":"1-16周","YPSJDD":"1-9周 星期四 第3节-第5节 南湖南-博学主楼-308,1-16周 星期二 第1节-第2节 南湖南-博学主楼-308,11-17周 星期四 第3节-第5节 南湖南-博学主楼-308","XF":5,"SKXQ":2,"XNXQDM":"2024-2025-2","KCM":"大学物理B","JASDM":"0202040308","JXLDM":"020204","JXBID":"20242-11682","SKBJ":"材料类2408-11","TYXMDM":null,"KCH":"10153113042"},{"KKDWDM":"013","XS":64,"BYBZ":"0","JSJC":2,"XXXQDM":"02","KXH":"04","KSJC":1,"XKZRS":139,"SKZC":"111111111101110000000000","SKJS":"刘红丽","ISTK":0,"ZCMC":"1-10周,12-14周","YPSJDD":"1-10周,12-14周 星期一 第1节-第2节 南湖南-博学主楼-308,1-5周,7-9周,11-15周 星期五 第9节-第10节 南湖南-博学主楼-308,9周 星期日 第9节-第10节 南湖南-博学主楼-308","XF":4,"SKXQ":1,"XNXQDM":"2024-2025-2","KCM":"电工与电子技术基础B","JASDM":"0202040308","JXLDM":"020204","JXBID":"20242-05497","SKBJ":"能源2301-03,能源zy2301","TYXMDM":null,"KCH":"10133121096"},{"KKDWDM":"017","XS":48,"BYBZ":"0","JSJC":5,"XXXQDM":"02","KXH":"02","KSJC":3,"XKZRS":120,"SKZC":"111111111101100000000000","SKJS":"黄英辉","ISTK":0,"ZCMC":"1-10周,12-13周","YPSJDD":"14-16周(双) 星期一 第3节-第4节 南湖南-博学主楼-308,1-10周,12-13周 星期一 第3节-第5节 南湖南-博学主楼-308","XF":3,"SKXQ":1,"XNXQDM":"2024-2025-2","KCM":"系统分析与设计C","JASDM":"0202040308","JXLDM":"020204","JXBID":"20242-03400","SKBJ":"信管2201-03","TYXMDM":null,"KCH":"10174121132"},{"KKDWDM":"072","XS":80,"BYBZ":"0","JSJC":5,"XXXQDM":"02","KXH":"24","KSJC":3,"XKZRS":128,"SKZC":"111111111000000000000000000000","SKJS":"柯亚娇","ISTK":0,"ZCMC":"1-9周","YPSJDD":"1-9周 星期四 第3节-第5节 南湖南-博学主楼-308,1-16周 星期二 第1节-第2节 南湖南-博学主楼-308,11-17周 星期四 第3节-第5节 南湖南-博学主楼-308","XF":5,"SKXQ":4,"XNXQDM":"2024-2025-2","KCM":"大学物理B","JASDM":"0202040308","JXLDM":"020204","JXBID":"20242-11682","SKBJ":"材料类2408-11","TYXMDM":null,"KCH":"10153113042"},{"KKDWDM":"072","XS":80,"BYBZ":"0","JSJC":2,"XXXQDM":"02","KXH":"33","KSJC":1,"XKZRS":140,"SKZC":"111111111000000000000000000000","SKJS":"汪礼胜","ISTK":0,"ZCMC":"1-9周","YPSJDD":"1-9周 星期四 第1节-第2节 南湖南-博学主楼-308,11-17周 星期四 第1节-第2节 南湖南-博学主楼-308,1-16周 星期二 第3节-第5节 南湖南-博学主楼-308","XF":5,"SKXQ":4,"XNXQDM":"2024-2025-2","KCM":"大学物理B","JASDM":"0202040308","JXLDM":"020204","JXBID":"20242-11671","SKBJ":"电信类2409-12","TYXMDM":null,"KCH":"10153113042"},{"KKDWDM":"038","XS":24,"BYBZ":"0","JSJC":13,"XXXQDM":"02","KXH":"03","KSJC":11,"XKZRS":140,"SKZC":"111111110000000000000000","SKJS":"李洪胜","ISTK":0,"ZCMC":"1-8周","YPSJDD":"1-8周 星期二 第11节-第13节 南湖南-博学主楼-308","XF":1,"SKXQ":2,"XNXQDM":"2024-2025-2","KCM":"孙子兵法(GX)","JASDM":"0202040308","JXLDM":"020204","JXBID":"20242-11611","SKBJ":"公选-11611","TYXMDM":null,"KCH":"10382121007"},{"KKDWDM":"013","XS":64,"BYBZ":"0","JSJC":10,"XXXQDM":"02","KXH":"04","KSJC":9,"XKZRS":139,"SKZC":"111110111011111000000000","SKJS":"刘红丽","ISTK":0,"ZCMC":"1-5周,7-9周,11-15周","YPSJDD":"1-10周,12-14周 星期一 第1节-第2节 南湖南-博学主楼-308,1-5周,7-9周,11-15周 星期五 第9节-第10节 南湖南-博学主楼-308,9周 星期日 第9节-第10节 南湖南-博学主楼-308","XF":4,"SKXQ":5,"XNXQDM":"2024-2025-2","KCM":"电工与电子技术基础B","JASDM":"0202040308","JXLDM":"020204","JXBID":"20242-05497","SKBJ":"能源2301-03,能源zy2301","TYXMDM":null,"KCH":"10133121096"},{"KKDWDM":"072","XS":80,"BYBZ":"0","JSJC":2,"XXXQDM":"02","KXH":"44","KSJC":1,"XKZRS":140,"SKZC":"111110000000000000000000000000","SKJS":"秦品权","ISTK":0,"ZCMC":"1-5周","YPSJDD":"11-16周 星期五 第1节-第2节 南湖南-博学主楼-308,7-9周 星期五 第1节-第2节 南湖南-博学主楼-308,17周 星期三 第1节-第2节 南湖南-博学主楼-308,1-5周 星期五 第1节-第2节 南湖南-博学主楼-308,9周 星期日 第1节-第2节 南湖南-博学主楼-308,1-16周 星期三 第3节-第5节 南湖南-博学主楼-308","XF":5,"SKXQ":5,"XNXQDM":"2024-2025-2","KCM":"大学物理B","JASDM":"0202040308","JXLDM":"020204","JXBID":"20242-11689","SKBJ":"自动化类2409-12","TYXMDM":null,"KCH":"10153113042"},{"KKDWDM":"072","XS":80,"BYBZ":"0","JSJC":5,"XXXQDM":"02","KXH":"42","KSJC":3,"XKZRS":140,"SKZC":"111110000000000000000000000000","SKJS":"秦品权","ISTK":0,"ZCMC":"1-5周","YPSJDD":"1-5周 星期五 第3节-第5节 南湖南-博学主楼-308,7-9周 星期五 第3节-第5节 南湖南-博学主楼-308,17周 星期三 第3节-第5节 南湖南-博学主楼-308,9周 星期日 第3节-第5节 南湖南-博学主楼-308,11-16周 星期五 第3节-第5节 南湖南-博学主楼-308,1-16周 星期三 第1节-第2节 南湖南-博学主楼-308","XF":5,"SKXQ":5,"XNXQDM":"2024-2025-2","KCM":"大学物理B","JASDM":"0202040308","JXLDM":"020204","JXBID":"20242-11686","SKBJ":"车辆类2409-12","TYXMDM":null,"KCH":"10153113042"},{"KKDWDM":"072","XS":80,"BYBZ":"0","JSJC":2,"XXXQDM":"02","KXH":"44","KSJC":1,"XKZRS":140,"SKZC":"000000111000000000000000000000","SKJS":"秦品权","ISTK":0,"ZCMC":"7-9周","YPSJDD":"11-16周 星期五 第1节-第2节 南湖南-博学主楼-308,7-9周 星期五 第1节-第2节 南湖南-博学主楼-308,17周 星期三 第1节-第2节 南湖南-博学主楼-308,1-5周 星期五 第1节-第2节 南湖南-博学主楼-308,9周 星期日 第1节-第2节 南湖南-博学主楼-308,1-16周 星期三 第3节-第5节 南湖南-博学主楼-308","XF":5,"SKXQ":5,"XNXQDM":"2024-2025-2","KCM":"大学物理B","JASDM":"0202040308","JXLDM":"020204","JXBID":"20242-11689","SKBJ":"自动化类2409-12","TYXMDM":null,"KCH":"10153113042"},{"KKDWDM":"072","XS":80,"BYBZ":"0","JSJC":5,"XXXQDM":"02","KXH":"42","KSJC":3,"XKZRS":140,"SKZC":"000000111000000000000000000000","SKJS":"秦品权","ISTK":0,"ZCMC":"7-9周","YPSJDD":"1-5周 星期五 第3节-第5节 南湖南-博学主楼-308,7-9周 星期五 第3节-第5节 南湖南-博学主楼-308,17周 星期三 第3节-第5节 南湖南-博学主楼-308,9周 星期日 第3节-第5节 南湖南-博学主楼-308,11-16周 星期五 第3节-第5节 南湖南-博学主楼-308,1-16周 星期三 第1节-第2节 南湖南-博学主楼-308","XF":5,"SKXQ":5,"XNXQDM":"2024-2025-2","KCM":"大学物理B","JASDM":"0202040308","JXLDM":"020204","JXBID":"20242-11686","SKBJ":"车辆类2409-12","TYXMDM":null,"KCH":"10153113042"},{"KKDWDM":"072","XS":80,"BYBZ":"0","JSJC":2,"XXXQDM":"02","KXH":"44","KSJC":1,"XKZRS":140,"SKZC":"000000001000000000000000000000","SKJS":"秦品权","ISTK":0,"ZCMC":"9周","YPSJDD":"11-16周 星期五 第1节-第2节 南湖南-博学主楼-308,7-9周 星期五 第1节-第2节 南湖南-博学主楼-308,17周 星期三 第1节-第2节 南湖南-博学主楼-308,1-5周 星期五 第1节-第2节 南湖南-博学主楼-308,9周 星期日 第1节-第2节 南湖南-博学主楼-308,1-16周 星期三 第3节-第5节 南湖南-博学主楼-308","XF":5,"SKXQ":7,"XNXQDM":"2024-2025-2","KCM":"大学物理B","JASDM":"0202040308","JXLDM":"020204","JXBID":"20242-11689","SKBJ":"自动化类2409-12","TYXMDM":null,"KCH":"10153113042"},{"KKDWDM":"072","XS":80,"BYBZ":"0","JSJC":5,"XXXQDM":"02","KXH":"42","KSJC":3,"XKZRS":140,"SKZC":"000000001000000000000000000000","SKJS":"秦品权","ISTK":0,"ZCMC":"9周","YPSJDD":"1-5周 星期五 第3节-第5节 南湖南-博学主楼-308,7-9周 星期五 第3节-第5节 南湖南-博学主楼-308,17周 星期三 第3节-第5节 南湖南-博学主楼-308,9周 星期日 第3节-第5节 南湖南-博学主楼-308,11-16周 星期五 第3节-第5节 南湖南-博学主楼-308,1-16周 星期三 第1节-第2节 南湖南-博学主楼-308","XF":5,"SKXQ":7,"XNXQDM":"2024-2025-2","KCM":"大学物理B","JASDM":"0202040308","JXLDM":"020204","JXBID":"20242-11686","SKBJ":"车辆类2409-12","TYXMDM":null,"KCH":"10153113042"},{"KKDWDM":"013","XS":64,"BYBZ":"0","JSJC":10,"XXXQDM":"02","KXH":"04","KSJC":9,"XKZRS":139,"SKZC":"000000001000000000000000","SKJS":"刘红丽","ISTK":0,"ZCMC":"9周","YPSJDD":"1-10周,12-14周 星期一 第1节-第2节 南湖南-博学主楼-308,1-5周,7-9周,11-15周 星期五 第9节-第10节 南湖南-博学主楼-308,9周 星期日 第9节-第10节 南湖南-博学主楼-308","XF":4,"SKXQ":7,"XNXQDM":"2024-2025-2","KCM":"电工与电子技术基础B","JASDM":"0202040308","JXLDM":"020204","JXBID":"20242-05497","SKBJ":"能源2301-03,能源zy2301","TYXMDM":null,"KCH":"10133121096"},{"KKDWDM":"072","XS":80,"BYBZ":"0","JSJC":5,"XXXQDM":"02","KXH":"24","KSJC":3,"XKZRS":128,"SKZC":"000000000011111110000000000000","SKJS":"柯亚娇","ISTK":0,"ZCMC":"11-17周","YPSJDD":"1-9周 星期四 第3节-第5节 南湖南-博学主楼-308,1-16周 星期二 第1节-第2节 南湖南-博学主楼-308,11-17周 星期四 第3节-第5节 南湖南-博学主楼-308","XF":5,"SKXQ":4,"XNXQDM":"2024-2025-2","KCM":"大学物理B","JASDM":"0202040308","JXLDM":"020204","JXBID":"20242-11682","SKBJ":"材料类2408-11","TYXMDM":null,"KCH":"10153113042"},{"KKDWDM":"072","XS":80,"BYBZ":"0","JSJC":2,"XXXQDM":"02","KXH":"33","KSJC":1,"XKZRS":140,"SKZC":"000000000011111110000000000000","SKJS":"汪礼胜","ISTK":0,"ZCMC":"11-17周","YPSJDD":"1-9周 星期四 第1节-第2节 南湖南-博学主楼-308,11-17周 星期四 第1节-第2节 南湖南-博学主楼-308,1-16周 星期二 第3节-第5节 南湖南-博学主楼-308","XF":5,"SKXQ":4,"XNXQDM":"2024-2025-2","KCM":"大学物理B","JASDM":"0202040308","JXLDM":"020204","JXBID":"20242-11671","SKBJ":"电信类2409-12","TYXMDM":null,"KCH":"10153113042"},{"KKDWDM":"072","XS":80,"BYBZ":"0","JSJC":2,"XXXQDM":"02","KXH":"44","KSJC":1,"XKZRS":140,"SKZC":"000000000011111100000000000000","SKJS":"秦品权","ISTK":0,"ZCMC":"11-16周","YPSJDD":"11-16周 星期五 第1节-第2节 南湖南-博学主楼-308,7-9周 星期五 第1节-第2节 南湖南-博学主楼-308,17周 星期三 第1节-第2节 南湖南-博学主楼-308,1-5周 星期五 第1节-第2节 南湖南-博学主楼-308,9周 星期日 第1节-第2节 南湖南-博学主楼-308,1-16周 星期三 第3节-第5节 南湖南-博学主楼-308","XF":5,"SKXQ":5,"XNXQDM":"2024-2025-2","KCM":"大学物理B","JASDM":"0202040308","JXLDM":"020204","JXBID":"20242-11689","SKBJ":"自动化类2409-12","TYXMDM":null,"KCH":"10153113042"},{"KKDWDM":"072","XS":80,"BYBZ":"0","JSJC":5,"XXXQDM":"02","KXH":"42","KSJC":3,"XKZRS":140,"SKZC":"000000000011111100000000000000","SKJS":"秦品权","ISTK":0,"ZCMC":"11-16周","YPSJDD":"1-5周 星期五 第3节-第5节 南湖南-博学主楼-308,7-9周 星期五 第3节-第5节 南湖南-博学主楼-308,17周 星期三 第3节-第5节 南湖南-博学主楼-308,9周 星期日 第3节-第5节 南湖南-博学主楼-308,11-16周 星期五 第3节-第5节 南湖南-博学主楼-308,1-16周 星期三 第1节-第2节 南湖南-博学主楼-308","XF":5,"SKXQ":5,"XNXQDM":"2024-2025-2","KCM":"大学物理B","JASDM":"0202040308","JXLDM":"020204","JXBID":"20242-11686","SKBJ":"车辆类2409-12","TYXMDM":null,"KCH":"10153113042"},{"KKDWDM":"017","XS":48,"BYBZ":"0","JSJC":4,"XXXQDM":"02","KXH":"02","KSJC":3,"XKZRS":120,"SKZC":"000000000000010100000000","SKJS":"黄英辉","ISTK":0,"ZCMC":"14-16周(双)","YPSJDD":"14-16周(双) 星期一 第3节-第4节 南湖南-博学主楼-308,1-10周,12-13周 星期一 第3节-第5节 南湖南-博学主楼-308","XF":3,"SKXQ":1,"XNXQDM":"2024-2025-2","KCM":"系统分析与设计C","JASDM":"0202040308","JXLDM":"020204","JXBID":"20242-03400","SKBJ":"信管2201-03","TYXMDM":null,"KCH":"10174121132"},{"KKDWDM":"072","XS":80,"BYBZ":"0","JSJC":2,"XXXQDM":"02","KXH":"44","KSJC":1,"XKZRS":140,"SKZC":"000000000000000010000000000000","SKJS":"秦品权","ISTK":0,"ZCMC":"17周","YPSJDD":"11-16周 星期五 第1节-第2节 南湖南-博学主楼-308,7-9周 星期五 第1节-第2节 南湖南-博学主楼-308,17周 星期三 第1节-第2节 南湖南-博学主楼-308,1-5周 星期五 第1节-第2节 南湖南-博学主楼-308,9周 星期日 第1节-第2节 南湖南-博学主楼-308,1-16周 星期三 第3节-第5节 南湖南-博学主楼-308","XF":5,"SKXQ":3,"XNXQDM":"2024-2025-2","KCM":"大学物理B","JASDM":"0202040308","JXLDM":"020204","JXBID":"20242-11689","SKBJ":"自动化类2409-12","TYXMDM":null,"KCH":"10153113042"},{"KKDWDM":"072","XS":80,"BYBZ":"0","JSJC":5,"XXXQDM":"02","KXH":"42","KSJC":3,"XKZRS":140,"SKZC":"000000000000000010000000000000","SKJS":"秦品权","ISTK":0,"ZCMC":"17周","YPSJDD":"1-5周 星期五 第3节-第5节 南湖南-博学主楼-308,7-9周 星期五 第3节-第5节 南湖南-博学主楼-308,17周 星期三 第3节-第5节 南湖南-博学主楼-308,9周 星期日 第3节-第5节 南湖南-博学主楼-308,11-16周 星期五 第3节-第5节 南湖南-博学主楼-308,1-16周 星期三 第1节-第2节 南湖南-博学主楼-308","XF":5,"SKXQ":3,"XNXQDM":"2024-2025-2","KCM":"大学物理B","JASDM":"0202040308","JXLDM":"020204","JXBID":"20242-11686","SKBJ":"车辆类2409-12","TYXMDM":null,"KCH":"10153113042"}]}},"code":"0"}