{"datas":{"jaskcb":{"extParams":{"code":1,"msg":"查询成功"},"pageSize":0,"pageNumber":0,"totalSize":-1,"rows":[{"KKDWDM":"071","XS":32,"BYBZ":"0","JSJC":2,"XXXQDM":"02","KXH":"01","KSJC":1,"XKZRS":90,"SKZC":"1111111111111111","SKJS":"谈增强","ISTK":0,"ZCMC":"1-16周","YPSJDD":"1-16周 星期二 第1节-第2节 南湖南-博学西楼-306","XF":2,"SKXQ":2,"XNXQDM":"2024-2025-2","KCM":"数值计算","JASDM":"0202030306","JXLDM":"020203","JXBID":"20242-05233","SKBJ":"安全2301-02","TYXMDM":null,"KCH":"10153116002"},{"KKDWDM":"017","XS":40,"BYBZ":"0","JSJC":5,"XXXQDM":"02","KXH":"02","KSJC":3,"XKZRS":67,"SKZC":"111111111111000000000000","SKJS":"卢少华","ISTK":0,"ZCMC":"1-12周","YPSJDD":"13-14周 星期三 第3节-第4节 南湖南-博学西楼-306,1-12周 星期三 第3节-第5节 南湖南-博学西楼-306","XF":2,"SKXQ":3,"XNXQDM":"2024-2025-2","KCM":"管理心理与行为B","JASDM":"0202030306","JXLDM":"020203","JXBID":"20242-04433","SKBJ":"工商2301-02","TYXMDM":null,"KCH":"10174121117"},{"KKDWDM":"009","XS":24,"BYBZ":"0","JSJC":2,"XXXQDM":"02","KXH":"01","KSJC":1,"XKZRS":71,"SKZC":"11111111111100000000","SKJS":"梅运彬","ISTK":0,"ZCMC":"1-12周","YPSJDD":"1-12周 星期三 第1节-第2节 南湖南-博学西楼-306","XF":1,"SKXQ":3,"XNXQDM":"2024-2025-2","KCM":"城市社会学","JASDM":"0202030306","JXLDM":"020203","JXBID":"20242-03315","SKBJ":"城规2101,建筑学2201-02","TYXMDM":null,"KCH":"10094115009"},{"KKDWDM":"022","XS":48,"BYBZ":"0","JSJC":5,"XXXQDM":"02","KXH":"01","KSJC":3,"XKZRS":66,"SKZC":"111111111100000000000000000000","SKJS":"张弛","ISTK":0,"ZCMC":"1-10周","YPSJDD":"12-14周 星期一 第3节-第5节 南湖南-博学西楼-306,17周 星期二 第3节-第5节 南湖南-博学西楼-306,16-17周 星期一 第3节-第5节 南湖南-博学西楼-306,1-10周 星期一 第3节-第5节 南湖南-博学西楼-306","XF":3,"SKXQ":1,"XNXQDM":"2024-2025-2","KCM":"网络与新媒体概论","JASDM":"0202030306","JXLDM":"020203","JXBID":"20242-06444","SKBJ":"新闻类2404-05","TYXMDM":null,"KCH":"10224121092"},{"KKDWDM":"021","XS":42,"BYBZ":"0","JSJC":8,"XXXQDM":"02","KXH":"05","KSJC":6,"XKZRS":85,"SKZC":"111111111100000000000000000000","SKJS":"夏建华","ISTK":0,"ZCMC":"1-10周","YPSJDD":"1-10周 星期一 第6节-第8节 南湖南-博学西楼-306,16周 星期一 第6节-第8节 南湖南-博学西楼-306,12-14周 星期一 第6节-第8节 南湖南-博学西楼-306","XF":2,"SKXQ":1,"XNXQDM":"2024-2025-2","KCM":"马克思主义基本原理","JASDM":"0202030306","JXLDM":"020203","JXBID":"20242-12163","SKBJ":"能源2301-03","TYXMDM":null,"KCH":"10211117035"},{"KKDWDM":"072","XS":64,"BYBZ":"0","JSJC":2,"XXXQDM":"02","KXH":"14","KSJC":1,"XKZRS":71,"SKZC":"111111111100000000000000000000","SKJS":"邹建华","ISTK":0,"ZCMC":"1-10周","YPSJDD":"1-10周 星期一 第1节-第2节 南湖南-博学西楼-306,16-17周 星期一 第1节-第2节 南湖南-博学西楼-306,12-14周 星期一 第1节-第2节 南湖南-博学西楼-306,11-16周 星期四 第3节-第4节 南湖南-博学西楼-306,1-9周 星期四 第3节-第4节 南湖南-博学西楼-306","XF":4,"SKXQ":1,"XNXQDM":"2024-2025-2","KCM":"材料力学C","JASDM":"0202030306","JXLDM":"020203","JXBID":"20242-10766","SKBJ":"机械2303-04","TYXMDM":null,"KCH":"10154111009"},{"KKDWDM":"022","XS":48,"BYBZ":"0","JSJC":5,"XXXQDM":"02","KXH":"01","KSJC":3,"XKZRS":28,"SKZC":"111111111100000000000000","SKJS":"占莉娟,朱晓婉","ISTK":0,"ZCMC":"1-10周","YPSJDD":"11周 星期二 第3节-第4节 南湖南-博学西楼-306,1-10周 星期二 第3节-第5节 南湖南-博学西楼-306","XF":3,"SKXQ":2,"XNXQDM":"2024-2025-2","KCM":"新媒体编辑","JASDM":"0202030306","JXLDM":"020203","JXBID":"20242-04520","SKBJ":"新媒体2301-02","TYXMDM":null,"KCH":"10224221151"},{"KKDWDM":"072","XS":64,"BYBZ":"0","JSJC":4,"XXXQDM":"02","KXH":"14","KSJC":3,"XKZRS":71,"SKZC":"111111111000000000000000000000","SKJS":"邹建华","ISTK":0,"ZCMC":"1-9周","YPSJDD":"1-10周 星期一 第1节-第2节 南湖南-博学西楼-306,16-17周 星期一 第1节-第2节 南湖南-博学西楼-306,12-14周 星期一 第1节-第2节 南湖南-博学西楼-306,11-16周 星期四 第3节-第4节 南湖南-博学西楼-306,1-9周 星期四 第3节-第4节 南湖南-博学西楼-306","XF":4,"SKXQ":4,"XNXQDM":"2024-2025-2","KCM":"材料力学C","JASDM":"0202030306","JXLDM":"020203","JXBID":"20242-10766","SKBJ":"机械2303-04","TYXMDM":null,"KCH":"10154111009"},{"KKDWDM":"018","XS":40,"BYBZ":"0","JSJC":8,"XXXQDM":"02","KXH":"01","KSJC":6,"XKZRS":57,"SKZC":"111111000000000000000000000000","SKJS":"石丹","ISTK":0,"ZCMC":"1-6周","YPSJDD":"1-5周 星期五 第1节-第2节 南湖南-博学西楼-306,8周 星期五 第1节-第2节 南湖南-博学西楼-306,7周 星期五 第1节-第2节 南湖南-博学西楼-306,1-6周 星期三 第6节-第8节 南湖南-博学西楼-306,7周 星期三 第6节-第7节 南湖南-博学西楼-306","XF":2,"SKXQ":3,"XNXQDM":"2024-2025-2","KCM":"金融工程学A","JASDM":"0202030306","JXLDM":"020203","JXBID":"20242-03680","SKBJ":"金融kj2201,金融sy2201","TYXMDM":null,"KCH":"10184111012"},{"KKDWDM":"022","XS":48,"BYBZ":"0","JSJC":5,"XXXQDM":"02","KXH":"02","KSJC":3,"XKZRS":69,"SKZC":"111110000000000000000000000000","SKJS":"李娜,黄箐","ISTK":0,"ZCMC":"1-5周","YPSJDD":"17周 星期三 第3节-第5节 南湖南-博学西楼-306,9周 星期日 第3节-第5节 南湖南-博学西楼-306,7-9周 星期五 第3节-第5节 南湖南-博学西楼-306,11-16周 星期五 第3节-第5节 南湖南-博学西楼-306,1-5周 星期五 第3节-第5节 南湖南-博学西楼-306","XF":3,"SKXQ":5,"XNXQDM":"2024-2025-2","KCM":"广告学概论A","JASDM":"0202030306","JXLDM":"020203","JXBID":"20242-12504","SKBJ":"新闻类2404-05","TYXMDM":null,"KCH":"10225112022"},{"KKDWDM":"018","XS":40,"BYBZ":"0","JSJC":2,"XXXQDM":"02","KXH":"01","KSJC":1,"XKZRS":57,"SKZC":"111110000000000000000000000000","SKJS":"石丹","ISTK":0,"ZCMC":"1-5周","YPSJDD":"1-5周 星期五 第1节-第2节 南湖南-博学西楼-306,8周 星期五 第1节-第2节 南湖南-博学西楼-306,7周 星期五 第1节-第2节 南湖南-博学西楼-306,1-6周 星期三 第6节-第8节 南湖南-博学西楼-306,7周 星期三 第6节-第7节 南湖南-博学西楼-306","XF":2,"SKXQ":5,"XNXQDM":"2024-2025-2","KCM":"金融工程学A","JASDM":"0202030306","JXLDM":"020203","JXBID":"20242-03680","SKBJ":"金融kj2201,金融sy2201","TYXMDM":null,"KCH":"10184111012"},{"KKDWDM":"022","XS":48,"BYBZ":"0","JSJC":5,"XXXQDM":"02","KXH":"02","KSJC":3,"XKZRS":69,"SKZC":"000000111000000000000000000000","SKJS":"李娜,黄箐","ISTK":0,"ZCMC":"7-9周","YPSJDD":"17周 星期三 第3节-第5节 南湖南-博学西楼-306,9周 星期日 第3节-第5节 南湖南-博学西楼-306,7-9周 星期五 第3节-第5节 南湖南-博学西楼-306,11-16周 星期五 第3节-第5节 南湖南-博学西楼-306,1-5周 星期五 第3节-第5节 南湖南-博学西楼-306","XF":3,"SKXQ":5,"XNXQDM":"2024-2025-2","KCM":"广告学概论A","JASDM":"0202030306","JXLDM":"020203","JXBID":"20242-12504","SKBJ":"新闻类2404-05","TYXMDM":null,"KCH":"10225112022"},{"KKDWDM":"018","XS":40,"BYBZ":"0","JSJC":7,"XXXQDM":"02","KXH":"01","KSJC":6,"XKZRS":57,"SKZC":"000000100000000000000000000000","SKJS":"石丹","ISTK":0,"ZCMC":"7周","YPSJDD":"1-5周 星期五 第1节-第2节 南湖南-博学西楼-306,8周 星期五 第1节-第2节 南湖南-博学西楼-306,7周 星期五 第1节-第2节 南湖南-博学西楼-306,1-6周 星期三 第6节-第8节 南湖南-博学西楼-306,7周 星期三 第6节-第7节 南湖南-博学西楼-306","XF":2,"SKXQ":3,"XNXQDM":"2024-2025-2","KCM":"金融工程学A","JASDM":"0202030306","JXLDM":"020203","JXBID":"20242-03680","SKBJ":"金融kj2201,金融sy2201","TYXMDM":null,"KCH":"10184111012"},{"KKDWDM":"018","XS":40,"BYBZ":"0","JSJC":2,"XXXQDM":"02","KXH":"01","KSJC":1,"XKZRS":57,"SKZC":"000000100000000000000000000000","SKJS":"石丹","ISTK":0,"ZCMC":"7周","YPSJDD":"1-5周 星期五 第1节-第2节 南湖南-博学西楼-306,8周 星期五 第1节-第2节 南湖南-博学西楼-306,7周 星期五 第1节-第2节 南湖南-博学西楼-306,1-6周 星期三 第6节-第8节 南湖南-博学西楼-306,7周 星期三 第6节-第7节 南湖南-博学西楼-306","XF":2,"SKXQ":5,"XNXQDM":"2024-2025-2","KCM":"金融工程学A","JASDM":"0202030306","JXLDM":"020203","JXBID":"20242-03680","SKBJ":"金融kj2201,金融sy2201","TYXMDM":null,"KCH":"10184111012"},{"KKDWDM":"018","XS":40,"BYBZ":"0","JSJC":2,"XXXQDM":"02","KXH":"01","KSJC":1,"XKZRS":57,"SKZC":"000000010000000000000000000000","SKJS":"石丹","ISTK":0,"ZCMC":"8周","YPSJDD":"1-5周 星期五 第1节-第2节 南湖南-博学西楼-306,8周 星期五 第1节-第2节 南湖南-博学西楼-306,7周 星期五 第1节-第2节 南湖南-博学西楼-306,1-6周 星期三 第6节-第8节 南湖南-博学西楼-306,7周 星期三 第6节-第7节 南湖南-博学西楼-306","XF":2,"SKXQ":5,"XNXQDM":"2024-2025-2","KCM":"金融工程学A","JASDM":"0202030306","JXLDM":"020203","JXBID":"20242-03680","SKBJ":"金融kj2201,金融sy2201","TYXMDM":null,"KCH":"10184111012"},{"KKDWDM":"022","XS":48,"BYBZ":"0","JSJC":5,"XXXQDM":"02","KXH":"02","KSJC":3,"XKZRS":69,"SKZC":"000000001000000000000000000000","SKJS":"李娜,黄箐","ISTK":0,"ZCMC":"9周","YPSJDD":"17周 星期三 第3节-第5节 南湖南-博学西楼-306,9周 星期日 第3节-第5节 南湖南-博学西楼-306,7-9周 星期五 第3节-第5节 南湖南-博学西楼-306,11-16周 星期五 第3节-第5节 南湖南-博学西楼-306,1-5周 星期五 第3节-第5节 南湖南-博学西楼-306","XF":3,"SKXQ":7,"XNXQDM":"2024-2025-2","KCM":"广告学概论A","JASDM":"0202030306","JXLDM":"020203","JXBID":"20242-12504","SKBJ":"新闻类2404-05","TYXMDM":null,"KCH":"10225112022"},{"KKDWDM":"022","XS":48,"BYBZ":"0","JSJC":5,"XXXQDM":"02","KXH":"02","KSJC":3,"XKZRS":69,"SKZC":"000000000011111100000000000000","SKJS":"李娜,黄箐","ISTK":0,"ZCMC":"11-16周","YPSJDD":"17周 星期三 第3节-第5节 南湖南-博学西楼-306,9周 星期日 第3节-第5节 南湖南-博学西楼-306,7-9周 星期五 第3节-第5节 南湖南-博学西楼-306,11-16周 星期五 第3节-第5节 南湖南-博学西楼-306,1-5周 星期五 第3节-第5节 南湖南-博学西楼-306","XF":3,"SKXQ":5,"XNXQDM":"2024-2025-2","KCM":"广告学概论A","JASDM":"0202030306","JXLDM":"020203","JXBID":"20242-12504","SKBJ":"新闻类2404-05","TYXMDM":null,"KCH":"10225112022"},{"KKDWDM":"072","XS":64,"BYBZ":"0","JSJC":4,"XXXQDM":"02","KXH":"14","KSJC":3,"XKZRS":71,"SKZC":"000000000011111100000000000000","SKJS":"邹建华","ISTK":0,"ZCMC":"11-16周","YPSJDD":"1-10周 星期一 第1节-第2节 南湖南-博学西楼-306,16-17周 星期一 第1节-第2节 南湖南-博学西楼-306,12-14周 星期一 第1节-第2节 南湖南-博学西楼-306,11-16周 星期四 第3节-第4节 南湖南-博学西楼-306,1-9周 星期四 第3节-第4节 南湖南-博学西楼-306","XF":4,"SKXQ":4,"XNXQDM":"2024-2025-2","KCM":"材料力学C","JASDM":"0202030306","JXLDM":"020203","JXBID":"20242-10766","SKBJ":"机械2303-04","TYXMDM":null,"KCH":"10154111009"},{"KKDWDM":"022","XS":48,"BYBZ":"0","JSJC":4,"XXXQDM":"02","KXH":"01","KSJC":3,"XKZRS":28,"SKZC":"000000000010000000000000","SKJS":"占莉娟,朱晓婉","ISTK":0,"ZCMC":"11周","YPSJDD":"11周 星期二 第3节-第4节 南湖南-博学西楼-306,1-10周 星期二 第3节-第5节 南湖南-博学西楼-306","XF":3,"SKXQ":2,"XNXQDM":"2024-2025-2","KCM":"新媒体编辑","JASDM":"0202030306","JXLDM":"020203","JXBID":"20242-04520","SKBJ":"新媒体2301-02","TYXMDM":null,"KCH":"10224221151"},{"KKDWDM":"022","XS":48,"BYBZ":"0","JSJC":5,"XXXQDM":"02","KXH":"01","KSJC":3,"XKZRS":66,"SKZC":"000000000001110000000000000000","SKJS":"张弛","ISTK":0,"ZCMC":"12-14周","YPSJDD":"12-14周 星期一 第3节-第5节 南湖南-博学西楼-306,17周 星期二 第3节-第5节 南湖南-博学西楼-306,16-17周 星期一 第3节-第5节 南湖南-博学西楼-306,1-10周 星期一 第3节-第5节 南湖南-博学西楼-306","XF":3,"SKXQ":1,"XNXQDM":"2024-2025-2","KCM":"网络与新媒体概论","JASDM":"0202030306","JXLDM":"020203","JXBID":"20242-06444","SKBJ":"新闻类2404-05","TYXMDM":null,"KCH":"10224121092"},{"KKDWDM":"021","XS":42,"BYBZ":"0","JSJC":8,"XXXQDM":"02","KXH":"05","KSJC":6,"XKZRS":85,"SKZC":"000000000001110000000000000000","SKJS":"夏建华","ISTK":0,"ZCMC":"12-14周","YPSJDD":"1-10周 星期一 第6节-第8节 南湖南-博学西楼-306,16周 星期一 第6节-第8节 南湖南-博学西楼-306,12-14周 星期一 第6节-第8节 南湖南-博学西楼-306","XF":2,"SKXQ":1,"XNXQDM":"2024-2025-2","KCM":"马克思主义基本原理","JASDM":"0202030306","JXLDM":"020203","JXBID":"20242-12163","SKBJ":"能源2301-03","TYXMDM":null,"KCH":"10211117035"},{"KKDWDM":"072","XS":64,"BYBZ":"0","JSJC":2,"XXXQDM":"02","KXH":"14","KSJC":1,"XKZRS":71,"SKZC":"000000000001110000000000000000","SKJS":"邹建华","ISTK":0,"ZCMC":"12-14周","YPSJDD":"1-10周 星期一 第1节-第2节 南湖南-博学西楼-306,16-17周 星期一 第1节-第2节 南湖南-博学西楼-306,12-14周 星期一 第1节-第2节 南湖南-博学西楼-306,11-16周 星期四 第3节-第4节 南湖南-博学西楼-306,1-9周 星期四 第3节-第4节 南湖南-博学西楼-306","XF":4,"SKXQ":1,"XNXQDM":"2024-2025-2","KCM":"材料力学C","JASDM":"0202030306","JXLDM":"020203","JXBID":"20242-10766","SKBJ":"机械2303-04","TYXMDM":null,"KCH":"10154111009"},{"KKDWDM":"017","XS":40,"BYBZ":"0","JSJC":4,"XXXQDM":"02","KXH":"02","KSJC":3,"XKZRS":67,"SKZC":"000000000000110000000000","SKJS":"卢少华","ISTK":0,"ZCMC":"13-14周","YPSJDD":"13-14周 星期三 第3节-第4节 南湖南-博学西楼-306,1-12周 星期三 第3节-第5节 南湖南-博学西楼-306","XF":2,"SKXQ":3,"XNXQDM":"2024-2025-2","KCM":"管理心理与行为B","JASDM":"0202030306","JXLDM":"020203","JXBID":"20242-04433","SKBJ":"工商2301-02","TYXMDM":null,"KCH":"10174121117"},{"KKDWDM":"022","XS":48,"BYBZ":"0","JSJC":5,"XXXQDM":"02","KXH":"01","KSJC":3,"XKZRS":66,"SKZC":"000000000000000110000000000000","SKJS":"张弛","ISTK":0,"ZCMC":"16-17周","YPSJDD":"12-14周 星期一 第3节-第5节 南湖南-博学西楼-306,17周 星期二 第3节-第5节 南湖南-博学西楼-306,16-17周 星期一 第3节-第5节 南湖南-博学西楼-306,1-10周 星期一 第3节-第5节 南湖南-博学西楼-306","XF":3,"SKXQ":1,"XNXQDM":"2024-2025-2","KCM":"网络与新媒体概论","JASDM":"0202030306","JXLDM":"020203","JXBID":"20242-06444","SKBJ":"新闻类2404-05","TYXMDM":null,"KCH":"10224121092"},{"KKDWDM":"072","XS":64,"BYBZ":"0","JSJC":2,"XXXQDM":"02","KXH":"14","KSJC":1,"XKZRS":71,"SKZC":"000000000000000110000000000000","SKJS":"邹建华","ISTK":0,"ZCMC":"16-17周","YPSJDD":"1-10周 星期一 第1节-第2节 南湖南-博学西楼-306,16-17周 星期一 第1节-第2节 南湖南-博学西楼-306,12-14周 星期一 第1节-第2节 南湖南-博学西楼-306,11-16周 星期四 第3节-第4节 南湖南-博学西楼-306,1-9周 星期四 第3节-第4节 南湖南-博学西楼-306","XF":4,"SKXQ":1,"XNXQDM":"2024-2025-2","KCM":"材料力学C","JASDM":"0202030306","JXLDM":"020203","JXBID":"20242-10766","SKBJ":"机械2303-04","TYXMDM":null,"KCH":"10154111009"},{"KKDWDM":"021","XS":42,"BYBZ":"0","JSJC":8,"XXXQDM":"02","KXH":"05","KSJC":6,"XKZRS":85,"SKZC":"000000000000000100000000000000","SKJS":"夏建华","ISTK":0,"ZCMC":"16周","YPSJDD":"1-10周 星期一 第6节-第8节 南湖南-博学西楼-306,16周 星期一 第6节-第8节 南湖南-博学西楼-306,12-14周 星期一 第6节-第8节 南湖南-博学西楼-306","XF":2,"SKXQ":1,"XNXQDM":"2024-2025-2","KCM":"马克思主义基本原理","JASDM":"0202030306","JXLDM":"020203","JXBID":"20242-12163","SKBJ":"能源2301-03","TYXMDM":null,"KCH":"10211117035"},{"KKDWDM":"022","XS":48,"BYBZ":"0","JSJC":5,"XXXQDM":"02","KXH":"01","KSJC":3,"XKZRS":66,"SKZC":"000000000000000010000000000000","SKJS":"张弛","ISTK":0,"ZCMC":"17周","YPSJDD":"12-14周 星期一 第3节-第5节 南湖南-博学西楼-306,17周 星期二 第3节-第5节 南湖南-博学西楼-306,16-17周 星期一 第3节-第5节 南湖南-博学西楼-306,1-10周 星期一 第3节-第5节 南湖南-博学西楼-306","XF":3,"SKXQ":2,"XNXQDM":"2024-2025-2","KCM":"网络与新媒体概论","JASDM":"0202030306","JXLDM":"020203","JXBID":"20242-06444","SKBJ":"新闻类2404-05","TYXMDM":null,"KCH":"10224121092"},{"KKDWDM":"022","XS":48,"BYBZ":"0","JSJC":5,"XXXQDM":"02","KXH":"02","KSJC":3,"XKZRS":69,"SKZC":"000000000000000010000000000000","SKJS":"李娜,黄箐","ISTK":0,"ZCMC":"17周","YPSJDD":"17周 星期三 第3节-第5节 南湖南-博学西楼-306,9周 星期日 第3节-第5节 南湖南-博学西楼-306,7-9周 星期五 第3节-第5节 南湖南-博学西楼-306,11-16周 星期五 第3节-第5节 南湖南-博学西楼-306,1-5周 星期五 第3节-第5节 南湖南-博学西楼-306","XF":3,"SKXQ":3,"XNXQDM":"2024-2025-2","KCM":"广告学概论A","JASDM":"0202030306","JXLDM":"020203","JXBID":"20242-12504","SKBJ":"新闻类2404-05","TYXMDM":null,"KCH":"10225112022"}]}},"code":"0"}