{"datas":{"jaskcb":{"extParams":{"code":1,"msg":"查询成功"},"pageSize":0,"pageNumber":0,"totalSize":-1,"rows":[{"KKDWDM":"012","XS":32,"BYBZ":"0","JSJC":5,"XXXQDM":"02","KXH":"15","KSJC":3,"XKZRS":97,"SKZC":"000011111111111","SKJS":"汪祥莉","ISTK":0,"ZCMC":"5-15周","YPSJDD":"5-15周 星期二 第3节-第5节 南湖南-博学东楼-506","XF":1,"SKXQ":2,"XNXQDM":"2024-2025-2","KCM":"计算机基础与Python程序设计综合实验A","JASDM":"0202020506","JXLDM":"020202","JXBID":"20242-11773","SKBJ":"材料类2413-15","TYXMDM":null,"KCH":"10121221090"},{"KKDWDM":"012","XS":32,"BYBZ":"0","JSJC":8,"XXXQDM":"02","KXH":"05","KSJC":6,"XKZRS":97,"SKZC":"000011111111111","SKJS":"向东","ISTK":0,"ZCMC":"5-15周","YPSJDD":"5-15周 星期三 第6节-第8节 南湖南-博学东楼-506","XF":1,"SKXQ":3,"XNXQDM":"2024-2025-2","KCM":"计算机基础与Python程序设计综合实验B","JASDM":"0202020506","JXLDM":"020202","JXBID":"20242-06526","SKBJ":"经济学类2404-06","TYXMDM":null,"KCH":"10121221089"},{"KKDWDM":"012","XS":32,"BYBZ":"0","JSJC":5,"XXXQDM":"02","KXH":"19","KSJC":3,"XKZRS":91,"SKZC":"000011111111111","SKJS":"周银良","ISTK":0,"ZCMC":"5-15周","YPSJDD":"5-15周 星期三 第3节-第5节 南湖南-博学东楼-506","XF":1,"SKXQ":3,"XNXQDM":"2024-2025-2","KCM":"计算机基础与Python程序设计综合实验B","JASDM":"0202020506","JXLDM":"020202","JXBID":"20242-12115","SKBJ":"经济学类2401-03","TYXMDM":null,"KCH":"10121221089"},{"KKDWDM":"012","XS":32,"BYBZ":"0","JSJC":8,"XXXQDM":"02","KXH":"06","KSJC":6,"XKZRS":125,"SKZC":"000011111111111","SKJS":"李民","ISTK":0,"ZCMC":"5-15周","YPSJDD":"5-15周 星期二 第6节-第8节 南湖南-博学东楼-506","XF":1,"SKXQ":2,"XNXQDM":"2024-2025-2","KCM":"计算机基础与C程序设计综合实验A","JASDM":"0202020506","JXLDM":"020202","JXBID":"20242-11789","SKBJ":"自动化类2407-09","TYXMDM":null,"KCH":"10121221092"},{"KKDWDM":"012","XS":32,"BYBZ":"0","JSJC":5,"XXXQDM":"02","KXH":"09","KSJC":3,"XKZRS":116,"SKZC":"000011111100000000000000000000","SKJS":"吕曦","ISTK":0,"ZCMC":"5-10周","YPSJDD":"5-10周 星期一 第3节-第5节 南湖南-博学东楼-506,16-17周 星期一 第3节-第5节 南湖南-博学东楼-506,12-14周 星期一 第3节-第5节 南湖南-博学东楼-506","XF":1,"SKXQ":1,"XNXQDM":"2024-2025-2","KCM":"计算机基础与Python程序设计综合实验A","JASDM":"0202020506","JXLDM":"020202","JXBID":"20242-11767","SKBJ":"材料类2401-03","TYXMDM":null,"KCH":"10121221090"},{"KKDWDM":"012","XS":32,"BYBZ":"0","JSJC":8,"XXXQDM":"02","KXH":"14","KSJC":6,"XKZRS":77,"SKZC":"000011111100000000000000000000","SKJS":"陈明俊","ISTK":0,"ZCMC":"5-10周","YPSJDD":"5-10周 星期一 第6节-第8节 南湖南-博学东楼-506,16-17周 星期一 第6节-第8节 南湖南-博学东楼-506,12-14周 星期一 第6节-第8节 南湖南-博学东楼-506","XF":1,"SKXQ":1,"XNXQDM":"2024-2025-2","KCM":"计算机基础与Python程序设计综合实验A","JASDM":"0202020506","JXLDM":"020202","JXBID":"20242-11772","SKBJ":"材料类2410-12","TYXMDM":null,"KCH":"10121221090"},{"KKDWDM":"012","XS":32,"BYBZ":"0","JSJC":5,"XXXQDM":"02","KXH":"08","KSJC":3,"XKZRS":97,"SKZC":"000001111000000000000000000000","SKJS":"向东","ISTK":0,"ZCMC":"6-9周","YPSJDD":"6-9周 星期四 第3节-第5节 南湖南-博学东楼-506,11-16周 星期四 第3节-第5节 南湖南-博学东楼-506,17周 星期四 第3节-第5节 南湖南-博学东楼-506","XF":1,"SKXQ":4,"XNXQDM":"2024-2025-2","KCM":"计算机基础与Python程序设计综合实验B","JASDM":"0202020506","JXLDM":"020202","JXBID":"20242-11952","SKBJ":"法学类2404-06","TYXMDM":null,"KCH":"10121221089"},{"KKDWDM":"012","XS":32,"BYBZ":"0","JSJC":5,"XXXQDM":"02","KXH":"18","KSJC":3,"XKZRS":93,"SKZC":"000000111000000000000000000000","SKJS":"周银良","ISTK":0,"ZCMC":"7-9周","YPSJDD":"7-9周 星期五 第3节-第5节 南湖南-博学东楼-506,9周 星期日 第3节-第5节 南湖南-博学东楼-506,11-16周 星期五 第3节-第5节 南湖南-博学东楼-506,17周 星期五 第3节-第5节 南湖南-博学东楼-506","XF":1,"SKXQ":5,"XNXQDM":"2024-2025-2","KCM":"计算机基础与Python程序设计综合实验B","JASDM":"0202020506","JXLDM":"020202","JXBID":"20242-12114","SKBJ":"法学类2401-03","TYXMDM":null,"KCH":"10121221089"},{"KKDWDM":"012","XS":32,"BYBZ":"0","JSJC":8,"XXXQDM":"02","KXH":"03","KSJC":6,"XKZRS":120,"SKZC":"000000111000000000000000000000","SKJS":"吴利军","ISTK":0,"ZCMC":"7-9周","YPSJDD":"11-16周 星期五 第6节-第8节 南湖南-博学东楼-506,7-9周 星期五 第6节-第8节 南湖南-博学东楼-506,17周 星期五 第6节-第8节 南湖南-博学东楼-506,9周 星期日 第6节-第8节 南湖南-博学东楼-506","XF":1,"SKXQ":5,"XNXQDM":"2024-2025-2","KCM":"计算机基础与Python程序设计综合实验B","JASDM":"0202020506","JXLDM":"020202","JXBID":"20242-06424","SKBJ":"政治2401-02,数经sy2401","TYXMDM":null,"KCH":"10121221089"},{"KKDWDM":"012","XS":32,"BYBZ":"0","JSJC":5,"XXXQDM":"02","KXH":"18","KSJC":3,"XKZRS":93,"SKZC":"000000001000000000000000000000","SKJS":"周银良","ISTK":0,"ZCMC":"9周","YPSJDD":"7-9周 星期五 第3节-第5节 南湖南-博学东楼-506,9周 星期日 第3节-第5节 南湖南-博学东楼-506,11-16周 星期五 第3节-第5节 南湖南-博学东楼-506,17周 星期五 第3节-第5节 南湖南-博学东楼-506","XF":1,"SKXQ":7,"XNXQDM":"2024-2025-2","KCM":"计算机基础与Python程序设计综合实验B","JASDM":"0202020506","JXLDM":"020202","JXBID":"20242-12114","SKBJ":"法学类2401-03","TYXMDM":null,"KCH":"10121221089"},{"KKDWDM":"012","XS":32,"BYBZ":"0","JSJC":8,"XXXQDM":"02","KXH":"03","KSJC":6,"XKZRS":120,"SKZC":"000000001000000000000000000000","SKJS":"吴利军","ISTK":0,"ZCMC":"9周","YPSJDD":"11-16周 星期五 第6节-第8节 南湖南-博学东楼-506,7-9周 星期五 第6节-第8节 南湖南-博学东楼-506,17周 星期五 第6节-第8节 南湖南-博学东楼-506,9周 星期日 第6节-第8节 南湖南-博学东楼-506","XF":1,"SKXQ":7,"XNXQDM":"2024-2025-2","KCM":"计算机基础与Python程序设计综合实验B","JASDM":"0202020506","JXLDM":"020202","JXBID":"20242-06424","SKBJ":"政治2401-02,数经sy2401","TYXMDM":null,"KCH":"10121221089"},{"KKDWDM":"012","XS":32,"BYBZ":"0","JSJC":5,"XXXQDM":"02","KXH":"18","KSJC":3,"XKZRS":93,"SKZC":"000000000011111100000000000000","SKJS":"周银良","ISTK":0,"ZCMC":"11-16周","YPSJDD":"7-9周 星期五 第3节-第5节 南湖南-博学东楼-506,9周 星期日 第3节-第5节 南湖南-博学东楼-506,11-16周 星期五 第3节-第5节 南湖南-博学东楼-506,17周 星期五 第3节-第5节 南湖南-博学东楼-506","XF":1,"SKXQ":5,"XNXQDM":"2024-2025-2","KCM":"计算机基础与Python程序设计综合实验B","JASDM":"0202020506","JXLDM":"020202","JXBID":"20242-12114","SKBJ":"法学类2401-03","TYXMDM":null,"KCH":"10121221089"},{"KKDWDM":"012","XS":32,"BYBZ":"0","JSJC":5,"XXXQDM":"02","KXH":"08","KSJC":3,"XKZRS":97,"SKZC":"000000000011111100000000000000","SKJS":"向东","ISTK":0,"ZCMC":"11-16周","YPSJDD":"6-9周 星期四 第3节-第5节 南湖南-博学东楼-506,11-16周 星期四 第3节-第5节 南湖南-博学东楼-506,17周 星期四 第3节-第5节 南湖南-博学东楼-506","XF":1,"SKXQ":4,"XNXQDM":"2024-2025-2","KCM":"计算机基础与Python程序设计综合实验B","JASDM":"0202020506","JXLDM":"020202","JXBID":"20242-11952","SKBJ":"法学类2404-06","TYXMDM":null,"KCH":"10121221089"},{"KKDWDM":"012","XS":32,"BYBZ":"0","JSJC":8,"XXXQDM":"02","KXH":"03","KSJC":6,"XKZRS":120,"SKZC":"000000000011111100000000000000","SKJS":"吴利军","ISTK":0,"ZCMC":"11-16周","YPSJDD":"11-16周 星期五 第6节-第8节 南湖南-博学东楼-506,7-9周 星期五 第6节-第8节 南湖南-博学东楼-506,17周 星期五 第6节-第8节 南湖南-博学东楼-506,9周 星期日 第6节-第8节 南湖南-博学东楼-506","XF":1,"SKXQ":5,"XNXQDM":"2024-2025-2","KCM":"计算机基础与Python程序设计综合实验B","JASDM":"0202020506","JXLDM":"020202","JXBID":"20242-06424","SKBJ":"政治2401-02,数经sy2401","TYXMDM":null,"KCH":"10121221089"},{"KKDWDM":"012","XS":32,"BYBZ":"0","JSJC":5,"XXXQDM":"02","KXH":"09","KSJC":3,"XKZRS":116,"SKZC":"000000000001110000000000000000","SKJS":"吕曦","ISTK":0,"ZCMC":"12-14周","YPSJDD":"5-10周 星期一 第3节-第5节 南湖南-博学东楼-506,16-17周 星期一 第3节-第5节 南湖南-博学东楼-506,12-14周 星期一 第3节-第5节 南湖南-博学东楼-506","XF":1,"SKXQ":1,"XNXQDM":"2024-2025-2","KCM":"计算机基础与Python程序设计综合实验A","JASDM":"0202020506","JXLDM":"020202","JXBID":"20242-11767","SKBJ":"材料类2401-03","TYXMDM":null,"KCH":"10121221090"},{"KKDWDM":"012","XS":32,"BYBZ":"0","JSJC":8,"XXXQDM":"02","KXH":"14","KSJC":6,"XKZRS":77,"SKZC":"000000000001110000000000000000","SKJS":"陈明俊","ISTK":0,"ZCMC":"12-14周","YPSJDD":"5-10周 星期一 第6节-第8节 南湖南-博学东楼-506,16-17周 星期一 第6节-第8节 南湖南-博学东楼-506,12-14周 星期一 第6节-第8节 南湖南-博学东楼-506","XF":1,"SKXQ":1,"XNXQDM":"2024-2025-2","KCM":"计算机基础与Python程序设计综合实验A","JASDM":"0202020506","JXLDM":"020202","JXBID":"20242-11772","SKBJ":"材料类2410-12","TYXMDM":null,"KCH":"10121221090"},{"KKDWDM":"012","XS":32,"BYBZ":"0","JSJC":8,"XXXQDM":"02","KXH":"14","KSJC":6,"XKZRS":77,"SKZC":"000000000000000110000000000000","SKJS":"陈明俊","ISTK":0,"ZCMC":"16-17周","YPSJDD":"5-10周 星期一 第6节-第8节 南湖南-博学东楼-506,16-17周 星期一 第6节-第8节 南湖南-博学东楼-506,12-14周 星期一 第6节-第8节 南湖南-博学东楼-506","XF":1,"SKXQ":1,"XNXQDM":"2024-2025-2","KCM":"计算机基础与Python程序设计综合实验A","JASDM":"0202020506","JXLDM":"020202","JXBID":"20242-11772","SKBJ":"材料类2410-12","TYXMDM":null,"KCH":"10121221090"},{"KKDWDM":"012","XS":32,"BYBZ":"0","JSJC":5,"XXXQDM":"02","KXH":"09","KSJC":3,"XKZRS":116,"SKZC":"000000000000000110000000000000","SKJS":"吕曦","ISTK":0,"ZCMC":"16-17周","YPSJDD":"5-10周 星期一 第3节-第5节 南湖南-博学东楼-506,16-17周 星期一 第3节-第5节 南湖南-博学东楼-506,12-14周 星期一 第3节-第5节 南湖南-博学东楼-506","XF":1,"SKXQ":1,"XNXQDM":"2024-2025-2","KCM":"计算机基础与Python程序设计综合实验A","JASDM":"0202020506","JXLDM":"020202","JXBID":"20242-11767","SKBJ":"材料类2401-03","TYXMDM":null,"KCH":"10121221090"},{"KKDWDM":"012","XS":32,"BYBZ":"0","JSJC":5,"XXXQDM":"02","KXH":"08","KSJC":3,"XKZRS":97,"SKZC":"000000000000000010000000000000","SKJS":"向东","ISTK":0,"ZCMC":"17周","YPSJDD":"6-9周 星期四 第3节-第5节 南湖南-博学东楼-506,11-16周 星期四 第3节-第5节 南湖南-博学东楼-506,17周 星期四 第3节-第5节 南湖南-博学东楼-506","XF":1,"SKXQ":4,"XNXQDM":"2024-2025-2","KCM":"计算机基础与Python程序设计综合实验B","JASDM":"0202020506","JXLDM":"020202","JXBID":"20242-11952","SKBJ":"法学类2404-06","TYXMDM":null,"KCH":"10121221089"},{"KKDWDM":"012","XS":32,"BYBZ":"0","JSJC":5,"XXXQDM":"02","KXH":"18","KSJC":3,"XKZRS":93,"SKZC":"000000000000000010000000000000","SKJS":"周银良","ISTK":0,"ZCMC":"17周","YPSJDD":"7-9周 星期五 第3节-第5节 南湖南-博学东楼-506,9周 星期日 第3节-第5节 南湖南-博学东楼-506,11-16周 星期五 第3节-第5节 南湖南-博学东楼-506,17周 星期五 第3节-第5节 南湖南-博学东楼-506","XF":1,"SKXQ":5,"XNXQDM":"2024-2025-2","KCM":"计算机基础与Python程序设计综合实验B","JASDM":"0202020506","JXLDM":"020202","JXBID":"20242-12114","SKBJ":"法学类2401-03","TYXMDM":null,"KCH":"10121221089"},{"KKDWDM":"012","XS":32,"BYBZ":"0","JSJC":8,"XXXQDM":"02","KXH":"03","KSJC":6,"XKZRS":120,"SKZC":"000000000000000010000000000000","SKJS":"吴利军","ISTK":0,"ZCMC":"17周","YPSJDD":"11-16周 星期五 第6节-第8节 南湖南-博学东楼-506,7-9周 星期五 第6节-第8节 南湖南-博学东楼-506,17周 星期五 第6节-第8节 南湖南-博学东楼-506,9周 星期日 第6节-第8节 南湖南-博学东楼-506","XF":1,"SKXQ":5,"XNXQDM":"2024-2025-2","KCM":"计算机基础与Python程序设计综合实验B","JASDM":"0202020506","JXLDM":"020202","JXBID":"20242-06424","SKBJ":"政治2401-02,数经sy2401","TYXMDM":null,"KCH":"10121221089"}]}},"code":"0"}