{"datas":{"jaskcb":{"extParams":{"code":1,"msg":"查询成功"},"pageSize":0,"pageNumber":0,"totalSize":-1,"rows":[{"KKDWDM":"020","XS":32,"BYBZ":"0","JSJC":2,"XXXQDM":"02","KXH":"09","KSJC":1,"XKZRS":24,"SKZC":"1111111111111111","SKJS":"陈清芳","ISTK":0,"ZCMC":"1-16周","YPSJDD":"1-16周 星期三 第1节-第2节 南湖南-博学西楼-220","XF":2,"SKXQ":3,"XNXQDM":"2024-2025-2","KCM":"大学英语C2","JASDM":"0202030220","JXLDM":"020203","JXBID":"20242-11800","SKBJ":"设计学类2404","TYXMDM":null,"KCH":"10201121065"},{"KKDWDM":"020","XS":32,"BYBZ":"0","JSJC":4,"XXXQDM":"02","KXH":"06","KSJC":3,"XKZRS":23,"SKZC":"1111111111111111","SKJS":"陈清芳","ISTK":0,"ZCMC":"1-16周","YPSJDD":"1-16周 星期三 第3节-第4节 南湖南-博学西楼-220","XF":2,"SKXQ":3,"XNXQDM":"2024-2025-2","KCM":"大学英语C2","JASDM":"0202030220","JXLDM":"020203","JXBID":"20242-11797","SKBJ":"设计学类2401","TYXMDM":null,"KCH":"10201121065"},{"KKDWDM":"020","XS":32,"BYBZ":"0","JSJC":2,"XXXQDM":"02","KXH":"04","KSJC":1,"XKZRS":24,"SKZC":"1111111111111111","SKJS":"陈清芳","ISTK":0,"ZCMC":"1-16周","YPSJDD":"1-16周 星期二 第1节-第2节 南湖南-博学西楼-220","XF":2,"SKXQ":2,"XNXQDM":"2024-2025-2","KCM":"大学英语C2","JASDM":"0202030220","JXLDM":"020203","JXBID":"20242-11795","SKBJ":"运动训练2402","TYXMDM":null,"KCH":"10201121065"},{"KKDWDM":"020","XS":32,"BYBZ":"0","JSJC":4,"XXXQDM":"02","KXH":"10","KSJC":3,"XKZRS":23,"SKZC":"1111111111111111","SKJS":"陈清芳","ISTK":0,"ZCMC":"1-16周","YPSJDD":"1-16周 星期二 第3节-第4节 南湖南-博学西楼-220","XF":2,"SKXQ":2,"XNXQDM":"2024-2025-2","KCM":"大学英语C2","JASDM":"0202030220","JXLDM":"020203","JXBID":"20242-11801","SKBJ":"设计学类2405","TYXMDM":null,"KCH":"10201121065"},{"KKDWDM":"022","XS":32,"BYBZ":"0","JSJC":8,"XXXQDM":"02","KXH":"01","KSJC":6,"XKZRS":24,"SKZC":"111111111100000000000000","SKJS":"曾李","ISTK":0,"ZCMC":"1-10周","YPSJDD":"11周 星期三 第6节-第7节 南湖南-博学西楼-220,1-10周 星期三 第6节-第8节 南湖南-博学西楼-220","XF":2,"SKXQ":3,"XNXQDM":"2024-2025-2","KCM":"现代汉语词汇研究","JASDM":"0202030220","JXLDM":"020203","JXBID":"20242-04724","SKBJ":"汉语2301","TYXMDM":null,"KCH":"10225121066"},{"KKDWDM":"022","XS":32,"BYBZ":"0","JSJC":5,"XXXQDM":"02","KXH":"01","KSJC":3,"XKZRS":19,"SKZC":"111111111010000000000000","SKJS":"孙霞,秦崇文","ISTK":0,"ZCMC":"1-9周,11周","YPSJDD":"12周 星期四 第3节-第4节 南湖南-博学西楼-220,1-9周,11周 星期四 第3节-第5节 南湖南-博学西楼-220","XF":2,"SKXQ":4,"XNXQDM":"2024-2025-2","KCM":"欧美经典文学作品导读B","JASDM":"0202030220","JXLDM":"020203","JXBID":"20242-04753","SKBJ":"汉语2301","TYXMDM":null,"KCH":"10225121069"},{"KKDWDM":"020","XS":32,"BYBZ":"0","JSJC":2,"XXXQDM":"02","KXH":"05","KSJC":1,"XKZRS":22,"SKZC":"111111111000000000000000000000","SKJS":"陈清芳","ISTK":0,"ZCMC":"1-9周","YPSJDD":"11-17周 星期四 第1节-第2节 南湖南-博学西楼-220,1-9周 星期四 第1节-第2节 南湖南-博学西楼-220","XF":2,"SKXQ":4,"XNXQDM":"2024-2025-2","KCM":"大学英语C2","JASDM":"0202030220","JXLDM":"020203","JXBID":"20242-11796","SKBJ":"动画2401","TYXMDM":null,"KCH":"10201121065"},{"KKDWDM":"020","XS":48,"BYBZ":"0","JSJC":4,"XXXQDM":"02","KXH":"04","KSJC":3,"XKZRS":25,"SKZC":"111110111011111100000000","SKJS":"吴非","ISTK":0,"ZCMC":"1-5周,7-9周,11-16周","YPSJDD":"1-5周,7-9周,11-16周 星期五 第3节-第4节 南湖南-博学西楼-220,9周 星期日 第3节-第4节 南湖南-博学西楼-220,17周 星期三 第3节-第4节 南湖南-博学西楼-220","XF":2,"SKXQ":5,"XNXQDM":"2024-2025-2","KCM":"大学英语C4","JASDM":"0202030220","JXLDM":"020203","JXBID":"20242-05158","SKBJ":"产品设计2303","TYXMDM":null,"KCH":"10201121063"},{"KKDWDM":"020","XS":48,"BYBZ":"0","JSJC":4,"XXXQDM":"02","KXH":"04","KSJC":3,"XKZRS":25,"SKZC":"000000001000000000000000","SKJS":"吴非","ISTK":0,"ZCMC":"9周","YPSJDD":"1-5周,7-9周,11-16周 星期五 第3节-第4节 南湖南-博学西楼-220,9周 星期日 第3节-第4节 南湖南-博学西楼-220,17周 星期三 第3节-第4节 南湖南-博学西楼-220","XF":2,"SKXQ":7,"XNXQDM":"2024-2025-2","KCM":"大学英语C4","JASDM":"0202030220","JXLDM":"020203","JXBID":"20242-05158","SKBJ":"产品设计2303","TYXMDM":null,"KCH":"10201121063"},{"KKDWDM":"020","XS":32,"BYBZ":"0","JSJC":2,"XXXQDM":"02","KXH":"05","KSJC":1,"XKZRS":22,"SKZC":"000000000011111110000000000000","SKJS":"陈清芳","ISTK":0,"ZCMC":"11-17周","YPSJDD":"11-17周 星期四 第1节-第2节 南湖南-博学西楼-220,1-9周 星期四 第1节-第2节 南湖南-博学西楼-220","XF":2,"SKXQ":4,"XNXQDM":"2024-2025-2","KCM":"大学英语C2","JASDM":"0202030220","JXLDM":"020203","JXBID":"20242-11796","SKBJ":"动画2401","TYXMDM":null,"KCH":"10201121065"},{"KKDWDM":"022","XS":32,"BYBZ":"0","JSJC":7,"XXXQDM":"02","KXH":"01","KSJC":6,"XKZRS":24,"SKZC":"000000000010000000000000","SKJS":"曾李","ISTK":0,"ZCMC":"11周","YPSJDD":"11周 星期三 第6节-第7节 南湖南-博学西楼-220,1-10周 星期三 第6节-第8节 南湖南-博学西楼-220","XF":2,"SKXQ":3,"XNXQDM":"2024-2025-2","KCM":"现代汉语词汇研究","JASDM":"0202030220","JXLDM":"020203","JXBID":"20242-04724","SKBJ":"汉语2301","TYXMDM":null,"KCH":"10225121066"},{"KKDWDM":"022","XS":32,"BYBZ":"0","JSJC":4,"XXXQDM":"02","KXH":"01","KSJC":3,"XKZRS":19,"SKZC":"000000000001000000000000","SKJS":"孙霞,秦崇文","ISTK":0,"ZCMC":"12周","YPSJDD":"12周 星期四 第3节-第4节 南湖南-博学西楼-220,1-9周,11周 星期四 第3节-第5节 南湖南-博学西楼-220","XF":2,"SKXQ":4,"XNXQDM":"2024-2025-2","KCM":"欧美经典文学作品导读B","JASDM":"0202030220","JXLDM":"020203","JXBID":"20242-04753","SKBJ":"汉语2301","TYXMDM":null,"KCH":"10225121069"},{"KKDWDM":"020","XS":48,"BYBZ":"0","JSJC":4,"XXXQDM":"02","KXH":"04","KSJC":3,"XKZRS":25,"SKZC":"000000000000000010000000","SKJS":"吴非","ISTK":0,"ZCMC":"17周","YPSJDD":"1-5周,7-9周,11-16周 星期五 第3节-第4节 南湖南-博学西楼-220,9周 星期日 第3节-第4节 南湖南-博学西楼-220,17周 星期三 第3节-第4节 南湖南-博学西楼-220","XF":2,"SKXQ":3,"XNXQDM":"2024-2025-2","KCM":"大学英语C4","JASDM":"0202030220","JXLDM":"020203","JXBID":"20242-05158","SKBJ":"产品设计2303","TYXMDM":null,"KCH":"10201121063"}]}},"code":"0"}