{"datas":{"jaskcb":{"extParams":{"code":1,"msg":"查询成功"},"pageSize":0,"pageNumber":0,"totalSize":-1,"rows":[{"KKDWDM":"012","XS":32,"BYBZ":"0","JSJC":2,"XXXQDM":"02","KXH":"07","KSJC":1,"XKZRS":79,"SKZC":"111111111111111100000000","SKJS":"周德仿,杨世达","ISTK":0,"ZCMC":"1-16周","YPSJDD":"1-16周 星期二 第1节-第2节 南湖南-博学西楼-107","XF":2,"SKXQ":2,"XNXQDM":"2024-2025-2","KCM":"C程序设计基础B","JASDM":"0202030107","JXLDM":"020203","JXBID":"20242-11971","SKBJ":"机电类2407-08","TYXMDM":null,"KCH":"10121121087"},{"KKDWDM":"008","XS":48,"BYBZ":"0","JSJC":5,"XXXQDM":"02","KXH":"01","KSJC":3,"XKZRS":71,"SKZC":"11111111111111110000","SKJS":"罗亚波","ISTK":0,"ZCMC":"1-16周","YPSJDD":"1-16周 星期三 第3节-第5节 南湖南-博学西楼-107","XF":3,"SKXQ":3,"XNXQDM":"2024-2025-2","KCM":"生产系统建模与仿真","JASDM":"0202030107","JXLDM":"020203","JXBID":"20242-02397","SKBJ":"工业gc2201-02","TYXMDM":null,"KCH":"10084121065"},{"KKDWDM":"012","XS":40,"BYBZ":"0","JSJC":7,"XXXQDM":"02","KXH":"03","KSJC":6,"XKZRS":70,"SKZC":"1111111111111111","SKJS":"刘钢","ISTK":0,"ZCMC":"1-16周","YPSJDD":"1-16周 星期二 第6节-第7节 南湖南-博学西楼-107","XF":2,"SKXQ":2,"XNXQDM":"2024-2025-2","KCM":"面向对象程序设计","JASDM":"0202030107","JXLDM":"020203","JXBID":"20242-10910","SKBJ":"计算机类2411-12","TYXMDM":null,"KCH":"10124121073"},{"KKDWDM":"008","XS":40,"BYBZ":"0","JSJC":10,"XXXQDM":"02","KXH":"01","KSJC":9,"XKZRS":59,"SKZC":"111111111111111","SKJS":"张吉法","ISTK":0,"ZCMC":"1-15周","YPSJDD":"1-15周 星期三 第9节-第10节 南湖南-博学西楼-107","XF":2,"SKXQ":3,"XNXQDM":"2024-2025-2","KCM":"CAD\/CAM(B)","JASDM":"0202030107","JXLDM":"020203","JXBID":"20242-05279","SKBJ":"过控2301-02","TYXMDM":null,"KCH":"10085112012"},{"KKDWDM":"008","XS":40,"BYBZ":"0","JSJC":5,"XXXQDM":"02","KXH":"01","KSJC":3,"XKZRS":53,"SKZC":"111111111111000000000000","SKJS":"郭钧","ISTK":0,"ZCMC":"1-12周","YPSJDD":"13-14周 星期二 第3节-第4节 南湖南-博学西楼-107,1-12周 星期二 第3节-第5节 南湖南-博学西楼-107","XF":2,"SKXQ":2,"XNXQDM":"2024-2025-2","KCM":"智能物联制造系统与决策","JASDM":"0202030107","JXLDM":"020203","JXBID":"20242-02676","SKBJ":"过控2201-02","TYXMDM":null,"KCH":"10085121013"},{"KKDWDM":"008","XS":64,"BYBZ":"0","JSJC":2,"XXXQDM":"02","KXH":"03","KSJC":1,"XKZRS":72,"SKZC":"111111111111000000000000","SKJS":"余金桂,邹琳","ISTK":0,"ZCMC":"1-12周","YPSJDD":"1-12周 星期三 第1节-第2节 南湖南-博学西楼-107,12-13周 星期一 第3节-第4节 南湖南-博学西楼-107,1-10周 星期一 第3节-第5节 南湖南-博学西楼-107","XF":4,"SKXQ":3,"XNXQDM":"2024-2025-2","KCM":"机械制造技术基础A","JASDM":"0202030107","JXLDM":"020203","JXBID":"20242-11261","SKBJ":"机械2204-05","TYXMDM":null,"KCH":"10085711015"},{"KKDWDM":"008","XS":32,"BYBZ":"0","JSJC":10,"XXXQDM":"02","KXH":"03","KSJC":9,"XKZRS":74,"SKZC":"111111111100000000000000000000","SKJS":"徐汉斌","ISTK":0,"ZCMC":"1-10周","YPSJDD":"16周 星期一 第9节-第10节 南湖南-博学西楼-107,12-14周 星期一 第9节-第10节 南湖南-博学西楼-107,1-10周 星期一 第9节-第10节 南湖南-博学西楼-107","XF":2,"SKXQ":1,"XNXQDM":"2024-2025-2","KCM":"可编程控制器原理及应用B","JASDM":"0202030107","JXLDM":"020203","JXBID":"20242-02779","SKBJ":"智能制造2201-02,机械zy2301","TYXMDM":null,"KCH":"10085711021"},{"KKDWDM":"012","XS":40,"BYBZ":"0","JSJC":2,"XXXQDM":"02","KXH":"15","KSJC":1,"XKZRS":68,"SKZC":"111111111100000000000000000000","SKJS":"唐祖锴","ISTK":0,"ZCMC":"1-10周","YPSJDD":"17周 星期二 第1节-第2节 南湖南-博学西楼-107,16-17周 星期一 第1节-第2节 南湖南-博学西楼-107,1-10周 星期一 第1节-第2节 南湖南-博学西楼-107,12-14周 星期一 第1节-第2节 南湖南-博学西楼-107","XF":2,"SKXQ":1,"XNXQDM":"2024-2025-2","KCM":"面向对象程序设计","JASDM":"0202030107","JXLDM":"020203","JXBID":"20242-09946","SKBJ":"计算机类2413-14","TYXMDM":null,"KCH":"10124121073"},{"KKDWDM":"008","XS":64,"BYBZ":"0","JSJC":5,"XXXQDM":"02","KXH":"03","KSJC":3,"XKZRS":72,"SKZC":"111111111100000000000000","SKJS":"余金桂,邹琳","ISTK":0,"ZCMC":"1-10周","YPSJDD":"1-12周 星期三 第1节-第2节 南湖南-博学西楼-107,12-13周 星期一 第3节-第4节 南湖南-博学西楼-107,1-10周 星期一 第3节-第5节 南湖南-博学西楼-107","XF":4,"SKXQ":1,"XNXQDM":"2024-2025-2","KCM":"机械制造技术基础A","JASDM":"0202030107","JXLDM":"020203","JXBID":"20242-11261","SKBJ":"机械2204-05","TYXMDM":null,"KCH":"10085711015"},{"KKDWDM":"008","XS":40,"BYBZ":"0","JSJC":5,"XXXQDM":"02","KXH":"01","KSJC":3,"XKZRS":72,"SKZC":"111111111011100000000000","SKJS":"赵秀栩","ISTK":0,"ZCMC":"1-9周,11-13周","YPSJDD":"14-15周 星期四 第3节-第4节 南湖南-博学西楼-107,1-9周,11-13周 星期四 第3节-第5节 南湖南-博学西楼-107","XF":2,"SKXQ":4,"XNXQDM":"2024-2025-2","KCM":"单元制造理论与方法","JASDM":"0202030107","JXLDM":"020203","JXBID":"20242-02207","SKBJ":"工业gc2201-02","TYXMDM":null,"KCH":"10085121020"},{"KKDWDM":"009","XS":24,"BYBZ":"0","JSJC":13,"XXXQDM":"02","KXH":"01","KSJC":11,"XKZRS":34,"SKZC":"1111111100000000000000000","SKJS":"刘嘉,黄斌","ISTK":0,"ZCMC":"1-8周","YPSJDD":"1-8周 星期一 第11节-第13节 南湖南-博学西楼-107","XF":1,"SKXQ":1,"XNXQDM":"2024-2025-2","KCM":"防灾减灾及防护工程概论A","JASDM":"0202030107","JXLDM":"020203","JXBID":"20242-04626","SKBJ":"土木zy2304-05,岩土jd2301","TYXMDM":null,"KCH":"10164124001"},{"KKDWDM":"009","XS":16,"BYBZ":"0","JSJC":12,"XXXQDM":"02","KXH":"01","KSJC":11,"XKZRS":59,"SKZC":"111111110000000000000000","SKJS":"刘凌云","ISTK":0,"ZCMC":"1-8周","YPSJDD":"1-8周 星期四 第11节-第12节 南湖南-博学西楼-107","XF":1,"SKXQ":4,"XNXQDM":"2024-2025-2","KCM":"儿童友好空间创新设计(GX)","JASDM":"0202030107","JXLDM":"020203","JXBID":"20242-07564","SKBJ":"公选-07564","TYXMDM":null,"KCH":"10092124203"},{"KKDWDM":"009","XS":24,"BYBZ":"0","JSJC":8,"XXXQDM":"02","KXH":"01","KSJC":6,"XKZRS":26,"SKZC":"11111111","SKJS":"谭冬梅","ISTK":0,"ZCMC":"1-8周","YPSJDD":"1-8周 星期一 第6节-第8节 南湖南-博学西楼-107","XF":1,"SKXQ":1,"XNXQDM":"2024-2025-2","KCM":"建筑施工概论","JASDM":"0202030107","JXLDM":"020203","JXBID":"20242-04166","SKBJ":"建筑学2101-02","TYXMDM":null,"KCH":"10167311003"},{"KKDWDM":"008","XS":56,"BYBZ":"0","JSJC":4,"XXXQDM":"02","KXH":"01","KSJC":3,"XKZRS":53,"SKZC":"111110111011100000000000000000","SKJS":"庄可佳,石绘","ISTK":0,"ZCMC":"1-5周,7-9周,11-13周","YPSJDD":"1-13周 星期二 第1节-第2节 南湖南-博学西楼-309,9周 星期日 第3节-第4节 南湖南-博学西楼-107,1-5周,7-9周,11-13周 星期五 第3节-第4节 南湖南-博学西楼-107","XF":3,"SKXQ":5,"XNXQDM":"2024-2025-2","KCM":"机械设计基础","JASDM":"0202030107","JXLDM":"020203","JXBID":"20242-04406","SKBJ":"工业gc2301-02","TYXMDM":null,"KCH":"10087324250"},{"KKDWDM":"018","XS":56,"BYBZ":"0","JSJC":8,"XXXQDM":"02","KXH":"04","KSJC":6,"XKZRS":76,"SKZC":"111110000000000000000000000000","SKJS":"寇津春","ISTK":0,"ZCMC":"1-5周","YPSJDD":"9周 星期日 第6节-第8节 南湖南-博学西楼-107,1-5周 星期五 第6节-第8节 南湖南-博学西楼-107,7-9周 星期五 第6节-第8节 南湖南-博学西楼-107,11-16周 星期五 第6节-第8节 南湖南-博学西楼-107,17周 星期三 第6节-第8节 南湖南-博学西楼-107","XF":3,"SKXQ":5,"XNXQDM":"2024-2025-2","KCM":"计量经济学","JASDM":"0202030107","JXLDM":"020203","JXBID":"20242-06940","SKBJ":"金融gj2301-02","TYXMDM":null,"KCH":"10054111058"},{"KKDWDM":"017","XS":32,"BYBZ":"0","JSJC":2,"XXXQDM":"02","KXH":"01","KSJC":1,"XKZRS":61,"SKZC":"111110000000000000000000000000","SKJS":"王家祺","ISTK":0,"ZCMC":"1-5周","YPSJDD":"9周 星期日 第1节-第2节 南湖南-博学西楼-107,17周 星期三 第1节-第2节 南湖南-博学西楼-107,1-5周 星期五 第1节-第2节 南湖南-博学西楼-107,11-16周 星期五 第1节-第2节 南湖南-博学西楼-107,7-9周 星期五 第1节-第2节 南湖南-博学西楼-107","XF":2,"SKXQ":5,"XNXQDM":"2024-2025-2","KCM":"企业战略管理B","JASDM":"0202030107","JXLDM":"020203","JXBID":"20242-05270","SKBJ":"人力2301-02","TYXMDM":null,"KCH":"10175111013"},{"KKDWDM":"030","XS":16,"BYBZ":"0","JSJC":13,"XXXQDM":"02","KXH":"01","KSJC":11,"XKZRS":60,"SKZC":"111100000000000000000000","SKJS":"熊德华","ISTK":0,"ZCMC":"1-4周","YPSJDD":"1-4周 星期三 第11节-第13节 南湖南-博学西楼-107","XF":1,"SKXQ":3,"XNXQDM":"2024-2025-2","KCM":"MOFs衍生纳米材料及其光电性能(JD)","JASDM":"0202030107","JXLDM":"020203","JXBID":"20242-08866","SKBJ":"公选-08866","TYXMDM":null,"KCH":"10306121010"},{"KKDWDM":"009","XS":24,"BYBZ":"0","JSJC":8,"XXXQDM":"02","KXH":"01","KSJC":6,"XKZRS":null,"SKZC":"110000000000000000000000000000","SKJS":"胡俊","ISTK":0,"ZCMC":"1-2周","YPSJDD":"1-2周 星期三 第6节-第8节 南湖南-博学西楼-107","XF":1,"SKXQ":3,"XNXQDM":"2024-2025-2","KCM":"隧道工程C","JASDM":"0202030107","JXLDM":"020203","JXBID":"20242-03576","SKBJ":"土木zy2201-05,岩土jd2201","TYXMDM":null,"KCH":"10174111018"},{"KKDWDM":"008","XS":16,"BYBZ":"0","JSJC":12,"XXXQDM":"02","KXH":"01","KSJC":11,"XKZRS":34,"SKZC":"110000000000000000000000","SKJS":"肖俊","ISTK":0,"ZCMC":"1-2周","YPSJDD":"1-2周 星期二 第11节-第12节 南湖南-博学西楼-107","XF":1,"SKXQ":2,"XNXQDM":"2024-2025-2","KCM":"材料史话与人类文明(GX)","JASDM":"0202030107","JXLDM":"020203","JXBID":"20242-07541","SKBJ":"公选-07541","TYXMDM":null,"KCH":"10082121206"},{"KKDWDM":"017","XS":32,"BYBZ":"0","JSJC":2,"XXXQDM":"02","KXH":"01","KSJC":1,"XKZRS":61,"SKZC":"000000111000000000000000000000","SKJS":"王家祺","ISTK":0,"ZCMC":"7-9周","YPSJDD":"9周 星期日 第1节-第2节 南湖南-博学西楼-107,17周 星期三 第1节-第2节 南湖南-博学西楼-107,1-5周 星期五 第1节-第2节 南湖南-博学西楼-107,11-16周 星期五 第1节-第2节 南湖南-博学西楼-107,7-9周 星期五 第1节-第2节 南湖南-博学西楼-107","XF":2,"SKXQ":5,"XNXQDM":"2024-2025-2","KCM":"企业战略管理B","JASDM":"0202030107","JXLDM":"020203","JXBID":"20242-05270","SKBJ":"人力2301-02","TYXMDM":null,"KCH":"10175111013"},{"KKDWDM":"018","XS":56,"BYBZ":"0","JSJC":8,"XXXQDM":"02","KXH":"04","KSJC":6,"XKZRS":76,"SKZC":"000000111000000000000000000000","SKJS":"寇津春","ISTK":0,"ZCMC":"7-9周","YPSJDD":"9周 星期日 第6节-第8节 南湖南-博学西楼-107,1-5周 星期五 第6节-第8节 南湖南-博学西楼-107,7-9周 星期五 第6节-第8节 南湖南-博学西楼-107,11-16周 星期五 第6节-第8节 南湖南-博学西楼-107,17周 星期三 第6节-第8节 南湖南-博学西楼-107","XF":3,"SKXQ":5,"XNXQDM":"2024-2025-2","KCM":"计量经济学","JASDM":"0202030107","JXLDM":"020203","JXBID":"20242-06940","SKBJ":"金融gj2301-02","TYXMDM":null,"KCH":"10054111058"},{"KKDWDM":"008","XS":40,"BYBZ":"0","JSJC":7,"XXXQDM":"02","KXH":"01","KSJC":6,"XKZRS":50,"SKZC":"000000001111111100000000000000","SKJS":"黎水平","ISTK":0,"ZCMC":"9-16周","YPSJDD":"17周 星期二 第6节-第8节 南湖南-博学西楼-107,9-16周 星期三 第6节-第7节 南湖南-博学西楼-107,9-10周 星期一 第6节-第8节 南湖南-博学西楼-107,12-14周 星期一 第6节-第8节 南湖南-博学西楼-107,16-17周 星期一 第6节-第8节 南湖南-博学西楼-107","XF":2,"SKXQ":3,"XNXQDM":"2024-2025-2","KCM":"嵌入式系统","JASDM":"0202030107","JXLDM":"020203","JXBID":"20242-02294","SKBJ":"过控2201-02","TYXMDM":null,"KCH":"10085121015"},{"KKDWDM":"009","XS":24,"BYBZ":"0","JSJC":13,"XXXQDM":"02","KXH":"01","KSJC":11,"XKZRS":63,"SKZC":"0000000011111111","SKJS":"王彩霞","ISTK":0,"ZCMC":"9-16周","YPSJDD":"9-16周 星期二 第11节-第13节 南湖南-博学西楼-107","XF":1,"SKXQ":2,"XNXQDM":"2024-2025-2","KCM":"新能源技术","JASDM":"0202030107","JXLDM":"020203","JXBID":"20242-07567","SKBJ":"公选-07567","TYXMDM":null,"KCH":"10096117157"},{"KKDWDM":"008","XS":40,"BYBZ":"0","JSJC":8,"XXXQDM":"02","KXH":"01","KSJC":6,"XKZRS":50,"SKZC":"000000001100000000000000000000","SKJS":"黎水平","ISTK":0,"ZCMC":"9-10周","YPSJDD":"17周 星期二 第6节-第8节 南湖南-博学西楼-107,9-16周 星期三 第6节-第7节 南湖南-博学西楼-107,9-10周 星期一 第6节-第8节 南湖南-博学西楼-107,12-14周 星期一 第6节-第8节 南湖南-博学西楼-107,16-17周 星期一 第6节-第8节 南湖南-博学西楼-107","XF":2,"SKXQ":1,"XNXQDM":"2024-2025-2","KCM":"嵌入式系统","JASDM":"0202030107","JXLDM":"020203","JXBID":"20242-02294","SKBJ":"过控2201-02","TYXMDM":null,"KCH":"10085121015"},{"KKDWDM":"017","XS":32,"BYBZ":"0","JSJC":2,"XXXQDM":"02","KXH":"01","KSJC":1,"XKZRS":61,"SKZC":"000000001000000000000000000000","SKJS":"王家祺","ISTK":0,"ZCMC":"9周","YPSJDD":"9周 星期日 第1节-第2节 南湖南-博学西楼-107,17周 星期三 第1节-第2节 南湖南-博学西楼-107,1-5周 星期五 第1节-第2节 南湖南-博学西楼-107,11-16周 星期五 第1节-第2节 南湖南-博学西楼-107,7-9周 星期五 第1节-第2节 南湖南-博学西楼-107","XF":2,"SKXQ":7,"XNXQDM":"2024-2025-2","KCM":"企业战略管理B","JASDM":"0202030107","JXLDM":"020203","JXBID":"20242-05270","SKBJ":"人力2301-02","TYXMDM":null,"KCH":"10175111013"},{"KKDWDM":"008","XS":56,"BYBZ":"0","JSJC":4,"XXXQDM":"02","KXH":"01","KSJC":3,"XKZRS":53,"SKZC":"000000001000000000000000000000","SKJS":"庄可佳,石绘","ISTK":0,"ZCMC":"9周","YPSJDD":"1-13周 星期二 第1节-第2节 南湖南-博学西楼-309,9周 星期日 第3节-第4节 南湖南-博学西楼-107,1-5周,7-9周,11-13周 星期五 第3节-第4节 南湖南-博学西楼-107","XF":3,"SKXQ":7,"XNXQDM":"2024-2025-2","KCM":"机械设计基础","JASDM":"0202030107","JXLDM":"020203","JXBID":"20242-04406","SKBJ":"工业gc2301-02","TYXMDM":null,"KCH":"10087324250"},{"KKDWDM":"018","XS":56,"BYBZ":"0","JSJC":8,"XXXQDM":"02","KXH":"04","KSJC":6,"XKZRS":76,"SKZC":"000000001000000000000000000000","SKJS":"寇津春","ISTK":0,"ZCMC":"9周","YPSJDD":"9周 星期日 第6节-第8节 南湖南-博学西楼-107,1-5周 星期五 第6节-第8节 南湖南-博学西楼-107,7-9周 星期五 第6节-第8节 南湖南-博学西楼-107,11-16周 星期五 第6节-第8节 南湖南-博学西楼-107,17周 星期三 第6节-第8节 南湖南-博学西楼-107","XF":3,"SKXQ":7,"XNXQDM":"2024-2025-2","KCM":"计量经济学","JASDM":"0202030107","JXLDM":"020203","JXBID":"20242-06940","SKBJ":"金融gj2301-02","TYXMDM":null,"KCH":"10054111058"},{"KKDWDM":"018","XS":56,"BYBZ":"0","JSJC":8,"XXXQDM":"02","KXH":"04","KSJC":6,"XKZRS":76,"SKZC":"000000000011111100000000000000","SKJS":"寇津春","ISTK":0,"ZCMC":"11-16周","YPSJDD":"9周 星期日 第6节-第8节 南湖南-博学西楼-107,1-5周 星期五 第6节-第8节 南湖南-博学西楼-107,7-9周 星期五 第6节-第8节 南湖南-博学西楼-107,11-16周 星期五 第6节-第8节 南湖南-博学西楼-107,17周 星期三 第6节-第8节 南湖南-博学西楼-107","XF":3,"SKXQ":5,"XNXQDM":"2024-2025-2","KCM":"计量经济学","JASDM":"0202030107","JXLDM":"020203","JXBID":"20242-06940","SKBJ":"金融gj2301-02","TYXMDM":null,"KCH":"10054111058"},{"KKDWDM":"017","XS":32,"BYBZ":"0","JSJC":2,"XXXQDM":"02","KXH":"01","KSJC":1,"XKZRS":61,"SKZC":"000000000011111100000000000000","SKJS":"王家祺","ISTK":0,"ZCMC":"11-16周","YPSJDD":"9周 星期日 第1节-第2节 南湖南-博学西楼-107,17周 星期三 第1节-第2节 南湖南-博学西楼-107,1-5周 星期五 第1节-第2节 南湖南-博学西楼-107,11-16周 星期五 第1节-第2节 南湖南-博学西楼-107,7-9周 星期五 第1节-第2节 南湖南-博学西楼-107","XF":2,"SKXQ":5,"XNXQDM":"2024-2025-2","KCM":"企业战略管理B","JASDM":"0202030107","JXLDM":"020203","JXBID":"20242-05270","SKBJ":"人力2301-02","TYXMDM":null,"KCH":"10175111013"},{"KKDWDM":"008","XS":40,"BYBZ":"0","JSJC":8,"XXXQDM":"02","KXH":"01","KSJC":6,"XKZRS":50,"SKZC":"000000000001110000000000000000","SKJS":"黎水平","ISTK":0,"ZCMC":"12-14周","YPSJDD":"17周 星期二 第6节-第8节 南湖南-博学西楼-107,9-16周 星期三 第6节-第7节 南湖南-博学西楼-107,9-10周 星期一 第6节-第8节 南湖南-博学西楼-107,12-14周 星期一 第6节-第8节 南湖南-博学西楼-107,16-17周 星期一 第6节-第8节 南湖南-博学西楼-107","XF":2,"SKXQ":1,"XNXQDM":"2024-2025-2","KCM":"嵌入式系统","JASDM":"0202030107","JXLDM":"020203","JXBID":"20242-02294","SKBJ":"过控2201-02","TYXMDM":null,"KCH":"10085121015"},{"KKDWDM":"012","XS":40,"BYBZ":"0","JSJC":2,"XXXQDM":"02","KXH":"15","KSJC":1,"XKZRS":68,"SKZC":"000000000001110000000000000000","SKJS":"唐祖锴","ISTK":0,"ZCMC":"12-14周","YPSJDD":"17周 星期二 第1节-第2节 南湖南-博学西楼-107,16-17周 星期一 第1节-第2节 南湖南-博学西楼-107,1-10周 星期一 第1节-第2节 南湖南-博学西楼-107,12-14周 星期一 第1节-第2节 南湖南-博学西楼-107","XF":2,"SKXQ":1,"XNXQDM":"2024-2025-2","KCM":"面向对象程序设计","JASDM":"0202030107","JXLDM":"020203","JXBID":"20242-09946","SKBJ":"计算机类2413-14","TYXMDM":null,"KCH":"10124121073"},{"KKDWDM":"008","XS":32,"BYBZ":"0","JSJC":10,"XXXQDM":"02","KXH":"03","KSJC":9,"XKZRS":74,"SKZC":"000000000001110000000000000000","SKJS":"徐汉斌","ISTK":0,"ZCMC":"12-14周","YPSJDD":"16周 星期一 第9节-第10节 南湖南-博学西楼-107,12-14周 星期一 第9节-第10节 南湖南-博学西楼-107,1-10周 星期一 第9节-第10节 南湖南-博学西楼-107","XF":2,"SKXQ":1,"XNXQDM":"2024-2025-2","KCM":"可编程控制器原理及应用B","JASDM":"0202030107","JXLDM":"020203","JXBID":"20242-02779","SKBJ":"智能制造2201-02,机械zy2301","TYXMDM":null,"KCH":"10085711021"},{"KKDWDM":"008","XS":64,"BYBZ":"0","JSJC":4,"XXXQDM":"02","KXH":"03","KSJC":3,"XKZRS":72,"SKZC":"000000000001100000000000","SKJS":"余金桂,邹琳","ISTK":0,"ZCMC":"12-13周","YPSJDD":"1-12周 星期三 第1节-第2节 南湖南-博学西楼-107,12-13周 星期一 第3节-第4节 南湖南-博学西楼-107,1-10周 星期一 第3节-第5节 南湖南-博学西楼-107","XF":4,"SKXQ":1,"XNXQDM":"2024-2025-2","KCM":"机械制造技术基础A","JASDM":"0202030107","JXLDM":"020203","JXBID":"20242-11261","SKBJ":"机械2204-05","TYXMDM":null,"KCH":"10085711015"},{"KKDWDM":"008","XS":40,"BYBZ":"0","JSJC":4,"XXXQDM":"02","KXH":"01","KSJC":3,"XKZRS":53,"SKZC":"000000000000110000000000","SKJS":"郭钧","ISTK":0,"ZCMC":"13-14周","YPSJDD":"13-14周 星期二 第3节-第4节 南湖南-博学西楼-107,1-12周 星期二 第3节-第5节 南湖南-博学西楼-107","XF":2,"SKXQ":2,"XNXQDM":"2024-2025-2","KCM":"智能物联制造系统与决策","JASDM":"0202030107","JXLDM":"020203","JXBID":"20242-02676","SKBJ":"过控2201-02","TYXMDM":null,"KCH":"10085121013"},{"KKDWDM":"008","XS":40,"BYBZ":"0","JSJC":4,"XXXQDM":"02","KXH":"01","KSJC":3,"XKZRS":72,"SKZC":"000000000000011000000000","SKJS":"赵秀栩","ISTK":0,"ZCMC":"14-15周","YPSJDD":"14-15周 星期四 第3节-第4节 南湖南-博学西楼-107,1-9周,11-13周 星期四 第3节-第5节 南湖南-博学西楼-107","XF":2,"SKXQ":4,"XNXQDM":"2024-2025-2","KCM":"单元制造理论与方法","JASDM":"0202030107","JXLDM":"020203","JXBID":"20242-02207","SKBJ":"工业gc2201-02","TYXMDM":null,"KCH":"10085121020"},{"KKDWDM":"008","XS":40,"BYBZ":"0","JSJC":8,"XXXQDM":"02","KXH":"01","KSJC":6,"XKZRS":50,"SKZC":"000000000000000110000000000000","SKJS":"黎水平","ISTK":0,"ZCMC":"16-17周","YPSJDD":"17周 星期二 第6节-第8节 南湖南-博学西楼-107,9-16周 星期三 第6节-第7节 南湖南-博学西楼-107,9-10周 星期一 第6节-第8节 南湖南-博学西楼-107,12-14周 星期一 第6节-第8节 南湖南-博学西楼-107,16-17周 星期一 第6节-第8节 南湖南-博学西楼-107","XF":2,"SKXQ":1,"XNXQDM":"2024-2025-2","KCM":"嵌入式系统","JASDM":"0202030107","JXLDM":"020203","JXBID":"20242-02294","SKBJ":"过控2201-02","TYXMDM":null,"KCH":"10085121015"},{"KKDWDM":"012","XS":40,"BYBZ":"0","JSJC":2,"XXXQDM":"02","KXH":"15","KSJC":1,"XKZRS":68,"SKZC":"000000000000000110000000000000","SKJS":"唐祖锴","ISTK":0,"ZCMC":"16-17周","YPSJDD":"17周 星期二 第1节-第2节 南湖南-博学西楼-107,16-17周 星期一 第1节-第2节 南湖南-博学西楼-107,1-10周 星期一 第1节-第2节 南湖南-博学西楼-107,12-14周 星期一 第1节-第2节 南湖南-博学西楼-107","XF":2,"SKXQ":1,"XNXQDM":"2024-2025-2","KCM":"面向对象程序设计","JASDM":"0202030107","JXLDM":"020203","JXBID":"20242-09946","SKBJ":"计算机类2413-14","TYXMDM":null,"KCH":"10124121073"},{"KKDWDM":"008","XS":32,"BYBZ":"0","JSJC":10,"XXXQDM":"02","KXH":"03","KSJC":9,"XKZRS":74,"SKZC":"000000000000000100000000000000","SKJS":"徐汉斌","ISTK":0,"ZCMC":"16周","YPSJDD":"16周 星期一 第9节-第10节 南湖南-博学西楼-107,12-14周 星期一 第9节-第10节 南湖南-博学西楼-107,1-10周 星期一 第9节-第10节 南湖南-博学西楼-107","XF":2,"SKXQ":1,"XNXQDM":"2024-2025-2","KCM":"可编程控制器原理及应用B","JASDM":"0202030107","JXLDM":"020203","JXBID":"20242-02779","SKBJ":"智能制造2201-02,机械zy2301","TYXMDM":null,"KCH":"10085711021"},{"KKDWDM":"012","XS":40,"BYBZ":"0","JSJC":2,"XXXQDM":"02","KXH":"15","KSJC":1,"XKZRS":68,"SKZC":"000000000000000010000000000000","SKJS":"唐祖锴","ISTK":0,"ZCMC":"17周","YPSJDD":"17周 星期二 第1节-第2节 南湖南-博学西楼-107,16-17周 星期一 第1节-第2节 南湖南-博学西楼-107,1-10周 星期一 第1节-第2节 南湖南-博学西楼-107,12-14周 星期一 第1节-第2节 南湖南-博学西楼-107","XF":2,"SKXQ":2,"XNXQDM":"2024-2025-2","KCM":"面向对象程序设计","JASDM":"0202030107","JXLDM":"020203","JXBID":"20242-09946","SKBJ":"计算机类2413-14","TYXMDM":null,"KCH":"10124121073"},{"KKDWDM":"018","XS":56,"BYBZ":"0","JSJC":8,"XXXQDM":"02","KXH":"04","KSJC":6,"XKZRS":76,"SKZC":"000000000000000010000000000000","SKJS":"寇津春","ISTK":0,"ZCMC":"17周","YPSJDD":"9周 星期日 第6节-第8节 南湖南-博学西楼-107,1-5周 星期五 第6节-第8节 南湖南-博学西楼-107,7-9周 星期五 第6节-第8节 南湖南-博学西楼-107,11-16周 星期五 第6节-第8节 南湖南-博学西楼-107,17周 星期三 第6节-第8节 南湖南-博学西楼-107","XF":3,"SKXQ":3,"XNXQDM":"2024-2025-2","KCM":"计量经济学","JASDM":"0202030107","JXLDM":"020203","JXBID":"20242-06940","SKBJ":"金融gj2301-02","TYXMDM":null,"KCH":"10054111058"},{"KKDWDM":"008","XS":40,"BYBZ":"0","JSJC":8,"XXXQDM":"02","KXH":"01","KSJC":6,"XKZRS":50,"SKZC":"000000000000000010000000000000","SKJS":"黎水平","ISTK":0,"ZCMC":"17周","YPSJDD":"17周 星期二 第6节-第8节 南湖南-博学西楼-107,9-16周 星期三 第6节-第7节 南湖南-博学西楼-107,9-10周 星期一 第6节-第8节 南湖南-博学西楼-107,12-14周 星期一 第6节-第8节 南湖南-博学西楼-107,16-17周 星期一 第6节-第8节 南湖南-博学西楼-107","XF":2,"SKXQ":2,"XNXQDM":"2024-2025-2","KCM":"嵌入式系统","JASDM":"0202030107","JXLDM":"020203","JXBID":"20242-02294","SKBJ":"过控2201-02","TYXMDM":null,"KCH":"10085121015"},{"KKDWDM":"017","XS":32,"BYBZ":"0","JSJC":2,"XXXQDM":"02","KXH":"01","KSJC":1,"XKZRS":61,"SKZC":"000000000000000010000000000000","SKJS":"王家祺","ISTK":0,"ZCMC":"17周","YPSJDD":"9周 星期日 第1节-第2节 南湖南-博学西楼-107,17周 星期三 第1节-第2节 南湖南-博学西楼-107,1-5周 星期五 第1节-第2节 南湖南-博学西楼-107,11-16周 星期五 第1节-第2节 南湖南-博学西楼-107,7-9周 星期五 第1节-第2节 南湖南-博学西楼-107","XF":2,"SKXQ":3,"XNXQDM":"2024-2025-2","KCM":"企业战略管理B","JASDM":"0202030107","JXLDM":"020203","JXBID":"20242-05270","SKBJ":"人力2301-02","TYXMDM":null,"KCH":"10175111013"}]}},"code":"0"}