{"datas":{"jaskcb":{"extParams":{"code":1,"msg":"查询成功"},"pageSize":0,"pageNumber":0,"totalSize":-1,"rows":[{"KKDWDM":"071","XS":48,"BYBZ":"0","JSJC":5,"XXXQDM":"02","KXH":"09","KSJC":3,"XKZRS":140,"SKZC":"11111111111111110000","SKJS":"黄小为","ISTK":0,"ZCMC":"1-16周","YPSJDD":"1-16周 星期二 第3节-第5节 南湖南-博学东楼-303","XF":3,"SKXQ":2,"XNXQDM":"2024-2025-2","KCM":"概率论与数理统计B","JASDM":"0202020303","JXLDM":"020202","JXBID":"20242-05149","SKBJ":"通信2304-06,通信本硕2301","TYXMDM":null,"KCH":"10155111054"},{"KKDWDM":"072","XS":48,"BYBZ":"0","JSJC":5,"XXXQDM":"02","KXH":"02","KSJC":3,"XKZRS":108,"SKZC":"1111111111111111","SKJS":"刘子龙,黄勇","ISTK":0,"ZCMC":"1-16周","YPSJDD":"1-16周 星期三 第3节-第5节 南湖南-博学东楼-303","XF":3,"SKXQ":3,"XNXQDM":"2024-2025-2","KCM":"电动力学","JASDM":"0202020303","JXLDM":"020202","JXBID":"20242-05282","SKBJ":"光信科2301-03","TYXMDM":null,"KCH":"10087311016"},{"KKDWDM":"011","XS":56,"BYBZ":"0","JSJC":7,"XXXQDM":"02","KXH":"01","KSJC":6,"XKZRS":102,"SKZC":"111111111111110000000000000000","SKJS":"杨媛媛,钟毅","ISTK":0,"ZCMC":"1-14周","YPSJDD":"1-10周 星期一 第3节-第4节 南湖南-博学东楼-303,12-14周 星期一 第3节-第4节 南湖南-博学东楼-303,16周 星期一 第3节-第4节 南湖南-博学东楼-303,1-14周 星期三 第6节-第7节 南湖南-博学东楼-303","XF":3,"SKXQ":3,"XNXQDM":"2024-2025-2","KCM":"数字电子技术基础B","JASDM":"0202020303","JXLDM":"020202","JXBID":"20242-05582","SKBJ":"物理JD2301,电信科2301-02","TYXMDM":null,"KCH":"10137311014"},{"KKDWDM":"071","XS":40,"BYBZ":"0","JSJC":8,"XXXQDM":"02","KXH":"37","KSJC":6,"XKZRS":139,"SKZC":"111111111111000000000000","SKJS":"朱慧颖","ISTK":0,"ZCMC":"1-12周","YPSJDD":"13-14周 星期二 第6节-第7节 南湖南-博学东楼-303,1-12周 星期二 第6节-第8节 南湖南-博学东楼-303","XF":2,"SKXQ":2,"XNXQDM":"2024-2025-2","KCM":"线性代数","JASDM":"0202020303","JXLDM":"020202","JXBID":"20242-11758","SKBJ":"土木类2405-08","TYXMDM":null,"KCH":"10153111001"},{"KKDWDM":"011","XS":56,"BYBZ":"0","JSJC":4,"XXXQDM":"02","KXH":"01","KSJC":3,"XKZRS":102,"SKZC":"111111111100000000000000000000","SKJS":"杨媛媛,钟毅","ISTK":0,"ZCMC":"1-10周","YPSJDD":"1-10周 星期一 第3节-第4节 南湖南-博学东楼-303,12-14周 星期一 第3节-第4节 南湖南-博学东楼-303,16周 星期一 第3节-第4节 南湖南-博学东楼-303,1-14周 星期三 第6节-第7节 南湖南-博学东楼-303","XF":3,"SKXQ":1,"XNXQDM":"2024-2025-2","KCM":"数字电子技术基础B","JASDM":"0202020303","JXLDM":"020202","JXBID":"20242-05582","SKBJ":"物理JD2301,电信科2301-02","TYXMDM":null,"KCH":"10137311014"},{"KKDWDM":"022","XS":48,"BYBZ":"0","JSJC":8,"XXXQDM":"02","KXH":"01","KSJC":6,"XKZRS":91,"SKZC":"111111111100000000000000000000","SKJS":"唐丹","ISTK":0,"ZCMC":"1-10周","YPSJDD":"12-14周 星期一 第6节-第8节 南湖南-博学东楼-303,1-10周 星期一 第6节-第8节 南湖南-博学东楼-303,16-17周 星期一 第6节-第8节 南湖南-博学东楼-303,17周 星期二 第6节-第8节 南湖南-博学东楼-303","XF":3,"SKXQ":1,"XNXQDM":"2024-2025-2","KCM":"中西文学比较研究","JASDM":"0202020303","JXLDM":"020202","JXBID":"20242-05510","SKBJ":"广告2301-02,新媒体2301-02","TYXMDM":null,"KCH":"10225121026"},{"KKDWDM":"044","XS":32,"BYBZ":"0","JSJC":13,"XXXQDM":"02","KXH":"02","KSJC":11,"XKZRS":140,"SKZC":"111111111100000000000000","SKJS":"付敏","ISTK":0,"ZCMC":"1-10周","YPSJDD":"11周 星期二 第11节-第12节 南湖南-博学东楼-303,1-10周 星期二 第11节-第13节 南湖南-博学东楼-303","XF":2,"SKXQ":2,"XNXQDM":"2024-2025-2","KCM":"音乐鉴赏(GX)","JASDM":"0202020303","JXLDM":"020202","JXBID":"20242-11560","SKBJ":"公选-11560","TYXMDM":null,"KCH":"10442121059"},{"KKDWDM":"017","XS":32,"BYBZ":"0","JSJC":13,"XXXQDM":"02","KXH":"01","KSJC":11,"XKZRS":90,"SKZC":"111111111100000000000000","SKJS":"徐慧娟","ISTK":0,"ZCMC":"1-10周","YPSJDD":"12周 星期一 第11节-第12节 南湖南-博学东楼-303,1-10周 星期一 第11节-第13节 南湖南-博学东楼-303","XF":2,"SKXQ":1,"XNXQDM":"2024-2025-2","KCM":"人力资源法规B","JASDM":"0202020303","JXLDM":"020202","JXBID":"20242-08230","SKBJ":"公选-08230","TYXMDM":null,"KCH":"10176121329"},{"KKDWDM":"071","XS":48,"BYBZ":"0","JSJC":5,"XXXQDM":"02","KXH":"01","KSJC":3,"XKZRS":139,"SKZC":"111111111000000000000000000000","SKJS":"徐倩","ISTK":0,"ZCMC":"1-9周","YPSJDD":"11-17周 星期四 第3节-第5节 南湖南-博学东楼-303,1-9周 星期四 第3节-第5节 南湖南-博学东楼-303","XF":3,"SKXQ":4,"XNXQDM":"2024-2025-2","KCM":"概率论与数理统计B","JASDM":"0202020303","JXLDM":"020202","JXBID":"20242-04709","SKBJ":"制药zy2301-03,金融kj2301","TYXMDM":null,"KCH":"10155111054"},{"KKDWDM":"022","XS":24,"BYBZ":"0","JSJC":13,"XXXQDM":"02","KXH":"02","KSJC":11,"XKZRS":139,"SKZC":"111111110000000000000000","SKJS":"阎维博","ISTK":0,"ZCMC":"1-8周","YPSJDD":"1-8周 星期四 第11节-第13节 南湖南-博学东楼-303","XF":1,"SKXQ":4,"XNXQDM":"2024-2025-2","KCM":"电影中的法律(GX)","JASDM":"0202020303","JXLDM":"020202","JXBID":"20242-11604","SKBJ":"公选-11604","TYXMDM":null,"KCH":"10222121228"},{"KKDWDM":"022","XS":24,"BYBZ":"0","JSJC":13,"XXXQDM":"02","KXH":"01","KSJC":11,"XKZRS":140,"SKZC":"111111110000000000000000","SKJS":"沈凌","ISTK":0,"ZCMC":"1-8周","YPSJDD":"1-8周 星期三 第11节-第13节 南湖南-博学东楼-303","XF":1,"SKXQ":3,"XNXQDM":"2024-2025-2","KCM":"AI与健康管理(JD)","JASDM":"0202020303","JXLDM":"020202","JXBID":"20242-08540","SKBJ":"公选-08540","TYXMDM":null,"KCH":"10226121419"},{"KKDWDM":"021","XS":36,"BYBZ":"0","JSJC":5,"XXXQDM":"02","KXH":"19","KSJC":3,"XKZRS":109,"SKZC":"111110111011100000000000000000","SKJS":"汤桢子","ISTK":0,"ZCMC":"1-5周,7-9周,11-13周","YPSJDD":"9周 星期日 第3节-第5节 南湖南-博学东楼-303,1-5周,7-9周,11-13周 星期五 第3节-第5节 南湖南-博学东楼-303","XF":2,"SKXQ":5,"XNXQDM":"2024-2025-2","KCM":"习近平新时代中国特色社会主义思想概论","JASDM":"0202020303","JXLDM":"020202","JXBID":"20242-04488","SKBJ":"工程2301-02,给排水2301-02","TYXMDM":null,"KCH":"10211121033"},{"KKDWDM":"021","XS":8,"BYBZ":"0","JSJC":10,"XXXQDM":"02","KXH":"592","KSJC":9,"XKZRS":139,"SKZC":"000000011011000000000000","SKJS":"张金强","ISTK":0,"ZCMC":"8-9周,11-12周","YPSJDD":"8-9周,11-12周 星期四 第9节-第10节 南湖南-博学东楼-303","XF":0,"SKXQ":4,"XNXQDM":"2024-2025-2","KCM":"形势与政策","JASDM":"0202020303","JXLDM":"020202","JXBID":"20242-14183","SKBJ":null,"TYXMDM":null,"KCH":"10218121092"},{"KKDWDM":"021","XS":8,"BYBZ":"0","JSJC":7,"XXXQDM":"02","KXH":"569","KSJC":6,"XKZRS":139,"SKZC":"000000011011000000000000","SKJS":"岳琦淞","ISTK":0,"ZCMC":"8-9周,11-12周","YPSJDD":"8-9周,11-12周 星期四 第6节-第7节 南湖南-博学东楼-303","XF":0,"SKXQ":4,"XNXQDM":"2024-2025-2","KCM":"形势与政策","JASDM":"0202020303","JXLDM":"020202","JXBID":"20242-14160","SKBJ":null,"TYXMDM":null,"KCH":"10218121092"},{"KKDWDM":"021","XS":36,"BYBZ":"0","JSJC":5,"XXXQDM":"02","KXH":"19","KSJC":3,"XKZRS":109,"SKZC":"000000001000000000000000000000","SKJS":"汤桢子","ISTK":0,"ZCMC":"9周","YPSJDD":"9周 星期日 第3节-第5节 南湖南-博学东楼-303,1-5周,7-9周,11-13周 星期五 第3节-第5节 南湖南-博学东楼-303","XF":2,"SKXQ":7,"XNXQDM":"2024-2025-2","KCM":"习近平新时代中国特色社会主义思想概论","JASDM":"0202020303","JXLDM":"020202","JXBID":"20242-04488","SKBJ":"工程2301-02,给排水2301-02","TYXMDM":null,"KCH":"10211121033"},{"KKDWDM":"071","XS":48,"BYBZ":"0","JSJC":5,"XXXQDM":"02","KXH":"01","KSJC":3,"XKZRS":139,"SKZC":"000000000011111110000000000000","SKJS":"徐倩","ISTK":0,"ZCMC":"11-17周","YPSJDD":"11-17周 星期四 第3节-第5节 南湖南-博学东楼-303,1-9周 星期四 第3节-第5节 南湖南-博学东楼-303","XF":3,"SKXQ":4,"XNXQDM":"2024-2025-2","KCM":"概率论与数理统计B","JASDM":"0202020303","JXLDM":"020202","JXBID":"20242-04709","SKBJ":"制药zy2301-03,金融kj2301","TYXMDM":null,"KCH":"10155111054"},{"KKDWDM":"044","XS":32,"BYBZ":"0","JSJC":12,"XXXQDM":"02","KXH":"02","KSJC":11,"XKZRS":140,"SKZC":"000000000010000000000000","SKJS":"付敏","ISTK":0,"ZCMC":"11周","YPSJDD":"11周 星期二 第11节-第12节 南湖南-博学东楼-303,1-10周 星期二 第11节-第13节 南湖南-博学东楼-303","XF":2,"SKXQ":2,"XNXQDM":"2024-2025-2","KCM":"音乐鉴赏(GX)","JASDM":"0202020303","JXLDM":"020202","JXBID":"20242-11560","SKBJ":"公选-11560","TYXMDM":null,"KCH":"10442121059"},{"KKDWDM":"022","XS":48,"BYBZ":"0","JSJC":8,"XXXQDM":"02","KXH":"01","KSJC":6,"XKZRS":91,"SKZC":"000000000001110000000000000000","SKJS":"唐丹","ISTK":0,"ZCMC":"12-14周","YPSJDD":"12-14周 星期一 第6节-第8节 南湖南-博学东楼-303,1-10周 星期一 第6节-第8节 南湖南-博学东楼-303,16-17周 星期一 第6节-第8节 南湖南-博学东楼-303,17周 星期二 第6节-第8节 南湖南-博学东楼-303","XF":3,"SKXQ":1,"XNXQDM":"2024-2025-2","KCM":"中西文学比较研究","JASDM":"0202020303","JXLDM":"020202","JXBID":"20242-05510","SKBJ":"广告2301-02,新媒体2301-02","TYXMDM":null,"KCH":"10225121026"},{"KKDWDM":"011","XS":56,"BYBZ":"0","JSJC":4,"XXXQDM":"02","KXH":"01","KSJC":3,"XKZRS":102,"SKZC":"000000000001110000000000000000","SKJS":"杨媛媛,钟毅","ISTK":0,"ZCMC":"12-14周","YPSJDD":"1-10周 星期一 第3节-第4节 南湖南-博学东楼-303,12-14周 星期一 第3节-第4节 南湖南-博学东楼-303,16周 星期一 第3节-第4节 南湖南-博学东楼-303,1-14周 星期三 第6节-第7节 南湖南-博学东楼-303","XF":3,"SKXQ":1,"XNXQDM":"2024-2025-2","KCM":"数字电子技术基础B","JASDM":"0202020303","JXLDM":"020202","JXBID":"20242-05582","SKBJ":"物理JD2301,电信科2301-02","TYXMDM":null,"KCH":"10137311014"},{"KKDWDM":"017","XS":32,"BYBZ":"0","JSJC":12,"XXXQDM":"02","KXH":"01","KSJC":11,"XKZRS":90,"SKZC":"000000000001000000000000","SKJS":"徐慧娟","ISTK":0,"ZCMC":"12周","YPSJDD":"12周 星期一 第11节-第12节 南湖南-博学东楼-303,1-10周 星期一 第11节-第13节 南湖南-博学东楼-303","XF":2,"SKXQ":1,"XNXQDM":"2024-2025-2","KCM":"人力资源法规B","JASDM":"0202020303","JXLDM":"020202","JXBID":"20242-08230","SKBJ":"公选-08230","TYXMDM":null,"KCH":"10176121329"},{"KKDWDM":"021","XS":8,"BYBZ":"0","JSJC":7,"XXXQDM":"02","KXH":"614","KSJC":6,"XKZRS":137,"SKZC":"0000000000001111","SKJS":"高筱卉","ISTK":0,"ZCMC":"13-16周","YPSJDD":"13-16周 星期四 第6节-第7节 南湖南-博学东楼-303","XF":0,"SKXQ":4,"XNXQDM":"2024-2025-2","KCM":"形势与政策","JASDM":"0202020303","JXLDM":"020202","JXBID":"20242-14205","SKBJ":null,"TYXMDM":null,"KCH":"10218121092"},{"KKDWDM":"021","XS":8,"BYBZ":"0","JSJC":10,"XXXQDM":"02","KXH":"637","KSJC":9,"XKZRS":136,"SKZC":"0000000000001111","SKJS":"周晨","ISTK":0,"ZCMC":"13-16周","YPSJDD":"13-16周 星期四 第9节-第10节 南湖南-博学东楼-303","XF":0,"SKXQ":4,"XNXQDM":"2024-2025-2","KCM":"形势与政策","JASDM":"0202020303","JXLDM":"020202","JXBID":"20242-14228","SKBJ":null,"TYXMDM":null,"KCH":"10218121092"},{"KKDWDM":"071","XS":40,"BYBZ":"0","JSJC":7,"XXXQDM":"02","KXH":"37","KSJC":6,"XKZRS":139,"SKZC":"000000000000110000000000","SKJS":"朱慧颖","ISTK":0,"ZCMC":"13-14周","YPSJDD":"13-14周 星期二 第6节-第7节 南湖南-博学东楼-303,1-12周 星期二 第6节-第8节 南湖南-博学东楼-303","XF":2,"SKXQ":2,"XNXQDM":"2024-2025-2","KCM":"线性代数","JASDM":"0202020303","JXLDM":"020202","JXBID":"20242-11758","SKBJ":"土木类2405-08","TYXMDM":null,"KCH":"10153111001"},{"KKDWDM":"022","XS":48,"BYBZ":"0","JSJC":8,"XXXQDM":"02","KXH":"01","KSJC":6,"XKZRS":91,"SKZC":"000000000000000110000000000000","SKJS":"唐丹","ISTK":0,"ZCMC":"16-17周","YPSJDD":"12-14周 星期一 第6节-第8节 南湖南-博学东楼-303,1-10周 星期一 第6节-第8节 南湖南-博学东楼-303,16-17周 星期一 第6节-第8节 南湖南-博学东楼-303,17周 星期二 第6节-第8节 南湖南-博学东楼-303","XF":3,"SKXQ":1,"XNXQDM":"2024-2025-2","KCM":"中西文学比较研究","JASDM":"0202020303","JXLDM":"020202","JXBID":"20242-05510","SKBJ":"广告2301-02,新媒体2301-02","TYXMDM":null,"KCH":"10225121026"},{"KKDWDM":"011","XS":56,"BYBZ":"0","JSJC":4,"XXXQDM":"02","KXH":"01","KSJC":3,"XKZRS":102,"SKZC":"000000000000000100000000000000","SKJS":"杨媛媛,钟毅","ISTK":0,"ZCMC":"16周","YPSJDD":"1-10周 星期一 第3节-第4节 南湖南-博学东楼-303,12-14周 星期一 第3节-第4节 南湖南-博学东楼-303,16周 星期一 第3节-第4节 南湖南-博学东楼-303,1-14周 星期三 第6节-第7节 南湖南-博学东楼-303","XF":3,"SKXQ":1,"XNXQDM":"2024-2025-2","KCM":"数字电子技术基础B","JASDM":"0202020303","JXLDM":"020202","JXBID":"20242-05582","SKBJ":"物理JD2301,电信科2301-02","TYXMDM":null,"KCH":"10137311014"},{"KKDWDM":"022","XS":48,"BYBZ":"0","JSJC":8,"XXXQDM":"02","KXH":"01","KSJC":6,"XKZRS":91,"SKZC":"000000000000000010000000000000","SKJS":"唐丹","ISTK":0,"ZCMC":"17周","YPSJDD":"12-14周 星期一 第6节-第8节 南湖南-博学东楼-303,1-10周 星期一 第6节-第8节 南湖南-博学东楼-303,16-17周 星期一 第6节-第8节 南湖南-博学东楼-303,17周 星期二 第6节-第8节 南湖南-博学东楼-303","XF":3,"SKXQ":2,"XNXQDM":"2024-2025-2","KCM":"中西文学比较研究","JASDM":"0202020303","JXLDM":"020202","JXBID":"20242-05510","SKBJ":"广告2301-02,新媒体2301-02","TYXMDM":null,"KCH":"10225121026"}]}},"code":"0"}