{"datas":{"jaskcb":{"extParams":{"code":1,"msg":"查询成功"},"pageSize":0,"pageNumber":0,"totalSize":-1,"rows":[{"KKDWDM":"016","XS":64,"BYBZ":"0","JSJC":4,"XXXQDM":"02","KXH":"03","KSJC":3,"XKZRS":60,"SKZC":"111111111111111100000000000000","SKJS":"王苹,董玉林","ISTK":0,"ZCMC":"1-16周","YPSJDD":"17周 星期三 第6节-第7节 南湖南-博学西楼-103,1-5周 星期五 第6节-第7节 南湖南-博学西楼-103,9周 星期日 第6节-第7节 南湖南-博学西楼-103,11-16周 星期五 第6节-第7节 南湖南-博学西楼-103,7-9周 星期五 第6节-第7节 南湖南-博学西楼-103,1-16周 星期三 第3节-第4节 南湖南-博学西楼-103","XF":4,"SKXQ":3,"XNXQDM":"2024-2025-2","KCM":"物理化学C","JASDM":"0202030103","JXLDM":"020203","JXBID":"20242-04371","SKBJ":"环工2301-02","TYXMDM":null,"KCH":"10163112116"},{"KKDWDM":"022","XS":48,"BYBZ":"0","JSJC":2,"XXXQDM":"02","KXH":"01","KSJC":1,"XKZRS":28,"SKZC":"111111111111111100000000","SKJS":"张弛","ISTK":0,"ZCMC":"1-16周","YPSJDD":"1-16周 星期二 第1节-第2节 南湖南-博学西楼-103","XF":3,"SKXQ":2,"XNXQDM":"2024-2025-2","KCM":"数字出版产品创作与赏析","JASDM":"0202030103","JXLDM":"020203","JXBID":"20242-05737","SKBJ":"新媒体2301-02","TYXMDM":null,"KCH":"10224121102"},{"KKDWDM":"016","XS":32,"BYBZ":"0","JSJC":2,"XXXQDM":"02","KXH":"03","KSJC":1,"XKZRS":60,"SKZC":"1111111111111111","SKJS":"金玲","ISTK":0,"ZCMC":"1-16周","YPSJDD":"1-16周 星期三 第1节-第2节 南湖南-博学西楼-103","XF":2,"SKXQ":3,"XNXQDM":"2024-2025-2","KCM":"分析化学B","JASDM":"0202030103","JXLDM":"020203","JXBID":"20242-10328","SKBJ":"化生类2401-02","TYXMDM":null,"KCH":"10163112117"},{"KKDWDM":"007","XS":32,"BYBZ":"0","JSJC":4,"XXXQDM":"02","KXH":"06","KSJC":3,"XKZRS":29,"SKZC":"11111111111111","SKJS":"鞠洪玲,魏明锐","ISTK":0,"ZCMC":"1-14周","YPSJDD":"1-14周 星期二 第3节-第4节 南湖南-博学西楼-103","XF":2,"SKXQ":2,"XNXQDM":"2024-2025-2","KCM":"工程热力学C","JASDM":"0202030103","JXLDM":"020203","JXBID":"20242-10110","SKBJ":"能源2302","TYXMDM":null,"KCH":"10074117118"},{"KKDWDM":"022","XS":40,"BYBZ":"0","JSJC":5,"XXXQDM":"02","KXH":"01","KSJC":3,"XKZRS":25,"SKZC":"111111111101100000000000","SKJS":"陈雪","ISTK":0,"ZCMC":"1-10周,12-13周","YPSJDD":"14-16周(双) 星期一 第3节-第4节 南湖南-博学西楼-103,1-10周,12-13周 星期一 第3节-第5节 南湖南-博学西楼-103","XF":2,"SKXQ":1,"XNXQDM":"2024-2025-2","KCM":"教育学A","JASDM":"0202030103","JXLDM":"020203","JXBID":"20242-05805","SKBJ":"汉语2301","TYXMDM":null,"KCH":"10224121134"},{"KKDWDM":"020","XS":48,"BYBZ":"0","JSJC":8,"XXXQDM":"02","KXH":"07","KSJC":6,"XKZRS":37,"SKZC":"111111111100000000000000000000","SKJS":"林莺","ISTK":0,"ZCMC":"1-10周","YPSJDD":"16-17周 星期一 第6节-第8节 南湖南-博学西楼-103,1-10周 星期一 第6节-第8节 南湖南-博学西楼-103,12-14周 星期一 第6节-第8节 南湖南-博学西楼-103,17周 星期二 第6节-第8节 南湖南-博学西楼-103","XF":3,"SKXQ":1,"XNXQDM":"2024-2025-2","KCM":"高级英语2","JASDM":"0202030103","JXLDM":"020203","JXBID":"20242-11607","SKBJ":"车辆gj2401","TYXMDM":null,"KCH":"10201121070"},{"KKDWDM":"016","XS":32,"BYBZ":"0","JSJC":4,"XXXQDM":"02","KXH":"11","KSJC":3,"XKZRS":59,"SKZC":"111111111000000000000000000000","SKJS":"姚礼峰","ISTK":0,"ZCMC":"1-9周","YPSJDD":"1-9周 星期四 第3节-第4节 南湖南-博学西楼-103,11-17周 星期四 第3节-第4节 南湖南-博学西楼-103","XF":2,"SKXQ":4,"XNXQDM":"2024-2025-2","KCM":"分析化学B","JASDM":"0202030103","JXLDM":"020203","JXBID":"20242-10336","SKBJ":"化生类2409-10","TYXMDM":null,"KCH":"10163112117"},{"KKDWDM":"029","XS":32,"BYBZ":"0","JSJC":13,"XXXQDM":"02","KXH":"01","KSJC":11,"XKZRS":53,"SKZC":"1111111100000000000000000","SKJS":"潘建军,甘维兵,祁耀斌","ISTK":0,"ZCMC":"1-8周","YPSJDD":"1-8周 星期四 第11节-第13节 南湖南-博学西楼-103","XF":2,"SKXQ":4,"XNXQDM":"2024-2025-2","KCM":"产品研发中试管控技术(JD)","JASDM":"0202030103","JXLDM":"020203","JXBID":"20242-08847","SKBJ":"公选-08847","TYXMDM":null,"KCH":"10296121007"},{"KKDWDM":"009","XS":24,"BYBZ":"0","JSJC":8,"XXXQDM":"02","KXH":"01","KSJC":6,"XKZRS":25,"SKZC":"11111111","SKJS":"余泽阳","ISTK":0,"ZCMC":"1-8周","YPSJDD":"1-8周 星期三 第6节-第8节 南湖南-博学西楼-103","XF":1,"SKXQ":3,"XNXQDM":"2024-2025-2","KCM":"建筑设计案例解析","JASDM":"0202030103","JXLDM":"020203","JXBID":"20242-04188","SKBJ":"建筑学2101-02","TYXMDM":null,"KCH":"10096121116"},{"KKDWDM":"009","XS":24,"BYBZ":"0","JSJC":13,"XXXQDM":"02","KXH":"01","KSJC":11,"XKZRS":28,"SKZC":"11111111","SKJS":"陈琼","ISTK":0,"ZCMC":"1-8周","YPSJDD":"1-8周 星期二 第11节-第13节 南湖南-博学西楼-103","XF":1,"SKXQ":2,"XNXQDM":"2024-2025-2","KCM":"可持续建筑A","JASDM":"0202030103","JXLDM":"020203","JXBID":"20242-07630","SKBJ":"公选-07630","TYXMDM":null,"KCH":"10096113105"},{"KKDWDM":"016","XS":64,"BYBZ":"0","JSJC":7,"XXXQDM":"02","KXH":"03","KSJC":6,"XKZRS":60,"SKZC":"111110000000000000000000000000","SKJS":"王苹,董玉林","ISTK":0,"ZCMC":"1-5周","YPSJDD":"17周 星期三 第6节-第7节 南湖南-博学西楼-103,1-5周 星期五 第6节-第7节 南湖南-博学西楼-103,9周 星期日 第6节-第7节 南湖南-博学西楼-103,11-16周 星期五 第6节-第7节 南湖南-博学西楼-103,7-9周 星期五 第6节-第7节 南湖南-博学西楼-103,1-16周 星期三 第3节-第4节 南湖南-博学西楼-103","XF":4,"SKXQ":5,"XNXQDM":"2024-2025-2","KCM":"物理化学C","JASDM":"0202030103","JXLDM":"020203","JXBID":"20242-04371","SKBJ":"环工2301-02","TYXMDM":null,"KCH":"10163112116"},{"KKDWDM":"022","XS":48,"BYBZ":"0","JSJC":5,"XXXQDM":"02","KXH":"01","KSJC":3,"XKZRS":55,"SKZC":"111110000000000000000000000000","SKJS":"胡璟","ISTK":0,"ZCMC":"1-5周","YPSJDD":"7-9周 星期五 第3节-第5节 南湖南-博学西楼-103,11-16周 星期五 第3节-第5节 南湖南-博学西楼-103,1-5周 星期五 第3节-第5节 南湖南-博学西楼-103,9周 星期日 第3节-第5节 南湖南-博学西楼-103,17周 星期三 第3节-第5节 南湖南-博学西楼-103","XF":3,"SKXQ":5,"XNXQDM":"2024-2025-2","KCM":"数字媒介伦理与批评","JASDM":"0202030103","JXLDM":"020203","JXBID":"20242-05840","SKBJ":"新媒体2301-02","TYXMDM":null,"KCH":"10225121017"},{"KKDWDM":"020","XS":32,"BYBZ":"0","JSJC":13,"XXXQDM":"02","KXH":"01","KSJC":11,"XKZRS":52,"SKZC":"011111111100000000000000000000","SKJS":"卢潇潇","ISTK":0,"ZCMC":"2-10周","YPSJDD":"1周 星期一 第11节-第13节 南湖南-博学西楼-214,12周 星期一 第11节-第12节 南湖南-博学西楼-103,2-10周 星期一 第11节-第13节 南湖南-博学西楼-103","XF":2,"SKXQ":1,"XNXQDM":"2024-2025-2","KCM":"旅游英语(GX)","JASDM":"0202030103","JXLDM":"020203","JXBID":"20242-08418","SKBJ":"公选-08418","TYXMDM":null,"KCH":"10202121104"},{"KKDWDM":"022","XS":48,"BYBZ":"0","JSJC":5,"XXXQDM":"02","KXH":"01","KSJC":3,"XKZRS":55,"SKZC":"000000111000000000000000000000","SKJS":"胡璟","ISTK":0,"ZCMC":"7-9周","YPSJDD":"7-9周 星期五 第3节-第5节 南湖南-博学西楼-103,11-16周 星期五 第3节-第5节 南湖南-博学西楼-103,1-5周 星期五 第3节-第5节 南湖南-博学西楼-103,9周 星期日 第3节-第5节 南湖南-博学西楼-103,17周 星期三 第3节-第5节 南湖南-博学西楼-103","XF":3,"SKXQ":5,"XNXQDM":"2024-2025-2","KCM":"数字媒介伦理与批评","JASDM":"0202030103","JXLDM":"020203","JXBID":"20242-05840","SKBJ":"新媒体2301-02","TYXMDM":null,"KCH":"10225121017"},{"KKDWDM":"016","XS":64,"BYBZ":"0","JSJC":7,"XXXQDM":"02","KXH":"03","KSJC":6,"XKZRS":60,"SKZC":"000000111000000000000000000000","SKJS":"王苹,董玉林","ISTK":0,"ZCMC":"7-9周","YPSJDD":"17周 星期三 第6节-第7节 南湖南-博学西楼-103,1-5周 星期五 第6节-第7节 南湖南-博学西楼-103,9周 星期日 第6节-第7节 南湖南-博学西楼-103,11-16周 星期五 第6节-第7节 南湖南-博学西楼-103,7-9周 星期五 第6节-第7节 南湖南-博学西楼-103,1-16周 星期三 第3节-第4节 南湖南-博学西楼-103","XF":4,"SKXQ":5,"XNXQDM":"2024-2025-2","KCM":"物理化学C","JASDM":"0202030103","JXLDM":"020203","JXBID":"20242-04371","SKBJ":"环工2301-02","TYXMDM":null,"KCH":"10163112116"},{"KKDWDM":"009","XS":24,"BYBZ":"0","JSJC":8,"XXXQDM":"02","KXH":"03","KSJC":6,"XKZRS":54,"SKZC":"0000000011111111","SKJS":"王发堂","ISTK":0,"ZCMC":"9-16周","YPSJDD":"9-16周 星期二 第6节-第8节 南湖南-博学西楼-103","XF":1,"SKXQ":2,"XNXQDM":"2024-2025-2","KCM":"当代建筑思潮","JASDM":"0202030103","JXLDM":"020203","JXBID":"20242-04046","SKBJ":"建筑学2101-02","TYXMDM":null,"KCH":"10155111001"},{"KKDWDM":"022","XS":48,"BYBZ":"0","JSJC":5,"XXXQDM":"02","KXH":"01","KSJC":3,"XKZRS":55,"SKZC":"000000001000000000000000000000","SKJS":"胡璟","ISTK":0,"ZCMC":"9周","YPSJDD":"7-9周 星期五 第3节-第5节 南湖南-博学西楼-103,11-16周 星期五 第3节-第5节 南湖南-博学西楼-103,1-5周 星期五 第3节-第5节 南湖南-博学西楼-103,9周 星期日 第3节-第5节 南湖南-博学西楼-103,17周 星期三 第3节-第5节 南湖南-博学西楼-103","XF":3,"SKXQ":7,"XNXQDM":"2024-2025-2","KCM":"数字媒介伦理与批评","JASDM":"0202030103","JXLDM":"020203","JXBID":"20242-05840","SKBJ":"新媒体2301-02","TYXMDM":null,"KCH":"10225121017"},{"KKDWDM":"016","XS":64,"BYBZ":"0","JSJC":7,"XXXQDM":"02","KXH":"03","KSJC":6,"XKZRS":60,"SKZC":"000000001000000000000000000000","SKJS":"王苹,董玉林","ISTK":0,"ZCMC":"9周","YPSJDD":"17周 星期三 第6节-第7节 南湖南-博学西楼-103,1-5周 星期五 第6节-第7节 南湖南-博学西楼-103,9周 星期日 第6节-第7节 南湖南-博学西楼-103,11-16周 星期五 第6节-第7节 南湖南-博学西楼-103,7-9周 星期五 第6节-第7节 南湖南-博学西楼-103,1-16周 星期三 第3节-第4节 南湖南-博学西楼-103","XF":4,"SKXQ":7,"XNXQDM":"2024-2025-2","KCM":"物理化学C","JASDM":"0202030103","JXLDM":"020203","JXBID":"20242-04371","SKBJ":"环工2301-02","TYXMDM":null,"KCH":"10163112116"},{"KKDWDM":"016","XS":32,"BYBZ":"0","JSJC":4,"XXXQDM":"02","KXH":"11","KSJC":3,"XKZRS":59,"SKZC":"000000000011111110000000000000","SKJS":"姚礼峰","ISTK":0,"ZCMC":"11-17周","YPSJDD":"1-9周 星期四 第3节-第4节 南湖南-博学西楼-103,11-17周 星期四 第3节-第4节 南湖南-博学西楼-103","XF":2,"SKXQ":4,"XNXQDM":"2024-2025-2","KCM":"分析化学B","JASDM":"0202030103","JXLDM":"020203","JXBID":"20242-10336","SKBJ":"化生类2409-10","TYXMDM":null,"KCH":"10163112117"},{"KKDWDM":"022","XS":48,"BYBZ":"0","JSJC":5,"XXXQDM":"02","KXH":"01","KSJC":3,"XKZRS":55,"SKZC":"000000000011111100000000000000","SKJS":"胡璟","ISTK":0,"ZCMC":"11-16周","YPSJDD":"7-9周 星期五 第3节-第5节 南湖南-博学西楼-103,11-16周 星期五 第3节-第5节 南湖南-博学西楼-103,1-5周 星期五 第3节-第5节 南湖南-博学西楼-103,9周 星期日 第3节-第5节 南湖南-博学西楼-103,17周 星期三 第3节-第5节 南湖南-博学西楼-103","XF":3,"SKXQ":5,"XNXQDM":"2024-2025-2","KCM":"数字媒介伦理与批评","JASDM":"0202030103","JXLDM":"020203","JXBID":"20242-05840","SKBJ":"新媒体2301-02","TYXMDM":null,"KCH":"10225121017"},{"KKDWDM":"016","XS":64,"BYBZ":"0","JSJC":7,"XXXQDM":"02","KXH":"03","KSJC":6,"XKZRS":60,"SKZC":"000000000011111100000000000000","SKJS":"王苹,董玉林","ISTK":0,"ZCMC":"11-16周","YPSJDD":"17周 星期三 第6节-第7节 南湖南-博学西楼-103,1-5周 星期五 第6节-第7节 南湖南-博学西楼-103,9周 星期日 第6节-第7节 南湖南-博学西楼-103,11-16周 星期五 第6节-第7节 南湖南-博学西楼-103,7-9周 星期五 第6节-第7节 南湖南-博学西楼-103,1-16周 星期三 第3节-第4节 南湖南-博学西楼-103","XF":4,"SKXQ":5,"XNXQDM":"2024-2025-2","KCM":"物理化学C","JASDM":"0202030103","JXLDM":"020203","JXBID":"20242-04371","SKBJ":"环工2301-02","TYXMDM":null,"KCH":"10163112116"},{"KKDWDM":"020","XS":48,"BYBZ":"0","JSJC":8,"XXXQDM":"02","KXH":"07","KSJC":6,"XKZRS":37,"SKZC":"000000000001110000000000000000","SKJS":"林莺","ISTK":0,"ZCMC":"12-14周","YPSJDD":"16-17周 星期一 第6节-第8节 南湖南-博学西楼-103,1-10周 星期一 第6节-第8节 南湖南-博学西楼-103,12-14周 星期一 第6节-第8节 南湖南-博学西楼-103,17周 星期二 第6节-第8节 南湖南-博学西楼-103","XF":3,"SKXQ":1,"XNXQDM":"2024-2025-2","KCM":"高级英语2","JASDM":"0202030103","JXLDM":"020203","JXBID":"20242-11607","SKBJ":"车辆gj2401","TYXMDM":null,"KCH":"10201121070"},{"KKDWDM":"020","XS":32,"BYBZ":"0","JSJC":12,"XXXQDM":"02","KXH":"01","KSJC":11,"XKZRS":52,"SKZC":"000000000001000000000000000000","SKJS":"卢潇潇","ISTK":0,"ZCMC":"12周","YPSJDD":"1周 星期一 第11节-第13节 南湖南-博学西楼-214,12周 星期一 第11节-第12节 南湖南-博学西楼-103,2-10周 星期一 第11节-第13节 南湖南-博学西楼-103","XF":2,"SKXQ":1,"XNXQDM":"2024-2025-2","KCM":"旅游英语(GX)","JASDM":"0202030103","JXLDM":"020203","JXBID":"20242-08418","SKBJ":"公选-08418","TYXMDM":null,"KCH":"10202121104"},{"KKDWDM":"022","XS":40,"BYBZ":"0","JSJC":4,"XXXQDM":"02","KXH":"01","KSJC":3,"XKZRS":25,"SKZC":"000000000000010100000000","SKJS":"陈雪","ISTK":0,"ZCMC":"14-16周(双)","YPSJDD":"14-16周(双) 星期一 第3节-第4节 南湖南-博学西楼-103,1-10周,12-13周 星期一 第3节-第5节 南湖南-博学西楼-103","XF":2,"SKXQ":1,"XNXQDM":"2024-2025-2","KCM":"教育学A","JASDM":"0202030103","JXLDM":"020203","JXBID":"20242-05805","SKBJ":"汉语2301","TYXMDM":null,"KCH":"10224121134"},{"KKDWDM":"020","XS":48,"BYBZ":"0","JSJC":8,"XXXQDM":"02","KXH":"07","KSJC":6,"XKZRS":37,"SKZC":"000000000000000110000000000000","SKJS":"林莺","ISTK":0,"ZCMC":"16-17周","YPSJDD":"16-17周 星期一 第6节-第8节 南湖南-博学西楼-103,1-10周 星期一 第6节-第8节 南湖南-博学西楼-103,12-14周 星期一 第6节-第8节 南湖南-博学西楼-103,17周 星期二 第6节-第8节 南湖南-博学西楼-103","XF":3,"SKXQ":1,"XNXQDM":"2024-2025-2","KCM":"高级英语2","JASDM":"0202030103","JXLDM":"020203","JXBID":"20242-11607","SKBJ":"车辆gj2401","TYXMDM":null,"KCH":"10201121070"},{"KKDWDM":"022","XS":48,"BYBZ":"0","JSJC":5,"XXXQDM":"02","KXH":"01","KSJC":3,"XKZRS":55,"SKZC":"000000000000000010000000000000","SKJS":"胡璟","ISTK":0,"ZCMC":"17周","YPSJDD":"7-9周 星期五 第3节-第5节 南湖南-博学西楼-103,11-16周 星期五 第3节-第5节 南湖南-博学西楼-103,1-5周 星期五 第3节-第5节 南湖南-博学西楼-103,9周 星期日 第3节-第5节 南湖南-博学西楼-103,17周 星期三 第3节-第5节 南湖南-博学西楼-103","XF":3,"SKXQ":3,"XNXQDM":"2024-2025-2","KCM":"数字媒介伦理与批评","JASDM":"0202030103","JXLDM":"020203","JXBID":"20242-05840","SKBJ":"新媒体2301-02","TYXMDM":null,"KCH":"10225121017"},{"KKDWDM":"020","XS":48,"BYBZ":"0","JSJC":8,"XXXQDM":"02","KXH":"07","KSJC":6,"XKZRS":37,"SKZC":"000000000000000010000000000000","SKJS":"林莺","ISTK":0,"ZCMC":"17周","YPSJDD":"16-17周 星期一 第6节-第8节 南湖南-博学西楼-103,1-10周 星期一 第6节-第8节 南湖南-博学西楼-103,12-14周 星期一 第6节-第8节 南湖南-博学西楼-103,17周 星期二 第6节-第8节 南湖南-博学西楼-103","XF":3,"SKXQ":2,"XNXQDM":"2024-2025-2","KCM":"高级英语2","JASDM":"0202030103","JXLDM":"020203","JXBID":"20242-11607","SKBJ":"车辆gj2401","TYXMDM":null,"KCH":"10201121070"},{"KKDWDM":"016","XS":64,"BYBZ":"0","JSJC":7,"XXXQDM":"02","KXH":"03","KSJC":6,"XKZRS":60,"SKZC":"000000000000000010000000000000","SKJS":"王苹,董玉林","ISTK":0,"ZCMC":"17周","YPSJDD":"17周 星期三 第6节-第7节 南湖南-博学西楼-103,1-5周 星期五 第6节-第7节 南湖南-博学西楼-103,9周 星期日 第6节-第7节 南湖南-博学西楼-103,11-16周 星期五 第6节-第7节 南湖南-博学西楼-103,7-9周 星期五 第6节-第7节 南湖南-博学西楼-103,1-16周 星期三 第3节-第4节 南湖南-博学西楼-103","XF":4,"SKXQ":3,"XNXQDM":"2024-2025-2","KCM":"物理化学C","JASDM":"0202030103","JXLDM":"020203","JXBID":"20242-04371","SKBJ":"环工2301-02","TYXMDM":null,"KCH":"10163112116"}]}},"code":"0"}