{"datas":{"jaskcb":{"extParams":{"code":1,"msg":"查询成功"},"pageSize":0,"pageNumber":0,"totalSize":-1,"rows":[{"KKDWDM":"012","XS":32,"BYBZ":"0","JSJC":5,"XXXQDM":"02","KXH":"04","KSJC":3,"XKZRS":81,"SKZC":"000011111111111","SKJS":"周德仿,杨世达","ISTK":0,"ZCMC":"5-15周","YPSJDD":"5-15周 星期三 第3节-第5节 南湖南-博学东楼-501","XF":1,"SKXQ":3,"XNXQDM":"2024-2025-2","KCM":"计算机基础与C程序设计综合实验B","JASDM":"0202020501","JXLDM":"020202","JXBID":"20242-11954","SKBJ":"机电类2415-16","TYXMDM":null,"KCH":"10121221091"},{"KKDWDM":"012","XS":32,"BYBZ":"0","JSJC":8,"XXXQDM":"02","KXH":"02","KSJC":6,"XKZRS":70,"SKZC":"000011111111111","SKJS":"陈明俊","ISTK":0,"ZCMC":"5-15周","YPSJDD":"5-15周 星期二 第6节-第8节 南湖南-博学东楼-501","XF":1,"SKXQ":2,"XNXQDM":"2024-2025-2","KCM":"计算机基础与Python程序设计综合实验A","JASDM":"0202020501","JXLDM":"020202","JXBID":"20242-05939","SKBJ":"应化jd2401,材科珠峰2401","TYXMDM":null,"KCH":"10121221090"},{"KKDWDM":"012","XS":32,"BYBZ":"0","JSJC":8,"XXXQDM":"02","KXH":"02","KSJC":6,"XKZRS":74,"SKZC":"000011111100000000000000000000","SKJS":"李宁","ISTK":0,"ZCMC":"5-10周","YPSJDD":"16-17周 星期一 第6节-第8节 南湖南-博学东楼-501,5-10周 星期一 第6节-第8节 南湖南-博学东楼-501,12-14周 星期一 第6节-第8节 南湖南-博学东楼-501","XF":1,"SKXQ":1,"XNXQDM":"2024-2025-2","KCM":"计算机基础与Python程序设计综合实验B","JASDM":"0202020501","JXLDM":"020202","JXBID":"20242-06322","SKBJ":"环科类2407-08","TYXMDM":null,"KCH":"10121221089"},{"KKDWDM":"012","XS":32,"BYBZ":"0","JSJC":8,"XXXQDM":"02","KXH":"04","KSJC":6,"XKZRS":102,"SKZC":"000001000100001000000000000000","SKJS":"王红霞","ISTK":0,"ZCMC":"6周,10周,15周","YPSJDD":"6周,10周,15周 星期三 第6节-第8节 南湖南-博学东楼-501,5周,7-9周,11-14周 星期六 第9节-第11节 南湖北-爱特楼-902","XF":1,"SKXQ":3,"XNXQDM":"2024-2025-2","KCM":"计算机基础与Python程序设计综合实验B","JASDM":"0202020501","JXLDM":"020202","JXBID":"20242-06520","SKBJ":"金融gj2401-03","TYXMDM":null,"KCH":"10121221089"},{"KKDWDM":"012","XS":32,"BYBZ":"0","JSJC":5,"XXXQDM":"02","KXH":"01","KSJC":3,"XKZRS":52,"SKZC":"000000111000000000000000000000","SKJS":"魏敏","ISTK":0,"ZCMC":"7-9周","YPSJDD":"17周 星期五 第3节-第5节 南湖南-博学东楼-501,11-16周 星期五 第3节-第5节 南湖南-博学东楼-501,9周 星期日 第3节-第5节 南湖南-博学东楼-501,7-9周 星期五 第3节-第5节 南湖南-博学东楼-501","XF":1,"SKXQ":5,"XNXQDM":"2024-2025-2","KCM":"计算机基础与VBA程序设计综合实验","JASDM":"0202020501","JXLDM":"020202","JXBID":"20242-06333","SKBJ":"运动训练2401-02","TYXMDM":null,"KCH":"10121217148"},{"KKDWDM":"012","XS":32,"BYBZ":"0","JSJC":8,"XXXQDM":"02","KXH":"12","KSJC":6,"XKZRS":75,"SKZC":"000000111000000000000000000000","SKJS":"李屾","ISTK":0,"ZCMC":"7-9周","YPSJDD":"9周 星期日 第6节-第8节 南湖南-博学东楼-501,11-16周 星期五 第6节-第8节 南湖南-博学东楼-501,7-9周 星期五 第6节-第8节 南湖南-博学东楼-501,17周 星期五 第6节-第8节 南湖南-博学东楼-501","XF":1,"SKXQ":5,"XNXQDM":"2024-2025-2","KCM":"计算机基础与Python程序设计综合实验B","JASDM":"0202020501","JXLDM":"020202","JXBID":"20242-12108","SKBJ":"环科类2403-04","TYXMDM":null,"KCH":"10121221089"},{"KKDWDM":"012","XS":32,"BYBZ":"0","JSJC":8,"XXXQDM":"02","KXH":"12","KSJC":6,"XKZRS":75,"SKZC":"000000001000000000000000000000","SKJS":"李屾","ISTK":0,"ZCMC":"9周","YPSJDD":"9周 星期日 第6节-第8节 南湖南-博学东楼-501,11-16周 星期五 第6节-第8节 南湖南-博学东楼-501,7-9周 星期五 第6节-第8节 南湖南-博学东楼-501,17周 星期五 第6节-第8节 南湖南-博学东楼-501","XF":1,"SKXQ":7,"XNXQDM":"2024-2025-2","KCM":"计算机基础与Python程序设计综合实验B","JASDM":"0202020501","JXLDM":"020202","JXBID":"20242-12108","SKBJ":"环科类2403-04","TYXMDM":null,"KCH":"10121221089"},{"KKDWDM":"012","XS":32,"BYBZ":"0","JSJC":5,"XXXQDM":"02","KXH":"01","KSJC":3,"XKZRS":52,"SKZC":"000000001000000000000000000000","SKJS":"魏敏","ISTK":0,"ZCMC":"9周","YPSJDD":"17周 星期五 第3节-第5节 南湖南-博学东楼-501,11-16周 星期五 第3节-第5节 南湖南-博学东楼-501,9周 星期日 第3节-第5节 南湖南-博学东楼-501,7-9周 星期五 第3节-第5节 南湖南-博学东楼-501","XF":1,"SKXQ":7,"XNXQDM":"2024-2025-2","KCM":"计算机基础与VBA程序设计综合实验","JASDM":"0202020501","JXLDM":"020202","JXBID":"20242-06333","SKBJ":"运动训练2401-02","TYXMDM":null,"KCH":"10121217148"},{"KKDWDM":"012","XS":32,"BYBZ":"0","JSJC":8,"XXXQDM":"02","KXH":"12","KSJC":6,"XKZRS":75,"SKZC":"000000000011111100000000000000","SKJS":"李屾","ISTK":0,"ZCMC":"11-16周","YPSJDD":"9周 星期日 第6节-第8节 南湖南-博学东楼-501,11-16周 星期五 第6节-第8节 南湖南-博学东楼-501,7-9周 星期五 第6节-第8节 南湖南-博学东楼-501,17周 星期五 第6节-第8节 南湖南-博学东楼-501","XF":1,"SKXQ":5,"XNXQDM":"2024-2025-2","KCM":"计算机基础与Python程序设计综合实验B","JASDM":"0202020501","JXLDM":"020202","JXBID":"20242-12108","SKBJ":"环科类2403-04","TYXMDM":null,"KCH":"10121221089"},{"KKDWDM":"012","XS":32,"BYBZ":"0","JSJC":5,"XXXQDM":"02","KXH":"01","KSJC":3,"XKZRS":52,"SKZC":"000000000011111100000000000000","SKJS":"魏敏","ISTK":0,"ZCMC":"11-16周","YPSJDD":"17周 星期五 第3节-第5节 南湖南-博学东楼-501,11-16周 星期五 第3节-第5节 南湖南-博学东楼-501,9周 星期日 第3节-第5节 南湖南-博学东楼-501,7-9周 星期五 第3节-第5节 南湖南-博学东楼-501","XF":1,"SKXQ":5,"XNXQDM":"2024-2025-2","KCM":"计算机基础与VBA程序设计综合实验","JASDM":"0202020501","JXLDM":"020202","JXBID":"20242-06333","SKBJ":"运动训练2401-02","TYXMDM":null,"KCH":"10121217148"},{"KKDWDM":"012","XS":32,"BYBZ":"0","JSJC":8,"XXXQDM":"02","KXH":"02","KSJC":6,"XKZRS":74,"SKZC":"000000000001110000000000000000","SKJS":"李宁","ISTK":0,"ZCMC":"12-14周","YPSJDD":"16-17周 星期一 第6节-第8节 南湖南-博学东楼-501,5-10周 星期一 第6节-第8节 南湖南-博学东楼-501,12-14周 星期一 第6节-第8节 南湖南-博学东楼-501","XF":1,"SKXQ":1,"XNXQDM":"2024-2025-2","KCM":"计算机基础与Python程序设计综合实验B","JASDM":"0202020501","JXLDM":"020202","JXBID":"20242-06322","SKBJ":"环科类2407-08","TYXMDM":null,"KCH":"10121221089"},{"KKDWDM":"012","XS":32,"BYBZ":"0","JSJC":8,"XXXQDM":"02","KXH":"02","KSJC":6,"XKZRS":74,"SKZC":"000000000000000110000000000000","SKJS":"李宁","ISTK":0,"ZCMC":"16-17周","YPSJDD":"16-17周 星期一 第6节-第8节 南湖南-博学东楼-501,5-10周 星期一 第6节-第8节 南湖南-博学东楼-501,12-14周 星期一 第6节-第8节 南湖南-博学东楼-501","XF":1,"SKXQ":1,"XNXQDM":"2024-2025-2","KCM":"计算机基础与Python程序设计综合实验B","JASDM":"0202020501","JXLDM":"020202","JXBID":"20242-06322","SKBJ":"环科类2407-08","TYXMDM":null,"KCH":"10121221089"},{"KKDWDM":"012","XS":32,"BYBZ":"0","JSJC":8,"XXXQDM":"02","KXH":"12","KSJC":6,"XKZRS":75,"SKZC":"000000000000000010000000000000","SKJS":"李屾","ISTK":0,"ZCMC":"17周","YPSJDD":"9周 星期日 第6节-第8节 南湖南-博学东楼-501,11-16周 星期五 第6节-第8节 南湖南-博学东楼-501,7-9周 星期五 第6节-第8节 南湖南-博学东楼-501,17周 星期五 第6节-第8节 南湖南-博学东楼-501","XF":1,"SKXQ":5,"XNXQDM":"2024-2025-2","KCM":"计算机基础与Python程序设计综合实验B","JASDM":"0202020501","JXLDM":"020202","JXBID":"20242-12108","SKBJ":"环科类2403-04","TYXMDM":null,"KCH":"10121221089"},{"KKDWDM":"012","XS":32,"BYBZ":"0","JSJC":5,"XXXQDM":"02","KXH":"01","KSJC":3,"XKZRS":52,"SKZC":"000000000000000010000000000000","SKJS":"魏敏","ISTK":0,"ZCMC":"17周","YPSJDD":"17周 星期五 第3节-第5节 南湖南-博学东楼-501,11-16周 星期五 第3节-第5节 南湖南-博学东楼-501,9周 星期日 第3节-第5节 南湖南-博学东楼-501,7-9周 星期五 第3节-第5节 南湖南-博学东楼-501","XF":1,"SKXQ":5,"XNXQDM":"2024-2025-2","KCM":"计算机基础与VBA程序设计综合实验","JASDM":"0202020501","JXLDM":"020202","JXBID":"20242-06333","SKBJ":"运动训练2401-02","TYXMDM":null,"KCH":"10121217148"}]}},"code":"0"}