{"datas":{"jaskcb":{"extParams":{"code":1,"msg":"查询成功"},"pageSize":0,"pageNumber":0,"totalSize":-1,"rows":[{"KKDWDM":"071","XS":88,"BYBZ":"0","JSJC":2,"XXXQDM":"02","KXH":"14","KSJC":1,"XKZRS":138,"SKZC":"111111111111111000000000000000","SKJS":"宗志雄","ISTK":0,"ZCMC":"1-15周","YPSJDD":"12-14周 星期一 第3节-第4节 南湖南-博学主楼-202,11-15周 星期四 第3节-第4节 南湖南-博学主楼-202,1-9周 星期四 第3节-第4节 南湖南-博学主楼-202,1-10周 星期一 第3节-第4节 南湖南-博学主楼-202,1-15周 星期三 第1节-第2节 南湖南-博学主楼-202,16-17周 星期一 第3节-第4节 南湖南-博学主楼-202","XF":5,"SKXQ":3,"XNXQDM":"2024-2025-2","KCM":"高等数学A下","JASDM":"0202040202","JXLDM":"020204","JXBID":"20242-10434","SKBJ":"机电类2405-08","TYXMDM":null,"KCH":"10153121060"},{"KKDWDM":"071","XS":88,"BYBZ":"0","JSJC":4,"XXXQDM":"02","KXH":"33","KSJC":3,"XKZRS":133,"SKZC":"111111111111111000000000000000","SKJS":"刘道海","ISTK":0,"ZCMC":"1-15周","YPSJDD":"11-15周 星期四 第1节-第2节 南湖南-博学主楼-202,1-10周 星期一 第1节-第2节 南湖南-博学主楼-202,16-17周 星期一 第1节-第2节 南湖南-博学主楼-202,1-9周 星期四 第1节-第2节 南湖南-博学主楼-202,12-14周 星期一 第1节-第2节 南湖南-博学主楼-202,1-15周 星期三 第3节-第4节 南湖南-博学主楼-202","XF":5,"SKXQ":3,"XNXQDM":"2024-2025-2","KCM":"高等数学A下","JASDM":"0202040202","JXLDM":"020204","JXBID":"20242-10431","SKBJ":"化生类2405-08","TYXMDM":null,"KCH":"10153121060"},{"KKDWDM":"021","XS":42,"BYBZ":"0","JSJC":8,"XXXQDM":"02","KXH":"32","KSJC":6,"XKZRS":109,"SKZC":"111111111111110000000000","SKJS":"彭肖建","ISTK":0,"ZCMC":"1-14周","YPSJDD":"1-14周 星期三 第6节-第8节 南湖南-博学主楼-202","XF":2,"SKXQ":3,"XNXQDM":"2024-2025-2","KCM":"马克思主义基本原理","JASDM":"0202040202","JXLDM":"020204","JXBID":"20242-12175","SKBJ":"人工智能2301-02,经 济2301","TYXMDM":null,"KCH":"10211117035"},{"KKDWDM":"071","XS":48,"BYBZ":"0","JSJC":8,"XXXQDM":"02","KXH":"01","KSJC":6,"XKZRS":46,"SKZC":"111111111111000000000000","SKJS":"陆济湘","ISTK":0,"ZCMC":"1-12周","YPSJDD":"13-14周 星期二 第6节-第7节 南湖南-博学主楼-202,1-12周 星期二 第6节-第8节 南湖南-博学主楼-202","XF":3,"SKXQ":2,"XNXQDM":"2024-2025-2","KCM":"计算机图形学A","JASDM":"0202040202","JXLDM":"020204","JXBID":"20242-02282","SKBJ":"信计2201-02,数学jd2201","TYXMDM":null,"KCH":"10155113018"},{"KKDWDM":"071","XS":40,"BYBZ":"0","JSJC":5,"XXXQDM":"02","KXH":"25","KSJC":3,"XKZRS":137,"SKZC":"111111111111000000000000","SKJS":"朱勃然","ISTK":0,"ZCMC":"1-12周","YPSJDD":"13-14周 星期二 第3节-第4节 南湖南-博学主楼-202,1-12周 星期二 第3节-第5节 南湖南-博学主楼-202","XF":2,"SKXQ":2,"XNXQDM":"2024-2025-2","KCM":"线性代数","JASDM":"0202040202","JXLDM":"020204","JXBID":"20242-11742","SKBJ":"机电类2405-08","TYXMDM":null,"KCH":"10153111001"},{"KKDWDM":"071","XS":88,"BYBZ":"0","JSJC":2,"XXXQDM":"02","KXH":"33","KSJC":1,"XKZRS":133,"SKZC":"111111111100000000000000000000","SKJS":"刘道海","ISTK":0,"ZCMC":"1-10周","YPSJDD":"11-15周 星期四 第1节-第2节 南湖南-博学主楼-202,1-10周 星期一 第1节-第2节 南湖南-博学主楼-202,16-17周 星期一 第1节-第2节 南湖南-博学主楼-202,1-9周 星期四 第1节-第2节 南湖南-博学主楼-202,12-14周 星期一 第1节-第2节 南湖南-博学主楼-202,1-15周 星期三 第3节-第4节 南湖南-博学主楼-202","XF":5,"SKXQ":1,"XNXQDM":"2024-2025-2","KCM":"高等数学A下","JASDM":"0202040202","JXLDM":"020204","JXBID":"20242-10431","SKBJ":"化生类2405-08","TYXMDM":null,"KCH":"10153121060"},{"KKDWDM":"021","XS":36,"BYBZ":"0","JSJC":8,"XXXQDM":"02","KXH":"103","KSJC":6,"XKZRS":103,"SKZC":"111111111100000000000000000000","SKJS":"刘国龙","ISTK":0,"ZCMC":"1-10周","YPSJDD":"1-10周 星期一 第6节-第8节 南湖南-博学主楼-202,12-13周 星期一 第6节-第8节 南湖南-博学主楼-202","XF":2,"SKXQ":1,"XNXQDM":"2024-2025-2","KCM":"习近平新时代中国特色社会主义思想概论","JASDM":"0202040202","JXLDM":"020204","JXBID":"20242-05039","SKBJ":"土木zy2301-03,车辆zy2301","TYXMDM":null,"KCH":"10211121033"},{"KKDWDM":"071","XS":88,"BYBZ":"0","JSJC":4,"XXXQDM":"02","KXH":"14","KSJC":3,"XKZRS":138,"SKZC":"111111111100000000000000000000","SKJS":"宗志雄","ISTK":0,"ZCMC":"1-10周","YPSJDD":"12-14周 星期一 第3节-第4节 南湖南-博学主楼-202,11-15周 星期四 第3节-第4节 南湖南-博学主楼-202,1-9周 星期四 第3节-第4节 南湖南-博学主楼-202,1-10周 星期一 第3节-第4节 南湖南-博学主楼-202,1-15周 星期三 第1节-第2节 南湖南-博学主楼-202,16-17周 星期一 第3节-第4节 南湖南-博学主楼-202","XF":5,"SKXQ":1,"XNXQDM":"2024-2025-2","KCM":"高等数学A下","JASDM":"0202040202","JXLDM":"020204","JXBID":"20242-10434","SKBJ":"机电类2405-08","TYXMDM":null,"KCH":"10153121060"},{"KKDWDM":"025","XS":32,"BYBZ":"0","JSJC":13,"XXXQDM":"02","KXH":"01","KSJC":11,"XKZRS":140,"SKZC":"111111111100000000000000","SKJS":"张璐,李鹏","ISTK":0,"ZCMC":"1-10周","YPSJDD":"12周 星期一 第11节-第12节 南湖南-博学主楼-202,1-10周 星期一 第11节-第13节 南湖南-博学主楼-202","XF":2,"SKXQ":1,"XNXQDM":"2024-2025-2","KCM":"创业精神与素养(GX)","JASDM":"0202040202","JXLDM":"020204","JXBID":"20242-08752","SKBJ":"公选-08752","TYXMDM":null,"KCH":"10252121082"},{"KKDWDM":"027","XS":32,"BYBZ":"0","JSJC":13,"XXXQDM":"02","KXH":"01","KSJC":11,"XKZRS":136,"SKZC":"111111111100000000000000","SKJS":"仲鹏飞","ISTK":0,"ZCMC":"1-10周","YPSJDD":"11周 星期三 第11节-第12节 南湖南-博学主楼-202,1-10周 星期三 第11节-第13节 南湖南-博学主楼-202","XF":2,"SKXQ":3,"XNXQDM":"2024-2025-2","KCM":"健身营养学(GX)","JASDM":"0202040202","JXLDM":"020204","JXBID":"20242-08799","SKBJ":"公选-08799","TYXMDM":null,"KCH":"10272121037"},{"KKDWDM":"071","XS":88,"BYBZ":"0","JSJC":4,"XXXQDM":"02","KXH":"14","KSJC":3,"XKZRS":138,"SKZC":"111111111000000000000000000000","SKJS":"宗志雄","ISTK":0,"ZCMC":"1-9周","YPSJDD":"12-14周 星期一 第3节-第4节 南湖南-博学主楼-202,11-15周 星期四 第3节-第4节 南湖南-博学主楼-202,1-9周 星期四 第3节-第4节 南湖南-博学主楼-202,1-10周 星期一 第3节-第4节 南湖南-博学主楼-202,1-15周 星期三 第1节-第2节 南湖南-博学主楼-202,16-17周 星期一 第3节-第4节 南湖南-博学主楼-202","XF":5,"SKXQ":4,"XNXQDM":"2024-2025-2","KCM":"高等数学A下","JASDM":"0202040202","JXLDM":"020204","JXBID":"20242-10434","SKBJ":"机电类2405-08","TYXMDM":null,"KCH":"10153121060"},{"KKDWDM":"071","XS":88,"BYBZ":"0","JSJC":2,"XXXQDM":"02","KXH":"33","KSJC":1,"XKZRS":133,"SKZC":"111111111000000000000000000000","SKJS":"刘道海","ISTK":0,"ZCMC":"1-9周","YPSJDD":"11-15周 星期四 第1节-第2节 南湖南-博学主楼-202,1-10周 星期一 第1节-第2节 南湖南-博学主楼-202,16-17周 星期一 第1节-第2节 南湖南-博学主楼-202,1-9周 星期四 第1节-第2节 南湖南-博学主楼-202,12-14周 星期一 第1节-第2节 南湖南-博学主楼-202,1-15周 星期三 第3节-第4节 南湖南-博学主楼-202","XF":5,"SKXQ":4,"XNXQDM":"2024-2025-2","KCM":"高等数学A下","JASDM":"0202040202","JXLDM":"020204","JXBID":"20242-10431","SKBJ":"化生类2405-08","TYXMDM":null,"KCH":"10153121060"},{"KKDWDM":"021","XS":42,"BYBZ":"0","JSJC":8,"XXXQDM":"02","KXH":"17","KSJC":6,"XKZRS":109,"SKZC":"001110111011111000000000000000","SKJS":"彭肖建","ISTK":0,"ZCMC":"3-5周,7-9周,11-15周","YPSJDD":"3-5周,7-9周,11-15周 星期五 第6节-第8节 南湖南-博学主楼-202,1-2周 星期五 第6节-第8节 南湖南-博学西楼-201,9周 星期日 第6节-第8节 南湖南-博学主楼-202","XF":2,"SKXQ":5,"XNXQDM":"2024-2025-2","KCM":"马克思主义基本原理","JASDM":"0202040202","JXLDM":"020204","JXBID":"20242-04953","SKBJ":"成型zy2301,无机非2301-02","TYXMDM":null,"KCH":"10211117035"},{"KKDWDM":"021","XS":8,"BYBZ":"0","JSJC":10,"XXXQDM":"02","KXH":"329","KSJC":9,"XKZRS":138,"SKZC":"0000000110110000000000000","SKJS":"王堂生","ISTK":0,"ZCMC":"8-9周,11-12周","YPSJDD":"8-9周,11-12周 星期四 第9节-第10节 南湖南-博学主楼-202","XF":0,"SKXQ":4,"XNXQDM":"2024-2025-2","KCM":"形势与政策","JASDM":"0202040202","JXLDM":"020204","JXBID":"20242-13978","SKBJ":"土木类2402-10,政治2401,数学类2406-10,机电类2413,法学类2403-04,环科类2404,自动化类2409,设计学类2401,车辆gj2403,车辆类2401","TYXMDM":null,"KCH":"10218121092"},{"KKDWDM":"021","XS":8,"BYBZ":"0","JSJC":7,"XXXQDM":"02","KXH":"671","KSJC":6,"XKZRS":134,"SKZC":"0000000110110000000000000","SKJS":"王堂生","ISTK":0,"ZCMC":"8-9周,11-12周","YPSJDD":"8-9周,11-12周 星期四 第6节-第7节 南湖南-博学主楼-202","XF":0,"SKXQ":4,"XNXQDM":"2024-2025-2","KCM":"形势与政策","JASDM":"0202040202","JXLDM":"020204","JXBID":"20242-14262","SKBJ":"动画2401,数学类2405,机电类2412,材料类2404-08,材科sy2403,法学类2406,环科类2402,电信类2408-13,设计学类2406,金融gj2402","TYXMDM":null,"KCH":"10218121092"},{"KKDWDM":"021","XS":42,"BYBZ":"0","JSJC":8,"XXXQDM":"02","KXH":"17","KSJC":6,"XKZRS":109,"SKZC":"000000001000000000000000000000","SKJS":"彭肖建","ISTK":0,"ZCMC":"9周","YPSJDD":"3-5周,7-9周,11-15周 星期五 第6节-第8节 南湖南-博学主楼-202,1-2周 星期五 第6节-第8节 南湖南-博学西楼-201,9周 星期日 第6节-第8节 南湖南-博学主楼-202","XF":2,"SKXQ":7,"XNXQDM":"2024-2025-2","KCM":"马克思主义基本原理","JASDM":"0202040202","JXLDM":"020204","JXBID":"20242-04953","SKBJ":"成型zy2301,无机非2301-02","TYXMDM":null,"KCH":"10211117035"},{"KKDWDM":"071","XS":88,"BYBZ":"0","JSJC":4,"XXXQDM":"02","KXH":"14","KSJC":3,"XKZRS":138,"SKZC":"000000000011111000000000000000","SKJS":"宗志雄","ISTK":0,"ZCMC":"11-15周","YPSJDD":"12-14周 星期一 第3节-第4节 南湖南-博学主楼-202,11-15周 星期四 第3节-第4节 南湖南-博学主楼-202,1-9周 星期四 第3节-第4节 南湖南-博学主楼-202,1-10周 星期一 第3节-第4节 南湖南-博学主楼-202,1-15周 星期三 第1节-第2节 南湖南-博学主楼-202,16-17周 星期一 第3节-第4节 南湖南-博学主楼-202","XF":5,"SKXQ":4,"XNXQDM":"2024-2025-2","KCM":"高等数学A下","JASDM":"0202040202","JXLDM":"020204","JXBID":"20242-10434","SKBJ":"机电类2405-08","TYXMDM":null,"KCH":"10153121060"},{"KKDWDM":"071","XS":88,"BYBZ":"0","JSJC":2,"XXXQDM":"02","KXH":"33","KSJC":1,"XKZRS":133,"SKZC":"000000000011111000000000000000","SKJS":"刘道海","ISTK":0,"ZCMC":"11-15周","YPSJDD":"11-15周 星期四 第1节-第2节 南湖南-博学主楼-202,1-10周 星期一 第1节-第2节 南湖南-博学主楼-202,16-17周 星期一 第1节-第2节 南湖南-博学主楼-202,1-9周 星期四 第1节-第2节 南湖南-博学主楼-202,12-14周 星期一 第1节-第2节 南湖南-博学主楼-202,1-15周 星期三 第3节-第4节 南湖南-博学主楼-202","XF":5,"SKXQ":4,"XNXQDM":"2024-2025-2","KCM":"高等数学A下","JASDM":"0202040202","JXLDM":"020204","JXBID":"20242-10431","SKBJ":"化生类2405-08","TYXMDM":null,"KCH":"10153121060"},{"KKDWDM":"027","XS":32,"BYBZ":"0","JSJC":12,"XXXQDM":"02","KXH":"01","KSJC":11,"XKZRS":136,"SKZC":"000000000010000000000000","SKJS":"仲鹏飞","ISTK":0,"ZCMC":"11周","YPSJDD":"11周 星期三 第11节-第12节 南湖南-博学主楼-202,1-10周 星期三 第11节-第13节 南湖南-博学主楼-202","XF":2,"SKXQ":3,"XNXQDM":"2024-2025-2","KCM":"健身营养学(GX)","JASDM":"0202040202","JXLDM":"020204","JXBID":"20242-08799","SKBJ":"公选-08799","TYXMDM":null,"KCH":"10272121037"},{"KKDWDM":"071","XS":88,"BYBZ":"0","JSJC":2,"XXXQDM":"02","KXH":"33","KSJC":1,"XKZRS":133,"SKZC":"000000000001110000000000000000","SKJS":"刘道海","ISTK":0,"ZCMC":"12-14周","YPSJDD":"11-15周 星期四 第1节-第2节 南湖南-博学主楼-202,1-10周 星期一 第1节-第2节 南湖南-博学主楼-202,16-17周 星期一 第1节-第2节 南湖南-博学主楼-202,1-9周 星期四 第1节-第2节 南湖南-博学主楼-202,12-14周 星期一 第1节-第2节 南湖南-博学主楼-202,1-15周 星期三 第3节-第4节 南湖南-博学主楼-202","XF":5,"SKXQ":1,"XNXQDM":"2024-2025-2","KCM":"高等数学A下","JASDM":"0202040202","JXLDM":"020204","JXBID":"20242-10431","SKBJ":"化生类2405-08","TYXMDM":null,"KCH":"10153121060"},{"KKDWDM":"071","XS":88,"BYBZ":"0","JSJC":4,"XXXQDM":"02","KXH":"14","KSJC":3,"XKZRS":138,"SKZC":"000000000001110000000000000000","SKJS":"宗志雄","ISTK":0,"ZCMC":"12-14周","YPSJDD":"12-14周 星期一 第3节-第4节 南湖南-博学主楼-202,11-15周 星期四 第3节-第4节 南湖南-博学主楼-202,1-9周 星期四 第3节-第4节 南湖南-博学主楼-202,1-10周 星期一 第3节-第4节 南湖南-博学主楼-202,1-15周 星期三 第1节-第2节 南湖南-博学主楼-202,16-17周 星期一 第3节-第4节 南湖南-博学主楼-202","XF":5,"SKXQ":1,"XNXQDM":"2024-2025-2","KCM":"高等数学A下","JASDM":"0202040202","JXLDM":"020204","JXBID":"20242-10434","SKBJ":"机电类2405-08","TYXMDM":null,"KCH":"10153121060"},{"KKDWDM":"021","XS":36,"BYBZ":"0","JSJC":8,"XXXQDM":"02","KXH":"103","KSJC":6,"XKZRS":103,"SKZC":"000000000001100000000000000000","SKJS":"刘国龙","ISTK":0,"ZCMC":"12-13周","YPSJDD":"1-10周 星期一 第6节-第8节 南湖南-博学主楼-202,12-13周 星期一 第6节-第8节 南湖南-博学主楼-202","XF":2,"SKXQ":1,"XNXQDM":"2024-2025-2","KCM":"习近平新时代中国特色社会主义思想概论","JASDM":"0202040202","JXLDM":"020204","JXBID":"20242-05039","SKBJ":"土木zy2301-03,车辆zy2301","TYXMDM":null,"KCH":"10211121033"},{"KKDWDM":"025","XS":32,"BYBZ":"0","JSJC":12,"XXXQDM":"02","KXH":"01","KSJC":11,"XKZRS":140,"SKZC":"000000000001000000000000","SKJS":"张璐,李鹏","ISTK":0,"ZCMC":"12周","YPSJDD":"12周 星期一 第11节-第12节 南湖南-博学主楼-202,1-10周 星期一 第11节-第13节 南湖南-博学主楼-202","XF":2,"SKXQ":1,"XNXQDM":"2024-2025-2","KCM":"创业精神与素养(GX)","JASDM":"0202040202","JXLDM":"020204","JXBID":"20242-08752","SKBJ":"公选-08752","TYXMDM":null,"KCH":"10252121082"},{"KKDWDM":"021","XS":8,"BYBZ":"0","JSJC":7,"XXXQDM":"02","KXH":"673","KSJC":6,"XKZRS":132,"SKZC":"000000000000111100000000000000","SKJS":"李倩","ISTK":0,"ZCMC":"13-16周","YPSJDD":"13-16周 星期四 第6节-第7节 南湖南-博学主楼-202","XF":0,"SKXQ":4,"XNXQDM":"2024-2025-2","KCM":"形势与政策","JASDM":"0202040202","JXLDM":"020204","JXBID":"20242-14264","SKBJ":"信管2403,化生类2404-09,土木类2403,外语类2404-06,数学类2403-04,新闻类2403,自动化类2414,设计学类2408,车辆gj2404,车辆类2403","TYXMDM":null,"KCH":"10218121092"},{"KKDWDM":"071","XS":48,"BYBZ":"0","JSJC":7,"XXXQDM":"02","KXH":"01","KSJC":6,"XKZRS":46,"SKZC":"000000000000110000000000","SKJS":"陆济湘","ISTK":0,"ZCMC":"13-14周","YPSJDD":"13-14周 星期二 第6节-第7节 南湖南-博学主楼-202,1-12周 星期二 第6节-第8节 南湖南-博学主楼-202","XF":3,"SKXQ":2,"XNXQDM":"2024-2025-2","KCM":"计算机图形学A","JASDM":"0202040202","JXLDM":"020204","JXBID":"20242-02282","SKBJ":"信计2201-02,数学jd2201","TYXMDM":null,"KCH":"10155113018"},{"KKDWDM":"071","XS":40,"BYBZ":"0","JSJC":4,"XXXQDM":"02","KXH":"25","KSJC":3,"XKZRS":137,"SKZC":"000000000000110000000000","SKJS":"朱勃然","ISTK":0,"ZCMC":"13-14周","YPSJDD":"13-14周 星期二 第3节-第4节 南湖南-博学主楼-202,1-12周 星期二 第3节-第5节 南湖南-博学主楼-202","XF":2,"SKXQ":2,"XNXQDM":"2024-2025-2","KCM":"线性代数","JASDM":"0202040202","JXLDM":"020204","JXBID":"20242-11742","SKBJ":"机电类2405-08","TYXMDM":null,"KCH":"10153111001"},{"KKDWDM":"071","XS":88,"BYBZ":"0","JSJC":2,"XXXQDM":"02","KXH":"33","KSJC":1,"XKZRS":133,"SKZC":"000000000000000110000000000000","SKJS":"刘道海","ISTK":0,"ZCMC":"16-17周","YPSJDD":"11-15周 星期四 第1节-第2节 南湖南-博学主楼-202,1-10周 星期一 第1节-第2节 南湖南-博学主楼-202,16-17周 星期一 第1节-第2节 南湖南-博学主楼-202,1-9周 星期四 第1节-第2节 南湖南-博学主楼-202,12-14周 星期一 第1节-第2节 南湖南-博学主楼-202,1-15周 星期三 第3节-第4节 南湖南-博学主楼-202","XF":5,"SKXQ":1,"XNXQDM":"2024-2025-2","KCM":"高等数学A下","JASDM":"0202040202","JXLDM":"020204","JXBID":"20242-10431","SKBJ":"化生类2405-08","TYXMDM":null,"KCH":"10153121060"},{"KKDWDM":"071","XS":88,"BYBZ":"0","JSJC":4,"XXXQDM":"02","KXH":"14","KSJC":3,"XKZRS":138,"SKZC":"000000000000000110000000000000","SKJS":"宗志雄","ISTK":0,"ZCMC":"16-17周","YPSJDD":"12-14周 星期一 第3节-第4节 南湖南-博学主楼-202,11-15周 星期四 第3节-第4节 南湖南-博学主楼-202,1-9周 星期四 第3节-第4节 南湖南-博学主楼-202,1-10周 星期一 第3节-第4节 南湖南-博学主楼-202,1-15周 星期三 第1节-第2节 南湖南-博学主楼-202,16-17周 星期一 第3节-第4节 南湖南-博学主楼-202","XF":5,"SKXQ":1,"XNXQDM":"2024-2025-2","KCM":"高等数学A下","JASDM":"0202040202","JXLDM":"020204","JXBID":"20242-10434","SKBJ":"机电类2405-08","TYXMDM":null,"KCH":"10153121060"}]}},"code":"0"}