{"datas":{"jaskcb":{"extParams":{"code":1,"msg":"查询成功"},"pageSize":0,"pageNumber":0,"totalSize":-1,"rows":[{"KKDWDM":"020","XS":64,"BYBZ":"0","JSJC":2,"XXXQDM":"02","KXH":"04","KSJC":1,"XKZRS":21,"SKZC":"111111111111111100000000000000","SKJS":"李清萍","ISTK":0,"ZCMC":"1-16周","YPSJDD":"11-17周 星期四 第3节-第4节 南湖南-博学北楼-603,1-9周 星期四 第3节-第4节 南湖南-博学北楼-603,1-16周 星期二 第1节-第2节 南湖南-博学北楼-603","XF":4,"SKXQ":2,"XNXQDM":"2024-2025-2","KCM":"基础日语2","JASDM":"0202010603","JXLDM":"020201","JXBID":"20242-11507","SKBJ":"外语类2403","TYXMDM":null,"KCH":"10204121029"},{"KKDWDM":"020","XS":32,"BYBZ":"0","JSJC":4,"XXXQDM":"02","KXH":"04","KSJC":3,"XKZRS":18,"SKZC":"1111111111111111","SKJS":"王瑛芳","ISTK":0,"ZCMC":"1-16周","YPSJDD":"1-16周 星期三 第3节-第4节 南湖南-博学北楼-603","XF":2,"SKXQ":3,"XNXQDM":"2024-2025-2","KCM":"英语报刊选读","JASDM":"0202010603","JXLDM":"020201","JXBID":"20242-10153","SKBJ":"外语类2403","TYXMDM":null,"KCH":"10205113003"},{"KKDWDM":"007","XS":48,"BYBZ":"0","JSJC":5,"XXXQDM":"02","KXH":"01","KSJC":3,"XKZRS":32,"SKZC":"111111111111110000000000","SKJS":"余晨光,徐琳","ISTK":0,"ZCMC":"1-14周","YPSJDD":"15周 星期二 第3节-第4节 南湖南-博学北楼-603,1-14周 星期二 第3节-第5节 南湖南-博学北楼-603","XF":3,"SKXQ":2,"XNXQDM":"2024-2025-2","KCM":"汽车工程学1","JASDM":"0202010603","JXLDM":"020201","JXBID":"20242-04725","SKBJ":"车辆gcgj2301","TYXMDM":null,"KCH":"10074121103"},{"KKDWDM":"020","XS":32,"BYBZ":"0","JSJC":2,"XXXQDM":"02","KXH":"04","KSJC":1,"XKZRS":21,"SKZC":"111111111101110110000000000000","SKJS":"Angela Marie Lu","ISTK":0,"ZCMC":"1-10周,12-14周,16-17周","YPSJDD":"17周 星期二 第1节-第2节 南湖南-博学北楼-603,1-10周,12-14周,16-17周 星期一 第1节-第2节 南湖南-博学北楼-603","XF":2,"SKXQ":1,"XNXQDM":"2024-2025-2","KCM":"英语视听说2","JASDM":"0202010603","JXLDM":"020201","JXBID":"20242-10133","SKBJ":"外语类2403","TYXMDM":null,"KCH":"10204114018"},{"KKDWDM":"020","XS":32,"BYBZ":"0","JSJC":4,"XXXQDM":"02","KXH":"04","KSJC":3,"XKZRS":20,"SKZC":"111111111100000000000000000000","SKJS":"徐亚","ISTK":0,"ZCMC":"1-10周","YPSJDD":"1-10周 星期一 第3节-第4节 南湖南-博学北楼-603,17周 星期二 第3节-第4节 南湖南-博学北楼-603,16-17周 星期一 第3节-第4节 南湖南-博学北楼-603,12-14周 星期一 第3节-第4节 南湖南-博学北楼-603","XF":2,"SKXQ":1,"XNXQDM":"2024-2025-2","KCM":"英语经典阅读2","JASDM":"0202010603","JXLDM":"020201","JXBID":"20242-10148","SKBJ":"外语类2403","TYXMDM":null,"KCH":"10204117028"},{"KKDWDM":"020","XS":64,"BYBZ":"0","JSJC":4,"XXXQDM":"02","KXH":"04","KSJC":3,"XKZRS":21,"SKZC":"111111111000000000000000000000","SKJS":"李清萍","ISTK":0,"ZCMC":"1-9周","YPSJDD":"11-17周 星期四 第3节-第4节 南湖南-博学北楼-603,1-9周 星期四 第3节-第4节 南湖南-博学北楼-603,1-16周 星期二 第1节-第2节 南湖南-博学北楼-603","XF":4,"SKXQ":4,"XNXQDM":"2024-2025-2","KCM":"基础日语2","JASDM":"0202010603","JXLDM":"020201","JXBID":"20242-11507","SKBJ":"外语类2403","TYXMDM":null,"KCH":"10204121029"},{"KKDWDM":"018","XS":32,"BYBZ":"0","JSJC":2,"XXXQDM":"02","KXH":"01","KSJC":1,"XKZRS":31,"SKZC":"11111111","SKJS":"肖德云","ISTK":0,"ZCMC":"1-8周","YPSJDD":"1-8周 星期四 第1节-第2节 南湖南-博学北楼-603,1-8周 星期二 第6节-第7节 南湖南-博学北楼-603","XF":2,"SKXQ":4,"XNXQDM":"2024-2025-2","KCM":"数字经济与国际服务贸易","JASDM":"0202010603","JXLDM":"020201","JXBID":"20242-03202","SKBJ":"国贸2201","TYXMDM":null,"KCH":"10185121028"},{"KKDWDM":"018","XS":32,"BYBZ":"0","JSJC":7,"XXXQDM":"02","KXH":"01","KSJC":6,"XKZRS":31,"SKZC":"11111111","SKJS":"肖德云","ISTK":0,"ZCMC":"1-8周","YPSJDD":"1-8周 星期四 第1节-第2节 南湖南-博学北楼-603,1-8周 星期二 第6节-第7节 南湖南-博学北楼-603","XF":2,"SKXQ":2,"XNXQDM":"2024-2025-2","KCM":"数字经济与国际服务贸易","JASDM":"0202010603","JXLDM":"020201","JXBID":"20242-03202","SKBJ":"国贸2201","TYXMDM":null,"KCH":"10185121028"},{"KKDWDM":"020","XS":16,"BYBZ":"0","JSJC":2,"XXXQDM":"02","KXH":"04","KSJC":1,"XKZRS":20,"SKZC":"111110000000000000000000000000","SKJS":"邹茜","ISTK":0,"ZCMC":"1-5周","YPSJDD":"9周 星期日 第1节-第2节 南湖南-博学北楼-603,7-8周 星期五 第1节-第2节 南湖南-博学北楼-603,1-5周 星期五 第1节-第2节 南湖南-博学北楼-603","XF":1,"SKXQ":5,"XNXQDM":"2024-2025-2","KCM":"日语视听说2","JASDM":"0202010603","JXLDM":"020201","JXBID":"20242-11514","SKBJ":"外语类2403","TYXMDM":null,"KCH":"10203124193"},{"KKDWDM":"020","XS":16,"BYBZ":"0","JSJC":2,"XXXQDM":"02","KXH":"04","KSJC":1,"XKZRS":20,"SKZC":"000000110000000000000000000000","SKJS":"邹茜","ISTK":0,"ZCMC":"7-8周","YPSJDD":"9周 星期日 第1节-第2节 南湖南-博学北楼-603,7-8周 星期五 第1节-第2节 南湖南-博学北楼-603,1-5周 星期五 第1节-第2节 南湖南-博学北楼-603","XF":1,"SKXQ":5,"XNXQDM":"2024-2025-2","KCM":"日语视听说2","JASDM":"0202010603","JXLDM":"020201","JXBID":"20242-11514","SKBJ":"外语类2403","TYXMDM":null,"KCH":"10203124193"},{"KKDWDM":"009","XS":40,"BYBZ":"0","JSJC":2,"XXXQDM":"02","KXH":"01","KSJC":1,"XKZRS":37,"SKZC":"000000001111111100000000000000","SKJS":"罗忆,郭运华","ISTK":0,"ZCMC":"9-16周","YPSJDD":"9周 星期五 第3节-第5节 南湖南-博学北楼-603,9-16周 星期三 第1节-第2节 南湖南-博学北楼-603,11-16周 星期五 第3节-第5节 南湖南-博学北楼-603,17周 星期三 第3节-第5节 南湖南-博学北楼-603","XF":2,"SKXQ":3,"XNXQDM":"2024-2025-2","KCM":"地下工程施工A","JASDM":"0202010603","JXLDM":"020201","JXBID":"20242-02309","SKBJ":"岩土jd2201","TYXMDM":null,"KCH":"10095117019"},{"KKDWDM":"020","XS":16,"BYBZ":"0","JSJC":2,"XXXQDM":"02","KXH":"04","KSJC":1,"XKZRS":20,"SKZC":"000000001000000000000000000000","SKJS":"邹茜","ISTK":0,"ZCMC":"9周","YPSJDD":"9周 星期日 第1节-第2节 南湖南-博学北楼-603,7-8周 星期五 第1节-第2节 南湖南-博学北楼-603,1-5周 星期五 第1节-第2节 南湖南-博学北楼-603","XF":1,"SKXQ":7,"XNXQDM":"2024-2025-2","KCM":"日语视听说2","JASDM":"0202010603","JXLDM":"020201","JXBID":"20242-11514","SKBJ":"外语类2403","TYXMDM":null,"KCH":"10203124193"},{"KKDWDM":"009","XS":40,"BYBZ":"0","JSJC":5,"XXXQDM":"02","KXH":"01","KSJC":3,"XKZRS":37,"SKZC":"000000001000000000000000000000","SKJS":"罗忆,郭运华","ISTK":0,"ZCMC":"9周","YPSJDD":"9周 星期五 第3节-第5节 南湖南-博学北楼-603,9-16周 星期三 第1节-第2节 南湖南-博学北楼-603,11-16周 星期五 第3节-第5节 南湖南-博学北楼-603,17周 星期三 第3节-第5节 南湖南-博学北楼-603","XF":2,"SKXQ":5,"XNXQDM":"2024-2025-2","KCM":"地下工程施工A","JASDM":"0202010603","JXLDM":"020201","JXBID":"20242-02309","SKBJ":"岩土jd2201","TYXMDM":null,"KCH":"10095117019"},{"KKDWDM":"020","XS":64,"BYBZ":"0","JSJC":4,"XXXQDM":"02","KXH":"04","KSJC":3,"XKZRS":21,"SKZC":"000000000011111110000000000000","SKJS":"李清萍","ISTK":0,"ZCMC":"11-17周","YPSJDD":"11-17周 星期四 第3节-第4节 南湖南-博学北楼-603,1-9周 星期四 第3节-第4节 南湖南-博学北楼-603,1-16周 星期二 第1节-第2节 南湖南-博学北楼-603","XF":4,"SKXQ":4,"XNXQDM":"2024-2025-2","KCM":"基础日语2","JASDM":"0202010603","JXLDM":"020201","JXBID":"20242-11507","SKBJ":"外语类2403","TYXMDM":null,"KCH":"10204121029"},{"KKDWDM":"009","XS":40,"BYBZ":"0","JSJC":5,"XXXQDM":"02","KXH":"01","KSJC":3,"XKZRS":37,"SKZC":"000000000011111100000000000000","SKJS":"罗忆,郭运华","ISTK":0,"ZCMC":"11-16周","YPSJDD":"9周 星期五 第3节-第5节 南湖南-博学北楼-603,9-16周 星期三 第1节-第2节 南湖南-博学北楼-603,11-16周 星期五 第3节-第5节 南湖南-博学北楼-603,17周 星期三 第3节-第5节 南湖南-博学北楼-603","XF":2,"SKXQ":5,"XNXQDM":"2024-2025-2","KCM":"地下工程施工A","JASDM":"0202010603","JXLDM":"020201","JXBID":"20242-02309","SKBJ":"岩土jd2201","TYXMDM":null,"KCH":"10095117019"},{"KKDWDM":"020","XS":32,"BYBZ":"0","JSJC":4,"XXXQDM":"02","KXH":"04","KSJC":3,"XKZRS":20,"SKZC":"000000000001110000000000000000","SKJS":"徐亚","ISTK":0,"ZCMC":"12-14周","YPSJDD":"1-10周 星期一 第3节-第4节 南湖南-博学北楼-603,17周 星期二 第3节-第4节 南湖南-博学北楼-603,16-17周 星期一 第3节-第4节 南湖南-博学北楼-603,12-14周 星期一 第3节-第4节 南湖南-博学北楼-603","XF":2,"SKXQ":1,"XNXQDM":"2024-2025-2","KCM":"英语经典阅读2","JASDM":"0202010603","JXLDM":"020201","JXBID":"20242-10148","SKBJ":"外语类2403","TYXMDM":null,"KCH":"10204117028"},{"KKDWDM":"007","XS":48,"BYBZ":"0","JSJC":4,"XXXQDM":"02","KXH":"01","KSJC":3,"XKZRS":32,"SKZC":"000000000000001000000000","SKJS":"余晨光,徐琳","ISTK":0,"ZCMC":"15周","YPSJDD":"15周 星期二 第3节-第4节 南湖南-博学北楼-603,1-14周 星期二 第3节-第5节 南湖南-博学北楼-603","XF":3,"SKXQ":2,"XNXQDM":"2024-2025-2","KCM":"汽车工程学1","JASDM":"0202010603","JXLDM":"020201","JXBID":"20242-04725","SKBJ":"车辆gcgj2301","TYXMDM":null,"KCH":"10074121103"},{"KKDWDM":"020","XS":32,"BYBZ":"0","JSJC":4,"XXXQDM":"02","KXH":"04","KSJC":3,"XKZRS":20,"SKZC":"000000000000000110000000000000","SKJS":"徐亚","ISTK":0,"ZCMC":"16-17周","YPSJDD":"1-10周 星期一 第3节-第4节 南湖南-博学北楼-603,17周 星期二 第3节-第4节 南湖南-博学北楼-603,16-17周 星期一 第3节-第4节 南湖南-博学北楼-603,12-14周 星期一 第3节-第4节 南湖南-博学北楼-603","XF":2,"SKXQ":1,"XNXQDM":"2024-2025-2","KCM":"英语经典阅读2","JASDM":"0202010603","JXLDM":"020201","JXBID":"20242-10148","SKBJ":"外语类2403","TYXMDM":null,"KCH":"10204117028"},{"KKDWDM":"009","XS":40,"BYBZ":"0","JSJC":5,"XXXQDM":"02","KXH":"01","KSJC":3,"XKZRS":37,"SKZC":"000000000000000010000000000000","SKJS":"罗忆,郭运华","ISTK":0,"ZCMC":"17周","YPSJDD":"9周 星期五 第3节-第5节 南湖南-博学北楼-603,9-16周 星期三 第1节-第2节 南湖南-博学北楼-603,11-16周 星期五 第3节-第5节 南湖南-博学北楼-603,17周 星期三 第3节-第5节 南湖南-博学北楼-603","XF":2,"SKXQ":3,"XNXQDM":"2024-2025-2","KCM":"地下工程施工A","JASDM":"0202010603","JXLDM":"020201","JXBID":"20242-02309","SKBJ":"岩土jd2201","TYXMDM":null,"KCH":"10095117019"},{"KKDWDM":"020","XS":32,"BYBZ":"0","JSJC":2,"XXXQDM":"02","KXH":"04","KSJC":1,"XKZRS":21,"SKZC":"000000000000000010000000000000","SKJS":"Angela Marie Lu","ISTK":0,"ZCMC":"17周","YPSJDD":"17周 星期二 第1节-第2节 南湖南-博学北楼-603,1-10周,12-14周,16-17周 星期一 第1节-第2节 南湖南-博学北楼-603","XF":2,"SKXQ":2,"XNXQDM":"2024-2025-2","KCM":"英语视听说2","JASDM":"0202010603","JXLDM":"020201","JXBID":"20242-10133","SKBJ":"外语类2403","TYXMDM":null,"KCH":"10204114018"},{"KKDWDM":"020","XS":32,"BYBZ":"0","JSJC":4,"XXXQDM":"02","KXH":"04","KSJC":3,"XKZRS":20,"SKZC":"000000000000000010000000000000","SKJS":"徐亚","ISTK":0,"ZCMC":"17周","YPSJDD":"1-10周 星期一 第3节-第4节 南湖南-博学北楼-603,17周 星期二 第3节-第4节 南湖南-博学北楼-603,16-17周 星期一 第3节-第4节 南湖南-博学北楼-603,12-14周 星期一 第3节-第4节 南湖南-博学北楼-603","XF":2,"SKXQ":2,"XNXQDM":"2024-2025-2","KCM":"英语经典阅读2","JASDM":"0202010603","JXLDM":"020201","JXBID":"20242-10148","SKBJ":"外语类2403","TYXMDM":null,"KCH":"10204117028"}]}},"code":"0"}