{"datas":{"jaskcb":{"extParams":{"code":1,"msg":"查询成功"},"pageSize":0,"pageNumber":0,"totalSize":-1,"rows":[{"KKDWDM":"072","XS":40,"BYBZ":"0","JSJC":5,"XXXQDM":"02","KXH":"01","KSJC":3,"XKZRS":23,"SKZC":"111111111100000000000000000000","SKJS":"贾信庭","ISTK":0,"ZCMC":"1-10周","YPSJDD":"14周 星期一 第3节-第4节 南湖南-博学北楼-613,16周 星期一 第3节-第4节 南湖南-博学北楼-613,1-10周 星期一 第3节-第5节 南湖南-博学北楼-613,12-13周 星期一 第3节-第5节 南湖南-博学北楼-613","XF":2,"SKXQ":1,"XNXQDM":"2024-2025-2","KCM":"光纤通信E","JASDM":"0202010613","JXLDM":"020201","JXBID":"20242-02915","SKBJ":"电信科2201-02","TYXMDM":null,"KCH":"10155121023"},{"KKDWDM":"017","XS":32,"BYBZ":"0","JSJC":5,"XXXQDM":"02","KXH":"01","KSJC":3,"XKZRS":23,"SKZC":"111111111100000000000000","SKJS":"万幼清","ISTK":0,"ZCMC":"1-10周","YPSJDD":"11周 星期三 第3节-第4节 南湖南-博学北楼-613,1-10周 星期三 第3节-第5节 南湖南-博学北楼-613","XF":2,"SKXQ":3,"XNXQDM":"2024-2025-2","KCM":"证券管理与量化投资","JASDM":"0202010613","JXLDM":"020201","JXBID":"20242-02632","SKBJ":"财务2202","TYXMDM":null,"KCH":"10175121069"},{"KKDWDM":"017","XS":32,"BYBZ":"0","JSJC":4,"XXXQDM":"02","KXH":"01","KSJC":3,"XKZRS":28,"SKZC":"000000001111111100000000000000","SKJS":"刘东华","ISTK":0,"ZCMC":"9-16周","YPSJDD":"11-17周 星期四 第3节-第4节 南湖南-博学北楼-613,9-16周 星期二 第3节-第4节 南湖南-博学北楼-613,9周 星期四 第3节-第4节 南湖南-博学北楼-613","XF":2,"SKXQ":2,"XNXQDM":"2024-2025-2","KCM":"管理会计案例分析","JASDM":"0202010613","JXLDM":"020201","JXBID":"20242-03806","SKBJ":"会计2203","TYXMDM":null,"KCH":"10175121046"},{"KKDWDM":"017","XS":32,"BYBZ":"0","JSJC":4,"XXXQDM":"02","KXH":"01","KSJC":3,"XKZRS":28,"SKZC":"000000001000000000000000000000","SKJS":"刘东华","ISTK":0,"ZCMC":"9周","YPSJDD":"11-17周 星期四 第3节-第4节 南湖南-博学北楼-613,9-16周 星期二 第3节-第4节 南湖南-博学北楼-613,9周 星期四 第3节-第4节 南湖南-博学北楼-613","XF":2,"SKXQ":4,"XNXQDM":"2024-2025-2","KCM":"管理会计案例分析","JASDM":"0202010613","JXLDM":"020201","JXBID":"20242-03806","SKBJ":"会计2203","TYXMDM":null,"KCH":"10175121046"},{"KKDWDM":"017","XS":32,"BYBZ":"0","JSJC":4,"XXXQDM":"02","KXH":"01","KSJC":3,"XKZRS":28,"SKZC":"000000000011111110000000000000","SKJS":"刘东华","ISTK":0,"ZCMC":"11-17周","YPSJDD":"11-17周 星期四 第3节-第4节 南湖南-博学北楼-613,9-16周 星期二 第3节-第4节 南湖南-博学北楼-613,9周 星期四 第3节-第4节 南湖南-博学北楼-613","XF":2,"SKXQ":4,"XNXQDM":"2024-2025-2","KCM":"管理会计案例分析","JASDM":"0202010613","JXLDM":"020201","JXBID":"20242-03806","SKBJ":"会计2203","TYXMDM":null,"KCH":"10175121046"},{"KKDWDM":"017","XS":32,"BYBZ":"0","JSJC":4,"XXXQDM":"02","KXH":"01","KSJC":3,"XKZRS":23,"SKZC":"000000000010000000000000","SKJS":"万幼清","ISTK":0,"ZCMC":"11周","YPSJDD":"11周 星期三 第3节-第4节 南湖南-博学北楼-613,1-10周 星期三 第3节-第5节 南湖南-博学北楼-613","XF":2,"SKXQ":3,"XNXQDM":"2024-2025-2","KCM":"证券管理与量化投资","JASDM":"0202010613","JXLDM":"020201","JXBID":"20242-02632","SKBJ":"财务2202","TYXMDM":null,"KCH":"10175121069"},{"KKDWDM":"072","XS":40,"BYBZ":"0","JSJC":5,"XXXQDM":"02","KXH":"01","KSJC":3,"XKZRS":23,"SKZC":"0000000000011000000000000","SKJS":"贾信庭","ISTK":0,"ZCMC":"12-13周","YPSJDD":"14周 星期一 第3节-第4节 南湖南-博学北楼-613,16周 星期一 第3节-第4节 南湖南-博学北楼-613,1-10周 星期一 第3节-第5节 南湖南-博学北楼-613,12-13周 星期一 第3节-第5节 南湖南-博学北楼-613","XF":2,"SKXQ":1,"XNXQDM":"2024-2025-2","KCM":"光纤通信E","JASDM":"0202010613","JXLDM":"020201","JXBID":"20242-02915","SKBJ":"电信科2201-02","TYXMDM":null,"KCH":"10155121023"},{"KKDWDM":"072","XS":40,"BYBZ":"0","JSJC":4,"XXXQDM":"02","KXH":"01","KSJC":3,"XKZRS":23,"SKZC":"0000000000000100000000000","SKJS":"贾信庭","ISTK":0,"ZCMC":"14周","YPSJDD":"14周 星期一 第3节-第4节 南湖南-博学北楼-613,16周 星期一 第3节-第4节 南湖南-博学北楼-613,1-10周 星期一 第3节-第5节 南湖南-博学北楼-613,12-13周 星期一 第3节-第5节 南湖南-博学北楼-613","XF":2,"SKXQ":1,"XNXQDM":"2024-2025-2","KCM":"光纤通信E","JASDM":"0202010613","JXLDM":"020201","JXBID":"20242-02915","SKBJ":"电信科2201-02","TYXMDM":null,"KCH":"10155121023"},{"KKDWDM":"072","XS":40,"BYBZ":"0","JSJC":4,"XXXQDM":"02","KXH":"01","KSJC":3,"XKZRS":23,"SKZC":"000000000000000100000000000000","SKJS":"贾信庭","ISTK":0,"ZCMC":"16周","YPSJDD":"14周 星期一 第3节-第4节 南湖南-博学北楼-613,16周 星期一 第3节-第4节 南湖南-博学北楼-613,1-10周 星期一 第3节-第5节 南湖南-博学北楼-613,12-13周 星期一 第3节-第5节 南湖南-博学北楼-613","XF":2,"SKXQ":1,"XNXQDM":"2024-2025-2","KCM":"光纤通信E","JASDM":"0202010613","JXLDM":"020201","JXBID":"20242-02915","SKBJ":"电信科2201-02","TYXMDM":null,"KCH":"10155121023"}]}},"code":"0"}