{"datas":{"jaskcb":{"extParams":{"code":1,"msg":"查询成功"},"pageSize":0,"pageNumber":0,"totalSize":-1,"rows":[{"KKDWDM":"020","XS":32,"BYBZ":"0","JSJC":4,"XXXQDM":"02","KXH":"136","KSJC":3,"XKZRS":35,"SKZC":"1111111111111111","SKJS":"赵淑华","ISTK":0,"ZCMC":"1-16周","YPSJDD":"1-16周 星期三 第3节-第4节 南湖南-博学北楼-203","XF":2,"SKXQ":3,"XNXQDM":"2024-2025-2","KCM":"大学英语2","JASDM":"0202010203","JXLDM":"020201","JXBID":"20242-12630","SKBJ":"公选-12630","TYXMDM":"11","KCH":"10201121073"},{"KKDWDM":"020","XS":32,"BYBZ":"0","JSJC":7,"XXXQDM":"02","KXH":"187","KSJC":6,"XKZRS":35,"SKZC":"1111111111111111","SKJS":"赵淑华","ISTK":0,"ZCMC":"1-16周","YPSJDD":"1-16周 星期三 第6节-第7节 南湖南-博学北楼-203","XF":2,"SKXQ":3,"XNXQDM":"2024-2025-2","KCM":"大学英语2","JASDM":"0202010203","JXLDM":"020201","JXBID":"20242-12732","SKBJ":"公选-12732","TYXMDM":"11","KCH":"10201121073"},{"KKDWDM":"020","XS":32,"BYBZ":"0","JSJC":7,"XXXQDM":"02","KXH":"184","KSJC":6,"XKZRS":34,"SKZC":"1111111111111111","SKJS":"吴华松","ISTK":0,"ZCMC":"1-16周","YPSJDD":"1-16周 星期二 第6节-第7节 南湖南-博学北楼-203","XF":2,"SKXQ":2,"XNXQDM":"2024-2025-2","KCM":"大学英语2","JASDM":"0202010203","JXLDM":"020201","JXBID":"20242-12726","SKBJ":"公选-12726","TYXMDM":"11","KCH":"10201121073"},{"KKDWDM":"020","XS":32,"BYBZ":"0","JSJC":2,"XXXQDM":"02","KXH":"127","KSJC":1,"XKZRS":35,"SKZC":"1111111111111111","SKJS":"赵淑华","ISTK":0,"ZCMC":"1-16周","YPSJDD":"1-16周 星期三 第1节-第2节 南湖南-博学北楼-203","XF":2,"SKXQ":3,"XNXQDM":"2024-2025-2","KCM":"大学英语2","JASDM":"0202010203","JXLDM":"020201","JXBID":"20242-12612","SKBJ":"公选-12612","TYXMDM":"11","KCH":"10201121073"},{"KKDWDM":"020","XS":32,"BYBZ":"0","JSJC":2,"XXXQDM":"02","KXH":"109","KSJC":1,"XKZRS":35,"SKZC":"1111111111111111","SKJS":"张燕丽","ISTK":0,"ZCMC":"1-16周","YPSJDD":"1-16周 星期二 第1节-第2节 南湖南-博学北楼-203","XF":2,"SKXQ":2,"XNXQDM":"2024-2025-2","KCM":"大学英语2","JASDM":"0202010203","JXLDM":"020201","JXBID":"20242-12576","SKBJ":"公选-12576","TYXMDM":"11","KCH":"10201121073"},{"KKDWDM":"020","XS":32,"BYBZ":"0","JSJC":7,"XXXQDM":"02","KXH":"179","KSJC":6,"XKZRS":35,"SKZC":"111111111100000000000000000000","SKJS":"吴华松","ISTK":0,"ZCMC":"1-10周","YPSJDD":"1-10周 星期一 第6节-第7节 南湖南-博学北楼-203,12-14周 星期一 第6节-第7节 南湖南-博学北楼-203,17周 星期二 第6节-第7节 南湖南-博学北楼-203,16-17周 星期一 第6节-第7节 南湖南-博学北楼-203","XF":2,"SKXQ":1,"XNXQDM":"2024-2025-2","KCM":"大学英语2","JASDM":"0202010203","JXLDM":"020201","JXBID":"20242-12718","SKBJ":"公选-12718","TYXMDM":"11","KCH":"10201121073"},{"KKDWDM":"020","XS":32,"BYBZ":"0","JSJC":4,"XXXQDM":"02","KXH":"100","KSJC":3,"XKZRS":35,"SKZC":"111111111100000000000000000000","SKJS":"赵淑华","ISTK":0,"ZCMC":"1-10周","YPSJDD":"16-17周 星期一 第3节-第4节 南湖南-博学北楼-203,12-14周 星期一 第3节-第4节 南湖南-博学北楼-203,1-10周 星期一 第3节-第4节 南湖南-博学北楼-203,17周 星期二 第3节-第4节 南湖南-博学北楼-203","XF":2,"SKXQ":1,"XNXQDM":"2024-2025-2","KCM":"大学英语2","JASDM":"0202010203","JXLDM":"020201","JXBID":"20242-12558","SKBJ":"公选-12558","TYXMDM":"11","KCH":"10201121073"},{"KKDWDM":"020","XS":32,"BYBZ":"0","JSJC":2,"XXXQDM":"02","KXH":"91","KSJC":1,"XKZRS":35,"SKZC":"111111111100000000000000000000","SKJS":"赵淑华","ISTK":0,"ZCMC":"1-10周","YPSJDD":"1-10周 星期一 第1节-第2节 南湖南-博学北楼-203,17周 星期二 第1节-第2节 南湖南-博学北楼-203,16-17周 星期一 第1节-第2节 南湖南-博学北楼-203,12-14周 星期一 第1节-第2节 南湖南-博学北楼-203","XF":2,"SKXQ":1,"XNXQDM":"2024-2025-2","KCM":"大学英语2","JASDM":"0202010203","JXLDM":"020201","JXBID":"20242-12540","SKBJ":"公选-12540","TYXMDM":"11","KCH":"10201121073"},{"KKDWDM":"020","XS":32,"BYBZ":"0","JSJC":2,"XXXQDM":"02","KXH":"145","KSJC":1,"XKZRS":35,"SKZC":"111111111000000000000000000000","SKJS":"杨春燕","ISTK":0,"ZCMC":"1-9周","YPSJDD":"1-9周 星期四 第1节-第2节 南湖南-博学北楼-203,11-17周 星期四 第1节-第2节 南湖南-博学北楼-203","XF":2,"SKXQ":4,"XNXQDM":"2024-2025-2","KCM":"大学英语2","JASDM":"0202010203","JXLDM":"020201","JXBID":"20242-12648","SKBJ":"公选-12648","TYXMDM":"11","KCH":"10201121073"},{"KKDWDM":"020","XS":32,"BYBZ":"0","JSJC":4,"XXXQDM":"02","KXH":"154","KSJC":3,"XKZRS":34,"SKZC":"111111111000000000000000000000","SKJS":"杨春燕","ISTK":0,"ZCMC":"1-9周","YPSJDD":"1-9周 星期四 第3节-第4节 南湖南-博学北楼-203,11-17周 星期四 第3节-第4节 南湖南-博学北楼-203","XF":2,"SKXQ":4,"XNXQDM":"2024-2025-2","KCM":"大学英语2","JASDM":"0202010203","JXLDM":"020201","JXBID":"20242-12666","SKBJ":"公选-12666","TYXMDM":"11","KCH":"10201121073"},{"KKDWDM":"020","XS":32,"BYBZ":"0","JSJC":2,"XXXQDM":"02","KXH":"163","KSJC":1,"XKZRS":34,"SKZC":"111110000000000000000000000000","SKJS":"杨春燕","ISTK":0,"ZCMC":"1-5周","YPSJDD":"1-5周 星期五 第1节-第2节 南湖南-博学北楼-203,11-16周 星期五 第1节-第2节 南湖南-博学北楼-203,7-9周 星期五 第1节-第2节 南湖南-博学北楼-203,9周 星期日 第1节-第2节 南湖南-博学北楼-203,17周 星期三 第1节-第2节 南湖南-博学北楼-203","XF":2,"SKXQ":5,"XNXQDM":"2024-2025-2","KCM":"大学英语2","JASDM":"0202010203","JXLDM":"020201","JXBID":"20242-12684","SKBJ":"公选-12684","TYXMDM":"11","KCH":"10201121073"},{"KKDWDM":"007","XS":48,"BYBZ":"0","JSJC":8,"XXXQDM":"02","KXH":"01","KSJC":6,"XKZRS":39,"SKZC":"111110000000000000000000000000","SKJS":"余晨光","ISTK":0,"ZCMC":"1-5周","YPSJDD":"7-9周 星期五 第6节-第8节 南湖南-博学北楼-203,17周 星期三 第6节-第8节 南湖南-博学北楼-203,11-16周 星期五 第6节-第8节 南湖南-博学北楼-203,1-5周 星期五 第6节-第8节 南湖南-博学北楼-203,9周 星期日 第6节-第8节 南湖南-博学北楼-203","XF":3,"SKXQ":5,"XNXQDM":"2024-2025-2","KCM":"汽车学与性能测试2","JASDM":"0202010203","JXLDM":"020201","JXBID":"20242-03094","SKBJ":"车辆gj2204","TYXMDM":null,"KCH":"10074117095"},{"KKDWDM":"020","XS":32,"BYBZ":"0","JSJC":4,"XXXQDM":"02","KXH":"171","KSJC":3,"XKZRS":35,"SKZC":"111110000000000000000000000000","SKJS":"杨春燕","ISTK":0,"ZCMC":"1-5周","YPSJDD":"9周 星期日 第3节-第4节 南湖南-博学北楼-203,7-9周 星期五 第3节-第4节 南湖南-博学北楼-203,17周 星期三 第3节-第4节 南湖南-博学北楼-203,1-5周 星期五 第3节-第4节 南湖南-博学北楼-203,11-16周 星期五 第3节-第4节 南湖南-博学北楼-203","XF":2,"SKXQ":5,"XNXQDM":"2024-2025-2","KCM":"大学英语2","JASDM":"0202010203","JXLDM":"020201","JXBID":"20242-12701","SKBJ":"公选-12701","TYXMDM":"11","KCH":"10201121073"},{"KKDWDM":"020","XS":32,"BYBZ":"0","JSJC":2,"XXXQDM":"02","KXH":"163","KSJC":1,"XKZRS":34,"SKZC":"000000111000000000000000000000","SKJS":"杨春燕","ISTK":0,"ZCMC":"7-9周","YPSJDD":"1-5周 星期五 第1节-第2节 南湖南-博学北楼-203,11-16周 星期五 第1节-第2节 南湖南-博学北楼-203,7-9周 星期五 第1节-第2节 南湖南-博学北楼-203,9周 星期日 第1节-第2节 南湖南-博学北楼-203,17周 星期三 第1节-第2节 南湖南-博学北楼-203","XF":2,"SKXQ":5,"XNXQDM":"2024-2025-2","KCM":"大学英语2","JASDM":"0202010203","JXLDM":"020201","JXBID":"20242-12684","SKBJ":"公选-12684","TYXMDM":"11","KCH":"10201121073"},{"KKDWDM":"007","XS":48,"BYBZ":"0","JSJC":8,"XXXQDM":"02","KXH":"01","KSJC":6,"XKZRS":39,"SKZC":"000000111000000000000000000000","SKJS":"余晨光","ISTK":0,"ZCMC":"7-9周","YPSJDD":"7-9周 星期五 第6节-第8节 南湖南-博学北楼-203,17周 星期三 第6节-第8节 南湖南-博学北楼-203,11-16周 星期五 第6节-第8节 南湖南-博学北楼-203,1-5周 星期五 第6节-第8节 南湖南-博学北楼-203,9周 星期日 第6节-第8节 南湖南-博学北楼-203","XF":3,"SKXQ":5,"XNXQDM":"2024-2025-2","KCM":"汽车学与性能测试2","JASDM":"0202010203","JXLDM":"020201","JXBID":"20242-03094","SKBJ":"车辆gj2204","TYXMDM":null,"KCH":"10074117095"},{"KKDWDM":"020","XS":32,"BYBZ":"0","JSJC":4,"XXXQDM":"02","KXH":"171","KSJC":3,"XKZRS":35,"SKZC":"000000111000000000000000000000","SKJS":"杨春燕","ISTK":0,"ZCMC":"7-9周","YPSJDD":"9周 星期日 第3节-第4节 南湖南-博学北楼-203,7-9周 星期五 第3节-第4节 南湖南-博学北楼-203,17周 星期三 第3节-第4节 南湖南-博学北楼-203,1-5周 星期五 第3节-第4节 南湖南-博学北楼-203,11-16周 星期五 第3节-第4节 南湖南-博学北楼-203","XF":2,"SKXQ":5,"XNXQDM":"2024-2025-2","KCM":"大学英语2","JASDM":"0202010203","JXLDM":"020201","JXBID":"20242-12701","SKBJ":"公选-12701","TYXMDM":"11","KCH":"10201121073"},{"KKDWDM":"007","XS":48,"BYBZ":"0","JSJC":8,"XXXQDM":"02","KXH":"01","KSJC":6,"XKZRS":39,"SKZC":"000000001000000000000000000000","SKJS":"余晨光","ISTK":0,"ZCMC":"9周","YPSJDD":"7-9周 星期五 第6节-第8节 南湖南-博学北楼-203,17周 星期三 第6节-第8节 南湖南-博学北楼-203,11-16周 星期五 第6节-第8节 南湖南-博学北楼-203,1-5周 星期五 第6节-第8节 南湖南-博学北楼-203,9周 星期日 第6节-第8节 南湖南-博学北楼-203","XF":3,"SKXQ":7,"XNXQDM":"2024-2025-2","KCM":"汽车学与性能测试2","JASDM":"0202010203","JXLDM":"020201","JXBID":"20242-03094","SKBJ":"车辆gj2204","TYXMDM":null,"KCH":"10074117095"},{"KKDWDM":"020","XS":32,"BYBZ":"0","JSJC":2,"XXXQDM":"02","KXH":"163","KSJC":1,"XKZRS":34,"SKZC":"000000001000000000000000000000","SKJS":"杨春燕","ISTK":0,"ZCMC":"9周","YPSJDD":"1-5周 星期五 第1节-第2节 南湖南-博学北楼-203,11-16周 星期五 第1节-第2节 南湖南-博学北楼-203,7-9周 星期五 第1节-第2节 南湖南-博学北楼-203,9周 星期日 第1节-第2节 南湖南-博学北楼-203,17周 星期三 第1节-第2节 南湖南-博学北楼-203","XF":2,"SKXQ":7,"XNXQDM":"2024-2025-2","KCM":"大学英语2","JASDM":"0202010203","JXLDM":"020201","JXBID":"20242-12684","SKBJ":"公选-12684","TYXMDM":"11","KCH":"10201121073"},{"KKDWDM":"020","XS":32,"BYBZ":"0","JSJC":4,"XXXQDM":"02","KXH":"171","KSJC":3,"XKZRS":35,"SKZC":"000000001000000000000000000000","SKJS":"杨春燕","ISTK":0,"ZCMC":"9周","YPSJDD":"9周 星期日 第3节-第4节 南湖南-博学北楼-203,7-9周 星期五 第3节-第4节 南湖南-博学北楼-203,17周 星期三 第3节-第4节 南湖南-博学北楼-203,1-5周 星期五 第3节-第4节 南湖南-博学北楼-203,11-16周 星期五 第3节-第4节 南湖南-博学北楼-203","XF":2,"SKXQ":7,"XNXQDM":"2024-2025-2","KCM":"大学英语2","JASDM":"0202010203","JXLDM":"020201","JXBID":"20242-12701","SKBJ":"公选-12701","TYXMDM":"11","KCH":"10201121073"},{"KKDWDM":"020","XS":32,"BYBZ":"0","JSJC":4,"XXXQDM":"02","KXH":"154","KSJC":3,"XKZRS":34,"SKZC":"000000000011111110000000000000","SKJS":"杨春燕","ISTK":0,"ZCMC":"11-17周","YPSJDD":"1-9周 星期四 第3节-第4节 南湖南-博学北楼-203,11-17周 星期四 第3节-第4节 南湖南-博学北楼-203","XF":2,"SKXQ":4,"XNXQDM":"2024-2025-2","KCM":"大学英语2","JASDM":"0202010203","JXLDM":"020201","JXBID":"20242-12666","SKBJ":"公选-12666","TYXMDM":"11","KCH":"10201121073"},{"KKDWDM":"020","XS":32,"BYBZ":"0","JSJC":2,"XXXQDM":"02","KXH":"145","KSJC":1,"XKZRS":35,"SKZC":"000000000011111110000000000000","SKJS":"杨春燕","ISTK":0,"ZCMC":"11-17周","YPSJDD":"1-9周 星期四 第1节-第2节 南湖南-博学北楼-203,11-17周 星期四 第1节-第2节 南湖南-博学北楼-203","XF":2,"SKXQ":4,"XNXQDM":"2024-2025-2","KCM":"大学英语2","JASDM":"0202010203","JXLDM":"020201","JXBID":"20242-12648","SKBJ":"公选-12648","TYXMDM":"11","KCH":"10201121073"},{"KKDWDM":"020","XS":32,"BYBZ":"0","JSJC":2,"XXXQDM":"02","KXH":"163","KSJC":1,"XKZRS":34,"SKZC":"000000000011111100000000000000","SKJS":"杨春燕","ISTK":0,"ZCMC":"11-16周","YPSJDD":"1-5周 星期五 第1节-第2节 南湖南-博学北楼-203,11-16周 星期五 第1节-第2节 南湖南-博学北楼-203,7-9周 星期五 第1节-第2节 南湖南-博学北楼-203,9周 星期日 第1节-第2节 南湖南-博学北楼-203,17周 星期三 第1节-第2节 南湖南-博学北楼-203","XF":2,"SKXQ":5,"XNXQDM":"2024-2025-2","KCM":"大学英语2","JASDM":"0202010203","JXLDM":"020201","JXBID":"20242-12684","SKBJ":"公选-12684","TYXMDM":"11","KCH":"10201121073"},{"KKDWDM":"007","XS":48,"BYBZ":"0","JSJC":8,"XXXQDM":"02","KXH":"01","KSJC":6,"XKZRS":39,"SKZC":"000000000011111100000000000000","SKJS":"余晨光","ISTK":0,"ZCMC":"11-16周","YPSJDD":"7-9周 星期五 第6节-第8节 南湖南-博学北楼-203,17周 星期三 第6节-第8节 南湖南-博学北楼-203,11-16周 星期五 第6节-第8节 南湖南-博学北楼-203,1-5周 星期五 第6节-第8节 南湖南-博学北楼-203,9周 星期日 第6节-第8节 南湖南-博学北楼-203","XF":3,"SKXQ":5,"XNXQDM":"2024-2025-2","KCM":"汽车学与性能测试2","JASDM":"0202010203","JXLDM":"020201","JXBID":"20242-03094","SKBJ":"车辆gj2204","TYXMDM":null,"KCH":"10074117095"},{"KKDWDM":"020","XS":32,"BYBZ":"0","JSJC":4,"XXXQDM":"02","KXH":"171","KSJC":3,"XKZRS":35,"SKZC":"000000000011111100000000000000","SKJS":"杨春燕","ISTK":0,"ZCMC":"11-16周","YPSJDD":"9周 星期日 第3节-第4节 南湖南-博学北楼-203,7-9周 星期五 第3节-第4节 南湖南-博学北楼-203,17周 星期三 第3节-第4节 南湖南-博学北楼-203,1-5周 星期五 第3节-第4节 南湖南-博学北楼-203,11-16周 星期五 第3节-第4节 南湖南-博学北楼-203","XF":2,"SKXQ":5,"XNXQDM":"2024-2025-2","KCM":"大学英语2","JASDM":"0202010203","JXLDM":"020201","JXBID":"20242-12701","SKBJ":"公选-12701","TYXMDM":"11","KCH":"10201121073"},{"KKDWDM":"020","XS":32,"BYBZ":"0","JSJC":4,"XXXQDM":"02","KXH":"100","KSJC":3,"XKZRS":35,"SKZC":"000000000001110000000000000000","SKJS":"赵淑华","ISTK":0,"ZCMC":"12-14周","YPSJDD":"16-17周 星期一 第3节-第4节 南湖南-博学北楼-203,12-14周 星期一 第3节-第4节 南湖南-博学北楼-203,1-10周 星期一 第3节-第4节 南湖南-博学北楼-203,17周 星期二 第3节-第4节 南湖南-博学北楼-203","XF":2,"SKXQ":1,"XNXQDM":"2024-2025-2","KCM":"大学英语2","JASDM":"0202010203","JXLDM":"020201","JXBID":"20242-12558","SKBJ":"公选-12558","TYXMDM":"11","KCH":"10201121073"},{"KKDWDM":"020","XS":32,"BYBZ":"0","JSJC":2,"XXXQDM":"02","KXH":"91","KSJC":1,"XKZRS":35,"SKZC":"000000000001110000000000000000","SKJS":"赵淑华","ISTK":0,"ZCMC":"12-14周","YPSJDD":"1-10周 星期一 第1节-第2节 南湖南-博学北楼-203,17周 星期二 第1节-第2节 南湖南-博学北楼-203,16-17周 星期一 第1节-第2节 南湖南-博学北楼-203,12-14周 星期一 第1节-第2节 南湖南-博学北楼-203","XF":2,"SKXQ":1,"XNXQDM":"2024-2025-2","KCM":"大学英语2","JASDM":"0202010203","JXLDM":"020201","JXBID":"20242-12540","SKBJ":"公选-12540","TYXMDM":"11","KCH":"10201121073"},{"KKDWDM":"020","XS":32,"BYBZ":"0","JSJC":7,"XXXQDM":"02","KXH":"179","KSJC":6,"XKZRS":35,"SKZC":"000000000001110000000000000000","SKJS":"吴华松","ISTK":0,"ZCMC":"12-14周","YPSJDD":"1-10周 星期一 第6节-第7节 南湖南-博学北楼-203,12-14周 星期一 第6节-第7节 南湖南-博学北楼-203,17周 星期二 第6节-第7节 南湖南-博学北楼-203,16-17周 星期一 第6节-第7节 南湖南-博学北楼-203","XF":2,"SKXQ":1,"XNXQDM":"2024-2025-2","KCM":"大学英语2","JASDM":"0202010203","JXLDM":"020201","JXBID":"20242-12718","SKBJ":"公选-12718","TYXMDM":"11","KCH":"10201121073"},{"KKDWDM":"020","XS":32,"BYBZ":"0","JSJC":7,"XXXQDM":"02","KXH":"179","KSJC":6,"XKZRS":35,"SKZC":"000000000000000110000000000000","SKJS":"吴华松","ISTK":0,"ZCMC":"16-17周","YPSJDD":"1-10周 星期一 第6节-第7节 南湖南-博学北楼-203,12-14周 星期一 第6节-第7节 南湖南-博学北楼-203,17周 星期二 第6节-第7节 南湖南-博学北楼-203,16-17周 星期一 第6节-第7节 南湖南-博学北楼-203","XF":2,"SKXQ":1,"XNXQDM":"2024-2025-2","KCM":"大学英语2","JASDM":"0202010203","JXLDM":"020201","JXBID":"20242-12718","SKBJ":"公选-12718","TYXMDM":"11","KCH":"10201121073"},{"KKDWDM":"020","XS":32,"BYBZ":"0","JSJC":4,"XXXQDM":"02","KXH":"100","KSJC":3,"XKZRS":35,"SKZC":"000000000000000110000000000000","SKJS":"赵淑华","ISTK":0,"ZCMC":"16-17周","YPSJDD":"16-17周 星期一 第3节-第4节 南湖南-博学北楼-203,12-14周 星期一 第3节-第4节 南湖南-博学北楼-203,1-10周 星期一 第3节-第4节 南湖南-博学北楼-203,17周 星期二 第3节-第4节 南湖南-博学北楼-203","XF":2,"SKXQ":1,"XNXQDM":"2024-2025-2","KCM":"大学英语2","JASDM":"0202010203","JXLDM":"020201","JXBID":"20242-12558","SKBJ":"公选-12558","TYXMDM":"11","KCH":"10201121073"},{"KKDWDM":"020","XS":32,"BYBZ":"0","JSJC":2,"XXXQDM":"02","KXH":"91","KSJC":1,"XKZRS":35,"SKZC":"000000000000000110000000000000","SKJS":"赵淑华","ISTK":0,"ZCMC":"16-17周","YPSJDD":"1-10周 星期一 第1节-第2节 南湖南-博学北楼-203,17周 星期二 第1节-第2节 南湖南-博学北楼-203,16-17周 星期一 第1节-第2节 南湖南-博学北楼-203,12-14周 星期一 第1节-第2节 南湖南-博学北楼-203","XF":2,"SKXQ":1,"XNXQDM":"2024-2025-2","KCM":"大学英语2","JASDM":"0202010203","JXLDM":"020201","JXBID":"20242-12540","SKBJ":"公选-12540","TYXMDM":"11","KCH":"10201121073"},{"KKDWDM":"020","XS":32,"BYBZ":"0","JSJC":7,"XXXQDM":"02","KXH":"179","KSJC":6,"XKZRS":35,"SKZC":"000000000000000010000000000000","SKJS":"吴华松","ISTK":0,"ZCMC":"17周","YPSJDD":"1-10周 星期一 第6节-第7节 南湖南-博学北楼-203,12-14周 星期一 第6节-第7节 南湖南-博学北楼-203,17周 星期二 第6节-第7节 南湖南-博学北楼-203,16-17周 星期一 第6节-第7节 南湖南-博学北楼-203","XF":2,"SKXQ":2,"XNXQDM":"2024-2025-2","KCM":"大学英语2","JASDM":"0202010203","JXLDM":"020201","JXBID":"20242-12718","SKBJ":"公选-12718","TYXMDM":"11","KCH":"10201121073"},{"KKDWDM":"020","XS":32,"BYBZ":"0","JSJC":2,"XXXQDM":"02","KXH":"91","KSJC":1,"XKZRS":35,"SKZC":"000000000000000010000000000000","SKJS":"赵淑华","ISTK":0,"ZCMC":"17周","YPSJDD":"1-10周 星期一 第1节-第2节 南湖南-博学北楼-203,17周 星期二 第1节-第2节 南湖南-博学北楼-203,16-17周 星期一 第1节-第2节 南湖南-博学北楼-203,12-14周 星期一 第1节-第2节 南湖南-博学北楼-203","XF":2,"SKXQ":2,"XNXQDM":"2024-2025-2","KCM":"大学英语2","JASDM":"0202010203","JXLDM":"020201","JXBID":"20242-12540","SKBJ":"公选-12540","TYXMDM":"11","KCH":"10201121073"},{"KKDWDM":"020","XS":32,"BYBZ":"0","JSJC":4,"XXXQDM":"02","KXH":"100","KSJC":3,"XKZRS":35,"SKZC":"000000000000000010000000000000","SKJS":"赵淑华","ISTK":0,"ZCMC":"17周","YPSJDD":"16-17周 星期一 第3节-第4节 南湖南-博学北楼-203,12-14周 星期一 第3节-第4节 南湖南-博学北楼-203,1-10周 星期一 第3节-第4节 南湖南-博学北楼-203,17周 星期二 第3节-第4节 南湖南-博学北楼-203","XF":2,"SKXQ":2,"XNXQDM":"2024-2025-2","KCM":"大学英语2","JASDM":"0202010203","JXLDM":"020201","JXBID":"20242-12558","SKBJ":"公选-12558","TYXMDM":"11","KCH":"10201121073"},{"KKDWDM":"007","XS":48,"BYBZ":"0","JSJC":8,"XXXQDM":"02","KXH":"01","KSJC":6,"XKZRS":39,"SKZC":"000000000000000010000000000000","SKJS":"余晨光","ISTK":0,"ZCMC":"17周","YPSJDD":"7-9周 星期五 第6节-第8节 南湖南-博学北楼-203,17周 星期三 第6节-第8节 南湖南-博学北楼-203,11-16周 星期五 第6节-第8节 南湖南-博学北楼-203,1-5周 星期五 第6节-第8节 南湖南-博学北楼-203,9周 星期日 第6节-第8节 南湖南-博学北楼-203","XF":3,"SKXQ":3,"XNXQDM":"2024-2025-2","KCM":"汽车学与性能测试2","JASDM":"0202010203","JXLDM":"020201","JXBID":"20242-03094","SKBJ":"车辆gj2204","TYXMDM":null,"KCH":"10074117095"},{"KKDWDM":"020","XS":32,"BYBZ":"0","JSJC":2,"XXXQDM":"02","KXH":"163","KSJC":1,"XKZRS":34,"SKZC":"000000000000000010000000000000","SKJS":"杨春燕","ISTK":0,"ZCMC":"17周","YPSJDD":"1-5周 星期五 第1节-第2节 南湖南-博学北楼-203,11-16周 星期五 第1节-第2节 南湖南-博学北楼-203,7-9周 星期五 第1节-第2节 南湖南-博学北楼-203,9周 星期日 第1节-第2节 南湖南-博学北楼-203,17周 星期三 第1节-第2节 南湖南-博学北楼-203","XF":2,"SKXQ":3,"XNXQDM":"2024-2025-2","KCM":"大学英语2","JASDM":"0202010203","JXLDM":"020201","JXBID":"20242-12684","SKBJ":"公选-12684","TYXMDM":"11","KCH":"10201121073"},{"KKDWDM":"020","XS":32,"BYBZ":"0","JSJC":4,"XXXQDM":"02","KXH":"171","KSJC":3,"XKZRS":35,"SKZC":"000000000000000010000000000000","SKJS":"杨春燕","ISTK":0,"ZCMC":"17周","YPSJDD":"9周 星期日 第3节-第4节 南湖南-博学北楼-203,7-9周 星期五 第3节-第4节 南湖南-博学北楼-203,17周 星期三 第3节-第4节 南湖南-博学北楼-203,1-5周 星期五 第3节-第4节 南湖南-博学北楼-203,11-16周 星期五 第3节-第4节 南湖南-博学北楼-203","XF":2,"SKXQ":3,"XNXQDM":"2024-2025-2","KCM":"大学英语2","JASDM":"0202010203","JXLDM":"020201","JXBID":"20242-12701","SKBJ":"公选-12701","TYXMDM":"11","KCH":"10201121073"}]}},"code":"0"}