{"datas":{"jaskcb":{"extParams":{"code":1,"msg":"查询成功"},"pageSize":0,"pageNumber":0,"totalSize":-1,"rows":[{"KKDWDM":"017","XS":48,"BYBZ":"0","JSJC":8,"XXXQDM":"02","KXH":"01","KSJC":6,"XKZRS":90,"SKZC":"111111111111111100000000","SKJS":"燕翔","ISTK":0,"ZCMC":"1-16周","YPSJDD":"1-16周 星期二 第6节-第8节 南湖南-博学东楼-210","XF":3,"SKXQ":2,"XNXQDM":"2024-2025-2","KCM":"信息时代的理解与表达A","JASDM":"0202020210","JXLDM":"020202","JXBID":"20242-06243","SKBJ":"信管2401-03","TYXMDM":null,"KCH":"10175124138"},{"KKDWDM":"012","XS":56,"BYBZ":"0","JSJC":4,"XXXQDM":"02","KXH":"14","KSJC":3,"XKZRS":140,"SKZC":"111111111111110000000000000000","SKJS":"钟忺","ISTK":0,"ZCMC":"1-14周","YPSJDD":"1-14周 星期二 第3节-第4节 南湖南-博学东楼-210,11-15周 星期四 第1节-第2节 南湖南-博学东楼-210,1-9周 星期四 第1节-第2节 南湖南-博学东楼-210","XF":3,"SKXQ":2,"XNXQDM":"2024-2025-2","KCM":"离散结构","JASDM":"0202020210","JXLDM":"020202","JXBID":"20242-10453","SKBJ":"计算机类2408-11","TYXMDM":null,"KCH":"10124117071"},{"KKDWDM":"011","XS":56,"BYBZ":"0","JSJC":2,"XXXQDM":"02","KXH":"03","KSJC":1,"XKZRS":109,"SKZC":"111111111111110000000000000000","SKJS":"葛华","ISTK":0,"ZCMC":"1-14周","YPSJDD":"1-14周 星期二 第1节-第2节 南湖南-博学东楼-210,9周 星期日 第3节-第4节 南湖南-博学东楼-210,11-15周 星期五 第3节-第4节 南湖南-博学东楼-210,1-5周 星期五 第3节-第4节 南湖南-博学东楼-210,7-9周 星期五 第3节-第4节 南湖南-博学东楼-210","XF":3,"SKXQ":2,"XNXQDM":"2024-2025-2","KCM":"数字电子技术基础B","JASDM":"0202020210","JXLDM":"020202","JXBID":"20242-05592","SKBJ":"光信科2301-03","TYXMDM":null,"KCH":"10137311014"},{"KKDWDM":"021","XS":48,"BYBZ":"0","JSJC":8,"XXXQDM":"02","KXH":"07","KSJC":6,"XKZRS":76,"SKZC":"11111111111111000000","SKJS":"杨积少","ISTK":0,"ZCMC":"1-14周","YPSJDD":"1-14周 星期三 第6节-第8节 南湖南-博学东楼-210","XF":3,"SKXQ":3,"XNXQDM":"2024-2025-2","KCM":"中国近现代史纲要","JASDM":"0202020210","JXLDM":"020202","JXBID":"20242-11875","SKBJ":"工商类2407-08,工商类2413-14","TYXMDM":null,"KCH":"10211124005"},{"KKDWDM":"017","XS":40,"BYBZ":"0","JSJC":5,"XXXQDM":"02","KXH":"04","KSJC":3,"XKZRS":95,"SKZC":"111111111111000000000000","SKJS":"关飞扬","ISTK":0,"ZCMC":"1-12周","YPSJDD":"13-14周 星期三 第3节-第4节 南湖南-博学东楼-210,1-12周 星期三 第3节-第5节 南湖南-博学东楼-210","XF":2,"SKXQ":3,"XNXQDM":"2024-2025-2","KCM":"会计学","JASDM":"0202020210","JXLDM":"020202","JXBID":"20242-09777","SKBJ":"数经sy2401,金融kj2301,金融kj2401","TYXMDM":null,"KCH":"10174121170"},{"KKDWDM":"071","XS":48,"BYBZ":"0","JSJC":5,"XXXQDM":"02","KXH":"05","KSJC":3,"XKZRS":141,"SKZC":"111111111100000000000000000000","SKJS":"谢良","ISTK":0,"ZCMC":"1-10周","YPSJDD":"12-14周 星期一 第3节-第5节 南湖南-博学东楼-210,16-17周 星期一 第3节-第5节 南湖南-博学东楼-210,17周 星期二 第3节-第5节 南湖南-博学东楼-210,1-10周 星期一 第3节-第5节 南湖南-博学东楼-210","XF":3,"SKXQ":1,"XNXQDM":"2024-2025-2","KCM":"概率论与数理统计B","JASDM":"0202020210","JXLDM":"020202","JXBID":"20242-05127","SKBJ":"化工zy2301-03,采矿2301-02","TYXMDM":null,"KCH":"10155111054"},{"KKDWDM":"021","XS":48,"BYBZ":"0","JSJC":8,"XXXQDM":"02","KXH":"37","KSJC":6,"XKZRS":100,"SKZC":"111111111100000000000000000000","SKJS":"易艳","ISTK":0,"ZCMC":"1-10周","YPSJDD":"12-14周 星期一 第6节-第8节 南湖南-博学东楼-210,16周 星期一 第6节-第8节 南湖南-博学东楼-210,1-10周 星期一 第6节-第8节 南湖南-博学东楼-210","XF":3,"SKXQ":1,"XNXQDM":"2024-2025-2","KCM":"思想道德与法治","JASDM":"0202020210","JXLDM":"020202","JXBID":"20242-11827","SKBJ":"自动化类2407-09","TYXMDM":null,"KCH":"10211124001"},{"KKDWDM":"044","XS":32,"BYBZ":"0","JSJC":13,"XXXQDM":"02","KXH":"07","KSJC":11,"XKZRS":140,"SKZC":"111111111100000000000000","SKJS":"龚文莉","ISTK":0,"ZCMC":"1-10周","YPSJDD":"11周 星期二 第11节-第12节 南湖南-博学东楼-210,1-10周 星期二 第11节-第13节 南湖南-博学东楼-210","XF":2,"SKXQ":2,"XNXQDM":"2024-2025-2","KCM":"音乐鉴赏(GX)","JASDM":"0202020210","JXLDM":"020202","JXBID":"20242-11570","SKBJ":"公选-11570","TYXMDM":null,"KCH":"10442121059"},{"KKDWDM":"016","XS":32,"BYBZ":"0","JSJC":13,"XXXQDM":"02","KXH":"01","KSJC":11,"XKZRS":139,"SKZC":"111111111100000000000000","SKJS":"徐文瑨","ISTK":0,"ZCMC":"1-10周","YPSJDD":"12周 星期一 第11节-第12节 南湖南-博学东楼-210,1-10周 星期一 第11节-第13节 南湖南-博学东楼-210","XF":2,"SKXQ":1,"XNXQDM":"2024-2025-2","KCM":"药物发展史","JASDM":"0202020210","JXLDM":"020202","JXBID":"20242-08126","SKBJ":"公选-08126","TYXMDM":null,"KCH":"10166121144"},{"KKDWDM":"022","XS":32,"BYBZ":"0","JSJC":13,"XXXQDM":"02","KXH":"01","KSJC":11,"XKZRS":138,"SKZC":"111111111010000000000000","SKJS":"秦崇文","ISTK":0,"ZCMC":"1-9周,11周","YPSJDD":"12周 星期四 第11节-第12节 南湖南-博学东楼-210,1-9周,11周 星期四 第11节-第13节 南湖南-博学东楼-210","XF":2,"SKXQ":4,"XNXQDM":"2024-2025-2","KCM":"文化人类学D","JASDM":"0202020210","JXLDM":"020202","JXBID":"20242-08690","SKBJ":"公选-08690","TYXMDM":null,"KCH":"10226121174"},{"KKDWDM":"012","XS":56,"BYBZ":"0","JSJC":2,"XXXQDM":"02","KXH":"14","KSJC":1,"XKZRS":140,"SKZC":"111111111000000000000000000000","SKJS":"钟忺","ISTK":0,"ZCMC":"1-9周","YPSJDD":"1-14周 星期二 第3节-第4节 南湖南-博学东楼-210,11-15周 星期四 第1节-第2节 南湖南-博学东楼-210,1-9周 星期四 第1节-第2节 南湖南-博学东楼-210","XF":3,"SKXQ":4,"XNXQDM":"2024-2025-2","KCM":"离散结构","JASDM":"0202020210","JXLDM":"020202","JXBID":"20242-10453","SKBJ":"计算机类2408-11","TYXMDM":null,"KCH":"10124117071"},{"KKDWDM":"017","XS":32,"BYBZ":"0","JSJC":4,"XXXQDM":"02","KXH":"10","KSJC":3,"XKZRS":94,"SKZC":"111111111000000000000000000000","SKJS":"惠丽丽,陈晓芳","ISTK":0,"ZCMC":"1-9周","YPSJDD":"11-17周 星期四 第3节-第4节 南湖南-博学东楼-210,1-9周 星期四 第3节-第4节 南湖南-博学东楼-210","XF":2,"SKXQ":4,"XNXQDM":"2024-2025-2","KCM":"会计学原理","JASDM":"0202020210","JXLDM":"020202","JXBID":"20242-09776","SKBJ":"工商类2410-12","TYXMDM":null,"KCH":"10173124427"},{"KKDWDM":"022","XS":24,"BYBZ":"0","JSJC":13,"XXXQDM":"02","KXH":"01","KSJC":11,"XKZRS":140,"SKZC":"111111110000000000000000","SKJS":"周玉容","ISTK":0,"ZCMC":"1-8周","YPSJDD":"1-8周 星期三 第11节-第13节 南湖南-博学东楼-210","XF":1,"SKXQ":3,"XNXQDM":"2024-2025-2","KCM":"情商与人生(GX)","JASDM":"0202020210","JXLDM":"020202","JXBID":"20242-08535","SKBJ":"公选-08535","TYXMDM":null,"KCH":"10222121218"},{"KKDWDM":"021","XS":48,"BYBZ":"0","JSJC":8,"XXXQDM":"02","KXH":"42","KSJC":6,"XKZRS":109,"SKZC":"111110000000000000000000000000","SKJS":"张利荣","ISTK":0,"ZCMC":"1-5周","YPSJDD":"9周 星期日 第6节-第8节 南湖南-博学东楼-210,1-5周 星期五 第6节-第8节 南湖南-博学东楼-210,7-9周 星期五 第6节-第8节 南湖南-博学东楼-210,11-15周 星期五 第6节-第8节 南湖南-博学东楼-210","XF":3,"SKXQ":5,"XNXQDM":"2024-2025-2","KCM":"思想道德与法治","JASDM":"0202020210","JXLDM":"020202","JXBID":"20242-11832","SKBJ":"计算机类2410-12","TYXMDM":null,"KCH":"10211124001"},{"KKDWDM":"011","XS":56,"BYBZ":"0","JSJC":4,"XXXQDM":"02","KXH":"03","KSJC":3,"XKZRS":109,"SKZC":"111110000000000000000000000000","SKJS":"葛华","ISTK":0,"ZCMC":"1-5周","YPSJDD":"1-14周 星期二 第1节-第2节 南湖南-博学东楼-210,9周 星期日 第3节-第4节 南湖南-博学东楼-210,11-15周 星期五 第3节-第4节 南湖南-博学东楼-210,1-5周 星期五 第3节-第4节 南湖南-博学东楼-210,7-9周 星期五 第3节-第4节 南湖南-博学东楼-210","XF":3,"SKXQ":5,"XNXQDM":"2024-2025-2","KCM":"数字电子技术基础B","JASDM":"0202020210","JXLDM":"020202","JXBID":"20242-05592","SKBJ":"光信科2301-03","TYXMDM":null,"KCH":"10137311014"},{"KKDWDM":"016","XS":32,"BYBZ":"0","JSJC":2,"XXXQDM":"02","KXH":"01","KSJC":1,"XKZRS":91,"SKZC":"011111111111111100000000000000","SKJS":"何梦,刘霞","ISTK":0,"ZCMC":"2-16周","YPSJDD":"1周 星期三 第1节-第2节 南湖南-博学西楼-302,2-16周 星期三 第1节-第2节 南湖南-博学东楼-210","XF":2,"SKXQ":3,"XNXQDM":"2024-2025-2","KCM":"医学基础","JASDM":"0202020210","JXLDM":"020202","JXBID":"20242-05150","SKBJ":"制药zy2301-03","TYXMDM":null,"KCH":"10164111001"},{"KKDWDM":"011","XS":56,"BYBZ":"0","JSJC":4,"XXXQDM":"02","KXH":"03","KSJC":3,"XKZRS":109,"SKZC":"000000111000000000000000000000","SKJS":"葛华","ISTK":0,"ZCMC":"7-9周","YPSJDD":"1-14周 星期二 第1节-第2节 南湖南-博学东楼-210,9周 星期日 第3节-第4节 南湖南-博学东楼-210,11-15周 星期五 第3节-第4节 南湖南-博学东楼-210,1-5周 星期五 第3节-第4节 南湖南-博学东楼-210,7-9周 星期五 第3节-第4节 南湖南-博学东楼-210","XF":3,"SKXQ":5,"XNXQDM":"2024-2025-2","KCM":"数字电子技术基础B","JASDM":"0202020210","JXLDM":"020202","JXBID":"20242-05592","SKBJ":"光信科2301-03","TYXMDM":null,"KCH":"10137311014"},{"KKDWDM":"021","XS":48,"BYBZ":"0","JSJC":8,"XXXQDM":"02","KXH":"42","KSJC":6,"XKZRS":109,"SKZC":"000000111000000000000000000000","SKJS":"张利荣","ISTK":0,"ZCMC":"7-9周","YPSJDD":"9周 星期日 第6节-第8节 南湖南-博学东楼-210,1-5周 星期五 第6节-第8节 南湖南-博学东楼-210,7-9周 星期五 第6节-第8节 南湖南-博学东楼-210,11-15周 星期五 第6节-第8节 南湖南-博学东楼-210","XF":3,"SKXQ":5,"XNXQDM":"2024-2025-2","KCM":"思想道德与法治","JASDM":"0202020210","JXLDM":"020202","JXBID":"20242-11832","SKBJ":"计算机类2410-12","TYXMDM":null,"KCH":"10211124001"},{"KKDWDM":"011","XS":56,"BYBZ":"0","JSJC":4,"XXXQDM":"02","KXH":"03","KSJC":3,"XKZRS":109,"SKZC":"000000001000000000000000000000","SKJS":"葛华","ISTK":0,"ZCMC":"9周","YPSJDD":"1-14周 星期二 第1节-第2节 南湖南-博学东楼-210,9周 星期日 第3节-第4节 南湖南-博学东楼-210,11-15周 星期五 第3节-第4节 南湖南-博学东楼-210,1-5周 星期五 第3节-第4节 南湖南-博学东楼-210,7-9周 星期五 第3节-第4节 南湖南-博学东楼-210","XF":3,"SKXQ":7,"XNXQDM":"2024-2025-2","KCM":"数字电子技术基础B","JASDM":"0202020210","JXLDM":"020202","JXBID":"20242-05592","SKBJ":"光信科2301-03","TYXMDM":null,"KCH":"10137311014"},{"KKDWDM":"021","XS":48,"BYBZ":"0","JSJC":8,"XXXQDM":"02","KXH":"42","KSJC":6,"XKZRS":109,"SKZC":"000000001000000000000000000000","SKJS":"张利荣","ISTK":0,"ZCMC":"9周","YPSJDD":"9周 星期日 第6节-第8节 南湖南-博学东楼-210,1-5周 星期五 第6节-第8节 南湖南-博学东楼-210,7-9周 星期五 第6节-第8节 南湖南-博学东楼-210,11-15周 星期五 第6节-第8节 南湖南-博学东楼-210","XF":3,"SKXQ":7,"XNXQDM":"2024-2025-2","KCM":"思想道德与法治","JASDM":"0202020210","JXLDM":"020202","JXBID":"20242-11832","SKBJ":"计算机类2410-12","TYXMDM":null,"KCH":"10211124001"},{"KKDWDM":"017","XS":32,"BYBZ":"0","JSJC":4,"XXXQDM":"02","KXH":"10","KSJC":3,"XKZRS":94,"SKZC":"000000000011111110000000000000","SKJS":"惠丽丽,陈晓芳","ISTK":0,"ZCMC":"11-17周","YPSJDD":"11-17周 星期四 第3节-第4节 南湖南-博学东楼-210,1-9周 星期四 第3节-第4节 南湖南-博学东楼-210","XF":2,"SKXQ":4,"XNXQDM":"2024-2025-2","KCM":"会计学原理","JASDM":"0202020210","JXLDM":"020202","JXBID":"20242-09776","SKBJ":"工商类2410-12","TYXMDM":null,"KCH":"10173124427"},{"KKDWDM":"021","XS":48,"BYBZ":"0","JSJC":8,"XXXQDM":"02","KXH":"42","KSJC":6,"XKZRS":109,"SKZC":"000000000011111000000000000000","SKJS":"张利荣","ISTK":0,"ZCMC":"11-15周","YPSJDD":"9周 星期日 第6节-第8节 南湖南-博学东楼-210,1-5周 星期五 第6节-第8节 南湖南-博学东楼-210,7-9周 星期五 第6节-第8节 南湖南-博学东楼-210,11-15周 星期五 第6节-第8节 南湖南-博学东楼-210","XF":3,"SKXQ":5,"XNXQDM":"2024-2025-2","KCM":"思想道德与法治","JASDM":"0202020210","JXLDM":"020202","JXBID":"20242-11832","SKBJ":"计算机类2410-12","TYXMDM":null,"KCH":"10211124001"},{"KKDWDM":"012","XS":56,"BYBZ":"0","JSJC":2,"XXXQDM":"02","KXH":"14","KSJC":1,"XKZRS":140,"SKZC":"000000000011111000000000000000","SKJS":"钟忺","ISTK":0,"ZCMC":"11-15周","YPSJDD":"1-14周 星期二 第3节-第4节 南湖南-博学东楼-210,11-15周 星期四 第1节-第2节 南湖南-博学东楼-210,1-9周 星期四 第1节-第2节 南湖南-博学东楼-210","XF":3,"SKXQ":4,"XNXQDM":"2024-2025-2","KCM":"离散结构","JASDM":"0202020210","JXLDM":"020202","JXBID":"20242-10453","SKBJ":"计算机类2408-11","TYXMDM":null,"KCH":"10124117071"},{"KKDWDM":"011","XS":56,"BYBZ":"0","JSJC":4,"XXXQDM":"02","KXH":"03","KSJC":3,"XKZRS":109,"SKZC":"000000000011111000000000000000","SKJS":"葛华","ISTK":0,"ZCMC":"11-15周","YPSJDD":"1-14周 星期二 第1节-第2节 南湖南-博学东楼-210,9周 星期日 第3节-第4节 南湖南-博学东楼-210,11-15周 星期五 第3节-第4节 南湖南-博学东楼-210,1-5周 星期五 第3节-第4节 南湖南-博学东楼-210,7-9周 星期五 第3节-第4节 南湖南-博学东楼-210","XF":3,"SKXQ":5,"XNXQDM":"2024-2025-2","KCM":"数字电子技术基础B","JASDM":"0202020210","JXLDM":"020202","JXBID":"20242-05592","SKBJ":"光信科2301-03","TYXMDM":null,"KCH":"10137311014"},{"KKDWDM":"044","XS":32,"BYBZ":"0","JSJC":12,"XXXQDM":"02","KXH":"07","KSJC":11,"XKZRS":140,"SKZC":"000000000010000000000000","SKJS":"龚文莉","ISTK":0,"ZCMC":"11周","YPSJDD":"11周 星期二 第11节-第12节 南湖南-博学东楼-210,1-10周 星期二 第11节-第13节 南湖南-博学东楼-210","XF":2,"SKXQ":2,"XNXQDM":"2024-2025-2","KCM":"音乐鉴赏(GX)","JASDM":"0202020210","JXLDM":"020202","JXBID":"20242-11570","SKBJ":"公选-11570","TYXMDM":null,"KCH":"10442121059"},{"KKDWDM":"021","XS":48,"BYBZ":"0","JSJC":8,"XXXQDM":"02","KXH":"37","KSJC":6,"XKZRS":100,"SKZC":"000000000001110000000000000000","SKJS":"易艳","ISTK":0,"ZCMC":"12-14周","YPSJDD":"12-14周 星期一 第6节-第8节 南湖南-博学东楼-210,16周 星期一 第6节-第8节 南湖南-博学东楼-210,1-10周 星期一 第6节-第8节 南湖南-博学东楼-210","XF":3,"SKXQ":1,"XNXQDM":"2024-2025-2","KCM":"思想道德与法治","JASDM":"0202020210","JXLDM":"020202","JXBID":"20242-11827","SKBJ":"自动化类2407-09","TYXMDM":null,"KCH":"10211124001"},{"KKDWDM":"071","XS":48,"BYBZ":"0","JSJC":5,"XXXQDM":"02","KXH":"05","KSJC":3,"XKZRS":141,"SKZC":"000000000001110000000000000000","SKJS":"谢良","ISTK":0,"ZCMC":"12-14周","YPSJDD":"12-14周 星期一 第3节-第5节 南湖南-博学东楼-210,16-17周 星期一 第3节-第5节 南湖南-博学东楼-210,17周 星期二 第3节-第5节 南湖南-博学东楼-210,1-10周 星期一 第3节-第5节 南湖南-博学东楼-210","XF":3,"SKXQ":1,"XNXQDM":"2024-2025-2","KCM":"概率论与数理统计B","JASDM":"0202020210","JXLDM":"020202","JXBID":"20242-05127","SKBJ":"化工zy2301-03,采矿2301-02","TYXMDM":null,"KCH":"10155111054"},{"KKDWDM":"016","XS":32,"BYBZ":"0","JSJC":12,"XXXQDM":"02","KXH":"01","KSJC":11,"XKZRS":139,"SKZC":"000000000001000000000000","SKJS":"徐文瑨","ISTK":0,"ZCMC":"12周","YPSJDD":"12周 星期一 第11节-第12节 南湖南-博学东楼-210,1-10周 星期一 第11节-第13节 南湖南-博学东楼-210","XF":2,"SKXQ":1,"XNXQDM":"2024-2025-2","KCM":"药物发展史","JASDM":"0202020210","JXLDM":"020202","JXBID":"20242-08126","SKBJ":"公选-08126","TYXMDM":null,"KCH":"10166121144"},{"KKDWDM":"022","XS":32,"BYBZ":"0","JSJC":12,"XXXQDM":"02","KXH":"01","KSJC":11,"XKZRS":138,"SKZC":"000000000001000000000000","SKJS":"秦崇文","ISTK":0,"ZCMC":"12周","YPSJDD":"12周 星期四 第11节-第12节 南湖南-博学东楼-210,1-9周,11周 星期四 第11节-第13节 南湖南-博学东楼-210","XF":2,"SKXQ":4,"XNXQDM":"2024-2025-2","KCM":"文化人类学D","JASDM":"0202020210","JXLDM":"020202","JXBID":"20242-08690","SKBJ":"公选-08690","TYXMDM":null,"KCH":"10226121174"},{"KKDWDM":"017","XS":40,"BYBZ":"0","JSJC":4,"XXXQDM":"02","KXH":"04","KSJC":3,"XKZRS":95,"SKZC":"000000000000110000000000","SKJS":"关飞扬","ISTK":0,"ZCMC":"13-14周","YPSJDD":"13-14周 星期三 第3节-第4节 南湖南-博学东楼-210,1-12周 星期三 第3节-第5节 南湖南-博学东楼-210","XF":2,"SKXQ":3,"XNXQDM":"2024-2025-2","KCM":"会计学","JASDM":"0202020210","JXLDM":"020202","JXBID":"20242-09777","SKBJ":"数经sy2401,金融kj2301,金融kj2401","TYXMDM":null,"KCH":"10174121170"},{"KKDWDM":"071","XS":48,"BYBZ":"0","JSJC":5,"XXXQDM":"02","KXH":"05","KSJC":3,"XKZRS":141,"SKZC":"000000000000000110000000000000","SKJS":"谢良","ISTK":0,"ZCMC":"16-17周","YPSJDD":"12-14周 星期一 第3节-第5节 南湖南-博学东楼-210,16-17周 星期一 第3节-第5节 南湖南-博学东楼-210,17周 星期二 第3节-第5节 南湖南-博学东楼-210,1-10周 星期一 第3节-第5节 南湖南-博学东楼-210","XF":3,"SKXQ":1,"XNXQDM":"2024-2025-2","KCM":"概率论与数理统计B","JASDM":"0202020210","JXLDM":"020202","JXBID":"20242-05127","SKBJ":"化工zy2301-03,采矿2301-02","TYXMDM":null,"KCH":"10155111054"},{"KKDWDM":"021","XS":48,"BYBZ":"0","JSJC":8,"XXXQDM":"02","KXH":"37","KSJC":6,"XKZRS":100,"SKZC":"000000000000000100000000000000","SKJS":"易艳","ISTK":0,"ZCMC":"16周","YPSJDD":"12-14周 星期一 第6节-第8节 南湖南-博学东楼-210,16周 星期一 第6节-第8节 南湖南-博学东楼-210,1-10周 星期一 第6节-第8节 南湖南-博学东楼-210","XF":3,"SKXQ":1,"XNXQDM":"2024-2025-2","KCM":"思想道德与法治","JASDM":"0202020210","JXLDM":"020202","JXBID":"20242-11827","SKBJ":"自动化类2407-09","TYXMDM":null,"KCH":"10211124001"},{"KKDWDM":"071","XS":48,"BYBZ":"0","JSJC":5,"XXXQDM":"02","KXH":"05","KSJC":3,"XKZRS":141,"SKZC":"000000000000000010000000000000","SKJS":"谢良","ISTK":0,"ZCMC":"17周","YPSJDD":"12-14周 星期一 第3节-第5节 南湖南-博学东楼-210,16-17周 星期一 第3节-第5节 南湖南-博学东楼-210,17周 星期二 第3节-第5节 南湖南-博学东楼-210,1-10周 星期一 第3节-第5节 南湖南-博学东楼-210","XF":3,"SKXQ":2,"XNXQDM":"2024-2025-2","KCM":"概率论与数理统计B","JASDM":"0202020210","JXLDM":"020202","JXBID":"20242-05127","SKBJ":"化工zy2301-03,采矿2301-02","TYXMDM":null,"KCH":"10155111054"}]}},"code":"0"}