{"datas":{"jaskcb":{"extParams":{"code":1,"msg":"查询成功"},"pageSize":0,"pageNumber":0,"totalSize":-1,"rows":[{"KKDWDM":"013","XS":48,"BYBZ":"0","JSJC":8,"XXXQDM":"02","KXH":"01","KSJC":6,"XKZRS":140,"SKZC":"111111111111111100000000","SKJS":"郭四海","ISTK":0,"ZCMC":"1-16周","YPSJDD":"1-16周 星期二 第6节-第8节 南湖南-博学东楼-106","XF":3,"SKXQ":2,"XNXQDM":"2024-2025-2","KCM":"电路原理A上","JASDM":"0202020106","JXLDM":"020202","JXBID":"20242-06447","SKBJ":"自动化类2411-14","TYXMDM":null,"KCH":"10133111001"},{"KKDWDM":"012","XS":40,"BYBZ":"0","JSJC":4,"XXXQDM":"02","KXH":"06","KSJC":3,"XKZRS":72,"SKZC":"111111111111111100000000","SKJS":"许毅","ISTK":0,"ZCMC":"1-16周","YPSJDD":"1-16周 星期二 第3节-第4节 南湖南-博学东楼-106","XF":2,"SKXQ":2,"XNXQDM":"2024-2025-2","KCM":"通信原理","JASDM":"0202020106","JXLDM":"020202","JXBID":"20242-10927","SKBJ":"物联网2201,计算机2301-04","TYXMDM":null,"KCH":"10125121031"},{"KKDWDM":"022","XS":32,"BYBZ":"0","JSJC":10,"XXXQDM":"02","KXH":"01","KSJC":9,"XKZRS":35,"SKZC":"111111111111111100000000","SKJS":"王丽","ISTK":0,"ZCMC":"1-16周","YPSJDD":"1-16周 星期二 第9节-第10节 南湖南-博学东楼-106","XF":2,"SKXQ":2,"XNXQDM":"2024-2025-2","KCM":"经济法B","JASDM":"0202020106","JXLDM":"020202","JXBID":"20242-04895","SKBJ":"会计2301-03","TYXMDM":null,"KCH":"10224111016"},{"KKDWDM":"012","XS":32,"BYBZ":"0","JSJC":2,"XXXQDM":"02","KXH":"06","KSJC":1,"XKZRS":120,"SKZC":"11111111111111110000","SKJS":"李民","ISTK":0,"ZCMC":"1-16周","YPSJDD":"1-16周 星期三 第1节-第2节 南湖南-博学东楼-106","XF":2,"SKXQ":3,"XNXQDM":"2024-2025-2","KCM":"C程序设计基础A","JASDM":"0202020106","JXLDM":"020202","JXBID":"20242-11783","SKBJ":"自动化类2407-09","TYXMDM":null,"KCH":"10121121088"},{"KKDWDM":"038","XS":32,"BYBZ":"0","JSJC":2,"XXXQDM":"02","KXH":"43","KSJC":1,"XKZRS":140,"SKZC":"11111111111111110000","SKJS":"李洪胜","ISTK":0,"ZCMC":"1-16周","YPSJDD":"1-16周 星期二 第1节-第2节 南湖南-博学东楼-106","XF":2,"SKXQ":2,"XNXQDM":"2024-2025-2","KCM":"军事理论","JASDM":"0202020106","JXLDM":"020202","JXBID":"20242-12128","SKBJ":"电信类2413-16","TYXMDM":null,"KCH":"10381121001"},{"KKDWDM":"011","XS":32,"BYBZ":"0","JSJC":4,"XXXQDM":"02","KXH":"05","KSJC":3,"XKZRS":96,"SKZC":"1111111111111111","SKJS":"严俊伟","ISTK":0,"ZCMC":"1-16周","YPSJDD":"1-16周 星期三 第3节-第4节 南湖南-博学东楼-106","XF":2,"SKXQ":3,"XNXQDM":"2024-2025-2","KCM":"电路原理B上","JASDM":"0202020106","JXLDM":"020202","JXBID":"20242-10386","SKBJ":"电信类2401-03","TYXMDM":null,"KCH":"10113125001"},{"KKDWDM":"016","XS":24,"BYBZ":"0","JSJC":7,"XXXQDM":"02","KXH":"04","KSJC":6,"XKZRS":127,"SKZC":"111111111111","SKJS":"王一龙","ISTK":0,"ZCMC":"1-12周","YPSJDD":"1-12周 星期三 第6节-第7节 南湖南-博学东楼-106","XF":1,"SKXQ":3,"XNXQDM":"2024-2025-2","KCM":"工程化学","JASDM":"0202020106","JXLDM":"020202","JXBID":"20242-10294","SKBJ":"车辆类2401-03","TYXMDM":null,"KCH":"10164117070"},{"KKDWDM":"012","XS":32,"BYBZ":"0","JSJC":7,"XXXQDM":"02","KXH":"15","KSJC":6,"XKZRS":97,"SKZC":"111111111100000000000000000000","SKJS":"向东","ISTK":0,"ZCMC":"1-10周","YPSJDD":"16-17周 星期一 第6节-第7节 南湖南-博学东楼-106,12-14周 星期一 第6节-第7节 南湖南-博学东楼-106,17周 星期二 第6节-第7节 南湖南-博学东楼-106,1-10周 星期一 第6节-第7节 南湖南-博学东楼-106","XF":2,"SKXQ":1,"XNXQDM":"2024-2025-2","KCM":"Python程序设计基础B","JASDM":"0202020106","JXLDM":"020202","JXBID":"20242-11950","SKBJ":"法学类2404-06","TYXMDM":null,"KCH":"10121121085"},{"KKDWDM":"012","XS":32,"BYBZ":"0","JSJC":4,"XXXQDM":"02","KXH":"18","KSJC":3,"XKZRS":62,"SKZC":"111111111000000000000000000000","SKJS":"汪朝霞","ISTK":0,"ZCMC":"1-9周","YPSJDD":"1-9周 星期四 第3节-第4节 南湖南-博学东楼-106,11-17周 星期四 第3节-第4节 南湖南-博学东楼-106","XF":2,"SKXQ":4,"XNXQDM":"2024-2025-2","KCM":"Python程序设计基础B","JASDM":"0202020106","JXLDM":"020202","JXBID":"20242-12103","SKBJ":"环科类2401-02","TYXMDM":null,"KCH":"10121121085"},{"KKDWDM":"012","XS":32,"BYBZ":"0","JSJC":2,"XXXQDM":"02","KXH":"06","KSJC":1,"XKZRS":99,"SKZC":"111111111000000000000000000000","SKJS":"汪朝霞","ISTK":0,"ZCMC":"1-9周","YPSJDD":"1-9周 星期四 第1节-第2节 南湖南-博学东楼-106,11-17周 星期四 第1节-第2节 南湖南-博学东楼-106","XF":2,"SKXQ":4,"XNXQDM":"2024-2025-2","KCM":"Python程序设计基础B","JASDM":"0202020106","JXLDM":"020202","JXBID":"20242-11910","SKBJ":"工商类2401-03","TYXMDM":null,"KCH":"10121121085"},{"KKDWDM":"016","XS":24,"BYBZ":"0","JSJC":13,"XXXQDM":"02","KXH":"01","KSJC":11,"XKZRS":140,"SKZC":"111111110000000000000000","SKJS":"余瑶","ISTK":0,"ZCMC":"1-8周","YPSJDD":"1-8周 星期三 第11节-第13节 南湖南-博学东楼-106","XF":1,"SKXQ":3,"XNXQDM":"2024-2025-2","KCM":"生命科学概论(GX)","JASDM":"0202020106","JXLDM":"020202","JXBID":"20242-08091","SKBJ":"公选-08091","TYXMDM":null,"KCH":"10162121090"},{"KKDWDM":"009","XS":24,"BYBZ":"0","JSJC":13,"XXXQDM":"02","KXH":"01","KSJC":11,"XKZRS":24,"SKZC":"111111110000000000000000","SKJS":"包宇","ISTK":0,"ZCMC":"1-8周","YPSJDD":"1-8周 星期一 第11节-第13节 南湖南-博学东楼-106","XF":1,"SKXQ":1,"XNXQDM":"2024-2025-2","KCM":"土木工程创新方法及应用","JASDM":"0202020106","JXLDM":"020202","JXBID":"20242-07607","SKBJ":"公选-07607","TYXMDM":null,"KCH":"10096117166"},{"KKDWDM":"009","XS":32,"BYBZ":"0","JSJC":12,"XXXQDM":"02","KXH":"01","KSJC":11,"XKZRS":134,"SKZC":"11111111","SKJS":"刘小英,程静","ISTK":0,"ZCMC":"1-8周","YPSJDD":"1-8周 星期二 第11节-第12节 南湖南-博学东楼-106,1-8周 星期四 第11节-第12节 南湖南-博学东楼-106","XF":2,"SKXQ":2,"XNXQDM":"2024-2025-2","KCM":"水与健康(GX)","JASDM":"0202020106","JXLDM":"020202","JXBID":"20242-07573","SKBJ":"公选-07573","TYXMDM":null,"KCH":"10092124005"},{"KKDWDM":"009","XS":32,"BYBZ":"0","JSJC":12,"XXXQDM":"02","KXH":"01","KSJC":11,"XKZRS":134,"SKZC":"11111111","SKJS":"刘小英,程静","ISTK":0,"ZCMC":"1-8周","YPSJDD":"1-8周 星期二 第11节-第12节 南湖南-博学东楼-106,1-8周 星期四 第11节-第12节 南湖南-博学东楼-106","XF":2,"SKXQ":4,"XNXQDM":"2024-2025-2","KCM":"水与健康(GX)","JASDM":"0202020106","JXLDM":"020202","JXBID":"20242-07573","SKBJ":"公选-07573","TYXMDM":null,"KCH":"10092124005"},{"KKDWDM":"072","XS":16,"BYBZ":"0","JSJC":2,"XXXQDM":"02","KXH":"04","KSJC":1,"XKZRS":106,"SKZC":"11111111","SKJS":"周焕松","ISTK":0,"ZCMC":"1-8周","YPSJDD":"1-8周 星期一 第1节-第2节 南湖南-博学东楼-106","XF":1,"SKXQ":1,"XNXQDM":"2024-2025-2","KCM":"专业导论","JASDM":"0202020106","JXLDM":"020202","JXBID":"20242-10693","SKBJ":"数学类2401-03","TYXMDM":null,"KCH":"10154113022"},{"KKDWDM":"010","XS":48,"BYBZ":"0","JSJC":10,"XXXQDM":"02","KXH":"01","KSJC":9,"XKZRS":41,"SKZC":"11111111","SKJS":"陈晓国","ISTK":0,"ZCMC":"1-8周","YPSJDD":"1-8周 星期一 第9节-第10节 南湖南-博学东楼-106,1-8周 星期三 第9节-第10节 南湖南-博学东楼-106","XF":3,"SKXQ":1,"XNXQDM":"2024-2025-2","KCM":"现代环境测试技术C","JASDM":"0202020106","JXLDM":"020202","JXBID":"20242-02819","SKBJ":"环工2201-02,环科2201-02","TYXMDM":null,"KCH":"10105121006"},{"KKDWDM":"010","XS":48,"BYBZ":"0","JSJC":10,"XXXQDM":"02","KXH":"01","KSJC":9,"XKZRS":41,"SKZC":"11111111","SKJS":"陈晓国","ISTK":0,"ZCMC":"1-8周","YPSJDD":"1-8周 星期一 第9节-第10节 南湖南-博学东楼-106,1-8周 星期三 第9节-第10节 南湖南-博学东楼-106","XF":3,"SKXQ":3,"XNXQDM":"2024-2025-2","KCM":"现代环境测试技术C","JASDM":"0202020106","JXLDM":"020202","JXBID":"20242-02819","SKBJ":"环工2201-02,环科2201-02","TYXMDM":null,"KCH":"10105121006"},{"KKDWDM":"012","XS":32,"BYBZ":"0","JSJC":5,"XXXQDM":"02","KXH":"03","KSJC":3,"XKZRS":138,"SKZC":"1111110000000000000000000","SKJS":"刘春","ISTK":0,"ZCMC":"1-6周","YPSJDD":"7周 星期一 第3节-第4节 南湖南-博学东楼-106,1-6周 星期一 第3节-第5节 南湖南-博学东楼-106","XF":2,"SKXQ":1,"XNXQDM":"2024-2025-2","KCM":"Web应用开发","JASDM":"0202020106","JXLDM":"020202","JXBID":"20242-03006","SKBJ":"人工智能2201-02,物联网2201,计算机zy2201-02","TYXMDM":null,"KCH":"10125121046"},{"KKDWDM":"021","XS":48,"BYBZ":"0","JSJC":8,"XXXQDM":"02","KXH":"19","KSJC":6,"XKZRS":109,"SKZC":"111110000000000000000000000000","SKJS":"王石径","ISTK":0,"ZCMC":"1-5周","YPSJDD":"9周 星期日 第6节-第8节 南湖南-博学东楼-106,7-9周 星期五 第6节-第8节 南湖南-博学东楼-106,11-15周 星期五 第6节-第8节 南湖南-博学东楼-106,1-5周 星期五 第6节-第8节 南湖南-博学东楼-106","XF":3,"SKXQ":5,"XNXQDM":"2024-2025-2","KCM":"思想道德与法治","JASDM":"0202020106","JXLDM":"020202","JXBID":"20242-06612","SKBJ":"建筑类2402,法学类2404-06","TYXMDM":null,"KCH":"10211124001"},{"KKDWDM":"021","XS":36,"BYBZ":"0","JSJC":5,"XXXQDM":"02","KXH":"24","KSJC":3,"XKZRS":104,"SKZC":"111110000000000000000000000000","SKJS":"周福","ISTK":0,"ZCMC":"1-5周","YPSJDD":"7-9周 星期五 第3节-第5节 南湖南-博学东楼-106,1-5周 星期五 第3节-第5节 南湖南-博学东楼-106,11-13周 星期五 第3节-第5节 南湖南-博学东楼-106,9周 星期日 第3节-第5节 南湖南-博学东楼-106","XF":2,"SKXQ":5,"XNXQDM":"2024-2025-2","KCM":"习近平新时代中国特色社会主义思想概论","JASDM":"0202020106","JXLDM":"020202","JXBID":"20242-12217","SKBJ":"工设g2301-02,环艺2301-02","TYXMDM":null,"KCH":"10211121033"},{"KKDWDM":"016","XS":24,"BYBZ":"0","JSJC":2,"XXXQDM":"02","KXH":"07","KSJC":1,"XKZRS":140,"SKZC":"111110000000000000000000000000","SKJS":"童辉","ISTK":0,"ZCMC":"1-5周","YPSJDD":"7-9周 星期五 第1节-第2节 南湖南-博学东楼-106,11-13周 星期五 第1节-第2节 南湖南-博学东楼-106,9周 星期日 第1节-第2节 南湖南-博学东楼-106,1-5周 星期五 第1节-第2节 南湖南-博学东楼-106","XF":1,"SKXQ":5,"XNXQDM":"2024-2025-2","KCM":"工程化学","JASDM":"0202020106","JXLDM":"020202","JXBID":"20242-10297","SKBJ":"车辆类2404-07","TYXMDM":null,"KCH":"10164117070"},{"KKDWDM":"021","XS":8,"BYBZ":"0","JSJC":10,"XXXQDM":"02","KXH":"545","KSJC":9,"XKZRS":139,"SKZC":"0001111","SKJS":"李静蓉","ISTK":0,"ZCMC":"4-7周","YPSJDD":"4-7周 星期四 第9节-第10节 南湖南-博学东楼-106","XF":0,"SKXQ":4,"XNXQDM":"2024-2025-2","KCM":"形势与政策","JASDM":"0202020106","JXLDM":"020202","JXBID":"20242-14136","SKBJ":null,"TYXMDM":null,"KCH":"10218121092"},{"KKDWDM":"021","XS":8,"BYBZ":"0","JSJC":7,"XXXQDM":"02","KXH":"536","KSJC":6,"XKZRS":141,"SKZC":"0001111","SKJS":"李静蓉","ISTK":0,"ZCMC":"4-7周","YPSJDD":"4-7周 星期四 第6节-第7节 南湖南-博学东楼-106","XF":0,"SKXQ":4,"XNXQDM":"2024-2025-2","KCM":"形势与政策","JASDM":"0202020106","JXLDM":"020202","JXBID":"20242-14127","SKBJ":null,"TYXMDM":null,"KCH":"10218121092"},{"KKDWDM":"021","XS":48,"BYBZ":"0","JSJC":8,"XXXQDM":"02","KXH":"19","KSJC":6,"XKZRS":109,"SKZC":"000000111000000000000000000000","SKJS":"王石径","ISTK":0,"ZCMC":"7-9周","YPSJDD":"9周 星期日 第6节-第8节 南湖南-博学东楼-106,7-9周 星期五 第6节-第8节 南湖南-博学东楼-106,11-15周 星期五 第6节-第8节 南湖南-博学东楼-106,1-5周 星期五 第6节-第8节 南湖南-博学东楼-106","XF":3,"SKXQ":5,"XNXQDM":"2024-2025-2","KCM":"思想道德与法治","JASDM":"0202020106","JXLDM":"020202","JXBID":"20242-06612","SKBJ":"建筑类2402,法学类2404-06","TYXMDM":null,"KCH":"10211124001"},{"KKDWDM":"021","XS":36,"BYBZ":"0","JSJC":5,"XXXQDM":"02","KXH":"24","KSJC":3,"XKZRS":104,"SKZC":"000000111000000000000000000000","SKJS":"周福","ISTK":0,"ZCMC":"7-9周","YPSJDD":"7-9周 星期五 第3节-第5节 南湖南-博学东楼-106,1-5周 星期五 第3节-第5节 南湖南-博学东楼-106,11-13周 星期五 第3节-第5节 南湖南-博学东楼-106,9周 星期日 第3节-第5节 南湖南-博学东楼-106","XF":2,"SKXQ":5,"XNXQDM":"2024-2025-2","KCM":"习近平新时代中国特色社会主义思想概论","JASDM":"0202020106","JXLDM":"020202","JXBID":"20242-12217","SKBJ":"工设g2301-02,环艺2301-02","TYXMDM":null,"KCH":"10211121033"},{"KKDWDM":"016","XS":24,"BYBZ":"0","JSJC":2,"XXXQDM":"02","KXH":"07","KSJC":1,"XKZRS":140,"SKZC":"000000111000000000000000000000","SKJS":"童辉","ISTK":0,"ZCMC":"7-9周","YPSJDD":"7-9周 星期五 第1节-第2节 南湖南-博学东楼-106,11-13周 星期五 第1节-第2节 南湖南-博学东楼-106,9周 星期日 第1节-第2节 南湖南-博学东楼-106,1-5周 星期五 第1节-第2节 南湖南-博学东楼-106","XF":1,"SKXQ":5,"XNXQDM":"2024-2025-2","KCM":"工程化学","JASDM":"0202020106","JXLDM":"020202","JXBID":"20242-10297","SKBJ":"车辆类2404-07","TYXMDM":null,"KCH":"10164117070"},{"KKDWDM":"012","XS":32,"BYBZ":"0","JSJC":4,"XXXQDM":"02","KXH":"03","KSJC":3,"XKZRS":138,"SKZC":"0000001000000000000000000","SKJS":"刘春","ISTK":0,"ZCMC":"7周","YPSJDD":"7周 星期一 第3节-第4节 南湖南-博学东楼-106,1-6周 星期一 第3节-第5节 南湖南-博学东楼-106","XF":2,"SKXQ":1,"XNXQDM":"2024-2025-2","KCM":"Web应用开发","JASDM":"0202020106","JXLDM":"020202","JXBID":"20242-03006","SKBJ":"人工智能2201-02,物联网2201,计算机zy2201-02","TYXMDM":null,"KCH":"10125121046"},{"KKDWDM":"021","XS":8,"BYBZ":"0","JSJC":7,"XXXQDM":"02","KXH":"554","KSJC":6,"XKZRS":137,"SKZC":"000000011011000000000000","SKJS":"陈倩文","ISTK":0,"ZCMC":"8-9周,11-12周","YPSJDD":"8-9周,11-12周 星期四 第6节-第7节 南湖南-博学东楼-106","XF":0,"SKXQ":4,"XNXQDM":"2024-2025-2","KCM":"形势与政策","JASDM":"0202020106","JXLDM":"020202","JXBID":"20242-14145","SKBJ":null,"TYXMDM":null,"KCH":"10218121092"},{"KKDWDM":"021","XS":8,"BYBZ":"0","JSJC":10,"XXXQDM":"02","KXH":"577","KSJC":9,"XKZRS":113,"SKZC":"000000011011000000000000","SKJS":"尹诗琪","ISTK":0,"ZCMC":"8-9周,11-12周","YPSJDD":"8-9周,11-12周 星期四 第9节-第10节 南湖南-博学东楼-106","XF":0,"SKXQ":4,"XNXQDM":"2024-2025-2","KCM":"形势与政策","JASDM":"0202020106","JXLDM":"020202","JXBID":"20242-14168","SKBJ":null,"TYXMDM":null,"KCH":"10218121092"},{"KKDWDM":"029","XS":32,"BYBZ":"0","JSJC":12,"XXXQDM":"02","KXH":"01","KSJC":11,"XKZRS":102,"SKZC":"000000001111111000000000000000","SKJS":"张翠,童杏林","ISTK":0,"ZCMC":"9-15周","YPSJDD":"9-15周 星期二 第11节-第12节 南湖南-博学东楼-106,9周 星期四 第11节-第12节 南湖南-博学东楼-106,11-16周 星期四 第11节-第12节 南湖南-博学东楼-106","XF":2,"SKXQ":2,"XNXQDM":"2024-2025-2","KCM":"人工器官理论应用及发展趋势(JD)","JASDM":"0202020106","JXLDM":"020202","JXBID":"20242-08848","SKBJ":"公选-08848","TYXMDM":null,"KCH":"10296121003"},{"KKDWDM":"007","XS":16,"BYBZ":"0","JSJC":10,"XXXQDM":"02","KXH":"01","KSJC":9,"XKZRS":140,"SKZC":"000000001100000000000000000000","SKJS":"朱大虎,魏文婷","ISTK":0,"ZCMC":"9-10周","YPSJDD":"17周 星期二 第9节-第10节 南湖南-博学东楼-106,9-10周 星期一 第9节-第10节 南湖南-博学东楼-106,16-17周 星期一 第9节-第10节 南湖南-博学东楼-106,12-14周 星期一 第9节-第10节 南湖南-博学东楼-106","XF":1,"SKXQ":1,"XNXQDM":"2024-2025-2","KCM":"科技文献检索与写作","JASDM":"0202020106","JXLDM":"020202","JXBID":"20242-05110","SKBJ":"车辆2301-06","TYXMDM":null,"KCH":"10076113026"},{"KKDWDM":"029","XS":32,"BYBZ":"0","JSJC":12,"XXXQDM":"02","KXH":"01","KSJC":11,"XKZRS":102,"SKZC":"000000001000000000000000000000","SKJS":"张翠,童杏林","ISTK":0,"ZCMC":"9周","YPSJDD":"9-15周 星期二 第11节-第12节 南湖南-博学东楼-106,9周 星期四 第11节-第12节 南湖南-博学东楼-106,11-16周 星期四 第11节-第12节 南湖南-博学东楼-106","XF":2,"SKXQ":4,"XNXQDM":"2024-2025-2","KCM":"人工器官理论应用及发展趋势(JD)","JASDM":"0202020106","JXLDM":"020202","JXBID":"20242-08848","SKBJ":"公选-08848","TYXMDM":null,"KCH":"10296121003"},{"KKDWDM":"016","XS":24,"BYBZ":"0","JSJC":2,"XXXQDM":"02","KXH":"07","KSJC":1,"XKZRS":140,"SKZC":"000000001000000000000000000000","SKJS":"童辉","ISTK":0,"ZCMC":"9周","YPSJDD":"7-9周 星期五 第1节-第2节 南湖南-博学东楼-106,11-13周 星期五 第1节-第2节 南湖南-博学东楼-106,9周 星期日 第1节-第2节 南湖南-博学东楼-106,1-5周 星期五 第1节-第2节 南湖南-博学东楼-106","XF":1,"SKXQ":7,"XNXQDM":"2024-2025-2","KCM":"工程化学","JASDM":"0202020106","JXLDM":"020202","JXBID":"20242-10297","SKBJ":"车辆类2404-07","TYXMDM":null,"KCH":"10164117070"},{"KKDWDM":"021","XS":48,"BYBZ":"0","JSJC":8,"XXXQDM":"02","KXH":"19","KSJC":6,"XKZRS":109,"SKZC":"000000001000000000000000000000","SKJS":"王石径","ISTK":0,"ZCMC":"9周","YPSJDD":"9周 星期日 第6节-第8节 南湖南-博学东楼-106,7-9周 星期五 第6节-第8节 南湖南-博学东楼-106,11-15周 星期五 第6节-第8节 南湖南-博学东楼-106,1-5周 星期五 第6节-第8节 南湖南-博学东楼-106","XF":3,"SKXQ":7,"XNXQDM":"2024-2025-2","KCM":"思想道德与法治","JASDM":"0202020106","JXLDM":"020202","JXBID":"20242-06612","SKBJ":"建筑类2402,法学类2404-06","TYXMDM":null,"KCH":"10211124001"},{"KKDWDM":"021","XS":36,"BYBZ":"0","JSJC":5,"XXXQDM":"02","KXH":"24","KSJC":3,"XKZRS":104,"SKZC":"000000001000000000000000000000","SKJS":"周福","ISTK":0,"ZCMC":"9周","YPSJDD":"7-9周 星期五 第3节-第5节 南湖南-博学东楼-106,1-5周 星期五 第3节-第5节 南湖南-博学东楼-106,11-13周 星期五 第3节-第5节 南湖南-博学东楼-106,9周 星期日 第3节-第5节 南湖南-博学东楼-106","XF":2,"SKXQ":7,"XNXQDM":"2024-2025-2","KCM":"习近平新时代中国特色社会主义思想概论","JASDM":"0202020106","JXLDM":"020202","JXBID":"20242-12217","SKBJ":"工设g2301-02,环艺2301-02","TYXMDM":null,"KCH":"10211121033"},{"KKDWDM":"012","XS":32,"BYBZ":"0","JSJC":2,"XXXQDM":"02","KXH":"06","KSJC":1,"XKZRS":99,"SKZC":"000000000011111110000000000000","SKJS":"汪朝霞","ISTK":0,"ZCMC":"11-17周","YPSJDD":"1-9周 星期四 第1节-第2节 南湖南-博学东楼-106,11-17周 星期四 第1节-第2节 南湖南-博学东楼-106","XF":2,"SKXQ":4,"XNXQDM":"2024-2025-2","KCM":"Python程序设计基础B","JASDM":"0202020106","JXLDM":"020202","JXBID":"20242-11910","SKBJ":"工商类2401-03","TYXMDM":null,"KCH":"10121121085"},{"KKDWDM":"012","XS":32,"BYBZ":"0","JSJC":4,"XXXQDM":"02","KXH":"18","KSJC":3,"XKZRS":62,"SKZC":"000000000011111110000000000000","SKJS":"汪朝霞","ISTK":0,"ZCMC":"11-17周","YPSJDD":"1-9周 星期四 第3节-第4节 南湖南-博学东楼-106,11-17周 星期四 第3节-第4节 南湖南-博学东楼-106","XF":2,"SKXQ":4,"XNXQDM":"2024-2025-2","KCM":"Python程序设计基础B","JASDM":"0202020106","JXLDM":"020202","JXBID":"20242-12103","SKBJ":"环科类2401-02","TYXMDM":null,"KCH":"10121121085"},{"KKDWDM":"029","XS":32,"BYBZ":"0","JSJC":12,"XXXQDM":"02","KXH":"01","KSJC":11,"XKZRS":102,"SKZC":"000000000011111100000000000000","SKJS":"张翠,童杏林","ISTK":0,"ZCMC":"11-16周","YPSJDD":"9-15周 星期二 第11节-第12节 南湖南-博学东楼-106,9周 星期四 第11节-第12节 南湖南-博学东楼-106,11-16周 星期四 第11节-第12节 南湖南-博学东楼-106","XF":2,"SKXQ":4,"XNXQDM":"2024-2025-2","KCM":"人工器官理论应用及发展趋势(JD)","JASDM":"0202020106","JXLDM":"020202","JXBID":"20242-08848","SKBJ":"公选-08848","TYXMDM":null,"KCH":"10296121003"},{"KKDWDM":"021","XS":48,"BYBZ":"0","JSJC":8,"XXXQDM":"02","KXH":"19","KSJC":6,"XKZRS":109,"SKZC":"000000000011111000000000000000","SKJS":"王石径","ISTK":0,"ZCMC":"11-15周","YPSJDD":"9周 星期日 第6节-第8节 南湖南-博学东楼-106,7-9周 星期五 第6节-第8节 南湖南-博学东楼-106,11-15周 星期五 第6节-第8节 南湖南-博学东楼-106,1-5周 星期五 第6节-第8节 南湖南-博学东楼-106","XF":3,"SKXQ":5,"XNXQDM":"2024-2025-2","KCM":"思想道德与法治","JASDM":"0202020106","JXLDM":"020202","JXBID":"20242-06612","SKBJ":"建筑类2402,法学类2404-06","TYXMDM":null,"KCH":"10211124001"},{"KKDWDM":"016","XS":24,"BYBZ":"0","JSJC":2,"XXXQDM":"02","KXH":"07","KSJC":1,"XKZRS":140,"SKZC":"000000000011100000000000000000","SKJS":"童辉","ISTK":0,"ZCMC":"11-13周","YPSJDD":"7-9周 星期五 第1节-第2节 南湖南-博学东楼-106,11-13周 星期五 第1节-第2节 南湖南-博学东楼-106,9周 星期日 第1节-第2节 南湖南-博学东楼-106,1-5周 星期五 第1节-第2节 南湖南-博学东楼-106","XF":1,"SKXQ":5,"XNXQDM":"2024-2025-2","KCM":"工程化学","JASDM":"0202020106","JXLDM":"020202","JXBID":"20242-10297","SKBJ":"车辆类2404-07","TYXMDM":null,"KCH":"10164117070"},{"KKDWDM":"021","XS":36,"BYBZ":"0","JSJC":5,"XXXQDM":"02","KXH":"24","KSJC":3,"XKZRS":104,"SKZC":"000000000011100000000000000000","SKJS":"周福","ISTK":0,"ZCMC":"11-13周","YPSJDD":"7-9周 星期五 第3节-第5节 南湖南-博学东楼-106,1-5周 星期五 第3节-第5节 南湖南-博学东楼-106,11-13周 星期五 第3节-第5节 南湖南-博学东楼-106,9周 星期日 第3节-第5节 南湖南-博学东楼-106","XF":2,"SKXQ":5,"XNXQDM":"2024-2025-2","KCM":"习近平新时代中国特色社会主义思想概论","JASDM":"0202020106","JXLDM":"020202","JXBID":"20242-12217","SKBJ":"工设g2301-02,环艺2301-02","TYXMDM":null,"KCH":"10211121033"},{"KKDWDM":"012","XS":32,"BYBZ":"0","JSJC":7,"XXXQDM":"02","KXH":"15","KSJC":6,"XKZRS":97,"SKZC":"000000000001110000000000000000","SKJS":"向东","ISTK":0,"ZCMC":"12-14周","YPSJDD":"16-17周 星期一 第6节-第7节 南湖南-博学东楼-106,12-14周 星期一 第6节-第7节 南湖南-博学东楼-106,17周 星期二 第6节-第7节 南湖南-博学东楼-106,1-10周 星期一 第6节-第7节 南湖南-博学东楼-106","XF":2,"SKXQ":1,"XNXQDM":"2024-2025-2","KCM":"Python程序设计基础B","JASDM":"0202020106","JXLDM":"020202","JXBID":"20242-11950","SKBJ":"法学类2404-06","TYXMDM":null,"KCH":"10121121085"},{"KKDWDM":"007","XS":16,"BYBZ":"0","JSJC":10,"XXXQDM":"02","KXH":"01","KSJC":9,"XKZRS":140,"SKZC":"000000000001110000000000000000","SKJS":"朱大虎,魏文婷","ISTK":0,"ZCMC":"12-14周","YPSJDD":"17周 星期二 第9节-第10节 南湖南-博学东楼-106,9-10周 星期一 第9节-第10节 南湖南-博学东楼-106,16-17周 星期一 第9节-第10节 南湖南-博学东楼-106,12-14周 星期一 第9节-第10节 南湖南-博学东楼-106","XF":1,"SKXQ":1,"XNXQDM":"2024-2025-2","KCM":"科技文献检索与写作","JASDM":"0202020106","JXLDM":"020202","JXBID":"20242-05110","SKBJ":"车辆2301-06","TYXMDM":null,"KCH":"10076113026"},{"KKDWDM":"021","XS":8,"BYBZ":"0","JSJC":10,"XXXQDM":"02","KXH":"622","KSJC":9,"XKZRS":137,"SKZC":"0000000000001111","SKJS":"韦宇","ISTK":0,"ZCMC":"13-16周","YPSJDD":"13-16周 星期四 第9节-第10节 南湖南-博学东楼-106","XF":0,"SKXQ":4,"XNXQDM":"2024-2025-2","KCM":"形势与政策","JASDM":"0202020106","JXLDM":"020202","JXBID":"20242-14213","SKBJ":null,"TYXMDM":null,"KCH":"10218121092"},{"KKDWDM":"021","XS":8,"BYBZ":"0","JSJC":7,"XXXQDM":"02","KXH":"599","KSJC":6,"XKZRS":131,"SKZC":"0000000000001111","SKJS":"刘欣宇","ISTK":0,"ZCMC":"13-16周","YPSJDD":"13-16周 星期四 第6节-第7节 南湖南-博学东楼-106","XF":0,"SKXQ":4,"XNXQDM":"2024-2025-2","KCM":"形势与政策","JASDM":"0202020106","JXLDM":"020202","JXBID":"20242-14190","SKBJ":null,"TYXMDM":null,"KCH":"10218121092"},{"KKDWDM":"007","XS":16,"BYBZ":"0","JSJC":10,"XXXQDM":"02","KXH":"01","KSJC":9,"XKZRS":140,"SKZC":"000000000000000110000000000000","SKJS":"朱大虎,魏文婷","ISTK":0,"ZCMC":"16-17周","YPSJDD":"17周 星期二 第9节-第10节 南湖南-博学东楼-106,9-10周 星期一 第9节-第10节 南湖南-博学东楼-106,16-17周 星期一 第9节-第10节 南湖南-博学东楼-106,12-14周 星期一 第9节-第10节 南湖南-博学东楼-106","XF":1,"SKXQ":1,"XNXQDM":"2024-2025-2","KCM":"科技文献检索与写作","JASDM":"0202020106","JXLDM":"020202","JXBID":"20242-05110","SKBJ":"车辆2301-06","TYXMDM":null,"KCH":"10076113026"},{"KKDWDM":"012","XS":32,"BYBZ":"0","JSJC":7,"XXXQDM":"02","KXH":"15","KSJC":6,"XKZRS":97,"SKZC":"000000000000000110000000000000","SKJS":"向东","ISTK":0,"ZCMC":"16-17周","YPSJDD":"16-17周 星期一 第6节-第7节 南湖南-博学东楼-106,12-14周 星期一 第6节-第7节 南湖南-博学东楼-106,17周 星期二 第6节-第7节 南湖南-博学东楼-106,1-10周 星期一 第6节-第7节 南湖南-博学东楼-106","XF":2,"SKXQ":1,"XNXQDM":"2024-2025-2","KCM":"Python程序设计基础B","JASDM":"0202020106","JXLDM":"020202","JXBID":"20242-11950","SKBJ":"法学类2404-06","TYXMDM":null,"KCH":"10121121085"},{"KKDWDM":"012","XS":32,"BYBZ":"0","JSJC":7,"XXXQDM":"02","KXH":"15","KSJC":6,"XKZRS":97,"SKZC":"000000000000000010000000000000","SKJS":"向东","ISTK":0,"ZCMC":"17周","YPSJDD":"16-17周 星期一 第6节-第7节 南湖南-博学东楼-106,12-14周 星期一 第6节-第7节 南湖南-博学东楼-106,17周 星期二 第6节-第7节 南湖南-博学东楼-106,1-10周 星期一 第6节-第7节 南湖南-博学东楼-106","XF":2,"SKXQ":2,"XNXQDM":"2024-2025-2","KCM":"Python程序设计基础B","JASDM":"0202020106","JXLDM":"020202","JXBID":"20242-11950","SKBJ":"法学类2404-06","TYXMDM":null,"KCH":"10121121085"},{"KKDWDM":"007","XS":16,"BYBZ":"0","JSJC":10,"XXXQDM":"02","KXH":"01","KSJC":9,"XKZRS":140,"SKZC":"000000000000000010000000000000","SKJS":"朱大虎,魏文婷","ISTK":0,"ZCMC":"17周","YPSJDD":"17周 星期二 第9节-第10节 南湖南-博学东楼-106,9-10周 星期一 第9节-第10节 南湖南-博学东楼-106,16-17周 星期一 第9节-第10节 南湖南-博学东楼-106,12-14周 星期一 第9节-第10节 南湖南-博学东楼-106","XF":1,"SKXQ":2,"XNXQDM":"2024-2025-2","KCM":"科技文献检索与写作","JASDM":"0202020106","JXLDM":"020202","JXBID":"20242-05110","SKBJ":"车辆2301-06","TYXMDM":null,"KCH":"10076113026"}]}},"code":"0"}