{"datas":{"jaskcb":{"extParams":{"code":1,"msg":"查询成功"},"pageSize":0,"pageNumber":0,"totalSize":-1,"rows":[{"KKDWDM":"022","XS":48,"BYBZ":"0","JSJC":8,"XXXQDM":"02","KXH":"01","KSJC":6,"XKZRS":49,"SKZC":"11111111111111110000","SKJS":"张雄军","ISTK":0,"ZCMC":"1-16周","YPSJDD":"1-16周 星期二 第6节-第8节 南湖南-博学西楼-111","XF":3,"SKXQ":2,"XNXQDM":"2024-2025-2","KCM":"中外广告史与广告法规","JASDM":"0202030111","JXLDM":"020203","JXBID":"20242-03409","SKBJ":"广告2201-02","TYXMDM":null,"KCH":"10225121023"},{"KKDWDM":"022","XS":48,"BYBZ":"0","JSJC":5,"XXXQDM":"02","KXH":"03","KSJC":3,"XKZRS":70,"SKZC":"1111111111111111","SKJS":"王晓丽,胡秀娟","ISTK":0,"ZCMC":"1-16周","YPSJDD":"1-16周 星期二 第3节-第5节 南湖南-博学西楼-111","XF":3,"SKXQ":2,"XNXQDM":"2024-2025-2","KCM":"国际法学B","JASDM":"0202030111","JXLDM":"020203","JXBID":"20242-11303","SKBJ":"法学2301-02","TYXMDM":null,"KCH":"10055111065"},{"KKDWDM":"072","XS":72,"BYBZ":"0","JSJC":2,"XXXQDM":"02","KXH":"02","KSJC":1,"XKZRS":78,"SKZC":"111111111111111000000000000000","SKJS":"王思莹","ISTK":0,"ZCMC":"1-15周","YPSJDD":"7-9周 星期五 第3节-第5节 南湖南-博学西楼-106,9周 星期日 第3节-第5节 南湖南-博学西楼-106,1-15周 星期二 第1节-第2节 南湖南-博学西楼-111,11-15周 星期五 第3节-第5节 南湖南-博学西楼-106,1-5周 星期五 第3节-第5节 南湖南-博学西楼-106","XF":4,"SKXQ":2,"XNXQDM":"2024-2025-2","KCM":"材料力学B","JASDM":"0202030111","JXLDM":"020203","JXBID":"20242-04614","SKBJ":"工力2301-02","TYXMDM":null,"KCH":"10084111001"},{"KKDWDM":"021","XS":40,"BYBZ":"0","JSJC":5,"XXXQDM":"02","KXH":"01","KSJC":3,"XKZRS":71,"SKZC":"111111111111000000000000","SKJS":"李艳丽","ISTK":0,"ZCMC":"1-12周","YPSJDD":"13-14周 星期三 第3节-第4节 南湖南-博学西楼-111,1-12周 星期三 第3节-第5节 南湖南-博学西楼-111","XF":2,"SKXQ":3,"XNXQDM":"2024-2025-2","KCM":"西方政治制度史B","JASDM":"0202030111","JXLDM":"020203","JXBID":"20242-06140","SKBJ":"政治2401-02","TYXMDM":null,"KCH":"10215117009"},{"KKDWDM":"009","XS":24,"BYBZ":"0","JSJC":2,"XXXQDM":"02","KXH":"01","KSJC":1,"XKZRS":79,"SKZC":"111111111000000000000000000000","SKJS":"程静","ISTK":0,"ZCMC":"1-9周","YPSJDD":"1-9周 星期四 第1节-第2节 南湖南-博学西楼-111,11周 星期四 第1节-第2节 南湖南-博学西楼-111","XF":1,"SKXQ":4,"XNXQDM":"2024-2025-2","KCM":"流体力学E","JASDM":"0202030111","JXLDM":"020203","JXBID":"20242-05101","SKBJ":"工程2301-02","TYXMDM":null,"KCH":"10094117085"},{"KKDWDM":"022","XS":48,"BYBZ":"0","JSJC":5,"XXXQDM":"02","KXH":"01","KSJC":3,"XKZRS":74,"SKZC":"111111111000000000000000000000","SKJS":"王晓丽,胡秀娟","ISTK":0,"ZCMC":"1-9周","YPSJDD":"1-9周 星期四 第3节-第5节 南湖南-博学西楼-111,11-17周 星期四 第3节-第5节 南湖南-博学西楼-111","XF":3,"SKXQ":4,"XNXQDM":"2024-2025-2","KCM":"国际法学B","JASDM":"0202030111","JXLDM":"020203","JXBID":"20242-05646","SKBJ":"法学2303-04","TYXMDM":null,"KCH":"10055111065"},{"KKDWDM":"008","XS":40,"BYBZ":"0","JSJC":5,"XXXQDM":"02","KXH":"03","KSJC":3,"XKZRS":77,"SKZC":"111111110000000000000000","SKJS":"洪流","ISTK":0,"ZCMC":"1-8周","YPSJDD":"9-10周 星期一 第3节-第4节 南湖南-博学西楼-111,1-8周 星期一 第3节-第5节 南湖南-博学西楼-111","XF":2,"SKXQ":1,"XNXQDM":"2024-2025-2","KCM":"现代仪器设计","JASDM":"0202030111","JXLDM":"020203","JXBID":"20242-06729","SKBJ":"测控2201-02","TYXMDM":null,"KCH":"10085121031"},{"KKDWDM":"010","XS":24,"BYBZ":"0","JSJC":13,"XXXQDM":"02","KXH":"01","KSJC":11,"XKZRS":51,"SKZC":"111111110000000000000000","SKJS":"何晓蓉,夏琳,梁友嘉","ISTK":0,"ZCMC":"1-8周","YPSJDD":"1-8周 星期二 第11节-第13节 南湖南-博学西楼-111","XF":1,"SKXQ":2,"XNXQDM":"2024-2025-2","KCM":"地理环境认知与区域空间意向研究(JD)","JASDM":"0202030111","JXLDM":"020203","JXBID":"20242-07686","SKBJ":"公选-07686","TYXMDM":null,"KCH":"10106124008"},{"KKDWDM":"008","XS":40,"BYBZ":"0","JSJC":5,"XXXQDM":"02","KXH":"01","KSJC":3,"XKZRS":72,"SKZC":"111110111011100000000000","SKJS":"张峰","ISTK":0,"ZCMC":"1-5周,7-9周,11-13周","YPSJDD":"14-15周 星期五 第3节-第4节 南湖南-博学西楼-111,1-5周,7-9周,11-13周 星期五 第3节-第5节 南湖南-博学西楼-111,9周 星期日 第3节-第5节 南湖南-博学西楼-111","XF":2,"SKXQ":5,"XNXQDM":"2024-2025-2","KCM":"IE案例解析","JASDM":"0202030111","JXLDM":"020203","JXBID":"20242-02252","SKBJ":"工业gc2201-02","TYXMDM":null,"KCH":"10085121022"},{"KKDWDM":"017","XS":40,"BYBZ":"0","JSJC":2,"XXXQDM":"02","KXH":"03","KSJC":1,"XKZRS":78,"SKZC":"111110000000000000000000000000","SKJS":"王宏宇,王虎","ISTK":0,"ZCMC":"1-5周","YPSJDD":"17周 星期三 第1节-第2节 南湖南-博学西楼-111,7-9周 星期五 第1节-第2节 南湖南-博学西楼-111,9周 星期日 第1节-第2节 南湖南-博学西楼-111,1-5周 星期五 第1节-第2节 南湖南-博学西楼-111,11-16周 星期五 第1节-第2节 南湖南-博学西楼-111","XF":2,"SKXQ":5,"XNXQDM":"2024-2025-2","KCM":"MIS系统软件B","JASDM":"0202030111","JXLDM":"020203","JXBID":"20242-11014","SKBJ":"信管2301-02","TYXMDM":null,"KCH":"10174117105"},{"KKDWDM":"008","XS":40,"BYBZ":"0","JSJC":7,"XXXQDM":"02","KXH":"01","KSJC":6,"XKZRS":64,"SKZC":"111110000000000000000000000000","SKJS":"徐东亮","ISTK":0,"ZCMC":"1-5周","YPSJDD":"9周 星期日 第6节-第7节 南湖南-博学西楼-111,1-5周 星期五 第6节-第7节 南湖南-博学西楼-111,7-9周 星期五 第6节-第7节 南湖南-博学西楼-111,11-15周 星期五 第6节-第7节 南湖南-博学西楼-111","XF":2,"SKXQ":5,"XNXQDM":"2024-2025-2","KCM":"机电工程软件","JASDM":"0202030111","JXLDM":"020203","JXBID":"20242-04754","SKBJ":"过控2301-02","TYXMDM":null,"KCH":"10085112006"},{"KKDWDM":"072","XS":16,"BYBZ":"0","JSJC":12,"XXXQDM":"02","KXH":"01","KSJC":11,"XKZRS":63,"SKZC":"110000000000000000000000","SKJS":"陈丽英,陈永菊,马争争","ISTK":0,"ZCMC":"1-2周","YPSJDD":"1-2周 星期三 第11节-第12节 南湖南-博学西楼-111","XF":1,"SKXQ":3,"XNXQDM":"2024-2025-2","KCM":"大学物理演示实验(GX)","JASDM":"0202030111","JXLDM":"020203","JXBID":"20242-08972","SKBJ":"公选-08972","TYXMDM":null,"KCH":"10152121094"},{"KKDWDM":"017","XS":40,"BYBZ":"0","JSJC":2,"XXXQDM":"02","KXH":"03","KSJC":1,"XKZRS":78,"SKZC":"000000111000000000000000000000","SKJS":"王宏宇,王虎","ISTK":0,"ZCMC":"7-9周","YPSJDD":"17周 星期三 第1节-第2节 南湖南-博学西楼-111,7-9周 星期五 第1节-第2节 南湖南-博学西楼-111,9周 星期日 第1节-第2节 南湖南-博学西楼-111,1-5周 星期五 第1节-第2节 南湖南-博学西楼-111,11-16周 星期五 第1节-第2节 南湖南-博学西楼-111","XF":2,"SKXQ":5,"XNXQDM":"2024-2025-2","KCM":"MIS系统软件B","JASDM":"0202030111","JXLDM":"020203","JXBID":"20242-11014","SKBJ":"信管2301-02","TYXMDM":null,"KCH":"10174117105"},{"KKDWDM":"008","XS":40,"BYBZ":"0","JSJC":7,"XXXQDM":"02","KXH":"01","KSJC":6,"XKZRS":64,"SKZC":"000000111000000000000000000000","SKJS":"徐东亮","ISTK":0,"ZCMC":"7-9周","YPSJDD":"9周 星期日 第6节-第7节 南湖南-博学西楼-111,1-5周 星期五 第6节-第7节 南湖南-博学西楼-111,7-9周 星期五 第6节-第7节 南湖南-博学西楼-111,11-15周 星期五 第6节-第7节 南湖南-博学西楼-111","XF":2,"SKXQ":5,"XNXQDM":"2024-2025-2","KCM":"机电工程软件","JASDM":"0202030111","JXLDM":"020203","JXBID":"20242-04754","SKBJ":"过控2301-02","TYXMDM":null,"KCH":"10085112006"},{"KKDWDM":"018","XS":32,"BYBZ":"0","JSJC":8,"XXXQDM":"02","KXH":"01","KSJC":6,"XKZRS":63,"SKZC":"000000001100000000000000000000","SKJS":"刘春晖","ISTK":0,"ZCMC":"9-10周","YPSJDD":"12-14周 星期一 第6节-第8节 南湖南-博学西楼-111,16-17周 星期一 第6节-第8节 南湖南-博学西楼-111,17周 星期二 第6节-第8节 南湖南-博学西楼-111,9-10周 星期一 第6节-第8节 南湖南-博学西楼-111","XF":2,"SKXQ":1,"XNXQDM":"2024-2025-2","KCM":"经济计量软件与应用","JASDM":"0202030111","JXLDM":"020203","JXBID":"20242-05722","SKBJ":"数经sy2301,经 济2301","TYXMDM":null,"KCH":"10185121043"},{"KKDWDM":"008","XS":40,"BYBZ":"0","JSJC":4,"XXXQDM":"02","KXH":"03","KSJC":3,"XKZRS":77,"SKZC":"000000001100000000000000","SKJS":"洪流","ISTK":0,"ZCMC":"9-10周","YPSJDD":"9-10周 星期一 第3节-第4节 南湖南-博学西楼-111,1-8周 星期一 第3节-第5节 南湖南-博学西楼-111","XF":2,"SKXQ":1,"XNXQDM":"2024-2025-2","KCM":"现代仪器设计","JASDM":"0202030111","JXLDM":"020203","JXBID":"20242-06729","SKBJ":"测控2201-02","TYXMDM":null,"KCH":"10085121031"},{"KKDWDM":"008","XS":40,"BYBZ":"0","JSJC":7,"XXXQDM":"02","KXH":"01","KSJC":6,"XKZRS":64,"SKZC":"000000001000000000000000000000","SKJS":"徐东亮","ISTK":0,"ZCMC":"9周","YPSJDD":"9周 星期日 第6节-第7节 南湖南-博学西楼-111,1-5周 星期五 第6节-第7节 南湖南-博学西楼-111,7-9周 星期五 第6节-第7节 南湖南-博学西楼-111,11-15周 星期五 第6节-第7节 南湖南-博学西楼-111","XF":2,"SKXQ":7,"XNXQDM":"2024-2025-2","KCM":"机电工程软件","JASDM":"0202030111","JXLDM":"020203","JXBID":"20242-04754","SKBJ":"过控2301-02","TYXMDM":null,"KCH":"10085112006"},{"KKDWDM":"017","XS":40,"BYBZ":"0","JSJC":2,"XXXQDM":"02","KXH":"03","KSJC":1,"XKZRS":78,"SKZC":"000000001000000000000000000000","SKJS":"王宏宇,王虎","ISTK":0,"ZCMC":"9周","YPSJDD":"17周 星期三 第1节-第2节 南湖南-博学西楼-111,7-9周 星期五 第1节-第2节 南湖南-博学西楼-111,9周 星期日 第1节-第2节 南湖南-博学西楼-111,1-5周 星期五 第1节-第2节 南湖南-博学西楼-111,11-16周 星期五 第1节-第2节 南湖南-博学西楼-111","XF":2,"SKXQ":7,"XNXQDM":"2024-2025-2","KCM":"MIS系统软件B","JASDM":"0202030111","JXLDM":"020203","JXBID":"20242-11014","SKBJ":"信管2301-02","TYXMDM":null,"KCH":"10174117105"},{"KKDWDM":"008","XS":40,"BYBZ":"0","JSJC":5,"XXXQDM":"02","KXH":"01","KSJC":3,"XKZRS":72,"SKZC":"000000001000000000000000","SKJS":"张峰","ISTK":0,"ZCMC":"9周","YPSJDD":"14-15周 星期五 第3节-第4节 南湖南-博学西楼-111,1-5周,7-9周,11-13周 星期五 第3节-第5节 南湖南-博学西楼-111,9周 星期日 第3节-第5节 南湖南-博学西楼-111","XF":2,"SKXQ":7,"XNXQDM":"2024-2025-2","KCM":"IE案例解析","JASDM":"0202030111","JXLDM":"020203","JXBID":"20242-02252","SKBJ":"工业gc2201-02","TYXMDM":null,"KCH":"10085121022"},{"KKDWDM":"022","XS":48,"BYBZ":"0","JSJC":5,"XXXQDM":"02","KXH":"01","KSJC":3,"XKZRS":74,"SKZC":"000000000011111110000000000000","SKJS":"王晓丽,胡秀娟","ISTK":0,"ZCMC":"11-17周","YPSJDD":"1-9周 星期四 第3节-第5节 南湖南-博学西楼-111,11-17周 星期四 第3节-第5节 南湖南-博学西楼-111","XF":3,"SKXQ":4,"XNXQDM":"2024-2025-2","KCM":"国际法学B","JASDM":"0202030111","JXLDM":"020203","JXBID":"20242-05646","SKBJ":"法学2303-04","TYXMDM":null,"KCH":"10055111065"},{"KKDWDM":"017","XS":40,"BYBZ":"0","JSJC":2,"XXXQDM":"02","KXH":"03","KSJC":1,"XKZRS":78,"SKZC":"000000000011111100000000000000","SKJS":"王宏宇,王虎","ISTK":0,"ZCMC":"11-16周","YPSJDD":"17周 星期三 第1节-第2节 南湖南-博学西楼-111,7-9周 星期五 第1节-第2节 南湖南-博学西楼-111,9周 星期日 第1节-第2节 南湖南-博学西楼-111,1-5周 星期五 第1节-第2节 南湖南-博学西楼-111,11-16周 星期五 第1节-第2节 南湖南-博学西楼-111","XF":2,"SKXQ":5,"XNXQDM":"2024-2025-2","KCM":"MIS系统软件B","JASDM":"0202030111","JXLDM":"020203","JXBID":"20242-11014","SKBJ":"信管2301-02","TYXMDM":null,"KCH":"10174117105"},{"KKDWDM":"008","XS":40,"BYBZ":"0","JSJC":7,"XXXQDM":"02","KXH":"01","KSJC":6,"XKZRS":64,"SKZC":"000000000011111000000000000000","SKJS":"徐东亮","ISTK":0,"ZCMC":"11-15周","YPSJDD":"9周 星期日 第6节-第7节 南湖南-博学西楼-111,1-5周 星期五 第6节-第7节 南湖南-博学西楼-111,7-9周 星期五 第6节-第7节 南湖南-博学西楼-111,11-15周 星期五 第6节-第7节 南湖南-博学西楼-111","XF":2,"SKXQ":5,"XNXQDM":"2024-2025-2","KCM":"机电工程软件","JASDM":"0202030111","JXLDM":"020203","JXBID":"20242-04754","SKBJ":"过控2301-02","TYXMDM":null,"KCH":"10085112006"},{"KKDWDM":"009","XS":24,"BYBZ":"0","JSJC":2,"XXXQDM":"02","KXH":"01","KSJC":1,"XKZRS":79,"SKZC":"000000000010000000000000000000","SKJS":"程静","ISTK":0,"ZCMC":"11周","YPSJDD":"1-9周 星期四 第1节-第2节 南湖南-博学西楼-111,11周 星期四 第1节-第2节 南湖南-博学西楼-111","XF":1,"SKXQ":4,"XNXQDM":"2024-2025-2","KCM":"流体力学E","JASDM":"0202030111","JXLDM":"020203","JXBID":"20242-05101","SKBJ":"工程2301-02","TYXMDM":null,"KCH":"10094117085"},{"KKDWDM":"018","XS":32,"BYBZ":"0","JSJC":8,"XXXQDM":"02","KXH":"01","KSJC":6,"XKZRS":63,"SKZC":"000000000001110000000000000000","SKJS":"刘春晖","ISTK":0,"ZCMC":"12-14周","YPSJDD":"12-14周 星期一 第6节-第8节 南湖南-博学西楼-111,16-17周 星期一 第6节-第8节 南湖南-博学西楼-111,17周 星期二 第6节-第8节 南湖南-博学西楼-111,9-10周 星期一 第6节-第8节 南湖南-博学西楼-111","XF":2,"SKXQ":1,"XNXQDM":"2024-2025-2","KCM":"经济计量软件与应用","JASDM":"0202030111","JXLDM":"020203","JXBID":"20242-05722","SKBJ":"数经sy2301,经 济2301","TYXMDM":null,"KCH":"10185121043"},{"KKDWDM":"021","XS":40,"BYBZ":"0","JSJC":4,"XXXQDM":"02","KXH":"01","KSJC":3,"XKZRS":71,"SKZC":"000000000000110000000000","SKJS":"李艳丽","ISTK":0,"ZCMC":"13-14周","YPSJDD":"13-14周 星期三 第3节-第4节 南湖南-博学西楼-111,1-12周 星期三 第3节-第5节 南湖南-博学西楼-111","XF":2,"SKXQ":3,"XNXQDM":"2024-2025-2","KCM":"西方政治制度史B","JASDM":"0202030111","JXLDM":"020203","JXBID":"20242-06140","SKBJ":"政治2401-02","TYXMDM":null,"KCH":"10215117009"},{"KKDWDM":"008","XS":40,"BYBZ":"0","JSJC":4,"XXXQDM":"02","KXH":"01","KSJC":3,"XKZRS":72,"SKZC":"000000000000011000000000","SKJS":"张峰","ISTK":0,"ZCMC":"14-15周","YPSJDD":"14-15周 星期五 第3节-第4节 南湖南-博学西楼-111,1-5周,7-9周,11-13周 星期五 第3节-第5节 南湖南-博学西楼-111,9周 星期日 第3节-第5节 南湖南-博学西楼-111","XF":2,"SKXQ":5,"XNXQDM":"2024-2025-2","KCM":"IE案例解析","JASDM":"0202030111","JXLDM":"020203","JXBID":"20242-02252","SKBJ":"工业gc2201-02","TYXMDM":null,"KCH":"10085121022"},{"KKDWDM":"018","XS":32,"BYBZ":"0","JSJC":8,"XXXQDM":"02","KXH":"01","KSJC":6,"XKZRS":63,"SKZC":"000000000000000110000000000000","SKJS":"刘春晖","ISTK":0,"ZCMC":"16-17周","YPSJDD":"12-14周 星期一 第6节-第8节 南湖南-博学西楼-111,16-17周 星期一 第6节-第8节 南湖南-博学西楼-111,17周 星期二 第6节-第8节 南湖南-博学西楼-111,9-10周 星期一 第6节-第8节 南湖南-博学西楼-111","XF":2,"SKXQ":1,"XNXQDM":"2024-2025-2","KCM":"经济计量软件与应用","JASDM":"0202030111","JXLDM":"020203","JXBID":"20242-05722","SKBJ":"数经sy2301,经 济2301","TYXMDM":null,"KCH":"10185121043"},{"KKDWDM":"017","XS":40,"BYBZ":"0","JSJC":2,"XXXQDM":"02","KXH":"03","KSJC":1,"XKZRS":78,"SKZC":"000000000000000010000000000000","SKJS":"王宏宇,王虎","ISTK":0,"ZCMC":"17周","YPSJDD":"17周 星期三 第1节-第2节 南湖南-博学西楼-111,7-9周 星期五 第1节-第2节 南湖南-博学西楼-111,9周 星期日 第1节-第2节 南湖南-博学西楼-111,1-5周 星期五 第1节-第2节 南湖南-博学西楼-111,11-16周 星期五 第1节-第2节 南湖南-博学西楼-111","XF":2,"SKXQ":3,"XNXQDM":"2024-2025-2","KCM":"MIS系统软件B","JASDM":"0202030111","JXLDM":"020203","JXBID":"20242-11014","SKBJ":"信管2301-02","TYXMDM":null,"KCH":"10174117105"},{"KKDWDM":"018","XS":32,"BYBZ":"0","JSJC":8,"XXXQDM":"02","KXH":"01","KSJC":6,"XKZRS":63,"SKZC":"000000000000000010000000000000","SKJS":"刘春晖","ISTK":0,"ZCMC":"17周","YPSJDD":"12-14周 星期一 第6节-第8节 南湖南-博学西楼-111,16-17周 星期一 第6节-第8节 南湖南-博学西楼-111,17周 星期二 第6节-第8节 南湖南-博学西楼-111,9-10周 星期一 第6节-第8节 南湖南-博学西楼-111","XF":2,"SKXQ":2,"XNXQDM":"2024-2025-2","KCM":"经济计量软件与应用","JASDM":"0202030111","JXLDM":"020203","JXBID":"20242-05722","SKBJ":"数经sy2301,经 济2301","TYXMDM":null,"KCH":"10185121043"}]}},"code":"0"}