{"datas":{"jaskcb":{"extParams":{"code":1,"msg":"查询成功"},"pageSize":0,"pageNumber":0,"totalSize":-1,"rows":[{"KKDWDM":"072","XS":80,"BYBZ":"0","JSJC":2,"XXXQDM":"02","KXH":"46","KSJC":1,"XKZRS":38,"SKZC":"111111111111111100000000000000","SKJS":"熊波","ISTK":0,"ZCMC":"1-16周","YPSJDD":"9周 星期日 第3节-第5节 南湖南-博学西楼-310,11-16周 星期五 第3节-第5节 南湖南-博学西楼-310,1-16周 星期三 第1节-第2节 南湖南-博学西楼-310,17周 星期三 第3节-第5节 南湖南-博学西楼-310,7-9周 星期五 第3节-第5节 南湖南-博学西楼-310,1-5周 星期五 第3节-第5节 南湖南-博学西楼-310","XF":5,"SKXQ":3,"XNXQDM":"2024-2025-2","KCM":"大学物理B","JASDM":"0202030310","JXLDM":"020203","JXBID":"20242-11691","SKBJ":"车辆gj2401","TYXMDM":null,"KCH":"10153113042"},{"KKDWDM":"020","XS":32,"BYBZ":"0","JSJC":4,"XXXQDM":"02","KXH":"03","KSJC":3,"XKZRS":37,"SKZC":"111111111111111100000000","SKJS":"Alex Ory Ballard","ISTK":0,"ZCMC":"1-16周","YPSJDD":"1-16周 星期二 第3节-第4节 南湖南-博学西楼-310","XF":2,"SKXQ":2,"XNXQDM":"2024-2025-2","KCM":"英语听力与口语2","JASDM":"0202030310","JXLDM":"020203","JXBID":"20242-11931","SKBJ":"车辆gj2401","TYXMDM":null,"KCH":"10206124404"},{"KKDWDM":"071","XS":88,"BYBZ":"0","JSJC":2,"XXXQDM":"02","KXH":"54","KSJC":1,"XKZRS":39,"SKZC":"111111111111111000000000000000","SKJS":"万源","ISTK":0,"ZCMC":"1-15周","YPSJDD":"12-14周 星期一 第3节-第4节 南湖南-博学西楼-310,16-17周 星期一 第3节-第4节 南湖南-博学西楼-310,1-9周 星期四 第3节-第4节 南湖南-博学西楼-310,1-15周 星期二 第1节-第2节 南湖南-博学西楼-310,1-10周 星期一 第3节-第4节 南湖南-博学西楼-310,11-15周 星期四 第3节-第4节 南湖南-博学西楼-310","XF":5,"SKXQ":2,"XNXQDM":"2024-2025-2","KCM":"高等数学A下","JASDM":"0202030310","JXLDM":"020203","JXBID":"20242-10575","SKBJ":"车辆gj2401","TYXMDM":null,"KCH":"10153121060"},{"KKDWDM":"018","XS":40,"BYBZ":"0","JSJC":8,"XXXQDM":"02","KXH":"02","KSJC":6,"XKZRS":50,"SKZC":"111111111111000000000000","SKJS":"周玉荣","ISTK":0,"ZCMC":"1-12周","YPSJDD":"13-14周 星期三 第6节-第7节 南湖南-博学西楼-310,1-12周 星期三 第6节-第8节 南湖南-博学西楼-310","XF":2,"SKXQ":3,"XNXQDM":"2024-2025-2","KCM":"国际金融学","JASDM":"0202030310","JXLDM":"020203","JXBID":"20242-05350","SKBJ":"国贸2301-02","TYXMDM":null,"KCH":"10184117065"},{"KKDWDM":"071","XS":40,"BYBZ":"0","JSJC":5,"XXXQDM":"02","KXH":"35","KSJC":3,"XKZRS":37,"SKZC":"111111111111000000000000","SKJS":"向建林","ISTK":0,"ZCMC":"1-12周","YPSJDD":"13-14周 星期三 第3节-第4节 南湖南-博学西楼-310,1-12周 星期三 第3节-第5节 南湖南-博学西楼-310","XF":2,"SKXQ":3,"XNXQDM":"2024-2025-2","KCM":"线性代数","JASDM":"0202030310","JXLDM":"020203","JXBID":"20242-11752","SKBJ":"车辆gj2401","TYXMDM":null,"KCH":"10153111001"},{"KKDWDM":"022","XS":24,"BYBZ":"0","JSJC":10,"XXXQDM":"02","KXH":"01","KSJC":9,"XKZRS":38,"SKZC":"11111111111100000000","SKJS":"周群英","ISTK":0,"ZCMC":"1-12周","YPSJDD":"1-12周 星期三 第9节-第10节 南湖南-博学西楼-310","XF":1,"SKXQ":3,"XNXQDM":"2024-2025-2","KCM":"幸福心理学","JASDM":"0202030310","JXLDM":"020203","JXBID":"20242-05653","SKBJ":"国贸2301-02","TYXMDM":null,"KCH":"10226121179"},{"KKDWDM":"071","XS":88,"BYBZ":"0","JSJC":4,"XXXQDM":"02","KXH":"54","KSJC":3,"XKZRS":39,"SKZC":"111111111100000000000000000000","SKJS":"万源","ISTK":0,"ZCMC":"1-10周","YPSJDD":"12-14周 星期一 第3节-第4节 南湖南-博学西楼-310,16-17周 星期一 第3节-第4节 南湖南-博学西楼-310,1-9周 星期四 第3节-第4节 南湖南-博学西楼-310,1-15周 星期二 第1节-第2节 南湖南-博学西楼-310,1-10周 星期一 第3节-第4节 南湖南-博学西楼-310,11-15周 星期四 第3节-第4节 南湖南-博学西楼-310","XF":5,"SKXQ":1,"XNXQDM":"2024-2025-2","KCM":"高等数学A下","JASDM":"0202030310","JXLDM":"020203","JXBID":"20242-10575","SKBJ":"车辆gj2401","TYXMDM":null,"KCH":"10153121060"},{"KKDWDM":"010","XS":32,"BYBZ":"0","JSJC":8,"XXXQDM":"02","KXH":"01","KSJC":6,"XKZRS":34,"SKZC":"111111111100000000000000","SKJS":"颜代蓉","ISTK":0,"ZCMC":"1-10周","YPSJDD":"11周 星期二 第6节-第7节 南湖南-博学西楼-310,1-10周 星期二 第6节-第8节 南湖南-博学西楼-310","XF":2,"SKXQ":2,"XNXQDM":"2024-2025-2","KCM":"工程地质学","JASDM":"0202030310","JXLDM":"020203","JXBID":"20242-05883","SKBJ":"采矿2301-02","TYXMDM":null,"KCH":"10105121023"},{"KKDWDM":"016","XS":32,"BYBZ":"0","JSJC":2,"XXXQDM":"02","KXH":"01","KSJC":1,"XKZRS":30,"SKZC":"111111111000000000000000000000","SKJS":"邱彤","ISTK":0,"ZCMC":"1-9周","YPSJDD":"11-17周 星期四 第1节-第2节 南湖南-博学西楼-310,1-9周 星期四 第1节-第2节 南湖南-博学西楼-310","XF":2,"SKXQ":4,"XNXQDM":"2024-2025-2","KCM":"生物技术制药","JASDM":"0202030310","JXLDM":"020203","JXBID":"20242-02645","SKBJ":"生物制药2201","TYXMDM":null,"KCH":"10165112019"},{"KKDWDM":"071","XS":88,"BYBZ":"0","JSJC":4,"XXXQDM":"02","KXH":"54","KSJC":3,"XKZRS":39,"SKZC":"111111111000000000000000000000","SKJS":"万源","ISTK":0,"ZCMC":"1-9周","YPSJDD":"12-14周 星期一 第3节-第4节 南湖南-博学西楼-310,16-17周 星期一 第3节-第4节 南湖南-博学西楼-310,1-9周 星期四 第3节-第4节 南湖南-博学西楼-310,1-15周 星期二 第1节-第2节 南湖南-博学西楼-310,1-10周 星期一 第3节-第4节 南湖南-博学西楼-310,11-15周 星期四 第3节-第4节 南湖南-博学西楼-310","XF":5,"SKXQ":4,"XNXQDM":"2024-2025-2","KCM":"高等数学A下","JASDM":"0202030310","JXLDM":"020203","JXBID":"20242-10575","SKBJ":"车辆gj2401","TYXMDM":null,"KCH":"10153121060"},{"KKDWDM":"031","XS":32,"BYBZ":"0","JSJC":12,"XXXQDM":"02","KXH":"01","KSJC":11,"XKZRS":22,"SKZC":"11111111","SKJS":"万程鹏,汪洋,高嵩","ISTK":0,"ZCMC":"1-8周","YPSJDD":"1-8周 星期一 第11节-第12节 南湖南-博学西楼-310,1-8周 星期三 第11节-第12节 南湖南-博学西楼-310","XF":2,"SKXQ":3,"XNXQDM":"2024-2025-2","KCM":"区块链原理与交通信息安全(JD)","JASDM":"0202030310","JXLDM":"020203","JXBID":"20242-08899","SKBJ":"公选-08899","TYXMDM":null,"KCH":"10316121011"},{"KKDWDM":"031","XS":32,"BYBZ":"0","JSJC":12,"XXXQDM":"02","KXH":"01","KSJC":11,"XKZRS":22,"SKZC":"11111111","SKJS":"万程鹏,汪洋,高嵩","ISTK":0,"ZCMC":"1-8周","YPSJDD":"1-8周 星期一 第11节-第12节 南湖南-博学西楼-310,1-8周 星期三 第11节-第12节 南湖南-博学西楼-310","XF":2,"SKXQ":1,"XNXQDM":"2024-2025-2","KCM":"区块链原理与交通信息安全(JD)","JASDM":"0202030310","JXLDM":"020203","JXBID":"20242-08899","SKBJ":"公选-08899","TYXMDM":null,"KCH":"10316121011"},{"KKDWDM":"072","XS":80,"BYBZ":"0","JSJC":5,"XXXQDM":"02","KXH":"46","KSJC":3,"XKZRS":38,"SKZC":"111110000000000000000000000000","SKJS":"熊波","ISTK":0,"ZCMC":"1-5周","YPSJDD":"9周 星期日 第3节-第5节 南湖南-博学西楼-310,11-16周 星期五 第3节-第5节 南湖南-博学西楼-310,1-16周 星期三 第1节-第2节 南湖南-博学西楼-310,17周 星期三 第3节-第5节 南湖南-博学西楼-310,7-9周 星期五 第3节-第5节 南湖南-博学西楼-310,1-5周 星期五 第3节-第5节 南湖南-博学西楼-310","XF":5,"SKXQ":5,"XNXQDM":"2024-2025-2","KCM":"大学物理B","JASDM":"0202030310","JXLDM":"020203","JXBID":"20242-11691","SKBJ":"车辆gj2401","TYXMDM":null,"KCH":"10153113042"},{"KKDWDM":"018","XS":40,"BYBZ":"0","JSJC":8,"XXXQDM":"02","KXH":"01","KSJC":6,"XKZRS":55,"SKZC":"110000000000000000000000000000","SKJS":"金志达,黄蕙萍","ISTK":0,"ZCMC":"1-2周","YPSJDD":"3-10周,12-13周 星期一 第6节-第8节 南湖南-博学西楼-206,14-16周(双) 星期一 第6节-第7节 南湖南-博学西楼-206,1-2周 星期一 第6节-第8节 南湖南-博学西楼-310","XF":2,"SKXQ":1,"XNXQDM":"2024-2025-2","KCM":"国际商务A","JASDM":"0202030310","JXLDM":"020203","JXBID":"20242-05162","SKBJ":"国贸2301-02","TYXMDM":null,"KCH":"10054111056"},{"KKDWDM":"007","XS":48,"BYBZ":"0","JSJC":8,"XXXQDM":"02","KXH":"02","KSJC":6,"XKZRS":39,"SKZC":"000011111101110110000000000000","SKJS":"Chalati Siwapimon,刘珣,邓松","ISTK":0,"ZCMC":"5-10周,12-14周,16-17周","YPSJDD":"17周 星期二 第6节-第8节 南湖南-博学西楼-310,5-10周,12-14周,16-17周 星期一 第6节-第8节 南湖南-博学西楼-310,1-4周 星期一 第6节-第8节 南湖南-博学北楼-208","XF":3,"SKXQ":1,"XNXQDM":"2024-2025-2","KCM":"汽车学与性能测试2","JASDM":"0202030310","JXLDM":"020203","JXBID":"20242-11150","SKBJ":"车辆gj2201","TYXMDM":null,"KCH":"10074117095"},{"KKDWDM":"072","XS":80,"BYBZ":"0","JSJC":5,"XXXQDM":"02","KXH":"46","KSJC":3,"XKZRS":38,"SKZC":"000000111000000000000000000000","SKJS":"熊波","ISTK":0,"ZCMC":"7-9周","YPSJDD":"9周 星期日 第3节-第5节 南湖南-博学西楼-310,11-16周 星期五 第3节-第5节 南湖南-博学西楼-310,1-16周 星期三 第1节-第2节 南湖南-博学西楼-310,17周 星期三 第3节-第5节 南湖南-博学西楼-310,7-9周 星期五 第3节-第5节 南湖南-博学西楼-310,1-5周 星期五 第3节-第5节 南湖南-博学西楼-310","XF":5,"SKXQ":5,"XNXQDM":"2024-2025-2","KCM":"大学物理B","JASDM":"0202030310","JXLDM":"020203","JXBID":"20242-11691","SKBJ":"车辆gj2401","TYXMDM":null,"KCH":"10153113042"},{"KKDWDM":"010","XS":32,"BYBZ":"0","JSJC":10,"XXXQDM":"02","KXH":"01","KSJC":9,"XKZRS":41,"SKZC":"000000001111111100000000000000","SKJS":"张春阳,李立峰","ISTK":0,"ZCMC":"9-16周","YPSJDD":"17周 星期三 第1节-第2节 南湖南-博学西楼-310,9-16周 星期二 第9节-第10节 南湖南-博学西楼-310,9周 星期五 第1节-第2节 南湖南-博学西楼-310,11-16周 星期五 第1节-第2节 南湖南-博学西楼-310","XF":2,"SKXQ":2,"XNXQDM":"2024-2025-2","KCM":"矿山提升与运输","JASDM":"0202030310","JXLDM":"020203","JXBID":"20242-02310","SKBJ":"采矿2201-02","TYXMDM":null,"KCH":"4060081110"},{"KKDWDM":"010","XS":32,"BYBZ":"0","JSJC":2,"XXXQDM":"02","KXH":"01","KSJC":1,"XKZRS":41,"SKZC":"000000001000000000000000000000","SKJS":"张春阳,李立峰","ISTK":0,"ZCMC":"9周","YPSJDD":"17周 星期三 第1节-第2节 南湖南-博学西楼-310,9-16周 星期二 第9节-第10节 南湖南-博学西楼-310,9周 星期五 第1节-第2节 南湖南-博学西楼-310,11-16周 星期五 第1节-第2节 南湖南-博学西楼-310","XF":2,"SKXQ":5,"XNXQDM":"2024-2025-2","KCM":"矿山提升与运输","JASDM":"0202030310","JXLDM":"020203","JXBID":"20242-02310","SKBJ":"采矿2201-02","TYXMDM":null,"KCH":"4060081110"},{"KKDWDM":"072","XS":80,"BYBZ":"0","JSJC":5,"XXXQDM":"02","KXH":"46","KSJC":3,"XKZRS":38,"SKZC":"000000001000000000000000000000","SKJS":"熊波","ISTK":0,"ZCMC":"9周","YPSJDD":"9周 星期日 第3节-第5节 南湖南-博学西楼-310,11-16周 星期五 第3节-第5节 南湖南-博学西楼-310,1-16周 星期三 第1节-第2节 南湖南-博学西楼-310,17周 星期三 第3节-第5节 南湖南-博学西楼-310,7-9周 星期五 第3节-第5节 南湖南-博学西楼-310,1-5周 星期五 第3节-第5节 南湖南-博学西楼-310","XF":5,"SKXQ":7,"XNXQDM":"2024-2025-2","KCM":"大学物理B","JASDM":"0202030310","JXLDM":"020203","JXBID":"20242-11691","SKBJ":"车辆gj2401","TYXMDM":null,"KCH":"10153113042"},{"KKDWDM":"016","XS":32,"BYBZ":"0","JSJC":2,"XXXQDM":"02","KXH":"01","KSJC":1,"XKZRS":30,"SKZC":"000000000011111110000000000000","SKJS":"邱彤","ISTK":0,"ZCMC":"11-17周","YPSJDD":"11-17周 星期四 第1节-第2节 南湖南-博学西楼-310,1-9周 星期四 第1节-第2节 南湖南-博学西楼-310","XF":2,"SKXQ":4,"XNXQDM":"2024-2025-2","KCM":"生物技术制药","JASDM":"0202030310","JXLDM":"020203","JXBID":"20242-02645","SKBJ":"生物制药2201","TYXMDM":null,"KCH":"10165112019"},{"KKDWDM":"072","XS":80,"BYBZ":"0","JSJC":5,"XXXQDM":"02","KXH":"46","KSJC":3,"XKZRS":38,"SKZC":"000000000011111100000000000000","SKJS":"熊波","ISTK":0,"ZCMC":"11-16周","YPSJDD":"9周 星期日 第3节-第5节 南湖南-博学西楼-310,11-16周 星期五 第3节-第5节 南湖南-博学西楼-310,1-16周 星期三 第1节-第2节 南湖南-博学西楼-310,17周 星期三 第3节-第5节 南湖南-博学西楼-310,7-9周 星期五 第3节-第5节 南湖南-博学西楼-310,1-5周 星期五 第3节-第5节 南湖南-博学西楼-310","XF":5,"SKXQ":5,"XNXQDM":"2024-2025-2","KCM":"大学物理B","JASDM":"0202030310","JXLDM":"020203","JXBID":"20242-11691","SKBJ":"车辆gj2401","TYXMDM":null,"KCH":"10153113042"},{"KKDWDM":"010","XS":32,"BYBZ":"0","JSJC":2,"XXXQDM":"02","KXH":"01","KSJC":1,"XKZRS":41,"SKZC":"000000000011111100000000000000","SKJS":"张春阳,李立峰","ISTK":0,"ZCMC":"11-16周","YPSJDD":"17周 星期三 第1节-第2节 南湖南-博学西楼-310,9-16周 星期二 第9节-第10节 南湖南-博学西楼-310,9周 星期五 第1节-第2节 南湖南-博学西楼-310,11-16周 星期五 第1节-第2节 南湖南-博学西楼-310","XF":2,"SKXQ":5,"XNXQDM":"2024-2025-2","KCM":"矿山提升与运输","JASDM":"0202030310","JXLDM":"020203","JXBID":"20242-02310","SKBJ":"采矿2201-02","TYXMDM":null,"KCH":"4060081110"},{"KKDWDM":"071","XS":88,"BYBZ":"0","JSJC":4,"XXXQDM":"02","KXH":"54","KSJC":3,"XKZRS":39,"SKZC":"000000000011111000000000000000","SKJS":"万源","ISTK":0,"ZCMC":"11-15周","YPSJDD":"12-14周 星期一 第3节-第4节 南湖南-博学西楼-310,16-17周 星期一 第3节-第4节 南湖南-博学西楼-310,1-9周 星期四 第3节-第4节 南湖南-博学西楼-310,1-15周 星期二 第1节-第2节 南湖南-博学西楼-310,1-10周 星期一 第3节-第4节 南湖南-博学西楼-310,11-15周 星期四 第3节-第4节 南湖南-博学西楼-310","XF":5,"SKXQ":4,"XNXQDM":"2024-2025-2","KCM":"高等数学A下","JASDM":"0202030310","JXLDM":"020203","JXBID":"20242-10575","SKBJ":"车辆gj2401","TYXMDM":null,"KCH":"10153121060"},{"KKDWDM":"010","XS":32,"BYBZ":"0","JSJC":7,"XXXQDM":"02","KXH":"01","KSJC":6,"XKZRS":34,"SKZC":"000000000010000000000000","SKJS":"颜代蓉","ISTK":0,"ZCMC":"11周","YPSJDD":"11周 星期二 第6节-第7节 南湖南-博学西楼-310,1-10周 星期二 第6节-第8节 南湖南-博学西楼-310","XF":2,"SKXQ":2,"XNXQDM":"2024-2025-2","KCM":"工程地质学","JASDM":"0202030310","JXLDM":"020203","JXBID":"20242-05883","SKBJ":"采矿2301-02","TYXMDM":null,"KCH":"10105121023"},{"KKDWDM":"071","XS":88,"BYBZ":"0","JSJC":4,"XXXQDM":"02","KXH":"54","KSJC":3,"XKZRS":39,"SKZC":"000000000001110000000000000000","SKJS":"万源","ISTK":0,"ZCMC":"12-14周","YPSJDD":"12-14周 星期一 第3节-第4节 南湖南-博学西楼-310,16-17周 星期一 第3节-第4节 南湖南-博学西楼-310,1-9周 星期四 第3节-第4节 南湖南-博学西楼-310,1-15周 星期二 第1节-第2节 南湖南-博学西楼-310,1-10周 星期一 第3节-第4节 南湖南-博学西楼-310,11-15周 星期四 第3节-第4节 南湖南-博学西楼-310","XF":5,"SKXQ":1,"XNXQDM":"2024-2025-2","KCM":"高等数学A下","JASDM":"0202030310","JXLDM":"020203","JXBID":"20242-10575","SKBJ":"车辆gj2401","TYXMDM":null,"KCH":"10153121060"},{"KKDWDM":"071","XS":40,"BYBZ":"0","JSJC":4,"XXXQDM":"02","KXH":"35","KSJC":3,"XKZRS":37,"SKZC":"000000000000110000000000","SKJS":"向建林","ISTK":0,"ZCMC":"13-14周","YPSJDD":"13-14周 星期三 第3节-第4节 南湖南-博学西楼-310,1-12周 星期三 第3节-第5节 南湖南-博学西楼-310","XF":2,"SKXQ":3,"XNXQDM":"2024-2025-2","KCM":"线性代数","JASDM":"0202030310","JXLDM":"020203","JXBID":"20242-11752","SKBJ":"车辆gj2401","TYXMDM":null,"KCH":"10153111001"},{"KKDWDM":"018","XS":40,"BYBZ":"0","JSJC":7,"XXXQDM":"02","KXH":"02","KSJC":6,"XKZRS":50,"SKZC":"000000000000110000000000","SKJS":"周玉荣","ISTK":0,"ZCMC":"13-14周","YPSJDD":"13-14周 星期三 第6节-第7节 南湖南-博学西楼-310,1-12周 星期三 第6节-第8节 南湖南-博学西楼-310","XF":2,"SKXQ":3,"XNXQDM":"2024-2025-2","KCM":"国际金融学","JASDM":"0202030310","JXLDM":"020203","JXBID":"20242-05350","SKBJ":"国贸2301-02","TYXMDM":null,"KCH":"10184117065"},{"KKDWDM":"071","XS":88,"BYBZ":"0","JSJC":4,"XXXQDM":"02","KXH":"54","KSJC":3,"XKZRS":39,"SKZC":"000000000000000110000000000000","SKJS":"万源","ISTK":0,"ZCMC":"16-17周","YPSJDD":"12-14周 星期一 第3节-第4节 南湖南-博学西楼-310,16-17周 星期一 第3节-第4节 南湖南-博学西楼-310,1-9周 星期四 第3节-第4节 南湖南-博学西楼-310,1-15周 星期二 第1节-第2节 南湖南-博学西楼-310,1-10周 星期一 第3节-第4节 南湖南-博学西楼-310,11-15周 星期四 第3节-第4节 南湖南-博学西楼-310","XF":5,"SKXQ":1,"XNXQDM":"2024-2025-2","KCM":"高等数学A下","JASDM":"0202030310","JXLDM":"020203","JXBID":"20242-10575","SKBJ":"车辆gj2401","TYXMDM":null,"KCH":"10153121060"},{"KKDWDM":"072","XS":80,"BYBZ":"0","JSJC":5,"XXXQDM":"02","KXH":"46","KSJC":3,"XKZRS":38,"SKZC":"000000000000000010000000000000","SKJS":"熊波","ISTK":0,"ZCMC":"17周","YPSJDD":"9周 星期日 第3节-第5节 南湖南-博学西楼-310,11-16周 星期五 第3节-第5节 南湖南-博学西楼-310,1-16周 星期三 第1节-第2节 南湖南-博学西楼-310,17周 星期三 第3节-第5节 南湖南-博学西楼-310,7-9周 星期五 第3节-第5节 南湖南-博学西楼-310,1-5周 星期五 第3节-第5节 南湖南-博学西楼-310","XF":5,"SKXQ":3,"XNXQDM":"2024-2025-2","KCM":"大学物理B","JASDM":"0202030310","JXLDM":"020203","JXBID":"20242-11691","SKBJ":"车辆gj2401","TYXMDM":null,"KCH":"10153113042"},{"KKDWDM":"007","XS":48,"BYBZ":"0","JSJC":8,"XXXQDM":"02","KXH":"02","KSJC":6,"XKZRS":39,"SKZC":"000000000000000010000000000000","SKJS":"Chalati Siwapimon,刘珣,邓松","ISTK":0,"ZCMC":"17周","YPSJDD":"17周 星期二 第6节-第8节 南湖南-博学西楼-310,5-10周,12-14周,16-17周 星期一 第6节-第8节 南湖南-博学西楼-310,1-4周 星期一 第6节-第8节 南湖南-博学北楼-208","XF":3,"SKXQ":2,"XNXQDM":"2024-2025-2","KCM":"汽车学与性能测试2","JASDM":"0202030310","JXLDM":"020203","JXBID":"20242-11150","SKBJ":"车辆gj2201","TYXMDM":null,"KCH":"10074117095"},{"KKDWDM":"010","XS":32,"BYBZ":"0","JSJC":2,"XXXQDM":"02","KXH":"01","KSJC":1,"XKZRS":41,"SKZC":"000000000000000010000000000000","SKJS":"张春阳,李立峰","ISTK":0,"ZCMC":"17周","YPSJDD":"17周 星期三 第1节-第2节 南湖南-博学西楼-310,9-16周 星期二 第9节-第10节 南湖南-博学西楼-310,9周 星期五 第1节-第2节 南湖南-博学西楼-310,11-16周 星期五 第1节-第2节 南湖南-博学西楼-310","XF":2,"SKXQ":3,"XNXQDM":"2024-2025-2","KCM":"矿山提升与运输","JASDM":"0202030310","JXLDM":"020203","JXBID":"20242-02310","SKBJ":"采矿2201-02","TYXMDM":null,"KCH":"4060081110"}]}},"code":"0"}