{"datas":{"jaskcb":{"extParams":{"code":1,"msg":"查询成功"},"pageSize":0,"pageNumber":0,"totalSize":-1,"rows":[{"KKDWDM":"020","XS":32,"BYBZ":"0","JSJC":2,"XXXQDM":"02","KXH":"25","KSJC":1,"XKZRS":35,"SKZC":"1111111111111111","SKJS":"饶玉芳","ISTK":0,"ZCMC":"1-16周","YPSJDD":"1-16周 星期二 第1节-第2节 南湖南-博学北楼-405","XF":2,"SKXQ":2,"XNXQDM":"2024-2025-2","KCM":"大学英语3","JASDM":"0202010405","JXLDM":"020201","JXBID":"20242-12587","SKBJ":"公选-12587","TYXMDM":"11","KCH":"10201121072"},{"KKDWDM":"020","XS":32,"BYBZ":"0","JSJC":4,"XXXQDM":"02","KXH":"34","KSJC":3,"XKZRS":35,"SKZC":"1111111111111111","SKJS":"刘胜莲","ISTK":0,"ZCMC":"1-16周","YPSJDD":"1-16周 星期二 第3节-第4节 南湖南-博学北楼-405","XF":2,"SKXQ":2,"XNXQDM":"2024-2025-2","KCM":"大学英语3","JASDM":"0202010405","JXLDM":"020201","JXBID":"20242-12605","SKBJ":"公选-12605","TYXMDM":"11","KCH":"10201121072"},{"KKDWDM":"020","XS":32,"BYBZ":"0","JSJC":2,"XXXQDM":"02","KXH":"43","KSJC":1,"XKZRS":30,"SKZC":"1111111111111111","SKJS":"袁荣","ISTK":0,"ZCMC":"1-16周","YPSJDD":"1-16周 星期三 第1节-第2节 南湖南-博学北楼-405","XF":2,"SKXQ":3,"XNXQDM":"2024-2025-2","KCM":"大学英语3","JASDM":"0202010405","JXLDM":"020201","JXBID":"20242-12623","SKBJ":"公选-12623","TYXMDM":"11","KCH":"10201121072"},{"KKDWDM":"020","XS":32,"BYBZ":"0","JSJC":2,"XXXQDM":"02","KXH":"07","KSJC":1,"XKZRS":38,"SKZC":"111111111100000000000000000000","SKJS":"王爽","ISTK":0,"ZCMC":"1-10周","YPSJDD":"16-17周 星期一 第1节-第2节 南湖南-博学北楼-405,1-10周 星期一 第1节-第2节 南湖南-博学北楼-405,17周 星期二 第1节-第2节 南湖南-博学北楼-405,12-14周 星期一 第1节-第2节 南湖南-博学北楼-405","XF":2,"SKXQ":1,"XNXQDM":"2024-2025-2","KCM":"大学英语3","JASDM":"0202010405","JXLDM":"020201","JXBID":"20242-12551","SKBJ":"公选-12551","TYXMDM":"11","KCH":"10201121072"},{"KKDWDM":"020","XS":32,"BYBZ":"0","JSJC":4,"XXXQDM":"02","KXH":"16","KSJC":3,"XKZRS":35,"SKZC":"111111111100000000000000000000","SKJS":"王爽","ISTK":0,"ZCMC":"1-10周","YPSJDD":"16-17周 星期一 第3节-第4节 南湖南-博学北楼-405,17周 星期二 第3节-第4节 南湖南-博学北楼-405,12-14周 星期一 第3节-第4节 南湖南-博学北楼-405,1-10周 星期一 第3节-第4节 南湖南-博学北楼-405","XF":2,"SKXQ":1,"XNXQDM":"2024-2025-2","KCM":"大学英语3","JASDM":"0202010405","JXLDM":"020201","JXBID":"20242-12569","SKBJ":"公选-12569","TYXMDM":"11","KCH":"10201121072"},{"KKDWDM":"020","XS":32,"BYBZ":"0","JSJC":4,"XXXQDM":"02","KXH":"70","KSJC":3,"XKZRS":37,"SKZC":"111111111000000000000000000000","SKJS":"王爽","ISTK":0,"ZCMC":"1-9周","YPSJDD":"1-9周 星期四 第3节-第4节 南湖南-博学北楼-405,11-17周 星期四 第3节-第4节 南湖南-博学北楼-405","XF":2,"SKXQ":4,"XNXQDM":"2024-2025-2","KCM":"大学英语3","JASDM":"0202010405","JXLDM":"020201","JXBID":"20242-12677","SKBJ":"公选-12677","TYXMDM":"11","KCH":"10201121072"},{"KKDWDM":"020","XS":32,"BYBZ":"0","JSJC":2,"XXXQDM":"02","KXH":"61","KSJC":1,"XKZRS":35,"SKZC":"111111111000000000000000000000","SKJS":"王爽","ISTK":0,"ZCMC":"1-9周","YPSJDD":"1-9周 星期四 第1节-第2节 南湖南-博学北楼-405,11-17周 星期四 第1节-第2节 南湖南-博学北楼-405","XF":2,"SKXQ":4,"XNXQDM":"2024-2025-2","KCM":"大学英语3","JASDM":"0202010405","JXLDM":"020201","JXBID":"20242-12659","SKBJ":"公选-12659","TYXMDM":"11","KCH":"10201121072"},{"KKDWDM":"020","XS":32,"BYBZ":"0","JSJC":2,"XXXQDM":"02","KXH":"79","KSJC":1,"XKZRS":36,"SKZC":"111110000000000000000000000000","SKJS":"卢潇潇","ISTK":0,"ZCMC":"1-5周","YPSJDD":"9周 星期日 第1节-第2节 南湖南-博学北楼-405,1-5周 星期五 第1节-第2节 南湖南-博学北楼-405,17周 星期三 第1节-第2节 南湖南-博学北楼-405,7-9周 星期五 第1节-第2节 南湖南-博学北楼-405,11-16周 星期五 第1节-第2节 南湖南-博学北楼-405","XF":2,"SKXQ":5,"XNXQDM":"2024-2025-2","KCM":"大学英语3","JASDM":"0202010405","JXLDM":"020201","JXBID":"20242-12694","SKBJ":"公选-12694","TYXMDM":"11","KCH":"10201121072"},{"KKDWDM":"020","XS":32,"BYBZ":"0","JSJC":4,"XXXQDM":"02","KXH":"88","KSJC":3,"XKZRS":35,"SKZC":"111110000000000000000000000000","SKJS":"卢潇潇","ISTK":0,"ZCMC":"1-5周","YPSJDD":"1-5周 星期五 第3节-第4节 南湖南-博学北楼-405,17周 星期三 第3节-第4节 南湖南-博学北楼-405,11-16周 星期五 第3节-第4节 南湖南-博学北楼-405,9周 星期日 第3节-第4节 南湖南-博学北楼-405,7-9周 星期五 第3节-第4节 南湖南-博学北楼-405","XF":2,"SKXQ":5,"XNXQDM":"2024-2025-2","KCM":"大学英语3","JASDM":"0202010405","JXLDM":"020201","JXBID":"20242-12711","SKBJ":"公选-12711","TYXMDM":"11","KCH":"10201121072"},{"KKDWDM":"020","XS":32,"BYBZ":"0","JSJC":4,"XXXQDM":"02","KXH":"88","KSJC":3,"XKZRS":35,"SKZC":"000000111000000000000000000000","SKJS":"卢潇潇","ISTK":0,"ZCMC":"7-9周","YPSJDD":"1-5周 星期五 第3节-第4节 南湖南-博学北楼-405,17周 星期三 第3节-第4节 南湖南-博学北楼-405,11-16周 星期五 第3节-第4节 南湖南-博学北楼-405,9周 星期日 第3节-第4节 南湖南-博学北楼-405,7-9周 星期五 第3节-第4节 南湖南-博学北楼-405","XF":2,"SKXQ":5,"XNXQDM":"2024-2025-2","KCM":"大学英语3","JASDM":"0202010405","JXLDM":"020201","JXBID":"20242-12711","SKBJ":"公选-12711","TYXMDM":"11","KCH":"10201121072"},{"KKDWDM":"020","XS":32,"BYBZ":"0","JSJC":2,"XXXQDM":"02","KXH":"79","KSJC":1,"XKZRS":36,"SKZC":"000000111000000000000000000000","SKJS":"卢潇潇","ISTK":0,"ZCMC":"7-9周","YPSJDD":"9周 星期日 第1节-第2节 南湖南-博学北楼-405,1-5周 星期五 第1节-第2节 南湖南-博学北楼-405,17周 星期三 第1节-第2节 南湖南-博学北楼-405,7-9周 星期五 第1节-第2节 南湖南-博学北楼-405,11-16周 星期五 第1节-第2节 南湖南-博学北楼-405","XF":2,"SKXQ":5,"XNXQDM":"2024-2025-2","KCM":"大学英语3","JASDM":"0202010405","JXLDM":"020201","JXBID":"20242-12694","SKBJ":"公选-12694","TYXMDM":"11","KCH":"10201121072"},{"KKDWDM":"020","XS":32,"BYBZ":"0","JSJC":4,"XXXQDM":"02","KXH":"88","KSJC":3,"XKZRS":35,"SKZC":"000000001000000000000000000000","SKJS":"卢潇潇","ISTK":0,"ZCMC":"9周","YPSJDD":"1-5周 星期五 第3节-第4节 南湖南-博学北楼-405,17周 星期三 第3节-第4节 南湖南-博学北楼-405,11-16周 星期五 第3节-第4节 南湖南-博学北楼-405,9周 星期日 第3节-第4节 南湖南-博学北楼-405,7-9周 星期五 第3节-第4节 南湖南-博学北楼-405","XF":2,"SKXQ":7,"XNXQDM":"2024-2025-2","KCM":"大学英语3","JASDM":"0202010405","JXLDM":"020201","JXBID":"20242-12711","SKBJ":"公选-12711","TYXMDM":"11","KCH":"10201121072"},{"KKDWDM":"020","XS":32,"BYBZ":"0","JSJC":2,"XXXQDM":"02","KXH":"79","KSJC":1,"XKZRS":36,"SKZC":"000000001000000000000000000000","SKJS":"卢潇潇","ISTK":0,"ZCMC":"9周","YPSJDD":"9周 星期日 第1节-第2节 南湖南-博学北楼-405,1-5周 星期五 第1节-第2节 南湖南-博学北楼-405,17周 星期三 第1节-第2节 南湖南-博学北楼-405,7-9周 星期五 第1节-第2节 南湖南-博学北楼-405,11-16周 星期五 第1节-第2节 南湖南-博学北楼-405","XF":2,"SKXQ":7,"XNXQDM":"2024-2025-2","KCM":"大学英语3","JASDM":"0202010405","JXLDM":"020201","JXBID":"20242-12694","SKBJ":"公选-12694","TYXMDM":"11","KCH":"10201121072"},{"KKDWDM":"020","XS":32,"BYBZ":"0","JSJC":2,"XXXQDM":"02","KXH":"61","KSJC":1,"XKZRS":35,"SKZC":"000000000011111110000000000000","SKJS":"王爽","ISTK":0,"ZCMC":"11-17周","YPSJDD":"1-9周 星期四 第1节-第2节 南湖南-博学北楼-405,11-17周 星期四 第1节-第2节 南湖南-博学北楼-405","XF":2,"SKXQ":4,"XNXQDM":"2024-2025-2","KCM":"大学英语3","JASDM":"0202010405","JXLDM":"020201","JXBID":"20242-12659","SKBJ":"公选-12659","TYXMDM":"11","KCH":"10201121072"},{"KKDWDM":"020","XS":32,"BYBZ":"0","JSJC":4,"XXXQDM":"02","KXH":"70","KSJC":3,"XKZRS":37,"SKZC":"000000000011111110000000000000","SKJS":"王爽","ISTK":0,"ZCMC":"11-17周","YPSJDD":"1-9周 星期四 第3节-第4节 南湖南-博学北楼-405,11-17周 星期四 第3节-第4节 南湖南-博学北楼-405","XF":2,"SKXQ":4,"XNXQDM":"2024-2025-2","KCM":"大学英语3","JASDM":"0202010405","JXLDM":"020201","JXBID":"20242-12677","SKBJ":"公选-12677","TYXMDM":"11","KCH":"10201121072"},{"KKDWDM":"020","XS":32,"BYBZ":"0","JSJC":4,"XXXQDM":"02","KXH":"88","KSJC":3,"XKZRS":35,"SKZC":"000000000011111100000000000000","SKJS":"卢潇潇","ISTK":0,"ZCMC":"11-16周","YPSJDD":"1-5周 星期五 第3节-第4节 南湖南-博学北楼-405,17周 星期三 第3节-第4节 南湖南-博学北楼-405,11-16周 星期五 第3节-第4节 南湖南-博学北楼-405,9周 星期日 第3节-第4节 南湖南-博学北楼-405,7-9周 星期五 第3节-第4节 南湖南-博学北楼-405","XF":2,"SKXQ":5,"XNXQDM":"2024-2025-2","KCM":"大学英语3","JASDM":"0202010405","JXLDM":"020201","JXBID":"20242-12711","SKBJ":"公选-12711","TYXMDM":"11","KCH":"10201121072"},{"KKDWDM":"020","XS":32,"BYBZ":"0","JSJC":2,"XXXQDM":"02","KXH":"79","KSJC":1,"XKZRS":36,"SKZC":"000000000011111100000000000000","SKJS":"卢潇潇","ISTK":0,"ZCMC":"11-16周","YPSJDD":"9周 星期日 第1节-第2节 南湖南-博学北楼-405,1-5周 星期五 第1节-第2节 南湖南-博学北楼-405,17周 星期三 第1节-第2节 南湖南-博学北楼-405,7-9周 星期五 第1节-第2节 南湖南-博学北楼-405,11-16周 星期五 第1节-第2节 南湖南-博学北楼-405","XF":2,"SKXQ":5,"XNXQDM":"2024-2025-2","KCM":"大学英语3","JASDM":"0202010405","JXLDM":"020201","JXBID":"20242-12694","SKBJ":"公选-12694","TYXMDM":"11","KCH":"10201121072"},{"KKDWDM":"020","XS":32,"BYBZ":"0","JSJC":4,"XXXQDM":"02","KXH":"16","KSJC":3,"XKZRS":35,"SKZC":"000000000001110000000000000000","SKJS":"王爽","ISTK":0,"ZCMC":"12-14周","YPSJDD":"16-17周 星期一 第3节-第4节 南湖南-博学北楼-405,17周 星期二 第3节-第4节 南湖南-博学北楼-405,12-14周 星期一 第3节-第4节 南湖南-博学北楼-405,1-10周 星期一 第3节-第4节 南湖南-博学北楼-405","XF":2,"SKXQ":1,"XNXQDM":"2024-2025-2","KCM":"大学英语3","JASDM":"0202010405","JXLDM":"020201","JXBID":"20242-12569","SKBJ":"公选-12569","TYXMDM":"11","KCH":"10201121072"},{"KKDWDM":"020","XS":32,"BYBZ":"0","JSJC":2,"XXXQDM":"02","KXH":"07","KSJC":1,"XKZRS":38,"SKZC":"000000000001110000000000000000","SKJS":"王爽","ISTK":0,"ZCMC":"12-14周","YPSJDD":"16-17周 星期一 第1节-第2节 南湖南-博学北楼-405,1-10周 星期一 第1节-第2节 南湖南-博学北楼-405,17周 星期二 第1节-第2节 南湖南-博学北楼-405,12-14周 星期一 第1节-第2节 南湖南-博学北楼-405","XF":2,"SKXQ":1,"XNXQDM":"2024-2025-2","KCM":"大学英语3","JASDM":"0202010405","JXLDM":"020201","JXBID":"20242-12551","SKBJ":"公选-12551","TYXMDM":"11","KCH":"10201121072"},{"KKDWDM":"020","XS":32,"BYBZ":"0","JSJC":2,"XXXQDM":"02","KXH":"07","KSJC":1,"XKZRS":38,"SKZC":"000000000000000110000000000000","SKJS":"王爽","ISTK":0,"ZCMC":"16-17周","YPSJDD":"16-17周 星期一 第1节-第2节 南湖南-博学北楼-405,1-10周 星期一 第1节-第2节 南湖南-博学北楼-405,17周 星期二 第1节-第2节 南湖南-博学北楼-405,12-14周 星期一 第1节-第2节 南湖南-博学北楼-405","XF":2,"SKXQ":1,"XNXQDM":"2024-2025-2","KCM":"大学英语3","JASDM":"0202010405","JXLDM":"020201","JXBID":"20242-12551","SKBJ":"公选-12551","TYXMDM":"11","KCH":"10201121072"},{"KKDWDM":"020","XS":32,"BYBZ":"0","JSJC":4,"XXXQDM":"02","KXH":"16","KSJC":3,"XKZRS":35,"SKZC":"000000000000000110000000000000","SKJS":"王爽","ISTK":0,"ZCMC":"16-17周","YPSJDD":"16-17周 星期一 第3节-第4节 南湖南-博学北楼-405,17周 星期二 第3节-第4节 南湖南-博学北楼-405,12-14周 星期一 第3节-第4节 南湖南-博学北楼-405,1-10周 星期一 第3节-第4节 南湖南-博学北楼-405","XF":2,"SKXQ":1,"XNXQDM":"2024-2025-2","KCM":"大学英语3","JASDM":"0202010405","JXLDM":"020201","JXBID":"20242-12569","SKBJ":"公选-12569","TYXMDM":"11","KCH":"10201121072"},{"KKDWDM":"020","XS":32,"BYBZ":"0","JSJC":4,"XXXQDM":"02","KXH":"16","KSJC":3,"XKZRS":35,"SKZC":"000000000000000010000000000000","SKJS":"王爽","ISTK":0,"ZCMC":"17周","YPSJDD":"16-17周 星期一 第3节-第4节 南湖南-博学北楼-405,17周 星期二 第3节-第4节 南湖南-博学北楼-405,12-14周 星期一 第3节-第4节 南湖南-博学北楼-405,1-10周 星期一 第3节-第4节 南湖南-博学北楼-405","XF":2,"SKXQ":2,"XNXQDM":"2024-2025-2","KCM":"大学英语3","JASDM":"0202010405","JXLDM":"020201","JXBID":"20242-12569","SKBJ":"公选-12569","TYXMDM":"11","KCH":"10201121072"},{"KKDWDM":"020","XS":32,"BYBZ":"0","JSJC":2,"XXXQDM":"02","KXH":"79","KSJC":1,"XKZRS":36,"SKZC":"000000000000000010000000000000","SKJS":"卢潇潇","ISTK":0,"ZCMC":"17周","YPSJDD":"9周 星期日 第1节-第2节 南湖南-博学北楼-405,1-5周 星期五 第1节-第2节 南湖南-博学北楼-405,17周 星期三 第1节-第2节 南湖南-博学北楼-405,7-9周 星期五 第1节-第2节 南湖南-博学北楼-405,11-16周 星期五 第1节-第2节 南湖南-博学北楼-405","XF":2,"SKXQ":3,"XNXQDM":"2024-2025-2","KCM":"大学英语3","JASDM":"0202010405","JXLDM":"020201","JXBID":"20242-12694","SKBJ":"公选-12694","TYXMDM":"11","KCH":"10201121072"},{"KKDWDM":"020","XS":32,"BYBZ":"0","JSJC":4,"XXXQDM":"02","KXH":"88","KSJC":3,"XKZRS":35,"SKZC":"000000000000000010000000000000","SKJS":"卢潇潇","ISTK":0,"ZCMC":"17周","YPSJDD":"1-5周 星期五 第3节-第4节 南湖南-博学北楼-405,17周 星期三 第3节-第4节 南湖南-博学北楼-405,11-16周 星期五 第3节-第4节 南湖南-博学北楼-405,9周 星期日 第3节-第4节 南湖南-博学北楼-405,7-9周 星期五 第3节-第4节 南湖南-博学北楼-405","XF":2,"SKXQ":3,"XNXQDM":"2024-2025-2","KCM":"大学英语3","JASDM":"0202010405","JXLDM":"020201","JXBID":"20242-12711","SKBJ":"公选-12711","TYXMDM":"11","KCH":"10201121072"},{"KKDWDM":"020","XS":32,"BYBZ":"0","JSJC":2,"XXXQDM":"02","KXH":"07","KSJC":1,"XKZRS":38,"SKZC":"000000000000000010000000000000","SKJS":"王爽","ISTK":0,"ZCMC":"17周","YPSJDD":"16-17周 星期一 第1节-第2节 南湖南-博学北楼-405,1-10周 星期一 第1节-第2节 南湖南-博学北楼-405,17周 星期二 第1节-第2节 南湖南-博学北楼-405,12-14周 星期一 第1节-第2节 南湖南-博学北楼-405","XF":2,"SKXQ":2,"XNXQDM":"2024-2025-2","KCM":"大学英语3","JASDM":"0202010405","JXLDM":"020201","JXBID":"20242-12551","SKBJ":"公选-12551","TYXMDM":"11","KCH":"10201121072"}]}},"code":"0"}