{"datas":{"jaskcb":{"extParams":{"code":1,"msg":"查询成功"},"pageSize":0,"pageNumber":0,"totalSize":-1,"rows":[{"KKDWDM":null,"XS":null,"BYBZ":"3","JSJC":4,"XXXQDM":null,"KXH":null,"KSJC":3,"XKZRS":null,"SKZC":"111111111111111110000000000000","SKJS":null,"ISTK":0,"ZCMC":"1-17周","YPSJDD":null,"XF":null,"SKXQ":2,"XNXQDM":"2024-2025-2","KCM":"雅思写作","JASDM":"0202030403","JXLDM":null,"JXBID":null,"SKBJ":"F2401","TYXMDM":null,"KCH":"20241124020"},{"KKDWDM":null,"XS":null,"BYBZ":"3","JSJC":7,"XXXQDM":null,"KXH":null,"KSJC":6,"XKZRS":null,"SKZC":"111111111111111110000000000000","SKJS":null,"ISTK":0,"ZCMC":"1-17周","YPSJDD":null,"XF":null,"SKXQ":4,"XNXQDM":"2024-2025-2","KCM":"雅思写作","JASDM":"0202030403","JXLDM":null,"JXBID":null,"SKBJ":"F2401","TYXMDM":null,"KCH":"20241124020"},{"KKDWDM":null,"XS":null,"BYBZ":"3","JSJC":10,"XXXQDM":null,"KXH":null,"KSJC":9,"XKZRS":null,"SKZC":"111111111111111110000000000000","SKJS":null,"ISTK":0,"ZCMC":"1-17周","YPSJDD":null,"XF":null,"SKXQ":5,"XNXQDM":"2024-2025-2","KCM":"雅思写作","JASDM":"0202030403","JXLDM":null,"JXBID":null,"SKBJ":"F2401","TYXMDM":null,"KCH":"20241124020"},{"KKDWDM":null,"XS":null,"BYBZ":"3","JSJC":2,"XXXQDM":null,"KXH":null,"KSJC":1,"XKZRS":null,"SKZC":"111111111111111110000000000000","SKJS":null,"ISTK":0,"ZCMC":"1-17周","YPSJDD":null,"XF":null,"SKXQ":5,"XNXQDM":"2024-2025-2","KCM":"雅思写作","JASDM":"0202030403","JXLDM":null,"JXBID":null,"SKBJ":"HRM2403","TYXMDM":null,"KCH":"20241124020"},{"KKDWDM":null,"XS":null,"BYBZ":"3","JSJC":4,"XXXQDM":null,"KXH":null,"KSJC":3,"XKZRS":null,"SKZC":"111111111111111110000000000000","SKJS":null,"ISTK":0,"ZCMC":"1-17周","YPSJDD":null,"XF":null,"SKXQ":1,"XNXQDM":"2024-2025-2","KCM":"雅思口语","JASDM":"0202030403","JXLDM":null,"JXBID":null,"SKBJ":"F2401","TYXMDM":null,"KCH":"20241124021"},{"KKDWDM":null,"XS":null,"BYBZ":"3","JSJC":7,"XXXQDM":null,"KXH":null,"KSJC":6,"XKZRS":null,"SKZC":"111111111111111110000000000000","SKJS":null,"ISTK":0,"ZCMC":"1-17周","YPSJDD":null,"XF":null,"SKXQ":3,"XNXQDM":"2024-2025-2","KCM":"雅思口语","JASDM":"0202030403","JXLDM":null,"JXBID":null,"SKBJ":"F2401","TYXMDM":null,"KCH":"20241124021"},{"KKDWDM":null,"XS":null,"BYBZ":"3","JSJC":7,"XXXQDM":null,"KXH":null,"KSJC":6,"XKZRS":null,"SKZC":"111111111111111110000000000000","SKJS":null,"ISTK":0,"ZCMC":"1-17周","YPSJDD":null,"XF":null,"SKXQ":5,"XNXQDM":"2024-2025-2","KCM":"雅思口语","JASDM":"0202030403","JXLDM":null,"JXBID":null,"SKBJ":"F2401","TYXMDM":null,"KCH":"20241124021"},{"KKDWDM":null,"XS":null,"BYBZ":"3","JSJC":8,"XXXQDM":null,"KXH":null,"KSJC":6,"XKZRS":null,"SKZC":"111111111111111110000000000000","SKJS":null,"ISTK":0,"ZCMC":"1-17周","YPSJDD":null,"XF":null,"SKXQ":2,"XNXQDM":"2024-2025-2","KCM":"雅思口语","JASDM":"0202030403","JXLDM":null,"JXBID":null,"SKBJ":"HRM2402","TYXMDM":null,"KCH":"20241124021"},{"KKDWDM":null,"XS":null,"BYBZ":"3","JSJC":10,"XXXQDM":null,"KXH":null,"KSJC":9,"XKZRS":null,"SKZC":"111111111111111110000000000000","SKJS":null,"ISTK":0,"ZCMC":"1-17周","YPSJDD":null,"XF":null,"SKXQ":1,"XNXQDM":"2024-2025-2","KCM":"雅思口语","JASDM":"0202030403","JXLDM":null,"JXBID":null,"SKBJ":"HRM2403","TYXMDM":null,"KCH":"20241124021"},{"KKDWDM":null,"XS":null,"BYBZ":"3","JSJC":10,"XXXQDM":null,"KXH":null,"KSJC":9,"XKZRS":null,"SKZC":"111111111111111110000000000000","SKJS":null,"ISTK":0,"ZCMC":"1-17周","YPSJDD":null,"XF":null,"SKXQ":3,"XNXQDM":"2024-2025-2","KCM":"雅思听力","JASDM":"0202030403","JXLDM":null,"JXBID":null,"SKBJ":"F2401","TYXMDM":null,"KCH":"20241124022"},{"KKDWDM":null,"XS":null,"BYBZ":"3","JSJC":2,"XXXQDM":null,"KXH":null,"KSJC":1,"XKZRS":null,"SKZC":"111111111111111110000000000000","SKJS":null,"ISTK":0,"ZCMC":"1-17周","YPSJDD":null,"XF":null,"SKXQ":4,"XNXQDM":"2024-2025-2","KCM":"雅思听力","JASDM":"0202030403","JXLDM":null,"JXBID":null,"SKBJ":"HRM2402","TYXMDM":null,"KCH":"20241124022"},{"KKDWDM":null,"XS":null,"BYBZ":"3","JSJC":4,"XXXQDM":null,"KXH":null,"KSJC":3,"XKZRS":null,"SKZC":"111111111111111110000000000000","SKJS":null,"ISTK":0,"ZCMC":"1-17周","YPSJDD":null,"XF":null,"SKXQ":5,"XNXQDM":"2024-2025-2","KCM":"雅思听力","JASDM":"0202030403","JXLDM":null,"JXBID":null,"SKBJ":"HRM2403","TYXMDM":null,"KCH":"20241124022"},{"KKDWDM":null,"XS":null,"BYBZ":"3","JSJC":2,"XXXQDM":null,"KXH":null,"KSJC":1,"XKZRS":null,"SKZC":"111111111111111110000000000000","SKJS":null,"ISTK":0,"ZCMC":"1-17周","YPSJDD":null,"XF":null,"SKXQ":2,"XNXQDM":"2024-2025-2","KCM":"雅思阅读","JASDM":"0202030403","JXLDM":null,"JXBID":null,"SKBJ":"F2401","TYXMDM":null,"KCH":"20241124025"},{"KKDWDM":null,"XS":null,"BYBZ":"3","JSJC":10,"XXXQDM":null,"KXH":null,"KSJC":9,"XKZRS":null,"SKZC":"111111111111111110000000000000","SKJS":null,"ISTK":0,"ZCMC":"1-17周","YPSJDD":null,"XF":null,"SKXQ":2,"XNXQDM":"2024-2025-2","KCM":"雅思阅读","JASDM":"0202030403","JXLDM":null,"JXBID":null,"SKBJ":"HRM2402","TYXMDM":null,"KCH":"20241124025"},{"KKDWDM":null,"XS":null,"BYBZ":"3","JSJC":4,"XXXQDM":null,"KXH":null,"KSJC":3,"XKZRS":null,"SKZC":"111111111111111110000000000000","SKJS":null,"ISTK":0,"ZCMC":"1-17周","YPSJDD":null,"XF":null,"SKXQ":4,"XNXQDM":"2024-2025-2","KCM":"雅思阅读","JASDM":"0202030403","JXLDM":null,"JXBID":null,"SKBJ":"HRM2402","TYXMDM":null,"KCH":"20241124025"},{"KKDWDM":null,"XS":null,"BYBZ":"3","JSJC":8,"XXXQDM":null,"KXH":null,"KSJC":6,"XKZRS":null,"SKZC":"111111111111111110000000000000","SKJS":null,"ISTK":0,"ZCMC":"1-17周","YPSJDD":null,"XF":null,"SKXQ":1,"XNXQDM":"2024-2025-2","KCM":"雅思阅读","JASDM":"0202030403","JXLDM":null,"JXBID":null,"SKBJ":"HRM2403","TYXMDM":null,"KCH":"20241124025"},{"KKDWDM":null,"XS":null,"BYBZ":"3","JSJC":2,"XXXQDM":null,"KXH":null,"KSJC":1,"XKZRS":null,"SKZC":"000000000111111110000000000000","SKJS":"刘欢","ISTK":0,"ZCMC":"10-17周","YPSJDD":null,"XF":null,"SKXQ":1,"XNXQDM":"2024-2025-2","KCM":"基础经济学","JASDM":"0202030403","JXLDM":null,"JXBID":null,"SKBJ":"F2401","TYXMDM":null,"KCH":"20243124011"},{"KKDWDM":null,"XS":null,"BYBZ":"3","JSJC":4,"XXXQDM":null,"KXH":null,"KSJC":3,"XKZRS":null,"SKZC":"000000000111111110000000000000","SKJS":"汪文静","ISTK":0,"ZCMC":"10-17周","YPSJDD":null,"XF":null,"SKXQ":3,"XNXQDM":"2024-2025-2","KCM":"管理学原理","JASDM":"0202030403","JXLDM":null,"JXBID":null,"SKBJ":"GTB2401","TYXMDM":null,"KCH":"20243124012"}]}},"code":"0"}