{"datas":{"jaskcb":{"extParams":{"code":1,"msg":"查询成功"},"pageSize":0,"pageNumber":0,"totalSize":-1,"rows":[{"KKDWDM":"072","XS":48,"BYBZ":"0","JSJC":8,"XXXQDM":"02","KXH":"01","KSJC":6,"XKZRS":29,"SKZC":"111111111111111100000000000000","SKJS":"李文珂,罗雯","ISTK":0,"ZCMC":"1-16周","YPSJDD":"1-16周 星期二 第6节-第8节 南湖南-博学北楼-103","XF":3,"SKXQ":2,"XNXQDM":"2024-2025-2","KCM":"原子物理学B","JASDM":"0202010103","JXLDM":"020201","JXBID":"20242-04967","SKBJ":"物理JD2301","TYXMDM":null,"KCH":"10154115004"},{"KKDWDM":"020","XS":48,"BYBZ":"0","JSJC":5,"XXXQDM":"02","KXH":"05","KSJC":3,"XKZRS":33,"SKZC":"1111111111111111","SKJS":"万孜","ISTK":0,"ZCMC":"1-16周","YPSJDD":"1-16周 星期三 第3节-第5节 南湖南-博学北楼-103","XF":3,"SKXQ":3,"XNXQDM":"2024-2025-2","KCM":"高级英语2","JASDM":"0202010103","JXLDM":"020201","JXBID":"20242-06448","SKBJ":"金融gj2403","TYXMDM":null,"KCH":"10201121070"},{"KKDWDM":"009","XS":40,"BYBZ":"0","JSJC":5,"XXXQDM":"02","KXH":"01","KSJC":3,"XKZRS":39,"SKZC":"111111111111000000000000","SKJS":"夏元友,芮瑞","ISTK":0,"ZCMC":"1-12周","YPSJDD":"13-14周 星期二 第3节-第4节 南湖南-博学北楼-103,1-12周 星期二 第3节-第5节 南湖南-博学北楼-103","XF":2,"SKXQ":2,"XNXQDM":"2024-2025-2","KCM":"土力学B","JASDM":"0202010103","JXLDM":"020201","JXBID":"20242-05507","SKBJ":"岩土jd2301","TYXMDM":null,"KCH":"10174111013"},{"KKDWDM":"998","XS":32,"BYBZ":"0","JSJC":13,"XXXQDM":"02","KXH":"01","KSJC":11,"XKZRS":35,"SKZC":"111111111100000000000000","SKJS":"张金梅","ISTK":0,"ZCMC":"1-10周","YPSJDD":"12周 星期一 第11节-第12节 南湖南-博学北楼-103,1-10周 星期一 第11节-第13节 南湖南-博学北楼-103","XF":2,"SKXQ":1,"XNXQDM":"2024-2025-2","KCM":"中国生活美学(GX)","JASDM":"0202010103","JXLDM":"020201","JXBID":"20242-09191","SKBJ":"公选-09191","TYXMDM":null,"KCH":"19982121007"},{"KKDWDM":"999","XS":32,"BYBZ":"0","JSJC":13,"XXXQDM":"02","KXH":"01","KSJC":11,"XKZRS":37,"SKZC":"111111111100000000000000","SKJS":"赵浩斌","ISTK":0,"ZCMC":"1-10周","YPSJDD":"11周 星期二 第11节-第12节 南湖南-博学北楼-103,1-10周 星期二 第11节-第13节 南湖南-博学北楼-103","XF":2,"SKXQ":2,"XNXQDM":"2024-2025-2","KCM":"生殖健康导论(GX)","JASDM":"0202010103","JXLDM":"020201","JXBID":"20242-09229","SKBJ":"公选-09229","TYXMDM":null,"KCH":"19992121048"},{"KKDWDM":"003","XS":32,"BYBZ":"0","JSJC":8,"XXXQDM":"02","KXH":"01","KSJC":6,"XKZRS":25,"SKZC":"111111111100000000000000","SKJS":"刘丹,邢伟宏","ISTK":0,"ZCMC":"1-10周","YPSJDD":"12周 星期一 第6节-第7节 南湖南-博学北楼-103,1-10周 星期一 第6节-第8节 南湖南-博学北楼-103","XF":2,"SKXQ":1,"XNXQDM":"2024-2025-2","KCM":"材料概论","JASDM":"0202010103","JXLDM":"020201","JXBID":"20242-10097","SKBJ":"材科珠峰2401","TYXMDM":null,"KCH":"10105111044"},{"KKDWDM":"012","XS":48,"BYBZ":"0","JSJC":2,"XXXQDM":"02","KXH":"01","KSJC":1,"XKZRS":35,"SKZC":"111111110000000000000000000000","SKJS":"杨朝阳","ISTK":0,"ZCMC":"1-8周","YPSJDD":"1-5周 星期五 第6节-第8节 南湖南-博学北楼-103,9周 星期日 第6节-第8节 南湖南-博学北楼-103,1-8周 星期三 第1节-第2节 南湖南-博学北楼-103,7-8周 星期五 第6节-第8节 南湖南-博学北楼-103","XF":3,"SKXQ":3,"XNXQDM":"2024-2025-2","KCM":"新媒体信息系统分析与设计","JASDM":"0202010103","JXLDM":"020201","JXBID":"20242-02708","SKBJ":"软件sy2201","TYXMDM":null,"KCH":"10124114043"},{"KKDWDM":"009","XS":16,"BYBZ":"0","JSJC":12,"XXXQDM":"02","KXH":"01","KSJC":11,"XKZRS":32,"SKZC":"111111110000000000000000","SKJS":"席瑞杰","ISTK":0,"ZCMC":"1-8周","YPSJDD":"1-8周 星期四 第11节-第12节 南湖南-博学北楼-103","XF":1,"SKXQ":4,"XNXQDM":"2024-2025-2","KCM":"UWB定位技术及智能建造应用(GX)","JASDM":"0202010103","JXLDM":"020201","JXBID":"20242-07616","SKBJ":"公选-07616","TYXMDM":null,"KCH":"10092124201"},{"KKDWDM":"008","XS":40,"BYBZ":"0","JSJC":5,"XXXQDM":"02","KXH":"01","KSJC":3,"XKZRS":40,"SKZC":"111111110000000000000000","SKJS":"牟新刚","ISTK":0,"ZCMC":"1-8周","YPSJDD":"9-10周 星期一 第3节-第4节 南湖南-博学北楼-103,1-8周 星期一 第3节-第5节 南湖南-博学北楼-103","XF":2,"SKXQ":1,"XNXQDM":"2024-2025-2","KCM":"现代仪器设计","JASDM":"0202010103","JXLDM":"020201","JXBID":"20242-03606","SKBJ":"测控2203","TYXMDM":null,"KCH":"10085121031"},{"KKDWDM":"017","XS":32,"BYBZ":"0","JSJC":10,"XXXQDM":"02","KXH":"01","KSJC":9,"XKZRS":40,"SKZC":"11111111000000000000","SKJS":"宋华","ISTK":0,"ZCMC":"1-8周","YPSJDD":"1-8周 星期二 第9节-第10节 南湖南-博学北楼-103","XF":2,"SKXQ":2,"XNXQDM":"2024-2025-2","KCM":"数据库原理与应用","JASDM":"0202010103","JXLDM":"020201","JXBID":"20242-05151","SKBJ":"财务2301","TYXMDM":null,"KCH":"10175121079"},{"KKDWDM":"016","XS":16,"BYBZ":"0","JSJC":2,"XXXQDM":"02","KXH":"01","KSJC":1,"XKZRS":25,"SKZC":"111110000000000000000000000000","SKJS":"李俊升,沈雷","ISTK":0,"ZCMC":"1-5周","YPSJDD":"9周 星期日 第1节-第2节 南湖南-博学北楼-103,7-8周 星期五 第1节-第2节 南湖南-博学北楼-103,1-5周 星期五 第1节-第2节 南湖南-博学北楼-103","XF":1,"SKXQ":5,"XNXQDM":"2024-2025-2","KCM":"应用化学专业导论","JASDM":"0202010103","JXLDM":"020201","JXBID":"20242-06553","SKBJ":"应化jd2401","TYXMDM":null,"KCH":"10164112049"},{"KKDWDM":"012","XS":48,"BYBZ":"0","JSJC":8,"XXXQDM":"02","KXH":"01","KSJC":6,"XKZRS":35,"SKZC":"111110000000000000000000000000","SKJS":"杨朝阳","ISTK":0,"ZCMC":"1-5周","YPSJDD":"1-5周 星期五 第6节-第8节 南湖南-博学北楼-103,9周 星期日 第6节-第8节 南湖南-博学北楼-103,1-8周 星期三 第1节-第2节 南湖南-博学北楼-103,7-8周 星期五 第6节-第8节 南湖南-博学北楼-103","XF":3,"SKXQ":5,"XNXQDM":"2024-2025-2","KCM":"新媒体信息系统分析与设计","JASDM":"0202010103","JXLDM":"020201","JXBID":"20242-02708","SKBJ":"软件sy2201","TYXMDM":null,"KCH":"10124114043"},{"KKDWDM":"008","XS":56,"BYBZ":"0","JSJC":4,"XXXQDM":"02","KXH":"01","KSJC":3,"XKZRS":35,"SKZC":"111110000000000000000000000000","SKJS":"吴超华","ISTK":0,"ZCMC":"1-5周","YPSJDD":"11-13周 星期五 第3节-第4节 南湖南-博学北楼-103,9周 星期日 第3节-第4节 南湖南-博学北楼-103,1-13周 星期三 第1节-第2节 南湖南-博学北楼-105,7-9周 星期五 第3节-第4节 南湖南-博学北楼-103,1-5周 星期五 第3节-第4节 南湖南-博学北楼-103","XF":3,"SKXQ":5,"XNXQDM":"2024-2025-2","KCM":"材料成形技术基础","JASDM":"0202010103","JXLDM":"020201","JXBID":"20242-06034","SKBJ":"智能制造zs2401","TYXMDM":null,"KCH":"10084121062"},{"KKDWDM":"072","XS":32,"BYBZ":"0","JSJC":2,"XXXQDM":"02","KXH":"01","KSJC":1,"XKZRS":17,"SKZC":"111101111000000000000000000000","SKJS":"李旭","ISTK":0,"ZCMC":"1-4周,6-9周","YPSJDD":"11-17周 星期四 第1节-第2节 南湖南-博学北楼-103,6周 星期一 第9节-第10节 南湖南-博学北楼-103,1-4周,6-9周 星期四 第1节-第2节 南湖南-博学北楼-103","XF":2,"SKXQ":4,"XNXQDM":"2024-2025-2","KCM":"数理建模","JASDM":"0202010103","JXLDM":"020201","JXBID":"20242-05047","SKBJ":"工力JD2301","TYXMDM":null,"KCH":"10156124706"},{"KKDWDM":"020","XS":48,"BYBZ":"0","JSJC":8,"XXXQDM":"02","KXH":"01","KSJC":6,"XKZRS":35,"SKZC":"001111111111111100000000000000","SKJS":"万孜","ISTK":0,"ZCMC":"3-16周","YPSJDD":"1-2周 星期三 第6节-第8节 南湖南-博学北楼-102,3-16周 星期三 第6节-第8节 南湖南-博学北楼-103","XF":3,"SKXQ":3,"XNXQDM":"2024-2025-2","KCM":"高级英语2","JASDM":"0202010103","JXLDM":"020201","JXBID":"20242-06072","SKBJ":"车辆gcgj2401","TYXMDM":null,"KCH":"10201121070"},{"KKDWDM":"072","XS":32,"BYBZ":"0","JSJC":10,"XXXQDM":"02","KXH":"01","KSJC":9,"XKZRS":17,"SKZC":"000001000000000000000000000000","SKJS":"李旭","ISTK":0,"ZCMC":"6周","YPSJDD":"11-17周 星期四 第1节-第2节 南湖南-博学北楼-103,6周 星期一 第9节-第10节 南湖南-博学北楼-103,1-4周,6-9周 星期四 第1节-第2节 南湖南-博学北楼-103","XF":2,"SKXQ":1,"XNXQDM":"2024-2025-2","KCM":"数理建模","JASDM":"0202010103","JXLDM":"020201","JXBID":"20242-05047","SKBJ":"工力JD2301","TYXMDM":null,"KCH":"10156124706"},{"KKDWDM":"008","XS":56,"BYBZ":"0","JSJC":4,"XXXQDM":"02","KXH":"01","KSJC":3,"XKZRS":35,"SKZC":"000000111000000000000000000000","SKJS":"吴超华","ISTK":0,"ZCMC":"7-9周","YPSJDD":"11-13周 星期五 第3节-第4节 南湖南-博学北楼-103,9周 星期日 第3节-第4节 南湖南-博学北楼-103,1-13周 星期三 第1节-第2节 南湖南-博学北楼-105,7-9周 星期五 第3节-第4节 南湖南-博学北楼-103,1-5周 星期五 第3节-第4节 南湖南-博学北楼-103","XF":3,"SKXQ":5,"XNXQDM":"2024-2025-2","KCM":"材料成形技术基础","JASDM":"0202010103","JXLDM":"020201","JXBID":"20242-06034","SKBJ":"智能制造zs2401","TYXMDM":null,"KCH":"10084121062"},{"KKDWDM":"016","XS":16,"BYBZ":"0","JSJC":2,"XXXQDM":"02","KXH":"01","KSJC":1,"XKZRS":25,"SKZC":"000000110000000000000000000000","SKJS":"李俊升,沈雷","ISTK":0,"ZCMC":"7-8周","YPSJDD":"9周 星期日 第1节-第2节 南湖南-博学北楼-103,7-8周 星期五 第1节-第2节 南湖南-博学北楼-103,1-5周 星期五 第1节-第2节 南湖南-博学北楼-103","XF":1,"SKXQ":5,"XNXQDM":"2024-2025-2","KCM":"应用化学专业导论","JASDM":"0202010103","JXLDM":"020201","JXBID":"20242-06553","SKBJ":"应化jd2401","TYXMDM":null,"KCH":"10164112049"},{"KKDWDM":"012","XS":48,"BYBZ":"0","JSJC":8,"XXXQDM":"02","KXH":"01","KSJC":6,"XKZRS":35,"SKZC":"000000110000000000000000000000","SKJS":"杨朝阳","ISTK":0,"ZCMC":"7-8周","YPSJDD":"1-5周 星期五 第6节-第8节 南湖南-博学北楼-103,9周 星期日 第6节-第8节 南湖南-博学北楼-103,1-8周 星期三 第1节-第2节 南湖南-博学北楼-103,7-8周 星期五 第6节-第8节 南湖南-博学北楼-103","XF":3,"SKXQ":5,"XNXQDM":"2024-2025-2","KCM":"新媒体信息系统分析与设计","JASDM":"0202010103","JXLDM":"020201","JXBID":"20242-02708","SKBJ":"软件sy2201","TYXMDM":null,"KCH":"10124114043"},{"KKDWDM":"008","XS":40,"BYBZ":"0","JSJC":4,"XXXQDM":"02","KXH":"01","KSJC":3,"XKZRS":40,"SKZC":"000000001100000000000000","SKJS":"牟新刚","ISTK":0,"ZCMC":"9-10周","YPSJDD":"9-10周 星期一 第3节-第4节 南湖南-博学北楼-103,1-8周 星期一 第3节-第5节 南湖南-博学北楼-103","XF":2,"SKXQ":1,"XNXQDM":"2024-2025-2","KCM":"现代仪器设计","JASDM":"0202010103","JXLDM":"020201","JXBID":"20242-03606","SKBJ":"测控2203","TYXMDM":null,"KCH":"10085121031"},{"KKDWDM":"016","XS":16,"BYBZ":"0","JSJC":2,"XXXQDM":"02","KXH":"01","KSJC":1,"XKZRS":25,"SKZC":"000000001000000000000000000000","SKJS":"李俊升,沈雷","ISTK":0,"ZCMC":"9周","YPSJDD":"9周 星期日 第1节-第2节 南湖南-博学北楼-103,7-8周 星期五 第1节-第2节 南湖南-博学北楼-103,1-5周 星期五 第1节-第2节 南湖南-博学北楼-103","XF":1,"SKXQ":7,"XNXQDM":"2024-2025-2","KCM":"应用化学专业导论","JASDM":"0202010103","JXLDM":"020201","JXBID":"20242-06553","SKBJ":"应化jd2401","TYXMDM":null,"KCH":"10164112049"},{"KKDWDM":"009","XS":32,"BYBZ":"0","JSJC":13,"XXXQDM":"02","KXH":"01","KSJC":11,"XKZRS":38,"SKZC":"000000001000000000000000000000","SKJS":"周军莉","ISTK":0,"ZCMC":"9周","YPSJDD":"11-16周 星期四 第11节-第13节 南湖南-博学北楼-103,9周 星期四 第11节-第13节 南湖南-博学北楼-103,17周 星期三 第11节-第13节 南湖南-博学北楼-103","XF":2,"SKXQ":4,"XNXQDM":"2024-2025-2","KCM":"我们的零碳校园(JD)","JASDM":"0202010103","JXLDM":"020201","JXBID":"20242-07608","SKBJ":"公选-07608","TYXMDM":null,"KCH":"10096121193"},{"KKDWDM":"012","XS":48,"BYBZ":"0","JSJC":8,"XXXQDM":"02","KXH":"01","KSJC":6,"XKZRS":35,"SKZC":"000000001000000000000000000000","SKJS":"杨朝阳","ISTK":0,"ZCMC":"9周","YPSJDD":"1-5周 星期五 第6节-第8节 南湖南-博学北楼-103,9周 星期日 第6节-第8节 南湖南-博学北楼-103,1-8周 星期三 第1节-第2节 南湖南-博学北楼-103,7-8周 星期五 第6节-第8节 南湖南-博学北楼-103","XF":3,"SKXQ":7,"XNXQDM":"2024-2025-2","KCM":"新媒体信息系统分析与设计","JASDM":"0202010103","JXLDM":"020201","JXBID":"20242-02708","SKBJ":"软件sy2201","TYXMDM":null,"KCH":"10124114043"},{"KKDWDM":"008","XS":56,"BYBZ":"0","JSJC":4,"XXXQDM":"02","KXH":"01","KSJC":3,"XKZRS":35,"SKZC":"000000001000000000000000000000","SKJS":"吴超华","ISTK":0,"ZCMC":"9周","YPSJDD":"11-13周 星期五 第3节-第4节 南湖南-博学北楼-103,9周 星期日 第3节-第4节 南湖南-博学北楼-103,1-13周 星期三 第1节-第2节 南湖南-博学北楼-105,7-9周 星期五 第3节-第4节 南湖南-博学北楼-103,1-5周 星期五 第3节-第4节 南湖南-博学北楼-103","XF":3,"SKXQ":7,"XNXQDM":"2024-2025-2","KCM":"材料成形技术基础","JASDM":"0202010103","JXLDM":"020201","JXBID":"20242-06034","SKBJ":"智能制造zs2401","TYXMDM":null,"KCH":"10084121062"},{"KKDWDM":"007","XS":24,"BYBZ":"0","JSJC":8,"XXXQDM":"02","KXH":"02","KSJC":6,"XKZRS":36,"SKZC":"000000001000000000000000000000","SKJS":"段芳芳","ISTK":0,"ZCMC":"9周","YPSJDD":"17周 星期三 第6节-第8节 南湖南-博学北楼-103,9周 星期五 第6节-第8节 南湖南-博学北楼-103,11-16周 星期五 第6节-第8节 南湖南-博学北楼-103","XF":1,"SKXQ":5,"XNXQDM":"2024-2025-2","KCM":"工程材料学2","JASDM":"0202010103","JXLDM":"020201","JXBID":"20242-05144","SKBJ":"车辆gcgj2301","TYXMDM":null,"KCH":"10075121007"},{"KKDWDM":"072","XS":32,"BYBZ":"0","JSJC":2,"XXXQDM":"02","KXH":"01","KSJC":1,"XKZRS":17,"SKZC":"000000000011111110000000000000","SKJS":"李旭","ISTK":0,"ZCMC":"11-17周","YPSJDD":"11-17周 星期四 第1节-第2节 南湖南-博学北楼-103,6周 星期一 第9节-第10节 南湖南-博学北楼-103,1-4周,6-9周 星期四 第1节-第2节 南湖南-博学北楼-103","XF":2,"SKXQ":4,"XNXQDM":"2024-2025-2","KCM":"数理建模","JASDM":"0202010103","JXLDM":"020201","JXBID":"20242-05047","SKBJ":"工力JD2301","TYXMDM":null,"KCH":"10156124706"},{"KKDWDM":"007","XS":24,"BYBZ":"0","JSJC":8,"XXXQDM":"02","KXH":"02","KSJC":6,"XKZRS":36,"SKZC":"000000000011111100000000000000","SKJS":"段芳芳","ISTK":0,"ZCMC":"11-16周","YPSJDD":"17周 星期三 第6节-第8节 南湖南-博学北楼-103,9周 星期五 第6节-第8节 南湖南-博学北楼-103,11-16周 星期五 第6节-第8节 南湖南-博学北楼-103","XF":1,"SKXQ":5,"XNXQDM":"2024-2025-2","KCM":"工程材料学2","JASDM":"0202010103","JXLDM":"020201","JXBID":"20242-05144","SKBJ":"车辆gcgj2301","TYXMDM":null,"KCH":"10075121007"},{"KKDWDM":"009","XS":32,"BYBZ":"0","JSJC":13,"XXXQDM":"02","KXH":"01","KSJC":11,"XKZRS":38,"SKZC":"000000000011111100000000000000","SKJS":"周军莉","ISTK":0,"ZCMC":"11-16周","YPSJDD":"11-16周 星期四 第11节-第13节 南湖南-博学北楼-103,9周 星期四 第11节-第13节 南湖南-博学北楼-103,17周 星期三 第11节-第13节 南湖南-博学北楼-103","XF":2,"SKXQ":4,"XNXQDM":"2024-2025-2","KCM":"我们的零碳校园(JD)","JASDM":"0202010103","JXLDM":"020201","JXBID":"20242-07608","SKBJ":"公选-07608","TYXMDM":null,"KCH":"10096121193"},{"KKDWDM":"008","XS":56,"BYBZ":"0","JSJC":4,"XXXQDM":"02","KXH":"01","KSJC":3,"XKZRS":35,"SKZC":"000000000011100000000000000000","SKJS":"吴超华","ISTK":0,"ZCMC":"11-13周","YPSJDD":"11-13周 星期五 第3节-第4节 南湖南-博学北楼-103,9周 星期日 第3节-第4节 南湖南-博学北楼-103,1-13周 星期三 第1节-第2节 南湖南-博学北楼-105,7-9周 星期五 第3节-第4节 南湖南-博学北楼-103,1-5周 星期五 第3节-第4节 南湖南-博学北楼-103","XF":3,"SKXQ":5,"XNXQDM":"2024-2025-2","KCM":"材料成形技术基础","JASDM":"0202010103","JXLDM":"020201","JXBID":"20242-06034","SKBJ":"智能制造zs2401","TYXMDM":null,"KCH":"10084121062"},{"KKDWDM":"999","XS":32,"BYBZ":"0","JSJC":12,"XXXQDM":"02","KXH":"01","KSJC":11,"XKZRS":37,"SKZC":"000000000010000000000000","SKJS":"赵浩斌","ISTK":0,"ZCMC":"11周","YPSJDD":"11周 星期二 第11节-第12节 南湖南-博学北楼-103,1-10周 星期二 第11节-第13节 南湖南-博学北楼-103","XF":2,"SKXQ":2,"XNXQDM":"2024-2025-2","KCM":"生殖健康导论(GX)","JASDM":"0202010103","JXLDM":"020201","JXBID":"20242-09229","SKBJ":"公选-09229","TYXMDM":null,"KCH":"19992121048"},{"KKDWDM":"998","XS":32,"BYBZ":"0","JSJC":12,"XXXQDM":"02","KXH":"01","KSJC":11,"XKZRS":35,"SKZC":"000000000001000000000000","SKJS":"张金梅","ISTK":0,"ZCMC":"12周","YPSJDD":"12周 星期一 第11节-第12节 南湖南-博学北楼-103,1-10周 星期一 第11节-第13节 南湖南-博学北楼-103","XF":2,"SKXQ":1,"XNXQDM":"2024-2025-2","KCM":"中国生活美学(GX)","JASDM":"0202010103","JXLDM":"020201","JXBID":"20242-09191","SKBJ":"公选-09191","TYXMDM":null,"KCH":"19982121007"},{"KKDWDM":"003","XS":32,"BYBZ":"0","JSJC":7,"XXXQDM":"02","KXH":"01","KSJC":6,"XKZRS":25,"SKZC":"000000000001000000000000","SKJS":"刘丹,邢伟宏","ISTK":0,"ZCMC":"12周","YPSJDD":"12周 星期一 第6节-第7节 南湖南-博学北楼-103,1-10周 星期一 第6节-第8节 南湖南-博学北楼-103","XF":2,"SKXQ":1,"XNXQDM":"2024-2025-2","KCM":"材料概论","JASDM":"0202010103","JXLDM":"020201","JXBID":"20242-10097","SKBJ":"材科珠峰2401","TYXMDM":null,"KCH":"10105111044"},{"KKDWDM":"009","XS":40,"BYBZ":"0","JSJC":4,"XXXQDM":"02","KXH":"01","KSJC":3,"XKZRS":39,"SKZC":"000000000000110000000000","SKJS":"夏元友,芮瑞","ISTK":0,"ZCMC":"13-14周","YPSJDD":"13-14周 星期二 第3节-第4节 南湖南-博学北楼-103,1-12周 星期二 第3节-第5节 南湖南-博学北楼-103","XF":2,"SKXQ":2,"XNXQDM":"2024-2025-2","KCM":"土力学B","JASDM":"0202010103","JXLDM":"020201","JXBID":"20242-05507","SKBJ":"岩土jd2301","TYXMDM":null,"KCH":"10174111013"},{"KKDWDM":"009","XS":32,"BYBZ":"0","JSJC":13,"XXXQDM":"02","KXH":"01","KSJC":11,"XKZRS":38,"SKZC":"000000000000000010000000000000","SKJS":"周军莉","ISTK":0,"ZCMC":"17周","YPSJDD":"11-16周 星期四 第11节-第13节 南湖南-博学北楼-103,9周 星期四 第11节-第13节 南湖南-博学北楼-103,17周 星期三 第11节-第13节 南湖南-博学北楼-103","XF":2,"SKXQ":3,"XNXQDM":"2024-2025-2","KCM":"我们的零碳校园(JD)","JASDM":"0202010103","JXLDM":"020201","JXBID":"20242-07608","SKBJ":"公选-07608","TYXMDM":null,"KCH":"10096121193"},{"KKDWDM":"007","XS":24,"BYBZ":"0","JSJC":8,"XXXQDM":"02","KXH":"02","KSJC":6,"XKZRS":36,"SKZC":"000000000000000010000000000000","SKJS":"段芳芳","ISTK":0,"ZCMC":"17周","YPSJDD":"17周 星期三 第6节-第8节 南湖南-博学北楼-103,9周 星期五 第6节-第8节 南湖南-博学北楼-103,11-16周 星期五 第6节-第8节 南湖南-博学北楼-103","XF":1,"SKXQ":3,"XNXQDM":"2024-2025-2","KCM":"工程材料学2","JASDM":"0202010103","JXLDM":"020201","JXBID":"20242-05144","SKBJ":"车辆gcgj2301","TYXMDM":null,"KCH":"10075121007"},{"KKDWDM":null,"XS":null,"BYBZ":"1","JSJC":5,"XXXQDM":null,"KXH":null,"KSJC":3,"XKZRS":null,"SKZC":"011111111111100000000000000000","SKJS":"邱芬","ISTK":0,"ZCMC":"2-13周","YPSJDD":null,"XF":null,"SKXQ":4,"XNXQDM":"2024-2025-2","KCM":"体育运动心理学理论前沿与实践","JASDM":"0202010103","JXLDM":null,"JXBID":null,"SKBJ":null,"TYXMDM":null,"KCH":"40270323013"}]}},"code":"0"}