{"datas":{"jaskcb":{"extParams":{"code":1,"msg":"查询成功"},"pageSize":0,"pageNumber":0,"totalSize":-1,"rows":[{"KKDWDM":"017","XS":48,"BYBZ":"0","JSJC":5,"XXXQDM":"02","KXH":"01","KSJC":3,"XKZRS":34,"SKZC":"111111111111111100000000000000","SKJS":"方明","ISTK":0,"ZCMC":"1-16周","YPSJDD":"1-16周 星期二 第3节-第5节 南湖南-博学北楼-110","XF":3,"SKXQ":2,"XNXQDM":"2024-2025-2","KCM":"中级财务管理B","JASDM":"0202010110","JXLDM":"020201","JXBID":"20242-04475","SKBJ":"会计ACCA2301","TYXMDM":null,"KCH":"10174113073"},{"KKDWDM":"017","XS":32,"BYBZ":"0","JSJC":2,"XXXQDM":"02","KXH":"01","KSJC":1,"XKZRS":37,"SKZC":"111111111111111100000000","SKJS":"王红军","ISTK":0,"ZCMC":"1-16周","YPSJDD":"1-16周 星期三 第1节-第2节 南湖南-博学北楼-110","XF":2,"SKXQ":3,"XNXQDM":"2024-2025-2","KCM":"系统工程","JASDM":"0202010110","JXLDM":"020201","JXBID":"20242-05633","SKBJ":"营销2301","TYXMDM":null,"KCH":"10175111020"},{"KKDWDM":"020","XS":32,"BYBZ":"0","JSJC":4,"XXXQDM":"02","KXH":"01","KSJC":3,"XKZRS":36,"SKZC":"111111111111111100000000","SKJS":"Alex Ory Ballard","ISTK":0,"ZCMC":"1-16周","YPSJDD":"1-16周 星期三 第3节-第4节 南湖南-博学北楼-110","XF":2,"SKXQ":3,"XNXQDM":"2024-2025-2","KCM":"英语听力与口语2","JASDM":"0202010110","JXLDM":"020201","JXBID":"20242-05971","SKBJ":"车辆gj2404","TYXMDM":null,"KCH":"10206124404"},{"KKDWDM":"008","XS":32,"BYBZ":"0","JSJC":7,"XXXQDM":"02","KXH":"01","KSJC":6,"XKZRS":34,"SKZC":"11111111111111","SKJS":"吴华春","ISTK":0,"ZCMC":"1-14周","YPSJDD":"1-14周 星期三 第6节-第7节 南湖南-博学北楼-110","XF":2,"SKXQ":3,"XNXQDM":"2024-2025-2","KCM":"现代控制工程","JASDM":"0202010110","JXLDM":"020201","JXBID":"20242-05199","SKBJ":"智能制造本硕2301","TYXMDM":null,"KCH":"10084121081"},{"KKDWDM":"017","XS":40,"BYBZ":"0","JSJC":4,"XXXQDM":"02","KXH":"01","KSJC":3,"XKZRS":30,"SKZC":"111111111100000000000000000000","SKJS":"张先军","ISTK":0,"ZCMC":"1-10周","YPSJDD":"16-17周 星期一 第3节-第4节 南湖南-博学北楼-110,1-10周 星期一 第3节-第4节 南湖南-博学北楼-110,17周 星期二 第3节-第4节 南湖南-博学北楼-110,12-14周 星期一 第3节-第4节 南湖南-博学北楼-110","XF":2,"SKXQ":1,"XNXQDM":"2024-2025-2","KCM":"生产与运作管理","JASDM":"0202010110","JXLDM":"020201","JXBID":"20242-04877","SKBJ":"营销2302","TYXMDM":null,"KCH":"10174121129"},{"KKDWDM":"009","XS":64,"BYBZ":"0","JSJC":2,"XXXQDM":"02","KXH":"05","KSJC":1,"XKZRS":23,"SKZC":"111111111100000000000000000000","SKJS":"彭自强,范剑锋","ISTK":0,"ZCMC":"1-10周","YPSJDD":"17周 星期二 第1节-第2节 南湖南-博学北楼-110,16-17周 星期一 第1节-第2节 南湖南-博学北楼-110,1-10周 星期一 第1节-第2节 南湖南-博学北楼-110,11-17周 星期四 第3节-第4节 南湖南-博学北楼-110,1-9周 星期四 第3节-第4节 南湖南-博学北楼-110,12-14周 星期一 第1节-第2节 南湖南-博学北楼-110","XF":4,"SKXQ":1,"XNXQDM":"2024-2025-2","KCM":"结构力学A1","JASDM":"0202010110","JXLDM":"020201","JXBID":"20242-10100","SKBJ":"土木zy2302","TYXMDM":null,"KCH":"10094117077"},{"KKDWDM":"012","XS":32,"BYBZ":"0","JSJC":8,"XXXQDM":"02","KXH":"03","KSJC":6,"XKZRS":40,"SKZC":"111111111100000000000000","SKJS":"夏振厂","ISTK":0,"ZCMC":"1-10周","YPSJDD":"12周 星期一 第6节-第7节 南湖南-博学北楼-110,1-10周 星期一 第6节-第8节 南湖南-博学北楼-110","XF":2,"SKXQ":1,"XNXQDM":"2024-2025-2","KCM":"人工智能导论","JASDM":"0202010110","JXLDM":"020201","JXBID":"20242-02597","SKBJ":"金融2201-02","TYXMDM":null,"KCH":"10123117130"},{"KKDWDM":"020","XS":32,"BYBZ":"0","JSJC":2,"XXXQDM":"02","KXH":"03","KSJC":1,"XKZRS":37,"SKZC":"111111111000000000000000000000","SKJS":"James Daniel Hall","ISTK":0,"ZCMC":"1-9周","YPSJDD":"11-17周 星期四 第1节-第2节 南湖南-博学北楼-110,1-9周 星期四 第1节-第2节 南湖南-博学北楼-110","XF":2,"SKXQ":4,"XNXQDM":"2024-2025-2","KCM":"英语写作A2","JASDM":"0202010110","JXLDM":"020201","JXBID":"20242-05896","SKBJ":"车辆gj2304","TYXMDM":null,"KCH":"10065111006"},{"KKDWDM":"009","XS":64,"BYBZ":"0","JSJC":4,"XXXQDM":"02","KXH":"05","KSJC":3,"XKZRS":23,"SKZC":"111111111000000000000000000000","SKJS":"彭自强,范剑锋","ISTK":0,"ZCMC":"1-9周","YPSJDD":"17周 星期二 第1节-第2节 南湖南-博学北楼-110,16-17周 星期一 第1节-第2节 南湖南-博学北楼-110,1-10周 星期一 第1节-第2节 南湖南-博学北楼-110,11-17周 星期四 第3节-第4节 南湖南-博学北楼-110,1-9周 星期四 第3节-第4节 南湖南-博学北楼-110,12-14周 星期一 第1节-第2节 南湖南-博学北楼-110","XF":4,"SKXQ":4,"XNXQDM":"2024-2025-2","KCM":"结构力学A1","JASDM":"0202010110","JXLDM":"020201","JXBID":"20242-10100","SKBJ":"土木zy2302","TYXMDM":null,"KCH":"10094117077"},{"KKDWDM":"017","XS":32,"BYBZ":"0","JSJC":7,"XXXQDM":"02","KXH":"01","KSJC":6,"XKZRS":3,"SKZC":"11111111","SKJS":"殷向洲","ISTK":0,"ZCMC":"1-8周","YPSJDD":"1-8周 星期四 第3节-第4节 南湖南-博学北楼-612,1-8周 星期二 第6节-第7节 南湖南-博学北楼-110","XF":2,"SKXQ":2,"XNXQDM":"2024-2025-2","KCM":"商务礼仪与跨文化沟通","JASDM":"0202010110","JXLDM":"020201","JXBID":"20242-02626","SKBJ":"工管留2201","TYXMDM":null,"KCH":"30174119033"},{"KKDWDM":"012","XS":32,"BYBZ":"0","JSJC":2,"XXXQDM":"02","KXH":"01","KSJC":1,"XKZRS":34,"SKZC":"111110000000000000000000000000","SKJS":"冯静,张华伟","ISTK":0,"ZCMC":"1-5周","YPSJDD":"7-9周 星期五 第1节-第2节 南湖南-博学北楼-110,17周 星期三 第1节-第2节 南湖南-博学北楼-110,1-5周 星期五 第1节-第2节 南湖南-博学北楼-110,9周 星期日 第1节-第2节 南湖南-博学北楼-110,11-16周 星期五 第1节-第2节 南湖南-博学北楼-110","XF":2,"SKXQ":5,"XNXQDM":"2024-2025-2","KCM":"数据库原理与传播应用","JASDM":"0202010110","JXLDM":"020201","JXBID":"20242-04855","SKBJ":"软件sy2301","TYXMDM":null,"KCH":"10124114041"},{"KKDWDM":"003","XS":48,"BYBZ":"0","JSJC":5,"XXXQDM":"02","KXH":"01","KSJC":3,"XKZRS":40,"SKZC":"111110000000000000000000000000","SKJS":"冀运东,杨雪媛,黄文超","ISTK":0,"ZCMC":"1-5周","YPSJDD":"11-16周 星期五 第3节-第5节 南湖南-博学北楼-110,17周 星期三 第3节-第5节 南湖南-博学北楼-110,1-5周 星期五 第3节-第5节 南湖南-博学北楼-110,9周 星期日 第3节-第5节 南湖南-博学北楼-110,7-9周 星期五 第3节-第5节 南湖南-博学北楼-110","XF":3,"SKXQ":5,"XNXQDM":"2024-2025-2","KCM":"高分子物理B","JASDM":"0202010110","JXLDM":"020201","JXBID":"20242-05632","SKBJ":"复材2302","TYXMDM":null,"KCH":"10107311010"},{"KKDWDM":"020","XS":32,"BYBZ":"0","JSJC":7,"XXXQDM":"02","KXH":"08","KSJC":6,"XKZRS":38,"SKZC":"111110000000000000000000000000","SKJS":"James Daniel Hall","ISTK":0,"ZCMC":"1-5周","YPSJDD":"1-5周 星期五 第6节-第7节 南湖南-博学北楼-110,9周 星期日 第6节-第7节 南湖南-博学北楼-110,7-9周 星期五 第6节-第7节 南湖南-博学北楼-110,11-16周 星期五 第6节-第7节 南湖南-博学北楼-110,17周 星期三 第6节-第7节 南湖南-博学北楼-110","XF":2,"SKXQ":5,"XNXQDM":"2024-2025-2","KCM":"英语写作A2","JASDM":"0202010110","JXLDM":"020201","JXBID":"20242-12779","SKBJ":"车辆gj2303","TYXMDM":null,"KCH":"10065111006"},{"KKDWDM":"003","XS":40,"BYBZ":"0","JSJC":12,"XXXQDM":"02","KXH":"01","KSJC":11,"XKZRS":14,"SKZC":"0011111111110000000000000","SKJS":"胡芳","ISTK":0,"ZCMC":"3-12周","YPSJDD":"3-12周 星期三 第11节-第12节 南湖南-博学北楼-110,4-10周,12周 星期一 第11节-第12节 南湖南-博学北楼-110","XF":2,"SKXQ":3,"XNXQDM":"2024-2025-2","KCM":"材料成型控制工程基础","JASDM":"0202010110","JXLDM":"020201","JXBID":"20242-14318","SKBJ":null,"TYXMDM":null,"KCH":"10034111020"},{"KKDWDM":"020","XS":32,"BYBZ":"0","JSJC":13,"XXXQDM":"02","KXH":"01","KSJC":11,"XKZRS":39,"SKZC":"001111111100000000000000000000","SKJS":"姚静","ISTK":0,"ZCMC":"3-10周","YPSJDD":"1-2周 星期二 第11节-第13节 南湖南-博学西楼-214,11周 星期二 第11节-第12节 南湖南-博学北楼-110,3-10周 星期二 第11节-第13节 南湖南-博学北楼-110","XF":2,"SKXQ":2,"XNXQDM":"2024-2025-2","KCM":"影视英语与词汇文化(GX)","JASDM":"0202010110","JXLDM":"020201","JXBID":"20242-08481","SKBJ":"公选-08481","TYXMDM":null,"KCH":"10202121183"},{"KKDWDM":"003","XS":40,"BYBZ":"0","JSJC":12,"XXXQDM":"02","KXH":"01","KSJC":11,"XKZRS":14,"SKZC":"0001111111010000000000000","SKJS":"胡芳","ISTK":0,"ZCMC":"4-10周,12周","YPSJDD":"3-12周 星期三 第11节-第12节 南湖南-博学北楼-110,4-10周,12周 星期一 第11节-第12节 南湖南-博学北楼-110","XF":2,"SKXQ":1,"XNXQDM":"2024-2025-2","KCM":"材料成型控制工程基础","JASDM":"0202010110","JXLDM":"020201","JXBID":"20242-14318","SKBJ":null,"TYXMDM":null,"KCH":"10034111020"},{"KKDWDM":"012","XS":40,"BYBZ":"0","JSJC":12,"XXXQDM":"02","KXH":"01","KSJC":11,"XKZRS":20,"SKZC":"000000111011111100000000000000","SKJS":"王云华","ISTK":0,"ZCMC":"7-9周,11-16周","YPSJDD":"17周 星期三 第11节-第12节 南湖南-博学北楼-110,7-9周,11-16周 星期四 第11节-第12节 南湖南-博学北楼-110,3-6周 星期四 第11节-第13节 南湖南-博学北楼-107","XF":2,"SKXQ":4,"XNXQDM":"2024-2025-2","KCM":"面向对象程序设计","JASDM":"0202010110","JXLDM":"020201","JXBID":"20242-14294","SKBJ":null,"TYXMDM":null,"KCH":"10124121073"},{"KKDWDM":"012","XS":32,"BYBZ":"0","JSJC":2,"XXXQDM":"02","KXH":"01","KSJC":1,"XKZRS":34,"SKZC":"000000111000000000000000000000","SKJS":"冯静,张华伟","ISTK":0,"ZCMC":"7-9周","YPSJDD":"7-9周 星期五 第1节-第2节 南湖南-博学北楼-110,17周 星期三 第1节-第2节 南湖南-博学北楼-110,1-5周 星期五 第1节-第2节 南湖南-博学北楼-110,9周 星期日 第1节-第2节 南湖南-博学北楼-110,11-16周 星期五 第1节-第2节 南湖南-博学北楼-110","XF":2,"SKXQ":5,"XNXQDM":"2024-2025-2","KCM":"数据库原理与传播应用","JASDM":"0202010110","JXLDM":"020201","JXBID":"20242-04855","SKBJ":"软件sy2301","TYXMDM":null,"KCH":"10124114041"},{"KKDWDM":"020","XS":32,"BYBZ":"0","JSJC":7,"XXXQDM":"02","KXH":"08","KSJC":6,"XKZRS":38,"SKZC":"000000111000000000000000000000","SKJS":"James Daniel Hall","ISTK":0,"ZCMC":"7-9周","YPSJDD":"1-5周 星期五 第6节-第7节 南湖南-博学北楼-110,9周 星期日 第6节-第7节 南湖南-博学北楼-110,7-9周 星期五 第6节-第7节 南湖南-博学北楼-110,11-16周 星期五 第6节-第7节 南湖南-博学北楼-110,17周 星期三 第6节-第7节 南湖南-博学北楼-110","XF":2,"SKXQ":5,"XNXQDM":"2024-2025-2","KCM":"英语写作A2","JASDM":"0202010110","JXLDM":"020201","JXBID":"20242-12779","SKBJ":"车辆gj2303","TYXMDM":null,"KCH":"10065111006"},{"KKDWDM":"003","XS":48,"BYBZ":"0","JSJC":5,"XXXQDM":"02","KXH":"01","KSJC":3,"XKZRS":40,"SKZC":"000000111000000000000000000000","SKJS":"冀运东,杨雪媛,黄文超","ISTK":0,"ZCMC":"7-9周","YPSJDD":"11-16周 星期五 第3节-第5节 南湖南-博学北楼-110,17周 星期三 第3节-第5节 南湖南-博学北楼-110,1-5周 星期五 第3节-第5节 南湖南-博学北楼-110,9周 星期日 第3节-第5节 南湖南-博学北楼-110,7-9周 星期五 第3节-第5节 南湖南-博学北楼-110","XF":3,"SKXQ":5,"XNXQDM":"2024-2025-2","KCM":"高分子物理B","JASDM":"0202010110","JXLDM":"020201","JXBID":"20242-05632","SKBJ":"复材2302","TYXMDM":null,"KCH":"10107311010"},{"KKDWDM":"004","XS":16,"BYBZ":"0","JSJC":2,"XXXQDM":"02","KXH":"01","KSJC":1,"XKZRS":35,"SKZC":"0000000011111111","SKJS":"晏梦雨","ISTK":0,"ZCMC":"9-16周","YPSJDD":"9-16周 星期二 第1节-第2节 南湖南-博学北楼-110","XF":1,"SKXQ":2,"XNXQDM":"2024-2025-2","KCM":"实验室安全学","JASDM":"0202010110","JXLDM":"020201","JXBID":"20242-06016","SKBJ":"微电子zs2401","TYXMDM":null,"KCH":"10044116017"},{"KKDWDM":"020","XS":32,"BYBZ":"0","JSJC":7,"XXXQDM":"02","KXH":"08","KSJC":6,"XKZRS":38,"SKZC":"000000001000000000000000000000","SKJS":"James Daniel Hall","ISTK":0,"ZCMC":"9周","YPSJDD":"1-5周 星期五 第6节-第7节 南湖南-博学北楼-110,9周 星期日 第6节-第7节 南湖南-博学北楼-110,7-9周 星期五 第6节-第7节 南湖南-博学北楼-110,11-16周 星期五 第6节-第7节 南湖南-博学北楼-110,17周 星期三 第6节-第7节 南湖南-博学北楼-110","XF":2,"SKXQ":7,"XNXQDM":"2024-2025-2","KCM":"英语写作A2","JASDM":"0202010110","JXLDM":"020201","JXBID":"20242-12779","SKBJ":"车辆gj2303","TYXMDM":null,"KCH":"10065111006"},{"KKDWDM":"003","XS":48,"BYBZ":"0","JSJC":5,"XXXQDM":"02","KXH":"01","KSJC":3,"XKZRS":40,"SKZC":"000000001000000000000000000000","SKJS":"冀运东,杨雪媛,黄文超","ISTK":0,"ZCMC":"9周","YPSJDD":"11-16周 星期五 第3节-第5节 南湖南-博学北楼-110,17周 星期三 第3节-第5节 南湖南-博学北楼-110,1-5周 星期五 第3节-第5节 南湖南-博学北楼-110,9周 星期日 第3节-第5节 南湖南-博学北楼-110,7-9周 星期五 第3节-第5节 南湖南-博学北楼-110","XF":3,"SKXQ":7,"XNXQDM":"2024-2025-2","KCM":"高分子物理B","JASDM":"0202010110","JXLDM":"020201","JXBID":"20242-05632","SKBJ":"复材2302","TYXMDM":null,"KCH":"10107311010"},{"KKDWDM":"012","XS":32,"BYBZ":"0","JSJC":2,"XXXQDM":"02","KXH":"01","KSJC":1,"XKZRS":34,"SKZC":"000000001000000000000000000000","SKJS":"冯静,张华伟","ISTK":0,"ZCMC":"9周","YPSJDD":"7-9周 星期五 第1节-第2节 南湖南-博学北楼-110,17周 星期三 第1节-第2节 南湖南-博学北楼-110,1-5周 星期五 第1节-第2节 南湖南-博学北楼-110,9周 星期日 第1节-第2节 南湖南-博学北楼-110,11-16周 星期五 第1节-第2节 南湖南-博学北楼-110","XF":2,"SKXQ":7,"XNXQDM":"2024-2025-2","KCM":"数据库原理与传播应用","JASDM":"0202010110","JXLDM":"020201","JXBID":"20242-04855","SKBJ":"软件sy2301","TYXMDM":null,"KCH":"10124114041"},{"KKDWDM":"020","XS":32,"BYBZ":"0","JSJC":2,"XXXQDM":"02","KXH":"03","KSJC":1,"XKZRS":37,"SKZC":"000000000011111110000000000000","SKJS":"James Daniel Hall","ISTK":0,"ZCMC":"11-17周","YPSJDD":"11-17周 星期四 第1节-第2节 南湖南-博学北楼-110,1-9周 星期四 第1节-第2节 南湖南-博学北楼-110","XF":2,"SKXQ":4,"XNXQDM":"2024-2025-2","KCM":"英语写作A2","JASDM":"0202010110","JXLDM":"020201","JXBID":"20242-05896","SKBJ":"车辆gj2304","TYXMDM":null,"KCH":"10065111006"},{"KKDWDM":"009","XS":64,"BYBZ":"0","JSJC":4,"XXXQDM":"02","KXH":"05","KSJC":3,"XKZRS":23,"SKZC":"000000000011111110000000000000","SKJS":"彭自强,范剑锋","ISTK":0,"ZCMC":"11-17周","YPSJDD":"17周 星期二 第1节-第2节 南湖南-博学北楼-110,16-17周 星期一 第1节-第2节 南湖南-博学北楼-110,1-10周 星期一 第1节-第2节 南湖南-博学北楼-110,11-17周 星期四 第3节-第4节 南湖南-博学北楼-110,1-9周 星期四 第3节-第4节 南湖南-博学北楼-110,12-14周 星期一 第1节-第2节 南湖南-博学北楼-110","XF":4,"SKXQ":4,"XNXQDM":"2024-2025-2","KCM":"结构力学A1","JASDM":"0202010110","JXLDM":"020201","JXBID":"20242-10100","SKBJ":"土木zy2302","TYXMDM":null,"KCH":"10094117077"},{"KKDWDM":"012","XS":32,"BYBZ":"0","JSJC":2,"XXXQDM":"02","KXH":"01","KSJC":1,"XKZRS":34,"SKZC":"000000000011111100000000000000","SKJS":"冯静,张华伟","ISTK":0,"ZCMC":"11-16周","YPSJDD":"7-9周 星期五 第1节-第2节 南湖南-博学北楼-110,17周 星期三 第1节-第2节 南湖南-博学北楼-110,1-5周 星期五 第1节-第2节 南湖南-博学北楼-110,9周 星期日 第1节-第2节 南湖南-博学北楼-110,11-16周 星期五 第1节-第2节 南湖南-博学北楼-110","XF":2,"SKXQ":5,"XNXQDM":"2024-2025-2","KCM":"数据库原理与传播应用","JASDM":"0202010110","JXLDM":"020201","JXBID":"20242-04855","SKBJ":"软件sy2301","TYXMDM":null,"KCH":"10124114041"},{"KKDWDM":"003","XS":48,"BYBZ":"0","JSJC":5,"XXXQDM":"02","KXH":"01","KSJC":3,"XKZRS":40,"SKZC":"000000000011111100000000000000","SKJS":"冀运东,杨雪媛,黄文超","ISTK":0,"ZCMC":"11-16周","YPSJDD":"11-16周 星期五 第3节-第5节 南湖南-博学北楼-110,17周 星期三 第3节-第5节 南湖南-博学北楼-110,1-5周 星期五 第3节-第5节 南湖南-博学北楼-110,9周 星期日 第3节-第5节 南湖南-博学北楼-110,7-9周 星期五 第3节-第5节 南湖南-博学北楼-110","XF":3,"SKXQ":5,"XNXQDM":"2024-2025-2","KCM":"高分子物理B","JASDM":"0202010110","JXLDM":"020201","JXBID":"20242-05632","SKBJ":"复材2302","TYXMDM":null,"KCH":"10107311010"},{"KKDWDM":"020","XS":32,"BYBZ":"0","JSJC":7,"XXXQDM":"02","KXH":"08","KSJC":6,"XKZRS":38,"SKZC":"000000000011111100000000000000","SKJS":"James Daniel Hall","ISTK":0,"ZCMC":"11-16周","YPSJDD":"1-5周 星期五 第6节-第7节 南湖南-博学北楼-110,9周 星期日 第6节-第7节 南湖南-博学北楼-110,7-9周 星期五 第6节-第7节 南湖南-博学北楼-110,11-16周 星期五 第6节-第7节 南湖南-博学北楼-110,17周 星期三 第6节-第7节 南湖南-博学北楼-110","XF":2,"SKXQ":5,"XNXQDM":"2024-2025-2","KCM":"英语写作A2","JASDM":"0202010110","JXLDM":"020201","JXBID":"20242-12779","SKBJ":"车辆gj2303","TYXMDM":null,"KCH":"10065111006"},{"KKDWDM":"020","XS":32,"BYBZ":"0","JSJC":12,"XXXQDM":"02","KXH":"01","KSJC":11,"XKZRS":39,"SKZC":"000000000010000000000000000000","SKJS":"姚静","ISTK":0,"ZCMC":"11周","YPSJDD":"1-2周 星期二 第11节-第13节 南湖南-博学西楼-214,11周 星期二 第11节-第12节 南湖南-博学北楼-110,3-10周 星期二 第11节-第13节 南湖南-博学北楼-110","XF":2,"SKXQ":2,"XNXQDM":"2024-2025-2","KCM":"影视英语与词汇文化(GX)","JASDM":"0202010110","JXLDM":"020201","JXBID":"20242-08481","SKBJ":"公选-08481","TYXMDM":null,"KCH":"10202121183"},{"KKDWDM":"009","XS":64,"BYBZ":"0","JSJC":2,"XXXQDM":"02","KXH":"05","KSJC":1,"XKZRS":23,"SKZC":"000000000001110000000000000000","SKJS":"彭自强,范剑锋","ISTK":0,"ZCMC":"12-14周","YPSJDD":"17周 星期二 第1节-第2节 南湖南-博学北楼-110,16-17周 星期一 第1节-第2节 南湖南-博学北楼-110,1-10周 星期一 第1节-第2节 南湖南-博学北楼-110,11-17周 星期四 第3节-第4节 南湖南-博学北楼-110,1-9周 星期四 第3节-第4节 南湖南-博学北楼-110,12-14周 星期一 第1节-第2节 南湖南-博学北楼-110","XF":4,"SKXQ":1,"XNXQDM":"2024-2025-2","KCM":"结构力学A1","JASDM":"0202010110","JXLDM":"020201","JXBID":"20242-10100","SKBJ":"土木zy2302","TYXMDM":null,"KCH":"10094117077"},{"KKDWDM":"017","XS":40,"BYBZ":"0","JSJC":4,"XXXQDM":"02","KXH":"01","KSJC":3,"XKZRS":30,"SKZC":"000000000001110000000000000000","SKJS":"张先军","ISTK":0,"ZCMC":"12-14周","YPSJDD":"16-17周 星期一 第3节-第4节 南湖南-博学北楼-110,1-10周 星期一 第3节-第4节 南湖南-博学北楼-110,17周 星期二 第3节-第4节 南湖南-博学北楼-110,12-14周 星期一 第3节-第4节 南湖南-博学北楼-110","XF":2,"SKXQ":1,"XNXQDM":"2024-2025-2","KCM":"生产与运作管理","JASDM":"0202010110","JXLDM":"020201","JXBID":"20242-04877","SKBJ":"营销2302","TYXMDM":null,"KCH":"10174121129"},{"KKDWDM":"012","XS":32,"BYBZ":"0","JSJC":7,"XXXQDM":"02","KXH":"03","KSJC":6,"XKZRS":40,"SKZC":"000000000001000000000000","SKJS":"夏振厂","ISTK":0,"ZCMC":"12周","YPSJDD":"12周 星期一 第6节-第7节 南湖南-博学北楼-110,1-10周 星期一 第6节-第8节 南湖南-博学北楼-110","XF":2,"SKXQ":1,"XNXQDM":"2024-2025-2","KCM":"人工智能导论","JASDM":"0202010110","JXLDM":"020201","JXBID":"20242-02597","SKBJ":"金融2201-02","TYXMDM":null,"KCH":"10123117130"},{"KKDWDM":"017","XS":40,"BYBZ":"0","JSJC":4,"XXXQDM":"02","KXH":"01","KSJC":3,"XKZRS":30,"SKZC":"000000000000000110000000000000","SKJS":"张先军","ISTK":0,"ZCMC":"16-17周","YPSJDD":"16-17周 星期一 第3节-第4节 南湖南-博学北楼-110,1-10周 星期一 第3节-第4节 南湖南-博学北楼-110,17周 星期二 第3节-第4节 南湖南-博学北楼-110,12-14周 星期一 第3节-第4节 南湖南-博学北楼-110","XF":2,"SKXQ":1,"XNXQDM":"2024-2025-2","KCM":"生产与运作管理","JASDM":"0202010110","JXLDM":"020201","JXBID":"20242-04877","SKBJ":"营销2302","TYXMDM":null,"KCH":"10174121129"},{"KKDWDM":"009","XS":64,"BYBZ":"0","JSJC":2,"XXXQDM":"02","KXH":"05","KSJC":1,"XKZRS":23,"SKZC":"000000000000000110000000000000","SKJS":"彭自强,范剑锋","ISTK":0,"ZCMC":"16-17周","YPSJDD":"17周 星期二 第1节-第2节 南湖南-博学北楼-110,16-17周 星期一 第1节-第2节 南湖南-博学北楼-110,1-10周 星期一 第1节-第2节 南湖南-博学北楼-110,11-17周 星期四 第3节-第4节 南湖南-博学北楼-110,1-9周 星期四 第3节-第4节 南湖南-博学北楼-110,12-14周 星期一 第1节-第2节 南湖南-博学北楼-110","XF":4,"SKXQ":1,"XNXQDM":"2024-2025-2","KCM":"结构力学A1","JASDM":"0202010110","JXLDM":"020201","JXBID":"20242-10100","SKBJ":"土木zy2302","TYXMDM":null,"KCH":"10094117077"},{"KKDWDM":"012","XS":40,"BYBZ":"0","JSJC":12,"XXXQDM":"02","KXH":"01","KSJC":11,"XKZRS":20,"SKZC":"000000000000000010000000000000","SKJS":"王云华","ISTK":0,"ZCMC":"17周","YPSJDD":"17周 星期三 第11节-第12节 南湖南-博学北楼-110,7-9周,11-16周 星期四 第11节-第12节 南湖南-博学北楼-110,3-6周 星期四 第11节-第13节 南湖南-博学北楼-107","XF":2,"SKXQ":3,"XNXQDM":"2024-2025-2","KCM":"面向对象程序设计","JASDM":"0202010110","JXLDM":"020201","JXBID":"20242-14294","SKBJ":null,"TYXMDM":null,"KCH":"10124121073"},{"KKDWDM":"009","XS":64,"BYBZ":"0","JSJC":2,"XXXQDM":"02","KXH":"05","KSJC":1,"XKZRS":23,"SKZC":"000000000000000010000000000000","SKJS":"彭自强,范剑锋","ISTK":0,"ZCMC":"17周","YPSJDD":"17周 星期二 第1节-第2节 南湖南-博学北楼-110,16-17周 星期一 第1节-第2节 南湖南-博学北楼-110,1-10周 星期一 第1节-第2节 南湖南-博学北楼-110,11-17周 星期四 第3节-第4节 南湖南-博学北楼-110,1-9周 星期四 第3节-第4节 南湖南-博学北楼-110,12-14周 星期一 第1节-第2节 南湖南-博学北楼-110","XF":4,"SKXQ":2,"XNXQDM":"2024-2025-2","KCM":"结构力学A1","JASDM":"0202010110","JXLDM":"020201","JXBID":"20242-10100","SKBJ":"土木zy2302","TYXMDM":null,"KCH":"10094117077"},{"KKDWDM":"003","XS":48,"BYBZ":"0","JSJC":5,"XXXQDM":"02","KXH":"01","KSJC":3,"XKZRS":40,"SKZC":"000000000000000010000000000000","SKJS":"冀运东,杨雪媛,黄文超","ISTK":0,"ZCMC":"17周","YPSJDD":"11-16周 星期五 第3节-第5节 南湖南-博学北楼-110,17周 星期三 第3节-第5节 南湖南-博学北楼-110,1-5周 星期五 第3节-第5节 南湖南-博学北楼-110,9周 星期日 第3节-第5节 南湖南-博学北楼-110,7-9周 星期五 第3节-第5节 南湖南-博学北楼-110","XF":3,"SKXQ":3,"XNXQDM":"2024-2025-2","KCM":"高分子物理B","JASDM":"0202010110","JXLDM":"020201","JXBID":"20242-05632","SKBJ":"复材2302","TYXMDM":null,"KCH":"10107311010"},{"KKDWDM":"020","XS":32,"BYBZ":"0","JSJC":7,"XXXQDM":"02","KXH":"08","KSJC":6,"XKZRS":38,"SKZC":"000000000000000010000000000000","SKJS":"James Daniel Hall","ISTK":0,"ZCMC":"17周","YPSJDD":"1-5周 星期五 第6节-第7节 南湖南-博学北楼-110,9周 星期日 第6节-第7节 南湖南-博学北楼-110,7-9周 星期五 第6节-第7节 南湖南-博学北楼-110,11-16周 星期五 第6节-第7节 南湖南-博学北楼-110,17周 星期三 第6节-第7节 南湖南-博学北楼-110","XF":2,"SKXQ":3,"XNXQDM":"2024-2025-2","KCM":"英语写作A2","JASDM":"0202010110","JXLDM":"020201","JXBID":"20242-12779","SKBJ":"车辆gj2303","TYXMDM":null,"KCH":"10065111006"},{"KKDWDM":"017","XS":40,"BYBZ":"0","JSJC":4,"XXXQDM":"02","KXH":"01","KSJC":3,"XKZRS":30,"SKZC":"000000000000000010000000000000","SKJS":"张先军","ISTK":0,"ZCMC":"17周","YPSJDD":"16-17周 星期一 第3节-第4节 南湖南-博学北楼-110,1-10周 星期一 第3节-第4节 南湖南-博学北楼-110,17周 星期二 第3节-第4节 南湖南-博学北楼-110,12-14周 星期一 第3节-第4节 南湖南-博学北楼-110","XF":2,"SKXQ":2,"XNXQDM":"2024-2025-2","KCM":"生产与运作管理","JASDM":"0202010110","JXLDM":"020201","JXBID":"20242-04877","SKBJ":"营销2302","TYXMDM":null,"KCH":"10174121129"},{"KKDWDM":"012","XS":32,"BYBZ":"0","JSJC":2,"XXXQDM":"02","KXH":"01","KSJC":1,"XKZRS":34,"SKZC":"000000000000000010000000000000","SKJS":"冯静,张华伟","ISTK":0,"ZCMC":"17周","YPSJDD":"7-9周 星期五 第1节-第2节 南湖南-博学北楼-110,17周 星期三 第1节-第2节 南湖南-博学北楼-110,1-5周 星期五 第1节-第2节 南湖南-博学北楼-110,9周 星期日 第1节-第2节 南湖南-博学北楼-110,11-16周 星期五 第1节-第2节 南湖南-博学北楼-110","XF":2,"SKXQ":3,"XNXQDM":"2024-2025-2","KCM":"数据库原理与传播应用","JASDM":"0202010110","JXLDM":"020201","JXBID":"20242-04855","SKBJ":"软件sy2301","TYXMDM":null,"KCH":"10124114041"}]}},"code":"0"}