{"datas":{"jaskcb":{"extParams":{"code":1,"msg":"查询成功"},"pageSize":0,"pageNumber":0,"totalSize":-1,"rows":[{"KKDWDM":"072","XS":64,"BYBZ":"0","JSJC":4,"XXXQDM":"02","KXH":"09","KSJC":3,"XKZRS":38,"SKZC":"111111111111111100000000","SKJS":"黄莉","ISTK":0,"ZCMC":"1-16周","YPSJDD":"1-9周,11-15周 星期四 第1节-第2节 南湖南-博学北楼-107,1-16周 星期二 第3节-第4节 南湖南-博学北楼-413","XF":4,"SKXQ":2,"XNXQDM":"2024-2025-2","KCM":"材料力学C","JASDM":"0202010413","JXLDM":"020201","JXBID":"20242-04551","SKBJ":"车辆2306","TYXMDM":null,"KCH":"10154111009"},{"KKDWDM":"023","XS":32,"BYBZ":"0","JSJC":4,"XXXQDM":"02","KXH":"01","KSJC":3,"XKZRS":27,"SKZC":"1111111111111111","SKJS":"库任俊,郭晨","ISTK":0,"ZCMC":"1-16周","YPSJDD":"1-16周 星期三 第3节-第4节 南湖南-博学北楼-413","XF":2,"SKXQ":3,"XNXQDM":"2024-2025-2","KCM":"危机公关","JASDM":"0202010413","JXLDM":"020201","JXBID":"20242-04758","SKBJ":"应急2301","TYXMDM":null,"KCH":"10235121016"},{"KKDWDM":"072","XS":64,"BYBZ":"0","JSJC":2,"XXXQDM":"02","KXH":"19","KSJC":1,"XKZRS":38,"SKZC":"111111111111111000000000000000","SKJS":"秦莹","ISTK":0,"ZCMC":"1-15周","YPSJDD":"16-17周 星期一 第3节-第4节 南湖南-博学北楼-413,12-14周 星期一 第3节-第4节 南湖南-博学北楼-413,1-15周 星期三 第1节-第2节 南湖南-博学北楼-413,1-10周 星期一 第3节-第4节 南湖南-博学北楼-413","XF":4,"SKXQ":3,"XNXQDM":"2024-2025-2","KCM":"材料力学C","JASDM":"0202010413","JXLDM":"020201","JXBID":"20242-10826","SKBJ":"车辆gj2303","TYXMDM":null,"KCH":"10154111009"},{"KKDWDM":"072","XS":64,"BYBZ":"0","JSJC":2,"XXXQDM":"02","KXH":"01","KSJC":1,"XKZRS":39,"SKZC":"111111111111111000000000000000","SKJS":"郑立霞","ISTK":0,"ZCMC":"1-15周","YPSJDD":"11-16周 星期五 第1节-第2节 南湖南-博学北楼-413,1-5周 星期五 第1节-第2节 南湖南-博学北楼-413,1-15周 星期二 第1节-第2节 南湖南-博学北楼-413,9周 星期日 第1节-第2节 南湖南-博学北楼-413,7-9周 星期五 第1节-第2节 南湖南-博学北楼-413","XF":4,"SKXQ":2,"XNXQDM":"2024-2025-2","KCM":"材料力学C","JASDM":"0202010413","JXLDM":"020201","JXBID":"20242-04493","SKBJ":"机械zy2301","TYXMDM":null,"KCH":"10154111009"},{"KKDWDM":"072","XS":64,"BYBZ":"0","JSJC":4,"XXXQDM":"02","KXH":"19","KSJC":3,"XKZRS":38,"SKZC":"111111111100000000000000000000","SKJS":"秦莹","ISTK":0,"ZCMC":"1-10周","YPSJDD":"16-17周 星期一 第3节-第4节 南湖南-博学北楼-413,12-14周 星期一 第3节-第4节 南湖南-博学北楼-413,1-15周 星期三 第1节-第2节 南湖南-博学北楼-413,1-10周 星期一 第3节-第4节 南湖南-博学北楼-413","XF":4,"SKXQ":1,"XNXQDM":"2024-2025-2","KCM":"材料力学C","JASDM":"0202010413","JXLDM":"020201","JXBID":"20242-10826","SKBJ":"车辆gj2303","TYXMDM":null,"KCH":"10154111009"},{"KKDWDM":"072","XS":64,"BYBZ":"0","JSJC":2,"XXXQDM":"02","KXH":"05","KSJC":1,"XKZRS":40,"SKZC":"111111111100000000000000000000","SKJS":"张小玉","ISTK":0,"ZCMC":"1-10周","YPSJDD":"12-14周 星期一 第1节-第2节 南湖南-博学北楼-413,1-10周 星期一 第1节-第2节 南湖南-博学北楼-413,16-17周 星期一 第1节-第2节 南湖南-博学北楼-413,1-9周 星期四 第3节-第4节 南湖南-博学北楼-413,11-16周 星期四 第3节-第4节 南湖南-博学北楼-413","XF":4,"SKXQ":1,"XNXQDM":"2024-2025-2","KCM":"材料力学C","JASDM":"0202010413","JXLDM":"020201","JXBID":"20242-04536","SKBJ":"机械2305","TYXMDM":null,"KCH":"10154111009"},{"KKDWDM":"072","XS":64,"BYBZ":"0","JSJC":4,"XXXQDM":"02","KXH":"05","KSJC":3,"XKZRS":40,"SKZC":"111111111000000000000000000000","SKJS":"张小玉","ISTK":0,"ZCMC":"1-9周","YPSJDD":"12-14周 星期一 第1节-第2节 南湖南-博学北楼-413,1-10周 星期一 第1节-第2节 南湖南-博学北楼-413,16-17周 星期一 第1节-第2节 南湖南-博学北楼-413,1-9周 星期四 第3节-第4节 南湖南-博学北楼-413,11-16周 星期四 第3节-第4节 南湖南-博学北楼-413","XF":4,"SKXQ":4,"XNXQDM":"2024-2025-2","KCM":"材料力学C","JASDM":"0202010413","JXLDM":"020201","JXBID":"20242-04536","SKBJ":"机械2305","TYXMDM":null,"KCH":"10154111009"},{"KKDWDM":"017","XS":48,"BYBZ":"0","JSJC":5,"XXXQDM":"02","KXH":"01","KSJC":3,"XKZRS":4,"SKZC":"111110000000000000000000000000","SKJS":"郜庆路","ISTK":0,"ZCMC":"1-5周","YPSJDD":"9周 星期日 第3节-第5节 南湖南-博学北楼-413,1-5周 星期五 第3节-第5节 南湖南-博学北楼-413,17周 星期三 第3节-第5节 南湖南-博学北楼-413,7-9周 星期五 第3节-第5节 南湖南-博学北楼-413,11-16周 星期五 第3节-第5节 南湖南-博学北楼-413","XF":3,"SKXQ":5,"XNXQDM":"2024-2025-2","KCM":"物流与供应链管理B","JASDM":"0202010413","JXLDM":"020201","JXBID":"20242-03716","SKBJ":"工管留2201","TYXMDM":null,"KCH":"30174119012"},{"KKDWDM":"072","XS":64,"BYBZ":"0","JSJC":2,"XXXQDM":"02","KXH":"01","KSJC":1,"XKZRS":39,"SKZC":"111110000000000000000000000000","SKJS":"郑立霞","ISTK":0,"ZCMC":"1-5周","YPSJDD":"11-16周 星期五 第1节-第2节 南湖南-博学北楼-413,1-5周 星期五 第1节-第2节 南湖南-博学北楼-413,1-15周 星期二 第1节-第2节 南湖南-博学北楼-413,9周 星期日 第1节-第2节 南湖南-博学北楼-413,7-9周 星期五 第1节-第2节 南湖南-博学北楼-413","XF":4,"SKXQ":5,"XNXQDM":"2024-2025-2","KCM":"材料力学C","JASDM":"0202010413","JXLDM":"020201","JXBID":"20242-04493","SKBJ":"机械zy2301","TYXMDM":null,"KCH":"10154111009"},{"KKDWDM":"072","XS":64,"BYBZ":"0","JSJC":2,"XXXQDM":"02","KXH":"01","KSJC":1,"XKZRS":39,"SKZC":"000000111000000000000000000000","SKJS":"郑立霞","ISTK":0,"ZCMC":"7-9周","YPSJDD":"11-16周 星期五 第1节-第2节 南湖南-博学北楼-413,1-5周 星期五 第1节-第2节 南湖南-博学北楼-413,1-15周 星期二 第1节-第2节 南湖南-博学北楼-413,9周 星期日 第1节-第2节 南湖南-博学北楼-413,7-9周 星期五 第1节-第2节 南湖南-博学北楼-413","XF":4,"SKXQ":5,"XNXQDM":"2024-2025-2","KCM":"材料力学C","JASDM":"0202010413","JXLDM":"020201","JXBID":"20242-04493","SKBJ":"机械zy2301","TYXMDM":null,"KCH":"10154111009"},{"KKDWDM":"017","XS":48,"BYBZ":"0","JSJC":5,"XXXQDM":"02","KXH":"01","KSJC":3,"XKZRS":4,"SKZC":"000000111000000000000000000000","SKJS":"郜庆路","ISTK":0,"ZCMC":"7-9周","YPSJDD":"9周 星期日 第3节-第5节 南湖南-博学北楼-413,1-5周 星期五 第3节-第5节 南湖南-博学北楼-413,17周 星期三 第3节-第5节 南湖南-博学北楼-413,7-9周 星期五 第3节-第5节 南湖南-博学北楼-413,11-16周 星期五 第3节-第5节 南湖南-博学北楼-413","XF":3,"SKXQ":5,"XNXQDM":"2024-2025-2","KCM":"物流与供应链管理B","JASDM":"0202010413","JXLDM":"020201","JXBID":"20242-03716","SKBJ":"工管留2201","TYXMDM":null,"KCH":"30174119012"},{"KKDWDM":"072","XS":64,"BYBZ":"0","JSJC":2,"XXXQDM":"02","KXH":"01","KSJC":1,"XKZRS":39,"SKZC":"000000001000000000000000000000","SKJS":"郑立霞","ISTK":0,"ZCMC":"9周","YPSJDD":"11-16周 星期五 第1节-第2节 南湖南-博学北楼-413,1-5周 星期五 第1节-第2节 南湖南-博学北楼-413,1-15周 星期二 第1节-第2节 南湖南-博学北楼-413,9周 星期日 第1节-第2节 南湖南-博学北楼-413,7-9周 星期五 第1节-第2节 南湖南-博学北楼-413","XF":4,"SKXQ":7,"XNXQDM":"2024-2025-2","KCM":"材料力学C","JASDM":"0202010413","JXLDM":"020201","JXBID":"20242-04493","SKBJ":"机械zy2301","TYXMDM":null,"KCH":"10154111009"},{"KKDWDM":"017","XS":48,"BYBZ":"0","JSJC":5,"XXXQDM":"02","KXH":"01","KSJC":3,"XKZRS":4,"SKZC":"000000001000000000000000000000","SKJS":"郜庆路","ISTK":0,"ZCMC":"9周","YPSJDD":"9周 星期日 第3节-第5节 南湖南-博学北楼-413,1-5周 星期五 第3节-第5节 南湖南-博学北楼-413,17周 星期三 第3节-第5节 南湖南-博学北楼-413,7-9周 星期五 第3节-第5节 南湖南-博学北楼-413,11-16周 星期五 第3节-第5节 南湖南-博学北楼-413","XF":3,"SKXQ":7,"XNXQDM":"2024-2025-2","KCM":"物流与供应链管理B","JASDM":"0202010413","JXLDM":"020201","JXBID":"20242-03716","SKBJ":"工管留2201","TYXMDM":null,"KCH":"30174119012"},{"KKDWDM":"017","XS":48,"BYBZ":"0","JSJC":5,"XXXQDM":"02","KXH":"01","KSJC":3,"XKZRS":4,"SKZC":"000000000011111100000000000000","SKJS":"郜庆路","ISTK":0,"ZCMC":"11-16周","YPSJDD":"9周 星期日 第3节-第5节 南湖南-博学北楼-413,1-5周 星期五 第3节-第5节 南湖南-博学北楼-413,17周 星期三 第3节-第5节 南湖南-博学北楼-413,7-9周 星期五 第3节-第5节 南湖南-博学北楼-413,11-16周 星期五 第3节-第5节 南湖南-博学北楼-413","XF":3,"SKXQ":5,"XNXQDM":"2024-2025-2","KCM":"物流与供应链管理B","JASDM":"0202010413","JXLDM":"020201","JXBID":"20242-03716","SKBJ":"工管留2201","TYXMDM":null,"KCH":"30174119012"},{"KKDWDM":"072","XS":64,"BYBZ":"0","JSJC":2,"XXXQDM":"02","KXH":"01","KSJC":1,"XKZRS":39,"SKZC":"000000000011111100000000000000","SKJS":"郑立霞","ISTK":0,"ZCMC":"11-16周","YPSJDD":"11-16周 星期五 第1节-第2节 南湖南-博学北楼-413,1-5周 星期五 第1节-第2节 南湖南-博学北楼-413,1-15周 星期二 第1节-第2节 南湖南-博学北楼-413,9周 星期日 第1节-第2节 南湖南-博学北楼-413,7-9周 星期五 第1节-第2节 南湖南-博学北楼-413","XF":4,"SKXQ":5,"XNXQDM":"2024-2025-2","KCM":"材料力学C","JASDM":"0202010413","JXLDM":"020201","JXBID":"20242-04493","SKBJ":"机械zy2301","TYXMDM":null,"KCH":"10154111009"},{"KKDWDM":"072","XS":64,"BYBZ":"0","JSJC":4,"XXXQDM":"02","KXH":"05","KSJC":3,"XKZRS":40,"SKZC":"000000000011111100000000000000","SKJS":"张小玉","ISTK":0,"ZCMC":"11-16周","YPSJDD":"12-14周 星期一 第1节-第2节 南湖南-博学北楼-413,1-10周 星期一 第1节-第2节 南湖南-博学北楼-413,16-17周 星期一 第1节-第2节 南湖南-博学北楼-413,1-9周 星期四 第3节-第4节 南湖南-博学北楼-413,11-16周 星期四 第3节-第4节 南湖南-博学北楼-413","XF":4,"SKXQ":4,"XNXQDM":"2024-2025-2","KCM":"材料力学C","JASDM":"0202010413","JXLDM":"020201","JXBID":"20242-04536","SKBJ":"机械2305","TYXMDM":null,"KCH":"10154111009"},{"KKDWDM":"072","XS":64,"BYBZ":"0","JSJC":2,"XXXQDM":"02","KXH":"05","KSJC":1,"XKZRS":40,"SKZC":"000000000001110000000000000000","SKJS":"张小玉","ISTK":0,"ZCMC":"12-14周","YPSJDD":"12-14周 星期一 第1节-第2节 南湖南-博学北楼-413,1-10周 星期一 第1节-第2节 南湖南-博学北楼-413,16-17周 星期一 第1节-第2节 南湖南-博学北楼-413,1-9周 星期四 第3节-第4节 南湖南-博学北楼-413,11-16周 星期四 第3节-第4节 南湖南-博学北楼-413","XF":4,"SKXQ":1,"XNXQDM":"2024-2025-2","KCM":"材料力学C","JASDM":"0202010413","JXLDM":"020201","JXBID":"20242-04536","SKBJ":"机械2305","TYXMDM":null,"KCH":"10154111009"},{"KKDWDM":"072","XS":64,"BYBZ":"0","JSJC":4,"XXXQDM":"02","KXH":"19","KSJC":3,"XKZRS":38,"SKZC":"000000000001110000000000000000","SKJS":"秦莹","ISTK":0,"ZCMC":"12-14周","YPSJDD":"16-17周 星期一 第3节-第4节 南湖南-博学北楼-413,12-14周 星期一 第3节-第4节 南湖南-博学北楼-413,1-15周 星期三 第1节-第2节 南湖南-博学北楼-413,1-10周 星期一 第3节-第4节 南湖南-博学北楼-413","XF":4,"SKXQ":1,"XNXQDM":"2024-2025-2","KCM":"材料力学C","JASDM":"0202010413","JXLDM":"020201","JXBID":"20242-10826","SKBJ":"车辆gj2303","TYXMDM":null,"KCH":"10154111009"},{"KKDWDM":"072","XS":64,"BYBZ":"0","JSJC":4,"XXXQDM":"02","KXH":"19","KSJC":3,"XKZRS":38,"SKZC":"000000000000000110000000000000","SKJS":"秦莹","ISTK":0,"ZCMC":"16-17周","YPSJDD":"16-17周 星期一 第3节-第4节 南湖南-博学北楼-413,12-14周 星期一 第3节-第4节 南湖南-博学北楼-413,1-15周 星期三 第1节-第2节 南湖南-博学北楼-413,1-10周 星期一 第3节-第4节 南湖南-博学北楼-413","XF":4,"SKXQ":1,"XNXQDM":"2024-2025-2","KCM":"材料力学C","JASDM":"0202010413","JXLDM":"020201","JXBID":"20242-10826","SKBJ":"车辆gj2303","TYXMDM":null,"KCH":"10154111009"},{"KKDWDM":"072","XS":64,"BYBZ":"0","JSJC":2,"XXXQDM":"02","KXH":"05","KSJC":1,"XKZRS":40,"SKZC":"000000000000000110000000000000","SKJS":"张小玉","ISTK":0,"ZCMC":"16-17周","YPSJDD":"12-14周 星期一 第1节-第2节 南湖南-博学北楼-413,1-10周 星期一 第1节-第2节 南湖南-博学北楼-413,16-17周 星期一 第1节-第2节 南湖南-博学北楼-413,1-9周 星期四 第3节-第4节 南湖南-博学北楼-413,11-16周 星期四 第3节-第4节 南湖南-博学北楼-413","XF":4,"SKXQ":1,"XNXQDM":"2024-2025-2","KCM":"材料力学C","JASDM":"0202010413","JXLDM":"020201","JXBID":"20242-04536","SKBJ":"机械2305","TYXMDM":null,"KCH":"10154111009"},{"KKDWDM":"017","XS":48,"BYBZ":"0","JSJC":5,"XXXQDM":"02","KXH":"01","KSJC":3,"XKZRS":4,"SKZC":"000000000000000010000000000000","SKJS":"郜庆路","ISTK":0,"ZCMC":"17周","YPSJDD":"9周 星期日 第3节-第5节 南湖南-博学北楼-413,1-5周 星期五 第3节-第5节 南湖南-博学北楼-413,17周 星期三 第3节-第5节 南湖南-博学北楼-413,7-9周 星期五 第3节-第5节 南湖南-博学北楼-413,11-16周 星期五 第3节-第5节 南湖南-博学北楼-413","XF":3,"SKXQ":3,"XNXQDM":"2024-2025-2","KCM":"物流与供应链管理B","JASDM":"0202010413","JXLDM":"020201","JXBID":"20242-03716","SKBJ":"工管留2201","TYXMDM":null,"KCH":"30174119012"}]}},"code":"0"}