{"datas":{"jaskcb":{"extParams":{"code":1,"msg":"查询成功"},"pageSize":0,"pageNumber":0,"totalSize":-1,"rows":[{"KKDWDM":"071","XS":88,"BYBZ":"0","JSJC":2,"XXXQDM":"02","KXH":"02","KSJC":1,"XKZRS":139,"SKZC":"111111111111111000000000000000","SKJS":"韩华","ISTK":0,"ZCMC":"1-15周","YPSJDD":"1-5周 星期五 第3节-第4节 南湖南-博学主楼-301,1-15周 星期三 第1节-第2节 南湖南-博学主楼-301,1-15周 星期二 第3节-第4节 南湖南-博学主楼-301,7-9周 星期五 第3节-第4节 南湖南-博学主楼-301,9周 星期日 第3节-第4节 南湖南-博学主楼-301,11-15周 星期五 第3节-第4节 南湖南-博学主楼-301","XF":5,"SKXQ":3,"XNXQDM":"2024-2025-2","KCM":"高等数学B下","JASDM":"0202040301","JXLDM":"020204","JXBID":"20242-06463","SKBJ":"经济学类2401-04","TYXMDM":null,"KCH":"10153121058"},{"KKDWDM":"071","XS":88,"BYBZ":"0","JSJC":4,"XXXQDM":"02","KXH":"05","KSJC":3,"XKZRS":139,"SKZC":"111111111111111000000000000000","SKJS":"余旌胡,韩华","ISTK":0,"ZCMC":"1-15周","YPSJDD":"11-15周 星期五 第1节-第2节 南湖南-博学主楼-301,9周 星期日 第1节-第2节 南湖南-博学主楼-301,1-15周 星期三 第3节-第4节 南湖南-博学主楼-301,1-15周 星期二 第1节-第2节 南湖南-博学主楼-301,7-9周 星期五 第1节-第2节 南湖南-博学主楼-301,1-5周 星期五 第1节-第2节 南湖南-博学主楼-301","XF":5,"SKXQ":3,"XNXQDM":"2024-2025-2","KCM":"高等数学B下","JASDM":"0202040301","JXLDM":"020204","JXBID":"20242-06515","SKBJ":"工商类2401-04","TYXMDM":null,"KCH":"10153121058"},{"KKDWDM":"071","XS":88,"BYBZ":"0","JSJC":2,"XXXQDM":"02","KXH":"05","KSJC":1,"XKZRS":139,"SKZC":"111111111111111000000000000000","SKJS":"余旌胡,韩华","ISTK":0,"ZCMC":"1-15周","YPSJDD":"11-15周 星期五 第1节-第2节 南湖南-博学主楼-301,9周 星期日 第1节-第2节 南湖南-博学主楼-301,1-15周 星期三 第3节-第4节 南湖南-博学主楼-301,1-15周 星期二 第1节-第2节 南湖南-博学主楼-301,7-9周 星期五 第1节-第2节 南湖南-博学主楼-301,1-5周 星期五 第1节-第2节 南湖南-博学主楼-301","XF":5,"SKXQ":2,"XNXQDM":"2024-2025-2","KCM":"高等数学B下","JASDM":"0202040301","JXLDM":"020204","JXBID":"20242-06515","SKBJ":"工商类2401-04","TYXMDM":null,"KCH":"10153121058"},{"KKDWDM":"071","XS":88,"BYBZ":"0","JSJC":4,"XXXQDM":"02","KXH":"02","KSJC":3,"XKZRS":139,"SKZC":"111111111111111000000000000000","SKJS":"韩华","ISTK":0,"ZCMC":"1-15周","YPSJDD":"1-5周 星期五 第3节-第4节 南湖南-博学主楼-301,1-15周 星期三 第1节-第2节 南湖南-博学主楼-301,1-15周 星期二 第3节-第4节 南湖南-博学主楼-301,7-9周 星期五 第3节-第4节 南湖南-博学主楼-301,9周 星期日 第3节-第4节 南湖南-博学主楼-301,11-15周 星期五 第3节-第4节 南湖南-博学主楼-301","XF":5,"SKXQ":2,"XNXQDM":"2024-2025-2","KCM":"高等数学B下","JASDM":"0202040301","JXLDM":"020204","JXBID":"20242-06463","SKBJ":"经济学类2401-04","TYXMDM":null,"KCH":"10153121058"},{"KKDWDM":"021","XS":36,"BYBZ":"0","JSJC":8,"XXXQDM":"02","KXH":"123","KSJC":6,"XKZRS":109,"SKZC":"111111111101100000000000000000","SKJS":"汤梅,申来津","ISTK":0,"ZCMC":"1-10周,12-13周","YPSJDD":"1-10周,12-13周 星期一 第6节-第8节 南湖南-博学主楼-301","XF":2,"SKXQ":1,"XNXQDM":"2024-2025-2","KCM":"习近平新时代中国特色社会主义思想概论","JASDM":"0202040301","JXLDM":"020204","JXBID":"20242-05092","SKBJ":"测控2301-03","TYXMDM":null,"KCH":"10211121033"},{"KKDWDM":"071","XS":40,"BYBZ":"0","JSJC":5,"XXXQDM":"02","KXH":"14","KSJC":3,"XKZRS":103,"SKZC":"111111111101100000000000","SKJS":"章晋文","ISTK":0,"ZCMC":"1-10周,12-13周","YPSJDD":"14-16周(双) 星期一 第3节-第4节 南湖南-博学主楼-301,1-10周,12-13周 星期一 第3节-第5节 南湖南-博学主楼-301","XF":2,"SKXQ":1,"XNXQDM":"2024-2025-2","KCM":"线性代数","JASDM":"0202040301","JXLDM":"020204","JXBID":"20242-06210","SKBJ":"工商类2413-14,经济学类2405-06","TYXMDM":null,"KCH":"10153111001"},{"KKDWDM":"071","XS":40,"BYBZ":"0","JSJC":5,"XXXQDM":"02","KXH":"34","KSJC":3,"XKZRS":136,"SKZC":"111111111011100000000000","SKJS":"陆济湘","ISTK":0,"ZCMC":"1-9周,11-13周","YPSJDD":"14-15周 星期四 第3节-第4节 南湖南-博学主楼-301,1-9周,11-13周 星期四 第3节-第5节 南湖南-博学主楼-301","XF":2,"SKXQ":4,"XNXQDM":"2024-2025-2","KCM":"线性代数","JASDM":"0202040301","JXLDM":"020204","JXBID":"20242-11751","SKBJ":"计算机类2409-12","TYXMDM":null,"KCH":"10153111001"},{"KKDWDM":"038","XS":32,"BYBZ":"0","JSJC":2,"XXXQDM":"02","KXH":"13","KSJC":1,"XKZRS":87,"SKZC":"111111111000000000000000000000","SKJS":"林梓弦","ISTK":0,"ZCMC":"1-9周","YPSJDD":"1-9周 星期四 第1节-第2节 南湖南-博学主楼-301,11-13周 星期四 第1节-第2节 南湖南-博学主楼-301","XF":2,"SKXQ":4,"XNXQDM":"2024-2025-2","KCM":"心理健康教育","JASDM":"0202040301","JXLDM":"020204","JXBID":"20242-06228","SKBJ":"金融gj2401-03","TYXMDM":null,"KCH":"10388117003"},{"KKDWDM":"028","XS":32,"BYBZ":"0","JSJC":13,"XXXQDM":"02","KXH":"01","KSJC":11,"XKZRS":138,"SKZC":"111111110000000000000000","SKJS":"卢毅,田歌,阳晓宇,陈丽华","ISTK":0,"ZCMC":"1-8周","YPSJDD":"1-8周 星期三 第11节-第13节 南湖南-博学主楼-301","XF":2,"SKXQ":3,"XNXQDM":"2024-2025-2","KCM":"生物纳米自组装材料概论(JD)","JASDM":"0202040301","JXLDM":"020204","JXBID":"20242-08832","SKBJ":"公选-08832","TYXMDM":null,"KCH":"10286121030"},{"KKDWDM":"021","XS":16,"BYBZ":"0","JSJC":12,"XXXQDM":"02","KXH":"01","KSJC":11,"XKZRS":140,"SKZC":"111111110000000000000000","SKJS":"郑伟","ISTK":0,"ZCMC":"1-8周","YPSJDD":"1-8周 星期二 第11节-第12节 南湖南-博学主楼-301","XF":1,"SKXQ":2,"XNXQDM":"2024-2025-2","KCM":"社会主义发展史(GX)","JASDM":"0202040301","JXLDM":"020204","JXBID":"20242-08496","SKBJ":"公选-08496","TYXMDM":null,"KCH":"10212124135"},{"KKDWDM":"071","XS":88,"BYBZ":"0","JSJC":4,"XXXQDM":"02","KXH":"02","KSJC":3,"XKZRS":139,"SKZC":"111110000000000000000000000000","SKJS":"韩华","ISTK":0,"ZCMC":"1-5周","YPSJDD":"1-5周 星期五 第3节-第4节 南湖南-博学主楼-301,1-15周 星期三 第1节-第2节 南湖南-博学主楼-301,1-15周 星期二 第3节-第4节 南湖南-博学主楼-301,7-9周 星期五 第3节-第4节 南湖南-博学主楼-301,9周 星期日 第3节-第4节 南湖南-博学主楼-301,11-15周 星期五 第3节-第4节 南湖南-博学主楼-301","XF":5,"SKXQ":5,"XNXQDM":"2024-2025-2","KCM":"高等数学B下","JASDM":"0202040301","JXLDM":"020204","JXBID":"20242-06463","SKBJ":"经济学类2401-04","TYXMDM":null,"KCH":"10153121058"},{"KKDWDM":"071","XS":88,"BYBZ":"0","JSJC":2,"XXXQDM":"02","KXH":"05","KSJC":1,"XKZRS":139,"SKZC":"111110000000000000000000000000","SKJS":"余旌胡,韩华","ISTK":0,"ZCMC":"1-5周","YPSJDD":"11-15周 星期五 第1节-第2节 南湖南-博学主楼-301,9周 星期日 第1节-第2节 南湖南-博学主楼-301,1-15周 星期三 第3节-第4节 南湖南-博学主楼-301,1-15周 星期二 第1节-第2节 南湖南-博学主楼-301,7-9周 星期五 第1节-第2节 南湖南-博学主楼-301,1-5周 星期五 第1节-第2节 南湖南-博学主楼-301","XF":5,"SKXQ":5,"XNXQDM":"2024-2025-2","KCM":"高等数学B下","JASDM":"0202040301","JXLDM":"020204","JXBID":"20242-06515","SKBJ":"工商类2401-04","TYXMDM":null,"KCH":"10153121058"},{"KKDWDM":"038","XS":32,"BYBZ":"0","JSJC":7,"XXXQDM":"02","KXH":"12","KSJC":6,"XKZRS":140,"SKZC":"111101111111111100000000000000","SKJS":"卫泽","ISTK":0,"ZCMC":"1-4周,6-16周","YPSJDD":"13周 星期六 第9节-第10节 南湖北-北教三-101,1-4周,6-16周 星期二 第6节-第7节 南湖南-博学主楼-301","XF":2,"SKXQ":2,"XNXQDM":"2024-2025-2","KCM":"军事理论","JASDM":"0202040301","JXLDM":"020204","JXBID":"20242-12122","SKBJ":"车辆类2405-08","TYXMDM":null,"KCH":"10381121001"},{"KKDWDM":"071","XS":88,"BYBZ":"0","JSJC":2,"XXXQDM":"02","KXH":"05","KSJC":1,"XKZRS":139,"SKZC":"000000111000000000000000000000","SKJS":"余旌胡,韩华","ISTK":0,"ZCMC":"7-9周","YPSJDD":"11-15周 星期五 第1节-第2节 南湖南-博学主楼-301,9周 星期日 第1节-第2节 南湖南-博学主楼-301,1-15周 星期三 第3节-第4节 南湖南-博学主楼-301,1-15周 星期二 第1节-第2节 南湖南-博学主楼-301,7-9周 星期五 第1节-第2节 南湖南-博学主楼-301,1-5周 星期五 第1节-第2节 南湖南-博学主楼-301","XF":5,"SKXQ":5,"XNXQDM":"2024-2025-2","KCM":"高等数学B下","JASDM":"0202040301","JXLDM":"020204","JXBID":"20242-06515","SKBJ":"工商类2401-04","TYXMDM":null,"KCH":"10153121058"},{"KKDWDM":"071","XS":88,"BYBZ":"0","JSJC":4,"XXXQDM":"02","KXH":"02","KSJC":3,"XKZRS":139,"SKZC":"000000111000000000000000000000","SKJS":"韩华","ISTK":0,"ZCMC":"7-9周","YPSJDD":"1-5周 星期五 第3节-第4节 南湖南-博学主楼-301,1-15周 星期三 第1节-第2节 南湖南-博学主楼-301,1-15周 星期二 第3节-第4节 南湖南-博学主楼-301,7-9周 星期五 第3节-第4节 南湖南-博学主楼-301,9周 星期日 第3节-第4节 南湖南-博学主楼-301,11-15周 星期五 第3节-第4节 南湖南-博学主楼-301","XF":5,"SKXQ":5,"XNXQDM":"2024-2025-2","KCM":"高等数学B下","JASDM":"0202040301","JXLDM":"020204","JXBID":"20242-06463","SKBJ":"经济学类2401-04","TYXMDM":null,"KCH":"10153121058"},{"KKDWDM":"021","XS":8,"BYBZ":"0","JSJC":10,"XXXQDM":"02","KXH":"320","KSJC":9,"XKZRS":130,"SKZC":"0000000110110000000000000","SKJS":"贾英迪","ISTK":0,"ZCMC":"8-9周,11-12周","YPSJDD":"8-9周,11-12周 星期四 第9节-第10节 南湖南-博学主楼-301","XF":0,"SKXQ":4,"XNXQDM":"2024-2025-2","KCM":"形势与政策","JASDM":"0202040301","JXLDM":"020204","JXBID":"20242-13972","SKBJ":"土木类2406-09,工商类2403-10,建筑类2402,微电子zs2401,材料类2403,材科sy2401,电信类2409,经济学类2403,自动化类2403,计算机类2401,运动训练2401","TYXMDM":null,"KCH":"10218121092"},{"KKDWDM":"021","XS":8,"BYBZ":"0","JSJC":7,"XXXQDM":"02","KXH":"683","KSJC":6,"XKZRS":136,"SKZC":"0000000110110000000000000","SKJS":"杨成刚","ISTK":0,"ZCMC":"8-9周,11-12周","YPSJDD":"8-9周,11-12周 星期四 第6节-第7节 南湖南-博学主楼-301","XF":0,"SKXQ":4,"XNXQDM":"2024-2025-2","KCM":"形势与政策","JASDM":"0202040301","JXLDM":"020204","JXBID":"20242-14274","SKBJ":"化生类2401,土木类2405-11,机电类2406,材料类2406-10,材科sy2402,物理jd2401,环科类2407,电信类2403,经济学类2405,自动化类2401,车辆gj2402","TYXMDM":null,"KCH":"10218121092"},{"KKDWDM":"071","XS":88,"BYBZ":"0","JSJC":2,"XXXQDM":"02","KXH":"05","KSJC":1,"XKZRS":139,"SKZC":"000000001000000000000000000000","SKJS":"余旌胡,韩华","ISTK":0,"ZCMC":"9周","YPSJDD":"11-15周 星期五 第1节-第2节 南湖南-博学主楼-301,9周 星期日 第1节-第2节 南湖南-博学主楼-301,1-15周 星期三 第3节-第4节 南湖南-博学主楼-301,1-15周 星期二 第1节-第2节 南湖南-博学主楼-301,7-9周 星期五 第1节-第2节 南湖南-博学主楼-301,1-5周 星期五 第1节-第2节 南湖南-博学主楼-301","XF":5,"SKXQ":7,"XNXQDM":"2024-2025-2","KCM":"高等数学B下","JASDM":"0202040301","JXLDM":"020204","JXBID":"20242-06515","SKBJ":"工商类2401-04","TYXMDM":null,"KCH":"10153121058"},{"KKDWDM":"071","XS":88,"BYBZ":"0","JSJC":4,"XXXQDM":"02","KXH":"02","KSJC":3,"XKZRS":139,"SKZC":"000000001000000000000000000000","SKJS":"韩华","ISTK":0,"ZCMC":"9周","YPSJDD":"1-5周 星期五 第3节-第4节 南湖南-博学主楼-301,1-15周 星期三 第1节-第2节 南湖南-博学主楼-301,1-15周 星期二 第3节-第4节 南湖南-博学主楼-301,7-9周 星期五 第3节-第4节 南湖南-博学主楼-301,9周 星期日 第3节-第4节 南湖南-博学主楼-301,11-15周 星期五 第3节-第4节 南湖南-博学主楼-301","XF":5,"SKXQ":7,"XNXQDM":"2024-2025-2","KCM":"高等数学B下","JASDM":"0202040301","JXLDM":"020204","JXBID":"20242-06463","SKBJ":"经济学类2401-04","TYXMDM":null,"KCH":"10153121058"},{"KKDWDM":"071","XS":88,"BYBZ":"0","JSJC":4,"XXXQDM":"02","KXH":"02","KSJC":3,"XKZRS":139,"SKZC":"000000000011111000000000000000","SKJS":"韩华","ISTK":0,"ZCMC":"11-15周","YPSJDD":"1-5周 星期五 第3节-第4节 南湖南-博学主楼-301,1-15周 星期三 第1节-第2节 南湖南-博学主楼-301,1-15周 星期二 第3节-第4节 南湖南-博学主楼-301,7-9周 星期五 第3节-第4节 南湖南-博学主楼-301,9周 星期日 第3节-第4节 南湖南-博学主楼-301,11-15周 星期五 第3节-第4节 南湖南-博学主楼-301","XF":5,"SKXQ":5,"XNXQDM":"2024-2025-2","KCM":"高等数学B下","JASDM":"0202040301","JXLDM":"020204","JXBID":"20242-06463","SKBJ":"经济学类2401-04","TYXMDM":null,"KCH":"10153121058"},{"KKDWDM":"071","XS":88,"BYBZ":"0","JSJC":2,"XXXQDM":"02","KXH":"05","KSJC":1,"XKZRS":139,"SKZC":"000000000011111000000000000000","SKJS":"余旌胡,韩华","ISTK":0,"ZCMC":"11-15周","YPSJDD":"11-15周 星期五 第1节-第2节 南湖南-博学主楼-301,9周 星期日 第1节-第2节 南湖南-博学主楼-301,1-15周 星期三 第3节-第4节 南湖南-博学主楼-301,1-15周 星期二 第1节-第2节 南湖南-博学主楼-301,7-9周 星期五 第1节-第2节 南湖南-博学主楼-301,1-5周 星期五 第1节-第2节 南湖南-博学主楼-301","XF":5,"SKXQ":5,"XNXQDM":"2024-2025-2","KCM":"高等数学B下","JASDM":"0202040301","JXLDM":"020204","JXBID":"20242-06515","SKBJ":"工商类2401-04","TYXMDM":null,"KCH":"10153121058"},{"KKDWDM":"038","XS":32,"BYBZ":"0","JSJC":2,"XXXQDM":"02","KXH":"13","KSJC":1,"XKZRS":87,"SKZC":"000000000011100000000000000000","SKJS":"林梓弦","ISTK":0,"ZCMC":"11-13周","YPSJDD":"1-9周 星期四 第1节-第2节 南湖南-博学主楼-301,11-13周 星期四 第1节-第2节 南湖南-博学主楼-301","XF":2,"SKXQ":4,"XNXQDM":"2024-2025-2","KCM":"心理健康教育","JASDM":"0202040301","JXLDM":"020204","JXBID":"20242-06228","SKBJ":"金融gj2401-03","TYXMDM":null,"KCH":"10388117003"},{"KKDWDM":"021","XS":8,"BYBZ":"0","JSJC":7,"XXXQDM":"02","KXH":"679","KSJC":6,"XKZRS":138,"SKZC":"0000000000001111000000000","SKJS":"江艳","ISTK":0,"ZCMC":"13-16周","YPSJDD":"13-16周 星期四 第6节-第7节 南湖南-博学主楼-301","XF":0,"SKXQ":4,"XNXQDM":"2024-2025-2","KCM":"形势与政策","JASDM":"0202040301","JXLDM":"020204","JXBID":"20242-14270","SKBJ":"土木类2413,智能制造zs2401,环科类2401,生科类2401,电信类2412-14,电信类2416-18,管科类2401-03,经济学类2401,车辆类2408","TYXMDM":null,"KCH":"10218121092"},{"KKDWDM":"021","XS":8,"BYBZ":"0","JSJC":10,"XXXQDM":"02","KXH":"681","KSJC":9,"XKZRS":137,"SKZC":"0000000000001111000000000","SKJS":"林凯","ISTK":0,"ZCMC":"13-16周","YPSJDD":"13-16周 星期四 第9节-第10节 南湖南-博学主楼-301","XF":0,"SKXQ":4,"XNXQDM":"2024-2025-2","KCM":"形势与政策","JASDM":"0202040301","JXLDM":"020204","JXBID":"20242-14272","SKBJ":"化生类2411,土木类2412,工商类2402-09,新闻类2401-04,机电类2401-11,机电类2415,生科类2405,电信类2417,经济学类2402,金融sy2401","TYXMDM":null,"KCH":"10218121092"},{"KKDWDM":"071","XS":40,"BYBZ":"0","JSJC":4,"XXXQDM":"02","KXH":"34","KSJC":3,"XKZRS":136,"SKZC":"000000000000011000000000","SKJS":"陆济湘","ISTK":0,"ZCMC":"14-15周","YPSJDD":"14-15周 星期四 第3节-第4节 南湖南-博学主楼-301,1-9周,11-13周 星期四 第3节-第5节 南湖南-博学主楼-301","XF":2,"SKXQ":4,"XNXQDM":"2024-2025-2","KCM":"线性代数","JASDM":"0202040301","JXLDM":"020204","JXBID":"20242-11751","SKBJ":"计算机类2409-12","TYXMDM":null,"KCH":"10153111001"},{"KKDWDM":"071","XS":40,"BYBZ":"0","JSJC":4,"XXXQDM":"02","KXH":"14","KSJC":3,"XKZRS":103,"SKZC":"000000000000010100000000","SKJS":"章晋文","ISTK":0,"ZCMC":"14-16周(双)","YPSJDD":"14-16周(双) 星期一 第3节-第4节 南湖南-博学主楼-301,1-10周,12-13周 星期一 第3节-第5节 南湖南-博学主楼-301","XF":2,"SKXQ":1,"XNXQDM":"2024-2025-2","KCM":"线性代数","JASDM":"0202040301","JXLDM":"020204","JXBID":"20242-06210","SKBJ":"工商类2413-14,经济学类2405-06","TYXMDM":null,"KCH":"10153111001"}]}},"code":"0"}