{"datas":{"jaskcb":{"extParams":{"code":1,"msg":"查询成功"},"pageSize":0,"pageNumber":0,"totalSize":-1,"rows":[{"KKDWDM":"012","XS":72,"BYBZ":"0","JSJC":4,"XXXQDM":"02","KXH":"02","KSJC":3,"XKZRS":52,"SKZC":"111111111111111000000000000000","SKJS":"姚寒冰","ISTK":0,"ZCMC":"1-15周","YPSJDD":"1-10周 星期一 第1节-第2节 南湖南-博学东楼-404,16-17周 星期一 第1节-第2节 南湖南-博学东楼-404,12-14周 星期一 第1节-第2节 南湖南-博学东楼-404,1-15周 星期三 第3节-第4节 南湖南-博学东楼-404,17周 星期二 第1节-第2节 南湖南-博学东楼-404","XF":4,"SKXQ":3,"XNXQDM":"2024-2025-2","KCM":"计算机组成与系统结构","JASDM":"0202020404","JXLDM":"020202","JXBID":"20242-05189","SKBJ":"计算机2303-04","TYXMDM":null,"KCH":"10153111012"},{"KKDWDM":"021","XS":36,"BYBZ":"0","JSJC":8,"XXXQDM":"02","KXH":"63","KSJC":6,"XKZRS":109,"SKZC":"111111111111","SKJS":"许传红","ISTK":0,"ZCMC":"1-12周","YPSJDD":"1-12周 星期三 第6节-第8节 南湖南-博学东楼-404","XF":2,"SKXQ":3,"XNXQDM":"2024-2025-2","KCM":"习近平新时代中国特色社会主义思想概论","JASDM":"0202020404","JXLDM":"020202","JXBID":"20242-04886","SKBJ":"计算机zy2301-02,金融sy2301","TYXMDM":null,"KCH":"10211121033"},{"KKDWDM":"021","XS":36,"BYBZ":"0","JSJC":5,"XXXQDM":"02","KXH":"87","KSJC":3,"XKZRS":95,"SKZC":"111111111111","SKJS":"杨安妮","ISTK":0,"ZCMC":"1-12周","YPSJDD":"1-12周 星期二 第3节-第5节 南湖南-博学东楼-404","XF":2,"SKXQ":2,"XNXQDM":"2024-2025-2","KCM":"习近平新时代中国特色社会主义思想概论","JASDM":"0202020404","JXLDM":"020202","JXBID":"20242-04978","SKBJ":"矿物zy2301-02,采矿2301-02","TYXMDM":null,"KCH":"10211121033"},{"KKDWDM":"012","XS":64,"BYBZ":"0","JSJC":5,"XXXQDM":"02","KXH":"02","KSJC":3,"XKZRS":108,"SKZC":"111111111101110100000000","SKJS":"李宁","ISTK":0,"ZCMC":"1-10周,12-14周,16周","YPSJDD":"17周 星期一 第3节-第4节 南湖南-博学东楼-404,17周 星期二 第3节-第4节 南湖南-博学东楼-404,1-10周,12-14周,16周 星期一 第3节-第5节 南湖南-博学东楼-404","XF":4,"SKXQ":1,"XNXQDM":"2024-2025-2","KCM":"计算机组成与体系结构","JASDM":"0202020404","JXLDM":"020202","JXBID":"20242-04846","SKBJ":"软件sy2301,软件zy2301-02","TYXMDM":null,"KCH":"10124121071"},{"KKDWDM":"018","XS":40,"BYBZ":"0","JSJC":8,"XXXQDM":"02","KXH":"01","KSJC":6,"XKZRS":103,"SKZC":"111111111101100000000000","SKJS":"吕娜","ISTK":0,"ZCMC":"1-10周,12-13周","YPSJDD":"14-16周(双) 星期一 第6节-第7节 南湖南-博学东楼-404,1-10周,12-13周 星期一 第6节-第8节 南湖南-博学东楼-404","XF":2,"SKXQ":1,"XNXQDM":"2024-2025-2","KCM":"宏观经济学","JASDM":"0202020404","JXLDM":"020202","JXBID":"20242-06467","SKBJ":"数经sy2401,金融kj2401,金融sy2401","TYXMDM":null,"KCH":"10183124157"},{"KKDWDM":"012","XS":72,"BYBZ":"0","JSJC":2,"XXXQDM":"02","KXH":"02","KSJC":1,"XKZRS":52,"SKZC":"111111111100000000000000000000","SKJS":"姚寒冰","ISTK":0,"ZCMC":"1-10周","YPSJDD":"1-10周 星期一 第1节-第2节 南湖南-博学东楼-404,16-17周 星期一 第1节-第2节 南湖南-博学东楼-404,12-14周 星期一 第1节-第2节 南湖南-博学东楼-404,1-15周 星期三 第3节-第4节 南湖南-博学东楼-404,17周 星期二 第1节-第2节 南湖南-博学东楼-404","XF":4,"SKXQ":1,"XNXQDM":"2024-2025-2","KCM":"计算机组成与系统结构","JASDM":"0202020404","JXLDM":"020202","JXBID":"20242-05189","SKBJ":"计算机2303-04","TYXMDM":null,"KCH":"10153111012"},{"KKDWDM":"022","XS":32,"BYBZ":"0","JSJC":13,"XXXQDM":"02","KXH":"01","KSJC":11,"XKZRS":140,"SKZC":"111111111100000000000000","SKJS":"张雄军","ISTK":0,"ZCMC":"1-10周","YPSJDD":"11周 星期二 第11节-第12节 南湖南-博学东楼-404,1-10周 星期二 第11节-第13节 南湖南-博学东楼-404","XF":2,"SKXQ":2,"XNXQDM":"2024-2025-2","KCM":"消费者心理学(GX)","JASDM":"0202020404","JXLDM":"020202","JXBID":"20242-11463","SKBJ":"公选-11463","TYXMDM":null,"KCH":"10222121208"},{"KKDWDM":"012","XS":32,"BYBZ":"0","JSJC":8,"XXXQDM":"02","KXH":"02","KSJC":6,"XKZRS":46,"SKZC":"111111111100000000000000","SKJS":"向剑文,田璟","ISTK":0,"ZCMC":"1-10周","YPSJDD":"11周 星期二 第6节-第7节 南湖南-博学东楼-404,1-10周 星期二 第6节-第8节 南湖南-博学东楼-404","XF":2,"SKXQ":2,"XNXQDM":"2024-2025-2","KCM":"知识管理与知识工程","JASDM":"0202020404","JXLDM":"020202","JXBID":"20242-05301","SKBJ":"软件2301-02,软件sy2301,软件zy2301-02","TYXMDM":null,"KCH":"10126117204"},{"KKDWDM":"021","XS":36,"BYBZ":"0","JSJC":5,"XXXQDM":"02","KXH":"13","KSJC":3,"XKZRS":94,"SKZC":"111111111000000000000000000000","SKJS":"杨安妮","ISTK":0,"ZCMC":"1-9周","YPSJDD":"11-13周 星期四 第3节-第5节 南湖南-博学东楼-404,1-9周 星期四 第3节-第5节 南湖南-博学东楼-404","XF":2,"SKXQ":4,"XNXQDM":"2024-2025-2","KCM":"习近平新时代中国特色社会主义思想概论","JASDM":"0202020404","JXLDM":"020202","JXBID":"20242-12230","SKBJ":"人力2301-02,会计ACCA2301","TYXMDM":null,"KCH":"10211121033"},{"KKDWDM":"022","XS":24,"BYBZ":"0","JSJC":13,"XXXQDM":"02","KXH":"01","KSJC":11,"XKZRS":140,"SKZC":"111111110000000000000000","SKJS":"张凌云","ISTK":0,"ZCMC":"1-8周","YPSJDD":"1-8周 星期一 第11节-第13节 南湖南-博学东楼-404","XF":1,"SKXQ":1,"XNXQDM":"2024-2025-2","KCM":"考研与留学(GX)","JASDM":"0202020404","JXLDM":"020202","JXBID":"20242-08668","SKBJ":"公选-08668","TYXMDM":null,"KCH":"10222121221"},{"KKDWDM":"038","XS":24,"BYBZ":"0","JSJC":13,"XXXQDM":"02","KXH":"01","KSJC":11,"XKZRS":127,"SKZC":"111111110000000000000000","SKJS":"郭善林","ISTK":0,"ZCMC":"1-8周","YPSJDD":"1-8周 星期四 第11节-第13节 南湖南-博学东楼-404","XF":1,"SKXQ":4,"XNXQDM":"2024-2025-2","KCM":"孙子兵法(GX)","JASDM":"0202020404","JXLDM":"020202","JXBID":"20242-08990","SKBJ":"公选-08990","TYXMDM":null,"KCH":"10382121007"},{"KKDWDM":"020","XS":24,"BYBZ":"0","JSJC":13,"XXXQDM":"02","KXH":"01","KSJC":11,"XKZRS":20,"SKZC":"111111110000000000000000","SKJS":"胡敏","ISTK":0,"ZCMC":"1-8周","YPSJDD":"1-8周 星期三 第11节-第13节 南湖南-博学东楼-404","XF":1,"SKXQ":3,"XNXQDM":"2024-2025-2","KCM":"英语公共演讲(GX)","JASDM":"0202020404","JXLDM":"020202","JXBID":"20242-08406","SKBJ":"公选-08406","TYXMDM":null,"KCH":"10202121142"},{"KKDWDM":"018","XS":56,"BYBZ":"0","JSJC":5,"XXXQDM":"02","KXH":"02","KSJC":3,"XKZRS":81,"SKZC":"111110000000000000000000000000","SKJS":"谷军健","ISTK":0,"ZCMC":"1-5周","YPSJDD":"11-16周 星期五 第3节-第5节 南湖南-博学东楼-404,1-5周 星期五 第3节-第5节 南湖南-博学东楼-404,7-9周 星期五 第3节-第5节 南湖南-博学东楼-404,9周 星期日 第3节-第5节 南湖南-博学东楼-404,17周 星期三 第3节-第5节 南湖南-博学东楼-404","XF":3,"SKXQ":5,"XNXQDM":"2024-2025-2","KCM":"计量经济学","JASDM":"0202020404","JXLDM":"020202","JXBID":"20242-05082","SKBJ":"国贸2301-02,数经sy2301,经 济2301","TYXMDM":null,"KCH":"10054111058"},{"KKDWDM":"016","XS":48,"BYBZ":"0","JSJC":8,"XXXQDM":"02","KXH":"01","KSJC":6,"XKZRS":134,"SKZC":"111110000000000000000000000000","SKJS":"曾旋","ISTK":0,"ZCMC":"1-5周","YPSJDD":"17周 星期三 第6节-第8节 南湖南-博学东楼-404,7-9周 星期五 第6节-第8节 南湖南-博学东楼-404,1-5周 星期五 第6节-第8节 南湖南-博学东楼-404,9周 星期日 第6节-第8节 南湖南-博学东楼-404,11-16周 星期五 第6节-第8节 南湖南-博学东楼-404","XF":3,"SKXQ":5,"XNXQDM":"2024-2025-2","KCM":"有机化学C","JASDM":"0202020404","JXLDM":"020202","JXBID":"20242-04393","SKBJ":"材化2301,高分子2301-02","TYXMDM":null,"KCH":"10163112118"},{"KKDWDM":"016","XS":48,"BYBZ":"0","JSJC":8,"XXXQDM":"02","KXH":"01","KSJC":6,"XKZRS":134,"SKZC":"000000111000000000000000000000","SKJS":"曾旋","ISTK":0,"ZCMC":"7-9周","YPSJDD":"17周 星期三 第6节-第8节 南湖南-博学东楼-404,7-9周 星期五 第6节-第8节 南湖南-博学东楼-404,1-5周 星期五 第6节-第8节 南湖南-博学东楼-404,9周 星期日 第6节-第8节 南湖南-博学东楼-404,11-16周 星期五 第6节-第8节 南湖南-博学东楼-404","XF":3,"SKXQ":5,"XNXQDM":"2024-2025-2","KCM":"有机化学C","JASDM":"0202020404","JXLDM":"020202","JXBID":"20242-04393","SKBJ":"材化2301,高分子2301-02","TYXMDM":null,"KCH":"10163112118"},{"KKDWDM":"018","XS":56,"BYBZ":"0","JSJC":5,"XXXQDM":"02","KXH":"02","KSJC":3,"XKZRS":81,"SKZC":"000000111000000000000000000000","SKJS":"谷军健","ISTK":0,"ZCMC":"7-9周","YPSJDD":"11-16周 星期五 第3节-第5节 南湖南-博学东楼-404,1-5周 星期五 第3节-第5节 南湖南-博学东楼-404,7-9周 星期五 第3节-第5节 南湖南-博学东楼-404,9周 星期日 第3节-第5节 南湖南-博学东楼-404,17周 星期三 第3节-第5节 南湖南-博学东楼-404","XF":3,"SKXQ":5,"XNXQDM":"2024-2025-2","KCM":"计量经济学","JASDM":"0202020404","JXLDM":"020202","JXBID":"20242-05082","SKBJ":"国贸2301-02,数经sy2301,经 济2301","TYXMDM":null,"KCH":"10054111058"},{"KKDWDM":"016","XS":48,"BYBZ":"0","JSJC":8,"XXXQDM":"02","KXH":"01","KSJC":6,"XKZRS":134,"SKZC":"000000001000000000000000000000","SKJS":"曾旋","ISTK":0,"ZCMC":"9周","YPSJDD":"17周 星期三 第6节-第8节 南湖南-博学东楼-404,7-9周 星期五 第6节-第8节 南湖南-博学东楼-404,1-5周 星期五 第6节-第8节 南湖南-博学东楼-404,9周 星期日 第6节-第8节 南湖南-博学东楼-404,11-16周 星期五 第6节-第8节 南湖南-博学东楼-404","XF":3,"SKXQ":7,"XNXQDM":"2024-2025-2","KCM":"有机化学C","JASDM":"0202020404","JXLDM":"020202","JXBID":"20242-04393","SKBJ":"材化2301,高分子2301-02","TYXMDM":null,"KCH":"10163112118"},{"KKDWDM":"018","XS":56,"BYBZ":"0","JSJC":5,"XXXQDM":"02","KXH":"02","KSJC":3,"XKZRS":81,"SKZC":"000000001000000000000000000000","SKJS":"谷军健","ISTK":0,"ZCMC":"9周","YPSJDD":"11-16周 星期五 第3节-第5节 南湖南-博学东楼-404,1-5周 星期五 第3节-第5节 南湖南-博学东楼-404,7-9周 星期五 第3节-第5节 南湖南-博学东楼-404,9周 星期日 第3节-第5节 南湖南-博学东楼-404,17周 星期三 第3节-第5节 南湖南-博学东楼-404","XF":3,"SKXQ":7,"XNXQDM":"2024-2025-2","KCM":"计量经济学","JASDM":"0202020404","JXLDM":"020202","JXBID":"20242-05082","SKBJ":"国贸2301-02,数经sy2301,经 济2301","TYXMDM":null,"KCH":"10054111058"},{"KKDWDM":"016","XS":48,"BYBZ":"0","JSJC":8,"XXXQDM":"02","KXH":"01","KSJC":6,"XKZRS":134,"SKZC":"000000000011111100000000000000","SKJS":"曾旋","ISTK":0,"ZCMC":"11-16周","YPSJDD":"17周 星期三 第6节-第8节 南湖南-博学东楼-404,7-9周 星期五 第6节-第8节 南湖南-博学东楼-404,1-5周 星期五 第6节-第8节 南湖南-博学东楼-404,9周 星期日 第6节-第8节 南湖南-博学东楼-404,11-16周 星期五 第6节-第8节 南湖南-博学东楼-404","XF":3,"SKXQ":5,"XNXQDM":"2024-2025-2","KCM":"有机化学C","JASDM":"0202020404","JXLDM":"020202","JXBID":"20242-04393","SKBJ":"材化2301,高分子2301-02","TYXMDM":null,"KCH":"10163112118"},{"KKDWDM":"018","XS":56,"BYBZ":"0","JSJC":5,"XXXQDM":"02","KXH":"02","KSJC":3,"XKZRS":81,"SKZC":"000000000011111100000000000000","SKJS":"谷军健","ISTK":0,"ZCMC":"11-16周","YPSJDD":"11-16周 星期五 第3节-第5节 南湖南-博学东楼-404,1-5周 星期五 第3节-第5节 南湖南-博学东楼-404,7-9周 星期五 第3节-第5节 南湖南-博学东楼-404,9周 星期日 第3节-第5节 南湖南-博学东楼-404,17周 星期三 第3节-第5节 南湖南-博学东楼-404","XF":3,"SKXQ":5,"XNXQDM":"2024-2025-2","KCM":"计量经济学","JASDM":"0202020404","JXLDM":"020202","JXBID":"20242-05082","SKBJ":"国贸2301-02,数经sy2301,经 济2301","TYXMDM":null,"KCH":"10054111058"},{"KKDWDM":"021","XS":36,"BYBZ":"0","JSJC":5,"XXXQDM":"02","KXH":"13","KSJC":3,"XKZRS":94,"SKZC":"000000000011100000000000000000","SKJS":"杨安妮","ISTK":0,"ZCMC":"11-13周","YPSJDD":"11-13周 星期四 第3节-第5节 南湖南-博学东楼-404,1-9周 星期四 第3节-第5节 南湖南-博学东楼-404","XF":2,"SKXQ":4,"XNXQDM":"2024-2025-2","KCM":"习近平新时代中国特色社会主义思想概论","JASDM":"0202020404","JXLDM":"020202","JXBID":"20242-12230","SKBJ":"人力2301-02,会计ACCA2301","TYXMDM":null,"KCH":"10211121033"},{"KKDWDM":"012","XS":32,"BYBZ":"0","JSJC":7,"XXXQDM":"02","KXH":"02","KSJC":6,"XKZRS":46,"SKZC":"000000000010000000000000","SKJS":"向剑文,田璟","ISTK":0,"ZCMC":"11周","YPSJDD":"11周 星期二 第6节-第7节 南湖南-博学东楼-404,1-10周 星期二 第6节-第8节 南湖南-博学东楼-404","XF":2,"SKXQ":2,"XNXQDM":"2024-2025-2","KCM":"知识管理与知识工程","JASDM":"0202020404","JXLDM":"020202","JXBID":"20242-05301","SKBJ":"软件2301-02,软件sy2301,软件zy2301-02","TYXMDM":null,"KCH":"10126117204"},{"KKDWDM":"022","XS":32,"BYBZ":"0","JSJC":12,"XXXQDM":"02","KXH":"01","KSJC":11,"XKZRS":140,"SKZC":"000000000010000000000000","SKJS":"张雄军","ISTK":0,"ZCMC":"11周","YPSJDD":"11周 星期二 第11节-第12节 南湖南-博学东楼-404,1-10周 星期二 第11节-第13节 南湖南-博学东楼-404","XF":2,"SKXQ":2,"XNXQDM":"2024-2025-2","KCM":"消费者心理学(GX)","JASDM":"0202020404","JXLDM":"020202","JXBID":"20242-11463","SKBJ":"公选-11463","TYXMDM":null,"KCH":"10222121208"},{"KKDWDM":"012","XS":72,"BYBZ":"0","JSJC":2,"XXXQDM":"02","KXH":"02","KSJC":1,"XKZRS":52,"SKZC":"000000000001110000000000000000","SKJS":"姚寒冰","ISTK":0,"ZCMC":"12-14周","YPSJDD":"1-10周 星期一 第1节-第2节 南湖南-博学东楼-404,16-17周 星期一 第1节-第2节 南湖南-博学东楼-404,12-14周 星期一 第1节-第2节 南湖南-博学东楼-404,1-15周 星期三 第3节-第4节 南湖南-博学东楼-404,17周 星期二 第1节-第2节 南湖南-博学东楼-404","XF":4,"SKXQ":1,"XNXQDM":"2024-2025-2","KCM":"计算机组成与系统结构","JASDM":"0202020404","JXLDM":"020202","JXBID":"20242-05189","SKBJ":"计算机2303-04","TYXMDM":null,"KCH":"10153111012"},{"KKDWDM":"018","XS":40,"BYBZ":"0","JSJC":7,"XXXQDM":"02","KXH":"01","KSJC":6,"XKZRS":103,"SKZC":"000000000000010100000000","SKJS":"吕娜","ISTK":0,"ZCMC":"14-16周(双)","YPSJDD":"14-16周(双) 星期一 第6节-第7节 南湖南-博学东楼-404,1-10周,12-13周 星期一 第6节-第8节 南湖南-博学东楼-404","XF":2,"SKXQ":1,"XNXQDM":"2024-2025-2","KCM":"宏观经济学","JASDM":"0202020404","JXLDM":"020202","JXBID":"20242-06467","SKBJ":"数经sy2401,金融kj2401,金融sy2401","TYXMDM":null,"KCH":"10183124157"},{"KKDWDM":"012","XS":72,"BYBZ":"0","JSJC":2,"XXXQDM":"02","KXH":"02","KSJC":1,"XKZRS":52,"SKZC":"000000000000000110000000000000","SKJS":"姚寒冰","ISTK":0,"ZCMC":"16-17周","YPSJDD":"1-10周 星期一 第1节-第2节 南湖南-博学东楼-404,16-17周 星期一 第1节-第2节 南湖南-博学东楼-404,12-14周 星期一 第1节-第2节 南湖南-博学东楼-404,1-15周 星期三 第3节-第4节 南湖南-博学东楼-404,17周 星期二 第1节-第2节 南湖南-博学东楼-404","XF":4,"SKXQ":1,"XNXQDM":"2024-2025-2","KCM":"计算机组成与系统结构","JASDM":"0202020404","JXLDM":"020202","JXBID":"20242-05189","SKBJ":"计算机2303-04","TYXMDM":null,"KCH":"10153111012"},{"KKDWDM":"012","XS":72,"BYBZ":"0","JSJC":2,"XXXQDM":"02","KXH":"02","KSJC":1,"XKZRS":52,"SKZC":"000000000000000010000000000000","SKJS":"姚寒冰","ISTK":0,"ZCMC":"17周","YPSJDD":"1-10周 星期一 第1节-第2节 南湖南-博学东楼-404,16-17周 星期一 第1节-第2节 南湖南-博学东楼-404,12-14周 星期一 第1节-第2节 南湖南-博学东楼-404,1-15周 星期三 第3节-第4节 南湖南-博学东楼-404,17周 星期二 第1节-第2节 南湖南-博学东楼-404","XF":4,"SKXQ":2,"XNXQDM":"2024-2025-2","KCM":"计算机组成与系统结构","JASDM":"0202020404","JXLDM":"020202","JXBID":"20242-05189","SKBJ":"计算机2303-04","TYXMDM":null,"KCH":"10153111012"},{"KKDWDM":"018","XS":56,"BYBZ":"0","JSJC":5,"XXXQDM":"02","KXH":"02","KSJC":3,"XKZRS":81,"SKZC":"000000000000000010000000000000","SKJS":"谷军健","ISTK":0,"ZCMC":"17周","YPSJDD":"11-16周 星期五 第3节-第5节 南湖南-博学东楼-404,1-5周 星期五 第3节-第5节 南湖南-博学东楼-404,7-9周 星期五 第3节-第5节 南湖南-博学东楼-404,9周 星期日 第3节-第5节 南湖南-博学东楼-404,17周 星期三 第3节-第5节 南湖南-博学东楼-404","XF":3,"SKXQ":3,"XNXQDM":"2024-2025-2","KCM":"计量经济学","JASDM":"0202020404","JXLDM":"020202","JXBID":"20242-05082","SKBJ":"国贸2301-02,数经sy2301,经 济2301","TYXMDM":null,"KCH":"10054111058"},{"KKDWDM":"016","XS":48,"BYBZ":"0","JSJC":8,"XXXQDM":"02","KXH":"01","KSJC":6,"XKZRS":134,"SKZC":"000000000000000010000000000000","SKJS":"曾旋","ISTK":0,"ZCMC":"17周","YPSJDD":"17周 星期三 第6节-第8节 南湖南-博学东楼-404,7-9周 星期五 第6节-第8节 南湖南-博学东楼-404,1-5周 星期五 第6节-第8节 南湖南-博学东楼-404,9周 星期日 第6节-第8节 南湖南-博学东楼-404,11-16周 星期五 第6节-第8节 南湖南-博学东楼-404","XF":3,"SKXQ":3,"XNXQDM":"2024-2025-2","KCM":"有机化学C","JASDM":"0202020404","JXLDM":"020202","JXBID":"20242-04393","SKBJ":"材化2301,高分子2301-02","TYXMDM":null,"KCH":"10163112118"},{"KKDWDM":"012","XS":64,"BYBZ":"0","JSJC":4,"XXXQDM":"02","KXH":"02","KSJC":3,"XKZRS":108,"SKZC":"000000000000000010000000","SKJS":"李宁","ISTK":0,"ZCMC":"17周","YPSJDD":"17周 星期一 第3节-第4节 南湖南-博学东楼-404,17周 星期二 第3节-第4节 南湖南-博学东楼-404,1-10周,12-14周,16周 星期一 第3节-第5节 南湖南-博学东楼-404","XF":4,"SKXQ":1,"XNXQDM":"2024-2025-2","KCM":"计算机组成与体系结构","JASDM":"0202020404","JXLDM":"020202","JXBID":"20242-04846","SKBJ":"软件sy2301,软件zy2301-02","TYXMDM":null,"KCH":"10124121071"},{"KKDWDM":"012","XS":64,"BYBZ":"0","JSJC":4,"XXXQDM":"02","KXH":"02","KSJC":3,"XKZRS":108,"SKZC":"000000000000000010000000","SKJS":"李宁","ISTK":0,"ZCMC":"17周","YPSJDD":"17周 星期一 第3节-第4节 南湖南-博学东楼-404,17周 星期二 第3节-第4节 南湖南-博学东楼-404,1-10周,12-14周,16周 星期一 第3节-第5节 南湖南-博学东楼-404","XF":4,"SKXQ":2,"XNXQDM":"2024-2025-2","KCM":"计算机组成与体系结构","JASDM":"0202020404","JXLDM":"020202","JXBID":"20242-04846","SKBJ":"软件sy2301,软件zy2301-02","TYXMDM":null,"KCH":"10124121071"}]}},"code":"0"}