{"datas":{"jaskcb":{"extParams":{"code":1,"msg":"查询成功"},"pageSize":0,"pageNumber":0,"totalSize":-1,"rows":[{"KKDWDM":"012","XS":32,"BYBZ":"0","JSJC":7,"XXXQDM":"02","KXH":"21","KSJC":6,"XKZRS":60,"SKZC":"111111111111111100000000","SKJS":"李屾","ISTK":0,"ZCMC":"1-16周","YPSJDD":"1-16周 星期二 第6节-第7节 南湖南-博学东楼-102","XF":2,"SKXQ":2,"XNXQDM":"2024-2025-2","KCM":"Python程序设计基础B","JASDM":"0202020102","JXLDM":"020202","JXBID":"20242-12106","SKBJ":"环科类2403-04","TYXMDM":null,"KCH":"10121121085"},{"KKDWDM":"012","XS":32,"BYBZ":"0","JSJC":7,"XXXQDM":"02","KXH":"01","KSJC":6,"XKZRS":71,"SKZC":"11111111111111110000","SKJS":"付国江","ISTK":0,"ZCMC":"1-16周","YPSJDD":"1-16周 星期三 第6节-第7节 南湖南-博学东楼-102","XF":2,"SKXQ":3,"XNXQDM":"2024-2025-2","KCM":"C程序设计基础A","JASDM":"0202020102","JXLDM":"020202","JXBID":"20242-06207","SKBJ":"自动化类2413-14","TYXMDM":null,"KCH":"10121121088"},{"KKDWDM":"012","XS":32,"BYBZ":"0","JSJC":2,"XXXQDM":"02","KXH":"04","KSJC":1,"XKZRS":100,"SKZC":"11111111111111110000","SKJS":"孙骏","ISTK":0,"ZCMC":"1-16周","YPSJDD":"1-16周 星期二 第1节-第2节 南湖南-博学东楼-102","XF":2,"SKXQ":2,"XNXQDM":"2024-2025-2","KCM":"C程序设计基础A","JASDM":"0202020102","JXLDM":"020202","JXBID":"20242-11781","SKBJ":"自动化类2404-06","TYXMDM":null,"KCH":"10121121088"},{"KKDWDM":"012","XS":32,"BYBZ":"0","JSJC":4,"XXXQDM":"02","KXH":"11","KSJC":3,"XKZRS":97,"SKZC":"11111111111111110000","SKJS":"李宁","ISTK":0,"ZCMC":"1-16周","YPSJDD":"1-16周 星期二 第3节-第4节 南湖南-博学东楼-102","XF":2,"SKXQ":2,"XNXQDM":"2024-2025-2","KCM":"Python程序设计基础B","JASDM":"0202020102","JXLDM":"020202","JXBID":"20242-11915","SKBJ":"工商类2410-12","TYXMDM":null,"KCH":"10121121085"},{"KKDWDM":"012","XS":32,"BYBZ":"0","JSJC":2,"XXXQDM":"02","KXH":"12","KSJC":1,"XKZRS":103,"SKZC":"11111111111111110000","SKJS":"赵广辉","ISTK":0,"ZCMC":"1-16周","YPSJDD":"1-16周 星期三 第1节-第2节 南湖南-博学东楼-102","XF":2,"SKXQ":3,"XNXQDM":"2024-2025-2","KCM":"Python程序设计基础A","JASDM":"0202020102","JXLDM":"020202","JXBID":"20242-11726","SKBJ":"材料类2404-06","TYXMDM":null,"KCH":"10121121086"},{"KKDWDM":"038","XS":32,"BYBZ":"0","JSJC":10,"XXXQDM":"02","KXH":"06","KSJC":9,"XKZRS":136,"SKZC":"11111111111100000000","SKJS":"戴美娟","ISTK":0,"ZCMC":"1-12周","YPSJDD":"1-12周 星期三 第9节-第10节 南湖南-博学东楼-102","XF":2,"SKXQ":3,"XNXQDM":"2024-2025-2","KCM":"心理健康教育","JASDM":"0202020102","JXLDM":"020202","JXBID":"20242-06166","SKBJ":"计算机类2413-14,软件sy2401","TYXMDM":null,"KCH":"10388117003"},{"KKDWDM":"038","XS":32,"BYBZ":"0","JSJC":10,"XXXQDM":"02","KXH":"43","KSJC":9,"XKZRS":140,"SKZC":"11111111111100000000","SKJS":"李奕辰","ISTK":0,"ZCMC":"1-12周","YPSJDD":"1-12周 星期二 第9节-第10节 南湖南-博学东楼-102","XF":2,"SKXQ":2,"XNXQDM":"2024-2025-2","KCM":"心理健康教育","JASDM":"0202020102","JXLDM":"020202","JXBID":"20242-12259","SKBJ":"计算机类2409-12","TYXMDM":null,"KCH":"10388117003"},{"KKDWDM":"011","XS":32,"BYBZ":"0","JSJC":2,"XXXQDM":"02","KXH":"17","KSJC":1,"XKZRS":97,"SKZC":"111111111100000000000000000000","SKJS":"吴皓莹","ISTK":0,"ZCMC":"1-10周","YPSJDD":"16-17周 星期一 第1节-第2节 南湖南-博学东楼-102,17周 星期二 第1节-第2节 南湖南-博学东楼-102,12-14周 星期一 第1节-第2节 南湖南-博学东楼-102,1-10周 星期一 第1节-第2节 南湖南-博学东楼-102","XF":2,"SKXQ":1,"XNXQDM":"2024-2025-2","KCM":"电路原理B上","JASDM":"0202020102","JXLDM":"020202","JXBID":"20242-10398","SKBJ":"电信类2413-15","TYXMDM":null,"KCH":"10113125001"},{"KKDWDM":"021","XS":36,"BYBZ":"0","JSJC":8,"XXXQDM":"02","KXH":"96","KSJC":6,"XKZRS":109,"SKZC":"111111111100000000000000000000","SKJS":"骆虹","ISTK":0,"ZCMC":"1-10周","YPSJDD":"1-10周 星期一 第6节-第8节 南湖南-博学东楼-102,12-13周 星期一 第6节-第8节 南湖南-博学东楼-102","XF":2,"SKXQ":1,"XNXQDM":"2024-2025-2","KCM":"习近平新时代中国特色社会主义思想概论","JASDM":"0202020102","JXLDM":"020202","JXBID":"20242-05022","SKBJ":"产品设计2301-03,设计学2301","TYXMDM":null,"KCH":"10211121033"},{"KKDWDM":"021","XS":48,"BYBZ":"0","JSJC":5,"XXXQDM":"02","KXH":"11","KSJC":3,"XKZRS":99,"SKZC":"111111111100000000000000000000","SKJS":"曾蔚","ISTK":0,"ZCMC":"1-10周","YPSJDD":"16周 星期一 第3节-第5节 南湖南-博学东楼-102,12-14周 星期一 第3节-第5节 南湖南-博学东楼-102,1-10周 星期一 第3节-第5节 南湖南-博学东楼-102","XF":3,"SKXQ":1,"XNXQDM":"2024-2025-2","KCM":"思想道德与法治","JASDM":"0202020102","JXLDM":"020202","JXBID":"20242-11920","SKBJ":"化生类2401-04","TYXMDM":null,"KCH":"10211124001"},{"KKDWDM":"007","XS":32,"BYBZ":"0","JSJC":13,"XXXQDM":"02","KXH":"01","KSJC":11,"XKZRS":134,"SKZC":"111111111100000000000000","SKJS":"李江天,王玮","ISTK":0,"ZCMC":"1-10周","YPSJDD":"11周 星期三 第11节-第12节 南湖南-博学东楼-102,1-10周 星期三 第11节-第13节 南湖南-博学东楼-102","XF":2,"SKXQ":3,"XNXQDM":"2024-2025-2","KCM":"二手车评估","JASDM":"0202020102","JXLDM":"020202","JXBID":"20242-07458","SKBJ":"公选-07458","TYXMDM":null,"KCH":"10076121245"},{"KKDWDM":"009","XS":32,"BYBZ":"0","JSJC":13,"XXXQDM":"02","KXH":"01","KSJC":11,"XKZRS":140,"SKZC":"111111111100000000000000","SKJS":"姜宇","ISTK":0,"ZCMC":"1-10周","YPSJDD":"12周 星期一 第11节-第12节 南湖南-博学东楼-102,1-10周 星期一 第11节-第13节 南湖南-博学东楼-102","XF":2,"SKXQ":1,"XNXQDM":"2024-2025-2","KCM":"流域水环境系统学(JD)","JASDM":"0202020102","JXLDM":"020202","JXBID":"20242-07619","SKBJ":"公选-07619","TYXMDM":null,"KCH":"10096121192"},{"KKDWDM":"008","XS":32,"BYBZ":"0","JSJC":5,"XXXQDM":"02","KXH":"03","KSJC":3,"XKZRS":82,"SKZC":"1111111111","SKJS":"吴飞","ISTK":0,"ZCMC":"1-10周","YPSJDD":"1-10周 星期三 第3节-第5节 南湖南-博学东楼-102","XF":2,"SKXQ":3,"XNXQDM":"2024-2025-2","KCM":"数控技术B","JASDM":"0202020102","JXLDM":"020202","JXBID":"20242-11156","SKBJ":"机械2201-02","TYXMDM":null,"KCH":"10084117055"},{"KKDWDM":"038","XS":32,"BYBZ":"0","JSJC":4,"XXXQDM":"02","KXH":"29","KSJC":3,"XKZRS":118,"SKZC":"111111111000000000000000000000","SKJS":"张梦贤","ISTK":0,"ZCMC":"1-9周","YPSJDD":"11-13周 星期四 第3节-第4节 南湖南-博学东楼-102,1-9周 星期四 第3节-第4节 南湖南-博学东楼-102","XF":2,"SKXQ":4,"XNXQDM":"2024-2025-2","KCM":"心理健康教育","JASDM":"0202020102","JXLDM":"020202","JXBID":"20242-11938","SKBJ":"动画2401,设计学类2401-04","TYXMDM":null,"KCH":"10388117003"},{"KKDWDM":"012","XS":32,"BYBZ":"0","JSJC":2,"XXXQDM":"02","KXH":"13","KSJC":1,"XKZRS":110,"SKZC":"111111111000000000000000000000","SKJS":"秦珀石","ISTK":0,"ZCMC":"1-9周","YPSJDD":"11-17周 星期四 第1节-第2节 南湖南-博学东楼-102,1-9周 星期四 第1节-第2节 南湖南-博学东楼-102","XF":2,"SKXQ":4,"XNXQDM":"2024-2025-2","KCM":"Python程序设计基础A","JASDM":"0202020102","JXLDM":"020202","JXBID":"20242-11727","SKBJ":"材料类2407-09","TYXMDM":null,"KCH":"10121121086"},{"KKDWDM":"009","XS":16,"BYBZ":"0","JSJC":12,"XXXQDM":"02","KXH":"01","KSJC":11,"XKZRS":138,"SKZC":"111111110000000000000000","SKJS":"张倩","ISTK":0,"ZCMC":"1-8周","YPSJDD":"1-8周 星期四 第11节-第12节 南湖南-博学东楼-102","XF":1,"SKXQ":4,"XNXQDM":"2024-2025-2","KCM":"城市水系统与碳排放(JD)","JASDM":"0202020102","JXLDM":"020202","JXBID":"20242-07582","SKBJ":"公选-07582","TYXMDM":null,"KCH":"10096121195"},{"KKDWDM":"007","XS":24,"BYBZ":"0","JSJC":13,"XXXQDM":"02","KXH":"01","KSJC":11,"XKZRS":106,"SKZC":"111111110000000000000000","SKJS":"郭冠伦,魏明锐","ISTK":0,"ZCMC":"1-8周","YPSJDD":"1-8周 星期二 第11节-第13节 南湖南-博学东楼-102","XF":1,"SKXQ":2,"XNXQDM":"2024-2025-2","KCM":"能源科学导论(GX)","JASDM":"0202020102","JXLDM":"020202","JXBID":"20242-07451","SKBJ":"公选-07451","TYXMDM":null,"KCH":"10072121213"},{"KKDWDM":"008","XS":40,"BYBZ":"0","JSJC":8,"XXXQDM":"02","KXH":"19","KSJC":6,"XKZRS":117,"SKZC":"111110111011100000000000","SKJS":"刘诏书,张宏","ISTK":0,"ZCMC":"1-5周,7-9周,11-13周","YPSJDD":"14-15周 星期五 第6节-第7节 南湖南-博学东楼-102,1-5周,7-9周,11-13周 星期五 第6节-第8节 南湖南-博学东楼-102,9周 星期日 第6节-第8节 南湖南-博学东楼-102","XF":2,"SKXQ":5,"XNXQDM":"2024-2025-2","KCM":"机械设计基础B","JASDM":"0202020102","JXLDM":"020202","JXBID":"20242-11496","SKBJ":"建环2302,材科2303-04","TYXMDM":null,"KCH":"10083117102"},{"KKDWDM":"021","XS":48,"BYBZ":"0","JSJC":5,"XXXQDM":"02","KXH":"10","KSJC":3,"XKZRS":94,"SKZC":"111110000000000000000000000000","SKJS":"杨成刚","ISTK":0,"ZCMC":"1-5周","YPSJDD":"9周 星期日 第3节-第5节 南湖南-博学东楼-102,11-15周 星期五 第3节-第5节 南湖南-博学东楼-102,7-9周 星期五 第3节-第5节 南湖南-博学东楼-102,1-5周 星期五 第3节-第5节 南湖南-博学东楼-102","XF":3,"SKXQ":5,"XNXQDM":"2024-2025-2","KCM":"思想道德与法治","JASDM":"0202020102","JXLDM":"020202","JXBID":"20242-11919","SKBJ":"化生类2409-11","TYXMDM":null,"KCH":"10211124001"},{"KKDWDM":"072","XS":16,"BYBZ":"0","JSJC":2,"XXXQDM":"02","KXH":"05","KSJC":1,"XKZRS":125,"SKZC":"111110000000000000000000000000","SKJS":"文江辉","ISTK":0,"ZCMC":"1-5周","YPSJDD":"7-8周 星期五 第1节-第2节 南湖南-博学东楼-102,1-5周 星期五 第1节-第2节 南湖南-博学东楼-102,9周 星期日 第1节-第2节 南湖南-博学东楼-102","XF":1,"SKXQ":5,"XNXQDM":"2024-2025-2","KCM":"专业导论","JASDM":"0202020102","JXLDM":"020202","JXBID":"20242-10900","SKBJ":"数学类2404-06","TYXMDM":null,"KCH":"10154113022"},{"KKDWDM":"021","XS":8,"BYBZ":"0","JSJC":10,"XXXQDM":"02","KXH":"541","KSJC":9,"XKZRS":136,"SKZC":"0001111","SKJS":"梅运彬","ISTK":0,"ZCMC":"4-7周","YPSJDD":"4-7周 星期四 第9节-第10节 南湖南-博学东楼-102","XF":0,"SKXQ":4,"XNXQDM":"2024-2025-2","KCM":"形势与政策","JASDM":"0202020102","JXLDM":"020202","JXBID":"20242-14132","SKBJ":null,"TYXMDM":null,"KCH":"10218121092"},{"KKDWDM":"021","XS":8,"BYBZ":"0","JSJC":7,"XXXQDM":"02","KXH":"532","KSJC":6,"XKZRS":136,"SKZC":"0001111","SKJS":"梅运彬","ISTK":0,"ZCMC":"4-7周","YPSJDD":"4-7周 星期四 第6节-第7节 南湖南-博学东楼-102","XF":0,"SKXQ":4,"XNXQDM":"2024-2025-2","KCM":"形势与政策","JASDM":"0202020102","JXLDM":"020202","JXBID":"20242-14123","SKBJ":null,"TYXMDM":null,"KCH":"10218121092"},{"KKDWDM":"021","XS":48,"BYBZ":"0","JSJC":5,"XXXQDM":"02","KXH":"10","KSJC":3,"XKZRS":94,"SKZC":"000000111000000000000000000000","SKJS":"杨成刚","ISTK":0,"ZCMC":"7-9周","YPSJDD":"9周 星期日 第3节-第5节 南湖南-博学东楼-102,11-15周 星期五 第3节-第5节 南湖南-博学东楼-102,7-9周 星期五 第3节-第5节 南湖南-博学东楼-102,1-5周 星期五 第3节-第5节 南湖南-博学东楼-102","XF":3,"SKXQ":5,"XNXQDM":"2024-2025-2","KCM":"思想道德与法治","JASDM":"0202020102","JXLDM":"020202","JXBID":"20242-11919","SKBJ":"化生类2409-11","TYXMDM":null,"KCH":"10211124001"},{"KKDWDM":"072","XS":16,"BYBZ":"0","JSJC":2,"XXXQDM":"02","KXH":"05","KSJC":1,"XKZRS":125,"SKZC":"000000110000000000000000000000","SKJS":"文江辉","ISTK":0,"ZCMC":"7-8周","YPSJDD":"7-8周 星期五 第1节-第2节 南湖南-博学东楼-102,1-5周 星期五 第1节-第2节 南湖南-博学东楼-102,9周 星期日 第1节-第2节 南湖南-博学东楼-102","XF":1,"SKXQ":5,"XNXQDM":"2024-2025-2","KCM":"专业导论","JASDM":"0202020102","JXLDM":"020202","JXBID":"20242-10900","SKBJ":"数学类2404-06","TYXMDM":null,"KCH":"10154113022"},{"KKDWDM":"021","XS":8,"BYBZ":"0","JSJC":10,"XXXQDM":"02","KXH":"573","KSJC":9,"XKZRS":136,"SKZC":"000000011011000000000000","SKJS":"牟颖","ISTK":0,"ZCMC":"8-9周,11-12周","YPSJDD":"8-9周,11-12周 星期四 第9节-第10节 南湖南-博学东楼-102","XF":0,"SKXQ":4,"XNXQDM":"2024-2025-2","KCM":"形势与政策","JASDM":"0202020102","JXLDM":"020202","JXBID":"20242-14164","SKBJ":null,"TYXMDM":null,"KCH":"10218121092"},{"KKDWDM":"021","XS":8,"BYBZ":"0","JSJC":7,"XXXQDM":"02","KXH":"550","KSJC":6,"XKZRS":135,"SKZC":"000000011011000000000000","SKJS":"严岿","ISTK":0,"ZCMC":"8-9周,11-12周","YPSJDD":"8-9周,11-12周 星期四 第6节-第7节 南湖南-博学东楼-102","XF":0,"SKXQ":4,"XNXQDM":"2024-2025-2","KCM":"形势与政策","JASDM":"0202020102","JXLDM":"020202","JXBID":"20242-14141","SKBJ":null,"TYXMDM":null,"KCH":"10218121092"},{"KKDWDM":"009","XS":24,"BYBZ":"0","JSJC":13,"XXXQDM":"02","KXH":"01","KSJC":11,"XKZRS":114,"SKZC":"000000001111110000000000","SKJS":"严行,陈伟","ISTK":0,"ZCMC":"9-14周","YPSJDD":"15周 星期二 第11节-第12节 南湖南-博学东楼-102,9-14周 星期二 第11节-第13节 南湖南-博学东楼-102","XF":1,"SKXQ":2,"XNXQDM":"2024-2025-2","KCM":"生成式人工智能导论(GX)","JASDM":"0202020102","JXLDM":"020202","JXBID":"20242-07638","SKBJ":"公选-07638","TYXMDM":null,"KCH":"10092124213"},{"KKDWDM":"007","XS":16,"BYBZ":"0","JSJC":10,"XXXQDM":"02","KXH":"04","KSJC":9,"XKZRS":27,"SKZC":"000000001100000000000000000000","SKJS":"喻厚宇,武冬梅,聂琳真,谢冲,郭巍","ISTK":0,"ZCMC":"9-10周","YPSJDD":"17周 星期二 第9节-第10节 南湖南-博学东楼-102,9-10周 星期一 第9节-第10节 南湖南-博学东楼-102,16-17周 星期一 第9节-第10节 南湖南-博学东楼-102,12-14周 星期一 第9节-第10节 南湖南-博学东楼-102","XF":1,"SKXQ":1,"XNXQDM":"2024-2025-2","KCM":"汽车新技术概论B","JASDM":"0202020102","JXLDM":"020202","JXBID":"20242-03944","SKBJ":"车辆gj2201-04","TYXMDM":null,"KCH":"10076117151"},{"KKDWDM":"072","XS":16,"BYBZ":"0","JSJC":2,"XXXQDM":"02","KXH":"05","KSJC":1,"XKZRS":125,"SKZC":"000000001000000000000000000000","SKJS":"文江辉","ISTK":0,"ZCMC":"9周","YPSJDD":"7-8周 星期五 第1节-第2节 南湖南-博学东楼-102,1-5周 星期五 第1节-第2节 南湖南-博学东楼-102,9周 星期日 第1节-第2节 南湖南-博学东楼-102","XF":1,"SKXQ":7,"XNXQDM":"2024-2025-2","KCM":"专业导论","JASDM":"0202020102","JXLDM":"020202","JXBID":"20242-10900","SKBJ":"数学类2404-06","TYXMDM":null,"KCH":"10154113022"},{"KKDWDM":"010","XS":32,"BYBZ":"0","JSJC":2,"XXXQDM":"02","KXH":"01","KSJC":1,"XKZRS":86,"SKZC":"000000001000000000000000000000","SKJS":"陈水平","ISTK":0,"ZCMC":"9周","YPSJDD":"11-15周 星期五 第1节-第2节 南湖南-博学东楼-102,9周 星期五 第1节-第2节 南湖南-博学东楼-102","XF":2,"SKXQ":5,"XNXQDM":"2024-2025-2","KCM":"环境CAD","JASDM":"0202020102","JXLDM":"020202","JXBID":"20242-04697","SKBJ":"环工2301-02,环科2301-02","TYXMDM":null,"KCH":"10105117001"},{"KKDWDM":"021","XS":48,"BYBZ":"0","JSJC":5,"XXXQDM":"02","KXH":"10","KSJC":3,"XKZRS":94,"SKZC":"000000001000000000000000000000","SKJS":"杨成刚","ISTK":0,"ZCMC":"9周","YPSJDD":"9周 星期日 第3节-第5节 南湖南-博学东楼-102,11-15周 星期五 第3节-第5节 南湖南-博学东楼-102,7-9周 星期五 第3节-第5节 南湖南-博学东楼-102,1-5周 星期五 第3节-第5节 南湖南-博学东楼-102","XF":3,"SKXQ":7,"XNXQDM":"2024-2025-2","KCM":"思想道德与法治","JASDM":"0202020102","JXLDM":"020202","JXBID":"20242-11919","SKBJ":"化生类2409-11","TYXMDM":null,"KCH":"10211124001"},{"KKDWDM":"008","XS":40,"BYBZ":"0","JSJC":8,"XXXQDM":"02","KXH":"19","KSJC":6,"XKZRS":117,"SKZC":"000000001000000000000000","SKJS":"刘诏书,张宏","ISTK":0,"ZCMC":"9周","YPSJDD":"14-15周 星期五 第6节-第7节 南湖南-博学东楼-102,1-5周,7-9周,11-13周 星期五 第6节-第8节 南湖南-博学东楼-102,9周 星期日 第6节-第8节 南湖南-博学东楼-102","XF":2,"SKXQ":7,"XNXQDM":"2024-2025-2","KCM":"机械设计基础B","JASDM":"0202020102","JXLDM":"020202","JXBID":"20242-11496","SKBJ":"建环2302,材科2303-04","TYXMDM":null,"KCH":"10083117102"},{"KKDWDM":"012","XS":32,"BYBZ":"0","JSJC":2,"XXXQDM":"02","KXH":"13","KSJC":1,"XKZRS":110,"SKZC":"000000000011111110000000000000","SKJS":"秦珀石","ISTK":0,"ZCMC":"11-17周","YPSJDD":"11-17周 星期四 第1节-第2节 南湖南-博学东楼-102,1-9周 星期四 第1节-第2节 南湖南-博学东楼-102","XF":2,"SKXQ":4,"XNXQDM":"2024-2025-2","KCM":"Python程序设计基础A","JASDM":"0202020102","JXLDM":"020202","JXBID":"20242-11727","SKBJ":"材料类2407-09","TYXMDM":null,"KCH":"10121121086"},{"KKDWDM":"010","XS":32,"BYBZ":"0","JSJC":2,"XXXQDM":"02","KXH":"01","KSJC":1,"XKZRS":86,"SKZC":"000000000011111000000000000000","SKJS":"陈水平","ISTK":0,"ZCMC":"11-15周","YPSJDD":"11-15周 星期五 第1节-第2节 南湖南-博学东楼-102,9周 星期五 第1节-第2节 南湖南-博学东楼-102","XF":2,"SKXQ":5,"XNXQDM":"2024-2025-2","KCM":"环境CAD","JASDM":"0202020102","JXLDM":"020202","JXBID":"20242-04697","SKBJ":"环工2301-02,环科2301-02","TYXMDM":null,"KCH":"10105117001"},{"KKDWDM":"021","XS":48,"BYBZ":"0","JSJC":5,"XXXQDM":"02","KXH":"10","KSJC":3,"XKZRS":94,"SKZC":"000000000011111000000000000000","SKJS":"杨成刚","ISTK":0,"ZCMC":"11-15周","YPSJDD":"9周 星期日 第3节-第5节 南湖南-博学东楼-102,11-15周 星期五 第3节-第5节 南湖南-博学东楼-102,7-9周 星期五 第3节-第5节 南湖南-博学东楼-102,1-5周 星期五 第3节-第5节 南湖南-博学东楼-102","XF":3,"SKXQ":5,"XNXQDM":"2024-2025-2","KCM":"思想道德与法治","JASDM":"0202020102","JXLDM":"020202","JXBID":"20242-11919","SKBJ":"化生类2409-11","TYXMDM":null,"KCH":"10211124001"},{"KKDWDM":"038","XS":32,"BYBZ":"0","JSJC":4,"XXXQDM":"02","KXH":"29","KSJC":3,"XKZRS":118,"SKZC":"000000000011100000000000000000","SKJS":"张梦贤","ISTK":0,"ZCMC":"11-13周","YPSJDD":"11-13周 星期四 第3节-第4节 南湖南-博学东楼-102,1-9周 星期四 第3节-第4节 南湖南-博学东楼-102","XF":2,"SKXQ":4,"XNXQDM":"2024-2025-2","KCM":"心理健康教育","JASDM":"0202020102","JXLDM":"020202","JXBID":"20242-11938","SKBJ":"动画2401,设计学类2401-04","TYXMDM":null,"KCH":"10388117003"},{"KKDWDM":"007","XS":32,"BYBZ":"0","JSJC":12,"XXXQDM":"02","KXH":"01","KSJC":11,"XKZRS":134,"SKZC":"000000000010000000000000","SKJS":"李江天,王玮","ISTK":0,"ZCMC":"11周","YPSJDD":"11周 星期三 第11节-第12节 南湖南-博学东楼-102,1-10周 星期三 第11节-第13节 南湖南-博学东楼-102","XF":2,"SKXQ":3,"XNXQDM":"2024-2025-2","KCM":"二手车评估","JASDM":"0202020102","JXLDM":"020202","JXBID":"20242-07458","SKBJ":"公选-07458","TYXMDM":null,"KCH":"10076121245"},{"KKDWDM":"011","XS":32,"BYBZ":"0","JSJC":2,"XXXQDM":"02","KXH":"17","KSJC":1,"XKZRS":97,"SKZC":"000000000001110000000000000000","SKJS":"吴皓莹","ISTK":0,"ZCMC":"12-14周","YPSJDD":"16-17周 星期一 第1节-第2节 南湖南-博学东楼-102,17周 星期二 第1节-第2节 南湖南-博学东楼-102,12-14周 星期一 第1节-第2节 南湖南-博学东楼-102,1-10周 星期一 第1节-第2节 南湖南-博学东楼-102","XF":2,"SKXQ":1,"XNXQDM":"2024-2025-2","KCM":"电路原理B上","JASDM":"0202020102","JXLDM":"020202","JXBID":"20242-10398","SKBJ":"电信类2413-15","TYXMDM":null,"KCH":"10113125001"},{"KKDWDM":"021","XS":48,"BYBZ":"0","JSJC":5,"XXXQDM":"02","KXH":"11","KSJC":3,"XKZRS":99,"SKZC":"000000000001110000000000000000","SKJS":"曾蔚","ISTK":0,"ZCMC":"12-14周","YPSJDD":"16周 星期一 第3节-第5节 南湖南-博学东楼-102,12-14周 星期一 第3节-第5节 南湖南-博学东楼-102,1-10周 星期一 第3节-第5节 南湖南-博学东楼-102","XF":3,"SKXQ":1,"XNXQDM":"2024-2025-2","KCM":"思想道德与法治","JASDM":"0202020102","JXLDM":"020202","JXBID":"20242-11920","SKBJ":"化生类2401-04","TYXMDM":null,"KCH":"10211124001"},{"KKDWDM":"007","XS":16,"BYBZ":"0","JSJC":10,"XXXQDM":"02","KXH":"04","KSJC":9,"XKZRS":27,"SKZC":"000000000001110000000000000000","SKJS":"喻厚宇,武冬梅,聂琳真,谢冲,郭巍","ISTK":0,"ZCMC":"12-14周","YPSJDD":"17周 星期二 第9节-第10节 南湖南-博学东楼-102,9-10周 星期一 第9节-第10节 南湖南-博学东楼-102,16-17周 星期一 第9节-第10节 南湖南-博学东楼-102,12-14周 星期一 第9节-第10节 南湖南-博学东楼-102","XF":1,"SKXQ":1,"XNXQDM":"2024-2025-2","KCM":"汽车新技术概论B","JASDM":"0202020102","JXLDM":"020202","JXBID":"20242-03944","SKBJ":"车辆gj2201-04","TYXMDM":null,"KCH":"10076117151"},{"KKDWDM":"021","XS":36,"BYBZ":"0","JSJC":8,"XXXQDM":"02","KXH":"96","KSJC":6,"XKZRS":109,"SKZC":"000000000001100000000000000000","SKJS":"骆虹","ISTK":0,"ZCMC":"12-13周","YPSJDD":"1-10周 星期一 第6节-第8节 南湖南-博学东楼-102,12-13周 星期一 第6节-第8节 南湖南-博学东楼-102","XF":2,"SKXQ":1,"XNXQDM":"2024-2025-2","KCM":"习近平新时代中国特色社会主义思想概论","JASDM":"0202020102","JXLDM":"020202","JXBID":"20242-05022","SKBJ":"产品设计2301-03,设计学2301","TYXMDM":null,"KCH":"10211121033"},{"KKDWDM":"009","XS":32,"BYBZ":"0","JSJC":12,"XXXQDM":"02","KXH":"01","KSJC":11,"XKZRS":140,"SKZC":"000000000001000000000000","SKJS":"姜宇","ISTK":0,"ZCMC":"12周","YPSJDD":"12周 星期一 第11节-第12节 南湖南-博学东楼-102,1-10周 星期一 第11节-第13节 南湖南-博学东楼-102","XF":2,"SKXQ":1,"XNXQDM":"2024-2025-2","KCM":"流域水环境系统学(JD)","JASDM":"0202020102","JXLDM":"020202","JXBID":"20242-07619","SKBJ":"公选-07619","TYXMDM":null,"KCH":"10096121192"},{"KKDWDM":"021","XS":8,"BYBZ":"0","JSJC":7,"XXXQDM":"02","KXH":"595","KSJC":6,"XKZRS":136,"SKZC":"0000000000001111","SKJS":"吴疆","ISTK":0,"ZCMC":"13-16周","YPSJDD":"13-16周 星期四 第6节-第7节 南湖南-博学东楼-102","XF":0,"SKXQ":4,"XNXQDM":"2024-2025-2","KCM":"形势与政策","JASDM":"0202020102","JXLDM":"020202","JXBID":"20242-14186","SKBJ":null,"TYXMDM":null,"KCH":"10218121092"},{"KKDWDM":"021","XS":8,"BYBZ":"0","JSJC":10,"XXXQDM":"02","KXH":"618","KSJC":9,"XKZRS":136,"SKZC":"0000000000001111","SKJS":"周旭","ISTK":0,"ZCMC":"13-16周","YPSJDD":"13-16周 星期四 第9节-第10节 南湖南-博学东楼-102","XF":0,"SKXQ":4,"XNXQDM":"2024-2025-2","KCM":"形势与政策","JASDM":"0202020102","JXLDM":"020202","JXBID":"20242-14209","SKBJ":null,"TYXMDM":null,"KCH":"10218121092"},{"KKDWDM":"008","XS":40,"BYBZ":"0","JSJC":7,"XXXQDM":"02","KXH":"19","KSJC":6,"XKZRS":117,"SKZC":"000000000000011000000000","SKJS":"刘诏书,张宏","ISTK":0,"ZCMC":"14-15周","YPSJDD":"14-15周 星期五 第6节-第7节 南湖南-博学东楼-102,1-5周,7-9周,11-13周 星期五 第6节-第8节 南湖南-博学东楼-102,9周 星期日 第6节-第8节 南湖南-博学东楼-102","XF":2,"SKXQ":5,"XNXQDM":"2024-2025-2","KCM":"机械设计基础B","JASDM":"0202020102","JXLDM":"020202","JXBID":"20242-11496","SKBJ":"建环2302,材科2303-04","TYXMDM":null,"KCH":"10083117102"},{"KKDWDM":"009","XS":24,"BYBZ":"0","JSJC":12,"XXXQDM":"02","KXH":"01","KSJC":11,"XKZRS":114,"SKZC":"000000000000001000000000","SKJS":"严行,陈伟","ISTK":0,"ZCMC":"15周","YPSJDD":"15周 星期二 第11节-第12节 南湖南-博学东楼-102,9-14周 星期二 第11节-第13节 南湖南-博学东楼-102","XF":1,"SKXQ":2,"XNXQDM":"2024-2025-2","KCM":"生成式人工智能导论(GX)","JASDM":"0202020102","JXLDM":"020202","JXBID":"20242-07638","SKBJ":"公选-07638","TYXMDM":null,"KCH":"10092124213"},{"KKDWDM":"011","XS":32,"BYBZ":"0","JSJC":2,"XXXQDM":"02","KXH":"17","KSJC":1,"XKZRS":97,"SKZC":"000000000000000110000000000000","SKJS":"吴皓莹","ISTK":0,"ZCMC":"16-17周","YPSJDD":"16-17周 星期一 第1节-第2节 南湖南-博学东楼-102,17周 星期二 第1节-第2节 南湖南-博学东楼-102,12-14周 星期一 第1节-第2节 南湖南-博学东楼-102,1-10周 星期一 第1节-第2节 南湖南-博学东楼-102","XF":2,"SKXQ":1,"XNXQDM":"2024-2025-2","KCM":"电路原理B上","JASDM":"0202020102","JXLDM":"020202","JXBID":"20242-10398","SKBJ":"电信类2413-15","TYXMDM":null,"KCH":"10113125001"},{"KKDWDM":"007","XS":16,"BYBZ":"0","JSJC":10,"XXXQDM":"02","KXH":"04","KSJC":9,"XKZRS":27,"SKZC":"000000000000000110000000000000","SKJS":"喻厚宇,武冬梅,聂琳真,谢冲,郭巍","ISTK":0,"ZCMC":"16-17周","YPSJDD":"17周 星期二 第9节-第10节 南湖南-博学东楼-102,9-10周 星期一 第9节-第10节 南湖南-博学东楼-102,16-17周 星期一 第9节-第10节 南湖南-博学东楼-102,12-14周 星期一 第9节-第10节 南湖南-博学东楼-102","XF":1,"SKXQ":1,"XNXQDM":"2024-2025-2","KCM":"汽车新技术概论B","JASDM":"0202020102","JXLDM":"020202","JXBID":"20242-03944","SKBJ":"车辆gj2201-04","TYXMDM":null,"KCH":"10076117151"},{"KKDWDM":"021","XS":48,"BYBZ":"0","JSJC":5,"XXXQDM":"02","KXH":"11","KSJC":3,"XKZRS":99,"SKZC":"000000000000000100000000000000","SKJS":"曾蔚","ISTK":0,"ZCMC":"16周","YPSJDD":"16周 星期一 第3节-第5节 南湖南-博学东楼-102,12-14周 星期一 第3节-第5节 南湖南-博学东楼-102,1-10周 星期一 第3节-第5节 南湖南-博学东楼-102","XF":3,"SKXQ":1,"XNXQDM":"2024-2025-2","KCM":"思想道德与法治","JASDM":"0202020102","JXLDM":"020202","JXBID":"20242-11920","SKBJ":"化生类2401-04","TYXMDM":null,"KCH":"10211124001"},{"KKDWDM":"007","XS":16,"BYBZ":"0","JSJC":10,"XXXQDM":"02","KXH":"04","KSJC":9,"XKZRS":27,"SKZC":"000000000000000010000000000000","SKJS":"喻厚宇,武冬梅,聂琳真,谢冲,郭巍","ISTK":0,"ZCMC":"17周","YPSJDD":"17周 星期二 第9节-第10节 南湖南-博学东楼-102,9-10周 星期一 第9节-第10节 南湖南-博学东楼-102,16-17周 星期一 第9节-第10节 南湖南-博学东楼-102,12-14周 星期一 第9节-第10节 南湖南-博学东楼-102","XF":1,"SKXQ":2,"XNXQDM":"2024-2025-2","KCM":"汽车新技术概论B","JASDM":"0202020102","JXLDM":"020202","JXBID":"20242-03944","SKBJ":"车辆gj2201-04","TYXMDM":null,"KCH":"10076117151"},{"KKDWDM":"011","XS":32,"BYBZ":"0","JSJC":2,"XXXQDM":"02","KXH":"17","KSJC":1,"XKZRS":97,"SKZC":"000000000000000010000000000000","SKJS":"吴皓莹","ISTK":0,"ZCMC":"17周","YPSJDD":"16-17周 星期一 第1节-第2节 南湖南-博学东楼-102,17周 星期二 第1节-第2节 南湖南-博学东楼-102,12-14周 星期一 第1节-第2节 南湖南-博学东楼-102,1-10周 星期一 第1节-第2节 南湖南-博学东楼-102","XF":2,"SKXQ":2,"XNXQDM":"2024-2025-2","KCM":"电路原理B上","JASDM":"0202020102","JXLDM":"020202","JXBID":"20242-10398","SKBJ":"电信类2413-15","TYXMDM":null,"KCH":"10113125001"}]}},"code":"0"}