{"datas":{"jaskcb":{"extParams":{"code":1,"msg":"查询成功"},"pageSize":0,"pageNumber":0,"totalSize":-1,"rows":[{"KKDWDM":"071","XS":88,"BYBZ":"0","JSJC":4,"XXXQDM":"02","KXH":"09","KSJC":3,"XKZRS":102,"SKZC":"111111111111111000000000000000","SKJS":"何朗,陈建业","ISTK":0,"ZCMC":"1-15周","YPSJDD":"11-15周 星期四 第1节-第2节 南湖南-博学主楼-109,1-9周 星期四 第1节-第2节 南湖南-博学主楼-109,12-14周 星期一 第1节-第2节 南湖南-博学主楼-109,1-10周 星期一 第1节-第2节 南湖南-博学主楼-109,16-17周 星期一 第1节-第2节 南湖南-博学主楼-109,1-15周 星期二 第3节-第4节 南湖南-博学主楼-109","XF":5,"SKXQ":2,"XNXQDM":"2024-2025-2","KCM":"高等数学A下","JASDM":"0202040109","JXLDM":"020204","JXBID":"20242-06282","SKBJ":"智能制造zs2401,自动化类2413-14","TYXMDM":null,"KCH":"10153121060"},{"KKDWDM":"071","XS":88,"BYBZ":"0","JSJC":2,"XXXQDM":"02","KXH":"11","KSJC":1,"XKZRS":98,"SKZC":"111111111111111000000000000000","SKJS":"何朗,杨爱芳","ISTK":0,"ZCMC":"1-15周","YPSJDD":"1-9周 星期四 第3节-第4节 南湖南-博学主楼-109,1-10周 星期一 第3节-第4节 南湖南-博学主楼-109,16-17周 星期一 第3节-第4节 南湖南-博学主楼-109,12-14周 星期一 第3节-第4节 南湖南-博学主楼-109,11-15周 星期四 第3节-第4节 南湖南-博学主楼-109,1-15周 星期二 第1节-第2节 南湖南-博学主楼-109","XF":5,"SKXQ":2,"XNXQDM":"2024-2025-2","KCM":"高等数学A下","JASDM":"0202040109","JXLDM":"020204","JXBID":"20242-06298","SKBJ":"车辆gcgj2401,车辆类2413-14","TYXMDM":null,"KCH":"10153121060"},{"KKDWDM":"018","XS":40,"BYBZ":"0","JSJC":8,"XXXQDM":"02","KXH":"05","KSJC":6,"XKZRS":103,"SKZC":"111111111111000000000000","SKJS":"刘华","ISTK":0,"ZCMC":"1-12周","YPSJDD":"13-14周 星期三 第6节-第7节 南湖南-博学主楼-109,1-12周 星期三 第6节-第8节 南湖南-博学主楼-109","XF":2,"SKXQ":3,"XNXQDM":"2024-2025-2","KCM":"国际金融学","JASDM":"0202040109","JXLDM":"020204","JXBID":"20242-05749","SKBJ":"金融gj2301-03","TYXMDM":null,"KCH":"10184117065"},{"KKDWDM":"071","XS":40,"BYBZ":"0","JSJC":5,"XXXQDM":"02","KXH":"29","KSJC":3,"XKZRS":139,"SKZC":"111111111111000000000000","SKJS":"李启凡","ISTK":0,"ZCMC":"1-12周","YPSJDD":"13-14周 星期三 第3节-第4节 南湖南-博学主楼-109,1-12周 星期三 第3节-第5节 南湖南-博学主楼-109","XF":2,"SKXQ":3,"XNXQDM":"2024-2025-2","KCM":"线性代数","JASDM":"0202040109","JXLDM":"020204","JXBID":"20242-11746","SKBJ":"车辆类2401-04","TYXMDM":null,"KCH":"10153111001"},{"KKDWDM":"021","XS":36,"BYBZ":"0","JSJC":8,"XXXQDM":"02","KXH":"18","KSJC":6,"XKZRS":109,"SKZC":"111111111100000000000000000000","SKJS":"周福","ISTK":0,"ZCMC":"1-10周","YPSJDD":"1-10周 星期一 第6节-第8节 南湖南-博学主楼-109,12-13周 星期一 第6节-第8节 南湖南-博学主楼-109","XF":2,"SKXQ":1,"XNXQDM":"2024-2025-2","KCM":"习近平新时代中国特色社会主义思想概论","JASDM":"0202040109","JXLDM":"020204","JXBID":"20242-12224","SKBJ":"信管2302-03,数管2301","TYXMDM":null,"KCH":"10211121033"},{"KKDWDM":"071","XS":88,"BYBZ":"0","JSJC":4,"XXXQDM":"02","KXH":"11","KSJC":3,"XKZRS":98,"SKZC":"111111111100000000000000000000","SKJS":"何朗,杨爱芳","ISTK":0,"ZCMC":"1-10周","YPSJDD":"1-9周 星期四 第3节-第4节 南湖南-博学主楼-109,1-10周 星期一 第3节-第4节 南湖南-博学主楼-109,16-17周 星期一 第3节-第4节 南湖南-博学主楼-109,12-14周 星期一 第3节-第4节 南湖南-博学主楼-109,11-15周 星期四 第3节-第4节 南湖南-博学主楼-109,1-15周 星期二 第1节-第2节 南湖南-博学主楼-109","XF":5,"SKXQ":1,"XNXQDM":"2024-2025-2","KCM":"高等数学A下","JASDM":"0202040109","JXLDM":"020204","JXBID":"20242-06298","SKBJ":"车辆gcgj2401,车辆类2413-14","TYXMDM":null,"KCH":"10153121060"},{"KKDWDM":"071","XS":88,"BYBZ":"0","JSJC":2,"XXXQDM":"02","KXH":"09","KSJC":1,"XKZRS":102,"SKZC":"111111111100000000000000000000","SKJS":"何朗,陈建业","ISTK":0,"ZCMC":"1-10周","YPSJDD":"11-15周 星期四 第1节-第2节 南湖南-博学主楼-109,1-9周 星期四 第1节-第2节 南湖南-博学主楼-109,12-14周 星期一 第1节-第2节 南湖南-博学主楼-109,1-10周 星期一 第1节-第2节 南湖南-博学主楼-109,16-17周 星期一 第1节-第2节 南湖南-博学主楼-109,1-15周 星期二 第3节-第4节 南湖南-博学主楼-109","XF":5,"SKXQ":1,"XNXQDM":"2024-2025-2","KCM":"高等数学A下","JASDM":"0202040109","JXLDM":"020204","JXBID":"20242-06282","SKBJ":"智能制造zs2401,自动化类2413-14","TYXMDM":null,"KCH":"10153121060"},{"KKDWDM":"038","XS":32,"BYBZ":"0","JSJC":10,"XXXQDM":"02","KXH":"15","KSJC":9,"XKZRS":140,"SKZC":"111111111100000000000000000000","SKJS":"张然","ISTK":0,"ZCMC":"1-10周","YPSJDD":"1-10周 星期一 第9节-第10节 南湖南-博学主楼-109,12-13周 星期一 第9节-第10节 南湖南-博学主楼-109","XF":2,"SKXQ":1,"XNXQDM":"2024-2025-2","KCM":"心理健康教育","JASDM":"0202040109","JXLDM":"020204","JXBID":"20242-06240","SKBJ":"新闻类2401-03,英法sy2401","TYXMDM":null,"KCH":"10388117003"},{"KKDWDM":"023","XS":32,"BYBZ":"0","JSJC":13,"XXXQDM":"02","KXH":"01","KSJC":11,"XKZRS":137,"SKZC":"111111111100000000000000","SKJS":"刘艳艳","ISTK":0,"ZCMC":"1-10周","YPSJDD":"12周 星期一 第11节-第12节 南湖南-博学主楼-109,1-10周 星期一 第11节-第13节 南湖南-博学主楼-109","XF":2,"SKXQ":1,"XNXQDM":"2024-2025-2","KCM":"职业安全与健康(GX)","JASDM":"0202040109","JXLDM":"020204","JXBID":"20242-08712","SKBJ":"公选-08712","TYXMDM":null,"KCH":"10232121154"},{"KKDWDM":"071","XS":88,"BYBZ":"0","JSJC":4,"XXXQDM":"02","KXH":"11","KSJC":3,"XKZRS":98,"SKZC":"111111111000000000000000000000","SKJS":"何朗,杨爱芳","ISTK":0,"ZCMC":"1-9周","YPSJDD":"1-9周 星期四 第3节-第4节 南湖南-博学主楼-109,1-10周 星期一 第3节-第4节 南湖南-博学主楼-109,16-17周 星期一 第3节-第4节 南湖南-博学主楼-109,12-14周 星期一 第3节-第4节 南湖南-博学主楼-109,11-15周 星期四 第3节-第4节 南湖南-博学主楼-109,1-15周 星期二 第1节-第2节 南湖南-博学主楼-109","XF":5,"SKXQ":4,"XNXQDM":"2024-2025-2","KCM":"高等数学A下","JASDM":"0202040109","JXLDM":"020204","JXBID":"20242-06298","SKBJ":"车辆gcgj2401,车辆类2413-14","TYXMDM":null,"KCH":"10153121060"},{"KKDWDM":"071","XS":88,"BYBZ":"0","JSJC":2,"XXXQDM":"02","KXH":"09","KSJC":1,"XKZRS":102,"SKZC":"111111111000000000000000000000","SKJS":"何朗,陈建业","ISTK":0,"ZCMC":"1-9周","YPSJDD":"11-15周 星期四 第1节-第2节 南湖南-博学主楼-109,1-9周 星期四 第1节-第2节 南湖南-博学主楼-109,12-14周 星期一 第1节-第2节 南湖南-博学主楼-109,1-10周 星期一 第1节-第2节 南湖南-博学主楼-109,16-17周 星期一 第1节-第2节 南湖南-博学主楼-109,1-15周 星期二 第3节-第4节 南湖南-博学主楼-109","XF":5,"SKXQ":4,"XNXQDM":"2024-2025-2","KCM":"高等数学A下","JASDM":"0202040109","JXLDM":"020204","JXBID":"20242-06282","SKBJ":"智能制造zs2401,自动化类2413-14","TYXMDM":null,"KCH":"10153121060"},{"KKDWDM":"072","XS":24,"BYBZ":"0","JSJC":13,"XXXQDM":"02","KXH":"01","KSJC":11,"XKZRS":140,"SKZC":"111111110000000000000000","SKJS":"张梅,文鹏飞,李瑶,翟鹏程","ISTK":0,"ZCMC":"1-8周","YPSJDD":"1-8周 星期三 第11节-第13节 南湖南-博学主楼-109","XF":1,"SKXQ":3,"XNXQDM":"2024-2025-2","KCM":"趣味力学(GX)","JASDM":"0202040109","JXLDM":"020204","JXBID":"20242-08985","SKBJ":"公选-08985","TYXMDM":null,"KCH":"10152121096"},{"KKDWDM":"025","XS":32,"BYBZ":"0","JSJC":13,"XXXQDM":"02","KXH":"01","KSJC":11,"XKZRS":138,"SKZC":"111111110000000000000000","SKJS":"刘振元,李鹏","ISTK":0,"ZCMC":"1-8周","YPSJDD":"1-8周 星期二 第11节-第13节 南湖南-博学主楼-109","XF":2,"SKXQ":2,"XNXQDM":"2024-2025-2","KCM":"创业与领导力(GX)","JASDM":"0202040109","JXLDM":"020204","JXBID":"20242-08753","SKBJ":"公选-08753","TYXMDM":null,"KCH":"10256221085"},{"KKDWDM":"010","XS":32,"BYBZ":"0","JSJC":8,"XXXQDM":"02","KXH":"01","KSJC":6,"XKZRS":95,"SKZC":"11111111","SKJS":"贾晓娟","ISTK":0,"ZCMC":"1-8周","YPSJDD":"1-8周 星期二 第6节-第8节 南湖南-博学主楼-109","XF":2,"SKXQ":2,"XNXQDM":"2024-2025-2","KCM":"经济地理学A","JASDM":"0202040109","JXLDM":"020204","JXBID":"20242-03696","SKBJ":"地信2201-03","TYXMDM":null,"KCH":"10104113041"},{"KKDWDM":"018","XS":40,"BYBZ":"0","JSJC":5,"XXXQDM":"02","KXH":"01","KSJC":3,"XKZRS":61,"SKZC":"111110111010000000000000","SKJS":"胡威","ISTK":0,"ZCMC":"1-5周,7-9周,11周","YPSJDD":"12-13周 星期五 第3节-第4节 南湖南-博学主楼-109,1-5周,7-9周,11周 星期五 第3节-第5节 南湖南-博学主楼-109,9周 星期日 第3节-第5节 南湖南-博学主楼-109","XF":2,"SKXQ":5,"XNXQDM":"2024-2025-2","KCM":"数字政府与数字治理","JASDM":"0202040109","JXLDM":"020204","JXBID":"20242-03081","SKBJ":"经 济2201-02,经济cy2201","TYXMDM":null,"KCH":"10185121033"},{"KKDWDM":"016","XS":32,"BYBZ":"0","JSJC":8,"XXXQDM":"02","KXH":"01","KSJC":6,"XKZRS":78,"SKZC":"111110111010000000000000","SKJS":"李静","ISTK":0,"ZCMC":"1-5周,7-9周,11周","YPSJDD":"12周 星期五 第6节-第7节 南湖南-博学主楼-109,1-5周,7-9周,11周 星期五 第6节-第8节 南湖南-博学主楼-109,9周 星期日 第6节-第8节 南湖南-博学主楼-109","XF":2,"SKXQ":5,"XNXQDM":"2024-2025-2","KCM":"植物生物学及生理学B","JASDM":"0202040109","JXLDM":"020204","JXBID":"20242-04320","SKBJ":"生物2301,生物制药2301","TYXMDM":null,"KCH":"10165117016"},{"KKDWDM":"038","XS":32,"BYBZ":"0","JSJC":2,"XXXQDM":"02","KXH":"16","KSJC":1,"XKZRS":87,"SKZC":"111110000000000000000000000000","SKJS":"汪平","ISTK":0,"ZCMC":"1-5周","YPSJDD":"17周 星期三 第1节-第2节 南湖南-博学主楼-109,9周 星期日 第1节-第2节 南湖南-博学主楼-109,7-9周 星期五 第1节-第2节 南湖南-博学主楼-109,1-5周 星期五 第1节-第2节 南湖南-博学主楼-109,11-16周 星期五 第1节-第2节 南湖南-博学主楼-109","XF":2,"SKXQ":5,"XNXQDM":"2024-2025-2","KCM":"军事理论","JASDM":"0202040109","JXLDM":"020204","JXBID":"20242-06115","SKBJ":"外语类2401-02,车辆gj2401-02","TYXMDM":null,"KCH":"10381121001"},{"KKDWDM":"021","XS":8,"BYBZ":"0","JSJC":10,"XXXQDM":"02","KXH":"677","KSJC":9,"XKZRS":138,"SKZC":"0001111000000000000000000","SKJS":"冯蓓","ISTK":0,"ZCMC":"4-7周","YPSJDD":"4-7周 星期四 第9节-第10节 南湖南-博学主楼-109","XF":0,"SKXQ":4,"XNXQDM":"2024-2025-2","KCM":"形势与政策","JASDM":"0202040109","JXLDM":"020204","JXBID":"20242-14268","SKBJ":"计算机类2404-07,计算机类2410-13,车辆类2404-06,车辆类2412-13","TYXMDM":null,"KCH":"10218121092"},{"KKDWDM":"021","XS":8,"BYBZ":"0","JSJC":7,"XXXQDM":"02","KXH":"669","KSJC":6,"XKZRS":137,"SKZC":"0001111000000000000000000","SKJS":"冯蓓","ISTK":0,"ZCMC":"4-7周","YPSJDD":"4-7周 星期四 第6节-第7节 南湖南-博学主楼-109","XF":0,"SKXQ":4,"XNXQDM":"2024-2025-2","KCM":"形势与政策","JASDM":"0202040109","JXLDM":"020204","JXBID":"20242-14260","SKBJ":"动画2402,土木类2414,外语类2403,工商类2405-08,工设g2401,数学jd2401,数学类2407,法学类2401,电信类2404,设计学类2407,车辆gcgj2401,软件sy2401,金融gj2403","TYXMDM":null,"KCH":"10218121092"},{"KKDWDM":"038","XS":32,"BYBZ":"0","JSJC":2,"XXXQDM":"02","KXH":"16","KSJC":1,"XKZRS":87,"SKZC":"000000111000000000000000000000","SKJS":"汪平","ISTK":0,"ZCMC":"7-9周","YPSJDD":"17周 星期三 第1节-第2节 南湖南-博学主楼-109,9周 星期日 第1节-第2节 南湖南-博学主楼-109,7-9周 星期五 第1节-第2节 南湖南-博学主楼-109,1-5周 星期五 第1节-第2节 南湖南-博学主楼-109,11-16周 星期五 第1节-第2节 南湖南-博学主楼-109","XF":2,"SKXQ":5,"XNXQDM":"2024-2025-2","KCM":"军事理论","JASDM":"0202040109","JXLDM":"020204","JXBID":"20242-06115","SKBJ":"外语类2401-02,车辆gj2401-02","TYXMDM":null,"KCH":"10381121001"},{"KKDWDM":"021","XS":8,"BYBZ":"0","JSJC":7,"XXXQDM":"02","KXH":"530","KSJC":6,"XKZRS":132,"SKZC":"0000000110110000000000000","SKJS":"张利荣","ISTK":0,"ZCMC":"8-9周,11-12周","YPSJDD":"8-9周,11-12周 星期四 第6节-第7节 南湖南-博学主楼-109","XF":0,"SKXQ":4,"XNXQDM":"2024-2025-2","KCM":"形势与政策","JASDM":"0202040109","JXLDM":"020204","JXBID":"20242-14121","SKBJ":"外语类2401-02,岩土jd2401,应化jd2401,数学类2409-11,材料类2409-15,环科类2408,电信类2402,计算机类2403,设计学类2405,车辆类2409","TYXMDM":null,"KCH":"10218121092"},{"KKDWDM":"021","XS":8,"BYBZ":"0","JSJC":10,"XXXQDM":"02","KXH":"280","KSJC":9,"XKZRS":136,"SKZC":"0000000110110000000000000","SKJS":"张德来","ISTK":0,"ZCMC":"8-9周,11-12周","YPSJDD":"8-9周,11-12周 星期四 第9节-第10节 南湖南-博学主楼-109","XF":0,"SKXQ":4,"XNXQDM":"2024-2025-2","KCM":"形势与政策","JASDM":"0202040109","JXLDM":"020204","JXBID":"20242-13921","SKBJ":"化生类2405,工商类2412,机电类2403-08,机电类2414,材料类2405,法学类2402,电信类2407,经济学类2406,自动化类2405-08,设计学类2402,车辆类2414","TYXMDM":null,"KCH":"10218121092"},{"KKDWDM":"038","XS":32,"BYBZ":"0","JSJC":2,"XXXQDM":"02","KXH":"16","KSJC":1,"XKZRS":87,"SKZC":"000000001000000000000000000000","SKJS":"汪平","ISTK":0,"ZCMC":"9周","YPSJDD":"17周 星期三 第1节-第2节 南湖南-博学主楼-109,9周 星期日 第1节-第2节 南湖南-博学主楼-109,7-9周 星期五 第1节-第2节 南湖南-博学主楼-109,1-5周 星期五 第1节-第2节 南湖南-博学主楼-109,11-16周 星期五 第1节-第2节 南湖南-博学主楼-109","XF":2,"SKXQ":7,"XNXQDM":"2024-2025-2","KCM":"军事理论","JASDM":"0202040109","JXLDM":"020204","JXBID":"20242-06115","SKBJ":"外语类2401-02,车辆gj2401-02","TYXMDM":null,"KCH":"10381121001"},{"KKDWDM":"016","XS":32,"BYBZ":"0","JSJC":8,"XXXQDM":"02","KXH":"01","KSJC":6,"XKZRS":78,"SKZC":"000000001000000000000000","SKJS":"李静","ISTK":0,"ZCMC":"9周","YPSJDD":"12周 星期五 第6节-第7节 南湖南-博学主楼-109,1-5周,7-9周,11周 星期五 第6节-第8节 南湖南-博学主楼-109,9周 星期日 第6节-第8节 南湖南-博学主楼-109","XF":2,"SKXQ":7,"XNXQDM":"2024-2025-2","KCM":"植物生物学及生理学B","JASDM":"0202040109","JXLDM":"020204","JXBID":"20242-04320","SKBJ":"生物2301,生物制药2301","TYXMDM":null,"KCH":"10165117016"},{"KKDWDM":"018","XS":40,"BYBZ":"0","JSJC":5,"XXXQDM":"02","KXH":"01","KSJC":3,"XKZRS":61,"SKZC":"000000001000000000000000","SKJS":"胡威","ISTK":0,"ZCMC":"9周","YPSJDD":"12-13周 星期五 第3节-第4节 南湖南-博学主楼-109,1-5周,7-9周,11周 星期五 第3节-第5节 南湖南-博学主楼-109,9周 星期日 第3节-第5节 南湖南-博学主楼-109","XF":2,"SKXQ":7,"XNXQDM":"2024-2025-2","KCM":"数字政府与数字治理","JASDM":"0202040109","JXLDM":"020204","JXBID":"20242-03081","SKBJ":"经 济2201-02,经济cy2201","TYXMDM":null,"KCH":"10185121033"},{"KKDWDM":"038","XS":32,"BYBZ":"0","JSJC":2,"XXXQDM":"02","KXH":"16","KSJC":1,"XKZRS":87,"SKZC":"000000000011111100000000000000","SKJS":"汪平","ISTK":0,"ZCMC":"11-16周","YPSJDD":"17周 星期三 第1节-第2节 南湖南-博学主楼-109,9周 星期日 第1节-第2节 南湖南-博学主楼-109,7-9周 星期五 第1节-第2节 南湖南-博学主楼-109,1-5周 星期五 第1节-第2节 南湖南-博学主楼-109,11-16周 星期五 第1节-第2节 南湖南-博学主楼-109","XF":2,"SKXQ":5,"XNXQDM":"2024-2025-2","KCM":"军事理论","JASDM":"0202040109","JXLDM":"020204","JXBID":"20242-06115","SKBJ":"外语类2401-02,车辆gj2401-02","TYXMDM":null,"KCH":"10381121001"},{"KKDWDM":"071","XS":88,"BYBZ":"0","JSJC":4,"XXXQDM":"02","KXH":"11","KSJC":3,"XKZRS":98,"SKZC":"000000000011111000000000000000","SKJS":"何朗,杨爱芳","ISTK":0,"ZCMC":"11-15周","YPSJDD":"1-9周 星期四 第3节-第4节 南湖南-博学主楼-109,1-10周 星期一 第3节-第4节 南湖南-博学主楼-109,16-17周 星期一 第3节-第4节 南湖南-博学主楼-109,12-14周 星期一 第3节-第4节 南湖南-博学主楼-109,11-15周 星期四 第3节-第4节 南湖南-博学主楼-109,1-15周 星期二 第1节-第2节 南湖南-博学主楼-109","XF":5,"SKXQ":4,"XNXQDM":"2024-2025-2","KCM":"高等数学A下","JASDM":"0202040109","JXLDM":"020204","JXBID":"20242-06298","SKBJ":"车辆gcgj2401,车辆类2413-14","TYXMDM":null,"KCH":"10153121060"},{"KKDWDM":"071","XS":88,"BYBZ":"0","JSJC":2,"XXXQDM":"02","KXH":"09","KSJC":1,"XKZRS":102,"SKZC":"000000000011111000000000000000","SKJS":"何朗,陈建业","ISTK":0,"ZCMC":"11-15周","YPSJDD":"11-15周 星期四 第1节-第2节 南湖南-博学主楼-109,1-9周 星期四 第1节-第2节 南湖南-博学主楼-109,12-14周 星期一 第1节-第2节 南湖南-博学主楼-109,1-10周 星期一 第1节-第2节 南湖南-博学主楼-109,16-17周 星期一 第1节-第2节 南湖南-博学主楼-109,1-15周 星期二 第3节-第4节 南湖南-博学主楼-109","XF":5,"SKXQ":4,"XNXQDM":"2024-2025-2","KCM":"高等数学A下","JASDM":"0202040109","JXLDM":"020204","JXBID":"20242-06282","SKBJ":"智能制造zs2401,自动化类2413-14","TYXMDM":null,"KCH":"10153121060"},{"KKDWDM":"071","XS":88,"BYBZ":"0","JSJC":4,"XXXQDM":"02","KXH":"11","KSJC":3,"XKZRS":98,"SKZC":"000000000001110000000000000000","SKJS":"何朗,杨爱芳","ISTK":0,"ZCMC":"12-14周","YPSJDD":"1-9周 星期四 第3节-第4节 南湖南-博学主楼-109,1-10周 星期一 第3节-第4节 南湖南-博学主楼-109,16-17周 星期一 第3节-第4节 南湖南-博学主楼-109,12-14周 星期一 第3节-第4节 南湖南-博学主楼-109,11-15周 星期四 第3节-第4节 南湖南-博学主楼-109,1-15周 星期二 第1节-第2节 南湖南-博学主楼-109","XF":5,"SKXQ":1,"XNXQDM":"2024-2025-2","KCM":"高等数学A下","JASDM":"0202040109","JXLDM":"020204","JXBID":"20242-06298","SKBJ":"车辆gcgj2401,车辆类2413-14","TYXMDM":null,"KCH":"10153121060"},{"KKDWDM":"071","XS":88,"BYBZ":"0","JSJC":2,"XXXQDM":"02","KXH":"09","KSJC":1,"XKZRS":102,"SKZC":"000000000001110000000000000000","SKJS":"何朗,陈建业","ISTK":0,"ZCMC":"12-14周","YPSJDD":"11-15周 星期四 第1节-第2节 南湖南-博学主楼-109,1-9周 星期四 第1节-第2节 南湖南-博学主楼-109,12-14周 星期一 第1节-第2节 南湖南-博学主楼-109,1-10周 星期一 第1节-第2节 南湖南-博学主楼-109,16-17周 星期一 第1节-第2节 南湖南-博学主楼-109,1-15周 星期二 第3节-第4节 南湖南-博学主楼-109","XF":5,"SKXQ":1,"XNXQDM":"2024-2025-2","KCM":"高等数学A下","JASDM":"0202040109","JXLDM":"020204","JXBID":"20242-06282","SKBJ":"智能制造zs2401,自动化类2413-14","TYXMDM":null,"KCH":"10153121060"},{"KKDWDM":"038","XS":32,"BYBZ":"0","JSJC":10,"XXXQDM":"02","KXH":"15","KSJC":9,"XKZRS":140,"SKZC":"000000000001100000000000000000","SKJS":"张然","ISTK":0,"ZCMC":"12-13周","YPSJDD":"1-10周 星期一 第9节-第10节 南湖南-博学主楼-109,12-13周 星期一 第9节-第10节 南湖南-博学主楼-109","XF":2,"SKXQ":1,"XNXQDM":"2024-2025-2","KCM":"心理健康教育","JASDM":"0202040109","JXLDM":"020204","JXBID":"20242-06240","SKBJ":"新闻类2401-03,英法sy2401","TYXMDM":null,"KCH":"10388117003"},{"KKDWDM":"021","XS":36,"BYBZ":"0","JSJC":8,"XXXQDM":"02","KXH":"18","KSJC":6,"XKZRS":109,"SKZC":"000000000001100000000000000000","SKJS":"周福","ISTK":0,"ZCMC":"12-13周","YPSJDD":"1-10周 星期一 第6节-第8节 南湖南-博学主楼-109,12-13周 星期一 第6节-第8节 南湖南-博学主楼-109","XF":2,"SKXQ":1,"XNXQDM":"2024-2025-2","KCM":"习近平新时代中国特色社会主义思想概论","JASDM":"0202040109","JXLDM":"020204","JXBID":"20242-12224","SKBJ":"信管2302-03,数管2301","TYXMDM":null,"KCH":"10211121033"},{"KKDWDM":"018","XS":40,"BYBZ":"0","JSJC":4,"XXXQDM":"02","KXH":"01","KSJC":3,"XKZRS":61,"SKZC":"000000000001100000000000","SKJS":"胡威","ISTK":0,"ZCMC":"12-13周","YPSJDD":"12-13周 星期五 第3节-第4节 南湖南-博学主楼-109,1-5周,7-9周,11周 星期五 第3节-第5节 南湖南-博学主楼-109,9周 星期日 第3节-第5节 南湖南-博学主楼-109","XF":2,"SKXQ":5,"XNXQDM":"2024-2025-2","KCM":"数字政府与数字治理","JASDM":"0202040109","JXLDM":"020204","JXBID":"20242-03081","SKBJ":"经 济2201-02,经济cy2201","TYXMDM":null,"KCH":"10185121033"},{"KKDWDM":"023","XS":32,"BYBZ":"0","JSJC":12,"XXXQDM":"02","KXH":"01","KSJC":11,"XKZRS":137,"SKZC":"000000000001000000000000","SKJS":"刘艳艳","ISTK":0,"ZCMC":"12周","YPSJDD":"12周 星期一 第11节-第12节 南湖南-博学主楼-109,1-10周 星期一 第11节-第13节 南湖南-博学主楼-109","XF":2,"SKXQ":1,"XNXQDM":"2024-2025-2","KCM":"职业安全与健康(GX)","JASDM":"0202040109","JXLDM":"020204","JXBID":"20242-08712","SKBJ":"公选-08712","TYXMDM":null,"KCH":"10232121154"},{"KKDWDM":"016","XS":32,"BYBZ":"0","JSJC":7,"XXXQDM":"02","KXH":"01","KSJC":6,"XKZRS":78,"SKZC":"000000000001000000000000","SKJS":"李静","ISTK":0,"ZCMC":"12周","YPSJDD":"12周 星期五 第6节-第7节 南湖南-博学主楼-109,1-5周,7-9周,11周 星期五 第6节-第8节 南湖南-博学主楼-109,9周 星期日 第6节-第8节 南湖南-博学主楼-109","XF":2,"SKXQ":5,"XNXQDM":"2024-2025-2","KCM":"植物生物学及生理学B","JASDM":"0202040109","JXLDM":"020204","JXBID":"20242-04320","SKBJ":"生物2301,生物制药2301","TYXMDM":null,"KCH":"10165117016"},{"KKDWDM":"021","XS":8,"BYBZ":"0","JSJC":7,"XXXQDM":"02","KXH":"667","KSJC":6,"XKZRS":133,"SKZC":"0000000000001111000000000","SKJS":"周聪聪","ISTK":0,"ZCMC":"13-16周","YPSJDD":"13-16周 星期四 第6节-第7节 南湖南-博学主楼-109","XF":0,"SKXQ":4,"XNXQDM":"2024-2025-2","KCM":"形势与政策","JASDM":"0202040109","JXLDM":"020204","JXBID":"20242-14258","SKBJ":"信管2401,化生类2410,土木类2408,地信2401,工力jd2401,工商类2411,数经sy2401,机电类2407,材料类2414-16,自动化类2410-11,设计学类2403","TYXMDM":null,"KCH":"10218121092"},{"KKDWDM":"021","XS":8,"BYBZ":"0","JSJC":10,"XXXQDM":"02","KXH":"325","KSJC":9,"XKZRS":135,"SKZC":"0000000000001111000000000","SKJS":"周聪聪","ISTK":0,"ZCMC":"13-16周","YPSJDD":"13-16周 星期四 第9节-第10节 南湖南-博学主楼-109","XF":0,"SKXQ":4,"XNXQDM":"2024-2025-2","KCM":"形势与政策","JASDM":"0202040109","JXLDM":"020204","JXBID":"20242-13974","SKBJ":"土木类2401,工设g2402,数学类2412,机电类2402-04,生科类2404,电信类2401-06,计算机类2402-09,计算机类2414,车辆类2402","TYXMDM":null,"KCH":"10218121092"},{"KKDWDM":"018","XS":40,"BYBZ":"0","JSJC":7,"XXXQDM":"02","KXH":"05","KSJC":6,"XKZRS":103,"SKZC":"000000000000110000000000","SKJS":"刘华","ISTK":0,"ZCMC":"13-14周","YPSJDD":"13-14周 星期三 第6节-第7节 南湖南-博学主楼-109,1-12周 星期三 第6节-第8节 南湖南-博学主楼-109","XF":2,"SKXQ":3,"XNXQDM":"2024-2025-2","KCM":"国际金融学","JASDM":"0202040109","JXLDM":"020204","JXBID":"20242-05749","SKBJ":"金融gj2301-03","TYXMDM":null,"KCH":"10184117065"},{"KKDWDM":"071","XS":40,"BYBZ":"0","JSJC":4,"XXXQDM":"02","KXH":"29","KSJC":3,"XKZRS":139,"SKZC":"000000000000110000000000","SKJS":"李启凡","ISTK":0,"ZCMC":"13-14周","YPSJDD":"13-14周 星期三 第3节-第4节 南湖南-博学主楼-109,1-12周 星期三 第3节-第5节 南湖南-博学主楼-109","XF":2,"SKXQ":3,"XNXQDM":"2024-2025-2","KCM":"线性代数","JASDM":"0202040109","JXLDM":"020204","JXBID":"20242-11746","SKBJ":"车辆类2401-04","TYXMDM":null,"KCH":"10153111001"},{"KKDWDM":"071","XS":88,"BYBZ":"0","JSJC":4,"XXXQDM":"02","KXH":"11","KSJC":3,"XKZRS":98,"SKZC":"000000000000000110000000000000","SKJS":"何朗,杨爱芳","ISTK":0,"ZCMC":"16-17周","YPSJDD":"1-9周 星期四 第3节-第4节 南湖南-博学主楼-109,1-10周 星期一 第3节-第4节 南湖南-博学主楼-109,16-17周 星期一 第3节-第4节 南湖南-博学主楼-109,12-14周 星期一 第3节-第4节 南湖南-博学主楼-109,11-15周 星期四 第3节-第4节 南湖南-博学主楼-109,1-15周 星期二 第1节-第2节 南湖南-博学主楼-109","XF":5,"SKXQ":1,"XNXQDM":"2024-2025-2","KCM":"高等数学A下","JASDM":"0202040109","JXLDM":"020204","JXBID":"20242-06298","SKBJ":"车辆gcgj2401,车辆类2413-14","TYXMDM":null,"KCH":"10153121060"},{"KKDWDM":"071","XS":88,"BYBZ":"0","JSJC":2,"XXXQDM":"02","KXH":"09","KSJC":1,"XKZRS":102,"SKZC":"000000000000000110000000000000","SKJS":"何朗,陈建业","ISTK":0,"ZCMC":"16-17周","YPSJDD":"11-15周 星期四 第1节-第2节 南湖南-博学主楼-109,1-9周 星期四 第1节-第2节 南湖南-博学主楼-109,12-14周 星期一 第1节-第2节 南湖南-博学主楼-109,1-10周 星期一 第1节-第2节 南湖南-博学主楼-109,16-17周 星期一 第1节-第2节 南湖南-博学主楼-109,1-15周 星期二 第3节-第4节 南湖南-博学主楼-109","XF":5,"SKXQ":1,"XNXQDM":"2024-2025-2","KCM":"高等数学A下","JASDM":"0202040109","JXLDM":"020204","JXBID":"20242-06282","SKBJ":"智能制造zs2401,自动化类2413-14","TYXMDM":null,"KCH":"10153121060"},{"KKDWDM":"038","XS":32,"BYBZ":"0","JSJC":2,"XXXQDM":"02","KXH":"16","KSJC":1,"XKZRS":87,"SKZC":"000000000000000010000000000000","SKJS":"汪平","ISTK":0,"ZCMC":"17周","YPSJDD":"17周 星期三 第1节-第2节 南湖南-博学主楼-109,9周 星期日 第1节-第2节 南湖南-博学主楼-109,7-9周 星期五 第1节-第2节 南湖南-博学主楼-109,1-5周 星期五 第1节-第2节 南湖南-博学主楼-109,11-16周 星期五 第1节-第2节 南湖南-博学主楼-109","XF":2,"SKXQ":3,"XNXQDM":"2024-2025-2","KCM":"军事理论","JASDM":"0202040109","JXLDM":"020204","JXBID":"20242-06115","SKBJ":"外语类2401-02,车辆gj2401-02","TYXMDM":null,"KCH":"10381121001"}]}},"code":"0"}