{"datas":{"jaskcb":{"extParams":{"code":1,"msg":"查询成功"},"pageSize":0,"pageNumber":0,"totalSize":-1,"rows":[{"KKDWDM":"072","XS":80,"BYBZ":"0","JSJC":5,"XXXQDM":"02","KXH":"18","KSJC":3,"XKZRS":94,"SKZC":"111111111111111100000000000000","SKJS":"马争争","ISTK":0,"ZCMC":"1-16周","YPSJDD":"1-5周 星期五 第1节-第2节 南湖南-博学主楼-401,9周 星期日 第1节-第2节 南湖南-博学主楼-401,7-9周 星期五 第1节-第2节 南湖南-博学主楼-401,1-16周 星期二 第3节-第5节 南湖南-博学主楼-401,11-16周 星期五 第1节-第2节 南湖南-博学主楼-401,17周 星期三 第1节-第2节 南湖南-博学主楼-401","XF":5,"SKXQ":2,"XNXQDM":"2024-2025-2","KCM":"大学物理B","JASDM":"0202040401","JXLDM":"020204","JXBID":"20242-06468","SKBJ":"化生类2409-11","TYXMDM":null,"KCH":"10153113042"},{"KKDWDM":"072","XS":80,"BYBZ":"0","JSJC":2,"XXXQDM":"02","KXH":"11","KSJC":1,"XKZRS":106,"SKZC":"111111111111111100000000000000","SKJS":"李明钰","ISTK":0,"ZCMC":"1-16周","YPSJDD":"1-16周 星期二 第1节-第2节 南湖南-博学主楼-401,9周 星期日 第3节-第5节 南湖南-博学主楼-401,1-5周 星期五 第3节-第5节 南湖南-博学主楼-401,17周 星期三 第3节-第5节 南湖南-博学主楼-401,11-16周 星期五 第3节-第5节 南湖南-博学主楼-401,7-9周 星期五 第3节-第5节 南湖南-博学主楼-401","XF":5,"SKXQ":2,"XNXQDM":"2024-2025-2","KCM":"大学物理B","JASDM":"0202040401","JXLDM":"020204","JXBID":"20242-06356","SKBJ":"地信2401-03","TYXMDM":null,"KCH":"10153113042"},{"KKDWDM":"072","XS":80,"BYBZ":"0","JSJC":2,"XXXQDM":"02","KXH":"37","KSJC":1,"XKZRS":139,"SKZC":"111111111111111100000000000000","SKJS":"周蔚华","ISTK":0,"ZCMC":"1-16周","YPSJDD":"1-10周 星期一 第3节-第5节 南湖南-博学主楼-401,16-17周 星期一 第3节-第5节 南湖南-博学主楼-401,12-14周 星期一 第3节-第5节 南湖南-博学主楼-401,1-16周 星期三 第1节-第2节 南湖南-博学主楼-401,17周 星期二 第3节-第5节 南湖南-博学主楼-401","XF":5,"SKXQ":3,"XNXQDM":"2024-2025-2","KCM":"大学物理B","JASDM":"0202040401","JXLDM":"020204","JXBID":"20242-11675","SKBJ":"计算机类2409-12","TYXMDM":null,"KCH":"10153113042"},{"KKDWDM":"030","XS":32,"BYBZ":"0","JSJC":12,"XXXQDM":"02","KXH":"01","KSJC":11,"XKZRS":127,"SKZC":"111111111100000000000000000000","SKJS":"余睿","ISTK":0,"ZCMC":"1-10周","YPSJDD":"1-10周 星期一 第11节-第12节 南湖南-博学主楼-401,12-13周 星期一 第11节-第12节 南湖南-博学主楼-401","XF":2,"SKXQ":1,"XNXQDM":"2024-2025-2","KCM":"超高性能混凝土材料（UHPC）(JD)","JASDM":"0202040401","JXLDM":"020204","JXBID":"20242-08864","SKBJ":"公选-08864","TYXMDM":null,"KCH":"10306121016"},{"KKDWDM":"072","XS":80,"BYBZ":"0","JSJC":5,"XXXQDM":"02","KXH":"37","KSJC":3,"XKZRS":139,"SKZC":"111111111100000000000000000000","SKJS":"周蔚华","ISTK":0,"ZCMC":"1-10周","YPSJDD":"1-10周 星期一 第3节-第5节 南湖南-博学主楼-401,16-17周 星期一 第3节-第5节 南湖南-博学主楼-401,12-14周 星期一 第3节-第5节 南湖南-博学主楼-401,1-16周 星期三 第1节-第2节 南湖南-博学主楼-401,17周 星期二 第3节-第5节 南湖南-博学主楼-401","XF":5,"SKXQ":1,"XNXQDM":"2024-2025-2","KCM":"大学物理B","JASDM":"0202040401","JXLDM":"020204","JXBID":"20242-11675","SKBJ":"计算机类2409-12","TYXMDM":null,"KCH":"10153113042"},{"KKDWDM":"016","XS":32,"BYBZ":"0","JSJC":5,"XXXQDM":"02","KXH":"01","KSJC":3,"XKZRS":71,"SKZC":"111111111100000000000000","SKJS":"张建坤","ISTK":0,"ZCMC":"1-10周","YPSJDD":"11周 星期三 第3节-第4节 南湖南-博学主楼-401,1-10周 星期三 第3节-第5节 南湖南-博学主楼-401","XF":2,"SKXQ":3,"XNXQDM":"2024-2025-2","KCM":"基因工程","JASDM":"0202040401","JXLDM":"020204","JXBID":"20242-02343","SKBJ":"生物2201,生物制药2201","TYXMDM":null,"KCH":"10164112075"},{"KKDWDM":"038","XS":32,"BYBZ":"0","JSJC":13,"XXXQDM":"02","KXH":"01","KSJC":11,"XKZRS":140,"SKZC":"111111111100000000000000","SKJS":"刘喆","ISTK":0,"ZCMC":"1-10周","YPSJDD":"11周 星期三 第11节-第12节 南湖南-博学主楼-401,1-10周 星期三 第11节-第13节 南湖南-博学主楼-401","XF":2,"SKXQ":3,"XNXQDM":"2024-2025-2","KCM":"合理定位与职业选择(GX)","JASDM":"0202040401","JXLDM":"020204","JXBID":"20242-09002","SKBJ":"公选-09002","TYXMDM":null,"KCH":"10382121026"},{"KKDWDM":"021","XS":42,"BYBZ":"0","JSJC":5,"XXXQDM":"02","KXH":"43","KSJC":3,"XKZRS":120,"SKZC":"111111111000000000000000000000","SKJS":"陶倩倩","ISTK":0,"ZCMC":"1-9周","YPSJDD":"1-9周 星期四 第3节-第5节 南湖南-博学主楼-401,11-15周 星期四 第3节-第5节 南湖南-博学主楼-401","XF":2,"SKXQ":4,"XNXQDM":"2024-2025-2","KCM":"马克思主义基本原理","JASDM":"0202040401","JXLDM":"020204","JXBID":"20242-05119","SKBJ":"国贸2301-02,工业gc2301-02","TYXMDM":null,"KCH":"10211117035"},{"KKDWDM":"038","XS":32,"BYBZ":"0","JSJC":2,"XXXQDM":"02","KXH":"11","KSJC":1,"XKZRS":140,"SKZC":"111111111000000000000000000000","SKJS":"王希征","ISTK":0,"ZCMC":"1-9周","YPSJDD":"11-17周 星期四 第1节-第2节 南湖南-博学主楼-401,1-9周 星期四 第1节-第2节 南湖南-博学主楼-401","XF":2,"SKXQ":4,"XNXQDM":"2024-2025-2","KCM":"军事理论","JASDM":"0202040401","JXLDM":"020204","JXBID":"20242-06059","SKBJ":"数经sy2401,经济学类2405-06,金融kj2401","TYXMDM":null,"KCH":"10381121001"},{"KKDWDM":"021","XS":24,"BYBZ":"0","JSJC":13,"XXXQDM":"02","KXH":"01","KSJC":11,"XKZRS":132,"SKZC":"111111110000000000000000","SKJS":"王春娟","ISTK":0,"ZCMC":"1-8周","YPSJDD":"1-8周 星期二 第11节-第13节 南湖南-博学主楼-401","XF":1,"SKXQ":2,"XNXQDM":"2024-2025-2","KCM":"领导艺术(GX)","JASDM":"0202040401","JXLDM":"020204","JXBID":"20242-08487","SKBJ":"公选-08487","TYXMDM":null,"KCH":"10212121055"},{"KKDWDM":"010","XS":32,"BYBZ":"0","JSJC":7,"XXXQDM":"02","KXH":"01","KSJC":6,"XKZRS":88,"SKZC":"11111111","SKJS":"徐一峰","ISTK":0,"ZCMC":"1-8周","YPSJDD":"1-8周 星期一 第6节-第7节 南湖南-博学主楼-401,1-8周 星期三 第6节-第7节 南湖南-博学主楼-401","XF":2,"SKXQ":3,"XNXQDM":"2024-2025-2","KCM":"环境毒理学","JASDM":"0202040401","JXLDM":"020204","JXBID":"20242-02919","SKBJ":"环工2201-02,环科2201-02","TYXMDM":null,"KCH":"10105113019"},{"KKDWDM":"010","XS":32,"BYBZ":"0","JSJC":7,"XXXQDM":"02","KXH":"01","KSJC":6,"XKZRS":88,"SKZC":"11111111","SKJS":"徐一峰","ISTK":0,"ZCMC":"1-8周","YPSJDD":"1-8周 星期一 第6节-第7节 南湖南-博学主楼-401,1-8周 星期三 第6节-第7节 南湖南-博学主楼-401","XF":2,"SKXQ":1,"XNXQDM":"2024-2025-2","KCM":"环境毒理学","JASDM":"0202040401","JXLDM":"020204","JXBID":"20242-02919","SKBJ":"环工2201-02,环科2201-02","TYXMDM":null,"KCH":"10105113019"},{"KKDWDM":"072","XS":80,"BYBZ":"0","JSJC":5,"XXXQDM":"02","KXH":"11","KSJC":3,"XKZRS":106,"SKZC":"111110000000000000000000000000","SKJS":"李明钰","ISTK":0,"ZCMC":"1-5周","YPSJDD":"1-16周 星期二 第1节-第2节 南湖南-博学主楼-401,9周 星期日 第3节-第5节 南湖南-博学主楼-401,1-5周 星期五 第3节-第5节 南湖南-博学主楼-401,17周 星期三 第3节-第5节 南湖南-博学主楼-401,11-16周 星期五 第3节-第5节 南湖南-博学主楼-401,7-9周 星期五 第3节-第5节 南湖南-博学主楼-401","XF":5,"SKXQ":5,"XNXQDM":"2024-2025-2","KCM":"大学物理B","JASDM":"0202040401","JXLDM":"020204","JXBID":"20242-06356","SKBJ":"地信2401-03","TYXMDM":null,"KCH":"10153113042"},{"KKDWDM":"072","XS":80,"BYBZ":"0","JSJC":2,"XXXQDM":"02","KXH":"18","KSJC":1,"XKZRS":94,"SKZC":"111110000000000000000000000000","SKJS":"马争争","ISTK":0,"ZCMC":"1-5周","YPSJDD":"1-5周 星期五 第1节-第2节 南湖南-博学主楼-401,9周 星期日 第1节-第2节 南湖南-博学主楼-401,7-9周 星期五 第1节-第2节 南湖南-博学主楼-401,1-16周 星期二 第3节-第5节 南湖南-博学主楼-401,11-16周 星期五 第1节-第2节 南湖南-博学主楼-401,17周 星期三 第1节-第2节 南湖南-博学主楼-401","XF":5,"SKXQ":5,"XNXQDM":"2024-2025-2","KCM":"大学物理B","JASDM":"0202040401","JXLDM":"020204","JXBID":"20242-06468","SKBJ":"化生类2409-11","TYXMDM":null,"KCH":"10153113042"},{"KKDWDM":"072","XS":80,"BYBZ":"0","JSJC":2,"XXXQDM":"02","KXH":"18","KSJC":1,"XKZRS":94,"SKZC":"000000111000000000000000000000","SKJS":"马争争","ISTK":0,"ZCMC":"7-9周","YPSJDD":"1-5周 星期五 第1节-第2节 南湖南-博学主楼-401,9周 星期日 第1节-第2节 南湖南-博学主楼-401,7-9周 星期五 第1节-第2节 南湖南-博学主楼-401,1-16周 星期二 第3节-第5节 南湖南-博学主楼-401,11-16周 星期五 第1节-第2节 南湖南-博学主楼-401,17周 星期三 第1节-第2节 南湖南-博学主楼-401","XF":5,"SKXQ":5,"XNXQDM":"2024-2025-2","KCM":"大学物理B","JASDM":"0202040401","JXLDM":"020204","JXBID":"20242-06468","SKBJ":"化生类2409-11","TYXMDM":null,"KCH":"10153113042"},{"KKDWDM":"072","XS":80,"BYBZ":"0","JSJC":5,"XXXQDM":"02","KXH":"11","KSJC":3,"XKZRS":106,"SKZC":"000000111000000000000000000000","SKJS":"李明钰","ISTK":0,"ZCMC":"7-9周","YPSJDD":"1-16周 星期二 第1节-第2节 南湖南-博学主楼-401,9周 星期日 第3节-第5节 南湖南-博学主楼-401,1-5周 星期五 第3节-第5节 南湖南-博学主楼-401,17周 星期三 第3节-第5节 南湖南-博学主楼-401,11-16周 星期五 第3节-第5节 南湖南-博学主楼-401,7-9周 星期五 第3节-第5节 南湖南-博学主楼-401","XF":5,"SKXQ":5,"XNXQDM":"2024-2025-2","KCM":"大学物理B","JASDM":"0202040401","JXLDM":"020204","JXBID":"20242-06356","SKBJ":"地信2401-03","TYXMDM":null,"KCH":"10153113042"},{"KKDWDM":"072","XS":80,"BYBZ":"0","JSJC":5,"XXXQDM":"02","KXH":"11","KSJC":3,"XKZRS":106,"SKZC":"000000001000000000000000000000","SKJS":"李明钰","ISTK":0,"ZCMC":"9周","YPSJDD":"1-16周 星期二 第1节-第2节 南湖南-博学主楼-401,9周 星期日 第3节-第5节 南湖南-博学主楼-401,1-5周 星期五 第3节-第5节 南湖南-博学主楼-401,17周 星期三 第3节-第5节 南湖南-博学主楼-401,11-16周 星期五 第3节-第5节 南湖南-博学主楼-401,7-9周 星期五 第3节-第5节 南湖南-博学主楼-401","XF":5,"SKXQ":7,"XNXQDM":"2024-2025-2","KCM":"大学物理B","JASDM":"0202040401","JXLDM":"020204","JXBID":"20242-06356","SKBJ":"地信2401-03","TYXMDM":null,"KCH":"10153113042"},{"KKDWDM":"072","XS":80,"BYBZ":"0","JSJC":2,"XXXQDM":"02","KXH":"18","KSJC":1,"XKZRS":94,"SKZC":"000000001000000000000000000000","SKJS":"马争争","ISTK":0,"ZCMC":"9周","YPSJDD":"1-5周 星期五 第1节-第2节 南湖南-博学主楼-401,9周 星期日 第1节-第2节 南湖南-博学主楼-401,7-9周 星期五 第1节-第2节 南湖南-博学主楼-401,1-16周 星期二 第3节-第5节 南湖南-博学主楼-401,11-16周 星期五 第1节-第2节 南湖南-博学主楼-401,17周 星期三 第1节-第2节 南湖南-博学主楼-401","XF":5,"SKXQ":7,"XNXQDM":"2024-2025-2","KCM":"大学物理B","JASDM":"0202040401","JXLDM":"020204","JXBID":"20242-06468","SKBJ":"化生类2409-11","TYXMDM":null,"KCH":"10153113042"},{"KKDWDM":"038","XS":32,"BYBZ":"0","JSJC":2,"XXXQDM":"02","KXH":"11","KSJC":1,"XKZRS":140,"SKZC":"000000000011111110000000000000","SKJS":"王希征","ISTK":0,"ZCMC":"11-17周","YPSJDD":"11-17周 星期四 第1节-第2节 南湖南-博学主楼-401,1-9周 星期四 第1节-第2节 南湖南-博学主楼-401","XF":2,"SKXQ":4,"XNXQDM":"2024-2025-2","KCM":"军事理论","JASDM":"0202040401","JXLDM":"020204","JXBID":"20242-06059","SKBJ":"数经sy2401,经济学类2405-06,金融kj2401","TYXMDM":null,"KCH":"10381121001"},{"KKDWDM":"072","XS":80,"BYBZ":"0","JSJC":5,"XXXQDM":"02","KXH":"11","KSJC":3,"XKZRS":106,"SKZC":"000000000011111100000000000000","SKJS":"李明钰","ISTK":0,"ZCMC":"11-16周","YPSJDD":"1-16周 星期二 第1节-第2节 南湖南-博学主楼-401,9周 星期日 第3节-第5节 南湖南-博学主楼-401,1-5周 星期五 第3节-第5节 南湖南-博学主楼-401,17周 星期三 第3节-第5节 南湖南-博学主楼-401,11-16周 星期五 第3节-第5节 南湖南-博学主楼-401,7-9周 星期五 第3节-第5节 南湖南-博学主楼-401","XF":5,"SKXQ":5,"XNXQDM":"2024-2025-2","KCM":"大学物理B","JASDM":"0202040401","JXLDM":"020204","JXBID":"20242-06356","SKBJ":"地信2401-03","TYXMDM":null,"KCH":"10153113042"},{"KKDWDM":"072","XS":80,"BYBZ":"0","JSJC":2,"XXXQDM":"02","KXH":"18","KSJC":1,"XKZRS":94,"SKZC":"000000000011111100000000000000","SKJS":"马争争","ISTK":0,"ZCMC":"11-16周","YPSJDD":"1-5周 星期五 第1节-第2节 南湖南-博学主楼-401,9周 星期日 第1节-第2节 南湖南-博学主楼-401,7-9周 星期五 第1节-第2节 南湖南-博学主楼-401,1-16周 星期二 第3节-第5节 南湖南-博学主楼-401,11-16周 星期五 第1节-第2节 南湖南-博学主楼-401,17周 星期三 第1节-第2节 南湖南-博学主楼-401","XF":5,"SKXQ":5,"XNXQDM":"2024-2025-2","KCM":"大学物理B","JASDM":"0202040401","JXLDM":"020204","JXBID":"20242-06468","SKBJ":"化生类2409-11","TYXMDM":null,"KCH":"10153113042"},{"KKDWDM":"021","XS":42,"BYBZ":"0","JSJC":5,"XXXQDM":"02","KXH":"43","KSJC":3,"XKZRS":120,"SKZC":"000000000011111000000000000000","SKJS":"陶倩倩","ISTK":0,"ZCMC":"11-15周","YPSJDD":"1-9周 星期四 第3节-第5节 南湖南-博学主楼-401,11-15周 星期四 第3节-第5节 南湖南-博学主楼-401","XF":2,"SKXQ":4,"XNXQDM":"2024-2025-2","KCM":"马克思主义基本原理","JASDM":"0202040401","JXLDM":"020204","JXBID":"20242-05119","SKBJ":"国贸2301-02,工业gc2301-02","TYXMDM":null,"KCH":"10211117035"},{"KKDWDM":"016","XS":32,"BYBZ":"0","JSJC":4,"XXXQDM":"02","KXH":"01","KSJC":3,"XKZRS":71,"SKZC":"000000000010000000000000","SKJS":"张建坤","ISTK":0,"ZCMC":"11周","YPSJDD":"11周 星期三 第3节-第4节 南湖南-博学主楼-401,1-10周 星期三 第3节-第5节 南湖南-博学主楼-401","XF":2,"SKXQ":3,"XNXQDM":"2024-2025-2","KCM":"基因工程","JASDM":"0202040401","JXLDM":"020204","JXBID":"20242-02343","SKBJ":"生物2201,生物制药2201","TYXMDM":null,"KCH":"10164112075"},{"KKDWDM":"038","XS":32,"BYBZ":"0","JSJC":12,"XXXQDM":"02","KXH":"01","KSJC":11,"XKZRS":140,"SKZC":"000000000010000000000000","SKJS":"刘喆","ISTK":0,"ZCMC":"11周","YPSJDD":"11周 星期三 第11节-第12节 南湖南-博学主楼-401,1-10周 星期三 第11节-第13节 南湖南-博学主楼-401","XF":2,"SKXQ":3,"XNXQDM":"2024-2025-2","KCM":"合理定位与职业选择(GX)","JASDM":"0202040401","JXLDM":"020204","JXBID":"20242-09002","SKBJ":"公选-09002","TYXMDM":null,"KCH":"10382121026"},{"KKDWDM":"072","XS":80,"BYBZ":"0","JSJC":5,"XXXQDM":"02","KXH":"37","KSJC":3,"XKZRS":139,"SKZC":"000000000001110000000000000000","SKJS":"周蔚华","ISTK":0,"ZCMC":"12-14周","YPSJDD":"1-10周 星期一 第3节-第5节 南湖南-博学主楼-401,16-17周 星期一 第3节-第5节 南湖南-博学主楼-401,12-14周 星期一 第3节-第5节 南湖南-博学主楼-401,1-16周 星期三 第1节-第2节 南湖南-博学主楼-401,17周 星期二 第3节-第5节 南湖南-博学主楼-401","XF":5,"SKXQ":1,"XNXQDM":"2024-2025-2","KCM":"大学物理B","JASDM":"0202040401","JXLDM":"020204","JXBID":"20242-11675","SKBJ":"计算机类2409-12","TYXMDM":null,"KCH":"10153113042"},{"KKDWDM":"030","XS":32,"BYBZ":"0","JSJC":12,"XXXQDM":"02","KXH":"01","KSJC":11,"XKZRS":127,"SKZC":"000000000001100000000000000000","SKJS":"余睿","ISTK":0,"ZCMC":"12-13周","YPSJDD":"1-10周 星期一 第11节-第12节 南湖南-博学主楼-401,12-13周 星期一 第11节-第12节 南湖南-博学主楼-401","XF":2,"SKXQ":1,"XNXQDM":"2024-2025-2","KCM":"超高性能混凝土材料（UHPC）(JD)","JASDM":"0202040401","JXLDM":"020204","JXBID":"20242-08864","SKBJ":"公选-08864","TYXMDM":null,"KCH":"10306121016"},{"KKDWDM":"072","XS":80,"BYBZ":"0","JSJC":5,"XXXQDM":"02","KXH":"37","KSJC":3,"XKZRS":139,"SKZC":"000000000000000110000000000000","SKJS":"周蔚华","ISTK":0,"ZCMC":"16-17周","YPSJDD":"1-10周 星期一 第3节-第5节 南湖南-博学主楼-401,16-17周 星期一 第3节-第5节 南湖南-博学主楼-401,12-14周 星期一 第3节-第5节 南湖南-博学主楼-401,1-16周 星期三 第1节-第2节 南湖南-博学主楼-401,17周 星期二 第3节-第5节 南湖南-博学主楼-401","XF":5,"SKXQ":1,"XNXQDM":"2024-2025-2","KCM":"大学物理B","JASDM":"0202040401","JXLDM":"020204","JXBID":"20242-11675","SKBJ":"计算机类2409-12","TYXMDM":null,"KCH":"10153113042"},{"KKDWDM":"072","XS":80,"BYBZ":"0","JSJC":2,"XXXQDM":"02","KXH":"18","KSJC":1,"XKZRS":94,"SKZC":"000000000000000010000000000000","SKJS":"马争争","ISTK":0,"ZCMC":"17周","YPSJDD":"1-5周 星期五 第1节-第2节 南湖南-博学主楼-401,9周 星期日 第1节-第2节 南湖南-博学主楼-401,7-9周 星期五 第1节-第2节 南湖南-博学主楼-401,1-16周 星期二 第3节-第5节 南湖南-博学主楼-401,11-16周 星期五 第1节-第2节 南湖南-博学主楼-401,17周 星期三 第1节-第2节 南湖南-博学主楼-401","XF":5,"SKXQ":3,"XNXQDM":"2024-2025-2","KCM":"大学物理B","JASDM":"0202040401","JXLDM":"020204","JXBID":"20242-06468","SKBJ":"化生类2409-11","TYXMDM":null,"KCH":"10153113042"},{"KKDWDM":"072","XS":80,"BYBZ":"0","JSJC":5,"XXXQDM":"02","KXH":"37","KSJC":3,"XKZRS":139,"SKZC":"000000000000000010000000000000","SKJS":"周蔚华","ISTK":0,"ZCMC":"17周","YPSJDD":"1-10周 星期一 第3节-第5节 南湖南-博学主楼-401,16-17周 星期一 第3节-第5节 南湖南-博学主楼-401,12-14周 星期一 第3节-第5节 南湖南-博学主楼-401,1-16周 星期三 第1节-第2节 南湖南-博学主楼-401,17周 星期二 第3节-第5节 南湖南-博学主楼-401","XF":5,"SKXQ":2,"XNXQDM":"2024-2025-2","KCM":"大学物理B","JASDM":"0202040401","JXLDM":"020204","JXBID":"20242-11675","SKBJ":"计算机类2409-12","TYXMDM":null,"KCH":"10153113042"},{"KKDWDM":"072","XS":80,"BYBZ":"0","JSJC":5,"XXXQDM":"02","KXH":"11","KSJC":3,"XKZRS":106,"SKZC":"000000000000000010000000000000","SKJS":"李明钰","ISTK":0,"ZCMC":"17周","YPSJDD":"1-16周 星期二 第1节-第2节 南湖南-博学主楼-401,9周 星期日 第3节-第5节 南湖南-博学主楼-401,1-5周 星期五 第3节-第5节 南湖南-博学主楼-401,17周 星期三 第3节-第5节 南湖南-博学主楼-401,11-16周 星期五 第3节-第5节 南湖南-博学主楼-401,7-9周 星期五 第3节-第5节 南湖南-博学主楼-401","XF":5,"SKXQ":3,"XNXQDM":"2024-2025-2","KCM":"大学物理B","JASDM":"0202040401","JXLDM":"020204","JXBID":"20242-06356","SKBJ":"地信2401-03","TYXMDM":null,"KCH":"10153113042"}]}},"code":"0"}