{"datas":{"jaskcb":{"extParams":{"code":1,"msg":"查询成功"},"pageSize":0,"pageNumber":0,"totalSize":-1,"rows":[{"KKDWDM":"020","XS":32,"BYBZ":"0","JSJC":2,"XXXQDM":"02","KXH":"45","KSJC":1,"XKZRS":35,"SKZC":"1111111111111111","SKJS":"王岚","ISTK":0,"ZCMC":"1-16周","YPSJDD":"1-16周 星期三 第1节-第2节 南湖南-博学北楼-409","XF":2,"SKXQ":3,"XNXQDM":"2024-2025-2","KCM":"大学英语3","JASDM":"0202010409","JXLDM":"020201","JXBID":"20242-12625","SKBJ":"公选-12625","TYXMDM":"11","KCH":"10201121072"},{"KKDWDM":"020","XS":32,"BYBZ":"0","JSJC":2,"XXXQDM":"02","KXH":"27","KSJC":1,"XKZRS":35,"SKZC":"1111111111111111","SKJS":"陈伟","ISTK":0,"ZCMC":"1-16周","YPSJDD":"1-16周 星期二 第1节-第2节 南湖南-博学北楼-409","XF":2,"SKXQ":2,"XNXQDM":"2024-2025-2","KCM":"大学英语3","JASDM":"0202010409","JXLDM":"020201","JXBID":"20242-12589","SKBJ":"公选-12589","TYXMDM":"11","KCH":"10201121072"},{"KKDWDM":"020","XS":32,"BYBZ":"0","JSJC":4,"XXXQDM":"02","KXH":"54","KSJC":3,"XKZRS":33,"SKZC":"1111111111111111","SKJS":"王岚","ISTK":0,"ZCMC":"1-16周","YPSJDD":"1-16周 星期三 第3节-第4节 南湖南-博学北楼-409","XF":2,"SKXQ":3,"XNXQDM":"2024-2025-2","KCM":"大学英语3","JASDM":"0202010409","JXLDM":"020201","JXBID":"20242-12643","SKBJ":"公选-12643","TYXMDM":"11","KCH":"10201121072"},{"KKDWDM":"020","XS":32,"BYBZ":"0","JSJC":4,"XXXQDM":"02","KXH":"18","KSJC":3,"XKZRS":32,"SKZC":"111111111100000000000000000000","SKJS":"陈伟","ISTK":0,"ZCMC":"1-10周","YPSJDD":"16-17周 星期一 第3节-第4节 南湖南-博学北楼-409,12-14周 星期一 第3节-第4节 南湖南-博学北楼-409,17周 星期二 第3节-第4节 南湖南-博学北楼-409,1-10周 星期一 第3节-第4节 南湖南-博学北楼-409","XF":2,"SKXQ":1,"XNXQDM":"2024-2025-2","KCM":"大学英语3","JASDM":"0202010409","JXLDM":"020201","JXBID":"20242-12571","SKBJ":"公选-12571","TYXMDM":"11","KCH":"10201121072"},{"KKDWDM":"020","XS":32,"BYBZ":"0","JSJC":2,"XXXQDM":"02","KXH":"11","KSJC":1,"XKZRS":36,"SKZC":"111111111100000000000000000000","SKJS":"姚静","ISTK":0,"ZCMC":"1-10周","YPSJDD":"17周 星期二 第1节-第2节 南湖南-博学北楼-409,1-10周 星期一 第1节-第2节 南湖南-博学北楼-409,16-17周 星期一 第1节-第2节 南湖南-博学北楼-409,12-14周 星期一 第1节-第2节 南湖南-博学北楼-409","XF":2,"SKXQ":1,"XNXQDM":"2024-2025-2","KCM":"大学英语3","JASDM":"0202010409","JXLDM":"020201","JXBID":"20242-12555","SKBJ":"公选-12555","TYXMDM":"11","KCH":"10201121072"},{"KKDWDM":"020","XS":32,"BYBZ":"0","JSJC":4,"XXXQDM":"02","KXH":"72","KSJC":3,"XKZRS":35,"SKZC":"111111111000000000000000000000","SKJS":"熊晓满","ISTK":0,"ZCMC":"1-9周","YPSJDD":"1-9周 星期四 第3节-第4节 南湖南-博学北楼-409,11-17周 星期四 第3节-第4节 南湖南-博学北楼-409","XF":2,"SKXQ":4,"XNXQDM":"2024-2025-2","KCM":"大学英语3","JASDM":"0202010409","JXLDM":"020201","JXBID":"20242-12679","SKBJ":"公选-12679","TYXMDM":"11","KCH":"10201121072"},{"KKDWDM":"020","XS":32,"BYBZ":"0","JSJC":2,"XXXQDM":"02","KXH":"63","KSJC":1,"XKZRS":36,"SKZC":"111111111000000000000000000000","SKJS":"熊晓满","ISTK":0,"ZCMC":"1-9周","YPSJDD":"11-17周 星期四 第1节-第2节 南湖南-博学北楼-409,1-9周 星期四 第1节-第2节 南湖南-博学北楼-409","XF":2,"SKXQ":4,"XNXQDM":"2024-2025-2","KCM":"大学英语3","JASDM":"0202010409","JXLDM":"020201","JXBID":"20242-12661","SKBJ":"公选-12661","TYXMDM":"11","KCH":"10201121072"},{"KKDWDM":"020","XS":32,"BYBZ":"0","JSJC":4,"XXXQDM":"02","KXH":"90","KSJC":3,"XKZRS":35,"SKZC":"111110000000000000000000000000","SKJS":"熊晓满","ISTK":0,"ZCMC":"1-5周","YPSJDD":"7-9周 星期五 第3节-第4节 南湖南-博学北楼-409,17周 星期三 第3节-第4节 南湖南-博学北楼-409,1-5周 星期五 第3节-第4节 南湖南-博学北楼-409,11-16周 星期五 第3节-第4节 南湖南-博学北楼-409,9周 星期日 第3节-第4节 南湖南-博学北楼-409","XF":2,"SKXQ":5,"XNXQDM":"2024-2025-2","KCM":"大学英语3","JASDM":"0202010409","JXLDM":"020201","JXBID":"20242-12713","SKBJ":"公选-12713","TYXMDM":"11","KCH":"10201121072"},{"KKDWDM":"020","XS":32,"BYBZ":"0","JSJC":2,"XXXQDM":"02","KXH":"81","KSJC":1,"XKZRS":39,"SKZC":"111110000000000000000000000000","SKJS":"熊晓满","ISTK":0,"ZCMC":"1-5周","YPSJDD":"17周 星期三 第1节-第2节 南湖南-博学北楼-409,9周 星期日 第1节-第2节 南湖南-博学北楼-409,11-16周 星期五 第1节-第2节 南湖南-博学北楼-409,1-5周 星期五 第1节-第2节 南湖南-博学北楼-409,7-9周 星期五 第1节-第2节 南湖南-博学北楼-409","XF":2,"SKXQ":5,"XNXQDM":"2024-2025-2","KCM":"大学英语3","JASDM":"0202010409","JXLDM":"020201","JXBID":"20242-12696","SKBJ":"公选-12696","TYXMDM":"11","KCH":"10201121072"},{"KKDWDM":"020","XS":32,"BYBZ":"0","JSJC":2,"XXXQDM":"02","KXH":"81","KSJC":1,"XKZRS":39,"SKZC":"000000111000000000000000000000","SKJS":"熊晓满","ISTK":0,"ZCMC":"7-9周","YPSJDD":"17周 星期三 第1节-第2节 南湖南-博学北楼-409,9周 星期日 第1节-第2节 南湖南-博学北楼-409,11-16周 星期五 第1节-第2节 南湖南-博学北楼-409,1-5周 星期五 第1节-第2节 南湖南-博学北楼-409,7-9周 星期五 第1节-第2节 南湖南-博学北楼-409","XF":2,"SKXQ":5,"XNXQDM":"2024-2025-2","KCM":"大学英语3","JASDM":"0202010409","JXLDM":"020201","JXBID":"20242-12696","SKBJ":"公选-12696","TYXMDM":"11","KCH":"10201121072"},{"KKDWDM":"020","XS":32,"BYBZ":"0","JSJC":4,"XXXQDM":"02","KXH":"90","KSJC":3,"XKZRS":35,"SKZC":"000000111000000000000000000000","SKJS":"熊晓满","ISTK":0,"ZCMC":"7-9周","YPSJDD":"7-9周 星期五 第3节-第4节 南湖南-博学北楼-409,17周 星期三 第3节-第4节 南湖南-博学北楼-409,1-5周 星期五 第3节-第4节 南湖南-博学北楼-409,11-16周 星期五 第3节-第4节 南湖南-博学北楼-409,9周 星期日 第3节-第4节 南湖南-博学北楼-409","XF":2,"SKXQ":5,"XNXQDM":"2024-2025-2","KCM":"大学英语3","JASDM":"0202010409","JXLDM":"020201","JXBID":"20242-12713","SKBJ":"公选-12713","TYXMDM":"11","KCH":"10201121072"},{"KKDWDM":"020","XS":32,"BYBZ":"0","JSJC":2,"XXXQDM":"02","KXH":"81","KSJC":1,"XKZRS":39,"SKZC":"000000001000000000000000000000","SKJS":"熊晓满","ISTK":0,"ZCMC":"9周","YPSJDD":"17周 星期三 第1节-第2节 南湖南-博学北楼-409,9周 星期日 第1节-第2节 南湖南-博学北楼-409,11-16周 星期五 第1节-第2节 南湖南-博学北楼-409,1-5周 星期五 第1节-第2节 南湖南-博学北楼-409,7-9周 星期五 第1节-第2节 南湖南-博学北楼-409","XF":2,"SKXQ":7,"XNXQDM":"2024-2025-2","KCM":"大学英语3","JASDM":"0202010409","JXLDM":"020201","JXBID":"20242-12696","SKBJ":"公选-12696","TYXMDM":"11","KCH":"10201121072"},{"KKDWDM":"020","XS":32,"BYBZ":"0","JSJC":4,"XXXQDM":"02","KXH":"90","KSJC":3,"XKZRS":35,"SKZC":"000000001000000000000000000000","SKJS":"熊晓满","ISTK":0,"ZCMC":"9周","YPSJDD":"7-9周 星期五 第3节-第4节 南湖南-博学北楼-409,17周 星期三 第3节-第4节 南湖南-博学北楼-409,1-5周 星期五 第3节-第4节 南湖南-博学北楼-409,11-16周 星期五 第3节-第4节 南湖南-博学北楼-409,9周 星期日 第3节-第4节 南湖南-博学北楼-409","XF":2,"SKXQ":7,"XNXQDM":"2024-2025-2","KCM":"大学英语3","JASDM":"0202010409","JXLDM":"020201","JXBID":"20242-12713","SKBJ":"公选-12713","TYXMDM":"11","KCH":"10201121072"},{"KKDWDM":"020","XS":32,"BYBZ":"0","JSJC":4,"XXXQDM":"02","KXH":"72","KSJC":3,"XKZRS":35,"SKZC":"000000000011111110000000000000","SKJS":"熊晓满","ISTK":0,"ZCMC":"11-17周","YPSJDD":"1-9周 星期四 第3节-第4节 南湖南-博学北楼-409,11-17周 星期四 第3节-第4节 南湖南-博学北楼-409","XF":2,"SKXQ":4,"XNXQDM":"2024-2025-2","KCM":"大学英语3","JASDM":"0202010409","JXLDM":"020201","JXBID":"20242-12679","SKBJ":"公选-12679","TYXMDM":"11","KCH":"10201121072"},{"KKDWDM":"020","XS":32,"BYBZ":"0","JSJC":2,"XXXQDM":"02","KXH":"63","KSJC":1,"XKZRS":36,"SKZC":"000000000011111110000000000000","SKJS":"熊晓满","ISTK":0,"ZCMC":"11-17周","YPSJDD":"11-17周 星期四 第1节-第2节 南湖南-博学北楼-409,1-9周 星期四 第1节-第2节 南湖南-博学北楼-409","XF":2,"SKXQ":4,"XNXQDM":"2024-2025-2","KCM":"大学英语3","JASDM":"0202010409","JXLDM":"020201","JXBID":"20242-12661","SKBJ":"公选-12661","TYXMDM":"11","KCH":"10201121072"},{"KKDWDM":"020","XS":32,"BYBZ":"0","JSJC":2,"XXXQDM":"02","KXH":"81","KSJC":1,"XKZRS":39,"SKZC":"000000000011111100000000000000","SKJS":"熊晓满","ISTK":0,"ZCMC":"11-16周","YPSJDD":"17周 星期三 第1节-第2节 南湖南-博学北楼-409,9周 星期日 第1节-第2节 南湖南-博学北楼-409,11-16周 星期五 第1节-第2节 南湖南-博学北楼-409,1-5周 星期五 第1节-第2节 南湖南-博学北楼-409,7-9周 星期五 第1节-第2节 南湖南-博学北楼-409","XF":2,"SKXQ":5,"XNXQDM":"2024-2025-2","KCM":"大学英语3","JASDM":"0202010409","JXLDM":"020201","JXBID":"20242-12696","SKBJ":"公选-12696","TYXMDM":"11","KCH":"10201121072"},{"KKDWDM":"020","XS":32,"BYBZ":"0","JSJC":4,"XXXQDM":"02","KXH":"90","KSJC":3,"XKZRS":35,"SKZC":"000000000011111100000000000000","SKJS":"熊晓满","ISTK":0,"ZCMC":"11-16周","YPSJDD":"7-9周 星期五 第3节-第4节 南湖南-博学北楼-409,17周 星期三 第3节-第4节 南湖南-博学北楼-409,1-5周 星期五 第3节-第4节 南湖南-博学北楼-409,11-16周 星期五 第3节-第4节 南湖南-博学北楼-409,9周 星期日 第3节-第4节 南湖南-博学北楼-409","XF":2,"SKXQ":5,"XNXQDM":"2024-2025-2","KCM":"大学英语3","JASDM":"0202010409","JXLDM":"020201","JXBID":"20242-12713","SKBJ":"公选-12713","TYXMDM":"11","KCH":"10201121072"},{"KKDWDM":"020","XS":32,"BYBZ":"0","JSJC":4,"XXXQDM":"02","KXH":"18","KSJC":3,"XKZRS":32,"SKZC":"000000000001110000000000000000","SKJS":"陈伟","ISTK":0,"ZCMC":"12-14周","YPSJDD":"16-17周 星期一 第3节-第4节 南湖南-博学北楼-409,12-14周 星期一 第3节-第4节 南湖南-博学北楼-409,17周 星期二 第3节-第4节 南湖南-博学北楼-409,1-10周 星期一 第3节-第4节 南湖南-博学北楼-409","XF":2,"SKXQ":1,"XNXQDM":"2024-2025-2","KCM":"大学英语3","JASDM":"0202010409","JXLDM":"020201","JXBID":"20242-12571","SKBJ":"公选-12571","TYXMDM":"11","KCH":"10201121072"},{"KKDWDM":"020","XS":32,"BYBZ":"0","JSJC":2,"XXXQDM":"02","KXH":"11","KSJC":1,"XKZRS":36,"SKZC":"000000000001110000000000000000","SKJS":"姚静","ISTK":0,"ZCMC":"12-14周","YPSJDD":"17周 星期二 第1节-第2节 南湖南-博学北楼-409,1-10周 星期一 第1节-第2节 南湖南-博学北楼-409,16-17周 星期一 第1节-第2节 南湖南-博学北楼-409,12-14周 星期一 第1节-第2节 南湖南-博学北楼-409","XF":2,"SKXQ":1,"XNXQDM":"2024-2025-2","KCM":"大学英语3","JASDM":"0202010409","JXLDM":"020201","JXBID":"20242-12555","SKBJ":"公选-12555","TYXMDM":"11","KCH":"10201121072"},{"KKDWDM":"020","XS":32,"BYBZ":"0","JSJC":4,"XXXQDM":"02","KXH":"18","KSJC":3,"XKZRS":32,"SKZC":"000000000000000110000000000000","SKJS":"陈伟","ISTK":0,"ZCMC":"16-17周","YPSJDD":"16-17周 星期一 第3节-第4节 南湖南-博学北楼-409,12-14周 星期一 第3节-第4节 南湖南-博学北楼-409,17周 星期二 第3节-第4节 南湖南-博学北楼-409,1-10周 星期一 第3节-第4节 南湖南-博学北楼-409","XF":2,"SKXQ":1,"XNXQDM":"2024-2025-2","KCM":"大学英语3","JASDM":"0202010409","JXLDM":"020201","JXBID":"20242-12571","SKBJ":"公选-12571","TYXMDM":"11","KCH":"10201121072"},{"KKDWDM":"020","XS":32,"BYBZ":"0","JSJC":2,"XXXQDM":"02","KXH":"11","KSJC":1,"XKZRS":36,"SKZC":"000000000000000110000000000000","SKJS":"姚静","ISTK":0,"ZCMC":"16-17周","YPSJDD":"17周 星期二 第1节-第2节 南湖南-博学北楼-409,1-10周 星期一 第1节-第2节 南湖南-博学北楼-409,16-17周 星期一 第1节-第2节 南湖南-博学北楼-409,12-14周 星期一 第1节-第2节 南湖南-博学北楼-409","XF":2,"SKXQ":1,"XNXQDM":"2024-2025-2","KCM":"大学英语3","JASDM":"0202010409","JXLDM":"020201","JXBID":"20242-12555","SKBJ":"公选-12555","TYXMDM":"11","KCH":"10201121072"},{"KKDWDM":"020","XS":32,"BYBZ":"0","JSJC":4,"XXXQDM":"02","KXH":"90","KSJC":3,"XKZRS":35,"SKZC":"000000000000000010000000000000","SKJS":"熊晓满","ISTK":0,"ZCMC":"17周","YPSJDD":"7-9周 星期五 第3节-第4节 南湖南-博学北楼-409,17周 星期三 第3节-第4节 南湖南-博学北楼-409,1-5周 星期五 第3节-第4节 南湖南-博学北楼-409,11-16周 星期五 第3节-第4节 南湖南-博学北楼-409,9周 星期日 第3节-第4节 南湖南-博学北楼-409","XF":2,"SKXQ":3,"XNXQDM":"2024-2025-2","KCM":"大学英语3","JASDM":"0202010409","JXLDM":"020201","JXBID":"20242-12713","SKBJ":"公选-12713","TYXMDM":"11","KCH":"10201121072"},{"KKDWDM":"020","XS":32,"BYBZ":"0","JSJC":4,"XXXQDM":"02","KXH":"18","KSJC":3,"XKZRS":32,"SKZC":"000000000000000010000000000000","SKJS":"陈伟","ISTK":0,"ZCMC":"17周","YPSJDD":"16-17周 星期一 第3节-第4节 南湖南-博学北楼-409,12-14周 星期一 第3节-第4节 南湖南-博学北楼-409,17周 星期二 第3节-第4节 南湖南-博学北楼-409,1-10周 星期一 第3节-第4节 南湖南-博学北楼-409","XF":2,"SKXQ":2,"XNXQDM":"2024-2025-2","KCM":"大学英语3","JASDM":"0202010409","JXLDM":"020201","JXBID":"20242-12571","SKBJ":"公选-12571","TYXMDM":"11","KCH":"10201121072"},{"KKDWDM":"020","XS":32,"BYBZ":"0","JSJC":2,"XXXQDM":"02","KXH":"81","KSJC":1,"XKZRS":39,"SKZC":"000000000000000010000000000000","SKJS":"熊晓满","ISTK":0,"ZCMC":"17周","YPSJDD":"17周 星期三 第1节-第2节 南湖南-博学北楼-409,9周 星期日 第1节-第2节 南湖南-博学北楼-409,11-16周 星期五 第1节-第2节 南湖南-博学北楼-409,1-5周 星期五 第1节-第2节 南湖南-博学北楼-409,7-9周 星期五 第1节-第2节 南湖南-博学北楼-409","XF":2,"SKXQ":3,"XNXQDM":"2024-2025-2","KCM":"大学英语3","JASDM":"0202010409","JXLDM":"020201","JXBID":"20242-12696","SKBJ":"公选-12696","TYXMDM":"11","KCH":"10201121072"},{"KKDWDM":"020","XS":32,"BYBZ":"0","JSJC":2,"XXXQDM":"02","KXH":"11","KSJC":1,"XKZRS":36,"SKZC":"000000000000000010000000000000","SKJS":"姚静","ISTK":0,"ZCMC":"17周","YPSJDD":"17周 星期二 第1节-第2节 南湖南-博学北楼-409,1-10周 星期一 第1节-第2节 南湖南-博学北楼-409,16-17周 星期一 第1节-第2节 南湖南-博学北楼-409,12-14周 星期一 第1节-第2节 南湖南-博学北楼-409","XF":2,"SKXQ":2,"XNXQDM":"2024-2025-2","KCM":"大学英语3","JASDM":"0202010409","JXLDM":"020201","JXBID":"20242-12555","SKBJ":"公选-12555","TYXMDM":"11","KCH":"10201121072"}]}},"code":"0"}