{"datas":{"jaskcb":{"extParams":{"code":1,"msg":"查询成功"},"pageSize":0,"pageNumber":0,"totalSize":-1,"rows":[{"KKDWDM":"071","XS":64,"BYBZ":"0","JSJC":2,"XXXQDM":"02","KXH":"01","KSJC":1,"XKZRS":115,"SKZC":"111111111111111100000000000000","SKJS":"陈家清","ISTK":0,"ZCMC":"1-16周","YPSJDD":"1-9周 星期四 第1节-第2节 南湖南-博学东楼-307,11-17周 星期四 第1节-第2节 南湖南-博学东楼-307,1-16周 星期二 第1节-第2节 南湖南-博学东楼-307","XF":4,"SKXQ":2,"XNXQDM":"2024-2025-2","KCM":"数理统计B","JASDM":"0202020307","JXLDM":"020202","JXBID":"20242-05254","SKBJ":"统计2301-02,金融sy2301","TYXMDM":null,"KCH":"10154113028"},{"KKDWDM":"021","XS":42,"BYBZ":"0","JSJC":5,"XXXQDM":"02","KXH":"01","KSJC":3,"XKZRS":102,"SKZC":"111111111111110000000000","SKJS":"杨永清","ISTK":0,"ZCMC":"1-14周","YPSJDD":"1-14周 星期二 第3节-第5节 南湖南-博学东楼-307","XF":2,"SKXQ":2,"XNXQDM":"2024-2025-2","KCM":"马克思主义基本原理","JASDM":"0202020307","JXLDM":"020202","JXBID":"20242-04906","SKBJ":"物理JD2301,电信科2301-02","TYXMDM":null,"KCH":"10211117035"},{"KKDWDM":"021","XS":42,"BYBZ":"0","JSJC":8,"XXXQDM":"02","KXH":"13","KSJC":6,"XKZRS":109,"SKZC":"11111111111111","SKJS":"陈亚立","ISTK":0,"ZCMC":"1-14周","YPSJDD":"1-14周 星期三 第6节-第8节 南湖南-博学东楼-307","XF":2,"SKXQ":3,"XNXQDM":"2024-2025-2","KCM":"马克思主义基本原理","JASDM":"0202020307","JXLDM":"020202","JXBID":"20242-12158","SKBJ":"复材2301-02,成型2301","TYXMDM":null,"KCH":"10211117035"},{"KKDWDM":"021","XS":36,"BYBZ":"0","JSJC":8,"XXXQDM":"02","KXH":"20","KSJC":6,"XKZRS":109,"SKZC":"111111111111","SKJS":"雷江梅","ISTK":0,"ZCMC":"1-12周","YPSJDD":"1-12周 星期二 第6节-第8节 南湖南-博学东楼-307","XF":2,"SKXQ":2,"XNXQDM":"2024-2025-2","KCM":"习近平新时代中国特色社会主义思想概论","JASDM":"0202020307","JXLDM":"020202","JXBID":"20242-12198","SKBJ":"电信2301-03","TYXMDM":null,"KCH":"10211121033"},{"KKDWDM":"071","XS":40,"BYBZ":"0","JSJC":8,"XXXQDM":"02","KXH":"05","KSJC":6,"XKZRS":128,"SKZC":"111111111101100000000000","SKJS":"姜伟峰","ISTK":0,"ZCMC":"1-10周,12-13周","YPSJDD":"14-16周(双) 星期一 第6节-第7节 南湖南-博学东楼-307,1-10周,12-13周 星期一 第6节-第8节 南湖南-博学东楼-307","XF":2,"SKXQ":1,"XNXQDM":"2024-2025-2","KCM":"线性代数","JASDM":"0202020307","JXLDM":"020202","JXBID":"20242-11757","SKBJ":"土木类2401-04","TYXMDM":null,"KCH":"10153111001"},{"KKDWDM":"013","XS":48,"BYBZ":"0","JSJC":5,"XXXQDM":"02","KXH":"11","KSJC":3,"XKZRS":140,"SKZC":"111111111100000000000000000000","SKJS":"何青青","ISTK":0,"ZCMC":"1-10周","YPSJDD":"1-10周 星期一 第3节-第5节 南湖南-博学东楼-307,12-14周 星期一 第3节-第5节 南湖南-博学东楼-307,17周 星期二 第3节-第5节 南湖南-博学东楼-307,16-17周 星期一 第3节-第5节 南湖南-博学东楼-307","XF":3,"SKXQ":1,"XNXQDM":"2024-2025-2","KCM":"电工与电子技术基础C","JASDM":"0202020307","JXLDM":"020202","JXBID":"20242-06797","SKBJ":"新能源2301,材科2301-03","TYXMDM":null,"KCH":"10133121098"},{"KKDWDM":"044","XS":32,"BYBZ":"0","JSJC":13,"XXXQDM":"02","KXH":"02","KSJC":11,"XKZRS":140,"SKZC":"111111111100000000000000","SKJS":"何慧","ISTK":0,"ZCMC":"1-10周","YPSJDD":"11周 星期二 第11节-第12节 南湖南-博学东楼-307,1-10周 星期二 第11节-第13节 南湖南-博学东楼-307","XF":2,"SKXQ":2,"XNXQDM":"2024-2025-2","KCM":"中国传统经典艺术作品解读(GX)","JASDM":"0202020307","JXLDM":"020202","JXBID":"20242-11591","SKBJ":"公选-11591","TYXMDM":null,"KCH":"10442121005"},{"KKDWDM":"044","XS":32,"BYBZ":"0","JSJC":13,"XXXQDM":"02","KXH":"01","KSJC":11,"XKZRS":132,"SKZC":"111111111100000000000000","SKJS":"舒娟","ISTK":0,"ZCMC":"1-10周","YPSJDD":"12周 星期一 第11节-第12节 南湖南-博学东楼-307,1-10周 星期一 第11节-第13节 南湖南-博学东楼-307","XF":2,"SKXQ":1,"XNXQDM":"2024-2025-2","KCM":"音乐理论与名曲鉴赏(GX)","JASDM":"0202020307","JXLDM":"020202","JXBID":"20242-09029","SKBJ":"公选-09029","TYXMDM":null,"KCH":"10442121014"},{"KKDWDM":"021","XS":36,"BYBZ":"0","JSJC":5,"XXXQDM":"02","KXH":"105","KSJC":3,"XKZRS":96,"SKZC":"111111111000000000000000000000","SKJS":"汤桢子","ISTK":0,"ZCMC":"1-9周","YPSJDD":"1-9周 星期四 第3节-第5节 南湖南-博学东楼-307,11-13周 星期四 第3节-第5节 南湖南-博学东楼-307","XF":2,"SKXQ":4,"XNXQDM":"2024-2025-2","KCM":"习近平新时代中国特色社会主义思想概论","JASDM":"0202020307","JXLDM":"020202","JXBID":"20242-05041","SKBJ":"地信2303,能源2302-03","TYXMDM":null,"KCH":"10211121033"},{"KKDWDM":"071","XS":64,"BYBZ":"0","JSJC":2,"XXXQDM":"02","KXH":"01","KSJC":1,"XKZRS":115,"SKZC":"111111111000000000000000000000","SKJS":"陈家清","ISTK":0,"ZCMC":"1-9周","YPSJDD":"1-9周 星期四 第1节-第2节 南湖南-博学东楼-307,11-17周 星期四 第1节-第2节 南湖南-博学东楼-307,1-16周 星期二 第1节-第2节 南湖南-博学东楼-307","XF":4,"SKXQ":4,"XNXQDM":"2024-2025-2","KCM":"数理统计B","JASDM":"0202020307","JXLDM":"020202","JXBID":"20242-05254","SKBJ":"统计2301-02,金融sy2301","TYXMDM":null,"KCH":"10154113028"},{"KKDWDM":"022","XS":24,"BYBZ":"0","JSJC":13,"XXXQDM":"02","KXH":"02","KSJC":11,"XKZRS":140,"SKZC":"111111110000000000000000","SKJS":"雷卫平","ISTK":0,"ZCMC":"1-8周","YPSJDD":"1-8周 星期三 第11节-第13节 南湖南-博学东楼-307","XF":1,"SKXQ":3,"XNXQDM":"2024-2025-2","KCM":"社会中的心理效应(GX)","JASDM":"0202020307","JXLDM":"020202","JXBID":"20242-11540","SKBJ":"公选-11540","TYXMDM":null,"KCH":"10222121205"},{"KKDWDM":"021","XS":24,"BYBZ":"0","JSJC":13,"XXXQDM":"02","KXH":"01","KSJC":11,"XKZRS":138,"SKZC":"111111110000000000000000","SKJS":"梅运彬","ISTK":0,"ZCMC":"1-8周","YPSJDD":"1-8周 星期四 第11节-第13节 南湖南-博学东楼-307","XF":1,"SKXQ":4,"XNXQDM":"2024-2025-2","KCM":"人性与人际关系(GX)","JASDM":"0202020307","JXLDM":"020202","JXBID":"20242-08492","SKBJ":"公选-08492","TYXMDM":null,"KCH":"10212121084"},{"KKDWDM":"017","XS":32,"BYBZ":"0","JSJC":4,"XXXQDM":"02","KXH":"01","KSJC":3,"XKZRS":48,"SKZC":"11111111","SKJS":"袁付礼","ISTK":0,"ZCMC":"1-8周","YPSJDD":"1-8周 星期一 第1节-第2节 南湖南-博学东楼-307,1-8周 星期三 第3节-第4节 南湖南-博学东楼-307","XF":2,"SKXQ":3,"XNXQDM":"2024-2025-2","KCM":"项目计划与控制","JASDM":"0202020307","JXLDM":"020202","JXBID":"20242-02241","SKBJ":"工商2201-02,工商gj2201,工商t2201","TYXMDM":null,"KCH":"10175117061"},{"KKDWDM":"017","XS":32,"BYBZ":"0","JSJC":2,"XXXQDM":"02","KXH":"01","KSJC":1,"XKZRS":48,"SKZC":"11111111","SKJS":"袁付礼","ISTK":0,"ZCMC":"1-8周","YPSJDD":"1-8周 星期一 第1节-第2节 南湖南-博学东楼-307,1-8周 星期三 第3节-第4节 南湖南-博学东楼-307","XF":2,"SKXQ":1,"XNXQDM":"2024-2025-2","KCM":"项目计划与控制","JASDM":"0202020307","JXLDM":"020202","JXBID":"20242-02241","SKBJ":"工商2201-02,工商gj2201,工商t2201","TYXMDM":null,"KCH":"10175117061"},{"KKDWDM":"021","XS":42,"BYBZ":"0","JSJC":8,"XXXQDM":"02","KXH":"06","KSJC":6,"XKZRS":119,"SKZC":"111110000000000000000000000000","SKJS":"杨海波","ISTK":0,"ZCMC":"1-5周","YPSJDD":"1-5周 星期五 第6节-第8节 南湖南-博学东楼-307,7-9周 星期五 第6节-第8节 南湖南-博学东楼-307,11-15周 星期五 第6节-第8节 南湖南-博学东楼-307,9周 星期日 第6节-第8节 南湖南-博学东楼-307","XF":2,"SKXQ":5,"XNXQDM":"2024-2025-2","KCM":"马克思主义基本原理","JASDM":"0202020307","JXLDM":"020202","JXBID":"20242-12164","SKBJ":"储能2301-02,车辆zy2301","TYXMDM":null,"KCH":"10211117035"},{"KKDWDM":"013","XS":48,"BYBZ":"0","JSJC":5,"XXXQDM":"02","KXH":"13","KSJC":3,"XKZRS":140,"SKZC":"111110000000000000000000000000","SKJS":"田宇","ISTK":0,"ZCMC":"1-5周","YPSJDD":"1-5周 星期五 第3节-第5节 南湖南-博学东楼-307,11-16周 星期五 第3节-第5节 南湖南-博学东楼-307,9周 星期日 第3节-第5节 南湖南-博学东楼-307,17周 星期三 第3节-第5节 南湖南-博学东楼-307,7-9周 星期五 第3节-第5节 南湖南-博学东楼-307","XF":3,"SKXQ":5,"XNXQDM":"2024-2025-2","KCM":"电工与电子技术基础C","JASDM":"0202020307","JXLDM":"020202","JXBID":"20242-06799","SKBJ":"材化2301,材科2304-06","TYXMDM":null,"KCH":"10133121098"},{"KKDWDM":"021","XS":8,"BYBZ":"0","JSJC":7,"XXXQDM":"02","KXH":"537","KSJC":6,"XKZRS":138,"SKZC":"0001111","SKJS":"江艳","ISTK":0,"ZCMC":"4-7周","YPSJDD":"4-7周 星期四 第6节-第7节 南湖南-博学东楼-307","XF":0,"SKXQ":4,"XNXQDM":"2024-2025-2","KCM":"形势与政策","JASDM":"0202020307","JXLDM":"020202","JXBID":"20242-14128","SKBJ":null,"TYXMDM":null,"KCH":"10218121092"},{"KKDWDM":"013","XS":48,"BYBZ":"0","JSJC":5,"XXXQDM":"02","KXH":"13","KSJC":3,"XKZRS":140,"SKZC":"000000111000000000000000000000","SKJS":"田宇","ISTK":0,"ZCMC":"7-9周","YPSJDD":"1-5周 星期五 第3节-第5节 南湖南-博学东楼-307,11-16周 星期五 第3节-第5节 南湖南-博学东楼-307,9周 星期日 第3节-第5节 南湖南-博学东楼-307,17周 星期三 第3节-第5节 南湖南-博学东楼-307,7-9周 星期五 第3节-第5节 南湖南-博学东楼-307","XF":3,"SKXQ":5,"XNXQDM":"2024-2025-2","KCM":"电工与电子技术基础C","JASDM":"0202020307","JXLDM":"020202","JXBID":"20242-06799","SKBJ":"材化2301,材科2304-06","TYXMDM":null,"KCH":"10133121098"},{"KKDWDM":"021","XS":42,"BYBZ":"0","JSJC":8,"XXXQDM":"02","KXH":"06","KSJC":6,"XKZRS":119,"SKZC":"000000111000000000000000000000","SKJS":"杨海波","ISTK":0,"ZCMC":"7-9周","YPSJDD":"1-5周 星期五 第6节-第8节 南湖南-博学东楼-307,7-9周 星期五 第6节-第8节 南湖南-博学东楼-307,11-15周 星期五 第6节-第8节 南湖南-博学东楼-307,9周 星期日 第6节-第8节 南湖南-博学东楼-307","XF":2,"SKXQ":5,"XNXQDM":"2024-2025-2","KCM":"马克思主义基本原理","JASDM":"0202020307","JXLDM":"020202","JXBID":"20242-12164","SKBJ":"储能2301-02,车辆zy2301","TYXMDM":null,"KCH":"10211117035"},{"KKDWDM":"021","XS":8,"BYBZ":"0","JSJC":7,"XXXQDM":"02","KXH":"555","KSJC":6,"XKZRS":139,"SKZC":"000000011011000000000000","SKJS":"王照地","ISTK":0,"ZCMC":"8-9周,11-12周","YPSJDD":"8-9周,11-12周 星期四 第6节-第7节 南湖南-博学东楼-307","XF":0,"SKXQ":4,"XNXQDM":"2024-2025-2","KCM":"形势与政策","JASDM":"0202020307","JXLDM":"020202","JXBID":"20242-14146","SKBJ":null,"TYXMDM":null,"KCH":"10218121092"},{"KKDWDM":"017","XS":40,"BYBZ":"0","JSJC":5,"XXXQDM":"02","KXH":"01","KSJC":3,"XKZRS":62,"SKZC":"000000001111111100000000000000","SKJS":"王斌","ISTK":0,"ZCMC":"9-16周","YPSJDD":"9周 星期五 第1节-第2节 南湖南-博学东楼-307,9-16周 星期三 第3节-第5节 南湖南-博学东楼-307,11-16周 星期五 第1节-第2节 南湖南-博学东楼-307,17周 星期三 第1节-第2节 南湖南-博学东楼-307","XF":2,"SKXQ":3,"XNXQDM":"2024-2025-2","KCM":"移动应用开发A","JASDM":"0202020307","JXLDM":"020202","JXBID":"20242-02764","SKBJ":"信管2201-03","TYXMDM":null,"KCH":"10175121021"},{"KKDWDM":"017","XS":40,"BYBZ":"0","JSJC":2,"XXXQDM":"02","KXH":"01","KSJC":1,"XKZRS":62,"SKZC":"000000001000000000000000000000","SKJS":"王斌","ISTK":0,"ZCMC":"9周","YPSJDD":"9周 星期五 第1节-第2节 南湖南-博学东楼-307,9-16周 星期三 第3节-第5节 南湖南-博学东楼-307,11-16周 星期五 第1节-第2节 南湖南-博学东楼-307,17周 星期三 第1节-第2节 南湖南-博学东楼-307","XF":2,"SKXQ":5,"XNXQDM":"2024-2025-2","KCM":"移动应用开发A","JASDM":"0202020307","JXLDM":"020202","JXBID":"20242-02764","SKBJ":"信管2201-03","TYXMDM":null,"KCH":"10175121021"},{"KKDWDM":"013","XS":48,"BYBZ":"0","JSJC":5,"XXXQDM":"02","KXH":"13","KSJC":3,"XKZRS":140,"SKZC":"000000001000000000000000000000","SKJS":"田宇","ISTK":0,"ZCMC":"9周","YPSJDD":"1-5周 星期五 第3节-第5节 南湖南-博学东楼-307,11-16周 星期五 第3节-第5节 南湖南-博学东楼-307,9周 星期日 第3节-第5节 南湖南-博学东楼-307,17周 星期三 第3节-第5节 南湖南-博学东楼-307,7-9周 星期五 第3节-第5节 南湖南-博学东楼-307","XF":3,"SKXQ":7,"XNXQDM":"2024-2025-2","KCM":"电工与电子技术基础C","JASDM":"0202020307","JXLDM":"020202","JXBID":"20242-06799","SKBJ":"材化2301,材科2304-06","TYXMDM":null,"KCH":"10133121098"},{"KKDWDM":"021","XS":42,"BYBZ":"0","JSJC":8,"XXXQDM":"02","KXH":"06","KSJC":6,"XKZRS":119,"SKZC":"000000001000000000000000000000","SKJS":"杨海波","ISTK":0,"ZCMC":"9周","YPSJDD":"1-5周 星期五 第6节-第8节 南湖南-博学东楼-307,7-9周 星期五 第6节-第8节 南湖南-博学东楼-307,11-15周 星期五 第6节-第8节 南湖南-博学东楼-307,9周 星期日 第6节-第8节 南湖南-博学东楼-307","XF":2,"SKXQ":7,"XNXQDM":"2024-2025-2","KCM":"马克思主义基本原理","JASDM":"0202020307","JXLDM":"020202","JXBID":"20242-12164","SKBJ":"储能2301-02,车辆zy2301","TYXMDM":null,"KCH":"10211117035"},{"KKDWDM":"071","XS":64,"BYBZ":"0","JSJC":2,"XXXQDM":"02","KXH":"01","KSJC":1,"XKZRS":115,"SKZC":"000000000011111110000000000000","SKJS":"陈家清","ISTK":0,"ZCMC":"11-17周","YPSJDD":"1-9周 星期四 第1节-第2节 南湖南-博学东楼-307,11-17周 星期四 第1节-第2节 南湖南-博学东楼-307,1-16周 星期二 第1节-第2节 南湖南-博学东楼-307","XF":4,"SKXQ":4,"XNXQDM":"2024-2025-2","KCM":"数理统计B","JASDM":"0202020307","JXLDM":"020202","JXBID":"20242-05254","SKBJ":"统计2301-02,金融sy2301","TYXMDM":null,"KCH":"10154113028"},{"KKDWDM":"013","XS":48,"BYBZ":"0","JSJC":5,"XXXQDM":"02","KXH":"13","KSJC":3,"XKZRS":140,"SKZC":"000000000011111100000000000000","SKJS":"田宇","ISTK":0,"ZCMC":"11-16周","YPSJDD":"1-5周 星期五 第3节-第5节 南湖南-博学东楼-307,11-16周 星期五 第3节-第5节 南湖南-博学东楼-307,9周 星期日 第3节-第5节 南湖南-博学东楼-307,17周 星期三 第3节-第5节 南湖南-博学东楼-307,7-9周 星期五 第3节-第5节 南湖南-博学东楼-307","XF":3,"SKXQ":5,"XNXQDM":"2024-2025-2","KCM":"电工与电子技术基础C","JASDM":"0202020307","JXLDM":"020202","JXBID":"20242-06799","SKBJ":"材化2301,材科2304-06","TYXMDM":null,"KCH":"10133121098"},{"KKDWDM":"017","XS":40,"BYBZ":"0","JSJC":2,"XXXQDM":"02","KXH":"01","KSJC":1,"XKZRS":62,"SKZC":"000000000011111100000000000000","SKJS":"王斌","ISTK":0,"ZCMC":"11-16周","YPSJDD":"9周 星期五 第1节-第2节 南湖南-博学东楼-307,9-16周 星期三 第3节-第5节 南湖南-博学东楼-307,11-16周 星期五 第1节-第2节 南湖南-博学东楼-307,17周 星期三 第1节-第2节 南湖南-博学东楼-307","XF":2,"SKXQ":5,"XNXQDM":"2024-2025-2","KCM":"移动应用开发A","JASDM":"0202020307","JXLDM":"020202","JXBID":"20242-02764","SKBJ":"信管2201-03","TYXMDM":null,"KCH":"10175121021"},{"KKDWDM":"021","XS":42,"BYBZ":"0","JSJC":8,"XXXQDM":"02","KXH":"06","KSJC":6,"XKZRS":119,"SKZC":"000000000011111000000000000000","SKJS":"杨海波","ISTK":0,"ZCMC":"11-15周","YPSJDD":"1-5周 星期五 第6节-第8节 南湖南-博学东楼-307,7-9周 星期五 第6节-第8节 南湖南-博学东楼-307,11-15周 星期五 第6节-第8节 南湖南-博学东楼-307,9周 星期日 第6节-第8节 南湖南-博学东楼-307","XF":2,"SKXQ":5,"XNXQDM":"2024-2025-2","KCM":"马克思主义基本原理","JASDM":"0202020307","JXLDM":"020202","JXBID":"20242-12164","SKBJ":"储能2301-02,车辆zy2301","TYXMDM":null,"KCH":"10211117035"},{"KKDWDM":"021","XS":36,"BYBZ":"0","JSJC":5,"XXXQDM":"02","KXH":"105","KSJC":3,"XKZRS":96,"SKZC":"000000000011100000000000000000","SKJS":"汤桢子","ISTK":0,"ZCMC":"11-13周","YPSJDD":"1-9周 星期四 第3节-第5节 南湖南-博学东楼-307,11-13周 星期四 第3节-第5节 南湖南-博学东楼-307","XF":2,"SKXQ":4,"XNXQDM":"2024-2025-2","KCM":"习近平新时代中国特色社会主义思想概论","JASDM":"0202020307","JXLDM":"020202","JXBID":"20242-05041","SKBJ":"地信2303,能源2302-03","TYXMDM":null,"KCH":"10211121033"},{"KKDWDM":"044","XS":32,"BYBZ":"0","JSJC":12,"XXXQDM":"02","KXH":"02","KSJC":11,"XKZRS":140,"SKZC":"000000000010000000000000","SKJS":"何慧","ISTK":0,"ZCMC":"11周","YPSJDD":"11周 星期二 第11节-第12节 南湖南-博学东楼-307,1-10周 星期二 第11节-第13节 南湖南-博学东楼-307","XF":2,"SKXQ":2,"XNXQDM":"2024-2025-2","KCM":"中国传统经典艺术作品解读(GX)","JASDM":"0202020307","JXLDM":"020202","JXBID":"20242-11591","SKBJ":"公选-11591","TYXMDM":null,"KCH":"10442121005"},{"KKDWDM":"013","XS":48,"BYBZ":"0","JSJC":5,"XXXQDM":"02","KXH":"11","KSJC":3,"XKZRS":140,"SKZC":"000000000001110000000000000000","SKJS":"何青青","ISTK":0,"ZCMC":"12-14周","YPSJDD":"1-10周 星期一 第3节-第5节 南湖南-博学东楼-307,12-14周 星期一 第3节-第5节 南湖南-博学东楼-307,17周 星期二 第3节-第5节 南湖南-博学东楼-307,16-17周 星期一 第3节-第5节 南湖南-博学东楼-307","XF":3,"SKXQ":1,"XNXQDM":"2024-2025-2","KCM":"电工与电子技术基础C","JASDM":"0202020307","JXLDM":"020202","JXBID":"20242-06797","SKBJ":"新能源2301,材科2301-03","TYXMDM":null,"KCH":"10133121098"},{"KKDWDM":"044","XS":32,"BYBZ":"0","JSJC":12,"XXXQDM":"02","KXH":"01","KSJC":11,"XKZRS":132,"SKZC":"000000000001000000000000","SKJS":"舒娟","ISTK":0,"ZCMC":"12周","YPSJDD":"12周 星期一 第11节-第12节 南湖南-博学东楼-307,1-10周 星期一 第11节-第13节 南湖南-博学东楼-307","XF":2,"SKXQ":1,"XNXQDM":"2024-2025-2","KCM":"音乐理论与名曲鉴赏(GX)","JASDM":"0202020307","JXLDM":"020202","JXBID":"20242-09029","SKBJ":"公选-09029","TYXMDM":null,"KCH":"10442121014"},{"KKDWDM":"071","XS":40,"BYBZ":"0","JSJC":7,"XXXQDM":"02","KXH":"05","KSJC":6,"XKZRS":128,"SKZC":"000000000000010100000000","SKJS":"姜伟峰","ISTK":0,"ZCMC":"14-16周(双)","YPSJDD":"14-16周(双) 星期一 第6节-第7节 南湖南-博学东楼-307,1-10周,12-13周 星期一 第6节-第8节 南湖南-博学东楼-307","XF":2,"SKXQ":1,"XNXQDM":"2024-2025-2","KCM":"线性代数","JASDM":"0202020307","JXLDM":"020202","JXBID":"20242-11757","SKBJ":"土木类2401-04","TYXMDM":null,"KCH":"10153111001"},{"KKDWDM":"013","XS":48,"BYBZ":"0","JSJC":5,"XXXQDM":"02","KXH":"11","KSJC":3,"XKZRS":140,"SKZC":"000000000000000110000000000000","SKJS":"何青青","ISTK":0,"ZCMC":"16-17周","YPSJDD":"1-10周 星期一 第3节-第5节 南湖南-博学东楼-307,12-14周 星期一 第3节-第5节 南湖南-博学东楼-307,17周 星期二 第3节-第5节 南湖南-博学东楼-307,16-17周 星期一 第3节-第5节 南湖南-博学东楼-307","XF":3,"SKXQ":1,"XNXQDM":"2024-2025-2","KCM":"电工与电子技术基础C","JASDM":"0202020307","JXLDM":"020202","JXBID":"20242-06797","SKBJ":"新能源2301,材科2301-03","TYXMDM":null,"KCH":"10133121098"},{"KKDWDM":"017","XS":40,"BYBZ":"0","JSJC":2,"XXXQDM":"02","KXH":"01","KSJC":1,"XKZRS":62,"SKZC":"000000000000000010000000000000","SKJS":"王斌","ISTK":0,"ZCMC":"17周","YPSJDD":"9周 星期五 第1节-第2节 南湖南-博学东楼-307,9-16周 星期三 第3节-第5节 南湖南-博学东楼-307,11-16周 星期五 第1节-第2节 南湖南-博学东楼-307,17周 星期三 第1节-第2节 南湖南-博学东楼-307","XF":2,"SKXQ":3,"XNXQDM":"2024-2025-2","KCM":"移动应用开发A","JASDM":"0202020307","JXLDM":"020202","JXBID":"20242-02764","SKBJ":"信管2201-03","TYXMDM":null,"KCH":"10175121021"},{"KKDWDM":"013","XS":48,"BYBZ":"0","JSJC":5,"XXXQDM":"02","KXH":"11","KSJC":3,"XKZRS":140,"SKZC":"000000000000000010000000000000","SKJS":"何青青","ISTK":0,"ZCMC":"17周","YPSJDD":"1-10周 星期一 第3节-第5节 南湖南-博学东楼-307,12-14周 星期一 第3节-第5节 南湖南-博学东楼-307,17周 星期二 第3节-第5节 南湖南-博学东楼-307,16-17周 星期一 第3节-第5节 南湖南-博学东楼-307","XF":3,"SKXQ":2,"XNXQDM":"2024-2025-2","KCM":"电工与电子技术基础C","JASDM":"0202020307","JXLDM":"020202","JXBID":"20242-06797","SKBJ":"新能源2301,材科2301-03","TYXMDM":null,"KCH":"10133121098"},{"KKDWDM":"013","XS":48,"BYBZ":"0","JSJC":5,"XXXQDM":"02","KXH":"13","KSJC":3,"XKZRS":140,"SKZC":"000000000000000010000000000000","SKJS":"田宇","ISTK":0,"ZCMC":"17周","YPSJDD":"1-5周 星期五 第3节-第5节 南湖南-博学东楼-307,11-16周 星期五 第3节-第5节 南湖南-博学东楼-307,9周 星期日 第3节-第5节 南湖南-博学东楼-307,17周 星期三 第3节-第5节 南湖南-博学东楼-307,7-9周 星期五 第3节-第5节 南湖南-博学东楼-307","XF":3,"SKXQ":3,"XNXQDM":"2024-2025-2","KCM":"电工与电子技术基础C","JASDM":"0202020307","JXLDM":"020202","JXBID":"20242-06799","SKBJ":"材化2301,材科2304-06","TYXMDM":null,"KCH":"10133121098"}]}},"code":"0"}