{"datas":{"jaskcb":{"extParams":{"code":1,"msg":"查询成功"},"pageSize":0,"pageNumber":0,"totalSize":-1,"rows":[{"KKDWDM":"072","XS":80,"BYBZ":"0","JSJC":5,"XXXQDM":"02","KXH":"39","KSJC":3,"XKZRS":124,"SKZC":"111111111111111100000000000000","SKJS":"李华荣","ISTK":0,"ZCMC":"1-16周","YPSJDD":"1-16周 星期二 第3节-第5节 南湖南-博学主楼-305,11-16周 星期五 第1节-第2节 南湖南-博学主楼-305,17周 星期三 第1节-第2节 南湖南-博学主楼-305,9周 星期日 第1节-第2节 南湖南-博学主楼-305,7-9周 星期五 第1节-第2节 南湖南-博学主楼-305,1-5周 星期五 第1节-第2节 南湖南-博学主楼-305","XF":5,"SKXQ":2,"XNXQDM":"2024-2025-2","KCM":"大学物理B","JASDM":"0202040305","JXLDM":"020204","JXBID":"20242-11677","SKBJ":"化生类2405-08","TYXMDM":null,"KCH":"10153113042"},{"KKDWDM":"072","XS":80,"BYBZ":"0","JSJC":2,"XXXQDM":"02","KXH":"36","KSJC":1,"XKZRS":127,"SKZC":"111111111111111100000000000000","SKJS":"杨洪庭","ISTK":0,"ZCMC":"1-16周","YPSJDD":"12-14周 星期一 第3节-第5节 南湖南-博学主楼-305,1-10周 星期一 第3节-第5节 南湖南-博学主楼-305,1-16周 星期三 第1节-第2节 南湖南-博学主楼-305,16-17周 星期一 第3节-第5节 南湖南-博学主楼-305,17周 星期二 第3节-第5节 南湖南-博学主楼-305","XF":5,"SKXQ":3,"XNXQDM":"2024-2025-2","KCM":"大学物理B","JASDM":"0202040305","JXLDM":"020204","JXBID":"20242-11674","SKBJ":"计算机类2405-08","TYXMDM":null,"KCH":"10153113042"},{"KKDWDM":"072","XS":80,"BYBZ":"0","JSJC":5,"XXXQDM":"02","KXH":"14","KSJC":3,"XKZRS":140,"SKZC":"111111111111111100000000000000","SKJS":"周蔚华","ISTK":0,"ZCMC":"1-16周","YPSJDD":"1-10周 星期一 第1节-第2节 南湖南-博学主楼-305,16-17周 星期一 第1节-第2节 南湖南-博学主楼-305,1-16周 星期三 第3节-第5节 南湖南-博学主楼-305,17周 星期二 第1节-第2节 南湖南-博学主楼-305,12-14周 星期一 第1节-第2节 南湖南-博学主楼-305","XF":5,"SKXQ":3,"XNXQDM":"2024-2025-2","KCM":"大学物理B","JASDM":"0202040305","JXLDM":"020204","JXBID":"20242-11666","SKBJ":"机电类2402-08","TYXMDM":null,"KCH":"10153113042"},{"KKDWDM":"072","XS":80,"BYBZ":"0","JSJC":2,"XXXQDM":"02","KXH":"03","KSJC":1,"XKZRS":112,"SKZC":"111111111111111100000000000000","SKJS":"刘思思","ISTK":0,"ZCMC":"1-16周","YPSJDD":"1-16周 星期二 第1节-第2节 南湖南-博学主楼-305,11-16周 星期五 第3节-第5节 南湖南-博学主楼-305,7-9周 星期五 第3节-第5节 南湖南-博学主楼-305,17周 星期三 第3节-第5节 南湖南-博学主楼-305,1-5周 星期五 第3节-第5节 南湖南-博学主楼-305,9周 星期日 第3节-第5节 南湖南-博学主楼-305","XF":5,"SKXQ":2,"XNXQDM":"2024-2025-2","KCM":"大学物理B","JASDM":"0202040305","JXLDM":"020204","JXBID":"20242-06295","SKBJ":"管科类2404-06","TYXMDM":null,"KCH":"10153113042"},{"KKDWDM":"072","XS":80,"BYBZ":"0","JSJC":5,"XXXQDM":"02","KXH":"36","KSJC":3,"XKZRS":127,"SKZC":"111111111100000000000000000000","SKJS":"杨洪庭","ISTK":0,"ZCMC":"1-10周","YPSJDD":"12-14周 星期一 第3节-第5节 南湖南-博学主楼-305,1-10周 星期一 第3节-第5节 南湖南-博学主楼-305,1-16周 星期三 第1节-第2节 南湖南-博学主楼-305,16-17周 星期一 第3节-第5节 南湖南-博学主楼-305,17周 星期二 第3节-第5节 南湖南-博学主楼-305","XF":5,"SKXQ":1,"XNXQDM":"2024-2025-2","KCM":"大学物理B","JASDM":"0202040305","JXLDM":"020204","JXBID":"20242-11674","SKBJ":"计算机类2405-08","TYXMDM":null,"KCH":"10153113042"},{"KKDWDM":"072","XS":80,"BYBZ":"0","JSJC":2,"XXXQDM":"02","KXH":"14","KSJC":1,"XKZRS":140,"SKZC":"111111111100000000000000000000","SKJS":"周蔚华","ISTK":0,"ZCMC":"1-10周","YPSJDD":"1-10周 星期一 第1节-第2节 南湖南-博学主楼-305,16-17周 星期一 第1节-第2节 南湖南-博学主楼-305,1-16周 星期三 第3节-第5节 南湖南-博学主楼-305,17周 星期二 第1节-第2节 南湖南-博学主楼-305,12-14周 星期一 第1节-第2节 南湖南-博学主楼-305","XF":5,"SKXQ":1,"XNXQDM":"2024-2025-2","KCM":"大学物理B","JASDM":"0202040305","JXLDM":"020204","JXBID":"20242-11666","SKBJ":"机电类2402-08","TYXMDM":null,"KCH":"10153113042"},{"KKDWDM":"072","XS":80,"BYBZ":"0","JSJC":5,"XXXQDM":"02","KXH":"03","KSJC":3,"XKZRS":112,"SKZC":"111110000000000000000000000000","SKJS":"刘思思","ISTK":0,"ZCMC":"1-5周","YPSJDD":"1-16周 星期二 第1节-第2节 南湖南-博学主楼-305,11-16周 星期五 第3节-第5节 南湖南-博学主楼-305,7-9周 星期五 第3节-第5节 南湖南-博学主楼-305,17周 星期三 第3节-第5节 南湖南-博学主楼-305,1-5周 星期五 第3节-第5节 南湖南-博学主楼-305,9周 星期日 第3节-第5节 南湖南-博学主楼-305","XF":5,"SKXQ":5,"XNXQDM":"2024-2025-2","KCM":"大学物理B","JASDM":"0202040305","JXLDM":"020204","JXBID":"20242-06295","SKBJ":"管科类2404-06","TYXMDM":null,"KCH":"10153113042"},{"KKDWDM":"072","XS":80,"BYBZ":"0","JSJC":2,"XXXQDM":"02","KXH":"39","KSJC":1,"XKZRS":124,"SKZC":"111110000000000000000000000000","SKJS":"李华荣","ISTK":0,"ZCMC":"1-5周","YPSJDD":"1-16周 星期二 第3节-第5节 南湖南-博学主楼-305,11-16周 星期五 第1节-第2节 南湖南-博学主楼-305,17周 星期三 第1节-第2节 南湖南-博学主楼-305,9周 星期日 第1节-第2节 南湖南-博学主楼-305,7-9周 星期五 第1节-第2节 南湖南-博学主楼-305,1-5周 星期五 第1节-第2节 南湖南-博学主楼-305","XF":5,"SKXQ":5,"XNXQDM":"2024-2025-2","KCM":"大学物理B","JASDM":"0202040305","JXLDM":"020204","JXBID":"20242-11677","SKBJ":"化生类2405-08","TYXMDM":null,"KCH":"10153113042"},{"KKDWDM":"072","XS":40,"BYBZ":"0","JSJC":5,"XXXQDM":"02","KXH":"01","KSJC":3,"XKZRS":31,"SKZC":"111100000000000000000000000000","SKJS":"谢颂华","ISTK":0,"ZCMC":"1-4周","YPSJDD":"1-4周 星期四 第3节-第5节 南湖南-博学主楼-305,5-9周,11-13周 星期四 第3节-第5节 南湖南-博学西楼-506,14-15周 星期四 第3节-第4节 南湖南-博学西楼-506","XF":2,"SKXQ":4,"XNXQDM":"2024-2025-2","KCM":"关系数据库与SQL","JASDM":"0202040305","JXLDM":"020204","JXBID":"20242-02742","SKBJ":"电信科2201-02","TYXMDM":null,"KCH":"10093111005"},{"KKDWDM":"072","XS":80,"BYBZ":"0","JSJC":2,"XXXQDM":"02","KXH":"39","KSJC":1,"XKZRS":124,"SKZC":"000000111000000000000000000000","SKJS":"李华荣","ISTK":0,"ZCMC":"7-9周","YPSJDD":"1-16周 星期二 第3节-第5节 南湖南-博学主楼-305,11-16周 星期五 第1节-第2节 南湖南-博学主楼-305,17周 星期三 第1节-第2节 南湖南-博学主楼-305,9周 星期日 第1节-第2节 南湖南-博学主楼-305,7-9周 星期五 第1节-第2节 南湖南-博学主楼-305,1-5周 星期五 第1节-第2节 南湖南-博学主楼-305","XF":5,"SKXQ":5,"XNXQDM":"2024-2025-2","KCM":"大学物理B","JASDM":"0202040305","JXLDM":"020204","JXBID":"20242-11677","SKBJ":"化生类2405-08","TYXMDM":null,"KCH":"10153113042"},{"KKDWDM":"072","XS":80,"BYBZ":"0","JSJC":5,"XXXQDM":"02","KXH":"03","KSJC":3,"XKZRS":112,"SKZC":"000000111000000000000000000000","SKJS":"刘思思","ISTK":0,"ZCMC":"7-9周","YPSJDD":"1-16周 星期二 第1节-第2节 南湖南-博学主楼-305,11-16周 星期五 第3节-第5节 南湖南-博学主楼-305,7-9周 星期五 第3节-第5节 南湖南-博学主楼-305,17周 星期三 第3节-第5节 南湖南-博学主楼-305,1-5周 星期五 第3节-第5节 南湖南-博学主楼-305,9周 星期日 第3节-第5节 南湖南-博学主楼-305","XF":5,"SKXQ":5,"XNXQDM":"2024-2025-2","KCM":"大学物理B","JASDM":"0202040305","JXLDM":"020204","JXBID":"20242-06295","SKBJ":"管科类2404-06","TYXMDM":null,"KCH":"10153113042"},{"KKDWDM":"072","XS":80,"BYBZ":"0","JSJC":5,"XXXQDM":"02","KXH":"03","KSJC":3,"XKZRS":112,"SKZC":"000000001000000000000000000000","SKJS":"刘思思","ISTK":0,"ZCMC":"9周","YPSJDD":"1-16周 星期二 第1节-第2节 南湖南-博学主楼-305,11-16周 星期五 第3节-第5节 南湖南-博学主楼-305,7-9周 星期五 第3节-第5节 南湖南-博学主楼-305,17周 星期三 第3节-第5节 南湖南-博学主楼-305,1-5周 星期五 第3节-第5节 南湖南-博学主楼-305,9周 星期日 第3节-第5节 南湖南-博学主楼-305","XF":5,"SKXQ":7,"XNXQDM":"2024-2025-2","KCM":"大学物理B","JASDM":"0202040305","JXLDM":"020204","JXBID":"20242-06295","SKBJ":"管科类2404-06","TYXMDM":null,"KCH":"10153113042"},{"KKDWDM":"072","XS":80,"BYBZ":"0","JSJC":2,"XXXQDM":"02","KXH":"39","KSJC":1,"XKZRS":124,"SKZC":"000000001000000000000000000000","SKJS":"李华荣","ISTK":0,"ZCMC":"9周","YPSJDD":"1-16周 星期二 第3节-第5节 南湖南-博学主楼-305,11-16周 星期五 第1节-第2节 南湖南-博学主楼-305,17周 星期三 第1节-第2节 南湖南-博学主楼-305,9周 星期日 第1节-第2节 南湖南-博学主楼-305,7-9周 星期五 第1节-第2节 南湖南-博学主楼-305,1-5周 星期五 第1节-第2节 南湖南-博学主楼-305","XF":5,"SKXQ":7,"XNXQDM":"2024-2025-2","KCM":"大学物理B","JASDM":"0202040305","JXLDM":"020204","JXBID":"20242-11677","SKBJ":"化生类2405-08","TYXMDM":null,"KCH":"10153113042"},{"KKDWDM":"072","XS":80,"BYBZ":"0","JSJC":5,"XXXQDM":"02","KXH":"03","KSJC":3,"XKZRS":112,"SKZC":"000000000011111100000000000000","SKJS":"刘思思","ISTK":0,"ZCMC":"11-16周","YPSJDD":"1-16周 星期二 第1节-第2节 南湖南-博学主楼-305,11-16周 星期五 第3节-第5节 南湖南-博学主楼-305,7-9周 星期五 第3节-第5节 南湖南-博学主楼-305,17周 星期三 第3节-第5节 南湖南-博学主楼-305,1-5周 星期五 第3节-第5节 南湖南-博学主楼-305,9周 星期日 第3节-第5节 南湖南-博学主楼-305","XF":5,"SKXQ":5,"XNXQDM":"2024-2025-2","KCM":"大学物理B","JASDM":"0202040305","JXLDM":"020204","JXBID":"20242-06295","SKBJ":"管科类2404-06","TYXMDM":null,"KCH":"10153113042"},{"KKDWDM":"072","XS":80,"BYBZ":"0","JSJC":2,"XXXQDM":"02","KXH":"39","KSJC":1,"XKZRS":124,"SKZC":"000000000011111100000000000000","SKJS":"李华荣","ISTK":0,"ZCMC":"11-16周","YPSJDD":"1-16周 星期二 第3节-第5节 南湖南-博学主楼-305,11-16周 星期五 第1节-第2节 南湖南-博学主楼-305,17周 星期三 第1节-第2节 南湖南-博学主楼-305,9周 星期日 第1节-第2节 南湖南-博学主楼-305,7-9周 星期五 第1节-第2节 南湖南-博学主楼-305,1-5周 星期五 第1节-第2节 南湖南-博学主楼-305","XF":5,"SKXQ":5,"XNXQDM":"2024-2025-2","KCM":"大学物理B","JASDM":"0202040305","JXLDM":"020204","JXBID":"20242-11677","SKBJ":"化生类2405-08","TYXMDM":null,"KCH":"10153113042"},{"KKDWDM":"072","XS":80,"BYBZ":"0","JSJC":2,"XXXQDM":"02","KXH":"14","KSJC":1,"XKZRS":140,"SKZC":"000000000001110000000000000000","SKJS":"周蔚华","ISTK":0,"ZCMC":"12-14周","YPSJDD":"1-10周 星期一 第1节-第2节 南湖南-博学主楼-305,16-17周 星期一 第1节-第2节 南湖南-博学主楼-305,1-16周 星期三 第3节-第5节 南湖南-博学主楼-305,17周 星期二 第1节-第2节 南湖南-博学主楼-305,12-14周 星期一 第1节-第2节 南湖南-博学主楼-305","XF":5,"SKXQ":1,"XNXQDM":"2024-2025-2","KCM":"大学物理B","JASDM":"0202040305","JXLDM":"020204","JXBID":"20242-11666","SKBJ":"机电类2402-08","TYXMDM":null,"KCH":"10153113042"},{"KKDWDM":"072","XS":80,"BYBZ":"0","JSJC":5,"XXXQDM":"02","KXH":"36","KSJC":3,"XKZRS":127,"SKZC":"000000000001110000000000000000","SKJS":"杨洪庭","ISTK":0,"ZCMC":"12-14周","YPSJDD":"12-14周 星期一 第3节-第5节 南湖南-博学主楼-305,1-10周 星期一 第3节-第5节 南湖南-博学主楼-305,1-16周 星期三 第1节-第2节 南湖南-博学主楼-305,16-17周 星期一 第3节-第5节 南湖南-博学主楼-305,17周 星期二 第3节-第5节 南湖南-博学主楼-305","XF":5,"SKXQ":1,"XNXQDM":"2024-2025-2","KCM":"大学物理B","JASDM":"0202040305","JXLDM":"020204","JXBID":"20242-11674","SKBJ":"计算机类2405-08","TYXMDM":null,"KCH":"10153113042"},{"KKDWDM":"072","XS":80,"BYBZ":"0","JSJC":5,"XXXQDM":"02","KXH":"36","KSJC":3,"XKZRS":127,"SKZC":"000000000000000110000000000000","SKJS":"杨洪庭","ISTK":0,"ZCMC":"16-17周","YPSJDD":"12-14周 星期一 第3节-第5节 南湖南-博学主楼-305,1-10周 星期一 第3节-第5节 南湖南-博学主楼-305,1-16周 星期三 第1节-第2节 南湖南-博学主楼-305,16-17周 星期一 第3节-第5节 南湖南-博学主楼-305,17周 星期二 第3节-第5节 南湖南-博学主楼-305","XF":5,"SKXQ":1,"XNXQDM":"2024-2025-2","KCM":"大学物理B","JASDM":"0202040305","JXLDM":"020204","JXBID":"20242-11674","SKBJ":"计算机类2405-08","TYXMDM":null,"KCH":"10153113042"},{"KKDWDM":"072","XS":80,"BYBZ":"0","JSJC":2,"XXXQDM":"02","KXH":"14","KSJC":1,"XKZRS":140,"SKZC":"000000000000000110000000000000","SKJS":"周蔚华","ISTK":0,"ZCMC":"16-17周","YPSJDD":"1-10周 星期一 第1节-第2节 南湖南-博学主楼-305,16-17周 星期一 第1节-第2节 南湖南-博学主楼-305,1-16周 星期三 第3节-第5节 南湖南-博学主楼-305,17周 星期二 第1节-第2节 南湖南-博学主楼-305,12-14周 星期一 第1节-第2节 南湖南-博学主楼-305","XF":5,"SKXQ":1,"XNXQDM":"2024-2025-2","KCM":"大学物理B","JASDM":"0202040305","JXLDM":"020204","JXBID":"20242-11666","SKBJ":"机电类2402-08","TYXMDM":null,"KCH":"10153113042"},{"KKDWDM":"072","XS":80,"BYBZ":"0","JSJC":5,"XXXQDM":"02","KXH":"36","KSJC":3,"XKZRS":127,"SKZC":"000000000000000010000000000000","SKJS":"杨洪庭","ISTK":0,"ZCMC":"17周","YPSJDD":"12-14周 星期一 第3节-第5节 南湖南-博学主楼-305,1-10周 星期一 第3节-第5节 南湖南-博学主楼-305,1-16周 星期三 第1节-第2节 南湖南-博学主楼-305,16-17周 星期一 第3节-第5节 南湖南-博学主楼-305,17周 星期二 第3节-第5节 南湖南-博学主楼-305","XF":5,"SKXQ":2,"XNXQDM":"2024-2025-2","KCM":"大学物理B","JASDM":"0202040305","JXLDM":"020204","JXBID":"20242-11674","SKBJ":"计算机类2405-08","TYXMDM":null,"KCH":"10153113042"},{"KKDWDM":"072","XS":80,"BYBZ":"0","JSJC":2,"XXXQDM":"02","KXH":"39","KSJC":1,"XKZRS":124,"SKZC":"000000000000000010000000000000","SKJS":"李华荣","ISTK":0,"ZCMC":"17周","YPSJDD":"1-16周 星期二 第3节-第5节 南湖南-博学主楼-305,11-16周 星期五 第1节-第2节 南湖南-博学主楼-305,17周 星期三 第1节-第2节 南湖南-博学主楼-305,9周 星期日 第1节-第2节 南湖南-博学主楼-305,7-9周 星期五 第1节-第2节 南湖南-博学主楼-305,1-5周 星期五 第1节-第2节 南湖南-博学主楼-305","XF":5,"SKXQ":3,"XNXQDM":"2024-2025-2","KCM":"大学物理B","JASDM":"0202040305","JXLDM":"020204","JXBID":"20242-11677","SKBJ":"化生类2405-08","TYXMDM":null,"KCH":"10153113042"},{"KKDWDM":"072","XS":80,"BYBZ":"0","JSJC":2,"XXXQDM":"02","KXH":"14","KSJC":1,"XKZRS":140,"SKZC":"000000000000000010000000000000","SKJS":"周蔚华","ISTK":0,"ZCMC":"17周","YPSJDD":"1-10周 星期一 第1节-第2节 南湖南-博学主楼-305,16-17周 星期一 第1节-第2节 南湖南-博学主楼-305,1-16周 星期三 第3节-第5节 南湖南-博学主楼-305,17周 星期二 第1节-第2节 南湖南-博学主楼-305,12-14周 星期一 第1节-第2节 南湖南-博学主楼-305","XF":5,"SKXQ":2,"XNXQDM":"2024-2025-2","KCM":"大学物理B","JASDM":"0202040305","JXLDM":"020204","JXBID":"20242-11666","SKBJ":"机电类2402-08","TYXMDM":null,"KCH":"10153113042"},{"KKDWDM":"072","XS":80,"BYBZ":"0","JSJC":5,"XXXQDM":"02","KXH":"03","KSJC":3,"XKZRS":112,"SKZC":"000000000000000010000000000000","SKJS":"刘思思","ISTK":0,"ZCMC":"17周","YPSJDD":"1-16周 星期二 第1节-第2节 南湖南-博学主楼-305,11-16周 星期五 第3节-第5节 南湖南-博学主楼-305,7-9周 星期五 第3节-第5节 南湖南-博学主楼-305,17周 星期三 第3节-第5节 南湖南-博学主楼-305,1-5周 星期五 第3节-第5节 南湖南-博学主楼-305,9周 星期日 第3节-第5节 南湖南-博学主楼-305","XF":5,"SKXQ":3,"XNXQDM":"2024-2025-2","KCM":"大学物理B","JASDM":"0202040305","JXLDM":"020204","JXBID":"20242-06295","SKBJ":"管科类2404-06","TYXMDM":null,"KCH":"10153113042"}]}},"code":"0"}