{"datas":{"jaskcb":{"extParams":{"code":1,"msg":"查询成功"},"pageSize":0,"pageNumber":0,"totalSize":-1,"rows":[{"KKDWDM":"022","XS":48,"BYBZ":"0","JSJC":5,"XXXQDM":"02","KXH":"01","KSJC":3,"XKZRS":78,"SKZC":"11111111111111110000","SKJS":"唐伶俐","ISTK":0,"ZCMC":"1-16周","YPSJDD":"1-16周 星期二 第3节-第5节 南湖南-博学西楼-106","XF":3,"SKXQ":2,"XNXQDM":"2024-2025-2","KCM":"数字出版概论","JASDM":"0202030106","JXLDM":"020203","JXBID":"20242-06423","SKBJ":"新闻类2404-05","TYXMDM":null,"KCH":"10224121093"},{"KKDWDM":"008","XS":64,"BYBZ":"0","JSJC":2,"XXXQDM":"02","KXH":"01","KSJC":1,"XKZRS":40,"SKZC":"111111111111000000000000","SKJS":"张金良","ISTK":0,"ZCMC":"1-12周","YPSJDD":"1-12周 星期三 第1节-第2节 南湖南-博学西楼-106,12-13周 星期一 第3节-第4节 南湖南-博学西楼-106,1-10周 星期一 第3节-第5节 南湖南-博学西楼-106","XF":4,"SKXQ":3,"XNXQDM":"2024-2025-2","KCM":"机械制造技术基础A","JASDM":"0202030106","JXLDM":"020203","JXBID":"20242-03368","SKBJ":"机械2203","TYXMDM":null,"KCH":"10085711015"},{"KKDWDM":"007","XS":24,"BYBZ":"0","JSJC":10,"XXXQDM":"02","KXH":"01","KSJC":9,"XKZRS":79,"SKZC":"111111111111000000000000","SKJS":"Christopher Charles Wyatt,孙倩,段芳芳","ISTK":0,"ZCMC":"1-12周","YPSJDD":"1-12周 星期三 第9节-第10节 南湖南-博学西楼-106","XF":1,"SKXQ":3,"XNXQDM":"2024-2025-2","KCM":"汽车专业英语","JASDM":"0202030106","JXLDM":"020203","JXBID":"20242-12745","SKBJ":"车辆gj2301-02","TYXMDM":null,"KCH":"10075121080"},{"KKDWDM":"007","XS":24,"BYBZ":"0","JSJC":10,"XXXQDM":"02","KXH":"02","KSJC":9,"XKZRS":71,"SKZC":"111111111100000000000000000000","SKJS":"Christopher Charles Wyatt,孙倩,段芳芳","ISTK":0,"ZCMC":"1-10周","YPSJDD":"1-10周 星期一 第9节-第10节 南湖南-博学西楼-106,12-13周 星期一 第9节-第10节 南湖南-博学西楼-106","XF":1,"SKXQ":1,"XNXQDM":"2024-2025-2","KCM":"汽车专业英语","JASDM":"0202030106","JXLDM":"020203","JXBID":"20242-12761","SKBJ":"车辆gj2303-04","TYXMDM":null,"KCH":"10075121080"},{"KKDWDM":"022","XS":32,"BYBZ":"0","JSJC":8,"XXXQDM":"02","KXH":"01","KSJC":6,"XKZRS":52,"SKZC":"111111111100000000000000000000","SKJS":"朱晓婉","ISTK":0,"ZCMC":"1-10周","YPSJDD":"1-10周 星期三 第6节-第8节 南湖南-博学西楼-106,11周 星期三 第6节-第7节 南湖南-博学西楼-106","XF":2,"SKXQ":3,"XNXQDM":"2024-2025-2","KCM":"受众分析","JASDM":"0202030106","JXLDM":"020203","JXBID":"20242-02798","SKBJ":"广告2201-02","TYXMDM":null,"KCH":"10225117015"},{"KKDWDM":"017","XS":32,"BYBZ":"0","JSJC":2,"XXXQDM":"02","KXH":"03","KSJC":1,"XKZRS":66,"SKZC":"111111111100000000000000000000","SKJS":"王丹","ISTK":0,"ZCMC":"1-10周","YPSJDD":"1-10周 星期一 第1节-第2节 南湖南-博学西楼-106,16-17周 星期一 第1节-第2节 南湖南-博学西楼-106,17周 星期二 第1节-第2节 南湖南-博学西楼-106,12-14周 星期一 第1节-第2节 南湖南-博学西楼-106","XF":2,"SKXQ":1,"XNXQDM":"2024-2025-2","KCM":"市场营销学","JASDM":"0202030106","JXLDM":"020203","JXBID":"20242-10717","SKBJ":"工商类2406-07","TYXMDM":null,"KCH":"10173124428"},{"KKDWDM":"008","XS":32,"BYBZ":"0","JSJC":5,"XXXQDM":"02","KXH":"02","KSJC":3,"XKZRS":37,"SKZC":"111111111100000000000000","SKJS":"曾文会","ISTK":0,"ZCMC":"1-10周","YPSJDD":"1-10周 星期三 第3节-第5节 南湖南-博学西楼-106","XF":2,"SKXQ":3,"XNXQDM":"2024-2025-2","KCM":"数控技术B","JASDM":"0202030106","JXLDM":"020203","JXBID":"20242-03469","SKBJ":"智能制造2201-02","TYXMDM":null,"KCH":"10084117055"},{"KKDWDM":"007","XS":32,"BYBZ":"0","JSJC":13,"XXXQDM":"02","KXH":"01","KSJC":11,"XKZRS":34,"SKZC":"111111111100000000000000","SKJS":"吴婧","ISTK":0,"ZCMC":"1-10周","YPSJDD":"11周 星期二 第11节-第12节 南湖南-博学西楼-106,1-10周 星期二 第11节-第13节 南湖南-博学西楼-106","XF":2,"SKXQ":2,"XNXQDM":"2024-2025-2","KCM":"无人驾驶环境感知(GX)","JASDM":"0202030106","JXLDM":"020203","JXBID":"20242-07370","SKBJ":"公选-07370","TYXMDM":null,"KCH":"10072124014"},{"KKDWDM":"008","XS":64,"BYBZ":"0","JSJC":5,"XXXQDM":"02","KXH":"01","KSJC":3,"XKZRS":40,"SKZC":"111111111100000000000000","SKJS":"张金良","ISTK":0,"ZCMC":"1-10周","YPSJDD":"1-12周 星期三 第1节-第2节 南湖南-博学西楼-106,12-13周 星期一 第3节-第4节 南湖南-博学西楼-106,1-10周 星期一 第3节-第5节 南湖南-博学西楼-106","XF":4,"SKXQ":1,"XNXQDM":"2024-2025-2","KCM":"机械制造技术基础A","JASDM":"0202030106","JXLDM":"020203","JXBID":"20242-03368","SKBJ":"机械2203","TYXMDM":null,"KCH":"10085711015"},{"KKDWDM":"020","XS":32,"BYBZ":"0","JSJC":4,"XXXQDM":"02","KXH":"06","KSJC":3,"XKZRS":31,"SKZC":"111111111000000000000000000000","SKJS":"Alex Ory Ballard","ISTK":0,"ZCMC":"1-9周","YPSJDD":"1-9周 星期四 第3节-第4节 南湖南-博学西楼-106,11-17周 星期四 第3节-第4节 南湖南-博学西楼-106","XF":2,"SKXQ":4,"XNXQDM":"2024-2025-2","KCM":"英语听力与口语2","JASDM":"0202030106","JXLDM":"020203","JXBID":"20242-13724","SKBJ":"金融gj2402","TYXMDM":null,"KCH":"10206124404"},{"KKDWDM":"012","XS":32,"BYBZ":"0","JSJC":10,"XXXQDM":"02","KXH":"01","KSJC":9,"XKZRS":63,"SKZC":"111111110000000000000000","SKJS":"赵冬冬","ISTK":0,"ZCMC":"1-8周","YPSJDD":"1-8周 星期二 第9节-第10节 南湖南-博学西楼-106","XF":2,"SKXQ":2,"XNXQDM":"2024-2025-2","KCM":"信息安全概述","JASDM":"0202030106","JXLDM":"020203","JXBID":"20242-05832","SKBJ":"大数据2301-02","TYXMDM":null,"KCH":"10125121017"},{"KKDWDM":"009","XS":24,"BYBZ":"0","JSJC":13,"XXXQDM":"02","KXH":"01","KSJC":11,"XKZRS":62,"SKZC":"111111110000000000000000","SKJS":"刘嘉,涂建维","ISTK":0,"ZCMC":"1-8周","YPSJDD":"1-8周 星期四 第11节-第13节 南湖南-博学西楼-106","XF":1,"SKXQ":4,"XNXQDM":"2024-2025-2","KCM":"防灾减灾及防护工程概论B","JASDM":"0202030106","JXLDM":"020203","JXBID":"20242-07625","SKBJ":"公选-07625","TYXMDM":null,"KCH":"10096121174"},{"KKDWDM":"021","XS":16,"BYBZ":"0","JSJC":12,"XXXQDM":"02","KXH":"01","KSJC":11,"XKZRS":68,"SKZC":"11111111","SKJS":"冯蓓","ISTK":0,"ZCMC":"1-8周","YPSJDD":"1-8周 星期一 第11节-第12节 南湖南-博学西楼-106","XF":1,"SKXQ":1,"XNXQDM":"2024-2025-2","KCM":"信息素养与信息检索(JD)","JASDM":"0202030106","JXLDM":"020203","JXBID":"20242-06341","SKBJ":"政治2401-02","TYXMDM":null,"KCH":"10216121120"},{"KKDWDM":"022","XS":40,"BYBZ":"0","JSJC":8,"XXXQDM":"02","KXH":"01","KSJC":6,"XKZRS":27,"SKZC":"111110111011100000000000","SKJS":"彭子剑","ISTK":0,"ZCMC":"1-5周,7-9周,11-13周","YPSJDD":"14-15周 星期五 第6节-第7节 南湖南-博学西楼-106,1-5周,7-9周,11-13周 星期五 第6节-第8节 南湖南-博学西楼-106,9周 星期日 第6节-第8节 南湖南-博学西楼-106","XF":2,"SKXQ":5,"XNXQDM":"2024-2025-2","KCM":"法律社会学","JASDM":"0202030106","JXLDM":"020203","JXBID":"20242-02477","SKBJ":"社工2201-02","TYXMDM":null,"KCH":"10225121037"},{"KKDWDM":"017","XS":32,"BYBZ":"0","JSJC":2,"XXXQDM":"02","KXH":"01","KSJC":1,"XKZRS":32,"SKZC":"111110000000000000000000000000","SKJS":"晏敬东,毕小龙","ISTK":0,"ZCMC":"1-5周","YPSJDD":"17周 星期三 第1节-第2节 南湖南-博学西楼-106,1-5周 星期五 第1节-第2节 南湖南-博学西楼-106,9周 星期日 第1节-第2节 南湖南-博学西楼-106,7-9周 星期五 第1节-第2节 南湖南-博学西楼-106,11-16周 星期五 第1节-第2节 南湖南-博学西楼-106","XF":2,"SKXQ":5,"XNXQDM":"2024-2025-2","KCM":"产业经济与汽车交通材料行业","JASDM":"0202030106","JXLDM":"020203","JXBID":"20242-05262","SKBJ":"工商2301-02,工商t2301","TYXMDM":null,"KCH":"10175121103"},{"KKDWDM":"072","XS":72,"BYBZ":"0","JSJC":5,"XXXQDM":"02","KXH":"02","KSJC":3,"XKZRS":78,"SKZC":"111110000000000000000000000000","SKJS":"王思莹","ISTK":0,"ZCMC":"1-5周","YPSJDD":"7-9周 星期五 第3节-第5节 南湖南-博学西楼-106,9周 星期日 第3节-第5节 南湖南-博学西楼-106,1-15周 星期二 第1节-第2节 南湖南-博学西楼-111,11-15周 星期五 第3节-第5节 南湖南-博学西楼-106,1-5周 星期五 第3节-第5节 南湖南-博学西楼-106","XF":4,"SKXQ":5,"XNXQDM":"2024-2025-2","KCM":"材料力学B","JASDM":"0202030106","JXLDM":"020203","JXBID":"20242-04614","SKBJ":"工力2301-02","TYXMDM":null,"KCH":"10084111001"},{"KKDWDM":"016","XS":16,"BYBZ":"0","JSJC":12,"XXXQDM":"02","KXH":"01","KSJC":11,"XKZRS":73,"SKZC":"111100000000000000000000","SKJS":"黄薇","ISTK":0,"ZCMC":"1-4周","YPSJDD":"1-4周 星期三 第11节-第12节 南湖南-博学西楼-106","XF":1,"SKXQ":3,"XNXQDM":"2024-2025-2","KCM":"材料生物学交叉实验——工作细胞(JD)","JASDM":"0202030106","JXLDM":"020203","JXBID":"20242-08124","SKBJ":"公选-08124","TYXMDM":null,"KCH":"10166321152"},{"KKDWDM":"008","XS":48,"BYBZ":"0","JSJC":8,"XXXQDM":"02","KXH":"01","KSJC":6,"XKZRS":null,"SKZC":"110000000000000000000000000000","SKJS":"卢杰","ISTK":0,"ZCMC":"1-2周","YPSJDD":"1-2周 星期一 第6节-第8节 南湖南-博学西楼-106","XF":3,"SKXQ":1,"XNXQDM":"2024-2025-2","KCM":"生产系统建模与仿真B","JASDM":"0202030106","JXLDM":"020203","JXBID":"20242-03933","SKBJ":"智能制造2201-02","TYXMDM":null,"KCH":"10084117066"},{"KKDWDM":"072","XS":72,"BYBZ":"0","JSJC":5,"XXXQDM":"02","KXH":"02","KSJC":3,"XKZRS":78,"SKZC":"000000111000000000000000000000","SKJS":"王思莹","ISTK":0,"ZCMC":"7-9周","YPSJDD":"7-9周 星期五 第3节-第5节 南湖南-博学西楼-106,9周 星期日 第3节-第5节 南湖南-博学西楼-106,1-15周 星期二 第1节-第2节 南湖南-博学西楼-111,11-15周 星期五 第3节-第5节 南湖南-博学西楼-106,1-5周 星期五 第3节-第5节 南湖南-博学西楼-106","XF":4,"SKXQ":5,"XNXQDM":"2024-2025-2","KCM":"材料力学B","JASDM":"0202030106","JXLDM":"020203","JXBID":"20242-04614","SKBJ":"工力2301-02","TYXMDM":null,"KCH":"10084111001"},{"KKDWDM":"017","XS":32,"BYBZ":"0","JSJC":2,"XXXQDM":"02","KXH":"01","KSJC":1,"XKZRS":32,"SKZC":"000000111000000000000000000000","SKJS":"晏敬东,毕小龙","ISTK":0,"ZCMC":"7-9周","YPSJDD":"17周 星期三 第1节-第2节 南湖南-博学西楼-106,1-5周 星期五 第1节-第2节 南湖南-博学西楼-106,9周 星期日 第1节-第2节 南湖南-博学西楼-106,7-9周 星期五 第1节-第2节 南湖南-博学西楼-106,11-16周 星期五 第1节-第2节 南湖南-博学西楼-106","XF":2,"SKXQ":5,"XNXQDM":"2024-2025-2","KCM":"产业经济与汽车交通材料行业","JASDM":"0202030106","JXLDM":"020203","JXBID":"20242-05262","SKBJ":"工商2301-02,工商t2301","TYXMDM":null,"KCH":"10175121103"},{"KKDWDM":"009","XS":24,"BYBZ":"0","JSJC":2,"XXXQDM":"02","KXH":"01","KSJC":1,"XKZRS":44,"SKZC":"000000001000000000000000000000","SKJS":"刘晖,王雪亮","ISTK":0,"ZCMC":"9周","YPSJDD":"9周 星期四 第1节-第2节 南湖南-博学西楼-106,11-15周 星期四 第1节-第2节 南湖南-博学西楼-106","XF":1,"SKXQ":4,"XNXQDM":"2024-2025-2","KCM":"计算机辅助设计基础","JASDM":"0202030106","JXLDM":"020203","JXBID":"20242-05291","SKBJ":"建环2301-02","TYXMDM":null,"KCH":"10165111029"},{"KKDWDM":"072","XS":72,"BYBZ":"0","JSJC":5,"XXXQDM":"02","KXH":"02","KSJC":3,"XKZRS":78,"SKZC":"000000001000000000000000000000","SKJS":"王思莹","ISTK":0,"ZCMC":"9周","YPSJDD":"7-9周 星期五 第3节-第5节 南湖南-博学西楼-106,9周 星期日 第3节-第5节 南湖南-博学西楼-106,1-15周 星期二 第1节-第2节 南湖南-博学西楼-111,11-15周 星期五 第3节-第5节 南湖南-博学西楼-106,1-5周 星期五 第3节-第5节 南湖南-博学西楼-106","XF":4,"SKXQ":7,"XNXQDM":"2024-2025-2","KCM":"材料力学B","JASDM":"0202030106","JXLDM":"020203","JXBID":"20242-04614","SKBJ":"工力2301-02","TYXMDM":null,"KCH":"10084111001"},{"KKDWDM":"017","XS":32,"BYBZ":"0","JSJC":2,"XXXQDM":"02","KXH":"01","KSJC":1,"XKZRS":32,"SKZC":"000000001000000000000000000000","SKJS":"晏敬东,毕小龙","ISTK":0,"ZCMC":"9周","YPSJDD":"17周 星期三 第1节-第2节 南湖南-博学西楼-106,1-5周 星期五 第1节-第2节 南湖南-博学西楼-106,9周 星期日 第1节-第2节 南湖南-博学西楼-106,7-9周 星期五 第1节-第2节 南湖南-博学西楼-106,11-16周 星期五 第1节-第2节 南湖南-博学西楼-106","XF":2,"SKXQ":7,"XNXQDM":"2024-2025-2","KCM":"产业经济与汽车交通材料行业","JASDM":"0202030106","JXLDM":"020203","JXBID":"20242-05262","SKBJ":"工商2301-02,工商t2301","TYXMDM":null,"KCH":"10175121103"},{"KKDWDM":"022","XS":40,"BYBZ":"0","JSJC":8,"XXXQDM":"02","KXH":"01","KSJC":6,"XKZRS":27,"SKZC":"000000001000000000000000","SKJS":"彭子剑","ISTK":0,"ZCMC":"9周","YPSJDD":"14-15周 星期五 第6节-第7节 南湖南-博学西楼-106,1-5周,7-9周,11-13周 星期五 第6节-第8节 南湖南-博学西楼-106,9周 星期日 第6节-第8节 南湖南-博学西楼-106","XF":2,"SKXQ":7,"XNXQDM":"2024-2025-2","KCM":"法律社会学","JASDM":"0202030106","JXLDM":"020203","JXBID":"20242-02477","SKBJ":"社工2201-02","TYXMDM":null,"KCH":"10225121037"},{"KKDWDM":"020","XS":32,"BYBZ":"0","JSJC":4,"XXXQDM":"02","KXH":"06","KSJC":3,"XKZRS":31,"SKZC":"000000000011111110000000000000","SKJS":"Alex Ory Ballard","ISTK":0,"ZCMC":"11-17周","YPSJDD":"1-9周 星期四 第3节-第4节 南湖南-博学西楼-106,11-17周 星期四 第3节-第4节 南湖南-博学西楼-106","XF":2,"SKXQ":4,"XNXQDM":"2024-2025-2","KCM":"英语听力与口语2","JASDM":"0202030106","JXLDM":"020203","JXBID":"20242-13724","SKBJ":"金融gj2402","TYXMDM":null,"KCH":"10206124404"},{"KKDWDM":"017","XS":32,"BYBZ":"0","JSJC":2,"XXXQDM":"02","KXH":"01","KSJC":1,"XKZRS":32,"SKZC":"000000000011111100000000000000","SKJS":"晏敬东,毕小龙","ISTK":0,"ZCMC":"11-16周","YPSJDD":"17周 星期三 第1节-第2节 南湖南-博学西楼-106,1-5周 星期五 第1节-第2节 南湖南-博学西楼-106,9周 星期日 第1节-第2节 南湖南-博学西楼-106,7-9周 星期五 第1节-第2节 南湖南-博学西楼-106,11-16周 星期五 第1节-第2节 南湖南-博学西楼-106","XF":2,"SKXQ":5,"XNXQDM":"2024-2025-2","KCM":"产业经济与汽车交通材料行业","JASDM":"0202030106","JXLDM":"020203","JXBID":"20242-05262","SKBJ":"工商2301-02,工商t2301","TYXMDM":null,"KCH":"10175121103"},{"KKDWDM":"072","XS":72,"BYBZ":"0","JSJC":5,"XXXQDM":"02","KXH":"02","KSJC":3,"XKZRS":78,"SKZC":"000000000011111000000000000000","SKJS":"王思莹","ISTK":0,"ZCMC":"11-15周","YPSJDD":"7-9周 星期五 第3节-第5节 南湖南-博学西楼-106,9周 星期日 第3节-第5节 南湖南-博学西楼-106,1-15周 星期二 第1节-第2节 南湖南-博学西楼-111,11-15周 星期五 第3节-第5节 南湖南-博学西楼-106,1-5周 星期五 第3节-第5节 南湖南-博学西楼-106","XF":4,"SKXQ":5,"XNXQDM":"2024-2025-2","KCM":"材料力学B","JASDM":"0202030106","JXLDM":"020203","JXBID":"20242-04614","SKBJ":"工力2301-02","TYXMDM":null,"KCH":"10084111001"},{"KKDWDM":"009","XS":24,"BYBZ":"0","JSJC":2,"XXXQDM":"02","KXH":"01","KSJC":1,"XKZRS":44,"SKZC":"000000000011111000000000000000","SKJS":"刘晖,王雪亮","ISTK":0,"ZCMC":"11-15周","YPSJDD":"9周 星期四 第1节-第2节 南湖南-博学西楼-106,11-15周 星期四 第1节-第2节 南湖南-博学西楼-106","XF":1,"SKXQ":4,"XNXQDM":"2024-2025-2","KCM":"计算机辅助设计基础","JASDM":"0202030106","JXLDM":"020203","JXBID":"20242-05291","SKBJ":"建环2301-02","TYXMDM":null,"KCH":"10165111029"},{"KKDWDM":"022","XS":32,"BYBZ":"0","JSJC":7,"XXXQDM":"02","KXH":"01","KSJC":6,"XKZRS":52,"SKZC":"000000000010000000000000000000","SKJS":"朱晓婉","ISTK":0,"ZCMC":"11周","YPSJDD":"1-10周 星期三 第6节-第8节 南湖南-博学西楼-106,11周 星期三 第6节-第7节 南湖南-博学西楼-106","XF":2,"SKXQ":3,"XNXQDM":"2024-2025-2","KCM":"受众分析","JASDM":"0202030106","JXLDM":"020203","JXBID":"20242-02798","SKBJ":"广告2201-02","TYXMDM":null,"KCH":"10225117015"},{"KKDWDM":"007","XS":32,"BYBZ":"0","JSJC":12,"XXXQDM":"02","KXH":"01","KSJC":11,"XKZRS":34,"SKZC":"000000000010000000000000","SKJS":"吴婧","ISTK":0,"ZCMC":"11周","YPSJDD":"11周 星期二 第11节-第12节 南湖南-博学西楼-106,1-10周 星期二 第11节-第13节 南湖南-博学西楼-106","XF":2,"SKXQ":2,"XNXQDM":"2024-2025-2","KCM":"无人驾驶环境感知(GX)","JASDM":"0202030106","JXLDM":"020203","JXBID":"20242-07370","SKBJ":"公选-07370","TYXMDM":null,"KCH":"10072124014"},{"KKDWDM":"017","XS":32,"BYBZ":"0","JSJC":2,"XXXQDM":"02","KXH":"03","KSJC":1,"XKZRS":66,"SKZC":"000000000001110000000000000000","SKJS":"王丹","ISTK":0,"ZCMC":"12-14周","YPSJDD":"1-10周 星期一 第1节-第2节 南湖南-博学西楼-106,16-17周 星期一 第1节-第2节 南湖南-博学西楼-106,17周 星期二 第1节-第2节 南湖南-博学西楼-106,12-14周 星期一 第1节-第2节 南湖南-博学西楼-106","XF":2,"SKXQ":1,"XNXQDM":"2024-2025-2","KCM":"市场营销学","JASDM":"0202030106","JXLDM":"020203","JXBID":"20242-10717","SKBJ":"工商类2406-07","TYXMDM":null,"KCH":"10173124428"},{"KKDWDM":"007","XS":24,"BYBZ":"0","JSJC":10,"XXXQDM":"02","KXH":"02","KSJC":9,"XKZRS":71,"SKZC":"000000000001100000000000000000","SKJS":"Christopher Charles Wyatt,孙倩,段芳芳","ISTK":0,"ZCMC":"12-13周","YPSJDD":"1-10周 星期一 第9节-第10节 南湖南-博学西楼-106,12-13周 星期一 第9节-第10节 南湖南-博学西楼-106","XF":1,"SKXQ":1,"XNXQDM":"2024-2025-2","KCM":"汽车专业英语","JASDM":"0202030106","JXLDM":"020203","JXBID":"20242-12761","SKBJ":"车辆gj2303-04","TYXMDM":null,"KCH":"10075121080"},{"KKDWDM":"008","XS":64,"BYBZ":"0","JSJC":4,"XXXQDM":"02","KXH":"01","KSJC":3,"XKZRS":40,"SKZC":"000000000001100000000000","SKJS":"张金良","ISTK":0,"ZCMC":"12-13周","YPSJDD":"1-12周 星期三 第1节-第2节 南湖南-博学西楼-106,12-13周 星期一 第3节-第4节 南湖南-博学西楼-106,1-10周 星期一 第3节-第5节 南湖南-博学西楼-106","XF":4,"SKXQ":1,"XNXQDM":"2024-2025-2","KCM":"机械制造技术基础A","JASDM":"0202030106","JXLDM":"020203","JXBID":"20242-03368","SKBJ":"机械2203","TYXMDM":null,"KCH":"10085711015"},{"KKDWDM":"022","XS":40,"BYBZ":"0","JSJC":7,"XXXQDM":"02","KXH":"01","KSJC":6,"XKZRS":27,"SKZC":"000000000000011000000000","SKJS":"彭子剑","ISTK":0,"ZCMC":"14-15周","YPSJDD":"14-15周 星期五 第6节-第7节 南湖南-博学西楼-106,1-5周,7-9周,11-13周 星期五 第6节-第8节 南湖南-博学西楼-106,9周 星期日 第6节-第8节 南湖南-博学西楼-106","XF":2,"SKXQ":5,"XNXQDM":"2024-2025-2","KCM":"法律社会学","JASDM":"0202030106","JXLDM":"020203","JXBID":"20242-02477","SKBJ":"社工2201-02","TYXMDM":null,"KCH":"10225121037"},{"KKDWDM":"017","XS":32,"BYBZ":"0","JSJC":2,"XXXQDM":"02","KXH":"03","KSJC":1,"XKZRS":66,"SKZC":"000000000000000110000000000000","SKJS":"王丹","ISTK":0,"ZCMC":"16-17周","YPSJDD":"1-10周 星期一 第1节-第2节 南湖南-博学西楼-106,16-17周 星期一 第1节-第2节 南湖南-博学西楼-106,17周 星期二 第1节-第2节 南湖南-博学西楼-106,12-14周 星期一 第1节-第2节 南湖南-博学西楼-106","XF":2,"SKXQ":1,"XNXQDM":"2024-2025-2","KCM":"市场营销学","JASDM":"0202030106","JXLDM":"020203","JXBID":"20242-10717","SKBJ":"工商类2406-07","TYXMDM":null,"KCH":"10173124428"},{"KKDWDM":"017","XS":32,"BYBZ":"0","JSJC":2,"XXXQDM":"02","KXH":"03","KSJC":1,"XKZRS":66,"SKZC":"000000000000000010000000000000","SKJS":"王丹","ISTK":0,"ZCMC":"17周","YPSJDD":"1-10周 星期一 第1节-第2节 南湖南-博学西楼-106,16-17周 星期一 第1节-第2节 南湖南-博学西楼-106,17周 星期二 第1节-第2节 南湖南-博学西楼-106,12-14周 星期一 第1节-第2节 南湖南-博学西楼-106","XF":2,"SKXQ":2,"XNXQDM":"2024-2025-2","KCM":"市场营销学","JASDM":"0202030106","JXLDM":"020203","JXBID":"20242-10717","SKBJ":"工商类2406-07","TYXMDM":null,"KCH":"10173124428"},{"KKDWDM":"017","XS":32,"BYBZ":"0","JSJC":2,"XXXQDM":"02","KXH":"01","KSJC":1,"XKZRS":32,"SKZC":"000000000000000010000000000000","SKJS":"晏敬东,毕小龙","ISTK":0,"ZCMC":"17周","YPSJDD":"17周 星期三 第1节-第2节 南湖南-博学西楼-106,1-5周 星期五 第1节-第2节 南湖南-博学西楼-106,9周 星期日 第1节-第2节 南湖南-博学西楼-106,7-9周 星期五 第1节-第2节 南湖南-博学西楼-106,11-16周 星期五 第1节-第2节 南湖南-博学西楼-106","XF":2,"SKXQ":3,"XNXQDM":"2024-2025-2","KCM":"产业经济与汽车交通材料行业","JASDM":"0202030106","JXLDM":"020203","JXBID":"20242-05262","SKBJ":"工商2301-02,工商t2301","TYXMDM":null,"KCH":"10175121103"}]}},"code":"0"}