{"datas":{"jaskcb":{"extParams":{"code":1,"msg":"查询成功"},"pageSize":0,"pageNumber":0,"totalSize":-1,"rows":[{"KKDWDM":"072","XS":80,"BYBZ":"0","JSJC":5,"XXXQDM":"02","KXH":"43","KSJC":3,"XKZRS":141,"SKZC":"111111111111111100000000000000","SKJS":"吕鹏","ISTK":0,"ZCMC":"1-16周","YPSJDD":"1-5周 星期五 第1节-第2节 南湖南-博学主楼-307,7-9周 星期五 第1节-第2节 南湖南-博学主楼-307,1-16周 星期三 第3节-第5节 南湖南-博学主楼-307,11-16周 星期五 第1节-第2节 南湖南-博学主楼-307,9周 星期日 第1节-第2节 南湖南-博学主楼-307,17周 星期三 第1节-第2节 南湖南-博学主楼-307","XF":5,"SKXQ":3,"XNXQDM":"2024-2025-2","KCM":"大学物理B","JASDM":"0202040307","JXLDM":"020204","JXBID":"20242-11688","SKBJ":"自动化类2405-08","TYXMDM":null,"KCH":"10153113042"},{"KKDWDM":"072","XS":80,"BYBZ":"0","JSJC":2,"XXXQDM":"02","KXH":"23","KSJC":1,"XKZRS":140,"SKZC":"111111111111111100000000000000","SKJS":"郭斌","ISTK":0,"ZCMC":"1-16周","YPSJDD":"11-17周 星期四 第3节-第5节 南湖南-博学主楼-307,1-16周 星期二 第1节-第2节 南湖南-博学主楼-307,1-9周 星期四 第3节-第5节 南湖南-博学主楼-307","XF":5,"SKXQ":2,"XNXQDM":"2024-2025-2","KCM":"大学物理B","JASDM":"0202040307","JXLDM":"020204","JXBID":"20242-11681","SKBJ":"材料类2404-07","TYXMDM":null,"KCH":"10153113042"},{"KKDWDM":"072","XS":80,"BYBZ":"0","JSJC":2,"XXXQDM":"02","KXH":"41","KSJC":1,"XKZRS":140,"SKZC":"111111111111111100000000000000","SKJS":"吕鹏","ISTK":0,"ZCMC":"1-16周","YPSJDD":"9周 星期日 第3节-第5节 南湖南-博学主楼-307,1-16周 星期三 第1节-第2节 南湖南-博学主楼-307,7-9周 星期五 第3节-第5节 南湖南-博学主楼-307,1-5周 星期五 第3节-第5节 南湖南-博学主楼-307,11-16周 星期五 第3节-第5节 南湖南-博学主楼-307,17周 星期三 第3节-第5节 南湖南-博学主楼-307","XF":5,"SKXQ":3,"XNXQDM":"2024-2025-2","KCM":"大学物理B","JASDM":"0202040307","JXLDM":"020204","JXBID":"20242-11685","SKBJ":"车辆类2405-08","TYXMDM":null,"KCH":"10153113042"},{"KKDWDM":"072","XS":80,"BYBZ":"0","JSJC":5,"XXXQDM":"02","KXH":"32","KSJC":3,"XKZRS":128,"SKZC":"111111111111111100000000000000","SKJS":"蒋显武","ISTK":0,"ZCMC":"1-16周","YPSJDD":"1-9周 星期四 第1节-第2节 南湖南-博学主楼-307,1-16周 星期二 第3节-第5节 南湖南-博学主楼-307,11-17周 星期四 第1节-第2节 南湖南-博学主楼-307","XF":5,"SKXQ":2,"XNXQDM":"2024-2025-2","KCM":"大学物理B","JASDM":"0202040307","JXLDM":"020204","JXBID":"20242-11670","SKBJ":"电信类2405-08","TYXMDM":null,"KCH":"10153113042"},{"KKDWDM":"018","XS":48,"BYBZ":"0","JSJC":5,"XXXQDM":"02","KXH":"01","KSJC":3,"XKZRS":99,"SKZC":"111111111100000000000000000000","SKJS":"周玉荣","ISTK":0,"ZCMC":"1-10周","YPSJDD":"17周 星期二 第3节-第5节 南湖南-博学主楼-307,12-14周 星期一 第3节-第5节 南湖南-博学主楼-307,16-17周 星期一 第3节-第5节 南湖南-博学主楼-307,1-10周 星期一 第3节-第5节 南湖南-博学主楼-307","XF":3,"SKXQ":1,"XNXQDM":"2024-2025-2","KCM":"保险学A","JASDM":"0202040307","JXLDM":"020204","JXBID":"20242-02509","SKBJ":"金融gj2201-03","TYXMDM":null,"KCH":"10184116019"},{"KKDWDM":"072","XS":80,"BYBZ":"0","JSJC":2,"XXXQDM":"02","KXH":"32","KSJC":1,"XKZRS":128,"SKZC":"111111111000000000000000000000","SKJS":"蒋显武","ISTK":0,"ZCMC":"1-9周","YPSJDD":"1-9周 星期四 第1节-第2节 南湖南-博学主楼-307,1-16周 星期二 第3节-第5节 南湖南-博学主楼-307,11-17周 星期四 第1节-第2节 南湖南-博学主楼-307","XF":5,"SKXQ":4,"XNXQDM":"2024-2025-2","KCM":"大学物理B","JASDM":"0202040307","JXLDM":"020204","JXBID":"20242-11670","SKBJ":"电信类2405-08","TYXMDM":null,"KCH":"10153113042"},{"KKDWDM":"072","XS":80,"BYBZ":"0","JSJC":5,"XXXQDM":"02","KXH":"23","KSJC":3,"XKZRS":140,"SKZC":"111111111000000000000000000000","SKJS":"郭斌","ISTK":0,"ZCMC":"1-9周","YPSJDD":"11-17周 星期四 第3节-第5节 南湖南-博学主楼-307,1-16周 星期二 第1节-第2节 南湖南-博学主楼-307,1-9周 星期四 第3节-第5节 南湖南-博学主楼-307","XF":5,"SKXQ":4,"XNXQDM":"2024-2025-2","KCM":"大学物理B","JASDM":"0202040307","JXLDM":"020204","JXBID":"20242-11681","SKBJ":"材料类2404-07","TYXMDM":null,"KCH":"10153113042"},{"KKDWDM":"072","XS":80,"BYBZ":"0","JSJC":2,"XXXQDM":"02","KXH":"43","KSJC":1,"XKZRS":141,"SKZC":"111110000000000000000000000000","SKJS":"吕鹏","ISTK":0,"ZCMC":"1-5周","YPSJDD":"1-5周 星期五 第1节-第2节 南湖南-博学主楼-307,7-9周 星期五 第1节-第2节 南湖南-博学主楼-307,1-16周 星期三 第3节-第5节 南湖南-博学主楼-307,11-16周 星期五 第1节-第2节 南湖南-博学主楼-307,9周 星期日 第1节-第2节 南湖南-博学主楼-307,17周 星期三 第1节-第2节 南湖南-博学主楼-307","XF":5,"SKXQ":5,"XNXQDM":"2024-2025-2","KCM":"大学物理B","JASDM":"0202040307","JXLDM":"020204","JXBID":"20242-11688","SKBJ":"自动化类2405-08","TYXMDM":null,"KCH":"10153113042"},{"KKDWDM":"072","XS":80,"BYBZ":"0","JSJC":5,"XXXQDM":"02","KXH":"41","KSJC":3,"XKZRS":140,"SKZC":"111110000000000000000000000000","SKJS":"吕鹏","ISTK":0,"ZCMC":"1-5周","YPSJDD":"9周 星期日 第3节-第5节 南湖南-博学主楼-307,1-16周 星期三 第1节-第2节 南湖南-博学主楼-307,7-9周 星期五 第3节-第5节 南湖南-博学主楼-307,1-5周 星期五 第3节-第5节 南湖南-博学主楼-307,11-16周 星期五 第3节-第5节 南湖南-博学主楼-307,17周 星期三 第3节-第5节 南湖南-博学主楼-307","XF":5,"SKXQ":5,"XNXQDM":"2024-2025-2","KCM":"大学物理B","JASDM":"0202040307","JXLDM":"020204","JXBID":"20242-11685","SKBJ":"车辆类2405-08","TYXMDM":null,"KCH":"10153113042"},{"KKDWDM":"072","XS":80,"BYBZ":"0","JSJC":2,"XXXQDM":"02","KXH":"43","KSJC":1,"XKZRS":141,"SKZC":"000000111000000000000000000000","SKJS":"吕鹏","ISTK":0,"ZCMC":"7-9周","YPSJDD":"1-5周 星期五 第1节-第2节 南湖南-博学主楼-307,7-9周 星期五 第1节-第2节 南湖南-博学主楼-307,1-16周 星期三 第3节-第5节 南湖南-博学主楼-307,11-16周 星期五 第1节-第2节 南湖南-博学主楼-307,9周 星期日 第1节-第2节 南湖南-博学主楼-307,17周 星期三 第1节-第2节 南湖南-博学主楼-307","XF":5,"SKXQ":5,"XNXQDM":"2024-2025-2","KCM":"大学物理B","JASDM":"0202040307","JXLDM":"020204","JXBID":"20242-11688","SKBJ":"自动化类2405-08","TYXMDM":null,"KCH":"10153113042"},{"KKDWDM":"072","XS":80,"BYBZ":"0","JSJC":5,"XXXQDM":"02","KXH":"41","KSJC":3,"XKZRS":140,"SKZC":"000000111000000000000000000000","SKJS":"吕鹏","ISTK":0,"ZCMC":"7-9周","YPSJDD":"9周 星期日 第3节-第5节 南湖南-博学主楼-307,1-16周 星期三 第1节-第2节 南湖南-博学主楼-307,7-9周 星期五 第3节-第5节 南湖南-博学主楼-307,1-5周 星期五 第3节-第5节 南湖南-博学主楼-307,11-16周 星期五 第3节-第5节 南湖南-博学主楼-307,17周 星期三 第3节-第5节 南湖南-博学主楼-307","XF":5,"SKXQ":5,"XNXQDM":"2024-2025-2","KCM":"大学物理B","JASDM":"0202040307","JXLDM":"020204","JXBID":"20242-11685","SKBJ":"车辆类2405-08","TYXMDM":null,"KCH":"10153113042"},{"KKDWDM":"072","XS":80,"BYBZ":"0","JSJC":2,"XXXQDM":"02","KXH":"43","KSJC":1,"XKZRS":141,"SKZC":"000000001000000000000000000000","SKJS":"吕鹏","ISTK":0,"ZCMC":"9周","YPSJDD":"1-5周 星期五 第1节-第2节 南湖南-博学主楼-307,7-9周 星期五 第1节-第2节 南湖南-博学主楼-307,1-16周 星期三 第3节-第5节 南湖南-博学主楼-307,11-16周 星期五 第1节-第2节 南湖南-博学主楼-307,9周 星期日 第1节-第2节 南湖南-博学主楼-307,17周 星期三 第1节-第2节 南湖南-博学主楼-307","XF":5,"SKXQ":7,"XNXQDM":"2024-2025-2","KCM":"大学物理B","JASDM":"0202040307","JXLDM":"020204","JXBID":"20242-11688","SKBJ":"自动化类2405-08","TYXMDM":null,"KCH":"10153113042"},{"KKDWDM":"072","XS":80,"BYBZ":"0","JSJC":5,"XXXQDM":"02","KXH":"41","KSJC":3,"XKZRS":140,"SKZC":"000000001000000000000000000000","SKJS":"吕鹏","ISTK":0,"ZCMC":"9周","YPSJDD":"9周 星期日 第3节-第5节 南湖南-博学主楼-307,1-16周 星期三 第1节-第2节 南湖南-博学主楼-307,7-9周 星期五 第3节-第5节 南湖南-博学主楼-307,1-5周 星期五 第3节-第5节 南湖南-博学主楼-307,11-16周 星期五 第3节-第5节 南湖南-博学主楼-307,17周 星期三 第3节-第5节 南湖南-博学主楼-307","XF":5,"SKXQ":7,"XNXQDM":"2024-2025-2","KCM":"大学物理B","JASDM":"0202040307","JXLDM":"020204","JXBID":"20242-11685","SKBJ":"车辆类2405-08","TYXMDM":null,"KCH":"10153113042"},{"KKDWDM":"072","XS":80,"BYBZ":"0","JSJC":2,"XXXQDM":"02","KXH":"32","KSJC":1,"XKZRS":128,"SKZC":"000000000011111110000000000000","SKJS":"蒋显武","ISTK":0,"ZCMC":"11-17周","YPSJDD":"1-9周 星期四 第1节-第2节 南湖南-博学主楼-307,1-16周 星期二 第3节-第5节 南湖南-博学主楼-307,11-17周 星期四 第1节-第2节 南湖南-博学主楼-307","XF":5,"SKXQ":4,"XNXQDM":"2024-2025-2","KCM":"大学物理B","JASDM":"0202040307","JXLDM":"020204","JXBID":"20242-11670","SKBJ":"电信类2405-08","TYXMDM":null,"KCH":"10153113042"},{"KKDWDM":"072","XS":80,"BYBZ":"0","JSJC":5,"XXXQDM":"02","KXH":"23","KSJC":3,"XKZRS":140,"SKZC":"000000000011111110000000000000","SKJS":"郭斌","ISTK":0,"ZCMC":"11-17周","YPSJDD":"11-17周 星期四 第3节-第5节 南湖南-博学主楼-307,1-16周 星期二 第1节-第2节 南湖南-博学主楼-307,1-9周 星期四 第3节-第5节 南湖南-博学主楼-307","XF":5,"SKXQ":4,"XNXQDM":"2024-2025-2","KCM":"大学物理B","JASDM":"0202040307","JXLDM":"020204","JXBID":"20242-11681","SKBJ":"材料类2404-07","TYXMDM":null,"KCH":"10153113042"},{"KKDWDM":"072","XS":80,"BYBZ":"0","JSJC":5,"XXXQDM":"02","KXH":"41","KSJC":3,"XKZRS":140,"SKZC":"000000000011111100000000000000","SKJS":"吕鹏","ISTK":0,"ZCMC":"11-16周","YPSJDD":"9周 星期日 第3节-第5节 南湖南-博学主楼-307,1-16周 星期三 第1节-第2节 南湖南-博学主楼-307,7-9周 星期五 第3节-第5节 南湖南-博学主楼-307,1-5周 星期五 第3节-第5节 南湖南-博学主楼-307,11-16周 星期五 第3节-第5节 南湖南-博学主楼-307,17周 星期三 第3节-第5节 南湖南-博学主楼-307","XF":5,"SKXQ":5,"XNXQDM":"2024-2025-2","KCM":"大学物理B","JASDM":"0202040307","JXLDM":"020204","JXBID":"20242-11685","SKBJ":"车辆类2405-08","TYXMDM":null,"KCH":"10153113042"},{"KKDWDM":"072","XS":80,"BYBZ":"0","JSJC":2,"XXXQDM":"02","KXH":"43","KSJC":1,"XKZRS":141,"SKZC":"000000000011111100000000000000","SKJS":"吕鹏","ISTK":0,"ZCMC":"11-16周","YPSJDD":"1-5周 星期五 第1节-第2节 南湖南-博学主楼-307,7-9周 星期五 第1节-第2节 南湖南-博学主楼-307,1-16周 星期三 第3节-第5节 南湖南-博学主楼-307,11-16周 星期五 第1节-第2节 南湖南-博学主楼-307,9周 星期日 第1节-第2节 南湖南-博学主楼-307,17周 星期三 第1节-第2节 南湖南-博学主楼-307","XF":5,"SKXQ":5,"XNXQDM":"2024-2025-2","KCM":"大学物理B","JASDM":"0202040307","JXLDM":"020204","JXBID":"20242-11688","SKBJ":"自动化类2405-08","TYXMDM":null,"KCH":"10153113042"},{"KKDWDM":"018","XS":48,"BYBZ":"0","JSJC":5,"XXXQDM":"02","KXH":"01","KSJC":3,"XKZRS":99,"SKZC":"000000000001110000000000000000","SKJS":"周玉荣","ISTK":0,"ZCMC":"12-14周","YPSJDD":"17周 星期二 第3节-第5节 南湖南-博学主楼-307,12-14周 星期一 第3节-第5节 南湖南-博学主楼-307,16-17周 星期一 第3节-第5节 南湖南-博学主楼-307,1-10周 星期一 第3节-第5节 南湖南-博学主楼-307","XF":3,"SKXQ":1,"XNXQDM":"2024-2025-2","KCM":"保险学A","JASDM":"0202040307","JXLDM":"020204","JXBID":"20242-02509","SKBJ":"金融gj2201-03","TYXMDM":null,"KCH":"10184116019"},{"KKDWDM":"018","XS":48,"BYBZ":"0","JSJC":5,"XXXQDM":"02","KXH":"01","KSJC":3,"XKZRS":99,"SKZC":"000000000000000110000000000000","SKJS":"周玉荣","ISTK":0,"ZCMC":"16-17周","YPSJDD":"17周 星期二 第3节-第5节 南湖南-博学主楼-307,12-14周 星期一 第3节-第5节 南湖南-博学主楼-307,16-17周 星期一 第3节-第5节 南湖南-博学主楼-307,1-10周 星期一 第3节-第5节 南湖南-博学主楼-307","XF":3,"SKXQ":1,"XNXQDM":"2024-2025-2","KCM":"保险学A","JASDM":"0202040307","JXLDM":"020204","JXBID":"20242-02509","SKBJ":"金融gj2201-03","TYXMDM":null,"KCH":"10184116019"},{"KKDWDM":"018","XS":48,"BYBZ":"0","JSJC":5,"XXXQDM":"02","KXH":"01","KSJC":3,"XKZRS":99,"SKZC":"000000000000000010000000000000","SKJS":"周玉荣","ISTK":0,"ZCMC":"17周","YPSJDD":"17周 星期二 第3节-第5节 南湖南-博学主楼-307,12-14周 星期一 第3节-第5节 南湖南-博学主楼-307,16-17周 星期一 第3节-第5节 南湖南-博学主楼-307,1-10周 星期一 第3节-第5节 南湖南-博学主楼-307","XF":3,"SKXQ":2,"XNXQDM":"2024-2025-2","KCM":"保险学A","JASDM":"0202040307","JXLDM":"020204","JXBID":"20242-02509","SKBJ":"金融gj2201-03","TYXMDM":null,"KCH":"10184116019"},{"KKDWDM":"072","XS":80,"BYBZ":"0","JSJC":2,"XXXQDM":"02","KXH":"43","KSJC":1,"XKZRS":141,"SKZC":"000000000000000010000000000000","SKJS":"吕鹏","ISTK":0,"ZCMC":"17周","YPSJDD":"1-5周 星期五 第1节-第2节 南湖南-博学主楼-307,7-9周 星期五 第1节-第2节 南湖南-博学主楼-307,1-16周 星期三 第3节-第5节 南湖南-博学主楼-307,11-16周 星期五 第1节-第2节 南湖南-博学主楼-307,9周 星期日 第1节-第2节 南湖南-博学主楼-307,17周 星期三 第1节-第2节 南湖南-博学主楼-307","XF":5,"SKXQ":3,"XNXQDM":"2024-2025-2","KCM":"大学物理B","JASDM":"0202040307","JXLDM":"020204","JXBID":"20242-11688","SKBJ":"自动化类2405-08","TYXMDM":null,"KCH":"10153113042"},{"KKDWDM":"072","XS":80,"BYBZ":"0","JSJC":5,"XXXQDM":"02","KXH":"41","KSJC":3,"XKZRS":140,"SKZC":"000000000000000010000000000000","SKJS":"吕鹏","ISTK":0,"ZCMC":"17周","YPSJDD":"9周 星期日 第3节-第5节 南湖南-博学主楼-307,1-16周 星期三 第1节-第2节 南湖南-博学主楼-307,7-9周 星期五 第3节-第5节 南湖南-博学主楼-307,1-5周 星期五 第3节-第5节 南湖南-博学主楼-307,11-16周 星期五 第3节-第5节 南湖南-博学主楼-307,17周 星期三 第3节-第5节 南湖南-博学主楼-307","XF":5,"SKXQ":3,"XNXQDM":"2024-2025-2","KCM":"大学物理B","JASDM":"0202040307","JXLDM":"020204","JXBID":"20242-11685","SKBJ":"车辆类2405-08","TYXMDM":null,"KCH":"10153113042"}]}},"code":"0"}