{"datas":{"jaskcb":{"extParams":{"code":1,"msg":"查询成功"},"pageSize":0,"pageNumber":0,"totalSize":-1,"rows":[{"KKDWDM":"010","XS":32,"BYBZ":"0","JSJC":2,"XXXQDM":"02","KXH":"01","KSJC":1,"XKZRS":60,"SKZC":"111111111111111100000000","SKJS":"刁红丽,夏世斌","ISTK":0,"ZCMC":"1-16周","YPSJDD":"1-16周 星期三 第1节-第2节 南湖南-博学西楼-212","XF":2,"SKXQ":3,"XNXQDM":"2024-2025-2","KCM":"环境工程微生物学B","JASDM":"0202030212","JXLDM":"020203","JXBID":"20242-05249","SKBJ":"环工2301-02","TYXMDM":null,"KCH":"10104113055"},{"KKDWDM":"021","XS":40,"BYBZ":"0","JSJC":5,"XXXQDM":"02","KXH":"01","KSJC":3,"XKZRS":71,"SKZC":"111111111111000000000000","SKJS":"刘骏","ISTK":0,"ZCMC":"1-12周","YPSJDD":"13-14周 星期二 第3节-第4节 南湖南-博学西楼-212,1-12周 星期二 第3节-第5节 南湖南-博学西楼-212","XF":2,"SKXQ":2,"XNXQDM":"2024-2025-2","KCM":"数智时代的行政管理","JASDM":"0202030212","JXLDM":"020203","JXBID":"20242-06125","SKBJ":"政治2401-02","TYXMDM":null,"KCH":"10214124444"},{"KKDWDM":"008","XS":40,"BYBZ":"0","JSJC":8,"XXXQDM":"02","KXH":"02","KSJC":6,"XKZRS":72,"SKZC":"111111111111000000000000","SKJS":"陈霞","ISTK":0,"ZCMC":"1-12周","YPSJDD":"13-14周 星期三 第6节-第7节 南湖南-博学西楼-212,1-12周 星期三 第6节-第8节 南湖南-博学西楼-212","XF":2,"SKXQ":3,"XNXQDM":"2024-2025-2","KCM":"仪器制造技术","JASDM":"0202030212","JXLDM":"020203","JXBID":"20242-05663","SKBJ":"测控2301-02","TYXMDM":null,"KCH":"10085121033"},{"KKDWDM":"009","XS":40,"BYBZ":"0","JSJC":5,"XXXQDM":"02","KXH":"05","KSJC":3,"XKZRS":88,"SKZC":"111111111111000000000000","SKJS":"张季如,王协群","ISTK":0,"ZCMC":"1-12周","YPSJDD":"13-14周 星期三 第3节-第4节 南湖南-博学西楼-212,1-12周 星期三 第3节-第5节 南湖南-博学西楼-212","XF":2,"SKXQ":3,"XNXQDM":"2024-2025-2","KCM":"土力学B","JASDM":"0202030212","JXLDM":"020203","JXBID":"20242-10937","SKBJ":"土木zy2301-03","TYXMDM":null,"KCH":"10174111013"},{"KKDWDM":"017","XS":40,"BYBZ":"0","JSJC":8,"XXXQDM":"02","KXH":"02","KSJC":6,"XKZRS":89,"SKZC":"111111111111000000000000","SKJS":"袁付礼","ISTK":0,"ZCMC":"1-12周","YPSJDD":"13-14周 星期二 第6节-第7节 南湖南-博学西楼-212,1-12周 星期二 第6节-第8节 南湖南-博学西楼-212","XF":2,"SKXQ":2,"XNXQDM":"2024-2025-2","KCM":"生产运作管理","JASDM":"0202030212","JXLDM":"020203","JXBID":"20242-05074","SKBJ":"创管2301,工商2301-02","TYXMDM":null,"KCH":"10174121167"},{"KKDWDM":"022","XS":40,"BYBZ":"0","JSJC":5,"XXXQDM":"02","KXH":"01","KSJC":3,"XKZRS":80,"SKZC":"111111111101100000000000","SKJS":"王晓丽","ISTK":0,"ZCMC":"1-10周,12-13周","YPSJDD":"14-16周(双) 星期一 第3节-第4节 南湖南-博学西楼-212,1-10周,12-13周 星期一 第3节-第5节 南湖南-博学西楼-212","XF":2,"SKXQ":1,"XNXQDM":"2024-2025-2","KCM":"环境资源法B","JASDM":"0202030212","JXLDM":"020203","JXBID":"20242-02286","SKBJ":"法学2203-04","TYXMDM":null,"KCH":"10224113040"},{"KKDWDM":"017","XS":32,"BYBZ":"0","JSJC":7,"XXXQDM":"02","KXH":"01","KSJC":6,"XKZRS":53,"SKZC":"111111111100000000000000000000","SKJS":"汪秀婷,黄颖","ISTK":0,"ZCMC":"1-10周","YPSJDD":"17周 星期二 第6节-第7节 南湖南-博学西楼-212,16-17周 星期一 第6节-第7节 南湖南-博学西楼-212,12-14周 星期一 第6节-第7节 南湖南-博学西楼-212,1-10周 星期一 第6节-第7节 南湖南-博学西楼-212","XF":2,"SKXQ":1,"XNXQDM":"2024-2025-2","KCM":"品牌管理","JASDM":"0202030212","JXLDM":"020203","JXBID":"20242-04987","SKBJ":"营销2301-02","TYXMDM":null,"KCH":"10175117080"},{"KKDWDM":"012","XS":72,"BYBZ":"0","JSJC":4,"XXXQDM":"02","KXH":"01","KSJC":3,"XKZRS":90,"SKZC":"111111111000000000000000000000","SKJS":"夏又新","ISTK":0,"ZCMC":"1-9周","YPSJDD":"1-16周 星期二 第1节-第2节 南湖南-博学西楼-304,1-9周 星期四 第3节-第4节 南湖南-博学西楼-212,11-16周 星期四 第3节-第4节 南湖南-博学西楼-212","XF":4,"SKXQ":4,"XNXQDM":"2024-2025-2","KCM":"计算机组成与系统结构","JASDM":"0202030212","JXLDM":"020203","JXBID":"20242-05186","SKBJ":"计算机zy2301-02","TYXMDM":null,"KCH":"10153111012"},{"KKDWDM":"016","XS":32,"BYBZ":"0","JSJC":2,"XXXQDM":"02","KXH":"01","KSJC":1,"XKZRS":65,"SKZC":"111111111000000000000000000000","SKJS":"孙美玲,胡晓松","ISTK":0,"ZCMC":"1-9周","YPSJDD":"11-17周 星期四 第1节-第2节 南湖南-博学西楼-212,1-9周 星期四 第1节-第2节 南湖南-博学西楼-212","XF":2,"SKXQ":4,"XNXQDM":"2024-2025-2","KCM":"专业英语与科技写作","JASDM":"0202030212","JXLDM":"020203","JXBID":"20242-05201","SKBJ":"应化2301-03","TYXMDM":null,"KCH":"10165121013"},{"KKDWDM":"017","XS":24,"BYBZ":"0","JSJC":13,"XXXQDM":"02","KXH":"01","KSJC":11,"XKZRS":94,"SKZC":"111111110000000000000000","SKJS":"王超","ISTK":0,"ZCMC":"1-8周","YPSJDD":"1-8周 星期二 第11节-第13节 南湖南-博学西楼-212","XF":1,"SKXQ":2,"XNXQDM":"2024-2025-2","KCM":"幸福课(GX)","JASDM":"0202030212","JXLDM":"020203","JXBID":"20242-08191","SKBJ":"公选-08191","TYXMDM":null,"KCH":"10172121273"},{"KKDWDM":"003","XS":16,"BYBZ":"0","JSJC":2,"XXXQDM":"02","KXH":"06","KSJC":1,"XKZRS":83,"SKZC":"11111111","SKJS":"张鹏超,田培静","ISTK":0,"ZCMC":"1-8周","YPSJDD":"1-8周 星期二 第1节-第2节 南湖南-博学西楼-212","XF":1,"SKXQ":2,"XNXQDM":"2024-2025-2","KCM":"神奇的材料世界","JASDM":"0202030212","JXLDM":"020203","JXBID":"20242-09795","SKBJ":"经济学类2404-06","TYXMDM":null,"KCH":"10034121084"},{"KKDWDM":"023","XS":40,"BYBZ":"0","JSJC":8,"XXXQDM":"02","KXH":"01","KSJC":6,"XKZRS":51,"SKZC":"111110111011100000000000","SKJS":"潘文砚","ISTK":0,"ZCMC":"1-5周,7-9周,11-13周","YPSJDD":"14-15周 星期五 第6节-第7节 南湖南-博学西楼-212,1-5周,7-9周,11-13周 星期五 第6节-第8节 南湖南-博学西楼-212,9周 星期日 第6节-第8节 南湖南-博学西楼-212","XF":2,"SKXQ":5,"XNXQDM":"2024-2025-2","KCM":"财务与会计导论","JASDM":"0202030212","JXLDM":"020203","JXBID":"20242-05609","SKBJ":"数管2301-03","TYXMDM":null,"KCH":"10235121032"},{"KKDWDM":"022","XS":48,"BYBZ":"0","JSJC":5,"XXXQDM":"02","KXH":"02","KSJC":3,"XKZRS":74,"SKZC":"111110000000000000000000000000","SKJS":"罗勤","ISTK":0,"ZCMC":"1-5周","YPSJDD":"11-15周 星期五 第3节-第5节 南湖南-博学西楼-212,9周 星期日 第3节-第5节 南湖南-博学西楼-212,1-5周 星期五 第3节-第5节 南湖南-博学西楼-212,7-9周 星期五 第3节-第5节 南湖南-博学西楼-212","XF":3,"SKXQ":5,"XNXQDM":"2024-2025-2","KCM":"民事诉讼法学B","JASDM":"0202030212","JXLDM":"020203","JXBID":"20242-12506","SKBJ":"法学2303-04","TYXMDM":null,"KCH":"10224117090"},{"KKDWDM":"023","XS":32,"BYBZ":"0","JSJC":2,"XXXQDM":"02","KXH":"01","KSJC":1,"XKZRS":32,"SKZC":"111110000000000000000000000000","SKJS":"郑锐,郭晨","ISTK":0,"ZCMC":"1-5周","YPSJDD":"9周 星期日 第1节-第2节 南湖南-博学西楼-212,11-16周 星期五 第1节-第2节 南湖南-博学西楼-212,17周 星期三 第1节-第2节 南湖南-博学西楼-212,7-9周 星期五 第1节-第2节 南湖南-博学西楼-212,1-5周 星期五 第1节-第2节 南湖南-博学西楼-212","XF":2,"SKXQ":5,"XNXQDM":"2024-2025-2","KCM":"管理研究方法","JASDM":"0202030212","JXLDM":"020203","JXBID":"20242-04404","SKBJ":"数管2301-03","TYXMDM":null,"KCH":"10234117088"},{"KKDWDM":"023","XS":32,"BYBZ":"0","JSJC":2,"XXXQDM":"02","KXH":"01","KSJC":1,"XKZRS":32,"SKZC":"000000111000000000000000000000","SKJS":"郑锐,郭晨","ISTK":0,"ZCMC":"7-9周","YPSJDD":"9周 星期日 第1节-第2节 南湖南-博学西楼-212,11-16周 星期五 第1节-第2节 南湖南-博学西楼-212,17周 星期三 第1节-第2节 南湖南-博学西楼-212,7-9周 星期五 第1节-第2节 南湖南-博学西楼-212,1-5周 星期五 第1节-第2节 南湖南-博学西楼-212","XF":2,"SKXQ":5,"XNXQDM":"2024-2025-2","KCM":"管理研究方法","JASDM":"0202030212","JXLDM":"020203","JXBID":"20242-04404","SKBJ":"数管2301-03","TYXMDM":null,"KCH":"10234117088"},{"KKDWDM":"022","XS":48,"BYBZ":"0","JSJC":5,"XXXQDM":"02","KXH":"02","KSJC":3,"XKZRS":74,"SKZC":"000000111000000000000000000000","SKJS":"罗勤","ISTK":0,"ZCMC":"7-9周","YPSJDD":"11-15周 星期五 第3节-第5节 南湖南-博学西楼-212,9周 星期日 第3节-第5节 南湖南-博学西楼-212,1-5周 星期五 第3节-第5节 南湖南-博学西楼-212,7-9周 星期五 第3节-第5节 南湖南-博学西楼-212","XF":3,"SKXQ":5,"XNXQDM":"2024-2025-2","KCM":"民事诉讼法学B","JASDM":"0202030212","JXLDM":"020203","JXBID":"20242-12506","SKBJ":"法学2303-04","TYXMDM":null,"KCH":"10224117090"},{"KKDWDM":"023","XS":32,"BYBZ":"0","JSJC":2,"XXXQDM":"02","KXH":"01","KSJC":1,"XKZRS":32,"SKZC":"000000001000000000000000000000","SKJS":"郑锐,郭晨","ISTK":0,"ZCMC":"9周","YPSJDD":"9周 星期日 第1节-第2节 南湖南-博学西楼-212,11-16周 星期五 第1节-第2节 南湖南-博学西楼-212,17周 星期三 第1节-第2节 南湖南-博学西楼-212,7-9周 星期五 第1节-第2节 南湖南-博学西楼-212,1-5周 星期五 第1节-第2节 南湖南-博学西楼-212","XF":2,"SKXQ":7,"XNXQDM":"2024-2025-2","KCM":"管理研究方法","JASDM":"0202030212","JXLDM":"020203","JXBID":"20242-04404","SKBJ":"数管2301-03","TYXMDM":null,"KCH":"10234117088"},{"KKDWDM":"022","XS":48,"BYBZ":"0","JSJC":5,"XXXQDM":"02","KXH":"02","KSJC":3,"XKZRS":74,"SKZC":"000000001000000000000000000000","SKJS":"罗勤","ISTK":0,"ZCMC":"9周","YPSJDD":"11-15周 星期五 第3节-第5节 南湖南-博学西楼-212,9周 星期日 第3节-第5节 南湖南-博学西楼-212,1-5周 星期五 第3节-第5节 南湖南-博学西楼-212,7-9周 星期五 第3节-第5节 南湖南-博学西楼-212","XF":3,"SKXQ":7,"XNXQDM":"2024-2025-2","KCM":"民事诉讼法学B","JASDM":"0202030212","JXLDM":"020203","JXBID":"20242-12506","SKBJ":"法学2303-04","TYXMDM":null,"KCH":"10224117090"},{"KKDWDM":"023","XS":40,"BYBZ":"0","JSJC":8,"XXXQDM":"02","KXH":"01","KSJC":6,"XKZRS":51,"SKZC":"000000001000000000000000","SKJS":"潘文砚","ISTK":0,"ZCMC":"9周","YPSJDD":"14-15周 星期五 第6节-第7节 南湖南-博学西楼-212,1-5周,7-9周,11-13周 星期五 第6节-第8节 南湖南-博学西楼-212,9周 星期日 第6节-第8节 南湖南-博学西楼-212","XF":2,"SKXQ":7,"XNXQDM":"2024-2025-2","KCM":"财务与会计导论","JASDM":"0202030212","JXLDM":"020203","JXBID":"20242-05609","SKBJ":"数管2301-03","TYXMDM":null,"KCH":"10235121032"},{"KKDWDM":"016","XS":32,"BYBZ":"0","JSJC":2,"XXXQDM":"02","KXH":"01","KSJC":1,"XKZRS":65,"SKZC":"000000000011111110000000000000","SKJS":"孙美玲,胡晓松","ISTK":0,"ZCMC":"11-17周","YPSJDD":"11-17周 星期四 第1节-第2节 南湖南-博学西楼-212,1-9周 星期四 第1节-第2节 南湖南-博学西楼-212","XF":2,"SKXQ":4,"XNXQDM":"2024-2025-2","KCM":"专业英语与科技写作","JASDM":"0202030212","JXLDM":"020203","JXBID":"20242-05201","SKBJ":"应化2301-03","TYXMDM":null,"KCH":"10165121013"},{"KKDWDM":"012","XS":72,"BYBZ":"0","JSJC":4,"XXXQDM":"02","KXH":"01","KSJC":3,"XKZRS":90,"SKZC":"000000000011111100000000000000","SKJS":"夏又新","ISTK":0,"ZCMC":"11-16周","YPSJDD":"1-16周 星期二 第1节-第2节 南湖南-博学西楼-304,1-9周 星期四 第3节-第4节 南湖南-博学西楼-212,11-16周 星期四 第3节-第4节 南湖南-博学西楼-212","XF":4,"SKXQ":4,"XNXQDM":"2024-2025-2","KCM":"计算机组成与系统结构","JASDM":"0202030212","JXLDM":"020203","JXBID":"20242-05186","SKBJ":"计算机zy2301-02","TYXMDM":null,"KCH":"10153111012"},{"KKDWDM":"023","XS":32,"BYBZ":"0","JSJC":2,"XXXQDM":"02","KXH":"01","KSJC":1,"XKZRS":32,"SKZC":"000000000011111100000000000000","SKJS":"郑锐,郭晨","ISTK":0,"ZCMC":"11-16周","YPSJDD":"9周 星期日 第1节-第2节 南湖南-博学西楼-212,11-16周 星期五 第1节-第2节 南湖南-博学西楼-212,17周 星期三 第1节-第2节 南湖南-博学西楼-212,7-9周 星期五 第1节-第2节 南湖南-博学西楼-212,1-5周 星期五 第1节-第2节 南湖南-博学西楼-212","XF":2,"SKXQ":5,"XNXQDM":"2024-2025-2","KCM":"管理研究方法","JASDM":"0202030212","JXLDM":"020203","JXBID":"20242-04404","SKBJ":"数管2301-03","TYXMDM":null,"KCH":"10234117088"},{"KKDWDM":"022","XS":48,"BYBZ":"0","JSJC":5,"XXXQDM":"02","KXH":"02","KSJC":3,"XKZRS":74,"SKZC":"000000000011111000000000000000","SKJS":"罗勤","ISTK":0,"ZCMC":"11-15周","YPSJDD":"11-15周 星期五 第3节-第5节 南湖南-博学西楼-212,9周 星期日 第3节-第5节 南湖南-博学西楼-212,1-5周 星期五 第3节-第5节 南湖南-博学西楼-212,7-9周 星期五 第3节-第5节 南湖南-博学西楼-212","XF":3,"SKXQ":5,"XNXQDM":"2024-2025-2","KCM":"民事诉讼法学B","JASDM":"0202030212","JXLDM":"020203","JXBID":"20242-12506","SKBJ":"法学2303-04","TYXMDM":null,"KCH":"10224117090"},{"KKDWDM":"017","XS":32,"BYBZ":"0","JSJC":7,"XXXQDM":"02","KXH":"01","KSJC":6,"XKZRS":53,"SKZC":"000000000001110000000000000000","SKJS":"汪秀婷,黄颖","ISTK":0,"ZCMC":"12-14周","YPSJDD":"17周 星期二 第6节-第7节 南湖南-博学西楼-212,16-17周 星期一 第6节-第7节 南湖南-博学西楼-212,12-14周 星期一 第6节-第7节 南湖南-博学西楼-212,1-10周 星期一 第6节-第7节 南湖南-博学西楼-212","XF":2,"SKXQ":1,"XNXQDM":"2024-2025-2","KCM":"品牌管理","JASDM":"0202030212","JXLDM":"020203","JXBID":"20242-04987","SKBJ":"营销2301-02","TYXMDM":null,"KCH":"10175117080"},{"KKDWDM":"008","XS":40,"BYBZ":"0","JSJC":7,"XXXQDM":"02","KXH":"02","KSJC":6,"XKZRS":72,"SKZC":"000000000000110000000000","SKJS":"陈霞","ISTK":0,"ZCMC":"13-14周","YPSJDD":"13-14周 星期三 第6节-第7节 南湖南-博学西楼-212,1-12周 星期三 第6节-第8节 南湖南-博学西楼-212","XF":2,"SKXQ":3,"XNXQDM":"2024-2025-2","KCM":"仪器制造技术","JASDM":"0202030212","JXLDM":"020203","JXBID":"20242-05663","SKBJ":"测控2301-02","TYXMDM":null,"KCH":"10085121033"},{"KKDWDM":"017","XS":40,"BYBZ":"0","JSJC":7,"XXXQDM":"02","KXH":"02","KSJC":6,"XKZRS":89,"SKZC":"000000000000110000000000","SKJS":"袁付礼","ISTK":0,"ZCMC":"13-14周","YPSJDD":"13-14周 星期二 第6节-第7节 南湖南-博学西楼-212,1-12周 星期二 第6节-第8节 南湖南-博学西楼-212","XF":2,"SKXQ":2,"XNXQDM":"2024-2025-2","KCM":"生产运作管理","JASDM":"0202030212","JXLDM":"020203","JXBID":"20242-05074","SKBJ":"创管2301,工商2301-02","TYXMDM":null,"KCH":"10174121167"},{"KKDWDM":"009","XS":40,"BYBZ":"0","JSJC":4,"XXXQDM":"02","KXH":"05","KSJC":3,"XKZRS":88,"SKZC":"000000000000110000000000","SKJS":"张季如,王协群","ISTK":0,"ZCMC":"13-14周","YPSJDD":"13-14周 星期三 第3节-第4节 南湖南-博学西楼-212,1-12周 星期三 第3节-第5节 南湖南-博学西楼-212","XF":2,"SKXQ":3,"XNXQDM":"2024-2025-2","KCM":"土力学B","JASDM":"0202030212","JXLDM":"020203","JXBID":"20242-10937","SKBJ":"土木zy2301-03","TYXMDM":null,"KCH":"10174111013"},{"KKDWDM":"021","XS":40,"BYBZ":"0","JSJC":4,"XXXQDM":"02","KXH":"01","KSJC":3,"XKZRS":71,"SKZC":"000000000000110000000000","SKJS":"刘骏","ISTK":0,"ZCMC":"13-14周","YPSJDD":"13-14周 星期二 第3节-第4节 南湖南-博学西楼-212,1-12周 星期二 第3节-第5节 南湖南-博学西楼-212","XF":2,"SKXQ":2,"XNXQDM":"2024-2025-2","KCM":"数智时代的行政管理","JASDM":"0202030212","JXLDM":"020203","JXBID":"20242-06125","SKBJ":"政治2401-02","TYXMDM":null,"KCH":"10214124444"},{"KKDWDM":"023","XS":40,"BYBZ":"0","JSJC":7,"XXXQDM":"02","KXH":"01","KSJC":6,"XKZRS":51,"SKZC":"000000000000011000000000","SKJS":"潘文砚","ISTK":0,"ZCMC":"14-15周","YPSJDD":"14-15周 星期五 第6节-第7节 南湖南-博学西楼-212,1-5周,7-9周,11-13周 星期五 第6节-第8节 南湖南-博学西楼-212,9周 星期日 第6节-第8节 南湖南-博学西楼-212","XF":2,"SKXQ":5,"XNXQDM":"2024-2025-2","KCM":"财务与会计导论","JASDM":"0202030212","JXLDM":"020203","JXBID":"20242-05609","SKBJ":"数管2301-03","TYXMDM":null,"KCH":"10235121032"},{"KKDWDM":"022","XS":40,"BYBZ":"0","JSJC":4,"XXXQDM":"02","KXH":"01","KSJC":3,"XKZRS":80,"SKZC":"000000000000010100000000","SKJS":"王晓丽","ISTK":0,"ZCMC":"14-16周(双)","YPSJDD":"14-16周(双) 星期一 第3节-第4节 南湖南-博学西楼-212,1-10周,12-13周 星期一 第3节-第5节 南湖南-博学西楼-212","XF":2,"SKXQ":1,"XNXQDM":"2024-2025-2","KCM":"环境资源法B","JASDM":"0202030212","JXLDM":"020203","JXBID":"20242-02286","SKBJ":"法学2203-04","TYXMDM":null,"KCH":"10224113040"},{"KKDWDM":"017","XS":32,"BYBZ":"0","JSJC":7,"XXXQDM":"02","KXH":"01","KSJC":6,"XKZRS":53,"SKZC":"000000000000000110000000000000","SKJS":"汪秀婷,黄颖","ISTK":0,"ZCMC":"16-17周","YPSJDD":"17周 星期二 第6节-第7节 南湖南-博学西楼-212,16-17周 星期一 第6节-第7节 南湖南-博学西楼-212,12-14周 星期一 第6节-第7节 南湖南-博学西楼-212,1-10周 星期一 第6节-第7节 南湖南-博学西楼-212","XF":2,"SKXQ":1,"XNXQDM":"2024-2025-2","KCM":"品牌管理","JASDM":"0202030212","JXLDM":"020203","JXBID":"20242-04987","SKBJ":"营销2301-02","TYXMDM":null,"KCH":"10175117080"},{"KKDWDM":"023","XS":32,"BYBZ":"0","JSJC":2,"XXXQDM":"02","KXH":"01","KSJC":1,"XKZRS":32,"SKZC":"000000000000000010000000000000","SKJS":"郑锐,郭晨","ISTK":0,"ZCMC":"17周","YPSJDD":"9周 星期日 第1节-第2节 南湖南-博学西楼-212,11-16周 星期五 第1节-第2节 南湖南-博学西楼-212,17周 星期三 第1节-第2节 南湖南-博学西楼-212,7-9周 星期五 第1节-第2节 南湖南-博学西楼-212,1-5周 星期五 第1节-第2节 南湖南-博学西楼-212","XF":2,"SKXQ":3,"XNXQDM":"2024-2025-2","KCM":"管理研究方法","JASDM":"0202030212","JXLDM":"020203","JXBID":"20242-04404","SKBJ":"数管2301-03","TYXMDM":null,"KCH":"10234117088"},{"KKDWDM":"017","XS":32,"BYBZ":"0","JSJC":7,"XXXQDM":"02","KXH":"01","KSJC":6,"XKZRS":53,"SKZC":"000000000000000010000000000000","SKJS":"汪秀婷,黄颖","ISTK":0,"ZCMC":"17周","YPSJDD":"17周 星期二 第6节-第7节 南湖南-博学西楼-212,16-17周 星期一 第6节-第7节 南湖南-博学西楼-212,12-14周 星期一 第6节-第7节 南湖南-博学西楼-212,1-10周 星期一 第6节-第7节 南湖南-博学西楼-212","XF":2,"SKXQ":2,"XNXQDM":"2024-2025-2","KCM":"品牌管理","JASDM":"0202030212","JXLDM":"020203","JXBID":"20242-04987","SKBJ":"营销2301-02","TYXMDM":null,"KCH":"10175117080"}]}},"code":"0"}