{"datas":{"jaskcb":{"extParams":{"code":1,"msg":"查询成功"},"pageSize":0,"pageNumber":0,"totalSize":-1,"rows":[{"KKDWDM":"072","XS":48,"BYBZ":"0","JSJC":8,"XXXQDM":"02","KXH":"01","KSJC":6,"XKZRS":29,"SKZC":"111111111111111100000000","SKJS":"张波","ISTK":0,"ZCMC":"1-16周","YPSJDD":"1-16周 星期二 第6节-第8节 南湖南-博学北楼-111","XF":3,"SKXQ":2,"XNXQDM":"2024-2025-2","KCM":"量子光学","JASDM":"0202010111","JXLDM":"020201","JXBID":"20242-03343","SKBJ":"物理JD2201","TYXMDM":null,"KCH":"10155114009"},{"KKDWDM":"003","XS":48,"BYBZ":"0","JSJC":5,"XXXQDM":"02","KXH":"02","KSJC":3,"XKZRS":39,"SKZC":"1111111111111111","SKJS":"王珊","ISTK":0,"ZCMC":"1-16周","YPSJDD":"1-16周 星期二 第3节-第5节 南湖南-博学北楼-111","XF":3,"SKXQ":2,"XNXQDM":"2024-2025-2","KCM":"高分子物理B","JASDM":"0202010111","JXLDM":"020201","JXBID":"20242-10959","SKBJ":"复材2301","TYXMDM":null,"KCH":"10107311010"},{"KKDWDM":"018","XS":32,"BYBZ":"0","JSJC":2,"XXXQDM":"02","KXH":"01","KSJC":1,"XKZRS":31,"SKZC":"1111111111111111","SKJS":"高新亚","ISTK":0,"ZCMC":"1-16周","YPSJDD":"1-16周 星期三 第1节-第2节 南湖南-博学北楼-111","XF":2,"SKXQ":3,"XNXQDM":"2024-2025-2","KCM":"服务学","JASDM":"0202010111","JXLDM":"020201","JXBID":"20242-04848","SKBJ":"电商2301","TYXMDM":null,"KCH":"10185117048"},{"KKDWDM":"011","XS":64,"BYBZ":"0","JSJC":2,"XXXQDM":"02","KXH":"08","KSJC":1,"XKZRS":40,"SKZC":"111111111111110000000000000000","SKJS":"常辉","ISTK":0,"ZCMC":"1-14周","YPSJDD":"1-9周 星期四 第3节-第4节 南湖南-博学北楼-111,11-15周 星期四 第3节-第4节 南湖南-博学北楼-111,1-14周 星期二 第1节-第2节 南湖南-博学北楼-111","XF":4,"SKXQ":2,"XNXQDM":"2024-2025-2","KCM":"信号与系统A","JASDM":"0202010111","JXLDM":"020201","JXBID":"20242-10112","SKBJ":"信息2302","TYXMDM":null,"KCH":"10145111001"},{"KKDWDM":"072","XS":56,"BYBZ":"0","JSJC":4,"XXXQDM":"02","KXH":"01","KSJC":3,"XKZRS":29,"SKZC":"111111111111100000000000","SKJS":"王应军","ISTK":0,"ZCMC":"1-13周","YPSJDD":"1-5周,7-9周,11-13周 星期五 第1节-第2节 南湖南-博学北楼-111,9周 星期日 第1节-第2节 南湖南-博学北楼-111,1-13周 星期三 第3节-第4节 南湖南-博学北楼-111","XF":3,"SKXQ":3,"XNXQDM":"2024-2025-2","KCM":"机械设计力学基础","JASDM":"0202010111","JXLDM":"020201","JXBID":"20242-04924","SKBJ":"工力zy2301","TYXMDM":null,"KCH":"10094111006"},{"KKDWDM":"017","XS":40,"BYBZ":"0","JSJC":8,"XXXQDM":"02","KXH":"01","KSJC":6,"XKZRS":33,"SKZC":"111111111101100000000000","SKJS":"邓厚平","ISTK":0,"ZCMC":"1-10周,12-13周","YPSJDD":"14-16周(双) 星期一 第6节-第7节 南湖南-博学北楼-111,1-10周,12-13周 星期一 第6节-第8节 南湖南-博学北楼-111","XF":2,"SKXQ":1,"XNXQDM":"2024-2025-2","KCM":"审计学C","JASDM":"0202010111","JXLDM":"020201","JXBID":"20242-02572","SKBJ":"会计ACCA2201","TYXMDM":null,"KCH":"10174121172"},{"KKDWDM":"017","XS":40,"BYBZ":"0","JSJC":2,"XXXQDM":"02","KXH":"01","KSJC":1,"XKZRS":24,"SKZC":"111111111100000000000000000000","SKJS":"王新","ISTK":0,"ZCMC":"1-10周","YPSJDD":"17周 星期二 第1节-第2节 南湖南-博学北楼-111,1-10周 星期一 第1节-第2节 南湖南-博学北楼-111,12-14周 星期一 第1节-第2节 南湖南-博学北楼-111,16-17周 星期一 第1节-第2节 南湖南-博学北楼-111","XF":2,"SKXQ":1,"XNXQDM":"2024-2025-2","KCM":"管理信息系统B","JASDM":"0202010111","JXLDM":"020201","JXBID":"20242-04286","SKBJ":"电商2301","TYXMDM":null,"KCH":"10174121120"},{"KKDWDM":"011","XS":64,"BYBZ":"0","JSJC":4,"XXXQDM":"02","KXH":"08","KSJC":3,"XKZRS":40,"SKZC":"111111111000000000000000000000","SKJS":"常辉","ISTK":0,"ZCMC":"1-9周","YPSJDD":"1-9周 星期四 第3节-第4节 南湖南-博学北楼-111,11-15周 星期四 第3节-第4节 南湖南-博学北楼-111,1-14周 星期二 第1节-第2节 南湖南-博学北楼-111","XF":4,"SKXQ":4,"XNXQDM":"2024-2025-2","KCM":"信号与系统A","JASDM":"0202010111","JXLDM":"020201","JXBID":"20242-10112","SKBJ":"信息2302","TYXMDM":null,"KCH":"10145111001"},{"KKDWDM":"020","XS":16,"BYBZ":"0","JSJC":2,"XXXQDM":"02","KXH":"04","KSJC":1,"XKZRS":21,"SKZC":"11111111","SKJS":"Kanda Hidenori","ISTK":0,"ZCMC":"1-8周","YPSJDD":"1-8周 星期四 第1节-第2节 南湖南-博学北楼-111","XF":1,"SKXQ":4,"XNXQDM":"2024-2025-2","KCM":"日语会话2","JASDM":"0202010111","JXLDM":"020201","JXBID":"20242-11524","SKBJ":"外语类2403","TYXMDM":null,"KCH":"10203124265"},{"KKDWDM":"072","XS":40,"BYBZ":"0","JSJC":5,"XXXQDM":"02","KXH":"01","KSJC":3,"XKZRS":38,"SKZC":"111110111011100000000000","SKJS":"易迎彦","ISTK":0,"ZCMC":"1-5周,7-9周,11-13周","YPSJDD":"14-15周 星期五 第3节-第4节 南湖南-博学北楼-111,1-5周,7-9周,11-13周 星期五 第3节-第5节 南湖南-博学北楼-111,9周 星期日 第3节-第5节 南湖南-博学北楼-111","XF":2,"SKXQ":5,"XNXQDM":"2024-2025-2","KCM":"近代光学B","JASDM":"0202010111","JXLDM":"020201","JXBID":"20242-05678","SKBJ":"材物2301","TYXMDM":null,"KCH":"10154121050"},{"KKDWDM":"072","XS":56,"BYBZ":"0","JSJC":2,"XXXQDM":"02","KXH":"01","KSJC":1,"XKZRS":29,"SKZC":"111110111011100000000000","SKJS":"王应军","ISTK":0,"ZCMC":"1-5周,7-9周,11-13周","YPSJDD":"1-5周,7-9周,11-13周 星期五 第1节-第2节 南湖南-博学北楼-111,9周 星期日 第1节-第2节 南湖南-博学北楼-111,1-13周 星期三 第3节-第4节 南湖南-博学北楼-111","XF":3,"SKXQ":5,"XNXQDM":"2024-2025-2","KCM":"机械设计力学基础","JASDM":"0202010111","JXLDM":"020201","JXBID":"20242-04924","SKBJ":"工力zy2301","TYXMDM":null,"KCH":"10094111006"},{"KKDWDM":"028","XS":32,"BYBZ":"0","JSJC":13,"XXXQDM":"02","KXH":"01","KSJC":11,"XKZRS":null,"SKZC":"110000000000000000000000000000","SKJS":"曹少文,王往","ISTK":0,"ZCMC":"1-2周","YPSJDD":"1-2周 星期二 第11节-第13节 南湖南-博学北楼-111","XF":2,"SKXQ":2,"XNXQDM":"2024-2025-2","KCM":"光催化概论(JD)","JASDM":"0202010111","JXLDM":"020201","JXBID":"20242-08833","SKBJ":"公选-08833","TYXMDM":null,"KCH":"10286121033"},{"KKDWDM":"022","XS":32,"BYBZ":"0","JSJC":5,"XXXQDM":"02","KXH":"03","KSJC":3,"XKZRS":27,"SKZC":"0111111111010000000000000","SKJS":"胡群慧","ISTK":0,"ZCMC":"2-10周,12周","YPSJDD":"13周 星期一 第3节-第4节 南湖南-博学北楼-111,2-10周,12周 星期一 第3节-第5节 南湖南-博学北楼-111","XF":2,"SKXQ":1,"XNXQDM":"2024-2025-2","KCM":"现代汉语2","JASDM":"0202010111","JXLDM":"020201","JXBID":"20242-14280","SKBJ":"新闻类2403","TYXMDM":null,"KCH":"10224121080"},{"KKDWDM":"072","XS":56,"BYBZ":"0","JSJC":2,"XXXQDM":"02","KXH":"01","KSJC":1,"XKZRS":29,"SKZC":"000000001000000000000000","SKJS":"王应军","ISTK":0,"ZCMC":"9周","YPSJDD":"1-5周,7-9周,11-13周 星期五 第1节-第2节 南湖南-博学北楼-111,9周 星期日 第1节-第2节 南湖南-博学北楼-111,1-13周 星期三 第3节-第4节 南湖南-博学北楼-111","XF":3,"SKXQ":7,"XNXQDM":"2024-2025-2","KCM":"机械设计力学基础","JASDM":"0202010111","JXLDM":"020201","JXBID":"20242-04924","SKBJ":"工力zy2301","TYXMDM":null,"KCH":"10094111006"},{"KKDWDM":"072","XS":40,"BYBZ":"0","JSJC":5,"XXXQDM":"02","KXH":"01","KSJC":3,"XKZRS":38,"SKZC":"000000001000000000000000","SKJS":"易迎彦","ISTK":0,"ZCMC":"9周","YPSJDD":"14-15周 星期五 第3节-第4节 南湖南-博学北楼-111,1-5周,7-9周,11-13周 星期五 第3节-第5节 南湖南-博学北楼-111,9周 星期日 第3节-第5节 南湖南-博学北楼-111","XF":2,"SKXQ":7,"XNXQDM":"2024-2025-2","KCM":"近代光学B","JASDM":"0202010111","JXLDM":"020201","JXBID":"20242-05678","SKBJ":"材物2301","TYXMDM":null,"KCH":"10154121050"},{"KKDWDM":"011","XS":64,"BYBZ":"0","JSJC":4,"XXXQDM":"02","KXH":"08","KSJC":3,"XKZRS":40,"SKZC":"000000000011111000000000000000","SKJS":"常辉","ISTK":0,"ZCMC":"11-15周","YPSJDD":"1-9周 星期四 第3节-第4节 南湖南-博学北楼-111,11-15周 星期四 第3节-第4节 南湖南-博学北楼-111,1-14周 星期二 第1节-第2节 南湖南-博学北楼-111","XF":4,"SKXQ":4,"XNXQDM":"2024-2025-2","KCM":"信号与系统A","JASDM":"0202010111","JXLDM":"020201","JXBID":"20242-10112","SKBJ":"信息2302","TYXMDM":null,"KCH":"10145111001"},{"KKDWDM":"017","XS":40,"BYBZ":"0","JSJC":2,"XXXQDM":"02","KXH":"01","KSJC":1,"XKZRS":24,"SKZC":"000000000001110000000000000000","SKJS":"王新","ISTK":0,"ZCMC":"12-14周","YPSJDD":"17周 星期二 第1节-第2节 南湖南-博学北楼-111,1-10周 星期一 第1节-第2节 南湖南-博学北楼-111,12-14周 星期一 第1节-第2节 南湖南-博学北楼-111,16-17周 星期一 第1节-第2节 南湖南-博学北楼-111","XF":2,"SKXQ":1,"XNXQDM":"2024-2025-2","KCM":"管理信息系统B","JASDM":"0202010111","JXLDM":"020201","JXBID":"20242-04286","SKBJ":"电商2301","TYXMDM":null,"KCH":"10174121120"},{"KKDWDM":"022","XS":32,"BYBZ":"0","JSJC":4,"XXXQDM":"02","KXH":"03","KSJC":3,"XKZRS":27,"SKZC":"0000000000001000000000000","SKJS":"胡群慧","ISTK":0,"ZCMC":"13周","YPSJDD":"13周 星期一 第3节-第4节 南湖南-博学北楼-111,2-10周,12周 星期一 第3节-第5节 南湖南-博学北楼-111","XF":2,"SKXQ":1,"XNXQDM":"2024-2025-2","KCM":"现代汉语2","JASDM":"0202010111","JXLDM":"020201","JXBID":"20242-14280","SKBJ":"新闻类2403","TYXMDM":null,"KCH":"10224121080"},{"KKDWDM":"072","XS":40,"BYBZ":"0","JSJC":4,"XXXQDM":"02","KXH":"01","KSJC":3,"XKZRS":38,"SKZC":"000000000000011000000000","SKJS":"易迎彦","ISTK":0,"ZCMC":"14-15周","YPSJDD":"14-15周 星期五 第3节-第4节 南湖南-博学北楼-111,1-5周,7-9周,11-13周 星期五 第3节-第5节 南湖南-博学北楼-111,9周 星期日 第3节-第5节 南湖南-博学北楼-111","XF":2,"SKXQ":5,"XNXQDM":"2024-2025-2","KCM":"近代光学B","JASDM":"0202010111","JXLDM":"020201","JXBID":"20242-05678","SKBJ":"材物2301","TYXMDM":null,"KCH":"10154121050"},{"KKDWDM":"017","XS":40,"BYBZ":"0","JSJC":7,"XXXQDM":"02","KXH":"01","KSJC":6,"XKZRS":33,"SKZC":"000000000000010100000000","SKJS":"邓厚平","ISTK":0,"ZCMC":"14-16周(双)","YPSJDD":"14-16周(双) 星期一 第6节-第7节 南湖南-博学北楼-111,1-10周,12-13周 星期一 第6节-第8节 南湖南-博学北楼-111","XF":2,"SKXQ":1,"XNXQDM":"2024-2025-2","KCM":"审计学C","JASDM":"0202010111","JXLDM":"020201","JXBID":"20242-02572","SKBJ":"会计ACCA2201","TYXMDM":null,"KCH":"10174121172"},{"KKDWDM":"017","XS":40,"BYBZ":"0","JSJC":2,"XXXQDM":"02","KXH":"01","KSJC":1,"XKZRS":24,"SKZC":"000000000000000110000000000000","SKJS":"王新","ISTK":0,"ZCMC":"16-17周","YPSJDD":"17周 星期二 第1节-第2节 南湖南-博学北楼-111,1-10周 星期一 第1节-第2节 南湖南-博学北楼-111,12-14周 星期一 第1节-第2节 南湖南-博学北楼-111,16-17周 星期一 第1节-第2节 南湖南-博学北楼-111","XF":2,"SKXQ":1,"XNXQDM":"2024-2025-2","KCM":"管理信息系统B","JASDM":"0202010111","JXLDM":"020201","JXBID":"20242-04286","SKBJ":"电商2301","TYXMDM":null,"KCH":"10174121120"},{"KKDWDM":"017","XS":40,"BYBZ":"0","JSJC":2,"XXXQDM":"02","KXH":"01","KSJC":1,"XKZRS":24,"SKZC":"000000000000000010000000000000","SKJS":"王新","ISTK":0,"ZCMC":"17周","YPSJDD":"17周 星期二 第1节-第2节 南湖南-博学北楼-111,1-10周 星期一 第1节-第2节 南湖南-博学北楼-111,12-14周 星期一 第1节-第2节 南湖南-博学北楼-111,16-17周 星期一 第1节-第2节 南湖南-博学北楼-111","XF":2,"SKXQ":2,"XNXQDM":"2024-2025-2","KCM":"管理信息系统B","JASDM":"0202010111","JXLDM":"020201","JXBID":"20242-04286","SKBJ":"电商2301","TYXMDM":null,"KCH":"10174121120"}]}},"code":"0"}