{"datas":{"jaskcb":{"extParams":{"code":1,"msg":"查询成功"},"pageSize":0,"pageNumber":0,"totalSize":-1,"rows":[{"KKDWDM":"020","XS":32,"BYBZ":"0","JSJC":2,"XXXQDM":"02","KXH":"114","KSJC":1,"XKZRS":35,"SKZC":"1111111111111111","SKJS":"陈春花","ISTK":0,"ZCMC":"1-16周","YPSJDD":"1-16周 星期二 第1节-第2节 南湖南-博学北楼-210","XF":2,"SKXQ":2,"XNXQDM":"2024-2025-2","KCM":"大学英语2","JASDM":"0202010210","JXLDM":"020201","JXBID":"20242-12581","SKBJ":"公选-12581","TYXMDM":"11","KCH":"10201121073"},{"KKDWDM":"020","XS":32,"BYBZ":"0","JSJC":4,"XXXQDM":"02","KXH":"123","KSJC":3,"XKZRS":35,"SKZC":"1111111111111111","SKJS":"陈春花","ISTK":0,"ZCMC":"1-16周","YPSJDD":"1-16周 星期二 第3节-第4节 南湖南-博学北楼-210","XF":2,"SKXQ":2,"XNXQDM":"2024-2025-2","KCM":"大学英语2","JASDM":"0202010210","JXLDM":"020201","JXBID":"20242-12599","SKBJ":"公选-12599","TYXMDM":"11","KCH":"10201121073"},{"KKDWDM":"020","XS":32,"BYBZ":"0","JSJC":2,"XXXQDM":"02","KXH":"132","KSJC":1,"XKZRS":34,"SKZC":"1111111111111111","SKJS":"张静","ISTK":0,"ZCMC":"1-16周","YPSJDD":"1-16周 星期三 第1节-第2节 南湖南-博学北楼-210","XF":2,"SKXQ":3,"XNXQDM":"2024-2025-2","KCM":"大学英语2","JASDM":"0202010210","JXLDM":"020201","JXBID":"20242-12617","SKBJ":"公选-12617","TYXMDM":"11","KCH":"10201121073"},{"KKDWDM":"020","XS":32,"BYBZ":"0","JSJC":4,"XXXQDM":"02","KXH":"105","KSJC":3,"XKZRS":35,"SKZC":"111111111100000000000000000000","SKJS":"靳雯雯","ISTK":0,"ZCMC":"1-10周","YPSJDD":"17周 星期二 第3节-第4节 南湖南-博学北楼-210,1-10周 星期一 第3节-第4节 南湖南-博学北楼-210,12-14周 星期一 第3节-第4节 南湖南-博学北楼-210,16-17周 星期一 第3节-第4节 南湖南-博学北楼-210","XF":2,"SKXQ":1,"XNXQDM":"2024-2025-2","KCM":"大学英语2","JASDM":"0202010210","JXLDM":"020201","JXBID":"20242-12563","SKBJ":"公选-12563","TYXMDM":"11","KCH":"10201121073"},{"KKDWDM":"020","XS":32,"BYBZ":"0","JSJC":4,"XXXQDM":"02","KXH":"159","KSJC":3,"XKZRS":35,"SKZC":"111111111000000000000000000000","SKJS":"张静","ISTK":0,"ZCMC":"1-9周","YPSJDD":"11-17周 星期四 第3节-第4节 南湖南-博学北楼-210,1-9周 星期四 第3节-第4节 南湖南-博学北楼-210","XF":2,"SKXQ":4,"XNXQDM":"2024-2025-2","KCM":"大学英语2","JASDM":"0202010210","JXLDM":"020201","JXBID":"20242-12671","SKBJ":"公选-12671","TYXMDM":"11","KCH":"10201121073"},{"KKDWDM":"020","XS":32,"BYBZ":"0","JSJC":2,"XXXQDM":"02","KXH":"150","KSJC":1,"XKZRS":35,"SKZC":"111111111000000000000000000000","SKJS":"张静","ISTK":0,"ZCMC":"1-9周","YPSJDD":"11-17周 星期四 第1节-第2节 南湖南-博学北楼-210,1-9周 星期四 第1节-第2节 南湖南-博学北楼-210","XF":2,"SKXQ":4,"XNXQDM":"2024-2025-2","KCM":"大学英语2","JASDM":"0202010210","JXLDM":"020201","JXBID":"20242-12653","SKBJ":"公选-12653","TYXMDM":"11","KCH":"10201121073"},{"KKDWDM":"020","XS":32,"BYBZ":"0","JSJC":2,"XXXQDM":"02","KXH":"168","KSJC":1,"XKZRS":37,"SKZC":"111110000000000000000000000000","SKJS":"张静","ISTK":0,"ZCMC":"1-5周","YPSJDD":"7-9周 星期五 第1节-第2节 南湖南-博学北楼-210,1-5周 星期五 第1节-第2节 南湖南-博学北楼-210,17周 星期三 第1节-第2节 南湖南-博学北楼-210,9周 星期日 第1节-第2节 南湖南-博学北楼-210,11-16周 星期五 第1节-第2节 南湖南-博学北楼-210","XF":2,"SKXQ":5,"XNXQDM":"2024-2025-2","KCM":"大学英语2","JASDM":"0202010210","JXLDM":"020201","JXBID":"20242-12689","SKBJ":"公选-12689","TYXMDM":"11","KCH":"10201121073"},{"KKDWDM":"020","XS":32,"BYBZ":"0","JSJC":4,"XXXQDM":"02","KXH":"176","KSJC":3,"XKZRS":35,"SKZC":"111110000000000000000000000000","SKJS":"张静","ISTK":0,"ZCMC":"1-5周","YPSJDD":"1-5周 星期五 第3节-第4节 南湖南-博学北楼-210,9周 星期日 第3节-第4节 南湖南-博学北楼-210,11-16周 星期五 第3节-第4节 南湖南-博学北楼-210,17周 星期三 第3节-第4节 南湖南-博学北楼-210,7-9周 星期五 第3节-第4节 南湖南-博学北楼-210","XF":2,"SKXQ":5,"XNXQDM":"2024-2025-2","KCM":"大学英语2","JASDM":"0202010210","JXLDM":"020201","JXBID":"20242-12706","SKBJ":"公选-12706","TYXMDM":"11","KCH":"10201121073"},{"KKDWDM":"009","XS":24,"BYBZ":"0","JSJC":8,"XXXQDM":"02","KXH":"01","KSJC":6,"XKZRS":null,"SKZC":"110000000000000000000000000000","SKJS":"秦世强","ISTK":0,"ZCMC":"1-2周","YPSJDD":"1-2周 星期一 第6节-第8节 南湖南-博学北楼-210","XF":1,"SKXQ":1,"XNXQDM":"2024-2025-2","KCM":"钢桥A","JASDM":"0202010210","JXLDM":"020201","JXBID":"20242-03326","SKBJ":"土木zy2201-05,岩土jd2201","TYXMDM":null,"KCH":"10096113107"},{"KKDWDM":"020","XS":32,"BYBZ":"0","JSJC":4,"XXXQDM":"02","KXH":"176","KSJC":3,"XKZRS":35,"SKZC":"000000111000000000000000000000","SKJS":"张静","ISTK":0,"ZCMC":"7-9周","YPSJDD":"1-5周 星期五 第3节-第4节 南湖南-博学北楼-210,9周 星期日 第3节-第4节 南湖南-博学北楼-210,11-16周 星期五 第3节-第4节 南湖南-博学北楼-210,17周 星期三 第3节-第4节 南湖南-博学北楼-210,7-9周 星期五 第3节-第4节 南湖南-博学北楼-210","XF":2,"SKXQ":5,"XNXQDM":"2024-2025-2","KCM":"大学英语2","JASDM":"0202010210","JXLDM":"020201","JXBID":"20242-12706","SKBJ":"公选-12706","TYXMDM":"11","KCH":"10201121073"},{"KKDWDM":"020","XS":32,"BYBZ":"0","JSJC":2,"XXXQDM":"02","KXH":"168","KSJC":1,"XKZRS":37,"SKZC":"000000111000000000000000000000","SKJS":"张静","ISTK":0,"ZCMC":"7-9周","YPSJDD":"7-9周 星期五 第1节-第2节 南湖南-博学北楼-210,1-5周 星期五 第1节-第2节 南湖南-博学北楼-210,17周 星期三 第1节-第2节 南湖南-博学北楼-210,9周 星期日 第1节-第2节 南湖南-博学北楼-210,11-16周 星期五 第1节-第2节 南湖南-博学北楼-210","XF":2,"SKXQ":5,"XNXQDM":"2024-2025-2","KCM":"大学英语2","JASDM":"0202010210","JXLDM":"020201","JXBID":"20242-12689","SKBJ":"公选-12689","TYXMDM":"11","KCH":"10201121073"},{"KKDWDM":"020","XS":32,"BYBZ":"0","JSJC":4,"XXXQDM":"02","KXH":"176","KSJC":3,"XKZRS":35,"SKZC":"000000001000000000000000000000","SKJS":"张静","ISTK":0,"ZCMC":"9周","YPSJDD":"1-5周 星期五 第3节-第4节 南湖南-博学北楼-210,9周 星期日 第3节-第4节 南湖南-博学北楼-210,11-16周 星期五 第3节-第4节 南湖南-博学北楼-210,17周 星期三 第3节-第4节 南湖南-博学北楼-210,7-9周 星期五 第3节-第4节 南湖南-博学北楼-210","XF":2,"SKXQ":7,"XNXQDM":"2024-2025-2","KCM":"大学英语2","JASDM":"0202010210","JXLDM":"020201","JXBID":"20242-12706","SKBJ":"公选-12706","TYXMDM":"11","KCH":"10201121073"},{"KKDWDM":"020","XS":32,"BYBZ":"0","JSJC":2,"XXXQDM":"02","KXH":"168","KSJC":1,"XKZRS":37,"SKZC":"000000001000000000000000000000","SKJS":"张静","ISTK":0,"ZCMC":"9周","YPSJDD":"7-9周 星期五 第1节-第2节 南湖南-博学北楼-210,1-5周 星期五 第1节-第2节 南湖南-博学北楼-210,17周 星期三 第1节-第2节 南湖南-博学北楼-210,9周 星期日 第1节-第2节 南湖南-博学北楼-210,11-16周 星期五 第1节-第2节 南湖南-博学北楼-210","XF":2,"SKXQ":7,"XNXQDM":"2024-2025-2","KCM":"大学英语2","JASDM":"0202010210","JXLDM":"020201","JXBID":"20242-12689","SKBJ":"公选-12689","TYXMDM":"11","KCH":"10201121073"},{"KKDWDM":"020","XS":32,"BYBZ":"0","JSJC":4,"XXXQDM":"02","KXH":"159","KSJC":3,"XKZRS":35,"SKZC":"000000000011111110000000000000","SKJS":"张静","ISTK":0,"ZCMC":"11-17周","YPSJDD":"11-17周 星期四 第3节-第4节 南湖南-博学北楼-210,1-9周 星期四 第3节-第4节 南湖南-博学北楼-210","XF":2,"SKXQ":4,"XNXQDM":"2024-2025-2","KCM":"大学英语2","JASDM":"0202010210","JXLDM":"020201","JXBID":"20242-12671","SKBJ":"公选-12671","TYXMDM":"11","KCH":"10201121073"},{"KKDWDM":"020","XS":32,"BYBZ":"0","JSJC":2,"XXXQDM":"02","KXH":"150","KSJC":1,"XKZRS":35,"SKZC":"000000000011111110000000000000","SKJS":"张静","ISTK":0,"ZCMC":"11-17周","YPSJDD":"11-17周 星期四 第1节-第2节 南湖南-博学北楼-210,1-9周 星期四 第1节-第2节 南湖南-博学北楼-210","XF":2,"SKXQ":4,"XNXQDM":"2024-2025-2","KCM":"大学英语2","JASDM":"0202010210","JXLDM":"020201","JXBID":"20242-12653","SKBJ":"公选-12653","TYXMDM":"11","KCH":"10201121073"},{"KKDWDM":"020","XS":32,"BYBZ":"0","JSJC":2,"XXXQDM":"02","KXH":"168","KSJC":1,"XKZRS":37,"SKZC":"000000000011111100000000000000","SKJS":"张静","ISTK":0,"ZCMC":"11-16周","YPSJDD":"7-9周 星期五 第1节-第2节 南湖南-博学北楼-210,1-5周 星期五 第1节-第2节 南湖南-博学北楼-210,17周 星期三 第1节-第2节 南湖南-博学北楼-210,9周 星期日 第1节-第2节 南湖南-博学北楼-210,11-16周 星期五 第1节-第2节 南湖南-博学北楼-210","XF":2,"SKXQ":5,"XNXQDM":"2024-2025-2","KCM":"大学英语2","JASDM":"0202010210","JXLDM":"020201","JXBID":"20242-12689","SKBJ":"公选-12689","TYXMDM":"11","KCH":"10201121073"},{"KKDWDM":"020","XS":32,"BYBZ":"0","JSJC":4,"XXXQDM":"02","KXH":"176","KSJC":3,"XKZRS":35,"SKZC":"000000000011111100000000000000","SKJS":"张静","ISTK":0,"ZCMC":"11-16周","YPSJDD":"1-5周 星期五 第3节-第4节 南湖南-博学北楼-210,9周 星期日 第3节-第4节 南湖南-博学北楼-210,11-16周 星期五 第3节-第4节 南湖南-博学北楼-210,17周 星期三 第3节-第4节 南湖南-博学北楼-210,7-9周 星期五 第3节-第4节 南湖南-博学北楼-210","XF":2,"SKXQ":5,"XNXQDM":"2024-2025-2","KCM":"大学英语2","JASDM":"0202010210","JXLDM":"020201","JXBID":"20242-12706","SKBJ":"公选-12706","TYXMDM":"11","KCH":"10201121073"},{"KKDWDM":"020","XS":32,"BYBZ":"0","JSJC":4,"XXXQDM":"02","KXH":"105","KSJC":3,"XKZRS":35,"SKZC":"000000000001110000000000000000","SKJS":"靳雯雯","ISTK":0,"ZCMC":"12-14周","YPSJDD":"17周 星期二 第3节-第4节 南湖南-博学北楼-210,1-10周 星期一 第3节-第4节 南湖南-博学北楼-210,12-14周 星期一 第3节-第4节 南湖南-博学北楼-210,16-17周 星期一 第3节-第4节 南湖南-博学北楼-210","XF":2,"SKXQ":1,"XNXQDM":"2024-2025-2","KCM":"大学英语2","JASDM":"0202010210","JXLDM":"020201","JXBID":"20242-12563","SKBJ":"公选-12563","TYXMDM":"11","KCH":"10201121073"},{"KKDWDM":"020","XS":32,"BYBZ":"0","JSJC":4,"XXXQDM":"02","KXH":"105","KSJC":3,"XKZRS":35,"SKZC":"000000000000000110000000000000","SKJS":"靳雯雯","ISTK":0,"ZCMC":"16-17周","YPSJDD":"17周 星期二 第3节-第4节 南湖南-博学北楼-210,1-10周 星期一 第3节-第4节 南湖南-博学北楼-210,12-14周 星期一 第3节-第4节 南湖南-博学北楼-210,16-17周 星期一 第3节-第4节 南湖南-博学北楼-210","XF":2,"SKXQ":1,"XNXQDM":"2024-2025-2","KCM":"大学英语2","JASDM":"0202010210","JXLDM":"020201","JXBID":"20242-12563","SKBJ":"公选-12563","TYXMDM":"11","KCH":"10201121073"},{"KKDWDM":"020","XS":32,"BYBZ":"0","JSJC":2,"XXXQDM":"02","KXH":"168","KSJC":1,"XKZRS":37,"SKZC":"000000000000000010000000000000","SKJS":"张静","ISTK":0,"ZCMC":"17周","YPSJDD":"7-9周 星期五 第1节-第2节 南湖南-博学北楼-210,1-5周 星期五 第1节-第2节 南湖南-博学北楼-210,17周 星期三 第1节-第2节 南湖南-博学北楼-210,9周 星期日 第1节-第2节 南湖南-博学北楼-210,11-16周 星期五 第1节-第2节 南湖南-博学北楼-210","XF":2,"SKXQ":3,"XNXQDM":"2024-2025-2","KCM":"大学英语2","JASDM":"0202010210","JXLDM":"020201","JXBID":"20242-12689","SKBJ":"公选-12689","TYXMDM":"11","KCH":"10201121073"},{"KKDWDM":"020","XS":32,"BYBZ":"0","JSJC":4,"XXXQDM":"02","KXH":"105","KSJC":3,"XKZRS":35,"SKZC":"000000000000000010000000000000","SKJS":"靳雯雯","ISTK":0,"ZCMC":"17周","YPSJDD":"17周 星期二 第3节-第4节 南湖南-博学北楼-210,1-10周 星期一 第3节-第4节 南湖南-博学北楼-210,12-14周 星期一 第3节-第4节 南湖南-博学北楼-210,16-17周 星期一 第3节-第4节 南湖南-博学北楼-210","XF":2,"SKXQ":2,"XNXQDM":"2024-2025-2","KCM":"大学英语2","JASDM":"0202010210","JXLDM":"020201","JXBID":"20242-12563","SKBJ":"公选-12563","TYXMDM":"11","KCH":"10201121073"},{"KKDWDM":"020","XS":32,"BYBZ":"0","JSJC":4,"XXXQDM":"02","KXH":"176","KSJC":3,"XKZRS":35,"SKZC":"000000000000000010000000000000","SKJS":"张静","ISTK":0,"ZCMC":"17周","YPSJDD":"1-5周 星期五 第3节-第4节 南湖南-博学北楼-210,9周 星期日 第3节-第4节 南湖南-博学北楼-210,11-16周 星期五 第3节-第4节 南湖南-博学北楼-210,17周 星期三 第3节-第4节 南湖南-博学北楼-210,7-9周 星期五 第3节-第4节 南湖南-博学北楼-210","XF":2,"SKXQ":3,"XNXQDM":"2024-2025-2","KCM":"大学英语2","JASDM":"0202010210","JXLDM":"020201","JXBID":"20242-12706","SKBJ":"公选-12706","TYXMDM":"11","KCH":"10201121073"},{"KKDWDM":null,"XS":null,"BYBZ":"1","JSJC":10,"XXXQDM":null,"KXH":null,"KSJC":6,"XKZRS":null,"SKZC":"111111111110000000000000000000","SKJS":"叶琼琼,杨海峰","ISTK":0,"ZCMC":"1-11周","YPSJDD":null,"XF":null,"SKXQ":2,"XNXQDM":"2024-2025-2","KCM":"初级汉语2","JASDM":"0202010210","JXLDM":null,"JXBID":null,"SKBJ":null,"TYXMDM":null,"KCH":"40240524001"},{"KKDWDM":null,"XS":null,"BYBZ":"1","JSJC":8,"XXXQDM":null,"KXH":null,"KSJC":6,"XKZRS":null,"SKZC":"000000000010000000000000000000","SKJS":"叶琼琼,杨海峰","ISTK":0,"ZCMC":"11周","YPSJDD":null,"XF":null,"SKXQ":3,"XNXQDM":"2024-2025-2","KCM":"初级汉语2","JASDM":"0202010210","JXLDM":null,"JXBID":null,"SKBJ":null,"TYXMDM":null,"KCH":"40240524001"},{"KKDWDM":null,"XS":null,"BYBZ":"1","JSJC":10,"XXXQDM":null,"KXH":null,"KSJC":6,"XKZRS":null,"SKZC":"111111111100000000000000000000","SKJS":"叶琼琼,杨海峰","ISTK":0,"ZCMC":"1-10周","YPSJDD":null,"XF":null,"SKXQ":3,"XNXQDM":"2024-2025-2","KCM":"初级汉语2","JASDM":"0202010210","JXLDM":null,"JXBID":null,"SKBJ":null,"TYXMDM":null,"KCH":"40240524001"}]}},"code":"0"}