{"datas":{"jaskcb":{"extParams":{"code":1,"msg":"查询成功"},"pageSize":0,"pageNumber":0,"totalSize":-1,"rows":[{"KKDWDM":"038","XS":32,"BYBZ":"0","JSJC":2,"XXXQDM":"02","KXH":"21","KSJC":1,"XKZRS":74,"SKZC":"11111111111111110000","SKJS":"汪平","ISTK":0,"ZCMC":"1-16周","YPSJDD":"1-16周 星期二 第1节-第2节 南湖南-博学东楼-104","XF":2,"SKXQ":2,"XNXQDM":"2024-2025-2","KCM":"军事理论","JASDM":"0202020104","JXLDM":"020202","JXBID":"20242-12244","SKBJ":"建筑类2401-02,电信类2417-18,通信zs2401","TYXMDM":null,"KCH":"10381121001"},{"KKDWDM":"012","XS":32,"BYBZ":"0","JSJC":2,"XXXQDM":"02","KXH":"01","KSJC":1,"XKZRS":145,"SKZC":"1111111111111111","SKJS":"彭德巍","ISTK":0,"ZCMC":"1-16周","YPSJDD":"1-16周 星期三 第1节-第2节 南湖南-博学东楼-104","XF":2,"SKXQ":3,"XNXQDM":"2024-2025-2","KCM":"人工智能概论B","JASDM":"0202020104","JXLDM":"020202","JXBID":"20242-04304","SKBJ":"计算机2301-04,计算机zy2301-02","TYXMDM":null,"KCH":"10125111012"},{"KKDWDM":"021","XS":48,"BYBZ":"0","JSJC":8,"XXXQDM":"02","KXH":"41","KSJC":6,"XKZRS":105,"SKZC":"111111111111110000000000","SKJS":"季爱民","ISTK":0,"ZCMC":"1-14周","YPSJDD":"1-14周 星期二 第6节-第8节 南湖南-博学东楼-104","XF":3,"SKXQ":2,"XNXQDM":"2024-2025-2","KCM":"思想道德与法治","JASDM":"0202020104","JXLDM":"020202","JXBID":"20242-11831","SKBJ":"计算机类2407-09","TYXMDM":null,"KCH":"10211124001"},{"KKDWDM":"021","XS":48,"BYBZ":"0","JSJC":8,"XXXQDM":"02","KXH":"06","KSJC":6,"XKZRS":109,"SKZC":"11111111111111000000","SKJS":"杨春满","ISTK":0,"ZCMC":"1-14周","YPSJDD":"1-14周 星期三 第6节-第8节 南湖南-博学东楼-104","XF":3,"SKXQ":3,"XNXQDM":"2024-2025-2","KCM":"中国近现代史纲要","JASDM":"0202020104","JXLDM":"020202","JXBID":"20242-05965","SKBJ":"工商类2409-10,机电类2404","TYXMDM":null,"KCH":"10211124005"},{"KKDWDM":"038","XS":32,"BYBZ":"0","JSJC":10,"XXXQDM":"02","KXH":"38","KSJC":9,"XKZRS":137,"SKZC":"11111111111100000000","SKJS":"敬晓慧","ISTK":0,"ZCMC":"1-12周","YPSJDD":"1-12周 星期二 第9节-第10节 南湖南-博学东楼-104","XF":2,"SKXQ":2,"XNXQDM":"2024-2025-2","KCM":"心理健康教育","JASDM":"0202020104","JXLDM":"020202","JXBID":"20242-12251","SKBJ":"土木类2405-08","TYXMDM":null,"KCH":"10388117003"},{"KKDWDM":"012","XS":40,"BYBZ":"0","JSJC":2,"XXXQDM":"02","KXH":"04","KSJC":1,"XKZRS":108,"SKZC":"111111111100000000000000000000","SKJS":"耿枫","ISTK":0,"ZCMC":"1-10周","YPSJDD":"17周 星期二 第1节-第2节 南湖南-博学东楼-104,16-17周 星期一 第1节-第2节 南湖南-博学东楼-104,12-14周 星期一 第1节-第2节 南湖南-博学东楼-104,1-10周 星期一 第1节-第2节 南湖南-博学东楼-104","XF":2,"SKXQ":1,"XNXQDM":"2024-2025-2","KCM":"面向对象程序设计","JASDM":"0202020104","JXLDM":"020202","JXBID":"20242-09935","SKBJ":"计算机类2401-02,软件sy2401","TYXMDM":null,"KCH":"10124121073"},{"KKDWDM":"038","XS":32,"BYBZ":"0","JSJC":10,"XXXQDM":"02","KXH":"09","KSJC":9,"XKZRS":129,"SKZC":"111111111100000000000000000000","SKJS":"梁宇颂","ISTK":0,"ZCMC":"1-10周","YPSJDD":"1-10周 星期一 第9节-第10节 南湖南-博学东楼-104,12-13周 星期一 第9节-第10节 南湖南-博学东楼-104","XF":2,"SKXQ":1,"XNXQDM":"2024-2025-2","KCM":"心理健康教育","JASDM":"0202020104","JXLDM":"020202","JXBID":"20242-12257","SKBJ":"计算机类2401-04","TYXMDM":null,"KCH":"10388117003"},{"KKDWDM":"021","XS":48,"BYBZ":"0","JSJC":5,"XXXQDM":"02","KXH":"50","KSJC":3,"XKZRS":109,"SKZC":"111111111100000000000000000000","SKJS":"齐远飞","ISTK":0,"ZCMC":"1-10周","YPSJDD":"1-10周 星期一 第3节-第5节 南湖南-博学东楼-104,12-14周 星期一 第3节-第5节 南湖南-博学东楼-104,16周 星期一 第3节-第5节 南湖南-博学东楼-104","XF":3,"SKXQ":1,"XNXQDM":"2024-2025-2","KCM":"中国近现代史纲要","JASDM":"0202020104","JXLDM":"020202","JXBID":"20242-11866","SKBJ":"材料类2410-12","TYXMDM":null,"KCH":"10211124005"},{"KKDWDM":"012","XS":32,"BYBZ":"0","JSJC":7,"XXXQDM":"02","KXH":"06","KSJC":6,"XKZRS":104,"SKZC":"111111111100000000000000000000","SKJS":"毛薇","ISTK":0,"ZCMC":"1-10周","YPSJDD":"1-10周 星期一 第6节-第7节 南湖南-博学东楼-104,12-14周 星期一 第6节-第7节 南湖南-博学东楼-104,17周 星期二 第6节-第7节 南湖南-博学东楼-104,16-17周 星期一 第6节-第7节 南湖南-博学东楼-104","XF":2,"SKXQ":1,"XNXQDM":"2024-2025-2","KCM":"C程序设计基础B","JASDM":"0202020104","JXLDM":"020202","JXBID":"20242-11970","SKBJ":"机电类2404-06","TYXMDM":null,"KCH":"10121121087"},{"KKDWDM":"008","XS":40,"BYBZ":"0","JSJC":5,"XXXQDM":"02","KXH":"01","KSJC":3,"XKZRS":119,"SKZC":"111111111100000000000000","SKJS":"魏莉","ISTK":0,"ZCMC":"1-10周","YPSJDD":"11-12周 星期三 第3节-第4节 南湖南-博学东楼-104,1-10周 星期三 第3节-第5节 南湖南-博学东楼-104","XF":2,"SKXQ":3,"XNXQDM":"2024-2025-2","KCM":"无损检测技术","JASDM":"0202020104","JXLDM":"020202","JXBID":"20242-03888","SKBJ":"测控2201-03","TYXMDM":null,"KCH":"10085121029"},{"KKDWDM":"012","XS":32,"BYBZ":"0","JSJC":2,"XXXQDM":"02","KXH":"08","KSJC":1,"XKZRS":105,"SKZC":"111111111000000000000000000000","SKJS":"钟钰","ISTK":0,"ZCMC":"1-9周","YPSJDD":"1-9周 星期四 第1节-第2节 南湖南-博学东楼-104,11-17周 星期四 第1节-第2节 南湖南-博学东楼-104","XF":2,"SKXQ":4,"XNXQDM":"2024-2025-2","KCM":"C程序设计基础B","JASDM":"0202020104","JXLDM":"020202","JXBID":"20242-11972","SKBJ":"机电类2409-11","TYXMDM":null,"KCH":"10121121087"},{"KKDWDM":"008","XS":32,"BYBZ":"0","JSJC":4,"XXXQDM":"02","KXH":"04","KSJC":3,"XKZRS":126,"SKZC":"111111111000000000000000000000","SKJS":"李军锋","ISTK":0,"ZCMC":"1-9周","YPSJDD":"1-9周 星期四 第3节-第4节 南湖南-博学东楼-104,11-15周 星期四 第3节-第4节 南湖南-博学东楼-104","XF":2,"SKXQ":4,"XNXQDM":"2024-2025-2","KCM":"可编程控制器原理及应用B","JASDM":"0202020104","JXLDM":"020202","JXBID":"20242-02781","SKBJ":"测控2201-03","TYXMDM":null,"KCH":"10085711021"},{"KKDWDM":"022","XS":24,"BYBZ":"0","JSJC":13,"XXXQDM":"02","KXH":"01","KSJC":11,"XKZRS":100,"SKZC":"111111110000000000000000000000","SKJS":"尹宗贻","ISTK":0,"ZCMC":"1-8周","YPSJDD":"1-8周 星期三 第11节-第13节 南湖南-博学东楼-104","XF":1,"SKXQ":3,"XNXQDM":"2024-2025-2","KCM":"人性与人际关系(GX)","JASDM":"0202020104","JXLDM":"020202","JXBID":"20242-08641","SKBJ":"公选-08641","TYXMDM":null,"KCH":"10222121271"},{"KKDWDM":"003","XS":16,"BYBZ":"0","JSJC":12,"XXXQDM":"02","KXH":"01","KSJC":11,"XKZRS":135,"SKZC":"111111110000000000000000","SKJS":"陈潇","ISTK":0,"ZCMC":"1-8周","YPSJDD":"1-8周 星期一 第11节-第12节 南湖南-博学东楼-104","XF":1,"SKXQ":1,"XNXQDM":"2024-2025-2","KCM":"神奇的材料世界(GX)","JASDM":"0202020104","JXLDM":"020202","JXBID":"20242-07110","SKBJ":"公选-07110","TYXMDM":null,"KCH":"10032121139"},{"KKDWDM":"011","XS":16,"BYBZ":"0","JSJC":12,"XXXQDM":"02","KXH":"01","KSJC":11,"XKZRS":92,"SKZC":"111111110000000000000000","SKJS":"刘雪冬","ISTK":0,"ZCMC":"1-8周","YPSJDD":"1-8周 星期四 第11节-第12节 南湖南-博学东楼-104","XF":1,"SKXQ":4,"XNXQDM":"2024-2025-2","KCM":"视频编码标准及其算法原理(JD)","JASDM":"0202020104","JXLDM":"020202","JXBID":"20242-07774","SKBJ":"公选-07774","TYXMDM":null,"KCH":"10116121181"},{"KKDWDM":"012","XS":32,"BYBZ":"0","JSJC":5,"XXXQDM":"02","KXH":"04","KSJC":3,"XKZRS":131,"SKZC":"111111000000000000000000","SKJS":"刘春","ISTK":0,"ZCMC":"1-6周","YPSJDD":"7周 星期二 第3节-第4节 南湖南-博学东楼-104,1-6周 星期二 第3节-第5节 南湖南-博学东楼-104","XF":2,"SKXQ":2,"XNXQDM":"2024-2025-2","KCM":"Web应用开发","JASDM":"0202020104","JXLDM":"020202","JXBID":"20242-03007","SKBJ":"软件2201-02,软件sy2201,软件zy2201-02","TYXMDM":null,"KCH":"10125121046"},{"KKDWDM":"016","XS":32,"BYBZ":"0","JSJC":5,"XXXQDM":"02","KXH":"02","KSJC":3,"XKZRS":117,"SKZC":"111110111010000000000000","SKJS":"李其昌","ISTK":0,"ZCMC":"1-5周,7-9周,11周","YPSJDD":"12周 星期五 第3节-第4节 南湖南-博学东楼-104,1-5周,7-9周,11周 星期五 第3节-第5节 南湖南-博学东楼-104,9周 星期日 第3节-第5节 南湖南-博学东楼-104","XF":2,"SKXQ":5,"XNXQDM":"2024-2025-2","KCM":"发酵工程原理与技术","JASDM":"0202020104","JXLDM":"020202","JXBID":"20242-02835","SKBJ":"生物2201,生物H2201-03","TYXMDM":null,"KCH":"10164117052"},{"KKDWDM":"021","XS":48,"BYBZ":"0","JSJC":8,"XXXQDM":"02","KXH":"42","KSJC":6,"XKZRS":109,"SKZC":"111110000000000000000000000000","SKJS":"冯蓓","ISTK":0,"ZCMC":"1-5周","YPSJDD":"11-15周 星期五 第6节-第8节 南湖南-博学东楼-104,9周 星期日 第6节-第8节 南湖南-博学东楼-104,7-9周 星期五 第6节-第8节 南湖南-博学东楼-104,1-5周 星期五 第6节-第8节 南湖南-博学东楼-104","XF":3,"SKXQ":5,"XNXQDM":"2024-2025-2","KCM":"中国近现代史纲要","JASDM":"0202020104","JXLDM":"020202","JXBID":"20242-11856","SKBJ":"机电类2407-09","TYXMDM":null,"KCH":"10211124005"},{"KKDWDM":"017","XS":32,"BYBZ":"0","JSJC":2,"XXXQDM":"02","KXH":"02","KSJC":1,"XKZRS":69,"SKZC":"111110000000000000000000000000","SKJS":"王宇","ISTK":0,"ZCMC":"1-5周","YPSJDD":"17周 星期三 第1节-第2节 南湖南-博学东楼-104,9周 星期日 第1节-第2节 南湖南-博学东楼-104,1-5周 星期五 第1节-第2节 南湖南-博学东楼-104,11-16周 星期五 第1节-第2节 南湖南-博学东楼-104,7-9周 星期五 第1节-第2节 南湖南-博学东楼-104","XF":2,"SKXQ":5,"XNXQDM":"2024-2025-2","KCM":"市场营销学","JASDM":"0202020104","JXLDM":"020202","JXBID":"20242-10715","SKBJ":"工商类2413-14","TYXMDM":null,"KCH":"10173124428"},{"KKDWDM":"009","XS":24,"BYBZ":"0","JSJC":13,"XXXQDM":"02","KXH":"01","KSJC":11,"XKZRS":null,"SKZC":"110000000000000000000000000000","SKJS":"卢志芳","ISTK":0,"ZCMC":"1-2周","YPSJDD":"1-2周 星期二 第11节-第13节 南湖南-博学东楼-104","XF":1,"SKXQ":2,"XNXQDM":"2024-2025-2","KCM":"大跨度桥梁设计","JASDM":"0202020104","JXLDM":"020202","JXBID":"20242-07646","SKBJ":"公选-07646","TYXMDM":null,"KCH":"10096111013"},{"KKDWDM":"016","XS":32,"BYBZ":"0","JSJC":10,"XXXQDM":"02","KXH":"01","KSJC":9,"XKZRS":73,"SKZC":"011111110000000000000000000000","SKJS":"何广华","ISTK":0,"ZCMC":"2-8周","YPSJDD":"2-8周 星期三 第9节-第10节 南湖南-博学东楼-104,1-8周 星期一 第3节-第4节 南湖南-化生楼-S311,1周 星期三 第9节-第10节 南湖南-化生楼-S311","XF":2,"SKXQ":3,"XNXQDM":"2024-2025-2","KCM":"化学工艺学C","JASDM":"0202020104","JXLDM":"020202","JXBID":"20242-02677","SKBJ":"化工zy2201-03","TYXMDM":null,"KCH":"10164117062"},{"KKDWDM":"021","XS":8,"BYBZ":"0","JSJC":7,"XXXQDM":"02","KXH":"534","KSJC":6,"XKZRS":138,"SKZC":"0001111","SKJS":"张利荣","ISTK":0,"ZCMC":"4-7周","YPSJDD":"4-7周 星期四 第6节-第7节 南湖南-博学东楼-104","XF":0,"SKXQ":4,"XNXQDM":"2024-2025-2","KCM":"形势与政策","JASDM":"0202020104","JXLDM":"020202","JXBID":"20242-14125","SKBJ":null,"TYXMDM":null,"KCH":"10218121092"},{"KKDWDM":"021","XS":8,"BYBZ":"0","JSJC":10,"XXXQDM":"02","KXH":"543","KSJC":9,"XKZRS":137,"SKZC":"0001111","SKJS":"张利荣","ISTK":0,"ZCMC":"4-7周","YPSJDD":"4-7周 星期四 第9节-第10节 南湖南-博学东楼-104","XF":0,"SKXQ":4,"XNXQDM":"2024-2025-2","KCM":"形势与政策","JASDM":"0202020104","JXLDM":"020202","JXBID":"20242-14134","SKBJ":null,"TYXMDM":null,"KCH":"10218121092"},{"KKDWDM":"017","XS":32,"BYBZ":"0","JSJC":2,"XXXQDM":"02","KXH":"02","KSJC":1,"XKZRS":69,"SKZC":"000000111000000000000000000000","SKJS":"王宇","ISTK":0,"ZCMC":"7-9周","YPSJDD":"17周 星期三 第1节-第2节 南湖南-博学东楼-104,9周 星期日 第1节-第2节 南湖南-博学东楼-104,1-5周 星期五 第1节-第2节 南湖南-博学东楼-104,11-16周 星期五 第1节-第2节 南湖南-博学东楼-104,7-9周 星期五 第1节-第2节 南湖南-博学东楼-104","XF":2,"SKXQ":5,"XNXQDM":"2024-2025-2","KCM":"市场营销学","JASDM":"0202020104","JXLDM":"020202","JXBID":"20242-10715","SKBJ":"工商类2413-14","TYXMDM":null,"KCH":"10173124428"},{"KKDWDM":"021","XS":48,"BYBZ":"0","JSJC":8,"XXXQDM":"02","KXH":"42","KSJC":6,"XKZRS":109,"SKZC":"000000111000000000000000000000","SKJS":"冯蓓","ISTK":0,"ZCMC":"7-9周","YPSJDD":"11-15周 星期五 第6节-第8节 南湖南-博学东楼-104,9周 星期日 第6节-第8节 南湖南-博学东楼-104,7-9周 星期五 第6节-第8节 南湖南-博学东楼-104,1-5周 星期五 第6节-第8节 南湖南-博学东楼-104","XF":3,"SKXQ":5,"XNXQDM":"2024-2025-2","KCM":"中国近现代史纲要","JASDM":"0202020104","JXLDM":"020202","JXBID":"20242-11856","SKBJ":"机电类2407-09","TYXMDM":null,"KCH":"10211124005"},{"KKDWDM":"012","XS":32,"BYBZ":"0","JSJC":4,"XXXQDM":"02","KXH":"04","KSJC":3,"XKZRS":131,"SKZC":"000000100000000000000000","SKJS":"刘春","ISTK":0,"ZCMC":"7周","YPSJDD":"7周 星期二 第3节-第4节 南湖南-博学东楼-104,1-6周 星期二 第3节-第5节 南湖南-博学东楼-104","XF":2,"SKXQ":2,"XNXQDM":"2024-2025-2","KCM":"Web应用开发","JASDM":"0202020104","JXLDM":"020202","JXBID":"20242-03007","SKBJ":"软件2201-02,软件sy2201,软件zy2201-02","TYXMDM":null,"KCH":"10125121046"},{"KKDWDM":"021","XS":8,"BYBZ":"0","JSJC":10,"XXXQDM":"02","KXH":"575","KSJC":9,"XKZRS":136,"SKZC":"000000011011000000000000000000","SKJS":"赵一铭","ISTK":0,"ZCMC":"8-9周,11-12周","YPSJDD":"8-9周,11-12周 星期四 第9节-第10节 南湖南-博学东楼-104","XF":0,"SKXQ":4,"XNXQDM":"2024-2025-2","KCM":"形势与政策","JASDM":"0202020104","JXLDM":"020202","JXBID":"20242-14166","SKBJ":null,"TYXMDM":null,"KCH":"10218121092"},{"KKDWDM":"021","XS":8,"BYBZ":"0","JSJC":7,"XXXQDM":"02","KXH":"552","KSJC":6,"XKZRS":136,"SKZC":"000000011011000000000000","SKJS":"张金强","ISTK":0,"ZCMC":"8-9周,11-12周","YPSJDD":"8-9周,11-12周 星期四 第6节-第7节 南湖南-博学东楼-104","XF":0,"SKXQ":4,"XNXQDM":"2024-2025-2","KCM":"形势与政策","JASDM":"0202020104","JXLDM":"020202","JXBID":"20242-14143","SKBJ":null,"TYXMDM":null,"KCH":"10218121092"},{"KKDWDM":"009","XS":32,"BYBZ":"0","JSJC":12,"XXXQDM":"02","KXH":"01","KSJC":11,"XKZRS":138,"SKZC":"000000001111111100000000000000","SKJS":"徐宇甦,王雪亮","ISTK":0,"ZCMC":"9-16周","YPSJDD":"9-16周 星期二 第11节-第12节 南湖南-博学东楼-104,9周 星期四 第11节-第12节 南湖南-博学东楼-104,11-16周 星期四 第11节-第12节 南湖南-博学东楼-104,17周 星期三 第11节-第12节 南湖南-博学东楼-104","XF":2,"SKXQ":2,"XNXQDM":"2024-2025-2","KCM":"中国古今木建筑结构赏析(GX)","JASDM":"0202020104","JXLDM":"020202","JXBID":"20242-07618","SKBJ":"公选-07618","TYXMDM":null,"KCH":"10092124216"},{"KKDWDM":"017","XS":16,"BYBZ":"0","JSJC":4,"XXXQDM":"02","KXH":"01","KSJC":3,"XKZRS":59,"SKZC":"0000000011111111","SKJS":"胡浩","ISTK":0,"ZCMC":"9-16周","YPSJDD":"9-16周 星期二 第3节-第4节 南湖南-博学东楼-104","XF":1,"SKXQ":2,"XNXQDM":"2024-2025-2","KCM":"组织设计与发展B","JASDM":"0202020104","JXLDM":"020202","JXBID":"20242-03618","SKBJ":"人力2201-02","TYXMDM":null,"KCH":"10174117111"},{"KKDWDM":"007","XS":24,"BYBZ":"0","JSJC":10,"XXXQDM":"02","KXH":"08","KSJC":9,"XKZRS":85,"SKZC":"0000000011111111","SKJS":"邓加东,郭巍","ISTK":0,"ZCMC":"9-16周","YPSJDD":"9-16周 星期三 第9节-第10节 南湖南-博学东楼-104","XF":1,"SKXQ":3,"XNXQDM":"2024-2025-2","KCM":"汽车CAD\/CAE（B）","JASDM":"0202020104","JXLDM":"020202","JXBID":"20242-11399","SKBJ":"车辆2301-03","TYXMDM":null,"KCH":"10075117006"},{"KKDWDM":"017","XS":32,"BYBZ":"0","JSJC":2,"XXXQDM":"02","KXH":"02","KSJC":1,"XKZRS":69,"SKZC":"000000001000000000000000000000","SKJS":"王宇","ISTK":0,"ZCMC":"9周","YPSJDD":"17周 星期三 第1节-第2节 南湖南-博学东楼-104,9周 星期日 第1节-第2节 南湖南-博学东楼-104,1-5周 星期五 第1节-第2节 南湖南-博学东楼-104,11-16周 星期五 第1节-第2节 南湖南-博学东楼-104,7-9周 星期五 第1节-第2节 南湖南-博学东楼-104","XF":2,"SKXQ":7,"XNXQDM":"2024-2025-2","KCM":"市场营销学","JASDM":"0202020104","JXLDM":"020202","JXBID":"20242-10715","SKBJ":"工商类2413-14","TYXMDM":null,"KCH":"10173124428"},{"KKDWDM":"021","XS":48,"BYBZ":"0","JSJC":8,"XXXQDM":"02","KXH":"42","KSJC":6,"XKZRS":109,"SKZC":"000000001000000000000000000000","SKJS":"冯蓓","ISTK":0,"ZCMC":"9周","YPSJDD":"11-15周 星期五 第6节-第8节 南湖南-博学东楼-104,9周 星期日 第6节-第8节 南湖南-博学东楼-104,7-9周 星期五 第6节-第8节 南湖南-博学东楼-104,1-5周 星期五 第6节-第8节 南湖南-博学东楼-104","XF":3,"SKXQ":7,"XNXQDM":"2024-2025-2","KCM":"中国近现代史纲要","JASDM":"0202020104","JXLDM":"020202","JXBID":"20242-11856","SKBJ":"机电类2407-09","TYXMDM":null,"KCH":"10211124005"},{"KKDWDM":"009","XS":32,"BYBZ":"0","JSJC":12,"XXXQDM":"02","KXH":"01","KSJC":11,"XKZRS":138,"SKZC":"000000001000000000000000000000","SKJS":"徐宇甦,王雪亮","ISTK":0,"ZCMC":"9周","YPSJDD":"9-16周 星期二 第11节-第12节 南湖南-博学东楼-104,9周 星期四 第11节-第12节 南湖南-博学东楼-104,11-16周 星期四 第11节-第12节 南湖南-博学东楼-104,17周 星期三 第11节-第12节 南湖南-博学东楼-104","XF":2,"SKXQ":4,"XNXQDM":"2024-2025-2","KCM":"中国古今木建筑结构赏析(GX)","JASDM":"0202020104","JXLDM":"020202","JXBID":"20242-07618","SKBJ":"公选-07618","TYXMDM":null,"KCH":"10092124216"},{"KKDWDM":"016","XS":32,"BYBZ":"0","JSJC":5,"XXXQDM":"02","KXH":"02","KSJC":3,"XKZRS":117,"SKZC":"000000001000000000000000","SKJS":"李其昌","ISTK":0,"ZCMC":"9周","YPSJDD":"12周 星期五 第3节-第4节 南湖南-博学东楼-104,1-5周,7-9周,11周 星期五 第3节-第5节 南湖南-博学东楼-104,9周 星期日 第3节-第5节 南湖南-博学东楼-104","XF":2,"SKXQ":7,"XNXQDM":"2024-2025-2","KCM":"发酵工程原理与技术","JASDM":"0202020104","JXLDM":"020202","JXBID":"20242-02835","SKBJ":"生物2201,生物H2201-03","TYXMDM":null,"KCH":"10164117052"},{"KKDWDM":"012","XS":32,"BYBZ":"0","JSJC":2,"XXXQDM":"02","KXH":"08","KSJC":1,"XKZRS":105,"SKZC":"000000000011111110000000000000","SKJS":"钟钰","ISTK":0,"ZCMC":"11-17周","YPSJDD":"1-9周 星期四 第1节-第2节 南湖南-博学东楼-104,11-17周 星期四 第1节-第2节 南湖南-博学东楼-104","XF":2,"SKXQ":4,"XNXQDM":"2024-2025-2","KCM":"C程序设计基础B","JASDM":"0202020104","JXLDM":"020202","JXBID":"20242-11972","SKBJ":"机电类2409-11","TYXMDM":null,"KCH":"10121121087"},{"KKDWDM":"017","XS":32,"BYBZ":"0","JSJC":2,"XXXQDM":"02","KXH":"02","KSJC":1,"XKZRS":69,"SKZC":"000000000011111100000000000000","SKJS":"王宇","ISTK":0,"ZCMC":"11-16周","YPSJDD":"17周 星期三 第1节-第2节 南湖南-博学东楼-104,9周 星期日 第1节-第2节 南湖南-博学东楼-104,1-5周 星期五 第1节-第2节 南湖南-博学东楼-104,11-16周 星期五 第1节-第2节 南湖南-博学东楼-104,7-9周 星期五 第1节-第2节 南湖南-博学东楼-104","XF":2,"SKXQ":5,"XNXQDM":"2024-2025-2","KCM":"市场营销学","JASDM":"0202020104","JXLDM":"020202","JXBID":"20242-10715","SKBJ":"工商类2413-14","TYXMDM":null,"KCH":"10173124428"},{"KKDWDM":"009","XS":32,"BYBZ":"0","JSJC":12,"XXXQDM":"02","KXH":"01","KSJC":11,"XKZRS":138,"SKZC":"000000000011111100000000000000","SKJS":"徐宇甦,王雪亮","ISTK":0,"ZCMC":"11-16周","YPSJDD":"9-16周 星期二 第11节-第12节 南湖南-博学东楼-104,9周 星期四 第11节-第12节 南湖南-博学东楼-104,11-16周 星期四 第11节-第12节 南湖南-博学东楼-104,17周 星期三 第11节-第12节 南湖南-博学东楼-104","XF":2,"SKXQ":4,"XNXQDM":"2024-2025-2","KCM":"中国古今木建筑结构赏析(GX)","JASDM":"0202020104","JXLDM":"020202","JXBID":"20242-07618","SKBJ":"公选-07618","TYXMDM":null,"KCH":"10092124216"},{"KKDWDM":"008","XS":32,"BYBZ":"0","JSJC":4,"XXXQDM":"02","KXH":"04","KSJC":3,"XKZRS":126,"SKZC":"000000000011111000000000000000","SKJS":"李军锋","ISTK":0,"ZCMC":"11-15周","YPSJDD":"1-9周 星期四 第3节-第4节 南湖南-博学东楼-104,11-15周 星期四 第3节-第4节 南湖南-博学东楼-104","XF":2,"SKXQ":4,"XNXQDM":"2024-2025-2","KCM":"可编程控制器原理及应用B","JASDM":"0202020104","JXLDM":"020202","JXBID":"20242-02781","SKBJ":"测控2201-03","TYXMDM":null,"KCH":"10085711021"},{"KKDWDM":"021","XS":48,"BYBZ":"0","JSJC":8,"XXXQDM":"02","KXH":"42","KSJC":6,"XKZRS":109,"SKZC":"000000000011111000000000000000","SKJS":"冯蓓","ISTK":0,"ZCMC":"11-15周","YPSJDD":"11-15周 星期五 第6节-第8节 南湖南-博学东楼-104,9周 星期日 第6节-第8节 南湖南-博学东楼-104,7-9周 星期五 第6节-第8节 南湖南-博学东楼-104,1-5周 星期五 第6节-第8节 南湖南-博学东楼-104","XF":3,"SKXQ":5,"XNXQDM":"2024-2025-2","KCM":"中国近现代史纲要","JASDM":"0202020104","JXLDM":"020202","JXBID":"20242-11856","SKBJ":"机电类2407-09","TYXMDM":null,"KCH":"10211124005"},{"KKDWDM":"008","XS":40,"BYBZ":"0","JSJC":4,"XXXQDM":"02","KXH":"01","KSJC":3,"XKZRS":119,"SKZC":"000000000011000000000000","SKJS":"魏莉","ISTK":0,"ZCMC":"11-12周","YPSJDD":"11-12周 星期三 第3节-第4节 南湖南-博学东楼-104,1-10周 星期三 第3节-第5节 南湖南-博学东楼-104","XF":2,"SKXQ":3,"XNXQDM":"2024-2025-2","KCM":"无损检测技术","JASDM":"0202020104","JXLDM":"020202","JXBID":"20242-03888","SKBJ":"测控2201-03","TYXMDM":null,"KCH":"10085121029"},{"KKDWDM":"012","XS":32,"BYBZ":"0","JSJC":7,"XXXQDM":"02","KXH":"06","KSJC":6,"XKZRS":104,"SKZC":"000000000001110000000000000000","SKJS":"毛薇","ISTK":0,"ZCMC":"12-14周","YPSJDD":"1-10周 星期一 第6节-第7节 南湖南-博学东楼-104,12-14周 星期一 第6节-第7节 南湖南-博学东楼-104,17周 星期二 第6节-第7节 南湖南-博学东楼-104,16-17周 星期一 第6节-第7节 南湖南-博学东楼-104","XF":2,"SKXQ":1,"XNXQDM":"2024-2025-2","KCM":"C程序设计基础B","JASDM":"0202020104","JXLDM":"020202","JXBID":"20242-11970","SKBJ":"机电类2404-06","TYXMDM":null,"KCH":"10121121087"},{"KKDWDM":"012","XS":40,"BYBZ":"0","JSJC":2,"XXXQDM":"02","KXH":"04","KSJC":1,"XKZRS":108,"SKZC":"000000000001110000000000000000","SKJS":"耿枫","ISTK":0,"ZCMC":"12-14周","YPSJDD":"17周 星期二 第1节-第2节 南湖南-博学东楼-104,16-17周 星期一 第1节-第2节 南湖南-博学东楼-104,12-14周 星期一 第1节-第2节 南湖南-博学东楼-104,1-10周 星期一 第1节-第2节 南湖南-博学东楼-104","XF":2,"SKXQ":1,"XNXQDM":"2024-2025-2","KCM":"面向对象程序设计","JASDM":"0202020104","JXLDM":"020202","JXBID":"20242-09935","SKBJ":"计算机类2401-02,软件sy2401","TYXMDM":null,"KCH":"10124121073"},{"KKDWDM":"021","XS":48,"BYBZ":"0","JSJC":5,"XXXQDM":"02","KXH":"50","KSJC":3,"XKZRS":109,"SKZC":"000000000001110000000000000000","SKJS":"齐远飞","ISTK":0,"ZCMC":"12-14周","YPSJDD":"1-10周 星期一 第3节-第5节 南湖南-博学东楼-104,12-14周 星期一 第3节-第5节 南湖南-博学东楼-104,16周 星期一 第3节-第5节 南湖南-博学东楼-104","XF":3,"SKXQ":1,"XNXQDM":"2024-2025-2","KCM":"中国近现代史纲要","JASDM":"0202020104","JXLDM":"020202","JXBID":"20242-11866","SKBJ":"材料类2410-12","TYXMDM":null,"KCH":"10211124005"},{"KKDWDM":"038","XS":32,"BYBZ":"0","JSJC":10,"XXXQDM":"02","KXH":"09","KSJC":9,"XKZRS":129,"SKZC":"000000000001100000000000000000","SKJS":"梁宇颂","ISTK":0,"ZCMC":"12-13周","YPSJDD":"1-10周 星期一 第9节-第10节 南湖南-博学东楼-104,12-13周 星期一 第9节-第10节 南湖南-博学东楼-104","XF":2,"SKXQ":1,"XNXQDM":"2024-2025-2","KCM":"心理健康教育","JASDM":"0202020104","JXLDM":"020202","JXBID":"20242-12257","SKBJ":"计算机类2401-04","TYXMDM":null,"KCH":"10388117003"},{"KKDWDM":"016","XS":32,"BYBZ":"0","JSJC":4,"XXXQDM":"02","KXH":"02","KSJC":3,"XKZRS":117,"SKZC":"000000000001000000000000","SKJS":"李其昌","ISTK":0,"ZCMC":"12周","YPSJDD":"12周 星期五 第3节-第4节 南湖南-博学东楼-104,1-5周,7-9周,11周 星期五 第3节-第5节 南湖南-博学东楼-104,9周 星期日 第3节-第5节 南湖南-博学东楼-104","XF":2,"SKXQ":5,"XNXQDM":"2024-2025-2","KCM":"发酵工程原理与技术","JASDM":"0202020104","JXLDM":"020202","JXBID":"20242-02835","SKBJ":"生物2201,生物H2201-03","TYXMDM":null,"KCH":"10164117052"},{"KKDWDM":"021","XS":8,"BYBZ":"0","JSJC":10,"XXXQDM":"02","KXH":"620","KSJC":9,"XKZRS":138,"SKZC":"0000000000001111","SKJS":"邵嘉杞","ISTK":0,"ZCMC":"13-16周","YPSJDD":"13-16周 星期四 第9节-第10节 南湖南-博学东楼-104","XF":0,"SKXQ":4,"XNXQDM":"2024-2025-2","KCM":"形势与政策","JASDM":"0202020104","JXLDM":"020202","JXBID":"20242-14211","SKBJ":null,"TYXMDM":null,"KCH":"10218121092"},{"KKDWDM":"021","XS":8,"BYBZ":"0","JSJC":7,"XXXQDM":"02","KXH":"597","KSJC":6,"XKZRS":139,"SKZC":"0000000000001111","SKJS":"周晨","ISTK":0,"ZCMC":"13-16周","YPSJDD":"13-16周 星期四 第6节-第7节 南湖南-博学东楼-104","XF":0,"SKXQ":4,"XNXQDM":"2024-2025-2","KCM":"形势与政策","JASDM":"0202020104","JXLDM":"020202","JXBID":"20242-14188","SKBJ":null,"TYXMDM":null,"KCH":"10218121092"},{"KKDWDM":"012","XS":32,"BYBZ":"0","JSJC":7,"XXXQDM":"02","KXH":"06","KSJC":6,"XKZRS":104,"SKZC":"000000000000000110000000000000","SKJS":"毛薇","ISTK":0,"ZCMC":"16-17周","YPSJDD":"1-10周 星期一 第6节-第7节 南湖南-博学东楼-104,12-14周 星期一 第6节-第7节 南湖南-博学东楼-104,17周 星期二 第6节-第7节 南湖南-博学东楼-104,16-17周 星期一 第6节-第7节 南湖南-博学东楼-104","XF":2,"SKXQ":1,"XNXQDM":"2024-2025-2","KCM":"C程序设计基础B","JASDM":"0202020104","JXLDM":"020202","JXBID":"20242-11970","SKBJ":"机电类2404-06","TYXMDM":null,"KCH":"10121121087"},{"KKDWDM":"012","XS":40,"BYBZ":"0","JSJC":2,"XXXQDM":"02","KXH":"04","KSJC":1,"XKZRS":108,"SKZC":"000000000000000110000000000000","SKJS":"耿枫","ISTK":0,"ZCMC":"16-17周","YPSJDD":"17周 星期二 第1节-第2节 南湖南-博学东楼-104,16-17周 星期一 第1节-第2节 南湖南-博学东楼-104,12-14周 星期一 第1节-第2节 南湖南-博学东楼-104,1-10周 星期一 第1节-第2节 南湖南-博学东楼-104","XF":2,"SKXQ":1,"XNXQDM":"2024-2025-2","KCM":"面向对象程序设计","JASDM":"0202020104","JXLDM":"020202","JXBID":"20242-09935","SKBJ":"计算机类2401-02,软件sy2401","TYXMDM":null,"KCH":"10124121073"},{"KKDWDM":"021","XS":48,"BYBZ":"0","JSJC":5,"XXXQDM":"02","KXH":"50","KSJC":3,"XKZRS":109,"SKZC":"000000000000000100000000000000","SKJS":"齐远飞","ISTK":0,"ZCMC":"16周","YPSJDD":"1-10周 星期一 第3节-第5节 南湖南-博学东楼-104,12-14周 星期一 第3节-第5节 南湖南-博学东楼-104,16周 星期一 第3节-第5节 南湖南-博学东楼-104","XF":3,"SKXQ":1,"XNXQDM":"2024-2025-2","KCM":"中国近现代史纲要","JASDM":"0202020104","JXLDM":"020202","JXBID":"20242-11866","SKBJ":"材料类2410-12","TYXMDM":null,"KCH":"10211124005"},{"KKDWDM":"009","XS":32,"BYBZ":"0","JSJC":12,"XXXQDM":"02","KXH":"01","KSJC":11,"XKZRS":138,"SKZC":"000000000000000010000000000000","SKJS":"徐宇甦,王雪亮","ISTK":0,"ZCMC":"17周","YPSJDD":"9-16周 星期二 第11节-第12节 南湖南-博学东楼-104,9周 星期四 第11节-第12节 南湖南-博学东楼-104,11-16周 星期四 第11节-第12节 南湖南-博学东楼-104,17周 星期三 第11节-第12节 南湖南-博学东楼-104","XF":2,"SKXQ":3,"XNXQDM":"2024-2025-2","KCM":"中国古今木建筑结构赏析(GX)","JASDM":"0202020104","JXLDM":"020202","JXBID":"20242-07618","SKBJ":"公选-07618","TYXMDM":null,"KCH":"10092124216"},{"KKDWDM":"012","XS":40,"BYBZ":"0","JSJC":2,"XXXQDM":"02","KXH":"04","KSJC":1,"XKZRS":108,"SKZC":"000000000000000010000000000000","SKJS":"耿枫","ISTK":0,"ZCMC":"17周","YPSJDD":"17周 星期二 第1节-第2节 南湖南-博学东楼-104,16-17周 星期一 第1节-第2节 南湖南-博学东楼-104,12-14周 星期一 第1节-第2节 南湖南-博学东楼-104,1-10周 星期一 第1节-第2节 南湖南-博学东楼-104","XF":2,"SKXQ":2,"XNXQDM":"2024-2025-2","KCM":"面向对象程序设计","JASDM":"0202020104","JXLDM":"020202","JXBID":"20242-09935","SKBJ":"计算机类2401-02,软件sy2401","TYXMDM":null,"KCH":"10124121073"},{"KKDWDM":"012","XS":32,"BYBZ":"0","JSJC":7,"XXXQDM":"02","KXH":"06","KSJC":6,"XKZRS":104,"SKZC":"000000000000000010000000000000","SKJS":"毛薇","ISTK":0,"ZCMC":"17周","YPSJDD":"1-10周 星期一 第6节-第7节 南湖南-博学东楼-104,12-14周 星期一 第6节-第7节 南湖南-博学东楼-104,17周 星期二 第6节-第7节 南湖南-博学东楼-104,16-17周 星期一 第6节-第7节 南湖南-博学东楼-104","XF":2,"SKXQ":2,"XNXQDM":"2024-2025-2","KCM":"C程序设计基础B","JASDM":"0202020104","JXLDM":"020202","JXBID":"20242-11970","SKBJ":"机电类2404-06","TYXMDM":null,"KCH":"10121121087"},{"KKDWDM":"017","XS":32,"BYBZ":"0","JSJC":2,"XXXQDM":"02","KXH":"02","KSJC":1,"XKZRS":69,"SKZC":"000000000000000010000000000000","SKJS":"王宇","ISTK":0,"ZCMC":"17周","YPSJDD":"17周 星期三 第1节-第2节 南湖南-博学东楼-104,9周 星期日 第1节-第2节 南湖南-博学东楼-104,1-5周 星期五 第1节-第2节 南湖南-博学东楼-104,11-16周 星期五 第1节-第2节 南湖南-博学东楼-104,7-9周 星期五 第1节-第2节 南湖南-博学东楼-104","XF":2,"SKXQ":3,"XNXQDM":"2024-2025-2","KCM":"市场营销学","JASDM":"0202020104","JXLDM":"020202","JXBID":"20242-10715","SKBJ":"工商类2413-14","TYXMDM":null,"KCH":"10173124428"}]}},"code":"0"}