{"datas":{"jaskcb":{"extParams":{"code":1,"msg":"查询成功"},"pageSize":0,"pageNumber":0,"totalSize":-1,"rows":[{"KKDWDM":"020","XS":48,"BYBZ":"0","JSJC":2,"XXXQDM":"02","KXH":"05","KSJC":1,"XKZRS":35,"SKZC":"1111111111111111","SKJS":"叶静","ISTK":0,"ZCMC":"1-16周","YPSJDD":"1-16周 星期二 第1节-第2节 南湖南-博学北楼-511","XF":2,"SKXQ":2,"XNXQDM":"2024-2025-2","KCM":"美国历史与文化","JASDM":"0202010511","JXLDM":"020201","JXBID":"20242-12855","SKBJ":"公选-12855","TYXMDM":"11","KCH":"10201117160"},{"KKDWDM":"020","XS":32,"BYBZ":"0","JSJC":4,"XXXQDM":"02","KXH":"04","KSJC":3,"XKZRS":34,"SKZC":"1111111111111111","SKJS":"熊焱冰","ISTK":0,"ZCMC":"1-16周","YPSJDD":"1-16周 星期三 第3节-第4节 南湖南-博学北楼-511","XF":2,"SKXQ":3,"XNXQDM":"2024-2025-2","KCM":"中国传统文化与经典导读","JASDM":"0202010511","JXLDM":"020201","JXBID":"20242-12906","SKBJ":"公选-12906","TYXMDM":"11","KCH":"10201117102"},{"KKDWDM":"020","XS":32,"BYBZ":"0","JSJC":2,"XXXQDM":"02","KXH":"03","KSJC":1,"XKZRS":35,"SKZC":"1111111111111111","SKJS":"熊焱冰","ISTK":0,"ZCMC":"1-16周","YPSJDD":"1-16周 星期三 第1节-第2节 南湖南-博学北楼-511","XF":2,"SKXQ":3,"XNXQDM":"2024-2025-2","KCM":"中国传统文化与经典导读","JASDM":"0202010511","JXLDM":"020201","JXBID":"20242-12889","SKBJ":"公选-12889","TYXMDM":"11","KCH":"10201117102"},{"KKDWDM":"020","XS":48,"BYBZ":"0","JSJC":2,"XXXQDM":"02","KXH":"02","KSJC":1,"XKZRS":34,"SKZC":"111111111100000000000000000000","SKJS":"叶静","ISTK":0,"ZCMC":"1-10周","YPSJDD":"16-17周 星期一 第1节-第2节 南湖南-博学北楼-511,12-14周 星期一 第1节-第2节 南湖南-博学北楼-511,1-10周 星期一 第1节-第2节 南湖南-博学北楼-511,17周 星期二 第1节-第2节 南湖南-博学北楼-511","XF":2,"SKXQ":1,"XNXQDM":"2024-2025-2","KCM":"美国历史与文化","JASDM":"0202010511","JXLDM":"020201","JXBID":"20242-12820","SKBJ":"公选-12820","TYXMDM":"11","KCH":"10201117160"},{"KKDWDM":"020","XS":48,"BYBZ":"0","JSJC":4,"XXXQDM":"02","KXH":"04","KSJC":3,"XKZRS":35,"SKZC":"111111111100000000000000000000","SKJS":"叶静","ISTK":0,"ZCMC":"1-10周","YPSJDD":"12-14周 星期一 第3节-第4节 南湖南-博学北楼-511,1-10周 星期一 第3节-第4节 南湖南-博学北楼-511,17周 星期二 第3节-第4节 南湖南-博学北楼-511,16-17周 星期一 第3节-第4节 南湖南-博学北楼-511","XF":2,"SKXQ":1,"XNXQDM":"2024-2025-2","KCM":"美国历史与文化","JASDM":"0202010511","JXLDM":"020201","JXBID":"20242-12838","SKBJ":"公选-12838","TYXMDM":"11","KCH":"10201117160"},{"KKDWDM":"020","XS":32,"BYBZ":"0","JSJC":4,"XXXQDM":"02","KXH":"06","KSJC":3,"XKZRS":33,"SKZC":"111111111000000000000000000000","SKJS":"刘慧苹","ISTK":0,"ZCMC":"1-9周","YPSJDD":"11-17周 星期四 第3节-第4节 南湖南-博学北楼-511,1-9周 星期四 第3节-第4节 南湖南-博学北楼-511","XF":2,"SKXQ":4,"XNXQDM":"2024-2025-2","KCM":"中国传统文化与经典导读","JASDM":"0202010511","JXLDM":"020201","JXBID":"20242-12942","SKBJ":"公选-12942","TYXMDM":"11","KCH":"10201117102"},{"KKDWDM":"020","XS":32,"BYBZ":"0","JSJC":2,"XXXQDM":"02","KXH":"05","KSJC":1,"XKZRS":35,"SKZC":"111111111000000000000000000000","SKJS":"刘慧苹","ISTK":0,"ZCMC":"1-9周","YPSJDD":"1-9周 星期四 第1节-第2节 南湖南-博学北楼-511,11-17周 星期四 第1节-第2节 南湖南-博学北楼-511","XF":2,"SKXQ":4,"XNXQDM":"2024-2025-2","KCM":"中国传统文化与经典导读","JASDM":"0202010511","JXLDM":"020201","JXBID":"20242-12924","SKBJ":"公选-12924","TYXMDM":"11","KCH":"10201117102"},{"KKDWDM":"020","XS":32,"BYBZ":"0","JSJC":2,"XXXQDM":"02","KXH":"07","KSJC":1,"XKZRS":35,"SKZC":"111110000000000000000000000000","SKJS":"刘慧苹","ISTK":0,"ZCMC":"1-5周","YPSJDD":"9周 星期日 第1节-第2节 南湖南-博学北楼-511,17周 星期三 第1节-第2节 南湖南-博学北楼-511,1-5周 星期五 第1节-第2节 南湖南-博学北楼-511,11-16周 星期五 第1节-第2节 南湖南-博学北楼-511,7-9周 星期五 第1节-第2节 南湖南-博学北楼-511","XF":2,"SKXQ":5,"XNXQDM":"2024-2025-2","KCM":"中国传统文化与经典导读","JASDM":"0202010511","JXLDM":"020201","JXBID":"20242-12959","SKBJ":"公选-12959","TYXMDM":"11","KCH":"10201117102"},{"KKDWDM":"020","XS":32,"BYBZ":"0","JSJC":2,"XXXQDM":"02","KXH":"07","KSJC":1,"XKZRS":35,"SKZC":"000000111000000000000000000000","SKJS":"刘慧苹","ISTK":0,"ZCMC":"7-9周","YPSJDD":"9周 星期日 第1节-第2节 南湖南-博学北楼-511,17周 星期三 第1节-第2节 南湖南-博学北楼-511,1-5周 星期五 第1节-第2节 南湖南-博学北楼-511,11-16周 星期五 第1节-第2节 南湖南-博学北楼-511,7-9周 星期五 第1节-第2节 南湖南-博学北楼-511","XF":2,"SKXQ":5,"XNXQDM":"2024-2025-2","KCM":"中国传统文化与经典导读","JASDM":"0202010511","JXLDM":"020201","JXBID":"20242-12959","SKBJ":"公选-12959","TYXMDM":"11","KCH":"10201117102"},{"KKDWDM":"020","XS":32,"BYBZ":"0","JSJC":2,"XXXQDM":"02","KXH":"07","KSJC":1,"XKZRS":35,"SKZC":"000000001000000000000000000000","SKJS":"刘慧苹","ISTK":0,"ZCMC":"9周","YPSJDD":"9周 星期日 第1节-第2节 南湖南-博学北楼-511,17周 星期三 第1节-第2节 南湖南-博学北楼-511,1-5周 星期五 第1节-第2节 南湖南-博学北楼-511,11-16周 星期五 第1节-第2节 南湖南-博学北楼-511,7-9周 星期五 第1节-第2节 南湖南-博学北楼-511","XF":2,"SKXQ":7,"XNXQDM":"2024-2025-2","KCM":"中国传统文化与经典导读","JASDM":"0202010511","JXLDM":"020201","JXBID":"20242-12959","SKBJ":"公选-12959","TYXMDM":"11","KCH":"10201117102"},{"KKDWDM":"020","XS":32,"BYBZ":"0","JSJC":2,"XXXQDM":"02","KXH":"05","KSJC":1,"XKZRS":35,"SKZC":"000000000011111110000000000000","SKJS":"刘慧苹","ISTK":0,"ZCMC":"11-17周","YPSJDD":"1-9周 星期四 第1节-第2节 南湖南-博学北楼-511,11-17周 星期四 第1节-第2节 南湖南-博学北楼-511","XF":2,"SKXQ":4,"XNXQDM":"2024-2025-2","KCM":"中国传统文化与经典导读","JASDM":"0202010511","JXLDM":"020201","JXBID":"20242-12924","SKBJ":"公选-12924","TYXMDM":"11","KCH":"10201117102"},{"KKDWDM":"020","XS":32,"BYBZ":"0","JSJC":4,"XXXQDM":"02","KXH":"06","KSJC":3,"XKZRS":33,"SKZC":"000000000011111110000000000000","SKJS":"刘慧苹","ISTK":0,"ZCMC":"11-17周","YPSJDD":"11-17周 星期四 第3节-第4节 南湖南-博学北楼-511,1-9周 星期四 第3节-第4节 南湖南-博学北楼-511","XF":2,"SKXQ":4,"XNXQDM":"2024-2025-2","KCM":"中国传统文化与经典导读","JASDM":"0202010511","JXLDM":"020201","JXBID":"20242-12942","SKBJ":"公选-12942","TYXMDM":"11","KCH":"10201117102"},{"KKDWDM":"020","XS":32,"BYBZ":"0","JSJC":2,"XXXQDM":"02","KXH":"07","KSJC":1,"XKZRS":35,"SKZC":"000000000011111100000000000000","SKJS":"刘慧苹","ISTK":0,"ZCMC":"11-16周","YPSJDD":"9周 星期日 第1节-第2节 南湖南-博学北楼-511,17周 星期三 第1节-第2节 南湖南-博学北楼-511,1-5周 星期五 第1节-第2节 南湖南-博学北楼-511,11-16周 星期五 第1节-第2节 南湖南-博学北楼-511,7-9周 星期五 第1节-第2节 南湖南-博学北楼-511","XF":2,"SKXQ":5,"XNXQDM":"2024-2025-2","KCM":"中国传统文化与经典导读","JASDM":"0202010511","JXLDM":"020201","JXBID":"20242-12959","SKBJ":"公选-12959","TYXMDM":"11","KCH":"10201117102"},{"KKDWDM":"020","XS":48,"BYBZ":"0","JSJC":4,"XXXQDM":"02","KXH":"04","KSJC":3,"XKZRS":35,"SKZC":"000000000001110000000000000000","SKJS":"叶静","ISTK":0,"ZCMC":"12-14周","YPSJDD":"12-14周 星期一 第3节-第4节 南湖南-博学北楼-511,1-10周 星期一 第3节-第4节 南湖南-博学北楼-511,17周 星期二 第3节-第4节 南湖南-博学北楼-511,16-17周 星期一 第3节-第4节 南湖南-博学北楼-511","XF":2,"SKXQ":1,"XNXQDM":"2024-2025-2","KCM":"美国历史与文化","JASDM":"0202010511","JXLDM":"020201","JXBID":"20242-12838","SKBJ":"公选-12838","TYXMDM":"11","KCH":"10201117160"},{"KKDWDM":"020","XS":48,"BYBZ":"0","JSJC":2,"XXXQDM":"02","KXH":"02","KSJC":1,"XKZRS":34,"SKZC":"000000000001110000000000000000","SKJS":"叶静","ISTK":0,"ZCMC":"12-14周","YPSJDD":"16-17周 星期一 第1节-第2节 南湖南-博学北楼-511,12-14周 星期一 第1节-第2节 南湖南-博学北楼-511,1-10周 星期一 第1节-第2节 南湖南-博学北楼-511,17周 星期二 第1节-第2节 南湖南-博学北楼-511","XF":2,"SKXQ":1,"XNXQDM":"2024-2025-2","KCM":"美国历史与文化","JASDM":"0202010511","JXLDM":"020201","JXBID":"20242-12820","SKBJ":"公选-12820","TYXMDM":"11","KCH":"10201117160"},{"KKDWDM":"020","XS":48,"BYBZ":"0","JSJC":4,"XXXQDM":"02","KXH":"04","KSJC":3,"XKZRS":35,"SKZC":"000000000000000110000000000000","SKJS":"叶静","ISTK":0,"ZCMC":"16-17周","YPSJDD":"12-14周 星期一 第3节-第4节 南湖南-博学北楼-511,1-10周 星期一 第3节-第4节 南湖南-博学北楼-511,17周 星期二 第3节-第4节 南湖南-博学北楼-511,16-17周 星期一 第3节-第4节 南湖南-博学北楼-511","XF":2,"SKXQ":1,"XNXQDM":"2024-2025-2","KCM":"美国历史与文化","JASDM":"0202010511","JXLDM":"020201","JXBID":"20242-12838","SKBJ":"公选-12838","TYXMDM":"11","KCH":"10201117160"},{"KKDWDM":"020","XS":48,"BYBZ":"0","JSJC":2,"XXXQDM":"02","KXH":"02","KSJC":1,"XKZRS":34,"SKZC":"000000000000000110000000000000","SKJS":"叶静","ISTK":0,"ZCMC":"16-17周","YPSJDD":"16-17周 星期一 第1节-第2节 南湖南-博学北楼-511,12-14周 星期一 第1节-第2节 南湖南-博学北楼-511,1-10周 星期一 第1节-第2节 南湖南-博学北楼-511,17周 星期二 第1节-第2节 南湖南-博学北楼-511","XF":2,"SKXQ":1,"XNXQDM":"2024-2025-2","KCM":"美国历史与文化","JASDM":"0202010511","JXLDM":"020201","JXBID":"20242-12820","SKBJ":"公选-12820","TYXMDM":"11","KCH":"10201117160"},{"KKDWDM":"020","XS":48,"BYBZ":"0","JSJC":2,"XXXQDM":"02","KXH":"02","KSJC":1,"XKZRS":34,"SKZC":"000000000000000010000000000000","SKJS":"叶静","ISTK":0,"ZCMC":"17周","YPSJDD":"16-17周 星期一 第1节-第2节 南湖南-博学北楼-511,12-14周 星期一 第1节-第2节 南湖南-博学北楼-511,1-10周 星期一 第1节-第2节 南湖南-博学北楼-511,17周 星期二 第1节-第2节 南湖南-博学北楼-511","XF":2,"SKXQ":2,"XNXQDM":"2024-2025-2","KCM":"美国历史与文化","JASDM":"0202010511","JXLDM":"020201","JXBID":"20242-12820","SKBJ":"公选-12820","TYXMDM":"11","KCH":"10201117160"},{"KKDWDM":"020","XS":48,"BYBZ":"0","JSJC":4,"XXXQDM":"02","KXH":"04","KSJC":3,"XKZRS":35,"SKZC":"000000000000000010000000000000","SKJS":"叶静","ISTK":0,"ZCMC":"17周","YPSJDD":"12-14周 星期一 第3节-第4节 南湖南-博学北楼-511,1-10周 星期一 第3节-第4节 南湖南-博学北楼-511,17周 星期二 第3节-第4节 南湖南-博学北楼-511,16-17周 星期一 第3节-第4节 南湖南-博学北楼-511","XF":2,"SKXQ":2,"XNXQDM":"2024-2025-2","KCM":"美国历史与文化","JASDM":"0202010511","JXLDM":"020201","JXBID":"20242-12838","SKBJ":"公选-12838","TYXMDM":"11","KCH":"10201117160"},{"KKDWDM":"020","XS":32,"BYBZ":"0","JSJC":2,"XXXQDM":"02","KXH":"07","KSJC":1,"XKZRS":35,"SKZC":"000000000000000010000000000000","SKJS":"刘慧苹","ISTK":0,"ZCMC":"17周","YPSJDD":"9周 星期日 第1节-第2节 南湖南-博学北楼-511,17周 星期三 第1节-第2节 南湖南-博学北楼-511,1-5周 星期五 第1节-第2节 南湖南-博学北楼-511,11-16周 星期五 第1节-第2节 南湖南-博学北楼-511,7-9周 星期五 第1节-第2节 南湖南-博学北楼-511","XF":2,"SKXQ":3,"XNXQDM":"2024-2025-2","KCM":"中国传统文化与经典导读","JASDM":"0202010511","JXLDM":"020201","JXBID":"20242-12959","SKBJ":"公选-12959","TYXMDM":"11","KCH":"10201117102"},{"KKDWDM":null,"XS":null,"BYBZ":"1","JSJC":5,"XXXQDM":null,"KXH":null,"KSJC":3,"XKZRS":null,"SKZC":"011111111111100000000000000000","SKJS":"雷学会","ISTK":0,"ZCMC":"2-13周","YPSJDD":null,"XF":null,"SKXQ":2,"XNXQDM":"2024-2025-2","KCM":"体育科学研究理论与方法","JASDM":"0202010511","JXLDM":null,"JXBID":null,"SKBJ":null,"TYXMDM":null,"KCH":"40270223001"}]}},"code":"0"}