{"datas":{"jaskcb":{"extParams":{"code":1,"msg":"查询成功"},"pageSize":0,"pageNumber":0,"totalSize":-1,"rows":[{"KKDWDM":"020","XS":32,"BYBZ":"0","JSJC":7,"XXXQDM":"02","KXH":"101","KSJC":6,"XKZRS":35,"SKZC":"1111111111111111","SKJS":"王岚","ISTK":0,"ZCMC":"1-16周","YPSJDD":"1-16周 星期三 第6节-第7节 南湖南-博学北楼-403","XF":2,"SKXQ":3,"XNXQDM":"2024-2025-2","KCM":"大学英语3","JASDM":"0202010403","JXLDM":"020201","JXBID":"20242-12735","SKBJ":"公选-12735","TYXMDM":"11","KCH":"10201121072"},{"KKDWDM":"020","XS":32,"BYBZ":"0","JSJC":7,"XXXQDM":"02","KXH":"98","KSJC":6,"XKZRS":35,"SKZC":"1111111111111111","SKJS":"王永红","ISTK":0,"ZCMC":"1-16周","YPSJDD":"1-16周 星期二 第6节-第7节 南湖南-博学北楼-403","XF":2,"SKXQ":2,"XNXQDM":"2024-2025-2","KCM":"大学英语3","JASDM":"0202010403","JXLDM":"020201","JXBID":"20242-12729","SKBJ":"公选-12729","TYXMDM":"11","KCH":"10201121072"},{"KKDWDM":"020","XS":32,"BYBZ":"0","JSJC":4,"XXXQDM":"02","KXH":"50","KSJC":3,"XKZRS":35,"SKZC":"1111111111111111","SKJS":"李明菲","ISTK":0,"ZCMC":"1-16周","YPSJDD":"1-16周 星期三 第3节-第4节 南湖南-博学北楼-403","XF":2,"SKXQ":3,"XNXQDM":"2024-2025-2","KCM":"大学英语3","JASDM":"0202010403","JXLDM":"020201","JXBID":"20242-12639","SKBJ":"公选-12639","TYXMDM":"11","KCH":"10201121072"},{"KKDWDM":"020","XS":32,"BYBZ":"0","JSJC":2,"XXXQDM":"02","KXH":"41","KSJC":1,"XKZRS":35,"SKZC":"1111111111111111","SKJS":"李明菲","ISTK":0,"ZCMC":"1-16周","YPSJDD":"1-16周 星期三 第1节-第2节 南湖南-博学北楼-403","XF":2,"SKXQ":3,"XNXQDM":"2024-2025-2","KCM":"大学英语3","JASDM":"0202010403","JXLDM":"020201","JXBID":"20242-12621","SKBJ":"公选-12621","TYXMDM":"11","KCH":"10201121072"},{"KKDWDM":"020","XS":32,"BYBZ":"0","JSJC":2,"XXXQDM":"02","KXH":"23","KSJC":1,"XKZRS":35,"SKZC":"1111111111111111","SKJS":"王永红","ISTK":0,"ZCMC":"1-16周","YPSJDD":"1-16周 星期二 第1节-第2节 南湖南-博学北楼-403","XF":2,"SKXQ":2,"XNXQDM":"2024-2025-2","KCM":"大学英语3","JASDM":"0202010403","JXLDM":"020201","JXBID":"20242-12585","SKBJ":"公选-12585","TYXMDM":"11","KCH":"10201121072"},{"KKDWDM":"020","XS":32,"BYBZ":"0","JSJC":4,"XXXQDM":"02","KXH":"32","KSJC":3,"XKZRS":30,"SKZC":"1111111111111111","SKJS":"王永红","ISTK":0,"ZCMC":"1-16周","YPSJDD":"1-16周 星期二 第3节-第4节 南湖南-博学北楼-403","XF":2,"SKXQ":2,"XNXQDM":"2024-2025-2","KCM":"大学英语3","JASDM":"0202010403","JXLDM":"020201","JXBID":"20242-12603","SKBJ":"公选-12603","TYXMDM":"11","KCH":"10201121072"},{"KKDWDM":"020","XS":32,"BYBZ":"0","JSJC":2,"XXXQDM":"02","KXH":"05","KSJC":1,"XKZRS":35,"SKZC":"111111111100000000000000000000","SKJS":"王永红","ISTK":0,"ZCMC":"1-10周","YPSJDD":"12-14周 星期一 第1节-第2节 南湖南-博学北楼-403,17周 星期二 第1节-第2节 南湖南-博学北楼-403,16-17周 星期一 第1节-第2节 南湖南-博学北楼-403,1-10周 星期一 第1节-第2节 南湖南-博学北楼-403","XF":2,"SKXQ":1,"XNXQDM":"2024-2025-2","KCM":"大学英语3","JASDM":"0202010403","JXLDM":"020201","JXBID":"20242-12549","SKBJ":"公选-12549","TYXMDM":"11","KCH":"10201121072"},{"KKDWDM":"020","XS":32,"BYBZ":"0","JSJC":4,"XXXQDM":"02","KXH":"14","KSJC":3,"XKZRS":35,"SKZC":"111111111100000000000000000000","SKJS":"王永红","ISTK":0,"ZCMC":"1-10周","YPSJDD":"17周 星期二 第3节-第4节 南湖南-博学北楼-403,16-17周 星期一 第3节-第4节 南湖南-博学北楼-403,12-14周 星期一 第3节-第4节 南湖南-博学北楼-403,1-10周 星期一 第3节-第4节 南湖南-博学北楼-403","XF":2,"SKXQ":1,"XNXQDM":"2024-2025-2","KCM":"大学英语3","JASDM":"0202010403","JXLDM":"020201","JXBID":"20242-12567","SKBJ":"公选-12567","TYXMDM":"11","KCH":"10201121072"},{"KKDWDM":"020","XS":32,"BYBZ":"0","JSJC":7,"XXXQDM":"02","KXH":"95","KSJC":6,"XKZRS":36,"SKZC":"111111111100000000000000000000","SKJS":"王永红","ISTK":0,"ZCMC":"1-10周","YPSJDD":"17周 星期二 第6节-第7节 南湖南-博学北楼-403,16-17周 星期一 第6节-第7节 南湖南-博学北楼-403,1-10周 星期一 第6节-第7节 南湖南-博学北楼-403,12-14周 星期一 第6节-第7节 南湖南-博学北楼-403","XF":2,"SKXQ":1,"XNXQDM":"2024-2025-2","KCM":"大学英语3","JASDM":"0202010403","JXLDM":"020201","JXBID":"20242-12723","SKBJ":"公选-12723","TYXMDM":"11","KCH":"10201121072"},{"KKDWDM":"020","XS":32,"BYBZ":"0","JSJC":4,"XXXQDM":"02","KXH":"68","KSJC":3,"XKZRS":35,"SKZC":"111111111000000000000000000000","SKJS":"余勤","ISTK":0,"ZCMC":"1-9周","YPSJDD":"11-17周 星期四 第3节-第4节 南湖南-博学北楼-403,1-9周 星期四 第3节-第4节 南湖南-博学北楼-403","XF":2,"SKXQ":4,"XNXQDM":"2024-2025-2","KCM":"大学英语3","JASDM":"0202010403","JXLDM":"020201","JXBID":"20242-12675","SKBJ":"公选-12675","TYXMDM":"11","KCH":"10201121072"},{"KKDWDM":"020","XS":32,"BYBZ":"0","JSJC":2,"XXXQDM":"02","KXH":"59","KSJC":1,"XKZRS":37,"SKZC":"111111111000000000000000000000","SKJS":"余勤","ISTK":0,"ZCMC":"1-9周","YPSJDD":"1-9周 星期四 第1节-第2节 南湖南-博学北楼-403,11-17周 星期四 第1节-第2节 南湖南-博学北楼-403","XF":2,"SKXQ":4,"XNXQDM":"2024-2025-2","KCM":"大学英语3","JASDM":"0202010403","JXLDM":"020201","JXBID":"20242-12657","SKBJ":"公选-12657","TYXMDM":"11","KCH":"10201121072"},{"KKDWDM":"020","XS":32,"BYBZ":"0","JSJC":2,"XXXQDM":"02","KXH":"77","KSJC":1,"XKZRS":36,"SKZC":"111110000000000000000000000000","SKJS":"余勤","ISTK":0,"ZCMC":"1-5周","YPSJDD":"9周 星期日 第1节-第2节 南湖南-博学北楼-403,7-9周 星期五 第1节-第2节 南湖南-博学北楼-403,11-16周 星期五 第1节-第2节 南湖南-博学北楼-403,1-5周 星期五 第1节-第2节 南湖南-博学北楼-403,17周 星期三 第1节-第2节 南湖南-博学北楼-403","XF":2,"SKXQ":5,"XNXQDM":"2024-2025-2","KCM":"大学英语3","JASDM":"0202010403","JXLDM":"020201","JXBID":"20242-12692","SKBJ":"公选-12692","TYXMDM":"11","KCH":"10201121072"},{"KKDWDM":"020","XS":32,"BYBZ":"0","JSJC":4,"XXXQDM":"02","KXH":"86","KSJC":3,"XKZRS":35,"SKZC":"111110000000000000000000000000","SKJS":"余勤","ISTK":0,"ZCMC":"1-5周","YPSJDD":"1-5周 星期五 第3节-第4节 南湖南-博学北楼-403,11-16周 星期五 第3节-第4节 南湖南-博学北楼-403,7-9周 星期五 第3节-第4节 南湖南-博学北楼-403,9周 星期日 第3节-第4节 南湖南-博学北楼-403,17周 星期三 第3节-第4节 南湖南-博学北楼-403","XF":2,"SKXQ":5,"XNXQDM":"2024-2025-2","KCM":"大学英语3","JASDM":"0202010403","JXLDM":"020201","JXBID":"20242-12709","SKBJ":"公选-12709","TYXMDM":"11","KCH":"10201121072"},{"KKDWDM":"020","XS":32,"BYBZ":"0","JSJC":4,"XXXQDM":"02","KXH":"86","KSJC":3,"XKZRS":35,"SKZC":"000000111000000000000000000000","SKJS":"余勤","ISTK":0,"ZCMC":"7-9周","YPSJDD":"1-5周 星期五 第3节-第4节 南湖南-博学北楼-403,11-16周 星期五 第3节-第4节 南湖南-博学北楼-403,7-9周 星期五 第3节-第4节 南湖南-博学北楼-403,9周 星期日 第3节-第4节 南湖南-博学北楼-403,17周 星期三 第3节-第4节 南湖南-博学北楼-403","XF":2,"SKXQ":5,"XNXQDM":"2024-2025-2","KCM":"大学英语3","JASDM":"0202010403","JXLDM":"020201","JXBID":"20242-12709","SKBJ":"公选-12709","TYXMDM":"11","KCH":"10201121072"},{"KKDWDM":"020","XS":32,"BYBZ":"0","JSJC":2,"XXXQDM":"02","KXH":"77","KSJC":1,"XKZRS":36,"SKZC":"000000111000000000000000000000","SKJS":"余勤","ISTK":0,"ZCMC":"7-9周","YPSJDD":"9周 星期日 第1节-第2节 南湖南-博学北楼-403,7-9周 星期五 第1节-第2节 南湖南-博学北楼-403,11-16周 星期五 第1节-第2节 南湖南-博学北楼-403,1-5周 星期五 第1节-第2节 南湖南-博学北楼-403,17周 星期三 第1节-第2节 南湖南-博学北楼-403","XF":2,"SKXQ":5,"XNXQDM":"2024-2025-2","KCM":"大学英语3","JASDM":"0202010403","JXLDM":"020201","JXBID":"20242-12692","SKBJ":"公选-12692","TYXMDM":"11","KCH":"10201121072"},{"KKDWDM":"020","XS":32,"BYBZ":"0","JSJC":2,"XXXQDM":"02","KXH":"77","KSJC":1,"XKZRS":36,"SKZC":"000000001000000000000000000000","SKJS":"余勤","ISTK":0,"ZCMC":"9周","YPSJDD":"9周 星期日 第1节-第2节 南湖南-博学北楼-403,7-9周 星期五 第1节-第2节 南湖南-博学北楼-403,11-16周 星期五 第1节-第2节 南湖南-博学北楼-403,1-5周 星期五 第1节-第2节 南湖南-博学北楼-403,17周 星期三 第1节-第2节 南湖南-博学北楼-403","XF":2,"SKXQ":7,"XNXQDM":"2024-2025-2","KCM":"大学英语3","JASDM":"0202010403","JXLDM":"020201","JXBID":"20242-12692","SKBJ":"公选-12692","TYXMDM":"11","KCH":"10201121072"},{"KKDWDM":"020","XS":32,"BYBZ":"0","JSJC":4,"XXXQDM":"02","KXH":"86","KSJC":3,"XKZRS":35,"SKZC":"000000001000000000000000000000","SKJS":"余勤","ISTK":0,"ZCMC":"9周","YPSJDD":"1-5周 星期五 第3节-第4节 南湖南-博学北楼-403,11-16周 星期五 第3节-第4节 南湖南-博学北楼-403,7-9周 星期五 第3节-第4节 南湖南-博学北楼-403,9周 星期日 第3节-第4节 南湖南-博学北楼-403,17周 星期三 第3节-第4节 南湖南-博学北楼-403","XF":2,"SKXQ":7,"XNXQDM":"2024-2025-2","KCM":"大学英语3","JASDM":"0202010403","JXLDM":"020201","JXBID":"20242-12709","SKBJ":"公选-12709","TYXMDM":"11","KCH":"10201121072"},{"KKDWDM":"020","XS":32,"BYBZ":"0","JSJC":2,"XXXQDM":"02","KXH":"59","KSJC":1,"XKZRS":37,"SKZC":"000000000011111110000000000000","SKJS":"余勤","ISTK":0,"ZCMC":"11-17周","YPSJDD":"1-9周 星期四 第1节-第2节 南湖南-博学北楼-403,11-17周 星期四 第1节-第2节 南湖南-博学北楼-403","XF":2,"SKXQ":4,"XNXQDM":"2024-2025-2","KCM":"大学英语3","JASDM":"0202010403","JXLDM":"020201","JXBID":"20242-12657","SKBJ":"公选-12657","TYXMDM":"11","KCH":"10201121072"},{"KKDWDM":"020","XS":32,"BYBZ":"0","JSJC":4,"XXXQDM":"02","KXH":"68","KSJC":3,"XKZRS":35,"SKZC":"000000000011111110000000000000","SKJS":"余勤","ISTK":0,"ZCMC":"11-17周","YPSJDD":"11-17周 星期四 第3节-第4节 南湖南-博学北楼-403,1-9周 星期四 第3节-第4节 南湖南-博学北楼-403","XF":2,"SKXQ":4,"XNXQDM":"2024-2025-2","KCM":"大学英语3","JASDM":"0202010403","JXLDM":"020201","JXBID":"20242-12675","SKBJ":"公选-12675","TYXMDM":"11","KCH":"10201121072"},{"KKDWDM":"020","XS":32,"BYBZ":"0","JSJC":2,"XXXQDM":"02","KXH":"77","KSJC":1,"XKZRS":36,"SKZC":"000000000011111100000000000000","SKJS":"余勤","ISTK":0,"ZCMC":"11-16周","YPSJDD":"9周 星期日 第1节-第2节 南湖南-博学北楼-403,7-9周 星期五 第1节-第2节 南湖南-博学北楼-403,11-16周 星期五 第1节-第2节 南湖南-博学北楼-403,1-5周 星期五 第1节-第2节 南湖南-博学北楼-403,17周 星期三 第1节-第2节 南湖南-博学北楼-403","XF":2,"SKXQ":5,"XNXQDM":"2024-2025-2","KCM":"大学英语3","JASDM":"0202010403","JXLDM":"020201","JXBID":"20242-12692","SKBJ":"公选-12692","TYXMDM":"11","KCH":"10201121072"},{"KKDWDM":"020","XS":32,"BYBZ":"0","JSJC":4,"XXXQDM":"02","KXH":"86","KSJC":3,"XKZRS":35,"SKZC":"000000000011111100000000000000","SKJS":"余勤","ISTK":0,"ZCMC":"11-16周","YPSJDD":"1-5周 星期五 第3节-第4节 南湖南-博学北楼-403,11-16周 星期五 第3节-第4节 南湖南-博学北楼-403,7-9周 星期五 第3节-第4节 南湖南-博学北楼-403,9周 星期日 第3节-第4节 南湖南-博学北楼-403,17周 星期三 第3节-第4节 南湖南-博学北楼-403","XF":2,"SKXQ":5,"XNXQDM":"2024-2025-2","KCM":"大学英语3","JASDM":"0202010403","JXLDM":"020201","JXBID":"20242-12709","SKBJ":"公选-12709","TYXMDM":"11","KCH":"10201121072"},{"KKDWDM":"020","XS":32,"BYBZ":"0","JSJC":7,"XXXQDM":"02","KXH":"95","KSJC":6,"XKZRS":36,"SKZC":"000000000001110000000000000000","SKJS":"王永红","ISTK":0,"ZCMC":"12-14周","YPSJDD":"17周 星期二 第6节-第7节 南湖南-博学北楼-403,16-17周 星期一 第6节-第7节 南湖南-博学北楼-403,1-10周 星期一 第6节-第7节 南湖南-博学北楼-403,12-14周 星期一 第6节-第7节 南湖南-博学北楼-403","XF":2,"SKXQ":1,"XNXQDM":"2024-2025-2","KCM":"大学英语3","JASDM":"0202010403","JXLDM":"020201","JXBID":"20242-12723","SKBJ":"公选-12723","TYXMDM":"11","KCH":"10201121072"},{"KKDWDM":"020","XS":32,"BYBZ":"0","JSJC":2,"XXXQDM":"02","KXH":"05","KSJC":1,"XKZRS":35,"SKZC":"000000000001110000000000000000","SKJS":"王永红","ISTK":0,"ZCMC":"12-14周","YPSJDD":"12-14周 星期一 第1节-第2节 南湖南-博学北楼-403,17周 星期二 第1节-第2节 南湖南-博学北楼-403,16-17周 星期一 第1节-第2节 南湖南-博学北楼-403,1-10周 星期一 第1节-第2节 南湖南-博学北楼-403","XF":2,"SKXQ":1,"XNXQDM":"2024-2025-2","KCM":"大学英语3","JASDM":"0202010403","JXLDM":"020201","JXBID":"20242-12549","SKBJ":"公选-12549","TYXMDM":"11","KCH":"10201121072"},{"KKDWDM":"020","XS":32,"BYBZ":"0","JSJC":4,"XXXQDM":"02","KXH":"14","KSJC":3,"XKZRS":35,"SKZC":"000000000001110000000000000000","SKJS":"王永红","ISTK":0,"ZCMC":"12-14周","YPSJDD":"17周 星期二 第3节-第4节 南湖南-博学北楼-403,16-17周 星期一 第3节-第4节 南湖南-博学北楼-403,12-14周 星期一 第3节-第4节 南湖南-博学北楼-403,1-10周 星期一 第3节-第4节 南湖南-博学北楼-403","XF":2,"SKXQ":1,"XNXQDM":"2024-2025-2","KCM":"大学英语3","JASDM":"0202010403","JXLDM":"020201","JXBID":"20242-12567","SKBJ":"公选-12567","TYXMDM":"11","KCH":"10201121072"},{"KKDWDM":"020","XS":32,"BYBZ":"0","JSJC":2,"XXXQDM":"02","KXH":"05","KSJC":1,"XKZRS":35,"SKZC":"000000000000000110000000000000","SKJS":"王永红","ISTK":0,"ZCMC":"16-17周","YPSJDD":"12-14周 星期一 第1节-第2节 南湖南-博学北楼-403,17周 星期二 第1节-第2节 南湖南-博学北楼-403,16-17周 星期一 第1节-第2节 南湖南-博学北楼-403,1-10周 星期一 第1节-第2节 南湖南-博学北楼-403","XF":2,"SKXQ":1,"XNXQDM":"2024-2025-2","KCM":"大学英语3","JASDM":"0202010403","JXLDM":"020201","JXBID":"20242-12549","SKBJ":"公选-12549","TYXMDM":"11","KCH":"10201121072"},{"KKDWDM":"020","XS":32,"BYBZ":"0","JSJC":7,"XXXQDM":"02","KXH":"95","KSJC":6,"XKZRS":36,"SKZC":"000000000000000110000000000000","SKJS":"王永红","ISTK":0,"ZCMC":"16-17周","YPSJDD":"17周 星期二 第6节-第7节 南湖南-博学北楼-403,16-17周 星期一 第6节-第7节 南湖南-博学北楼-403,1-10周 星期一 第6节-第7节 南湖南-博学北楼-403,12-14周 星期一 第6节-第7节 南湖南-博学北楼-403","XF":2,"SKXQ":1,"XNXQDM":"2024-2025-2","KCM":"大学英语3","JASDM":"0202010403","JXLDM":"020201","JXBID":"20242-12723","SKBJ":"公选-12723","TYXMDM":"11","KCH":"10201121072"},{"KKDWDM":"020","XS":32,"BYBZ":"0","JSJC":4,"XXXQDM":"02","KXH":"14","KSJC":3,"XKZRS":35,"SKZC":"000000000000000110000000000000","SKJS":"王永红","ISTK":0,"ZCMC":"16-17周","YPSJDD":"17周 星期二 第3节-第4节 南湖南-博学北楼-403,16-17周 星期一 第3节-第4节 南湖南-博学北楼-403,12-14周 星期一 第3节-第4节 南湖南-博学北楼-403,1-10周 星期一 第3节-第4节 南湖南-博学北楼-403","XF":2,"SKXQ":1,"XNXQDM":"2024-2025-2","KCM":"大学英语3","JASDM":"0202010403","JXLDM":"020201","JXBID":"20242-12567","SKBJ":"公选-12567","TYXMDM":"11","KCH":"10201121072"},{"KKDWDM":"020","XS":32,"BYBZ":"0","JSJC":4,"XXXQDM":"02","KXH":"86","KSJC":3,"XKZRS":35,"SKZC":"000000000000000010000000000000","SKJS":"余勤","ISTK":0,"ZCMC":"17周","YPSJDD":"1-5周 星期五 第3节-第4节 南湖南-博学北楼-403,11-16周 星期五 第3节-第4节 南湖南-博学北楼-403,7-9周 星期五 第3节-第4节 南湖南-博学北楼-403,9周 星期日 第3节-第4节 南湖南-博学北楼-403,17周 星期三 第3节-第4节 南湖南-博学北楼-403","XF":2,"SKXQ":3,"XNXQDM":"2024-2025-2","KCM":"大学英语3","JASDM":"0202010403","JXLDM":"020201","JXBID":"20242-12709","SKBJ":"公选-12709","TYXMDM":"11","KCH":"10201121072"},{"KKDWDM":"020","XS":32,"BYBZ":"0","JSJC":7,"XXXQDM":"02","KXH":"95","KSJC":6,"XKZRS":36,"SKZC":"000000000000000010000000000000","SKJS":"王永红","ISTK":0,"ZCMC":"17周","YPSJDD":"17周 星期二 第6节-第7节 南湖南-博学北楼-403,16-17周 星期一 第6节-第7节 南湖南-博学北楼-403,1-10周 星期一 第6节-第7节 南湖南-博学北楼-403,12-14周 星期一 第6节-第7节 南湖南-博学北楼-403","XF":2,"SKXQ":2,"XNXQDM":"2024-2025-2","KCM":"大学英语3","JASDM":"0202010403","JXLDM":"020201","JXBID":"20242-12723","SKBJ":"公选-12723","TYXMDM":"11","KCH":"10201121072"},{"KKDWDM":"020","XS":32,"BYBZ":"0","JSJC":2,"XXXQDM":"02","KXH":"77","KSJC":1,"XKZRS":36,"SKZC":"000000000000000010000000000000","SKJS":"余勤","ISTK":0,"ZCMC":"17周","YPSJDD":"9周 星期日 第1节-第2节 南湖南-博学北楼-403,7-9周 星期五 第1节-第2节 南湖南-博学北楼-403,11-16周 星期五 第1节-第2节 南湖南-博学北楼-403,1-5周 星期五 第1节-第2节 南湖南-博学北楼-403,17周 星期三 第1节-第2节 南湖南-博学北楼-403","XF":2,"SKXQ":3,"XNXQDM":"2024-2025-2","KCM":"大学英语3","JASDM":"0202010403","JXLDM":"020201","JXBID":"20242-12692","SKBJ":"公选-12692","TYXMDM":"11","KCH":"10201121072"},{"KKDWDM":"020","XS":32,"BYBZ":"0","JSJC":2,"XXXQDM":"02","KXH":"05","KSJC":1,"XKZRS":35,"SKZC":"000000000000000010000000000000","SKJS":"王永红","ISTK":0,"ZCMC":"17周","YPSJDD":"12-14周 星期一 第1节-第2节 南湖南-博学北楼-403,17周 星期二 第1节-第2节 南湖南-博学北楼-403,16-17周 星期一 第1节-第2节 南湖南-博学北楼-403,1-10周 星期一 第1节-第2节 南湖南-博学北楼-403","XF":2,"SKXQ":2,"XNXQDM":"2024-2025-2","KCM":"大学英语3","JASDM":"0202010403","JXLDM":"020201","JXBID":"20242-12549","SKBJ":"公选-12549","TYXMDM":"11","KCH":"10201121072"},{"KKDWDM":"020","XS":32,"BYBZ":"0","JSJC":4,"XXXQDM":"02","KXH":"14","KSJC":3,"XKZRS":35,"SKZC":"000000000000000010000000000000","SKJS":"王永红","ISTK":0,"ZCMC":"17周","YPSJDD":"17周 星期二 第3节-第4节 南湖南-博学北楼-403,16-17周 星期一 第3节-第4节 南湖南-博学北楼-403,12-14周 星期一 第3节-第4节 南湖南-博学北楼-403,1-10周 星期一 第3节-第4节 南湖南-博学北楼-403","XF":2,"SKXQ":2,"XNXQDM":"2024-2025-2","KCM":"大学英语3","JASDM":"0202010403","JXLDM":"020201","JXBID":"20242-12567","SKBJ":"公选-12567","TYXMDM":"11","KCH":"10201121072"}]}},"code":"0"}