{"datas":{"jaskcb":{"extParams":{"code":1,"msg":"查询成功"},"pageSize":0,"pageNumber":0,"totalSize":-1,"rows":[{"KKDWDM":"013","XS":64,"BYBZ":"0","JSJC":7,"XXXQDM":"02","KXH":"12","KSJC":6,"XKZRS":122,"SKZC":"111111111111110000000000000000","SKJS":"林伟","ISTK":0,"ZCMC":"1-14周","YPSJDD":"11-14周 星期五 第3节-第4节 南湖南-博学东楼-409,9周 星期日 第3节-第4节 南湖南-博学东楼-409,7-9周 星期五 第3节-第4节 南湖南-博学东楼-409,1-5周 星期五 第3节-第4节 南湖南-博学东楼-409,1-14周 星期二 第6节-第7节 南湖南-博学东楼-409","XF":4,"SKXQ":2,"XNXQDM":"2024-2025-2","KCM":"电工与电子技术基础B","JASDM":"0202020409","JXLDM":"020202","JXBID":"20242-06806","SKBJ":"机械2304-05,机械zy2301","TYXMDM":null,"KCH":"10133121096"},{"KKDWDM":"016","XS":40,"BYBZ":"0","JSJC":5,"XXXQDM":"02","KXH":"03","KSJC":3,"XKZRS":107,"SKZC":"111111111111000000000000","SKJS":"吴迪","ISTK":0,"ZCMC":"1-12周","YPSJDD":"13-14周 星期三 第3节-第4节 南湖南-博学东楼-409,1-12周 星期三 第3节-第5节 南湖南-博学东楼-409","XF":2,"SKXQ":3,"XNXQDM":"2024-2025-2","KCM":"有机化学B2","JASDM":"0202020409","JXLDM":"020202","JXBID":"20242-05706","SKBJ":"化工zy2301-03","TYXMDM":null,"KCH":"10164117067"},{"KKDWDM":"021","XS":36,"BYBZ":"0","JSJC":5,"XXXQDM":"02","KXH":"75","KSJC":3,"XKZRS":102,"SKZC":"111111111111","SKJS":"张奇","ISTK":0,"ZCMC":"1-12周","YPSJDD":"1-12周 星期二 第3节-第5节 南湖南-博学东楼-409","XF":2,"SKXQ":2,"XNXQDM":"2024-2025-2","KCM":"习近平新时代中国特色社会主义思想概论","JASDM":"0202020409","JXLDM":"020202","JXBID":"20242-04946","SKBJ":"生物2301,营销2301-02","TYXMDM":null,"KCH":"10211121033"},{"KKDWDM":"021","XS":42,"BYBZ":"0","JSJC":8,"XXXQDM":"02","KXH":"28","KSJC":6,"XKZRS":109,"SKZC":"111111111100000000000000000000","SKJS":"杨海波","ISTK":0,"ZCMC":"1-10周","YPSJDD":"16周 星期一 第6节-第8节 南湖南-博学东楼-409,1-10周 星期一 第6节-第8节 南湖南-博学东楼-409,12-14周 星期一 第6节-第8节 南湖南-博学东楼-409","XF":2,"SKXQ":1,"XNXQDM":"2024-2025-2","KCM":"马克思主义基本原理","JASDM":"0202020409","JXLDM":"020202","JXBID":"20242-12177","SKBJ":"人力2301-02,金融2301","TYXMDM":null,"KCH":"10211117035"},{"KKDWDM":"008","XS":56,"BYBZ":"0","JSJC":4,"XXXQDM":"02","KXH":"03","KSJC":3,"XKZRS":90,"SKZC":"111111111100000000000000000000","SKJS":"毛娅","ISTK":0,"ZCMC":"1-10周","YPSJDD":"1-9周 星期四 第1节-第2节 南湖南-博学东楼-409,1-10周 星期一 第3节-第4节 南湖南-博学东楼-409,11-14周 星期四 第1节-第2节 南湖南-博学东楼-409,12-14周 星期一 第3节-第4节 南湖南-博学东楼-409","XF":3,"SKXQ":1,"XNXQDM":"2024-2025-2","KCM":"机械原理","JASDM":"0202020409","JXLDM":"020202","JXBID":"20242-11460","SKBJ":"车辆gj2301-02","TYXMDM":null,"KCH":"10115111002"},{"KKDWDM":"022","XS":32,"BYBZ":"0","JSJC":13,"XXXQDM":"02","KXH":"01","KSJC":11,"XKZRS":138,"SKZC":"111111111100000000000000","SKJS":"刘介明,梁本部","ISTK":0,"ZCMC":"1-10周","YPSJDD":"12周 星期一 第11节-第12节 南湖南-博学东楼-409,1-10周 星期一 第11节-第13节 南湖南-博学东楼-409","XF":2,"SKXQ":1,"XNXQDM":"2024-2025-2","KCM":"知识产权风险管理(GX)","JASDM":"0202020409","JXLDM":"020202","JXBID":"20242-08574","SKBJ":"公选-08574","TYXMDM":null,"KCH":"10226224432"},{"KKDWDM":"023","XS":32,"BYBZ":"0","JSJC":13,"XXXQDM":"02","KXH":"01","KSJC":11,"XKZRS":137,"SKZC":"111111111100000000000000","SKJS":"马亚萍","ISTK":0,"ZCMC":"1-10周","YPSJDD":"11周 星期二 第11节-第12节 南湖南-博学东楼-409,1-10周 星期二 第11节-第13节 南湖南-博学东楼-409","XF":2,"SKXQ":2,"XNXQDM":"2024-2025-2","KCM":"人员疏散行为与风险评估(JD)","JASDM":"0202020409","JXLDM":"020202","JXBID":"20242-08723","SKBJ":"公选-08723","TYXMDM":null,"KCH":"10236121158"},{"KKDWDM":"027","XS":32,"BYBZ":"0","JSJC":13,"XXXQDM":"02","KXH":"01","KSJC":11,"XKZRS":140,"SKZC":"111111111100000000000000","SKJS":"朱雄灏","ISTK":0,"ZCMC":"1-10周","YPSJDD":"11周 星期三 第11节-第12节 南湖南-博学东楼-409,1-10周 星期三 第11节-第13节 南湖南-博学东楼-409","XF":2,"SKXQ":3,"XNXQDM":"2024-2025-2","KCM":"现代体育艺术欣赏(GX)","JASDM":"0202020409","JXLDM":"020202","JXBID":"20242-08793","SKBJ":"公选-08793","TYXMDM":null,"KCH":"10272121039"},{"KKDWDM":"021","XS":42,"BYBZ":"0","JSJC":5,"XXXQDM":"02","KXH":"31","KSJC":3,"XKZRS":79,"SKZC":"111111111000000000000000000000","SKJS":"鄢松波","ISTK":0,"ZCMC":"1-9周","YPSJDD":"11-15周 星期四 第3节-第5节 南湖南-博学东楼-409,1-9周 星期四 第3节-第5节 南湖南-博学东楼-409","XF":2,"SKXQ":4,"XNXQDM":"2024-2025-2","KCM":"马克思主义基本原理","JASDM":"0202020409","JXLDM":"020202","JXBID":"20242-12174","SKBJ":"电商2301,软件2301-02","TYXMDM":null,"KCH":"10211117035"},{"KKDWDM":"008","XS":56,"BYBZ":"0","JSJC":2,"XXXQDM":"02","KXH":"03","KSJC":1,"XKZRS":90,"SKZC":"111111111000000000000000000000","SKJS":"毛娅","ISTK":0,"ZCMC":"1-9周","YPSJDD":"1-9周 星期四 第1节-第2节 南湖南-博学东楼-409,1-10周 星期一 第3节-第4节 南湖南-博学东楼-409,11-14周 星期四 第1节-第2节 南湖南-博学东楼-409,12-14周 星期一 第3节-第4节 南湖南-博学东楼-409","XF":3,"SKXQ":4,"XNXQDM":"2024-2025-2","KCM":"机械原理","JASDM":"0202020409","JXLDM":"020202","JXBID":"20242-11460","SKBJ":"车辆gj2301-02","TYXMDM":null,"KCH":"10115111002"},{"KKDWDM":"021","XS":42,"BYBZ":"0","JSJC":8,"XXXQDM":"02","KXH":"37","KSJC":6,"XKZRS":109,"SKZC":"111110000000000000000000000000","SKJS":"程宏燕","ISTK":0,"ZCMC":"1-5周","YPSJDD":"1-5周 星期五 第6节-第8节 南湖南-博学东楼-409,9周 星期日 第6节-第8节 南湖南-博学东楼-409,11-15周 星期五 第6节-第8节 南湖南-博学东楼-409,7-9周 星期五 第6节-第8节 南湖南-博学东楼-409","XF":2,"SKXQ":5,"XNXQDM":"2024-2025-2","KCM":"马克思主义基本原理","JASDM":"0202020409","JXLDM":"020202","JXBID":"20242-12154","SKBJ":"机械2304-05,机械zy2301","TYXMDM":null,"KCH":"10211117035"},{"KKDWDM":"013","XS":64,"BYBZ":"0","JSJC":4,"XXXQDM":"02","KXH":"12","KSJC":3,"XKZRS":122,"SKZC":"111110000000000000000000000000","SKJS":"林伟","ISTK":0,"ZCMC":"1-5周","YPSJDD":"11-14周 星期五 第3节-第4节 南湖南-博学东楼-409,9周 星期日 第3节-第4节 南湖南-博学东楼-409,7-9周 星期五 第3节-第4节 南湖南-博学东楼-409,1-5周 星期五 第3节-第4节 南湖南-博学东楼-409,1-14周 星期二 第6节-第7节 南湖南-博学东楼-409","XF":4,"SKXQ":5,"XNXQDM":"2024-2025-2","KCM":"电工与电子技术基础B","JASDM":"0202020409","JXLDM":"020202","JXBID":"20242-06806","SKBJ":"机械2304-05,机械zy2301","TYXMDM":null,"KCH":"10133121096"},{"KKDWDM":"038","XS":32,"BYBZ":"0","JSJC":7,"XXXQDM":"02","KXH":"04","KSJC":6,"XKZRS":140,"SKZC":"111101111111111100000000000000","SKJS":"卫泽","ISTK":0,"ZCMC":"1-4周,6-16周","YPSJDD":"12周 星期日 第6节-第7节 南湖北-北教三-101,1-4周,6-16周 星期三 第6节-第7节 南湖南-博学东楼-409","XF":2,"SKXQ":3,"XNXQDM":"2024-2025-2","KCM":"军事理论","JASDM":"0202020409","JXLDM":"020202","JXBID":"20242-05954","SKBJ":"计算机类2413-14,软件sy2401","TYXMDM":null,"KCH":"10381121001"},{"KKDWDM":"013","XS":64,"BYBZ":"0","JSJC":4,"XXXQDM":"02","KXH":"12","KSJC":3,"XKZRS":122,"SKZC":"000000111000000000000000000000","SKJS":"林伟","ISTK":0,"ZCMC":"7-9周","YPSJDD":"11-14周 星期五 第3节-第4节 南湖南-博学东楼-409,9周 星期日 第3节-第4节 南湖南-博学东楼-409,7-9周 星期五 第3节-第4节 南湖南-博学东楼-409,1-5周 星期五 第3节-第4节 南湖南-博学东楼-409,1-14周 星期二 第6节-第7节 南湖南-博学东楼-409","XF":4,"SKXQ":5,"XNXQDM":"2024-2025-2","KCM":"电工与电子技术基础B","JASDM":"0202020409","JXLDM":"020202","JXBID":"20242-06806","SKBJ":"机械2304-05,机械zy2301","TYXMDM":null,"KCH":"10133121096"},{"KKDWDM":"021","XS":42,"BYBZ":"0","JSJC":8,"XXXQDM":"02","KXH":"37","KSJC":6,"XKZRS":109,"SKZC":"000000111000000000000000000000","SKJS":"程宏燕","ISTK":0,"ZCMC":"7-9周","YPSJDD":"1-5周 星期五 第6节-第8节 南湖南-博学东楼-409,9周 星期日 第6节-第8节 南湖南-博学东楼-409,11-15周 星期五 第6节-第8节 南湖南-博学东楼-409,7-9周 星期五 第6节-第8节 南湖南-博学东楼-409","XF":2,"SKXQ":5,"XNXQDM":"2024-2025-2","KCM":"马克思主义基本原理","JASDM":"0202020409","JXLDM":"020202","JXBID":"20242-12154","SKBJ":"机械2304-05,机械zy2301","TYXMDM":null,"KCH":"10211117035"},{"KKDWDM":"021","XS":42,"BYBZ":"0","JSJC":8,"XXXQDM":"02","KXH":"37","KSJC":6,"XKZRS":109,"SKZC":"000000001000000000000000000000","SKJS":"程宏燕","ISTK":0,"ZCMC":"9周","YPSJDD":"1-5周 星期五 第6节-第8节 南湖南-博学东楼-409,9周 星期日 第6节-第8节 南湖南-博学东楼-409,11-15周 星期五 第6节-第8节 南湖南-博学东楼-409,7-9周 星期五 第6节-第8节 南湖南-博学东楼-409","XF":2,"SKXQ":7,"XNXQDM":"2024-2025-2","KCM":"马克思主义基本原理","JASDM":"0202020409","JXLDM":"020202","JXBID":"20242-12154","SKBJ":"机械2304-05,机械zy2301","TYXMDM":null,"KCH":"10211117035"},{"KKDWDM":"013","XS":64,"BYBZ":"0","JSJC":4,"XXXQDM":"02","KXH":"12","KSJC":3,"XKZRS":122,"SKZC":"000000001000000000000000000000","SKJS":"林伟","ISTK":0,"ZCMC":"9周","YPSJDD":"11-14周 星期五 第3节-第4节 南湖南-博学东楼-409,9周 星期日 第3节-第4节 南湖南-博学东楼-409,7-9周 星期五 第3节-第4节 南湖南-博学东楼-409,1-5周 星期五 第3节-第4节 南湖南-博学东楼-409,1-14周 星期二 第6节-第7节 南湖南-博学东楼-409","XF":4,"SKXQ":7,"XNXQDM":"2024-2025-2","KCM":"电工与电子技术基础B","JASDM":"0202020409","JXLDM":"020202","JXBID":"20242-06806","SKBJ":"机械2304-05,机械zy2301","TYXMDM":null,"KCH":"10133121096"},{"KKDWDM":"021","XS":42,"BYBZ":"0","JSJC":5,"XXXQDM":"02","KXH":"31","KSJC":3,"XKZRS":79,"SKZC":"000000000011111000000000000000","SKJS":"鄢松波","ISTK":0,"ZCMC":"11-15周","YPSJDD":"11-15周 星期四 第3节-第5节 南湖南-博学东楼-409,1-9周 星期四 第3节-第5节 南湖南-博学东楼-409","XF":2,"SKXQ":4,"XNXQDM":"2024-2025-2","KCM":"马克思主义基本原理","JASDM":"0202020409","JXLDM":"020202","JXBID":"20242-12174","SKBJ":"电商2301,软件2301-02","TYXMDM":null,"KCH":"10211117035"},{"KKDWDM":"021","XS":42,"BYBZ":"0","JSJC":8,"XXXQDM":"02","KXH":"37","KSJC":6,"XKZRS":109,"SKZC":"000000000011111000000000000000","SKJS":"程宏燕","ISTK":0,"ZCMC":"11-15周","YPSJDD":"1-5周 星期五 第6节-第8节 南湖南-博学东楼-409,9周 星期日 第6节-第8节 南湖南-博学东楼-409,11-15周 星期五 第6节-第8节 南湖南-博学东楼-409,7-9周 星期五 第6节-第8节 南湖南-博学东楼-409","XF":2,"SKXQ":5,"XNXQDM":"2024-2025-2","KCM":"马克思主义基本原理","JASDM":"0202020409","JXLDM":"020202","JXBID":"20242-12154","SKBJ":"机械2304-05,机械zy2301","TYXMDM":null,"KCH":"10211117035"},{"KKDWDM":"013","XS":64,"BYBZ":"0","JSJC":4,"XXXQDM":"02","KXH":"12","KSJC":3,"XKZRS":122,"SKZC":"000000000011110000000000000000","SKJS":"林伟","ISTK":0,"ZCMC":"11-14周","YPSJDD":"11-14周 星期五 第3节-第4节 南湖南-博学东楼-409,9周 星期日 第3节-第4节 南湖南-博学东楼-409,7-9周 星期五 第3节-第4节 南湖南-博学东楼-409,1-5周 星期五 第3节-第4节 南湖南-博学东楼-409,1-14周 星期二 第6节-第7节 南湖南-博学东楼-409","XF":4,"SKXQ":5,"XNXQDM":"2024-2025-2","KCM":"电工与电子技术基础B","JASDM":"0202020409","JXLDM":"020202","JXBID":"20242-06806","SKBJ":"机械2304-05,机械zy2301","TYXMDM":null,"KCH":"10133121096"},{"KKDWDM":"008","XS":56,"BYBZ":"0","JSJC":2,"XXXQDM":"02","KXH":"03","KSJC":1,"XKZRS":90,"SKZC":"000000000011110000000000000000","SKJS":"毛娅","ISTK":0,"ZCMC":"11-14周","YPSJDD":"1-9周 星期四 第1节-第2节 南湖南-博学东楼-409,1-10周 星期一 第3节-第4节 南湖南-博学东楼-409,11-14周 星期四 第1节-第2节 南湖南-博学东楼-409,12-14周 星期一 第3节-第4节 南湖南-博学东楼-409","XF":3,"SKXQ":4,"XNXQDM":"2024-2025-2","KCM":"机械原理","JASDM":"0202020409","JXLDM":"020202","JXBID":"20242-11460","SKBJ":"车辆gj2301-02","TYXMDM":null,"KCH":"10115111002"},{"KKDWDM":"027","XS":32,"BYBZ":"0","JSJC":12,"XXXQDM":"02","KXH":"01","KSJC":11,"XKZRS":140,"SKZC":"000000000010000000000000","SKJS":"朱雄灏","ISTK":0,"ZCMC":"11周","YPSJDD":"11周 星期三 第11节-第12节 南湖南-博学东楼-409,1-10周 星期三 第11节-第13节 南湖南-博学东楼-409","XF":2,"SKXQ":3,"XNXQDM":"2024-2025-2","KCM":"现代体育艺术欣赏(GX)","JASDM":"0202020409","JXLDM":"020202","JXBID":"20242-08793","SKBJ":"公选-08793","TYXMDM":null,"KCH":"10272121039"},{"KKDWDM":"023","XS":32,"BYBZ":"0","JSJC":12,"XXXQDM":"02","KXH":"01","KSJC":11,"XKZRS":137,"SKZC":"000000000010000000000000","SKJS":"马亚萍","ISTK":0,"ZCMC":"11周","YPSJDD":"11周 星期二 第11节-第12节 南湖南-博学东楼-409,1-10周 星期二 第11节-第13节 南湖南-博学东楼-409","XF":2,"SKXQ":2,"XNXQDM":"2024-2025-2","KCM":"人员疏散行为与风险评估(JD)","JASDM":"0202020409","JXLDM":"020202","JXBID":"20242-08723","SKBJ":"公选-08723","TYXMDM":null,"KCH":"10236121158"},{"KKDWDM":"008","XS":56,"BYBZ":"0","JSJC":4,"XXXQDM":"02","KXH":"03","KSJC":3,"XKZRS":90,"SKZC":"000000000001110000000000000000","SKJS":"毛娅","ISTK":0,"ZCMC":"12-14周","YPSJDD":"1-9周 星期四 第1节-第2节 南湖南-博学东楼-409,1-10周 星期一 第3节-第4节 南湖南-博学东楼-409,11-14周 星期四 第1节-第2节 南湖南-博学东楼-409,12-14周 星期一 第3节-第4节 南湖南-博学东楼-409","XF":3,"SKXQ":1,"XNXQDM":"2024-2025-2","KCM":"机械原理","JASDM":"0202020409","JXLDM":"020202","JXBID":"20242-11460","SKBJ":"车辆gj2301-02","TYXMDM":null,"KCH":"10115111002"},{"KKDWDM":"021","XS":42,"BYBZ":"0","JSJC":8,"XXXQDM":"02","KXH":"28","KSJC":6,"XKZRS":109,"SKZC":"000000000001110000000000000000","SKJS":"杨海波","ISTK":0,"ZCMC":"12-14周","YPSJDD":"16周 星期一 第6节-第8节 南湖南-博学东楼-409,1-10周 星期一 第6节-第8节 南湖南-博学东楼-409,12-14周 星期一 第6节-第8节 南湖南-博学东楼-409","XF":2,"SKXQ":1,"XNXQDM":"2024-2025-2","KCM":"马克思主义基本原理","JASDM":"0202020409","JXLDM":"020202","JXBID":"20242-12177","SKBJ":"人力2301-02,金融2301","TYXMDM":null,"KCH":"10211117035"},{"KKDWDM":"022","XS":32,"BYBZ":"0","JSJC":12,"XXXQDM":"02","KXH":"01","KSJC":11,"XKZRS":138,"SKZC":"000000000001000000000000","SKJS":"刘介明,梁本部","ISTK":0,"ZCMC":"12周","YPSJDD":"12周 星期一 第11节-第12节 南湖南-博学东楼-409,1-10周 星期一 第11节-第13节 南湖南-博学东楼-409","XF":2,"SKXQ":1,"XNXQDM":"2024-2025-2","KCM":"知识产权风险管理(GX)","JASDM":"0202020409","JXLDM":"020202","JXBID":"20242-08574","SKBJ":"公选-08574","TYXMDM":null,"KCH":"10226224432"},{"KKDWDM":"016","XS":40,"BYBZ":"0","JSJC":4,"XXXQDM":"02","KXH":"03","KSJC":3,"XKZRS":107,"SKZC":"000000000000110000000000","SKJS":"吴迪","ISTK":0,"ZCMC":"13-14周","YPSJDD":"13-14周 星期三 第3节-第4节 南湖南-博学东楼-409,1-12周 星期三 第3节-第5节 南湖南-博学东楼-409","XF":2,"SKXQ":3,"XNXQDM":"2024-2025-2","KCM":"有机化学B2","JASDM":"0202020409","JXLDM":"020202","JXBID":"20242-05706","SKBJ":"化工zy2301-03","TYXMDM":null,"KCH":"10164117067"},{"KKDWDM":"021","XS":42,"BYBZ":"0","JSJC":8,"XXXQDM":"02","KXH":"28","KSJC":6,"XKZRS":109,"SKZC":"000000000000000100000000000000","SKJS":"杨海波","ISTK":0,"ZCMC":"16周","YPSJDD":"16周 星期一 第6节-第8节 南湖南-博学东楼-409,1-10周 星期一 第6节-第8节 南湖南-博学东楼-409,12-14周 星期一 第6节-第8节 南湖南-博学东楼-409","XF":2,"SKXQ":1,"XNXQDM":"2024-2025-2","KCM":"马克思主义基本原理","JASDM":"0202020409","JXLDM":"020202","JXBID":"20242-12177","SKBJ":"人力2301-02,金融2301","TYXMDM":null,"KCH":"10211117035"}]}},"code":"0"}