{"datas":{"jaskcb":{"extParams":{"code":1,"msg":"查询成功"},"pageSize":0,"pageNumber":0,"totalSize":-1,"rows":[{"KKDWDM":null,"XS":null,"BYBZ":"3","JSJC":8,"XXXQDM":null,"KXH":null,"KSJC":6,"XKZRS":null,"SKZC":"111111111111111110000000000000","SKJS":null,"ISTK":0,"ZCMC":"1-17周","YPSJDD":null,"XF":null,"SKXQ":5,"XNXQDM":"2024-2025-2","KCM":"英语写作","JASDM":"0202030301","JXLDM":null,"JXBID":null,"SKBJ":"数媒2403","TYXMDM":null,"KCH":"20241124006"},{"KKDWDM":null,"XS":null,"BYBZ":"3","JSJC":10,"XXXQDM":null,"KXH":null,"KSJC":9,"XKZRS":null,"SKZC":"111111111111111110000000000000","SKJS":null,"ISTK":0,"ZCMC":"1-17周","YPSJDD":null,"XF":null,"SKXQ":5,"XNXQDM":"2024-2025-2","KCM":"英语听力","JASDM":"0202030301","JXLDM":null,"JXBID":null,"SKBJ":"数媒2403","TYXMDM":null,"KCH":"20241124008"},{"KKDWDM":null,"XS":null,"BYBZ":"3","JSJC":4,"XXXQDM":null,"KXH":null,"KSJC":3,"XKZRS":null,"SKZC":"111111111111111110000000000000","SKJS":null,"ISTK":0,"ZCMC":"1-17周","YPSJDD":null,"XF":null,"SKXQ":4,"XNXQDM":"2024-2025-2","KCM":"雅思口语","JASDM":"0202030301","JXLDM":null,"JXBID":null,"SKBJ":"HRM2401","TYXMDM":null,"KCH":"20241124021"},{"KKDWDM":null,"XS":null,"BYBZ":"3","JSJC":4,"XXXQDM":null,"KXH":null,"KSJC":1,"XKZRS":null,"SKZC":"011111111111111110000000000000","SKJS":"覃孟楠","ISTK":0,"ZCMC":"2-17周","YPSJDD":null,"XF":null,"SKXQ":1,"XNXQDM":"2024-2025-2","KCM":"构成原理","JASDM":"0202030301","JXLDM":null,"JXBID":null,"SKBJ":"数媒2401","TYXMDM":null,"KCH":"20243124002"},{"KKDWDM":null,"XS":null,"BYBZ":"3","JSJC":4,"XXXQDM":null,"KXH":null,"KSJC":1,"XKZRS":null,"SKZC":"111111111111111110000000000000","SKJS":"Kateryna,覃孟楠","ISTK":0,"ZCMC":"1-17周","YPSJDD":null,"XF":null,"SKXQ":1,"XNXQDM":"2024-2025-2","KCM":"构成原理","JASDM":"0202030301","JXLDM":null,"JXBID":null,"SKBJ":"数媒2401","TYXMDM":null,"KCH":"20243124002"},{"KKDWDM":null,"XS":null,"BYBZ":"3","JSJC":7,"XXXQDM":null,"KXH":null,"KSJC":6,"XKZRS":null,"SKZC":"000000000111111110000000000000","SKJS":"王小丹","ISTK":0,"ZCMC":"10-17周","YPSJDD":null,"XF":null,"SKXQ":2,"XNXQDM":"2024-2025-2","KCM":"管理学原理","JASDM":"0202030301","JXLDM":null,"JXBID":null,"SKBJ":"A2402","TYXMDM":null,"KCH":"20243124012"}]}},"code":"0"}