{"datas":{"jaskcb":{"extParams":{"code":1,"msg":"查询成功"},"pageSize":0,"pageNumber":0,"totalSize":-1,"rows":[{"KKDWDM":"017","XS":32,"BYBZ":"0","JSJC":2,"XXXQDM":"02","KXH":"02","KSJC":1,"XKZRS":47,"SKZC":"111111111111111100000000","SKJS":"吕顺雷","ISTK":0,"ZCMC":"1-16周","YPSJDD":"1-16周 星期三 第1节-第2节 南湖南-博学东楼-209","XF":2,"SKXQ":3,"XNXQDM":"2024-2025-2","KCM":"公共关系学","JASDM":"0202020209","JXLDM":"020202","JXBID":"20242-02845","SKBJ":"信管2201-03","TYXMDM":null,"KCH":"10175111030"},{"KKDWDM":"038","XS":32,"BYBZ":"0","JSJC":7,"XXXQDM":"02","KXH":"42","KSJC":6,"XKZRS":140,"SKZC":"11111111111111110000","SKJS":"王希征","ISTK":0,"ZCMC":"1-16周","YPSJDD":"1-16周 星期二 第6节-第7节 南湖南-博学东楼-209","XF":2,"SKXQ":2,"XNXQDM":"2024-2025-2","KCM":"军事理论","JASDM":"0202020209","JXLDM":"020202","JXBID":"20242-12118","SKBJ":"经济学类2401-04","TYXMDM":null,"KCH":"10381121001"},{"KKDWDM":"012","XS":56,"BYBZ":"0","JSJC":4,"XXXQDM":"02","KXH":"10","KSJC":3,"XKZRS":140,"SKZC":"111111111111110000000000000000","SKJS":"袁景凌","ISTK":0,"ZCMC":"1-14周","YPSJDD":"11-15周 星期四 第1节-第2节 南湖南-博学东楼-209,1-14周 星期二 第3节-第4节 南湖南-博学东楼-209,1-9周 星期四 第1节-第2节 南湖南-博学东楼-209","XF":3,"SKXQ":2,"XNXQDM":"2024-2025-2","KCM":"离散结构","JASDM":"0202020209","JXLDM":"020202","JXBID":"20242-10908","SKBJ":"计算机类2404-07","TYXMDM":null,"KCH":"10124117071"},{"KKDWDM":"017","XS":40,"BYBZ":"0","JSJC":5,"XXXQDM":"02","KXH":"07","KSJC":3,"XKZRS":101,"SKZC":"111111111111000000000000","SKJS":"洪荭","ISTK":0,"ZCMC":"1-12周","YPSJDD":"13-14周 星期三 第3节-第4节 南湖南-博学东楼-209,1-12周 星期三 第3节-第5节 南湖南-博学东楼-209","XF":2,"SKXQ":3,"XNXQDM":"2024-2025-2","KCM":"会计学","JASDM":"0202020209","JXLDM":"020202","JXBID":"20242-09779","SKBJ":"国贸2301-02,经济学类2405-06","TYXMDM":null,"KCH":"10174121170"},{"KKDWDM":"071","XS":40,"BYBZ":"0","JSJC":5,"XXXQDM":"02","KXH":"28","KSJC":3,"XKZRS":125,"SKZC":"111111111101100000000000","SKJS":"陆济湘","ISTK":0,"ZCMC":"1-10周,12-13周","YPSJDD":"14-16周(双) 星期一 第3节-第4节 南湖南-博学东楼-209,1-10周,12-13周 星期一 第3节-第5节 南湖南-博学东楼-209","XF":2,"SKXQ":1,"XNXQDM":"2024-2025-2","KCM":"线性代数","JASDM":"0202020209","JXLDM":"020202","JXBID":"20242-11745","SKBJ":"经济学类2401-04","TYXMDM":null,"KCH":"10153111001"},{"KKDWDM":"072","XS":48,"BYBZ":"0","JSJC":8,"XXXQDM":"02","KXH":"02","KSJC":6,"XKZRS":75,"SKZC":"111111111100000000000000","SKJS":"张潮","ISTK":0,"ZCMC":"1-10周","YPSJDD":"12周 星期一 第6节-第7节 南湖南-博学东楼-209,1-10周 星期一 第6节-第8节 南湖南-博学东楼-209","XF":3,"SKXQ":1,"XNXQDM":"2024-2025-2","KCM":"大学物理","JASDM":"0202020209","JXLDM":"020202","JXBID":"20242-12267","SKBJ":"生科类2401-03","TYXMDM":null,"KCH":"10153117079"},{"KKDWDM":"059","XS":32,"BYBZ":"0","JSJC":13,"XXXQDM":"02","KXH":"01","KSJC":11,"XKZRS":136,"SKZC":"111111111100000000000000","SKJS":"胡樱","ISTK":0,"ZCMC":"1-10周","YPSJDD":"11周 星期二 第11节-第12节 南湖南-博学东楼-209,1-10周 星期二 第11节-第13节 南湖南-博学东楼-209","XF":2,"SKXQ":2,"XNXQDM":"2024-2025-2","KCM":"信息检索(GX)","JASDM":"0202020209","JXLDM":"020202","JXBID":"20242-09171","SKBJ":"公选-09171","TYXMDM":null,"KCH":"10592121002"},{"KKDWDM":"072","XS":48,"BYBZ":"0","JSJC":8,"XXXQDM":"02","KXH":"01","KSJC":6,"XKZRS":77,"SKZC":"111111111100000000000000","SKJS":"张潮","ISTK":0,"ZCMC":"1-10周","YPSJDD":"11周 星期三 第6节-第7节 南湖南-博学东楼-209,1-10周 星期三 第6节-第8节 南湖南-博学东楼-209","XF":3,"SKXQ":3,"XNXQDM":"2024-2025-2","KCM":"大学物理","JASDM":"0202020209","JXLDM":"020202","JXBID":"20242-06581","SKBJ":"生科类2404-06","TYXMDM":null,"KCH":"10153117079"},{"KKDWDM":"044","XS":32,"BYBZ":"0","JSJC":13,"XXXQDM":"02","KXH":"01","KSJC":11,"XKZRS":140,"SKZC":"111111111100000000000000","SKJS":"詹莉","ISTK":0,"ZCMC":"1-10周","YPSJDD":"11周 星期三 第11节-第12节 南湖南-博学东楼-209,1-10周 星期三 第11节-第13节 南湖南-博学东楼-209","XF":2,"SKXQ":3,"XNXQDM":"2024-2025-2","KCM":"流行音乐鉴赏(GX)","JASDM":"0202020209","JXLDM":"020202","JXBID":"20242-09049","SKBJ":"公选-09049","TYXMDM":null,"KCH":"10442121003"},{"KKDWDM":"017","XS":32,"BYBZ":"0","JSJC":4,"XXXQDM":"02","KXH":"01","KSJC":3,"XKZRS":70,"SKZC":"111111111000000000000000000000","SKJS":"夏德","ISTK":0,"ZCMC":"1-9周","YPSJDD":"11-17周 星期四 第3节-第4节 南湖南-博学东楼-209,1-9周 星期四 第3节-第4节 南湖南-博学东楼-209","XF":2,"SKXQ":4,"XNXQDM":"2024-2025-2","KCM":"市场营销学","JASDM":"0202020209","JXLDM":"020202","JXBID":"20242-06010","SKBJ":"工商类2404-05","TYXMDM":null,"KCH":"10173124428"},{"KKDWDM":"012","XS":56,"BYBZ":"0","JSJC":2,"XXXQDM":"02","KXH":"10","KSJC":1,"XKZRS":140,"SKZC":"111111111000000000000000000000","SKJS":"袁景凌","ISTK":0,"ZCMC":"1-9周","YPSJDD":"11-15周 星期四 第1节-第2节 南湖南-博学东楼-209,1-14周 星期二 第3节-第4节 南湖南-博学东楼-209,1-9周 星期四 第1节-第2节 南湖南-博学东楼-209","XF":3,"SKXQ":4,"XNXQDM":"2024-2025-2","KCM":"离散结构","JASDM":"0202020209","JXLDM":"020202","JXBID":"20242-10908","SKBJ":"计算机类2404-07","TYXMDM":null,"KCH":"10124117071"},{"KKDWDM":"022","XS":24,"BYBZ":"0","JSJC":13,"XXXQDM":"02","KXH":"02","KSJC":11,"XKZRS":140,"SKZC":"111111110000000000000000","SKJS":"张凌云","ISTK":0,"ZCMC":"1-8周","YPSJDD":"1-8周 星期四 第11节-第13节 南湖南-博学东楼-209","XF":1,"SKXQ":4,"XNXQDM":"2024-2025-2","KCM":"考研与留学(GX)","JASDM":"0202020209","JXLDM":"020202","JXBID":"20242-11605","SKBJ":"公选-11605","TYXMDM":null,"KCH":"10222121221"},{"KKDWDM":"016","XS":24,"BYBZ":"0","JSJC":13,"XXXQDM":"02","KXH":"01","KSJC":11,"XKZRS":137,"SKZC":"111111110000000000000000","SKJS":"滕汉兵","ISTK":0,"ZCMC":"1-8周","YPSJDD":"1-8周 星期一 第11节-第13节 南湖南-博学东楼-209","XF":1,"SKXQ":1,"XNXQDM":"2024-2025-2","KCM":"绿色化学与食品安全(GX)","JASDM":"0202020209","JXLDM":"020202","JXBID":"20242-08115","SKBJ":"公选-08115","TYXMDM":null,"KCH":"10162121091"},{"KKDWDM":"038","XS":32,"BYBZ":"0","JSJC":7,"XXXQDM":"02","KXH":"28","KSJC":6,"XKZRS":107,"SKZC":"111110000000000000000000000000","SKJS":"汪平","ISTK":0,"ZCMC":"1-5周","YPSJDD":"11-16周 星期五 第6节-第7节 南湖南-博学东楼-209,9周 星期日 第6节-第7节 南湖南-博学东楼-209,1-5周 星期五 第6节-第7节 南湖南-博学东楼-209,17周 星期三 第6节-第7节 南湖南-博学东楼-209,7-9周 星期五 第6节-第7节 南湖南-博学东楼-209","XF":2,"SKXQ":5,"XNXQDM":"2024-2025-2","KCM":"军事理论","JASDM":"0202020209","JXLDM":"020202","JXBID":"20242-12133","SKBJ":"计算机类2405-08","TYXMDM":null,"KCH":"10381121001"},{"KKDWDM":"021","XS":36,"BYBZ":"0","JSJC":5,"XXXQDM":"02","KXH":"74","KSJC":3,"XKZRS":109,"SKZC":"111110000000000000000000000000","SKJS":"陈哲","ISTK":0,"ZCMC":"1-5周","YPSJDD":"7-9周 星期五 第3节-第5节 南湖南-博学东楼-209,11-13周 星期五 第3节-第5节 南湖南-博学东楼-209,1-5周 星期五 第3节-第5节 南湖南-博学东楼-209,9周 星期日 第3节-第5节 南湖南-博学东楼-209","XF":2,"SKXQ":5,"XNXQDM":"2024-2025-2","KCM":"习近平新时代中国特色社会主义思想概论","JASDM":"0202020209","JXLDM":"020202","JXBID":"20242-04944","SKBJ":"信计2301-02,数学jd2301","TYXMDM":null,"KCH":"10211121033"},{"KKDWDM":"038","XS":32,"BYBZ":"0","JSJC":7,"XXXQDM":"02","KXH":"28","KSJC":6,"XKZRS":107,"SKZC":"000000111000000000000000000000","SKJS":"汪平","ISTK":0,"ZCMC":"7-9周","YPSJDD":"11-16周 星期五 第6节-第7节 南湖南-博学东楼-209,9周 星期日 第6节-第7节 南湖南-博学东楼-209,1-5周 星期五 第6节-第7节 南湖南-博学东楼-209,17周 星期三 第6节-第7节 南湖南-博学东楼-209,7-9周 星期五 第6节-第7节 南湖南-博学东楼-209","XF":2,"SKXQ":5,"XNXQDM":"2024-2025-2","KCM":"军事理论","JASDM":"0202020209","JXLDM":"020202","JXBID":"20242-12133","SKBJ":"计算机类2405-08","TYXMDM":null,"KCH":"10381121001"},{"KKDWDM":"021","XS":36,"BYBZ":"0","JSJC":5,"XXXQDM":"02","KXH":"74","KSJC":3,"XKZRS":109,"SKZC":"000000111000000000000000000000","SKJS":"陈哲","ISTK":0,"ZCMC":"7-9周","YPSJDD":"7-9周 星期五 第3节-第5节 南湖南-博学东楼-209,11-13周 星期五 第3节-第5节 南湖南-博学东楼-209,1-5周 星期五 第3节-第5节 南湖南-博学东楼-209,9周 星期日 第3节-第5节 南湖南-博学东楼-209","XF":2,"SKXQ":5,"XNXQDM":"2024-2025-2","KCM":"习近平新时代中国特色社会主义思想概论","JASDM":"0202020209","JXLDM":"020202","JXBID":"20242-04944","SKBJ":"信计2301-02,数学jd2301","TYXMDM":null,"KCH":"10211121033"},{"KKDWDM":"021","XS":8,"BYBZ":"0","JSJC":10,"XXXQDM":"02","KXH":"589","KSJC":9,"XKZRS":138,"SKZC":"000000011011000000000000","SKJS":"张蔚林","ISTK":0,"ZCMC":"8-9周,11-12周","YPSJDD":"8-9周,11-12周 星期四 第9节-第10节 南湖南-博学东楼-209","XF":0,"SKXQ":4,"XNXQDM":"2024-2025-2","KCM":"形势与政策","JASDM":"0202020209","JXLDM":"020202","JXBID":"20242-14180","SKBJ":null,"TYXMDM":null,"KCH":"10218121092"},{"KKDWDM":"021","XS":8,"BYBZ":"0","JSJC":7,"XXXQDM":"02","KXH":"566","KSJC":6,"XKZRS":139,"SKZC":"000000011011000000000000","SKJS":"许欣妍","ISTK":0,"ZCMC":"8-9周,11-12周","YPSJDD":"8-9周,11-12周 星期四 第6节-第7节 南湖南-博学东楼-209","XF":0,"SKXQ":4,"XNXQDM":"2024-2025-2","KCM":"形势与政策","JASDM":"0202020209","JXLDM":"020202","JXBID":"20242-14157","SKBJ":null,"TYXMDM":null,"KCH":"10218121092"},{"KKDWDM":"021","XS":36,"BYBZ":"0","JSJC":5,"XXXQDM":"02","KXH":"74","KSJC":3,"XKZRS":109,"SKZC":"000000001000000000000000000000","SKJS":"陈哲","ISTK":0,"ZCMC":"9周","YPSJDD":"7-9周 星期五 第3节-第5节 南湖南-博学东楼-209,11-13周 星期五 第3节-第5节 南湖南-博学东楼-209,1-5周 星期五 第3节-第5节 南湖南-博学东楼-209,9周 星期日 第3节-第5节 南湖南-博学东楼-209","XF":2,"SKXQ":7,"XNXQDM":"2024-2025-2","KCM":"习近平新时代中国特色社会主义思想概论","JASDM":"0202020209","JXLDM":"020202","JXBID":"20242-04944","SKBJ":"信计2301-02,数学jd2301","TYXMDM":null,"KCH":"10211121033"},{"KKDWDM":"038","XS":32,"BYBZ":"0","JSJC":7,"XXXQDM":"02","KXH":"28","KSJC":6,"XKZRS":107,"SKZC":"000000001000000000000000000000","SKJS":"汪平","ISTK":0,"ZCMC":"9周","YPSJDD":"11-16周 星期五 第6节-第7节 南湖南-博学东楼-209,9周 星期日 第6节-第7节 南湖南-博学东楼-209,1-5周 星期五 第6节-第7节 南湖南-博学东楼-209,17周 星期三 第6节-第7节 南湖南-博学东楼-209,7-9周 星期五 第6节-第7节 南湖南-博学东楼-209","XF":2,"SKXQ":7,"XNXQDM":"2024-2025-2","KCM":"军事理论","JASDM":"0202020209","JXLDM":"020202","JXBID":"20242-12133","SKBJ":"计算机类2405-08","TYXMDM":null,"KCH":"10381121001"},{"KKDWDM":"017","XS":32,"BYBZ":"0","JSJC":4,"XXXQDM":"02","KXH":"01","KSJC":3,"XKZRS":70,"SKZC":"000000000011111110000000000000","SKJS":"夏德","ISTK":0,"ZCMC":"11-17周","YPSJDD":"11-17周 星期四 第3节-第4节 南湖南-博学东楼-209,1-9周 星期四 第3节-第4节 南湖南-博学东楼-209","XF":2,"SKXQ":4,"XNXQDM":"2024-2025-2","KCM":"市场营销学","JASDM":"0202020209","JXLDM":"020202","JXBID":"20242-06010","SKBJ":"工商类2404-05","TYXMDM":null,"KCH":"10173124428"},{"KKDWDM":"038","XS":32,"BYBZ":"0","JSJC":7,"XXXQDM":"02","KXH":"28","KSJC":6,"XKZRS":107,"SKZC":"000000000011111100000000000000","SKJS":"汪平","ISTK":0,"ZCMC":"11-16周","YPSJDD":"11-16周 星期五 第6节-第7节 南湖南-博学东楼-209,9周 星期日 第6节-第7节 南湖南-博学东楼-209,1-5周 星期五 第6节-第7节 南湖南-博学东楼-209,17周 星期三 第6节-第7节 南湖南-博学东楼-209,7-9周 星期五 第6节-第7节 南湖南-博学东楼-209","XF":2,"SKXQ":5,"XNXQDM":"2024-2025-2","KCM":"军事理论","JASDM":"0202020209","JXLDM":"020202","JXBID":"20242-12133","SKBJ":"计算机类2405-08","TYXMDM":null,"KCH":"10381121001"},{"KKDWDM":"012","XS":56,"BYBZ":"0","JSJC":2,"XXXQDM":"02","KXH":"10","KSJC":1,"XKZRS":140,"SKZC":"000000000011111000000000000000","SKJS":"袁景凌","ISTK":0,"ZCMC":"11-15周","YPSJDD":"11-15周 星期四 第1节-第2节 南湖南-博学东楼-209,1-14周 星期二 第3节-第4节 南湖南-博学东楼-209,1-9周 星期四 第1节-第2节 南湖南-博学东楼-209","XF":3,"SKXQ":4,"XNXQDM":"2024-2025-2","KCM":"离散结构","JASDM":"0202020209","JXLDM":"020202","JXBID":"20242-10908","SKBJ":"计算机类2404-07","TYXMDM":null,"KCH":"10124117071"},{"KKDWDM":"021","XS":36,"BYBZ":"0","JSJC":5,"XXXQDM":"02","KXH":"74","KSJC":3,"XKZRS":109,"SKZC":"000000000011100000000000000000","SKJS":"陈哲","ISTK":0,"ZCMC":"11-13周","YPSJDD":"7-9周 星期五 第3节-第5节 南湖南-博学东楼-209,11-13周 星期五 第3节-第5节 南湖南-博学东楼-209,1-5周 星期五 第3节-第5节 南湖南-博学东楼-209,9周 星期日 第3节-第5节 南湖南-博学东楼-209","XF":2,"SKXQ":5,"XNXQDM":"2024-2025-2","KCM":"习近平新时代中国特色社会主义思想概论","JASDM":"0202020209","JXLDM":"020202","JXBID":"20242-04944","SKBJ":"信计2301-02,数学jd2301","TYXMDM":null,"KCH":"10211121033"},{"KKDWDM":"044","XS":32,"BYBZ":"0","JSJC":12,"XXXQDM":"02","KXH":"01","KSJC":11,"XKZRS":140,"SKZC":"000000000010000000000000","SKJS":"詹莉","ISTK":0,"ZCMC":"11周","YPSJDD":"11周 星期三 第11节-第12节 南湖南-博学东楼-209,1-10周 星期三 第11节-第13节 南湖南-博学东楼-209","XF":2,"SKXQ":3,"XNXQDM":"2024-2025-2","KCM":"流行音乐鉴赏(GX)","JASDM":"0202020209","JXLDM":"020202","JXBID":"20242-09049","SKBJ":"公选-09049","TYXMDM":null,"KCH":"10442121003"},{"KKDWDM":"072","XS":48,"BYBZ":"0","JSJC":7,"XXXQDM":"02","KXH":"01","KSJC":6,"XKZRS":77,"SKZC":"000000000010000000000000","SKJS":"张潮","ISTK":0,"ZCMC":"11周","YPSJDD":"11周 星期三 第6节-第7节 南湖南-博学东楼-209,1-10周 星期三 第6节-第8节 南湖南-博学东楼-209","XF":3,"SKXQ":3,"XNXQDM":"2024-2025-2","KCM":"大学物理","JASDM":"0202020209","JXLDM":"020202","JXBID":"20242-06581","SKBJ":"生科类2404-06","TYXMDM":null,"KCH":"10153117079"},{"KKDWDM":"059","XS":32,"BYBZ":"0","JSJC":12,"XXXQDM":"02","KXH":"01","KSJC":11,"XKZRS":136,"SKZC":"000000000010000000000000","SKJS":"胡樱","ISTK":0,"ZCMC":"11周","YPSJDD":"11周 星期二 第11节-第12节 南湖南-博学东楼-209,1-10周 星期二 第11节-第13节 南湖南-博学东楼-209","XF":2,"SKXQ":2,"XNXQDM":"2024-2025-2","KCM":"信息检索(GX)","JASDM":"0202020209","JXLDM":"020202","JXBID":"20242-09171","SKBJ":"公选-09171","TYXMDM":null,"KCH":"10592121002"},{"KKDWDM":"072","XS":48,"BYBZ":"0","JSJC":7,"XXXQDM":"02","KXH":"02","KSJC":6,"XKZRS":75,"SKZC":"000000000001000000000000","SKJS":"张潮","ISTK":0,"ZCMC":"12周","YPSJDD":"12周 星期一 第6节-第7节 南湖南-博学东楼-209,1-10周 星期一 第6节-第8节 南湖南-博学东楼-209","XF":3,"SKXQ":1,"XNXQDM":"2024-2025-2","KCM":"大学物理","JASDM":"0202020209","JXLDM":"020202","JXBID":"20242-12267","SKBJ":"生科类2401-03","TYXMDM":null,"KCH":"10153117079"},{"KKDWDM":"021","XS":8,"BYBZ":"0","JSJC":7,"XXXQDM":"02","KXH":"611","KSJC":6,"XKZRS":138,"SKZC":"0000000000001111","SKJS":"向黎","ISTK":0,"ZCMC":"13-16周","YPSJDD":"13-16周 星期四 第6节-第7节 南湖南-博学东楼-209","XF":0,"SKXQ":4,"XNXQDM":"2024-2025-2","KCM":"形势与政策","JASDM":"0202020209","JXLDM":"020202","JXBID":"20242-14202","SKBJ":null,"TYXMDM":null,"KCH":"10218121092"},{"KKDWDM":"021","XS":8,"BYBZ":"0","JSJC":10,"XXXQDM":"02","KXH":"634","KSJC":9,"XKZRS":138,"SKZC":"0000000000001111","SKJS":"苏德亮","ISTK":0,"ZCMC":"13-16周","YPSJDD":"13-16周 星期四 第9节-第10节 南湖南-博学东楼-209","XF":0,"SKXQ":4,"XNXQDM":"2024-2025-2","KCM":"形势与政策","JASDM":"0202020209","JXLDM":"020202","JXBID":"20242-14225","SKBJ":null,"TYXMDM":null,"KCH":"10218121092"},{"KKDWDM":"017","XS":40,"BYBZ":"0","JSJC":4,"XXXQDM":"02","KXH":"07","KSJC":3,"XKZRS":101,"SKZC":"000000000000110000000000","SKJS":"洪荭","ISTK":0,"ZCMC":"13-14周","YPSJDD":"13-14周 星期三 第3节-第4节 南湖南-博学东楼-209,1-12周 星期三 第3节-第5节 南湖南-博学东楼-209","XF":2,"SKXQ":3,"XNXQDM":"2024-2025-2","KCM":"会计学","JASDM":"0202020209","JXLDM":"020202","JXBID":"20242-09779","SKBJ":"国贸2301-02,经济学类2405-06","TYXMDM":null,"KCH":"10174121170"},{"KKDWDM":"071","XS":40,"BYBZ":"0","JSJC":4,"XXXQDM":"02","KXH":"28","KSJC":3,"XKZRS":125,"SKZC":"000000000000010100000000","SKJS":"陆济湘","ISTK":0,"ZCMC":"14-16周(双)","YPSJDD":"14-16周(双) 星期一 第3节-第4节 南湖南-博学东楼-209,1-10周,12-13周 星期一 第3节-第5节 南湖南-博学东楼-209","XF":2,"SKXQ":1,"XNXQDM":"2024-2025-2","KCM":"线性代数","JASDM":"0202020209","JXLDM":"020202","JXBID":"20242-11745","SKBJ":"经济学类2401-04","TYXMDM":null,"KCH":"10153111001"},{"KKDWDM":"038","XS":32,"BYBZ":"0","JSJC":7,"XXXQDM":"02","KXH":"28","KSJC":6,"XKZRS":107,"SKZC":"000000000000000010000000000000","SKJS":"汪平","ISTK":0,"ZCMC":"17周","YPSJDD":"11-16周 星期五 第6节-第7节 南湖南-博学东楼-209,9周 星期日 第6节-第7节 南湖南-博学东楼-209,1-5周 星期五 第6节-第7节 南湖南-博学东楼-209,17周 星期三 第6节-第7节 南湖南-博学东楼-209,7-9周 星期五 第6节-第7节 南湖南-博学东楼-209","XF":2,"SKXQ":3,"XNXQDM":"2024-2025-2","KCM":"军事理论","JASDM":"0202020209","JXLDM":"020202","JXBID":"20242-12133","SKBJ":"计算机类2405-08","TYXMDM":null,"KCH":"10381121001"}]}},"code":"0"}