{"datas":{"jaskcb":{"extParams":{"code":1,"msg":"查询成功"},"pageSize":0,"pageNumber":0,"totalSize":-1,"rows":[{"KKDWDM":"072","XS":56,"BYBZ":"0","JSJC":2,"XXXQDM":"02","KXH":"02","KSJC":1,"XKZRS":35,"SKZC":"111111111111110000000000000000","SKJS":"刘立胜,李君","ISTK":0,"ZCMC":"1-14周","YPSJDD":"1-9周 星期四 第3节-第4节 南湖南-博学北楼-513,1-14周 星期二 第1节-第2节 南湖南-博学北楼-513,11-15周 星期四 第3节-第4节 南湖南-博学北楼-513","XF":3,"SKXQ":2,"XNXQDM":"2024-2025-2","KCM":"计算力学","JASDM":"0202010513","JXLDM":"020201","JXBID":"20242-03068","SKBJ":"工力zy2201","TYXMDM":null,"KCH":"10154117055"},{"KKDWDM":"072","XS":48,"BYBZ":"0","JSJC":5,"XXXQDM":"02","KXH":"01","KSJC":3,"XKZRS":33,"SKZC":"111111111100000000000000","SKJS":"王应军,钟愉承","ISTK":0,"ZCMC":"1-10周","YPSJDD":"12周 星期一 第3节-第4节 南湖南-博学北楼-513,1-10周 星期一 第3节-第5节 南湖南-博学北楼-513","XF":3,"SKXQ":1,"XNXQDM":"2024-2025-2","KCM":"有限元分析与应用C","JASDM":"0202010513","JXLDM":"020201","JXBID":"20242-02669","SKBJ":"工力zy2201","TYXMDM":null,"KCH":"10155117029"},{"KKDWDM":"072","XS":56,"BYBZ":"0","JSJC":4,"XXXQDM":"02","KXH":"02","KSJC":3,"XKZRS":35,"SKZC":"111111111000000000000000000000","SKJS":"刘立胜,李君","ISTK":0,"ZCMC":"1-9周","YPSJDD":"1-9周 星期四 第3节-第4节 南湖南-博学北楼-513,1-14周 星期二 第1节-第2节 南湖南-博学北楼-513,11-15周 星期四 第3节-第4节 南湖南-博学北楼-513","XF":3,"SKXQ":4,"XNXQDM":"2024-2025-2","KCM":"计算力学","JASDM":"0202010513","JXLDM":"020201","JXBID":"20242-03068","SKBJ":"工力zy2201","TYXMDM":null,"KCH":"10154117055"},{"KKDWDM":"020","XS":32,"BYBZ":"0","JSJC":2,"XXXQDM":"02","KXH":"12","KSJC":1,"XKZRS":27,"SKZC":"111111111000000000000000000000","SKJS":"陈雅茹","ISTK":0,"ZCMC":"1-9周","YPSJDD":"11-17周 星期四 第1节-第2节 南湖南-博学北楼-513,1-9周 星期四 第1节-第2节 南湖南-博学北楼-513","XF":2,"SKXQ":4,"XNXQDM":"2024-2025-2","KCM":"实用科技英语翻译","JASDM":"0202010513","JXLDM":"020201","JXBID":"20242-13798","SKBJ":"公选-13798","TYXMDM":"11","KCH":"10201117106"},{"KKDWDM":"018","XS":32,"BYBZ":"0","JSJC":4,"XXXQDM":"02","KXH":"01","KSJC":3,"XKZRS":27,"SKZC":"11111111","SKJS":"沈蕾","ISTK":0,"ZCMC":"1-8周","YPSJDD":"1-8周 星期一 第1节-第2节 南湖南-博学北楼-513,1-8周 星期三 第3节-第4节 南湖南-博学北楼-513","XF":2,"SKXQ":3,"XNXQDM":"2024-2025-2","KCM":"国际结算B","JASDM":"0202010513","JXLDM":"020201","JXBID":"20242-03157","SKBJ":"国贸2201","TYXMDM":null,"KCH":"10186117104"},{"KKDWDM":"018","XS":32,"BYBZ":"0","JSJC":2,"XXXQDM":"02","KXH":"01","KSJC":1,"XKZRS":27,"SKZC":"11111111","SKJS":"沈蕾","ISTK":0,"ZCMC":"1-8周","YPSJDD":"1-8周 星期一 第1节-第2节 南湖南-博学北楼-513,1-8周 星期三 第3节-第4节 南湖南-博学北楼-513","XF":2,"SKXQ":1,"XNXQDM":"2024-2025-2","KCM":"国际结算B","JASDM":"0202010513","JXLDM":"020201","JXBID":"20242-03157","SKBJ":"国贸2201","TYXMDM":null,"KCH":"10186117104"},{"KKDWDM":"020","XS":32,"BYBZ":"0","JSJC":2,"XXXQDM":"02","KXH":"12","KSJC":1,"XKZRS":27,"SKZC":"000000000011111110000000000000","SKJS":"陈雅茹","ISTK":0,"ZCMC":"11-17周","YPSJDD":"11-17周 星期四 第1节-第2节 南湖南-博学北楼-513,1-9周 星期四 第1节-第2节 南湖南-博学北楼-513","XF":2,"SKXQ":4,"XNXQDM":"2024-2025-2","KCM":"实用科技英语翻译","JASDM":"0202010513","JXLDM":"020201","JXBID":"20242-13798","SKBJ":"公选-13798","TYXMDM":"11","KCH":"10201117106"},{"KKDWDM":"072","XS":56,"BYBZ":"0","JSJC":4,"XXXQDM":"02","KXH":"02","KSJC":3,"XKZRS":35,"SKZC":"000000000011111000000000000000","SKJS":"刘立胜,李君","ISTK":0,"ZCMC":"11-15周","YPSJDD":"1-9周 星期四 第3节-第4节 南湖南-博学北楼-513,1-14周 星期二 第1节-第2节 南湖南-博学北楼-513,11-15周 星期四 第3节-第4节 南湖南-博学北楼-513","XF":3,"SKXQ":4,"XNXQDM":"2024-2025-2","KCM":"计算力学","JASDM":"0202010513","JXLDM":"020201","JXBID":"20242-03068","SKBJ":"工力zy2201","TYXMDM":null,"KCH":"10154117055"},{"KKDWDM":"072","XS":48,"BYBZ":"0","JSJC":4,"XXXQDM":"02","KXH":"01","KSJC":3,"XKZRS":33,"SKZC":"000000000001000000000000","SKJS":"王应军,钟愉承","ISTK":0,"ZCMC":"12周","YPSJDD":"12周 星期一 第3节-第4节 南湖南-博学北楼-513,1-10周 星期一 第3节-第5节 南湖南-博学北楼-513","XF":3,"SKXQ":1,"XNXQDM":"2024-2025-2","KCM":"有限元分析与应用C","JASDM":"0202010513","JXLDM":"020201","JXBID":"20242-02669","SKBJ":"工力zy2201","TYXMDM":null,"KCH":"10155117029"}]}},"code":"0"}