{"datas":{"jaskcb":{"extParams":{"code":1,"msg":"查询成功"},"pageSize":0,"pageNumber":0,"totalSize":-1,"rows":[{"KKDWDM":"072","XS":48,"BYBZ":"0","JSJC":5,"XXXQDM":"02","KXH":"02","KSJC":3,"XKZRS":70,"SKZC":"1111111111111111","SKJS":"曹晓飞,谢官模","ISTK":0,"ZCMC":"1-16周","YPSJDD":"1-16周 星期三 第3节-第5节 南湖南-博学主楼-508","XF":3,"SKXQ":3,"XNXQDM":"2024-2025-2","KCM":"振动力学A","JASDM":"0202040508","JXLDM":"020204","JXBID":"20242-03077","SKBJ":"工力2201-02","TYXMDM":null,"KCH":"10154117054"},{"KKDWDM":"016","XS":32,"BYBZ":"0","JSJC":5,"XXXQDM":"02","KXH":"01","KSJC":3,"XKZRS":79,"SKZC":"111111111100000000000000000000","SKJS":"朱阁,林宁","ISTK":0,"ZCMC":"1-10周","YPSJDD":"1-10周 星期一 第3节-第5节 南湖南-博学主楼-508,12周 星期一 第3节-第4节 南湖南-博学主楼-508","XF":2,"SKXQ":1,"XNXQDM":"2024-2025-2","KCM":"化学工程基础","JASDM":"0202040508","JXLDM":"020204","JXBID":"20242-03460","SKBJ":"应化2201-03","TYXMDM":null,"KCH":"10164112076"},{"KKDWDM":"010","XS":32,"BYBZ":"0","JSJC":4,"XXXQDM":"02","KXH":"01","KSJC":3,"XKZRS":55,"SKZC":"11111111","SKJS":"叶海旺,雷涛","ISTK":0,"ZCMC":"1-8周","YPSJDD":"1-8周 星期二 第3节-第4节 南湖南-博学主楼-508,1-8周 星期四 第3节-第4节 南湖南-博学主楼-508","XF":2,"SKXQ":2,"XNXQDM":"2024-2025-2","KCM":"矿床露天开采","JASDM":"0202040508","JXLDM":"020204","JXBID":"20242-02129","SKBJ":"采矿2201-02","TYXMDM":null,"KCH":"10096111005"},{"KKDWDM":"010","XS":32,"BYBZ":"0","JSJC":4,"XXXQDM":"02","KXH":"01","KSJC":3,"XKZRS":55,"SKZC":"11111111","SKJS":"叶海旺,雷涛","ISTK":0,"ZCMC":"1-8周","YPSJDD":"1-8周 星期二 第3节-第4节 南湖南-博学主楼-508,1-8周 星期四 第3节-第4节 南湖南-博学主楼-508","XF":2,"SKXQ":4,"XNXQDM":"2024-2025-2","KCM":"矿床露天开采","JASDM":"0202040508","JXLDM":"020204","JXBID":"20242-02129","SKBJ":"采矿2201-02","TYXMDM":null,"KCH":"10096111005"},{"KKDWDM":"009","XS":32,"BYBZ":"0","JSJC":5,"XXXQDM":"02","KXH":"01","KSJC":3,"XKZRS":40,"SKZC":"111110111010000000000000","SKJS":"严天,陈琼","ISTK":0,"ZCMC":"1-5周,7-9周,11周","YPSJDD":"12周 星期五 第3节-第4节 南湖南-博学主楼-508,1-5周,7-9周,11周 星期五 第3节-第5节 南湖南-博学主楼-508,9周 星期日 第3节-第5节 南湖南-博学主楼-508","XF":2,"SKXQ":5,"XNXQDM":"2024-2025-2","KCM":"冷热源工程","JASDM":"0202040508","JXLDM":"020204","JXBID":"20242-03356","SKBJ":"建环2201","TYXMDM":null,"KCH":"10174111015"},{"KKDWDM":"010","XS":32,"BYBZ":"0","JSJC":4,"XXXQDM":"02","KXH":"01","KSJC":3,"XKZRS":116,"SKZC":"0000000011111111","SKJS":"张明","ISTK":0,"ZCMC":"9-16周","YPSJDD":"9-16周 星期二 第3节-第4节 南湖南-博学主楼-508","XF":2,"SKXQ":2,"XNXQDM":"2024-2025-2","KCM":"定量遥感","JASDM":"0202040508","JXLDM":"020204","JXBID":"20242-03169","SKBJ":"地信2201-03","TYXMDM":null,"KCH":"10106113083"},{"KKDWDM":"009","XS":32,"BYBZ":"0","JSJC":5,"XXXQDM":"02","KXH":"01","KSJC":3,"XKZRS":40,"SKZC":"000000001000000000000000","SKJS":"严天,陈琼","ISTK":0,"ZCMC":"9周","YPSJDD":"12周 星期五 第3节-第4节 南湖南-博学主楼-508,1-5周,7-9周,11周 星期五 第3节-第5节 南湖南-博学主楼-508,9周 星期日 第3节-第5节 南湖南-博学主楼-508","XF":2,"SKXQ":7,"XNXQDM":"2024-2025-2","KCM":"冷热源工程","JASDM":"0202040508","JXLDM":"020204","JXBID":"20242-03356","SKBJ":"建环2201","TYXMDM":null,"KCH":"10174111015"},{"KKDWDM":"016","XS":32,"BYBZ":"0","JSJC":4,"XXXQDM":"02","KXH":"01","KSJC":3,"XKZRS":79,"SKZC":"000000000001000000000000000000","SKJS":"朱阁,林宁","ISTK":0,"ZCMC":"12周","YPSJDD":"1-10周 星期一 第3节-第5节 南湖南-博学主楼-508,12周 星期一 第3节-第4节 南湖南-博学主楼-508","XF":2,"SKXQ":1,"XNXQDM":"2024-2025-2","KCM":"化学工程基础","JASDM":"0202040508","JXLDM":"020204","JXBID":"20242-03460","SKBJ":"应化2201-03","TYXMDM":null,"KCH":"10164112076"},{"KKDWDM":"009","XS":32,"BYBZ":"0","JSJC":4,"XXXQDM":"02","KXH":"01","KSJC":3,"XKZRS":40,"SKZC":"000000000001000000000000","SKJS":"严天,陈琼","ISTK":0,"ZCMC":"12周","YPSJDD":"12周 星期五 第3节-第4节 南湖南-博学主楼-508,1-5周,7-9周,11周 星期五 第3节-第5节 南湖南-博学主楼-508,9周 星期日 第3节-第5节 南湖南-博学主楼-508","XF":2,"SKXQ":5,"XNXQDM":"2024-2025-2","KCM":"冷热源工程","JASDM":"0202040508","JXLDM":"020204","JXBID":"20242-03356","SKBJ":"建环2201","TYXMDM":null,"KCH":"10174111015"}]}},"code":"0"}