{"datas":{"jaskcb":{"extParams":{"code":1,"msg":"查询成功"},"pageSize":0,"pageNumber":0,"totalSize":-1,"rows":[{"KKDWDM":"003","XS":32,"BYBZ":"0","JSJC":2,"XXXQDM":"02","KXH":"01","KSJC":1,"XKZRS":140,"SKZC":"111111111111111100000000","SKJS":"胡姗,邢伟宏","ISTK":0,"ZCMC":"1-16周","YPSJDD":"1-16周 星期三 第1节-第2节 南湖南-博学东楼-204","XF":2,"SKXQ":3,"XNXQDM":"2024-2025-2","KCM":"功能材料A","JASDM":"0202020204","JXLDM":"020202","JXBID":"20242-05601","SKBJ":"材科2301-06","TYXMDM":null,"KCH":"10107311012"},{"KKDWDM":"021","XS":48,"BYBZ":"0","JSJC":8,"XXXQDM":"02","KXH":"40","KSJC":6,"XKZRS":109,"SKZC":"111111111111110000000000","SKJS":"雷五明","ISTK":0,"ZCMC":"1-14周","YPSJDD":"1-14周 星期三 第6节-第8节 南湖南-博学东楼-204","XF":3,"SKXQ":3,"XNXQDM":"2024-2025-2","KCM":"思想道德与法治","JASDM":"0202020204","JXLDM":"020202","JXBID":"20242-11830","SKBJ":"计算机类2404-06","TYXMDM":null,"KCH":"10211124001"},{"KKDWDM":"021","XS":48,"BYBZ":"0","JSJC":8,"XXXQDM":"02","KXH":"24","KSJC":6,"XKZRS":109,"SKZC":"11111111111111000000","SKJS":"梅运彬","ISTK":0,"ZCMC":"1-14周","YPSJDD":"1-14周 星期二 第6节-第8节 南湖南-博学东楼-204","XF":3,"SKXQ":2,"XNXQDM":"2024-2025-2","KCM":"思想道德与法治","JASDM":"0202020204","JXLDM":"020202","JXBID":"20242-11816","SKBJ":"设计学类2401-04","TYXMDM":null,"KCH":"10211124001"},{"KKDWDM":"021","XS":48,"BYBZ":"0","JSJC":5,"XXXQDM":"02","KXH":"52","KSJC":3,"XKZRS":122,"SKZC":"11111111111111000000","SKJS":"权宗田","ISTK":0,"ZCMC":"1-14周","YPSJDD":"1-14周 星期二 第3节-第5节 南湖南-博学东楼-204","XF":3,"SKXQ":2,"XNXQDM":"2024-2025-2","KCM":"中国近现代史纲要","JASDM":"0202020204","JXLDM":"020202","JXBID":"20242-11868","SKBJ":"车辆类2401-04","TYXMDM":null,"KCH":"10211124005"},{"KKDWDM":"021","XS":36,"BYBZ":"0","JSJC":5,"XXXQDM":"02","KXH":"71","KSJC":3,"XKZRS":109,"SKZC":"111111111111","SKJS":"肖融知","ISTK":0,"ZCMC":"1-12周","YPSJDD":"1-12周 星期三 第3节-第5节 南湖南-博学东楼-204","XF":2,"SKXQ":3,"XNXQDM":"2024-2025-2","KCM":"习近平新时代中国特色社会主义思想概论","JASDM":"0202020204","JXLDM":"020202","JXBID":"20242-04910","SKBJ":"法学2303-04,社工2302","TYXMDM":null,"KCH":"10211121033"},{"KKDWDM":"012","XS":40,"BYBZ":"0","JSJC":2,"XXXQDM":"02","KXH":"02","KSJC":1,"XKZRS":140,"SKZC":"111111111100000000000000000000","SKJS":"吴利军","ISTK":0,"ZCMC":"1-10周","YPSJDD":"12-14周 星期一 第1节-第2节 南湖南-博学东楼-204,1-10周 星期一 第1节-第2节 南湖南-博学东楼-204,16-17周 星期一 第1节-第2节 南湖南-博学东楼-204","XF":2,"SKXQ":1,"XNXQDM":"2024-2025-2","KCM":"可视化编程","JASDM":"0202020204","JXLDM":"020202","JXBID":"20242-05738","SKBJ":"软件2301-02,软件sy2301,软件zy2301-02","TYXMDM":null,"KCH":"4120044110"},{"KKDWDM":"021","XS":48,"BYBZ":"0","JSJC":8,"XXXQDM":"02","KXH":"33","KSJC":6,"XKZRS":105,"SKZC":"111111111100000000000000000000","SKJS":"侯欣","ISTK":0,"ZCMC":"1-10周","YPSJDD":"16周 星期一 第6节-第8节 南湖南-博学东楼-204,12-14周 星期一 第6节-第8节 南湖南-博学东楼-204,1-10周 星期一 第6节-第8节 南湖南-博学东楼-204","XF":3,"SKXQ":1,"XNXQDM":"2024-2025-2","KCM":"中国近现代史纲要","JASDM":"0202020204","JXLDM":"020202","JXBID":"20242-11854","SKBJ":"机电类2401-03","TYXMDM":null,"KCH":"10211124005"},{"KKDWDM":"016","XS":32,"BYBZ":"0","JSJC":13,"XXXQDM":"02","KXH":"01","KSJC":11,"XKZRS":139,"SKZC":"111111111100000000000000","SKJS":"许沛虎","ISTK":0,"ZCMC":"1-10周","YPSJDD":"11周 星期二 第11节-第12节 南湖南-博学东楼-204,1-10周 星期二 第11节-第13节 南湖南-博学东楼-204","XF":2,"SKXQ":2,"XNXQDM":"2024-2025-2","KCM":"中医药与保健(GX)","JASDM":"0202020204","JXLDM":"020202","JXBID":"20242-08138","SKBJ":"公选-08138","TYXMDM":null,"KCH":"10162121103"},{"KKDWDM":"072","XS":32,"BYBZ":"0","JSJC":2,"XXXQDM":"02","KXH":"01","KSJC":1,"XKZRS":27,"SKZC":"111111111000000000000000000000","SKJS":"胡海晓,陈建中","ISTK":0,"ZCMC":"1-9周","YPSJDD":"11-17周 星期四 第1节-第2节 南湖南-博学东楼-204,1-9周 星期四 第1节-第2节 南湖南-博学东楼-204","XF":2,"SKXQ":4,"XNXQDM":"2024-2025-2","KCM":"复合材料工艺与结构设计","JASDM":"0202020204","JXLDM":"020202","JXBID":"20242-02603","SKBJ":"工力2201-02,工力zy2201","TYXMDM":null,"KCH":"10155121019"},{"KKDWDM":"022","XS":48,"BYBZ":"0","JSJC":5,"XXXQDM":"02","KXH":"04","KSJC":3,"XKZRS":101,"SKZC":"111111111000000000000000000000","SKJS":"唐伶俐","ISTK":0,"ZCMC":"1-9周","YPSJDD":"1-9周 星期四 第3节-第5节 南湖南-博学东楼-204,11-17周 星期四 第3节-第5节 南湖南-博学东楼-204","XF":3,"SKXQ":4,"XNXQDM":"2024-2025-2","KCM":"数字出版概论","JASDM":"0202020204","JXLDM":"020202","JXBID":"20242-09704","SKBJ":"新闻类2401-03","TYXMDM":null,"KCH":"10224121093"},{"KKDWDM":"012","XS":32,"BYBZ":"0","JSJC":12,"XXXQDM":"02","KXH":"01","KSJC":11,"XKZRS":140,"SKZC":"111111110000000000000000","SKJS":"郑文博","ISTK":0,"ZCMC":"1-8周","YPSJDD":"1-8周 星期一 第11节-第12节 南湖南-博学东楼-204,1-8周 星期三 第11节-第12节 南湖南-博学东楼-204","XF":2,"SKXQ":1,"XNXQDM":"2024-2025-2","KCM":"元宇宙与大模型理论技术与应用(JD)","JASDM":"0202020204","JXLDM":"020202","JXBID":"20242-07861","SKBJ":"公选-07861","TYXMDM":null,"KCH":"10126121202"},{"KKDWDM":"022","XS":24,"BYBZ":"0","JSJC":13,"XXXQDM":"02","KXH":"02","KSJC":11,"XKZRS":140,"SKZC":"111111110000000000000000","SKJS":"贾勇宏","ISTK":0,"ZCMC":"1-8周","YPSJDD":"1-8周 星期四 第11节-第13节 南湖南-博学东楼-204","XF":1,"SKXQ":4,"XNXQDM":"2024-2025-2","KCM":"大学生情感辅导(GX)","JASDM":"0202020204","JXLDM":"020202","JXBID":"20242-11358","SKBJ":"公选-11358","TYXMDM":null,"KCH":"10222121222"},{"KKDWDM":"012","XS":32,"BYBZ":"0","JSJC":12,"XXXQDM":"02","KXH":"01","KSJC":11,"XKZRS":140,"SKZC":"111111110000000000000000","SKJS":"郑文博","ISTK":0,"ZCMC":"1-8周","YPSJDD":"1-8周 星期一 第11节-第12节 南湖南-博学东楼-204,1-8周 星期三 第11节-第12节 南湖南-博学东楼-204","XF":2,"SKXQ":3,"XNXQDM":"2024-2025-2","KCM":"元宇宙与大模型理论技术与应用(JD)","JASDM":"0202020204","JXLDM":"020202","JXBID":"20242-07861","SKBJ":"公选-07861","TYXMDM":null,"KCH":"10126121202"},{"KKDWDM":"009","XS":16,"BYBZ":"0","JSJC":4,"XXXQDM":"02","KXH":"01","KSJC":3,"XKZRS":137,"SKZC":"11111111","SKJS":"李红兵","ISTK":0,"ZCMC":"1-8周","YPSJDD":"1-8周 星期一 第3节-第4节 南湖南-博学东楼-204","XF":1,"SKXQ":1,"XNXQDM":"2024-2025-2","KCM":"工程项目管理C","JASDM":"0202020204","JXLDM":"020202","JXBID":"20242-04423","SKBJ":"土木zy2301-05","TYXMDM":null,"KCH":"10095111056"},{"KKDWDM":"022","XS":48,"BYBZ":"0","JSJC":5,"XXXQDM":"02","KXH":"01","KSJC":3,"XKZRS":56,"SKZC":"111110111011100000000000","SKJS":"刘锦宏","ISTK":0,"ZCMC":"1-5周,7-9周,11-13周","YPSJDD":"14-15周 星期五 第3节-第4节 南湖南-博学东楼-204,1-5周,7-9周,11-13周 星期五 第3节-第5节 南湖南-博学东楼-204,9周 星期日 第3节-第5节 南湖南-博学东楼-204","XF":3,"SKXQ":5,"XNXQDM":"2024-2025-2","KCM":"创新营销B","JASDM":"0202020204","JXLDM":"020202","JXBID":"20242-04825","SKBJ":"广告2301-02","TYXMDM":null,"KCH":"10225112004"},{"KKDWDM":"021","XS":48,"BYBZ":"0","JSJC":8,"XXXQDM":"02","KXH":"17","KSJC":6,"XKZRS":109,"SKZC":"111110000000000000000000000000","SKJS":"彭攀","ISTK":0,"ZCMC":"1-5周","YPSJDD":"7-9周 星期五 第6节-第8节 南湖南-博学东楼-204,9周 星期日 第6节-第8节 南湖南-博学东楼-204,1-5周 星期五 第6节-第8节 南湖南-博学东楼-204,11-15周 星期五 第6节-第8节 南湖南-博学东楼-204","XF":3,"SKXQ":5,"XNXQDM":"2024-2025-2","KCM":"中国近现代史纲要","JASDM":"0202020204","JXLDM":"020202","JXBID":"20242-12467","SKBJ":"机电类2405-06,机电类2416","TYXMDM":null,"KCH":"10211124005"},{"KKDWDM":"008","XS":32,"BYBZ":"0","JSJC":2,"XXXQDM":"02","KXH":"06","KSJC":1,"XKZRS":58,"SKZC":"001111111111110000000000000000","SKJS":"彭霜","ISTK":0,"ZCMC":"3-14周","YPSJDD":"3-14周 星期二 第1节-第2节 南湖南-博学东楼-204,1-2周 星期二 第1节-第2节 南湖南-博学西楼-214","XF":2,"SKXQ":2,"XNXQDM":"2024-2025-2","KCM":"流体力学与液压传动B","JASDM":"0202020204","JXLDM":"020202","JXBID":"20242-11130","SKBJ":"机械2303-04","TYXMDM":null,"KCH":"10085117017"},{"KKDWDM":"021","XS":48,"BYBZ":"0","JSJC":8,"XXXQDM":"02","KXH":"17","KSJC":6,"XKZRS":109,"SKZC":"000000111000000000000000000000","SKJS":"彭攀","ISTK":0,"ZCMC":"7-9周","YPSJDD":"7-9周 星期五 第6节-第8节 南湖南-博学东楼-204,9周 星期日 第6节-第8节 南湖南-博学东楼-204,1-5周 星期五 第6节-第8节 南湖南-博学东楼-204,11-15周 星期五 第6节-第8节 南湖南-博学东楼-204","XF":3,"SKXQ":5,"XNXQDM":"2024-2025-2","KCM":"中国近现代史纲要","JASDM":"0202020204","JXLDM":"020202","JXBID":"20242-12467","SKBJ":"机电类2405-06,机电类2416","TYXMDM":null,"KCH":"10211124005"},{"KKDWDM":"021","XS":48,"BYBZ":"0","JSJC":8,"XXXQDM":"02","KXH":"17","KSJC":6,"XKZRS":109,"SKZC":"000000001000000000000000000000","SKJS":"彭攀","ISTK":0,"ZCMC":"9周","YPSJDD":"7-9周 星期五 第6节-第8节 南湖南-博学东楼-204,9周 星期日 第6节-第8节 南湖南-博学东楼-204,1-5周 星期五 第6节-第8节 南湖南-博学东楼-204,11-15周 星期五 第6节-第8节 南湖南-博学东楼-204","XF":3,"SKXQ":7,"XNXQDM":"2024-2025-2","KCM":"中国近现代史纲要","JASDM":"0202020204","JXLDM":"020202","JXBID":"20242-12467","SKBJ":"机电类2405-06,机电类2416","TYXMDM":null,"KCH":"10211124005"},{"KKDWDM":"022","XS":48,"BYBZ":"0","JSJC":5,"XXXQDM":"02","KXH":"01","KSJC":3,"XKZRS":56,"SKZC":"000000001000000000000000","SKJS":"刘锦宏","ISTK":0,"ZCMC":"9周","YPSJDD":"14-15周 星期五 第3节-第4节 南湖南-博学东楼-204,1-5周,7-9周,11-13周 星期五 第3节-第5节 南湖南-博学东楼-204,9周 星期日 第3节-第5节 南湖南-博学东楼-204","XF":3,"SKXQ":7,"XNXQDM":"2024-2025-2","KCM":"创新营销B","JASDM":"0202020204","JXLDM":"020202","JXBID":"20242-04825","SKBJ":"广告2301-02","TYXMDM":null,"KCH":"10225112004"},{"KKDWDM":"022","XS":48,"BYBZ":"0","JSJC":5,"XXXQDM":"02","KXH":"04","KSJC":3,"XKZRS":101,"SKZC":"000000000011111110000000000000","SKJS":"唐伶俐","ISTK":0,"ZCMC":"11-17周","YPSJDD":"1-9周 星期四 第3节-第5节 南湖南-博学东楼-204,11-17周 星期四 第3节-第5节 南湖南-博学东楼-204","XF":3,"SKXQ":4,"XNXQDM":"2024-2025-2","KCM":"数字出版概论","JASDM":"0202020204","JXLDM":"020202","JXBID":"20242-09704","SKBJ":"新闻类2401-03","TYXMDM":null,"KCH":"10224121093"},{"KKDWDM":"072","XS":32,"BYBZ":"0","JSJC":2,"XXXQDM":"02","KXH":"01","KSJC":1,"XKZRS":27,"SKZC":"000000000011111110000000000000","SKJS":"胡海晓,陈建中","ISTK":0,"ZCMC":"11-17周","YPSJDD":"11-17周 星期四 第1节-第2节 南湖南-博学东楼-204,1-9周 星期四 第1节-第2节 南湖南-博学东楼-204","XF":2,"SKXQ":4,"XNXQDM":"2024-2025-2","KCM":"复合材料工艺与结构设计","JASDM":"0202020204","JXLDM":"020202","JXBID":"20242-02603","SKBJ":"工力2201-02,工力zy2201","TYXMDM":null,"KCH":"10155121019"},{"KKDWDM":"021","XS":48,"BYBZ":"0","JSJC":8,"XXXQDM":"02","KXH":"17","KSJC":6,"XKZRS":109,"SKZC":"000000000011111000000000000000","SKJS":"彭攀","ISTK":0,"ZCMC":"11-15周","YPSJDD":"7-9周 星期五 第6节-第8节 南湖南-博学东楼-204,9周 星期日 第6节-第8节 南湖南-博学东楼-204,1-5周 星期五 第6节-第8节 南湖南-博学东楼-204,11-15周 星期五 第6节-第8节 南湖南-博学东楼-204","XF":3,"SKXQ":5,"XNXQDM":"2024-2025-2","KCM":"中国近现代史纲要","JASDM":"0202020204","JXLDM":"020202","JXBID":"20242-12467","SKBJ":"机电类2405-06,机电类2416","TYXMDM":null,"KCH":"10211124005"},{"KKDWDM":"016","XS":32,"BYBZ":"0","JSJC":12,"XXXQDM":"02","KXH":"01","KSJC":11,"XKZRS":139,"SKZC":"000000000010000000000000","SKJS":"许沛虎","ISTK":0,"ZCMC":"11周","YPSJDD":"11周 星期二 第11节-第12节 南湖南-博学东楼-204,1-10周 星期二 第11节-第13节 南湖南-博学东楼-204","XF":2,"SKXQ":2,"XNXQDM":"2024-2025-2","KCM":"中医药与保健(GX)","JASDM":"0202020204","JXLDM":"020202","JXBID":"20242-08138","SKBJ":"公选-08138","TYXMDM":null,"KCH":"10162121103"},{"KKDWDM":"021","XS":48,"BYBZ":"0","JSJC":8,"XXXQDM":"02","KXH":"33","KSJC":6,"XKZRS":105,"SKZC":"000000000001110000000000000000","SKJS":"侯欣","ISTK":0,"ZCMC":"12-14周","YPSJDD":"16周 星期一 第6节-第8节 南湖南-博学东楼-204,12-14周 星期一 第6节-第8节 南湖南-博学东楼-204,1-10周 星期一 第6节-第8节 南湖南-博学东楼-204","XF":3,"SKXQ":1,"XNXQDM":"2024-2025-2","KCM":"中国近现代史纲要","JASDM":"0202020204","JXLDM":"020202","JXBID":"20242-11854","SKBJ":"机电类2401-03","TYXMDM":null,"KCH":"10211124005"},{"KKDWDM":"012","XS":40,"BYBZ":"0","JSJC":2,"XXXQDM":"02","KXH":"02","KSJC":1,"XKZRS":140,"SKZC":"000000000001110000000000000000","SKJS":"吴利军","ISTK":0,"ZCMC":"12-14周","YPSJDD":"12-14周 星期一 第1节-第2节 南湖南-博学东楼-204,1-10周 星期一 第1节-第2节 南湖南-博学东楼-204,16-17周 星期一 第1节-第2节 南湖南-博学东楼-204","XF":2,"SKXQ":1,"XNXQDM":"2024-2025-2","KCM":"可视化编程","JASDM":"0202020204","JXLDM":"020202","JXBID":"20242-05738","SKBJ":"软件2301-02,软件sy2301,软件zy2301-02","TYXMDM":null,"KCH":"4120044110"},{"KKDWDM":"022","XS":48,"BYBZ":"0","JSJC":4,"XXXQDM":"02","KXH":"01","KSJC":3,"XKZRS":56,"SKZC":"000000000000011000000000","SKJS":"刘锦宏","ISTK":0,"ZCMC":"14-15周","YPSJDD":"14-15周 星期五 第3节-第4节 南湖南-博学东楼-204,1-5周,7-9周,11-13周 星期五 第3节-第5节 南湖南-博学东楼-204,9周 星期日 第3节-第5节 南湖南-博学东楼-204","XF":3,"SKXQ":5,"XNXQDM":"2024-2025-2","KCM":"创新营销B","JASDM":"0202020204","JXLDM":"020202","JXBID":"20242-04825","SKBJ":"广告2301-02","TYXMDM":null,"KCH":"10225112004"},{"KKDWDM":"012","XS":40,"BYBZ":"0","JSJC":2,"XXXQDM":"02","KXH":"02","KSJC":1,"XKZRS":140,"SKZC":"000000000000000110000000000000","SKJS":"吴利军","ISTK":0,"ZCMC":"16-17周","YPSJDD":"12-14周 星期一 第1节-第2节 南湖南-博学东楼-204,1-10周 星期一 第1节-第2节 南湖南-博学东楼-204,16-17周 星期一 第1节-第2节 南湖南-博学东楼-204","XF":2,"SKXQ":1,"XNXQDM":"2024-2025-2","KCM":"可视化编程","JASDM":"0202020204","JXLDM":"020202","JXBID":"20242-05738","SKBJ":"软件2301-02,软件sy2301,软件zy2301-02","TYXMDM":null,"KCH":"4120044110"},{"KKDWDM":"021","XS":48,"BYBZ":"0","JSJC":8,"XXXQDM":"02","KXH":"33","KSJC":6,"XKZRS":105,"SKZC":"000000000000000100000000000000","SKJS":"侯欣","ISTK":0,"ZCMC":"16周","YPSJDD":"16周 星期一 第6节-第8节 南湖南-博学东楼-204,12-14周 星期一 第6节-第8节 南湖南-博学东楼-204,1-10周 星期一 第6节-第8节 南湖南-博学东楼-204","XF":3,"SKXQ":1,"XNXQDM":"2024-2025-2","KCM":"中国近现代史纲要","JASDM":"0202020204","JXLDM":"020202","JXBID":"20242-11854","SKBJ":"机电类2401-03","TYXMDM":null,"KCH":"10211124005"}]}},"code":"0"}