{"datas":{"jaskcb":{"extParams":{"code":1,"msg":"查询成功"},"pageSize":0,"pageNumber":0,"totalSize":-1,"rows":[{"KKDWDM":"071","XS":64,"BYBZ":"0","JSJC":4,"XXXQDM":"02","KXH":"05","KSJC":3,"XKZRS":135,"SKZC":"111111111111111100000000000000","SKJS":"陈凤娥","ISTK":0,"ZCMC":"1-16周","YPSJDD":"11-17周 星期四 第1节-第2节 南湖南-博学主楼-105,1-9周 星期四 第1节-第2节 南湖南-博学主楼-105,1-16周 星期二 第3节-第4节 南湖南-博学主楼-105","XF":4,"SKXQ":2,"XNXQDM":"2024-2025-2","KCM":"高等代数A1","JASDM":"0202040105","JXLDM":"020204","JXBID":"20242-10276","SKBJ":"数学类2404-06","TYXMDM":null,"KCH":"10154117052"},{"KKDWDM":"071","XS":64,"BYBZ":"0","JSJC":2,"XXXQDM":"02","KXH":"04","KSJC":1,"XKZRS":139,"SKZC":"111111111111111100000000000000","SKJS":"饶从军","ISTK":0,"ZCMC":"1-16周","YPSJDD":"1-9周 星期四 第3节-第4节 南湖南-博学主楼-105,1-16周 星期二 第1节-第2节 南湖南-博学主楼-105,11-17周 星期四 第3节-第4节 南湖南-博学主楼-105","XF":4,"SKXQ":2,"XNXQDM":"2024-2025-2","KCM":"高等代数A1","JASDM":"0202040105","JXLDM":"020204","JXBID":"20242-06453","SKBJ":"数学类2410-12,金融sy2401","TYXMDM":null,"KCH":"10154117052"},{"KKDWDM":"071","XS":88,"BYBZ":"0","JSJC":4,"XXXQDM":"02","KXH":"17","KSJC":3,"XKZRS":118,"SKZC":"111111111111111000000000000000","SKJS":"戴济能","ISTK":0,"ZCMC":"1-15周","YPSJDD":"11-15周 星期五 第1节-第2节 南湖南-博学主楼-105,1-15周 星期三 第3节-第4节 南湖南-博学主楼-105,12-14周 星期一 第1节-第2节 南湖南-博学主楼-105,7-9周 星期五 第1节-第2节 南湖南-博学主楼-105,16-17周 星期一 第1节-第2节 南湖南-博学主楼-105,1-5周 星期五 第1节-第2节 南湖南-博学主楼-105,1-10周 星期一 第1节-第2节 南湖南-博学主楼-105,9周 星期日 第1节-第2节 南湖南-博学主楼-105","XF":5,"SKXQ":3,"XNXQDM":"2024-2025-2","KCM":"高等数学A下","JASDM":"0202040105","JXLDM":"020204","JXBID":"20242-06372","SKBJ":"工设g2401-02,材料类2412-17","TYXMDM":null,"KCH":"10153121060"},{"KKDWDM":"071","XS":88,"BYBZ":"0","JSJC":2,"XXXQDM":"02","KXH":"05","KSJC":1,"XKZRS":129,"SKZC":"111111111111111000000000000000","SKJS":"陈东红","ISTK":0,"ZCMC":"1-15周","YPSJDD":"11-15周 星期五 第3节-第4节 南湖南-博学主楼-105,1-15周 星期三 第1节-第2节 南湖南-博学主楼-105,1-5周 星期五 第3节-第4节 南湖南-博学主楼-105,9周 星期日 第3节-第4节 南湖南-博学主楼-105,7-9周 星期五 第3节-第4节 南湖南-博学主楼-105,1-10周 星期一 第3节-第4节 南湖南-博学主楼-105,12-14周 星期一 第3节-第4节 南湖南-博学主楼-105,16-17周 星期一 第3节-第4节 南湖南-博学主楼-105","XF":5,"SKXQ":3,"XNXQDM":"2024-2025-2","KCM":"高等数学A下","JASDM":"0202040105","JXLDM":"020204","JXBID":"20242-06160","SKBJ":"电信类2417-18,通信zs2401","TYXMDM":null,"KCH":"10153121060"},{"KKDWDM":"071","XS":40,"BYBZ":"0","JSJC":8,"XXXQDM":"02","KXH":"38","KSJC":6,"XKZRS":140,"SKZC":"111111111101100000000000","SKJS":"高琦","ISTK":0,"ZCMC":"1-10周,12-13周","YPSJDD":"14-16周(双) 星期一 第6节-第7节 南湖南-博学主楼-105,1-10周,12-13周 星期一 第6节-第8节 南湖南-博学主楼-105","XF":2,"SKXQ":1,"XNXQDM":"2024-2025-2","KCM":"线性代数","JASDM":"0202040105","JXLDM":"020204","JXBID":"20242-11759","SKBJ":"土木类2409-12","TYXMDM":null,"KCH":"10153111001"},{"KKDWDM":"071","XS":88,"BYBZ":"0","JSJC":4,"XXXQDM":"02","KXH":"05","KSJC":3,"XKZRS":129,"SKZC":"111111111100000000000000000000","SKJS":"陈东红","ISTK":0,"ZCMC":"1-10周","YPSJDD":"11-15周 星期五 第3节-第4节 南湖南-博学主楼-105,1-15周 星期三 第1节-第2节 南湖南-博学主楼-105,1-5周 星期五 第3节-第4节 南湖南-博学主楼-105,9周 星期日 第3节-第4节 南湖南-博学主楼-105,7-9周 星期五 第3节-第4节 南湖南-博学主楼-105,1-10周 星期一 第3节-第4节 南湖南-博学主楼-105,12-14周 星期一 第3节-第4节 南湖南-博学主楼-105,16-17周 星期一 第3节-第4节 南湖南-博学主楼-105","XF":5,"SKXQ":1,"XNXQDM":"2024-2025-2","KCM":"高等数学A下","JASDM":"0202040105","JXLDM":"020204","JXBID":"20242-06160","SKBJ":"电信类2417-18,通信zs2401","TYXMDM":null,"KCH":"10153121060"},{"KKDWDM":"071","XS":88,"BYBZ":"0","JSJC":2,"XXXQDM":"02","KXH":"17","KSJC":1,"XKZRS":118,"SKZC":"111111111100000000000000000000","SKJS":"戴济能","ISTK":0,"ZCMC":"1-10周","YPSJDD":"11-15周 星期五 第1节-第2节 南湖南-博学主楼-105,1-15周 星期三 第3节-第4节 南湖南-博学主楼-105,12-14周 星期一 第1节-第2节 南湖南-博学主楼-105,7-9周 星期五 第1节-第2节 南湖南-博学主楼-105,16-17周 星期一 第1节-第2节 南湖南-博学主楼-105,1-5周 星期五 第1节-第2节 南湖南-博学主楼-105,1-10周 星期一 第1节-第2节 南湖南-博学主楼-105,9周 星期日 第1节-第2节 南湖南-博学主楼-105","XF":5,"SKXQ":1,"XNXQDM":"2024-2025-2","KCM":"高等数学A下","JASDM":"0202040105","JXLDM":"020204","JXBID":"20242-06372","SKBJ":"工设g2401-02,材料类2412-17","TYXMDM":null,"KCH":"10153121060"},{"KKDWDM":"071","XS":64,"BYBZ":"0","JSJC":4,"XXXQDM":"02","KXH":"04","KSJC":3,"XKZRS":139,"SKZC":"111111111000000000000000000000","SKJS":"饶从军","ISTK":0,"ZCMC":"1-9周","YPSJDD":"1-9周 星期四 第3节-第4节 南湖南-博学主楼-105,1-16周 星期二 第1节-第2节 南湖南-博学主楼-105,11-17周 星期四 第3节-第4节 南湖南-博学主楼-105","XF":4,"SKXQ":4,"XNXQDM":"2024-2025-2","KCM":"高等代数A1","JASDM":"0202040105","JXLDM":"020204","JXBID":"20242-06453","SKBJ":"数学类2410-12,金融sy2401","TYXMDM":null,"KCH":"10154117052"},{"KKDWDM":"071","XS":64,"BYBZ":"0","JSJC":2,"XXXQDM":"02","KXH":"05","KSJC":1,"XKZRS":135,"SKZC":"111111111000000000000000000000","SKJS":"陈凤娥","ISTK":0,"ZCMC":"1-9周","YPSJDD":"11-17周 星期四 第1节-第2节 南湖南-博学主楼-105,1-9周 星期四 第1节-第2节 南湖南-博学主楼-105,1-16周 星期二 第3节-第4节 南湖南-博学主楼-105","XF":4,"SKXQ":4,"XNXQDM":"2024-2025-2","KCM":"高等代数A1","JASDM":"0202040105","JXLDM":"020204","JXBID":"20242-10276","SKBJ":"数学类2404-06","TYXMDM":null,"KCH":"10154117052"},{"KKDWDM":"009","XS":24,"BYBZ":"0","JSJC":13,"XXXQDM":"02","KXH":"01","KSJC":11,"XKZRS":77,"SKZC":"111111110000000000000000","SKJS":"刘晨曦","ISTK":0,"ZCMC":"1-8周","YPSJDD":"1-8周 星期二 第11节-第13节 南湖南-博学主楼-105","XF":1,"SKXQ":2,"XNXQDM":"2024-2025-2","KCM":"感知结构概念","JASDM":"0202040105","JXLDM":"020204","JXBID":"20242-04622","SKBJ":"土木zy2301-05,岩土jd2301","TYXMDM":null,"KCH":"10096117161"},{"KKDWDM":"071","XS":88,"BYBZ":"0","JSJC":2,"XXXQDM":"02","KXH":"17","KSJC":1,"XKZRS":118,"SKZC":"111110000000000000000000000000","SKJS":"戴济能","ISTK":0,"ZCMC":"1-5周","YPSJDD":"11-15周 星期五 第1节-第2节 南湖南-博学主楼-105,1-15周 星期三 第3节-第4节 南湖南-博学主楼-105,12-14周 星期一 第1节-第2节 南湖南-博学主楼-105,7-9周 星期五 第1节-第2节 南湖南-博学主楼-105,16-17周 星期一 第1节-第2节 南湖南-博学主楼-105,1-5周 星期五 第1节-第2节 南湖南-博学主楼-105,1-10周 星期一 第1节-第2节 南湖南-博学主楼-105,9周 星期日 第1节-第2节 南湖南-博学主楼-105","XF":5,"SKXQ":5,"XNXQDM":"2024-2025-2","KCM":"高等数学A下","JASDM":"0202040105","JXLDM":"020204","JXBID":"20242-06372","SKBJ":"工设g2401-02,材料类2412-17","TYXMDM":null,"KCH":"10153121060"},{"KKDWDM":"071","XS":88,"BYBZ":"0","JSJC":4,"XXXQDM":"02","KXH":"05","KSJC":3,"XKZRS":129,"SKZC":"111110000000000000000000000000","SKJS":"陈东红","ISTK":0,"ZCMC":"1-5周","YPSJDD":"11-15周 星期五 第3节-第4节 南湖南-博学主楼-105,1-15周 星期三 第1节-第2节 南湖南-博学主楼-105,1-5周 星期五 第3节-第4节 南湖南-博学主楼-105,9周 星期日 第3节-第4节 南湖南-博学主楼-105,7-9周 星期五 第3节-第4节 南湖南-博学主楼-105,1-10周 星期一 第3节-第4节 南湖南-博学主楼-105,12-14周 星期一 第3节-第4节 南湖南-博学主楼-105,16-17周 星期一 第3节-第4节 南湖南-博学主楼-105","XF":5,"SKXQ":5,"XNXQDM":"2024-2025-2","KCM":"高等数学A下","JASDM":"0202040105","JXLDM":"020204","JXBID":"20242-06160","SKBJ":"电信类2417-18,通信zs2401","TYXMDM":null,"KCH":"10153121060"},{"KKDWDM":"038","XS":32,"BYBZ":"0","JSJC":7,"XXXQDM":"02","KXH":"17","KSJC":6,"XKZRS":116,"SKZC":"011111111111111100000000000000","SKJS":"汪平","ISTK":0,"ZCMC":"2-16周","YPSJDD":"2-16周 星期三 第6节-第7节 南湖南-博学主楼-105,1周 星期三 第6节-第7节 南湖南-博学主楼-507","XF":2,"SKXQ":3,"XNXQDM":"2024-2025-2","KCM":"军事理论","JASDM":"0202040105","JXLDM":"020204","JXBID":"20242-06143","SKBJ":"动画2402,设计学类2405-08","TYXMDM":null,"KCH":"10381121001"},{"KKDWDM":"071","XS":48,"BYBZ":"0","JSJC":8,"XXXQDM":"02","KXH":"06","KSJC":6,"XKZRS":140,"SKZC":"011111111111111100000000000000","SKJS":"彭宁宁","ISTK":0,"ZCMC":"2-16周","YPSJDD":"1周 星期二 第6节-第8节 南湖南-博学东楼-304,2-16周 星期二 第6节-第8节 南湖南-博学主楼-105","XF":3,"SKXQ":2,"XNXQDM":"2024-2025-2","KCM":"概率论与数理统计B","JASDM":"0202040105","JXLDM":"020204","JXBID":"20242-05137","SKBJ":"电信2304-06","TYXMDM":null,"KCH":"10155111054"},{"KKDWDM":"071","XS":88,"BYBZ":"0","JSJC":4,"XXXQDM":"02","KXH":"05","KSJC":3,"XKZRS":129,"SKZC":"000000111000000000000000000000","SKJS":"陈东红","ISTK":0,"ZCMC":"7-9周","YPSJDD":"11-15周 星期五 第3节-第4节 南湖南-博学主楼-105,1-15周 星期三 第1节-第2节 南湖南-博学主楼-105,1-5周 星期五 第3节-第4节 南湖南-博学主楼-105,9周 星期日 第3节-第4节 南湖南-博学主楼-105,7-9周 星期五 第3节-第4节 南湖南-博学主楼-105,1-10周 星期一 第3节-第4节 南湖南-博学主楼-105,12-14周 星期一 第3节-第4节 南湖南-博学主楼-105,16-17周 星期一 第3节-第4节 南湖南-博学主楼-105","XF":5,"SKXQ":5,"XNXQDM":"2024-2025-2","KCM":"高等数学A下","JASDM":"0202040105","JXLDM":"020204","JXBID":"20242-06160","SKBJ":"电信类2417-18,通信zs2401","TYXMDM":null,"KCH":"10153121060"},{"KKDWDM":"071","XS":88,"BYBZ":"0","JSJC":2,"XXXQDM":"02","KXH":"17","KSJC":1,"XKZRS":118,"SKZC":"000000111000000000000000000000","SKJS":"戴济能","ISTK":0,"ZCMC":"7-9周","YPSJDD":"11-15周 星期五 第1节-第2节 南湖南-博学主楼-105,1-15周 星期三 第3节-第4节 南湖南-博学主楼-105,12-14周 星期一 第1节-第2节 南湖南-博学主楼-105,7-9周 星期五 第1节-第2节 南湖南-博学主楼-105,16-17周 星期一 第1节-第2节 南湖南-博学主楼-105,1-5周 星期五 第1节-第2节 南湖南-博学主楼-105,1-10周 星期一 第1节-第2节 南湖南-博学主楼-105,9周 星期日 第1节-第2节 南湖南-博学主楼-105","XF":5,"SKXQ":5,"XNXQDM":"2024-2025-2","KCM":"高等数学A下","JASDM":"0202040105","JXLDM":"020204","JXBID":"20242-06372","SKBJ":"工设g2401-02,材料类2412-17","TYXMDM":null,"KCH":"10153121060"},{"KKDWDM":"071","XS":88,"BYBZ":"0","JSJC":4,"XXXQDM":"02","KXH":"05","KSJC":3,"XKZRS":129,"SKZC":"000000001000000000000000000000","SKJS":"陈东红","ISTK":0,"ZCMC":"9周","YPSJDD":"11-15周 星期五 第3节-第4节 南湖南-博学主楼-105,1-15周 星期三 第1节-第2节 南湖南-博学主楼-105,1-5周 星期五 第3节-第4节 南湖南-博学主楼-105,9周 星期日 第3节-第4节 南湖南-博学主楼-105,7-9周 星期五 第3节-第4节 南湖南-博学主楼-105,1-10周 星期一 第3节-第4节 南湖南-博学主楼-105,12-14周 星期一 第3节-第4节 南湖南-博学主楼-105,16-17周 星期一 第3节-第4节 南湖南-博学主楼-105","XF":5,"SKXQ":7,"XNXQDM":"2024-2025-2","KCM":"高等数学A下","JASDM":"0202040105","JXLDM":"020204","JXBID":"20242-06160","SKBJ":"电信类2417-18,通信zs2401","TYXMDM":null,"KCH":"10153121060"},{"KKDWDM":"071","XS":88,"BYBZ":"0","JSJC":2,"XXXQDM":"02","KXH":"17","KSJC":1,"XKZRS":118,"SKZC":"000000001000000000000000000000","SKJS":"戴济能","ISTK":0,"ZCMC":"9周","YPSJDD":"11-15周 星期五 第1节-第2节 南湖南-博学主楼-105,1-15周 星期三 第3节-第4节 南湖南-博学主楼-105,12-14周 星期一 第1节-第2节 南湖南-博学主楼-105,7-9周 星期五 第1节-第2节 南湖南-博学主楼-105,16-17周 星期一 第1节-第2节 南湖南-博学主楼-105,1-5周 星期五 第1节-第2节 南湖南-博学主楼-105,1-10周 星期一 第1节-第2节 南湖南-博学主楼-105,9周 星期日 第1节-第2节 南湖南-博学主楼-105","XF":5,"SKXQ":7,"XNXQDM":"2024-2025-2","KCM":"高等数学A下","JASDM":"0202040105","JXLDM":"020204","JXBID":"20242-06372","SKBJ":"工设g2401-02,材料类2412-17","TYXMDM":null,"KCH":"10153121060"},{"KKDWDM":"071","XS":64,"BYBZ":"0","JSJC":2,"XXXQDM":"02","KXH":"05","KSJC":1,"XKZRS":135,"SKZC":"000000000011111110000000000000","SKJS":"陈凤娥","ISTK":0,"ZCMC":"11-17周","YPSJDD":"11-17周 星期四 第1节-第2节 南湖南-博学主楼-105,1-9周 星期四 第1节-第2节 南湖南-博学主楼-105,1-16周 星期二 第3节-第4节 南湖南-博学主楼-105","XF":4,"SKXQ":4,"XNXQDM":"2024-2025-2","KCM":"高等代数A1","JASDM":"0202040105","JXLDM":"020204","JXBID":"20242-10276","SKBJ":"数学类2404-06","TYXMDM":null,"KCH":"10154117052"},{"KKDWDM":"071","XS":64,"BYBZ":"0","JSJC":4,"XXXQDM":"02","KXH":"04","KSJC":3,"XKZRS":139,"SKZC":"000000000011111110000000000000","SKJS":"饶从军","ISTK":0,"ZCMC":"11-17周","YPSJDD":"1-9周 星期四 第3节-第4节 南湖南-博学主楼-105,1-16周 星期二 第1节-第2节 南湖南-博学主楼-105,11-17周 星期四 第3节-第4节 南湖南-博学主楼-105","XF":4,"SKXQ":4,"XNXQDM":"2024-2025-2","KCM":"高等代数A1","JASDM":"0202040105","JXLDM":"020204","JXBID":"20242-06453","SKBJ":"数学类2410-12,金融sy2401","TYXMDM":null,"KCH":"10154117052"},{"KKDWDM":"071","XS":88,"BYBZ":"0","JSJC":2,"XXXQDM":"02","KXH":"17","KSJC":1,"XKZRS":118,"SKZC":"000000000011111000000000000000","SKJS":"戴济能","ISTK":0,"ZCMC":"11-15周","YPSJDD":"11-15周 星期五 第1节-第2节 南湖南-博学主楼-105,1-15周 星期三 第3节-第4节 南湖南-博学主楼-105,12-14周 星期一 第1节-第2节 南湖南-博学主楼-105,7-9周 星期五 第1节-第2节 南湖南-博学主楼-105,16-17周 星期一 第1节-第2节 南湖南-博学主楼-105,1-5周 星期五 第1节-第2节 南湖南-博学主楼-105,1-10周 星期一 第1节-第2节 南湖南-博学主楼-105,9周 星期日 第1节-第2节 南湖南-博学主楼-105","XF":5,"SKXQ":5,"XNXQDM":"2024-2025-2","KCM":"高等数学A下","JASDM":"0202040105","JXLDM":"020204","JXBID":"20242-06372","SKBJ":"工设g2401-02,材料类2412-17","TYXMDM":null,"KCH":"10153121060"},{"KKDWDM":"071","XS":88,"BYBZ":"0","JSJC":4,"XXXQDM":"02","KXH":"05","KSJC":3,"XKZRS":129,"SKZC":"000000000011111000000000000000","SKJS":"陈东红","ISTK":0,"ZCMC":"11-15周","YPSJDD":"11-15周 星期五 第3节-第4节 南湖南-博学主楼-105,1-15周 星期三 第1节-第2节 南湖南-博学主楼-105,1-5周 星期五 第3节-第4节 南湖南-博学主楼-105,9周 星期日 第3节-第4节 南湖南-博学主楼-105,7-9周 星期五 第3节-第4节 南湖南-博学主楼-105,1-10周 星期一 第3节-第4节 南湖南-博学主楼-105,12-14周 星期一 第3节-第4节 南湖南-博学主楼-105,16-17周 星期一 第3节-第4节 南湖南-博学主楼-105","XF":5,"SKXQ":5,"XNXQDM":"2024-2025-2","KCM":"高等数学A下","JASDM":"0202040105","JXLDM":"020204","JXBID":"20242-06160","SKBJ":"电信类2417-18,通信zs2401","TYXMDM":null,"KCH":"10153121060"},{"KKDWDM":"071","XS":88,"BYBZ":"0","JSJC":4,"XXXQDM":"02","KXH":"05","KSJC":3,"XKZRS":129,"SKZC":"000000000001110000000000000000","SKJS":"陈东红","ISTK":0,"ZCMC":"12-14周","YPSJDD":"11-15周 星期五 第3节-第4节 南湖南-博学主楼-105,1-15周 星期三 第1节-第2节 南湖南-博学主楼-105,1-5周 星期五 第3节-第4节 南湖南-博学主楼-105,9周 星期日 第3节-第4节 南湖南-博学主楼-105,7-9周 星期五 第3节-第4节 南湖南-博学主楼-105,1-10周 星期一 第3节-第4节 南湖南-博学主楼-105,12-14周 星期一 第3节-第4节 南湖南-博学主楼-105,16-17周 星期一 第3节-第4节 南湖南-博学主楼-105","XF":5,"SKXQ":1,"XNXQDM":"2024-2025-2","KCM":"高等数学A下","JASDM":"0202040105","JXLDM":"020204","JXBID":"20242-06160","SKBJ":"电信类2417-18,通信zs2401","TYXMDM":null,"KCH":"10153121060"},{"KKDWDM":"071","XS":88,"BYBZ":"0","JSJC":2,"XXXQDM":"02","KXH":"17","KSJC":1,"XKZRS":118,"SKZC":"000000000001110000000000000000","SKJS":"戴济能","ISTK":0,"ZCMC":"12-14周","YPSJDD":"11-15周 星期五 第1节-第2节 南湖南-博学主楼-105,1-15周 星期三 第3节-第4节 南湖南-博学主楼-105,12-14周 星期一 第1节-第2节 南湖南-博学主楼-105,7-9周 星期五 第1节-第2节 南湖南-博学主楼-105,16-17周 星期一 第1节-第2节 南湖南-博学主楼-105,1-5周 星期五 第1节-第2节 南湖南-博学主楼-105,1-10周 星期一 第1节-第2节 南湖南-博学主楼-105,9周 星期日 第1节-第2节 南湖南-博学主楼-105","XF":5,"SKXQ":1,"XNXQDM":"2024-2025-2","KCM":"高等数学A下","JASDM":"0202040105","JXLDM":"020204","JXBID":"20242-06372","SKBJ":"工设g2401-02,材料类2412-17","TYXMDM":null,"KCH":"10153121060"},{"KKDWDM":"071","XS":40,"BYBZ":"0","JSJC":7,"XXXQDM":"02","KXH":"38","KSJC":6,"XKZRS":140,"SKZC":"000000000000010100000000","SKJS":"高琦","ISTK":0,"ZCMC":"14-16周(双)","YPSJDD":"14-16周(双) 星期一 第6节-第7节 南湖南-博学主楼-105,1-10周,12-13周 星期一 第6节-第8节 南湖南-博学主楼-105","XF":2,"SKXQ":1,"XNXQDM":"2024-2025-2","KCM":"线性代数","JASDM":"0202040105","JXLDM":"020204","JXBID":"20242-11759","SKBJ":"土木类2409-12","TYXMDM":null,"KCH":"10153111001"},{"KKDWDM":"071","XS":88,"BYBZ":"0","JSJC":4,"XXXQDM":"02","KXH":"05","KSJC":3,"XKZRS":129,"SKZC":"000000000000000110000000000000","SKJS":"陈东红","ISTK":0,"ZCMC":"16-17周","YPSJDD":"11-15周 星期五 第3节-第4节 南湖南-博学主楼-105,1-15周 星期三 第1节-第2节 南湖南-博学主楼-105,1-5周 星期五 第3节-第4节 南湖南-博学主楼-105,9周 星期日 第3节-第4节 南湖南-博学主楼-105,7-9周 星期五 第3节-第4节 南湖南-博学主楼-105,1-10周 星期一 第3节-第4节 南湖南-博学主楼-105,12-14周 星期一 第3节-第4节 南湖南-博学主楼-105,16-17周 星期一 第3节-第4节 南湖南-博学主楼-105","XF":5,"SKXQ":1,"XNXQDM":"2024-2025-2","KCM":"高等数学A下","JASDM":"0202040105","JXLDM":"020204","JXBID":"20242-06160","SKBJ":"电信类2417-18,通信zs2401","TYXMDM":null,"KCH":"10153121060"},{"KKDWDM":"071","XS":88,"BYBZ":"0","JSJC":2,"XXXQDM":"02","KXH":"17","KSJC":1,"XKZRS":118,"SKZC":"000000000000000110000000000000","SKJS":"戴济能","ISTK":0,"ZCMC":"16-17周","YPSJDD":"11-15周 星期五 第1节-第2节 南湖南-博学主楼-105,1-15周 星期三 第3节-第4节 南湖南-博学主楼-105,12-14周 星期一 第1节-第2节 南湖南-博学主楼-105,7-9周 星期五 第1节-第2节 南湖南-博学主楼-105,16-17周 星期一 第1节-第2节 南湖南-博学主楼-105,1-5周 星期五 第1节-第2节 南湖南-博学主楼-105,1-10周 星期一 第1节-第2节 南湖南-博学主楼-105,9周 星期日 第1节-第2节 南湖南-博学主楼-105","XF":5,"SKXQ":1,"XNXQDM":"2024-2025-2","KCM":"高等数学A下","JASDM":"0202040105","JXLDM":"020204","JXBID":"20242-06372","SKBJ":"工设g2401-02,材料类2412-17","TYXMDM":null,"KCH":"10153121060"}]}},"code":"0"}