{"datas":{"jaskcb":{"extParams":{"code":1,"msg":"查询成功"},"pageSize":0,"pageNumber":0,"totalSize":-1,"rows":[{"KKDWDM":"018","XS":64,"BYBZ":"0","JSJC":4,"XXXQDM":"02","KXH":"01","KSJC":3,"XKZRS":21,"SKZC":"111111111111110000000000000000","SKJS":"寇津春","ISTK":0,"ZCMC":"1-14周","YPSJDD":"12-14周 星期一 第3节-第4节 南湖南-博学西楼-216,16周 星期一 第3节-第4节 南湖南-博学西楼-216,1-14周 星期三 第3节-第4节 南湖南-博学西楼-216,1-10周 星期一 第3节-第4节 南湖南-博学西楼-216","XF":4,"SKXQ":3,"XNXQDM":"2024-2025-2","KCM":"计量经济学","JASDM":"0202030216","JXLDM":"020203","JXBID":"20242-05462","SKBJ":"国贸留2301","TYXMDM":null,"KCH":"30184119003"},{"KKDWDM":"018","XS":64,"BYBZ":"0","JSJC":4,"XXXQDM":"02","KXH":"01","KSJC":3,"XKZRS":21,"SKZC":"111111111100000000000000000000","SKJS":"寇津春","ISTK":0,"ZCMC":"1-10周","YPSJDD":"12-14周 星期一 第3节-第4节 南湖南-博学西楼-216,16周 星期一 第3节-第4节 南湖南-博学西楼-216,1-14周 星期三 第3节-第4节 南湖南-博学西楼-216,1-10周 星期一 第3节-第4节 南湖南-博学西楼-216","XF":4,"SKXQ":1,"XNXQDM":"2024-2025-2","KCM":"计量经济学","JASDM":"0202030216","JXLDM":"020203","JXBID":"20242-05462","SKBJ":"国贸留2301","TYXMDM":null,"KCH":"30184119003"},{"KKDWDM":"018","XS":56,"BYBZ":"0","JSJC":4,"XXXQDM":"02","KXH":"01","KSJC":3,"XKZRS":22,"SKZC":"111111111000000000000000000000","SKJS":"许黎惠","ISTK":0,"ZCMC":"1-9周","YPSJDD":"16周 星期一 第1节-第2节 南湖南-博学西楼-218,11-15周 星期四 第3节-第4节 南湖南-博学西楼-216,1-10周 星期一 第1节-第2节 南湖南-博学西楼-218,12-14周 星期一 第1节-第2节 南湖南-博学西楼-218,1-9周 星期四 第3节-第4节 南湖南-博学西楼-216","XF":3,"SKXQ":4,"XNXQDM":"2024-2025-2","KCM":"国际金融学","JASDM":"0202030216","JXLDM":"020203","JXBID":"20242-04679","SKBJ":"国贸留2301","TYXMDM":null,"KCH":"30185119001"},{"KKDWDM":"010","XS":16,"BYBZ":"0","JSJC":2,"XXXQDM":"02","KXH":"01","KSJC":1,"XKZRS":48,"SKZC":"11111111","SKJS":"柯波","ISTK":0,"ZCMC":"1-8周","YPSJDD":"1-8周 星期四 第1节-第2节 南湖南-博学西楼-216","XF":1,"SKXQ":4,"XNXQDM":"2024-2025-2","KCM":"资源开发创新创业","JASDM":"0202030216","JXLDM":"020203","JXBID":"20242-05626","SKBJ":"采矿2301-02","TYXMDM":null,"KCH":"10104117045"},{"KKDWDM":"010","XS":32,"BYBZ":"0","JSJC":7,"XXXQDM":"02","KXH":"01","KSJC":6,"XKZRS":43,"SKZC":"11111111","SKJS":"张烨","ISTK":0,"ZCMC":"1-8周","YPSJDD":"1-8周 星期一 第6节-第7节 南湖南-博学西楼-216,1-8周 星期三 第6节-第7节 南湖南-博学西楼-216","XF":2,"SKXQ":1,"XNXQDM":"2024-2025-2","KCM":"矿物加工机械","JASDM":"0202030216","JXLDM":"020203","JXBID":"20242-02331","SKBJ":"矿物zy2201-02","TYXMDM":null,"KCH":"10105121017"},{"KKDWDM":"010","XS":32,"BYBZ":"0","JSJC":7,"XXXQDM":"02","KXH":"01","KSJC":6,"XKZRS":43,"SKZC":"11111111","SKJS":"张烨","ISTK":0,"ZCMC":"1-8周","YPSJDD":"1-8周 星期一 第6节-第7节 南湖南-博学西楼-216,1-8周 星期三 第6节-第7节 南湖南-博学西楼-216","XF":2,"SKXQ":3,"XNXQDM":"2024-2025-2","KCM":"矿物加工机械","JASDM":"0202030216","JXLDM":"020203","JXBID":"20242-02331","SKBJ":"矿物zy2201-02","TYXMDM":null,"KCH":"10105121017"},{"KKDWDM":"018","XS":48,"BYBZ":"0","JSJC":5,"XXXQDM":"02","KXH":"01","KSJC":3,"XKZRS":20,"SKZC":"111110000000000000000000000000","SKJS":"田祖海,黄艳希","ISTK":0,"ZCMC":"1-5周","YPSJDD":"7-9周 星期五 第3节-第5节 南湖南-博学西楼-216,1-5周 星期五 第3节-第5节 南湖南-博学西楼-216,11-16周 星期五 第3节-第5节 南湖南-博学西楼-216,17周 星期三 第3节-第5节 南湖南-博学西楼-216,9周 星期日 第3节-第5节 南湖南-博学西楼-216","XF":3,"SKXQ":5,"XNXQDM":"2024-2025-2","KCM":"世界经济","JASDM":"0202030216","JXLDM":"020203","JXBID":"20242-05826","SKBJ":"国贸留2301","TYXMDM":null,"KCH":"30184119014"},{"KKDWDM":"018","XS":48,"BYBZ":"0","JSJC":5,"XXXQDM":"02","KXH":"01","KSJC":3,"XKZRS":20,"SKZC":"000000111000000000000000000000","SKJS":"田祖海,黄艳希","ISTK":0,"ZCMC":"7-9周","YPSJDD":"7-9周 星期五 第3节-第5节 南湖南-博学西楼-216,1-5周 星期五 第3节-第5节 南湖南-博学西楼-216,11-16周 星期五 第3节-第5节 南湖南-博学西楼-216,17周 星期三 第3节-第5节 南湖南-博学西楼-216,9周 星期日 第3节-第5节 南湖南-博学西楼-216","XF":3,"SKXQ":5,"XNXQDM":"2024-2025-2","KCM":"世界经济","JASDM":"0202030216","JXLDM":"020203","JXBID":"20242-05826","SKBJ":"国贸留2301","TYXMDM":null,"KCH":"30184119014"},{"KKDWDM":"007","XS":24,"BYBZ":"0","JSJC":8,"XXXQDM":"02","KXH":"02","KSJC":6,"XKZRS":33,"SKZC":"0000000011111111","SKJS":"路晓辉","ISTK":0,"ZCMC":"9-16周","YPSJDD":"9-16周 星期三 第6节-第8节 南湖南-博学西楼-216","XF":1,"SKXQ":3,"XNXQDM":"2024-2025-2","KCM":"机械制造基础","JASDM":"0202030216","JXLDM":"020203","JXBID":"20242-05875","SKBJ":"车辆zy2301","TYXMDM":null,"KCH":"10074117101"},{"KKDWDM":"009","XS":24,"BYBZ":"0","JSJC":8,"XXXQDM":"02","KXH":"01","KSJC":6,"XKZRS":36,"SKZC":"000000001111110000000000","SKJS":"李彩","ISTK":0,"ZCMC":"9-14周","YPSJDD":"15周 星期二 第6节-第7节 南湖南-博学西楼-216,9-14周 星期二 第6节-第8节 南湖南-博学西楼-216","XF":1,"SKXQ":2,"XNXQDM":"2024-2025-2","KCM":"建筑策划原理","JASDM":"0202030216","JXLDM":"020203","JXBID":"20242-03319","SKBJ":"建筑学2201-02","TYXMDM":null,"KCH":"10095121040"},{"KKDWDM":"009","XS":16,"BYBZ":"0","JSJC":2,"XXXQDM":"02","KXH":"01","KSJC":1,"XKZRS":51,"SKZC":"000000001100000000000000000000","SKJS":"张倩","ISTK":0,"ZCMC":"9-10周","YPSJDD":"16-17周 星期一 第1节-第2节 南湖南-博学西楼-216,9-10周 星期一 第1节-第2节 南湖南-博学西楼-216,17周 星期二 第1节-第2节 南湖南-博学西楼-216,12-14周 星期一 第1节-第2节 南湖南-博学西楼-216","XF":1,"SKXQ":1,"XNXQDM":"2024-2025-2","KCM":"给排水新技术与创新创业","JASDM":"0202030216","JXLDM":"020203","JXBID":"20242-02073","SKBJ":"给排水2201","TYXMDM":null,"KCH":"10094117055"},{"KKDWDM":"018","XS":48,"BYBZ":"0","JSJC":5,"XXXQDM":"02","KXH":"01","KSJC":3,"XKZRS":20,"SKZC":"000000001000000000000000000000","SKJS":"田祖海,黄艳希","ISTK":0,"ZCMC":"9周","YPSJDD":"7-9周 星期五 第3节-第5节 南湖南-博学西楼-216,1-5周 星期五 第3节-第5节 南湖南-博学西楼-216,11-16周 星期五 第3节-第5节 南湖南-博学西楼-216,17周 星期三 第3节-第5节 南湖南-博学西楼-216,9周 星期日 第3节-第5节 南湖南-博学西楼-216","XF":3,"SKXQ":7,"XNXQDM":"2024-2025-2","KCM":"世界经济","JASDM":"0202030216","JXLDM":"020203","JXBID":"20242-05826","SKBJ":"国贸留2301","TYXMDM":null,"KCH":"30184119014"},{"KKDWDM":"018","XS":48,"BYBZ":"0","JSJC":5,"XXXQDM":"02","KXH":"01","KSJC":3,"XKZRS":20,"SKZC":"000000000011111100000000000000","SKJS":"田祖海,黄艳希","ISTK":0,"ZCMC":"11-16周","YPSJDD":"7-9周 星期五 第3节-第5节 南湖南-博学西楼-216,1-5周 星期五 第3节-第5节 南湖南-博学西楼-216,11-16周 星期五 第3节-第5节 南湖南-博学西楼-216,17周 星期三 第3节-第5节 南湖南-博学西楼-216,9周 星期日 第3节-第5节 南湖南-博学西楼-216","XF":3,"SKXQ":5,"XNXQDM":"2024-2025-2","KCM":"世界经济","JASDM":"0202030216","JXLDM":"020203","JXBID":"20242-05826","SKBJ":"国贸留2301","TYXMDM":null,"KCH":"30184119014"},{"KKDWDM":"018","XS":56,"BYBZ":"0","JSJC":4,"XXXQDM":"02","KXH":"01","KSJC":3,"XKZRS":22,"SKZC":"000000000011111000000000000000","SKJS":"许黎惠","ISTK":0,"ZCMC":"11-15周","YPSJDD":"16周 星期一 第1节-第2节 南湖南-博学西楼-218,11-15周 星期四 第3节-第4节 南湖南-博学西楼-216,1-10周 星期一 第1节-第2节 南湖南-博学西楼-218,12-14周 星期一 第1节-第2节 南湖南-博学西楼-218,1-9周 星期四 第3节-第4节 南湖南-博学西楼-216","XF":3,"SKXQ":4,"XNXQDM":"2024-2025-2","KCM":"国际金融学","JASDM":"0202030216","JXLDM":"020203","JXBID":"20242-04679","SKBJ":"国贸留2301","TYXMDM":null,"KCH":"30185119001"},{"KKDWDM":"018","XS":64,"BYBZ":"0","JSJC":4,"XXXQDM":"02","KXH":"01","KSJC":3,"XKZRS":21,"SKZC":"000000000001110000000000000000","SKJS":"寇津春","ISTK":0,"ZCMC":"12-14周","YPSJDD":"12-14周 星期一 第3节-第4节 南湖南-博学西楼-216,16周 星期一 第3节-第4节 南湖南-博学西楼-216,1-14周 星期三 第3节-第4节 南湖南-博学西楼-216,1-10周 星期一 第3节-第4节 南湖南-博学西楼-216","XF":4,"SKXQ":1,"XNXQDM":"2024-2025-2","KCM":"计量经济学","JASDM":"0202030216","JXLDM":"020203","JXBID":"20242-05462","SKBJ":"国贸留2301","TYXMDM":null,"KCH":"30184119003"},{"KKDWDM":"009","XS":16,"BYBZ":"0","JSJC":2,"XXXQDM":"02","KXH":"01","KSJC":1,"XKZRS":51,"SKZC":"000000000001110000000000000000","SKJS":"张倩","ISTK":0,"ZCMC":"12-14周","YPSJDD":"16-17周 星期一 第1节-第2节 南湖南-博学西楼-216,9-10周 星期一 第1节-第2节 南湖南-博学西楼-216,17周 星期二 第1节-第2节 南湖南-博学西楼-216,12-14周 星期一 第1节-第2节 南湖南-博学西楼-216","XF":1,"SKXQ":1,"XNXQDM":"2024-2025-2","KCM":"给排水新技术与创新创业","JASDM":"0202030216","JXLDM":"020203","JXBID":"20242-02073","SKBJ":"给排水2201","TYXMDM":null,"KCH":"10094117055"},{"KKDWDM":"009","XS":24,"BYBZ":"0","JSJC":7,"XXXQDM":"02","KXH":"01","KSJC":6,"XKZRS":36,"SKZC":"000000000000001000000000","SKJS":"李彩","ISTK":0,"ZCMC":"15周","YPSJDD":"15周 星期二 第6节-第7节 南湖南-博学西楼-216,9-14周 星期二 第6节-第8节 南湖南-博学西楼-216","XF":1,"SKXQ":2,"XNXQDM":"2024-2025-2","KCM":"建筑策划原理","JASDM":"0202030216","JXLDM":"020203","JXBID":"20242-03319","SKBJ":"建筑学2201-02","TYXMDM":null,"KCH":"10095121040"},{"KKDWDM":"009","XS":16,"BYBZ":"0","JSJC":2,"XXXQDM":"02","KXH":"01","KSJC":1,"XKZRS":51,"SKZC":"000000000000000110000000000000","SKJS":"张倩","ISTK":0,"ZCMC":"16-17周","YPSJDD":"16-17周 星期一 第1节-第2节 南湖南-博学西楼-216,9-10周 星期一 第1节-第2节 南湖南-博学西楼-216,17周 星期二 第1节-第2节 南湖南-博学西楼-216,12-14周 星期一 第1节-第2节 南湖南-博学西楼-216","XF":1,"SKXQ":1,"XNXQDM":"2024-2025-2","KCM":"给排水新技术与创新创业","JASDM":"0202030216","JXLDM":"020203","JXBID":"20242-02073","SKBJ":"给排水2201","TYXMDM":null,"KCH":"10094117055"},{"KKDWDM":"018","XS":64,"BYBZ":"0","JSJC":4,"XXXQDM":"02","KXH":"01","KSJC":3,"XKZRS":21,"SKZC":"000000000000000100000000000000","SKJS":"寇津春","ISTK":0,"ZCMC":"16周","YPSJDD":"12-14周 星期一 第3节-第4节 南湖南-博学西楼-216,16周 星期一 第3节-第4节 南湖南-博学西楼-216,1-14周 星期三 第3节-第4节 南湖南-博学西楼-216,1-10周 星期一 第3节-第4节 南湖南-博学西楼-216","XF":4,"SKXQ":1,"XNXQDM":"2024-2025-2","KCM":"计量经济学","JASDM":"0202030216","JXLDM":"020203","JXBID":"20242-05462","SKBJ":"国贸留2301","TYXMDM":null,"KCH":"30184119003"},{"KKDWDM":"009","XS":16,"BYBZ":"0","JSJC":2,"XXXQDM":"02","KXH":"01","KSJC":1,"XKZRS":51,"SKZC":"000000000000000010000000000000","SKJS":"张倩","ISTK":0,"ZCMC":"17周","YPSJDD":"16-17周 星期一 第1节-第2节 南湖南-博学西楼-216,9-10周 星期一 第1节-第2节 南湖南-博学西楼-216,17周 星期二 第1节-第2节 南湖南-博学西楼-216,12-14周 星期一 第1节-第2节 南湖南-博学西楼-216","XF":1,"SKXQ":2,"XNXQDM":"2024-2025-2","KCM":"给排水新技术与创新创业","JASDM":"0202030216","JXLDM":"020203","JXBID":"20242-02073","SKBJ":"给排水2201","TYXMDM":null,"KCH":"10094117055"},{"KKDWDM":"018","XS":48,"BYBZ":"0","JSJC":5,"XXXQDM":"02","KXH":"01","KSJC":3,"XKZRS":20,"SKZC":"000000000000000010000000000000","SKJS":"田祖海,黄艳希","ISTK":0,"ZCMC":"17周","YPSJDD":"7-9周 星期五 第3节-第5节 南湖南-博学西楼-216,1-5周 星期五 第3节-第5节 南湖南-博学西楼-216,11-16周 星期五 第3节-第5节 南湖南-博学西楼-216,17周 星期三 第3节-第5节 南湖南-博学西楼-216,9周 星期日 第3节-第5节 南湖南-博学西楼-216","XF":3,"SKXQ":3,"XNXQDM":"2024-2025-2","KCM":"世界经济","JASDM":"0202030216","JXLDM":"020203","JXBID":"20242-05826","SKBJ":"国贸留2301","TYXMDM":null,"KCH":"30184119014"}]}},"code":"0"}