{"datas":{"jaskcb":{"extParams":{"code":1,"msg":"查询成功"},"pageSize":0,"pageNumber":0,"totalSize":-1,"rows":[{"KKDWDM":"020","XS":32,"BYBZ":"0","JSJC":2,"XXXQDM":"02","KXH":"26","KSJC":1,"XKZRS":35,"SKZC":"1111111111111111","SKJS":"喻梅","ISTK":0,"ZCMC":"1-16周","YPSJDD":"1-16周 星期二 第1节-第2节 南湖南-博学北楼-406","XF":2,"SKXQ":2,"XNXQDM":"2024-2025-2","KCM":"大学英语3","JASDM":"0202010406","JXLDM":"020201","JXBID":"20242-12588","SKBJ":"公选-12588","TYXMDM":"11","KCH":"10201121072"},{"KKDWDM":"020","XS":32,"BYBZ":"0","JSJC":4,"XXXQDM":"02","KXH":"35","KSJC":3,"XKZRS":35,"SKZC":"1111111111111111","SKJS":"喻梅","ISTK":0,"ZCMC":"1-16周","YPSJDD":"1-16周 星期二 第3节-第4节 南湖南-博学北楼-406","XF":2,"SKXQ":2,"XNXQDM":"2024-2025-2","KCM":"大学英语3","JASDM":"0202010406","JXLDM":"020201","JXBID":"20242-12606","SKBJ":"公选-12606","TYXMDM":"11","KCH":"10201121072"},{"KKDWDM":"020","XS":32,"BYBZ":"0","JSJC":4,"XXXQDM":"02","KXH":"53","KSJC":3,"XKZRS":34,"SKZC":"1111111111111111","SKJS":"杨青","ISTK":0,"ZCMC":"1-16周","YPSJDD":"1-16周 星期三 第3节-第4节 南湖南-博学北楼-406","XF":2,"SKXQ":3,"XNXQDM":"2024-2025-2","KCM":"大学英语3","JASDM":"0202010406","JXLDM":"020201","JXBID":"20242-12642","SKBJ":"公选-12642","TYXMDM":"11","KCH":"10201121072"},{"KKDWDM":"020","XS":32,"BYBZ":"0","JSJC":2,"XXXQDM":"02","KXH":"44","KSJC":1,"XKZRS":34,"SKZC":"1111111111111111","SKJS":"杨青","ISTK":0,"ZCMC":"1-16周","YPSJDD":"1-16周 星期三 第1节-第2节 南湖南-博学北楼-406","XF":2,"SKXQ":3,"XNXQDM":"2024-2025-2","KCM":"大学英语3","JASDM":"0202010406","JXLDM":"020201","JXBID":"20242-12624","SKBJ":"公选-12624","TYXMDM":"11","KCH":"10201121072"},{"KKDWDM":"020","XS":32,"BYBZ":"0","JSJC":4,"XXXQDM":"02","KXH":"17","KSJC":3,"XKZRS":28,"SKZC":"111111111100000000000000000000","SKJS":"杨青","ISTK":0,"ZCMC":"1-10周","YPSJDD":"16-17周 星期一 第3节-第4节 南湖南-博学北楼-406,17周 星期二 第3节-第4节 南湖南-博学北楼-406,12-14周 星期一 第3节-第4节 南湖南-博学北楼-406,1-10周 星期一 第3节-第4节 南湖南-博学北楼-406","XF":2,"SKXQ":1,"XNXQDM":"2024-2025-2","KCM":"大学英语3","JASDM":"0202010406","JXLDM":"020201","JXBID":"20242-12570","SKBJ":"公选-12570","TYXMDM":"11","KCH":"10201121072"},{"KKDWDM":"020","XS":32,"BYBZ":"0","JSJC":2,"XXXQDM":"02","KXH":"08","KSJC":1,"XKZRS":36,"SKZC":"111111111100000000000000000000","SKJS":"杨青","ISTK":0,"ZCMC":"1-10周","YPSJDD":"1-10周 星期一 第1节-第2节 南湖南-博学北楼-406,17周 星期二 第1节-第2节 南湖南-博学北楼-406,16-17周 星期一 第1节-第2节 南湖南-博学北楼-406,12-14周 星期一 第1节-第2节 南湖南-博学北楼-406","XF":2,"SKXQ":1,"XNXQDM":"2024-2025-2","KCM":"大学英语3","JASDM":"0202010406","JXLDM":"020201","JXBID":"20242-12552","SKBJ":"公选-12552","TYXMDM":"11","KCH":"10201121072"},{"KKDWDM":"020","XS":32,"BYBZ":"0","JSJC":4,"XXXQDM":"02","KXH":"71","KSJC":3,"XKZRS":35,"SKZC":"111111111000000000000000000000","SKJS":"喻梅","ISTK":0,"ZCMC":"1-9周","YPSJDD":"1-9周 星期四 第3节-第4节 南湖南-博学北楼-406,11-17周 星期四 第3节-第4节 南湖南-博学北楼-406","XF":2,"SKXQ":4,"XNXQDM":"2024-2025-2","KCM":"大学英语3","JASDM":"0202010406","JXLDM":"020201","JXBID":"20242-12678","SKBJ":"公选-12678","TYXMDM":"11","KCH":"10201121072"},{"KKDWDM":"020","XS":32,"BYBZ":"0","JSJC":2,"XXXQDM":"02","KXH":"62","KSJC":1,"XKZRS":34,"SKZC":"111111111000000000000000000000","SKJS":"喻梅","ISTK":0,"ZCMC":"1-9周","YPSJDD":"1-9周 星期四 第1节-第2节 南湖南-博学北楼-406,11-17周 星期四 第1节-第2节 南湖南-博学北楼-406","XF":2,"SKXQ":4,"XNXQDM":"2024-2025-2","KCM":"大学英语3","JASDM":"0202010406","JXLDM":"020201","JXBID":"20242-12660","SKBJ":"公选-12660","TYXMDM":"11","KCH":"10201121072"},{"KKDWDM":"020","XS":32,"BYBZ":"0","JSJC":4,"XXXQDM":"02","KXH":"89","KSJC":3,"XKZRS":35,"SKZC":"111110000000000000000000000000","SKJS":"喻梅","ISTK":0,"ZCMC":"1-5周","YPSJDD":"9周 星期日 第3节-第4节 南湖南-博学北楼-406,7-9周 星期五 第3节-第4节 南湖南-博学北楼-406,1-5周 星期五 第3节-第4节 南湖南-博学北楼-406,17周 星期三 第3节-第4节 南湖南-博学北楼-406,11-16周 星期五 第3节-第4节 南湖南-博学北楼-406","XF":2,"SKXQ":5,"XNXQDM":"2024-2025-2","KCM":"大学英语3","JASDM":"0202010406","JXLDM":"020201","JXBID":"20242-12712","SKBJ":"公选-12712","TYXMDM":"11","KCH":"10201121072"},{"KKDWDM":"020","XS":32,"BYBZ":"0","JSJC":2,"XXXQDM":"02","KXH":"80","KSJC":1,"XKZRS":35,"SKZC":"111110000000000000000000000000","SKJS":"喻梅","ISTK":0,"ZCMC":"1-5周","YPSJDD":"1-5周 星期五 第1节-第2节 南湖南-博学北楼-406,7-9周 星期五 第1节-第2节 南湖南-博学北楼-406,11-16周 星期五 第1节-第2节 南湖南-博学北楼-406,17周 星期三 第1节-第2节 南湖南-博学北楼-406,9周 星期日 第1节-第2节 南湖南-博学北楼-406","XF":2,"SKXQ":5,"XNXQDM":"2024-2025-2","KCM":"大学英语3","JASDM":"0202010406","JXLDM":"020201","JXBID":"20242-12695","SKBJ":"公选-12695","TYXMDM":"11","KCH":"10201121072"},{"KKDWDM":"020","XS":32,"BYBZ":"0","JSJC":2,"XXXQDM":"02","KXH":"80","KSJC":1,"XKZRS":35,"SKZC":"000000111000000000000000000000","SKJS":"喻梅","ISTK":0,"ZCMC":"7-9周","YPSJDD":"1-5周 星期五 第1节-第2节 南湖南-博学北楼-406,7-9周 星期五 第1节-第2节 南湖南-博学北楼-406,11-16周 星期五 第1节-第2节 南湖南-博学北楼-406,17周 星期三 第1节-第2节 南湖南-博学北楼-406,9周 星期日 第1节-第2节 南湖南-博学北楼-406","XF":2,"SKXQ":5,"XNXQDM":"2024-2025-2","KCM":"大学英语3","JASDM":"0202010406","JXLDM":"020201","JXBID":"20242-12695","SKBJ":"公选-12695","TYXMDM":"11","KCH":"10201121072"},{"KKDWDM":"020","XS":32,"BYBZ":"0","JSJC":4,"XXXQDM":"02","KXH":"89","KSJC":3,"XKZRS":35,"SKZC":"000000111000000000000000000000","SKJS":"喻梅","ISTK":0,"ZCMC":"7-9周","YPSJDD":"9周 星期日 第3节-第4节 南湖南-博学北楼-406,7-9周 星期五 第3节-第4节 南湖南-博学北楼-406,1-5周 星期五 第3节-第4节 南湖南-博学北楼-406,17周 星期三 第3节-第4节 南湖南-博学北楼-406,11-16周 星期五 第3节-第4节 南湖南-博学北楼-406","XF":2,"SKXQ":5,"XNXQDM":"2024-2025-2","KCM":"大学英语3","JASDM":"0202010406","JXLDM":"020201","JXBID":"20242-12712","SKBJ":"公选-12712","TYXMDM":"11","KCH":"10201121072"},{"KKDWDM":"020","XS":32,"BYBZ":"0","JSJC":2,"XXXQDM":"02","KXH":"80","KSJC":1,"XKZRS":35,"SKZC":"000000001000000000000000000000","SKJS":"喻梅","ISTK":0,"ZCMC":"9周","YPSJDD":"1-5周 星期五 第1节-第2节 南湖南-博学北楼-406,7-9周 星期五 第1节-第2节 南湖南-博学北楼-406,11-16周 星期五 第1节-第2节 南湖南-博学北楼-406,17周 星期三 第1节-第2节 南湖南-博学北楼-406,9周 星期日 第1节-第2节 南湖南-博学北楼-406","XF":2,"SKXQ":7,"XNXQDM":"2024-2025-2","KCM":"大学英语3","JASDM":"0202010406","JXLDM":"020201","JXBID":"20242-12695","SKBJ":"公选-12695","TYXMDM":"11","KCH":"10201121072"},{"KKDWDM":"020","XS":32,"BYBZ":"0","JSJC":4,"XXXQDM":"02","KXH":"89","KSJC":3,"XKZRS":35,"SKZC":"000000001000000000000000000000","SKJS":"喻梅","ISTK":0,"ZCMC":"9周","YPSJDD":"9周 星期日 第3节-第4节 南湖南-博学北楼-406,7-9周 星期五 第3节-第4节 南湖南-博学北楼-406,1-5周 星期五 第3节-第4节 南湖南-博学北楼-406,17周 星期三 第3节-第4节 南湖南-博学北楼-406,11-16周 星期五 第3节-第4节 南湖南-博学北楼-406","XF":2,"SKXQ":7,"XNXQDM":"2024-2025-2","KCM":"大学英语3","JASDM":"0202010406","JXLDM":"020201","JXBID":"20242-12712","SKBJ":"公选-12712","TYXMDM":"11","KCH":"10201121072"},{"KKDWDM":"020","XS":32,"BYBZ":"0","JSJC":4,"XXXQDM":"02","KXH":"71","KSJC":3,"XKZRS":35,"SKZC":"000000000011111110000000000000","SKJS":"喻梅","ISTK":0,"ZCMC":"11-17周","YPSJDD":"1-9周 星期四 第3节-第4节 南湖南-博学北楼-406,11-17周 星期四 第3节-第4节 南湖南-博学北楼-406","XF":2,"SKXQ":4,"XNXQDM":"2024-2025-2","KCM":"大学英语3","JASDM":"0202010406","JXLDM":"020201","JXBID":"20242-12678","SKBJ":"公选-12678","TYXMDM":"11","KCH":"10201121072"},{"KKDWDM":"020","XS":32,"BYBZ":"0","JSJC":2,"XXXQDM":"02","KXH":"62","KSJC":1,"XKZRS":34,"SKZC":"000000000011111110000000000000","SKJS":"喻梅","ISTK":0,"ZCMC":"11-17周","YPSJDD":"1-9周 星期四 第1节-第2节 南湖南-博学北楼-406,11-17周 星期四 第1节-第2节 南湖南-博学北楼-406","XF":2,"SKXQ":4,"XNXQDM":"2024-2025-2","KCM":"大学英语3","JASDM":"0202010406","JXLDM":"020201","JXBID":"20242-12660","SKBJ":"公选-12660","TYXMDM":"11","KCH":"10201121072"},{"KKDWDM":"020","XS":32,"BYBZ":"0","JSJC":4,"XXXQDM":"02","KXH":"89","KSJC":3,"XKZRS":35,"SKZC":"000000000011111100000000000000","SKJS":"喻梅","ISTK":0,"ZCMC":"11-16周","YPSJDD":"9周 星期日 第3节-第4节 南湖南-博学北楼-406,7-9周 星期五 第3节-第4节 南湖南-博学北楼-406,1-5周 星期五 第3节-第4节 南湖南-博学北楼-406,17周 星期三 第3节-第4节 南湖南-博学北楼-406,11-16周 星期五 第3节-第4节 南湖南-博学北楼-406","XF":2,"SKXQ":5,"XNXQDM":"2024-2025-2","KCM":"大学英语3","JASDM":"0202010406","JXLDM":"020201","JXBID":"20242-12712","SKBJ":"公选-12712","TYXMDM":"11","KCH":"10201121072"},{"KKDWDM":"020","XS":32,"BYBZ":"0","JSJC":2,"XXXQDM":"02","KXH":"80","KSJC":1,"XKZRS":35,"SKZC":"000000000011111100000000000000","SKJS":"喻梅","ISTK":0,"ZCMC":"11-16周","YPSJDD":"1-5周 星期五 第1节-第2节 南湖南-博学北楼-406,7-9周 星期五 第1节-第2节 南湖南-博学北楼-406,11-16周 星期五 第1节-第2节 南湖南-博学北楼-406,17周 星期三 第1节-第2节 南湖南-博学北楼-406,9周 星期日 第1节-第2节 南湖南-博学北楼-406","XF":2,"SKXQ":5,"XNXQDM":"2024-2025-2","KCM":"大学英语3","JASDM":"0202010406","JXLDM":"020201","JXBID":"20242-12695","SKBJ":"公选-12695","TYXMDM":"11","KCH":"10201121072"},{"KKDWDM":"020","XS":32,"BYBZ":"0","JSJC":2,"XXXQDM":"02","KXH":"08","KSJC":1,"XKZRS":36,"SKZC":"000000000001110000000000000000","SKJS":"杨青","ISTK":0,"ZCMC":"12-14周","YPSJDD":"1-10周 星期一 第1节-第2节 南湖南-博学北楼-406,17周 星期二 第1节-第2节 南湖南-博学北楼-406,16-17周 星期一 第1节-第2节 南湖南-博学北楼-406,12-14周 星期一 第1节-第2节 南湖南-博学北楼-406","XF":2,"SKXQ":1,"XNXQDM":"2024-2025-2","KCM":"大学英语3","JASDM":"0202010406","JXLDM":"020201","JXBID":"20242-12552","SKBJ":"公选-12552","TYXMDM":"11","KCH":"10201121072"},{"KKDWDM":"020","XS":32,"BYBZ":"0","JSJC":4,"XXXQDM":"02","KXH":"17","KSJC":3,"XKZRS":28,"SKZC":"000000000001110000000000000000","SKJS":"杨青","ISTK":0,"ZCMC":"12-14周","YPSJDD":"16-17周 星期一 第3节-第4节 南湖南-博学北楼-406,17周 星期二 第3节-第4节 南湖南-博学北楼-406,12-14周 星期一 第3节-第4节 南湖南-博学北楼-406,1-10周 星期一 第3节-第4节 南湖南-博学北楼-406","XF":2,"SKXQ":1,"XNXQDM":"2024-2025-2","KCM":"大学英语3","JASDM":"0202010406","JXLDM":"020201","JXBID":"20242-12570","SKBJ":"公选-12570","TYXMDM":"11","KCH":"10201121072"},{"KKDWDM":"020","XS":32,"BYBZ":"0","JSJC":2,"XXXQDM":"02","KXH":"08","KSJC":1,"XKZRS":36,"SKZC":"000000000000000110000000000000","SKJS":"杨青","ISTK":0,"ZCMC":"16-17周","YPSJDD":"1-10周 星期一 第1节-第2节 南湖南-博学北楼-406,17周 星期二 第1节-第2节 南湖南-博学北楼-406,16-17周 星期一 第1节-第2节 南湖南-博学北楼-406,12-14周 星期一 第1节-第2节 南湖南-博学北楼-406","XF":2,"SKXQ":1,"XNXQDM":"2024-2025-2","KCM":"大学英语3","JASDM":"0202010406","JXLDM":"020201","JXBID":"20242-12552","SKBJ":"公选-12552","TYXMDM":"11","KCH":"10201121072"},{"KKDWDM":"020","XS":32,"BYBZ":"0","JSJC":4,"XXXQDM":"02","KXH":"17","KSJC":3,"XKZRS":28,"SKZC":"000000000000000110000000000000","SKJS":"杨青","ISTK":0,"ZCMC":"16-17周","YPSJDD":"16-17周 星期一 第3节-第4节 南湖南-博学北楼-406,17周 星期二 第3节-第4节 南湖南-博学北楼-406,12-14周 星期一 第3节-第4节 南湖南-博学北楼-406,1-10周 星期一 第3节-第4节 南湖南-博学北楼-406","XF":2,"SKXQ":1,"XNXQDM":"2024-2025-2","KCM":"大学英语3","JASDM":"0202010406","JXLDM":"020201","JXBID":"20242-12570","SKBJ":"公选-12570","TYXMDM":"11","KCH":"10201121072"},{"KKDWDM":"020","XS":32,"BYBZ":"0","JSJC":4,"XXXQDM":"02","KXH":"89","KSJC":3,"XKZRS":35,"SKZC":"000000000000000010000000000000","SKJS":"喻梅","ISTK":0,"ZCMC":"17周","YPSJDD":"9周 星期日 第3节-第4节 南湖南-博学北楼-406,7-9周 星期五 第3节-第4节 南湖南-博学北楼-406,1-5周 星期五 第3节-第4节 南湖南-博学北楼-406,17周 星期三 第3节-第4节 南湖南-博学北楼-406,11-16周 星期五 第3节-第4节 南湖南-博学北楼-406","XF":2,"SKXQ":3,"XNXQDM":"2024-2025-2","KCM":"大学英语3","JASDM":"0202010406","JXLDM":"020201","JXBID":"20242-12712","SKBJ":"公选-12712","TYXMDM":"11","KCH":"10201121072"},{"KKDWDM":"020","XS":32,"BYBZ":"0","JSJC":4,"XXXQDM":"02","KXH":"17","KSJC":3,"XKZRS":28,"SKZC":"000000000000000010000000000000","SKJS":"杨青","ISTK":0,"ZCMC":"17周","YPSJDD":"16-17周 星期一 第3节-第4节 南湖南-博学北楼-406,17周 星期二 第3节-第4节 南湖南-博学北楼-406,12-14周 星期一 第3节-第4节 南湖南-博学北楼-406,1-10周 星期一 第3节-第4节 南湖南-博学北楼-406","XF":2,"SKXQ":2,"XNXQDM":"2024-2025-2","KCM":"大学英语3","JASDM":"0202010406","JXLDM":"020201","JXBID":"20242-12570","SKBJ":"公选-12570","TYXMDM":"11","KCH":"10201121072"},{"KKDWDM":"020","XS":32,"BYBZ":"0","JSJC":2,"XXXQDM":"02","KXH":"80","KSJC":1,"XKZRS":35,"SKZC":"000000000000000010000000000000","SKJS":"喻梅","ISTK":0,"ZCMC":"17周","YPSJDD":"1-5周 星期五 第1节-第2节 南湖南-博学北楼-406,7-9周 星期五 第1节-第2节 南湖南-博学北楼-406,11-16周 星期五 第1节-第2节 南湖南-博学北楼-406,17周 星期三 第1节-第2节 南湖南-博学北楼-406,9周 星期日 第1节-第2节 南湖南-博学北楼-406","XF":2,"SKXQ":3,"XNXQDM":"2024-2025-2","KCM":"大学英语3","JASDM":"0202010406","JXLDM":"020201","JXBID":"20242-12695","SKBJ":"公选-12695","TYXMDM":"11","KCH":"10201121072"},{"KKDWDM":"020","XS":32,"BYBZ":"0","JSJC":2,"XXXQDM":"02","KXH":"08","KSJC":1,"XKZRS":36,"SKZC":"000000000000000010000000000000","SKJS":"杨青","ISTK":0,"ZCMC":"17周","YPSJDD":"1-10周 星期一 第1节-第2节 南湖南-博学北楼-406,17周 星期二 第1节-第2节 南湖南-博学北楼-406,16-17周 星期一 第1节-第2节 南湖南-博学北楼-406,12-14周 星期一 第1节-第2节 南湖南-博学北楼-406","XF":2,"SKXQ":2,"XNXQDM":"2024-2025-2","KCM":"大学英语3","JASDM":"0202010406","JXLDM":"020201","JXBID":"20242-12552","SKBJ":"公选-12552","TYXMDM":"11","KCH":"10201121072"}]}},"code":"0"}