{"datas":{"jaskcb":{"extParams":{"code":1,"msg":"查询成功"},"pageSize":0,"pageNumber":0,"totalSize":-1,"rows":[{"KKDWDM":"022","XS":48,"BYBZ":"0","JSJC":2,"XXXQDM":"02","KXH":"01","KSJC":1,"XKZRS":28,"SKZC":"111111111111111100000000","SKJS":"江艳","ISTK":0,"ZCMC":"1-16周","YPSJDD":"1-16周 星期三 第1节-第2节 南湖南-博学西楼-101","XF":3,"SKXQ":3,"XNXQDM":"2024-2025-2","KCM":"电子商务基础与应用","JASDM":"0202030101","JXLDM":"020203","JXBID":"20242-04347","SKBJ":"新媒体2301-02","TYXMDM":null,"KCH":"10224121113"},{"KKDWDM":"022","XS":48,"BYBZ":"0","JSJC":8,"XXXQDM":"02","KXH":"01","KSJC":6,"XKZRS":26,"SKZC":"11111111111111110000","SKJS":"江艳","ISTK":0,"ZCMC":"1-16周","YPSJDD":"1-16周 星期三 第6节-第8节 南湖南-博学西楼-101","XF":3,"SKXQ":3,"XNXQDM":"2024-2025-2","KCM":"数字传播","JASDM":"0202030101","JXLDM":"020203","JXBID":"20242-05730","SKBJ":"新媒体2301-02","TYXMDM":null,"KCH":"10224121103"},{"KKDWDM":"022","XS":48,"BYBZ":"0","JSJC":5,"XXXQDM":"02","KXH":"01","KSJC":3,"XKZRS":55,"SKZC":"11111111111111110000","SKJS":"李明文","ISTK":0,"ZCMC":"1-16周","YPSJDD":"1-16周 星期二 第3节-第5节 南湖南-博学西楼-101","XF":3,"SKXQ":2,"XNXQDM":"2024-2025-2","KCM":"广告心理学","JASDM":"0202030101","JXLDM":"020203","JXBID":"20242-05503","SKBJ":"广告2301-02","TYXMDM":null,"KCH":"10224111017"},{"KKDWDM":"017","XS":32,"BYBZ":"0","JSJC":2,"XXXQDM":"02","KXH":"01","KSJC":1,"XKZRS":58,"SKZC":"1111111111111111","SKJS":"奚祥英","ISTK":0,"ZCMC":"1-16周","YPSJDD":"1-16周 星期二 第1节-第2节 南湖南-博学西楼-101","XF":2,"SKXQ":2,"XNXQDM":"2024-2025-2","KCM":"物流与供应链管理","JASDM":"0202030101","JXLDM":"020203","JXBID":"20242-05860","SKBJ":"工商2301-02","TYXMDM":null,"KCH":"4170577970"},{"KKDWDM":"022","XS":48,"BYBZ":"0","JSJC":5,"XXXQDM":"02","KXH":"01","KSJC":3,"XKZRS":56,"SKZC":"111111111100000000000000000000","SKJS":"李娜","ISTK":0,"ZCMC":"1-10周","YPSJDD":"16-17周 星期一 第3节-第5节 南湖南-博学西楼-101,12-14周 星期一 第3节-第5节 南湖南-博学西楼-101,1-10周 星期一 第3节-第5节 南湖南-博学西楼-101,17周 星期二 第3节-第5节 南湖南-博学西楼-101","XF":3,"SKXQ":1,"XNXQDM":"2024-2025-2","KCM":"广告文案","JASDM":"0202030101","JXLDM":"020203","JXBID":"20242-05571","SKBJ":"广告2301-02","TYXMDM":null,"KCH":"10224111018"},{"KKDWDM":"022","XS":48,"BYBZ":"0","JSJC":2,"XXXQDM":"02","KXH":"01","KSJC":1,"XKZRS":28,"SKZC":"111111111100000000000000000000","SKJS":"李娜","ISTK":0,"ZCMC":"1-10周","YPSJDD":"1-10周 星期一 第1节-第2节 南湖南-博学西楼-101,12-13周 星期一 第1节-第2节 南湖南-博学西楼-101","XF":3,"SKXQ":1,"XNXQDM":"2024-2025-2","KCM":"新媒体产品设计与项目管理","JASDM":"0202030101","JXLDM":"020203","JXBID":"20242-04392","SKBJ":"新媒体2301-02","TYXMDM":null,"KCH":"10224121114"},{"KKDWDM":"008","XS":32,"BYBZ":"0","JSJC":13,"XXXQDM":"02","KXH":"01","KSJC":11,"XKZRS":60,"SKZC":"111111111100000000000000","SKJS":"张萍","ISTK":0,"ZCMC":"1-10周","YPSJDD":"11周 星期二 第11节-第12节 南湖南-博学西楼-101,1-10周 星期二 第11节-第13节 南湖南-博学西楼-101","XF":2,"SKXQ":2,"XNXQDM":"2024-2025-2","KCM":"3D打印机器人设计与制作(GX)","JASDM":"0202030101","JXLDM":"020203","JXBID":"20242-07561","SKBJ":"公选-07561","TYXMDM":null,"KCH":"10082121142"},{"KKDWDM":"022","XS":48,"BYBZ":"0","JSJC":5,"XXXQDM":"02","KXH":"01","KSJC":3,"XKZRS":28,"SKZC":"111111111010000000000000","SKJS":"刘林","ISTK":0,"ZCMC":"1-9周,11周","YPSJDD":"12周 星期四 第3节-第4节 南湖南-博学西楼-101,1-9周,11周 星期四 第3节-第5节 南湖南-博学西楼-101","XF":3,"SKXQ":4,"XNXQDM":"2024-2025-2","KCM":"新媒体数据分析与应用","JASDM":"0202030101","JXLDM":"020203","JXBID":"20242-04538","SKBJ":"新媒体2301-02","TYXMDM":null,"KCH":"10224221150"},{"KKDWDM":"010","XS":32,"BYBZ":"0","JSJC":2,"XXXQDM":"02","KXH":"01","KSJC":1,"XKZRS":59,"SKZC":"111111111000000000000000000000","SKJS":"黄永炳","ISTK":0,"ZCMC":"1-9周","YPSJDD":"1-9周 星期四 第1节-第2节 南湖南-博学西楼-101,11-17周 星期四 第1节-第2节 南湖南-博学西楼-101","XF":2,"SKXQ":4,"XNXQDM":"2024-2025-2","KCM":"水处理管网工程C","JASDM":"0202030101","JXLDM":"020203","JXBID":"20242-04917","SKBJ":"环工2301-02","TYXMDM":null,"KCH":"10097311022"},{"KKDWDM":"009","XS":24,"BYBZ":"0","JSJC":13,"XXXQDM":"02","KXH":"01","KSJC":11,"XKZRS":54,"SKZC":"111111110000000000000000","SKJS":"郭曾","ISTK":0,"ZCMC":"1-8周","YPSJDD":"1-8周 星期三 第11节-第13节 南湖南-博学西楼-101","XF":1,"SKXQ":3,"XNXQDM":"2024-2025-2","KCM":"BIM理论与开发(JD)","JASDM":"0202030101","JXLDM":"020203","JXBID":"20242-07665","SKBJ":"公选-07665","TYXMDM":null,"KCH":"10096121165"},{"KKDWDM":"009","XS":24,"BYBZ":"0","JSJC":8,"XXXQDM":"02","KXH":"01","KSJC":6,"XKZRS":38,"SKZC":"11111111","SKJS":"杜文丽","ISTK":0,"ZCMC":"1-8周","YPSJDD":"1-8周 星期二 第6节-第8节 南湖南-博学西楼-101","XF":1,"SKXQ":2,"XNXQDM":"2024-2025-2","KCM":"建筑防灾与安全","JASDM":"0202030101","JXLDM":"020203","JXBID":"20242-04071","SKBJ":"建筑学2101-02","TYXMDM":null,"KCH":"10095121039"},{"KKDWDM":"009","XS":24,"BYBZ":"0","JSJC":8,"XXXQDM":"02","KXH":"01","KSJC":6,"XKZRS":46,"SKZC":"11111111","SKJS":"郭曾","ISTK":0,"ZCMC":"1-8周","YPSJDD":"1-8周 星期一 第6节-第8节 南湖南-博学西楼-101","XF":1,"SKXQ":1,"XNXQDM":"2024-2025-2","KCM":"工程经济学D","JASDM":"0202030101","JXLDM":"020203","JXBID":"20242-05723","SKBJ":"建环2301-02","TYXMDM":null,"KCH":"10094121080"},{"KKDWDM":"009","XS":16,"BYBZ":"0","JSJC":7,"XXXQDM":"02","KXH":"01","KSJC":6,"XKZRS":20,"SKZC":"111110000000000000000000000000","SKJS":"张世羊","ISTK":0,"ZCMC":"1-5周","YPSJDD":"1-5周 星期五 第6节-第7节 南湖南-博学西楼-101,9周 星期日 第6节-第7节 南湖南-博学西楼-101,7-8周 星期五 第6节-第7节 南湖南-博学西楼-101","XF":1,"SKXQ":5,"XNXQDM":"2024-2025-2","KCM":"环境保护概论","JASDM":"0202030101","JXLDM":"020203","JXBID":"20242-04064","SKBJ":"建筑学2101-02","TYXMDM":null,"KCH":"10165111028"},{"KKDWDM":"016","XS":32,"BYBZ":"0","JSJC":4,"XXXQDM":"02","KXH":"09","KSJC":3,"XKZRS":59,"SKZC":"111110000000000000000000000000","SKJS":"李美娟","ISTK":0,"ZCMC":"1-5周","YPSJDD":"9周 星期日 第3节-第4节 南湖南-博学西楼-101,17周 星期三 第3节-第4节 南湖南-博学西楼-101,11-16周 星期五 第3节-第4节 南湖南-博学西楼-101,1-5周 星期五 第3节-第4节 南湖南-博学西楼-101,7-9周 星期五 第3节-第4节 南湖南-博学西楼-101","XF":2,"SKXQ":5,"XNXQDM":"2024-2025-2","KCM":"分析化学B","JASDM":"0202030101","JXLDM":"020203","JXBID":"20242-10334","SKBJ":"化生类2407-08","TYXMDM":null,"KCH":"10163112117"},{"KKDWDM":"038","XS":16,"BYBZ":"0","JSJC":13,"XXXQDM":"02","KXH":"01","KSJC":11,"XKZRS":54,"SKZC":"111100000000000000000000","SKJS":"陈震宇","ISTK":0,"ZCMC":"1-4周","YPSJDD":"5-6周 星期四 第11节-第12节 南湖南-博学西楼-101,1-4周 星期四 第11节-第13节 南湖南-博学西楼-101","XF":1,"SKXQ":4,"XNXQDM":"2024-2025-2","KCM":"积极心理学(GX)","JASDM":"0202030101","JXLDM":"020203","JXBID":"20242-08994","SKBJ":"公选-08994","TYXMDM":null,"KCH":"10382121018"},{"KKDWDM":"022","XS":32,"BYBZ":"0","JSJC":5,"XXXQDM":"02","KXH":"01","KSJC":3,"XKZRS":28,"SKZC":"000111111111100000000000","SKJS":"张勇","ISTK":0,"ZCMC":"4-13周","YPSJDD":"14周 星期三 第3节-第4节 南湖南-博学西楼-101,4-13周 星期三 第3节-第5节 南湖南-博学西楼-101","XF":2,"SKXQ":3,"XNXQDM":"2024-2025-2","KCM":"中国文化通论","JASDM":"0202030101","JXLDM":"020203","JXBID":"20242-03243","SKBJ":"汉语2201","TYXMDM":null,"KCH":"10224121127"},{"KKDWDM":"038","XS":16,"BYBZ":"0","JSJC":12,"XXXQDM":"02","KXH":"01","KSJC":11,"XKZRS":54,"SKZC":"000011000000000000000000","SKJS":"陈震宇","ISTK":0,"ZCMC":"5-6周","YPSJDD":"5-6周 星期四 第11节-第12节 南湖南-博学西楼-101,1-4周 星期四 第11节-第13节 南湖南-博学西楼-101","XF":1,"SKXQ":4,"XNXQDM":"2024-2025-2","KCM":"积极心理学(GX)","JASDM":"0202030101","JXLDM":"020203","JXBID":"20242-08994","SKBJ":"公选-08994","TYXMDM":null,"KCH":"10382121018"},{"KKDWDM":"016","XS":32,"BYBZ":"0","JSJC":4,"XXXQDM":"02","KXH":"09","KSJC":3,"XKZRS":59,"SKZC":"000000111000000000000000000000","SKJS":"李美娟","ISTK":0,"ZCMC":"7-9周","YPSJDD":"9周 星期日 第3节-第4节 南湖南-博学西楼-101,17周 星期三 第3节-第4节 南湖南-博学西楼-101,11-16周 星期五 第3节-第4节 南湖南-博学西楼-101,1-5周 星期五 第3节-第4节 南湖南-博学西楼-101,7-9周 星期五 第3节-第4节 南湖南-博学西楼-101","XF":2,"SKXQ":5,"XNXQDM":"2024-2025-2","KCM":"分析化学B","JASDM":"0202030101","JXLDM":"020203","JXBID":"20242-10334","SKBJ":"化生类2407-08","TYXMDM":null,"KCH":"10163112117"},{"KKDWDM":"009","XS":16,"BYBZ":"0","JSJC":7,"XXXQDM":"02","KXH":"01","KSJC":6,"XKZRS":20,"SKZC":"000000110000000000000000000000","SKJS":"张世羊","ISTK":0,"ZCMC":"7-8周","YPSJDD":"1-5周 星期五 第6节-第7节 南湖南-博学西楼-101,9周 星期日 第6节-第7节 南湖南-博学西楼-101,7-8周 星期五 第6节-第7节 南湖南-博学西楼-101","XF":1,"SKXQ":5,"XNXQDM":"2024-2025-2","KCM":"环境保护概论","JASDM":"0202030101","JXLDM":"020203","JXBID":"20242-04064","SKBJ":"建筑学2101-02","TYXMDM":null,"KCH":"10165111028"},{"KKDWDM":"007","XS":24,"BYBZ":"0","JSJC":13,"XXXQDM":"02","KXH":"01","KSJC":11,"XKZRS":57,"SKZC":"000000001100000000000000000000","SKJS":"刘国承,谢乐春","ISTK":0,"ZCMC":"9-10周","YPSJDD":"12-14周 星期一 第11节-第13节 南湖南-博学西楼-101,9-10周 星期一 第11节-第13节 南湖南-博学西楼-101,16周 星期一 第11节-第13节 南湖南-博学西楼-101","XF":1,"SKXQ":1,"XNXQDM":"2024-2025-2","KCM":"3D\/4D打印技术研究前沿(JD)","JASDM":"0202030101","JXLDM":"020203","JXBID":"20242-07365","SKBJ":"公选-07365","TYXMDM":null,"KCH":"10076121227"},{"KKDWDM":"009","XS":24,"BYBZ":"0","JSJC":8,"XXXQDM":"02","KXH":"01","KSJC":6,"XKZRS":38,"SKZC":"000000001100000000000000000000","SKJS":"陈勇,陈李波","ISTK":0,"ZCMC":"9-10周","YPSJDD":"17周 星期二 第6节-第8节 南湖南-博学西楼-101,12-14周 星期一 第6节-第8节 南湖南-博学西楼-101,9-10周 星期一 第6节-第8节 南湖南-博学西楼-101,16-17周 星期一 第6节-第8节 南湖南-博学西楼-101","XF":1,"SKXQ":1,"XNXQDM":"2024-2025-2","KCM":"建筑师业务基础知识","JASDM":"0202030101","JXLDM":"020203","JXBID":"20242-04107","SKBJ":"建筑学2101-02","TYXMDM":null,"KCH":"10095121037"},{"KKDWDM":"009","XS":16,"BYBZ":"0","JSJC":7,"XXXQDM":"02","KXH":"01","KSJC":6,"XKZRS":20,"SKZC":"000000001000000000000000000000","SKJS":"张世羊","ISTK":0,"ZCMC":"9周","YPSJDD":"1-5周 星期五 第6节-第7节 南湖南-博学西楼-101,9周 星期日 第6节-第7节 南湖南-博学西楼-101,7-8周 星期五 第6节-第7节 南湖南-博学西楼-101","XF":1,"SKXQ":7,"XNXQDM":"2024-2025-2","KCM":"环境保护概论","JASDM":"0202030101","JXLDM":"020203","JXBID":"20242-04064","SKBJ":"建筑学2101-02","TYXMDM":null,"KCH":"10165111028"},{"KKDWDM":"016","XS":32,"BYBZ":"0","JSJC":4,"XXXQDM":"02","KXH":"09","KSJC":3,"XKZRS":59,"SKZC":"000000001000000000000000000000","SKJS":"李美娟","ISTK":0,"ZCMC":"9周","YPSJDD":"9周 星期日 第3节-第4节 南湖南-博学西楼-101,17周 星期三 第3节-第4节 南湖南-博学西楼-101,11-16周 星期五 第3节-第4节 南湖南-博学西楼-101,1-5周 星期五 第3节-第4节 南湖南-博学西楼-101,7-9周 星期五 第3节-第4节 南湖南-博学西楼-101","XF":2,"SKXQ":7,"XNXQDM":"2024-2025-2","KCM":"分析化学B","JASDM":"0202030101","JXLDM":"020203","JXBID":"20242-10334","SKBJ":"化生类2407-08","TYXMDM":null,"KCH":"10163112117"},{"KKDWDM":"010","XS":32,"BYBZ":"0","JSJC":2,"XXXQDM":"02","KXH":"01","KSJC":1,"XKZRS":59,"SKZC":"000000000011111110000000000000","SKJS":"黄永炳","ISTK":0,"ZCMC":"11-17周","YPSJDD":"1-9周 星期四 第1节-第2节 南湖南-博学西楼-101,11-17周 星期四 第1节-第2节 南湖南-博学西楼-101","XF":2,"SKXQ":4,"XNXQDM":"2024-2025-2","KCM":"水处理管网工程C","JASDM":"0202030101","JXLDM":"020203","JXBID":"20242-04917","SKBJ":"环工2301-02","TYXMDM":null,"KCH":"10097311022"},{"KKDWDM":"016","XS":32,"BYBZ":"0","JSJC":4,"XXXQDM":"02","KXH":"09","KSJC":3,"XKZRS":59,"SKZC":"000000000011111100000000000000","SKJS":"李美娟","ISTK":0,"ZCMC":"11-16周","YPSJDD":"9周 星期日 第3节-第4节 南湖南-博学西楼-101,17周 星期三 第3节-第4节 南湖南-博学西楼-101,11-16周 星期五 第3节-第4节 南湖南-博学西楼-101,1-5周 星期五 第3节-第4节 南湖南-博学西楼-101,7-9周 星期五 第3节-第4节 南湖南-博学西楼-101","XF":2,"SKXQ":5,"XNXQDM":"2024-2025-2","KCM":"分析化学B","JASDM":"0202030101","JXLDM":"020203","JXBID":"20242-10334","SKBJ":"化生类2407-08","TYXMDM":null,"KCH":"10163112117"},{"KKDWDM":"008","XS":32,"BYBZ":"0","JSJC":12,"XXXQDM":"02","KXH":"01","KSJC":11,"XKZRS":60,"SKZC":"000000000010000000000000","SKJS":"张萍","ISTK":0,"ZCMC":"11周","YPSJDD":"11周 星期二 第11节-第12节 南湖南-博学西楼-101,1-10周 星期二 第11节-第13节 南湖南-博学西楼-101","XF":2,"SKXQ":2,"XNXQDM":"2024-2025-2","KCM":"3D打印机器人设计与制作(GX)","JASDM":"0202030101","JXLDM":"020203","JXBID":"20242-07561","SKBJ":"公选-07561","TYXMDM":null,"KCH":"10082121142"},{"KKDWDM":"022","XS":48,"BYBZ":"0","JSJC":5,"XXXQDM":"02","KXH":"01","KSJC":3,"XKZRS":56,"SKZC":"000000000001110000000000000000","SKJS":"李娜","ISTK":0,"ZCMC":"12-14周","YPSJDD":"16-17周 星期一 第3节-第5节 南湖南-博学西楼-101,12-14周 星期一 第3节-第5节 南湖南-博学西楼-101,1-10周 星期一 第3节-第5节 南湖南-博学西楼-101,17周 星期二 第3节-第5节 南湖南-博学西楼-101","XF":3,"SKXQ":1,"XNXQDM":"2024-2025-2","KCM":"广告文案","JASDM":"0202030101","JXLDM":"020203","JXBID":"20242-05571","SKBJ":"广告2301-02","TYXMDM":null,"KCH":"10224111018"},{"KKDWDM":"009","XS":24,"BYBZ":"0","JSJC":8,"XXXQDM":"02","KXH":"01","KSJC":6,"XKZRS":38,"SKZC":"000000000001110000000000000000","SKJS":"陈勇,陈李波","ISTK":0,"ZCMC":"12-14周","YPSJDD":"17周 星期二 第6节-第8节 南湖南-博学西楼-101,12-14周 星期一 第6节-第8节 南湖南-博学西楼-101,9-10周 星期一 第6节-第8节 南湖南-博学西楼-101,16-17周 星期一 第6节-第8节 南湖南-博学西楼-101","XF":1,"SKXQ":1,"XNXQDM":"2024-2025-2","KCM":"建筑师业务基础知识","JASDM":"0202030101","JXLDM":"020203","JXBID":"20242-04107","SKBJ":"建筑学2101-02","TYXMDM":null,"KCH":"10095121037"},{"KKDWDM":"007","XS":24,"BYBZ":"0","JSJC":13,"XXXQDM":"02","KXH":"01","KSJC":11,"XKZRS":57,"SKZC":"000000000001110000000000000000","SKJS":"刘国承,谢乐春","ISTK":0,"ZCMC":"12-14周","YPSJDD":"12-14周 星期一 第11节-第13节 南湖南-博学西楼-101,9-10周 星期一 第11节-第13节 南湖南-博学西楼-101,16周 星期一 第11节-第13节 南湖南-博学西楼-101","XF":1,"SKXQ":1,"XNXQDM":"2024-2025-2","KCM":"3D\/4D打印技术研究前沿(JD)","JASDM":"0202030101","JXLDM":"020203","JXBID":"20242-07365","SKBJ":"公选-07365","TYXMDM":null,"KCH":"10076121227"},{"KKDWDM":"022","XS":48,"BYBZ":"0","JSJC":2,"XXXQDM":"02","KXH":"01","KSJC":1,"XKZRS":28,"SKZC":"000000000001100000000000000000","SKJS":"李娜","ISTK":0,"ZCMC":"12-13周","YPSJDD":"1-10周 星期一 第1节-第2节 南湖南-博学西楼-101,12-13周 星期一 第1节-第2节 南湖南-博学西楼-101","XF":3,"SKXQ":1,"XNXQDM":"2024-2025-2","KCM":"新媒体产品设计与项目管理","JASDM":"0202030101","JXLDM":"020203","JXBID":"20242-04392","SKBJ":"新媒体2301-02","TYXMDM":null,"KCH":"10224121114"},{"KKDWDM":"022","XS":48,"BYBZ":"0","JSJC":4,"XXXQDM":"02","KXH":"01","KSJC":3,"XKZRS":28,"SKZC":"000000000001000000000000","SKJS":"刘林","ISTK":0,"ZCMC":"12周","YPSJDD":"12周 星期四 第3节-第4节 南湖南-博学西楼-101,1-9周,11周 星期四 第3节-第5节 南湖南-博学西楼-101","XF":3,"SKXQ":4,"XNXQDM":"2024-2025-2","KCM":"新媒体数据分析与应用","JASDM":"0202030101","JXLDM":"020203","JXBID":"20242-04538","SKBJ":"新媒体2301-02","TYXMDM":null,"KCH":"10224221150"},{"KKDWDM":"022","XS":32,"BYBZ":"0","JSJC":4,"XXXQDM":"02","KXH":"01","KSJC":3,"XKZRS":28,"SKZC":"000000000000010000000000","SKJS":"张勇","ISTK":0,"ZCMC":"14周","YPSJDD":"14周 星期三 第3节-第4节 南湖南-博学西楼-101,4-13周 星期三 第3节-第5节 南湖南-博学西楼-101","XF":2,"SKXQ":3,"XNXQDM":"2024-2025-2","KCM":"中国文化通论","JASDM":"0202030101","JXLDM":"020203","JXBID":"20242-03243","SKBJ":"汉语2201","TYXMDM":null,"KCH":"10224121127"},{"KKDWDM":"009","XS":24,"BYBZ":"0","JSJC":8,"XXXQDM":"02","KXH":"01","KSJC":6,"XKZRS":38,"SKZC":"000000000000000110000000000000","SKJS":"陈勇,陈李波","ISTK":0,"ZCMC":"16-17周","YPSJDD":"17周 星期二 第6节-第8节 南湖南-博学西楼-101,12-14周 星期一 第6节-第8节 南湖南-博学西楼-101,9-10周 星期一 第6节-第8节 南湖南-博学西楼-101,16-17周 星期一 第6节-第8节 南湖南-博学西楼-101","XF":1,"SKXQ":1,"XNXQDM":"2024-2025-2","KCM":"建筑师业务基础知识","JASDM":"0202030101","JXLDM":"020203","JXBID":"20242-04107","SKBJ":"建筑学2101-02","TYXMDM":null,"KCH":"10095121037"},{"KKDWDM":"022","XS":48,"BYBZ":"0","JSJC":5,"XXXQDM":"02","KXH":"01","KSJC":3,"XKZRS":56,"SKZC":"000000000000000110000000000000","SKJS":"李娜","ISTK":0,"ZCMC":"16-17周","YPSJDD":"16-17周 星期一 第3节-第5节 南湖南-博学西楼-101,12-14周 星期一 第3节-第5节 南湖南-博学西楼-101,1-10周 星期一 第3节-第5节 南湖南-博学西楼-101,17周 星期二 第3节-第5节 南湖南-博学西楼-101","XF":3,"SKXQ":1,"XNXQDM":"2024-2025-2","KCM":"广告文案","JASDM":"0202030101","JXLDM":"020203","JXBID":"20242-05571","SKBJ":"广告2301-02","TYXMDM":null,"KCH":"10224111018"},{"KKDWDM":"007","XS":24,"BYBZ":"0","JSJC":13,"XXXQDM":"02","KXH":"01","KSJC":11,"XKZRS":57,"SKZC":"000000000000000100000000000000","SKJS":"刘国承,谢乐春","ISTK":0,"ZCMC":"16周","YPSJDD":"12-14周 星期一 第11节-第13节 南湖南-博学西楼-101,9-10周 星期一 第11节-第13节 南湖南-博学西楼-101,16周 星期一 第11节-第13节 南湖南-博学西楼-101","XF":1,"SKXQ":1,"XNXQDM":"2024-2025-2","KCM":"3D\/4D打印技术研究前沿(JD)","JASDM":"0202030101","JXLDM":"020203","JXBID":"20242-07365","SKBJ":"公选-07365","TYXMDM":null,"KCH":"10076121227"},{"KKDWDM":"009","XS":24,"BYBZ":"0","JSJC":8,"XXXQDM":"02","KXH":"01","KSJC":6,"XKZRS":38,"SKZC":"000000000000000010000000000000","SKJS":"陈勇,陈李波","ISTK":0,"ZCMC":"17周","YPSJDD":"17周 星期二 第6节-第8节 南湖南-博学西楼-101,12-14周 星期一 第6节-第8节 南湖南-博学西楼-101,9-10周 星期一 第6节-第8节 南湖南-博学西楼-101,16-17周 星期一 第6节-第8节 南湖南-博学西楼-101","XF":1,"SKXQ":2,"XNXQDM":"2024-2025-2","KCM":"建筑师业务基础知识","JASDM":"0202030101","JXLDM":"020203","JXBID":"20242-04107","SKBJ":"建筑学2101-02","TYXMDM":null,"KCH":"10095121037"},{"KKDWDM":"022","XS":48,"BYBZ":"0","JSJC":5,"XXXQDM":"02","KXH":"01","KSJC":3,"XKZRS":56,"SKZC":"000000000000000010000000000000","SKJS":"李娜","ISTK":0,"ZCMC":"17周","YPSJDD":"16-17周 星期一 第3节-第5节 南湖南-博学西楼-101,12-14周 星期一 第3节-第5节 南湖南-博学西楼-101,1-10周 星期一 第3节-第5节 南湖南-博学西楼-101,17周 星期二 第3节-第5节 南湖南-博学西楼-101","XF":3,"SKXQ":2,"XNXQDM":"2024-2025-2","KCM":"广告文案","JASDM":"0202030101","JXLDM":"020203","JXBID":"20242-05571","SKBJ":"广告2301-02","TYXMDM":null,"KCH":"10224111018"},{"KKDWDM":"016","XS":32,"BYBZ":"0","JSJC":4,"XXXQDM":"02","KXH":"09","KSJC":3,"XKZRS":59,"SKZC":"000000000000000010000000000000","SKJS":"李美娟","ISTK":0,"ZCMC":"17周","YPSJDD":"9周 星期日 第3节-第4节 南湖南-博学西楼-101,17周 星期三 第3节-第4节 南湖南-博学西楼-101,11-16周 星期五 第3节-第4节 南湖南-博学西楼-101,1-5周 星期五 第3节-第4节 南湖南-博学西楼-101,7-9周 星期五 第3节-第4节 南湖南-博学西楼-101","XF":2,"SKXQ":3,"XNXQDM":"2024-2025-2","KCM":"分析化学B","JASDM":"0202030101","JXLDM":"020203","JXBID":"20242-10334","SKBJ":"化生类2407-08","TYXMDM":null,"KCH":"10163112117"}]}},"code":"0"}