{"datas":{"jaskcb":{"extParams":{"code":1,"msg":"查询成功"},"pageSize":0,"pageNumber":0,"totalSize":-1,"rows":[{"KKDWDM":"072","XS":64,"BYBZ":"0","JSJC":2,"XXXQDM":"02","KXH":"10","KSJC":1,"XKZRS":37,"SKZC":"111111111111111000000000000000","SKJS":"杨莹","ISTK":0,"ZCMC":"1-15周","YPSJDD":"1-10周 星期一 第3节-第4节 南湖南-博学北楼-608,1-15周 星期三 第1节-第2节 南湖南-博学北楼-608,12-14周 星期一 第3节-第4节 南湖南-博学北楼-608,16-17周 星期一 第3节-第4节 南湖南-博学北楼-608","XF":4,"SKXQ":3,"XNXQDM":"2024-2025-2","KCM":"材料力学C","JASDM":"0202010608","JXLDM":"020201","JXBID":"20242-04616","SKBJ":"车辆gj2304","TYXMDM":null,"KCH":"10154111009"},{"KKDWDM":"007","XS":40,"BYBZ":"0","JSJC":5,"XXXQDM":"02","KXH":"01","KSJC":3,"XKZRS":31,"SKZC":"111111111111","SKJS":"温艳,马慧娟","ISTK":0,"ZCMC":"1-12周","YPSJDD":"1-12周 星期二 第3节-第5节 南湖南-博学北楼-608","XF":2,"SKXQ":2,"XNXQDM":"2024-2025-2","KCM":"汽车构造","JASDM":"0202010608","JXLDM":"020201","JXBID":"20242-04732","SKBJ":"能源2303","TYXMDM":null,"KCH":"10075121082"},{"KKDWDM":"072","XS":64,"BYBZ":"0","JSJC":4,"XXXQDM":"02","KXH":"10","KSJC":3,"XKZRS":37,"SKZC":"111111111100000000000000000000","SKJS":"杨莹","ISTK":0,"ZCMC":"1-10周","YPSJDD":"1-10周 星期一 第3节-第4节 南湖南-博学北楼-608,1-15周 星期三 第1节-第2节 南湖南-博学北楼-608,12-14周 星期一 第3节-第4节 南湖南-博学北楼-608,16-17周 星期一 第3节-第4节 南湖南-博学北楼-608","XF":4,"SKXQ":1,"XNXQDM":"2024-2025-2","KCM":"材料力学C","JASDM":"0202010608","JXLDM":"020201","JXBID":"20242-04616","SKBJ":"车辆gj2304","TYXMDM":null,"KCH":"10154111009"},{"KKDWDM":"025","XS":40,"BYBZ":"0","JSJC":5,"XXXQDM":"02","KXH":"01","KSJC":3,"XKZRS":22,"SKZC":"11111111","SKJS":"岳文雯","ISTK":0,"ZCMC":"1-8周","YPSJDD":"1-8周 星期三 第3节-第5节 南湖南-博学北楼-608","XF":2,"SKXQ":3,"XNXQDM":"2024-2025-2","KCM":"品牌塑造与推广","JASDM":"0202010608","JXLDM":"020201","JXBID":"20242-05206","SKBJ":"创管2301","TYXMDM":null,"KCH":"10255121009"},{"KKDWDM":"017","XS":32,"BYBZ":"0","JSJC":7,"XXXQDM":"02","KXH":"01","KSJC":6,"XKZRS":5,"SKZC":"000000001111111100000000000000","SKJS":"陈丽玲","ISTK":0,"ZCMC":"9-16周","YPSJDD":"11-17周 星期四 第3节-第4节 南湖南-博学北楼-608,9周 星期四 第3节-第4节 南湖南-博学北楼-608,9-16周 星期二 第6节-第7节 南湖南-博学北楼-608","XF":2,"SKXQ":2,"XNXQDM":"2024-2025-2","KCM":"企业经营策划学","JASDM":"0202010608","JXLDM":"020201","JXBID":"20242-03158","SKBJ":"工管留2201","TYXMDM":null,"KCH":"30174119021"},{"KKDWDM":"017","XS":32,"BYBZ":"0","JSJC":4,"XXXQDM":"02","KXH":"01","KSJC":3,"XKZRS":5,"SKZC":"000000001000000000000000000000","SKJS":"陈丽玲","ISTK":0,"ZCMC":"9周","YPSJDD":"11-17周 星期四 第3节-第4节 南湖南-博学北楼-608,9周 星期四 第3节-第4节 南湖南-博学北楼-608,9-16周 星期二 第6节-第7节 南湖南-博学北楼-608","XF":2,"SKXQ":4,"XNXQDM":"2024-2025-2","KCM":"企业经营策划学","JASDM":"0202010608","JXLDM":"020201","JXBID":"20242-03158","SKBJ":"工管留2201","TYXMDM":null,"KCH":"30174119021"},{"KKDWDM":"017","XS":32,"BYBZ":"0","JSJC":4,"XXXQDM":"02","KXH":"01","KSJC":3,"XKZRS":5,"SKZC":"000000000011111110000000000000","SKJS":"陈丽玲","ISTK":0,"ZCMC":"11-17周","YPSJDD":"11-17周 星期四 第3节-第4节 南湖南-博学北楼-608,9周 星期四 第3节-第4节 南湖南-博学北楼-608,9-16周 星期二 第6节-第7节 南湖南-博学北楼-608","XF":2,"SKXQ":4,"XNXQDM":"2024-2025-2","KCM":"企业经营策划学","JASDM":"0202010608","JXLDM":"020201","JXBID":"20242-03158","SKBJ":"工管留2201","TYXMDM":null,"KCH":"30174119021"},{"KKDWDM":"072","XS":64,"BYBZ":"0","JSJC":4,"XXXQDM":"02","KXH":"10","KSJC":3,"XKZRS":37,"SKZC":"000000000001110000000000000000","SKJS":"杨莹","ISTK":0,"ZCMC":"12-14周","YPSJDD":"1-10周 星期一 第3节-第4节 南湖南-博学北楼-608,1-15周 星期三 第1节-第2节 南湖南-博学北楼-608,12-14周 星期一 第3节-第4节 南湖南-博学北楼-608,16-17周 星期一 第3节-第4节 南湖南-博学北楼-608","XF":4,"SKXQ":1,"XNXQDM":"2024-2025-2","KCM":"材料力学C","JASDM":"0202010608","JXLDM":"020201","JXBID":"20242-04616","SKBJ":"车辆gj2304","TYXMDM":null,"KCH":"10154111009"},{"KKDWDM":"072","XS":64,"BYBZ":"0","JSJC":4,"XXXQDM":"02","KXH":"10","KSJC":3,"XKZRS":37,"SKZC":"000000000000000110000000000000","SKJS":"杨莹","ISTK":0,"ZCMC":"16-17周","YPSJDD":"1-10周 星期一 第3节-第4节 南湖南-博学北楼-608,1-15周 星期三 第1节-第2节 南湖南-博学北楼-608,12-14周 星期一 第3节-第4节 南湖南-博学北楼-608,16-17周 星期一 第3节-第4节 南湖南-博学北楼-608","XF":4,"SKXQ":1,"XNXQDM":"2024-2025-2","KCM":"材料力学C","JASDM":"0202010608","JXLDM":"020201","JXBID":"20242-04616","SKBJ":"车辆gj2304","TYXMDM":null,"KCH":"10154111009"}]}},"code":"0"}