{"datas":{"jaskcb":{"extParams":{"code":1,"msg":"查询成功"},"pageSize":0,"pageNumber":0,"totalSize":-1,"rows":[{"KKDWDM":"020","XS":32,"BYBZ":"0","JSJC":7,"XXXQDM":"02","KXH":"97","KSJC":6,"XKZRS":37,"SKZC":"111111111111111100000000000000","SKJS":"尧玮","ISTK":0,"ZCMC":"1-16周","YPSJDD":"1-16周 星期二 第6节-第7节 南湖南-博学北楼-402","XF":2,"SKXQ":2,"XNXQDM":"2024-2025-2","KCM":"大学英语3","JASDM":"0202010402","JXLDM":"020201","JXBID":"20242-12728","SKBJ":"公选-12728","TYXMDM":"11","KCH":"10201121072"},{"KKDWDM":"020","XS":32,"BYBZ":"0","JSJC":4,"XXXQDM":"02","KXH":"49","KSJC":3,"XKZRS":27,"SKZC":"1111111111111111","SKJS":"赵静","ISTK":0,"ZCMC":"1-16周","YPSJDD":"1-16周 星期三 第3节-第4节 南湖南-博学北楼-402","XF":2,"SKXQ":3,"XNXQDM":"2024-2025-2","KCM":"大学英语3","JASDM":"0202010402","JXLDM":"020201","JXBID":"20242-12638","SKBJ":"公选-12638","TYXMDM":"11","KCH":"10201121072"},{"KKDWDM":"020","XS":32,"BYBZ":"0","JSJC":2,"XXXQDM":"02","KXH":"22","KSJC":1,"XKZRS":34,"SKZC":"1111111111111111","SKJS":"李明菲","ISTK":0,"ZCMC":"1-16周","YPSJDD":"1-16周 星期二 第1节-第2节 南湖南-博学北楼-402","XF":2,"SKXQ":2,"XNXQDM":"2024-2025-2","KCM":"大学英语3","JASDM":"0202010402","JXLDM":"020201","JXBID":"20242-12584","SKBJ":"公选-12584","TYXMDM":"11","KCH":"10201121072"},{"KKDWDM":"020","XS":32,"BYBZ":"0","JSJC":2,"XXXQDM":"02","KXH":"40","KSJC":1,"XKZRS":35,"SKZC":"1111111111111111","SKJS":"赵静","ISTK":0,"ZCMC":"1-16周","YPSJDD":"1-16周 星期三 第1节-第2节 南湖南-博学北楼-402","XF":2,"SKXQ":3,"XNXQDM":"2024-2025-2","KCM":"大学英语3","JASDM":"0202010402","JXLDM":"020201","JXBID":"20242-12620","SKBJ":"公选-12620","TYXMDM":"11","KCH":"10201121072"},{"KKDWDM":"020","XS":32,"BYBZ":"0","JSJC":7,"XXXQDM":"02","KXH":"100","KSJC":6,"XKZRS":37,"SKZC":"1111111111111111","SKJS":"徐熙君,莫银丽","ISTK":0,"ZCMC":"1-16周","YPSJDD":"1-16周 星期三 第6节-第7节 南湖南-博学北楼-402","XF":2,"SKXQ":3,"XNXQDM":"2024-2025-2","KCM":"大学英语3","JASDM":"0202010402","JXLDM":"020201","JXBID":"20242-12734","SKBJ":"公选-12734","TYXMDM":"11","KCH":"10201121072"},{"KKDWDM":"020","XS":32,"BYBZ":"0","JSJC":7,"XXXQDM":"02","KXH":"94","KSJC":6,"XKZRS":36,"SKZC":"111111111100000000000000000000","SKJS":"焦磊,莫银丽","ISTK":0,"ZCMC":"1-10周","YPSJDD":"12-14周 星期一 第6节-第7节 南湖南-博学北楼-402,17周 星期二 第6节-第7节 南湖南-博学北楼-402,1-10周 星期一 第6节-第7节 南湖南-博学北楼-402,16-17周 星期一 第6节-第7节 南湖南-博学北楼-402","XF":2,"SKXQ":1,"XNXQDM":"2024-2025-2","KCM":"大学英语3","JASDM":"0202010402","JXLDM":"020201","JXBID":"20242-12722","SKBJ":"公选-12722","TYXMDM":"11","KCH":"10201121072"},{"KKDWDM":"020","XS":32,"BYBZ":"0","JSJC":4,"XXXQDM":"02","KXH":"13","KSJC":3,"XKZRS":34,"SKZC":"111111111100000000000000000000","SKJS":"焦磊,莫银丽","ISTK":0,"ZCMC":"1-10周","YPSJDD":"1-10周 星期一 第3节-第4节 南湖南-博学北楼-402,17周 星期二 第3节-第4节 南湖南-博学北楼-402,16-17周 星期一 第3节-第4节 南湖南-博学北楼-402,12-14周 星期一 第3节-第4节 南湖南-博学北楼-402","XF":2,"SKXQ":1,"XNXQDM":"2024-2025-2","KCM":"大学英语3","JASDM":"0202010402","JXLDM":"020201","JXBID":"20242-12566","SKBJ":"公选-12566","TYXMDM":"11","KCH":"10201121072"},{"KKDWDM":"020","XS":32,"BYBZ":"0","JSJC":2,"XXXQDM":"02","KXH":"04","KSJC":1,"XKZRS":39,"SKZC":"111111111100000000000000000000","SKJS":"焦磊,莫银丽","ISTK":0,"ZCMC":"1-10周","YPSJDD":"16-17周 星期一 第1节-第2节 南湖南-博学北楼-402,12-14周 星期一 第1节-第2节 南湖南-博学北楼-402,1-10周 星期一 第1节-第2节 南湖南-博学北楼-402,17周 星期二 第1节-第2节 南湖南-博学北楼-402","XF":2,"SKXQ":1,"XNXQDM":"2024-2025-2","KCM":"大学英语3","JASDM":"0202010402","JXLDM":"020201","JXBID":"20242-12548","SKBJ":"公选-12548","TYXMDM":"11","KCH":"10201121072"},{"KKDWDM":"020","XS":32,"BYBZ":"0","JSJC":4,"XXXQDM":"02","KXH":"67","KSJC":3,"XKZRS":35,"SKZC":"111111111000000000000000000000","SKJS":"刘胜莲","ISTK":0,"ZCMC":"1-9周","YPSJDD":"11-17周 星期四 第3节-第4节 南湖南-博学北楼-402,1-9周 星期四 第3节-第4节 南湖南-博学北楼-402","XF":2,"SKXQ":4,"XNXQDM":"2024-2025-2","KCM":"大学英语3","JASDM":"0202010402","JXLDM":"020201","JXBID":"20242-12674","SKBJ":"公选-12674","TYXMDM":"11","KCH":"10201121072"},{"KKDWDM":"020","XS":32,"BYBZ":"0","JSJC":2,"XXXQDM":"02","KXH":"58","KSJC":1,"XKZRS":35,"SKZC":"111111111000000000000000000000","SKJS":"刘胜莲","ISTK":0,"ZCMC":"1-9周","YPSJDD":"11-17周 星期四 第1节-第2节 南湖南-博学北楼-402,1-9周 星期四 第1节-第2节 南湖南-博学北楼-402","XF":2,"SKXQ":4,"XNXQDM":"2024-2025-2","KCM":"大学英语3","JASDM":"0202010402","JXLDM":"020201","JXBID":"20242-12656","SKBJ":"公选-12656","TYXMDM":"11","KCH":"10201121072"},{"KKDWDM":"020","XS":32,"BYBZ":"0","JSJC":4,"XXXQDM":"02","KXH":"85","KSJC":3,"XKZRS":34,"SKZC":"111110000000000000000000000000","SKJS":"刘胜莲","ISTK":0,"ZCMC":"1-5周","YPSJDD":"11-16周 星期五 第3节-第4节 南湖南-博学北楼-402,1-5周 星期五 第3节-第4节 南湖南-博学北楼-402,7-9周 星期五 第3节-第4节 南湖南-博学北楼-402,9周 星期日 第3节-第4节 南湖南-博学北楼-402,17周 星期三 第3节-第4节 南湖南-博学北楼-402","XF":2,"SKXQ":5,"XNXQDM":"2024-2025-2","KCM":"大学英语3","JASDM":"0202010402","JXLDM":"020201","JXBID":"20242-12708","SKBJ":"公选-12708","TYXMDM":"11","KCH":"10201121072"},{"KKDWDM":"020","XS":32,"BYBZ":"0","JSJC":2,"XXXQDM":"02","KXH":"76","KSJC":1,"XKZRS":35,"SKZC":"111110000000000000000000000000","SKJS":"刘胜莲","ISTK":0,"ZCMC":"1-5周","YPSJDD":"7-9周 星期五 第1节-第2节 南湖南-博学北楼-402,9周 星期日 第1节-第2节 南湖南-博学北楼-402,11-16周 星期五 第1节-第2节 南湖南-博学北楼-402,1-5周 星期五 第1节-第2节 南湖南-博学北楼-402,17周 星期三 第1节-第2节 南湖南-博学北楼-402","XF":2,"SKXQ":5,"XNXQDM":"2024-2025-2","KCM":"大学英语3","JASDM":"0202010402","JXLDM":"020201","JXBID":"20242-12691","SKBJ":"公选-12691","TYXMDM":"11","KCH":"10201121072"},{"KKDWDM":"020","XS":32,"BYBZ":"0","JSJC":2,"XXXQDM":"02","KXH":"76","KSJC":1,"XKZRS":35,"SKZC":"000000111000000000000000000000","SKJS":"刘胜莲","ISTK":0,"ZCMC":"7-9周","YPSJDD":"7-9周 星期五 第1节-第2节 南湖南-博学北楼-402,9周 星期日 第1节-第2节 南湖南-博学北楼-402,11-16周 星期五 第1节-第2节 南湖南-博学北楼-402,1-5周 星期五 第1节-第2节 南湖南-博学北楼-402,17周 星期三 第1节-第2节 南湖南-博学北楼-402","XF":2,"SKXQ":5,"XNXQDM":"2024-2025-2","KCM":"大学英语3","JASDM":"0202010402","JXLDM":"020201","JXBID":"20242-12691","SKBJ":"公选-12691","TYXMDM":"11","KCH":"10201121072"},{"KKDWDM":"020","XS":32,"BYBZ":"0","JSJC":4,"XXXQDM":"02","KXH":"85","KSJC":3,"XKZRS":34,"SKZC":"000000111000000000000000000000","SKJS":"刘胜莲","ISTK":0,"ZCMC":"7-9周","YPSJDD":"11-16周 星期五 第3节-第4节 南湖南-博学北楼-402,1-5周 星期五 第3节-第4节 南湖南-博学北楼-402,7-9周 星期五 第3节-第4节 南湖南-博学北楼-402,9周 星期日 第3节-第4节 南湖南-博学北楼-402,17周 星期三 第3节-第4节 南湖南-博学北楼-402","XF":2,"SKXQ":5,"XNXQDM":"2024-2025-2","KCM":"大学英语3","JASDM":"0202010402","JXLDM":"020201","JXBID":"20242-12708","SKBJ":"公选-12708","TYXMDM":"11","KCH":"10201121072"},{"KKDWDM":"020","XS":32,"BYBZ":"0","JSJC":4,"XXXQDM":"02","KXH":"85","KSJC":3,"XKZRS":34,"SKZC":"000000001000000000000000000000","SKJS":"刘胜莲","ISTK":0,"ZCMC":"9周","YPSJDD":"11-16周 星期五 第3节-第4节 南湖南-博学北楼-402,1-5周 星期五 第3节-第4节 南湖南-博学北楼-402,7-9周 星期五 第3节-第4节 南湖南-博学北楼-402,9周 星期日 第3节-第4节 南湖南-博学北楼-402,17周 星期三 第3节-第4节 南湖南-博学北楼-402","XF":2,"SKXQ":7,"XNXQDM":"2024-2025-2","KCM":"大学英语3","JASDM":"0202010402","JXLDM":"020201","JXBID":"20242-12708","SKBJ":"公选-12708","TYXMDM":"11","KCH":"10201121072"},{"KKDWDM":"020","XS":32,"BYBZ":"0","JSJC":2,"XXXQDM":"02","KXH":"76","KSJC":1,"XKZRS":35,"SKZC":"000000001000000000000000000000","SKJS":"刘胜莲","ISTK":0,"ZCMC":"9周","YPSJDD":"7-9周 星期五 第1节-第2节 南湖南-博学北楼-402,9周 星期日 第1节-第2节 南湖南-博学北楼-402,11-16周 星期五 第1节-第2节 南湖南-博学北楼-402,1-5周 星期五 第1节-第2节 南湖南-博学北楼-402,17周 星期三 第1节-第2节 南湖南-博学北楼-402","XF":2,"SKXQ":7,"XNXQDM":"2024-2025-2","KCM":"大学英语3","JASDM":"0202010402","JXLDM":"020201","JXBID":"20242-12691","SKBJ":"公选-12691","TYXMDM":"11","KCH":"10201121072"},{"KKDWDM":"020","XS":32,"BYBZ":"0","JSJC":2,"XXXQDM":"02","KXH":"58","KSJC":1,"XKZRS":35,"SKZC":"000000000011111110000000000000","SKJS":"刘胜莲","ISTK":0,"ZCMC":"11-17周","YPSJDD":"11-17周 星期四 第1节-第2节 南湖南-博学北楼-402,1-9周 星期四 第1节-第2节 南湖南-博学北楼-402","XF":2,"SKXQ":4,"XNXQDM":"2024-2025-2","KCM":"大学英语3","JASDM":"0202010402","JXLDM":"020201","JXBID":"20242-12656","SKBJ":"公选-12656","TYXMDM":"11","KCH":"10201121072"},{"KKDWDM":"020","XS":32,"BYBZ":"0","JSJC":4,"XXXQDM":"02","KXH":"67","KSJC":3,"XKZRS":35,"SKZC":"000000000011111110000000000000","SKJS":"刘胜莲","ISTK":0,"ZCMC":"11-17周","YPSJDD":"11-17周 星期四 第3节-第4节 南湖南-博学北楼-402,1-9周 星期四 第3节-第4节 南湖南-博学北楼-402","XF":2,"SKXQ":4,"XNXQDM":"2024-2025-2","KCM":"大学英语3","JASDM":"0202010402","JXLDM":"020201","JXBID":"20242-12674","SKBJ":"公选-12674","TYXMDM":"11","KCH":"10201121072"},{"KKDWDM":"020","XS":32,"BYBZ":"0","JSJC":2,"XXXQDM":"02","KXH":"76","KSJC":1,"XKZRS":35,"SKZC":"000000000011111100000000000000","SKJS":"刘胜莲","ISTK":0,"ZCMC":"11-16周","YPSJDD":"7-9周 星期五 第1节-第2节 南湖南-博学北楼-402,9周 星期日 第1节-第2节 南湖南-博学北楼-402,11-16周 星期五 第1节-第2节 南湖南-博学北楼-402,1-5周 星期五 第1节-第2节 南湖南-博学北楼-402,17周 星期三 第1节-第2节 南湖南-博学北楼-402","XF":2,"SKXQ":5,"XNXQDM":"2024-2025-2","KCM":"大学英语3","JASDM":"0202010402","JXLDM":"020201","JXBID":"20242-12691","SKBJ":"公选-12691","TYXMDM":"11","KCH":"10201121072"},{"KKDWDM":"020","XS":32,"BYBZ":"0","JSJC":4,"XXXQDM":"02","KXH":"85","KSJC":3,"XKZRS":34,"SKZC":"000000000011111100000000000000","SKJS":"刘胜莲","ISTK":0,"ZCMC":"11-16周","YPSJDD":"11-16周 星期五 第3节-第4节 南湖南-博学北楼-402,1-5周 星期五 第3节-第4节 南湖南-博学北楼-402,7-9周 星期五 第3节-第4节 南湖南-博学北楼-402,9周 星期日 第3节-第4节 南湖南-博学北楼-402,17周 星期三 第3节-第4节 南湖南-博学北楼-402","XF":2,"SKXQ":5,"XNXQDM":"2024-2025-2","KCM":"大学英语3","JASDM":"0202010402","JXLDM":"020201","JXBID":"20242-12708","SKBJ":"公选-12708","TYXMDM":"11","KCH":"10201121072"},{"KKDWDM":"020","XS":32,"BYBZ":"0","JSJC":2,"XXXQDM":"02","KXH":"04","KSJC":1,"XKZRS":39,"SKZC":"000000000001110000000000000000","SKJS":"焦磊,莫银丽","ISTK":0,"ZCMC":"12-14周","YPSJDD":"16-17周 星期一 第1节-第2节 南湖南-博学北楼-402,12-14周 星期一 第1节-第2节 南湖南-博学北楼-402,1-10周 星期一 第1节-第2节 南湖南-博学北楼-402,17周 星期二 第1节-第2节 南湖南-博学北楼-402","XF":2,"SKXQ":1,"XNXQDM":"2024-2025-2","KCM":"大学英语3","JASDM":"0202010402","JXLDM":"020201","JXBID":"20242-12548","SKBJ":"公选-12548","TYXMDM":"11","KCH":"10201121072"},{"KKDWDM":"020","XS":32,"BYBZ":"0","JSJC":7,"XXXQDM":"02","KXH":"94","KSJC":6,"XKZRS":36,"SKZC":"000000000001110000000000000000","SKJS":"焦磊,莫银丽","ISTK":0,"ZCMC":"12-14周","YPSJDD":"12-14周 星期一 第6节-第7节 南湖南-博学北楼-402,17周 星期二 第6节-第7节 南湖南-博学北楼-402,1-10周 星期一 第6节-第7节 南湖南-博学北楼-402,16-17周 星期一 第6节-第7节 南湖南-博学北楼-402","XF":2,"SKXQ":1,"XNXQDM":"2024-2025-2","KCM":"大学英语3","JASDM":"0202010402","JXLDM":"020201","JXBID":"20242-12722","SKBJ":"公选-12722","TYXMDM":"11","KCH":"10201121072"},{"KKDWDM":"020","XS":32,"BYBZ":"0","JSJC":4,"XXXQDM":"02","KXH":"13","KSJC":3,"XKZRS":34,"SKZC":"000000000001110000000000000000","SKJS":"焦磊,莫银丽","ISTK":0,"ZCMC":"12-14周","YPSJDD":"1-10周 星期一 第3节-第4节 南湖南-博学北楼-402,17周 星期二 第3节-第4节 南湖南-博学北楼-402,16-17周 星期一 第3节-第4节 南湖南-博学北楼-402,12-14周 星期一 第3节-第4节 南湖南-博学北楼-402","XF":2,"SKXQ":1,"XNXQDM":"2024-2025-2","KCM":"大学英语3","JASDM":"0202010402","JXLDM":"020201","JXBID":"20242-12566","SKBJ":"公选-12566","TYXMDM":"11","KCH":"10201121072"},{"KKDWDM":"020","XS":32,"BYBZ":"0","JSJC":7,"XXXQDM":"02","KXH":"94","KSJC":6,"XKZRS":36,"SKZC":"000000000000000110000000000000","SKJS":"焦磊,莫银丽","ISTK":0,"ZCMC":"16-17周","YPSJDD":"12-14周 星期一 第6节-第7节 南湖南-博学北楼-402,17周 星期二 第6节-第7节 南湖南-博学北楼-402,1-10周 星期一 第6节-第7节 南湖南-博学北楼-402,16-17周 星期一 第6节-第7节 南湖南-博学北楼-402","XF":2,"SKXQ":1,"XNXQDM":"2024-2025-2","KCM":"大学英语3","JASDM":"0202010402","JXLDM":"020201","JXBID":"20242-12722","SKBJ":"公选-12722","TYXMDM":"11","KCH":"10201121072"},{"KKDWDM":"020","XS":32,"BYBZ":"0","JSJC":4,"XXXQDM":"02","KXH":"13","KSJC":3,"XKZRS":34,"SKZC":"000000000000000110000000000000","SKJS":"焦磊,莫银丽","ISTK":0,"ZCMC":"16-17周","YPSJDD":"1-10周 星期一 第3节-第4节 南湖南-博学北楼-402,17周 星期二 第3节-第4节 南湖南-博学北楼-402,16-17周 星期一 第3节-第4节 南湖南-博学北楼-402,12-14周 星期一 第3节-第4节 南湖南-博学北楼-402","XF":2,"SKXQ":1,"XNXQDM":"2024-2025-2","KCM":"大学英语3","JASDM":"0202010402","JXLDM":"020201","JXBID":"20242-12566","SKBJ":"公选-12566","TYXMDM":"11","KCH":"10201121072"},{"KKDWDM":"020","XS":32,"BYBZ":"0","JSJC":2,"XXXQDM":"02","KXH":"04","KSJC":1,"XKZRS":39,"SKZC":"000000000000000110000000000000","SKJS":"焦磊,莫银丽","ISTK":0,"ZCMC":"16-17周","YPSJDD":"16-17周 星期一 第1节-第2节 南湖南-博学北楼-402,12-14周 星期一 第1节-第2节 南湖南-博学北楼-402,1-10周 星期一 第1节-第2节 南湖南-博学北楼-402,17周 星期二 第1节-第2节 南湖南-博学北楼-402","XF":2,"SKXQ":1,"XNXQDM":"2024-2025-2","KCM":"大学英语3","JASDM":"0202010402","JXLDM":"020201","JXBID":"20242-12548","SKBJ":"公选-12548","TYXMDM":"11","KCH":"10201121072"},{"KKDWDM":"020","XS":32,"BYBZ":"0","JSJC":4,"XXXQDM":"02","KXH":"13","KSJC":3,"XKZRS":34,"SKZC":"000000000000000010000000000000","SKJS":"焦磊,莫银丽","ISTK":0,"ZCMC":"17周","YPSJDD":"1-10周 星期一 第3节-第4节 南湖南-博学北楼-402,17周 星期二 第3节-第4节 南湖南-博学北楼-402,16-17周 星期一 第3节-第4节 南湖南-博学北楼-402,12-14周 星期一 第3节-第4节 南湖南-博学北楼-402","XF":2,"SKXQ":2,"XNXQDM":"2024-2025-2","KCM":"大学英语3","JASDM":"0202010402","JXLDM":"020201","JXBID":"20242-12566","SKBJ":"公选-12566","TYXMDM":"11","KCH":"10201121072"},{"KKDWDM":"020","XS":32,"BYBZ":"0","JSJC":2,"XXXQDM":"02","KXH":"76","KSJC":1,"XKZRS":35,"SKZC":"000000000000000010000000000000","SKJS":"刘胜莲","ISTK":0,"ZCMC":"17周","YPSJDD":"7-9周 星期五 第1节-第2节 南湖南-博学北楼-402,9周 星期日 第1节-第2节 南湖南-博学北楼-402,11-16周 星期五 第1节-第2节 南湖南-博学北楼-402,1-5周 星期五 第1节-第2节 南湖南-博学北楼-402,17周 星期三 第1节-第2节 南湖南-博学北楼-402","XF":2,"SKXQ":3,"XNXQDM":"2024-2025-2","KCM":"大学英语3","JASDM":"0202010402","JXLDM":"020201","JXBID":"20242-12691","SKBJ":"公选-12691","TYXMDM":"11","KCH":"10201121072"},{"KKDWDM":"020","XS":32,"BYBZ":"0","JSJC":7,"XXXQDM":"02","KXH":"94","KSJC":6,"XKZRS":36,"SKZC":"000000000000000010000000000000","SKJS":"焦磊,莫银丽","ISTK":0,"ZCMC":"17周","YPSJDD":"12-14周 星期一 第6节-第7节 南湖南-博学北楼-402,17周 星期二 第6节-第7节 南湖南-博学北楼-402,1-10周 星期一 第6节-第7节 南湖南-博学北楼-402,16-17周 星期一 第6节-第7节 南湖南-博学北楼-402","XF":2,"SKXQ":2,"XNXQDM":"2024-2025-2","KCM":"大学英语3","JASDM":"0202010402","JXLDM":"020201","JXBID":"20242-12722","SKBJ":"公选-12722","TYXMDM":"11","KCH":"10201121072"},{"KKDWDM":"020","XS":32,"BYBZ":"0","JSJC":2,"XXXQDM":"02","KXH":"04","KSJC":1,"XKZRS":39,"SKZC":"000000000000000010000000000000","SKJS":"焦磊,莫银丽","ISTK":0,"ZCMC":"17周","YPSJDD":"16-17周 星期一 第1节-第2节 南湖南-博学北楼-402,12-14周 星期一 第1节-第2节 南湖南-博学北楼-402,1-10周 星期一 第1节-第2节 南湖南-博学北楼-402,17周 星期二 第1节-第2节 南湖南-博学北楼-402","XF":2,"SKXQ":2,"XNXQDM":"2024-2025-2","KCM":"大学英语3","JASDM":"0202010402","JXLDM":"020201","JXBID":"20242-12548","SKBJ":"公选-12548","TYXMDM":"11","KCH":"10201121072"},{"KKDWDM":"020","XS":32,"BYBZ":"0","JSJC":4,"XXXQDM":"02","KXH":"85","KSJC":3,"XKZRS":34,"SKZC":"000000000000000010000000000000","SKJS":"刘胜莲","ISTK":0,"ZCMC":"17周","YPSJDD":"11-16周 星期五 第3节-第4节 南湖南-博学北楼-402,1-5周 星期五 第3节-第4节 南湖南-博学北楼-402,7-9周 星期五 第3节-第4节 南湖南-博学北楼-402,9周 星期日 第3节-第4节 南湖南-博学北楼-402,17周 星期三 第3节-第4节 南湖南-博学北楼-402","XF":2,"SKXQ":3,"XNXQDM":"2024-2025-2","KCM":"大学英语3","JASDM":"0202010402","JXLDM":"020201","JXBID":"20242-12708","SKBJ":"公选-12708","TYXMDM":"11","KCH":"10201121072"}]}},"code":"0"}