{"datas":{"jaskcb":{"extParams":{"code":1,"msg":"查询成功"},"pageSize":0,"pageNumber":0,"totalSize":-1,"rows":[{"KKDWDM":"072","XS":64,"BYBZ":"0","JSJC":4,"XXXQDM":"02","KXH":"01","KSJC":3,"XKZRS":87,"SKZC":"111111111111111100000000000000","SKJS":"周令,段波","ISTK":0,"ZCMC":"1-16周","YPSJDD":"12-14周 星期一 第1节-第2节 南湖南-博学西楼-311,1-16周 星期三 第3节-第4节 南湖南-博学西楼-311,1-10周 星期一 第1节-第2节 南湖南-博学西楼-311,17周 星期二 第1节-第2节 南湖南-博学西楼-311,16-17周 星期一 第1节-第2节 南湖南-博学西楼-311","XF":4,"SKXQ":3,"XNXQDM":"2024-2025-2","KCM":"工程力学B","JASDM":"0202030311","JXLDM":"020203","JXBID":"20242-04554","SKBJ":"复材2301-02","TYXMDM":null,"KCH":"10153111008"},{"KKDWDM":"016","XS":32,"BYBZ":"0","JSJC":2,"XXXQDM":"02","KXH":"01","KSJC":1,"XKZRS":67,"SKZC":"1111111111111111","SKJS":"夏佳乐","ISTK":0,"ZCMC":"1-16周","YPSJDD":"1-16周 星期二 第1节-第2节 南湖南-博学西楼-311","XF":2,"SKXQ":2,"XNXQDM":"2024-2025-2","KCM":"普通化学C","JASDM":"0202030311","JXLDM":"020203","JXBID":"20242-05153","SKBJ":"过控2301-02","TYXMDM":null,"KCH":"10163117121"},{"KKDWDM":"008","XS":40,"BYBZ":"0","JSJC":8,"XXXQDM":"02","KXH":"15","KSJC":6,"XKZRS":83,"SKZC":"111111111100000000000000000000","SKJS":"黄丰","ISTK":0,"ZCMC":"1-10周","YPSJDD":"1-10周 星期一 第6节-第8节 南湖南-博学西楼-311,12-13周 星期一 第6节-第8节 南湖南-博学西楼-311","XF":2,"SKXQ":1,"XNXQDM":"2024-2025-2","KCM":"工程材料A","JASDM":"0202030311","JXLDM":"020203","JXBID":"20242-11069","SKBJ":"机电类2413-14","TYXMDM":null,"KCH":"10115111001"},{"KKDWDM":"072","XS":64,"BYBZ":"0","JSJC":2,"XXXQDM":"02","KXH":"01","KSJC":1,"XKZRS":87,"SKZC":"111111111100000000000000000000","SKJS":"周令,段波","ISTK":0,"ZCMC":"1-10周","YPSJDD":"12-14周 星期一 第1节-第2节 南湖南-博学西楼-311,1-16周 星期三 第3节-第4节 南湖南-博学西楼-311,1-10周 星期一 第1节-第2节 南湖南-博学西楼-311,17周 星期二 第1节-第2节 南湖南-博学西楼-311,16-17周 星期一 第1节-第2节 南湖南-博学西楼-311","XF":4,"SKXQ":1,"XNXQDM":"2024-2025-2","KCM":"工程力学B","JASDM":"0202030311","JXLDM":"020203","JXBID":"20242-04554","SKBJ":"复材2301-02","TYXMDM":null,"KCH":"10153111008"},{"KKDWDM":"071","XS":48,"BYBZ":"0","JSJC":5,"XXXQDM":"02","KXH":"02","KSJC":3,"XKZRS":88,"SKZC":"111111111100000000000000000000","SKJS":"贺紫盈","ISTK":0,"ZCMC":"1-10周","YPSJDD":"1-10周 星期一 第3节-第5节 南湖南-博学西楼-311,12-14周 星期一 第3节-第5节 南湖南-博学西楼-311,17周 星期二 第3节-第5节 南湖南-博学西楼-311,16-17周 星期一 第3节-第5节 南湖南-博学西楼-311","XF":3,"SKXQ":1,"XNXQDM":"2024-2025-2","KCM":"复变函数A","JASDM":"0202030311","JXLDM":"020203","JXBID":"20242-05431","SKBJ":"统计2301-02","TYXMDM":null,"KCH":"10154117050"},{"KKDWDM":"003","XS":32,"BYBZ":"0","JSJC":8,"XXXQDM":"02","KXH":"05","KSJC":6,"XKZRS":81,"SKZC":"111111111100000000000000","SKJS":"唐佩,张鹏超","ISTK":0,"ZCMC":"1-10周","YPSJDD":"11周 星期三 第6节-第7节 南湖南-博学西楼-311,1-10周 星期三 第6节-第8节 南湖南-博学西楼-311","XF":2,"SKXQ":3,"XNXQDM":"2024-2025-2","KCM":"材料概论","JASDM":"0202030311","JXLDM":"020203","JXBID":"20242-10071","SKBJ":"材料类2403-04","TYXMDM":null,"KCH":"10105111044"},{"KKDWDM":"003","XS":32,"BYBZ":"0","JSJC":8,"XXXQDM":"02","KXH":"08","KSJC":6,"XKZRS":70,"SKZC":"111111111100000000000000","SKJS":"杨全岭,袁波","ISTK":0,"ZCMC":"1-10周","YPSJDD":"11周 星期二 第6节-第7节 南湖南-博学西楼-311,1-10周 星期二 第6节-第8节 南湖南-博学西楼-311","XF":2,"SKXQ":2,"XNXQDM":"2024-2025-2","KCM":"材料概论","JASDM":"0202030311","JXLDM":"020203","JXBID":"20242-11419","SKBJ":"材料类2413-14","TYXMDM":null,"KCH":"10105111044"},{"KKDWDM":"018","XS":40,"BYBZ":"0","JSJC":5,"XXXQDM":"02","KXH":"01","KSJC":3,"XKZRS":75,"SKZC":"111111111011100000000000","SKJS":"陈剑锋","ISTK":0,"ZCMC":"1-9周,11-13周","YPSJDD":"14-15周 星期四 第3节-第4节 南湖南-博学西楼-311,1-9周,11-13周 星期四 第3节-第5节 南湖南-博学西楼-311","XF":2,"SKXQ":4,"XNXQDM":"2024-2025-2","KCM":"网络经济学","JASDM":"0202030311","JXLDM":"020203","JXBID":"20242-02963","SKBJ":"经 济2201-02,经济cy2201","TYXMDM":null,"KCH":"10184121077"},{"KKDWDM":"010","XS":48,"BYBZ":"0","JSJC":5,"XXXQDM":"02","KXH":"01","KSJC":3,"XKZRS":85,"SKZC":"111111110000000000000000000000","SKJS":"何青青,周晗,姜良存,张明,梁友嘉","ISTK":0,"ZCMC":"1-8周","YPSJDD":"1-8周 星期二 第3节-第5节 南湖南-博学西楼-311","XF":3,"SKXQ":2,"XNXQDM":"2024-2025-2","KCM":"计量地理学","JASDM":"0202030311","JXLDM":"020203","JXBID":"20242-04648","SKBJ":"地信2302-03","TYXMDM":null,"KCH":"10104114010"},{"KKDWDM":"022","XS":48,"BYBZ":"0","JSJC":5,"XXXQDM":"02","KXH":"01","KSJC":3,"XKZRS":51,"SKZC":"111110000000000000000000000000","SKJS":"刘卫华","ISTK":0,"ZCMC":"1-5周","YPSJDD":"9周 星期日 第3节-第5节 南湖南-博学西楼-311,1-5周 星期五 第3节-第5节 南湖南-博学西楼-311,7-9周 星期五 第3节-第5节 南湖南-博学西楼-311,11-16周 星期五 第3节-第5节 南湖南-博学西楼-311,17周 星期三 第3节-第5节 南湖南-博学西楼-311","XF":3,"SKXQ":5,"XNXQDM":"2024-2025-2","KCM":"小组工作B","JASDM":"0202030311","JXLDM":"020203","JXBID":"20242-05472","SKBJ":"社工2301-02","TYXMDM":null,"KCH":"10224121121"},{"KKDWDM":"022","XS":48,"BYBZ":"0","JSJC":5,"XXXQDM":"02","KXH":"01","KSJC":3,"XKZRS":51,"SKZC":"000000111000000000000000000000","SKJS":"刘卫华","ISTK":0,"ZCMC":"7-9周","YPSJDD":"9周 星期日 第3节-第5节 南湖南-博学西楼-311,1-5周 星期五 第3节-第5节 南湖南-博学西楼-311,7-9周 星期五 第3节-第5节 南湖南-博学西楼-311,11-16周 星期五 第3节-第5节 南湖南-博学西楼-311,17周 星期三 第3节-第5节 南湖南-博学西楼-311","XF":3,"SKXQ":5,"XNXQDM":"2024-2025-2","KCM":"小组工作B","JASDM":"0202030311","JXLDM":"020203","JXBID":"20242-05472","SKBJ":"社工2301-02","TYXMDM":null,"KCH":"10224121121"},{"KKDWDM":"022","XS":48,"BYBZ":"0","JSJC":5,"XXXQDM":"02","KXH":"01","KSJC":3,"XKZRS":51,"SKZC":"000000001000000000000000000000","SKJS":"刘卫华","ISTK":0,"ZCMC":"9周","YPSJDD":"9周 星期日 第3节-第5节 南湖南-博学西楼-311,1-5周 星期五 第3节-第5节 南湖南-博学西楼-311,7-9周 星期五 第3节-第5节 南湖南-博学西楼-311,11-16周 星期五 第3节-第5节 南湖南-博学西楼-311,17周 星期三 第3节-第5节 南湖南-博学西楼-311","XF":3,"SKXQ":7,"XNXQDM":"2024-2025-2","KCM":"小组工作B","JASDM":"0202030311","JXLDM":"020203","JXBID":"20242-05472","SKBJ":"社工2301-02","TYXMDM":null,"KCH":"10224121121"},{"KKDWDM":"022","XS":48,"BYBZ":"0","JSJC":5,"XXXQDM":"02","KXH":"01","KSJC":3,"XKZRS":51,"SKZC":"000000000011111100000000000000","SKJS":"刘卫华","ISTK":0,"ZCMC":"11-16周","YPSJDD":"9周 星期日 第3节-第5节 南湖南-博学西楼-311,1-5周 星期五 第3节-第5节 南湖南-博学西楼-311,7-9周 星期五 第3节-第5节 南湖南-博学西楼-311,11-16周 星期五 第3节-第5节 南湖南-博学西楼-311,17周 星期三 第3节-第5节 南湖南-博学西楼-311","XF":3,"SKXQ":5,"XNXQDM":"2024-2025-2","KCM":"小组工作B","JASDM":"0202030311","JXLDM":"020203","JXBID":"20242-05472","SKBJ":"社工2301-02","TYXMDM":null,"KCH":"10224121121"},{"KKDWDM":"003","XS":32,"BYBZ":"0","JSJC":7,"XXXQDM":"02","KXH":"05","KSJC":6,"XKZRS":81,"SKZC":"000000000010000000000000","SKJS":"唐佩,张鹏超","ISTK":0,"ZCMC":"11周","YPSJDD":"11周 星期三 第6节-第7节 南湖南-博学西楼-311,1-10周 星期三 第6节-第8节 南湖南-博学西楼-311","XF":2,"SKXQ":3,"XNXQDM":"2024-2025-2","KCM":"材料概论","JASDM":"0202030311","JXLDM":"020203","JXBID":"20242-10071","SKBJ":"材料类2403-04","TYXMDM":null,"KCH":"10105111044"},{"KKDWDM":"003","XS":32,"BYBZ":"0","JSJC":7,"XXXQDM":"02","KXH":"08","KSJC":6,"XKZRS":70,"SKZC":"000000000010000000000000","SKJS":"杨全岭,袁波","ISTK":0,"ZCMC":"11周","YPSJDD":"11周 星期二 第6节-第7节 南湖南-博学西楼-311,1-10周 星期二 第6节-第8节 南湖南-博学西楼-311","XF":2,"SKXQ":2,"XNXQDM":"2024-2025-2","KCM":"材料概论","JASDM":"0202030311","JXLDM":"020203","JXBID":"20242-11419","SKBJ":"材料类2413-14","TYXMDM":null,"KCH":"10105111044"},{"KKDWDM":"072","XS":64,"BYBZ":"0","JSJC":2,"XXXQDM":"02","KXH":"01","KSJC":1,"XKZRS":87,"SKZC":"000000000001110000000000000000","SKJS":"周令,段波","ISTK":0,"ZCMC":"12-14周","YPSJDD":"12-14周 星期一 第1节-第2节 南湖南-博学西楼-311,1-16周 星期三 第3节-第4节 南湖南-博学西楼-311,1-10周 星期一 第1节-第2节 南湖南-博学西楼-311,17周 星期二 第1节-第2节 南湖南-博学西楼-311,16-17周 星期一 第1节-第2节 南湖南-博学西楼-311","XF":4,"SKXQ":1,"XNXQDM":"2024-2025-2","KCM":"工程力学B","JASDM":"0202030311","JXLDM":"020203","JXBID":"20242-04554","SKBJ":"复材2301-02","TYXMDM":null,"KCH":"10153111008"},{"KKDWDM":"071","XS":48,"BYBZ":"0","JSJC":5,"XXXQDM":"02","KXH":"02","KSJC":3,"XKZRS":88,"SKZC":"000000000001110000000000000000","SKJS":"贺紫盈","ISTK":0,"ZCMC":"12-14周","YPSJDD":"1-10周 星期一 第3节-第5节 南湖南-博学西楼-311,12-14周 星期一 第3节-第5节 南湖南-博学西楼-311,17周 星期二 第3节-第5节 南湖南-博学西楼-311,16-17周 星期一 第3节-第5节 南湖南-博学西楼-311","XF":3,"SKXQ":1,"XNXQDM":"2024-2025-2","KCM":"复变函数A","JASDM":"0202030311","JXLDM":"020203","JXBID":"20242-05431","SKBJ":"统计2301-02","TYXMDM":null,"KCH":"10154117050"},{"KKDWDM":"008","XS":40,"BYBZ":"0","JSJC":8,"XXXQDM":"02","KXH":"15","KSJC":6,"XKZRS":83,"SKZC":"000000000001100000000000000000","SKJS":"黄丰","ISTK":0,"ZCMC":"12-13周","YPSJDD":"1-10周 星期一 第6节-第8节 南湖南-博学西楼-311,12-13周 星期一 第6节-第8节 南湖南-博学西楼-311","XF":2,"SKXQ":1,"XNXQDM":"2024-2025-2","KCM":"工程材料A","JASDM":"0202030311","JXLDM":"020203","JXBID":"20242-11069","SKBJ":"机电类2413-14","TYXMDM":null,"KCH":"10115111001"},{"KKDWDM":"018","XS":40,"BYBZ":"0","JSJC":4,"XXXQDM":"02","KXH":"01","KSJC":3,"XKZRS":75,"SKZC":"000000000000011000000000","SKJS":"陈剑锋","ISTK":0,"ZCMC":"14-15周","YPSJDD":"14-15周 星期四 第3节-第4节 南湖南-博学西楼-311,1-9周,11-13周 星期四 第3节-第5节 南湖南-博学西楼-311","XF":2,"SKXQ":4,"XNXQDM":"2024-2025-2","KCM":"网络经济学","JASDM":"0202030311","JXLDM":"020203","JXBID":"20242-02963","SKBJ":"经 济2201-02,经济cy2201","TYXMDM":null,"KCH":"10184121077"},{"KKDWDM":"072","XS":64,"BYBZ":"0","JSJC":2,"XXXQDM":"02","KXH":"01","KSJC":1,"XKZRS":87,"SKZC":"000000000000000110000000000000","SKJS":"周令,段波","ISTK":0,"ZCMC":"16-17周","YPSJDD":"12-14周 星期一 第1节-第2节 南湖南-博学西楼-311,1-16周 星期三 第3节-第4节 南湖南-博学西楼-311,1-10周 星期一 第1节-第2节 南湖南-博学西楼-311,17周 星期二 第1节-第2节 南湖南-博学西楼-311,16-17周 星期一 第1节-第2节 南湖南-博学西楼-311","XF":4,"SKXQ":1,"XNXQDM":"2024-2025-2","KCM":"工程力学B","JASDM":"0202030311","JXLDM":"020203","JXBID":"20242-04554","SKBJ":"复材2301-02","TYXMDM":null,"KCH":"10153111008"},{"KKDWDM":"071","XS":48,"BYBZ":"0","JSJC":5,"XXXQDM":"02","KXH":"02","KSJC":3,"XKZRS":88,"SKZC":"000000000000000110000000000000","SKJS":"贺紫盈","ISTK":0,"ZCMC":"16-17周","YPSJDD":"1-10周 星期一 第3节-第5节 南湖南-博学西楼-311,12-14周 星期一 第3节-第5节 南湖南-博学西楼-311,17周 星期二 第3节-第5节 南湖南-博学西楼-311,16-17周 星期一 第3节-第5节 南湖南-博学西楼-311","XF":3,"SKXQ":1,"XNXQDM":"2024-2025-2","KCM":"复变函数A","JASDM":"0202030311","JXLDM":"020203","JXBID":"20242-05431","SKBJ":"统计2301-02","TYXMDM":null,"KCH":"10154117050"},{"KKDWDM":"022","XS":48,"BYBZ":"0","JSJC":5,"XXXQDM":"02","KXH":"01","KSJC":3,"XKZRS":51,"SKZC":"000000000000000010000000000000","SKJS":"刘卫华","ISTK":0,"ZCMC":"17周","YPSJDD":"9周 星期日 第3节-第5节 南湖南-博学西楼-311,1-5周 星期五 第3节-第5节 南湖南-博学西楼-311,7-9周 星期五 第3节-第5节 南湖南-博学西楼-311,11-16周 星期五 第3节-第5节 南湖南-博学西楼-311,17周 星期三 第3节-第5节 南湖南-博学西楼-311","XF":3,"SKXQ":3,"XNXQDM":"2024-2025-2","KCM":"小组工作B","JASDM":"0202030311","JXLDM":"020203","JXBID":"20242-05472","SKBJ":"社工2301-02","TYXMDM":null,"KCH":"10224121121"},{"KKDWDM":"072","XS":64,"BYBZ":"0","JSJC":2,"XXXQDM":"02","KXH":"01","KSJC":1,"XKZRS":87,"SKZC":"000000000000000010000000000000","SKJS":"周令,段波","ISTK":0,"ZCMC":"17周","YPSJDD":"12-14周 星期一 第1节-第2节 南湖南-博学西楼-311,1-16周 星期三 第3节-第4节 南湖南-博学西楼-311,1-10周 星期一 第1节-第2节 南湖南-博学西楼-311,17周 星期二 第1节-第2节 南湖南-博学西楼-311,16-17周 星期一 第1节-第2节 南湖南-博学西楼-311","XF":4,"SKXQ":2,"XNXQDM":"2024-2025-2","KCM":"工程力学B","JASDM":"0202030311","JXLDM":"020203","JXBID":"20242-04554","SKBJ":"复材2301-02","TYXMDM":null,"KCH":"10153111008"},{"KKDWDM":"071","XS":48,"BYBZ":"0","JSJC":5,"XXXQDM":"02","KXH":"02","KSJC":3,"XKZRS":88,"SKZC":"000000000000000010000000000000","SKJS":"贺紫盈","ISTK":0,"ZCMC":"17周","YPSJDD":"1-10周 星期一 第3节-第5节 南湖南-博学西楼-311,12-14周 星期一 第3节-第5节 南湖南-博学西楼-311,17周 星期二 第3节-第5节 南湖南-博学西楼-311,16-17周 星期一 第3节-第5节 南湖南-博学西楼-311","XF":3,"SKXQ":2,"XNXQDM":"2024-2025-2","KCM":"复变函数A","JASDM":"0202030311","JXLDM":"020203","JXBID":"20242-05431","SKBJ":"统计2301-02","TYXMDM":null,"KCH":"10154117050"}]}},"code":"0"}