{"datas":{"jaskcb":{"extParams":{"code":1,"msg":"查询成功"},"pageSize":0,"pageNumber":0,"totalSize":-1,"rows":[{"KKDWDM":"010","XS":48,"BYBZ":"0","JSJC":5,"XXXQDM":"02","KXH":"01","KSJC":3,"XKZRS":50,"SKZC":"11111111","SKJS":"黄永炳","ISTK":0,"ZCMC":"1-8周","YPSJDD":"1-8周 星期二 第3节-第5节 南湖南-博学主楼-405,1-8周 星期四 第3节-第5节 南湖南-博学主楼-405","XF":3,"SKXQ":2,"XNXQDM":"2024-2025-2","KCM":"水污染控制基础","JASDM":"0202040405","JXLDM":"020204","JXBID":"20242-03651","SKBJ":"环科2201-02","TYXMDM":null,"KCH":"10104113044"},{"KKDWDM":"010","XS":32,"BYBZ":"0","JSJC":4,"XXXQDM":"02","KXH":"01","KSJC":3,"XKZRS":55,"SKZC":"11111111","SKJS":"陈东方","ISTK":0,"ZCMC":"1-8周","YPSJDD":"1-8周 星期一 第3节-第4节 南湖南-博学主楼-405,1-8周 星期三 第3节-第4节 南湖南-博学主楼-405","XF":2,"SKXQ":1,"XNXQDM":"2024-2025-2","KCM":"井巷与隧道工程B","JASDM":"0202040405","JXLDM":"020204","JXBID":"20242-03493","SKBJ":"采矿2201-02","TYXMDM":null,"KCH":"4060064110"},{"KKDWDM":"010","XS":32,"BYBZ":"0","JSJC":4,"XXXQDM":"02","KXH":"01","KSJC":3,"XKZRS":55,"SKZC":"11111111","SKJS":"陈东方","ISTK":0,"ZCMC":"1-8周","YPSJDD":"1-8周 星期一 第3节-第4节 南湖南-博学主楼-405,1-8周 星期三 第3节-第4节 南湖南-博学主楼-405","XF":2,"SKXQ":3,"XNXQDM":"2024-2025-2","KCM":"井巷与隧道工程B","JASDM":"0202040405","JXLDM":"020204","JXBID":"20242-03493","SKBJ":"采矿2201-02","TYXMDM":null,"KCH":"4060064110"},{"KKDWDM":"010","XS":48,"BYBZ":"0","JSJC":5,"XXXQDM":"02","KXH":"01","KSJC":3,"XKZRS":50,"SKZC":"11111111","SKJS":"黄永炳","ISTK":0,"ZCMC":"1-8周","YPSJDD":"1-8周 星期二 第3节-第5节 南湖南-博学主楼-405,1-8周 星期四 第3节-第5节 南湖南-博学主楼-405","XF":3,"SKXQ":4,"XNXQDM":"2024-2025-2","KCM":"水污染控制基础","JASDM":"0202040405","JXLDM":"020204","JXBID":"20242-03651","SKBJ":"环科2201-02","TYXMDM":null,"KCH":"10104113044"},{"KKDWDM":"016","XS":32,"BYBZ":"0","JSJC":5,"XXXQDM":"02","KXH":"03","KSJC":3,"XKZRS":45,"SKZC":"111110111010000000000000","SKJS":"余瑶","ISTK":0,"ZCMC":"1-5周,7-9周,11周","YPSJDD":"12周 星期五 第3节-第4节 南湖南-博学主楼-405,1-5周,7-9周,11周 星期五 第3节-第5节 南湖南-博学主楼-405,9周 星期日 第3节-第5节 南湖南-博学主楼-405","XF":2,"SKXQ":5,"XNXQDM":"2024-2025-2","KCM":"重大疾病与健康前沿","JASDM":"0202040405","JXLDM":"020204","JXBID":"20242-03171","SKBJ":"制药H2201-03","TYXMDM":null,"KCH":"10165117010"},{"KKDWDM":"010","XS":56,"BYBZ":"0","JSJC":2,"XXXQDM":"02","KXH":"01","KSJC":1,"XKZRS":115,"SKZC":"000000001111111100000000000000","SKJS":"张晓盼","ISTK":0,"ZCMC":"9-16周","YPSJDD":"12-14周 星期一 第3节-第4节 南湖南-博学主楼-405,17周 星期二 第3节-第4节 南湖南-博学主楼-405,9-10周 星期一 第3节-第4节 南湖南-博学主楼-405,16-17周 星期一 第3节-第4节 南湖南-博学主楼-405,9-16周 星期三 第1节-第2节 南湖南-博学主楼-405","XF":3,"SKXQ":3,"XNXQDM":"2024-2025-2","KCM":"地理信息系统工程B","JASDM":"0202040405","JXLDM":"020204","JXBID":"20242-02537","SKBJ":"地信2201-03","TYXMDM":null,"KCH":"10104112033"},{"KKDWDM":"016","XS":32,"BYBZ":"0","JSJC":4,"XXXQDM":"02","KXH":"01","KSJC":3,"XKZRS":88,"SKZC":"000000001111111100000000000000","SKJS":"李静","ISTK":0,"ZCMC":"9-16周","YPSJDD":"9周 星期五 第1节-第2节 南湖南-博学主楼-405,11-16周 星期五 第1节-第2节 南湖南-博学主楼-405,17周 星期三 第1节-第2节 南湖南-博学主楼-405,9-16周 星期二 第3节-第4节 南湖南-博学主楼-405","XF":2,"SKXQ":2,"XNXQDM":"2024-2025-2","KCM":"环境生物技术","JASDM":"0202040405","JXLDM":"020204","JXBID":"20242-02261","SKBJ":"生物2201,生物H2201-03","TYXMDM":null,"KCH":"10165112005"},{"KKDWDM":"010","XS":56,"BYBZ":"0","JSJC":4,"XXXQDM":"02","KXH":"01","KSJC":3,"XKZRS":115,"SKZC":"000000001100000000000000000000","SKJS":"张晓盼","ISTK":0,"ZCMC":"9-10周","YPSJDD":"12-14周 星期一 第3节-第4节 南湖南-博学主楼-405,17周 星期二 第3节-第4节 南湖南-博学主楼-405,9-10周 星期一 第3节-第4节 南湖南-博学主楼-405,16-17周 星期一 第3节-第4节 南湖南-博学主楼-405,9-16周 星期三 第1节-第2节 南湖南-博学主楼-405","XF":3,"SKXQ":1,"XNXQDM":"2024-2025-2","KCM":"地理信息系统工程B","JASDM":"0202040405","JXLDM":"020204","JXBID":"20242-02537","SKBJ":"地信2201-03","TYXMDM":null,"KCH":"10104112033"},{"KKDWDM":"016","XS":32,"BYBZ":"0","JSJC":2,"XXXQDM":"02","KXH":"01","KSJC":1,"XKZRS":88,"SKZC":"000000001000000000000000000000","SKJS":"李静","ISTK":0,"ZCMC":"9周","YPSJDD":"9周 星期五 第1节-第2节 南湖南-博学主楼-405,11-16周 星期五 第1节-第2节 南湖南-博学主楼-405,17周 星期三 第1节-第2节 南湖南-博学主楼-405,9-16周 星期二 第3节-第4节 南湖南-博学主楼-405","XF":2,"SKXQ":5,"XNXQDM":"2024-2025-2","KCM":"环境生物技术","JASDM":"0202040405","JXLDM":"020204","JXBID":"20242-02261","SKBJ":"生物2201,生物H2201-03","TYXMDM":null,"KCH":"10165112005"},{"KKDWDM":"016","XS":32,"BYBZ":"0","JSJC":5,"XXXQDM":"02","KXH":"03","KSJC":3,"XKZRS":45,"SKZC":"000000001000000000000000","SKJS":"余瑶","ISTK":0,"ZCMC":"9周","YPSJDD":"12周 星期五 第3节-第4节 南湖南-博学主楼-405,1-5周,7-9周,11周 星期五 第3节-第5节 南湖南-博学主楼-405,9周 星期日 第3节-第5节 南湖南-博学主楼-405","XF":2,"SKXQ":7,"XNXQDM":"2024-2025-2","KCM":"重大疾病与健康前沿","JASDM":"0202040405","JXLDM":"020204","JXBID":"20242-03171","SKBJ":"制药H2201-03","TYXMDM":null,"KCH":"10165117010"},{"KKDWDM":"016","XS":32,"BYBZ":"0","JSJC":2,"XXXQDM":"02","KXH":"01","KSJC":1,"XKZRS":88,"SKZC":"000000000011111100000000000000","SKJS":"李静","ISTK":0,"ZCMC":"11-16周","YPSJDD":"9周 星期五 第1节-第2节 南湖南-博学主楼-405,11-16周 星期五 第1节-第2节 南湖南-博学主楼-405,17周 星期三 第1节-第2节 南湖南-博学主楼-405,9-16周 星期二 第3节-第4节 南湖南-博学主楼-405","XF":2,"SKXQ":5,"XNXQDM":"2024-2025-2","KCM":"环境生物技术","JASDM":"0202040405","JXLDM":"020204","JXBID":"20242-02261","SKBJ":"生物2201,生物H2201-03","TYXMDM":null,"KCH":"10165112005"},{"KKDWDM":"010","XS":56,"BYBZ":"0","JSJC":4,"XXXQDM":"02","KXH":"01","KSJC":3,"XKZRS":115,"SKZC":"000000000001110000000000000000","SKJS":"张晓盼","ISTK":0,"ZCMC":"12-14周","YPSJDD":"12-14周 星期一 第3节-第4节 南湖南-博学主楼-405,17周 星期二 第3节-第4节 南湖南-博学主楼-405,9-10周 星期一 第3节-第4节 南湖南-博学主楼-405,16-17周 星期一 第3节-第4节 南湖南-博学主楼-405,9-16周 星期三 第1节-第2节 南湖南-博学主楼-405","XF":3,"SKXQ":1,"XNXQDM":"2024-2025-2","KCM":"地理信息系统工程B","JASDM":"0202040405","JXLDM":"020204","JXBID":"20242-02537","SKBJ":"地信2201-03","TYXMDM":null,"KCH":"10104112033"},{"KKDWDM":"016","XS":32,"BYBZ":"0","JSJC":4,"XXXQDM":"02","KXH":"03","KSJC":3,"XKZRS":45,"SKZC":"000000000001000000000000","SKJS":"余瑶","ISTK":0,"ZCMC":"12周","YPSJDD":"12周 星期五 第3节-第4节 南湖南-博学主楼-405,1-5周,7-9周,11周 星期五 第3节-第5节 南湖南-博学主楼-405,9周 星期日 第3节-第5节 南湖南-博学主楼-405","XF":2,"SKXQ":5,"XNXQDM":"2024-2025-2","KCM":"重大疾病与健康前沿","JASDM":"0202040405","JXLDM":"020204","JXBID":"20242-03171","SKBJ":"制药H2201-03","TYXMDM":null,"KCH":"10165117010"},{"KKDWDM":"010","XS":56,"BYBZ":"0","JSJC":4,"XXXQDM":"02","KXH":"01","KSJC":3,"XKZRS":115,"SKZC":"000000000000000110000000000000","SKJS":"张晓盼","ISTK":0,"ZCMC":"16-17周","YPSJDD":"12-14周 星期一 第3节-第4节 南湖南-博学主楼-405,17周 星期二 第3节-第4节 南湖南-博学主楼-405,9-10周 星期一 第3节-第4节 南湖南-博学主楼-405,16-17周 星期一 第3节-第4节 南湖南-博学主楼-405,9-16周 星期三 第1节-第2节 南湖南-博学主楼-405","XF":3,"SKXQ":1,"XNXQDM":"2024-2025-2","KCM":"地理信息系统工程B","JASDM":"0202040405","JXLDM":"020204","JXBID":"20242-02537","SKBJ":"地信2201-03","TYXMDM":null,"KCH":"10104112033"},{"KKDWDM":"016","XS":32,"BYBZ":"0","JSJC":2,"XXXQDM":"02","KXH":"01","KSJC":1,"XKZRS":88,"SKZC":"000000000000000010000000000000","SKJS":"李静","ISTK":0,"ZCMC":"17周","YPSJDD":"9周 星期五 第1节-第2节 南湖南-博学主楼-405,11-16周 星期五 第1节-第2节 南湖南-博学主楼-405,17周 星期三 第1节-第2节 南湖南-博学主楼-405,9-16周 星期二 第3节-第4节 南湖南-博学主楼-405","XF":2,"SKXQ":3,"XNXQDM":"2024-2025-2","KCM":"环境生物技术","JASDM":"0202040405","JXLDM":"020204","JXBID":"20242-02261","SKBJ":"生物2201,生物H2201-03","TYXMDM":null,"KCH":"10165112005"},{"KKDWDM":"010","XS":56,"BYBZ":"0","JSJC":4,"XXXQDM":"02","KXH":"01","KSJC":3,"XKZRS":115,"SKZC":"000000000000000010000000000000","SKJS":"张晓盼","ISTK":0,"ZCMC":"17周","YPSJDD":"12-14周 星期一 第3节-第4节 南湖南-博学主楼-405,17周 星期二 第3节-第4节 南湖南-博学主楼-405,9-10周 星期一 第3节-第4节 南湖南-博学主楼-405,16-17周 星期一 第3节-第4节 南湖南-博学主楼-405,9-16周 星期三 第1节-第2节 南湖南-博学主楼-405","XF":3,"SKXQ":2,"XNXQDM":"2024-2025-2","KCM":"地理信息系统工程B","JASDM":"0202040405","JXLDM":"020204","JXBID":"20242-02537","SKBJ":"地信2201-03","TYXMDM":null,"KCH":"10104112033"}]}},"code":"0"}