{"datas":{"jaskcb":{"extParams":{"code":1,"msg":"查询成功"},"pageSize":0,"pageNumber":0,"totalSize":-1,"rows":[{"KKDWDM":"007","XS":64,"BYBZ":"0","JSJC":13,"XXXQDM":"02","KXH":"01","KSJC":11,"XKZRS":139,"SKZC":"111111111111000000000000","SKJS":"吴耀祖,尹智帅,熊欣,聂琳真","ISTK":0,"ZCMC":"1-12周","YPSJDD":"1-5周,7-9周,11-14周 星期五 第1节-第2节 南湖南-博学主楼-408,9周 星期日 第1节-第2节 南湖南-博学主楼-408,13周 星期二 第11节-第12节 南湖南-博学主楼-408,1-12周 星期二 第11节-第13节 南湖南-博学主楼-408","XF":4,"SKXQ":2,"XNXQDM":"2024-2025-2","KCM":"数据结构与算法","JASDM":"0202040408","JXLDM":"020204","JXBID":"20242-04646","SKBJ":"车辆2305-06,车辆gcgj2301,车辆zy2301","TYXMDM":null,"KCH":"10075121069"},{"KKDWDM":"071","XS":48,"BYBZ":"0","JSJC":5,"XXXQDM":"02","KXH":"01","KSJC":3,"XKZRS":84,"SKZC":"111111111100000000000000000000","SKJS":"彭宁宁","ISTK":0,"ZCMC":"1-10周","YPSJDD":"17周 星期二 第3节-第5节 南湖南-博学主楼-408,16-17周 星期一 第3节-第5节 南湖南-博学主楼-408,12-14周 星期一 第3节-第5节 南湖南-博学主楼-408,1-10周 星期一 第3节-第5节 南湖南-博学主楼-408","XF":3,"SKXQ":1,"XNXQDM":"2024-2025-2","KCM":"离散数学B","JASDM":"0202040408","JXLDM":"020204","JXBID":"20242-03702","SKBJ":"信计2201-02,数学jd2201","TYXMDM":null,"KCH":"10154117047"},{"KKDWDM":"072","XS":56,"BYBZ":"0","JSJC":2,"XXXQDM":"02","KXH":"13","KSJC":1,"XKZRS":126,"SKZC":"111111111100000000000000000000","SKJS":"邓玉荣","ISTK":0,"ZCMC":"1-10周","YPSJDD":"12-14周 星期一 第1节-第2节 南湖南-博学主楼-408,16周 星期一 第1节-第2节 南湖南-博学主楼-408,11-15周 星期四 第3节-第4节 南湖南-博学主楼-408,1-10周 星期一 第1节-第2节 南湖南-博学主楼-408,1-9周 星期四 第3节-第4节 南湖南-博学主楼-408","XF":3,"SKXQ":1,"XNXQDM":"2024-2025-2","KCM":"大学物理A上","JASDM":"0202040408","JXLDM":"020204","JXBID":"20242-11654","SKBJ":"土木类2401-04","TYXMDM":null,"KCH":"10153111005"},{"KKDWDM":"018","XS":32,"BYBZ":"0","JSJC":5,"XXXQDM":"02","KXH":"01","KSJC":3,"XKZRS":75,"SKZC":"111111111100000000000000","SKJS":"喻平","ISTK":0,"ZCMC":"1-10周","YPSJDD":"11周 星期二 第3节-第4节 南湖南-博学主楼-408,1-10周 星期二 第3节-第5节 南湖南-博学主楼-408","XF":2,"SKXQ":2,"XNXQDM":"2024-2025-2","KCM":"金融风险管理","JASDM":"0202040408","JXLDM":"020204","JXBID":"20242-02874","SKBJ":"金融2201-02","TYXMDM":null,"KCH":"10185111028"},{"KKDWDM":"007","XS":32,"BYBZ":"0","JSJC":5,"XXXQDM":"02","KXH":"04","KSJC":3,"XKZRS":37,"SKZC":"111111111100000000000000","SKJS":"尹智帅,张洪昌,熊欣,纪剑,聂琳真","ISTK":0,"ZCMC":"1-10周","YPSJDD":"11周 星期三 第3节-第4节 南湖南-博学主楼-408,1-10周 星期三 第3节-第5节 南湖南-博学主楼-408","XF":2,"SKXQ":3,"XNXQDM":"2024-2025-2","KCM":"智能汽车环境感知技术","JASDM":"0202040408","JXLDM":"020204","JXBID":"20242-03662","SKBJ":"车辆gj2201-04","TYXMDM":null,"KCH":"10075121079"},{"KKDWDM":"072","XS":56,"BYBZ":"0","JSJC":4,"XXXQDM":"02","KXH":"13","KSJC":3,"XKZRS":126,"SKZC":"111111111000000000000000000000","SKJS":"邓玉荣","ISTK":0,"ZCMC":"1-9周","YPSJDD":"12-14周 星期一 第1节-第2节 南湖南-博学主楼-408,16周 星期一 第1节-第2节 南湖南-博学主楼-408,11-15周 星期四 第3节-第4节 南湖南-博学主楼-408,1-10周 星期一 第1节-第2节 南湖南-博学主楼-408,1-9周 星期四 第3节-第4节 南湖南-博学主楼-408","XF":3,"SKXQ":4,"XNXQDM":"2024-2025-2","KCM":"大学物理A上","JASDM":"0202040408","JXLDM":"020204","JXBID":"20242-11654","SKBJ":"土木类2401-04","TYXMDM":null,"KCH":"10153111005"},{"KKDWDM":"007","XS":64,"BYBZ":"0","JSJC":2,"XXXQDM":"02","KXH":"01","KSJC":1,"XKZRS":139,"SKZC":"111110111011110000000000","SKJS":"吴耀祖,尹智帅,熊欣,聂琳真","ISTK":0,"ZCMC":"1-5周,7-9周,11-14周","YPSJDD":"1-5周,7-9周,11-14周 星期五 第1节-第2节 南湖南-博学主楼-408,9周 星期日 第1节-第2节 南湖南-博学主楼-408,13周 星期二 第11节-第12节 南湖南-博学主楼-408,1-12周 星期二 第11节-第13节 南湖南-博学主楼-408","XF":4,"SKXQ":5,"XNXQDM":"2024-2025-2","KCM":"数据结构与算法","JASDM":"0202040408","JXLDM":"020204","JXBID":"20242-04646","SKBJ":"车辆2305-06,车辆gcgj2301,车辆zy2301","TYXMDM":null,"KCH":"10075121069"},{"KKDWDM":"009","XS":24,"BYBZ":"0","JSJC":5,"XXXQDM":"02","KXH":"01","KSJC":3,"XKZRS":null,"SKZC":"110000000000000000000000000000","SKJS":"李涛","ISTK":0,"ZCMC":"1-2周","YPSJDD":"1-2周 星期五 第3节-第5节 南湖南-博学主楼-408","XF":1,"SKXQ":5,"XNXQDM":"2024-2025-2","KCM":"装配式结构概论","JASDM":"0202040408","JXLDM":"020204","JXBID":"20242-02869","SKBJ":"土木zy2201-05,岩土jd2201","TYXMDM":null,"KCH":"10096121119"},{"KKDWDM":"007","XS":64,"BYBZ":"0","JSJC":2,"XXXQDM":"02","KXH":"01","KSJC":1,"XKZRS":139,"SKZC":"000000001000000000000000","SKJS":"吴耀祖,尹智帅,熊欣,聂琳真","ISTK":0,"ZCMC":"9周","YPSJDD":"1-5周,7-9周,11-14周 星期五 第1节-第2节 南湖南-博学主楼-408,9周 星期日 第1节-第2节 南湖南-博学主楼-408,13周 星期二 第11节-第12节 南湖南-博学主楼-408,1-12周 星期二 第11节-第13节 南湖南-博学主楼-408","XF":4,"SKXQ":7,"XNXQDM":"2024-2025-2","KCM":"数据结构与算法","JASDM":"0202040408","JXLDM":"020204","JXBID":"20242-04646","SKBJ":"车辆2305-06,车辆gcgj2301,车辆zy2301","TYXMDM":null,"KCH":"10075121069"},{"KKDWDM":"072","XS":56,"BYBZ":"0","JSJC":4,"XXXQDM":"02","KXH":"13","KSJC":3,"XKZRS":126,"SKZC":"000000000011111000000000000000","SKJS":"邓玉荣","ISTK":0,"ZCMC":"11-15周","YPSJDD":"12-14周 星期一 第1节-第2节 南湖南-博学主楼-408,16周 星期一 第1节-第2节 南湖南-博学主楼-408,11-15周 星期四 第3节-第4节 南湖南-博学主楼-408,1-10周 星期一 第1节-第2节 南湖南-博学主楼-408,1-9周 星期四 第3节-第4节 南湖南-博学主楼-408","XF":3,"SKXQ":4,"XNXQDM":"2024-2025-2","KCM":"大学物理A上","JASDM":"0202040408","JXLDM":"020204","JXBID":"20242-11654","SKBJ":"土木类2401-04","TYXMDM":null,"KCH":"10153111005"},{"KKDWDM":"018","XS":32,"BYBZ":"0","JSJC":4,"XXXQDM":"02","KXH":"01","KSJC":3,"XKZRS":75,"SKZC":"000000000010000000000000","SKJS":"喻平","ISTK":0,"ZCMC":"11周","YPSJDD":"11周 星期二 第3节-第4节 南湖南-博学主楼-408,1-10周 星期二 第3节-第5节 南湖南-博学主楼-408","XF":2,"SKXQ":2,"XNXQDM":"2024-2025-2","KCM":"金融风险管理","JASDM":"0202040408","JXLDM":"020204","JXBID":"20242-02874","SKBJ":"金融2201-02","TYXMDM":null,"KCH":"10185111028"},{"KKDWDM":"007","XS":32,"BYBZ":"0","JSJC":4,"XXXQDM":"02","KXH":"04","KSJC":3,"XKZRS":37,"SKZC":"000000000010000000000000","SKJS":"尹智帅,张洪昌,熊欣,纪剑,聂琳真","ISTK":0,"ZCMC":"11周","YPSJDD":"11周 星期三 第3节-第4节 南湖南-博学主楼-408,1-10周 星期三 第3节-第5节 南湖南-博学主楼-408","XF":2,"SKXQ":3,"XNXQDM":"2024-2025-2","KCM":"智能汽车环境感知技术","JASDM":"0202040408","JXLDM":"020204","JXBID":"20242-03662","SKBJ":"车辆gj2201-04","TYXMDM":null,"KCH":"10075121079"},{"KKDWDM":"071","XS":48,"BYBZ":"0","JSJC":5,"XXXQDM":"02","KXH":"01","KSJC":3,"XKZRS":84,"SKZC":"000000000001110000000000000000","SKJS":"彭宁宁","ISTK":0,"ZCMC":"12-14周","YPSJDD":"17周 星期二 第3节-第5节 南湖南-博学主楼-408,16-17周 星期一 第3节-第5节 南湖南-博学主楼-408,12-14周 星期一 第3节-第5节 南湖南-博学主楼-408,1-10周 星期一 第3节-第5节 南湖南-博学主楼-408","XF":3,"SKXQ":1,"XNXQDM":"2024-2025-2","KCM":"离散数学B","JASDM":"0202040408","JXLDM":"020204","JXBID":"20242-03702","SKBJ":"信计2201-02,数学jd2201","TYXMDM":null,"KCH":"10154117047"},{"KKDWDM":"072","XS":56,"BYBZ":"0","JSJC":2,"XXXQDM":"02","KXH":"13","KSJC":1,"XKZRS":126,"SKZC":"000000000001110000000000000000","SKJS":"邓玉荣","ISTK":0,"ZCMC":"12-14周","YPSJDD":"12-14周 星期一 第1节-第2节 南湖南-博学主楼-408,16周 星期一 第1节-第2节 南湖南-博学主楼-408,11-15周 星期四 第3节-第4节 南湖南-博学主楼-408,1-10周 星期一 第1节-第2节 南湖南-博学主楼-408,1-9周 星期四 第3节-第4节 南湖南-博学主楼-408","XF":3,"SKXQ":1,"XNXQDM":"2024-2025-2","KCM":"大学物理A上","JASDM":"0202040408","JXLDM":"020204","JXBID":"20242-11654","SKBJ":"土木类2401-04","TYXMDM":null,"KCH":"10153111005"},{"KKDWDM":"007","XS":64,"BYBZ":"0","JSJC":12,"XXXQDM":"02","KXH":"01","KSJC":11,"XKZRS":139,"SKZC":"000000000000100000000000","SKJS":"吴耀祖,尹智帅,熊欣,聂琳真","ISTK":0,"ZCMC":"13周","YPSJDD":"1-5周,7-9周,11-14周 星期五 第1节-第2节 南湖南-博学主楼-408,9周 星期日 第1节-第2节 南湖南-博学主楼-408,13周 星期二 第11节-第12节 南湖南-博学主楼-408,1-12周 星期二 第11节-第13节 南湖南-博学主楼-408","XF":4,"SKXQ":2,"XNXQDM":"2024-2025-2","KCM":"数据结构与算法","JASDM":"0202040408","JXLDM":"020204","JXBID":"20242-04646","SKBJ":"车辆2305-06,车辆gcgj2301,车辆zy2301","TYXMDM":null,"KCH":"10075121069"},{"KKDWDM":"071","XS":48,"BYBZ":"0","JSJC":5,"XXXQDM":"02","KXH":"01","KSJC":3,"XKZRS":84,"SKZC":"000000000000000110000000000000","SKJS":"彭宁宁","ISTK":0,"ZCMC":"16-17周","YPSJDD":"17周 星期二 第3节-第5节 南湖南-博学主楼-408,16-17周 星期一 第3节-第5节 南湖南-博学主楼-408,12-14周 星期一 第3节-第5节 南湖南-博学主楼-408,1-10周 星期一 第3节-第5节 南湖南-博学主楼-408","XF":3,"SKXQ":1,"XNXQDM":"2024-2025-2","KCM":"离散数学B","JASDM":"0202040408","JXLDM":"020204","JXBID":"20242-03702","SKBJ":"信计2201-02,数学jd2201","TYXMDM":null,"KCH":"10154117047"},{"KKDWDM":"072","XS":56,"BYBZ":"0","JSJC":2,"XXXQDM":"02","KXH":"13","KSJC":1,"XKZRS":126,"SKZC":"000000000000000100000000000000","SKJS":"邓玉荣","ISTK":0,"ZCMC":"16周","YPSJDD":"12-14周 星期一 第1节-第2节 南湖南-博学主楼-408,16周 星期一 第1节-第2节 南湖南-博学主楼-408,11-15周 星期四 第3节-第4节 南湖南-博学主楼-408,1-10周 星期一 第1节-第2节 南湖南-博学主楼-408,1-9周 星期四 第3节-第4节 南湖南-博学主楼-408","XF":3,"SKXQ":1,"XNXQDM":"2024-2025-2","KCM":"大学物理A上","JASDM":"0202040408","JXLDM":"020204","JXBID":"20242-11654","SKBJ":"土木类2401-04","TYXMDM":null,"KCH":"10153111005"},{"KKDWDM":"071","XS":48,"BYBZ":"0","JSJC":5,"XXXQDM":"02","KXH":"01","KSJC":3,"XKZRS":84,"SKZC":"000000000000000010000000000000","SKJS":"彭宁宁","ISTK":0,"ZCMC":"17周","YPSJDD":"17周 星期二 第3节-第5节 南湖南-博学主楼-408,16-17周 星期一 第3节-第5节 南湖南-博学主楼-408,12-14周 星期一 第3节-第5节 南湖南-博学主楼-408,1-10周 星期一 第3节-第5节 南湖南-博学主楼-408","XF":3,"SKXQ":2,"XNXQDM":"2024-2025-2","KCM":"离散数学B","JASDM":"0202040408","JXLDM":"020204","JXBID":"20242-03702","SKBJ":"信计2201-02,数学jd2201","TYXMDM":null,"KCH":"10154117047"}]}},"code":"0"}