{"datas":{"jaskcb":{"extParams":{"code":1,"msg":"查询成功"},"pageSize":0,"pageNumber":0,"totalSize":-1,"rows":[{"KKDWDM":"038","XS":32,"BYBZ":"0","JSJC":10,"XXXQDM":"02","KXH":"03","KSJC":9,"XKZRS":140,"SKZC":"11111111111111110000","SKJS":"李洪胜","ISTK":0,"ZCMC":"1-16周","YPSJDD":"1-16周 星期三 第9节-第10节 南湖南-博学西楼-205","XF":2,"SKXQ":3,"XNXQDM":"2024-2025-2","KCM":"军事理论","JASDM":"0202030205","JXLDM":"020203","JXBID":"20242-12135","SKBJ":"自动化类2401-04","TYXMDM":null,"KCH":"10381121001"},{"KKDWDM":"022","XS":56,"BYBZ":"0","JSJC":2,"XXXQDM":"02","KXH":"02","KSJC":1,"XKZRS":93,"SKZC":"111111111111110000000000000000","SKJS":"唐子艳","ISTK":0,"ZCMC":"1-14周","YPSJDD":"1-9周 星期四 第3节-第4节 南湖南-博学西楼-205,11-15周 星期四 第3节-第4节 南湖南-博学西楼-205,1-14周 星期二 第1节-第2节 南湖南-博学西楼-205","XF":3,"SKXQ":2,"XNXQDM":"2024-2025-2","KCM":"刑法学(总论)","JASDM":"0202030205","JXLDM":"020203","JXBID":"20242-11097","SKBJ":"法学类2401-03","TYXMDM":null,"KCH":"10224111005"},{"KKDWDM":"022","XS":56,"BYBZ":"0","JSJC":4,"XXXQDM":"02","KXH":"01","KSJC":3,"XKZRS":95,"SKZC":"111111111111110000000000000000","SKJS":"唐子艳","ISTK":0,"ZCMC":"1-14周","YPSJDD":"1-9周 星期四 第1节-第2节 南湖南-博学西楼-205,1-14周 星期二 第3节-第4节 南湖南-博学西楼-205,11-15周 星期四 第1节-第2节 南湖南-博学西楼-205","XF":3,"SKXQ":2,"XNXQDM":"2024-2025-2","KCM":"刑法学(总论)","JASDM":"0202030205","JXLDM":"020203","JXBID":"20242-06541","SKBJ":"法学类2404-06","TYXMDM":null,"KCH":"10224111005"},{"KKDWDM":"021","XS":48,"BYBZ":"0","JSJC":8,"XXXQDM":"02","KXH":"09","KSJC":6,"XKZRS":105,"SKZC":"11111111111111000000","SKJS":"彭攀","ISTK":0,"ZCMC":"1-14周","YPSJDD":"1-14周 星期二 第6节-第8节 南湖南-博学西楼-205","XF":3,"SKXQ":2,"XNXQDM":"2024-2025-2","KCM":"中国近现代史纲要","JASDM":"0202030205","JXLDM":"020203","JXBID":"20242-11872","SKBJ":"车辆gcgj2401,车辆类2413-14","TYXMDM":null,"KCH":"10211124005"},{"KKDWDM":"021","XS":48,"BYBZ":"0","JSJC":8,"XXXQDM":"02","KXH":"22","KSJC":6,"XKZRS":129,"SKZC":"11111111111111000000","SKJS":"彭攀","ISTK":0,"ZCMC":"1-14周","YPSJDD":"1-14周 星期三 第6节-第8节 南湖南-博学西楼-205","XF":3,"SKXQ":3,"XNXQDM":"2024-2025-2","KCM":"中国近现代史纲要","JASDM":"0202030205","JXLDM":"020203","JXBID":"20242-11882","SKBJ":"智能制造zs2401,材料类2416-17,材科珠峰2401","TYXMDM":null,"KCH":"10211124005"},{"KKDWDM":"038","XS":32,"BYBZ":"0","JSJC":2,"XXXQDM":"02","KXH":"28","KSJC":1,"XKZRS":118,"SKZC":"11111111111100000000","SKJS":"戴美娟","ISTK":0,"ZCMC":"1-12周","YPSJDD":"1-12周 星期三 第1节-第2节 南湖南-博学西楼-205","XF":2,"SKXQ":3,"XNXQDM":"2024-2025-2","KCM":"心理健康教育","JASDM":"0202030205","JXLDM":"020203","JXBID":"20242-12246","SKBJ":"化生类2405-08","TYXMDM":null,"KCH":"10388117003"},{"KKDWDM":"038","XS":32,"BYBZ":"0","JSJC":7,"XXXQDM":"02","KXH":"33","KSJC":6,"XKZRS":112,"SKZC":"111111111100000000000000000000","SKJS":"汪平","ISTK":0,"ZCMC":"1-10周","YPSJDD":"16-17周 星期一 第6节-第7节 南湖南-博学西楼-205,12-14周 星期一 第6节-第7节 南湖南-博学西楼-205,17周 星期二 第6节-第7节 南湖南-博学西楼-205,1-10周 星期一 第6节-第7节 南湖南-博学西楼-205","XF":2,"SKXQ":1,"XNXQDM":"2024-2025-2","KCM":"军事理论","JASDM":"0202030205","JXLDM":"020203","JXBID":"20242-11937","SKBJ":"动画2401,设计学类2401-04","TYXMDM":null,"KCH":"10381121001"},{"KKDWDM":"038","XS":32,"BYBZ":"0","JSJC":2,"XXXQDM":"02","KXH":"05","KSJC":1,"XKZRS":127,"SKZC":"111111111100000000000000000000","SKJS":"岳晟达","ISTK":0,"ZCMC":"1-10周","YPSJDD":"12-13周 星期一 第1节-第2节 南湖南-博学西楼-205,1-10周 星期一 第1节-第2节 南湖南-博学西楼-205","XF":2,"SKXQ":1,"XNXQDM":"2024-2025-2","KCM":"心理健康教育","JASDM":"0202030205","JXLDM":"020203","JXBID":"20242-12253","SKBJ":"电信类2401-04","TYXMDM":null,"KCH":"10388117003"},{"KKDWDM":"038","XS":32,"BYBZ":"0","JSJC":10,"XXXQDM":"02","KXH":"37","KSJC":9,"XKZRS":139,"SKZC":"111111111100000000000000000000","SKJS":"熊婕","ISTK":0,"ZCMC":"1-10周","YPSJDD":"12-13周 星期一 第9节-第10节 南湖南-博学西楼-205,1-10周 星期一 第9节-第10节 南湖南-博学西楼-205","XF":2,"SKXQ":1,"XNXQDM":"2024-2025-2","KCM":"心理健康教育","JASDM":"0202030205","JXLDM":"020203","JXBID":"20242-12249","SKBJ":"车辆类2409-12","TYXMDM":null,"KCH":"10388117003"},{"KKDWDM":"008","XS":48,"BYBZ":"0","JSJC":5,"XXXQDM":"02","KXH":"01","KSJC":3,"XKZRS":71,"SKZC":"111111111100000000000000000000","SKJS":"丁毓峰","ISTK":0,"ZCMC":"1-10周","YPSJDD":"16周 星期一 第3节-第5节 南湖南-博学西楼-205,1-10周 星期一 第3节-第5节 南湖南-博学西楼-205,12-14周 星期一 第3节-第5节 南湖南-博学西楼-205","XF":3,"SKXQ":1,"XNXQDM":"2024-2025-2","KCM":"人工智能与深度学习","JASDM":"0202030205","JXLDM":"020203","JXBID":"20242-02759","SKBJ":"智能制造2201-02","TYXMDM":null,"KCH":"10085121002"},{"KKDWDM":"008","XS":32,"BYBZ":"0","JSJC":13,"XXXQDM":"02","KXH":"01","KSJC":11,"XKZRS":82,"SKZC":"111111111100000000000000","SKJS":"卢杰","ISTK":0,"ZCMC":"1-10周","YPSJDD":"12周 星期一 第11节-第12节 南湖南-博学西楼-205,1-10周 星期一 第11节-第13节 南湖南-博学西楼-205","XF":2,"SKXQ":1,"XNXQDM":"2024-2025-2","KCM":"包装创新设计及CAD","JASDM":"0202030205","JXLDM":"020203","JXBID":"20242-07504","SKBJ":"公选-07504","TYXMDM":null,"KCH":"10086121170"},{"KKDWDM":"022","XS":56,"BYBZ":"0","JSJC":4,"XXXQDM":"02","KXH":"02","KSJC":3,"XKZRS":93,"SKZC":"111111111000000000000000000000","SKJS":"唐子艳","ISTK":0,"ZCMC":"1-9周","YPSJDD":"1-9周 星期四 第3节-第4节 南湖南-博学西楼-205,11-15周 星期四 第3节-第4节 南湖南-博学西楼-205,1-14周 星期二 第1节-第2节 南湖南-博学西楼-205","XF":3,"SKXQ":4,"XNXQDM":"2024-2025-2","KCM":"刑法学(总论)","JASDM":"0202030205","JXLDM":"020203","JXBID":"20242-11097","SKBJ":"法学类2401-03","TYXMDM":null,"KCH":"10224111005"},{"KKDWDM":"022","XS":56,"BYBZ":"0","JSJC":2,"XXXQDM":"02","KXH":"01","KSJC":1,"XKZRS":95,"SKZC":"111111111000000000000000000000","SKJS":"唐子艳","ISTK":0,"ZCMC":"1-9周","YPSJDD":"1-9周 星期四 第1节-第2节 南湖南-博学西楼-205,1-14周 星期二 第3节-第4节 南湖南-博学西楼-205,11-15周 星期四 第1节-第2节 南湖南-博学西楼-205","XF":3,"SKXQ":4,"XNXQDM":"2024-2025-2","KCM":"刑法学(总论)","JASDM":"0202030205","JXLDM":"020203","JXBID":"20242-06541","SKBJ":"法学类2404-06","TYXMDM":null,"KCH":"10224111005"},{"KKDWDM":"007","XS":24,"BYBZ":"0","JSJC":13,"XXXQDM":"02","KXH":"01","KSJC":11,"XKZRS":137,"SKZC":"111111110000000000000000","SKJS":"王伟","ISTK":0,"ZCMC":"1-8周","YPSJDD":"1-8周 星期二 第11节-第13节 南湖南-博学西楼-205","XF":1,"SKXQ":2,"XNXQDM":"2024-2025-2","KCM":"汽车使用基础(GX)","JASDM":"0202030205","JXLDM":"020203","JXBID":"20242-07418","SKBJ":"公选-07418","TYXMDM":null,"KCH":"10072121202"},{"KKDWDM":"007","XS":16,"BYBZ":"0","JSJC":12,"XXXQDM":"02","KXH":"01","KSJC":11,"XKZRS":87,"SKZC":"111111110000000000000000","SKJS":"华林,庄武豪,陈一哲","ISTK":0,"ZCMC":"1-8周","YPSJDD":"1-8周 星期四 第11节-第12节 南湖南-博学西楼-205","XF":1,"SKXQ":4,"XNXQDM":"2024-2025-2","KCM":"汽车与运载装备铝合金构件先进成形技术(JD)","JASDM":"0202030205","JXLDM":"020203","JXBID":"20242-07398","SKBJ":"公选-07398","TYXMDM":null,"KCH":"10076121229"},{"KKDWDM":"007","XS":24,"BYBZ":"0","JSJC":13,"XXXQDM":"02","KXH":"01","KSJC":11,"XKZRS":131,"SKZC":"111111110000000000000000","SKJS":"曾娟","ISTK":0,"ZCMC":"1-8周","YPSJDD":"1-8周 星期三 第11节-第13节 南湖南-博学西楼-205","XF":1,"SKXQ":3,"XNXQDM":"2024-2025-2","KCM":"汽车文化与人类文明(GX)","JASDM":"0202030205","JXLDM":"020203","JXBID":"20242-07430","SKBJ":"公选-07430","TYXMDM":null,"KCH":"10072121211"},{"KKDWDM":"007","XS":24,"BYBZ":"0","JSJC":10,"XXXQDM":"02","KXH":"01","KSJC":9,"XKZRS":39,"SKZC":"111111100000000000000000","SKJS":"孙胜男,江涛","ISTK":0,"ZCMC":"1-7周","YPSJDD":"1-7周 星期二 第9节-第10节 南湖南-博学西楼-205","XF":1,"SKXQ":2,"XNXQDM":"2024-2025-2","KCM":"汽车车身艺术设计","JASDM":"0202030205","JXLDM":"020203","JXBID":"20242-02946","SKBJ":"车辆gj2201-04","TYXMDM":null,"KCH":"10075121060"},{"KKDWDM":"008","XS":32,"BYBZ":"0","JSJC":8,"XXXQDM":"02","KXH":"01","KSJC":6,"XKZRS":93,"SKZC":"111110111000000000000000","SKJS":"王磊","ISTK":0,"ZCMC":"1-5周,7-9周","YPSJDD":"9周 星期日 第6节-第7节 南湖南-博学西楼-205,11周 星期五 第6节-第7节 南湖南-博学西楼-205,1-5周,7-9周 星期五 第6节-第8节 南湖南-博学西楼-205","XF":2,"SKXQ":5,"XNXQDM":"2024-2025-2","KCM":"数据库原理与应用","JASDM":"0202030205","JXLDM":"020203","JXBID":"20242-03905","SKBJ":"智能制造2201-02,机械2201-05","TYXMDM":null,"KCH":"10085121028"},{"KKDWDM":"008","XS":32,"BYBZ":"0","JSJC":5,"XXXQDM":"02","KXH":"01","KSJC":3,"XKZRS":116,"SKZC":"111110111000000000000000","SKJS":"刘繄","ISTK":0,"ZCMC":"1-5周,7-9周","YPSJDD":"9周 星期日 第3节-第4节 南湖南-博学西楼-205,1-5周,7-9周 星期五 第3节-第5节 南湖南-博学西楼-205","XF":2,"SKXQ":5,"XNXQDM":"2024-2025-2","KCM":"光纤传感技术及应用","JASDM":"0202030205","JXLDM":"020203","JXBID":"20242-03554","SKBJ":"测控2201-03","TYXMDM":null,"KCH":"10085121032"},{"KKDWDM":"038","XS":32,"BYBZ":"0","JSJC":2,"XXXQDM":"02","KXH":"40","KSJC":1,"XKZRS":120,"SKZC":"111110000000000000000000000000","SKJS":"姚恩龙","ISTK":0,"ZCMC":"1-5周","YPSJDD":"7-9周 星期五 第1节-第2节 南湖南-博学西楼-205,9周 星期日 第1节-第2节 南湖南-博学西楼-205,11-13周 星期五 第1节-第2节 南湖南-博学西楼-205,1-5周 星期五 第1节-第2节 南湖南-博学西楼-205","XF":2,"SKXQ":5,"XNXQDM":"2024-2025-2","KCM":"心理健康教育","JASDM":"0202030205","JXLDM":"020203","JXBID":"20242-12255","SKBJ":"电信类2409-12","TYXMDM":null,"KCH":"10388117003"},{"KKDWDM":"038","XS":32,"BYBZ":"0","JSJC":2,"XXXQDM":"02","KXH":"40","KSJC":1,"XKZRS":120,"SKZC":"000000111000000000000000000000","SKJS":"姚恩龙","ISTK":0,"ZCMC":"7-9周","YPSJDD":"7-9周 星期五 第1节-第2节 南湖南-博学西楼-205,9周 星期日 第1节-第2节 南湖南-博学西楼-205,11-13周 星期五 第1节-第2节 南湖南-博学西楼-205,1-5周 星期五 第1节-第2节 南湖南-博学西楼-205","XF":2,"SKXQ":5,"XNXQDM":"2024-2025-2","KCM":"心理健康教育","JASDM":"0202030205","JXLDM":"020203","JXBID":"20242-12255","SKBJ":"电信类2409-12","TYXMDM":null,"KCH":"10388117003"},{"KKDWDM":"025","XS":16,"BYBZ":"0","JSJC":10,"XXXQDM":"02","KXH":"03","KSJC":9,"XKZRS":140,"SKZC":"0000000011111111","SKJS":"刘振元,李竹波","ISTK":0,"ZCMC":"9-16周","YPSJDD":"9-16周 星期二 第9节-第10节 南湖南-博学西楼-205","XF":1,"SKXQ":2,"XNXQDM":"2024-2025-2","KCM":"科技创业导论","JASDM":"0202030205","JXLDM":"020203","JXBID":"20242-12473","SKBJ":"环科类2405-08","TYXMDM":null,"KCH":"10255121001"},{"KKDWDM":"007","XS":24,"BYBZ":"0","JSJC":5,"XXXQDM":"02","KXH":"03","KSJC":3,"XKZRS":56,"SKZC":"0000000011111111","SKJS":"王军彦,王晓丽","ISTK":0,"ZCMC":"9-16周","YPSJDD":"9-16周 星期三 第3节-第5节 南湖南-博学西楼-205","XF":1,"SKXQ":3,"XNXQDM":"2024-2025-2","KCM":"轨道车辆概论B","JASDM":"0202030205","JXLDM":"020203","JXBID":"20242-05643","SKBJ":"车辆gj2301-04","TYXMDM":null,"KCH":"10075117084"},{"KKDWDM":"007","XS":24,"BYBZ":"0","JSJC":13,"XXXQDM":"02","KXH":"01","KSJC":11,"XKZRS":66,"SKZC":"0000000011111111","SKJS":"段芳芳,王晓丽","ISTK":0,"ZCMC":"9-16周","YPSJDD":"9-16周 星期三 第11节-第13节 南湖南-博学西楼-205","XF":1,"SKXQ":3,"XNXQDM":"2024-2025-2","KCM":"轨道车辆概论B","JASDM":"0202030205","JXLDM":"020203","JXBID":"20242-05166","SKBJ":"车辆2305-06,车辆gcgj2301","TYXMDM":null,"KCH":"10075117084"},{"KKDWDM":"038","XS":32,"BYBZ":"0","JSJC":2,"XXXQDM":"02","KXH":"40","KSJC":1,"XKZRS":120,"SKZC":"000000001000000000000000000000","SKJS":"姚恩龙","ISTK":0,"ZCMC":"9周","YPSJDD":"7-9周 星期五 第1节-第2节 南湖南-博学西楼-205,9周 星期日 第1节-第2节 南湖南-博学西楼-205,11-13周 星期五 第1节-第2节 南湖南-博学西楼-205,1-5周 星期五 第1节-第2节 南湖南-博学西楼-205","XF":2,"SKXQ":7,"XNXQDM":"2024-2025-2","KCM":"心理健康教育","JASDM":"0202030205","JXLDM":"020203","JXBID":"20242-12255","SKBJ":"电信类2409-12","TYXMDM":null,"KCH":"10388117003"},{"KKDWDM":"008","XS":32,"BYBZ":"0","JSJC":4,"XXXQDM":"02","KXH":"01","KSJC":3,"XKZRS":116,"SKZC":"000000001000000000000000","SKJS":"刘繄","ISTK":0,"ZCMC":"9周","YPSJDD":"9周 星期日 第3节-第4节 南湖南-博学西楼-205,1-5周,7-9周 星期五 第3节-第5节 南湖南-博学西楼-205","XF":2,"SKXQ":7,"XNXQDM":"2024-2025-2","KCM":"光纤传感技术及应用","JASDM":"0202030205","JXLDM":"020203","JXBID":"20242-03554","SKBJ":"测控2201-03","TYXMDM":null,"KCH":"10085121032"},{"KKDWDM":"008","XS":32,"BYBZ":"0","JSJC":7,"XXXQDM":"02","KXH":"01","KSJC":6,"XKZRS":93,"SKZC":"000000001000000000000000","SKJS":"王磊","ISTK":0,"ZCMC":"9周","YPSJDD":"9周 星期日 第6节-第7节 南湖南-博学西楼-205,11周 星期五 第6节-第7节 南湖南-博学西楼-205,1-5周,7-9周 星期五 第6节-第8节 南湖南-博学西楼-205","XF":2,"SKXQ":7,"XNXQDM":"2024-2025-2","KCM":"数据库原理与应用","JASDM":"0202030205","JXLDM":"020203","JXBID":"20242-03905","SKBJ":"智能制造2201-02,机械2201-05","TYXMDM":null,"KCH":"10085121028"},{"KKDWDM":"022","XS":56,"BYBZ":"0","JSJC":2,"XXXQDM":"02","KXH":"01","KSJC":1,"XKZRS":95,"SKZC":"000000000011111000000000000000","SKJS":"唐子艳","ISTK":0,"ZCMC":"11-15周","YPSJDD":"1-9周 星期四 第1节-第2节 南湖南-博学西楼-205,1-14周 星期二 第3节-第4节 南湖南-博学西楼-205,11-15周 星期四 第1节-第2节 南湖南-博学西楼-205","XF":3,"SKXQ":4,"XNXQDM":"2024-2025-2","KCM":"刑法学(总论)","JASDM":"0202030205","JXLDM":"020203","JXBID":"20242-06541","SKBJ":"法学类2404-06","TYXMDM":null,"KCH":"10224111005"},{"KKDWDM":"022","XS":56,"BYBZ":"0","JSJC":4,"XXXQDM":"02","KXH":"02","KSJC":3,"XKZRS":93,"SKZC":"000000000011111000000000000000","SKJS":"唐子艳","ISTK":0,"ZCMC":"11-15周","YPSJDD":"1-9周 星期四 第3节-第4节 南湖南-博学西楼-205,11-15周 星期四 第3节-第4节 南湖南-博学西楼-205,1-14周 星期二 第1节-第2节 南湖南-博学西楼-205","XF":3,"SKXQ":4,"XNXQDM":"2024-2025-2","KCM":"刑法学(总论)","JASDM":"0202030205","JXLDM":"020203","JXBID":"20242-11097","SKBJ":"法学类2401-03","TYXMDM":null,"KCH":"10224111005"},{"KKDWDM":"038","XS":32,"BYBZ":"0","JSJC":2,"XXXQDM":"02","KXH":"40","KSJC":1,"XKZRS":120,"SKZC":"000000000011100000000000000000","SKJS":"姚恩龙","ISTK":0,"ZCMC":"11-13周","YPSJDD":"7-9周 星期五 第1节-第2节 南湖南-博学西楼-205,9周 星期日 第1节-第2节 南湖南-博学西楼-205,11-13周 星期五 第1节-第2节 南湖南-博学西楼-205,1-5周 星期五 第1节-第2节 南湖南-博学西楼-205","XF":2,"SKXQ":5,"XNXQDM":"2024-2025-2","KCM":"心理健康教育","JASDM":"0202030205","JXLDM":"020203","JXBID":"20242-12255","SKBJ":"电信类2409-12","TYXMDM":null,"KCH":"10388117003"},{"KKDWDM":"008","XS":32,"BYBZ":"0","JSJC":7,"XXXQDM":"02","KXH":"01","KSJC":6,"XKZRS":93,"SKZC":"000000000010000000000000","SKJS":"王磊","ISTK":0,"ZCMC":"11周","YPSJDD":"9周 星期日 第6节-第7节 南湖南-博学西楼-205,11周 星期五 第6节-第7节 南湖南-博学西楼-205,1-5周,7-9周 星期五 第6节-第8节 南湖南-博学西楼-205","XF":2,"SKXQ":5,"XNXQDM":"2024-2025-2","KCM":"数据库原理与应用","JASDM":"0202030205","JXLDM":"020203","JXBID":"20242-03905","SKBJ":"智能制造2201-02,机械2201-05","TYXMDM":null,"KCH":"10085121028"},{"KKDWDM":"038","XS":32,"BYBZ":"0","JSJC":7,"XXXQDM":"02","KXH":"33","KSJC":6,"XKZRS":112,"SKZC":"000000000001110000000000000000","SKJS":"汪平","ISTK":0,"ZCMC":"12-14周","YPSJDD":"16-17周 星期一 第6节-第7节 南湖南-博学西楼-205,12-14周 星期一 第6节-第7节 南湖南-博学西楼-205,17周 星期二 第6节-第7节 南湖南-博学西楼-205,1-10周 星期一 第6节-第7节 南湖南-博学西楼-205","XF":2,"SKXQ":1,"XNXQDM":"2024-2025-2","KCM":"军事理论","JASDM":"0202030205","JXLDM":"020203","JXBID":"20242-11937","SKBJ":"动画2401,设计学类2401-04","TYXMDM":null,"KCH":"10381121001"},{"KKDWDM":"008","XS":48,"BYBZ":"0","JSJC":5,"XXXQDM":"02","KXH":"01","KSJC":3,"XKZRS":71,"SKZC":"000000000001110000000000000000","SKJS":"丁毓峰","ISTK":0,"ZCMC":"12-14周","YPSJDD":"16周 星期一 第3节-第5节 南湖南-博学西楼-205,1-10周 星期一 第3节-第5节 南湖南-博学西楼-205,12-14周 星期一 第3节-第5节 南湖南-博学西楼-205","XF":3,"SKXQ":1,"XNXQDM":"2024-2025-2","KCM":"人工智能与深度学习","JASDM":"0202030205","JXLDM":"020203","JXBID":"20242-02759","SKBJ":"智能制造2201-02","TYXMDM":null,"KCH":"10085121002"},{"KKDWDM":"038","XS":32,"BYBZ":"0","JSJC":10,"XXXQDM":"02","KXH":"37","KSJC":9,"XKZRS":139,"SKZC":"000000000001100000000000000000","SKJS":"熊婕","ISTK":0,"ZCMC":"12-13周","YPSJDD":"12-13周 星期一 第9节-第10节 南湖南-博学西楼-205,1-10周 星期一 第9节-第10节 南湖南-博学西楼-205","XF":2,"SKXQ":1,"XNXQDM":"2024-2025-2","KCM":"心理健康教育","JASDM":"0202030205","JXLDM":"020203","JXBID":"20242-12249","SKBJ":"车辆类2409-12","TYXMDM":null,"KCH":"10388117003"},{"KKDWDM":"038","XS":32,"BYBZ":"0","JSJC":2,"XXXQDM":"02","KXH":"05","KSJC":1,"XKZRS":127,"SKZC":"000000000001100000000000000000","SKJS":"岳晟达","ISTK":0,"ZCMC":"12-13周","YPSJDD":"12-13周 星期一 第1节-第2节 南湖南-博学西楼-205,1-10周 星期一 第1节-第2节 南湖南-博学西楼-205","XF":2,"SKXQ":1,"XNXQDM":"2024-2025-2","KCM":"心理健康教育","JASDM":"0202030205","JXLDM":"020203","JXBID":"20242-12253","SKBJ":"电信类2401-04","TYXMDM":null,"KCH":"10388117003"},{"KKDWDM":"008","XS":32,"BYBZ":"0","JSJC":12,"XXXQDM":"02","KXH":"01","KSJC":11,"XKZRS":82,"SKZC":"000000000001000000000000","SKJS":"卢杰","ISTK":0,"ZCMC":"12周","YPSJDD":"12周 星期一 第11节-第12节 南湖南-博学西楼-205,1-10周 星期一 第11节-第13节 南湖南-博学西楼-205","XF":2,"SKXQ":1,"XNXQDM":"2024-2025-2","KCM":"包装创新设计及CAD","JASDM":"0202030205","JXLDM":"020203","JXBID":"20242-07504","SKBJ":"公选-07504","TYXMDM":null,"KCH":"10086121170"},{"KKDWDM":"038","XS":32,"BYBZ":"0","JSJC":7,"XXXQDM":"02","KXH":"33","KSJC":6,"XKZRS":112,"SKZC":"000000000000000110000000000000","SKJS":"汪平","ISTK":0,"ZCMC":"16-17周","YPSJDD":"16-17周 星期一 第6节-第7节 南湖南-博学西楼-205,12-14周 星期一 第6节-第7节 南湖南-博学西楼-205,17周 星期二 第6节-第7节 南湖南-博学西楼-205,1-10周 星期一 第6节-第7节 南湖南-博学西楼-205","XF":2,"SKXQ":1,"XNXQDM":"2024-2025-2","KCM":"军事理论","JASDM":"0202030205","JXLDM":"020203","JXBID":"20242-11937","SKBJ":"动画2401,设计学类2401-04","TYXMDM":null,"KCH":"10381121001"},{"KKDWDM":"008","XS":48,"BYBZ":"0","JSJC":5,"XXXQDM":"02","KXH":"01","KSJC":3,"XKZRS":71,"SKZC":"000000000000000100000000000000","SKJS":"丁毓峰","ISTK":0,"ZCMC":"16周","YPSJDD":"16周 星期一 第3节-第5节 南湖南-博学西楼-205,1-10周 星期一 第3节-第5节 南湖南-博学西楼-205,12-14周 星期一 第3节-第5节 南湖南-博学西楼-205","XF":3,"SKXQ":1,"XNXQDM":"2024-2025-2","KCM":"人工智能与深度学习","JASDM":"0202030205","JXLDM":"020203","JXBID":"20242-02759","SKBJ":"智能制造2201-02","TYXMDM":null,"KCH":"10085121002"},{"KKDWDM":"038","XS":32,"BYBZ":"0","JSJC":7,"XXXQDM":"02","KXH":"33","KSJC":6,"XKZRS":112,"SKZC":"000000000000000010000000000000","SKJS":"汪平","ISTK":0,"ZCMC":"17周","YPSJDD":"16-17周 星期一 第6节-第7节 南湖南-博学西楼-205,12-14周 星期一 第6节-第7节 南湖南-博学西楼-205,17周 星期二 第6节-第7节 南湖南-博学西楼-205,1-10周 星期一 第6节-第7节 南湖南-博学西楼-205","XF":2,"SKXQ":2,"XNXQDM":"2024-2025-2","KCM":"军事理论","JASDM":"0202030205","JXLDM":"020203","JXBID":"20242-11937","SKBJ":"动画2401,设计学类2401-04","TYXMDM":null,"KCH":"10381121001"}]}},"code":"0"}