{"datas":{"jaskcb":{"extParams":{"code":1,"msg":"查询成功"},"pageSize":0,"pageNumber":0,"totalSize":-1,"rows":[{"KKDWDM":"020","XS":48,"BYBZ":"0","JSJC":8,"XXXQDM":"02","KXH":"06","KSJC":6,"XKZRS":37,"SKZC":"1111111111111111","SKJS":"饶玉芳","ISTK":0,"ZCMC":"1-16周","YPSJDD":"1-16周 星期三 第6节-第8节 南湖南-博学北楼-610","XF":3,"SKXQ":3,"XNXQDM":"2024-2025-2","KCM":"高级英语2","JASDM":"0202010610","JXLDM":"020201","JXBID":"20242-06450","SKBJ":"车辆gj2404","TYXMDM":null,"KCH":"10201121070"},{"KKDWDM":"072","XS":56,"BYBZ":"0","JSJC":2,"XXXQDM":"02","KXH":"03","KSJC":1,"XKZRS":38,"SKZC":"111111111111110000000000000000","SKJS":"赖欣","ISTK":0,"ZCMC":"1-14周","YPSJDD":"1-9周 星期四 第3节-第4节 南湖南-博学北楼-610,1-14周 星期二 第1节-第2节 南湖南-博学北楼-610,11-15周 星期四 第3节-第4节 南湖南-博学北楼-610","XF":3,"SKXQ":2,"XNXQDM":"2024-2025-2","KCM":"计算力学","JASDM":"0202010610","JXLDM":"020201","JXBID":"20242-09802","SKBJ":"工力2201","TYXMDM":null,"KCH":"10154117055"},{"KKDWDM":"009","XS":24,"BYBZ":"0","JSJC":4,"XXXQDM":"02","KXH":"01","KSJC":3,"XKZRS":21,"SKZC":"11111111111100000000","SKJS":"覃一冬","ISTK":0,"ZCMC":"1-12周","YPSJDD":"1-12周 星期三 第3节-第4节 南湖南-博学北楼-610","XF":1,"SKXQ":3,"XNXQDM":"2024-2025-2","KCM":"城市经济学","JASDM":"0202010610","JXLDM":"020201","JXBID":"20242-06650","SKBJ":"城规2201","TYXMDM":null,"KCH":"10094113071"},{"KKDWDM":"018","XS":32,"BYBZ":"0","JSJC":5,"XXXQDM":"02","KXH":"01","KSJC":3,"XKZRS":31,"SKZC":"111111111100000000000000","SKJS":"徐晓明","ISTK":0,"ZCMC":"1-10周","YPSJDD":"11周 星期二 第3节-第4节 南湖南-博学北楼-610,1-10周 星期二 第3节-第5节 南湖南-博学北楼-610","XF":2,"SKXQ":2,"XNXQDM":"2024-2025-2","KCM":"国际航运市场","JASDM":"0202010610","JXLDM":"020201","JXBID":"20242-02323","SKBJ":"国贸2201","TYXMDM":null,"KCH":"10185117044"},{"KKDWDM":"072","XS":56,"BYBZ":"0","JSJC":4,"XXXQDM":"02","KXH":"03","KSJC":3,"XKZRS":38,"SKZC":"111111111000000000000000000000","SKJS":"赖欣","ISTK":0,"ZCMC":"1-9周","YPSJDD":"1-9周 星期四 第3节-第4节 南湖南-博学北楼-610,1-14周 星期二 第1节-第2节 南湖南-博学北楼-610,11-15周 星期四 第3节-第4节 南湖南-博学北楼-610","XF":3,"SKXQ":4,"XNXQDM":"2024-2025-2","KCM":"计算力学","JASDM":"0202010610","JXLDM":"020201","JXBID":"20242-09802","SKBJ":"工力2201","TYXMDM":null,"KCH":"10154117055"},{"KKDWDM":"072","XS":56,"BYBZ":"0","JSJC":4,"XXXQDM":"02","KXH":"03","KSJC":3,"XKZRS":38,"SKZC":"000000000011111000000000000000","SKJS":"赖欣","ISTK":0,"ZCMC":"11-15周","YPSJDD":"1-9周 星期四 第3节-第4节 南湖南-博学北楼-610,1-14周 星期二 第1节-第2节 南湖南-博学北楼-610,11-15周 星期四 第3节-第4节 南湖南-博学北楼-610","XF":3,"SKXQ":4,"XNXQDM":"2024-2025-2","KCM":"计算力学","JASDM":"0202010610","JXLDM":"020201","JXBID":"20242-09802","SKBJ":"工力2201","TYXMDM":null,"KCH":"10154117055"},{"KKDWDM":"018","XS":32,"BYBZ":"0","JSJC":4,"XXXQDM":"02","KXH":"01","KSJC":3,"XKZRS":31,"SKZC":"000000000010000000000000","SKJS":"徐晓明","ISTK":0,"ZCMC":"11周","YPSJDD":"11周 星期二 第3节-第4节 南湖南-博学北楼-610,1-10周 星期二 第3节-第5节 南湖南-博学北楼-610","XF":2,"SKXQ":2,"XNXQDM":"2024-2025-2","KCM":"国际航运市场","JASDM":"0202010610","JXLDM":"020201","JXBID":"20242-02323","SKBJ":"国贸2201","TYXMDM":null,"KCH":"10185117044"}]}},"code":"0"}