{"datas":{"jaskcb":{"extParams":{"code":1,"msg":"查询成功"},"pageSize":0,"pageNumber":0,"totalSize":-1,"rows":[{"KKDWDM":"020","XS":32,"BYBZ":"0","JSJC":4,"XXXQDM":"02","KXH":"04","KSJC":3,"XKZRS":26,"SKZC":"1111111111111111","SKJS":"柯美树","ISTK":0,"ZCMC":"1-16周","YPSJDD":"1-16周 星期三 第3节-第4节 南湖南-博学北楼-502","XF":2,"SKXQ":3,"XNXQDM":"2024-2025-2","KCM":"演讲与写作","JASDM":"0202010502","JXLDM":"020201","JXBID":"20242-13053","SKBJ":"公选-13053","TYXMDM":"11","KCH":"10201117108"},{"KKDWDM":"020","XS":32,"BYBZ":"0","JSJC":2,"XXXQDM":"02","KXH":"03","KSJC":1,"XKZRS":39,"SKZC":"1111111111111111","SKJS":"柯美树","ISTK":0,"ZCMC":"1-16周","YPSJDD":"1-16周 星期三 第1节-第2节 南湖南-博学北楼-502","XF":2,"SKXQ":3,"XNXQDM":"2024-2025-2","KCM":"演讲与写作","JASDM":"0202010502","JXLDM":"020201","JXBID":"20242-13052","SKBJ":"公选-13052","TYXMDM":"11","KCH":"10201117108"},{"KKDWDM":"020","XS":32,"BYBZ":"0","JSJC":7,"XXXQDM":"02","KXH":"35","KSJC":6,"XKZRS":37,"SKZC":"1111111111111111","SKJS":"项景东","ISTK":0,"ZCMC":"1-16周","YPSJDD":"1-16周 星期三 第6节-第7节 南湖南-博学北楼-502","XF":2,"SKXQ":3,"XNXQDM":"2024-2025-2","KCM":"英语影视赏析与批评","JASDM":"0202010502","JXLDM":"020201","JXBID":"20242-12992","SKBJ":"公选-12992","TYXMDM":"11","KCH":"10201117101"},{"KKDWDM":"020","XS":32,"BYBZ":"0","JSJC":2,"XXXQDM":"02","KXH":"05","KSJC":1,"XKZRS":34,"SKZC":"1111111111111111","SKJS":"李腊花","ISTK":0,"ZCMC":"1-16周","YPSJDD":"1-16周 星期二 第1节-第2节 南湖南-博学北楼-502","XF":2,"SKXQ":2,"XNXQDM":"2024-2025-2","KCM":"文化与翻译","JASDM":"0202010502","JXLDM":"020201","JXBID":"20242-12849","SKBJ":"公选-12849","TYXMDM":"11","KCH":"10201117109"},{"KKDWDM":"020","XS":32,"BYBZ":"0","JSJC":7,"XXXQDM":"02","KXH":"07","KSJC":6,"XKZRS":28,"SKZC":"1111111111111111","SKJS":"于艳玲","ISTK":0,"ZCMC":"1-16周","YPSJDD":"1-16周 星期二 第6节-第7节 南湖南-博学北楼-502","XF":2,"SKXQ":2,"XNXQDM":"2024-2025-2","KCM":"演讲与写作","JASDM":"0202010502","JXLDM":"020201","JXBID":"20242-13056","SKBJ":"公选-13056","TYXMDM":"11","KCH":"10201117108"},{"KKDWDM":"020","XS":32,"BYBZ":"0","JSJC":4,"XXXQDM":"02","KXH":"03","KSJC":3,"XKZRS":35,"SKZC":"111111111100000000000000000000","SKJS":"李腊花","ISTK":0,"ZCMC":"1-10周","YPSJDD":"12-14周 星期一 第3节-第4节 南湖南-博学北楼-502,17周 星期二 第3节-第4节 南湖南-博学北楼-502,16-17周 星期一 第3节-第4节 南湖南-博学北楼-502,1-10周 星期一 第3节-第4节 南湖南-博学北楼-502","XF":2,"SKXQ":1,"XNXQDM":"2024-2025-2","KCM":"文化与翻译","JASDM":"0202010502","JXLDM":"020201","JXBID":"20242-12831","SKBJ":"公选-12831","TYXMDM":"11","KCH":"10201117109"},{"KKDWDM":"020","XS":32,"BYBZ":"0","JSJC":7,"XXXQDM":"02","KXH":"23","KSJC":6,"XKZRS":35,"SKZC":"111111111100000000000000000000","SKJS":"曹芳","ISTK":0,"ZCMC":"1-10周","YPSJDD":"16-17周 星期一 第6节-第7节 南湖南-博学北楼-502,12-14周 星期一 第6节-第7节 南湖南-博学北楼-502,17周 星期二 第6节-第7节 南湖南-博学北楼-502,1-10周 星期一 第6节-第7节 南湖南-博学北楼-502","XF":2,"SKXQ":1,"XNXQDM":"2024-2025-2","KCM":"高级英语听力","JASDM":"0202010502","JXLDM":"020201","JXBID":"20242-12981","SKBJ":"公选-12981","TYXMDM":"11","KCH":"10201117107"},{"KKDWDM":"020","XS":32,"BYBZ":"0","JSJC":2,"XXXQDM":"02","KXH":"01","KSJC":1,"XKZRS":34,"SKZC":"111111111100000000000000000000","SKJS":"李腊花","ISTK":0,"ZCMC":"1-10周","YPSJDD":"12-14周 星期一 第1节-第2节 南湖南-博学北楼-502,16-17周 星期一 第1节-第2节 南湖南-博学北楼-502,1-10周 星期一 第1节-第2节 南湖南-博学北楼-502,17周 星期二 第1节-第2节 南湖南-博学北楼-502","XF":2,"SKXQ":1,"XNXQDM":"2024-2025-2","KCM":"文化与翻译","JASDM":"0202010502","JXLDM":"020201","JXBID":"20242-12813","SKBJ":"公选-12813","TYXMDM":"11","KCH":"10201117109"},{"KKDWDM":"020","XS":32,"BYBZ":"0","JSJC":4,"XXXQDM":"02","KXH":"12","KSJC":3,"XKZRS":35,"SKZC":"111111111000000000000000000000","SKJS":"余赞","ISTK":0,"ZCMC":"1-9周","YPSJDD":"1-9周 星期四 第3节-第4节 南湖南-博学北楼-502,11-17周 星期四 第3节-第4节 南湖南-博学北楼-502","XF":2,"SKXQ":4,"XNXQDM":"2024-2025-2","KCM":"西方文化与交际","JASDM":"0202010502","JXLDM":"020201","JXBID":"20242-12935","SKBJ":"公选-12935","TYXMDM":"11","KCH":"10201117104"},{"KKDWDM":"020","XS":32,"BYBZ":"0","JSJC":2,"XXXQDM":"02","KXH":"11","KSJC":1,"XKZRS":36,"SKZC":"111111111000000000000000000000","SKJS":"余赞","ISTK":0,"ZCMC":"1-9周","YPSJDD":"1-9周 星期四 第1节-第2节 南湖南-博学北楼-502,11-17周 星期四 第1节-第2节 南湖南-博学北楼-502","XF":2,"SKXQ":4,"XNXQDM":"2024-2025-2","KCM":"西方文化与交际","JASDM":"0202010502","JXLDM":"020201","JXBID":"20242-12917","SKBJ":"公选-12917","TYXMDM":"11","KCH":"10201117104"},{"KKDWDM":"020","XS":32,"BYBZ":"0","JSJC":2,"XXXQDM":"02","KXH":"05","KSJC":1,"XKZRS":34,"SKZC":"111110000000000000000000000000","SKJS":"柯美树","ISTK":0,"ZCMC":"1-5周","YPSJDD":"1-5周 星期五 第1节-第2节 南湖南-博学北楼-502,7-9周 星期五 第1节-第2节 南湖南-博学北楼-502,11-16周 星期五 第1节-第2节 南湖南-博学北楼-502,17周 星期三 第1节-第2节 南湖南-博学北楼-502,9周 星期日 第1节-第2节 南湖南-博学北楼-502","XF":2,"SKXQ":5,"XNXQDM":"2024-2025-2","KCM":"演讲与写作","JASDM":"0202010502","JXLDM":"020201","JXBID":"20242-13054","SKBJ":"公选-13054","TYXMDM":"11","KCH":"10201117108"},{"KKDWDM":"020","XS":32,"BYBZ":"0","JSJC":4,"XXXQDM":"02","KXH":"06","KSJC":3,"XKZRS":34,"SKZC":"111110000000000000000000000000","SKJS":"柯美树","ISTK":0,"ZCMC":"1-5周","YPSJDD":"11-16周 星期五 第3节-第4节 南湖南-博学北楼-502,17周 星期三 第3节-第4节 南湖南-博学北楼-502,1-5周 星期五 第3节-第4节 南湖南-博学北楼-502,7-9周 星期五 第3节-第4节 南湖南-博学北楼-502,9周 星期日 第3节-第4节 南湖南-博学北楼-502","XF":2,"SKXQ":5,"XNXQDM":"2024-2025-2","KCM":"演讲与写作","JASDM":"0202010502","JXLDM":"020201","JXBID":"20242-13055","SKBJ":"公选-13055","TYXMDM":"11","KCH":"10201117108"},{"KKDWDM":"020","XS":32,"BYBZ":"0","JSJC":2,"XXXQDM":"02","KXH":"05","KSJC":1,"XKZRS":34,"SKZC":"000000111000000000000000000000","SKJS":"柯美树","ISTK":0,"ZCMC":"7-9周","YPSJDD":"1-5周 星期五 第1节-第2节 南湖南-博学北楼-502,7-9周 星期五 第1节-第2节 南湖南-博学北楼-502,11-16周 星期五 第1节-第2节 南湖南-博学北楼-502,17周 星期三 第1节-第2节 南湖南-博学北楼-502,9周 星期日 第1节-第2节 南湖南-博学北楼-502","XF":2,"SKXQ":5,"XNXQDM":"2024-2025-2","KCM":"演讲与写作","JASDM":"0202010502","JXLDM":"020201","JXBID":"20242-13054","SKBJ":"公选-13054","TYXMDM":"11","KCH":"10201117108"},{"KKDWDM":"020","XS":32,"BYBZ":"0","JSJC":4,"XXXQDM":"02","KXH":"06","KSJC":3,"XKZRS":34,"SKZC":"000000111000000000000000000000","SKJS":"柯美树","ISTK":0,"ZCMC":"7-9周","YPSJDD":"11-16周 星期五 第3节-第4节 南湖南-博学北楼-502,17周 星期三 第3节-第4节 南湖南-博学北楼-502,1-5周 星期五 第3节-第4节 南湖南-博学北楼-502,7-9周 星期五 第3节-第4节 南湖南-博学北楼-502,9周 星期日 第3节-第4节 南湖南-博学北楼-502","XF":2,"SKXQ":5,"XNXQDM":"2024-2025-2","KCM":"演讲与写作","JASDM":"0202010502","JXLDM":"020201","JXBID":"20242-13055","SKBJ":"公选-13055","TYXMDM":"11","KCH":"10201117108"},{"KKDWDM":"020","XS":32,"BYBZ":"0","JSJC":4,"XXXQDM":"02","KXH":"06","KSJC":3,"XKZRS":34,"SKZC":"000000001000000000000000000000","SKJS":"柯美树","ISTK":0,"ZCMC":"9周","YPSJDD":"11-16周 星期五 第3节-第4节 南湖南-博学北楼-502,17周 星期三 第3节-第4节 南湖南-博学北楼-502,1-5周 星期五 第3节-第4节 南湖南-博学北楼-502,7-9周 星期五 第3节-第4节 南湖南-博学北楼-502,9周 星期日 第3节-第4节 南湖南-博学北楼-502","XF":2,"SKXQ":7,"XNXQDM":"2024-2025-2","KCM":"演讲与写作","JASDM":"0202010502","JXLDM":"020201","JXBID":"20242-13055","SKBJ":"公选-13055","TYXMDM":"11","KCH":"10201117108"},{"KKDWDM":"020","XS":32,"BYBZ":"0","JSJC":2,"XXXQDM":"02","KXH":"05","KSJC":1,"XKZRS":34,"SKZC":"000000001000000000000000000000","SKJS":"柯美树","ISTK":0,"ZCMC":"9周","YPSJDD":"1-5周 星期五 第1节-第2节 南湖南-博学北楼-502,7-9周 星期五 第1节-第2节 南湖南-博学北楼-502,11-16周 星期五 第1节-第2节 南湖南-博学北楼-502,17周 星期三 第1节-第2节 南湖南-博学北楼-502,9周 星期日 第1节-第2节 南湖南-博学北楼-502","XF":2,"SKXQ":7,"XNXQDM":"2024-2025-2","KCM":"演讲与写作","JASDM":"0202010502","JXLDM":"020201","JXBID":"20242-13054","SKBJ":"公选-13054","TYXMDM":"11","KCH":"10201117108"},{"KKDWDM":"020","XS":32,"BYBZ":"0","JSJC":2,"XXXQDM":"02","KXH":"11","KSJC":1,"XKZRS":36,"SKZC":"000000000011111110000000000000","SKJS":"余赞","ISTK":0,"ZCMC":"11-17周","YPSJDD":"1-9周 星期四 第1节-第2节 南湖南-博学北楼-502,11-17周 星期四 第1节-第2节 南湖南-博学北楼-502","XF":2,"SKXQ":4,"XNXQDM":"2024-2025-2","KCM":"西方文化与交际","JASDM":"0202010502","JXLDM":"020201","JXBID":"20242-12917","SKBJ":"公选-12917","TYXMDM":"11","KCH":"10201117104"},{"KKDWDM":"020","XS":32,"BYBZ":"0","JSJC":4,"XXXQDM":"02","KXH":"12","KSJC":3,"XKZRS":35,"SKZC":"000000000011111110000000000000","SKJS":"余赞","ISTK":0,"ZCMC":"11-17周","YPSJDD":"1-9周 星期四 第3节-第4节 南湖南-博学北楼-502,11-17周 星期四 第3节-第4节 南湖南-博学北楼-502","XF":2,"SKXQ":4,"XNXQDM":"2024-2025-2","KCM":"西方文化与交际","JASDM":"0202010502","JXLDM":"020201","JXBID":"20242-12935","SKBJ":"公选-12935","TYXMDM":"11","KCH":"10201117104"},{"KKDWDM":"020","XS":32,"BYBZ":"0","JSJC":2,"XXXQDM":"02","KXH":"05","KSJC":1,"XKZRS":34,"SKZC":"000000000011111100000000000000","SKJS":"柯美树","ISTK":0,"ZCMC":"11-16周","YPSJDD":"1-5周 星期五 第1节-第2节 南湖南-博学北楼-502,7-9周 星期五 第1节-第2节 南湖南-博学北楼-502,11-16周 星期五 第1节-第2节 南湖南-博学北楼-502,17周 星期三 第1节-第2节 南湖南-博学北楼-502,9周 星期日 第1节-第2节 南湖南-博学北楼-502","XF":2,"SKXQ":5,"XNXQDM":"2024-2025-2","KCM":"演讲与写作","JASDM":"0202010502","JXLDM":"020201","JXBID":"20242-13054","SKBJ":"公选-13054","TYXMDM":"11","KCH":"10201117108"},{"KKDWDM":"020","XS":32,"BYBZ":"0","JSJC":4,"XXXQDM":"02","KXH":"06","KSJC":3,"XKZRS":34,"SKZC":"000000000011111100000000000000","SKJS":"柯美树","ISTK":0,"ZCMC":"11-16周","YPSJDD":"11-16周 星期五 第3节-第4节 南湖南-博学北楼-502,17周 星期三 第3节-第4节 南湖南-博学北楼-502,1-5周 星期五 第3节-第4节 南湖南-博学北楼-502,7-9周 星期五 第3节-第4节 南湖南-博学北楼-502,9周 星期日 第3节-第4节 南湖南-博学北楼-502","XF":2,"SKXQ":5,"XNXQDM":"2024-2025-2","KCM":"演讲与写作","JASDM":"0202010502","JXLDM":"020201","JXBID":"20242-13055","SKBJ":"公选-13055","TYXMDM":"11","KCH":"10201117108"},{"KKDWDM":"020","XS":32,"BYBZ":"0","JSJC":7,"XXXQDM":"02","KXH":"23","KSJC":6,"XKZRS":35,"SKZC":"000000000001110000000000000000","SKJS":"曹芳","ISTK":0,"ZCMC":"12-14周","YPSJDD":"16-17周 星期一 第6节-第7节 南湖南-博学北楼-502,12-14周 星期一 第6节-第7节 南湖南-博学北楼-502,17周 星期二 第6节-第7节 南湖南-博学北楼-502,1-10周 星期一 第6节-第7节 南湖南-博学北楼-502","XF":2,"SKXQ":1,"XNXQDM":"2024-2025-2","KCM":"高级英语听力","JASDM":"0202010502","JXLDM":"020201","JXBID":"20242-12981","SKBJ":"公选-12981","TYXMDM":"11","KCH":"10201117107"},{"KKDWDM":"020","XS":32,"BYBZ":"0","JSJC":2,"XXXQDM":"02","KXH":"01","KSJC":1,"XKZRS":34,"SKZC":"000000000001110000000000000000","SKJS":"李腊花","ISTK":0,"ZCMC":"12-14周","YPSJDD":"12-14周 星期一 第1节-第2节 南湖南-博学北楼-502,16-17周 星期一 第1节-第2节 南湖南-博学北楼-502,1-10周 星期一 第1节-第2节 南湖南-博学北楼-502,17周 星期二 第1节-第2节 南湖南-博学北楼-502","XF":2,"SKXQ":1,"XNXQDM":"2024-2025-2","KCM":"文化与翻译","JASDM":"0202010502","JXLDM":"020201","JXBID":"20242-12813","SKBJ":"公选-12813","TYXMDM":"11","KCH":"10201117109"},{"KKDWDM":"020","XS":32,"BYBZ":"0","JSJC":4,"XXXQDM":"02","KXH":"03","KSJC":3,"XKZRS":35,"SKZC":"000000000001110000000000000000","SKJS":"李腊花","ISTK":0,"ZCMC":"12-14周","YPSJDD":"12-14周 星期一 第3节-第4节 南湖南-博学北楼-502,17周 星期二 第3节-第4节 南湖南-博学北楼-502,16-17周 星期一 第3节-第4节 南湖南-博学北楼-502,1-10周 星期一 第3节-第4节 南湖南-博学北楼-502","XF":2,"SKXQ":1,"XNXQDM":"2024-2025-2","KCM":"文化与翻译","JASDM":"0202010502","JXLDM":"020201","JXBID":"20242-12831","SKBJ":"公选-12831","TYXMDM":"11","KCH":"10201117109"},{"KKDWDM":"020","XS":32,"BYBZ":"0","JSJC":4,"XXXQDM":"02","KXH":"03","KSJC":3,"XKZRS":35,"SKZC":"000000000000000110000000000000","SKJS":"李腊花","ISTK":0,"ZCMC":"16-17周","YPSJDD":"12-14周 星期一 第3节-第4节 南湖南-博学北楼-502,17周 星期二 第3节-第4节 南湖南-博学北楼-502,16-17周 星期一 第3节-第4节 南湖南-博学北楼-502,1-10周 星期一 第3节-第4节 南湖南-博学北楼-502","XF":2,"SKXQ":1,"XNXQDM":"2024-2025-2","KCM":"文化与翻译","JASDM":"0202010502","JXLDM":"020201","JXBID":"20242-12831","SKBJ":"公选-12831","TYXMDM":"11","KCH":"10201117109"},{"KKDWDM":"020","XS":32,"BYBZ":"0","JSJC":2,"XXXQDM":"02","KXH":"01","KSJC":1,"XKZRS":34,"SKZC":"000000000000000110000000000000","SKJS":"李腊花","ISTK":0,"ZCMC":"16-17周","YPSJDD":"12-14周 星期一 第1节-第2节 南湖南-博学北楼-502,16-17周 星期一 第1节-第2节 南湖南-博学北楼-502,1-10周 星期一 第1节-第2节 南湖南-博学北楼-502,17周 星期二 第1节-第2节 南湖南-博学北楼-502","XF":2,"SKXQ":1,"XNXQDM":"2024-2025-2","KCM":"文化与翻译","JASDM":"0202010502","JXLDM":"020201","JXBID":"20242-12813","SKBJ":"公选-12813","TYXMDM":"11","KCH":"10201117109"},{"KKDWDM":"020","XS":32,"BYBZ":"0","JSJC":7,"XXXQDM":"02","KXH":"23","KSJC":6,"XKZRS":35,"SKZC":"000000000000000110000000000000","SKJS":"曹芳","ISTK":0,"ZCMC":"16-17周","YPSJDD":"16-17周 星期一 第6节-第7节 南湖南-博学北楼-502,12-14周 星期一 第6节-第7节 南湖南-博学北楼-502,17周 星期二 第6节-第7节 南湖南-博学北楼-502,1-10周 星期一 第6节-第7节 南湖南-博学北楼-502","XF":2,"SKXQ":1,"XNXQDM":"2024-2025-2","KCM":"高级英语听力","JASDM":"0202010502","JXLDM":"020201","JXBID":"20242-12981","SKBJ":"公选-12981","TYXMDM":"11","KCH":"10201117107"},{"KKDWDM":"020","XS":32,"BYBZ":"0","JSJC":2,"XXXQDM":"02","KXH":"01","KSJC":1,"XKZRS":34,"SKZC":"000000000000000010000000000000","SKJS":"李腊花","ISTK":0,"ZCMC":"17周","YPSJDD":"12-14周 星期一 第1节-第2节 南湖南-博学北楼-502,16-17周 星期一 第1节-第2节 南湖南-博学北楼-502,1-10周 星期一 第1节-第2节 南湖南-博学北楼-502,17周 星期二 第1节-第2节 南湖南-博学北楼-502","XF":2,"SKXQ":2,"XNXQDM":"2024-2025-2","KCM":"文化与翻译","JASDM":"0202010502","JXLDM":"020201","JXBID":"20242-12813","SKBJ":"公选-12813","TYXMDM":"11","KCH":"10201117109"},{"KKDWDM":"020","XS":32,"BYBZ":"0","JSJC":4,"XXXQDM":"02","KXH":"06","KSJC":3,"XKZRS":34,"SKZC":"000000000000000010000000000000","SKJS":"柯美树","ISTK":0,"ZCMC":"17周","YPSJDD":"11-16周 星期五 第3节-第4节 南湖南-博学北楼-502,17周 星期三 第3节-第4节 南湖南-博学北楼-502,1-5周 星期五 第3节-第4节 南湖南-博学北楼-502,7-9周 星期五 第3节-第4节 南湖南-博学北楼-502,9周 星期日 第3节-第4节 南湖南-博学北楼-502","XF":2,"SKXQ":3,"XNXQDM":"2024-2025-2","KCM":"演讲与写作","JASDM":"0202010502","JXLDM":"020201","JXBID":"20242-13055","SKBJ":"公选-13055","TYXMDM":"11","KCH":"10201117108"},{"KKDWDM":"020","XS":32,"BYBZ":"0","JSJC":4,"XXXQDM":"02","KXH":"03","KSJC":3,"XKZRS":35,"SKZC":"000000000000000010000000000000","SKJS":"李腊花","ISTK":0,"ZCMC":"17周","YPSJDD":"12-14周 星期一 第3节-第4节 南湖南-博学北楼-502,17周 星期二 第3节-第4节 南湖南-博学北楼-502,16-17周 星期一 第3节-第4节 南湖南-博学北楼-502,1-10周 星期一 第3节-第4节 南湖南-博学北楼-502","XF":2,"SKXQ":2,"XNXQDM":"2024-2025-2","KCM":"文化与翻译","JASDM":"0202010502","JXLDM":"020201","JXBID":"20242-12831","SKBJ":"公选-12831","TYXMDM":"11","KCH":"10201117109"},{"KKDWDM":"020","XS":32,"BYBZ":"0","JSJC":2,"XXXQDM":"02","KXH":"05","KSJC":1,"XKZRS":34,"SKZC":"000000000000000010000000000000","SKJS":"柯美树","ISTK":0,"ZCMC":"17周","YPSJDD":"1-5周 星期五 第1节-第2节 南湖南-博学北楼-502,7-9周 星期五 第1节-第2节 南湖南-博学北楼-502,11-16周 星期五 第1节-第2节 南湖南-博学北楼-502,17周 星期三 第1节-第2节 南湖南-博学北楼-502,9周 星期日 第1节-第2节 南湖南-博学北楼-502","XF":2,"SKXQ":3,"XNXQDM":"2024-2025-2","KCM":"演讲与写作","JASDM":"0202010502","JXLDM":"020201","JXBID":"20242-13054","SKBJ":"公选-13054","TYXMDM":"11","KCH":"10201117108"},{"KKDWDM":"020","XS":32,"BYBZ":"0","JSJC":7,"XXXQDM":"02","KXH":"23","KSJC":6,"XKZRS":35,"SKZC":"000000000000000010000000000000","SKJS":"曹芳","ISTK":0,"ZCMC":"17周","YPSJDD":"16-17周 星期一 第6节-第7节 南湖南-博学北楼-502,12-14周 星期一 第6节-第7节 南湖南-博学北楼-502,17周 星期二 第6节-第7节 南湖南-博学北楼-502,1-10周 星期一 第6节-第7节 南湖南-博学北楼-502","XF":2,"SKXQ":2,"XNXQDM":"2024-2025-2","KCM":"高级英语听力","JASDM":"0202010502","JXLDM":"020201","JXBID":"20242-12981","SKBJ":"公选-12981","TYXMDM":"11","KCH":"10201117107"}]}},"code":"0"}