{"datas":{"jaskcb":{"extParams":{"code":1,"msg":"查询成功"},"pageSize":0,"pageNumber":0,"totalSize":-1,"rows":[{"KKDWDM":null,"XS":null,"BYBZ":"3","JSJC":8,"XXXQDM":null,"KXH":null,"KSJC":6,"XKZRS":null,"SKZC":"111111111111111110000000000000","SKJS":null,"ISTK":0,"ZCMC":"1-17周","YPSJDD":null,"XF":null,"SKXQ":3,"XNXQDM":"2024-2025-2","KCM":"汉语听说2","JASDM":"0202030503","JXLDM":null,"JXBID":null,"SKBJ":"2401Q沙特班","TYXMDM":null,"KCH":null},{"KKDWDM":null,"XS":null,"BYBZ":"3","JSJC":5,"XXXQDM":null,"KXH":null,"KSJC":3,"XKZRS":null,"SKZC":"111110111011111110000000000000","SKJS":null,"ISTK":0,"ZCMC":"1-5周,7-9周,11-17周","YPSJDD":null,"XF":null,"SKXQ":5,"XNXQDM":"2024-2025-2","KCM":"汉语听说2","JASDM":"0202030503","JXLDM":null,"JXBID":null,"SKBJ":"2401Q沙特班","TYXMDM":null,"KCH":null},{"KKDWDM":null,"XS":null,"BYBZ":"3","JSJC":8,"XXXQDM":null,"KXH":null,"KSJC":6,"XKZRS":null,"SKZC":"111111111101110110000000000000","SKJS":null,"ISTK":0,"ZCMC":"1-10周,12-14周,16-17周","YPSJDD":null,"XF":null,"SKXQ":1,"XNXQDM":"2024-2025-2","KCM":"汉语读写1","JASDM":"0202030503","JXLDM":null,"JXBID":null,"SKBJ":"2401Q沙特班","TYXMDM":null,"KCH":null},{"KKDWDM":null,"XS":null,"BYBZ":"3","JSJC":5,"XXXQDM":null,"KXH":null,"KSJC":3,"XKZRS":null,"SKZC":"111111111111111110000000000000","SKJS":null,"ISTK":0,"ZCMC":"1-17周","YPSJDD":null,"XF":null,"SKXQ":3,"XNXQDM":"2024-2025-2","KCM":"汉语读写1","JASDM":"0202030503","JXLDM":null,"JXBID":null,"SKBJ":"2401Q沙特班","TYXMDM":null,"KCH":null},{"KKDWDM":null,"XS":null,"BYBZ":"3","JSJC":8,"XXXQDM":null,"KXH":null,"KSJC":6,"XKZRS":null,"SKZC":"000000000001111000000000000000","SKJS":null,"ISTK":0,"ZCMC":"12-15周","YPSJDD":null,"XF":null,"SKXQ":4,"XNXQDM":"2024-2025-2","KCM":"汉语读写1","JASDM":"0202030503","JXLDM":null,"JXBID":null,"SKBJ":"2401Q沙特班","TYXMDM":null,"KCH":null},{"KKDWDM":null,"XS":null,"BYBZ":"3","JSJC":5,"XXXQDM":null,"KXH":null,"KSJC":3,"XKZRS":null,"SKZC":"111111111101110110000000000000","SKJS":null,"ISTK":0,"ZCMC":"1-10周,12-14周,16-17周","YPSJDD":null,"XF":null,"SKXQ":1,"XNXQDM":"2024-2025-2","KCM":"综合汉语2","JASDM":"0202030503","JXLDM":null,"JXBID":null,"SKBJ":"2401Q沙特班","TYXMDM":null,"KCH":null},{"KKDWDM":null,"XS":null,"BYBZ":"3","JSJC":5,"XXXQDM":null,"KXH":null,"KSJC":3,"XKZRS":null,"SKZC":"111111111111111110000000000000","SKJS":null,"ISTK":0,"ZCMC":"1-17周","YPSJDD":null,"XF":null,"SKXQ":2,"XNXQDM":"2024-2025-2","KCM":"综合汉语2","JASDM":"0202030503","JXLDM":null,"JXBID":null,"SKBJ":"2401Q沙特班","TYXMDM":null,"KCH":null},{"KKDWDM":null,"XS":null,"BYBZ":"3","JSJC":5,"XXXQDM":null,"KXH":null,"KSJC":3,"XKZRS":null,"SKZC":"111111111011111110000000000000","SKJS":null,"ISTK":0,"ZCMC":"1-9周,11-17周","YPSJDD":null,"XF":null,"SKXQ":4,"XNXQDM":"2024-2025-2","KCM":"综合汉语2","JASDM":"0202030503","JXLDM":null,"JXBID":null,"SKBJ":"2401Q沙特班","TYXMDM":null,"KCH":null}]}},"code":"0"}