{"datas":{"jaskcb":{"extParams":{"code":1,"msg":"查询成功"},"pageSize":0,"pageNumber":0,"totalSize":-1,"rows":[{"KKDWDM":"007","XS":48,"BYBZ":"0","JSJC":5,"XXXQDM":"02","KXH":"03","KSJC":3,"XKZRS":39,"SKZC":"1111111111111111","SKJS":"Chalati Siwapimon,郭会茹","ISTK":0,"ZCMC":"1-16周","YPSJDD":"1-16周 星期二 第3节-第5节 南湖南-博学西楼-409","XF":3,"SKXQ":2,"XNXQDM":"2024-2025-2","KCM":"汽车学与性能测试2","JASDM":"0202030409","JXLDM":"020203","JXBID":"20242-11151","SKBJ":"车辆gj2202","TYXMDM":null,"KCH":"10074117095"},{"KKDWDM":"017","XS":40,"BYBZ":"0","JSJC":8,"XXXQDM":"02","KXH":"01","KSJC":6,"XKZRS":64,"SKZC":"111111111111000000000000","SKJS":"邓厚平","ISTK":0,"ZCMC":"1-12周","YPSJDD":"13-14周 星期二 第6节-第7节 南湖南-博学西楼-409,1-12周 星期二 第6节-第8节 南湖南-博学西楼-409","XF":2,"SKXQ":2,"XNXQDM":"2024-2025-2","KCM":"审计学D","JASDM":"0202030409","JXLDM":"020203","JXBID":"20242-02128","SKBJ":"财务2201-02","TYXMDM":null,"KCH":"10174117124"},{"KKDWDM":"017","XS":40,"BYBZ":"0","JSJC":4,"XXXQDM":"02","KXH":"01","KSJC":3,"XKZRS":64,"SKZC":"111111111100000000000000000000","SKJS":"王新","ISTK":0,"ZCMC":"1-10周","YPSJDD":"17周 星期二 第3节-第4节 南湖南-博学西楼-409,12-14周 星期一 第3节-第4节 南湖南-博学西楼-409,16-17周 星期一 第3节-第4节 南湖南-博学西楼-409,1-10周 星期一 第3节-第4节 南湖南-博学西楼-409","XF":2,"SKXQ":1,"XNXQDM":"2024-2025-2","KCM":"管理信息系统C","JASDM":"0202030409","JXLDM":"020203","JXBID":"20242-05810","SKBJ":"人力2301-02","TYXMDM":null,"KCH":"10174121148"},{"KKDWDM":"018","XS":40,"BYBZ":"0","JSJC":2,"XXXQDM":"02","KXH":"01","KSJC":1,"XKZRS":55,"SKZC":"111111111100000000000000","SKJS":"田祖海,黄艳希","ISTK":0,"ZCMC":"1-10周","YPSJDD":"1-10周 星期一 第1节-第2节 南湖南-博学西楼-409,1-10周 星期三 第1节-第2节 南湖南-博学西楼-409","XF":2,"SKXQ":1,"XNXQDM":"2024-2025-2","KCM":"世界经济A","JASDM":"0202030409","JXLDM":"020203","JXBID":"20242-04349","SKBJ":"国贸2301-02","TYXMDM":null,"KCH":"10055111057"},{"KKDWDM":"018","XS":40,"BYBZ":"0","JSJC":2,"XXXQDM":"02","KXH":"01","KSJC":1,"XKZRS":55,"SKZC":"111111111100000000000000","SKJS":"田祖海,黄艳希","ISTK":0,"ZCMC":"1-10周","YPSJDD":"1-10周 星期一 第1节-第2节 南湖南-博学西楼-409,1-10周 星期三 第1节-第2节 南湖南-博学西楼-409","XF":2,"SKXQ":3,"XNXQDM":"2024-2025-2","KCM":"世界经济A","JASDM":"0202030409","JXLDM":"020203","JXBID":"20242-04349","SKBJ":"国贸2301-02","TYXMDM":null,"KCH":"10055111057"},{"KKDWDM":"008","XS":32,"BYBZ":"0","JSJC":8,"XXXQDM":"02","KXH":"01","KSJC":6,"XKZRS":65,"SKZC":"111111111100000000000000","SKJS":"许凡","ISTK":0,"ZCMC":"1-10周","YPSJDD":"12周 星期一 第6节-第7节 南湖南-博学西楼-409,1-10周 星期一 第6节-第8节 南湖南-博学西楼-409","XF":2,"SKXQ":1,"XNXQDM":"2024-2025-2","KCM":"智能技术数学基础","JASDM":"0202030409","JXLDM":"020203","JXBID":"20242-05020","SKBJ":"智能制造2301-02","TYXMDM":null,"KCH":"10085121007"},{"KKDWDM":"023","XS":32,"BYBZ":"0","JSJC":4,"XXXQDM":"02","KXH":"01","KSJC":3,"XKZRS":10,"SKZC":"111110000000000000000000000000","SKJS":"毛斌斌,牛奕","ISTK":0,"ZCMC":"1-5周","YPSJDD":"9周 星期日 第3节-第4节 南湖南-博学西楼-409,1-5周 星期五 第3节-第4节 南湖南-博学西楼-409,7-8周 星期五 第3节-第4节 南湖南-博学西楼-409","XF":2,"SKXQ":5,"XNXQDM":"2024-2025-2","KCM":"虚拟现实技术","JASDM":"0202030409","JXLDM":"020203","JXBID":"20242-04749","SKBJ":"安全2301-02","TYXMDM":null,"KCH":"10236121147"},{"KKDWDM":"016","XS":32,"BYBZ":"0","JSJC":2,"XXXQDM":"02","KXH":"02","KSJC":1,"XKZRS":null,"SKZC":"110000000000000000000000000000","SKJS":"孙兵","ISTK":0,"ZCMC":"1-2周","YPSJDD":"1-2周 星期四 第3节-第4节 南湖南-博学西楼-409,1-2周 星期二 第1节-第2节 南湖南-博学西楼-409","XF":2,"SKXQ":2,"XNXQDM":"2024-2025-2","KCM":"制药设备与车间设计","JASDM":"0202030409","JXLDM":"020203","JXBID":"20242-03683","SKBJ":"制药H2201-03","TYXMDM":null,"KCH":"10165112037"},{"KKDWDM":"016","XS":32,"BYBZ":"0","JSJC":4,"XXXQDM":"02","KXH":"02","KSJC":3,"XKZRS":null,"SKZC":"110000000000000000000000000000","SKJS":"孙兵","ISTK":0,"ZCMC":"1-2周","YPSJDD":"1-2周 星期四 第3节-第4节 南湖南-博学西楼-409,1-2周 星期二 第1节-第2节 南湖南-博学西楼-409","XF":2,"SKXQ":4,"XNXQDM":"2024-2025-2","KCM":"制药设备与车间设计","JASDM":"0202030409","JXLDM":"020203","JXBID":"20242-03683","SKBJ":"制药H2201-03","TYXMDM":null,"KCH":"10165112037"},{"KKDWDM":"072","XS":64,"BYBZ":"0","JSJC":4,"XXXQDM":"02","KXH":"17","KSJC":3,"XKZRS":76,"SKZC":"100000000000000000000000000000","SKJS":"朱四荣,秦莹","ISTK":0,"ZCMC":"1周","YPSJDD":"1周 星期三 第3节-第4节 南湖南-博学西楼-409,1周 星期五 第1节-第2节 南湖南-博学西楼-204,9周 星期日 第1节-第2节 南湖南-博学东楼-202,2-5周,7-9周,11-15周 星期五 第1节-第2节 南湖南-博学东楼-202,2-16周 星期三 第3节-第4节 南湖南-博学西楼-213","XF":4,"SKXQ":3,"XNXQDM":"2024-2025-2","KCM":"材料力学C","JASDM":"0202030409","JXLDM":"020203","JXBID":"20242-10812","SKBJ":"车辆2303-04","TYXMDM":null,"KCH":"10154111009"},{"KKDWDM":"023","XS":32,"BYBZ":"0","JSJC":4,"XXXQDM":"02","KXH":"01","KSJC":3,"XKZRS":10,"SKZC":"000000110000000000000000000000","SKJS":"毛斌斌,牛奕","ISTK":0,"ZCMC":"7-8周","YPSJDD":"9周 星期日 第3节-第4节 南湖南-博学西楼-409,1-5周 星期五 第3节-第4节 南湖南-博学西楼-409,7-8周 星期五 第3节-第4节 南湖南-博学西楼-409","XF":2,"SKXQ":5,"XNXQDM":"2024-2025-2","KCM":"虚拟现实技术","JASDM":"0202030409","JXLDM":"020203","JXBID":"20242-04749","SKBJ":"安全2301-02","TYXMDM":null,"KCH":"10236121147"},{"KKDWDM":"010","XS":32,"BYBZ":"0","JSJC":2,"XXXQDM":"02","KXH":"01","KSJC":1,"XKZRS":55,"SKZC":"000000001111111100000000000000","SKJS":"李梅","ISTK":0,"ZCMC":"9-16周","YPSJDD":"11-17周 星期四 第1节-第2节 南湖南-博学西楼-409,9周 星期四 第1节-第2节 南湖南-博学西楼-409,9-16周 星期二 第1节-第2节 南湖南-博学西楼-409","XF":2,"SKXQ":2,"XNXQDM":"2024-2025-2","KCM":"矿业系统工程B","JASDM":"0202030409","JXLDM":"020203","JXBID":"20242-03959","SKBJ":"采矿2201-02","TYXMDM":null,"KCH":"10104117037"},{"KKDWDM":"009","XS":24,"BYBZ":"0","JSJC":5,"XXXQDM":"02","KXH":"01","KSJC":3,"XKZRS":44,"SKZC":"000000001011111000000000","SKJS":"蔡礼雄","ISTK":0,"ZCMC":"9周,11-15周","YPSJDD":"16周 星期四 第3节-第4节 南湖南-博学西楼-409,9周,11-15周 星期四 第3节-第5节 南湖南-博学西楼-409","XF":1,"SKXQ":4,"XNXQDM":"2024-2025-2","KCM":"3D打印建造技术","JASDM":"0202030409","JXLDM":"020203","JXBID":"20242-02762","SKBJ":"工程2201-02","TYXMDM":null,"KCH":"10095121006"},{"KKDWDM":"023","XS":32,"BYBZ":"0","JSJC":4,"XXXQDM":"02","KXH":"01","KSJC":3,"XKZRS":10,"SKZC":"000000001000000000000000000000","SKJS":"毛斌斌,牛奕","ISTK":0,"ZCMC":"9周","YPSJDD":"9周 星期日 第3节-第4节 南湖南-博学西楼-409,1-5周 星期五 第3节-第4节 南湖南-博学西楼-409,7-8周 星期五 第3节-第4节 南湖南-博学西楼-409","XF":2,"SKXQ":7,"XNXQDM":"2024-2025-2","KCM":"虚拟现实技术","JASDM":"0202030409","JXLDM":"020203","JXBID":"20242-04749","SKBJ":"安全2301-02","TYXMDM":null,"KCH":"10236121147"},{"KKDWDM":"010","XS":32,"BYBZ":"0","JSJC":2,"XXXQDM":"02","KXH":"01","KSJC":1,"XKZRS":55,"SKZC":"000000001000000000000000000000","SKJS":"李梅","ISTK":0,"ZCMC":"9周","YPSJDD":"11-17周 星期四 第1节-第2节 南湖南-博学西楼-409,9周 星期四 第1节-第2节 南湖南-博学西楼-409,9-16周 星期二 第1节-第2节 南湖南-博学西楼-409","XF":2,"SKXQ":4,"XNXQDM":"2024-2025-2","KCM":"矿业系统工程B","JASDM":"0202030409","JXLDM":"020203","JXBID":"20242-03959","SKBJ":"采矿2201-02","TYXMDM":null,"KCH":"10104117037"},{"KKDWDM":"010","XS":32,"BYBZ":"0","JSJC":2,"XXXQDM":"02","KXH":"01","KSJC":1,"XKZRS":55,"SKZC":"000000000011111110000000000000","SKJS":"李梅","ISTK":0,"ZCMC":"11-17周","YPSJDD":"11-17周 星期四 第1节-第2节 南湖南-博学西楼-409,9周 星期四 第1节-第2节 南湖南-博学西楼-409,9-16周 星期二 第1节-第2节 南湖南-博学西楼-409","XF":2,"SKXQ":4,"XNXQDM":"2024-2025-2","KCM":"矿业系统工程B","JASDM":"0202030409","JXLDM":"020203","JXBID":"20242-03959","SKBJ":"采矿2201-02","TYXMDM":null,"KCH":"10104117037"},{"KKDWDM":"017","XS":40,"BYBZ":"0","JSJC":4,"XXXQDM":"02","KXH":"01","KSJC":3,"XKZRS":64,"SKZC":"000000000001110000000000000000","SKJS":"王新","ISTK":0,"ZCMC":"12-14周","YPSJDD":"17周 星期二 第3节-第4节 南湖南-博学西楼-409,12-14周 星期一 第3节-第4节 南湖南-博学西楼-409,16-17周 星期一 第3节-第4节 南湖南-博学西楼-409,1-10周 星期一 第3节-第4节 南湖南-博学西楼-409","XF":2,"SKXQ":1,"XNXQDM":"2024-2025-2","KCM":"管理信息系统C","JASDM":"0202030409","JXLDM":"020203","JXBID":"20242-05810","SKBJ":"人力2301-02","TYXMDM":null,"KCH":"10174121148"},{"KKDWDM":"008","XS":32,"BYBZ":"0","JSJC":7,"XXXQDM":"02","KXH":"01","KSJC":6,"XKZRS":65,"SKZC":"000000000001000000000000","SKJS":"许凡","ISTK":0,"ZCMC":"12周","YPSJDD":"12周 星期一 第6节-第7节 南湖南-博学西楼-409,1-10周 星期一 第6节-第8节 南湖南-博学西楼-409","XF":2,"SKXQ":1,"XNXQDM":"2024-2025-2","KCM":"智能技术数学基础","JASDM":"0202030409","JXLDM":"020203","JXBID":"20242-05020","SKBJ":"智能制造2301-02","TYXMDM":null,"KCH":"10085121007"},{"KKDWDM":"017","XS":40,"BYBZ":"0","JSJC":7,"XXXQDM":"02","KXH":"01","KSJC":6,"XKZRS":64,"SKZC":"000000000000110000000000","SKJS":"邓厚平","ISTK":0,"ZCMC":"13-14周","YPSJDD":"13-14周 星期二 第6节-第7节 南湖南-博学西楼-409,1-12周 星期二 第6节-第8节 南湖南-博学西楼-409","XF":2,"SKXQ":2,"XNXQDM":"2024-2025-2","KCM":"审计学D","JASDM":"0202030409","JXLDM":"020203","JXBID":"20242-02128","SKBJ":"财务2201-02","TYXMDM":null,"KCH":"10174117124"},{"KKDWDM":"017","XS":40,"BYBZ":"0","JSJC":4,"XXXQDM":"02","KXH":"01","KSJC":3,"XKZRS":64,"SKZC":"000000000000000110000000000000","SKJS":"王新","ISTK":0,"ZCMC":"16-17周","YPSJDD":"17周 星期二 第3节-第4节 南湖南-博学西楼-409,12-14周 星期一 第3节-第4节 南湖南-博学西楼-409,16-17周 星期一 第3节-第4节 南湖南-博学西楼-409,1-10周 星期一 第3节-第4节 南湖南-博学西楼-409","XF":2,"SKXQ":1,"XNXQDM":"2024-2025-2","KCM":"管理信息系统C","JASDM":"0202030409","JXLDM":"020203","JXBID":"20242-05810","SKBJ":"人力2301-02","TYXMDM":null,"KCH":"10174121148"},{"KKDWDM":"009","XS":24,"BYBZ":"0","JSJC":4,"XXXQDM":"02","KXH":"01","KSJC":3,"XKZRS":44,"SKZC":"000000000000000100000000","SKJS":"蔡礼雄","ISTK":0,"ZCMC":"16周","YPSJDD":"16周 星期四 第3节-第4节 南湖南-博学西楼-409,9周,11-15周 星期四 第3节-第5节 南湖南-博学西楼-409","XF":1,"SKXQ":4,"XNXQDM":"2024-2025-2","KCM":"3D打印建造技术","JASDM":"0202030409","JXLDM":"020203","JXBID":"20242-02762","SKBJ":"工程2201-02","TYXMDM":null,"KCH":"10095121006"},{"KKDWDM":"017","XS":40,"BYBZ":"0","JSJC":4,"XXXQDM":"02","KXH":"01","KSJC":3,"XKZRS":64,"SKZC":"000000000000000010000000000000","SKJS":"王新","ISTK":0,"ZCMC":"17周","YPSJDD":"17周 星期二 第3节-第4节 南湖南-博学西楼-409,12-14周 星期一 第3节-第4节 南湖南-博学西楼-409,16-17周 星期一 第3节-第4节 南湖南-博学西楼-409,1-10周 星期一 第3节-第4节 南湖南-博学西楼-409","XF":2,"SKXQ":2,"XNXQDM":"2024-2025-2","KCM":"管理信息系统C","JASDM":"0202030409","JXLDM":"020203","JXBID":"20242-05810","SKBJ":"人力2301-02","TYXMDM":null,"KCH":"10174121148"}]}},"code":"0"}