{"datas":{"jaskcb":{"extParams":{"code":1,"msg":"查询成功"},"pageSize":0,"pageNumber":0,"totalSize":-1,"rows":[{"KKDWDM":null,"XS":null,"BYBZ":"1","JSJC":5,"XXXQDM":null,"KXH":null,"KSJC":1,"XKZRS":null,"SKZC":"000010000000000000000000000000","SKJS":"郭晶晶","ISTK":0,"ZCMC":"5周","YPSJDD":null,"XF":null,"SKXQ":2,"XNXQDM":"2024-2025-2","KCM":"研究生预答辩(借用)","JASDM":"0301020216","JXLDM":null,"JXBID":null,"SKBJ":null,"TYXMDM":null,"KCH":null},{"KKDWDM":null,"XS":null,"BYBZ":"1","JSJC":8,"XXXQDM":null,"KXH":null,"KSJC":6,"XKZRS":null,"SKZC":"000000001111110000000000000000","SKJS":"黄亮","ISTK":0,"ZCMC":"9-14周","YPSJDD":null,"XF":null,"SKXQ":2,"XNXQDM":"2024-2025-2","KCM":"高级语言程序设计","JASDM":"0301020216","JXLDM":null,"JXBID":null,"SKBJ":null,"TYXMDM":null,"KCH":"40050223033"},{"KKDWDM":null,"XS":null,"BYBZ":"1","JSJC":8,"XXXQDM":null,"KXH":null,"KSJC":6,"XKZRS":null,"SKZC":"000000001111110000000000000000","SKJS":"黄亮","ISTK":0,"ZCMC":"9-14周","YPSJDD":null,"XF":null,"SKXQ":3,"XNXQDM":"2024-2025-2","KCM":"高级语言程序设计","JASDM":"0301020216","JXLDM":null,"JXBID":null,"SKBJ":null,"TYXMDM":null,"KCH":"40050223033"},{"KKDWDM":null,"XS":null,"BYBZ":"1","JSJC":5,"XXXQDM":null,"KXH":null,"KSJC":3,"XKZRS":null,"SKZC":"000000000000111111000000000000","SKJS":"周新聪","ISTK":0,"ZCMC":"13-18周","YPSJDD":null,"XF":null,"SKXQ":2,"XNXQDM":"2024-2025-2","KCM":"故障诊断与系统控制","JASDM":"0301020216","JXLDM":null,"JXBID":null,"SKBJ":null,"TYXMDM":null,"KCH":"60050223005"},{"KKDWDM":null,"XS":null,"BYBZ":"1","JSJC":5,"XXXQDM":null,"KXH":null,"KSJC":3,"XKZRS":null,"SKZC":"000000000000111111000000000000","SKJS":"周新聪","ISTK":0,"ZCMC":"13-18周","YPSJDD":null,"XF":null,"SKXQ":4,"XNXQDM":"2024-2025-2","KCM":"故障诊断与系统控制","JASDM":"0301020216","JXLDM":null,"JXBID":null,"SKBJ":null,"TYXMDM":null,"KCH":"60050223005"},{"KKDWDM":null,"XS":null,"BYBZ":"1","JSJC":13,"XXXQDM":null,"KXH":null,"KSJC":11,"XKZRS":null,"SKZC":"000000011111111111100000000000","SKJS":"张笛","ISTK":0,"ZCMC":"8-19周","YPSJDD":null,"XF":null,"SKXQ":4,"XNXQDM":"2024-2025-2","KCM":"交通安全前沿理论与方法","JASDM":"0301020216","JXLDM":null,"JXBID":null,"SKBJ":null,"TYXMDM":null,"KCH":"60050223024"},{"KKDWDM":null,"XS":null,"BYBZ":"1","JSJC":5,"XXXQDM":null,"KXH":null,"KSJC":3,"XKZRS":null,"SKZC":"000000001111110000000000000000","SKJS":"陈建华","ISTK":0,"ZCMC":"9-14周","YPSJDD":null,"XF":null,"SKXQ":1,"XNXQDM":"2024-2025-2","KCM":"供应链管理方法论","JASDM":"0301020216","JXLDM":null,"JXBID":null,"SKBJ":null,"TYXMDM":null,"KCH":"60050523010"},{"KKDWDM":null,"XS":null,"BYBZ":"1","JSJC":5,"XXXQDM":null,"KXH":null,"KSJC":3,"XKZRS":null,"SKZC":"000000001111110000000000000000","SKJS":"陈建华","ISTK":0,"ZCMC":"9-14周","YPSJDD":null,"XF":null,"SKXQ":5,"XNXQDM":"2024-2025-2","KCM":"供应链管理方法论","JASDM":"0301020216","JXLDM":null,"JXBID":null,"SKBJ":null,"TYXMDM":null,"KCH":"60050523010"}]}},"code":"0"}