{"datas":{"jaskcb":{"extParams":{"code":1,"msg":"查询成功"},"pageSize":0,"pageNumber":0,"totalSize":-1,"rows":[{"KKDWDM":null,"XS":null,"BYBZ":"1","JSJC":5,"XXXQDM":null,"KXH":null,"KSJC":3,"XKZRS":null,"SKZC":"000000000000111111000000000000","SKJS":"肖方亮","ISTK":0,"ZCMC":"13-18周","YPSJDD":null,"XF":null,"SKXQ":3,"XNXQDM":"2024-2025-2","KCM":"专业英语（航运）","JASDM":"0301020204","JXLDM":null,"JXBID":null,"SKBJ":null,"TYXMDM":null,"KCH":"40140323009"},{"KKDWDM":null,"XS":null,"BYBZ":"1","JSJC":5,"XXXQDM":null,"KXH":null,"KSJC":3,"XKZRS":null,"SKZC":"111111111111000000000000000000","SKJS":"赵尚睿","ISTK":0,"ZCMC":"1-12周","YPSJDD":null,"XF":null,"SKXQ":4,"XNXQDM":"2024-2025-2","KCM":"数值分析","JASDM":"0301020204","JXLDM":null,"JXBID":null,"SKBJ":null,"TYXMDM":null,"KCH":"40150123005"},{"KKDWDM":null,"XS":null,"BYBZ":"1","JSJC":8,"XXXQDM":null,"KXH":null,"KSJC":6,"XKZRS":null,"SKZC":"111111111111000000000000000000","SKJS":"李宇光","ISTK":0,"ZCMC":"1-12周","YPSJDD":null,"XF":null,"SKXQ":1,"XNXQDM":"2024-2025-2","KCM":"数学模型","JASDM":"0301020204","JXLDM":null,"JXBID":null,"SKBJ":null,"TYXMDM":null,"KCH":"40150123006"},{"KKDWDM":null,"XS":null,"BYBZ":"1","JSJC":5,"XXXQDM":null,"KXH":null,"KSJC":3,"XKZRS":null,"SKZC":"011111111100000000000000000000","SKJS":"谢群","ISTK":0,"ZCMC":"2-10周","YPSJDD":null,"XF":null,"SKXQ":3,"XNXQDM":"2024-2025-2","KCM":"名剧民品","JASDM":"0301020204","JXLDM":null,"JXBID":null,"SKBJ":null,"TYXMDM":null,"KCH":"40200123006"},{"KKDWDM":null,"XS":null,"BYBZ":"1","JSJC":13,"XXXQDM":null,"KXH":null,"KSJC":11,"XKZRS":null,"SKZC":"111111000000000000000000000000","SKJS":"杨尚悦","ISTK":0,"ZCMC":"1-6周","YPSJDD":null,"XF":null,"SKXQ":2,"XNXQDM":"2024-2025-2","KCM":"信息检索与利用","JASDM":"0301020204","JXLDM":null,"JXBID":null,"SKBJ":null,"TYXMDM":null,"KCH":"40590423001"},{"KKDWDM":null,"XS":null,"BYBZ":"1","JSJC":12,"XXXQDM":null,"KXH":null,"KSJC":9,"XKZRS":null,"SKZC":"011111111100000000000000000000","SKJS":"陈立家","ISTK":0,"ZCMC":"2-10周","YPSJDD":null,"XF":null,"SKXQ":7,"XNXQDM":"2024-2025-2","KCM":"现代海事监控技术","JASDM":"0301020204","JXLDM":null,"JXBID":null,"SKBJ":null,"TYXMDM":null,"KCH":"50140323036"},{"KKDWDM":null,"XS":null,"BYBZ":"1","JSJC":5,"XXXQDM":null,"KXH":null,"KSJC":3,"XKZRS":null,"SKZC":"000000001111110000000000000000","SKJS":"陈辰","ISTK":0,"ZCMC":"9-14周","YPSJDD":null,"XF":null,"SKXQ":1,"XNXQDM":"2024-2025-2","KCM":"交通环境与安全技术","JASDM":"0301020204","JXLDM":null,"JXBID":null,"SKBJ":null,"TYXMDM":null,"KCH":"50140323038"},{"KKDWDM":null,"XS":null,"BYBZ":"1","JSJC":8,"XXXQDM":null,"KXH":null,"KSJC":6,"XKZRS":null,"SKZC":"000000001111110000000000000000","SKJS":"陈辰","ISTK":0,"ZCMC":"9-14周","YPSJDD":null,"XF":null,"SKXQ":5,"XNXQDM":"2024-2025-2","KCM":"交通环境与安全技术","JASDM":"0301020204","JXLDM":null,"JXBID":null,"SKBJ":null,"TYXMDM":null,"KCH":"50140323038"},{"KKDWDM":null,"XS":null,"BYBZ":"1","JSJC":5,"XXXQDM":null,"KXH":null,"KSJC":3,"XKZRS":null,"SKZC":"111111111111000000000000000000","SKJS":"赵尚睿","ISTK":0,"ZCMC":"1-12周","YPSJDD":null,"XF":null,"SKXQ":4,"XNXQDM":"2024-2025-2","KCM":"数值计算","JASDM":"0301020204","JXLDM":null,"JXBID":null,"SKBJ":null,"TYXMDM":null,"KCH":"50150123005"},{"KKDWDM":null,"XS":null,"BYBZ":"1","JSJC":13,"XXXQDM":null,"KXH":null,"KSJC":11,"XKZRS":null,"SKZC":"111111111111000000000000000000","SKJS":"毛树华","ISTK":0,"ZCMC":"1-12周","YPSJDD":null,"XF":null,"SKXQ":3,"XNXQDM":"2024-2025-2","KCM":"数学建模","JASDM":"0301020204","JXLDM":null,"JXBID":null,"SKBJ":null,"TYXMDM":null,"KCH":"50150123006"},{"KKDWDM":null,"XS":null,"BYBZ":"1","JSJC":13,"XXXQDM":null,"KXH":null,"KSJC":11,"XKZRS":null,"SKZC":"111111111111000000000000000000","SKJS":"吴永红","ISTK":0,"ZCMC":"1-12周","YPSJDD":null,"XF":null,"SKXQ":4,"XNXQDM":"2024-2025-2","KCM":"数学建模","JASDM":"0301020204","JXLDM":null,"JXBID":null,"SKBJ":null,"TYXMDM":null,"KCH":"50150123006"},{"KKDWDM":null,"XS":null,"BYBZ":"1","JSJC":13,"XXXQDM":null,"KXH":null,"KSJC":11,"XKZRS":null,"SKZC":"111111111111000000000000000000","SKJS":"吴永红","ISTK":0,"ZCMC":"1-12周","YPSJDD":null,"XF":null,"SKXQ":5,"XNXQDM":"2024-2025-2","KCM":"数学建模","JASDM":"0301020204","JXLDM":null,"JXBID":null,"SKBJ":null,"TYXMDM":null,"KCH":"50150123006"},{"KKDWDM":null,"XS":null,"BYBZ":"1","JSJC":5,"XXXQDM":null,"KXH":null,"KSJC":3,"XKZRS":null,"SKZC":"111111110000000000000000000000","SKJS":"王祝福","ISTK":0,"ZCMC":"1-8周","YPSJDD":null,"XF":null,"SKXQ":2,"XNXQDM":"2024-2025-2","KCM":"新时代中国特色社会主义理论与实践","JASDM":"0301020204","JXLDM":null,"JXBID":null,"SKBJ":null,"TYXMDM":null,"KCH":"50210123001"},{"KKDWDM":null,"XS":null,"BYBZ":"1","JSJC":8,"XXXQDM":null,"KXH":null,"KSJC":6,"XKZRS":null,"SKZC":"111111110000000000000000000000","SKJS":"王祝福","ISTK":0,"ZCMC":"1-8周","YPSJDD":null,"XF":null,"SKXQ":5,"XNXQDM":"2024-2025-2","KCM":"新时代中国特色社会主义理论与实践","JASDM":"0301020204","JXLDM":null,"JXBID":null,"SKBJ":null,"TYXMDM":null,"KCH":"50210123001"},{"KKDWDM":null,"XS":null,"BYBZ":"1","JSJC":5,"XXXQDM":null,"KXH":null,"KSJC":3,"XKZRS":null,"SKZC":"111111111111000000000000000000","SKJS":"杨雅君","ISTK":0,"ZCMC":"1-12周","YPSJDD":null,"XF":null,"SKXQ":6,"XNXQDM":"2024-2025-2","KCM":"第二外国语（德）","JASDM":"0301020204","JXLDM":null,"JXBID":null,"SKBJ":null,"TYXMDM":null,"KCH":"60200523003"},{"KKDWDM":null,"XS":null,"BYBZ":"1","JSJC":5,"XXXQDM":null,"KXH":null,"KSJC":3,"XKZRS":null,"SKZC":"111111111111000000000000000000","SKJS":"杨雅君","ISTK":0,"ZCMC":"1-12周","YPSJDD":null,"XF":null,"SKXQ":7,"XNXQDM":"2024-2025-2","KCM":"第二外国语（德）","JASDM":"0301020204","JXLDM":null,"JXBID":null,"SKBJ":null,"TYXMDM":null,"KCH":"60200523003"}]}},"code":"0"}