{"datas":{"jaskcb":{"extParams":{"code":1,"msg":"查询成功"},"pageSize":0,"pageNumber":0,"totalSize":-1,"rows":[{"KKDWDM":"006","XS":48,"BYBZ":"0","JSJC":5,"XXXQDM":"03","KXH":"01","KSJC":3,"XKZRS":69,"SKZC":"1111111111111111","SKJS":"唐若笠","ISTK":0,"ZCMC":"1-16周","YPSJDD":"1-16周 星期二 第3节-第5节 余区北-教学大楼-322","XF":3,"SKXQ":2,"XNXQDM":"2024-2025-2","KCM":"轮机自动化B","JASDM":"0301020322","JXLDM":"030102","JXBID":"20242-02069","SKBJ":"轮机zy2201-02","TYXMDM":null,"KCH":"10065117033"},{"KKDWDM":"005","XS":72,"BYBZ":"0","JSJC":2,"XXXQDM":"03","KXH":"01","KSJC":1,"XKZRS":31,"SKZC":"111111111100000000000000000000","SKJS":"万高,陈志方","ISTK":0,"ZCMC":"1-10周","YPSJDD":"1-14周 星期三 第6节-第8节 余区北-教学大楼-326,16-17周 星期一 第1节-第2节 余区北-教学大楼-322,1-10周 星期一 第1节-第2节 余区北-教学大楼-322,12-14周 星期一 第1节-第2节 余区北-教学大楼-322","XF":4,"SKXQ":1,"XNXQDM":"2024-2025-2","KCM":"液压控制系统A","JASDM":"0301020322","JXLDM":"030102","JXBID":"20242-02973","SKBJ":"机设2206","TYXMDM":null,"KCH":"10055117024"},{"KKDWDM":"006","XS":32,"BYBZ":"0","JSJC":5,"XXXQDM":"03","KXH":"01","KSJC":3,"XKZRS":51,"SKZC":"111111111100000000000000","SKJS":"谌伟,雷继超","ISTK":0,"ZCMC":"1-10周","YPSJDD":"12周 星期一 第3节-第4节 余区北-教学大楼-322,1-10周 星期一 第3节-第5节 余区北-教学大楼-322","XF":2,"SKXQ":1,"XNXQDM":"2024-2025-2","KCM":"港口海岸水工建筑物","JASDM":"0301020322","JXLDM":"030102","JXBID":"20242-02602","SKBJ":"港航2201-02","TYXMDM":null,"KCH":"10064113039"},{"KKDWDM":"006","XS":32,"BYBZ":"0","JSJC":5,"XXXQDM":"03","KXH":"01","KSJC":3,"XKZRS":38,"SKZC":"111111111010000000000000","SKJS":"孙亮,汪利先","ISTK":0,"ZCMC":"1-9周,11周","YPSJDD":"12周 星期四 第3节-第4节 余区北-教学大楼-322,1-9周,11周 星期四 第3节-第5节 余区北-教学大楼-322","XF":2,"SKXQ":4,"XNXQDM":"2024-2025-2","KCM":"海洋可再生能源开发技术","JASDM":"0301020322","JXLDM":"030102","JXBID":"20242-03510","SKBJ":"港航2201-02","TYXMDM":null,"KCH":"10065117003"},{"KKDWDM":"006","XS":32,"BYBZ":"0","JSJC":2,"XXXQDM":"03","KXH":"02","KSJC":1,"XKZRS":46,"SKZC":"111111110000000000000000000000","SKJS":"周永清,茅云生","ISTK":0,"ZCMC":"1-8周","YPSJDD":"1-7周 星期四 第1节-第2节 余区北-教学大楼-322,1-8周 星期二 第1节-第2节 余区北-教学大楼-322","XF":2,"SKXQ":2,"XNXQDM":"2024-2025-2","KCM":"造船机械设备与自动化","JASDM":"0301020322","JXLDM":"030102","JXBID":"20242-12421","SKBJ":"船海zy2201,船舶xs2201","TYXMDM":null,"KCH":"10065113012"},{"KKDWDM":"006","XS":32,"BYBZ":"0","JSJC":5,"XXXQDM":"03","KXH":"01","KSJC":3,"XKZRS":34,"SKZC":"111111110000000000000000","SKJS":"刘爱华,范世东","ISTK":0,"ZCMC":"1-8周","YPSJDD":"9周 星期三 第3节-第4节 余区北-教学大楼-322,1-8周 星期三 第3节-第5节 余区北-教学大楼-322","XF":2,"SKXQ":3,"XNXQDM":"2024-2025-2","KCM":"轮机维护与修理","JASDM":"0301020322","JXLDM":"030102","JXBID":"20242-03163","SKBJ":"轮机zy2201-02","TYXMDM":null,"KCH":"4150062110"},{"KKDWDM":"006","XS":32,"BYBZ":"0","JSJC":12,"XXXQDM":"03","KXH":"01","KSJC":11,"XKZRS":61,"SKZC":"11111111","SKJS":"王强","ISTK":0,"ZCMC":"1-8周","YPSJDD":"1-8周 星期二 第11节-第12节 余区北-教学大楼-322,1-8周 星期四 第11节-第12节 余区北-教学大楼-322","XF":2,"SKXQ":2,"XNXQDM":"2024-2025-2","KCM":"船舶核动力装置(GX)","JASDM":"0301020322","JXLDM":"030102","JXBID":"20242-07320","SKBJ":"公选-07320","TYXMDM":null,"KCH":"10062124169"},{"KKDWDM":"006","XS":32,"BYBZ":"0","JSJC":2,"XXXQDM":"03","KXH":"01","KSJC":1,"XKZRS":60,"SKZC":"11111111","SKJS":"黄海","ISTK":0,"ZCMC":"1-8周","YPSJDD":"1-8周 星期三 第1节-第2节 余区北-教学大楼-322","XF":2,"SKXQ":3,"XNXQDM":"2024-2025-2","KCM":"船舶管理B","JASDM":"0301020322","JXLDM":"030102","JXBID":"20242-02555","SKBJ":"轮机zy2201-02","TYXMDM":null,"KCH":"10065121020"},{"KKDWDM":"006","XS":24,"BYBZ":"0","JSJC":8,"XXXQDM":"03","KXH":"01","KSJC":6,"XKZRS":12,"SKZC":"11111111","SKJS":"刘宏斌","ISTK":0,"ZCMC":"1-8周","YPSJDD":"1-8周 星期二 第6节-第8节 余区北-教学大楼-322","XF":1,"SKXQ":2,"XNXQDM":"2024-2025-2","KCM":"轮机工程英语会话","JASDM":"0301020322","JXLDM":"030102","JXBID":"20242-03775","SKBJ":"轮机zy2201-02","TYXMDM":null,"KCH":"4150058110"},{"KKDWDM":"006","XS":32,"BYBZ":"0","JSJC":12,"XXXQDM":"03","KXH":"01","KSJC":11,"XKZRS":61,"SKZC":"11111111","SKJS":"王强","ISTK":0,"ZCMC":"1-8周","YPSJDD":"1-8周 星期二 第11节-第12节 余区北-教学大楼-322,1-8周 星期四 第11节-第12节 余区北-教学大楼-322","XF":2,"SKXQ":4,"XNXQDM":"2024-2025-2","KCM":"船舶核动力装置(GX)","JASDM":"0301020322","JXLDM":"030102","JXBID":"20242-07320","SKBJ":"公选-07320","TYXMDM":null,"KCH":"10062124169"},{"KKDWDM":"005","XS":32,"BYBZ":"0","JSJC":10,"XXXQDM":"03","KXH":"01","KSJC":9,"XKZRS":36,"SKZC":"11111111","SKJS":"杨艳芳","ISTK":0,"ZCMC":"1-8周","YPSJDD":"1-8周 星期一 第9节-第10节 余区北-教学大楼-322,1-8周 星期三 第9节-第10节 余区北-教学大楼-322","XF":2,"SKXQ":3,"XNXQDM":"2024-2025-2","KCM":"虚拟现实技术及应用","JASDM":"0301020322","JXLDM":"030102","JXBID":"20242-02588","SKBJ":"物流zy2201-02","TYXMDM":null,"KCH":"10055121056"},{"KKDWDM":"005","XS":32,"BYBZ":"0","JSJC":10,"XXXQDM":"03","KXH":"01","KSJC":9,"XKZRS":36,"SKZC":"11111111","SKJS":"杨艳芳","ISTK":0,"ZCMC":"1-8周","YPSJDD":"1-8周 星期一 第9节-第10节 余区北-教学大楼-322,1-8周 星期三 第9节-第10节 余区北-教学大楼-322","XF":2,"SKXQ":1,"XNXQDM":"2024-2025-2","KCM":"虚拟现实技术及应用","JASDM":"0301020322","JXLDM":"030102","JXBID":"20242-02588","SKBJ":"物流zy2201-02","TYXMDM":null,"KCH":"10055121056"},{"KKDWDM":"006","XS":32,"BYBZ":"0","JSJC":2,"XXXQDM":"03","KXH":"02","KSJC":1,"XKZRS":46,"SKZC":"111111100000000000000000000000","SKJS":"周永清,茅云生","ISTK":0,"ZCMC":"1-7周","YPSJDD":"1-7周 星期四 第1节-第2节 余区北-教学大楼-322,1-8周 星期二 第1节-第2节 余区北-教学大楼-322","XF":2,"SKXQ":4,"XNXQDM":"2024-2025-2","KCM":"造船机械设备与自动化","JASDM":"0301020322","JXLDM":"030102","JXBID":"20242-12421","SKBJ":"船海zy2201,船舶xs2201","TYXMDM":null,"KCH":"10065113012"},{"KKDWDM":"006","XS":32,"BYBZ":"0","JSJC":5,"XXXQDM":"03","KXH":"01","KSJC":3,"XKZRS":10,"SKZC":"111110000000000000000000000000","SKJS":"郭蕴华","ISTK":0,"ZCMC":"1-5周","YPSJDD":"9周 星期日 第3节-第5节 余区北-教学大楼-322,7-8周 星期五 第3节-第5节 余区北-教学大楼-322,1-5周 星期五 第3节-第5节 余区北-教学大楼-322","XF":2,"SKXQ":5,"XNXQDM":"2024-2025-2","KCM":"工程计算基础","JASDM":"0301020322","JXLDM":"030102","JXBID":"20242-03281","SKBJ":"能动zy2201","TYXMDM":null,"KCH":"10066117177"},{"KKDWDM":"022","XS":24,"BYBZ":"0","JSJC":8,"XXXQDM":"03","KXH":"02","KSJC":6,"XKZRS":30,"SKZC":"111110000000000000000000000000","SKJS":"高筱卉","ISTK":0,"ZCMC":"1-5周","YPSJDD":"1-5周 星期六 第6节-第8节 余区北-教学大楼-322,7-9周 星期六 第6节-第8节 余区北-教学大楼-322","XF":1,"SKXQ":6,"XNXQDM":"2024-2025-2","KCM":"英美名校名人风采(GX)","JASDM":"0301020322","JXLDM":"030102","JXBID":"20242-11601","SKBJ":"公选-11601","TYXMDM":null,"KCH":"10222121245"},{"KKDWDM":"022","XS":24,"BYBZ":"0","JSJC":13,"XXXQDM":"03","KXH":"02","KSJC":11,"XKZRS":38,"SKZC":"111110000000000000000000000000","SKJS":"高筱卉","ISTK":0,"ZCMC":"1-5周","YPSJDD":"1-5周 星期六 第11节-第13节 余区北-教学大楼-322,7-9周 星期六 第11节-第13节 余区北-教学大楼-322","XF":1,"SKXQ":6,"XNXQDM":"2024-2025-2","KCM":"中外名校与名人(GX)","JASDM":"0301020322","JXLDM":"030102","JXBID":"20242-11602","SKBJ":"公选-11602","TYXMDM":null,"KCH":"10222121285"},{"KKDWDM":"032","XS":24,"BYBZ":"0","JSJC":5,"XXXQDM":"03","KXH":"01","KSJC":3,"XKZRS":16,"SKZC":"111100000000000000000000","SKJS":"曾青松,蔡薇","ISTK":0,"ZCMC":"1-4周","YPSJDD":"5周 星期日 第3节-第4节 余区北-教学大楼-322,1-4周 星期日 第3节-第5节 余区北-教学大楼-322","XF":1,"SKXQ":7,"XNXQDM":"2024-2025-2","KCM":"船艇舒适度体验及提升(JD)","JASDM":"0301020322","JXLDM":"030102","JXBID":"20242-08953","SKBJ":"公选-08953","TYXMDM":null,"KCH":"10326121021"},{"KKDWDM":"032","XS":24,"BYBZ":"0","JSJC":4,"XXXQDM":"03","KXH":"01","KSJC":3,"XKZRS":16,"SKZC":"000010000000000000000000","SKJS":"曾青松,蔡薇","ISTK":0,"ZCMC":"5周","YPSJDD":"5周 星期日 第3节-第4节 余区北-教学大楼-322,1-4周 星期日 第3节-第5节 余区北-教学大楼-322","XF":1,"SKXQ":7,"XNXQDM":"2024-2025-2","KCM":"船艇舒适度体验及提升(JD)","JASDM":"0301020322","JXLDM":"030102","JXBID":"20242-08953","SKBJ":"公选-08953","TYXMDM":null,"KCH":"10326121021"},{"KKDWDM":"022","XS":24,"BYBZ":"0","JSJC":13,"XXXQDM":"03","KXH":"02","KSJC":11,"XKZRS":38,"SKZC":"000000111000000000000000000000","SKJS":"高筱卉","ISTK":0,"ZCMC":"7-9周","YPSJDD":"1-5周 星期六 第11节-第13节 余区北-教学大楼-322,7-9周 星期六 第11节-第13节 余区北-教学大楼-322","XF":1,"SKXQ":6,"XNXQDM":"2024-2025-2","KCM":"中外名校与名人(GX)","JASDM":"0301020322","JXLDM":"030102","JXBID":"20242-11602","SKBJ":"公选-11602","TYXMDM":null,"KCH":"10222121285"},{"KKDWDM":"022","XS":24,"BYBZ":"0","JSJC":8,"XXXQDM":"03","KXH":"02","KSJC":6,"XKZRS":30,"SKZC":"000000111000000000000000000000","SKJS":"高筱卉","ISTK":0,"ZCMC":"7-9周","YPSJDD":"1-5周 星期六 第6节-第8节 余区北-教学大楼-322,7-9周 星期六 第6节-第8节 余区北-教学大楼-322","XF":1,"SKXQ":6,"XNXQDM":"2024-2025-2","KCM":"英美名校名人风采(GX)","JASDM":"0301020322","JXLDM":"030102","JXBID":"20242-11601","SKBJ":"公选-11601","TYXMDM":null,"KCH":"10222121245"},{"KKDWDM":"006","XS":32,"BYBZ":"0","JSJC":5,"XXXQDM":"03","KXH":"01","KSJC":3,"XKZRS":10,"SKZC":"000000110000000000000000000000","SKJS":"郭蕴华","ISTK":0,"ZCMC":"7-8周","YPSJDD":"9周 星期日 第3节-第5节 余区北-教学大楼-322,7-8周 星期五 第3节-第5节 余区北-教学大楼-322,1-5周 星期五 第3节-第5节 余区北-教学大楼-322","XF":2,"SKXQ":5,"XNXQDM":"2024-2025-2","KCM":"工程计算基础","JASDM":"0301020322","JXLDM":"030102","JXBID":"20242-03281","SKBJ":"能动zy2201","TYXMDM":null,"KCH":"10066117177"},{"KKDWDM":"006","XS":32,"BYBZ":"0","JSJC":7,"XXXQDM":"03","KXH":"01","KSJC":6,"XKZRS":24,"SKZC":"000000001111111100000000000000","SKJS":"陈明胜","ISTK":0,"ZCMC":"9-16周","YPSJDD":"9-16周 星期三 第6节-第7节 余区北-教学大楼-322,11-16周 星期五 第1节-第2节 余区北-教学大楼-322,9周 星期五 第1节-第2节 余区北-教学大楼-322,17周 星期三 第1节-第2节 余区北-教学大楼-322","XF":2,"SKXQ":3,"XNXQDM":"2024-2025-2","KCM":"近海与海洋工程","JASDM":"0301020322","JXLDM":"030102","JXBID":"20242-02459","SKBJ":"港航2201-02","TYXMDM":null,"KCH":"10065113015"},{"KKDWDM":"006","XS":16,"BYBZ":"0","JSJC":13,"XXXQDM":"03","KXH":"01","KSJC":11,"XKZRS":56,"SKZC":"000000001111000000000000","SKJS":"丁江明,冯辉,甘进,龚杰","ISTK":0,"ZCMC":"9-12周","YPSJDD":"13-14周 星期三 第11节-第12节 余区北-教学大楼-322,9-12周 星期三 第11节-第13节 余区北-教学大楼-322","XF":1,"SKXQ":3,"XNXQDM":"2024-2025-2","KCM":"船海学科科创竞赛指导与实践(JD)","JASDM":"0301020322","JXLDM":"030102","JXBID":"20242-07356","SKBJ":"公选-07356","TYXMDM":null,"KCH":"10066121148"},{"KKDWDM":"006","XS":32,"BYBZ":"0","JSJC":2,"XXXQDM":"03","KXH":"01","KSJC":1,"XKZRS":24,"SKZC":"000000001000000000000000000000","SKJS":"陈明胜","ISTK":0,"ZCMC":"9周","YPSJDD":"9-16周 星期三 第6节-第7节 余区北-教学大楼-322,11-16周 星期五 第1节-第2节 余区北-教学大楼-322,9周 星期五 第1节-第2节 余区北-教学大楼-322,17周 星期三 第1节-第2节 余区北-教学大楼-322","XF":2,"SKXQ":5,"XNXQDM":"2024-2025-2","KCM":"近海与海洋工程","JASDM":"0301020322","JXLDM":"030102","JXBID":"20242-02459","SKBJ":"港航2201-02","TYXMDM":null,"KCH":"10065113015"},{"KKDWDM":"006","XS":32,"BYBZ":"0","JSJC":5,"XXXQDM":"03","KXH":"01","KSJC":3,"XKZRS":10,"SKZC":"000000001000000000000000000000","SKJS":"郭蕴华","ISTK":0,"ZCMC":"9周","YPSJDD":"9周 星期日 第3节-第5节 余区北-教学大楼-322,7-8周 星期五 第3节-第5节 余区北-教学大楼-322,1-5周 星期五 第3节-第5节 余区北-教学大楼-322","XF":2,"SKXQ":7,"XNXQDM":"2024-2025-2","KCM":"工程计算基础","JASDM":"0301020322","JXLDM":"030102","JXBID":"20242-03281","SKBJ":"能动zy2201","TYXMDM":null,"KCH":"10066117177"},{"KKDWDM":"006","XS":32,"BYBZ":"0","JSJC":4,"XXXQDM":"03","KXH":"01","KSJC":3,"XKZRS":34,"SKZC":"000000001000000000000000","SKJS":"刘爱华,范世东","ISTK":0,"ZCMC":"9周","YPSJDD":"9周 星期三 第3节-第4节 余区北-教学大楼-322,1-8周 星期三 第3节-第5节 余区北-教学大楼-322","XF":2,"SKXQ":3,"XNXQDM":"2024-2025-2","KCM":"轮机维护与修理","JASDM":"0301020322","JXLDM":"030102","JXBID":"20242-03163","SKBJ":"轮机zy2201-02","TYXMDM":null,"KCH":"4150062110"},{"KKDWDM":"006","XS":32,"BYBZ":"0","JSJC":2,"XXXQDM":"03","KXH":"01","KSJC":1,"XKZRS":24,"SKZC":"000000000011111100000000000000","SKJS":"陈明胜","ISTK":0,"ZCMC":"11-16周","YPSJDD":"9-16周 星期三 第6节-第7节 余区北-教学大楼-322,11-16周 星期五 第1节-第2节 余区北-教学大楼-322,9周 星期五 第1节-第2节 余区北-教学大楼-322,17周 星期三 第1节-第2节 余区北-教学大楼-322","XF":2,"SKXQ":5,"XNXQDM":"2024-2025-2","KCM":"近海与海洋工程","JASDM":"0301020322","JXLDM":"030102","JXBID":"20242-02459","SKBJ":"港航2201-02","TYXMDM":null,"KCH":"10065113015"},{"KKDWDM":"005","XS":72,"BYBZ":"0","JSJC":2,"XXXQDM":"03","KXH":"01","KSJC":1,"XKZRS":31,"SKZC":"000000000001110000000000000000","SKJS":"万高,陈志方","ISTK":0,"ZCMC":"12-14周","YPSJDD":"1-14周 星期三 第6节-第8节 余区北-教学大楼-326,16-17周 星期一 第1节-第2节 余区北-教学大楼-322,1-10周 星期一 第1节-第2节 余区北-教学大楼-322,12-14周 星期一 第1节-第2节 余区北-教学大楼-322","XF":4,"SKXQ":1,"XNXQDM":"2024-2025-2","KCM":"液压控制系统A","JASDM":"0301020322","JXLDM":"030102","JXBID":"20242-02973","SKBJ":"机设2206","TYXMDM":null,"KCH":"10055117024"},{"KKDWDM":"006","XS":32,"BYBZ":"0","JSJC":4,"XXXQDM":"03","KXH":"01","KSJC":3,"XKZRS":38,"SKZC":"000000000001000000000000","SKJS":"孙亮,汪利先","ISTK":0,"ZCMC":"12周","YPSJDD":"12周 星期四 第3节-第4节 余区北-教学大楼-322,1-9周,11周 星期四 第3节-第5节 余区北-教学大楼-322","XF":2,"SKXQ":4,"XNXQDM":"2024-2025-2","KCM":"海洋可再生能源开发技术","JASDM":"0301020322","JXLDM":"030102","JXBID":"20242-03510","SKBJ":"港航2201-02","TYXMDM":null,"KCH":"10065117003"},{"KKDWDM":"006","XS":32,"BYBZ":"0","JSJC":4,"XXXQDM":"03","KXH":"01","KSJC":3,"XKZRS":51,"SKZC":"000000000001000000000000","SKJS":"谌伟,雷继超","ISTK":0,"ZCMC":"12周","YPSJDD":"12周 星期一 第3节-第4节 余区北-教学大楼-322,1-10周 星期一 第3节-第5节 余区北-教学大楼-322","XF":2,"SKXQ":1,"XNXQDM":"2024-2025-2","KCM":"港口海岸水工建筑物","JASDM":"0301020322","JXLDM":"030102","JXBID":"20242-02602","SKBJ":"港航2201-02","TYXMDM":null,"KCH":"10064113039"},{"KKDWDM":"006","XS":16,"BYBZ":"0","JSJC":12,"XXXQDM":"03","KXH":"01","KSJC":11,"XKZRS":56,"SKZC":"000000000000110000000000","SKJS":"丁江明,冯辉,甘进,龚杰","ISTK":0,"ZCMC":"13-14周","YPSJDD":"13-14周 星期三 第11节-第12节 余区北-教学大楼-322,9-12周 星期三 第11节-第13节 余区北-教学大楼-322","XF":1,"SKXQ":3,"XNXQDM":"2024-2025-2","KCM":"船海学科科创竞赛指导与实践(JD)","JASDM":"0301020322","JXLDM":"030102","JXBID":"20242-07356","SKBJ":"公选-07356","TYXMDM":null,"KCH":"10066121148"},{"KKDWDM":"005","XS":72,"BYBZ":"0","JSJC":2,"XXXQDM":"03","KXH":"01","KSJC":1,"XKZRS":31,"SKZC":"000000000000000110000000000000","SKJS":"万高,陈志方","ISTK":0,"ZCMC":"16-17周","YPSJDD":"1-14周 星期三 第6节-第8节 余区北-教学大楼-326,16-17周 星期一 第1节-第2节 余区北-教学大楼-322,1-10周 星期一 第1节-第2节 余区北-教学大楼-322,12-14周 星期一 第1节-第2节 余区北-教学大楼-322","XF":4,"SKXQ":1,"XNXQDM":"2024-2025-2","KCM":"液压控制系统A","JASDM":"0301020322","JXLDM":"030102","JXBID":"20242-02973","SKBJ":"机设2206","TYXMDM":null,"KCH":"10055117024"},{"KKDWDM":"006","XS":32,"BYBZ":"0","JSJC":2,"XXXQDM":"03","KXH":"01","KSJC":1,"XKZRS":24,"SKZC":"000000000000000010000000000000","SKJS":"陈明胜","ISTK":0,"ZCMC":"17周","YPSJDD":"9-16周 星期三 第6节-第7节 余区北-教学大楼-322,11-16周 星期五 第1节-第2节 余区北-教学大楼-322,9周 星期五 第1节-第2节 余区北-教学大楼-322,17周 星期三 第1节-第2节 余区北-教学大楼-322","XF":2,"SKXQ":3,"XNXQDM":"2024-2025-2","KCM":"近海与海洋工程","JASDM":"0301020322","JXLDM":"030102","JXBID":"20242-02459","SKBJ":"港航2201-02","TYXMDM":null,"KCH":"10065113015"}]}},"code":"0"}