{"datas":{"jaskcb":{"extParams":{"code":1,"msg":"查询成功"},"pageSize":0,"pageNumber":0,"totalSize":-1,"rows":[{"KKDWDM":"006","XS":32,"BYBZ":"0","JSJC":8,"XXXQDM":"03","KXH":"01","KSJC":6,"XKZRS":109,"SKZC":"111111111100000000000000","SKJS":"孙玉伟","ISTK":0,"ZCMC":"1-10周","YPSJDD":"12周 星期一 第6节-第7节 余区北-教学大楼-304,1-10周 星期一 第6节-第8节 余区北-教学大楼-304","XF":2,"SKXQ":1,"XNXQDM":"2024-2025-2","KCM":"船舶电站自动控制系统与管理","JASDM":"0301020304","JXLDM":"030102","JXBID":"20242-02406","SKBJ":"轮机2201-07,轮机zy2201-02","TYXMDM":null,"KCH":"4150013110"},{"KKDWDM":"044","XS":32,"BYBZ":"0","JSJC":13,"XXXQDM":"03","KXH":"02","KSJC":11,"XKZRS":140,"SKZC":"111111111100000000000000","SKJS":"王洋","ISTK":0,"ZCMC":"1-10周","YPSJDD":"11周 星期三 第11节-第12节 余区北-教学大楼-304,1-10周 星期三 第11节-第13节 余区北-教学大楼-304","XF":2,"SKXQ":3,"XNXQDM":"2024-2025-2","KCM":"交响音乐赏析(GX)","JASDM":"0301020304","JXLDM":"030102","JXBID":"20242-11285","SKBJ":"公选-11285","TYXMDM":null,"KCH":"10442121069"},{"KKDWDM":"005","XS":32,"BYBZ":"0","JSJC":5,"XXXQDM":"03","KXH":"02","KSJC":3,"XKZRS":53,"SKZC":"111111111010000000000000","SKJS":"王强","ISTK":0,"ZCMC":"1-9周,11周","YPSJDD":"12周 星期四 第3节-第4节 余区北-教学大楼-304,1-9周,11周 星期四 第3节-第5节 余区北-教学大楼-304","XF":2,"SKXQ":4,"XNXQDM":"2024-2025-2","KCM":"计算机控制系统","JASDM":"0301020304","JXLDM":"030102","JXBID":"20242-03431","SKBJ":"物流2201-02","TYXMDM":null,"KCH":"10054121132"},{"KKDWDM":"006","XS":32,"BYBZ":"0","JSJC":4,"XXXQDM":"03","KXH":"02","KSJC":3,"XKZRS":89,"SKZC":"111111110000000000000000000000","SKJS":"胡勇","ISTK":0,"ZCMC":"1-8周","YPSJDD":"7-8周 星期五 第3节-第4节 余区北-教学大楼-304,9周 星期日 第3节-第4节 余区北-教学大楼-304,1-5周 星期五 第3节-第4节 余区北-教学大楼-304,1-8周 星期三 第3节-第4节 余区北-教学大楼-304","XF":2,"SKXQ":3,"XNXQDM":"2024-2025-2","KCM":"船舶结构材料与焊接","JASDM":"0301020304","JXLDM":"030102","JXBID":"20242-02964","SKBJ":"船海2201-04,船海zy2201,船舶xs2201","TYXMDM":null,"KCH":"10065117014"},{"KKDWDM":"006","XS":24,"BYBZ":"0","JSJC":2,"XXXQDM":"03","KXH":"02","KSJC":1,"XKZRS":81,"SKZC":"111111","SKJS":"姚玉南","ISTK":0,"ZCMC":"1-6周","YPSJDD":"1-6周 星期二 第1节-第2节 余区北-教学大楼-304","XF":1,"SKXQ":2,"XNXQDM":"2024-2025-2","KCM":"船舶计算机管理","JASDM":"0301020304","JXLDM":"030102","JXBID":"20242-06959","SKBJ":"轮机2201-04","TYXMDM":null,"KCH":"4150027110"},{"KKDWDM":"005","XS":32,"BYBZ":"0","JSJC":5,"XXXQDM":"03","KXH":"01","KSJC":3,"XKZRS":106,"SKZC":"111110000000000000000000000000","SKJS":"肖祥","ISTK":0,"ZCMC":"1-5周","YPSJDD":"11周 星期日 第3节-第5节 余区北-教学大楼-304,1-5周 星期日 第3节-第5节 余区北-教学大楼-304,7-8周 星期日 第3节-第5节 余区北-教学大楼-304","XF":2,"SKXQ":7,"XNXQDM":"2024-2025-2","KCM":"科技创新实践活动方法及案例","JASDM":"0301020304","JXLDM":"030102","JXBID":"20242-07258","SKBJ":"公选-07258","TYXMDM":null,"KCH":"10056113045"},{"KKDWDM":"006","XS":32,"BYBZ":"0","JSJC":4,"XXXQDM":"03","KXH":"02","KSJC":3,"XKZRS":89,"SKZC":"111110000000000000000000000000","SKJS":"胡勇","ISTK":0,"ZCMC":"1-5周","YPSJDD":"7-8周 星期五 第3节-第4节 余区北-教学大楼-304,9周 星期日 第3节-第4节 余区北-教学大楼-304,1-5周 星期五 第3节-第4节 余区北-教学大楼-304,1-8周 星期三 第3节-第4节 余区北-教学大楼-304","XF":2,"SKXQ":5,"XNXQDM":"2024-2025-2","KCM":"船舶结构材料与焊接","JASDM":"0301020304","JXLDM":"030102","JXBID":"20242-02964","SKBJ":"船海2201-04,船海zy2201,船舶xs2201","TYXMDM":null,"KCH":"10065117014"},{"KKDWDM":"006","XS":32,"BYBZ":"0","JSJC":5,"XXXQDM":"03","KXH":"01","KSJC":3,"XKZRS":114,"SKZC":"111100000000000000000000","SKJS":"刘维勤","ISTK":0,"ZCMC":"1-4周","YPSJDD":"5-7周(单) 星期六 第3节-第4节 余区北-教学大楼-304,1-4周 星期六 第3节-第5节 余区北-教学大楼-304","XF":2,"SKXQ":6,"XNXQDM":"2024-2025-2","KCM":"交通工具的三维建模仿真技术(JD)","JASDM":"0301020304","JXLDM":"030102","JXBID":"20242-07293","SKBJ":"公选-07293","TYXMDM":null,"KCH":"10066121133"},{"KKDWDM":"006","XS":32,"BYBZ":"0","JSJC":2,"XXXQDM":"03","KXH":"01","KSJC":1,"XKZRS":null,"SKZC":"110000000000000000000000000000","SKJS":"常海超,汪敏","ISTK":0,"ZCMC":"1-2周","YPSJDD":"1-2周 星期三 第1节-第2节 余区北-教学大楼-304,1-2周 星期五 第1节-第2节 余区北-教学大楼-304","XF":2,"SKXQ":5,"XNXQDM":"2024-2025-2","KCM":"船舶设备与系统","JASDM":"0301020304","JXLDM":"030102","JXBID":"20242-02108","SKBJ":"船海2201-04,船海zy2201,船舶xs2201","TYXMDM":null,"KCH":"10183111003"},{"KKDWDM":"006","XS":32,"BYBZ":"0","JSJC":2,"XXXQDM":"03","KXH":"01","KSJC":1,"XKZRS":null,"SKZC":"110000000000000000000000000000","SKJS":"常海超,汪敏","ISTK":0,"ZCMC":"1-2周","YPSJDD":"1-2周 星期三 第1节-第2节 余区北-教学大楼-304,1-2周 星期五 第1节-第2节 余区北-教学大楼-304","XF":2,"SKXQ":3,"XNXQDM":"2024-2025-2","KCM":"船舶设备与系统","JASDM":"0301020304","JXLDM":"030102","JXBID":"20242-02108","SKBJ":"船海2201-04,船海zy2201,船舶xs2201","TYXMDM":null,"KCH":"10183111003"},{"KKDWDM":"005","XS":32,"BYBZ":"0","JSJC":13,"XXXQDM":"03","KXH":"01","KSJC":11,"XKZRS":25,"SKZC":"001110111011101000000000","SKJS":"肖祥","ISTK":0,"ZCMC":"3-5周,7-9周,11-13周,15周","YPSJDD":"16周 星期六 第11节-第12节 余区北-教学大楼-304,3-5周,7-9周,11-13周,15周 星期六 第11节-第13节 余区北-教学大楼-304","XF":2,"SKXQ":6,"XNXQDM":"2024-2025-2","KCM":"大跨度桥梁B","JASDM":"0301020304","JXLDM":"030102","JXBID":"20242-07197","SKBJ":"公选-07197","TYXMDM":null,"KCH":"10056121295"},{"KKDWDM":"006","XS":32,"BYBZ":"0","JSJC":8,"XXXQDM":"03","KXH":"03","KSJC":6,"XKZRS":35,"SKZC":"000111111111100000000000","SKJS":"商蕾,高海波","ISTK":0,"ZCMC":"4-13周","YPSJDD":"14周 星期三 第6节-第7节 余区北-教学大楼-304,4-13周 星期三 第6节-第8节 余区北-教学大楼-304","XF":2,"SKXQ":3,"XNXQDM":"2024-2025-2","KCM":"船舶与海洋工程概论","JASDM":"0301020304","JXLDM":"030102","JXBID":"20242-03227","SKBJ":"能动2201-04,能动zy2301","TYXMDM":null,"KCH":"10066117171"},{"KKDWDM":"006","XS":32,"BYBZ":"0","JSJC":10,"XXXQDM":"03","KXH":"01","KSJC":9,"XKZRS":96,"SKZC":"000111111110000000000000000000","SKJS":"游伏兵","ISTK":0,"ZCMC":"4-11周","YPSJDD":"9周 星期日 第9节-第10节 余区北-教学大楼-304,4-11周 星期二 第9节-第10节 余区北-教学大楼-304,4-5周,7-9周 星期五 第9节-第10节 余区北-教学大楼-304,11-12周 星期五 第9节-第10节 余区北-教学大楼-304","XF":2,"SKXQ":2,"XNXQDM":"2024-2025-2","KCM":"混合动力系统概论","JASDM":"0301020304","JXLDM":"030102","JXBID":"20242-02541","SKBJ":"能动2203-04,能动zy2201","TYXMDM":null,"KCH":"10065117022"},{"KKDWDM":"006","XS":32,"BYBZ":"0","JSJC":8,"XXXQDM":"03","KXH":"01","KSJC":6,"XKZRS":29,"SKZC":"000111111110000000000000","SKJS":"尚前明","ISTK":0,"ZCMC":"4-11周","YPSJDD":"12-13周 星期二 第6节-第7节 余区北-教学大楼-304,4-11周 星期二 第6节-第8节 余区北-教学大楼-304","XF":2,"SKXQ":2,"XNXQDM":"2024-2025-2","KCM":"轮机自动化A","JASDM":"0301020304","JXLDM":"030102","JXBID":"20242-03462","SKBJ":"能动2201-04","TYXMDM":null,"KCH":"10065117017"},{"KKDWDM":"006","XS":32,"BYBZ":"0","JSJC":10,"XXXQDM":"03","KXH":"02","KSJC":9,"XKZRS":76,"SKZC":"000111111100000000000000000000","SKJS":"叶珺,王志华","ISTK":0,"ZCMC":"4-10周","YPSJDD":"4-10周 星期一 第9节-第10节 余区北-教学大楼-304,12周 星期一 第9节-第10节 余区北-教学大楼-304,4-10周 星期三 第9节-第10节 余区北-教学大楼-304","XF":2,"SKXQ":1,"XNXQDM":"2024-2025-2","KCM":"动力机械振动理论及应用","JASDM":"0301020304","JXLDM":"030102","JXBID":"20242-03924","SKBJ":"能动2201-04,能动zy2201","TYXMDM":null,"KCH":"10065121007"},{"KKDWDM":"006","XS":32,"BYBZ":"0","JSJC":10,"XXXQDM":"03","KXH":"02","KSJC":9,"XKZRS":76,"SKZC":"000111111100000000000000000000","SKJS":"叶珺,王志华","ISTK":0,"ZCMC":"4-10周","YPSJDD":"4-10周 星期一 第9节-第10节 余区北-教学大楼-304,12周 星期一 第9节-第10节 余区北-教学大楼-304,4-10周 星期三 第9节-第10节 余区北-教学大楼-304","XF":2,"SKXQ":3,"XNXQDM":"2024-2025-2","KCM":"动力机械振动理论及应用","JASDM":"0301020304","JXLDM":"030102","JXBID":"20242-03924","SKBJ":"能动2201-04,能动zy2201","TYXMDM":null,"KCH":"10065121007"},{"KKDWDM":"006","XS":32,"BYBZ":"0","JSJC":10,"XXXQDM":"03","KXH":"01","KSJC":9,"XKZRS":96,"SKZC":"000110111000000000000000000000","SKJS":"游伏兵","ISTK":0,"ZCMC":"4-5周,7-9周","YPSJDD":"9周 星期日 第9节-第10节 余区北-教学大楼-304,4-11周 星期二 第9节-第10节 余区北-教学大楼-304,4-5周,7-9周 星期五 第9节-第10节 余区北-教学大楼-304,11-12周 星期五 第9节-第10节 余区北-教学大楼-304","XF":2,"SKXQ":5,"XNXQDM":"2024-2025-2","KCM":"混合动力系统概论","JASDM":"0301020304","JXLDM":"030102","JXBID":"20242-02541","SKBJ":"能动2203-04,能动zy2201","TYXMDM":null,"KCH":"10065117022"},{"KKDWDM":"006","XS":32,"BYBZ":"0","JSJC":4,"XXXQDM":"03","KXH":"01","KSJC":3,"XKZRS":114,"SKZC":"000010100000000000000000","SKJS":"刘维勤","ISTK":0,"ZCMC":"5-7周(单)","YPSJDD":"5-7周(单) 星期六 第3节-第4节 余区北-教学大楼-304,1-4周 星期六 第3节-第5节 余区北-教学大楼-304","XF":2,"SKXQ":6,"XNXQDM":"2024-2025-2","KCM":"交通工具的三维建模仿真技术(JD)","JASDM":"0301020304","JXLDM":"030102","JXBID":"20242-07293","SKBJ":"公选-07293","TYXMDM":null,"KCH":"10066121133"},{"KKDWDM":"006","XS":32,"BYBZ":"0","JSJC":4,"XXXQDM":"03","KXH":"02","KSJC":3,"XKZRS":89,"SKZC":"000000110000000000000000000000","SKJS":"胡勇","ISTK":0,"ZCMC":"7-8周","YPSJDD":"7-8周 星期五 第3节-第4节 余区北-教学大楼-304,9周 星期日 第3节-第4节 余区北-教学大楼-304,1-5周 星期五 第3节-第4节 余区北-教学大楼-304,1-8周 星期三 第3节-第4节 余区北-教学大楼-304","XF":2,"SKXQ":5,"XNXQDM":"2024-2025-2","KCM":"船舶结构材料与焊接","JASDM":"0301020304","JXLDM":"030102","JXBID":"20242-02964","SKBJ":"船海2201-04,船海zy2201,船舶xs2201","TYXMDM":null,"KCH":"10065117014"},{"KKDWDM":"005","XS":32,"BYBZ":"0","JSJC":5,"XXXQDM":"03","KXH":"01","KSJC":3,"XKZRS":106,"SKZC":"000000110000000000000000000000","SKJS":"肖祥","ISTK":0,"ZCMC":"7-8周","YPSJDD":"11周 星期日 第3节-第5节 余区北-教学大楼-304,1-5周 星期日 第3节-第5节 余区北-教学大楼-304,7-8周 星期日 第3节-第5节 余区北-教学大楼-304","XF":2,"SKXQ":7,"XNXQDM":"2024-2025-2","KCM":"科技创新实践活动方法及案例","JASDM":"0301020304","JXLDM":"030102","JXBID":"20242-07258","SKBJ":"公选-07258","TYXMDM":null,"KCH":"10056113045"},{"KKDWDM":"005","XS":32,"BYBZ":"0","JSJC":4,"XXXQDM":"03","KXH":"02","KSJC":3,"XKZRS":28,"SKZC":"000000001111111100000000000000","SKJS":"徐章一","ISTK":0,"ZCMC":"9-16周","YPSJDD":"11-17周 星期四 第1节-第2节 余区北-教学大楼-304,9-16周 星期二 第3节-第4节 余区北-教学大楼-304,9周 星期四 第1节-第2节 余区北-教学大楼-304","XF":2,"SKXQ":2,"XNXQDM":"2024-2025-2","KCM":"质量管理B","JASDM":"0301020304","JXLDM":"030102","JXBID":"20242-05950","SKBJ":"物管2201-03,物管二学位2401","TYXMDM":null,"KCH":"10225111007"},{"KKDWDM":"005","XS":40,"BYBZ":"0","JSJC":2,"XXXQDM":"03","KXH":"05","KSJC":1,"XKZRS":52,"SKZC":"000000001111111100000000000000","SKJS":"曹菁菁,陈国俊","ISTK":0,"ZCMC":"9-16周","YPSJDD":"9周 星期五 第3节-第4节 余区北-教学大楼-304,9-16周 星期三 第1节-第2节 余区北-教学大楼-304,17周 星期三 第3节-第4节 余区北-教学大楼-304,11-16周 星期五 第3节-第4节 余区北-教学大楼-304","XF":2,"SKXQ":3,"XNXQDM":"2024-2025-2","KCM":"物流大数据分析","JASDM":"0301020304","JXLDM":"030102","JXBID":"20242-11413","SKBJ":"物流2201-02,物流zy2201-02","TYXMDM":null,"KCH":"10054121129"},{"KKDWDM":"005","XS":40,"BYBZ":"0","JSJC":4,"XXXQDM":"03","KXH":"01","KSJC":3,"XKZRS":58,"SKZC":"000000001111111100000000000000","SKJS":"曹菁菁,陈国俊","ISTK":0,"ZCMC":"9-16周","YPSJDD":"11-16周 星期五 第1节-第2节 余区北-教学大楼-304,17周 星期三 第1节-第2节 余区北-教学大楼-304,9周 星期五 第1节-第2节 余区北-教学大楼-304,9-16周 星期三 第3节-第4节 余区北-教学大楼-304","XF":2,"SKXQ":3,"XNXQDM":"2024-2025-2","KCM":"物流大数据分析","JASDM":"0301020304","JXLDM":"030102","JXBID":"20242-11414","SKBJ":"物管2201-02,物管二学位2401","TYXMDM":null,"KCH":"10054121129"},{"KKDWDM":"014","XS":16,"BYBZ":"0","JSJC":8,"XXXQDM":"03","KXH":"01","KSJC":6,"XKZRS":24,"SKZC":"000000001011100000000000","SKJS":"余红楚","ISTK":0,"ZCMC":"9周,11-13周","YPSJDD":"15-16周 星期六 第6节-第7节 余区北-教学大楼-304,9周,11-13周 星期六 第6节-第8节 余区北-教学大楼-304","XF":1,"SKXQ":6,"XNXQDM":"2024-2025-2","KCM":"水路交通数据挖掘与实战(JD)","JASDM":"0301020304","JXLDM":"030102","JXBID":"20242-07983","SKBJ":"公选-07983","TYXMDM":null,"KCH":"10146124012"},{"KKDWDM":"006","XS":32,"BYBZ":"0","JSJC":10,"XXXQDM":"03","KXH":"01","KSJC":9,"XKZRS":96,"SKZC":"000000001000000000000000000000","SKJS":"游伏兵","ISTK":0,"ZCMC":"9周","YPSJDD":"9周 星期日 第9节-第10节 余区北-教学大楼-304,4-11周 星期二 第9节-第10节 余区北-教学大楼-304,4-5周,7-9周 星期五 第9节-第10节 余区北-教学大楼-304,11-12周 星期五 第9节-第10节 余区北-教学大楼-304","XF":2,"SKXQ":7,"XNXQDM":"2024-2025-2","KCM":"混合动力系统概论","JASDM":"0301020304","JXLDM":"030102","JXBID":"20242-02541","SKBJ":"能动2203-04,能动zy2201","TYXMDM":null,"KCH":"10065117022"},{"KKDWDM":"005","XS":40,"BYBZ":"0","JSJC":4,"XXXQDM":"03","KXH":"05","KSJC":3,"XKZRS":52,"SKZC":"000000001000000000000000000000","SKJS":"曹菁菁,陈国俊","ISTK":0,"ZCMC":"9周","YPSJDD":"9周 星期五 第3节-第4节 余区北-教学大楼-304,9-16周 星期三 第1节-第2节 余区北-教学大楼-304,17周 星期三 第3节-第4节 余区北-教学大楼-304,11-16周 星期五 第3节-第4节 余区北-教学大楼-304","XF":2,"SKXQ":5,"XNXQDM":"2024-2025-2","KCM":"物流大数据分析","JASDM":"0301020304","JXLDM":"030102","JXBID":"20242-11413","SKBJ":"物流2201-02,物流zy2201-02","TYXMDM":null,"KCH":"10054121129"},{"KKDWDM":"005","XS":40,"BYBZ":"0","JSJC":2,"XXXQDM":"03","KXH":"01","KSJC":1,"XKZRS":58,"SKZC":"000000001000000000000000000000","SKJS":"曹菁菁,陈国俊","ISTK":0,"ZCMC":"9周","YPSJDD":"11-16周 星期五 第1节-第2节 余区北-教学大楼-304,17周 星期三 第1节-第2节 余区北-教学大楼-304,9周 星期五 第1节-第2节 余区北-教学大楼-304,9-16周 星期三 第3节-第4节 余区北-教学大楼-304","XF":2,"SKXQ":5,"XNXQDM":"2024-2025-2","KCM":"物流大数据分析","JASDM":"0301020304","JXLDM":"030102","JXBID":"20242-11414","SKBJ":"物管2201-02,物管二学位2401","TYXMDM":null,"KCH":"10054121129"},{"KKDWDM":"005","XS":32,"BYBZ":"0","JSJC":2,"XXXQDM":"03","KXH":"02","KSJC":1,"XKZRS":28,"SKZC":"000000001000000000000000000000","SKJS":"徐章一","ISTK":0,"ZCMC":"9周","YPSJDD":"11-17周 星期四 第1节-第2节 余区北-教学大楼-304,9-16周 星期二 第3节-第4节 余区北-教学大楼-304,9周 星期四 第1节-第2节 余区北-教学大楼-304","XF":2,"SKXQ":4,"XNXQDM":"2024-2025-2","KCM":"质量管理B","JASDM":"0301020304","JXLDM":"030102","JXBID":"20242-05950","SKBJ":"物管2201-03,物管二学位2401","TYXMDM":null,"KCH":"10225111007"},{"KKDWDM":"006","XS":32,"BYBZ":"0","JSJC":4,"XXXQDM":"03","KXH":"02","KSJC":3,"XKZRS":89,"SKZC":"000000001000000000000000000000","SKJS":"胡勇","ISTK":0,"ZCMC":"9周","YPSJDD":"7-8周 星期五 第3节-第4节 余区北-教学大楼-304,9周 星期日 第3节-第4节 余区北-教学大楼-304,1-5周 星期五 第3节-第4节 余区北-教学大楼-304,1-8周 星期三 第3节-第4节 余区北-教学大楼-304","XF":2,"SKXQ":7,"XNXQDM":"2024-2025-2","KCM":"船舶结构材料与焊接","JASDM":"0301020304","JXLDM":"030102","JXBID":"20242-02964","SKBJ":"船海2201-04,船海zy2201,船舶xs2201","TYXMDM":null,"KCH":"10065117014"},{"KKDWDM":"005","XS":32,"BYBZ":"0","JSJC":2,"XXXQDM":"03","KXH":"02","KSJC":1,"XKZRS":28,"SKZC":"000000000011111110000000000000","SKJS":"徐章一","ISTK":0,"ZCMC":"11-17周","YPSJDD":"11-17周 星期四 第1节-第2节 余区北-教学大楼-304,9-16周 星期二 第3节-第4节 余区北-教学大楼-304,9周 星期四 第1节-第2节 余区北-教学大楼-304","XF":2,"SKXQ":4,"XNXQDM":"2024-2025-2","KCM":"质量管理B","JASDM":"0301020304","JXLDM":"030102","JXBID":"20242-05950","SKBJ":"物管2201-03,物管二学位2401","TYXMDM":null,"KCH":"10225111007"},{"KKDWDM":"005","XS":40,"BYBZ":"0","JSJC":2,"XXXQDM":"03","KXH":"01","KSJC":1,"XKZRS":58,"SKZC":"000000000011111100000000000000","SKJS":"曹菁菁,陈国俊","ISTK":0,"ZCMC":"11-16周","YPSJDD":"11-16周 星期五 第1节-第2节 余区北-教学大楼-304,17周 星期三 第1节-第2节 余区北-教学大楼-304,9周 星期五 第1节-第2节 余区北-教学大楼-304,9-16周 星期三 第3节-第4节 余区北-教学大楼-304","XF":2,"SKXQ":5,"XNXQDM":"2024-2025-2","KCM":"物流大数据分析","JASDM":"0301020304","JXLDM":"030102","JXBID":"20242-11414","SKBJ":"物管2201-02,物管二学位2401","TYXMDM":null,"KCH":"10054121129"},{"KKDWDM":"005","XS":40,"BYBZ":"0","JSJC":4,"XXXQDM":"03","KXH":"05","KSJC":3,"XKZRS":52,"SKZC":"000000000011111100000000000000","SKJS":"曹菁菁,陈国俊","ISTK":0,"ZCMC":"11-16周","YPSJDD":"9周 星期五 第3节-第4节 余区北-教学大楼-304,9-16周 星期三 第1节-第2节 余区北-教学大楼-304,17周 星期三 第3节-第4节 余区北-教学大楼-304,11-16周 星期五 第3节-第4节 余区北-教学大楼-304","XF":2,"SKXQ":5,"XNXQDM":"2024-2025-2","KCM":"物流大数据分析","JASDM":"0301020304","JXLDM":"030102","JXBID":"20242-11413","SKBJ":"物流2201-02,物流zy2201-02","TYXMDM":null,"KCH":"10054121129"},{"KKDWDM":"006","XS":32,"BYBZ":"0","JSJC":10,"XXXQDM":"03","KXH":"01","KSJC":9,"XKZRS":96,"SKZC":"000000000011000000000000000000","SKJS":"游伏兵","ISTK":0,"ZCMC":"11-12周","YPSJDD":"9周 星期日 第9节-第10节 余区北-教学大楼-304,4-11周 星期二 第9节-第10节 余区北-教学大楼-304,4-5周,7-9周 星期五 第9节-第10节 余区北-教学大楼-304,11-12周 星期五 第9节-第10节 余区北-教学大楼-304","XF":2,"SKXQ":5,"XNXQDM":"2024-2025-2","KCM":"混合动力系统概论","JASDM":"0301020304","JXLDM":"030102","JXBID":"20242-02541","SKBJ":"能动2203-04,能动zy2201","TYXMDM":null,"KCH":"10065117022"},{"KKDWDM":"005","XS":32,"BYBZ":"0","JSJC":5,"XXXQDM":"03","KXH":"01","KSJC":3,"XKZRS":106,"SKZC":"000000000010000000000000000000","SKJS":"肖祥","ISTK":0,"ZCMC":"11周","YPSJDD":"11周 星期日 第3节-第5节 余区北-教学大楼-304,1-5周 星期日 第3节-第5节 余区北-教学大楼-304,7-8周 星期日 第3节-第5节 余区北-教学大楼-304","XF":2,"SKXQ":7,"XNXQDM":"2024-2025-2","KCM":"科技创新实践活动方法及案例","JASDM":"0301020304","JXLDM":"030102","JXBID":"20242-07258","SKBJ":"公选-07258","TYXMDM":null,"KCH":"10056113045"},{"KKDWDM":"044","XS":32,"BYBZ":"0","JSJC":12,"XXXQDM":"03","KXH":"02","KSJC":11,"XKZRS":140,"SKZC":"000000000010000000000000","SKJS":"王洋","ISTK":0,"ZCMC":"11周","YPSJDD":"11周 星期三 第11节-第12节 余区北-教学大楼-304,1-10周 星期三 第11节-第13节 余区北-教学大楼-304","XF":2,"SKXQ":3,"XNXQDM":"2024-2025-2","KCM":"交响音乐赏析(GX)","JASDM":"0301020304","JXLDM":"030102","JXBID":"20242-11285","SKBJ":"公选-11285","TYXMDM":null,"KCH":"10442121069"},{"KKDWDM":"006","XS":32,"BYBZ":"0","JSJC":7,"XXXQDM":"03","KXH":"01","KSJC":6,"XKZRS":29,"SKZC":"000000000001100000000000","SKJS":"尚前明","ISTK":0,"ZCMC":"12-13周","YPSJDD":"12-13周 星期二 第6节-第7节 余区北-教学大楼-304,4-11周 星期二 第6节-第8节 余区北-教学大楼-304","XF":2,"SKXQ":2,"XNXQDM":"2024-2025-2","KCM":"轮机自动化A","JASDM":"0301020304","JXLDM":"030102","JXBID":"20242-03462","SKBJ":"能动2201-04","TYXMDM":null,"KCH":"10065117017"},{"KKDWDM":"006","XS":32,"BYBZ":"0","JSJC":10,"XXXQDM":"03","KXH":"02","KSJC":9,"XKZRS":76,"SKZC":"000000000001000000000000000000","SKJS":"叶珺,王志华","ISTK":0,"ZCMC":"12周","YPSJDD":"4-10周 星期一 第9节-第10节 余区北-教学大楼-304,12周 星期一 第9节-第10节 余区北-教学大楼-304,4-10周 星期三 第9节-第10节 余区北-教学大楼-304","XF":2,"SKXQ":1,"XNXQDM":"2024-2025-2","KCM":"动力机械振动理论及应用","JASDM":"0301020304","JXLDM":"030102","JXBID":"20242-03924","SKBJ":"能动2201-04,能动zy2201","TYXMDM":null,"KCH":"10065121007"},{"KKDWDM":"005","XS":32,"BYBZ":"0","JSJC":4,"XXXQDM":"03","KXH":"02","KSJC":3,"XKZRS":53,"SKZC":"000000000001000000000000","SKJS":"王强","ISTK":0,"ZCMC":"12周","YPSJDD":"12周 星期四 第3节-第4节 余区北-教学大楼-304,1-9周,11周 星期四 第3节-第5节 余区北-教学大楼-304","XF":2,"SKXQ":4,"XNXQDM":"2024-2025-2","KCM":"计算机控制系统","JASDM":"0301020304","JXLDM":"030102","JXBID":"20242-03431","SKBJ":"物流2201-02","TYXMDM":null,"KCH":"10054121132"},{"KKDWDM":"006","XS":32,"BYBZ":"0","JSJC":7,"XXXQDM":"03","KXH":"01","KSJC":6,"XKZRS":109,"SKZC":"000000000001000000000000","SKJS":"孙玉伟","ISTK":0,"ZCMC":"12周","YPSJDD":"12周 星期一 第6节-第7节 余区北-教学大楼-304,1-10周 星期一 第6节-第8节 余区北-教学大楼-304","XF":2,"SKXQ":1,"XNXQDM":"2024-2025-2","KCM":"船舶电站自动控制系统与管理","JASDM":"0301020304","JXLDM":"030102","JXBID":"20242-02406","SKBJ":"轮机2201-07,轮机zy2201-02","TYXMDM":null,"KCH":"4150013110"},{"KKDWDM":"006","XS":32,"BYBZ":"0","JSJC":7,"XXXQDM":"03","KXH":"03","KSJC":6,"XKZRS":35,"SKZC":"000000000000010000000000","SKJS":"商蕾,高海波","ISTK":0,"ZCMC":"14周","YPSJDD":"14周 星期三 第6节-第7节 余区北-教学大楼-304,4-13周 星期三 第6节-第8节 余区北-教学大楼-304","XF":2,"SKXQ":3,"XNXQDM":"2024-2025-2","KCM":"船舶与海洋工程概论","JASDM":"0301020304","JXLDM":"030102","JXBID":"20242-03227","SKBJ":"能动2201-04,能动zy2301","TYXMDM":null,"KCH":"10066117171"},{"KKDWDM":"014","XS":16,"BYBZ":"0","JSJC":7,"XXXQDM":"03","KXH":"01","KSJC":6,"XKZRS":24,"SKZC":"000000000000001100000000","SKJS":"余红楚","ISTK":0,"ZCMC":"15-16周","YPSJDD":"15-16周 星期六 第6节-第7节 余区北-教学大楼-304,9周,11-13周 星期六 第6节-第8节 余区北-教学大楼-304","XF":1,"SKXQ":6,"XNXQDM":"2024-2025-2","KCM":"水路交通数据挖掘与实战(JD)","JASDM":"0301020304","JXLDM":"030102","JXBID":"20242-07983","SKBJ":"公选-07983","TYXMDM":null,"KCH":"10146124012"},{"KKDWDM":"005","XS":32,"BYBZ":"0","JSJC":12,"XXXQDM":"03","KXH":"01","KSJC":11,"XKZRS":25,"SKZC":"000000000000000100000000","SKJS":"肖祥","ISTK":0,"ZCMC":"16周","YPSJDD":"16周 星期六 第11节-第12节 余区北-教学大楼-304,3-5周,7-9周,11-13周,15周 星期六 第11节-第13节 余区北-教学大楼-304","XF":2,"SKXQ":6,"XNXQDM":"2024-2025-2","KCM":"大跨度桥梁B","JASDM":"0301020304","JXLDM":"030102","JXBID":"20242-07197","SKBJ":"公选-07197","TYXMDM":null,"KCH":"10056121295"},{"KKDWDM":"005","XS":40,"BYBZ":"0","JSJC":4,"XXXQDM":"03","KXH":"05","KSJC":3,"XKZRS":52,"SKZC":"000000000000000010000000000000","SKJS":"曹菁菁,陈国俊","ISTK":0,"ZCMC":"17周","YPSJDD":"9周 星期五 第3节-第4节 余区北-教学大楼-304,9-16周 星期三 第1节-第2节 余区北-教学大楼-304,17周 星期三 第3节-第4节 余区北-教学大楼-304,11-16周 星期五 第3节-第4节 余区北-教学大楼-304","XF":2,"SKXQ":3,"XNXQDM":"2024-2025-2","KCM":"物流大数据分析","JASDM":"0301020304","JXLDM":"030102","JXBID":"20242-11413","SKBJ":"物流2201-02,物流zy2201-02","TYXMDM":null,"KCH":"10054121129"},{"KKDWDM":"005","XS":40,"BYBZ":"0","JSJC":2,"XXXQDM":"03","KXH":"01","KSJC":1,"XKZRS":58,"SKZC":"000000000000000010000000000000","SKJS":"曹菁菁,陈国俊","ISTK":0,"ZCMC":"17周","YPSJDD":"11-16周 星期五 第1节-第2节 余区北-教学大楼-304,17周 星期三 第1节-第2节 余区北-教学大楼-304,9周 星期五 第1节-第2节 余区北-教学大楼-304,9-16周 星期三 第3节-第4节 余区北-教学大楼-304","XF":2,"SKXQ":3,"XNXQDM":"2024-2025-2","KCM":"物流大数据分析","JASDM":"0301020304","JXLDM":"030102","JXBID":"20242-11414","SKBJ":"物管2201-02,物管二学位2401","TYXMDM":null,"KCH":"10054121129"}]}},"code":"0"}