{"datas":{"jaskcb":{"extParams":{"code":1,"msg":"查询成功"},"pageSize":0,"pageNumber":0,"totalSize":-1,"rows":[{"KKDWDM":null,"XS":null,"BYBZ":"1","JSJC":5,"XXXQDM":null,"KXH":null,"KSJC":1,"XKZRS":null,"SKZC":"001000000000000000000000000000","SKJS":"郭晶晶","ISTK":0,"ZCMC":"3周","YPSJDD":null,"XF":null,"SKXQ":6,"XNXQDM":"2024-2025-2","KCM":"研究生预答辩(借用)","JASDM":"0301020215","JXLDM":null,"JXBID":null,"SKBJ":null,"TYXMDM":null,"KCH":null},{"KKDWDM":null,"XS":null,"BYBZ":"1","JSJC":5,"XXXQDM":null,"KXH":null,"KSJC":3,"XKZRS":null,"SKZC":"000000010000000000000000000000","SKJS":"李斌","ISTK":0,"ZCMC":"8周","YPSJDD":null,"XF":null,"SKXQ":5,"XNXQDM":"2024-2025-2","KCM":"隧道结构理论(调课)","JASDM":"0301020215","JXLDM":null,"JXBID":null,"SKBJ":null,"TYXMDM":null,"KCH":"40050223015"},{"KKDWDM":null,"XS":null,"BYBZ":"1","JSJC":5,"XXXQDM":null,"KXH":null,"KSJC":3,"XKZRS":null,"SKZC":"000000000000111111000000000000","SKJS":"李克","ISTK":0,"ZCMC":"13-18周","YPSJDD":null,"XF":null,"SKXQ":4,"XNXQDM":"2024-2025-2","KCM":"科技英语写作","JASDM":"0301020215","JXLDM":null,"JXBID":null,"SKBJ":null,"TYXMDM":null,"KCH":"40050523010"},{"KKDWDM":null,"XS":null,"BYBZ":"1","JSJC":8,"XXXQDM":null,"KXH":null,"KSJC":6,"XKZRS":null,"SKZC":"000000000000111111000000000000","SKJS":"李克","ISTK":0,"ZCMC":"13-18周","YPSJDD":null,"XF":null,"SKXQ":5,"XNXQDM":"2024-2025-2","KCM":"科技英语写作","JASDM":"0301020215","JXLDM":null,"JXBID":null,"SKBJ":null,"TYXMDM":null,"KCH":"40050523010"},{"KKDWDM":null,"XS":null,"BYBZ":"1","JSJC":13,"XXXQDM":null,"KXH":null,"KSJC":11,"XKZRS":null,"SKZC":"000000000000111111000000000000","SKJS":"李廷秋","ISTK":0,"ZCMC":"13-18周","YPSJDD":null,"XF":null,"SKXQ":1,"XNXQDM":"2024-2025-2","KCM":"水动力学","JASDM":"0301020215","JXLDM":null,"JXBID":null,"SKBJ":null,"TYXMDM":null,"KCH":"40060223010"},{"KKDWDM":null,"XS":null,"BYBZ":"1","JSJC":5,"XXXQDM":null,"KXH":null,"KSJC":3,"XKZRS":null,"SKZC":"000000000000111111000000000000","SKJS":"李廷秋","ISTK":0,"ZCMC":"13-18周","YPSJDD":null,"XF":null,"SKXQ":3,"XNXQDM":"2024-2025-2","KCM":"水动力学","JASDM":"0301020215","JXLDM":null,"JXBID":null,"SKBJ":null,"TYXMDM":null,"KCH":"40060223010"},{"KKDWDM":null,"XS":null,"BYBZ":"1","JSJC":10,"XXXQDM":null,"KXH":null,"KSJC":9,"XKZRS":null,"SKZC":"000000111111000000000000000000","SKJS":"马丽","ISTK":0,"ZCMC":"7-12周","YPSJDD":null,"XF":null,"SKXQ":1,"XNXQDM":"2024-2025-2","KCM":"结构稳定性理论","JASDM":"0301020215","JXLDM":null,"JXBID":null,"SKBJ":null,"TYXMDM":null,"KCH":"40060223015"},{"KKDWDM":null,"XS":null,"BYBZ":"1","JSJC":10,"XXXQDM":null,"KXH":null,"KSJC":9,"XKZRS":null,"SKZC":"000000111111000000000000000000","SKJS":"马丽","ISTK":0,"ZCMC":"7-12周","YPSJDD":null,"XF":null,"SKXQ":2,"XNXQDM":"2024-2025-2","KCM":"结构稳定性理论","JASDM":"0301020215","JXLDM":null,"JXBID":null,"SKBJ":null,"TYXMDM":null,"KCH":"40060223015"},{"KKDWDM":null,"XS":null,"BYBZ":"1","JSJC":2,"XXXQDM":null,"KXH":null,"KSJC":1,"XKZRS":null,"SKZC":"000000111111000000000000000000","SKJS":"马丽","ISTK":0,"ZCMC":"7-12周","YPSJDD":null,"XF":null,"SKXQ":5,"XNXQDM":"2024-2025-2","KCM":"结构稳定性理论","JASDM":"0301020215","JXLDM":null,"JXBID":null,"SKBJ":null,"TYXMDM":null,"KCH":"40060223015"},{"KKDWDM":null,"XS":null,"BYBZ":"1","JSJC":8,"XXXQDM":null,"KXH":null,"KSJC":6,"XKZRS":null,"SKZC":"000000111111000000000000000000","SKJS":"王一雯","ISTK":0,"ZCMC":"7-12周","YPSJDD":null,"XF":null,"SKXQ":1,"XNXQDM":"2024-2025-2","KCM":"结构砰击载荷与响应","JASDM":"0301020215","JXLDM":null,"JXBID":null,"SKBJ":null,"TYXMDM":null,"KCH":"40060223073"},{"KKDWDM":null,"XS":null,"BYBZ":"1","JSJC":5,"XXXQDM":null,"KXH":null,"KSJC":3,"XKZRS":null,"SKZC":"000000111111000000000000000000","SKJS":"王一雯","ISTK":0,"ZCMC":"7-12周","YPSJDD":null,"XF":null,"SKXQ":3,"XNXQDM":"2024-2025-2","KCM":"结构砰击载荷与响应","JASDM":"0301020215","JXLDM":null,"JXBID":null,"SKBJ":null,"TYXMDM":null,"KCH":"40060223073"},{"KKDWDM":null,"XS":null,"BYBZ":"1","JSJC":5,"XXXQDM":null,"KXH":null,"KSJC":3,"XKZRS":null,"SKZC":"000000000000111000000000000000","SKJS":"游伏兵","ISTK":0,"ZCMC":"13-15周","YPSJDD":null,"XF":null,"SKXQ":1,"XNXQDM":"2024-2025-2","KCM":"专业英语（硕士-动力）","JASDM":"0301020215","JXLDM":null,"JXBID":null,"SKBJ":null,"TYXMDM":null,"KCH":"40060323026"},{"KKDWDM":null,"XS":null,"BYBZ":"1","JSJC":8,"XXXQDM":null,"KXH":null,"KSJC":6,"XKZRS":null,"SKZC":"000000000000111000000000000000","SKJS":"游伏兵","ISTK":0,"ZCMC":"13-15周","YPSJDD":null,"XF":null,"SKXQ":4,"XNXQDM":"2024-2025-2","KCM":"专业英语（硕士-动力）","JASDM":"0301020215","JXLDM":null,"JXBID":null,"SKBJ":null,"TYXMDM":null,"KCH":"40060323026"},{"KKDWDM":null,"XS":null,"BYBZ":"1","JSJC":13,"XXXQDM":null,"KXH":null,"KSJC":11,"XKZRS":null,"SKZC":"000000000000111111000000000000","SKJS":"余永华","ISTK":0,"ZCMC":"13-18周","YPSJDD":null,"XF":null,"SKXQ":2,"XNXQDM":"2024-2025-2","KCM":"智能故障诊断与健康管理","JASDM":"0301020215","JXLDM":null,"JXBID":null,"SKBJ":null,"TYXMDM":null,"KCH":"40060323038"},{"KKDWDM":null,"XS":null,"BYBZ":"1","JSJC":5,"XXXQDM":null,"KXH":null,"KSJC":3,"XKZRS":null,"SKZC":"000000000000111111000000000000","SKJS":"余永华","ISTK":0,"ZCMC":"13-18周","YPSJDD":null,"XF":null,"SKXQ":6,"XNXQDM":"2024-2025-2","KCM":"智能故障诊断与健康管理","JASDM":"0301020215","JXLDM":null,"JXBID":null,"SKBJ":null,"TYXMDM":null,"KCH":"40060323038"},{"KKDWDM":null,"XS":null,"BYBZ":"1","JSJC":5,"XXXQDM":null,"KXH":null,"KSJC":3,"XKZRS":null,"SKZC":"111111000000000000000000000000","SKJS":"张尊华","ISTK":0,"ZCMC":"1-6周","YPSJDD":null,"XF":null,"SKXQ":2,"XNXQDM":"2024-2025-2","KCM":"高等燃烧学","JASDM":"0301020215","JXLDM":null,"JXBID":null,"SKBJ":null,"TYXMDM":null,"KCH":"60060223003"},{"KKDWDM":null,"XS":null,"BYBZ":"1","JSJC":8,"XXXQDM":null,"KXH":null,"KSJC":6,"XKZRS":null,"SKZC":"111111000000000000000000000000","SKJS":"张尊华","ISTK":0,"ZCMC":"1-6周","YPSJDD":null,"XF":null,"SKXQ":4,"XNXQDM":"2024-2025-2","KCM":"高等燃烧学","JASDM":"0301020215","JXLDM":null,"JXBID":null,"SKBJ":null,"TYXMDM":null,"KCH":"60060223003"},{"KKDWDM":null,"XS":null,"BYBZ":"1","JSJC":8,"XXXQDM":null,"KXH":null,"KSJC":6,"XKZRS":null,"SKZC":"000001000000000000000000000000","SKJS":"张尊华","ISTK":0,"ZCMC":"6周","YPSJDD":null,"XF":null,"SKXQ":3,"XNXQDM":"2024-2025-2","KCM":"高等燃烧学(调课)","JASDM":"0301020215","JXLDM":null,"JXBID":null,"SKBJ":null,"TYXMDM":null,"KCH":"60060223003"}]}},"code":"0"}