{"datas":{"jaskcb":{"extParams":{"code":1,"msg":"查询成功"},"pageSize":0,"pageNumber":0,"totalSize":-1,"rows":[{"KKDWDM":"005","XS":64,"BYBZ":"0","JSJC":10,"XXXQDM":"03","KXH":"02","KSJC":9,"XKZRS":62,"SKZC":"111111111111111100000000000000","SKJS":"何雄君,肖祥","ISTK":0,"ZCMC":"1-16周","YPSJDD":"16-17周 星期一 第6节-第7节 余区北-教学大楼-314,1-16周 星期三 第9节-第10节 余区北-教学大楼-314,1-10周 星期一 第6节-第7节 余区北-教学大楼-314,17周 星期二 第6节-第7节 余区北-教学大楼-314,12-14周 星期一 第6节-第7节 余区北-教学大楼-314","XF":4,"SKXQ":3,"XNXQDM":"2024-2025-2","KCM":"桥梁工程C","JASDM":"0301020314","JXLDM":"030102","JXBID":"20242-03817","SKBJ":"道桥2201-03","TYXMDM":null,"KCH":"10225111014"},{"KKDWDM":"006","XS":48,"BYBZ":"0","JSJC":5,"XXXQDM":"03","KXH":"04","KSJC":3,"XKZRS":84,"SKZC":"1111111111111111","SKJS":"金华标","ISTK":0,"ZCMC":"1-16周","YPSJDD":"1-16周 星期二 第3节-第5节 余区北-教学大楼-314","XF":3,"SKXQ":2,"XNXQDM":"2024-2025-2","KCM":"轮机自动化B","JASDM":"0301020314","JXLDM":"030102","JXBID":"20242-09763","SKBJ":"轮机2201-02","TYXMDM":null,"KCH":"10065117033"},{"KKDWDM":"005","XS":64,"BYBZ":"0","JSJC":7,"XXXQDM":"03","KXH":"02","KSJC":6,"XKZRS":62,"SKZC":"111111111100000000000000000000","SKJS":"何雄君,肖祥","ISTK":0,"ZCMC":"1-10周","YPSJDD":"16-17周 星期一 第6节-第7节 余区北-教学大楼-314,1-16周 星期三 第9节-第10节 余区北-教学大楼-314,1-10周 星期一 第6节-第7节 余区北-教学大楼-314,17周 星期二 第6节-第7节 余区北-教学大楼-314,12-14周 星期一 第6节-第7节 余区北-教学大楼-314","XF":4,"SKXQ":1,"XNXQDM":"2024-2025-2","KCM":"桥梁工程C","JASDM":"0301020314","JXLDM":"030102","JXBID":"20242-03817","SKBJ":"道桥2201-03","TYXMDM":null,"KCH":"10225111014"},{"KKDWDM":"006","XS":48,"BYBZ":"0","JSJC":5,"XXXQDM":"03","KXH":"03","KSJC":3,"XKZRS":80,"SKZC":"111111111000000000000000000000","SKJS":"尹奇志","ISTK":0,"ZCMC":"1-9周","YPSJDD":"1-9周 星期四 第3节-第5节 余区北-教学大楼-314,11-17周 星期四 第3节-第5节 余区北-教学大楼-314","XF":3,"SKXQ":4,"XNXQDM":"2024-2025-2","KCM":"轮机英语","JASDM":"0301020314","JXLDM":"030102","JXBID":"20242-10588","SKBJ":"轮机2201-02","TYXMDM":null,"KCH":"10064117101"},{"KKDWDM":"006","XS":32,"BYBZ":"0","JSJC":10,"XXXQDM":"03","KXH":"01","KSJC":9,"XKZRS":78,"SKZC":"111111110000000000000000000000","SKJS":"王利,章林柯,胡磊","ISTK":0,"ZCMC":"1-8周","YPSJDD":"7-8周 星期五 第1节-第2节 余区北-教学大楼-314,9周 星期日 第1节-第2节 余区北-教学大楼-314,1-5周 星期五 第1节-第2节 余区北-教学大楼-314,1-8周 星期二 第9节-第10节 余区北-教学大楼-314","XF":2,"SKXQ":2,"XNXQDM":"2024-2025-2","KCM":"振动与噪声控制技术","JASDM":"0301020314","JXLDM":"030102","JXBID":"20242-02622","SKBJ":"轮机2201-07,轮机zy2201-02","TYXMDM":null,"KCH":"10065121024"},{"KKDWDM":"006","XS":24,"BYBZ":"0","JSJC":8,"XXXQDM":"03","KXH":"05","KSJC":6,"XKZRS":41,"SKZC":"11111111","SKJS":"杨志勇","ISTK":0,"ZCMC":"1-8周","YPSJDD":"1-8周 星期二 第6节-第8节 余区北-教学大楼-314","XF":1,"SKXQ":2,"XNXQDM":"2024-2025-2","KCM":"轮机工程英语会话","JASDM":"0301020314","JXLDM":"030102","JXBID":"20242-10683","SKBJ":"轮机2201-04","TYXMDM":null,"KCH":"4150058110"},{"KKDWDM":"006","XS":32,"BYBZ":"0","JSJC":8,"XXXQDM":"03","KXH":"02","KSJC":6,"XKZRS":28,"SKZC":"111110111010000000000000","SKJS":"胡甫才,谭祖胜","ISTK":0,"ZCMC":"1-5周,7-9周,11周","YPSJDD":"12周 星期五 第6节-第7节 余区北-教学大楼-314,1-5周,7-9周,11周 星期五 第6节-第8节 余区北-教学大楼-314,9周 星期日 第6节-第8节 余区北-教学大楼-314","XF":2,"SKXQ":5,"XNXQDM":"2024-2025-2","KCM":"船舶管系与工艺设计B","JASDM":"0301020314","JXLDM":"030102","JXBID":"20242-02233","SKBJ":"轮机2205-07,轮机zy2201-02","TYXMDM":null,"KCH":"10065117031"},{"KKDWDM":"006","XS":32,"BYBZ":"0","JSJC":5,"XXXQDM":"03","KXH":"07","KSJC":3,"XKZRS":22,"SKZC":"111110111010000000000000","SKJS":"胡甫才,谭祖胜","ISTK":0,"ZCMC":"1-5周,7-9周,11周","YPSJDD":"12周 星期五 第3节-第4节 余区北-教学大楼-314,1-5周,7-9周,11周 星期五 第3节-第5节 余区北-教学大楼-314,9周 星期日 第3节-第5节 余区北-教学大楼-314","XF":2,"SKXQ":5,"XNXQDM":"2024-2025-2","KCM":"船舶管系与工艺设计B","JASDM":"0301020314","JXLDM":"030102","JXBID":"20242-09761","SKBJ":"轮机2201-04","TYXMDM":null,"KCH":"10065117031"},{"KKDWDM":"006","XS":32,"BYBZ":"0","JSJC":2,"XXXQDM":"03","KXH":"01","KSJC":1,"XKZRS":78,"SKZC":"111110000000000000000000000000","SKJS":"王利,章林柯,胡磊","ISTK":0,"ZCMC":"1-5周","YPSJDD":"7-8周 星期五 第1节-第2节 余区北-教学大楼-314,9周 星期日 第1节-第2节 余区北-教学大楼-314,1-5周 星期五 第1节-第2节 余区北-教学大楼-314,1-8周 星期二 第9节-第10节 余区北-教学大楼-314","XF":2,"SKXQ":5,"XNXQDM":"2024-2025-2","KCM":"振动与噪声控制技术","JASDM":"0301020314","JXLDM":"030102","JXBID":"20242-02622","SKBJ":"轮机2201-07,轮机zy2201-02","TYXMDM":null,"KCH":"10065121024"},{"KKDWDM":"005","XS":24,"BYBZ":"0","JSJC":5,"XXXQDM":"03","KXH":"01","KSJC":3,"XKZRS":30,"SKZC":"111100000000000000000000","SKJS":"周新聪,黄健","ISTK":0,"ZCMC":"1-4周","YPSJDD":"5-7周(单) 星期六 第3节-第4节 余区北-教学大楼-314,1-4周 星期六 第3节-第5节 余区北-教学大楼-314","XF":1,"SKXQ":6,"XNXQDM":"2024-2025-2","KCM":"摩擦学导论与现代油液监测技术(GX)","JASDM":"0301020314","JXLDM":"030102","JXBID":"20242-07236","SKBJ":"公选-07236","TYXMDM":null,"KCH":"10052124033"},{"KKDWDM":"013","XS":64,"BYBZ":"0","JSJC":10,"XXXQDM":"03","KXH":"03","KSJC":6,"XKZRS":54,"SKZC":"001110111011101000000000000000","SKJS":"刘红丽","ISTK":0,"ZCMC":"3-5周,7-9周,11-13周,15周","YPSJDD":"16周 星期六 第6节-第9节 余区北-教学大楼-314,3-5周,7-9周,11-13周,15周 星期六 第6节-第10节 余区北-教学大楼-314","XF":4,"SKXQ":6,"XNXQDM":"2024-2025-2","KCM":"电工与电子技术基础B","JASDM":"0301020314","JXLDM":"030102","JXBID":"20242-14313","SKBJ":null,"TYXMDM":null,"KCH":"10133121096"},{"KKDWDM":"006","XS":64,"BYBZ":"0","JSJC":2,"XXXQDM":"03","KXH":"02","KSJC":1,"XKZRS":69,"SKZC":"000111111111111100000000","SKJS":"贺玉海","ISTK":0,"ZCMC":"4-16周","YPSJDD":"4-16周 星期三 第1节-第2节 余区北-教学大楼-314,17周 星期二 第3节-第4节 余区北-教学大楼-314,4-10周,12-14周,16-17周 星期一 第3节-第5节 余区北-教学大楼-314","XF":4,"SKXQ":3,"XNXQDM":"2024-2025-2","KCM":"内燃机学D","JASDM":"0301020314","JXLDM":"030102","JXBID":"20242-09799","SKBJ":"能动2201-02","TYXMDM":null,"KCH":"10064114003"},{"KKDWDM":"006","XS":64,"BYBZ":"0","JSJC":5,"XXXQDM":"03","KXH":"04","KSJC":3,"XKZRS":70,"SKZC":"000111111111111000000000","SKJS":"贺玉海","ISTK":0,"ZCMC":"4-15周","YPSJDD":"4-10周,12-14周,16-17周 星期一 第1节-第2节 余区北-教学大楼-314,17周 星期二 第1节-第2节 余区北-教学大楼-314,16周 星期三 第3节-第4节 余区北-教学大楼-314,4-15周 星期三 第3节-第5节 余区北-教学大楼-314","XF":4,"SKXQ":3,"XNXQDM":"2024-2025-2","KCM":"内燃机学D","JASDM":"0301020314","JXLDM":"030102","JXBID":"20242-09801","SKBJ":"能动2203-04","TYXMDM":null,"KCH":"10064114003"},{"KKDWDM":"006","XS":32,"BYBZ":"0","JSJC":2,"XXXQDM":"03","KXH":"01","KSJC":1,"XKZRS":62,"SKZC":"000111111110000000000000000000","SKJS":"胡甫才,谭祖胜","ISTK":0,"ZCMC":"4-11周","YPSJDD":"11-12周 星期四 第1节-第2节 余区北-教学大楼-314,4-9周 星期四 第1节-第2节 余区北-教学大楼-314,4-11周 星期二 第1节-第2节 余区北-教学大楼-314","XF":2,"SKXQ":2,"XNXQDM":"2024-2025-2","KCM":"船舶管系与工艺设计B","JASDM":"0301020314","JXLDM":"030102","JXBID":"20242-02232","SKBJ":"能动2201-02","TYXMDM":null,"KCH":"10065117031"},{"KKDWDM":"006","XS":64,"BYBZ":"0","JSJC":2,"XXXQDM":"03","KXH":"04","KSJC":1,"XKZRS":70,"SKZC":"000111111101110110000000","SKJS":"贺玉海","ISTK":0,"ZCMC":"4-10周,12-14周,16-17周","YPSJDD":"4-10周,12-14周,16-17周 星期一 第1节-第2节 余区北-教学大楼-314,17周 星期二 第1节-第2节 余区北-教学大楼-314,16周 星期三 第3节-第4节 余区北-教学大楼-314,4-15周 星期三 第3节-第5节 余区北-教学大楼-314","XF":4,"SKXQ":1,"XNXQDM":"2024-2025-2","KCM":"内燃机学D","JASDM":"0301020314","JXLDM":"030102","JXBID":"20242-09801","SKBJ":"能动2203-04","TYXMDM":null,"KCH":"10064114003"},{"KKDWDM":"006","XS":64,"BYBZ":"0","JSJC":5,"XXXQDM":"03","KXH":"02","KSJC":3,"XKZRS":69,"SKZC":"000111111101110110000000","SKJS":"贺玉海","ISTK":0,"ZCMC":"4-10周,12-14周,16-17周","YPSJDD":"4-16周 星期三 第1节-第2节 余区北-教学大楼-314,17周 星期二 第3节-第4节 余区北-教学大楼-314,4-10周,12-14周,16-17周 星期一 第3节-第5节 余区北-教学大楼-314","XF":4,"SKXQ":1,"XNXQDM":"2024-2025-2","KCM":"内燃机学D","JASDM":"0301020314","JXLDM":"030102","JXBID":"20242-09799","SKBJ":"能动2201-02","TYXMDM":null,"KCH":"10064114003"},{"KKDWDM":"006","XS":32,"BYBZ":"0","JSJC":2,"XXXQDM":"03","KXH":"01","KSJC":1,"XKZRS":62,"SKZC":"000111111000000000000000000000","SKJS":"胡甫才,谭祖胜","ISTK":0,"ZCMC":"4-9周","YPSJDD":"11-12周 星期四 第1节-第2节 余区北-教学大楼-314,4-9周 星期四 第1节-第2节 余区北-教学大楼-314,4-11周 星期二 第1节-第2节 余区北-教学大楼-314","XF":2,"SKXQ":4,"XNXQDM":"2024-2025-2","KCM":"船舶管系与工艺设计B","JASDM":"0301020314","JXLDM":"030102","JXBID":"20242-02232","SKBJ":"能动2201-02","TYXMDM":null,"KCH":"10065117031"},{"KKDWDM":"005","XS":24,"BYBZ":"0","JSJC":4,"XXXQDM":"03","KXH":"01","KSJC":3,"XKZRS":30,"SKZC":"000010100000000000000000","SKJS":"周新聪,黄健","ISTK":0,"ZCMC":"5-7周(单)","YPSJDD":"5-7周(单) 星期六 第3节-第4节 余区北-教学大楼-314,1-4周 星期六 第3节-第5节 余区北-教学大楼-314","XF":1,"SKXQ":6,"XNXQDM":"2024-2025-2","KCM":"摩擦学导论与现代油液监测技术(GX)","JASDM":"0301020314","JXLDM":"030102","JXBID":"20242-07236","SKBJ":"公选-07236","TYXMDM":null,"KCH":"10052124033"},{"KKDWDM":"006","XS":32,"BYBZ":"0","JSJC":2,"XXXQDM":"03","KXH":"01","KSJC":1,"XKZRS":78,"SKZC":"000000110000000000000000000000","SKJS":"王利,章林柯,胡磊","ISTK":0,"ZCMC":"7-8周","YPSJDD":"7-8周 星期五 第1节-第2节 余区北-教学大楼-314,9周 星期日 第1节-第2节 余区北-教学大楼-314,1-5周 星期五 第1节-第2节 余区北-教学大楼-314,1-8周 星期二 第9节-第10节 余区北-教学大楼-314","XF":2,"SKXQ":5,"XNXQDM":"2024-2025-2","KCM":"振动与噪声控制技术","JASDM":"0301020314","JXLDM":"030102","JXBID":"20242-02622","SKBJ":"轮机2201-07,轮机zy2201-02","TYXMDM":null,"KCH":"10065121024"},{"KKDWDM":"006","XS":32,"BYBZ":"0","JSJC":10,"XXXQDM":"03","KXH":"02","KSJC":9,"XKZRS":105,"SKZC":"000000001111111100000000000000","SKJS":"刘慧敏","ISTK":0,"ZCMC":"9-16周","YPSJDD":"11-16周 星期五 第1节-第2节 余区北-教学大楼-314,9-16周 星期二 第9节-第10节 余区北-教学大楼-314,9周 星期五 第1节-第2节 余区北-教学大楼-314","XF":2,"SKXQ":2,"XNXQDM":"2024-2025-2","KCM":"燃烧学导论","JASDM":"0301020314","JXLDM":"030102","JXBID":"20242-03608","SKBJ":"轮机2205-07,轮机zy2201-02","TYXMDM":null,"KCH":"10065113019"},{"KKDWDM":"006","XS":32,"BYBZ":"0","JSJC":2,"XXXQDM":"03","KXH":"02","KSJC":1,"XKZRS":105,"SKZC":"000000001000000000000000000000","SKJS":"刘慧敏","ISTK":0,"ZCMC":"9周","YPSJDD":"11-16周 星期五 第1节-第2节 余区北-教学大楼-314,9-16周 星期二 第9节-第10节 余区北-教学大楼-314,9周 星期五 第1节-第2节 余区北-教学大楼-314","XF":2,"SKXQ":5,"XNXQDM":"2024-2025-2","KCM":"燃烧学导论","JASDM":"0301020314","JXLDM":"030102","JXBID":"20242-03608","SKBJ":"轮机2205-07,轮机zy2201-02","TYXMDM":null,"KCH":"10065113019"},{"KKDWDM":"006","XS":32,"BYBZ":"0","JSJC":2,"XXXQDM":"03","KXH":"01","KSJC":1,"XKZRS":78,"SKZC":"000000001000000000000000000000","SKJS":"王利,章林柯,胡磊","ISTK":0,"ZCMC":"9周","YPSJDD":"7-8周 星期五 第1节-第2节 余区北-教学大楼-314,9周 星期日 第1节-第2节 余区北-教学大楼-314,1-5周 星期五 第1节-第2节 余区北-教学大楼-314,1-8周 星期二 第9节-第10节 余区北-教学大楼-314","XF":2,"SKXQ":7,"XNXQDM":"2024-2025-2","KCM":"振动与噪声控制技术","JASDM":"0301020314","JXLDM":"030102","JXBID":"20242-02622","SKBJ":"轮机2201-07,轮机zy2201-02","TYXMDM":null,"KCH":"10065121024"},{"KKDWDM":"006","XS":32,"BYBZ":"0","JSJC":5,"XXXQDM":"03","KXH":"07","KSJC":3,"XKZRS":22,"SKZC":"000000001000000000000000","SKJS":"胡甫才,谭祖胜","ISTK":0,"ZCMC":"9周","YPSJDD":"12周 星期五 第3节-第4节 余区北-教学大楼-314,1-5周,7-9周,11周 星期五 第3节-第5节 余区北-教学大楼-314,9周 星期日 第3节-第5节 余区北-教学大楼-314","XF":2,"SKXQ":7,"XNXQDM":"2024-2025-2","KCM":"船舶管系与工艺设计B","JASDM":"0301020314","JXLDM":"030102","JXBID":"20242-09761","SKBJ":"轮机2201-04","TYXMDM":null,"KCH":"10065117031"},{"KKDWDM":"006","XS":32,"BYBZ":"0","JSJC":8,"XXXQDM":"03","KXH":"02","KSJC":6,"XKZRS":28,"SKZC":"000000001000000000000000","SKJS":"胡甫才,谭祖胜","ISTK":0,"ZCMC":"9周","YPSJDD":"12周 星期五 第6节-第7节 余区北-教学大楼-314,1-5周,7-9周,11周 星期五 第6节-第8节 余区北-教学大楼-314,9周 星期日 第6节-第8节 余区北-教学大楼-314","XF":2,"SKXQ":7,"XNXQDM":"2024-2025-2","KCM":"船舶管系与工艺设计B","JASDM":"0301020314","JXLDM":"030102","JXBID":"20242-02233","SKBJ":"轮机2205-07,轮机zy2201-02","TYXMDM":null,"KCH":"10065117031"},{"KKDWDM":"006","XS":48,"BYBZ":"0","JSJC":5,"XXXQDM":"03","KXH":"03","KSJC":3,"XKZRS":80,"SKZC":"000000000011111110000000000000","SKJS":"尹奇志","ISTK":0,"ZCMC":"11-17周","YPSJDD":"1-9周 星期四 第3节-第5节 余区北-教学大楼-314,11-17周 星期四 第3节-第5节 余区北-教学大楼-314","XF":3,"SKXQ":4,"XNXQDM":"2024-2025-2","KCM":"轮机英语","JASDM":"0301020314","JXLDM":"030102","JXBID":"20242-10588","SKBJ":"轮机2201-02","TYXMDM":null,"KCH":"10064117101"},{"KKDWDM":"006","XS":32,"BYBZ":"0","JSJC":2,"XXXQDM":"03","KXH":"02","KSJC":1,"XKZRS":105,"SKZC":"000000000011111100000000000000","SKJS":"刘慧敏","ISTK":0,"ZCMC":"11-16周","YPSJDD":"11-16周 星期五 第1节-第2节 余区北-教学大楼-314,9-16周 星期二 第9节-第10节 余区北-教学大楼-314,9周 星期五 第1节-第2节 余区北-教学大楼-314","XF":2,"SKXQ":5,"XNXQDM":"2024-2025-2","KCM":"燃烧学导论","JASDM":"0301020314","JXLDM":"030102","JXBID":"20242-03608","SKBJ":"轮机2205-07,轮机zy2201-02","TYXMDM":null,"KCH":"10065113019"},{"KKDWDM":"006","XS":32,"BYBZ":"0","JSJC":2,"XXXQDM":"03","KXH":"01","KSJC":1,"XKZRS":62,"SKZC":"000000000011000000000000000000","SKJS":"胡甫才,谭祖胜","ISTK":0,"ZCMC":"11-12周","YPSJDD":"11-12周 星期四 第1节-第2节 余区北-教学大楼-314,4-9周 星期四 第1节-第2节 余区北-教学大楼-314,4-11周 星期二 第1节-第2节 余区北-教学大楼-314","XF":2,"SKXQ":4,"XNXQDM":"2024-2025-2","KCM":"船舶管系与工艺设计B","JASDM":"0301020314","JXLDM":"030102","JXBID":"20242-02232","SKBJ":"能动2201-02","TYXMDM":null,"KCH":"10065117031"},{"KKDWDM":"005","XS":64,"BYBZ":"0","JSJC":7,"XXXQDM":"03","KXH":"02","KSJC":6,"XKZRS":62,"SKZC":"000000000001110000000000000000","SKJS":"何雄君,肖祥","ISTK":0,"ZCMC":"12-14周","YPSJDD":"16-17周 星期一 第6节-第7节 余区北-教学大楼-314,1-16周 星期三 第9节-第10节 余区北-教学大楼-314,1-10周 星期一 第6节-第7节 余区北-教学大楼-314,17周 星期二 第6节-第7节 余区北-教学大楼-314,12-14周 星期一 第6节-第7节 余区北-教学大楼-314","XF":4,"SKXQ":1,"XNXQDM":"2024-2025-2","KCM":"桥梁工程C","JASDM":"0301020314","JXLDM":"030102","JXBID":"20242-03817","SKBJ":"道桥2201-03","TYXMDM":null,"KCH":"10225111014"},{"KKDWDM":"006","XS":32,"BYBZ":"0","JSJC":7,"XXXQDM":"03","KXH":"02","KSJC":6,"XKZRS":28,"SKZC":"000000000001000000000000","SKJS":"胡甫才,谭祖胜","ISTK":0,"ZCMC":"12周","YPSJDD":"12周 星期五 第6节-第7节 余区北-教学大楼-314,1-5周,7-9周,11周 星期五 第6节-第8节 余区北-教学大楼-314,9周 星期日 第6节-第8节 余区北-教学大楼-314","XF":2,"SKXQ":5,"XNXQDM":"2024-2025-2","KCM":"船舶管系与工艺设计B","JASDM":"0301020314","JXLDM":"030102","JXBID":"20242-02233","SKBJ":"轮机2205-07,轮机zy2201-02","TYXMDM":null,"KCH":"10065117031"},{"KKDWDM":"006","XS":32,"BYBZ":"0","JSJC":4,"XXXQDM":"03","KXH":"07","KSJC":3,"XKZRS":22,"SKZC":"000000000001000000000000","SKJS":"胡甫才,谭祖胜","ISTK":0,"ZCMC":"12周","YPSJDD":"12周 星期五 第3节-第4节 余区北-教学大楼-314,1-5周,7-9周,11周 星期五 第3节-第5节 余区北-教学大楼-314,9周 星期日 第3节-第5节 余区北-教学大楼-314","XF":2,"SKXQ":5,"XNXQDM":"2024-2025-2","KCM":"船舶管系与工艺设计B","JASDM":"0301020314","JXLDM":"030102","JXBID":"20242-09761","SKBJ":"轮机2201-04","TYXMDM":null,"KCH":"10065117031"},{"KKDWDM":"005","XS":64,"BYBZ":"0","JSJC":7,"XXXQDM":"03","KXH":"02","KSJC":6,"XKZRS":62,"SKZC":"000000000000000110000000000000","SKJS":"何雄君,肖祥","ISTK":0,"ZCMC":"16-17周","YPSJDD":"16-17周 星期一 第6节-第7节 余区北-教学大楼-314,1-16周 星期三 第9节-第10节 余区北-教学大楼-314,1-10周 星期一 第6节-第7节 余区北-教学大楼-314,17周 星期二 第6节-第7节 余区北-教学大楼-314,12-14周 星期一 第6节-第7节 余区北-教学大楼-314","XF":4,"SKXQ":1,"XNXQDM":"2024-2025-2","KCM":"桥梁工程C","JASDM":"0301020314","JXLDM":"030102","JXBID":"20242-03817","SKBJ":"道桥2201-03","TYXMDM":null,"KCH":"10225111014"},{"KKDWDM":"013","XS":64,"BYBZ":"0","JSJC":9,"XXXQDM":"03","KXH":"03","KSJC":6,"XKZRS":54,"SKZC":"000000000000000100000000000000","SKJS":"刘红丽","ISTK":0,"ZCMC":"16周","YPSJDD":"16周 星期六 第6节-第9节 余区北-教学大楼-314,3-5周,7-9周,11-13周,15周 星期六 第6节-第10节 余区北-教学大楼-314","XF":4,"SKXQ":6,"XNXQDM":"2024-2025-2","KCM":"电工与电子技术基础B","JASDM":"0301020314","JXLDM":"030102","JXBID":"20242-14313","SKBJ":null,"TYXMDM":null,"KCH":"10133121096"},{"KKDWDM":"006","XS":64,"BYBZ":"0","JSJC":4,"XXXQDM":"03","KXH":"04","KSJC":3,"XKZRS":70,"SKZC":"000000000000000100000000","SKJS":"贺玉海","ISTK":0,"ZCMC":"16周","YPSJDD":"4-10周,12-14周,16-17周 星期一 第1节-第2节 余区北-教学大楼-314,17周 星期二 第1节-第2节 余区北-教学大楼-314,16周 星期三 第3节-第4节 余区北-教学大楼-314,4-15周 星期三 第3节-第5节 余区北-教学大楼-314","XF":4,"SKXQ":3,"XNXQDM":"2024-2025-2","KCM":"内燃机学D","JASDM":"0301020314","JXLDM":"030102","JXBID":"20242-09801","SKBJ":"能动2203-04","TYXMDM":null,"KCH":"10064114003"},{"KKDWDM":"005","XS":64,"BYBZ":"0","JSJC":7,"XXXQDM":"03","KXH":"02","KSJC":6,"XKZRS":62,"SKZC":"000000000000000010000000000000","SKJS":"何雄君,肖祥","ISTK":0,"ZCMC":"17周","YPSJDD":"16-17周 星期一 第6节-第7节 余区北-教学大楼-314,1-16周 星期三 第9节-第10节 余区北-教学大楼-314,1-10周 星期一 第6节-第7节 余区北-教学大楼-314,17周 星期二 第6节-第7节 余区北-教学大楼-314,12-14周 星期一 第6节-第7节 余区北-教学大楼-314","XF":4,"SKXQ":2,"XNXQDM":"2024-2025-2","KCM":"桥梁工程C","JASDM":"0301020314","JXLDM":"030102","JXBID":"20242-03817","SKBJ":"道桥2201-03","TYXMDM":null,"KCH":"10225111014"},{"KKDWDM":"006","XS":64,"BYBZ":"0","JSJC":4,"XXXQDM":"03","KXH":"02","KSJC":3,"XKZRS":69,"SKZC":"000000000000000010000000","SKJS":"贺玉海","ISTK":0,"ZCMC":"17周","YPSJDD":"4-16周 星期三 第1节-第2节 余区北-教学大楼-314,17周 星期二 第3节-第4节 余区北-教学大楼-314,4-10周,12-14周,16-17周 星期一 第3节-第5节 余区北-教学大楼-314","XF":4,"SKXQ":2,"XNXQDM":"2024-2025-2","KCM":"内燃机学D","JASDM":"0301020314","JXLDM":"030102","JXBID":"20242-09799","SKBJ":"能动2201-02","TYXMDM":null,"KCH":"10064114003"},{"KKDWDM":"006","XS":64,"BYBZ":"0","JSJC":2,"XXXQDM":"03","KXH":"04","KSJC":1,"XKZRS":70,"SKZC":"000000000000000010000000","SKJS":"贺玉海","ISTK":0,"ZCMC":"17周","YPSJDD":"4-10周,12-14周,16-17周 星期一 第1节-第2节 余区北-教学大楼-314,17周 星期二 第1节-第2节 余区北-教学大楼-314,16周 星期三 第3节-第4节 余区北-教学大楼-314,4-15周 星期三 第3节-第5节 余区北-教学大楼-314","XF":4,"SKXQ":2,"XNXQDM":"2024-2025-2","KCM":"内燃机学D","JASDM":"0301020314","JXLDM":"030102","JXBID":"20242-09801","SKBJ":"能动2203-04","TYXMDM":null,"KCH":"10064114003"}]}},"code":"0"}