{"datas":{"jaskcb":{"extParams":{"code":1,"msg":"查询成功"},"pageSize":0,"pageNumber":0,"totalSize":-1,"rows":[{"KKDWDM":"006","XS":32,"BYBZ":"0","JSJC":10,"XXXQDM":"03","KXH":"01","KSJC":9,"XKZRS":36,"SKZC":"111111111100000000000000000000","SKJS":"李煜辉,陈汉玉","ISTK":0,"ZCMC":"1-10周","YPSJDD":"16-17周 星期一 第9节-第10节 余区北-教学大楼-319,1-10周 星期一 第9节-第10节 余区北-教学大楼-319,17周 星期二 第9节-第10节 余区北-教学大楼-319,12-14周 星期一 第9节-第10节 余区北-教学大楼-319","XF":2,"SKXQ":1,"XNXQDM":"2024-2025-2","KCM":"能源概论","JASDM":"0301020319","JXLDM":"030102","JXBID":"20242-05898","SKBJ":"能动zy2301","TYXMDM":null,"KCH":"10065113021"},{"KKDWDM":"006","XS":32,"BYBZ":"0","JSJC":5,"XXXQDM":"03","KXH":"02","KSJC":3,"XKZRS":28,"SKZC":"111111111100000000000000","SKJS":"李俊","ISTK":0,"ZCMC":"1-10周","YPSJDD":"12周 星期一 第3节-第4节 余区北-教学大楼-319,1-10周 星期一 第3节-第5节 余区北-教学大楼-319","XF":2,"SKXQ":1,"XNXQDM":"2024-2025-2","KCM":"船体强度与结构设计","JASDM":"0301020319","JXLDM":"030102","JXBID":"20242-02425","SKBJ":"船海zy2201","TYXMDM":null,"KCH":"10064121071"},{"KKDWDM":"005","XS":32,"BYBZ":"0","JSJC":8,"XXXQDM":"03","KXH":"01","KSJC":6,"XKZRS":35,"SKZC":"111111111100000000000000","SKJS":"丁翔","ISTK":0,"ZCMC":"1-10周","YPSJDD":"11周 星期二 第6节-第7节 余区北-教学大楼-319,1-10周 星期二 第6节-第8节 余区北-教学大楼-319","XF":2,"SKXQ":2,"XNXQDM":"2024-2025-2","KCM":"先进制造技术","JASDM":"0301020319","JXLDM":"030102","JXBID":"20242-03480","SKBJ":"设备控制2201","TYXMDM":null,"KCH":"10055121102"},{"KKDWDM":"005","XS":32,"BYBZ":"0","JSJC":2,"XXXQDM":"03","KXH":"01","KSJC":1,"XKZRS":33,"SKZC":"111111110000000000000000000000","SKJS":"陈勇","ISTK":0,"ZCMC":"1-8周","YPSJDD":"1-8周 星期二 第1节-第2节 余区北-教学大楼-319,1-5周 星期五 第3节-第4节 余区北-教学大楼-319,7-8周 星期五 第3节-第4节 余区北-教学大楼-319,9周 星期日 第3节-第4节 余区北-教学大楼-319","XF":2,"SKXQ":2,"XNXQDM":"2024-2025-2","KCM":"油库设计与管理B","JASDM":"0301020319","JXLDM":"030102","JXBID":"20242-02797","SKBJ":"油气2201","TYXMDM":null,"KCH":"10054121122"},{"KKDWDM":"005","XS":32,"BYBZ":"0","JSJC":7,"XXXQDM":"03","KXH":"01","KSJC":6,"XKZRS":22,"SKZC":"111111110000000000000000000000","SKJS":"金勇","ISTK":0,"ZCMC":"1-8周","YPSJDD":"9周 星期日 第1节-第2节 余区北-教学大楼-319,7-8周 星期五 第1节-第2节 余区北-教学大楼-319,1-5周 星期五 第1节-第2节 余区北-教学大楼-319,1-8周 星期三 第6节-第7节 余区北-教学大楼-319","XF":2,"SKXQ":3,"XNXQDM":"2024-2025-2","KCM":"船舶推进系统工程","JASDM":"0301020319","JXLDM":"030102","JXBID":"20242-03858","SKBJ":"交通本硕2201","TYXMDM":null,"KCH":"10055121008"},{"KKDWDM":"006","XS":32,"BYBZ":"0","JSJC":4,"XXXQDM":"03","KXH":"02","KSJC":3,"XKZRS":29,"SKZC":"111111110000000000000000","SKJS":"朱凌,梁棋钰","ISTK":0,"ZCMC":"1-8周","YPSJDD":"1-8周 星期二 第3节-第4节 余区北-教学大楼-319,1-8周 星期四 第3节-第4节 余区北-教学大楼-319","XF":2,"SKXQ":2,"XNXQDM":"2024-2025-2","KCM":"船舶与海洋工程安全规范","JASDM":"0301020319","JXLDM":"030102","JXBID":"20242-03504","SKBJ":"船舶xs2201","TYXMDM":null,"KCH":"10065121047"},{"KKDWDM":"006","XS":32,"BYBZ":"0","JSJC":4,"XXXQDM":"03","KXH":"02","KSJC":3,"XKZRS":29,"SKZC":"111111110000000000000000","SKJS":"朱凌,梁棋钰","ISTK":0,"ZCMC":"1-8周","YPSJDD":"1-8周 星期二 第3节-第4节 余区北-教学大楼-319,1-8周 星期四 第3节-第4节 余区北-教学大楼-319","XF":2,"SKXQ":4,"XNXQDM":"2024-2025-2","KCM":"船舶与海洋工程安全规范","JASDM":"0301020319","JXLDM":"030102","JXBID":"20242-03504","SKBJ":"船舶xs2201","TYXMDM":null,"KCH":"10065121047"},{"KKDWDM":"005","XS":32,"BYBZ":"0","JSJC":4,"XXXQDM":"03","KXH":"01","KSJC":3,"XKZRS":33,"SKZC":"111110000000000000000000000000","SKJS":"陈勇","ISTK":0,"ZCMC":"1-5周","YPSJDD":"1-8周 星期二 第1节-第2节 余区北-教学大楼-319,1-5周 星期五 第3节-第4节 余区北-教学大楼-319,7-8周 星期五 第3节-第4节 余区北-教学大楼-319,9周 星期日 第3节-第4节 余区北-教学大楼-319","XF":2,"SKXQ":5,"XNXQDM":"2024-2025-2","KCM":"油库设计与管理B","JASDM":"0301020319","JXLDM":"030102","JXBID":"20242-02797","SKBJ":"油气2201","TYXMDM":null,"KCH":"10054121122"},{"KKDWDM":"005","XS":32,"BYBZ":"0","JSJC":2,"XXXQDM":"03","KXH":"01","KSJC":1,"XKZRS":22,"SKZC":"111110000000000000000000000000","SKJS":"金勇","ISTK":0,"ZCMC":"1-5周","YPSJDD":"9周 星期日 第1节-第2节 余区北-教学大楼-319,7-8周 星期五 第1节-第2节 余区北-教学大楼-319,1-5周 星期五 第1节-第2节 余区北-教学大楼-319,1-8周 星期三 第6节-第7节 余区北-教学大楼-319","XF":2,"SKXQ":5,"XNXQDM":"2024-2025-2","KCM":"船舶推进系统工程","JASDM":"0301020319","JXLDM":"030102","JXBID":"20242-03858","SKBJ":"交通本硕2201","TYXMDM":null,"KCH":"10055121008"},{"KKDWDM":"020","XS":32,"BYBZ":"0","JSJC":9,"XXXQDM":"03","KXH":"02","KSJC":6,"XKZRS":9,"SKZC":"111110000000000000000000000000","SKJS":"赵晋平","ISTK":0,"ZCMC":"1-5周","YPSJDD":"1-5周 星期六 第6节-第9节 余区北-教学大楼-319,7-9周 星期六 第6节-第9节 余区北-教学大楼-319","XF":2,"SKXQ":6,"XNXQDM":"2024-2025-2","KCM":"大学日语4","JASDM":"0301020319","JXLDM":"030102","JXBID":"20242-13697","SKBJ":null,"TYXMDM":null,"KCH":"10204121032"},{"KKDWDM":"020","XS":32,"BYBZ":"0","JSJC":9,"XXXQDM":"03","KXH":"02","KSJC":6,"XKZRS":9,"SKZC":"000000111000000000000000000000","SKJS":"赵晋平","ISTK":0,"ZCMC":"7-9周","YPSJDD":"1-5周 星期六 第6节-第9节 余区北-教学大楼-319,7-9周 星期六 第6节-第9节 余区北-教学大楼-319","XF":2,"SKXQ":6,"XNXQDM":"2024-2025-2","KCM":"大学日语4","JASDM":"0301020319","JXLDM":"030102","JXBID":"20242-13697","SKBJ":null,"TYXMDM":null,"KCH":"10204121032"},{"KKDWDM":"005","XS":32,"BYBZ":"0","JSJC":2,"XXXQDM":"03","KXH":"01","KSJC":1,"XKZRS":22,"SKZC":"000000110000000000000000000000","SKJS":"金勇","ISTK":0,"ZCMC":"7-8周","YPSJDD":"9周 星期日 第1节-第2节 余区北-教学大楼-319,7-8周 星期五 第1节-第2节 余区北-教学大楼-319,1-5周 星期五 第1节-第2节 余区北-教学大楼-319,1-8周 星期三 第6节-第7节 余区北-教学大楼-319","XF":2,"SKXQ":5,"XNXQDM":"2024-2025-2","KCM":"船舶推进系统工程","JASDM":"0301020319","JXLDM":"030102","JXBID":"20242-03858","SKBJ":"交通本硕2201","TYXMDM":null,"KCH":"10055121008"},{"KKDWDM":"005","XS":32,"BYBZ":"0","JSJC":4,"XXXQDM":"03","KXH":"01","KSJC":3,"XKZRS":33,"SKZC":"000000110000000000000000000000","SKJS":"陈勇","ISTK":0,"ZCMC":"7-8周","YPSJDD":"1-8周 星期二 第1节-第2节 余区北-教学大楼-319,1-5周 星期五 第3节-第4节 余区北-教学大楼-319,7-8周 星期五 第3节-第4节 余区北-教学大楼-319,9周 星期日 第3节-第4节 余区北-教学大楼-319","XF":2,"SKXQ":5,"XNXQDM":"2024-2025-2","KCM":"油库设计与管理B","JASDM":"0301020319","JXLDM":"030102","JXBID":"20242-02797","SKBJ":"油气2201","TYXMDM":null,"KCH":"10054121122"},{"KKDWDM":"005","XS":32,"BYBZ":"0","JSJC":4,"XXXQDM":"03","KXH":"01","KSJC":3,"XKZRS":35,"SKZC":"000000001111111100000000000000","SKJS":"丁翔,曾喜喜","ISTK":0,"ZCMC":"9-16周","YPSJDD":"11-17周 星期四 第1节-第2节 余区北-教学大楼-319,9-16周 星期二 第3节-第4节 余区北-教学大楼-319,9周 星期四 第1节-第2节 余区北-教学大楼-319","XF":2,"SKXQ":2,"XNXQDM":"2024-2025-2","KCM":"水路交通装备优化设计","JASDM":"0301020319","JXLDM":"030102","JXBID":"20242-03534","SKBJ":"设备控制2201","TYXMDM":null,"KCH":"10055121103"},{"KKDWDM":"005","XS":40,"BYBZ":"0","JSJC":10,"XXXQDM":"03","KXH":"01","KSJC":9,"XKZRS":30,"SKZC":"000000001111111100000000000000","SKJS":"吴姝","ISTK":0,"ZCMC":"9-16周","YPSJDD":"16-17周 星期一 第6节-第7节 余区北-教学大楼-319,9-10周 星期一 第6节-第7节 余区北-教学大楼-319,17周 星期三 第6节-第7节 余区北-教学大楼-319,9-16周 星期三 第9节-第10节 余区北-教学大楼-319,12-14周 星期一 第6节-第7节 余区北-教学大楼-319","XF":2,"SKXQ":3,"XNXQDM":"2024-2025-2","KCM":"预测与决策","JASDM":"0301020319","JXLDM":"030102","JXBID":"20242-03921","SKBJ":"物管2203","TYXMDM":null,"KCH":"10055117049"},{"KKDWDM":"005","XS":32,"BYBZ":"0","JSJC":2,"XXXQDM":"03","KXH":"01","KSJC":1,"XKZRS":35,"SKZC":"000000001111111100000000000000","SKJS":"周新聪,陈勇","ISTK":0,"ZCMC":"9-16周","YPSJDD":"11-16周 星期五 第3节-第4节 余区北-教学大楼-319,9-16周 星期二 第1节-第2节 余区北-教学大楼-319,17周 星期三 第3节-第4节 余区北-教学大楼-319,9周 星期五 第3节-第4节 余区北-教学大楼-319","XF":2,"SKXQ":2,"XNXQDM":"2024-2025-2","KCM":"海洋工程机电设备概论","JASDM":"0301020319","JXLDM":"030102","JXBID":"20242-03585","SKBJ":"设备控制2201","TYXMDM":null,"KCH":"10055121108"},{"KKDWDM":"006","XS":40,"BYBZ":"0","JSJC":2,"XXXQDM":"03","KXH":"01","KSJC":1,"XKZRS":33,"SKZC":"000000001101110110000000","SKJS":"刘益清,向祖权","ISTK":0,"ZCMC":"9-10周,12-14周,16-17周","YPSJDD":"9-10周,12-14周,16-17周 星期一 第1节-第2节 余区北-教学大楼-319,17周 星期二 第1节-第2节 余区北-教学大楼-319,16周 星期四 第3节-第4节 余区北-教学大楼-319,9周,11-15周 星期四 第3节-第5节 余区北-教学大楼-319","XF":2,"SKXQ":1,"XNXQDM":"2024-2025-2","KCM":"船舶建造工艺学G","JASDM":"0301020319","JXLDM":"030102","JXBID":"20242-03642","SKBJ":"船海zy2201","TYXMDM":null,"KCH":"10064117083"},{"KKDWDM":"005","XS":40,"BYBZ":"0","JSJC":7,"XXXQDM":"03","KXH":"01","KSJC":6,"XKZRS":30,"SKZC":"000000001100000000000000000000","SKJS":"吴姝","ISTK":0,"ZCMC":"9-10周","YPSJDD":"16-17周 星期一 第6节-第7节 余区北-教学大楼-319,9-10周 星期一 第6节-第7节 余区北-教学大楼-319,17周 星期三 第6节-第7节 余区北-教学大楼-319,9-16周 星期三 第9节-第10节 余区北-教学大楼-319,12-14周 星期一 第6节-第7节 余区北-教学大楼-319","XF":2,"SKXQ":1,"XNXQDM":"2024-2025-2","KCM":"预测与决策","JASDM":"0301020319","JXLDM":"030102","JXBID":"20242-03921","SKBJ":"物管2203","TYXMDM":null,"KCH":"10055117049"},{"KKDWDM":"006","XS":40,"BYBZ":"0","JSJC":5,"XXXQDM":"03","KXH":"01","KSJC":3,"XKZRS":33,"SKZC":"000000001011111000000000","SKJS":"刘益清,向祖权","ISTK":0,"ZCMC":"9周,11-15周","YPSJDD":"9-10周,12-14周,16-17周 星期一 第1节-第2节 余区北-教学大楼-319,17周 星期二 第1节-第2节 余区北-教学大楼-319,16周 星期四 第3节-第4节 余区北-教学大楼-319,9周,11-15周 星期四 第3节-第5节 余区北-教学大楼-319","XF":2,"SKXQ":4,"XNXQDM":"2024-2025-2","KCM":"船舶建造工艺学G","JASDM":"0301020319","JXLDM":"030102","JXBID":"20242-03642","SKBJ":"船海zy2201","TYXMDM":null,"KCH":"10064117083"},{"KKDWDM":"005","XS":32,"BYBZ":"0","JSJC":4,"XXXQDM":"03","KXH":"01","KSJC":3,"XKZRS":33,"SKZC":"000000001000000000000000000000","SKJS":"陈勇","ISTK":0,"ZCMC":"9周","YPSJDD":"1-8周 星期二 第1节-第2节 余区北-教学大楼-319,1-5周 星期五 第3节-第4节 余区北-教学大楼-319,7-8周 星期五 第3节-第4节 余区北-教学大楼-319,9周 星期日 第3节-第4节 余区北-教学大楼-319","XF":2,"SKXQ":7,"XNXQDM":"2024-2025-2","KCM":"油库设计与管理B","JASDM":"0301020319","JXLDM":"030102","JXBID":"20242-02797","SKBJ":"油气2201","TYXMDM":null,"KCH":"10054121122"},{"KKDWDM":"005","XS":32,"BYBZ":"0","JSJC":2,"XXXQDM":"03","KXH":"01","KSJC":1,"XKZRS":22,"SKZC":"000000001000000000000000000000","SKJS":"金勇","ISTK":0,"ZCMC":"9周","YPSJDD":"9周 星期日 第1节-第2节 余区北-教学大楼-319,7-8周 星期五 第1节-第2节 余区北-教学大楼-319,1-5周 星期五 第1节-第2节 余区北-教学大楼-319,1-8周 星期三 第6节-第7节 余区北-教学大楼-319","XF":2,"SKXQ":7,"XNXQDM":"2024-2025-2","KCM":"船舶推进系统工程","JASDM":"0301020319","JXLDM":"030102","JXBID":"20242-03858","SKBJ":"交通本硕2201","TYXMDM":null,"KCH":"10055121008"},{"KKDWDM":"005","XS":32,"BYBZ":"0","JSJC":4,"XXXQDM":"03","KXH":"01","KSJC":3,"XKZRS":35,"SKZC":"000000001000000000000000000000","SKJS":"周新聪,陈勇","ISTK":0,"ZCMC":"9周","YPSJDD":"11-16周 星期五 第3节-第4节 余区北-教学大楼-319,9-16周 星期二 第1节-第2节 余区北-教学大楼-319,17周 星期三 第3节-第4节 余区北-教学大楼-319,9周 星期五 第3节-第4节 余区北-教学大楼-319","XF":2,"SKXQ":5,"XNXQDM":"2024-2025-2","KCM":"海洋工程机电设备概论","JASDM":"0301020319","JXLDM":"030102","JXBID":"20242-03585","SKBJ":"设备控制2201","TYXMDM":null,"KCH":"10055121108"},{"KKDWDM":"005","XS":32,"BYBZ":"0","JSJC":2,"XXXQDM":"03","KXH":"01","KSJC":1,"XKZRS":35,"SKZC":"000000001000000000000000000000","SKJS":"丁翔,曾喜喜","ISTK":0,"ZCMC":"9周","YPSJDD":"11-17周 星期四 第1节-第2节 余区北-教学大楼-319,9-16周 星期二 第3节-第4节 余区北-教学大楼-319,9周 星期四 第1节-第2节 余区北-教学大楼-319","XF":2,"SKXQ":4,"XNXQDM":"2024-2025-2","KCM":"水路交通装备优化设计","JASDM":"0301020319","JXLDM":"030102","JXBID":"20242-03534","SKBJ":"设备控制2201","TYXMDM":null,"KCH":"10055121103"},{"KKDWDM":"005","XS":32,"BYBZ":"0","JSJC":2,"XXXQDM":"03","KXH":"01","KSJC":1,"XKZRS":35,"SKZC":"000000000011111110000000000000","SKJS":"丁翔,曾喜喜","ISTK":0,"ZCMC":"11-17周","YPSJDD":"11-17周 星期四 第1节-第2节 余区北-教学大楼-319,9-16周 星期二 第3节-第4节 余区北-教学大楼-319,9周 星期四 第1节-第2节 余区北-教学大楼-319","XF":2,"SKXQ":4,"XNXQDM":"2024-2025-2","KCM":"水路交通装备优化设计","JASDM":"0301020319","JXLDM":"030102","JXBID":"20242-03534","SKBJ":"设备控制2201","TYXMDM":null,"KCH":"10055121103"},{"KKDWDM":"005","XS":32,"BYBZ":"0","JSJC":4,"XXXQDM":"03","KXH":"01","KSJC":3,"XKZRS":35,"SKZC":"000000000011111100000000000000","SKJS":"周新聪,陈勇","ISTK":0,"ZCMC":"11-16周","YPSJDD":"11-16周 星期五 第3节-第4节 余区北-教学大楼-319,9-16周 星期二 第1节-第2节 余区北-教学大楼-319,17周 星期三 第3节-第4节 余区北-教学大楼-319,9周 星期五 第3节-第4节 余区北-教学大楼-319","XF":2,"SKXQ":5,"XNXQDM":"2024-2025-2","KCM":"海洋工程机电设备概论","JASDM":"0301020319","JXLDM":"030102","JXBID":"20242-03585","SKBJ":"设备控制2201","TYXMDM":null,"KCH":"10055121108"},{"KKDWDM":"005","XS":32,"BYBZ":"0","JSJC":7,"XXXQDM":"03","KXH":"01","KSJC":6,"XKZRS":35,"SKZC":"000000000010000000000000","SKJS":"丁翔","ISTK":0,"ZCMC":"11周","YPSJDD":"11周 星期二 第6节-第7节 余区北-教学大楼-319,1-10周 星期二 第6节-第8节 余区北-教学大楼-319","XF":2,"SKXQ":2,"XNXQDM":"2024-2025-2","KCM":"先进制造技术","JASDM":"0301020319","JXLDM":"030102","JXBID":"20242-03480","SKBJ":"设备控制2201","TYXMDM":null,"KCH":"10055121102"},{"KKDWDM":"006","XS":32,"BYBZ":"0","JSJC":10,"XXXQDM":"03","KXH":"01","KSJC":9,"XKZRS":36,"SKZC":"000000000001110000000000000000","SKJS":"李煜辉,陈汉玉","ISTK":0,"ZCMC":"12-14周","YPSJDD":"16-17周 星期一 第9节-第10节 余区北-教学大楼-319,1-10周 星期一 第9节-第10节 余区北-教学大楼-319,17周 星期二 第9节-第10节 余区北-教学大楼-319,12-14周 星期一 第9节-第10节 余区北-教学大楼-319","XF":2,"SKXQ":1,"XNXQDM":"2024-2025-2","KCM":"能源概论","JASDM":"0301020319","JXLDM":"030102","JXBID":"20242-05898","SKBJ":"能动zy2301","TYXMDM":null,"KCH":"10065113021"},{"KKDWDM":"005","XS":40,"BYBZ":"0","JSJC":7,"XXXQDM":"03","KXH":"01","KSJC":6,"XKZRS":30,"SKZC":"000000000001110000000000000000","SKJS":"吴姝","ISTK":0,"ZCMC":"12-14周","YPSJDD":"16-17周 星期一 第6节-第7节 余区北-教学大楼-319,9-10周 星期一 第6节-第7节 余区北-教学大楼-319,17周 星期三 第6节-第7节 余区北-教学大楼-319,9-16周 星期三 第9节-第10节 余区北-教学大楼-319,12-14周 星期一 第6节-第7节 余区北-教学大楼-319","XF":2,"SKXQ":1,"XNXQDM":"2024-2025-2","KCM":"预测与决策","JASDM":"0301020319","JXLDM":"030102","JXBID":"20242-03921","SKBJ":"物管2203","TYXMDM":null,"KCH":"10055117049"},{"KKDWDM":"006","XS":32,"BYBZ":"0","JSJC":4,"XXXQDM":"03","KXH":"02","KSJC":3,"XKZRS":28,"SKZC":"000000000001000000000000","SKJS":"李俊","ISTK":0,"ZCMC":"12周","YPSJDD":"12周 星期一 第3节-第4节 余区北-教学大楼-319,1-10周 星期一 第3节-第5节 余区北-教学大楼-319","XF":2,"SKXQ":1,"XNXQDM":"2024-2025-2","KCM":"船体强度与结构设计","JASDM":"0301020319","JXLDM":"030102","JXBID":"20242-02425","SKBJ":"船海zy2201","TYXMDM":null,"KCH":"10064121071"},{"KKDWDM":"005","XS":40,"BYBZ":"0","JSJC":7,"XXXQDM":"03","KXH":"01","KSJC":6,"XKZRS":30,"SKZC":"000000000000000110000000000000","SKJS":"吴姝","ISTK":0,"ZCMC":"16-17周","YPSJDD":"16-17周 星期一 第6节-第7节 余区北-教学大楼-319,9-10周 星期一 第6节-第7节 余区北-教学大楼-319,17周 星期三 第6节-第7节 余区北-教学大楼-319,9-16周 星期三 第9节-第10节 余区北-教学大楼-319,12-14周 星期一 第6节-第7节 余区北-教学大楼-319","XF":2,"SKXQ":1,"XNXQDM":"2024-2025-2","KCM":"预测与决策","JASDM":"0301020319","JXLDM":"030102","JXBID":"20242-03921","SKBJ":"物管2203","TYXMDM":null,"KCH":"10055117049"},{"KKDWDM":"006","XS":32,"BYBZ":"0","JSJC":10,"XXXQDM":"03","KXH":"01","KSJC":9,"XKZRS":36,"SKZC":"000000000000000110000000000000","SKJS":"李煜辉,陈汉玉","ISTK":0,"ZCMC":"16-17周","YPSJDD":"16-17周 星期一 第9节-第10节 余区北-教学大楼-319,1-10周 星期一 第9节-第10节 余区北-教学大楼-319,17周 星期二 第9节-第10节 余区北-教学大楼-319,12-14周 星期一 第9节-第10节 余区北-教学大楼-319","XF":2,"SKXQ":1,"XNXQDM":"2024-2025-2","KCM":"能源概论","JASDM":"0301020319","JXLDM":"030102","JXBID":"20242-05898","SKBJ":"能动zy2301","TYXMDM":null,"KCH":"10065113021"},{"KKDWDM":"006","XS":40,"BYBZ":"0","JSJC":4,"XXXQDM":"03","KXH":"01","KSJC":3,"XKZRS":33,"SKZC":"000000000000000100000000","SKJS":"刘益清,向祖权","ISTK":0,"ZCMC":"16周","YPSJDD":"9-10周,12-14周,16-17周 星期一 第1节-第2节 余区北-教学大楼-319,17周 星期二 第1节-第2节 余区北-教学大楼-319,16周 星期四 第3节-第4节 余区北-教学大楼-319,9周,11-15周 星期四 第3节-第5节 余区北-教学大楼-319","XF":2,"SKXQ":4,"XNXQDM":"2024-2025-2","KCM":"船舶建造工艺学G","JASDM":"0301020319","JXLDM":"030102","JXBID":"20242-03642","SKBJ":"船海zy2201","TYXMDM":null,"KCH":"10064117083"},{"KKDWDM":"006","XS":32,"BYBZ":"0","JSJC":10,"XXXQDM":"03","KXH":"01","KSJC":9,"XKZRS":36,"SKZC":"000000000000000010000000000000","SKJS":"李煜辉,陈汉玉","ISTK":0,"ZCMC":"17周","YPSJDD":"16-17周 星期一 第9节-第10节 余区北-教学大楼-319,1-10周 星期一 第9节-第10节 余区北-教学大楼-319,17周 星期二 第9节-第10节 余区北-教学大楼-319,12-14周 星期一 第9节-第10节 余区北-教学大楼-319","XF":2,"SKXQ":2,"XNXQDM":"2024-2025-2","KCM":"能源概论","JASDM":"0301020319","JXLDM":"030102","JXBID":"20242-05898","SKBJ":"能动zy2301","TYXMDM":null,"KCH":"10065113021"},{"KKDWDM":"005","XS":40,"BYBZ":"0","JSJC":7,"XXXQDM":"03","KXH":"01","KSJC":6,"XKZRS":30,"SKZC":"000000000000000010000000000000","SKJS":"吴姝","ISTK":0,"ZCMC":"17周","YPSJDD":"16-17周 星期一 第6节-第7节 余区北-教学大楼-319,9-10周 星期一 第6节-第7节 余区北-教学大楼-319,17周 星期三 第6节-第7节 余区北-教学大楼-319,9-16周 星期三 第9节-第10节 余区北-教学大楼-319,12-14周 星期一 第6节-第7节 余区北-教学大楼-319","XF":2,"SKXQ":3,"XNXQDM":"2024-2025-2","KCM":"预测与决策","JASDM":"0301020319","JXLDM":"030102","JXBID":"20242-03921","SKBJ":"物管2203","TYXMDM":null,"KCH":"10055117049"},{"KKDWDM":"005","XS":32,"BYBZ":"0","JSJC":4,"XXXQDM":"03","KXH":"01","KSJC":3,"XKZRS":35,"SKZC":"000000000000000010000000000000","SKJS":"周新聪,陈勇","ISTK":0,"ZCMC":"17周","YPSJDD":"11-16周 星期五 第3节-第4节 余区北-教学大楼-319,9-16周 星期二 第1节-第2节 余区北-教学大楼-319,17周 星期三 第3节-第4节 余区北-教学大楼-319,9周 星期五 第3节-第4节 余区北-教学大楼-319","XF":2,"SKXQ":3,"XNXQDM":"2024-2025-2","KCM":"海洋工程机电设备概论","JASDM":"0301020319","JXLDM":"030102","JXBID":"20242-03585","SKBJ":"设备控制2201","TYXMDM":null,"KCH":"10055121108"},{"KKDWDM":"006","XS":40,"BYBZ":"0","JSJC":2,"XXXQDM":"03","KXH":"01","KSJC":1,"XKZRS":33,"SKZC":"000000000000000010000000","SKJS":"刘益清,向祖权","ISTK":0,"ZCMC":"17周","YPSJDD":"9-10周,12-14周,16-17周 星期一 第1节-第2节 余区北-教学大楼-319,17周 星期二 第1节-第2节 余区北-教学大楼-319,16周 星期四 第3节-第4节 余区北-教学大楼-319,9周,11-15周 星期四 第3节-第5节 余区北-教学大楼-319","XF":2,"SKXQ":2,"XNXQDM":"2024-2025-2","KCM":"船舶建造工艺学G","JASDM":"0301020319","JXLDM":"030102","JXBID":"20242-03642","SKBJ":"船海zy2201","TYXMDM":null,"KCH":"10064117083"}]}},"code":"0"}