{"datas":{"jaskcb":{"extParams":{"code":1,"msg":"查询成功"},"pageSize":0,"pageNumber":0,"totalSize":-1,"rows":[{"KKDWDM":null,"XS":null,"BYBZ":"1","JSJC":5,"XXXQDM":null,"KXH":null,"KSJC":3,"XKZRS":null,"SKZC":"000000000001111110000000000000","SKJS":"董升平","ISTK":0,"ZCMC":"12-17周","YPSJDD":null,"XF":null,"SKXQ":1,"XNXQDM":"2024-2025-2","KCM":"交通与物流信息技术及应用","JASDM":"0301020206","JXLDM":null,"JXBID":null,"SKBJ":null,"TYXMDM":null,"KCH":"40050223019"},{"KKDWDM":null,"XS":null,"BYBZ":"1","JSJC":13,"XXXQDM":null,"KXH":null,"KSJC":11,"XKZRS":null,"SKZC":"000000000001111110000000000000","SKJS":"董升平","ISTK":0,"ZCMC":"12-17周","YPSJDD":null,"XF":null,"SKXQ":4,"XNXQDM":"2024-2025-2","KCM":"交通与物流信息技术及应用","JASDM":"0301020206","JXLDM":null,"JXBID":null,"SKBJ":null,"TYXMDM":null,"KCH":"40050223019"},{"KKDWDM":null,"XS":null,"BYBZ":"1","JSJC":8,"XXXQDM":null,"KXH":null,"KSJC":6,"XKZRS":null,"SKZC":"000000000000000011100000000000","SKJS":"肖祥","ISTK":0,"ZCMC":"17-19周","YPSJDD":null,"XF":null,"SKXQ":6,"XNXQDM":"2024-2025-2","KCM":"高等桥梁结构理论","JASDM":"0301020206","JXLDM":null,"JXBID":null,"SKBJ":null,"TYXMDM":null,"KCH":"40050223024"},{"KKDWDM":null,"XS":null,"BYBZ":"1","JSJC":8,"XXXQDM":null,"KXH":null,"KSJC":6,"XKZRS":null,"SKZC":"000011111111111111100000000000","SKJS":"肖祥","ISTK":0,"ZCMC":"5-19周","YPSJDD":null,"XF":null,"SKXQ":7,"XNXQDM":"2024-2025-2","KCM":"高等桥梁结构理论","JASDM":"0301020206","JXLDM":null,"JXBID":null,"SKBJ":null,"TYXMDM":null,"KCH":"40050223024"},{"KKDWDM":null,"XS":null,"BYBZ":"1","JSJC":10,"XXXQDM":null,"KXH":null,"KSJC":9,"XKZRS":null,"SKZC":"000000000111111111000000000000","SKJS":"吕海利","ISTK":0,"ZCMC":"10-18周","YPSJDD":null,"XF":null,"SKXQ":1,"XNXQDM":"2024-2025-2","KCM":"复杂系统建模与仿真","JASDM":"0301020206","JXLDM":null,"JXBID":null,"SKBJ":null,"TYXMDM":null,"KCH":"40050223032"},{"KKDWDM":null,"XS":null,"BYBZ":"1","JSJC":10,"XXXQDM":null,"KXH":null,"KSJC":9,"XKZRS":null,"SKZC":"000000000111111111000000000000","SKJS":"吕海利","ISTK":0,"ZCMC":"10-18周","YPSJDD":null,"XF":null,"SKXQ":7,"XNXQDM":"2024-2025-2","KCM":"复杂系统建模与仿真","JASDM":"0301020206","JXLDM":null,"JXBID":null,"SKBJ":null,"TYXMDM":null,"KCH":"40050223032"},{"KKDWDM":null,"XS":null,"BYBZ":"1","JSJC":8,"XXXQDM":null,"KXH":null,"KSJC":6,"XKZRS":null,"SKZC":"111100000000000000000000000000","SKJS":"朱云升","ISTK":0,"ZCMC":"1-4周","YPSJDD":null,"XF":null,"SKXQ":4,"XNXQDM":"2024-2025-2","KCM":"路面设计理论与方法","JASDM":"0301020206","JXLDM":null,"JXBID":null,"SKBJ":null,"TYXMDM":null,"KCH":"40050323025"},{"KKDWDM":null,"XS":null,"BYBZ":"1","JSJC":13,"XXXQDM":null,"KXH":null,"KSJC":11,"XKZRS":null,"SKZC":"111100000000000000000000000000","SKJS":"朱云升","ISTK":0,"ZCMC":"1-4周","YPSJDD":null,"XF":null,"SKXQ":5,"XNXQDM":"2024-2025-2","KCM":"路面设计理论与方法","JASDM":"0301020206","JXLDM":null,"JXBID":null,"SKBJ":null,"TYXMDM":null,"KCH":"40050323025"},{"KKDWDM":null,"XS":null,"BYBZ":"1","JSJC":8,"XXXQDM":null,"KXH":null,"KSJC":6,"XKZRS":null,"SKZC":"111100000000000000000000000000","SKJS":"朱云升","ISTK":0,"ZCMC":"1-4周","YPSJDD":null,"XF":null,"SKXQ":7,"XNXQDM":"2024-2025-2","KCM":"路面设计理论与方法","JASDM":"0301020206","JXLDM":null,"JXBID":null,"SKBJ":null,"TYXMDM":null,"KCH":"40050323025"},{"KKDWDM":null,"XS":null,"BYBZ":"1","JSJC":13,"XXXQDM":null,"KXH":null,"KSJC":11,"XKZRS":null,"SKZC":"000000011111100000000000000000","SKJS":"滕庆","ISTK":0,"ZCMC":"8-13周","YPSJDD":null,"XF":null,"SKXQ":2,"XNXQDM":"2024-2025-2","KCM":"快速原型与快速制模（3D打印技术）","JASDM":"0301020206","JXLDM":null,"JXBID":null,"SKBJ":null,"TYXMDM":null,"KCH":"40050323031"},{"KKDWDM":null,"XS":null,"BYBZ":"1","JSJC":13,"XXXQDM":null,"KXH":null,"KSJC":11,"XKZRS":null,"SKZC":"000000011111100000000000000000","SKJS":"滕庆","ISTK":0,"ZCMC":"8-13周","YPSJDD":null,"XF":null,"SKXQ":5,"XNXQDM":"2024-2025-2","KCM":"快速原型与快速制模（3D打印技术）","JASDM":"0301020206","JXLDM":null,"JXBID":null,"SKBJ":null,"TYXMDM":null,"KCH":"40050323031"},{"KKDWDM":null,"XS":null,"BYBZ":"1","JSJC":13,"XXXQDM":null,"KXH":null,"KSJC":11,"XKZRS":null,"SKZC":"000000000000111111000000000000","SKJS":"孔祥韶","ISTK":0,"ZCMC":"13-18周","YPSJDD":null,"XF":null,"SKXQ":1,"XNXQDM":"2024-2025-2","KCM":"舰船爆炸与冲击动力学","JASDM":"0301020206","JXLDM":null,"JXBID":null,"SKBJ":null,"TYXMDM":null,"KCH":"40060223062"},{"KKDWDM":null,"XS":null,"BYBZ":"1","JSJC":5,"XXXQDM":null,"KXH":null,"KSJC":3,"XKZRS":null,"SKZC":"000000000000111111000000000000","SKJS":"孔祥韶","ISTK":0,"ZCMC":"13-18周","YPSJDD":null,"XF":null,"SKXQ":3,"XNXQDM":"2024-2025-2","KCM":"舰船爆炸与冲击动力学","JASDM":"0301020206","JXLDM":null,"JXBID":null,"SKBJ":null,"TYXMDM":null,"KCH":"40060223062"},{"KKDWDM":null,"XS":null,"BYBZ":"1","JSJC":8,"XXXQDM":null,"KXH":null,"KSJC":6,"XKZRS":null,"SKZC":"000000000000000111000000000000","SKJS":"金秋","ISTK":0,"ZCMC":"16-18周","YPSJDD":null,"XF":null,"SKXQ":1,"XNXQDM":"2024-2025-2","KCM":"专业英语（硕士-船海）","JASDM":"0301020206","JXLDM":null,"JXBID":null,"SKBJ":null,"TYXMDM":null,"KCH":"40060323010"},{"KKDWDM":null,"XS":null,"BYBZ":"1","JSJC":5,"XXXQDM":null,"KXH":null,"KSJC":3,"XKZRS":null,"SKZC":"000000000000000111000000000000","SKJS":"金秋","ISTK":0,"ZCMC":"16-18周","YPSJDD":null,"XF":null,"SKXQ":5,"XNXQDM":"2024-2025-2","KCM":"专业英语（硕士-船海）","JASDM":"0301020206","JXLDM":null,"JXBID":null,"SKBJ":null,"TYXMDM":null,"KCH":"40060323010"},{"KKDWDM":null,"XS":null,"BYBZ":"1","JSJC":13,"XXXQDM":null,"KXH":null,"KSJC":11,"XKZRS":null,"SKZC":"111111111111000000000000000000","SKJS":"胡闹","ISTK":0,"ZCMC":"1-12周","YPSJDD":null,"XF":null,"SKXQ":6,"XNXQDM":"2024-2025-2","KCM":"模态分析","JASDM":"0301020206","JXLDM":null,"JXBID":null,"SKBJ":null,"TYXMDM":null,"KCH":"40060323020"},{"KKDWDM":null,"XS":null,"BYBZ":"1","JSJC":5,"XXXQDM":null,"KXH":null,"KSJC":3,"XKZRS":null,"SKZC":"000000000000011000000000000000","SKJS":"熊勇","ISTK":0,"ZCMC":"14-15周","YPSJDD":null,"XF":null,"SKXQ":5,"XNXQDM":"2024-2025-2","KCM":"无人航行器控制与制导实验","JASDM":"0301020206","JXLDM":null,"JXBID":null,"SKBJ":null,"TYXMDM":null,"KCH":"40140323019"},{"KKDWDM":null,"XS":null,"BYBZ":"1","JSJC":8,"XXXQDM":null,"KXH":null,"KSJC":6,"XKZRS":null,"SKZC":"011111111100000000000000000000","SKJS":"谢群","ISTK":0,"ZCMC":"2-10周","YPSJDD":null,"XF":null,"SKXQ":3,"XNXQDM":"2024-2025-2","KCM":"名剧民品","JASDM":"0301020206","JXLDM":null,"JXBID":null,"SKBJ":null,"TYXMDM":null,"KCH":"40200123006"},{"KKDWDM":null,"XS":null,"BYBZ":"1","JSJC":5,"XXXQDM":null,"KXH":null,"KSJC":3,"XKZRS":null,"SKZC":"011111111100000000000000000000","SKJS":"姚婧","ISTK":0,"ZCMC":"2-10周","YPSJDD":null,"XF":null,"SKXQ":1,"XNXQDM":"2024-2025-2","KCM":"跨文化交际","JASDM":"0301020206","JXLDM":null,"JXBID":null,"SKBJ":null,"TYXMDM":null,"KCH":"40200123009"},{"KKDWDM":null,"XS":null,"BYBZ":"1","JSJC":10,"XXXQDM":null,"KXH":null,"KSJC":6,"XKZRS":null,"SKZC":"000000001111111000000000000000","SKJS":"周堂波","ISTK":0,"ZCMC":"9-15周","YPSJDD":null,"XF":null,"SKXQ":4,"XNXQDM":"2024-2025-2","KCM":"第一外国语（日）","JASDM":"0301020206","JXLDM":null,"JXBID":null,"SKBJ":null,"TYXMDM":null,"KCH":"40200123014"},{"KKDWDM":null,"XS":null,"BYBZ":"1","JSJC":5,"XXXQDM":null,"KXH":null,"KSJC":3,"XKZRS":null,"SKZC":"000001111111111110000000000000","SKJS":"郑澜波","ISTK":0,"ZCMC":"6-17周","YPSJDD":null,"XF":null,"SKXQ":2,"XNXQDM":"2024-2025-2","KCM":"运筹学（Ⅱ）","JASDM":"0301020206","JXLDM":null,"JXBID":null,"SKBJ":null,"TYXMDM":null,"KCH":"50050223015"},{"KKDWDM":null,"XS":null,"BYBZ":"1","JSJC":5,"XXXQDM":null,"KXH":null,"KSJC":3,"XKZRS":null,"SKZC":"001111111111110000000000000000","SKJS":"龚哲君","ISTK":0,"ZCMC":"3-14周","YPSJDD":null,"XF":null,"SKXQ":7,"XNXQDM":"2024-2025-2","KCM":"物流经济学","JASDM":"0301020206","JXLDM":null,"JXBID":null,"SKBJ":null,"TYXMDM":null,"KCH":"50050223017"},{"KKDWDM":null,"XS":null,"BYBZ":"1","JSJC":5,"XXXQDM":null,"KXH":null,"KSJC":3,"XKZRS":null,"SKZC":"011111111111100000000000000000","SKJS":"杜玲莉","ISTK":0,"ZCMC":"2-13周","YPSJDD":null,"XF":null,"SKXQ":5,"XNXQDM":"2024-2025-2","KCM":"科技英语阅读与写作（高阶）","JASDM":"0301020206","JXLDM":null,"JXBID":null,"SKBJ":null,"TYXMDM":null,"KCH":"60200123001"}]}},"code":"0"}