{"datas":{"jaskcb":{"extParams":{"code":1,"msg":"查询成功"},"pageSize":0,"pageNumber":0,"totalSize":-1,"rows":[{"KKDWDM":"005","XS":56,"BYBZ":"0","JSJC":2,"XXXQDM":"03","KXH":"01","KSJC":1,"XKZRS":66,"SKZC":"111111111111110000000000000000","SKJS":"李月光,陈彧","ISTK":0,"ZCMC":"1-14周","YPSJDD":"1-10周 星期一 第3节-第4节 余区北-教学大楼-511,16周 星期一 第3节-第4节 余区北-教学大楼-511,12-14周 星期一 第3节-第4节 余区北-教学大楼-511,1-14周 星期三 第1节-第2节 余区北-教学大楼-511","XF":3,"SKXQ":3,"XNXQDM":"2024-2025-2","KCM":"路基路面工程A","JASDM":"0301020511","JXLDM":"030102","JXBID":"20242-03288","SKBJ":"道桥zy2201","TYXMDM":null,"KCH":"10054117069"},{"KKDWDM":"005","XS":56,"BYBZ":"0","JSJC":4,"XXXQDM":"03","KXH":"01","KSJC":3,"XKZRS":66,"SKZC":"111111111100000000000000000000","SKJS":"李月光,陈彧","ISTK":0,"ZCMC":"1-10周","YPSJDD":"1-10周 星期一 第3节-第4节 余区北-教学大楼-511,16周 星期一 第3节-第4节 余区北-教学大楼-511,12-14周 星期一 第3节-第4节 余区北-教学大楼-511,1-14周 星期三 第1节-第2节 余区北-教学大楼-511","XF":3,"SKXQ":1,"XNXQDM":"2024-2025-2","KCM":"路基路面工程A","JASDM":"0301020511","JXLDM":"030102","JXBID":"20242-03288","SKBJ":"道桥zy2201","TYXMDM":null,"KCH":"10054117069"},{"KKDWDM":"022","XS":40,"BYBZ":"0","JSJC":2,"XXXQDM":"03","KXH":"01","KSJC":1,"XKZRS":20,"SKZC":"111111111100000000000000000000","SKJS":"邓文","ISTK":0,"ZCMC":"1-10周","YPSJDD":"1-5周 星期五 第6节-第7节 余区北-教学大楼-511,1-10周 星期二 第1节-第2节 余区北-教学大楼-511,11周 星期五 第6节-第7节 余区北-教学大楼-511,9周 星期日 第6节-第7节 余区北-教学大楼-511,7-9周 星期五 第6节-第7节 余区北-教学大楼-511","XF":2,"SKXQ":2,"XNXQDM":"2024-2025-2","KCM":"经济法A","JASDM":"0301020511","JXLDM":"030102","JXBID":"20242-03855","SKBJ":"物管2201-03","TYXMDM":null,"KCH":"10057311038"},{"KKDWDM":"005","XS":32,"BYBZ":"0","JSJC":8,"XXXQDM":"03","KXH":"02","KSJC":6,"XKZRS":36,"SKZC":"111111111100000000000000","SKJS":"张艳伟","ISTK":0,"ZCMC":"1-10周","YPSJDD":"11周 星期二 第6节-第7节 余区北-教学大楼-511,1-10周 星期二 第6节-第8节 余区北-教学大楼-511","XF":2,"SKXQ":2,"XNXQDM":"2024-2025-2","KCM":"物流设施规划与设计B","JASDM":"0301020511","JXLDM":"030102","JXBID":"20242-02720","SKBJ":"物流zy2201-02","TYXMDM":null,"KCH":"10055113008"},{"KKDWDM":"005","XS":32,"BYBZ":"0","JSJC":7,"XXXQDM":"03","KXH":"01","KSJC":6,"XKZRS":53,"SKZC":"11111111","SKJS":"袁兵","ISTK":0,"ZCMC":"1-8周","YPSJDD":"1-8周 星期三 第3节-第4节 余区北-教学大楼-511,1-8周 星期一 第6节-第7节 余区北-教学大楼-511","XF":2,"SKXQ":1,"XNXQDM":"2024-2025-2","KCM":"嵌入式系统","JASDM":"0301020511","JXLDM":"030102","JXBID":"20242-03375","SKBJ":"物流zy2201-02","TYXMDM":null,"KCH":"10054121131"},{"KKDWDM":"005","XS":32,"BYBZ":"0","JSJC":4,"XXXQDM":"03","KXH":"01","KSJC":3,"XKZRS":53,"SKZC":"11111111","SKJS":"袁兵","ISTK":0,"ZCMC":"1-8周","YPSJDD":"1-8周 星期三 第3节-第4节 余区北-教学大楼-511,1-8周 星期一 第6节-第7节 余区北-教学大楼-511","XF":2,"SKXQ":3,"XNXQDM":"2024-2025-2","KCM":"嵌入式系统","JASDM":"0301020511","JXLDM":"030102","JXBID":"20242-03375","SKBJ":"物流zy2201-02","TYXMDM":null,"KCH":"10054121131"},{"KKDWDM":"005","XS":32,"BYBZ":"0","JSJC":4,"XXXQDM":"03","KXH":"02","KSJC":3,"XKZRS":24,"SKZC":"1111111","SKJS":"王腾飞","ISTK":0,"ZCMC":"1-7周","YPSJDD":"1-7周 星期二 第3节-第4节 余区北-教学大楼-511,1-7周 星期四 第3节-第4节 余区北-教学大楼-511","XF":2,"SKXQ":4,"XNXQDM":"2024-2025-2","KCM":"物流机器人与智能装备","JASDM":"0301020511","JXLDM":"030102","JXBID":"20242-02904","SKBJ":"物流zy2201-02","TYXMDM":null,"KCH":"10055121050"},{"KKDWDM":"005","XS":32,"BYBZ":"0","JSJC":4,"XXXQDM":"03","KXH":"02","KSJC":3,"XKZRS":24,"SKZC":"1111111","SKJS":"王腾飞","ISTK":0,"ZCMC":"1-7周","YPSJDD":"1-7周 星期二 第3节-第4节 余区北-教学大楼-511,1-7周 星期四 第3节-第4节 余区北-教学大楼-511","XF":2,"SKXQ":2,"XNXQDM":"2024-2025-2","KCM":"物流机器人与智能装备","JASDM":"0301020511","JXLDM":"030102","JXBID":"20242-02904","SKBJ":"物流zy2201-02","TYXMDM":null,"KCH":"10055121050"},{"KKDWDM":"005","XS":32,"BYBZ":"0","JSJC":5,"XXXQDM":"03","KXH":"01","KSJC":3,"XKZRS":69,"SKZC":"111110000000000000000000000000","SKJS":"刘兵,马晓凤","ISTK":0,"ZCMC":"1-5周","YPSJDD":"9周 星期日 第3节-第5节 余区北-教学大楼-511,1-5周 星期五 第3节-第5节 余区北-教学大楼-511,7-8周 星期五 第3节-第5节 余区北-教学大楼-511","XF":2,"SKXQ":5,"XNXQDM":"2024-2025-2","KCM":"交通环境与可持续发展","JASDM":"0301020511","JXLDM":"030102","JXBID":"20242-03731","SKBJ":"交工2201-02","TYXMDM":null,"KCH":"10055121071"},{"KKDWDM":"022","XS":40,"BYBZ":"0","JSJC":7,"XXXQDM":"03","KXH":"01","KSJC":6,"XKZRS":20,"SKZC":"111110000000000000000000000000","SKJS":"邓文","ISTK":0,"ZCMC":"1-5周","YPSJDD":"1-5周 星期五 第6节-第7节 余区北-教学大楼-511,1-10周 星期二 第1节-第2节 余区北-教学大楼-511,11周 星期五 第6节-第7节 余区北-教学大楼-511,9周 星期日 第6节-第7节 余区北-教学大楼-511,7-9周 星期五 第6节-第7节 余区北-教学大楼-511","XF":2,"SKXQ":5,"XNXQDM":"2024-2025-2","KCM":"经济法A","JASDM":"0301020511","JXLDM":"030102","JXBID":"20242-03855","SKBJ":"物管2201-03","TYXMDM":null,"KCH":"10057311038"},{"KKDWDM":"022","XS":40,"BYBZ":"0","JSJC":7,"XXXQDM":"03","KXH":"01","KSJC":6,"XKZRS":20,"SKZC":"000000111000000000000000000000","SKJS":"邓文","ISTK":0,"ZCMC":"7-9周","YPSJDD":"1-5周 星期五 第6节-第7节 余区北-教学大楼-511,1-10周 星期二 第1节-第2节 余区北-教学大楼-511,11周 星期五 第6节-第7节 余区北-教学大楼-511,9周 星期日 第6节-第7节 余区北-教学大楼-511,7-9周 星期五 第6节-第7节 余区北-教学大楼-511","XF":2,"SKXQ":5,"XNXQDM":"2024-2025-2","KCM":"经济法A","JASDM":"0301020511","JXLDM":"030102","JXBID":"20242-03855","SKBJ":"物管2201-03","TYXMDM":null,"KCH":"10057311038"},{"KKDWDM":"005","XS":32,"BYBZ":"0","JSJC":5,"XXXQDM":"03","KXH":"01","KSJC":3,"XKZRS":69,"SKZC":"000000110000000000000000000000","SKJS":"刘兵,马晓凤","ISTK":0,"ZCMC":"7-8周","YPSJDD":"9周 星期日 第3节-第5节 余区北-教学大楼-511,1-5周 星期五 第3节-第5节 余区北-教学大楼-511,7-8周 星期五 第3节-第5节 余区北-教学大楼-511","XF":2,"SKXQ":5,"XNXQDM":"2024-2025-2","KCM":"交通环境与可持续发展","JASDM":"0301020511","JXLDM":"030102","JXBID":"20242-03731","SKBJ":"交工2201-02","TYXMDM":null,"KCH":"10055121071"},{"KKDWDM":"006","XS":32,"BYBZ":"0","JSJC":4,"XXXQDM":"03","KXH":"02","KSJC":3,"XKZRS":37,"SKZC":"000000001111111100000000000000","SKJS":"柴威,程细得","ISTK":0,"ZCMC":"9-16周","YPSJDD":"9-16周 星期三 第3节-第4节 余区北-教学大楼-511,9周 星期五 第3节-第4节 余区北-教学大楼-511,17周 星期三 第3节-第4节 余区北-教学大楼-511,11-16周 星期五 第3节-第4节 余区北-教学大楼-511","XF":2,"SKXQ":3,"XNXQDM":"2024-2025-2","KCM":"船舶操纵性与耐波性","JASDM":"0301020511","JXLDM":"030102","JXBID":"20242-02400","SKBJ":"船舶xs2201","TYXMDM":null,"KCH":"10064121072"},{"KKDWDM":"006","XS":32,"BYBZ":"0","JSJC":4,"XXXQDM":"03","KXH":"02","KSJC":3,"XKZRS":37,"SKZC":"000000001000000000000000000000","SKJS":"柴威,程细得","ISTK":0,"ZCMC":"9周","YPSJDD":"9-16周 星期三 第3节-第4节 余区北-教学大楼-511,9周 星期五 第3节-第4节 余区北-教学大楼-511,17周 星期三 第3节-第4节 余区北-教学大楼-511,11-16周 星期五 第3节-第4节 余区北-教学大楼-511","XF":2,"SKXQ":5,"XNXQDM":"2024-2025-2","KCM":"船舶操纵性与耐波性","JASDM":"0301020511","JXLDM":"030102","JXBID":"20242-02400","SKBJ":"船舶xs2201","TYXMDM":null,"KCH":"10064121072"},{"KKDWDM":"022","XS":40,"BYBZ":"0","JSJC":7,"XXXQDM":"03","KXH":"01","KSJC":6,"XKZRS":20,"SKZC":"000000001000000000000000000000","SKJS":"邓文","ISTK":0,"ZCMC":"9周","YPSJDD":"1-5周 星期五 第6节-第7节 余区北-教学大楼-511,1-10周 星期二 第1节-第2节 余区北-教学大楼-511,11周 星期五 第6节-第7节 余区北-教学大楼-511,9周 星期日 第6节-第7节 余区北-教学大楼-511,7-9周 星期五 第6节-第7节 余区北-教学大楼-511","XF":2,"SKXQ":7,"XNXQDM":"2024-2025-2","KCM":"经济法A","JASDM":"0301020511","JXLDM":"030102","JXBID":"20242-03855","SKBJ":"物管2201-03","TYXMDM":null,"KCH":"10057311038"},{"KKDWDM":"005","XS":32,"BYBZ":"0","JSJC":5,"XXXQDM":"03","KXH":"01","KSJC":3,"XKZRS":69,"SKZC":"000000001000000000000000000000","SKJS":"刘兵,马晓凤","ISTK":0,"ZCMC":"9周","YPSJDD":"9周 星期日 第3节-第5节 余区北-教学大楼-511,1-5周 星期五 第3节-第5节 余区北-教学大楼-511,7-8周 星期五 第3节-第5节 余区北-教学大楼-511","XF":2,"SKXQ":7,"XNXQDM":"2024-2025-2","KCM":"交通环境与可持续发展","JASDM":"0301020511","JXLDM":"030102","JXBID":"20242-03731","SKBJ":"交工2201-02","TYXMDM":null,"KCH":"10055121071"},{"KKDWDM":"006","XS":32,"BYBZ":"0","JSJC":4,"XXXQDM":"03","KXH":"02","KSJC":3,"XKZRS":37,"SKZC":"000000000011111100000000000000","SKJS":"柴威,程细得","ISTK":0,"ZCMC":"11-16周","YPSJDD":"9-16周 星期三 第3节-第4节 余区北-教学大楼-511,9周 星期五 第3节-第4节 余区北-教学大楼-511,17周 星期三 第3节-第4节 余区北-教学大楼-511,11-16周 星期五 第3节-第4节 余区北-教学大楼-511","XF":2,"SKXQ":5,"XNXQDM":"2024-2025-2","KCM":"船舶操纵性与耐波性","JASDM":"0301020511","JXLDM":"030102","JXBID":"20242-02400","SKBJ":"船舶xs2201","TYXMDM":null,"KCH":"10064121072"},{"KKDWDM":"022","XS":40,"BYBZ":"0","JSJC":7,"XXXQDM":"03","KXH":"01","KSJC":6,"XKZRS":20,"SKZC":"000000000010000000000000000000","SKJS":"邓文","ISTK":0,"ZCMC":"11周","YPSJDD":"1-5周 星期五 第6节-第7节 余区北-教学大楼-511,1-10周 星期二 第1节-第2节 余区北-教学大楼-511,11周 星期五 第6节-第7节 余区北-教学大楼-511,9周 星期日 第6节-第7节 余区北-教学大楼-511,7-9周 星期五 第6节-第7节 余区北-教学大楼-511","XF":2,"SKXQ":5,"XNXQDM":"2024-2025-2","KCM":"经济法A","JASDM":"0301020511","JXLDM":"030102","JXBID":"20242-03855","SKBJ":"物管2201-03","TYXMDM":null,"KCH":"10057311038"},{"KKDWDM":"005","XS":32,"BYBZ":"0","JSJC":7,"XXXQDM":"03","KXH":"02","KSJC":6,"XKZRS":36,"SKZC":"000000000010000000000000","SKJS":"张艳伟","ISTK":0,"ZCMC":"11周","YPSJDD":"11周 星期二 第6节-第7节 余区北-教学大楼-511,1-10周 星期二 第6节-第8节 余区北-教学大楼-511","XF":2,"SKXQ":2,"XNXQDM":"2024-2025-2","KCM":"物流设施规划与设计B","JASDM":"0301020511","JXLDM":"030102","JXBID":"20242-02720","SKBJ":"物流zy2201-02","TYXMDM":null,"KCH":"10055113008"},{"KKDWDM":"005","XS":56,"BYBZ":"0","JSJC":4,"XXXQDM":"03","KXH":"01","KSJC":3,"XKZRS":66,"SKZC":"000000000001110000000000000000","SKJS":"李月光,陈彧","ISTK":0,"ZCMC":"12-14周","YPSJDD":"1-10周 星期一 第3节-第4节 余区北-教学大楼-511,16周 星期一 第3节-第4节 余区北-教学大楼-511,12-14周 星期一 第3节-第4节 余区北-教学大楼-511,1-14周 星期三 第1节-第2节 余区北-教学大楼-511","XF":3,"SKXQ":1,"XNXQDM":"2024-2025-2","KCM":"路基路面工程A","JASDM":"0301020511","JXLDM":"030102","JXBID":"20242-03288","SKBJ":"道桥zy2201","TYXMDM":null,"KCH":"10054117069"},{"KKDWDM":"005","XS":56,"BYBZ":"0","JSJC":4,"XXXQDM":"03","KXH":"01","KSJC":3,"XKZRS":66,"SKZC":"000000000000000100000000000000","SKJS":"李月光,陈彧","ISTK":0,"ZCMC":"16周","YPSJDD":"1-10周 星期一 第3节-第4节 余区北-教学大楼-511,16周 星期一 第3节-第4节 余区北-教学大楼-511,12-14周 星期一 第3节-第4节 余区北-教学大楼-511,1-14周 星期三 第1节-第2节 余区北-教学大楼-511","XF":3,"SKXQ":1,"XNXQDM":"2024-2025-2","KCM":"路基路面工程A","JASDM":"0301020511","JXLDM":"030102","JXBID":"20242-03288","SKBJ":"道桥zy2201","TYXMDM":null,"KCH":"10054117069"},{"KKDWDM":"006","XS":32,"BYBZ":"0","JSJC":4,"XXXQDM":"03","KXH":"02","KSJC":3,"XKZRS":37,"SKZC":"000000000000000010000000000000","SKJS":"柴威,程细得","ISTK":0,"ZCMC":"17周","YPSJDD":"9-16周 星期三 第3节-第4节 余区北-教学大楼-511,9周 星期五 第3节-第4节 余区北-教学大楼-511,17周 星期三 第3节-第4节 余区北-教学大楼-511,11-16周 星期五 第3节-第4节 余区北-教学大楼-511","XF":2,"SKXQ":3,"XNXQDM":"2024-2025-2","KCM":"船舶操纵性与耐波性","JASDM":"0301020511","JXLDM":"030102","JXBID":"20242-02400","SKBJ":"船舶xs2201","TYXMDM":null,"KCH":"10064121072"}]}},"code":"0"}