{"datas":{"jaskcb":{"extParams":{"code":1,"msg":"查询成功"},"pageSize":0,"pageNumber":0,"totalSize":-1,"rows":[{"KKDWDM":"006","XS":48,"BYBZ":"0","JSJC":5,"XXXQDM":"03","KXH":"05","KSJC":3,"XKZRS":37,"SKZC":"1111111111111111","SKJS":"汤旭晶","ISTK":0,"ZCMC":"1-16周","YPSJDD":"1-16周 星期二 第3节-第5节 余区北-教学大楼-325","XF":3,"SKXQ":2,"XNXQDM":"2024-2025-2","KCM":"轮机自动化B","JASDM":"0301020325","JXLDM":"030102","JXBID":"20242-09764","SKBJ":"轮机2203-04","TYXMDM":null,"KCH":"10065117033"},{"KKDWDM":"005","XS":32,"BYBZ":"0","JSJC":8,"XXXQDM":"03","KXH":"02","KSJC":6,"XKZRS":40,"SKZC":"111111111100000000000000","SKJS":"吕雅琼,钱璐","ISTK":0,"ZCMC":"1-10周","YPSJDD":"12周 星期一 第6节-第7节 余区北-教学大楼-325,1-10周 星期一 第6节-第8节 余区北-教学大楼-325","XF":2,"SKXQ":1,"XNXQDM":"2024-2025-2","KCM":"生产计划与控制E","JASDM":"0301020325","JXLDM":"030102","JXBID":"20242-03136","SKBJ":"物流2201-02","TYXMDM":null,"KCH":"10055121049"},{"KKDWDM":"006","XS":48,"BYBZ":"0","JSJC":5,"XXXQDM":"03","KXH":"04","KSJC":3,"XKZRS":88,"SKZC":"111111111000000000000000000000","SKJS":"戴忠","ISTK":0,"ZCMC":"1-9周","YPSJDD":"1-9周 星期四 第3节-第5节 余区北-教学大楼-325,11-17周 星期四 第3节-第5节 余区北-教学大楼-325","XF":3,"SKXQ":4,"XNXQDM":"2024-2025-2","KCM":"轮机英语","JASDM":"0301020325","JXLDM":"030102","JXBID":"20242-10589","SKBJ":"轮机2203-04","TYXMDM":null,"KCH":"10064117101"},{"KKDWDM":"006","XS":32,"BYBZ":"0","JSJC":5,"XXXQDM":"03","KXH":"04","KSJC":3,"XKZRS":85,"SKZC":"111111110000000000000000","SKJS":"朱汉华","ISTK":0,"ZCMC":"1-8周","YPSJDD":"9周 星期三 第3节-第4节 余区北-教学大楼-325,1-8周 星期三 第3节-第5节 余区北-教学大楼-325","XF":2,"SKXQ":3,"XNXQDM":"2024-2025-2","KCM":"轮机维护与修理","JASDM":"0301020325","JXLDM":"030102","JXBID":"20242-10556","SKBJ":"轮机2201-02","TYXMDM":null,"KCH":"4150062110"},{"KKDWDM":"006","XS":32,"BYBZ":"0","JSJC":10,"XXXQDM":"03","KXH":"01","KSJC":9,"XKZRS":94,"SKZC":"11111111","SKJS":"刘爱华,朱汉华","ISTK":0,"ZCMC":"1-8周","YPSJDD":"1-8周 星期一 第1节-第2节 余区北-教学大楼-325,1-8周 星期三 第9节-第10节 余区北-教学大楼-325","XF":2,"SKXQ":3,"XNXQDM":"2024-2025-2","KCM":"船机安装与检验","JASDM":"0301020325","JXLDM":"030102","JXBID":"20242-02248","SKBJ":"轮机2205-07","TYXMDM":null,"KCH":"10065117030"},{"KKDWDM":"006","XS":32,"BYBZ":"0","JSJC":2,"XXXQDM":"03","KXH":"01","KSJC":1,"XKZRS":94,"SKZC":"11111111","SKJS":"刘爱华,朱汉华","ISTK":0,"ZCMC":"1-8周","YPSJDD":"1-8周 星期一 第1节-第2节 余区北-教学大楼-325,1-8周 星期三 第9节-第10节 余区北-教学大楼-325","XF":2,"SKXQ":1,"XNXQDM":"2024-2025-2","KCM":"船机安装与检验","JASDM":"0301020325","JXLDM":"030102","JXBID":"20242-02248","SKBJ":"轮机2205-07","TYXMDM":null,"KCH":"10065117030"},{"KKDWDM":"006","XS":32,"BYBZ":"0","JSJC":10,"XXXQDM":"03","KXH":"03","KSJC":9,"XKZRS":97,"SKZC":"11111111","SKJS":"刘爱华,朱汉华","ISTK":0,"ZCMC":"1-8周","YPSJDD":"1-8周 星期三 第1节-第2节 余区北-教学大楼-325,1-8周 星期一 第9节-第10节 余区北-教学大楼-325","XF":2,"SKXQ":1,"XNXQDM":"2024-2025-2","KCM":"船机安装与检验","JASDM":"0301020325","JXLDM":"030102","JXBID":"20242-09790","SKBJ":"轮机2201-04","TYXMDM":null,"KCH":"10065117030"},{"KKDWDM":"005","XS":32,"BYBZ":"0","JSJC":7,"XXXQDM":"03","KXH":"03","KSJC":6,"XKZRS":54,"SKZC":"11111111","SKJS":"袁兵","ISTK":0,"ZCMC":"1-8周","YPSJDD":"1-8周 星期一 第3节-第4节 余区北-教学大楼-325,1-8周 星期三 第6节-第7节 余区北-教学大楼-325","XF":2,"SKXQ":3,"XNXQDM":"2024-2025-2","KCM":"嵌入式系统","JASDM":"0301020325","JXLDM":"030102","JXBID":"20242-11365","SKBJ":"物流2201-02","TYXMDM":null,"KCH":"10054121131"},{"KKDWDM":"005","XS":32,"BYBZ":"0","JSJC":4,"XXXQDM":"03","KXH":"03","KSJC":3,"XKZRS":54,"SKZC":"11111111","SKJS":"袁兵","ISTK":0,"ZCMC":"1-8周","YPSJDD":"1-8周 星期一 第3节-第4节 余区北-教学大楼-325,1-8周 星期三 第6节-第7节 余区北-教学大楼-325","XF":2,"SKXQ":1,"XNXQDM":"2024-2025-2","KCM":"嵌入式系统","JASDM":"0301020325","JXLDM":"030102","JXBID":"20242-11365","SKBJ":"物流2201-02","TYXMDM":null,"KCH":"10054121131"},{"KKDWDM":"006","XS":32,"BYBZ":"0","JSJC":2,"XXXQDM":"03","KXH":"03","KSJC":1,"XKZRS":97,"SKZC":"11111111","SKJS":"刘爱华,朱汉华","ISTK":0,"ZCMC":"1-8周","YPSJDD":"1-8周 星期三 第1节-第2节 余区北-教学大楼-325,1-8周 星期一 第9节-第10节 余区北-教学大楼-325","XF":2,"SKXQ":3,"XNXQDM":"2024-2025-2","KCM":"船机安装与检验","JASDM":"0301020325","JXLDM":"030102","JXBID":"20242-09790","SKBJ":"轮机2201-04","TYXMDM":null,"KCH":"10065117030"},{"KKDWDM":"005","XS":32,"BYBZ":"0","JSJC":8,"XXXQDM":"03","KXH":"01","KSJC":6,"XKZRS":53,"SKZC":"111110111010000000000000","SKJS":"王强","ISTK":0,"ZCMC":"1-5周,7-9周,11周","YPSJDD":"12周 星期五 第6节-第7节 余区北-教学大楼-325,1-5周,7-9周,11周 星期五 第6节-第8节 余区北-教学大楼-325,9周 星期日 第6节-第8节 余区北-教学大楼-325","XF":2,"SKXQ":5,"XNXQDM":"2024-2025-2","KCM":"计算机控制系统","JASDM":"0301020325","JXLDM":"030102","JXBID":"20242-03429","SKBJ":"物流zy2201-02","TYXMDM":null,"KCH":"10054121132"},{"KKDWDM":"005","XS":32,"BYBZ":"0","JSJC":5,"XXXQDM":"03","KXH":"01","KSJC":3,"XKZRS":46,"SKZC":"111110111010000000000000","SKJS":"唐昕","ISTK":0,"ZCMC":"1-5周,7-9周,11周","YPSJDD":"12周 星期五 第3节-第4节 余区北-教学大楼-325,1-5周,7-9周,11周 星期五 第3节-第5节 余区北-教学大楼-325,9周 星期日 第3节-第5节 余区北-教学大楼-325","XF":2,"SKXQ":5,"XNXQDM":"2024-2025-2","KCM":"图论及其应用","JASDM":"0301020325","JXLDM":"030102","JXBID":"20242-03124","SKBJ":"物管2201-03","TYXMDM":null,"KCH":"10055121046"},{"KKDWDM":"005","XS":24,"BYBZ":"0","JSJC":5,"XXXQDM":"03","KXH":"01","KSJC":3,"XKZRS":24,"SKZC":"111110000000000000000000000000","SKJS":"张艳伟","ISTK":0,"ZCMC":"1-5周","YPSJDD":"7-9周 星期六 第3节-第5节 余区北-教学大楼-325,1-5周 星期六 第3节-第5节 余区北-教学大楼-325","XF":1,"SKXQ":6,"XNXQDM":"2024-2025-2","KCM":"自动化码头智能管控技术与创新前沿 (GX)","JASDM":"0301020325","JXLDM":"030102","JXBID":"20242-07211","SKBJ":"公选-07211","TYXMDM":null,"KCH":"10052124042"},{"KKDWDM":"006","XS":24,"BYBZ":"0","JSJC":8,"XXXQDM":"03","KXH":"02","KSJC":6,"XKZRS":25,"SKZC":"111010110000000000000000000000","SKJS":"范爱龙","ISTK":0,"ZCMC":"1-3周,5周,7-8周","YPSJDD":"3周 星期五 第11节-第13节 余区北-教学大楼-325,1-3周,5周,7-8周 星期二 第6节-第8节 余区北-教学大楼-325,5周 星期五 第11节-第13节 余区北-教学大楼-325","XF":1,"SKXQ":2,"XNXQDM":"2024-2025-2","KCM":"轮机工程英语会话","JASDM":"0301020325","JXLDM":"030102","JXBID":"20242-03778","SKBJ":"轮机2205-07","TYXMDM":null,"KCH":"4150058110"},{"KKDWDM":"006","XS":24,"BYBZ":"0","JSJC":13,"XXXQDM":"03","KXH":"02","KSJC":11,"XKZRS":25,"SKZC":"001000000000000000000000000000","SKJS":"范爱龙","ISTK":0,"ZCMC":"3周","YPSJDD":"3周 星期五 第11节-第13节 余区北-教学大楼-325,1-3周,5周,7-8周 星期二 第6节-第8节 余区北-教学大楼-325,5周 星期五 第11节-第13节 余区北-教学大楼-325","XF":1,"SKXQ":5,"XNXQDM":"2024-2025-2","KCM":"轮机工程英语会话","JASDM":"0301020325","JXLDM":"030102","JXBID":"20242-03778","SKBJ":"轮机2205-07","TYXMDM":null,"KCH":"4150058110"},{"KKDWDM":"006","XS":24,"BYBZ":"0","JSJC":13,"XXXQDM":"03","KXH":"02","KSJC":11,"XKZRS":25,"SKZC":"000010000000000000000000000000","SKJS":"范爱龙","ISTK":0,"ZCMC":"5周","YPSJDD":"3周 星期五 第11节-第13节 余区北-教学大楼-325,1-3周,5周,7-8周 星期二 第6节-第8节 余区北-教学大楼-325,5周 星期五 第11节-第13节 余区北-教学大楼-325","XF":1,"SKXQ":5,"XNXQDM":"2024-2025-2","KCM":"轮机工程英语会话","JASDM":"0301020325","JXLDM":"030102","JXBID":"20242-03778","SKBJ":"轮机2205-07","TYXMDM":null,"KCH":"4150058110"},{"KKDWDM":"005","XS":24,"BYBZ":"0","JSJC":5,"XXXQDM":"03","KXH":"01","KSJC":3,"XKZRS":24,"SKZC":"000000111000000000000000000000","SKJS":"张艳伟","ISTK":0,"ZCMC":"7-9周","YPSJDD":"7-9周 星期六 第3节-第5节 余区北-教学大楼-325,1-5周 星期六 第3节-第5节 余区北-教学大楼-325","XF":1,"SKXQ":6,"XNXQDM":"2024-2025-2","KCM":"自动化码头智能管控技术与创新前沿 (GX)","JASDM":"0301020325","JXLDM":"030102","JXBID":"20242-07211","SKBJ":"公选-07211","TYXMDM":null,"KCH":"10052124042"},{"KKDWDM":"006","XS":32,"BYBZ":"0","JSJC":2,"XXXQDM":"03","KXH":"05","KSJC":1,"XKZRS":45,"SKZC":"000000001111111100000000000000","SKJS":"詹成胜,马超","ISTK":0,"ZCMC":"9-16周","YPSJDD":"9-16周 星期二 第1节-第2节 余区北-教学大楼-325,17周 星期三 第1节-第2节 余区北-教学大楼-325,9周 星期五 第1节-第2节 余区北-教学大楼-325,11-16周 星期五 第1节-第2节 余区北-教学大楼-325","XF":2,"SKXQ":2,"XNXQDM":"2024-2025-2","KCM":"船舶操纵性与耐波性","JASDM":"0301020325","JXLDM":"030102","JXBID":"20242-10468","SKBJ":"船海2201-02","TYXMDM":null,"KCH":"10064121072"},{"KKDWDM":"006","XS":32,"BYBZ":"0","JSJC":7,"XXXQDM":"03","KXH":"03","KSJC":6,"XKZRS":95,"SKZC":"000000001111111100000000000000","SKJS":"周梦妮","ISTK":0,"ZCMC":"9-16周","YPSJDD":"11-16周 星期四 第1节-第2节 余区北-教学大楼-325,9周 星期四 第1节-第2节 余区北-教学大楼-325,9-16周 星期二 第6节-第7节 余区北-教学大楼-325","XF":2,"SKXQ":2,"XNXQDM":"2024-2025-2","KCM":"燃烧学导论","JASDM":"0301020325","JXLDM":"030102","JXBID":"20242-06958","SKBJ":"轮机2201-04","TYXMDM":null,"KCH":"10065113019"},{"KKDWDM":"005","XS":32,"BYBZ":"0","JSJC":7,"XXXQDM":"03","KXH":"01","KSJC":6,"XKZRS":48,"SKZC":"000000001111111100000000000000","SKJS":"于蒙","ISTK":0,"ZCMC":"9-16周","YPSJDD":"12-14周 星期一 第3节-第4节 余区北-教学大楼-325,9-10周 星期一 第3节-第4节 余区北-教学大楼-325,9-16周 星期三 第6节-第7节 余区北-教学大楼-325,17周 星期二 第3节-第4节 余区北-教学大楼-325,16-17周 星期一 第3节-第4节 余区北-教学大楼-325","XF":2,"SKXQ":3,"XNXQDM":"2024-2025-2","KCM":"物流仓储与配送技术C","JASDM":"0301020325","JXLDM":"030102","JXBID":"20242-03391","SKBJ":"物流2201-02","TYXMDM":null,"KCH":"10054121130"},{"KKDWDM":"005","XS":32,"BYBZ":"0","JSJC":4,"XXXQDM":"03","KXH":"01","KSJC":3,"XKZRS":48,"SKZC":"000000001100000000000000000000","SKJS":"于蒙","ISTK":0,"ZCMC":"9-10周","YPSJDD":"12-14周 星期一 第3节-第4节 余区北-教学大楼-325,9-10周 星期一 第3节-第4节 余区北-教学大楼-325,9-16周 星期三 第6节-第7节 余区北-教学大楼-325,17周 星期二 第3节-第4节 余区北-教学大楼-325,16-17周 星期一 第3节-第4节 余区北-教学大楼-325","XF":2,"SKXQ":1,"XNXQDM":"2024-2025-2","KCM":"物流仓储与配送技术C","JASDM":"0301020325","JXLDM":"030102","JXBID":"20242-03391","SKBJ":"物流2201-02","TYXMDM":null,"KCH":"10054121130"},{"KKDWDM":"006","XS":32,"BYBZ":"0","JSJC":2,"XXXQDM":"03","KXH":"05","KSJC":1,"XKZRS":45,"SKZC":"000000001000000000000000000000","SKJS":"詹成胜,马超","ISTK":0,"ZCMC":"9周","YPSJDD":"9-16周 星期二 第1节-第2节 余区北-教学大楼-325,17周 星期三 第1节-第2节 余区北-教学大楼-325,9周 星期五 第1节-第2节 余区北-教学大楼-325,11-16周 星期五 第1节-第2节 余区北-教学大楼-325","XF":2,"SKXQ":5,"XNXQDM":"2024-2025-2","KCM":"船舶操纵性与耐波性","JASDM":"0301020325","JXLDM":"030102","JXBID":"20242-10468","SKBJ":"船海2201-02","TYXMDM":null,"KCH":"10064121072"},{"KKDWDM":"006","XS":32,"BYBZ":"0","JSJC":2,"XXXQDM":"03","KXH":"03","KSJC":1,"XKZRS":95,"SKZC":"000000001000000000000000000000","SKJS":"周梦妮","ISTK":0,"ZCMC":"9周","YPSJDD":"11-16周 星期四 第1节-第2节 余区北-教学大楼-325,9周 星期四 第1节-第2节 余区北-教学大楼-325,9-16周 星期二 第6节-第7节 余区北-教学大楼-325","XF":2,"SKXQ":4,"XNXQDM":"2024-2025-2","KCM":"燃烧学导论","JASDM":"0301020325","JXLDM":"030102","JXBID":"20242-06958","SKBJ":"轮机2201-04","TYXMDM":null,"KCH":"10065113019"},{"KKDWDM":"006","XS":32,"BYBZ":"0","JSJC":4,"XXXQDM":"03","KXH":"04","KSJC":3,"XKZRS":85,"SKZC":"000000001000000000000000","SKJS":"朱汉华","ISTK":0,"ZCMC":"9周","YPSJDD":"9周 星期三 第3节-第4节 余区北-教学大楼-325,1-8周 星期三 第3节-第5节 余区北-教学大楼-325","XF":2,"SKXQ":3,"XNXQDM":"2024-2025-2","KCM":"轮机维护与修理","JASDM":"0301020325","JXLDM":"030102","JXBID":"20242-10556","SKBJ":"轮机2201-02","TYXMDM":null,"KCH":"4150062110"},{"KKDWDM":"005","XS":32,"BYBZ":"0","JSJC":5,"XXXQDM":"03","KXH":"01","KSJC":3,"XKZRS":46,"SKZC":"000000001000000000000000","SKJS":"唐昕","ISTK":0,"ZCMC":"9周","YPSJDD":"12周 星期五 第3节-第4节 余区北-教学大楼-325,1-5周,7-9周,11周 星期五 第3节-第5节 余区北-教学大楼-325,9周 星期日 第3节-第5节 余区北-教学大楼-325","XF":2,"SKXQ":7,"XNXQDM":"2024-2025-2","KCM":"图论及其应用","JASDM":"0301020325","JXLDM":"030102","JXBID":"20242-03124","SKBJ":"物管2201-03","TYXMDM":null,"KCH":"10055121046"},{"KKDWDM":"005","XS":32,"BYBZ":"0","JSJC":8,"XXXQDM":"03","KXH":"01","KSJC":6,"XKZRS":53,"SKZC":"000000001000000000000000","SKJS":"王强","ISTK":0,"ZCMC":"9周","YPSJDD":"12周 星期五 第6节-第7节 余区北-教学大楼-325,1-5周,7-9周,11周 星期五 第6节-第8节 余区北-教学大楼-325,9周 星期日 第6节-第8节 余区北-教学大楼-325","XF":2,"SKXQ":7,"XNXQDM":"2024-2025-2","KCM":"计算机控制系统","JASDM":"0301020325","JXLDM":"030102","JXBID":"20242-03429","SKBJ":"物流zy2201-02","TYXMDM":null,"KCH":"10054121132"},{"KKDWDM":"006","XS":48,"BYBZ":"0","JSJC":5,"XXXQDM":"03","KXH":"04","KSJC":3,"XKZRS":88,"SKZC":"000000000011111110000000000000","SKJS":"戴忠","ISTK":0,"ZCMC":"11-17周","YPSJDD":"1-9周 星期四 第3节-第5节 余区北-教学大楼-325,11-17周 星期四 第3节-第5节 余区北-教学大楼-325","XF":3,"SKXQ":4,"XNXQDM":"2024-2025-2","KCM":"轮机英语","JASDM":"0301020325","JXLDM":"030102","JXBID":"20242-10589","SKBJ":"轮机2203-04","TYXMDM":null,"KCH":"10064117101"},{"KKDWDM":"006","XS":32,"BYBZ":"0","JSJC":2,"XXXQDM":"03","KXH":"05","KSJC":1,"XKZRS":45,"SKZC":"000000000011111100000000000000","SKJS":"詹成胜,马超","ISTK":0,"ZCMC":"11-16周","YPSJDD":"9-16周 星期二 第1节-第2节 余区北-教学大楼-325,17周 星期三 第1节-第2节 余区北-教学大楼-325,9周 星期五 第1节-第2节 余区北-教学大楼-325,11-16周 星期五 第1节-第2节 余区北-教学大楼-325","XF":2,"SKXQ":5,"XNXQDM":"2024-2025-2","KCM":"船舶操纵性与耐波性","JASDM":"0301020325","JXLDM":"030102","JXBID":"20242-10468","SKBJ":"船海2201-02","TYXMDM":null,"KCH":"10064121072"},{"KKDWDM":"006","XS":32,"BYBZ":"0","JSJC":2,"XXXQDM":"03","KXH":"03","KSJC":1,"XKZRS":95,"SKZC":"000000000011111100000000000000","SKJS":"周梦妮","ISTK":0,"ZCMC":"11-16周","YPSJDD":"11-16周 星期四 第1节-第2节 余区北-教学大楼-325,9周 星期四 第1节-第2节 余区北-教学大楼-325,9-16周 星期二 第6节-第7节 余区北-教学大楼-325","XF":2,"SKXQ":4,"XNXQDM":"2024-2025-2","KCM":"燃烧学导论","JASDM":"0301020325","JXLDM":"030102","JXBID":"20242-06958","SKBJ":"轮机2201-04","TYXMDM":null,"KCH":"10065113019"},{"KKDWDM":"005","XS":32,"BYBZ":"0","JSJC":4,"XXXQDM":"03","KXH":"01","KSJC":3,"XKZRS":48,"SKZC":"000000000001110000000000000000","SKJS":"于蒙","ISTK":0,"ZCMC":"12-14周","YPSJDD":"12-14周 星期一 第3节-第4节 余区北-教学大楼-325,9-10周 星期一 第3节-第4节 余区北-教学大楼-325,9-16周 星期三 第6节-第7节 余区北-教学大楼-325,17周 星期二 第3节-第4节 余区北-教学大楼-325,16-17周 星期一 第3节-第4节 余区北-教学大楼-325","XF":2,"SKXQ":1,"XNXQDM":"2024-2025-2","KCM":"物流仓储与配送技术C","JASDM":"0301020325","JXLDM":"030102","JXBID":"20242-03391","SKBJ":"物流2201-02","TYXMDM":null,"KCH":"10054121130"},{"KKDWDM":"005","XS":32,"BYBZ":"0","JSJC":7,"XXXQDM":"03","KXH":"02","KSJC":6,"XKZRS":40,"SKZC":"000000000001000000000000","SKJS":"吕雅琼,钱璐","ISTK":0,"ZCMC":"12周","YPSJDD":"12周 星期一 第6节-第7节 余区北-教学大楼-325,1-10周 星期一 第6节-第8节 余区北-教学大楼-325","XF":2,"SKXQ":1,"XNXQDM":"2024-2025-2","KCM":"生产计划与控制E","JASDM":"0301020325","JXLDM":"030102","JXBID":"20242-03136","SKBJ":"物流2201-02","TYXMDM":null,"KCH":"10055121049"},{"KKDWDM":"005","XS":32,"BYBZ":"0","JSJC":4,"XXXQDM":"03","KXH":"01","KSJC":3,"XKZRS":46,"SKZC":"000000000001000000000000","SKJS":"唐昕","ISTK":0,"ZCMC":"12周","YPSJDD":"12周 星期五 第3节-第4节 余区北-教学大楼-325,1-5周,7-9周,11周 星期五 第3节-第5节 余区北-教学大楼-325,9周 星期日 第3节-第5节 余区北-教学大楼-325","XF":2,"SKXQ":5,"XNXQDM":"2024-2025-2","KCM":"图论及其应用","JASDM":"0301020325","JXLDM":"030102","JXBID":"20242-03124","SKBJ":"物管2201-03","TYXMDM":null,"KCH":"10055121046"},{"KKDWDM":"005","XS":32,"BYBZ":"0","JSJC":7,"XXXQDM":"03","KXH":"01","KSJC":6,"XKZRS":53,"SKZC":"000000000001000000000000","SKJS":"王强","ISTK":0,"ZCMC":"12周","YPSJDD":"12周 星期五 第6节-第7节 余区北-教学大楼-325,1-5周,7-9周,11周 星期五 第6节-第8节 余区北-教学大楼-325,9周 星期日 第6节-第8节 余区北-教学大楼-325","XF":2,"SKXQ":5,"XNXQDM":"2024-2025-2","KCM":"计算机控制系统","JASDM":"0301020325","JXLDM":"030102","JXBID":"20242-03429","SKBJ":"物流zy2201-02","TYXMDM":null,"KCH":"10054121132"},{"KKDWDM":"005","XS":32,"BYBZ":"0","JSJC":4,"XXXQDM":"03","KXH":"01","KSJC":3,"XKZRS":48,"SKZC":"000000000000000110000000000000","SKJS":"于蒙","ISTK":0,"ZCMC":"16-17周","YPSJDD":"12-14周 星期一 第3节-第4节 余区北-教学大楼-325,9-10周 星期一 第3节-第4节 余区北-教学大楼-325,9-16周 星期三 第6节-第7节 余区北-教学大楼-325,17周 星期二 第3节-第4节 余区北-教学大楼-325,16-17周 星期一 第3节-第4节 余区北-教学大楼-325","XF":2,"SKXQ":1,"XNXQDM":"2024-2025-2","KCM":"物流仓储与配送技术C","JASDM":"0301020325","JXLDM":"030102","JXBID":"20242-03391","SKBJ":"物流2201-02","TYXMDM":null,"KCH":"10054121130"},{"KKDWDM":"005","XS":32,"BYBZ":"0","JSJC":4,"XXXQDM":"03","KXH":"01","KSJC":3,"XKZRS":48,"SKZC":"000000000000000010000000000000","SKJS":"于蒙","ISTK":0,"ZCMC":"17周","YPSJDD":"12-14周 星期一 第3节-第4节 余区北-教学大楼-325,9-10周 星期一 第3节-第4节 余区北-教学大楼-325,9-16周 星期三 第6节-第7节 余区北-教学大楼-325,17周 星期二 第3节-第4节 余区北-教学大楼-325,16-17周 星期一 第3节-第4节 余区北-教学大楼-325","XF":2,"SKXQ":2,"XNXQDM":"2024-2025-2","KCM":"物流仓储与配送技术C","JASDM":"0301020325","JXLDM":"030102","JXBID":"20242-03391","SKBJ":"物流2201-02","TYXMDM":null,"KCH":"10054121130"},{"KKDWDM":"006","XS":32,"BYBZ":"0","JSJC":2,"XXXQDM":"03","KXH":"05","KSJC":1,"XKZRS":45,"SKZC":"000000000000000010000000000000","SKJS":"詹成胜,马超","ISTK":0,"ZCMC":"17周","YPSJDD":"9-16周 星期二 第1节-第2节 余区北-教学大楼-325,17周 星期三 第1节-第2节 余区北-教学大楼-325,9周 星期五 第1节-第2节 余区北-教学大楼-325,11-16周 星期五 第1节-第2节 余区北-教学大楼-325","XF":2,"SKXQ":3,"XNXQDM":"2024-2025-2","KCM":"船舶操纵性与耐波性","JASDM":"0301020325","JXLDM":"030102","JXBID":"20242-10468","SKBJ":"船海2201-02","TYXMDM":null,"KCH":"10064121072"}]}},"code":"0"}