{"datas":{"jaskcb":{"extParams":{"code":1,"msg":"查询成功"},"pageSize":0,"pageNumber":0,"totalSize":-1,"rows":[{"KKDWDM":"006","XS":56,"BYBZ":"0","JSJC":7,"XXXQDM":"03","KXH":"05","KSJC":6,"XKZRS":140,"SKZC":"111111111111110000000000000000","SKJS":"胡甫才","ISTK":0,"ZCMC":"1-14周","YPSJDD":"12-14周 星期一 第3节-第4节 余区北-教学大楼-324,1-14周 星期三 第6节-第7节 余区北-教学大楼-324,1-10周 星期一 第3节-第4节 余区北-教学大楼-324,16周 星期一 第3节-第4节 余区北-教学大楼-324","XF":3,"SKXQ":3,"XNXQDM":"2024-2025-2","KCM":"船舶管理C","JASDM":"0301020324","JXLDM":"030102","JXBID":"20242-09768","SKBJ":"轮机2201-07","TYXMDM":null,"KCH":"10064113044"},{"KKDWDM":"005","XS":72,"BYBZ":"0","JSJC":5,"XXXQDM":"03","KXH":"01","KSJC":3,"XKZRS":95,"SKZC":"111111111111110000000000000000","SKJS":"袁建明,颜彬","ISTK":0,"ZCMC":"1-14周","YPSJDD":"1-10周 星期一 第1节-第2节 余区北-教学大楼-324,12-14周 星期一 第1节-第2节 余区北-教学大楼-324,16-17周 星期一 第1节-第2节 余区北-教学大楼-324,1-14周 星期三 第3节-第5节 余区北-教学大楼-324","XF":4,"SKXQ":3,"XNXQDM":"2024-2025-2","KCM":"起重运输机械B","JASDM":"0301020324","JXLDM":"030102","JXBID":"20242-03191","SKBJ":"机设2203-05","TYXMDM":null,"KCH":"10205111013"},{"KKDWDM":"006","XS":56,"BYBZ":"0","JSJC":4,"XXXQDM":"03","KXH":"05","KSJC":3,"XKZRS":140,"SKZC":"111111111100000000000000000000","SKJS":"胡甫才","ISTK":0,"ZCMC":"1-10周","YPSJDD":"12-14周 星期一 第3节-第4节 余区北-教学大楼-324,1-14周 星期三 第6节-第7节 余区北-教学大楼-324,1-10周 星期一 第3节-第4节 余区北-教学大楼-324,16周 星期一 第3节-第4节 余区北-教学大楼-324","XF":3,"SKXQ":1,"XNXQDM":"2024-2025-2","KCM":"船舶管理C","JASDM":"0301020324","JXLDM":"030102","JXBID":"20242-09768","SKBJ":"轮机2201-07","TYXMDM":null,"KCH":"10064113044"},{"KKDWDM":"005","XS":72,"BYBZ":"0","JSJC":2,"XXXQDM":"03","KXH":"01","KSJC":1,"XKZRS":95,"SKZC":"111111111100000000000000000000","SKJS":"袁建明,颜彬","ISTK":0,"ZCMC":"1-10周","YPSJDD":"1-10周 星期一 第1节-第2节 余区北-教学大楼-324,12-14周 星期一 第1节-第2节 余区北-教学大楼-324,16-17周 星期一 第1节-第2节 余区北-教学大楼-324,1-14周 星期三 第3节-第5节 余区北-教学大楼-324","XF":4,"SKXQ":1,"XNXQDM":"2024-2025-2","KCM":"起重运输机械B","JASDM":"0301020324","JXLDM":"030102","JXBID":"20242-03191","SKBJ":"机设2203-05","TYXMDM":null,"KCH":"10205111013"},{"KKDWDM":"006","XS":32,"BYBZ":"0","JSJC":8,"XXXQDM":"03","KXH":"02","KSJC":6,"XKZRS":90,"SKZC":"111111111100000000000000","SKJS":"冯辉,杜哲","ISTK":0,"ZCMC":"1-10周","YPSJDD":"1-10周 星期二 第6节-第8节 余区北-教学大楼-324","XF":2,"SKXQ":2,"XNXQDM":"2024-2025-2","KCM":"智能船舶技术","JASDM":"0301020324","JXLDM":"030102","JXBID":"20242-03528","SKBJ":"船海2201-04,船海zy2201,船舶xs2201","TYXMDM":null,"KCH":"10065121046"},{"KKDWDM":"006","XS":32,"BYBZ":"0","JSJC":8,"XXXQDM":"03","KXH":"02","KSJC":6,"XKZRS":140,"SKZC":"111111111100000000000000","SKJS":"宋召军,李春宝,陈明胜","ISTK":0,"ZCMC":"1-10周","YPSJDD":"12周 星期一 第6节-第7节 余区北-教学大楼-324,1-10周 星期一 第6节-第8节 余区北-教学大楼-324","XF":2,"SKXQ":1,"XNXQDM":"2024-2025-2","KCM":"海洋可再生能源","JASDM":"0301020324","JXLDM":"030102","JXBID":"20242-03482","SKBJ":"船海2201-04,船海zy2201,船舶xs2201","TYXMDM":null,"KCH":"10065121045"},{"KKDWDM":"005","XS":32,"BYBZ":"0","JSJC":5,"XXXQDM":"03","KXH":"01","KSJC":3,"XKZRS":75,"SKZC":"111111110000000000000000","SKJS":"徐承军","ISTK":0,"ZCMC":"1-8周","YPSJDD":"9-10周 星期二 第3节-第4节 余区北-教学大楼-324,1-8周 星期二 第3节-第5节 余区北-教学大楼-324","XF":2,"SKXQ":2,"XNXQDM":"2024-2025-2","KCM":"工程测试技术与应用","JASDM":"0301020324","JXLDM":"030102","JXBID":"20242-02130","SKBJ":"机设2201-03","TYXMDM":null,"KCH":"10054117086"},{"KKDWDM":"005","XS":32,"BYBZ":"0","JSJC":5,"XXXQDM":"03","KXH":"01","KSJC":3,"XKZRS":57,"SKZC":"111111110000000000000000","SKJS":"王贡献","ISTK":0,"ZCMC":"1-8周","YPSJDD":"9-11周(单) 星期四 第3节-第4节 余区北-教学大楼-324,1-8周 星期四 第3节-第5节 余区北-教学大楼-324","XF":2,"SKXQ":4,"XNXQDM":"2024-2025-2","KCM":"机械有限元分析","JASDM":"0301020324","JXLDM":"030102","JXBID":"20242-02066","SKBJ":"机设2201-06","TYXMDM":null,"KCH":"10055114003"},{"KKDWDM":"006","XS":24,"BYBZ":"0","JSJC":2,"XXXQDM":"03","KXH":"01","KSJC":1,"XKZRS":26,"SKZC":"111111","SKJS":"管聪","ISTK":0,"ZCMC":"1-6周","YPSJDD":"1-6周 星期二 第1节-第2节 余区北-教学大楼-324","XF":1,"SKXQ":2,"XNXQDM":"2024-2025-2","KCM":"船舶计算机管理","JASDM":"0301020324","JXLDM":"030102","JXBID":"20242-03380","SKBJ":"轮机2205-07","TYXMDM":null,"KCH":"4150027110"},{"KKDWDM":"022","XS":32,"BYBZ":"0","JSJC":13,"XXXQDM":"03","KXH":"02","KSJC":11,"XKZRS":112,"SKZC":"111110111011000000000000","SKJS":"刘介明,梁本部","ISTK":0,"ZCMC":"1-5周,7-9周,11-12周","YPSJDD":"13周 星期六 第11节-第12节 余区北-教学大楼-324,1-5周,7-9周,11-12周 星期六 第11节-第13节 余区北-教学大楼-324","XF":2,"SKXQ":6,"XNXQDM":"2024-2025-2","KCM":"研究设计与论文写作(GX)","JASDM":"0301020324","JXLDM":"030102","JXBID":"20242-11587","SKBJ":"公选-11587","TYXMDM":null,"KCH":"10226224430"},{"KKDWDM":"022","XS":32,"BYBZ":"0","JSJC":8,"XXXQDM":"03","KXH":"02","KSJC":6,"XKZRS":131,"SKZC":"111110111011000000000000","SKJS":"刘介明,梁本部","ISTK":0,"ZCMC":"1-5周,7-9周,11-12周","YPSJDD":"13周 星期六 第6节-第7节 余区北-教学大楼-324,1-5周,7-9周,11-12周 星期六 第6节-第8节 余区北-教学大楼-324","XF":2,"SKXQ":6,"XNXQDM":"2024-2025-2","KCM":"知识产权风险管理(GX)","JASDM":"0301020324","JXLDM":"030102","JXBID":"20242-11586","SKBJ":"公选-11586","TYXMDM":null,"KCH":"10226224432"},{"KKDWDM":"006","XS":32,"BYBZ":"0","JSJC":5,"XXXQDM":"03","KXH":"01","KSJC":3,"XKZRS":115,"SKZC":"111110111011000000000000","SKJS":"董早鹏","ISTK":0,"ZCMC":"1-5周,7-9周,11-12周","YPSJDD":"13周 星期六 第3节-第4节 余区北-教学大楼-324,1-5周,7-9周,11-12周 星期六 第3节-第5节 余区北-教学大楼-324","XF":2,"SKXQ":6,"XNXQDM":"2024-2025-2","KCM":"海洋无人航行器技术(GX)","JASDM":"0301020324","JXLDM":"030102","JXBID":"20242-07323","SKBJ":"公选-07323","TYXMDM":null,"KCH":"10062121119"},{"KKDWDM":"005","XS":32,"BYBZ":"0","JSJC":5,"XXXQDM":"03","KXH":"01","KSJC":3,"XKZRS":77,"SKZC":"111110111010000000000000","SKJS":"周知,张行","ISTK":0,"ZCMC":"1-5周,7-9周,11周","YPSJDD":"12周 星期五 第3节-第4节 余区北-教学大楼-324,1-5周,7-9周,11周 星期五 第3节-第5节 余区北-教学大楼-324,9周 星期日 第3节-第5节 余区北-教学大楼-324","XF":2,"SKXQ":5,"XNXQDM":"2024-2025-2","KCM":"工程抗震设计","JASDM":"0301020324","JXLDM":"030102","JXBID":"20242-03346","SKBJ":"道桥2201-03,道桥zy2201","TYXMDM":null,"KCH":"10225111006"},{"KKDWDM":"005","XS":32,"BYBZ":"0","JSJC":4,"XXXQDM":"03","KXH":"01","KSJC":3,"XKZRS":75,"SKZC":"000000001100000000000000","SKJS":"徐承军","ISTK":0,"ZCMC":"9-10周","YPSJDD":"9-10周 星期二 第3节-第4节 余区北-教学大楼-324,1-8周 星期二 第3节-第5节 余区北-教学大楼-324","XF":2,"SKXQ":2,"XNXQDM":"2024-2025-2","KCM":"工程测试技术与应用","JASDM":"0301020324","JXLDM":"030102","JXBID":"20242-02130","SKBJ":"机设2201-03","TYXMDM":null,"KCH":"10054117086"},{"KKDWDM":"005","XS":32,"BYBZ":"0","JSJC":4,"XXXQDM":"03","KXH":"01","KSJC":3,"XKZRS":57,"SKZC":"000000001010000000000000","SKJS":"王贡献","ISTK":0,"ZCMC":"9-11周(单)","YPSJDD":"9-11周(单) 星期四 第3节-第4节 余区北-教学大楼-324,1-8周 星期四 第3节-第5节 余区北-教学大楼-324","XF":2,"SKXQ":4,"XNXQDM":"2024-2025-2","KCM":"机械有限元分析","JASDM":"0301020324","JXLDM":"030102","JXBID":"20242-02066","SKBJ":"机设2201-06","TYXMDM":null,"KCH":"10055114003"},{"KKDWDM":"005","XS":32,"BYBZ":"0","JSJC":5,"XXXQDM":"03","KXH":"01","KSJC":3,"XKZRS":77,"SKZC":"000000001000000000000000","SKJS":"周知,张行","ISTK":0,"ZCMC":"9周","YPSJDD":"12周 星期五 第3节-第4节 余区北-教学大楼-324,1-5周,7-9周,11周 星期五 第3节-第5节 余区北-教学大楼-324,9周 星期日 第3节-第5节 余区北-教学大楼-324","XF":2,"SKXQ":7,"XNXQDM":"2024-2025-2","KCM":"工程抗震设计","JASDM":"0301020324","JXLDM":"030102","JXBID":"20242-03346","SKBJ":"道桥2201-03,道桥zy2201","TYXMDM":null,"KCH":"10225111006"},{"KKDWDM":"006","XS":56,"BYBZ":"0","JSJC":4,"XXXQDM":"03","KXH":"05","KSJC":3,"XKZRS":140,"SKZC":"000000000001110000000000000000","SKJS":"胡甫才","ISTK":0,"ZCMC":"12-14周","YPSJDD":"12-14周 星期一 第3节-第4节 余区北-教学大楼-324,1-14周 星期三 第6节-第7节 余区北-教学大楼-324,1-10周 星期一 第3节-第4节 余区北-教学大楼-324,16周 星期一 第3节-第4节 余区北-教学大楼-324","XF":3,"SKXQ":1,"XNXQDM":"2024-2025-2","KCM":"船舶管理C","JASDM":"0301020324","JXLDM":"030102","JXBID":"20242-09768","SKBJ":"轮机2201-07","TYXMDM":null,"KCH":"10064113044"},{"KKDWDM":"005","XS":72,"BYBZ":"0","JSJC":2,"XXXQDM":"03","KXH":"01","KSJC":1,"XKZRS":95,"SKZC":"000000000001110000000000000000","SKJS":"袁建明,颜彬","ISTK":0,"ZCMC":"12-14周","YPSJDD":"1-10周 星期一 第1节-第2节 余区北-教学大楼-324,12-14周 星期一 第1节-第2节 余区北-教学大楼-324,16-17周 星期一 第1节-第2节 余区北-教学大楼-324,1-14周 星期三 第3节-第5节 余区北-教学大楼-324","XF":4,"SKXQ":1,"XNXQDM":"2024-2025-2","KCM":"起重运输机械B","JASDM":"0301020324","JXLDM":"030102","JXBID":"20242-03191","SKBJ":"机设2203-05","TYXMDM":null,"KCH":"10205111013"},{"KKDWDM":"005","XS":32,"BYBZ":"0","JSJC":4,"XXXQDM":"03","KXH":"01","KSJC":3,"XKZRS":77,"SKZC":"000000000001000000000000","SKJS":"周知,张行","ISTK":0,"ZCMC":"12周","YPSJDD":"12周 星期五 第3节-第4节 余区北-教学大楼-324,1-5周,7-9周,11周 星期五 第3节-第5节 余区北-教学大楼-324,9周 星期日 第3节-第5节 余区北-教学大楼-324","XF":2,"SKXQ":5,"XNXQDM":"2024-2025-2","KCM":"工程抗震设计","JASDM":"0301020324","JXLDM":"030102","JXBID":"20242-03346","SKBJ":"道桥2201-03,道桥zy2201","TYXMDM":null,"KCH":"10225111006"},{"KKDWDM":"006","XS":32,"BYBZ":"0","JSJC":7,"XXXQDM":"03","KXH":"02","KSJC":6,"XKZRS":140,"SKZC":"000000000001000000000000","SKJS":"宋召军,李春宝,陈明胜","ISTK":0,"ZCMC":"12周","YPSJDD":"12周 星期一 第6节-第7节 余区北-教学大楼-324,1-10周 星期一 第6节-第8节 余区北-教学大楼-324","XF":2,"SKXQ":1,"XNXQDM":"2024-2025-2","KCM":"海洋可再生能源","JASDM":"0301020324","JXLDM":"030102","JXBID":"20242-03482","SKBJ":"船海2201-04,船海zy2201,船舶xs2201","TYXMDM":null,"KCH":"10065121045"},{"KKDWDM":"006","XS":32,"BYBZ":"0","JSJC":4,"XXXQDM":"03","KXH":"01","KSJC":3,"XKZRS":115,"SKZC":"000000000000100000000000","SKJS":"董早鹏","ISTK":0,"ZCMC":"13周","YPSJDD":"13周 星期六 第3节-第4节 余区北-教学大楼-324,1-5周,7-9周,11-12周 星期六 第3节-第5节 余区北-教学大楼-324","XF":2,"SKXQ":6,"XNXQDM":"2024-2025-2","KCM":"海洋无人航行器技术(GX)","JASDM":"0301020324","JXLDM":"030102","JXBID":"20242-07323","SKBJ":"公选-07323","TYXMDM":null,"KCH":"10062121119"},{"KKDWDM":"022","XS":32,"BYBZ":"0","JSJC":12,"XXXQDM":"03","KXH":"02","KSJC":11,"XKZRS":112,"SKZC":"000000000000100000000000","SKJS":"刘介明,梁本部","ISTK":0,"ZCMC":"13周","YPSJDD":"13周 星期六 第11节-第12节 余区北-教学大楼-324,1-5周,7-9周,11-12周 星期六 第11节-第13节 余区北-教学大楼-324","XF":2,"SKXQ":6,"XNXQDM":"2024-2025-2","KCM":"研究设计与论文写作(GX)","JASDM":"0301020324","JXLDM":"030102","JXBID":"20242-11587","SKBJ":"公选-11587","TYXMDM":null,"KCH":"10226224430"},{"KKDWDM":"022","XS":32,"BYBZ":"0","JSJC":7,"XXXQDM":"03","KXH":"02","KSJC":6,"XKZRS":131,"SKZC":"000000000000100000000000","SKJS":"刘介明,梁本部","ISTK":0,"ZCMC":"13周","YPSJDD":"13周 星期六 第6节-第7节 余区北-教学大楼-324,1-5周,7-9周,11-12周 星期六 第6节-第8节 余区北-教学大楼-324","XF":2,"SKXQ":6,"XNXQDM":"2024-2025-2","KCM":"知识产权风险管理(GX)","JASDM":"0301020324","JXLDM":"030102","JXBID":"20242-11586","SKBJ":"公选-11586","TYXMDM":null,"KCH":"10226224432"},{"KKDWDM":"005","XS":72,"BYBZ":"0","JSJC":2,"XXXQDM":"03","KXH":"01","KSJC":1,"XKZRS":95,"SKZC":"000000000000000110000000000000","SKJS":"袁建明,颜彬","ISTK":0,"ZCMC":"16-17周","YPSJDD":"1-10周 星期一 第1节-第2节 余区北-教学大楼-324,12-14周 星期一 第1节-第2节 余区北-教学大楼-324,16-17周 星期一 第1节-第2节 余区北-教学大楼-324,1-14周 星期三 第3节-第5节 余区北-教学大楼-324","XF":4,"SKXQ":1,"XNXQDM":"2024-2025-2","KCM":"起重运输机械B","JASDM":"0301020324","JXLDM":"030102","JXBID":"20242-03191","SKBJ":"机设2203-05","TYXMDM":null,"KCH":"10205111013"},{"KKDWDM":"006","XS":56,"BYBZ":"0","JSJC":4,"XXXQDM":"03","KXH":"05","KSJC":3,"XKZRS":140,"SKZC":"000000000000000100000000000000","SKJS":"胡甫才","ISTK":0,"ZCMC":"16周","YPSJDD":"12-14周 星期一 第3节-第4节 余区北-教学大楼-324,1-14周 星期三 第6节-第7节 余区北-教学大楼-324,1-10周 星期一 第3节-第4节 余区北-教学大楼-324,16周 星期一 第3节-第4节 余区北-教学大楼-324","XF":3,"SKXQ":1,"XNXQDM":"2024-2025-2","KCM":"船舶管理C","JASDM":"0301020324","JXLDM":"030102","JXBID":"20242-09768","SKBJ":"轮机2201-07","TYXMDM":null,"KCH":"10064113044"}]}},"code":"0"}