{"datas":{"jaskcb":{"extParams":{"code":1,"msg":"查询成功"},"pageSize":0,"pageNumber":0,"totalSize":-1,"rows":[{"KKDWDM":"005","XS":72,"BYBZ":"0","JSJC":8,"XXXQDM":"03","KXH":"01","KSJC":6,"XKZRS":31,"SKZC":"111111111111110000000000000000","SKJS":"万高,陈志方","ISTK":0,"ZCMC":"1-14周","YPSJDD":"1-14周 星期三 第6节-第8节 余区北-教学大楼-326,16-17周 星期一 第1节-第2节 余区北-教学大楼-322,1-10周 星期一 第1节-第2节 余区北-教学大楼-322,12-14周 星期一 第1节-第2节 余区北-教学大楼-322","XF":4,"SKXQ":3,"XNXQDM":"2024-2025-2","KCM":"液压控制系统A","JASDM":"0301020326","JXLDM":"030102","JXBID":"20242-02973","SKBJ":"机设2206","TYXMDM":null,"KCH":"10055117024"},{"KKDWDM":"005","XS":48,"BYBZ":"0","JSJC":8,"XXXQDM":"03","KXH":"02","KSJC":6,"XKZRS":37,"SKZC":"111111111100000000000000000000","SKJS":"郭志勇","ISTK":0,"ZCMC":"1-10周","YPSJDD":"12-14周 星期一 第6节-第8节 余区北-教学大楼-326,1-10周 星期一 第6节-第8节 余区北-教学大楼-326,17周 星期二 第6节-第8节 余区北-教学大楼-326,16-17周 星期一 第6节-第8节 余区北-教学大楼-326","XF":3,"SKXQ":1,"XNXQDM":"2024-2025-2","KCM":"交通规划B","JASDM":"0301020326","JXLDM":"030102","JXBID":"20242-10173","SKBJ":"交工2201","TYXMDM":null,"KCH":"4180102110"},{"KKDWDM":"006","XS":32,"BYBZ":"0","JSJC":8,"XXXQDM":"03","KXH":"01","KSJC":6,"XKZRS":68,"SKZC":"111111110000000000000000000000","SKJS":"梁俊杰","ISTK":0,"ZCMC":"1-8周","YPSJDD":"1-8周 星期二 第6节-第8节 余区北-教学大楼-326,9-10周 星期二 第6节-第7节 余区北-教学大楼-326","XF":2,"SKXQ":2,"XNXQDM":"2024-2025-2","KCM":"燃烧学","JASDM":"0301020326","JXLDM":"030102","JXBID":"20242-02276","SKBJ":"能动zy2201","TYXMDM":null,"KCH":"10065121015"},{"KKDWDM":"005","XS":32,"BYBZ":"0","JSJC":4,"XXXQDM":"03","KXH":"01","KSJC":3,"XKZRS":26,"SKZC":"11111111","SKJS":"丁翔,李克,贺小燕","ISTK":0,"ZCMC":"1-8周","YPSJDD":"1-8周 星期一 第3节-第4节 余区北-教学大楼-326,1-8周 星期三 第3节-第4节 余区北-教学大楼-326","XF":2,"SKXQ":1,"XNXQDM":"2024-2025-2","KCM":"设备腐蚀与防护","JASDM":"0301020326","JXLDM":"030102","JXBID":"20242-03095","SKBJ":"油气2201","TYXMDM":null,"KCH":"10055117052"},{"KKDWDM":"006","XS":32,"BYBZ":"0","JSJC":2,"XXXQDM":"03","KXH":"01","KSJC":1,"XKZRS":34,"SKZC":"11111111","SKJS":"陈汉玉","ISTK":0,"ZCMC":"1-8周","YPSJDD":"1-8周 星期一 第1节-第2节 余区北-教学大楼-326,1-8周 星期三 第1节-第2节 余区北-教学大楼-326","XF":2,"SKXQ":3,"XNXQDM":"2024-2025-2","KCM":"内燃机与动力装置匹配","JASDM":"0301020326","JXLDM":"030102","JXBID":"20242-02562","SKBJ":"能动zy2201","TYXMDM":null,"KCH":"10065117025"},{"KKDWDM":"006","XS":32,"BYBZ":"0","JSJC":2,"XXXQDM":"03","KXH":"01","KSJC":1,"XKZRS":34,"SKZC":"11111111","SKJS":"陈汉玉","ISTK":0,"ZCMC":"1-8周","YPSJDD":"1-8周 星期一 第1节-第2节 余区北-教学大楼-326,1-8周 星期三 第1节-第2节 余区北-教学大楼-326","XF":2,"SKXQ":1,"XNXQDM":"2024-2025-2","KCM":"内燃机与动力装置匹配","JASDM":"0301020326","JXLDM":"030102","JXBID":"20242-02562","SKBJ":"能动zy2201","TYXMDM":null,"KCH":"10065117025"},{"KKDWDM":"005","XS":32,"BYBZ":"0","JSJC":4,"XXXQDM":"03","KXH":"01","KSJC":3,"XKZRS":26,"SKZC":"11111111","SKJS":"丁翔,李克,贺小燕","ISTK":0,"ZCMC":"1-8周","YPSJDD":"1-8周 星期一 第3节-第4节 余区北-教学大楼-326,1-8周 星期三 第3节-第4节 余区北-教学大楼-326","XF":2,"SKXQ":3,"XNXQDM":"2024-2025-2","KCM":"设备腐蚀与防护","JASDM":"0301020326","JXLDM":"030102","JXBID":"20242-03095","SKBJ":"油气2201","TYXMDM":null,"KCH":"10055117052"},{"KKDWDM":"005","XS":32,"BYBZ":"0","JSJC":8,"XXXQDM":"03","KXH":"01","KSJC":6,"XKZRS":68,"SKZC":"111110111010000000000000000000","SKJS":"杨柳,满洁","ISTK":0,"ZCMC":"1-5周,7-9周,11周","YPSJDD":"1-5周,7-9周,11周 星期五 第6节-第8节 余区北-教学大楼-326,12周 星期五 第6节-第7节 余区北-教学大楼-326,9周 星期日 第6节-第8节 余区北-教学大楼-326","XF":2,"SKXQ":5,"XNXQDM":"2024-2025-2","KCM":"综合运输系统分析","JASDM":"0301020326","JXLDM":"030102","JXBID":"20242-03190","SKBJ":"交运2201,交运zy2201","TYXMDM":null,"KCH":"10055121080"},{"KKDWDM":"005","XS":32,"BYBZ":"0","JSJC":5,"XXXQDM":"03","KXH":"01","KSJC":3,"XKZRS":55,"SKZC":"111110000000000000000000000000","SKJS":"王磊","ISTK":0,"ZCMC":"1-5周","YPSJDD":"7-8周 星期五 第3节-第5节 余区北-教学大楼-326,1-5周 星期五 第3节-第5节 余区北-教学大楼-326,9周 星期日 第3节-第5节 余区北-教学大楼-326","XF":2,"SKXQ":5,"XNXQDM":"2024-2025-2","KCM":"国际集装箱与多式联运","JASDM":"0301020326","JXLDM":"030102","JXBID":"20242-03835","SKBJ":"交运2201,交运zy2201","TYXMDM":null,"KCH":"10055121079"},{"KKDWDM":"031","XS":16,"BYBZ":"0","JSJC":5,"XXXQDM":"03","KXH":"01","KSJC":3,"XKZRS":47,"SKZC":"111100000000000000000000","SKJS":"万程鹏,张金奋","ISTK":0,"ZCMC":"1-4周","YPSJDD":"5-7周(单) 星期六 第3节-第4节 余区北-教学大楼-326,1-4周 星期六 第3节-第5节 余区北-教学大楼-326","XF":1,"SKXQ":6,"XNXQDM":"2024-2025-2","KCM":"人为什么总出错：大脑出错的22种模式(GX)","JASDM":"0301020326","JXLDM":"030102","JXBID":"20242-08921","SKBJ":"公选-08921","TYXMDM":null,"KCH":"10312124003"},{"KKDWDM":"006","XS":32,"BYBZ":"0","JSJC":2,"XXXQDM":"03","KXH":"01","KSJC":1,"XKZRS":null,"SKZC":"110000000000000000000000000000","SKJS":"陈汉玉","ISTK":0,"ZCMC":"1-2周","YPSJDD":"1-2周 星期五 第1节-第2节 余区北-教学大楼-326,1-2周 星期二 第3节-第4节 余区北-教学大楼-326","XF":2,"SKXQ":5,"XNXQDM":"2024-2025-2","KCM":"内燃机增压技术","JASDM":"0301020326","JXLDM":"030102","JXBID":"20242-03592","SKBJ":"能动zy2201","TYXMDM":null,"KCH":"10065121002"},{"KKDWDM":"006","XS":32,"BYBZ":"0","JSJC":4,"XXXQDM":"03","KXH":"01","KSJC":3,"XKZRS":null,"SKZC":"110000000000000000000000000000","SKJS":"陈汉玉","ISTK":0,"ZCMC":"1-2周","YPSJDD":"1-2周 星期五 第1节-第2节 余区北-教学大楼-326,1-2周 星期二 第3节-第4节 余区北-教学大楼-326","XF":2,"SKXQ":2,"XNXQDM":"2024-2025-2","KCM":"内燃机增压技术","JASDM":"0301020326","JXLDM":"030102","JXBID":"20242-03592","SKBJ":"能动zy2201","TYXMDM":null,"KCH":"10065121002"},{"KKDWDM":"006","XS":32,"BYBZ":"0","JSJC":5,"XXXQDM":"03","KXH":"01","KSJC":3,"XKZRS":45,"SKZC":"000011111000000000000000000000","SKJS":"刘丙善,王忠俊","ISTK":0,"ZCMC":"5-9周","YPSJDD":"5-9周 星期四 第3节-第5节 余区北-教学大楼-326,11-15周 星期四 第3节-第5节 余区北-教学大楼-326","XF":2,"SKXQ":4,"XNXQDM":"2024-2025-2","KCM":"内燃机排放控制","JASDM":"0301020326","JXLDM":"030102","JXBID":"20242-02582","SKBJ":"能动zy2201","TYXMDM":null,"KCH":"10065117024"},{"KKDWDM":"031","XS":16,"BYBZ":"0","JSJC":4,"XXXQDM":"03","KXH":"01","KSJC":3,"XKZRS":47,"SKZC":"000010100000000000000000","SKJS":"万程鹏,张金奋","ISTK":0,"ZCMC":"5-7周(单)","YPSJDD":"5-7周(单) 星期六 第3节-第4节 余区北-教学大楼-326,1-4周 星期六 第3节-第5节 余区北-教学大楼-326","XF":1,"SKXQ":6,"XNXQDM":"2024-2025-2","KCM":"人为什么总出错：大脑出错的22种模式(GX)","JASDM":"0301020326","JXLDM":"030102","JXBID":"20242-08921","SKBJ":"公选-08921","TYXMDM":null,"KCH":"10312124003"},{"KKDWDM":"005","XS":32,"BYBZ":"0","JSJC":5,"XXXQDM":"03","KXH":"01","KSJC":3,"XKZRS":55,"SKZC":"000000110000000000000000000000","SKJS":"王磊","ISTK":0,"ZCMC":"7-8周","YPSJDD":"7-8周 星期五 第3节-第5节 余区北-教学大楼-326,1-5周 星期五 第3节-第5节 余区北-教学大楼-326,9周 星期日 第3节-第5节 余区北-教学大楼-326","XF":2,"SKXQ":5,"XNXQDM":"2024-2025-2","KCM":"国际集装箱与多式联运","JASDM":"0301020326","JXLDM":"030102","JXBID":"20242-03835","SKBJ":"交运2201,交运zy2201","TYXMDM":null,"KCH":"10055121079"},{"KKDWDM":"005","XS":32,"BYBZ":"0","JSJC":2,"XXXQDM":"03","KXH":"01","KSJC":1,"XKZRS":19,"SKZC":"000000001111111100000000000000","SKJS":"郭智威","ISTK":0,"ZCMC":"9-16周","YPSJDD":"16-17周 星期一 第3节-第4节 余区北-教学大楼-326,17周 星期二 第3节-第4节 余区北-教学大楼-326,9-16周 星期三 第1节-第2节 余区北-教学大楼-326,9-10周 星期一 第3节-第4节 余区北-教学大楼-326,12-14周 星期一 第3节-第4节 余区北-教学大楼-326","XF":2,"SKXQ":3,"XNXQDM":"2024-2025-2","KCM":"水路交通新材料及应用","JASDM":"0301020326","JXLDM":"030102","JXBID":"20242-03730","SKBJ":"交通本硕2201","TYXMDM":null,"KCH":"10055121002"},{"KKDWDM":"006","XS":32,"BYBZ":"0","JSJC":2,"XXXQDM":"03","KXH":"01","KSJC":1,"XKZRS":45,"SKZC":"000000001111111100000000000000","SKJS":"姚志敏,潘耀宇","ISTK":0,"ZCMC":"9-16周","YPSJDD":"9周,11-17周 星期四 第1节-第2节 余区北-教学大楼-326,9-16周 星期二 第1节-第2节 余区北-教学大楼-326","XF":2,"SKXQ":2,"XNXQDM":"2024-2025-2","KCM":"汽车概论B","JASDM":"0301020326","JXLDM":"030102","JXBID":"20242-03458","SKBJ":"能动zy2201","TYXMDM":null,"KCH":"10075111016"},{"KKDWDM":"006","XS":32,"BYBZ":"0","JSJC":4,"XXXQDM":"03","KXH":"01","KSJC":3,"XKZRS":44,"SKZC":"000000001111111100000000000000","SKJS":"詹成胜,马超","ISTK":0,"ZCMC":"9-16周","YPSJDD":"9周 星期五 第3节-第4节 余区北-教学大楼-326,9-16周 星期三 第3节-第4节 余区北-教学大楼-326,11-16周 星期五 第3节-第4节 余区北-教学大楼-326,17周 星期三 第3节-第4节 余区北-教学大楼-326","XF":2,"SKXQ":3,"XNXQDM":"2024-2025-2","KCM":"船舶操纵性与耐波性","JASDM":"0301020326","JXLDM":"030102","JXBID":"20242-02399","SKBJ":"船海zy2201","TYXMDM":null,"KCH":"10064121072"},{"KKDWDM":"006","XS":32,"BYBZ":"0","JSJC":7,"XXXQDM":"03","KXH":"01","KSJC":6,"XKZRS":68,"SKZC":"000000001100000000000000000000","SKJS":"梁俊杰","ISTK":0,"ZCMC":"9-10周","YPSJDD":"1-8周 星期二 第6节-第8节 余区北-教学大楼-326,9-10周 星期二 第6节-第7节 余区北-教学大楼-326","XF":2,"SKXQ":2,"XNXQDM":"2024-2025-2","KCM":"燃烧学","JASDM":"0301020326","JXLDM":"030102","JXBID":"20242-02276","SKBJ":"能动zy2201","TYXMDM":null,"KCH":"10065121015"},{"KKDWDM":"005","XS":32,"BYBZ":"0","JSJC":4,"XXXQDM":"03","KXH":"01","KSJC":3,"XKZRS":19,"SKZC":"000000001100000000000000000000","SKJS":"郭智威","ISTK":0,"ZCMC":"9-10周","YPSJDD":"16-17周 星期一 第3节-第4节 余区北-教学大楼-326,17周 星期二 第3节-第4节 余区北-教学大楼-326,9-16周 星期三 第1节-第2节 余区北-教学大楼-326,9-10周 星期一 第3节-第4节 余区北-教学大楼-326,12-14周 星期一 第3节-第4节 余区北-教学大楼-326","XF":2,"SKXQ":1,"XNXQDM":"2024-2025-2","KCM":"水路交通新材料及应用","JASDM":"0301020326","JXLDM":"030102","JXBID":"20242-03730","SKBJ":"交通本硕2201","TYXMDM":null,"KCH":"10055121002"},{"KKDWDM":"006","XS":32,"BYBZ":"0","JSJC":2,"XXXQDM":"03","KXH":"01","KSJC":1,"XKZRS":45,"SKZC":"000000001011111110000000000000","SKJS":"姚志敏,潘耀宇","ISTK":0,"ZCMC":"9周,11-17周","YPSJDD":"9周,11-17周 星期四 第1节-第2节 余区北-教学大楼-326,9-16周 星期二 第1节-第2节 余区北-教学大楼-326","XF":2,"SKXQ":4,"XNXQDM":"2024-2025-2","KCM":"汽车概论B","JASDM":"0301020326","JXLDM":"030102","JXBID":"20242-03458","SKBJ":"能动zy2201","TYXMDM":null,"KCH":"10075111016"},{"KKDWDM":"005","XS":32,"BYBZ":"0","JSJC":8,"XXXQDM":"03","KXH":"01","KSJC":6,"XKZRS":68,"SKZC":"000000001000000000000000000000","SKJS":"杨柳,满洁","ISTK":0,"ZCMC":"9周","YPSJDD":"1-5周,7-9周,11周 星期五 第6节-第8节 余区北-教学大楼-326,12周 星期五 第6节-第7节 余区北-教学大楼-326,9周 星期日 第6节-第8节 余区北-教学大楼-326","XF":2,"SKXQ":7,"XNXQDM":"2024-2025-2","KCM":"综合运输系统分析","JASDM":"0301020326","JXLDM":"030102","JXBID":"20242-03190","SKBJ":"交运2201,交运zy2201","TYXMDM":null,"KCH":"10055121080"},{"KKDWDM":"005","XS":32,"BYBZ":"0","JSJC":5,"XXXQDM":"03","KXH":"01","KSJC":3,"XKZRS":55,"SKZC":"000000001000000000000000000000","SKJS":"王磊","ISTK":0,"ZCMC":"9周","YPSJDD":"7-8周 星期五 第3节-第5节 余区北-教学大楼-326,1-5周 星期五 第3节-第5节 余区北-教学大楼-326,9周 星期日 第3节-第5节 余区北-教学大楼-326","XF":2,"SKXQ":7,"XNXQDM":"2024-2025-2","KCM":"国际集装箱与多式联运","JASDM":"0301020326","JXLDM":"030102","JXBID":"20242-03835","SKBJ":"交运2201,交运zy2201","TYXMDM":null,"KCH":"10055121079"},{"KKDWDM":"006","XS":32,"BYBZ":"0","JSJC":4,"XXXQDM":"03","KXH":"01","KSJC":3,"XKZRS":44,"SKZC":"000000001000000000000000000000","SKJS":"詹成胜,马超","ISTK":0,"ZCMC":"9周","YPSJDD":"9周 星期五 第3节-第4节 余区北-教学大楼-326,9-16周 星期三 第3节-第4节 余区北-教学大楼-326,11-16周 星期五 第3节-第4节 余区北-教学大楼-326,17周 星期三 第3节-第4节 余区北-教学大楼-326","XF":2,"SKXQ":5,"XNXQDM":"2024-2025-2","KCM":"船舶操纵性与耐波性","JASDM":"0301020326","JXLDM":"030102","JXBID":"20242-02399","SKBJ":"船海zy2201","TYXMDM":null,"KCH":"10064121072"},{"KKDWDM":"006","XS":32,"BYBZ":"0","JSJC":4,"XXXQDM":"03","KXH":"01","KSJC":3,"XKZRS":44,"SKZC":"000000000011111100000000000000","SKJS":"詹成胜,马超","ISTK":0,"ZCMC":"11-16周","YPSJDD":"9周 星期五 第3节-第4节 余区北-教学大楼-326,9-16周 星期三 第3节-第4节 余区北-教学大楼-326,11-16周 星期五 第3节-第4节 余区北-教学大楼-326,17周 星期三 第3节-第4节 余区北-教学大楼-326","XF":2,"SKXQ":5,"XNXQDM":"2024-2025-2","KCM":"船舶操纵性与耐波性","JASDM":"0301020326","JXLDM":"030102","JXBID":"20242-02399","SKBJ":"船海zy2201","TYXMDM":null,"KCH":"10064121072"},{"KKDWDM":"006","XS":32,"BYBZ":"0","JSJC":5,"XXXQDM":"03","KXH":"01","KSJC":3,"XKZRS":45,"SKZC":"000000000011111000000000000000","SKJS":"刘丙善,王忠俊","ISTK":0,"ZCMC":"11-15周","YPSJDD":"5-9周 星期四 第3节-第5节 余区北-教学大楼-326,11-15周 星期四 第3节-第5节 余区北-教学大楼-326","XF":2,"SKXQ":4,"XNXQDM":"2024-2025-2","KCM":"内燃机排放控制","JASDM":"0301020326","JXLDM":"030102","JXBID":"20242-02582","SKBJ":"能动zy2201","TYXMDM":null,"KCH":"10065117024"},{"KKDWDM":"005","XS":32,"BYBZ":"0","JSJC":4,"XXXQDM":"03","KXH":"01","KSJC":3,"XKZRS":19,"SKZC":"000000000001110000000000000000","SKJS":"郭智威","ISTK":0,"ZCMC":"12-14周","YPSJDD":"16-17周 星期一 第3节-第4节 余区北-教学大楼-326,17周 星期二 第3节-第4节 余区北-教学大楼-326,9-16周 星期三 第1节-第2节 余区北-教学大楼-326,9-10周 星期一 第3节-第4节 余区北-教学大楼-326,12-14周 星期一 第3节-第4节 余区北-教学大楼-326","XF":2,"SKXQ":1,"XNXQDM":"2024-2025-2","KCM":"水路交通新材料及应用","JASDM":"0301020326","JXLDM":"030102","JXBID":"20242-03730","SKBJ":"交通本硕2201","TYXMDM":null,"KCH":"10055121002"},{"KKDWDM":"005","XS":48,"BYBZ":"0","JSJC":8,"XXXQDM":"03","KXH":"02","KSJC":6,"XKZRS":37,"SKZC":"000000000001110000000000000000","SKJS":"郭志勇","ISTK":0,"ZCMC":"12-14周","YPSJDD":"12-14周 星期一 第6节-第8节 余区北-教学大楼-326,1-10周 星期一 第6节-第8节 余区北-教学大楼-326,17周 星期二 第6节-第8节 余区北-教学大楼-326,16-17周 星期一 第6节-第8节 余区北-教学大楼-326","XF":3,"SKXQ":1,"XNXQDM":"2024-2025-2","KCM":"交通规划B","JASDM":"0301020326","JXLDM":"030102","JXBID":"20242-10173","SKBJ":"交工2201","TYXMDM":null,"KCH":"4180102110"},{"KKDWDM":"005","XS":32,"BYBZ":"0","JSJC":7,"XXXQDM":"03","KXH":"01","KSJC":6,"XKZRS":68,"SKZC":"000000000001000000000000000000","SKJS":"杨柳,满洁","ISTK":0,"ZCMC":"12周","YPSJDD":"1-5周,7-9周,11周 星期五 第6节-第8节 余区北-教学大楼-326,12周 星期五 第6节-第7节 余区北-教学大楼-326,9周 星期日 第6节-第8节 余区北-教学大楼-326","XF":2,"SKXQ":5,"XNXQDM":"2024-2025-2","KCM":"综合运输系统分析","JASDM":"0301020326","JXLDM":"030102","JXBID":"20242-03190","SKBJ":"交运2201,交运zy2201","TYXMDM":null,"KCH":"10055121080"},{"KKDWDM":"005","XS":48,"BYBZ":"0","JSJC":8,"XXXQDM":"03","KXH":"02","KSJC":6,"XKZRS":37,"SKZC":"000000000000000110000000000000","SKJS":"郭志勇","ISTK":0,"ZCMC":"16-17周","YPSJDD":"12-14周 星期一 第6节-第8节 余区北-教学大楼-326,1-10周 星期一 第6节-第8节 余区北-教学大楼-326,17周 星期二 第6节-第8节 余区北-教学大楼-326,16-17周 星期一 第6节-第8节 余区北-教学大楼-326","XF":3,"SKXQ":1,"XNXQDM":"2024-2025-2","KCM":"交通规划B","JASDM":"0301020326","JXLDM":"030102","JXBID":"20242-10173","SKBJ":"交工2201","TYXMDM":null,"KCH":"4180102110"},{"KKDWDM":"005","XS":32,"BYBZ":"0","JSJC":4,"XXXQDM":"03","KXH":"01","KSJC":3,"XKZRS":19,"SKZC":"000000000000000110000000000000","SKJS":"郭智威","ISTK":0,"ZCMC":"16-17周","YPSJDD":"16-17周 星期一 第3节-第4节 余区北-教学大楼-326,17周 星期二 第3节-第4节 余区北-教学大楼-326,9-16周 星期三 第1节-第2节 余区北-教学大楼-326,9-10周 星期一 第3节-第4节 余区北-教学大楼-326,12-14周 星期一 第3节-第4节 余区北-教学大楼-326","XF":2,"SKXQ":1,"XNXQDM":"2024-2025-2","KCM":"水路交通新材料及应用","JASDM":"0301020326","JXLDM":"030102","JXBID":"20242-03730","SKBJ":"交通本硕2201","TYXMDM":null,"KCH":"10055121002"},{"KKDWDM":"005","XS":48,"BYBZ":"0","JSJC":8,"XXXQDM":"03","KXH":"02","KSJC":6,"XKZRS":37,"SKZC":"000000000000000010000000000000","SKJS":"郭志勇","ISTK":0,"ZCMC":"17周","YPSJDD":"12-14周 星期一 第6节-第8节 余区北-教学大楼-326,1-10周 星期一 第6节-第8节 余区北-教学大楼-326,17周 星期二 第6节-第8节 余区北-教学大楼-326,16-17周 星期一 第6节-第8节 余区北-教学大楼-326","XF":3,"SKXQ":2,"XNXQDM":"2024-2025-2","KCM":"交通规划B","JASDM":"0301020326","JXLDM":"030102","JXBID":"20242-10173","SKBJ":"交工2201","TYXMDM":null,"KCH":"4180102110"},{"KKDWDM":"006","XS":32,"BYBZ":"0","JSJC":4,"XXXQDM":"03","KXH":"01","KSJC":3,"XKZRS":44,"SKZC":"000000000000000010000000000000","SKJS":"詹成胜,马超","ISTK":0,"ZCMC":"17周","YPSJDD":"9周 星期五 第3节-第4节 余区北-教学大楼-326,9-16周 星期三 第3节-第4节 余区北-教学大楼-326,11-16周 星期五 第3节-第4节 余区北-教学大楼-326,17周 星期三 第3节-第4节 余区北-教学大楼-326","XF":2,"SKXQ":3,"XNXQDM":"2024-2025-2","KCM":"船舶操纵性与耐波性","JASDM":"0301020326","JXLDM":"030102","JXBID":"20242-02399","SKBJ":"船海zy2201","TYXMDM":null,"KCH":"10064121072"},{"KKDWDM":"005","XS":32,"BYBZ":"0","JSJC":4,"XXXQDM":"03","KXH":"01","KSJC":3,"XKZRS":19,"SKZC":"000000000000000010000000000000","SKJS":"郭智威","ISTK":0,"ZCMC":"17周","YPSJDD":"16-17周 星期一 第3节-第4节 余区北-教学大楼-326,17周 星期二 第3节-第4节 余区北-教学大楼-326,9-16周 星期三 第1节-第2节 余区北-教学大楼-326,9-10周 星期一 第3节-第4节 余区北-教学大楼-326,12-14周 星期一 第3节-第4节 余区北-教学大楼-326","XF":2,"SKXQ":2,"XNXQDM":"2024-2025-2","KCM":"水路交通新材料及应用","JASDM":"0301020326","JXLDM":"030102","JXBID":"20242-03730","SKBJ":"交通本硕2201","TYXMDM":null,"KCH":"10055121002"}]}},"code":"0"}