{"datas":{"jaskcb":{"extParams":{"code":1,"msg":"查询成功"},"pageSize":0,"pageNumber":0,"totalSize":-1,"rows":[{"KKDWDM":null,"XS":null,"BYBZ":"1","JSJC":5,"XXXQDM":null,"KXH":null,"KSJC":1,"XKZRS":null,"SKZC":"000010000000000000000000000000","SKJS":"郭晶晶","ISTK":0,"ZCMC":"5周","YPSJDD":null,"XF":null,"SKXQ":2,"XNXQDM":"2024-2025-2","KCM":"研究生预答辩(借用)","JASDM":"0301020209","JXLDM":null,"JXBID":null,"SKBJ":null,"TYXMDM":null,"KCH":null},{"KKDWDM":null,"XS":null,"BYBZ":"1","JSJC":5,"XXXQDM":null,"KXH":null,"KSJC":1,"XKZRS":null,"SKZC":"001000000000000000000000000000","SKJS":"郭晶晶","ISTK":0,"ZCMC":"3周","YPSJDD":null,"XF":null,"SKXQ":6,"XNXQDM":"2024-2025-2","KCM":"研究生预答辩(借用)","JASDM":"0301020209","JXLDM":null,"JXBID":null,"SKBJ":null,"TYXMDM":null,"KCH":null},{"KKDWDM":null,"XS":null,"BYBZ":"1","JSJC":8,"XXXQDM":null,"KXH":null,"KSJC":6,"XKZRS":null,"SKZC":"111111000000000000000000000000","SKJS":"李培勇","ISTK":0,"ZCMC":"1-6周","YPSJDD":null,"XF":null,"SKXQ":1,"XNXQDM":"2024-2025-2","KCM":"船舶数字化设计制造理论","JASDM":"0301020209","JXLDM":null,"JXBID":null,"SKBJ":null,"TYXMDM":null,"KCH":"40060223019"},{"KKDWDM":null,"XS":null,"BYBZ":"1","JSJC":5,"XXXQDM":null,"KXH":null,"KSJC":3,"XKZRS":null,"SKZC":"111111000000000000000000000000","SKJS":"李培勇","ISTK":0,"ZCMC":"1-6周","YPSJDD":null,"XF":null,"SKXQ":3,"XNXQDM":"2024-2025-2","KCM":"船舶数字化设计制造理论","JASDM":"0301020209","JXLDM":null,"JXBID":null,"SKBJ":null,"TYXMDM":null,"KCH":"40060223019"},{"KKDWDM":null,"XS":null,"BYBZ":"1","JSJC":13,"XXXQDM":null,"KXH":null,"KSJC":11,"XKZRS":null,"SKZC":"000000111111000000000000000000","SKJS":"喻敏","ISTK":0,"ZCMC":"7-12周","YPSJDD":null,"XF":null,"SKXQ":2,"XNXQDM":"2024-2025-2","KCM":"水声学原理","JASDM":"0301020209","JXLDM":null,"JXBID":null,"SKBJ":null,"TYXMDM":null,"KCH":"40060223024"},{"KKDWDM":null,"XS":null,"BYBZ":"1","JSJC":8,"XXXQDM":null,"KXH":null,"KSJC":6,"XKZRS":null,"SKZC":"000000111111000000000000000000","SKJS":"喻敏","ISTK":0,"ZCMC":"7-12周","YPSJDD":null,"XF":null,"SKXQ":7,"XNXQDM":"2024-2025-2","KCM":"水声学原理","JASDM":"0301020209","JXLDM":null,"JXBID":null,"SKBJ":null,"TYXMDM":null,"KCH":"40060223024"},{"KKDWDM":null,"XS":null,"BYBZ":"1","JSJC":5,"XXXQDM":null,"KXH":null,"KSJC":3,"XKZRS":null,"SKZC":"000000000000111111000000000000","SKJS":"向祖权","ISTK":0,"ZCMC":"13-18周","YPSJDD":null,"XF":null,"SKXQ":1,"XNXQDM":"2024-2025-2","KCM":"现代造船精度控制与测量技术","JASDM":"0301020209","JXLDM":null,"JXBID":null,"SKBJ":null,"TYXMDM":null,"KCH":"40060223034"},{"KKDWDM":null,"XS":null,"BYBZ":"1","JSJC":8,"XXXQDM":null,"KXH":null,"KSJC":6,"XKZRS":null,"SKZC":"000000000000111111000000000000","SKJS":"向祖权","ISTK":0,"ZCMC":"13-18周","YPSJDD":null,"XF":null,"SKXQ":4,"XNXQDM":"2024-2025-2","KCM":"现代造船精度控制与测量技术","JASDM":"0301020209","JXLDM":null,"JXBID":null,"SKBJ":null,"TYXMDM":null,"KCH":"40060223034"},{"KKDWDM":null,"XS":null,"BYBZ":"1","JSJC":10,"XXXQDM":null,"KXH":null,"KSJC":9,"XKZRS":null,"SKZC":"111111000000000000000000000000","SKJS":"张咏鸥","ISTK":0,"ZCMC":"1-6周","YPSJDD":null,"XF":null,"SKXQ":1,"XNXQDM":"2024-2025-2","KCM":"水动力噪声原理","JASDM":"0301020209","JXLDM":null,"JXBID":null,"SKBJ":null,"TYXMDM":null,"KCH":"40060223044"},{"KKDWDM":null,"XS":null,"BYBZ":"1","JSJC":10,"XXXQDM":null,"KXH":null,"KSJC":9,"XKZRS":null,"SKZC":"111111000000000000000000000000","SKJS":"张咏鸥","ISTK":0,"ZCMC":"1-6周","YPSJDD":null,"XF":null,"SKXQ":2,"XNXQDM":"2024-2025-2","KCM":"水动力噪声原理","JASDM":"0301020209","JXLDM":null,"JXBID":null,"SKBJ":null,"TYXMDM":null,"KCH":"40060223044"},{"KKDWDM":null,"XS":null,"BYBZ":"1","JSJC":2,"XXXQDM":null,"KXH":null,"KSJC":1,"XKZRS":null,"SKZC":"111111000000000000000000000000","SKJS":"张咏鸥","ISTK":0,"ZCMC":"1-6周","YPSJDD":null,"XF":null,"SKXQ":4,"XNXQDM":"2024-2025-2","KCM":"水动力噪声原理","JASDM":"0301020209","JXLDM":null,"JXBID":null,"SKBJ":null,"TYXMDM":null,"KCH":"40060223044"},{"KKDWDM":null,"XS":null,"BYBZ":"1","JSJC":5,"XXXQDM":null,"KXH":null,"KSJC":3,"XKZRS":null,"SKZC":"000000111111000000000000000000","SKJS":"董早鹏","ISTK":0,"ZCMC":"7-12周","YPSJDD":null,"XF":null,"SKXQ":3,"XNXQDM":"2024-2025-2","KCM":"船海随机过程与智能控制","JASDM":"0301020209","JXLDM":null,"JXBID":null,"SKBJ":null,"TYXMDM":null,"KCH":"40060223065"},{"KKDWDM":null,"XS":null,"BYBZ":"1","JSJC":8,"XXXQDM":null,"KXH":null,"KSJC":6,"XKZRS":null,"SKZC":"000000000000111111000000000000","SKJS":"徐辰","ISTK":0,"ZCMC":"13-18周","YPSJDD":null,"XF":null,"SKXQ":2,"XNXQDM":"2024-2025-2","KCM":"流动与噪声控制","JASDM":"0301020209","JXLDM":null,"JXBID":null,"SKBJ":null,"TYXMDM":null,"KCH":"40060223066"},{"KKDWDM":null,"XS":null,"BYBZ":"1","JSJC":5,"XXXQDM":null,"KXH":null,"KSJC":3,"XKZRS":null,"SKZC":"000000000000111111000000000000","SKJS":"徐辰","ISTK":0,"ZCMC":"13-18周","YPSJDD":null,"XF":null,"SKXQ":4,"XNXQDM":"2024-2025-2","KCM":"流动与噪声控制","JASDM":"0301020209","JXLDM":null,"JXBID":null,"SKBJ":null,"TYXMDM":null,"KCH":"40060223066"},{"KKDWDM":null,"XS":null,"BYBZ":"1","JSJC":5,"XXXQDM":null,"KXH":null,"KSJC":3,"XKZRS":null,"SKZC":"111111000000000000000000000000","SKJS":"尚前明","ISTK":0,"ZCMC":"1-6周","YPSJDD":null,"XF":null,"SKXQ":1,"XNXQDM":"2024-2025-2","KCM":"轮机仿真及控制技术","JASDM":"0301020209","JXLDM":null,"JXBID":null,"SKBJ":null,"TYXMDM":null,"KCH":"40060223072"},{"KKDWDM":null,"XS":null,"BYBZ":"1","JSJC":5,"XXXQDM":null,"KXH":null,"KSJC":3,"XKZRS":null,"SKZC":"000000000000000111000000000000","SKJS":"姚玉南","ISTK":0,"ZCMC":"16-18周","YPSJDD":null,"XF":null,"SKXQ":2,"XNXQDM":"2024-2025-2","KCM":"实验综合能力训练（实验课程）","JASDM":"0301020209","JXLDM":null,"JXBID":null,"SKBJ":null,"TYXMDM":null,"KCH":"40060323022"},{"KKDWDM":null,"XS":null,"BYBZ":"1","JSJC":8,"XXXQDM":null,"KXH":null,"KSJC":6,"XKZRS":null,"SKZC":"000000000000000111000000000000","SKJS":"姚玉南","ISTK":0,"ZCMC":"16-18周","YPSJDD":null,"XF":null,"SKXQ":5,"XNXQDM":"2024-2025-2","KCM":"实验综合能力训练（实验课程）","JASDM":"0301020209","JXLDM":null,"JXBID":null,"SKBJ":null,"TYXMDM":null,"KCH":"40060323022"},{"KKDWDM":null,"XS":null,"BYBZ":"1","JSJC":5,"XXXQDM":null,"KXH":null,"KSJC":3,"XKZRS":null,"SKZC":"000000111111000000000000000000","SKJS":"金泽宇","ISTK":0,"ZCMC":"7-12周","YPSJDD":null,"XF":null,"SKXQ":5,"XNXQDM":"2024-2025-2","KCM":"黎曼解算器与流体动力学的数值方法","JASDM":"0301020209","JXLDM":null,"JXBID":null,"SKBJ":null,"TYXMDM":null,"KCH":"40060323047"},{"KKDWDM":null,"XS":null,"BYBZ":"1","JSJC":8,"XXXQDM":null,"KXH":null,"KSJC":6,"XKZRS":null,"SKZC":"000000111111000000000000000000","SKJS":"金泽宇","ISTK":0,"ZCMC":"7-12周","YPSJDD":null,"XF":null,"SKXQ":6,"XNXQDM":"2024-2025-2","KCM":"黎曼解算器与流体动力学的数值方法","JASDM":"0301020209","JXLDM":null,"JXBID":null,"SKBJ":null,"TYXMDM":null,"KCH":"40060323047"},{"KKDWDM":null,"XS":null,"BYBZ":"1","JSJC":8,"XXXQDM":null,"KXH":null,"KSJC":6,"XKZRS":null,"SKZC":"111111000000000000000000000000","SKJS":"陈刚","ISTK":0,"ZCMC":"1-6周","YPSJDD":null,"XF":null,"SKXQ":4,"XNXQDM":"2024-2025-2","KCM":"海事安全公约","JASDM":"0301020209","JXLDM":null,"JXBID":null,"SKBJ":null,"TYXMDM":null,"KCH":"50140323039"},{"KKDWDM":null,"XS":null,"BYBZ":"1","JSJC":8,"XXXQDM":null,"KXH":null,"KSJC":6,"XKZRS":null,"SKZC":"111111000000000000000000000000","SKJS":"陈刚","ISTK":0,"ZCMC":"1-6周","YPSJDD":null,"XF":null,"SKXQ":6,"XNXQDM":"2024-2025-2","KCM":"海事安全公约","JASDM":"0301020209","JXLDM":null,"JXBID":null,"SKBJ":null,"TYXMDM":null,"KCH":"50140323039"},{"KKDWDM":null,"XS":null,"BYBZ":"1","JSJC":8,"XXXQDM":null,"KXH":null,"KSJC":6,"XKZRS":null,"SKZC":"011111100000000000000000000000","SKJS":"谭金华","ISTK":0,"ZCMC":"2-7周","YPSJDD":null,"XF":null,"SKXQ":3,"XNXQDM":"2024-2025-2","KCM":"断裂与损伤力学","JASDM":"0301020209","JXLDM":null,"JXBID":null,"SKBJ":null,"TYXMDM":null,"KCH":"60050223022"},{"KKDWDM":null,"XS":null,"BYBZ":"1","JSJC":5,"XXXQDM":null,"KXH":null,"KSJC":3,"XKZRS":null,"SKZC":"011111100000000000000000000000","SKJS":"谭金华","ISTK":0,"ZCMC":"2-7周","YPSJDD":null,"XF":null,"SKXQ":4,"XNXQDM":"2024-2025-2","KCM":"断裂与损伤力学","JASDM":"0301020209","JXLDM":null,"JXBID":null,"SKBJ":null,"TYXMDM":null,"KCH":"60050223022"},{"KKDWDM":null,"XS":null,"BYBZ":"1","JSJC":13,"XXXQDM":null,"KXH":null,"KSJC":11,"XKZRS":null,"SKZC":"011000000000000000000000000000","SKJS":"胡钊政","ISTK":0,"ZCMC":"2-3周","YPSJDD":null,"XF":null,"SKXQ":6,"XNXQDM":"2024-2025-2","KCM":"信息融合理论方法与技术","JASDM":"0301020209","JXLDM":null,"JXBID":null,"SKBJ":null,"TYXMDM":null,"KCH":"70050223004"}]}},"code":"0"}