{"datas":{"jaskcb":{"extParams":{"code":1,"msg":"查询成功"},"pageSize":0,"pageNumber":0,"totalSize":-1,"rows":[{"KKDWDM":"005","XS":56,"BYBZ":"0","JSJC":2,"XXXQDM":"03","KXH":"01","KSJC":1,"XKZRS":115,"SKZC":"111111111111100000000000000000","SKJS":"王国贤","ISTK":0,"ZCMC":"1-13周","YPSJDD":"1-10周 星期一 第3节-第4节 余区北-教学大楼-602,12-14周 星期一 第3节-第4节 余区北-教学大楼-602,1-13周 星期三 第1节-第2节 余区北-教学大楼-602","XF":3,"SKXQ":3,"XNXQDM":"2024-2025-2","KCM":"自动控制原理与机电传动","JASDM":"0301020602","JXLDM":"030102","JXBID":"20242-03442","SKBJ":"机设2204-06","TYXMDM":null,"KCH":"10054121135"},{"KKDWDM":"005","XS":56,"BYBZ":"0","JSJC":4,"XXXQDM":"03","KXH":"01","KSJC":3,"XKZRS":115,"SKZC":"111111111100000000000000000000","SKJS":"王国贤","ISTK":0,"ZCMC":"1-10周","YPSJDD":"1-10周 星期一 第3节-第4节 余区北-教学大楼-602,12-14周 星期一 第3节-第4节 余区北-教学大楼-602,1-13周 星期三 第1节-第2节 余区北-教学大楼-602","XF":3,"SKXQ":1,"XNXQDM":"2024-2025-2","KCM":"自动控制原理与机电传动","JASDM":"0301020602","JXLDM":"030102","JXBID":"20242-03442","SKBJ":"机设2204-06","TYXMDM":null,"KCH":"10054121135"},{"KKDWDM":"005","XS":32,"BYBZ":"0","JSJC":5,"XXXQDM":"03","KXH":"01","KSJC":3,"XKZRS":31,"SKZC":"111111111100000000000000","SKJS":"贺利军","ISTK":0,"ZCMC":"1-10周","YPSJDD":"11周 星期三 第3节-第4节 余区北-教学大楼-602,1-10周 星期三 第3节-第5节 余区北-教学大楼-602","XF":2,"SKXQ":3,"XNXQDM":"2024-2025-2","KCM":"智慧港口概论","JASDM":"0301020602","JXLDM":"030102","JXBID":"20242-02567","SKBJ":"物流2201-02","TYXMDM":null,"KCH":"10055121059"},{"KKDWDM":"005","XS":32,"BYBZ":"0","JSJC":8,"XXXQDM":"03","KXH":"01","KSJC":6,"XKZRS":115,"SKZC":"111111111100000000000000","SKJS":"李斌","ISTK":0,"ZCMC":"1-10周","YPSJDD":"11周 星期二 第6节-第7节 余区北-教学大楼-602,1-10周 星期二 第6节-第8节 余区北-教学大楼-602","XF":2,"SKXQ":2,"XNXQDM":"2024-2025-2","KCM":"隧道工程D","JASDM":"0301020602","JXLDM":"030102","JXBID":"20242-03612","SKBJ":"道桥2201-03,道桥zy2201","TYXMDM":null,"KCH":"10055121039"},{"KKDWDM":"006","XS":48,"BYBZ":"0","JSJC":5,"XXXQDM":"03","KXH":"06","KSJC":3,"XKZRS":90,"SKZC":"111111111000000000000000000000","SKJS":"刘宏斌","ISTK":0,"ZCMC":"1-9周","YPSJDD":"1-9周 星期四 第3节-第5节 余区北-教学大楼-602,11-17周 星期四 第3节-第5节 余区北-教学大楼-602","XF":3,"SKXQ":4,"XNXQDM":"2024-2025-2","KCM":"轮机英语","JASDM":"0301020602","JXLDM":"030102","JXBID":"20242-10591","SKBJ":"轮机2205-07","TYXMDM":null,"KCH":"10064117101"},{"KKDWDM":"005","XS":40,"BYBZ":"0","JSJC":2,"XXXQDM":"03","KXH":"01","KSJC":1,"XKZRS":111,"SKZC":"111110000000000000000000000000","SKJS":"喻琼","ISTK":0,"ZCMC":"1-5周","YPSJDD":"9周 星期日 第1节-第2节 余区北-教学大楼-602,7-8周 星期五 第1节-第2节 余区北-教学大楼-602,1-5周 星期五 第1节-第2节 余区北-教学大楼-602","XF":2,"SKXQ":5,"XNXQDM":"2024-2025-2","KCM":"道路工程计算机辅助设计A","JASDM":"0301020602","JXLDM":"030102","JXBID":"20242-02712","SKBJ":"道桥2201-03,道桥zy2201","TYXMDM":null,"KCH":"10055112005"},{"KKDWDM":"006","XS":32,"BYBZ":"0","JSJC":5,"XXXQDM":"03","KXH":"01","KSJC":3,"XKZRS":68,"SKZC":"000111111111100000000000","SKJS":"张存泉","ISTK":0,"ZCMC":"4-13周","YPSJDD":"14周 星期二 第3节-第4节 余区北-教学大楼-602,4-13周 星期二 第3节-第5节 余区北-教学大楼-602","XF":2,"SKXQ":2,"XNXQDM":"2024-2025-2","KCM":"制冷与空调技术","JASDM":"0301020602","JXLDM":"030102","JXBID":"20242-02244","SKBJ":"能动2201-02","TYXMDM":null,"KCH":"10065121018"},{"KKDWDM":"005","XS":40,"BYBZ":"0","JSJC":2,"XXXQDM":"03","KXH":"01","KSJC":1,"XKZRS":111,"SKZC":"000000110000000000000000000000","SKJS":"喻琼","ISTK":0,"ZCMC":"7-8周","YPSJDD":"9周 星期日 第1节-第2节 余区北-教学大楼-602,7-8周 星期五 第1节-第2节 余区北-教学大楼-602,1-5周 星期五 第1节-第2节 余区北-教学大楼-602","XF":2,"SKXQ":5,"XNXQDM":"2024-2025-2","KCM":"道路工程计算机辅助设计A","JASDM":"0301020602","JXLDM":"030102","JXBID":"20242-02712","SKBJ":"道桥2201-03,道桥zy2201","TYXMDM":null,"KCH":"10055112005"},{"KKDWDM":"005","XS":40,"BYBZ":"0","JSJC":2,"XXXQDM":"03","KXH":"01","KSJC":1,"XKZRS":111,"SKZC":"000000001000000000000000000000","SKJS":"喻琼","ISTK":0,"ZCMC":"9周","YPSJDD":"9周 星期日 第1节-第2节 余区北-教学大楼-602,7-8周 星期五 第1节-第2节 余区北-教学大楼-602,1-5周 星期五 第1节-第2节 余区北-教学大楼-602","XF":2,"SKXQ":7,"XNXQDM":"2024-2025-2","KCM":"道路工程计算机辅助设计A","JASDM":"0301020602","JXLDM":"030102","JXBID":"20242-02712","SKBJ":"道桥2201-03,道桥zy2201","TYXMDM":null,"KCH":"10055112005"},{"KKDWDM":"006","XS":48,"BYBZ":"0","JSJC":5,"XXXQDM":"03","KXH":"06","KSJC":3,"XKZRS":90,"SKZC":"000000000011111110000000000000","SKJS":"刘宏斌","ISTK":0,"ZCMC":"11-17周","YPSJDD":"1-9周 星期四 第3节-第5节 余区北-教学大楼-602,11-17周 星期四 第3节-第5节 余区北-教学大楼-602","XF":3,"SKXQ":4,"XNXQDM":"2024-2025-2","KCM":"轮机英语","JASDM":"0301020602","JXLDM":"030102","JXBID":"20242-10591","SKBJ":"轮机2205-07","TYXMDM":null,"KCH":"10064117101"},{"KKDWDM":"005","XS":32,"BYBZ":"0","JSJC":4,"XXXQDM":"03","KXH":"01","KSJC":3,"XKZRS":31,"SKZC":"000000000010000000000000","SKJS":"贺利军","ISTK":0,"ZCMC":"11周","YPSJDD":"11周 星期三 第3节-第4节 余区北-教学大楼-602,1-10周 星期三 第3节-第5节 余区北-教学大楼-602","XF":2,"SKXQ":3,"XNXQDM":"2024-2025-2","KCM":"智慧港口概论","JASDM":"0301020602","JXLDM":"030102","JXBID":"20242-02567","SKBJ":"物流2201-02","TYXMDM":null,"KCH":"10055121059"},{"KKDWDM":"005","XS":32,"BYBZ":"0","JSJC":7,"XXXQDM":"03","KXH":"01","KSJC":6,"XKZRS":115,"SKZC":"000000000010000000000000","SKJS":"李斌","ISTK":0,"ZCMC":"11周","YPSJDD":"11周 星期二 第6节-第7节 余区北-教学大楼-602,1-10周 星期二 第6节-第8节 余区北-教学大楼-602","XF":2,"SKXQ":2,"XNXQDM":"2024-2025-2","KCM":"隧道工程D","JASDM":"0301020602","JXLDM":"030102","JXBID":"20242-03612","SKBJ":"道桥2201-03,道桥zy2201","TYXMDM":null,"KCH":"10055121039"},{"KKDWDM":"005","XS":56,"BYBZ":"0","JSJC":4,"XXXQDM":"03","KXH":"01","KSJC":3,"XKZRS":115,"SKZC":"000000000001110000000000000000","SKJS":"王国贤","ISTK":0,"ZCMC":"12-14周","YPSJDD":"1-10周 星期一 第3节-第4节 余区北-教学大楼-602,12-14周 星期一 第3节-第4节 余区北-教学大楼-602,1-13周 星期三 第1节-第2节 余区北-教学大楼-602","XF":3,"SKXQ":1,"XNXQDM":"2024-2025-2","KCM":"自动控制原理与机电传动","JASDM":"0301020602","JXLDM":"030102","JXBID":"20242-03442","SKBJ":"机设2204-06","TYXMDM":null,"KCH":"10054121135"},{"KKDWDM":"006","XS":32,"BYBZ":"0","JSJC":4,"XXXQDM":"03","KXH":"01","KSJC":3,"XKZRS":68,"SKZC":"000000000000010000000000","SKJS":"张存泉","ISTK":0,"ZCMC":"14周","YPSJDD":"14周 星期二 第3节-第4节 余区北-教学大楼-602,4-13周 星期二 第3节-第5节 余区北-教学大楼-602","XF":2,"SKXQ":2,"XNXQDM":"2024-2025-2","KCM":"制冷与空调技术","JASDM":"0301020602","JXLDM":"030102","JXBID":"20242-02244","SKBJ":"能动2201-02","TYXMDM":null,"KCH":"10065121018"}]}},"code":"0"}