{"datas":{"jaskcb":{"extParams":{"code":1,"msg":"查询成功"},"pageSize":0,"pageNumber":0,"totalSize":-1,"rows":[{"KKDWDM":"006","XS":72,"BYBZ":"0","JSJC":8,"XXXQDM":"03","KXH":"01","KSJC":3,"XKZRS":20,"SKZC":"001110111011101100000000000000","SKJS":"马丽","ISTK":0,"ZCMC":"3-5周,7-9周,11-13周,15-16周","YPSJDD":"3-4周 星期日 第3节-第5节 余区北-教学大楼-309,3-5周,7-9周,11-13周,15-16周 星期六 第3节-第8节 余区北-教学大楼-309","XF":4,"SKXQ":6,"XNXQDM":"2024-2025-2","KCM":"理论力学A","JASDM":"0301020309","JXLDM":"030102","JXBID":"20242-14314","SKBJ":null,"TYXMDM":null,"KCH":"10194111002"},{"KKDWDM":"006","XS":72,"BYBZ":"0","JSJC":5,"XXXQDM":"03","KXH":"01","KSJC":3,"XKZRS":20,"SKZC":"001100000000000000000000000000","SKJS":"马丽","ISTK":0,"ZCMC":"3-4周","YPSJDD":"3-4周 星期日 第3节-第5节 余区北-教学大楼-309,3-5周,7-9周,11-13周,15-16周 星期六 第3节-第8节 余区北-教学大楼-309","XF":4,"SKXQ":7,"XNXQDM":"2024-2025-2","KCM":"理论力学A","JASDM":"0301020309","JXLDM":"030102","JXBID":"20242-14314","SKBJ":null,"TYXMDM":null,"KCH":"10194111002"}]}},"code":"0"}