{"datas":{"jaskcb":{"extParams":{"code":1,"msg":"查询成功"},"pageSize":0,"pageNumber":0,"totalSize":-1,"rows":[{"KKDWDM":null,"XS":null,"BYBZ":"1","JSJC":5,"XXXQDM":null,"KXH":null,"KSJC":1,"XKZRS":null,"SKZC":"000010000000000000000000000000","SKJS":"郭晶晶","ISTK":0,"ZCMC":"5周","YPSJDD":null,"XF":null,"SKXQ":2,"XNXQDM":"2024-2025-2","KCM":"研究生预答辩(借用)","JASDM":"0301020208","JXLDM":null,"JXBID":null,"SKBJ":null,"TYXMDM":null,"KCH":null},{"KKDWDM":null,"XS":null,"BYBZ":"1","JSJC":5,"XXXQDM":null,"KXH":null,"KSJC":1,"XKZRS":null,"SKZC":"001000000000000000000000000000","SKJS":"郭晶晶","ISTK":0,"ZCMC":"3周","YPSJDD":null,"XF":null,"SKXQ":6,"XNXQDM":"2024-2025-2","KCM":"研究生预答辩(借用)","JASDM":"0301020208","JXLDM":null,"JXBID":null,"SKBJ":null,"TYXMDM":null,"KCH":null},{"KKDWDM":null,"XS":null,"BYBZ":"1","JSJC":5,"XXXQDM":null,"KXH":null,"KSJC":3,"XKZRS":null,"SKZC":"000000000111111111000000000000","SKJS":"张少雄","ISTK":0,"ZCMC":"10-18周","YPSJDD":null,"XF":null,"SKXQ":1,"XNXQDM":"2024-2025-2","KCM":"有限单元法理论与应用","JASDM":"0301020208","JXLDM":null,"JXBID":null,"SKBJ":null,"TYXMDM":null,"KCH":"40060223016"},{"KKDWDM":null,"XS":null,"BYBZ":"1","JSJC":5,"XXXQDM":null,"KXH":null,"KSJC":3,"XKZRS":null,"SKZC":"000000000111111111000000000000","SKJS":"张少雄","ISTK":0,"ZCMC":"10-18周","YPSJDD":null,"XF":null,"SKXQ":3,"XNXQDM":"2024-2025-2","KCM":"有限单元法理论与应用","JASDM":"0301020208","JXLDM":null,"JXBID":null,"SKBJ":null,"TYXMDM":null,"KCH":"40060223016"},{"KKDWDM":null,"XS":null,"BYBZ":"1","JSJC":8,"XXXQDM":null,"KXH":null,"KSJC":6,"XKZRS":null,"SKZC":"000000111111000000000000000000","SKJS":"丁江明","ISTK":0,"ZCMC":"7-12周","YPSJDD":null,"XF":null,"SKXQ":3,"XNXQDM":"2024-2025-2","KCM":"船舶推进器水动力学","JASDM":"0301020208","JXLDM":null,"JXBID":null,"SKBJ":null,"TYXMDM":null,"KCH":"40060223041"},{"KKDWDM":null,"XS":null,"BYBZ":"1","JSJC":8,"XXXQDM":null,"KXH":null,"KSJC":6,"XKZRS":null,"SKZC":"000000111111000000000000000000","SKJS":"丁江明","ISTK":0,"ZCMC":"7-12周","YPSJDD":null,"XF":null,"SKXQ":6,"XNXQDM":"2024-2025-2","KCM":"船舶推进器水动力学","JASDM":"0301020208","JXLDM":null,"JXBID":null,"SKBJ":null,"TYXMDM":null,"KCH":"40060223041"},{"KKDWDM":null,"XS":null,"BYBZ":"1","JSJC":5,"XXXQDM":null,"KXH":null,"KSJC":3,"XKZRS":null,"SKZC":"000111000000000000000000000000","SKJS":"张开银","ISTK":0,"ZCMC":"4-6周","YPSJDD":null,"XF":null,"SKXQ":3,"XNXQDM":"2024-2025-2","KCM":"结构检测技术试验","JASDM":"0301020208","JXLDM":null,"JXBID":null,"SKBJ":null,"TYXMDM":null,"KCH":"40060323003"},{"KKDWDM":null,"XS":null,"BYBZ":"1","JSJC":13,"XXXQDM":null,"KXH":null,"KSJC":11,"XKZRS":null,"SKZC":"000111000000000000000000000000","SKJS":"张开银","ISTK":0,"ZCMC":"4-6周","YPSJDD":null,"XF":null,"SKXQ":4,"XNXQDM":"2024-2025-2","KCM":"结构检测技术试验","JASDM":"0301020208","JXLDM":null,"JXBID":null,"SKBJ":null,"TYXMDM":null,"KCH":"40060323003"},{"KKDWDM":null,"XS":null,"BYBZ":"1","JSJC":8,"XXXQDM":null,"KXH":null,"KSJC":6,"XKZRS":null,"SKZC":"000000000000111111000000000000","SKJS":"曾旭明","ISTK":0,"ZCMC":"13-18周","YPSJDD":null,"XF":null,"SKXQ":1,"XNXQDM":"2024-2025-2","KCM":"物联网与先进网络技术","JASDM":"0301020208","JXLDM":null,"JXBID":null,"SKBJ":null,"TYXMDM":null,"KCH":"40140323024"},{"KKDWDM":null,"XS":null,"BYBZ":"1","JSJC":5,"XXXQDM":null,"KXH":null,"KSJC":3,"XKZRS":null,"SKZC":"000000000000111111000000000000","SKJS":"曾旭明","ISTK":0,"ZCMC":"13-18周","YPSJDD":null,"XF":null,"SKXQ":4,"XNXQDM":"2024-2025-2","KCM":"物联网与先进网络技术","JASDM":"0301020208","JXLDM":null,"JXBID":null,"SKBJ":null,"TYXMDM":null,"KCH":"40140323024"},{"KKDWDM":null,"XS":null,"BYBZ":"1","JSJC":5,"XXXQDM":null,"KXH":null,"KSJC":3,"XKZRS":null,"SKZC":"000000111111000000000000000000","SKJS":"向阳","ISTK":0,"ZCMC":"7-12周","YPSJDD":null,"XF":null,"SKXQ":2,"XNXQDM":"2024-2025-2","KCM":"现代信号分析理论","JASDM":"0301020208","JXLDM":null,"JXBID":null,"SKBJ":null,"TYXMDM":null,"KCH":"60060223007"},{"KKDWDM":null,"XS":null,"BYBZ":"1","JSJC":8,"XXXQDM":null,"KXH":null,"KSJC":6,"XKZRS":null,"SKZC":"000000111111000000000000000000","SKJS":"向阳","ISTK":0,"ZCMC":"7-12周","YPSJDD":null,"XF":null,"SKXQ":4,"XNXQDM":"2024-2025-2","KCM":"现代信号分析理论","JASDM":"0301020208","JXLDM":null,"JXBID":null,"SKBJ":null,"TYXMDM":null,"KCH":"60060223007"}]}},"code":"0"}