{"datas":{"jaskcb":{"extParams":{"code":1,"msg":"查询成功"},"pageSize":0,"pageNumber":0,"totalSize":-1,"rows":[{"KKDWDM":null,"XS":null,"BYBZ":"1","JSJC":13,"XXXQDM":null,"KXH":null,"KSJC":11,"XKZRS":null,"SKZC":"000000111111000000000000000000","SKJS":"冯佰威","ISTK":0,"ZCMC":"7-12周","YPSJDD":null,"XF":null,"SKXQ":1,"XNXQDM":"2024-2025-2","KCM":"船舶总体优化设计理论与方法","JASDM":"0301020219","JXLDM":null,"JXBID":null,"SKBJ":null,"TYXMDM":null,"KCH":"40060223017"},{"KKDWDM":null,"XS":null,"BYBZ":"1","JSJC":13,"XXXQDM":null,"KXH":null,"KSJC":11,"XKZRS":null,"SKZC":"000000111111000000000000000000","SKJS":"冯佰威","ISTK":0,"ZCMC":"7-12周","YPSJDD":null,"XF":null,"SKXQ":6,"XNXQDM":"2024-2025-2","KCM":"船舶总体优化设计理论与方法","JASDM":"0301020219","JXLDM":null,"JXBID":null,"SKBJ":null,"TYXMDM":null,"KCH":"40060223017"},{"KKDWDM":null,"XS":null,"BYBZ":"1","JSJC":10,"XXXQDM":null,"KXH":null,"KSJC":6,"XKZRS":null,"SKZC":"000000000111111100000000000000","SKJS":"刘文","ISTK":0,"ZCMC":"10-16周","YPSJDD":null,"XF":null,"SKXQ":2,"XNXQDM":"2024-2025-2","KCM":"机器学习与智能计算","JASDM":"0301020219","JXLDM":null,"JXBID":null,"SKBJ":null,"TYXMDM":null,"KCH":"40140223018"},{"KKDWDM":null,"XS":null,"BYBZ":"1","JSJC":8,"XXXQDM":null,"KXH":null,"KSJC":8,"XKZRS":null,"SKZC":"000000000000000010000000000000","SKJS":"刘文","ISTK":0,"ZCMC":"17周","YPSJDD":null,"XF":null,"SKXQ":2,"XNXQDM":"2024-2025-2","KCM":"机器学习与智能计算","JASDM":"0301020219","JXLDM":null,"JXBID":null,"SKBJ":null,"TYXMDM":null,"KCH":"40140223018"},{"KKDWDM":null,"XS":null,"BYBZ":"1","JSJC":8,"XXXQDM":null,"KXH":null,"KSJC":6,"XKZRS":null,"SKZC":"001111110000000000000000000000","SKJS":"钱璐","ISTK":0,"ZCMC":"3-8周","YPSJDD":null,"XF":null,"SKXQ":3,"XNXQDM":"2024-2025-2","KCM":"工程信息管理","JASDM":"0301020219","JXLDM":null,"JXBID":null,"SKBJ":null,"TYXMDM":null,"KCH":"50050223016"},{"KKDWDM":null,"XS":null,"BYBZ":"1","JSJC":8,"XXXQDM":null,"KXH":null,"KSJC":6,"XKZRS":null,"SKZC":"001111110000000000000000000000","SKJS":"钱璐","ISTK":0,"ZCMC":"3-8周","YPSJDD":null,"XF":null,"SKXQ":5,"XNXQDM":"2024-2025-2","KCM":"工程信息管理","JASDM":"0301020219","JXLDM":null,"JXBID":null,"SKBJ":null,"TYXMDM":null,"KCH":"50050223016"},{"KKDWDM":null,"XS":null,"BYBZ":"1","JSJC":10,"XXXQDM":null,"KXH":null,"KSJC":6,"XKZRS":null,"SKZC":"111111110000000000000000000000","SKJS":"陈辉","ISTK":0,"ZCMC":"1-8周","YPSJDD":null,"XF":null,"SKXQ":2,"XNXQDM":"2024-2025-2","KCM":"过程系统建模与仿真（博）","JASDM":"0301020219","JXLDM":null,"JXBID":null,"SKBJ":null,"TYXMDM":null,"KCH":"60060223004"}]}},"code":"0"}