{"datas":{"jaskcb":{"extParams":{"code":1,"msg":"查询成功"},"pageSize":0,"pageNumber":0,"totalSize":-1,"rows":[{"KKDWDM":null,"XS":null,"BYBZ":"1","JSJC":5,"XXXQDM":null,"KXH":null,"KSJC":1,"XKZRS":null,"SKZC":"000010000000000000000000000000","SKJS":"郭晶晶","ISTK":0,"ZCMC":"5周","YPSJDD":null,"XF":null,"SKXQ":2,"XNXQDM":"2024-2025-2","KCM":"研究生预答辩(借用)","JASDM":"0301020210","JXLDM":null,"JXBID":null,"SKBJ":null,"TYXMDM":null,"KCH":null},{"KKDWDM":null,"XS":null,"BYBZ":"1","JSJC":5,"XXXQDM":null,"KXH":null,"KSJC":1,"XKZRS":null,"SKZC":"001000000000000000000000000000","SKJS":"郭晶晶","ISTK":0,"ZCMC":"3周","YPSJDD":null,"XF":null,"SKXQ":6,"XNXQDM":"2024-2025-2","KCM":"研究生预答辩(借用)","JASDM":"0301020210","JXLDM":null,"JXBID":null,"SKBJ":null,"TYXMDM":null,"KCH":null},{"KKDWDM":null,"XS":null,"BYBZ":"1","JSJC":8,"XXXQDM":null,"KXH":null,"KSJC":6,"XKZRS":null,"SKZC":"001111111111110000000000000000","SKJS":"杜志刚","ISTK":0,"ZCMC":"3-14周","YPSJDD":null,"XF":null,"SKXQ":4,"XNXQDM":"2024-2025-2","KCM":"交通安全分析方法与实践","JASDM":"0301020210","JXLDM":null,"JXBID":null,"SKBJ":null,"TYXMDM":null,"KCH":"40050223017"},{"KKDWDM":null,"XS":null,"BYBZ":"1","JSJC":13,"XXXQDM":null,"KXH":null,"KSJC":11,"XKZRS":null,"SKZC":"000000001111110000000000000000","SKJS":"王海燕","ISTK":0,"ZCMC":"9-14周","YPSJDD":null,"XF":null,"SKXQ":3,"XNXQDM":"2024-2025-2","KCM":"科技英语写作","JASDM":"0301020210","JXLDM":null,"JXBID":null,"SKBJ":null,"TYXMDM":null,"KCH":"40050523010"},{"KKDWDM":null,"XS":null,"BYBZ":"1","JSJC":13,"XXXQDM":null,"KXH":null,"KSJC":11,"XKZRS":null,"SKZC":"000000001111110000000000000000","SKJS":"王海燕","ISTK":0,"ZCMC":"9-14周","YPSJDD":null,"XF":null,"SKXQ":4,"XNXQDM":"2024-2025-2","KCM":"科技英语写作","JASDM":"0301020210","JXLDM":null,"JXBID":null,"SKBJ":null,"TYXMDM":null,"KCH":"40050523010"},{"KKDWDM":null,"XS":null,"BYBZ":"1","JSJC":5,"XXXQDM":null,"KXH":null,"KSJC":3,"XKZRS":null,"SKZC":"111111000000000000000000000000","SKJS":"王志华","ISTK":0,"ZCMC":"1-6周","YPSJDD":null,"XF":null,"SKXQ":3,"XNXQDM":"2024-2025-2","KCM":"试验与测试技术","JASDM":"0301020210","JXLDM":null,"JXBID":null,"SKBJ":null,"TYXMDM":null,"KCH":"40060323023"},{"KKDWDM":null,"XS":null,"BYBZ":"1","JSJC":5,"XXXQDM":null,"KXH":null,"KSJC":3,"XKZRS":null,"SKZC":"111111000000000000000000000000","SKJS":"王志华","ISTK":0,"ZCMC":"1-6周","YPSJDD":null,"XF":null,"SKXQ":4,"XNXQDM":"2024-2025-2","KCM":"试验与测试技术","JASDM":"0301020210","JXLDM":null,"JXBID":null,"SKBJ":null,"TYXMDM":null,"KCH":"40060323023"},{"KKDWDM":null,"XS":null,"BYBZ":"1","JSJC":8,"XXXQDM":null,"KXH":null,"KSJC":6,"XKZRS":null,"SKZC":"000111111000000000000000000000","SKJS":"王晓琼","ISTK":0,"ZCMC":"4-9周","YPSJDD":null,"XF":null,"SKXQ":6,"XNXQDM":"2024-2025-2","KCM":"专业英语（航运）","JASDM":"0301020210","JXLDM":null,"JXBID":null,"SKBJ":null,"TYXMDM":null,"KCH":"40140323009"},{"KKDWDM":null,"XS":null,"BYBZ":"1","JSJC":13,"XXXQDM":null,"KXH":null,"KSJC":11,"XKZRS":null,"SKZC":"000000111111000000000000000000","SKJS":"郑凯","ISTK":0,"ZCMC":"7-12周","YPSJDD":null,"XF":null,"SKXQ":2,"XNXQDM":"2024-2025-2","KCM":"GNSS精密定位理论与方法","JASDM":"0301020210","JXLDM":null,"JXBID":null,"SKBJ":null,"TYXMDM":null,"KCH":"40140323022"},{"KKDWDM":null,"XS":null,"BYBZ":"1","JSJC":5,"XXXQDM":null,"KXH":null,"KSJC":3,"XKZRS":null,"SKZC":"000000111111000000000000000000","SKJS":"郑凯","ISTK":0,"ZCMC":"7-12周","YPSJDD":null,"XF":null,"SKXQ":3,"XNXQDM":"2024-2025-2","KCM":"GNSS精密定位理论与方法","JASDM":"0301020210","JXLDM":null,"JXBID":null,"SKBJ":null,"TYXMDM":null,"KCH":"40140323022"},{"KKDWDM":null,"XS":null,"BYBZ":"1","JSJC":8,"XXXQDM":null,"KXH":null,"KSJC":6,"XKZRS":null,"SKZC":"011111111111100000000000000000","SKJS":"胡钊政","ISTK":0,"ZCMC":"2-13周","YPSJDD":null,"XF":null,"SKXQ":3,"XNXQDM":"2024-2025-2","KCM":"信息融合理论与方法","JASDM":"0301020210","JXLDM":null,"JXBID":null,"SKBJ":null,"TYXMDM":null,"KCH":"60050223014"},{"KKDWDM":null,"XS":null,"BYBZ":"1","JSJC":13,"XXXQDM":null,"KXH":null,"KSJC":9,"XKZRS":null,"SKZC":"000111111000000000000000000000","SKJS":"胡钊政","ISTK":0,"ZCMC":"4-9周","YPSJDD":null,"XF":null,"SKXQ":6,"XNXQDM":"2024-2025-2","KCM":"信息融合理论方法与技术","JASDM":"0301020210","JXLDM":null,"JXBID":null,"SKBJ":null,"TYXMDM":null,"KCH":"70050223004"},{"KKDWDM":null,"XS":null,"BYBZ":"1","JSJC":5,"XXXQDM":null,"KXH":null,"KSJC":3,"XKZRS":null,"SKZC":"000000000000011111100000000000","SKJS":"郑亚红","ISTK":0,"ZCMC":"14-19周","YPSJDD":null,"XF":null,"SKXQ":1,"XNXQDM":"2024-2025-2","KCM":"港航综合物流工程前沿","JASDM":"0301020210","JXLDM":null,"JXBID":null,"SKBJ":null,"TYXMDM":null,"KCH":"70050323002"},{"KKDWDM":null,"XS":null,"BYBZ":"1","JSJC":5,"XXXQDM":null,"KXH":null,"KSJC":3,"XKZRS":null,"SKZC":"000000000000011111100000000000","SKJS":"郑亚红","ISTK":0,"ZCMC":"14-19周","YPSJDD":null,"XF":null,"SKXQ":2,"XNXQDM":"2024-2025-2","KCM":"港航综合物流工程前沿","JASDM":"0301020210","JXLDM":null,"JXBID":null,"SKBJ":null,"TYXMDM":null,"KCH":"70050323002"},{"KKDWDM":null,"XS":null,"BYBZ":"1","JSJC":8,"XXXQDM":null,"KXH":null,"KSJC":6,"XKZRS":null,"SKZC":"000000001111110000000000000000","SKJS":"陈默子","ISTK":0,"ZCMC":"9-14周","YPSJDD":null,"XF":null,"SKXQ":1,"XNXQDM":"2024-2025-2","KCM":"船舶无线感知与智能监控技术","JASDM":"0301020210","JXLDM":null,"JXBID":null,"SKBJ":null,"TYXMDM":null,"KCH":"70140323048"},{"KKDWDM":null,"XS":null,"BYBZ":"1","JSJC":5,"XXXQDM":null,"KXH":null,"KSJC":3,"XKZRS":null,"SKZC":"000000001111110000000000000000","SKJS":"陈默子","ISTK":0,"ZCMC":"9-14周","YPSJDD":null,"XF":null,"SKXQ":4,"XNXQDM":"2024-2025-2","KCM":"船舶无线感知与智能监控技术","JASDM":"0301020210","JXLDM":null,"JXBID":null,"SKBJ":null,"TYXMDM":null,"KCH":"70140323048"}]}},"code":"0"}