{"datas":{"jaskcb":{"extParams":{"code":1,"msg":"查询成功"},"pageSize":0,"pageNumber":0,"totalSize":-1,"rows":[{"KKDWDM":"006","XS":64,"BYBZ":"0","JSJC":4,"XXXQDM":"03","KXH":"01","KSJC":3,"XKZRS":36,"SKZC":"111111111111111000000000000000","SKJS":"吕林,李煜辉","ISTK":0,"ZCMC":"1-15周","YPSJDD":"16-17周 星期一 第3节-第4节 余区北-教学大楼-317,12-14周 星期一 第3节-第4节 余区北-教学大楼-317,1-15周 星期三 第3节-第4节 余区北-教学大楼-317,1-10周 星期一 第3节-第4节 余区北-教学大楼-317","XF":4,"SKXQ":3,"XNXQDM":"2024-2025-2","KCM":"内燃机学C","JASDM":"0301020317","JXLDM":"030102","JXBID":"20242-02251","SKBJ":"能动zy2201","TYXMDM":null,"KCH":"10064113043"},{"KKDWDM":"006","XS":64,"BYBZ":"0","JSJC":4,"XXXQDM":"03","KXH":"01","KSJC":3,"XKZRS":36,"SKZC":"111111111100000000000000000000","SKJS":"吕林,李煜辉","ISTK":0,"ZCMC":"1-10周","YPSJDD":"16-17周 星期一 第3节-第4节 余区北-教学大楼-317,12-14周 星期一 第3节-第4节 余区北-教学大楼-317,1-15周 星期三 第3节-第4节 余区北-教学大楼-317,1-10周 星期一 第3节-第4节 余区北-教学大楼-317","XF":4,"SKXQ":1,"XNXQDM":"2024-2025-2","KCM":"内燃机学C","JASDM":"0301020317","JXLDM":"030102","JXBID":"20242-02251","SKBJ":"能动zy2201","TYXMDM":null,"KCH":"10064113043"},{"KKDWDM":"006","XS":32,"BYBZ":"0","JSJC":4,"XXXQDM":"03","KXH":"01","KSJC":3,"XKZRS":32,"SKZC":"11111111","SKJS":"盛晨兴,谭祖胜","ISTK":0,"ZCMC":"1-8周","YPSJDD":"1-8周 星期二 第3节-第4节 余区北-教学大楼-317,1-8周 星期四 第3节-第4节 余区北-教学大楼-317","XF":2,"SKXQ":4,"XNXQDM":"2024-2025-2","KCM":"船舶动力装置","JASDM":"0301020317","JXLDM":"030102","JXBID":"20242-03588","SKBJ":"船海zy2201","TYXMDM":null,"KCH":"10065121042"},{"KKDWDM":"006","XS":32,"BYBZ":"0","JSJC":4,"XXXQDM":"03","KXH":"01","KSJC":3,"XKZRS":32,"SKZC":"11111111","SKJS":"盛晨兴,谭祖胜","ISTK":0,"ZCMC":"1-8周","YPSJDD":"1-8周 星期二 第3节-第4节 余区北-教学大楼-317,1-8周 星期四 第3节-第4节 余区北-教学大楼-317","XF":2,"SKXQ":2,"XNXQDM":"2024-2025-2","KCM":"船舶动力装置","JASDM":"0301020317","JXLDM":"030102","JXBID":"20242-03588","SKBJ":"船海zy2201","TYXMDM":null,"KCH":"10065121042"},{"KKDWDM":"006","XS":32,"BYBZ":"0","JSJC":10,"XXXQDM":"03","KXH":"02","KSJC":9,"XKZRS":40,"SKZC":"11111111","SKJS":"盛晨兴,谭祖胜","ISTK":0,"ZCMC":"1-8周","YPSJDD":"1-8周 星期一 第9节-第10节 余区北-教学大楼-317,1-8周 星期三 第9节-第10节 余区北-教学大楼-317","XF":2,"SKXQ":1,"XNXQDM":"2024-2025-2","KCM":"船舶动力装置","JASDM":"0301020317","JXLDM":"030102","JXBID":"20242-03590","SKBJ":"船舶xs2201","TYXMDM":null,"KCH":"10065121042"},{"KKDWDM":"006","XS":32,"BYBZ":"0","JSJC":10,"XXXQDM":"03","KXH":"02","KSJC":9,"XKZRS":40,"SKZC":"11111111","SKJS":"盛晨兴,谭祖胜","ISTK":0,"ZCMC":"1-8周","YPSJDD":"1-8周 星期一 第9节-第10节 余区北-教学大楼-317,1-8周 星期三 第9节-第10节 余区北-教学大楼-317","XF":2,"SKXQ":3,"XNXQDM":"2024-2025-2","KCM":"船舶动力装置","JASDM":"0301020317","JXLDM":"030102","JXBID":"20242-03590","SKBJ":"船舶xs2201","TYXMDM":null,"KCH":"10065121042"},{"KKDWDM":"005","XS":48,"BYBZ":"0","JSJC":13,"XXXQDM":"03","KXH":"01","KSJC":11,"XKZRS":28,"SKZC":"111110111011000000000000","SKJS":"吕能超,罗美清,陈国俊,陈志军","ISTK":0,"ZCMC":"1-5周,7-9周,11-12周","YPSJDD":"13周 星期六 第11节-第12节 余区北-教学大楼-317,1-5周,7-9周,11-12周 星期六 第11节-第13节 余区北-教学大楼-317","XF":3,"SKXQ":6,"XNXQDM":"2024-2025-2","KCM":"交通感知与大数据融合分析","JASDM":"0301020317","JXLDM":"030102","JXBID":"20242-06501","SKBJ":"智慧交通微2024","TYXMDM":null,"KCH":"10054124003"},{"KKDWDM":"005","XS":24,"BYBZ":"0","JSJC":5,"XXXQDM":"03","KXH":"01","KSJC":3,"XKZRS":25,"SKZC":"111110000000000000000000000000","SKJS":"张聪,金勇","ISTK":0,"ZCMC":"1-5周","YPSJDD":"1-5周 星期日 第3节-第5节 余区北-教学大楼-317,11周 星期日 第3节-第5节 余区北-教学大楼-317,7-8周 星期日 第3节-第5节 余区北-教学大楼-317","XF":1,"SKXQ":7,"XNXQDM":"2024-2025-2","KCM":"交通设备振动智能主动控制技术(GX)","JASDM":"0301020317","JXLDM":"030102","JXBID":"20242-07255","SKBJ":"公选-07255","TYXMDM":null,"KCH":"10052124031"},{"KKDWDM":"006","XS":16,"BYBZ":"0","JSJC":8,"XXXQDM":"03","KXH":"01","KSJC":6,"XKZRS":null,"SKZC":"110000000000000000000000000000","SKJS":"喻敏,王献忠","ISTK":0,"ZCMC":"1-2周","YPSJDD":"1-2周 星期六 第6节-第8节 余区北-教学大楼-317","XF":1,"SKXQ":6,"XNXQDM":"2024-2025-2","KCM":"现代水下攻防系统(JD)","JASDM":"0301020317","JXLDM":"030102","JXBID":"20242-07326","SKBJ":"公选-07326","TYXMDM":null,"KCH":"10066121145"},{"KKDWDM":"005","XS":24,"BYBZ":"0","JSJC":5,"XXXQDM":"03","KXH":"01","KSJC":3,"XKZRS":25,"SKZC":"000000110000000000000000000000","SKJS":"张聪,金勇","ISTK":0,"ZCMC":"7-8周","YPSJDD":"1-5周 星期日 第3节-第5节 余区北-教学大楼-317,11周 星期日 第3节-第5节 余区北-教学大楼-317,7-8周 星期日 第3节-第5节 余区北-教学大楼-317","XF":1,"SKXQ":7,"XNXQDM":"2024-2025-2","KCM":"交通设备振动智能主动控制技术(GX)","JASDM":"0301020317","JXLDM":"030102","JXBID":"20242-07255","SKBJ":"公选-07255","TYXMDM":null,"KCH":"10052124031"},{"KKDWDM":"006","XS":32,"BYBZ":"0","JSJC":2,"XXXQDM":"03","KXH":"01","KSJC":1,"XKZRS":37,"SKZC":"000000001111111000000000000000","SKJS":"李煜辉,陈汉玉","ISTK":0,"ZCMC":"9-15周","YPSJDD":"16-17周 星期一 第1节-第2节 余区北-教学大楼-317,9-15周 星期三 第1节-第2节 余区北-教学大楼-317,12-14周 星期一 第1节-第2节 余区北-教学大楼-317,9-10周 星期一 第1节-第2节 余区北-教学大楼-317","XF":2,"SKXQ":3,"XNXQDM":"2024-2025-2","KCM":"动力机械监测与控制","JASDM":"0301020317","JXLDM":"030102","JXBID":"20242-02844","SKBJ":"能动zy2201","TYXMDM":null,"KCH":"10065117029"},{"KKDWDM":"006","XS":32,"BYBZ":"0","JSJC":2,"XXXQDM":"03","KXH":"01","KSJC":1,"XKZRS":37,"SKZC":"000000001100000000000000000000","SKJS":"李煜辉,陈汉玉","ISTK":0,"ZCMC":"9-10周","YPSJDD":"16-17周 星期一 第1节-第2节 余区北-教学大楼-317,9-15周 星期三 第1节-第2节 余区北-教学大楼-317,12-14周 星期一 第1节-第2节 余区北-教学大楼-317,9-10周 星期一 第1节-第2节 余区北-教学大楼-317","XF":2,"SKXQ":1,"XNXQDM":"2024-2025-2","KCM":"动力机械监测与控制","JASDM":"0301020317","JXLDM":"030102","JXBID":"20242-02844","SKBJ":"能动zy2201","TYXMDM":null,"KCH":"10065117029"},{"KKDWDM":"005","XS":24,"BYBZ":"0","JSJC":5,"XXXQDM":"03","KXH":"01","KSJC":3,"XKZRS":25,"SKZC":"000000000010000000000000000000","SKJS":"张聪,金勇","ISTK":0,"ZCMC":"11周","YPSJDD":"1-5周 星期日 第3节-第5节 余区北-教学大楼-317,11周 星期日 第3节-第5节 余区北-教学大楼-317,7-8周 星期日 第3节-第5节 余区北-教学大楼-317","XF":1,"SKXQ":7,"XNXQDM":"2024-2025-2","KCM":"交通设备振动智能主动控制技术(GX)","JASDM":"0301020317","JXLDM":"030102","JXBID":"20242-07255","SKBJ":"公选-07255","TYXMDM":null,"KCH":"10052124031"},{"KKDWDM":"006","XS":64,"BYBZ":"0","JSJC":4,"XXXQDM":"03","KXH":"01","KSJC":3,"XKZRS":36,"SKZC":"000000000001110000000000000000","SKJS":"吕林,李煜辉","ISTK":0,"ZCMC":"12-14周","YPSJDD":"16-17周 星期一 第3节-第4节 余区北-教学大楼-317,12-14周 星期一 第3节-第4节 余区北-教学大楼-317,1-15周 星期三 第3节-第4节 余区北-教学大楼-317,1-10周 星期一 第3节-第4节 余区北-教学大楼-317","XF":4,"SKXQ":1,"XNXQDM":"2024-2025-2","KCM":"内燃机学C","JASDM":"0301020317","JXLDM":"030102","JXBID":"20242-02251","SKBJ":"能动zy2201","TYXMDM":null,"KCH":"10064113043"},{"KKDWDM":"006","XS":32,"BYBZ":"0","JSJC":2,"XXXQDM":"03","KXH":"01","KSJC":1,"XKZRS":37,"SKZC":"000000000001110000000000000000","SKJS":"李煜辉,陈汉玉","ISTK":0,"ZCMC":"12-14周","YPSJDD":"16-17周 星期一 第1节-第2节 余区北-教学大楼-317,9-15周 星期三 第1节-第2节 余区北-教学大楼-317,12-14周 星期一 第1节-第2节 余区北-教学大楼-317,9-10周 星期一 第1节-第2节 余区北-教学大楼-317","XF":2,"SKXQ":1,"XNXQDM":"2024-2025-2","KCM":"动力机械监测与控制","JASDM":"0301020317","JXLDM":"030102","JXBID":"20242-02844","SKBJ":"能动zy2201","TYXMDM":null,"KCH":"10065117029"},{"KKDWDM":"005","XS":48,"BYBZ":"0","JSJC":12,"XXXQDM":"03","KXH":"01","KSJC":11,"XKZRS":28,"SKZC":"000000000000100000000000","SKJS":"吕能超,罗美清,陈国俊,陈志军","ISTK":0,"ZCMC":"13周","YPSJDD":"13周 星期六 第11节-第12节 余区北-教学大楼-317,1-5周,7-9周,11-12周 星期六 第11节-第13节 余区北-教学大楼-317","XF":3,"SKXQ":6,"XNXQDM":"2024-2025-2","KCM":"交通感知与大数据融合分析","JASDM":"0301020317","JXLDM":"030102","JXBID":"20242-06501","SKBJ":"智慧交通微2024","TYXMDM":null,"KCH":"10054124003"},{"KKDWDM":"006","XS":64,"BYBZ":"0","JSJC":4,"XXXQDM":"03","KXH":"01","KSJC":3,"XKZRS":36,"SKZC":"000000000000000110000000000000","SKJS":"吕林,李煜辉","ISTK":0,"ZCMC":"16-17周","YPSJDD":"16-17周 星期一 第3节-第4节 余区北-教学大楼-317,12-14周 星期一 第3节-第4节 余区北-教学大楼-317,1-15周 星期三 第3节-第4节 余区北-教学大楼-317,1-10周 星期一 第3节-第4节 余区北-教学大楼-317","XF":4,"SKXQ":1,"XNXQDM":"2024-2025-2","KCM":"内燃机学C","JASDM":"0301020317","JXLDM":"030102","JXBID":"20242-02251","SKBJ":"能动zy2201","TYXMDM":null,"KCH":"10064113043"},{"KKDWDM":"006","XS":32,"BYBZ":"0","JSJC":2,"XXXQDM":"03","KXH":"01","KSJC":1,"XKZRS":37,"SKZC":"000000000000000110000000000000","SKJS":"李煜辉,陈汉玉","ISTK":0,"ZCMC":"16-17周","YPSJDD":"16-17周 星期一 第1节-第2节 余区北-教学大楼-317,9-15周 星期三 第1节-第2节 余区北-教学大楼-317,12-14周 星期一 第1节-第2节 余区北-教学大楼-317,9-10周 星期一 第1节-第2节 余区北-教学大楼-317","XF":2,"SKXQ":1,"XNXQDM":"2024-2025-2","KCM":"动力机械监测与控制","JASDM":"0301020317","JXLDM":"030102","JXBID":"20242-02844","SKBJ":"能动zy2201","TYXMDM":null,"KCH":"10065117029"}]}},"code":"0"}