{"datas":{"jaskcb":{"extParams":{"code":1,"msg":"查询成功"},"pageSize":0,"pageNumber":0,"totalSize":-1,"rows":[{"KKDWDM":null,"XS":null,"BYBZ":"1","JSJC":2,"XXXQDM":null,"KXH":null,"KSJC":1,"XKZRS":null,"SKZC":"011111111000000000000000000000","SKJS":"胡华南","ISTK":0,"ZCMC":"2-9周","YPSJDD":null,"XF":null,"SKXQ":1,"XNXQDM":"2024-2025-2","KCM":"学硕学术活动","JASDM":"0301020222","JXLDM":null,"JXBID":null,"SKBJ":null,"TYXMDM":null,"KCH":"00524006"},{"KKDWDM":null,"XS":null,"BYBZ":"1","JSJC":10,"XXXQDM":null,"KXH":null,"KSJC":6,"XKZRS":null,"SKZC":"011111111000000000000000000000","SKJS":"胡华南","ISTK":0,"ZCMC":"2-9周","YPSJDD":null,"XF":null,"SKXQ":2,"XNXQDM":"2024-2025-2","KCM":"学硕学术活动","JASDM":"0301020222","JXLDM":null,"JXBID":null,"SKBJ":null,"TYXMDM":null,"KCH":"00524006"},{"KKDWDM":null,"XS":null,"BYBZ":"1","JSJC":2,"XXXQDM":null,"KXH":null,"KSJC":1,"XKZRS":null,"SKZC":"011111111000000000000000000000","SKJS":"胡华南","ISTK":0,"ZCMC":"2-9周","YPSJDD":null,"XF":null,"SKXQ":3,"XNXQDM":"2024-2025-2","KCM":"学硕学术活动","JASDM":"0301020222","JXLDM":null,"JXBID":null,"SKBJ":null,"TYXMDM":null,"KCH":"00524006"},{"KKDWDM":null,"XS":null,"BYBZ":"1","JSJC":10,"XXXQDM":null,"KXH":null,"KSJC":6,"XKZRS":null,"SKZC":"011111111000000000000000000000","SKJS":"胡华南","ISTK":0,"ZCMC":"2-9周","YPSJDD":null,"XF":null,"SKXQ":3,"XNXQDM":"2024-2025-2","KCM":"学硕学术活动","JASDM":"0301020222","JXLDM":null,"JXBID":null,"SKBJ":null,"TYXMDM":null,"KCH":"00524006"},{"KKDWDM":null,"XS":null,"BYBZ":"1","JSJC":8,"XXXQDM":null,"KXH":null,"KSJC":6,"XKZRS":null,"SKZC":"011111111000000000000000000000","SKJS":"胡华南","ISTK":0,"ZCMC":"2-9周","YPSJDD":null,"XF":null,"SKXQ":4,"XNXQDM":"2024-2025-2","KCM":"学硕学术活动","JASDM":"0301020222","JXLDM":null,"JXBID":null,"SKBJ":null,"TYXMDM":null,"KCH":"00524006"},{"KKDWDM":null,"XS":null,"BYBZ":"1","JSJC":10,"XXXQDM":null,"KXH":null,"KSJC":1,"XKZRS":null,"SKZC":"011111111000000000000000000000","SKJS":"胡华南","ISTK":0,"ZCMC":"2-9周","YPSJDD":null,"XF":null,"SKXQ":5,"XNXQDM":"2024-2025-2","KCM":"学硕学术活动","JASDM":"0301020222","JXLDM":null,"JXBID":null,"SKBJ":null,"TYXMDM":null,"KCH":"00524006"},{"KKDWDM":null,"XS":null,"BYBZ":"1","JSJC":2,"XXXQDM":null,"KXH":null,"KSJC":1,"XKZRS":null,"SKZC":"011111111000000000000000000000","SKJS":"胡华南","ISTK":0,"ZCMC":"2-9周","YPSJDD":null,"XF":null,"SKXQ":6,"XNXQDM":"2024-2025-2","KCM":"学硕学术活动","JASDM":"0301020222","JXLDM":null,"JXBID":null,"SKBJ":null,"TYXMDM":null,"KCH":"00524006"},{"KKDWDM":null,"XS":null,"BYBZ":"1","JSJC":10,"XXXQDM":null,"KXH":null,"KSJC":6,"XKZRS":null,"SKZC":"011111111000000000000000000000","SKJS":"胡华南","ISTK":0,"ZCMC":"2-9周","YPSJDD":null,"XF":null,"SKXQ":6,"XNXQDM":"2024-2025-2","KCM":"学硕学术活动","JASDM":"0301020222","JXLDM":null,"JXBID":null,"SKBJ":null,"TYXMDM":null,"KCH":"00524006"},{"KKDWDM":null,"XS":null,"BYBZ":"1","JSJC":5,"XXXQDM":null,"KXH":null,"KSJC":3,"XKZRS":null,"SKZC":"000000000000011000000000000000","SKJS":"赵江滨","ISTK":0,"ZCMC":"14-15周","YPSJDD":null,"XF":null,"SKXQ":2,"XNXQDM":"2024-2025-2","KCM":"人工智能基础与智能船舶","JASDM":"0301020222","JXLDM":null,"JXBID":null,"SKBJ":null,"TYXMDM":null,"KCH":"40050223016"},{"KKDWDM":null,"XS":null,"BYBZ":"1","JSJC":5,"XXXQDM":null,"KXH":null,"KSJC":3,"XKZRS":null,"SKZC":"000000000000011111100000000000","SKJS":"赵江滨","ISTK":0,"ZCMC":"14-19周","YPSJDD":null,"XF":null,"SKXQ":4,"XNXQDM":"2024-2025-2","KCM":"人工智能基础与智能船舶","JASDM":"0301020222","JXLDM":null,"JXBID":null,"SKBJ":null,"TYXMDM":null,"KCH":"40050223016"},{"KKDWDM":null,"XS":null,"BYBZ":"1","JSJC":10,"XXXQDM":null,"KXH":null,"KSJC":9,"XKZRS":null,"SKZC":"000000011111100000000000000000","SKJS":"赵江滨","ISTK":0,"ZCMC":"8-13周","YPSJDD":null,"XF":null,"SKXQ":4,"XNXQDM":"2024-2025-2","KCM":"人工智能基础与智能船舶","JASDM":"0301020222","JXLDM":null,"JXBID":null,"SKBJ":null,"TYXMDM":null,"KCH":"40050223016"},{"KKDWDM":null,"XS":null,"BYBZ":"1","JSJC":13,"XXXQDM":null,"KXH":null,"KSJC":11,"XKZRS":null,"SKZC":"000000000000111111000000000000","SKJS":"蔡薇","ISTK":0,"ZCMC":"13-18周","YPSJDD":null,"XF":null,"SKXQ":4,"XNXQDM":"2024-2025-2","KCM":"绿色船舶技术","JASDM":"0301020222","JXLDM":null,"JXBID":null,"SKBJ":null,"TYXMDM":null,"KCH":"40060223039"},{"KKDWDM":null,"XS":null,"BYBZ":"1","JSJC":8,"XXXQDM":null,"KXH":null,"KSJC":6,"XKZRS":null,"SKZC":"000000000000111111000000000000","SKJS":"蔡薇","ISTK":0,"ZCMC":"13-18周","YPSJDD":null,"XF":null,"SKXQ":6,"XNXQDM":"2024-2025-2","KCM":"绿色船舶技术","JASDM":"0301020222","JXLDM":null,"JXBID":null,"SKBJ":null,"TYXMDM":null,"KCH":"40060223039"},{"KKDWDM":null,"XS":null,"BYBZ":"1","JSJC":5,"XXXQDM":null,"KXH":null,"KSJC":3,"XKZRS":null,"SKZC":"111111000000000000000000000000","SKJS":"邓义斌","ISTK":0,"ZCMC":"1-6周","YPSJDD":null,"XF":null,"SKXQ":6,"XNXQDM":"2024-2025-2","KCM":"人工智能基础与智能船舶","JASDM":"0301020222","JXLDM":null,"JXBID":null,"SKBJ":null,"TYXMDM":null,"KCH":"40060223060"},{"KKDWDM":null,"XS":null,"BYBZ":"1","JSJC":13,"XXXQDM":null,"KXH":null,"KSJC":11,"XKZRS":null,"SKZC":"111111000000000000000000000000","SKJS":"邓义斌","ISTK":0,"ZCMC":"1-6周","YPSJDD":null,"XF":null,"SKXQ":7,"XNXQDM":"2024-2025-2","KCM":"人工智能基础与智能船舶","JASDM":"0301020222","JXLDM":null,"JXBID":null,"SKBJ":null,"TYXMDM":null,"KCH":"40060223060"},{"KKDWDM":null,"XS":null,"BYBZ":"1","JSJC":8,"XXXQDM":null,"KXH":null,"KSJC":6,"XKZRS":null,"SKZC":"111111000000000000000000000000","SKJS":"唐若笠","ISTK":0,"ZCMC":"1-6周","YPSJDD":null,"XF":null,"SKXQ":7,"XNXQDM":"2024-2025-2","KCM":"电力电子变换技术与电力系统分析","JASDM":"0301020222","JXLDM":null,"JXBID":null,"SKBJ":null,"TYXMDM":null,"KCH":"40060223068"},{"KKDWDM":null,"XS":null,"BYBZ":"1","JSJC":8,"XXXQDM":null,"KXH":null,"KSJC":6,"XKZRS":null,"SKZC":"111111111111000000000000000000","SKJS":"石雨","ISTK":0,"ZCMC":"1-12周","YPSJDD":null,"XF":null,"SKXQ":1,"XNXQDM":"2024-2025-2","KCM":"数学模型","JASDM":"0301020222","JXLDM":null,"JXBID":null,"SKBJ":null,"TYXMDM":null,"KCH":"40150123006"},{"KKDWDM":null,"XS":null,"BYBZ":"1","JSJC":13,"XXXQDM":null,"KXH":null,"KSJC":11,"XKZRS":null,"SKZC":"000000111111000000000000000000","SKJS":"吕松","ISTK":0,"ZCMC":"7-12周","YPSJDD":null,"XF":null,"SKXQ":2,"XNXQDM":"2024-2025-2","KCM":"船舶清洁能源利用原理及应用","JASDM":"0301020222","JXLDM":null,"JXBID":null,"SKBJ":null,"TYXMDM":null,"KCH":"50060223003"},{"KKDWDM":null,"XS":null,"BYBZ":"1","JSJC":8,"XXXQDM":null,"KXH":null,"KSJC":6,"XKZRS":null,"SKZC":"000000111111000000000000000000","SKJS":"吕松","ISTK":0,"ZCMC":"7-12周","YPSJDD":null,"XF":null,"SKXQ":7,"XNXQDM":"2024-2025-2","KCM":"船舶清洁能源利用原理及应用","JASDM":"0301020222","JXLDM":null,"JXBID":null,"SKBJ":null,"TYXMDM":null,"KCH":"50060223003"},{"KKDWDM":null,"XS":null,"BYBZ":"1","JSJC":5,"XXXQDM":null,"KXH":null,"KSJC":3,"XKZRS":null,"SKZC":"111111110000000000000000000000","SKJS":"鄢新萍","ISTK":0,"ZCMC":"1-8周","YPSJDD":null,"XF":null,"SKXQ":1,"XNXQDM":"2024-2025-2","KCM":"新时代中国特色社会主义理论与实践","JASDM":"0301020222","JXLDM":null,"JXBID":null,"SKBJ":null,"TYXMDM":null,"KCH":"50210123001"},{"KKDWDM":null,"XS":null,"BYBZ":"1","JSJC":5,"XXXQDM":null,"KXH":null,"KSJC":3,"XKZRS":null,"SKZC":"111111110000000000000000000000","SKJS":"鄢新萍","ISTK":0,"ZCMC":"1-8周","YPSJDD":null,"XF":null,"SKXQ":2,"XNXQDM":"2024-2025-2","KCM":"新时代中国特色社会主义理论与实践","JASDM":"0301020222","JXLDM":null,"JXBID":null,"SKBJ":null,"TYXMDM":null,"KCH":"50210123001"},{"KKDWDM":null,"XS":null,"BYBZ":"1","JSJC":13,"XXXQDM":null,"KXH":null,"KSJC":11,"XKZRS":null,"SKZC":"000011111100000000000000000000","SKJS":"吴晓烈","ISTK":0,"ZCMC":"5-10周","YPSJDD":null,"XF":null,"SKXQ":1,"XNXQDM":"2024-2025-2","KCM":"水上交通系统建模与仿真","JASDM":"0301020222","JXLDM":null,"JXBID":null,"SKBJ":null,"TYXMDM":null,"KCH":"60140323006"},{"KKDWDM":null,"XS":null,"BYBZ":"1","JSJC":5,"XXXQDM":null,"KXH":null,"KSJC":3,"XKZRS":null,"SKZC":"000011111100000000000000000000","SKJS":"吴晓烈","ISTK":0,"ZCMC":"5-10周","YPSJDD":null,"XF":null,"SKXQ":3,"XNXQDM":"2024-2025-2","KCM":"水上交通系统建模与仿真","JASDM":"0301020222","JXLDM":null,"JXBID":null,"SKBJ":null,"TYXMDM":null,"KCH":"60140323006"}]}},"code":"0"}