{"datas":{"jaskcb":{"extParams":{"code":1,"msg":"查询成功"},"pageSize":0,"pageNumber":0,"totalSize":-1,"rows":[{"KKDWDM":null,"XS":null,"BYBZ":"1","JSJC":5,"XXXQDM":null,"KXH":null,"KSJC":3,"XKZRS":null,"SKZC":"100000000011111111110000000000","SKJS":"汪铭","ISTK":0,"ZCMC":"1周,11-20周","YPSJDD":null,"XF":null,"SKXQ":3,"XNXQDM":"2024-2025-2","KCM":"学术英语读写","JASDM":"0301020221","JXLDM":null,"JXBID":null,"SKBJ":null,"TYXMDM":null,"KCH":"40200123001"},{"KKDWDM":null,"XS":null,"BYBZ":"1","JSJC":8,"XXXQDM":null,"KXH":null,"KSJC":3,"XKZRS":null,"SKZC":"011111111100000000000000000000","SKJS":"汪铭","ISTK":0,"ZCMC":"2-10周","YPSJDD":null,"XF":null,"SKXQ":3,"XNXQDM":"2024-2025-2","KCM":"学术英语读写","JASDM":"0301020221","JXLDM":null,"JXBID":null,"SKBJ":null,"TYXMDM":null,"KCH":"40200123001"}]}},"code":"0"}