{"datas":{"jaskcb":{"extParams":{"code":1,"msg":"查询成功"},"pageSize":0,"pageNumber":0,"totalSize":-1,"rows":[{"KKDWDM":null,"XS":null,"BYBZ":"1","JSJC":13,"XXXQDM":null,"KXH":null,"KSJC":11,"XKZRS":null,"SKZC":"000011100000000000000000000000","SKJS":"肖祥","ISTK":0,"ZCMC":"5-7周","YPSJDD":null,"XF":null,"SKXQ":5,"XNXQDM":"2024-2025-2","KCM":"有限单元法理论与应用","JASDM":"0301020224","JXLDM":null,"JXBID":null,"SKBJ":null,"TYXMDM":null,"KCH":"40050223026"},{"KKDWDM":null,"XS":null,"BYBZ":"1","JSJC":13,"XXXQDM":null,"KXH":null,"KSJC":11,"XKZRS":null,"SKZC":"000011111111111111100000000000","SKJS":"肖祥","ISTK":0,"ZCMC":"5-19周","YPSJDD":null,"XF":null,"SKXQ":7,"XNXQDM":"2024-2025-2","KCM":"有限单元法理论与应用","JASDM":"0301020224","JXLDM":null,"JXBID":null,"SKBJ":null,"TYXMDM":null,"KCH":"40050223026"},{"KKDWDM":null,"XS":null,"BYBZ":"1","JSJC":13,"XXXQDM":null,"KXH":null,"KSJC":11,"XKZRS":null,"SKZC":"000000000001111110000000000000","SKJS":"刘清","ISTK":0,"ZCMC":"12-17周","YPSJDD":null,"XF":null,"SKXQ":2,"XNXQDM":"2024-2025-2","KCM":"供应链设计与优化","JASDM":"0301020224","JXLDM":null,"JXBID":null,"SKBJ":null,"TYXMDM":null,"KCH":"40050223027"},{"KKDWDM":null,"XS":null,"BYBZ":"1","JSJC":5,"XXXQDM":null,"KXH":null,"KSJC":3,"XKZRS":null,"SKZC":"000000000001111110000000000000","SKJS":"刘清","ISTK":0,"ZCMC":"12-17周","YPSJDD":null,"XF":null,"SKXQ":3,"XNXQDM":"2024-2025-2","KCM":"供应链设计与优化","JASDM":"0301020224","JXLDM":null,"JXBID":null,"SKBJ":null,"TYXMDM":null,"KCH":"40050223027"},{"KKDWDM":null,"XS":null,"BYBZ":"1","JSJC":2,"XXXQDM":null,"KXH":null,"KSJC":1,"XKZRS":null,"SKZC":"000001110000000000000000000000","SKJS":"于蒙","ISTK":0,"ZCMC":"6-8周","YPSJDD":null,"XF":null,"SKXQ":2,"XNXQDM":"2024-2025-2","KCM":"机电系统分析与设计","JASDM":"0301020224","JXLDM":null,"JXBID":null,"SKBJ":null,"TYXMDM":null,"KCH":"40050223040"},{"KKDWDM":null,"XS":null,"BYBZ":"1","JSJC":5,"XXXQDM":null,"KXH":null,"KSJC":3,"XKZRS":null,"SKZC":"110000000000000000000000000000","SKJS":"于蒙","ISTK":0,"ZCMC":"1-2周","YPSJDD":null,"XF":null,"SKXQ":2,"XNXQDM":"2024-2025-2","KCM":"机电系统分析与设计","JASDM":"0301020224","JXLDM":null,"JXBID":null,"SKBJ":null,"TYXMDM":null,"KCH":"40050223040"},{"KKDWDM":null,"XS":null,"BYBZ":"1","JSJC":5,"XXXQDM":null,"KXH":null,"KSJC":3,"XKZRS":null,"SKZC":"110000000000000000000000000000","SKJS":"于蒙","ISTK":0,"ZCMC":"1-2周","YPSJDD":null,"XF":null,"SKXQ":3,"XNXQDM":"2024-2025-2","KCM":"机电系统分析与设计","JASDM":"0301020224","JXLDM":null,"JXBID":null,"SKBJ":null,"TYXMDM":null,"KCH":"40050223040"},{"KKDWDM":null,"XS":null,"BYBZ":"1","JSJC":2,"XXXQDM":null,"KXH":null,"KSJC":1,"XKZRS":null,"SKZC":"000001110000000000000000000000","SKJS":"于蒙","ISTK":0,"ZCMC":"6-8周","YPSJDD":null,"XF":null,"SKXQ":4,"XNXQDM":"2024-2025-2","KCM":"机电系统分析与设计","JASDM":"0301020224","JXLDM":null,"JXBID":null,"SKBJ":null,"TYXMDM":null,"KCH":"40050223040"},{"KKDWDM":null,"XS":null,"BYBZ":"1","JSJC":5,"XXXQDM":null,"KXH":null,"KSJC":3,"XKZRS":null,"SKZC":"110000110000000000000000000000","SKJS":"于蒙","ISTK":0,"ZCMC":"1-2周,7-8周","YPSJDD":null,"XF":null,"SKXQ":5,"XNXQDM":"2024-2025-2","KCM":"机电系统分析与设计","JASDM":"0301020224","JXLDM":null,"JXBID":null,"SKBJ":null,"TYXMDM":null,"KCH":"40050223040"},{"KKDWDM":null,"XS":null,"BYBZ":"1","JSJC":13,"XXXQDM":null,"KXH":null,"KSJC":11,"XKZRS":null,"SKZC":"000000001111110000000000000000","SKJS":"危卫","ISTK":0,"ZCMC":"9-14周","YPSJDD":null,"XF":null,"SKXQ":6,"XNXQDM":"2024-2025-2","KCM":"科学研究方法导论（研究方法类课程）","JASDM":"0301020224","JXLDM":null,"JXBID":null,"SKBJ":null,"TYXMDM":null,"KCH":"40050323007"},{"KKDWDM":null,"XS":null,"BYBZ":"1","JSJC":8,"XXXQDM":null,"KXH":null,"KSJC":6,"XKZRS":null,"SKZC":"000000000000011111100000000000","SKJS":"杨柳","ISTK":0,"ZCMC":"14-19周","YPSJDD":null,"XF":null,"SKXQ":1,"XNXQDM":"2024-2025-2","KCM":"交通运输机器学习技术","JASDM":"0301020224","JXLDM":null,"JXBID":null,"SKBJ":null,"TYXMDM":null,"KCH":"40050323011"},{"KKDWDM":null,"XS":null,"BYBZ":"1","JSJC":13,"XXXQDM":null,"KXH":null,"KSJC":11,"XKZRS":null,"SKZC":"000000000000011111100000000000","SKJS":"杨柳","ISTK":0,"ZCMC":"14-19周","YPSJDD":null,"XF":null,"SKXQ":3,"XNXQDM":"2024-2025-2","KCM":"交通运输机器学习技术","JASDM":"0301020224","JXLDM":null,"JXBID":null,"SKBJ":null,"TYXMDM":null,"KCH":"40050323011"},{"KKDWDM":null,"XS":null,"BYBZ":"1","JSJC":13,"XXXQDM":null,"KXH":null,"KSJC":11,"XKZRS":null,"SKZC":"111111000000000000000000000000","SKJS":"袁兵","ISTK":0,"ZCMC":"1-6周","YPSJDD":null,"XF":null,"SKXQ":1,"XNXQDM":"2024-2025-2","KCM":"嵌入式系统及接口技术","JASDM":"0301020224","JXLDM":null,"JXBID":null,"SKBJ":null,"TYXMDM":null,"KCH":"40050323037"},{"KKDWDM":null,"XS":null,"BYBZ":"1","JSJC":5,"XXXQDM":null,"KXH":null,"KSJC":3,"XKZRS":null,"SKZC":"111111000000000000000000000000","SKJS":"袁兵","ISTK":0,"ZCMC":"1-6周","YPSJDD":null,"XF":null,"SKXQ":4,"XNXQDM":"2024-2025-2","KCM":"嵌入式系统及接口技术","JASDM":"0301020224","JXLDM":null,"JXBID":null,"SKBJ":null,"TYXMDM":null,"KCH":"40050323037"},{"KKDWDM":null,"XS":null,"BYBZ":"1","JSJC":8,"XXXQDM":null,"KXH":null,"KSJC":6,"XKZRS":null,"SKZC":"000000000000001111100000000000","SKJS":"郑亚红","ISTK":0,"ZCMC":"15-19周","YPSJDD":null,"XF":null,"SKXQ":3,"XNXQDM":"2024-2025-2","KCM":"科技英语写作","JASDM":"0301020224","JXLDM":null,"JXBID":null,"SKBJ":null,"TYXMDM":null,"KCH":"40050523010"},{"KKDWDM":null,"XS":null,"BYBZ":"1","JSJC":8,"XXXQDM":null,"KXH":null,"KSJC":6,"XKZRS":null,"SKZC":"000000000000111111100000000000","SKJS":"郑亚红","ISTK":0,"ZCMC":"13-19周","YPSJDD":null,"XF":null,"SKXQ":5,"XNXQDM":"2024-2025-2","KCM":"科技英语写作","JASDM":"0301020224","JXLDM":null,"JXBID":null,"SKBJ":null,"TYXMDM":null,"KCH":"40050523010"},{"KKDWDM":null,"XS":null,"BYBZ":"1","JSJC":10,"XXXQDM":null,"KXH":null,"KSJC":9,"XKZRS":null,"SKZC":"111111111000000000000000000000","SKJS":"辜勇","ISTK":0,"ZCMC":"1-9周","YPSJDD":null,"XF":null,"SKXQ":2,"XNXQDM":"2024-2025-2","KCM":"智能算法","JASDM":"0301020224","JXLDM":null,"JXBID":null,"SKBJ":null,"TYXMDM":null,"KCH":"40050523014"},{"KKDWDM":null,"XS":null,"BYBZ":"1","JSJC":10,"XXXQDM":null,"KXH":null,"KSJC":9,"XKZRS":null,"SKZC":"111111111000000000000000000000","SKJS":"辜勇","ISTK":0,"ZCMC":"1-9周","YPSJDD":null,"XF":null,"SKXQ":5,"XNXQDM":"2024-2025-2","KCM":"智能算法","JASDM":"0301020224","JXLDM":null,"JXBID":null,"SKBJ":null,"TYXMDM":null,"KCH":"40050523014"},{"KKDWDM":null,"XS":null,"BYBZ":"1","JSJC":13,"XXXQDM":null,"KXH":null,"KSJC":11,"XKZRS":null,"SKZC":"000000111111000000000000000000","SKJS":"张尊华","ISTK":0,"ZCMC":"7-12周","YPSJDD":null,"XF":null,"SKXQ":1,"XNXQDM":"2024-2025-2","KCM":"燃烧学","JASDM":"0301020224","JXLDM":null,"JXBID":null,"SKBJ":null,"TYXMDM":null,"KCH":"40060223055"},{"KKDWDM":null,"XS":null,"BYBZ":"1","JSJC":5,"XXXQDM":null,"KXH":null,"KSJC":3,"XKZRS":null,"SKZC":"000000111111000000000000000000","SKJS":"张尊华","ISTK":0,"ZCMC":"7-12周","YPSJDD":null,"XF":null,"SKXQ":6,"XNXQDM":"2024-2025-2","KCM":"燃烧学","JASDM":"0301020224","JXLDM":null,"JXBID":null,"SKBJ":null,"TYXMDM":null,"KCH":"40060223055"},{"KKDWDM":null,"XS":null,"BYBZ":"1","JSJC":13,"XXXQDM":null,"KXH":null,"KSJC":11,"XKZRS":null,"SKZC":"111111000000000000000000000000","SKJS":"唐若笠","ISTK":0,"ZCMC":"1-6周","YPSJDD":null,"XF":null,"SKXQ":3,"XNXQDM":"2024-2025-2","KCM":"电力电子变换技术与电力系统分析","JASDM":"0301020224","JXLDM":null,"JXBID":null,"SKBJ":null,"TYXMDM":null,"KCH":"40060223068"},{"KKDWDM":null,"XS":null,"BYBZ":"1","JSJC":5,"XXXQDM":null,"KXH":null,"KSJC":3,"XKZRS":null,"SKZC":"000000000000000111000000000000","SKJS":"杨祥国","ISTK":0,"ZCMC":"16-18周","YPSJDD":null,"XF":null,"SKXQ":1,"XNXQDM":"2024-2025-2","KCM":"动力系统在Matlab\/Simulink中的建模与仿真（研究方法类课程）","JASDM":"0301020224","JXLDM":null,"JXBID":null,"SKBJ":null,"TYXMDM":null,"KCH":"40060323018"},{"KKDWDM":null,"XS":null,"BYBZ":"1","JSJC":8,"XXXQDM":null,"KXH":null,"KSJC":6,"XKZRS":null,"SKZC":"000000000000000111000000000000","SKJS":"杨祥国","ISTK":0,"ZCMC":"16-18周","YPSJDD":null,"XF":null,"SKXQ":4,"XNXQDM":"2024-2025-2","KCM":"动力系统在Matlab\/Simulink中的建模与仿真（研究方法类课程）","JASDM":"0301020224","JXLDM":null,"JXBID":null,"SKBJ":null,"TYXMDM":null,"KCH":"40060323018"},{"KKDWDM":null,"XS":null,"BYBZ":"1","JSJC":10,"XXXQDM":null,"KXH":null,"KSJC":9,"XKZRS":null,"SKZC":"000000000000111000000000000000","SKJS":"向阳","ISTK":0,"ZCMC":"13-15周","YPSJDD":null,"XF":null,"SKXQ":1,"XNXQDM":"2024-2025-2","KCM":"科学研究方法导论（研究方法类课程）","JASDM":"0301020224","JXLDM":null,"JXBID":null,"SKBJ":null,"TYXMDM":null,"KCH":"40060323019"},{"KKDWDM":null,"XS":null,"BYBZ":"1","JSJC":10,"XXXQDM":null,"KXH":null,"KSJC":9,"XKZRS":null,"SKZC":"000000000000111000000000000000","SKJS":"向阳","ISTK":0,"ZCMC":"13-15周","YPSJDD":null,"XF":null,"SKXQ":3,"XNXQDM":"2024-2025-2","KCM":"科学研究方法导论（研究方法类课程）","JASDM":"0301020224","JXLDM":null,"JXBID":null,"SKBJ":null,"TYXMDM":null,"KCH":"40060323019"},{"KKDWDM":null,"XS":null,"BYBZ":"1","JSJC":2,"XXXQDM":null,"KXH":null,"KSJC":1,"XKZRS":null,"SKZC":"000000000000111000000000000000","SKJS":"向阳","ISTK":0,"ZCMC":"13-15周","YPSJDD":null,"XF":null,"SKXQ":5,"XNXQDM":"2024-2025-2","KCM":"科学研究方法导论（研究方法类课程）","JASDM":"0301020224","JXLDM":null,"JXBID":null,"SKBJ":null,"TYXMDM":null,"KCH":"40060323019"},{"KKDWDM":null,"XS":null,"BYBZ":"1","JSJC":10,"XXXQDM":null,"KXH":null,"KSJC":9,"XKZRS":null,"SKZC":"000000000011111111100000000000","SKJS":"陈志军","ISTK":0,"ZCMC":"11-19周","YPSJDD":null,"XF":null,"SKXQ":2,"XNXQDM":"2024-2025-2","KCM":"交通信息与融合技术","JASDM":"0301020224","JXLDM":null,"JXBID":null,"SKBJ":null,"TYXMDM":null,"KCH":"50050223003"},{"KKDWDM":null,"XS":null,"BYBZ":"1","JSJC":10,"XXXQDM":null,"KXH":null,"KSJC":9,"XKZRS":null,"SKZC":"000000000011111111100000000000","SKJS":"陈志军","ISTK":0,"ZCMC":"11-19周","YPSJDD":null,"XF":null,"SKXQ":5,"XNXQDM":"2024-2025-2","KCM":"交通信息与融合技术","JASDM":"0301020224","JXLDM":null,"JXBID":null,"SKBJ":null,"TYXMDM":null,"KCH":"50050223003"},{"KKDWDM":null,"XS":null,"BYBZ":"1","JSJC":8,"XXXQDM":null,"KXH":null,"KSJC":6,"XKZRS":null,"SKZC":"000000001110000000000000000000","SKJS":"祖巧红","ISTK":0,"ZCMC":"9-11周","YPSJDD":null,"XF":null,"SKXQ":1,"XNXQDM":"2024-2025-2","KCM":"现代物流信息技术及应用","JASDM":"0301020224","JXLDM":null,"JXBID":null,"SKBJ":null,"TYXMDM":null,"KCH":"50050223021"},{"KKDWDM":null,"XS":null,"BYBZ":"1","JSJC":8,"XXXQDM":null,"KXH":null,"KSJC":6,"XKZRS":null,"SKZC":"000001110000000000000000000000","SKJS":"祖巧红","ISTK":0,"ZCMC":"6-8周","YPSJDD":null,"XF":null,"SKXQ":2,"XNXQDM":"2024-2025-2","KCM":"现代物流信息技术及应用","JASDM":"0301020224","JXLDM":null,"JXBID":null,"SKBJ":null,"TYXMDM":null,"KCH":"50050223021"},{"KKDWDM":null,"XS":null,"BYBZ":"1","JSJC":13,"XXXQDM":null,"KXH":null,"KSJC":11,"XKZRS":null,"SKZC":"000000001110000000000000000000","SKJS":"祖巧红","ISTK":0,"ZCMC":"9-11周","YPSJDD":null,"XF":null,"SKXQ":2,"XNXQDM":"2024-2025-2","KCM":"现代物流信息技术及应用","JASDM":"0301020224","JXLDM":null,"JXBID":null,"SKBJ":null,"TYXMDM":null,"KCH":"50050223021"},{"KKDWDM":null,"XS":null,"BYBZ":"1","JSJC":8,"XXXQDM":null,"KXH":null,"KSJC":6,"XKZRS":null,"SKZC":"000001110000000000000000000000","SKJS":"祖巧红","ISTK":0,"ZCMC":"6-8周","YPSJDD":null,"XF":null,"SKXQ":4,"XNXQDM":"2024-2025-2","KCM":"现代物流信息技术及应用","JASDM":"0301020224","JXLDM":null,"JXBID":null,"SKBJ":null,"TYXMDM":null,"KCH":"50050223021"},{"KKDWDM":null,"XS":null,"BYBZ":"1","JSJC":8,"XXXQDM":null,"KXH":null,"KSJC":6,"XKZRS":null,"SKZC":"001111111111110000000000000000","SKJS":"毛喆","ISTK":0,"ZCMC":"3-14周","YPSJDD":null,"XF":null,"SKXQ":3,"XNXQDM":"2024-2025-2","KCM":"智能运输系统概论","JASDM":"0301020224","JXLDM":null,"JXBID":null,"SKBJ":null,"TYXMDM":null,"KCH":"50050223023"},{"KKDWDM":null,"XS":null,"BYBZ":"1","JSJC":5,"XXXQDM":null,"KXH":null,"KSJC":3,"XKZRS":null,"SKZC":"000000000111111000000000000000","SKJS":"刘文","ISTK":0,"ZCMC":"10-15周","YPSJDD":null,"XF":null,"SKXQ":2,"XNXQDM":"2024-2025-2","KCM":"基于MATLAB的数据处理","JASDM":"0301020224","JXLDM":null,"JXBID":null,"SKBJ":null,"TYXMDM":null,"KCH":"60140323013"},{"KKDWDM":null,"XS":null,"BYBZ":"1","JSJC":8,"XXXQDM":null,"KXH":null,"KSJC":6,"XKZRS":null,"SKZC":"111111111111000000000000000000","SKJS":"梁憬君","ISTK":0,"ZCMC":"1-12周","YPSJDD":null,"XF":null,"SKXQ":6,"XNXQDM":"2024-2025-2","KCM":"第二外国语（日）","JASDM":"0301020224","JXLDM":null,"JXBID":null,"SKBJ":null,"TYXMDM":null,"KCH":"60200523001"},{"KKDWDM":null,"XS":null,"BYBZ":"1","JSJC":8,"XXXQDM":null,"KXH":null,"KSJC":6,"XKZRS":null,"SKZC":"111111111111000000000000000000","SKJS":"梁憬君","ISTK":0,"ZCMC":"1-12周","YPSJDD":null,"XF":null,"SKXQ":7,"XNXQDM":"2024-2025-2","KCM":"第二外国语（日）","JASDM":"0301020224","JXLDM":null,"JXBID":null,"SKBJ":null,"TYXMDM":null,"KCH":"60200523001"},{"KKDWDM":null,"XS":null,"BYBZ":"1","JSJC":8,"XXXQDM":null,"KXH":null,"KSJC":6,"XKZRS":null,"SKZC":"111111000000000000000000000000","SKJS":"沈步珍","ISTK":0,"ZCMC":"1-6周","YPSJDD":null,"XF":null,"SKXQ":1,"XNXQDM":"2024-2025-2","KCM":"工程伦理学","JASDM":"0301020224","JXLDM":null,"JXBID":null,"SKBJ":null,"TYXMDM":null,"KCH":"70210123001"}]}},"code":"0"}