{"datas":{"jaskcb":{"extParams":{"code":1,"msg":"查询成功"},"pageSize":0,"pageNumber":0,"totalSize":-1,"rows":[{"KKDWDM":"005","XS":32,"BYBZ":"0","JSJC":8,"XXXQDM":"03","KXH":"01","KSJC":6,"XKZRS":33,"SKZC":"111111111100000000000000","SKJS":"吕能超,朱曼,褚端峰","ISTK":0,"ZCMC":"1-10周","YPSJDD":"12周 星期一 第6节-第7节 余区北-教学大楼-321,1-10周 星期一 第6节-第8节 余区北-教学大楼-321","XF":2,"SKXQ":1,"XNXQDM":"2024-2025-2","KCM":"交通物联网","JASDM":"0301020321","JXLDM":"030102","JXBID":"20242-02652","SKBJ":"设备控制2201","TYXMDM":null,"KCH":"10055121094"},{"KKDWDM":"006","XS":32,"BYBZ":"0","JSJC":5,"XXXQDM":"03","KXH":"01","KSJC":3,"XKZRS":40,"SKZC":"111111111100000000000000","SKJS":"乐京霞","ISTK":0,"ZCMC":"1-10周","YPSJDD":"12周 星期一 第3节-第4节 余区北-教学大楼-321,1-10周 星期一 第3节-第5节 余区北-教学大楼-321","XF":2,"SKXQ":1,"XNXQDM":"2024-2025-2","KCM":"船体强度与结构设计","JASDM":"0301020321","JXLDM":"030102","JXBID":"20242-02421","SKBJ":"船舶xs2201","TYXMDM":null,"KCH":"10064121071"},{"KKDWDM":"005","XS":32,"BYBZ":"0","JSJC":7,"XXXQDM":"03","KXH":"01","KSJC":6,"XKZRS":25,"SKZC":"111111110000000000000000000000","SKJS":"王弢","ISTK":0,"ZCMC":"1-8周","YPSJDD":"1-8周 星期三 第6节-第7节 余区北-教学大楼-321,1-5周,7-8周 星期五 第1节-第2节 余区北-教学大楼-321,9周 星期日 第1节-第2节 余区北-教学大楼-321","XF":2,"SKXQ":3,"XNXQDM":"2024-2025-2","KCM":"油气管道完整性管理","JASDM":"0301020321","JXLDM":"030102","JXBID":"20242-02213","SKBJ":"油气2201","TYXMDM":null,"KCH":"10055121029"},{"KKDWDM":"005","XS":32,"BYBZ":"0","JSJC":7,"XXXQDM":"03","KXH":"01","KSJC":6,"XKZRS":30,"SKZC":"111111110000000000000000000000","SKJS":"刘少博,吕能超,张存保,潘晓锋","ISTK":0,"ZCMC":"1-8周","YPSJDD":"9周 星期日 第9节-第10节 余区北-教学大楼-321,7-8周 星期五 第9节-第10节 余区北-教学大楼-321,1-5周 星期五 第9节-第10节 余区北-教学大楼-321,1-8周 星期二 第6节-第7节 余区北-教学大楼-321","XF":2,"SKXQ":2,"XNXQDM":"2024-2025-2","KCM":"交通系统仿真及应用","JASDM":"0301020321","JXLDM":"030102","JXBID":"20242-02389","SKBJ":"交通本硕2201","TYXMDM":null,"KCH":"10055121064"},{"KKDWDM":"005","XS":32,"BYBZ":"0","JSJC":2,"XXXQDM":"03","KXH":"01","KSJC":1,"XKZRS":31,"SKZC":"11111111","SKJS":"尹奇志,范爱龙","ISTK":0,"ZCMC":"1-8周","YPSJDD":"1-8周 星期四 第1节-第2节 余区北-教学大楼-321,1-8周 星期二 第3节-第4节 余区北-教学大楼-321","XF":2,"SKXQ":4,"XNXQDM":"2024-2025-2","KCM":"交通设备能效控制","JASDM":"0301020321","JXLDM":"030102","JXBID":"20242-03546","SKBJ":"设备控制2201","TYXMDM":null,"KCH":"10055121106"},{"KKDWDM":"005","XS":32,"BYBZ":"0","JSJC":4,"XXXQDM":"03","KXH":"01","KSJC":3,"XKZRS":31,"SKZC":"11111111","SKJS":"尹奇志,范爱龙","ISTK":0,"ZCMC":"1-8周","YPSJDD":"1-8周 星期四 第1节-第2节 余区北-教学大楼-321,1-8周 星期二 第3节-第4节 余区北-教学大楼-321","XF":2,"SKXQ":2,"XNXQDM":"2024-2025-2","KCM":"交通设备能效控制","JASDM":"0301020321","JXLDM":"030102","JXBID":"20242-03546","SKBJ":"设备控制2201","TYXMDM":null,"KCH":"10055121106"},{"KKDWDM":"005","XS":48,"BYBZ":"0","JSJC":8,"XXXQDM":"03","KXH":"01","KSJC":6,"XKZRS":28,"SKZC":"111110111011000000000000000000","SKJS":"张学全,潘晓锋,范亮,钟鸣,钱闯","ISTK":0,"ZCMC":"1-5周,7-9周,11-12周","YPSJDD":"1-5周,7-9周,11-12周 星期六 第6节-第8节 余区北-教学大楼-321,13周 星期六 第6节-第7节 余区北-教学大楼-321","XF":3,"SKXQ":6,"XNXQDM":"2024-2025-2","KCM":"交通地理信息与导航定位","JASDM":"0301020321","JXLDM":"030102","JXBID":"20242-06517","SKBJ":"智慧交通微2024","TYXMDM":null,"KCH":"10054124006"},{"KKDWDM":"005","XS":32,"BYBZ":"0","JSJC":2,"XXXQDM":"03","KXH":"01","KSJC":1,"XKZRS":25,"SKZC":"111110110000000000000000000000","SKJS":"王弢","ISTK":0,"ZCMC":"1-5周,7-8周","YPSJDD":"1-8周 星期三 第6节-第7节 余区北-教学大楼-321,1-5周,7-8周 星期五 第1节-第2节 余区北-教学大楼-321,9周 星期日 第1节-第2节 余区北-教学大楼-321","XF":2,"SKXQ":5,"XNXQDM":"2024-2025-2","KCM":"油气管道完整性管理","JASDM":"0301020321","JXLDM":"030102","JXBID":"20242-02213","SKBJ":"油气2201","TYXMDM":null,"KCH":"10055121029"},{"KKDWDM":"005","XS":32,"BYBZ":"0","JSJC":10,"XXXQDM":"03","KXH":"01","KSJC":9,"XKZRS":30,"SKZC":"111110000000000000000000000000","SKJS":"刘少博,吕能超,张存保,潘晓锋","ISTK":0,"ZCMC":"1-5周","YPSJDD":"9周 星期日 第9节-第10节 余区北-教学大楼-321,7-8周 星期五 第9节-第10节 余区北-教学大楼-321,1-5周 星期五 第9节-第10节 余区北-教学大楼-321,1-8周 星期二 第6节-第7节 余区北-教学大楼-321","XF":2,"SKXQ":5,"XNXQDM":"2024-2025-2","KCM":"交通系统仿真及应用","JASDM":"0301020321","JXLDM":"030102","JXBID":"20242-02389","SKBJ":"交通本硕2201","TYXMDM":null,"KCH":"10055121064"},{"KKDWDM":"005","XS":32,"BYBZ":"0","JSJC":5,"XXXQDM":"03","KXH":"01","KSJC":3,"XKZRS":null,"SKZC":"110000000000000000000000000000","SKJS":"夏晶,赵欣","ISTK":0,"ZCMC":"1-2周","YPSJDD":"1-2周 星期三 第3节-第5节 余区北-教学大楼-321","XF":2,"SKXQ":3,"XNXQDM":"2024-2025-2","KCM":"立体交叉规划与设计","JASDM":"0301020321","JXLDM":"030102","JXBID":"20242-03484","SKBJ":"交工2201-02","TYXMDM":null,"KCH":"10055115002"},{"KKDWDM":"005","XS":32,"BYBZ":"0","JSJC":10,"XXXQDM":"03","KXH":"01","KSJC":9,"XKZRS":30,"SKZC":"000000110000000000000000000000","SKJS":"刘少博,吕能超,张存保,潘晓锋","ISTK":0,"ZCMC":"7-8周","YPSJDD":"9周 星期日 第9节-第10节 余区北-教学大楼-321,7-8周 星期五 第9节-第10节 余区北-教学大楼-321,1-5周 星期五 第9节-第10节 余区北-教学大楼-321,1-8周 星期二 第6节-第7节 余区北-教学大楼-321","XF":2,"SKXQ":5,"XNXQDM":"2024-2025-2","KCM":"交通系统仿真及应用","JASDM":"0301020321","JXLDM":"030102","JXBID":"20242-02389","SKBJ":"交通本硕2201","TYXMDM":null,"KCH":"10055121064"},{"KKDWDM":"005","XS":32,"BYBZ":"0","JSJC":4,"XXXQDM":"03","KXH":"01","KSJC":3,"XKZRS":27,"SKZC":"000000001111111100000000000000","SKJS":"童亮,董从林","ISTK":0,"ZCMC":"9-16周","YPSJDD":"16-17周 星期一 第9节-第10节 余区北-教学大楼-321,9-16周 星期三 第3节-第4节 余区北-教学大楼-321,12-14周 星期一 第9节-第10节 余区北-教学大楼-321,9-10周 星期一 第9节-第10节 余区北-教学大楼-321,17周 星期二 第9节-第10节 余区北-教学大楼-321","XF":2,"SKXQ":3,"XNXQDM":"2024-2025-2","KCM":"储能原理与技术","JASDM":"0301020321","JXLDM":"030102","JXBID":"20242-03754","SKBJ":"油气2201","TYXMDM":null,"KCH":"10055121030"},{"KKDWDM":"005","XS":32,"BYBZ":"0","JSJC":2,"XXXQDM":"03","KXH":"01","KSJC":1,"XKZRS":29,"SKZC":"000000001111111100000000000000","SKJS":"王弢","ISTK":0,"ZCMC":"9-16周","YPSJDD":"17周 星期三 第3节-第4节 余区北-教学大楼-321,9周 星期五 第3节-第4节 余区北-教学大楼-321,11-16周 星期五 第3节-第4节 余区北-教学大楼-321,9-16周 星期二 第1节-第2节 余区北-教学大楼-321","XF":2,"SKXQ":2,"XNXQDM":"2024-2025-2","KCM":"油气储运船舶与港口","JASDM":"0301020321","JXLDM":"030102","JXBID":"20242-02579","SKBJ":"油气2201","TYXMDM":null,"KCH":"10055117013"},{"KKDWDM":"005","XS":32,"BYBZ":"0","JSJC":10,"XXXQDM":"03","KXH":"01","KSJC":9,"XKZRS":27,"SKZC":"000000001100000000000000000000","SKJS":"童亮,董从林","ISTK":0,"ZCMC":"9-10周","YPSJDD":"16-17周 星期一 第9节-第10节 余区北-教学大楼-321,9-16周 星期三 第3节-第4节 余区北-教学大楼-321,12-14周 星期一 第9节-第10节 余区北-教学大楼-321,9-10周 星期一 第9节-第10节 余区北-教学大楼-321,17周 星期二 第9节-第10节 余区北-教学大楼-321","XF":2,"SKXQ":1,"XNXQDM":"2024-2025-2","KCM":"储能原理与技术","JASDM":"0301020321","JXLDM":"030102","JXBID":"20242-03754","SKBJ":"油气2201","TYXMDM":null,"KCH":"10055121030"},{"KKDWDM":"005","XS":32,"BYBZ":"0","JSJC":4,"XXXQDM":"03","KXH":"01","KSJC":3,"XKZRS":29,"SKZC":"000000001000000000000000000000","SKJS":"王弢","ISTK":0,"ZCMC":"9周","YPSJDD":"17周 星期三 第3节-第4节 余区北-教学大楼-321,9周 星期五 第3节-第4节 余区北-教学大楼-321,11-16周 星期五 第3节-第4节 余区北-教学大楼-321,9-16周 星期二 第1节-第2节 余区北-教学大楼-321","XF":2,"SKXQ":5,"XNXQDM":"2024-2025-2","KCM":"油气储运船舶与港口","JASDM":"0301020321","JXLDM":"030102","JXBID":"20242-02579","SKBJ":"油气2201","TYXMDM":null,"KCH":"10055117013"},{"KKDWDM":"005","XS":32,"BYBZ":"0","JSJC":2,"XXXQDM":"03","KXH":"01","KSJC":1,"XKZRS":25,"SKZC":"000000001000000000000000000000","SKJS":"王弢","ISTK":0,"ZCMC":"9周","YPSJDD":"1-8周 星期三 第6节-第7节 余区北-教学大楼-321,1-5周,7-8周 星期五 第1节-第2节 余区北-教学大楼-321,9周 星期日 第1节-第2节 余区北-教学大楼-321","XF":2,"SKXQ":7,"XNXQDM":"2024-2025-2","KCM":"油气管道完整性管理","JASDM":"0301020321","JXLDM":"030102","JXBID":"20242-02213","SKBJ":"油气2201","TYXMDM":null,"KCH":"10055121029"},{"KKDWDM":"005","XS":32,"BYBZ":"0","JSJC":10,"XXXQDM":"03","KXH":"01","KSJC":9,"XKZRS":30,"SKZC":"000000001000000000000000000000","SKJS":"刘少博,吕能超,张存保,潘晓锋","ISTK":0,"ZCMC":"9周","YPSJDD":"9周 星期日 第9节-第10节 余区北-教学大楼-321,7-8周 星期五 第9节-第10节 余区北-教学大楼-321,1-5周 星期五 第9节-第10节 余区北-教学大楼-321,1-8周 星期二 第6节-第7节 余区北-教学大楼-321","XF":2,"SKXQ":7,"XNXQDM":"2024-2025-2","KCM":"交通系统仿真及应用","JASDM":"0301020321","JXLDM":"030102","JXBID":"20242-02389","SKBJ":"交通本硕2201","TYXMDM":null,"KCH":"10055121064"},{"KKDWDM":"005","XS":32,"BYBZ":"0","JSJC":4,"XXXQDM":"03","KXH":"01","KSJC":3,"XKZRS":29,"SKZC":"000000000011111100000000000000","SKJS":"王弢","ISTK":0,"ZCMC":"11-16周","YPSJDD":"17周 星期三 第3节-第4节 余区北-教学大楼-321,9周 星期五 第3节-第4节 余区北-教学大楼-321,11-16周 星期五 第3节-第4节 余区北-教学大楼-321,9-16周 星期二 第1节-第2节 余区北-教学大楼-321","XF":2,"SKXQ":5,"XNXQDM":"2024-2025-2","KCM":"油气储运船舶与港口","JASDM":"0301020321","JXLDM":"030102","JXBID":"20242-02579","SKBJ":"油气2201","TYXMDM":null,"KCH":"10055117013"},{"KKDWDM":"005","XS":32,"BYBZ":"0","JSJC":10,"XXXQDM":"03","KXH":"01","KSJC":9,"XKZRS":27,"SKZC":"000000000001110000000000000000","SKJS":"童亮,董从林","ISTK":0,"ZCMC":"12-14周","YPSJDD":"16-17周 星期一 第9节-第10节 余区北-教学大楼-321,9-16周 星期三 第3节-第4节 余区北-教学大楼-321,12-14周 星期一 第9节-第10节 余区北-教学大楼-321,9-10周 星期一 第9节-第10节 余区北-教学大楼-321,17周 星期二 第9节-第10节 余区北-教学大楼-321","XF":2,"SKXQ":1,"XNXQDM":"2024-2025-2","KCM":"储能原理与技术","JASDM":"0301020321","JXLDM":"030102","JXBID":"20242-03754","SKBJ":"油气2201","TYXMDM":null,"KCH":"10055121030"},{"KKDWDM":"005","XS":32,"BYBZ":"0","JSJC":7,"XXXQDM":"03","KXH":"01","KSJC":6,"XKZRS":33,"SKZC":"000000000001000000000000","SKJS":"吕能超,朱曼,褚端峰","ISTK":0,"ZCMC":"12周","YPSJDD":"12周 星期一 第6节-第7节 余区北-教学大楼-321,1-10周 星期一 第6节-第8节 余区北-教学大楼-321","XF":2,"SKXQ":1,"XNXQDM":"2024-2025-2","KCM":"交通物联网","JASDM":"0301020321","JXLDM":"030102","JXBID":"20242-02652","SKBJ":"设备控制2201","TYXMDM":null,"KCH":"10055121094"},{"KKDWDM":"006","XS":32,"BYBZ":"0","JSJC":4,"XXXQDM":"03","KXH":"01","KSJC":3,"XKZRS":40,"SKZC":"000000000001000000000000","SKJS":"乐京霞","ISTK":0,"ZCMC":"12周","YPSJDD":"12周 星期一 第3节-第4节 余区北-教学大楼-321,1-10周 星期一 第3节-第5节 余区北-教学大楼-321","XF":2,"SKXQ":1,"XNXQDM":"2024-2025-2","KCM":"船体强度与结构设计","JASDM":"0301020321","JXLDM":"030102","JXBID":"20242-02421","SKBJ":"船舶xs2201","TYXMDM":null,"KCH":"10064121071"},{"KKDWDM":"005","XS":48,"BYBZ":"0","JSJC":7,"XXXQDM":"03","KXH":"01","KSJC":6,"XKZRS":28,"SKZC":"000000000000100000000000000000","SKJS":"张学全,潘晓锋,范亮,钟鸣,钱闯","ISTK":0,"ZCMC":"13周","YPSJDD":"1-5周,7-9周,11-12周 星期六 第6节-第8节 余区北-教学大楼-321,13周 星期六 第6节-第7节 余区北-教学大楼-321","XF":3,"SKXQ":6,"XNXQDM":"2024-2025-2","KCM":"交通地理信息与导航定位","JASDM":"0301020321","JXLDM":"030102","JXBID":"20242-06517","SKBJ":"智慧交通微2024","TYXMDM":null,"KCH":"10054124006"},{"KKDWDM":"005","XS":32,"BYBZ":"0","JSJC":10,"XXXQDM":"03","KXH":"01","KSJC":9,"XKZRS":27,"SKZC":"000000000000000110000000000000","SKJS":"童亮,董从林","ISTK":0,"ZCMC":"16-17周","YPSJDD":"16-17周 星期一 第9节-第10节 余区北-教学大楼-321,9-16周 星期三 第3节-第4节 余区北-教学大楼-321,12-14周 星期一 第9节-第10节 余区北-教学大楼-321,9-10周 星期一 第9节-第10节 余区北-教学大楼-321,17周 星期二 第9节-第10节 余区北-教学大楼-321","XF":2,"SKXQ":1,"XNXQDM":"2024-2025-2","KCM":"储能原理与技术","JASDM":"0301020321","JXLDM":"030102","JXBID":"20242-03754","SKBJ":"油气2201","TYXMDM":null,"KCH":"10055121030"},{"KKDWDM":"005","XS":32,"BYBZ":"0","JSJC":10,"XXXQDM":"03","KXH":"01","KSJC":9,"XKZRS":27,"SKZC":"000000000000000010000000000000","SKJS":"童亮,董从林","ISTK":0,"ZCMC":"17周","YPSJDD":"16-17周 星期一 第9节-第10节 余区北-教学大楼-321,9-16周 星期三 第3节-第4节 余区北-教学大楼-321,12-14周 星期一 第9节-第10节 余区北-教学大楼-321,9-10周 星期一 第9节-第10节 余区北-教学大楼-321,17周 星期二 第9节-第10节 余区北-教学大楼-321","XF":2,"SKXQ":2,"XNXQDM":"2024-2025-2","KCM":"储能原理与技术","JASDM":"0301020321","JXLDM":"030102","JXBID":"20242-03754","SKBJ":"油气2201","TYXMDM":null,"KCH":"10055121030"},{"KKDWDM":"005","XS":32,"BYBZ":"0","JSJC":4,"XXXQDM":"03","KXH":"01","KSJC":3,"XKZRS":29,"SKZC":"000000000000000010000000000000","SKJS":"王弢","ISTK":0,"ZCMC":"17周","YPSJDD":"17周 星期三 第3节-第4节 余区北-教学大楼-321,9周 星期五 第3节-第4节 余区北-教学大楼-321,11-16周 星期五 第3节-第4节 余区北-教学大楼-321,9-16周 星期二 第1节-第2节 余区北-教学大楼-321","XF":2,"SKXQ":3,"XNXQDM":"2024-2025-2","KCM":"油气储运船舶与港口","JASDM":"0301020321","JXLDM":"030102","JXBID":"20242-02579","SKBJ":"油气2201","TYXMDM":null,"KCH":"10055117013"}]}},"code":"0"}