{"datas":{"jaskcb":{"extParams":{"code":1,"msg":"查询成功"},"pageSize":0,"pageNumber":0,"totalSize":-1,"rows":[{"KKDWDM":null,"XS":null,"BYBZ":"1","JSJC":5,"XXXQDM":null,"KXH":null,"KSJC":3,"XKZRS":null,"SKZC":"011111111100000000000000000000","SKJS":"陈娜","ISTK":0,"ZCMC":"2-10周","YPSJDD":null,"XF":null,"SKXQ":1,"XNXQDM":"2024-2025-2","KCM":"英语论语导读","JASDM":"0301020225","JXLDM":null,"JXBID":null,"SKBJ":null,"TYXMDM":null,"KCH":"40200123011"},{"KKDWDM":null,"XS":null,"BYBZ":"1","JSJC":13,"XXXQDM":null,"KXH":null,"KSJC":11,"XKZRS":null,"SKZC":"000000001111110000000000000000","SKJS":"申文","ISTK":0,"ZCMC":"9-14周","YPSJDD":null,"XF":null,"SKXQ":1,"XNXQDM":"2024-2025-2","KCM":"供应链系统设计与管理","JASDM":"0301020225","JXLDM":null,"JXBID":null,"SKBJ":null,"TYXMDM":null,"KCH":"50050223019"},{"KKDWDM":null,"XS":null,"BYBZ":"1","JSJC":8,"XXXQDM":null,"KXH":null,"KSJC":6,"XKZRS":null,"SKZC":"000000001111110000000000000000","SKJS":"申文","ISTK":0,"ZCMC":"9-14周","YPSJDD":null,"XF":null,"SKXQ":3,"XNXQDM":"2024-2025-2","KCM":"供应链系统设计与管理","JASDM":"0301020225","JXLDM":null,"JXBID":null,"SKBJ":null,"TYXMDM":null,"KCH":"50050223019"}]}},"code":"0"}