{"datas":{"jaskcb":{"extParams":{"code":1,"msg":"查询成功"},"pageSize":0,"pageNumber":0,"totalSize":-1,"rows":[{"KKDWDM":null,"XS":null,"BYBZ":"1","JSJC":5,"XXXQDM":null,"KXH":null,"KSJC":1,"XKZRS":null,"SKZC":"001000000000000000000000000000","SKJS":"郭晶晶","ISTK":0,"ZCMC":"3周","YPSJDD":null,"XF":null,"SKXQ":6,"XNXQDM":"2024-2025-2","KCM":"研究生预答辩(借用)","JASDM":"0301020213","JXLDM":null,"JXBID":null,"SKBJ":null,"TYXMDM":null,"KCH":null},{"KKDWDM":null,"XS":null,"BYBZ":"1","JSJC":5,"XXXQDM":null,"KXH":null,"KSJC":3,"XKZRS":null,"SKZC":"001111110000000000000000000000","SKJS":"李斌","ISTK":0,"ZCMC":"3-8周","YPSJDD":null,"XF":null,"SKXQ":3,"XNXQDM":"2024-2025-2","KCM":"隧道结构理论","JASDM":"0301020213","JXLDM":null,"JXBID":null,"SKBJ":null,"TYXMDM":null,"KCH":"40050223015"},{"KKDWDM":null,"XS":null,"BYBZ":"1","JSJC":5,"XXXQDM":null,"KXH":null,"KSJC":3,"XKZRS":null,"SKZC":"001111110000000000000000000000","SKJS":"李斌","ISTK":0,"ZCMC":"3-8周","YPSJDD":null,"XF":null,"SKXQ":4,"XNXQDM":"2024-2025-2","KCM":"隧道结构理论","JASDM":"0301020213","JXLDM":null,"JXBID":null,"SKBJ":null,"TYXMDM":null,"KCH":"40050223015"},{"KKDWDM":null,"XS":null,"BYBZ":"1","JSJC":5,"XXXQDM":null,"KXH":null,"KSJC":3,"XKZRS":null,"SKZC":"001111111111110000000000000000","SKJS":"涂敏","ISTK":0,"ZCMC":"3-14周","YPSJDD":null,"XF":null,"SKXQ":5,"XNXQDM":"2024-2025-2","KCM":"交通运输系统分析与仿真","JASDM":"0301020213","JXLDM":null,"JXBID":null,"SKBJ":null,"TYXMDM":null,"KCH":"40050323024"},{"KKDWDM":null,"XS":null,"BYBZ":"1","JSJC":8,"XXXQDM":null,"KXH":null,"KSJC":6,"XKZRS":null,"SKZC":"000000000000111111000000000000","SKJS":"张少雄","ISTK":0,"ZCMC":"13-18周","YPSJDD":null,"XF":null,"SKXQ":3,"XNXQDM":"2024-2025-2","KCM":"塑性力学","JASDM":"0301020213","JXLDM":null,"JXBID":null,"SKBJ":null,"TYXMDM":null,"KCH":"40060223007"},{"KKDWDM":null,"XS":null,"BYBZ":"1","JSJC":13,"XXXQDM":null,"KXH":null,"KSJC":11,"XKZRS":null,"SKZC":"000000000000111111000000000000","SKJS":"张少雄","ISTK":0,"ZCMC":"13-18周","YPSJDD":null,"XF":null,"SKXQ":5,"XNXQDM":"2024-2025-2","KCM":"塑性力学","JASDM":"0301020213","JXLDM":null,"JXBID":null,"SKBJ":null,"TYXMDM":null,"KCH":"40060223007"},{"KKDWDM":null,"XS":null,"BYBZ":"1","JSJC":8,"XXXQDM":null,"KXH":null,"KSJC":6,"XKZRS":null,"SKZC":"000000000000111111000000000000","SKJS":"刘杰","ISTK":0,"ZCMC":"13-18周","YPSJDD":null,"XF":null,"SKXQ":2,"XNXQDM":"2024-2025-2","KCM":"过程控制系统分析与综合","JASDM":"0301020213","JXLDM":null,"JXBID":null,"SKBJ":null,"TYXMDM":null,"KCH":"40060223071"},{"KKDWDM":null,"XS":null,"BYBZ":"1","JSJC":5,"XXXQDM":null,"KXH":null,"KSJC":3,"XKZRS":null,"SKZC":"000000000000111111000000000000","SKJS":"刘杰","ISTK":0,"ZCMC":"13-18周","YPSJDD":null,"XF":null,"SKXQ":4,"XNXQDM":"2024-2025-2","KCM":"过程控制系统分析与综合","JASDM":"0301020213","JXLDM":null,"JXBID":null,"SKBJ":null,"TYXMDM":null,"KCH":"40060223071"},{"KKDWDM":null,"XS":null,"BYBZ":"1","JSJC":13,"XXXQDM":null,"KXH":null,"KSJC":11,"XKZRS":null,"SKZC":"111111000000000000000000000000","SKJS":"刘艾明","ISTK":0,"ZCMC":"1-6周","YPSJDD":null,"XF":null,"SKXQ":1,"XNXQDM":"2024-2025-2","KCM":"河流与海岸泥沙运动力学","JASDM":"0301020213","JXLDM":null,"JXBID":null,"SKBJ":null,"TYXMDM":null,"KCH":"40060323011"},{"KKDWDM":null,"XS":null,"BYBZ":"1","JSJC":13,"XXXQDM":null,"KXH":null,"KSJC":11,"XKZRS":null,"SKZC":"111111000000000000000000000000","SKJS":"刘艾明","ISTK":0,"ZCMC":"1-6周","YPSJDD":null,"XF":null,"SKXQ":3,"XNXQDM":"2024-2025-2","KCM":"河流与海岸泥沙运动力学","JASDM":"0301020213","JXLDM":null,"JXBID":null,"SKBJ":null,"TYXMDM":null,"KCH":"40060323011"},{"KKDWDM":null,"XS":null,"BYBZ":"1","JSJC":5,"XXXQDM":null,"KXH":null,"KSJC":3,"XKZRS":null,"SKZC":"011111111100000000000000000000","SKJS":"杜玲莉","ISTK":0,"ZCMC":"2-10周","YPSJDD":null,"XF":null,"SKXQ":1,"XNXQDM":"2024-2025-2","KCM":"学术英语交流与表达","JASDM":"0301020213","JXLDM":null,"JXBID":null,"SKBJ":null,"TYXMDM":null,"KCH":"40200123013"},{"KKDWDM":null,"XS":null,"BYBZ":"1","JSJC":5,"XXXQDM":null,"KXH":null,"KSJC":3,"XKZRS":null,"SKZC":"111111000000000000000000000000","SKJS":"柯姜岑","ISTK":0,"ZCMC":"1-6周","YPSJDD":null,"XF":null,"SKXQ":2,"XNXQDM":"2024-2025-2","KCM":"综合运输组织与优化技术","JASDM":"0301020213","JXLDM":null,"JXBID":null,"SKBJ":null,"TYXMDM":null,"KCH":"50050223007"},{"KKDWDM":null,"XS":null,"BYBZ":"1","JSJC":8,"XXXQDM":null,"KXH":null,"KSJC":6,"XKZRS":null,"SKZC":"111111000000000000000000000000","SKJS":"柯姜岑","ISTK":0,"ZCMC":"1-6周","YPSJDD":null,"XF":null,"SKXQ":4,"XNXQDM":"2024-2025-2","KCM":"综合运输组织与优化技术","JASDM":"0301020213","JXLDM":null,"JXBID":null,"SKBJ":null,"TYXMDM":null,"KCH":"50050223007"},{"KKDWDM":null,"XS":null,"BYBZ":"1","JSJC":13,"XXXQDM":null,"KXH":null,"KSJC":11,"XKZRS":null,"SKZC":"000000001000000000000000000000","SKJS":"柯姜岑","ISTK":0,"ZCMC":"9周","YPSJDD":null,"XF":null,"SKXQ":1,"XNXQDM":"2024-2025-2","KCM":"综合运输组织与优化技术(调课)","JASDM":"0301020213","JXLDM":null,"JXBID":null,"SKBJ":null,"TYXMDM":null,"KCH":"50050223007"},{"KKDWDM":null,"XS":null,"BYBZ":"1","JSJC":13,"XXXQDM":null,"KXH":null,"KSJC":11,"XKZRS":null,"SKZC":"000000001000000000000000000000","SKJS":"柯姜岑","ISTK":0,"ZCMC":"9周","YPSJDD":null,"XF":null,"SKXQ":4,"XNXQDM":"2024-2025-2","KCM":"综合运输组织与优化技术(调课)","JASDM":"0301020213","JXLDM":null,"JXBID":null,"SKBJ":null,"TYXMDM":null,"KCH":"50050223007"},{"KKDWDM":null,"XS":null,"BYBZ":"1","JSJC":8,"XXXQDM":null,"KXH":null,"KSJC":6,"XKZRS":null,"SKZC":"001111111111110000000000000000","SKJS":"蒋仲廉","ISTK":0,"ZCMC":"3-14周","YPSJDD":null,"XF":null,"SKXQ":7,"XNXQDM":"2024-2025-2","KCM":"水路交通技术导论","JASDM":"0301020213","JXLDM":null,"JXBID":null,"SKBJ":null,"TYXMDM":null,"KCH":"50050523001"}]}},"code":"0"}