{"datas":{"jaskcb":{"extParams":{"code":1,"msg":"查询成功"},"pageSize":0,"pageNumber":0,"totalSize":-1,"rows":[{"KKDWDM":"013","XS":88,"BYBZ":"0","JSJC":5,"XXXQDM":"03","KXH":"01","KSJC":3,"XKZRS":97,"SKZC":"111111111111110000000000000000","SKJS":"杨胤铎","ISTK":0,"ZCMC":"1-14周","YPSJDD":"9周 星期日 第3节-第4节 余区南-航海楼-105,1-5周,7-9周,11-14周 星期五 第3节-第4节 余区南-航海楼-105,1-14周 星期二 第3节-第5节 余区南-航海楼-105","XF":5,"SKXQ":2,"XNXQDM":"2024-2025-2","KCM":"电工与电子技术基础A","JASDM":"0302010105","JXLDM":"030201","JXBID":"20242-05060","SKBJ":"油气2301,轮机zy2301","TYXMDM":null,"KCH":"10133121097"},{"KKDWDM":"071","XS":40,"BYBZ":"0","JSJC":5,"XXXQDM":"03","KXH":"17","KSJC":3,"XKZRS":124,"SKZC":"111111111111000000000000","SKJS":"赵华玲","ISTK":0,"ZCMC":"1-12周","YPSJDD":"13-14周 星期三 第3节-第4节 余区南-航海楼-105,1-12周 星期三 第3节-第5节 余区南-航海楼-105","XF":2,"SKXQ":3,"XNXQDM":"2024-2025-2","KCM":"线性代数","JASDM":"0302010105","JXLDM":"030201","JXBID":"20242-06249","SKBJ":"道桥2401-04","TYXMDM":null,"KCH":"10153111001"},{"KKDWDM":"072","XS":80,"BYBZ":"0","JSJC":2,"XXXQDM":"03","KXH":"02","KSJC":1,"XKZRS":116,"SKZC":"111111111100000000000000000000","SKJS":"蔡欣","ISTK":0,"ZCMC":"1-10周","YPSJDD":"17周 星期二 第1节-第2节 余区南-航海楼-105,11-17周 星期四 第3节-第5节 余区南-航海楼-105,1-10周 星期一 第1节-第2节 余区南-航海楼-105,12-14周 星期一 第1节-第2节 余区南-航海楼-105,16-17周 星期一 第1节-第2节 余区南-航海楼-105,1-9周 星期四 第3节-第5节 余区南-航海楼-105","XF":5,"SKXQ":1,"XNXQDM":"2024-2025-2","KCM":"大学物理B","JASDM":"0302010105","JXLDM":"030201","JXBID":"20242-06291","SKBJ":"能动2401-03","TYXMDM":null,"KCH":"10153113042"},{"KKDWDM":"072","XS":80,"BYBZ":"0","JSJC":5,"XXXQDM":"03","KXH":"02","KSJC":3,"XKZRS":116,"SKZC":"111111111000000000000000000000","SKJS":"蔡欣","ISTK":0,"ZCMC":"1-9周","YPSJDD":"17周 星期二 第1节-第2节 余区南-航海楼-105,11-17周 星期四 第3节-第5节 余区南-航海楼-105,1-10周 星期一 第1节-第2节 余区南-航海楼-105,12-14周 星期一 第1节-第2节 余区南-航海楼-105,16-17周 星期一 第1节-第2节 余区南-航海楼-105,1-9周 星期四 第3节-第5节 余区南-航海楼-105","XF":5,"SKXQ":4,"XNXQDM":"2024-2025-2","KCM":"大学物理B","JASDM":"0302010105","JXLDM":"030201","JXBID":"20242-06291","SKBJ":"能动2401-03","TYXMDM":null,"KCH":"10153113042"},{"KKDWDM":"013","XS":88,"BYBZ":"0","JSJC":4,"XXXQDM":"03","KXH":"01","KSJC":3,"XKZRS":97,"SKZC":"111110111011110000000000000000","SKJS":"杨胤铎","ISTK":0,"ZCMC":"1-5周,7-9周,11-14周","YPSJDD":"9周 星期日 第3节-第4节 余区南-航海楼-105,1-5周,7-9周,11-14周 星期五 第3节-第4节 余区南-航海楼-105,1-14周 星期二 第3节-第5节 余区南-航海楼-105","XF":5,"SKXQ":5,"XNXQDM":"2024-2025-2","KCM":"电工与电子技术基础A","JASDM":"0302010105","JXLDM":"030201","JXBID":"20242-05060","SKBJ":"油气2301,轮机zy2301","TYXMDM":null,"KCH":"10133121097"},{"KKDWDM":"021","XS":8,"BYBZ":"0","JSJC":10,"XXXQDM":"03","KXH":"665","KSJC":9,"XKZRS":110,"SKZC":"000000011011000000000000000000","SKJS":"高筱卉","ISTK":0,"ZCMC":"8-9周,11-12周","YPSJDD":"8-9周,11-12周 星期四 第9节-第10节 余区南-航海楼-105","XF":0,"SKXQ":4,"XNXQDM":"2024-2025-2","KCM":"形势与政策","JASDM":"0302010105","JXLDM":"030201","JXBID":"20242-14256","SKBJ":null,"TYXMDM":null,"KCH":"10218121092"},{"KKDWDM":"021","XS":8,"BYBZ":"0","JSJC":7,"XXXQDM":"03","KXH":"127","KSJC":6,"XKZRS":127,"SKZC":"000000011011000000000000000000","SKJS":"高筱卉","ISTK":0,"ZCMC":"8-9周,11-12周","YPSJDD":"8-9周,11-12周 星期四 第6节-第7节 余区南-航海楼-105","XF":0,"SKXQ":4,"XNXQDM":"2024-2025-2","KCM":"形势与政策","JASDM":"0302010105","JXLDM":"030201","JXBID":"20242-06784","SKBJ":"轮机2405-08","TYXMDM":null,"KCH":"10218121092"},{"KKDWDM":"013","XS":88,"BYBZ":"0","JSJC":4,"XXXQDM":"03","KXH":"01","KSJC":3,"XKZRS":97,"SKZC":"000000001000000000000000000000","SKJS":"杨胤铎","ISTK":0,"ZCMC":"9周","YPSJDD":"9周 星期日 第3节-第4节 余区南-航海楼-105,1-5周,7-9周,11-14周 星期五 第3节-第4节 余区南-航海楼-105,1-14周 星期二 第3节-第5节 余区南-航海楼-105","XF":5,"SKXQ":7,"XNXQDM":"2024-2025-2","KCM":"电工与电子技术基础A","JASDM":"0302010105","JXLDM":"030201","JXBID":"20242-05060","SKBJ":"油气2301,轮机zy2301","TYXMDM":null,"KCH":"10133121097"},{"KKDWDM":"072","XS":80,"BYBZ":"0","JSJC":5,"XXXQDM":"03","KXH":"02","KSJC":3,"XKZRS":116,"SKZC":"000000000011111110000000000000","SKJS":"蔡欣","ISTK":0,"ZCMC":"11-17周","YPSJDD":"17周 星期二 第1节-第2节 余区南-航海楼-105,11-17周 星期四 第3节-第5节 余区南-航海楼-105,1-10周 星期一 第1节-第2节 余区南-航海楼-105,12-14周 星期一 第1节-第2节 余区南-航海楼-105,16-17周 星期一 第1节-第2节 余区南-航海楼-105,1-9周 星期四 第3节-第5节 余区南-航海楼-105","XF":5,"SKXQ":4,"XNXQDM":"2024-2025-2","KCM":"大学物理B","JASDM":"0302010105","JXLDM":"030201","JXBID":"20242-06291","SKBJ":"能动2401-03","TYXMDM":null,"KCH":"10153113042"},{"KKDWDM":"072","XS":80,"BYBZ":"0","JSJC":2,"XXXQDM":"03","KXH":"02","KSJC":1,"XKZRS":116,"SKZC":"000000000001110000000000000000","SKJS":"蔡欣","ISTK":0,"ZCMC":"12-14周","YPSJDD":"17周 星期二 第1节-第2节 余区南-航海楼-105,11-17周 星期四 第3节-第5节 余区南-航海楼-105,1-10周 星期一 第1节-第2节 余区南-航海楼-105,12-14周 星期一 第1节-第2节 余区南-航海楼-105,16-17周 星期一 第1节-第2节 余区南-航海楼-105,1-9周 星期四 第3节-第5节 余区南-航海楼-105","XF":5,"SKXQ":1,"XNXQDM":"2024-2025-2","KCM":"大学物理B","JASDM":"0302010105","JXLDM":"030201","JXBID":"20242-06291","SKBJ":"能动2401-03","TYXMDM":null,"KCH":"10153113042"},{"KKDWDM":"071","XS":40,"BYBZ":"0","JSJC":4,"XXXQDM":"03","KXH":"17","KSJC":3,"XKZRS":124,"SKZC":"000000000000110000000000","SKJS":"赵华玲","ISTK":0,"ZCMC":"13-14周","YPSJDD":"13-14周 星期三 第3节-第4节 余区南-航海楼-105,1-12周 星期三 第3节-第5节 余区南-航海楼-105","XF":2,"SKXQ":3,"XNXQDM":"2024-2025-2","KCM":"线性代数","JASDM":"0302010105","JXLDM":"030201","JXBID":"20242-06249","SKBJ":"道桥2401-04","TYXMDM":null,"KCH":"10153111001"},{"KKDWDM":"072","XS":80,"BYBZ":"0","JSJC":2,"XXXQDM":"03","KXH":"02","KSJC":1,"XKZRS":116,"SKZC":"000000000000000110000000000000","SKJS":"蔡欣","ISTK":0,"ZCMC":"16-17周","YPSJDD":"17周 星期二 第1节-第2节 余区南-航海楼-105,11-17周 星期四 第3节-第5节 余区南-航海楼-105,1-10周 星期一 第1节-第2节 余区南-航海楼-105,12-14周 星期一 第1节-第2节 余区南-航海楼-105,16-17周 星期一 第1节-第2节 余区南-航海楼-105,1-9周 星期四 第3节-第5节 余区南-航海楼-105","XF":5,"SKXQ":1,"XNXQDM":"2024-2025-2","KCM":"大学物理B","JASDM":"0302010105","JXLDM":"030201","JXBID":"20242-06291","SKBJ":"能动2401-03","TYXMDM":null,"KCH":"10153113042"},{"KKDWDM":"072","XS":80,"BYBZ":"0","JSJC":2,"XXXQDM":"03","KXH":"02","KSJC":1,"XKZRS":116,"SKZC":"000000000000000010000000000000","SKJS":"蔡欣","ISTK":0,"ZCMC":"17周","YPSJDD":"17周 星期二 第1节-第2节 余区南-航海楼-105,11-17周 星期四 第3节-第5节 余区南-航海楼-105,1-10周 星期一 第1节-第2节 余区南-航海楼-105,12-14周 星期一 第1节-第2节 余区南-航海楼-105,16-17周 星期一 第1节-第2节 余区南-航海楼-105,1-9周 星期四 第3节-第5节 余区南-航海楼-105","XF":5,"SKXQ":2,"XNXQDM":"2024-2025-2","KCM":"大学物理B","JASDM":"0302010105","JXLDM":"030201","JXBID":"20242-06291","SKBJ":"能动2401-03","TYXMDM":null,"KCH":"10153113042"}]}},"code":"0"}