{"datas":{"jaskcb":{"extParams":{"code":1,"msg":"查询成功"},"pageSize":0,"pageNumber":0,"totalSize":-1,"rows":[{"KKDWDM":"072","XS":80,"BYBZ":"0","JSJC":5,"XXXQDM":"03","KXH":"28","KSJC":3,"XKZRS":114,"SKZC":"111111111111111100000000000000","SKJS":"冷春江","ISTK":0,"ZCMC":"1-16周","YPSJDD":"1-16周 星期三 第3节-第5节 余区南-航海楼-109,17周 星期三 第1节-第2节 余区南-航海楼-109,11-16周 星期五 第1节-第2节 余区南-航海楼-109,7-9周 星期五 第1节-第2节 余区南-航海楼-109,1-5周 星期五 第1节-第2节 余区南-航海楼-109,9周 星期日 第1节-第2节 余区南-航海楼-109","XF":5,"SKXQ":3,"XNXQDM":"2024-2025-2","KCM":"大学物理B","JASDM":"0302010109","JXLDM":"030201","JXBID":"20242-11633","SKBJ":"物流类2401-03","TYXMDM":null,"KCH":"10153113042"},{"KKDWDM":"072","XS":80,"BYBZ":"0","JSJC":2,"XXXQDM":"03","KXH":"29","KSJC":1,"XKZRS":133,"SKZC":"111111111111111100000000000000","SKJS":"梅雪飞","ISTK":0,"ZCMC":"1-16周","YPSJDD":"1-10周 星期一 第3节-第5节 余区南-航海楼-109,12-14周 星期一 第3节-第5节 余区南-航海楼-109,16-17周 星期一 第3节-第5节 余区南-航海楼-109,1-16周 星期三 第1节-第2节 余区南-航海楼-109,17周 星期二 第3节-第5节 余区南-航海楼-109","XF":5,"SKXQ":3,"XNXQDM":"2024-2025-2","KCM":"大学物理B","JASDM":"0302010109","JXLDM":"030201","JXBID":"20242-11634","SKBJ":"航海2401-04","TYXMDM":null,"KCH":"10153113042"},{"KKDWDM":"038","XS":32,"BYBZ":"0","JSJC":7,"XXXQDM":"03","KXH":"30","KSJC":6,"XKZRS":140,"SKZC":"11111111111111110000","SKJS":"李松竹","ISTK":0,"ZCMC":"1-16周","YPSJDD":"1-16周 星期三 第6节-第7节 余区南-航海楼-109","XF":2,"SKXQ":3,"XNXQDM":"2024-2025-2","KCM":"军事理论","JASDM":"0302010109","JXLDM":"030201","JXBID":"20242-06267","SKBJ":"能动2404-05,船舶xs2401,轮机2409","TYXMDM":null,"KCH":"10381121001"},{"KKDWDM":"071","XS":88,"BYBZ":"0","JSJC":4,"XXXQDM":"03","KXH":"38","KSJC":3,"XKZRS":129,"SKZC":"111111111111111000000000000000","SKJS":"陶红","ISTK":0,"ZCMC":"1-15周","YPSJDD":"11-15周 星期四 第1节-第2节 余区南-航海楼-109,12-14周 星期一 第1节-第2节 余区南-航海楼-109,1-10周 星期一 第1节-第2节 余区南-航海楼-109,1-9周 星期四 第1节-第2节 余区南-航海楼-109,1-15周 星期二 第3节-第4节 余区南-航海楼-109,16-17周 星期一 第1节-第2节 余区南-航海楼-109","XF":5,"SKXQ":2,"XNXQDM":"2024-2025-2","KCM":"高等数学A下","JASDM":"0302010109","JXLDM":"030201","JXBID":"20242-10439","SKBJ":"机设2405-07","TYXMDM":null,"KCH":"10153121060"},{"KKDWDM":"072","XS":56,"BYBZ":"0","JSJC":2,"XXXQDM":"03","KXH":"06","KSJC":1,"XKZRS":128,"SKZC":"111111111111110000000000000000","SKJS":"李贤芳","ISTK":0,"ZCMC":"1-14周","YPSJDD":"11-15周 星期四 第3节-第4节 余区南-航海楼-109,1-9周 星期四 第3节-第4节 余区南-航海楼-109,1-14周 星期二 第1节-第2节 余区南-航海楼-109","XF":3,"SKXQ":2,"XNXQDM":"2024-2025-2","KCM":"大学物理A上","JASDM":"0302010109","JXLDM":"030201","JXBID":"20242-06233","SKBJ":"交通类2401-04","TYXMDM":null,"KCH":"10153111005"},{"KKDWDM":"021","XS":48,"BYBZ":"0","JSJC":8,"XXXQDM":"03","KXH":"28","KSJC":6,"XKZRS":121,"SKZC":"11111111111111000000","SKJS":"吕威","ISTK":0,"ZCMC":"1-14周","YPSJDD":"1-14周 星期二 第6节-第8节 余区南-航海楼-109","XF":3,"SKXQ":2,"XNXQDM":"2024-2025-2","KCM":"中国近现代史纲要","JASDM":"0302010109","JXLDM":"030201","JXBID":"20242-06529","SKBJ":"海工类2405-08","TYXMDM":null,"KCH":"10211124005"},{"KKDWDM":"038","XS":32,"BYBZ":"0","JSJC":10,"XXXQDM":"03","KXH":"31","KSJC":9,"XKZRS":128,"SKZC":"111111111111000000000000000000","SKJS":"陈梦霖","ISTK":0,"ZCMC":"1-12周","YPSJDD":"1-12周 星期二 第9节-第10节 余区南-航海楼-109","XF":2,"SKXQ":2,"XNXQDM":"2024-2025-2","KCM":"心理健康教育","JASDM":"0302010109","JXLDM":"030201","JXBID":"20242-12142","SKBJ":"轮机2401-04","TYXMDM":null,"KCH":"10388117003"},{"KKDWDM":"006","XS":24,"BYBZ":"0","JSJC":10,"XXXQDM":"03","KXH":"05","KSJC":9,"XKZRS":90,"SKZC":"111111111111","SKJS":"周利兰,李子如","ISTK":0,"ZCMC":"1-12周","YPSJDD":"1-12周 星期三 第9节-第10节 余区南-航海楼-109","XF":1,"SKXQ":3,"XNXQDM":"2024-2025-2","KCM":"船舶原理D","JASDM":"0302010109","JXLDM":"030201","JXBID":"20242-10804","SKBJ":"轮机2301-04","TYXMDM":null,"KCH":"10184111002"},{"KKDWDM":"072","XS":80,"BYBZ":"0","JSJC":5,"XXXQDM":"03","KXH":"29","KSJC":3,"XKZRS":133,"SKZC":"111111111100000000000000000000","SKJS":"梅雪飞","ISTK":0,"ZCMC":"1-10周","YPSJDD":"1-10周 星期一 第3节-第5节 余区南-航海楼-109,12-14周 星期一 第3节-第5节 余区南-航海楼-109,16-17周 星期一 第3节-第5节 余区南-航海楼-109,1-16周 星期三 第1节-第2节 余区南-航海楼-109,17周 星期二 第3节-第5节 余区南-航海楼-109","XF":5,"SKXQ":1,"XNXQDM":"2024-2025-2","KCM":"大学物理B","JASDM":"0302010109","JXLDM":"030201","JXBID":"20242-11634","SKBJ":"航海2401-04","TYXMDM":null,"KCH":"10153113042"},{"KKDWDM":"071","XS":88,"BYBZ":"0","JSJC":2,"XXXQDM":"03","KXH":"38","KSJC":1,"XKZRS":129,"SKZC":"111111111100000000000000000000","SKJS":"陶红","ISTK":0,"ZCMC":"1-10周","YPSJDD":"11-15周 星期四 第1节-第2节 余区南-航海楼-109,12-14周 星期一 第1节-第2节 余区南-航海楼-109,1-10周 星期一 第1节-第2节 余区南-航海楼-109,1-9周 星期四 第1节-第2节 余区南-航海楼-109,1-15周 星期二 第3节-第4节 余区南-航海楼-109,16-17周 星期一 第1节-第2节 余区南-航海楼-109","XF":5,"SKXQ":1,"XNXQDM":"2024-2025-2","KCM":"高等数学A下","JASDM":"0302010109","JXLDM":"030201","JXBID":"20242-10439","SKBJ":"机设2405-07","TYXMDM":null,"KCH":"10153121060"},{"KKDWDM":"038","XS":32,"BYBZ":"0","JSJC":10,"XXXQDM":"03","KXH":"26","KSJC":9,"XKZRS":117,"SKZC":"111111111100000000000000000000","SKJS":"朱希","ISTK":0,"ZCMC":"1-10周","YPSJDD":"1-10周 星期一 第9节-第10节 余区南-航海楼-109,12-13周 星期一 第9节-第10节 余区南-航海楼-109","XF":2,"SKXQ":1,"XNXQDM":"2024-2025-2","KCM":"心理健康教育","JASDM":"0302010109","JXLDM":"030201","JXBID":"20242-06422","SKBJ":"导航2401-02,海事2401-02","TYXMDM":null,"KCH":"10388117003"},{"KKDWDM":"012","XS":32,"BYBZ":"0","JSJC":7,"XXXQDM":"03","KXH":"06","KSJC":6,"XKZRS":100,"SKZC":"111111111100000000000000000000","SKJS":"袁小玲","ISTK":0,"ZCMC":"1-10周","YPSJDD":"12-14周 星期一 第6节-第7节 余区南-航海楼-109,17周 星期二 第6节-第7节 余区南-航海楼-109,16-17周 星期一 第6节-第7节 余区南-航海楼-109,1-10周 星期一 第6节-第7节 余区南-航海楼-109","XF":2,"SKXQ":1,"XNXQDM":"2024-2025-2","KCM":"Python程序设计基础A","JASDM":"0302010109","JXLDM":"030201","JXBID":"20242-06257","SKBJ":"交通类2405-07","TYXMDM":null,"KCH":"10121121086"},{"KKDWDM":"014","XS":32,"BYBZ":"0","JSJC":13,"XXXQDM":"03","KXH":"01","KSJC":11,"XKZRS":13,"SKZC":"111111111100000000000000","SKJS":"谭志荣","ISTK":0,"ZCMC":"1-10周","YPSJDD":"11周 星期二 第11节-第12节 余区南-航海楼-109,1-10周 星期二 第11节-第13节 余区南-航海楼-109","XF":2,"SKXQ":2,"XNXQDM":"2024-2025-2","KCM":"国际海事公约概论A","JASDM":"0302010109","JXLDM":"030201","JXBID":"20242-07975","SKBJ":"公选-07975","TYXMDM":null,"KCH":"10146117128"},{"KKDWDM":"022","XS":32,"BYBZ":"0","JSJC":13,"XXXQDM":"03","KXH":"01","KSJC":11,"XKZRS":140,"SKZC":"111111111010000000000000","SKJS":"鲍焕然","ISTK":0,"ZCMC":"1-9周,11周","YPSJDD":"12周 星期四 第11节-第12节 余区南-航海楼-109,1-9周,11周 星期四 第11节-第13节 余区南-航海楼-109","XF":2,"SKXQ":4,"XNXQDM":"2024-2025-2","KCM":"美学(GX)","JASDM":"0302010109","JXLDM":"030201","JXBID":"20242-08634","SKBJ":"公选-08634","TYXMDM":null,"KCH":"10226221426"},{"KKDWDM":"071","XS":88,"BYBZ":"0","JSJC":2,"XXXQDM":"03","KXH":"38","KSJC":1,"XKZRS":129,"SKZC":"111111111000000000000000000000","SKJS":"陶红","ISTK":0,"ZCMC":"1-9周","YPSJDD":"11-15周 星期四 第1节-第2节 余区南-航海楼-109,12-14周 星期一 第1节-第2节 余区南-航海楼-109,1-10周 星期一 第1节-第2节 余区南-航海楼-109,1-9周 星期四 第1节-第2节 余区南-航海楼-109,1-15周 星期二 第3节-第4节 余区南-航海楼-109,16-17周 星期一 第1节-第2节 余区南-航海楼-109","XF":5,"SKXQ":4,"XNXQDM":"2024-2025-2","KCM":"高等数学A下","JASDM":"0302010109","JXLDM":"030201","JXBID":"20242-10439","SKBJ":"机设2405-07","TYXMDM":null,"KCH":"10153121060"},{"KKDWDM":"072","XS":56,"BYBZ":"0","JSJC":4,"XXXQDM":"03","KXH":"06","KSJC":3,"XKZRS":128,"SKZC":"111111111000000000000000000000","SKJS":"李贤芳","ISTK":0,"ZCMC":"1-9周","YPSJDD":"11-15周 星期四 第3节-第4节 余区南-航海楼-109,1-9周 星期四 第3节-第4节 余区南-航海楼-109,1-14周 星期二 第1节-第2节 余区南-航海楼-109","XF":3,"SKXQ":4,"XNXQDM":"2024-2025-2","KCM":"大学物理A上","JASDM":"0302010109","JXLDM":"030201","JXBID":"20242-06233","SKBJ":"交通类2401-04","TYXMDM":null,"KCH":"10153111005"},{"KKDWDM":"005","XS":24,"BYBZ":"0","JSJC":13,"XXXQDM":"03","KXH":"01","KSJC":11,"XKZRS":140,"SKZC":"111111110000000000000000","SKJS":"胡楷雄","ISTK":0,"ZCMC":"1-8周","YPSJDD":"1-8周 星期一 第11节-第13节 余区南-航海楼-109","XF":1,"SKXQ":1,"XNXQDM":"2024-2025-2","KCM":"仿生机械学概论(GX)","JASDM":"0302010109","JXLDM":"030201","JXBID":"20242-07271","SKBJ":"公选-07271","TYXMDM":null,"KCH":"10052124026"},{"KKDWDM":"005","XS":32,"BYBZ":"0","JSJC":13,"XXXQDM":"03","KXH":"01","KSJC":11,"XKZRS":100,"SKZC":"111111110000000000000000","SKJS":"赵江滨","ISTK":0,"ZCMC":"1-8周","YPSJDD":"1-8周 星期三 第11节-第13节 余区南-航海楼-109","XF":2,"SKXQ":3,"XNXQDM":"2024-2025-2","KCM":"Python机器人编程(JD)","JASDM":"0302010109","JXLDM":"030201","JXBID":"20242-07241","SKBJ":"公选-07241","TYXMDM":null,"KCH":"10056121285"},{"KKDWDM":"014","XS":32,"BYBZ":"0","JSJC":5,"XXXQDM":"03","KXH":"06","KSJC":3,"XKZRS":64,"SKZC":"111110111010000000000000","SKJS":"贺益雄","ISTK":0,"ZCMC":"1-5周,7-9周,11周","YPSJDD":"12周 星期五 第3节-第4节 余区南-航海楼-109,1-5周,7-9周,11周 星期五 第3节-第5节 余区南-航海楼-109,9周 星期日 第3节-第5节 余区南-航海楼-109","XF":2,"SKXQ":5,"XNXQDM":"2024-2025-2","KCM":"船舶安全管理B","JASDM":"0302010109","JXLDM":"030201","JXBID":"20242-11378","SKBJ":"航海2304-05","TYXMDM":null,"KCH":"10144112014"},{"KKDWDM":"072","XS":80,"BYBZ":"0","JSJC":2,"XXXQDM":"03","KXH":"28","KSJC":1,"XKZRS":114,"SKZC":"111110000000000000000000000000","SKJS":"冷春江","ISTK":0,"ZCMC":"1-5周","YPSJDD":"1-16周 星期三 第3节-第5节 余区南-航海楼-109,17周 星期三 第1节-第2节 余区南-航海楼-109,11-16周 星期五 第1节-第2节 余区南-航海楼-109,7-9周 星期五 第1节-第2节 余区南-航海楼-109,1-5周 星期五 第1节-第2节 余区南-航海楼-109,9周 星期日 第1节-第2节 余区南-航海楼-109","XF":5,"SKXQ":5,"XNXQDM":"2024-2025-2","KCM":"大学物理B","JASDM":"0302010109","JXLDM":"030201","JXBID":"20242-11633","SKBJ":"物流类2401-03","TYXMDM":null,"KCH":"10153113042"},{"KKDWDM":"021","XS":48,"BYBZ":"0","JSJC":8,"XXXQDM":"03","KXH":"17","KSJC":6,"XKZRS":109,"SKZC":"111110000000000000000000000000","SKJS":"许瑶","ISTK":0,"ZCMC":"1-5周","YPSJDD":"9周 星期日 第6节-第8节 余区南-航海楼-109,1-5周 星期五 第6节-第8节 余区南-航海楼-109,7-9周 星期五 第6节-第8节 余区南-航海楼-109,11-15周 星期五 第6节-第8节 余区南-航海楼-109","XF":3,"SKXQ":5,"XNXQDM":"2024-2025-2","KCM":"思想道德与法治","JASDM":"0302010109","JXLDM":"030201","JXBID":"20242-06600","SKBJ":"交通zs2401,道桥2401-02","TYXMDM":null,"KCH":"10211124001"},{"KKDWDM":"072","XS":80,"BYBZ":"0","JSJC":2,"XXXQDM":"03","KXH":"28","KSJC":1,"XKZRS":114,"SKZC":"000000111000000000000000000000","SKJS":"冷春江","ISTK":0,"ZCMC":"7-9周","YPSJDD":"1-16周 星期三 第3节-第5节 余区南-航海楼-109,17周 星期三 第1节-第2节 余区南-航海楼-109,11-16周 星期五 第1节-第2节 余区南-航海楼-109,7-9周 星期五 第1节-第2节 余区南-航海楼-109,1-5周 星期五 第1节-第2节 余区南-航海楼-109,9周 星期日 第1节-第2节 余区南-航海楼-109","XF":5,"SKXQ":5,"XNXQDM":"2024-2025-2","KCM":"大学物理B","JASDM":"0302010109","JXLDM":"030201","JXBID":"20242-11633","SKBJ":"物流类2401-03","TYXMDM":null,"KCH":"10153113042"},{"KKDWDM":"021","XS":48,"BYBZ":"0","JSJC":8,"XXXQDM":"03","KXH":"17","KSJC":6,"XKZRS":109,"SKZC":"000000111000000000000000000000","SKJS":"许瑶","ISTK":0,"ZCMC":"7-9周","YPSJDD":"9周 星期日 第6节-第8节 余区南-航海楼-109,1-5周 星期五 第6节-第8节 余区南-航海楼-109,7-9周 星期五 第6节-第8节 余区南-航海楼-109,11-15周 星期五 第6节-第8节 余区南-航海楼-109","XF":3,"SKXQ":5,"XNXQDM":"2024-2025-2","KCM":"思想道德与法治","JASDM":"0302010109","JXLDM":"030201","JXBID":"20242-06600","SKBJ":"交通zs2401,道桥2401-02","TYXMDM":null,"KCH":"10211124001"},{"KKDWDM":"021","XS":8,"BYBZ":"0","JSJC":10,"XXXQDM":"03","KXH":"651","KSJC":9,"XKZRS":131,"SKZC":"000000011011000000000000","SKJS":"林梓弦","ISTK":0,"ZCMC":"8-9周,11-12周","YPSJDD":"8-9周,11-12周 星期四 第9节-第10节 余区南-航海楼-109","XF":0,"SKXQ":4,"XNXQDM":"2024-2025-2","KCM":"形势与政策","JASDM":"0302010109","JXLDM":"030201","JXBID":"20242-14242","SKBJ":null,"TYXMDM":null,"KCH":"10218121092"},{"KKDWDM":"072","XS":80,"BYBZ":"0","JSJC":2,"XXXQDM":"03","KXH":"28","KSJC":1,"XKZRS":114,"SKZC":"000000001000000000000000000000","SKJS":"冷春江","ISTK":0,"ZCMC":"9周","YPSJDD":"1-16周 星期三 第3节-第5节 余区南-航海楼-109,17周 星期三 第1节-第2节 余区南-航海楼-109,11-16周 星期五 第1节-第2节 余区南-航海楼-109,7-9周 星期五 第1节-第2节 余区南-航海楼-109,1-5周 星期五 第1节-第2节 余区南-航海楼-109,9周 星期日 第1节-第2节 余区南-航海楼-109","XF":5,"SKXQ":7,"XNXQDM":"2024-2025-2","KCM":"大学物理B","JASDM":"0302010109","JXLDM":"030201","JXBID":"20242-11633","SKBJ":"物流类2401-03","TYXMDM":null,"KCH":"10153113042"},{"KKDWDM":"021","XS":48,"BYBZ":"0","JSJC":8,"XXXQDM":"03","KXH":"17","KSJC":6,"XKZRS":109,"SKZC":"000000001000000000000000000000","SKJS":"许瑶","ISTK":0,"ZCMC":"9周","YPSJDD":"9周 星期日 第6节-第8节 余区南-航海楼-109,1-5周 星期五 第6节-第8节 余区南-航海楼-109,7-9周 星期五 第6节-第8节 余区南-航海楼-109,11-15周 星期五 第6节-第8节 余区南-航海楼-109","XF":3,"SKXQ":7,"XNXQDM":"2024-2025-2","KCM":"思想道德与法治","JASDM":"0302010109","JXLDM":"030201","JXBID":"20242-06600","SKBJ":"交通zs2401,道桥2401-02","TYXMDM":null,"KCH":"10211124001"},{"KKDWDM":"014","XS":32,"BYBZ":"0","JSJC":5,"XXXQDM":"03","KXH":"06","KSJC":3,"XKZRS":64,"SKZC":"000000001000000000000000","SKJS":"贺益雄","ISTK":0,"ZCMC":"9周","YPSJDD":"12周 星期五 第3节-第4节 余区南-航海楼-109,1-5周,7-9周,11周 星期五 第3节-第5节 余区南-航海楼-109,9周 星期日 第3节-第5节 余区南-航海楼-109","XF":2,"SKXQ":7,"XNXQDM":"2024-2025-2","KCM":"船舶安全管理B","JASDM":"0302010109","JXLDM":"030201","JXBID":"20242-11378","SKBJ":"航海2304-05","TYXMDM":null,"KCH":"10144112014"},{"KKDWDM":"072","XS":80,"BYBZ":"0","JSJC":2,"XXXQDM":"03","KXH":"28","KSJC":1,"XKZRS":114,"SKZC":"000000000011111100000000000000","SKJS":"冷春江","ISTK":0,"ZCMC":"11-16周","YPSJDD":"1-16周 星期三 第3节-第5节 余区南-航海楼-109,17周 星期三 第1节-第2节 余区南-航海楼-109,11-16周 星期五 第1节-第2节 余区南-航海楼-109,7-9周 星期五 第1节-第2节 余区南-航海楼-109,1-5周 星期五 第1节-第2节 余区南-航海楼-109,9周 星期日 第1节-第2节 余区南-航海楼-109","XF":5,"SKXQ":5,"XNXQDM":"2024-2025-2","KCM":"大学物理B","JASDM":"0302010109","JXLDM":"030201","JXBID":"20242-11633","SKBJ":"物流类2401-03","TYXMDM":null,"KCH":"10153113042"},{"KKDWDM":"071","XS":88,"BYBZ":"0","JSJC":2,"XXXQDM":"03","KXH":"38","KSJC":1,"XKZRS":129,"SKZC":"000000000011111000000000000000","SKJS":"陶红","ISTK":0,"ZCMC":"11-15周","YPSJDD":"11-15周 星期四 第1节-第2节 余区南-航海楼-109,12-14周 星期一 第1节-第2节 余区南-航海楼-109,1-10周 星期一 第1节-第2节 余区南-航海楼-109,1-9周 星期四 第1节-第2节 余区南-航海楼-109,1-15周 星期二 第3节-第4节 余区南-航海楼-109,16-17周 星期一 第1节-第2节 余区南-航海楼-109","XF":5,"SKXQ":4,"XNXQDM":"2024-2025-2","KCM":"高等数学A下","JASDM":"0302010109","JXLDM":"030201","JXBID":"20242-10439","SKBJ":"机设2405-07","TYXMDM":null,"KCH":"10153121060"},{"KKDWDM":"021","XS":48,"BYBZ":"0","JSJC":8,"XXXQDM":"03","KXH":"17","KSJC":6,"XKZRS":109,"SKZC":"000000000011111000000000000000","SKJS":"许瑶","ISTK":0,"ZCMC":"11-15周","YPSJDD":"9周 星期日 第6节-第8节 余区南-航海楼-109,1-5周 星期五 第6节-第8节 余区南-航海楼-109,7-9周 星期五 第6节-第8节 余区南-航海楼-109,11-15周 星期五 第6节-第8节 余区南-航海楼-109","XF":3,"SKXQ":5,"XNXQDM":"2024-2025-2","KCM":"思想道德与法治","JASDM":"0302010109","JXLDM":"030201","JXBID":"20242-06600","SKBJ":"交通zs2401,道桥2401-02","TYXMDM":null,"KCH":"10211124001"},{"KKDWDM":"072","XS":56,"BYBZ":"0","JSJC":4,"XXXQDM":"03","KXH":"06","KSJC":3,"XKZRS":128,"SKZC":"000000000011111000000000000000","SKJS":"李贤芳","ISTK":0,"ZCMC":"11-15周","YPSJDD":"11-15周 星期四 第3节-第4节 余区南-航海楼-109,1-9周 星期四 第3节-第4节 余区南-航海楼-109,1-14周 星期二 第1节-第2节 余区南-航海楼-109","XF":3,"SKXQ":4,"XNXQDM":"2024-2025-2","KCM":"大学物理A上","JASDM":"0302010109","JXLDM":"030201","JXBID":"20242-06233","SKBJ":"交通类2401-04","TYXMDM":null,"KCH":"10153111005"},{"KKDWDM":"014","XS":32,"BYBZ":"0","JSJC":12,"XXXQDM":"03","KXH":"01","KSJC":11,"XKZRS":13,"SKZC":"000000000010000000000000","SKJS":"谭志荣","ISTK":0,"ZCMC":"11周","YPSJDD":"11周 星期二 第11节-第12节 余区南-航海楼-109,1-10周 星期二 第11节-第13节 余区南-航海楼-109","XF":2,"SKXQ":2,"XNXQDM":"2024-2025-2","KCM":"国际海事公约概论A","JASDM":"0302010109","JXLDM":"030201","JXBID":"20242-07975","SKBJ":"公选-07975","TYXMDM":null,"KCH":"10146117128"},{"KKDWDM":"072","XS":80,"BYBZ":"0","JSJC":5,"XXXQDM":"03","KXH":"29","KSJC":3,"XKZRS":133,"SKZC":"000000000001110000000000000000","SKJS":"梅雪飞","ISTK":0,"ZCMC":"12-14周","YPSJDD":"1-10周 星期一 第3节-第5节 余区南-航海楼-109,12-14周 星期一 第3节-第5节 余区南-航海楼-109,16-17周 星期一 第3节-第5节 余区南-航海楼-109,1-16周 星期三 第1节-第2节 余区南-航海楼-109,17周 星期二 第3节-第5节 余区南-航海楼-109","XF":5,"SKXQ":1,"XNXQDM":"2024-2025-2","KCM":"大学物理B","JASDM":"0302010109","JXLDM":"030201","JXBID":"20242-11634","SKBJ":"航海2401-04","TYXMDM":null,"KCH":"10153113042"},{"KKDWDM":"071","XS":88,"BYBZ":"0","JSJC":2,"XXXQDM":"03","KXH":"38","KSJC":1,"XKZRS":129,"SKZC":"000000000001110000000000000000","SKJS":"陶红","ISTK":0,"ZCMC":"12-14周","YPSJDD":"11-15周 星期四 第1节-第2节 余区南-航海楼-109,12-14周 星期一 第1节-第2节 余区南-航海楼-109,1-10周 星期一 第1节-第2节 余区南-航海楼-109,1-9周 星期四 第1节-第2节 余区南-航海楼-109,1-15周 星期二 第3节-第4节 余区南-航海楼-109,16-17周 星期一 第1节-第2节 余区南-航海楼-109","XF":5,"SKXQ":1,"XNXQDM":"2024-2025-2","KCM":"高等数学A下","JASDM":"0302010109","JXLDM":"030201","JXBID":"20242-10439","SKBJ":"机设2405-07","TYXMDM":null,"KCH":"10153121060"},{"KKDWDM":"012","XS":32,"BYBZ":"0","JSJC":7,"XXXQDM":"03","KXH":"06","KSJC":6,"XKZRS":100,"SKZC":"000000000001110000000000000000","SKJS":"袁小玲","ISTK":0,"ZCMC":"12-14周","YPSJDD":"12-14周 星期一 第6节-第7节 余区南-航海楼-109,17周 星期二 第6节-第7节 余区南-航海楼-109,16-17周 星期一 第6节-第7节 余区南-航海楼-109,1-10周 星期一 第6节-第7节 余区南-航海楼-109","XF":2,"SKXQ":1,"XNXQDM":"2024-2025-2","KCM":"Python程序设计基础A","JASDM":"0302010109","JXLDM":"030201","JXBID":"20242-06257","SKBJ":"交通类2405-07","TYXMDM":null,"KCH":"10121121086"},{"KKDWDM":"038","XS":32,"BYBZ":"0","JSJC":10,"XXXQDM":"03","KXH":"26","KSJC":9,"XKZRS":117,"SKZC":"000000000001100000000000000000","SKJS":"朱希","ISTK":0,"ZCMC":"12-13周","YPSJDD":"1-10周 星期一 第9节-第10节 余区南-航海楼-109,12-13周 星期一 第9节-第10节 余区南-航海楼-109","XF":2,"SKXQ":1,"XNXQDM":"2024-2025-2","KCM":"心理健康教育","JASDM":"0302010109","JXLDM":"030201","JXBID":"20242-06422","SKBJ":"导航2401-02,海事2401-02","TYXMDM":null,"KCH":"10388117003"},{"KKDWDM":"014","XS":32,"BYBZ":"0","JSJC":4,"XXXQDM":"03","KXH":"06","KSJC":3,"XKZRS":64,"SKZC":"000000000001000000000000","SKJS":"贺益雄","ISTK":0,"ZCMC":"12周","YPSJDD":"12周 星期五 第3节-第4节 余区南-航海楼-109,1-5周,7-9周,11周 星期五 第3节-第5节 余区南-航海楼-109,9周 星期日 第3节-第5节 余区南-航海楼-109","XF":2,"SKXQ":5,"XNXQDM":"2024-2025-2","KCM":"船舶安全管理B","JASDM":"0302010109","JXLDM":"030201","JXBID":"20242-11378","SKBJ":"航海2304-05","TYXMDM":null,"KCH":"10144112014"},{"KKDWDM":"022","XS":32,"BYBZ":"0","JSJC":12,"XXXQDM":"03","KXH":"01","KSJC":11,"XKZRS":140,"SKZC":"000000000001000000000000","SKJS":"鲍焕然","ISTK":0,"ZCMC":"12周","YPSJDD":"12周 星期四 第11节-第12节 余区南-航海楼-109,1-9周,11周 星期四 第11节-第13节 余区南-航海楼-109","XF":2,"SKXQ":4,"XNXQDM":"2024-2025-2","KCM":"美学(GX)","JASDM":"0302010109","JXLDM":"030201","JXBID":"20242-08634","SKBJ":"公选-08634","TYXMDM":null,"KCH":"10226221426"},{"KKDWDM":"021","XS":8,"BYBZ":"0","JSJC":10,"XXXQDM":"03","KXH":"663","KSJC":9,"XKZRS":128,"SKZC":"0000000000001111","SKJS":"张梦贤","ISTK":0,"ZCMC":"13-16周","YPSJDD":"13-16周 星期四 第9节-第10节 余区南-航海楼-109","XF":0,"SKXQ":4,"XNXQDM":"2024-2025-2","KCM":"形势与政策","JASDM":"0302010109","JXLDM":"030201","JXBID":"20242-14254","SKBJ":null,"TYXMDM":null,"KCH":"10218121092"},{"KKDWDM":"021","XS":8,"BYBZ":"0","JSJC":7,"XXXQDM":"03","KXH":"657","KSJC":6,"XKZRS":123,"SKZC":"0000000000001111","SKJS":"王堂生","ISTK":0,"ZCMC":"13-16周","YPSJDD":"13-16周 星期四 第6节-第7节 余区南-航海楼-109","XF":0,"SKXQ":4,"XNXQDM":"2024-2025-2","KCM":"形势与政策","JASDM":"0302010109","JXLDM":"030201","JXBID":"20242-14248","SKBJ":null,"TYXMDM":null,"KCH":"10218121092"},{"KKDWDM":"072","XS":80,"BYBZ":"0","JSJC":5,"XXXQDM":"03","KXH":"29","KSJC":3,"XKZRS":133,"SKZC":"000000000000000110000000000000","SKJS":"梅雪飞","ISTK":0,"ZCMC":"16-17周","YPSJDD":"1-10周 星期一 第3节-第5节 余区南-航海楼-109,12-14周 星期一 第3节-第5节 余区南-航海楼-109,16-17周 星期一 第3节-第5节 余区南-航海楼-109,1-16周 星期三 第1节-第2节 余区南-航海楼-109,17周 星期二 第3节-第5节 余区南-航海楼-109","XF":5,"SKXQ":1,"XNXQDM":"2024-2025-2","KCM":"大学物理B","JASDM":"0302010109","JXLDM":"030201","JXBID":"20242-11634","SKBJ":"航海2401-04","TYXMDM":null,"KCH":"10153113042"},{"KKDWDM":"012","XS":32,"BYBZ":"0","JSJC":7,"XXXQDM":"03","KXH":"06","KSJC":6,"XKZRS":100,"SKZC":"000000000000000110000000000000","SKJS":"袁小玲","ISTK":0,"ZCMC":"16-17周","YPSJDD":"12-14周 星期一 第6节-第7节 余区南-航海楼-109,17周 星期二 第6节-第7节 余区南-航海楼-109,16-17周 星期一 第6节-第7节 余区南-航海楼-109,1-10周 星期一 第6节-第7节 余区南-航海楼-109","XF":2,"SKXQ":1,"XNXQDM":"2024-2025-2","KCM":"Python程序设计基础A","JASDM":"0302010109","JXLDM":"030201","JXBID":"20242-06257","SKBJ":"交通类2405-07","TYXMDM":null,"KCH":"10121121086"},{"KKDWDM":"071","XS":88,"BYBZ":"0","JSJC":2,"XXXQDM":"03","KXH":"38","KSJC":1,"XKZRS":129,"SKZC":"000000000000000110000000000000","SKJS":"陶红","ISTK":0,"ZCMC":"16-17周","YPSJDD":"11-15周 星期四 第1节-第2节 余区南-航海楼-109,12-14周 星期一 第1节-第2节 余区南-航海楼-109,1-10周 星期一 第1节-第2节 余区南-航海楼-109,1-9周 星期四 第1节-第2节 余区南-航海楼-109,1-15周 星期二 第3节-第4节 余区南-航海楼-109,16-17周 星期一 第1节-第2节 余区南-航海楼-109","XF":5,"SKXQ":1,"XNXQDM":"2024-2025-2","KCM":"高等数学A下","JASDM":"0302010109","JXLDM":"030201","JXBID":"20242-10439","SKBJ":"机设2405-07","TYXMDM":null,"KCH":"10153121060"},{"KKDWDM":"072","XS":80,"BYBZ":"0","JSJC":2,"XXXQDM":"03","KXH":"28","KSJC":1,"XKZRS":114,"SKZC":"000000000000000010000000000000","SKJS":"冷春江","ISTK":0,"ZCMC":"17周","YPSJDD":"1-16周 星期三 第3节-第5节 余区南-航海楼-109,17周 星期三 第1节-第2节 余区南-航海楼-109,11-16周 星期五 第1节-第2节 余区南-航海楼-109,7-9周 星期五 第1节-第2节 余区南-航海楼-109,1-5周 星期五 第1节-第2节 余区南-航海楼-109,9周 星期日 第1节-第2节 余区南-航海楼-109","XF":5,"SKXQ":3,"XNXQDM":"2024-2025-2","KCM":"大学物理B","JASDM":"0302010109","JXLDM":"030201","JXBID":"20242-11633","SKBJ":"物流类2401-03","TYXMDM":null,"KCH":"10153113042"},{"KKDWDM":"012","XS":32,"BYBZ":"0","JSJC":7,"XXXQDM":"03","KXH":"06","KSJC":6,"XKZRS":100,"SKZC":"000000000000000010000000000000","SKJS":"袁小玲","ISTK":0,"ZCMC":"17周","YPSJDD":"12-14周 星期一 第6节-第7节 余区南-航海楼-109,17周 星期二 第6节-第7节 余区南-航海楼-109,16-17周 星期一 第6节-第7节 余区南-航海楼-109,1-10周 星期一 第6节-第7节 余区南-航海楼-109","XF":2,"SKXQ":2,"XNXQDM":"2024-2025-2","KCM":"Python程序设计基础A","JASDM":"0302010109","JXLDM":"030201","JXBID":"20242-06257","SKBJ":"交通类2405-07","TYXMDM":null,"KCH":"10121121086"},{"KKDWDM":"072","XS":80,"BYBZ":"0","JSJC":5,"XXXQDM":"03","KXH":"29","KSJC":3,"XKZRS":133,"SKZC":"000000000000000010000000000000","SKJS":"梅雪飞","ISTK":0,"ZCMC":"17周","YPSJDD":"1-10周 星期一 第3节-第5节 余区南-航海楼-109,12-14周 星期一 第3节-第5节 余区南-航海楼-109,16-17周 星期一 第3节-第5节 余区南-航海楼-109,1-16周 星期三 第1节-第2节 余区南-航海楼-109,17周 星期二 第3节-第5节 余区南-航海楼-109","XF":5,"SKXQ":2,"XNXQDM":"2024-2025-2","KCM":"大学物理B","JASDM":"0302010109","JXLDM":"030201","JXBID":"20242-11634","SKBJ":"航海2401-04","TYXMDM":null,"KCH":"10153113042"}]}},"code":"0"}