{"datas":{"jaskcb":{"extParams":{"code":1,"msg":"查询成功"},"pageSize":0,"pageNumber":0,"totalSize":-1,"rows":[{"KKDWDM":"071","XS":88,"BYBZ":"0","JSJC":4,"XXXQDM":"03","KXH":"18","KSJC":3,"XKZRS":127,"SKZC":"111111111111111000000000000000","SKJS":"胡复艳","ISTK":0,"ZCMC":"1-15周","YPSJDD":"1-5周 星期五 第3节-第4节 余区南-航海楼-201,1-15周 星期二 第3节-第4节 余区南-航海楼-201,1-15周 星期三 第1节-第2节 余区南-航海楼-201,7-9周 星期五 第3节-第4节 余区南-航海楼-201,11-15周 星期五 第3节-第4节 余区南-航海楼-201,9周 星期日 第3节-第4节 余区南-航海楼-201","XF":5,"SKXQ":2,"XNXQDM":"2024-2025-2","KCM":"高等数学A下","JASDM":"0302010201","JXLDM":"030201","JXBID":"20242-06375","SKBJ":"海工类2401-04","TYXMDM":null,"KCH":"10153121060"},{"KKDWDM":"071","XS":88,"BYBZ":"0","JSJC":2,"XXXQDM":"03","KXH":"18","KSJC":1,"XKZRS":127,"SKZC":"111111111111111000000000000000","SKJS":"胡复艳","ISTK":0,"ZCMC":"1-15周","YPSJDD":"1-5周 星期五 第3节-第4节 余区南-航海楼-201,1-15周 星期二 第3节-第4节 余区南-航海楼-201,1-15周 星期三 第1节-第2节 余区南-航海楼-201,7-9周 星期五 第3节-第4节 余区南-航海楼-201,11-15周 星期五 第3节-第4节 余区南-航海楼-201,9周 星期日 第3节-第4节 余区南-航海楼-201","XF":5,"SKXQ":3,"XNXQDM":"2024-2025-2","KCM":"高等数学A下","JASDM":"0302010201","JXLDM":"030201","JXBID":"20242-06375","SKBJ":"海工类2401-04","TYXMDM":null,"KCH":"10153121060"},{"KKDWDM":"071","XS":88,"BYBZ":"0","JSJC":4,"XXXQDM":"03","KXH":"27","KSJC":3,"XKZRS":138,"SKZC":"111111111111111000000000000000","SKJS":"毛树华","ISTK":0,"ZCMC":"1-15周","YPSJDD":"1-15周 星期三 第3节-第4节 余区南-航海楼-201,9周 星期日 第1节-第2节 余区南-航海楼-201,7-9周 星期五 第1节-第2节 余区南-航海楼-201,1-15周 星期二 第1节-第2节 余区南-航海楼-201,1-5周 星期五 第1节-第2节 余区南-航海楼-201,11-15周 星期五 第1节-第2节 余区南-航海楼-201","XF":5,"SKXQ":3,"XNXQDM":"2024-2025-2","KCM":"高等数学A下","JASDM":"0302010201","JXLDM":"030201","JXBID":"20242-06421","SKBJ":"航海2401-04","TYXMDM":null,"KCH":"10153121060"},{"KKDWDM":"071","XS":88,"BYBZ":"0","JSJC":2,"XXXQDM":"03","KXH":"27","KSJC":1,"XKZRS":138,"SKZC":"111111111111111000000000000000","SKJS":"毛树华","ISTK":0,"ZCMC":"1-15周","YPSJDD":"1-15周 星期三 第3节-第4节 余区南-航海楼-201,9周 星期日 第1节-第2节 余区南-航海楼-201,7-9周 星期五 第1节-第2节 余区南-航海楼-201,1-15周 星期二 第1节-第2节 余区南-航海楼-201,1-5周 星期五 第1节-第2节 余区南-航海楼-201,11-15周 星期五 第1节-第2节 余区南-航海楼-201","XF":5,"SKXQ":2,"XNXQDM":"2024-2025-2","KCM":"高等数学A下","JASDM":"0302010201","JXLDM":"030201","JXBID":"20242-06421","SKBJ":"航海2401-04","TYXMDM":null,"KCH":"10153121060"},{"KKDWDM":"014","XS":24,"BYBZ":"0","JSJC":10,"XXXQDM":"03","KXH":"01","KSJC":9,"XKZRS":104,"SKZC":"111111111111000000000000","SKJS":"肖方亮","ISTK":0,"ZCMC":"1-12周","YPSJDD":"1-12周 星期三 第9节-第10节 余区南-航海楼-201","XF":1,"SKXQ":3,"XNXQDM":"2024-2025-2","KCM":"航海心理学","JASDM":"0302010201","JXLDM":"030201","JXBID":"20242-05532","SKBJ":"航海2302-07","TYXMDM":null,"KCH":"10145117060"},{"KKDWDM":"038","XS":32,"BYBZ":"0","JSJC":7,"XXXQDM":"03","KXH":"27","KSJC":6,"XKZRS":131,"SKZC":"11111111111100000000","SKJS":"罗金晶","ISTK":0,"ZCMC":"1-12周","YPSJDD":"1-12周 星期三 第6节-第7节 余区南-航海楼-201","XF":2,"SKXQ":3,"XNXQDM":"2024-2025-2","KCM":"心理健康教育","JASDM":"0302010201","JXLDM":"030201","JXBID":"20242-06427","SKBJ":"航海2401-04","TYXMDM":null,"KCH":"10388117003"},{"KKDWDM":"006","XS":24,"BYBZ":"0","JSJC":10,"XXXQDM":"03","KXH":"07","KSJC":9,"XKZRS":40,"SKZC":"111111111111","SKJS":"林治国","ISTK":0,"ZCMC":"1-12周","YPSJDD":"1-12周 星期二 第9节-第10节 余区南-航海楼-201","XF":1,"SKXQ":2,"XNXQDM":"2024-2025-2","KCM":"海洋工程装备概论","JASDM":"0302010201","JXLDM":"030201","JXBID":"20242-06951","SKBJ":"轮机2304-06","TYXMDM":null,"KCH":"10065117032"},{"KKDWDM":"072","XS":80,"BYBZ":"0","JSJC":5,"XXXQDM":"03","KXH":"07","KSJC":3,"XKZRS":126,"SKZC":"111111111100000000000000000000","SKJS":"胡又平","ISTK":0,"ZCMC":"1-10周","YPSJDD":"12-14周 星期一 第3节-第5节 余区南-航海楼-201,17周 星期二 第3节-第5节 余区南-航海楼-201,1-10周 星期一 第3节-第5节 余区南-航海楼-201,1-9周 星期四 第1节-第2节 余区南-航海楼-201,11-17周 星期四 第1节-第2节 余区南-航海楼-201,16-17周 星期一 第3节-第5节 余区南-航海楼-201","XF":5,"SKXQ":1,"XNXQDM":"2024-2025-2","KCM":"大学物理B","JASDM":"0302010201","JXLDM":"030201","JXBID":"20242-06304","SKBJ":"海工类2405-08","TYXMDM":null,"KCH":"10153113042"},{"KKDWDM":"038","XS":32,"BYBZ":"0","JSJC":7,"XXXQDM":"03","KXH":"22","KSJC":6,"XKZRS":103,"SKZC":"111111111100000000000000000000","SKJS":"郭善林","ISTK":0,"ZCMC":"1-10周","YPSJDD":"17周 星期二 第6节-第7节 余区南-航海楼-201,16-17周 星期一 第6节-第7节 余区南-航海楼-201,12-14周 星期一 第6节-第7节 余区南-航海楼-201,1-10周 星期一 第6节-第7节 余区南-航海楼-201","XF":2,"SKXQ":1,"XNXQDM":"2024-2025-2","KCM":"军事理论","JASDM":"0302010201","JXLDM":"030201","JXBID":"20242-06201","SKBJ":"导航2401-02,海事2401-02","TYXMDM":null,"KCH":"10381121001"},{"KKDWDM":"059","XS":32,"BYBZ":"0","JSJC":13,"XXXQDM":"03","KXH":"02","KSJC":11,"XKZRS":137,"SKZC":"111111111100000000000000","SKJS":"汪文琪","ISTK":0,"ZCMC":"1-10周","YPSJDD":"11周 星期二 第11节-第12节 余区南-航海楼-201,1-10周 星期二 第11节-第13节 余区南-航海楼-201","XF":2,"SKXQ":2,"XNXQDM":"2024-2025-2","KCM":"信息检索(GX)","JASDM":"0302010201","JXLDM":"030201","JXBID":"20242-11072","SKBJ":"公选-11072","TYXMDM":null,"KCH":"10592121002"},{"KKDWDM":"071","XS":40,"BYBZ":"0","JSJC":5,"XXXQDM":"03","KXH":"11","KSJC":3,"XKZRS":136,"SKZC":"111111111011100000000000","SKJS":"徐天群","ISTK":0,"ZCMC":"1-9周,11-13周","YPSJDD":"14-15周 星期四 第3节-第4节 余区南-航海楼-201,1-9周,11-13周 星期四 第3节-第5节 余区南-航海楼-201","XF":2,"SKXQ":4,"XNXQDM":"2024-2025-2","KCM":"线性代数","JASDM":"0302010201","JXLDM":"030201","JXBID":"20242-11762","SKBJ":"航海2401-04","TYXMDM":null,"KCH":"10153111001"},{"KKDWDM":"032","XS":24,"BYBZ":"0","JSJC":12,"XXXQDM":"03","KXH":"01","KSJC":11,"XKZRS":74,"SKZC":"111111111000000000000000000000","SKJS":"曾青松,蔡薇","ISTK":0,"ZCMC":"1-9周","YPSJDD":"1-9周 星期四 第11节-第12节 余区南-航海楼-201,11周 星期四 第11节-第12节 余区南-航海楼-201,12周 星期四 第11节-第13节 余区南-航海楼-201","XF":1,"SKXQ":4,"XNXQDM":"2024-2025-2","KCM":"帆船文化与技术(GX)","JASDM":"0302010201","JXLDM":"030201","JXBID":"20242-08963","SKBJ":"公选-08963","TYXMDM":null,"KCH":"10322121003"},{"KKDWDM":"072","XS":80,"BYBZ":"0","JSJC":2,"XXXQDM":"03","KXH":"07","KSJC":1,"XKZRS":126,"SKZC":"111111111000000000000000000000","SKJS":"胡又平","ISTK":0,"ZCMC":"1-9周","YPSJDD":"12-14周 星期一 第3节-第5节 余区南-航海楼-201,17周 星期二 第3节-第5节 余区南-航海楼-201,1-10周 星期一 第3节-第5节 余区南-航海楼-201,1-9周 星期四 第1节-第2节 余区南-航海楼-201,11-17周 星期四 第1节-第2节 余区南-航海楼-201,16-17周 星期一 第3节-第5节 余区南-航海楼-201","XF":5,"SKXQ":4,"XNXQDM":"2024-2025-2","KCM":"大学物理B","JASDM":"0302010201","JXLDM":"030201","JXBID":"20242-06304","SKBJ":"海工类2405-08","TYXMDM":null,"KCH":"10153113042"},{"KKDWDM":"005","XS":16,"BYBZ":"0","JSJC":12,"XXXQDM":"03","KXH":"01","KSJC":11,"XKZRS":117,"SKZC":"111111110000000000000000000000","SKJS":"张梦雅,陈可曲","ISTK":0,"ZCMC":"1-8周","YPSJDD":"1-8周 星期三 第11节-第12节 余区南-航海楼-201","XF":1,"SKXQ":3,"XNXQDM":"2024-2025-2","KCM":"科学的时间管理(GX)","JASDM":"0302010201","JXLDM":"030201","JXBID":"20242-07186","SKBJ":"公选-07186","TYXMDM":null,"KCH":"10056211014"},{"KKDWDM":"071","XS":88,"BYBZ":"0","JSJC":4,"XXXQDM":"03","KXH":"18","KSJC":3,"XKZRS":127,"SKZC":"111110000000000000000000000000","SKJS":"胡复艳","ISTK":0,"ZCMC":"1-5周","YPSJDD":"1-5周 星期五 第3节-第4节 余区南-航海楼-201,1-15周 星期二 第3节-第4节 余区南-航海楼-201,1-15周 星期三 第1节-第2节 余区南-航海楼-201,7-9周 星期五 第3节-第4节 余区南-航海楼-201,11-15周 星期五 第3节-第4节 余区南-航海楼-201,9周 星期日 第3节-第4节 余区南-航海楼-201","XF":5,"SKXQ":5,"XNXQDM":"2024-2025-2","KCM":"高等数学A下","JASDM":"0302010201","JXLDM":"030201","JXBID":"20242-06375","SKBJ":"海工类2401-04","TYXMDM":null,"KCH":"10153121060"},{"KKDWDM":"071","XS":88,"BYBZ":"0","JSJC":2,"XXXQDM":"03","KXH":"27","KSJC":1,"XKZRS":138,"SKZC":"111110000000000000000000000000","SKJS":"毛树华","ISTK":0,"ZCMC":"1-5周","YPSJDD":"1-15周 星期三 第3节-第4节 余区南-航海楼-201,9周 星期日 第1节-第2节 余区南-航海楼-201,7-9周 星期五 第1节-第2节 余区南-航海楼-201,1-15周 星期二 第1节-第2节 余区南-航海楼-201,1-5周 星期五 第1节-第2节 余区南-航海楼-201,11-15周 星期五 第1节-第2节 余区南-航海楼-201","XF":5,"SKXQ":5,"XNXQDM":"2024-2025-2","KCM":"高等数学A下","JASDM":"0302010201","JXLDM":"030201","JXBID":"20242-06421","SKBJ":"航海2401-04","TYXMDM":null,"KCH":"10153121060"},{"KKDWDM":"021","XS":36,"BYBZ":"0","JSJC":8,"XXXQDM":"03","KXH":"28","KSJC":6,"XKZRS":59,"SKZC":"111110000000000000000000000000","SKJS":"王军","ISTK":0,"ZCMC":"1-5周","YPSJDD":"9周 星期日 第6节-第8节 余区南-航海楼-201,11-13周 星期五 第6节-第8节 余区南-航海楼-201,7-9周 星期五 第6节-第8节 余区南-航海楼-201,1-5周 星期五 第6节-第8节 余区南-航海楼-201","XF":2,"SKXQ":5,"XNXQDM":"2024-2025-2","KCM":"习近平新时代中国特色社会主义思想概论","JASDM":"0302010201","JXLDM":"030201","JXBID":"20242-12189","SKBJ":"航海2302-04","TYXMDM":null,"KCH":"10211121033"},{"KKDWDM":"038","XS":32,"BYBZ":"0","JSJC":2,"XXXQDM":"03","KXH":"35","KSJC":1,"XKZRS":140,"SKZC":"111101111100000000000000000000","SKJS":"卫泽","ISTK":0,"ZCMC":"1-4周,6-10周","YPSJDD":"12-14周 星期一 第1节-第2节 余区南-航海楼-201,16-17周 星期一 第1节-第2节 余区南-航海楼-201,1-4周,6-10周 星期一 第1节-第2节 余区南-航海楼-201,17周 星期二 第1节-第2节 余区南-航海楼-201,12周 星期五 第11节-第12节 余区南-航海楼-201","XF":2,"SKXQ":1,"XNXQDM":"2024-2025-2","KCM":"军事理论","JASDM":"0302010201","JXLDM":"030201","JXBID":"20242-11893","SKBJ":"海工类2401-04","TYXMDM":null,"KCH":"10381121001"},{"KKDWDM":"006","XS":32,"BYBZ":"0","JSJC":13,"XXXQDM":"03","KXH":"01","KSJC":11,"XKZRS":133,"SKZC":"111100000000000000000000","SKJS":"宋学敏","ISTK":0,"ZCMC":"1-4周","YPSJDD":"5-6周 星期一 第11节-第12节 余区南-航海楼-201,1-4周 星期一 第11节-第13节 余区南-航海楼-201","XF":2,"SKXQ":1,"XNXQDM":"2024-2025-2","KCM":"流体动画仿真(JD)","JASDM":"0302010201","JXLDM":"030201","JXBID":"20242-07292","SKBJ":"公选-07292","TYXMDM":null,"KCH":"10066121132"},{"KKDWDM":"014","XS":40,"BYBZ":"0","JSJC":8,"XXXQDM":"03","KXH":"02","KSJC":6,"XKZRS":107,"SKZC":"001111111111110000000000","SKJS":"刘敬贤,刘钊","ISTK":0,"ZCMC":"3-14周","YPSJDD":"15-16周 星期二 第6节-第7节 余区南-航海楼-201,3-14周 星期二 第6节-第8节 余区南-航海楼-201","XF":2,"SKXQ":2,"XNXQDM":"2024-2025-2","KCM":"船舶防污染技术C","JASDM":"0302010201","JXLDM":"030201","JXBID":"20242-12428","SKBJ":"航海2302-07","TYXMDM":null,"KCH":"10145117024"},{"KKDWDM":"006","XS":32,"BYBZ":"0","JSJC":12,"XXXQDM":"03","KXH":"01","KSJC":11,"XKZRS":133,"SKZC":"000011000000000000000000","SKJS":"宋学敏","ISTK":0,"ZCMC":"5-6周","YPSJDD":"5-6周 星期一 第11节-第12节 余区南-航海楼-201,1-4周 星期一 第11节-第13节 余区南-航海楼-201","XF":2,"SKXQ":1,"XNXQDM":"2024-2025-2","KCM":"流体动画仿真(JD)","JASDM":"0302010201","JXLDM":"030201","JXBID":"20242-07292","SKBJ":"公选-07292","TYXMDM":null,"KCH":"10066121132"},{"KKDWDM":"071","XS":88,"BYBZ":"0","JSJC":2,"XXXQDM":"03","KXH":"27","KSJC":1,"XKZRS":138,"SKZC":"000000111000000000000000000000","SKJS":"毛树华","ISTK":0,"ZCMC":"7-9周","YPSJDD":"1-15周 星期三 第3节-第4节 余区南-航海楼-201,9周 星期日 第1节-第2节 余区南-航海楼-201,7-9周 星期五 第1节-第2节 余区南-航海楼-201,1-15周 星期二 第1节-第2节 余区南-航海楼-201,1-5周 星期五 第1节-第2节 余区南-航海楼-201,11-15周 星期五 第1节-第2节 余区南-航海楼-201","XF":5,"SKXQ":5,"XNXQDM":"2024-2025-2","KCM":"高等数学A下","JASDM":"0302010201","JXLDM":"030201","JXBID":"20242-06421","SKBJ":"航海2401-04","TYXMDM":null,"KCH":"10153121060"},{"KKDWDM":"021","XS":36,"BYBZ":"0","JSJC":8,"XXXQDM":"03","KXH":"28","KSJC":6,"XKZRS":59,"SKZC":"000000111000000000000000000000","SKJS":"王军","ISTK":0,"ZCMC":"7-9周","YPSJDD":"9周 星期日 第6节-第8节 余区南-航海楼-201,11-13周 星期五 第6节-第8节 余区南-航海楼-201,7-9周 星期五 第6节-第8节 余区南-航海楼-201,1-5周 星期五 第6节-第8节 余区南-航海楼-201","XF":2,"SKXQ":5,"XNXQDM":"2024-2025-2","KCM":"习近平新时代中国特色社会主义思想概论","JASDM":"0302010201","JXLDM":"030201","JXBID":"20242-12189","SKBJ":"航海2302-04","TYXMDM":null,"KCH":"10211121033"},{"KKDWDM":"071","XS":88,"BYBZ":"0","JSJC":4,"XXXQDM":"03","KXH":"18","KSJC":3,"XKZRS":127,"SKZC":"000000111000000000000000000000","SKJS":"胡复艳","ISTK":0,"ZCMC":"7-9周","YPSJDD":"1-5周 星期五 第3节-第4节 余区南-航海楼-201,1-15周 星期二 第3节-第4节 余区南-航海楼-201,1-15周 星期三 第1节-第2节 余区南-航海楼-201,7-9周 星期五 第3节-第4节 余区南-航海楼-201,11-15周 星期五 第3节-第4节 余区南-航海楼-201,9周 星期日 第3节-第4节 余区南-航海楼-201","XF":5,"SKXQ":5,"XNXQDM":"2024-2025-2","KCM":"高等数学A下","JASDM":"0302010201","JXLDM":"030201","JXBID":"20242-06375","SKBJ":"海工类2401-04","TYXMDM":null,"KCH":"10153121060"},{"KKDWDM":"021","XS":8,"BYBZ":"0","JSJC":7,"XXXQDM":"03","KXH":"284","KSJC":6,"XKZRS":120,"SKZC":"0000000110110000000000000","SKJS":"杨妍茜","ISTK":0,"ZCMC":"8-9周,11-12周","YPSJDD":"8-9周,11-12周 星期四 第6节-第7节 余区南-航海楼-201","XF":0,"SKXQ":4,"XNXQDM":"2024-2025-2","KCM":"形势与政策","JASDM":"0302010201","JXLDM":"030201","JXBID":"20242-13943","SKBJ":"交通类2405-07,海事2402","TYXMDM":null,"KCH":"10218121092"},{"KKDWDM":"021","XS":8,"BYBZ":"0","JSJC":10,"XXXQDM":"03","KXH":"652","KSJC":9,"XKZRS":132,"SKZC":"000000011011000000000000","SKJS":"江艳","ISTK":0,"ZCMC":"8-9周,11-12周","YPSJDD":"8-9周,11-12周 星期四 第9节-第10节 余区南-航海楼-201","XF":0,"SKXQ":4,"XNXQDM":"2024-2025-2","KCM":"形势与政策","JASDM":"0302010201","JXLDM":"030201","JXBID":"20242-14243","SKBJ":null,"TYXMDM":null,"KCH":"10218121092"},{"KKDWDM":"021","XS":36,"BYBZ":"0","JSJC":8,"XXXQDM":"03","KXH":"28","KSJC":6,"XKZRS":59,"SKZC":"000000001000000000000000000000","SKJS":"王军","ISTK":0,"ZCMC":"9周","YPSJDD":"9周 星期日 第6节-第8节 余区南-航海楼-201,11-13周 星期五 第6节-第8节 余区南-航海楼-201,7-9周 星期五 第6节-第8节 余区南-航海楼-201,1-5周 星期五 第6节-第8节 余区南-航海楼-201","XF":2,"SKXQ":7,"XNXQDM":"2024-2025-2","KCM":"习近平新时代中国特色社会主义思想概论","JASDM":"0302010201","JXLDM":"030201","JXBID":"20242-12189","SKBJ":"航海2302-04","TYXMDM":null,"KCH":"10211121033"},{"KKDWDM":"071","XS":88,"BYBZ":"0","JSJC":4,"XXXQDM":"03","KXH":"18","KSJC":3,"XKZRS":127,"SKZC":"000000001000000000000000000000","SKJS":"胡复艳","ISTK":0,"ZCMC":"9周","YPSJDD":"1-5周 星期五 第3节-第4节 余区南-航海楼-201,1-15周 星期二 第3节-第4节 余区南-航海楼-201,1-15周 星期三 第1节-第2节 余区南-航海楼-201,7-9周 星期五 第3节-第4节 余区南-航海楼-201,11-15周 星期五 第3节-第4节 余区南-航海楼-201,9周 星期日 第3节-第4节 余区南-航海楼-201","XF":5,"SKXQ":7,"XNXQDM":"2024-2025-2","KCM":"高等数学A下","JASDM":"0302010201","JXLDM":"030201","JXBID":"20242-06375","SKBJ":"海工类2401-04","TYXMDM":null,"KCH":"10153121060"},{"KKDWDM":"071","XS":88,"BYBZ":"0","JSJC":2,"XXXQDM":"03","KXH":"27","KSJC":1,"XKZRS":138,"SKZC":"000000001000000000000000000000","SKJS":"毛树华","ISTK":0,"ZCMC":"9周","YPSJDD":"1-15周 星期三 第3节-第4节 余区南-航海楼-201,9周 星期日 第1节-第2节 余区南-航海楼-201,7-9周 星期五 第1节-第2节 余区南-航海楼-201,1-15周 星期二 第1节-第2节 余区南-航海楼-201,1-5周 星期五 第1节-第2节 余区南-航海楼-201,11-15周 星期五 第1节-第2节 余区南-航海楼-201","XF":5,"SKXQ":7,"XNXQDM":"2024-2025-2","KCM":"高等数学A下","JASDM":"0302010201","JXLDM":"030201","JXBID":"20242-06421","SKBJ":"航海2401-04","TYXMDM":null,"KCH":"10153121060"},{"KKDWDM":"072","XS":80,"BYBZ":"0","JSJC":2,"XXXQDM":"03","KXH":"07","KSJC":1,"XKZRS":126,"SKZC":"000000000011111110000000000000","SKJS":"胡又平","ISTK":0,"ZCMC":"11-17周","YPSJDD":"12-14周 星期一 第3节-第5节 余区南-航海楼-201,17周 星期二 第3节-第5节 余区南-航海楼-201,1-10周 星期一 第3节-第5节 余区南-航海楼-201,1-9周 星期四 第1节-第2节 余区南-航海楼-201,11-17周 星期四 第1节-第2节 余区南-航海楼-201,16-17周 星期一 第3节-第5节 余区南-航海楼-201","XF":5,"SKXQ":4,"XNXQDM":"2024-2025-2","KCM":"大学物理B","JASDM":"0302010201","JXLDM":"030201","JXBID":"20242-06304","SKBJ":"海工类2405-08","TYXMDM":null,"KCH":"10153113042"},{"KKDWDM":"071","XS":88,"BYBZ":"0","JSJC":4,"XXXQDM":"03","KXH":"18","KSJC":3,"XKZRS":127,"SKZC":"000000000011111000000000000000","SKJS":"胡复艳","ISTK":0,"ZCMC":"11-15周","YPSJDD":"1-5周 星期五 第3节-第4节 余区南-航海楼-201,1-15周 星期二 第3节-第4节 余区南-航海楼-201,1-15周 星期三 第1节-第2节 余区南-航海楼-201,7-9周 星期五 第3节-第4节 余区南-航海楼-201,11-15周 星期五 第3节-第4节 余区南-航海楼-201,9周 星期日 第3节-第4节 余区南-航海楼-201","XF":5,"SKXQ":5,"XNXQDM":"2024-2025-2","KCM":"高等数学A下","JASDM":"0302010201","JXLDM":"030201","JXBID":"20242-06375","SKBJ":"海工类2401-04","TYXMDM":null,"KCH":"10153121060"},{"KKDWDM":"071","XS":88,"BYBZ":"0","JSJC":2,"XXXQDM":"03","KXH":"27","KSJC":1,"XKZRS":138,"SKZC":"000000000011111000000000000000","SKJS":"毛树华","ISTK":0,"ZCMC":"11-15周","YPSJDD":"1-15周 星期三 第3节-第4节 余区南-航海楼-201,9周 星期日 第1节-第2节 余区南-航海楼-201,7-9周 星期五 第1节-第2节 余区南-航海楼-201,1-15周 星期二 第1节-第2节 余区南-航海楼-201,1-5周 星期五 第1节-第2节 余区南-航海楼-201,11-15周 星期五 第1节-第2节 余区南-航海楼-201","XF":5,"SKXQ":5,"XNXQDM":"2024-2025-2","KCM":"高等数学A下","JASDM":"0302010201","JXLDM":"030201","JXBID":"20242-06421","SKBJ":"航海2401-04","TYXMDM":null,"KCH":"10153121060"},{"KKDWDM":"021","XS":36,"BYBZ":"0","JSJC":8,"XXXQDM":"03","KXH":"28","KSJC":6,"XKZRS":59,"SKZC":"000000000011100000000000000000","SKJS":"王军","ISTK":0,"ZCMC":"11-13周","YPSJDD":"9周 星期日 第6节-第8节 余区南-航海楼-201,11-13周 星期五 第6节-第8节 余区南-航海楼-201,7-9周 星期五 第6节-第8节 余区南-航海楼-201,1-5周 星期五 第6节-第8节 余区南-航海楼-201","XF":2,"SKXQ":5,"XNXQDM":"2024-2025-2","KCM":"习近平新时代中国特色社会主义思想概论","JASDM":"0302010201","JXLDM":"030201","JXBID":"20242-12189","SKBJ":"航海2302-04","TYXMDM":null,"KCH":"10211121033"},{"KKDWDM":"032","XS":24,"BYBZ":"0","JSJC":12,"XXXQDM":"03","KXH":"01","KSJC":11,"XKZRS":74,"SKZC":"0000000000100000000000000","SKJS":"曾青松,蔡薇","ISTK":0,"ZCMC":"11周","YPSJDD":"1-9周 星期四 第11节-第12节 余区南-航海楼-201,11周 星期四 第11节-第12节 余区南-航海楼-201,12周 星期四 第11节-第13节 余区南-航海楼-201","XF":1,"SKXQ":4,"XNXQDM":"2024-2025-2","KCM":"帆船文化与技术(GX)","JASDM":"0302010201","JXLDM":"030201","JXBID":"20242-08963","SKBJ":"公选-08963","TYXMDM":null,"KCH":"10322121003"},{"KKDWDM":"059","XS":32,"BYBZ":"0","JSJC":12,"XXXQDM":"03","KXH":"02","KSJC":11,"XKZRS":137,"SKZC":"000000000010000000000000","SKJS":"汪文琪","ISTK":0,"ZCMC":"11周","YPSJDD":"11周 星期二 第11节-第12节 余区南-航海楼-201,1-10周 星期二 第11节-第13节 余区南-航海楼-201","XF":2,"SKXQ":2,"XNXQDM":"2024-2025-2","KCM":"信息检索(GX)","JASDM":"0302010201","JXLDM":"030201","JXBID":"20242-11072","SKBJ":"公选-11072","TYXMDM":null,"KCH":"10592121002"},{"KKDWDM":"038","XS":32,"BYBZ":"0","JSJC":2,"XXXQDM":"03","KXH":"35","KSJC":1,"XKZRS":140,"SKZC":"000000000001110000000000000000","SKJS":"卫泽","ISTK":0,"ZCMC":"12-14周","YPSJDD":"12-14周 星期一 第1节-第2节 余区南-航海楼-201,16-17周 星期一 第1节-第2节 余区南-航海楼-201,1-4周,6-10周 星期一 第1节-第2节 余区南-航海楼-201,17周 星期二 第1节-第2节 余区南-航海楼-201,12周 星期五 第11节-第12节 余区南-航海楼-201","XF":2,"SKXQ":1,"XNXQDM":"2024-2025-2","KCM":"军事理论","JASDM":"0302010201","JXLDM":"030201","JXBID":"20242-11893","SKBJ":"海工类2401-04","TYXMDM":null,"KCH":"10381121001"},{"KKDWDM":"072","XS":80,"BYBZ":"0","JSJC":5,"XXXQDM":"03","KXH":"07","KSJC":3,"XKZRS":126,"SKZC":"000000000001110000000000000000","SKJS":"胡又平","ISTK":0,"ZCMC":"12-14周","YPSJDD":"12-14周 星期一 第3节-第5节 余区南-航海楼-201,17周 星期二 第3节-第5节 余区南-航海楼-201,1-10周 星期一 第3节-第5节 余区南-航海楼-201,1-9周 星期四 第1节-第2节 余区南-航海楼-201,11-17周 星期四 第1节-第2节 余区南-航海楼-201,16-17周 星期一 第3节-第5节 余区南-航海楼-201","XF":5,"SKXQ":1,"XNXQDM":"2024-2025-2","KCM":"大学物理B","JASDM":"0302010201","JXLDM":"030201","JXBID":"20242-06304","SKBJ":"海工类2405-08","TYXMDM":null,"KCH":"10153113042"},{"KKDWDM":"038","XS":32,"BYBZ":"0","JSJC":7,"XXXQDM":"03","KXH":"22","KSJC":6,"XKZRS":103,"SKZC":"000000000001110000000000000000","SKJS":"郭善林","ISTK":0,"ZCMC":"12-14周","YPSJDD":"17周 星期二 第6节-第7节 余区南-航海楼-201,16-17周 星期一 第6节-第7节 余区南-航海楼-201,12-14周 星期一 第6节-第7节 余区南-航海楼-201,1-10周 星期一 第6节-第7节 余区南-航海楼-201","XF":2,"SKXQ":1,"XNXQDM":"2024-2025-2","KCM":"军事理论","JASDM":"0302010201","JXLDM":"030201","JXBID":"20242-06201","SKBJ":"导航2401-02,海事2401-02","TYXMDM":null,"KCH":"10381121001"},{"KKDWDM":"038","XS":32,"BYBZ":"0","JSJC":12,"XXXQDM":"03","KXH":"35","KSJC":11,"XKZRS":140,"SKZC":"000000000001000000000000000000","SKJS":"卫泽","ISTK":0,"ZCMC":"12周","YPSJDD":"12-14周 星期一 第1节-第2节 余区南-航海楼-201,16-17周 星期一 第1节-第2节 余区南-航海楼-201,1-4周,6-10周 星期一 第1节-第2节 余区南-航海楼-201,17周 星期二 第1节-第2节 余区南-航海楼-201,12周 星期五 第11节-第12节 余区南-航海楼-201","XF":2,"SKXQ":5,"XNXQDM":"2024-2025-2","KCM":"军事理论","JASDM":"0302010201","JXLDM":"030201","JXBID":"20242-11893","SKBJ":"海工类2401-04","TYXMDM":null,"KCH":"10381121001"},{"KKDWDM":"032","XS":24,"BYBZ":"0","JSJC":13,"XXXQDM":"03","KXH":"01","KSJC":11,"XKZRS":74,"SKZC":"0000000000010000000000000","SKJS":"曾青松,蔡薇","ISTK":0,"ZCMC":"12周","YPSJDD":"1-9周 星期四 第11节-第12节 余区南-航海楼-201,11周 星期四 第11节-第12节 余区南-航海楼-201,12周 星期四 第11节-第13节 余区南-航海楼-201","XF":1,"SKXQ":4,"XNXQDM":"2024-2025-2","KCM":"帆船文化与技术(GX)","JASDM":"0302010201","JXLDM":"030201","JXBID":"20242-08963","SKBJ":"公选-08963","TYXMDM":null,"KCH":"10322121003"},{"KKDWDM":"021","XS":8,"BYBZ":"0","JSJC":7,"XXXQDM":"03","KXH":"407","KSJC":6,"XKZRS":133,"SKZC":"0000000000001111000000000","SKJS":"杨成刚","ISTK":0,"ZCMC":"13-16周","YPSJDD":"13-16周 星期四 第6节-第7节 余区南-航海楼-201","XF":0,"SKXQ":4,"XNXQDM":"2024-2025-2","KCM":"形势与政策","JASDM":"0302010201","JXLDM":"030201","JXBID":"20242-06370","SKBJ":"航海2401-04","TYXMDM":null,"KCH":"10218121092"},{"KKDWDM":"021","XS":8,"BYBZ":"0","JSJC":10,"XXXQDM":"03","KXH":"664","KSJC":9,"XKZRS":132,"SKZC":"0000000000001111","SKJS":"黄薇","ISTK":0,"ZCMC":"13-16周","YPSJDD":"13-16周 星期四 第9节-第10节 余区南-航海楼-201","XF":0,"SKXQ":4,"XNXQDM":"2024-2025-2","KCM":"形势与政策","JASDM":"0302010201","JXLDM":"030201","JXBID":"20242-14255","SKBJ":null,"TYXMDM":null,"KCH":"10218121092"},{"KKDWDM":"071","XS":40,"BYBZ":"0","JSJC":4,"XXXQDM":"03","KXH":"11","KSJC":3,"XKZRS":136,"SKZC":"000000000000011000000000","SKJS":"徐天群","ISTK":0,"ZCMC":"14-15周","YPSJDD":"14-15周 星期四 第3节-第4节 余区南-航海楼-201,1-9周,11-13周 星期四 第3节-第5节 余区南-航海楼-201","XF":2,"SKXQ":4,"XNXQDM":"2024-2025-2","KCM":"线性代数","JASDM":"0302010201","JXLDM":"030201","JXBID":"20242-11762","SKBJ":"航海2401-04","TYXMDM":null,"KCH":"10153111001"},{"KKDWDM":"014","XS":40,"BYBZ":"0","JSJC":7,"XXXQDM":"03","KXH":"02","KSJC":6,"XKZRS":107,"SKZC":"000000000000001100000000","SKJS":"刘敬贤,刘钊","ISTK":0,"ZCMC":"15-16周","YPSJDD":"15-16周 星期二 第6节-第7节 余区南-航海楼-201,3-14周 星期二 第6节-第8节 余区南-航海楼-201","XF":2,"SKXQ":2,"XNXQDM":"2024-2025-2","KCM":"船舶防污染技术C","JASDM":"0302010201","JXLDM":"030201","JXBID":"20242-12428","SKBJ":"航海2302-07","TYXMDM":null,"KCH":"10145117024"},{"KKDWDM":"072","XS":80,"BYBZ":"0","JSJC":5,"XXXQDM":"03","KXH":"07","KSJC":3,"XKZRS":126,"SKZC":"000000000000000110000000000000","SKJS":"胡又平","ISTK":0,"ZCMC":"16-17周","YPSJDD":"12-14周 星期一 第3节-第5节 余区南-航海楼-201,17周 星期二 第3节-第5节 余区南-航海楼-201,1-10周 星期一 第3节-第5节 余区南-航海楼-201,1-9周 星期四 第1节-第2节 余区南-航海楼-201,11-17周 星期四 第1节-第2节 余区南-航海楼-201,16-17周 星期一 第3节-第5节 余区南-航海楼-201","XF":5,"SKXQ":1,"XNXQDM":"2024-2025-2","KCM":"大学物理B","JASDM":"0302010201","JXLDM":"030201","JXBID":"20242-06304","SKBJ":"海工类2405-08","TYXMDM":null,"KCH":"10153113042"},{"KKDWDM":"038","XS":32,"BYBZ":"0","JSJC":2,"XXXQDM":"03","KXH":"35","KSJC":1,"XKZRS":140,"SKZC":"000000000000000110000000000000","SKJS":"卫泽","ISTK":0,"ZCMC":"16-17周","YPSJDD":"12-14周 星期一 第1节-第2节 余区南-航海楼-201,16-17周 星期一 第1节-第2节 余区南-航海楼-201,1-4周,6-10周 星期一 第1节-第2节 余区南-航海楼-201,17周 星期二 第1节-第2节 余区南-航海楼-201,12周 星期五 第11节-第12节 余区南-航海楼-201","XF":2,"SKXQ":1,"XNXQDM":"2024-2025-2","KCM":"军事理论","JASDM":"0302010201","JXLDM":"030201","JXBID":"20242-11893","SKBJ":"海工类2401-04","TYXMDM":null,"KCH":"10381121001"},{"KKDWDM":"038","XS":32,"BYBZ":"0","JSJC":7,"XXXQDM":"03","KXH":"22","KSJC":6,"XKZRS":103,"SKZC":"000000000000000110000000000000","SKJS":"郭善林","ISTK":0,"ZCMC":"16-17周","YPSJDD":"17周 星期二 第6节-第7节 余区南-航海楼-201,16-17周 星期一 第6节-第7节 余区南-航海楼-201,12-14周 星期一 第6节-第7节 余区南-航海楼-201,1-10周 星期一 第6节-第7节 余区南-航海楼-201","XF":2,"SKXQ":1,"XNXQDM":"2024-2025-2","KCM":"军事理论","JASDM":"0302010201","JXLDM":"030201","JXBID":"20242-06201","SKBJ":"导航2401-02,海事2401-02","TYXMDM":null,"KCH":"10381121001"},{"KKDWDM":"038","XS":32,"BYBZ":"0","JSJC":7,"XXXQDM":"03","KXH":"22","KSJC":6,"XKZRS":103,"SKZC":"000000000000000010000000000000","SKJS":"郭善林","ISTK":0,"ZCMC":"17周","YPSJDD":"17周 星期二 第6节-第7节 余区南-航海楼-201,16-17周 星期一 第6节-第7节 余区南-航海楼-201,12-14周 星期一 第6节-第7节 余区南-航海楼-201,1-10周 星期一 第6节-第7节 余区南-航海楼-201","XF":2,"SKXQ":2,"XNXQDM":"2024-2025-2","KCM":"军事理论","JASDM":"0302010201","JXLDM":"030201","JXBID":"20242-06201","SKBJ":"导航2401-02,海事2401-02","TYXMDM":null,"KCH":"10381121001"},{"KKDWDM":"072","XS":80,"BYBZ":"0","JSJC":5,"XXXQDM":"03","KXH":"07","KSJC":3,"XKZRS":126,"SKZC":"000000000000000010000000000000","SKJS":"胡又平","ISTK":0,"ZCMC":"17周","YPSJDD":"12-14周 星期一 第3节-第5节 余区南-航海楼-201,17周 星期二 第3节-第5节 余区南-航海楼-201,1-10周 星期一 第3节-第5节 余区南-航海楼-201,1-9周 星期四 第1节-第2节 余区南-航海楼-201,11-17周 星期四 第1节-第2节 余区南-航海楼-201,16-17周 星期一 第3节-第5节 余区南-航海楼-201","XF":5,"SKXQ":2,"XNXQDM":"2024-2025-2","KCM":"大学物理B","JASDM":"0302010201","JXLDM":"030201","JXBID":"20242-06304","SKBJ":"海工类2405-08","TYXMDM":null,"KCH":"10153113042"},{"KKDWDM":"038","XS":32,"BYBZ":"0","JSJC":2,"XXXQDM":"03","KXH":"35","KSJC":1,"XKZRS":140,"SKZC":"000000000000000010000000000000","SKJS":"卫泽","ISTK":0,"ZCMC":"17周","YPSJDD":"12-14周 星期一 第1节-第2节 余区南-航海楼-201,16-17周 星期一 第1节-第2节 余区南-航海楼-201,1-4周,6-10周 星期一 第1节-第2节 余区南-航海楼-201,17周 星期二 第1节-第2节 余区南-航海楼-201,12周 星期五 第11节-第12节 余区南-航海楼-201","XF":2,"SKXQ":2,"XNXQDM":"2024-2025-2","KCM":"军事理论","JASDM":"0302010201","JXLDM":"030201","JXBID":"20242-11893","SKBJ":"海工类2401-04","TYXMDM":null,"KCH":"10381121001"}]}},"code":"0"}