{"datas":{"jaskcb":{"extParams":{"code":1,"msg":"查询成功"},"pageSize":0,"pageNumber":0,"totalSize":-1,"rows":[{"KKDWDM":"006","XS":32,"BYBZ":"0","JSJC":2,"XXXQDM":"03","KXH":"01","KSJC":1,"XKZRS":120,"SKZC":"111111111111111100000000","SKJS":"肖波,马丽","ISTK":0,"ZCMC":"1-16周","YPSJDD":"1-16周 星期三 第1节-第2节 余区南-航海楼-101","XF":2,"SKXQ":3,"XNXQDM":"2024-2025-2","KCM":"理论力学D","JASDM":"0302010101","JXLDM":"030201","JXBID":"20242-06327","SKBJ":"道桥2401-04","TYXMDM":null,"KCH":"10063124233"},{"KKDWDM":"038","XS":32,"BYBZ":"0","JSJC":10,"XXXQDM":"03","KXH":"39","KSJC":9,"XKZRS":139,"SKZC":"11111111111111110000","SKJS":"李松竹","ISTK":0,"ZCMC":"1-16周","YPSJDD":"1-16周 星期三 第9节-第10节 余区南-航海楼-101","XF":2,"SKXQ":3,"XNXQDM":"2024-2025-2","KCM":"军事理论","JASDM":"0302010101","JXLDM":"030201","JXBID":"20242-11897","SKBJ":"航海2401-04","TYXMDM":null,"KCH":"10381121001"},{"KKDWDM":"071","XS":88,"BYBZ":"0","JSJC":2,"XXXQDM":"03","KXH":"19","KSJC":1,"XKZRS":132,"SKZC":"111111111111111000000000000000","SKJS":"石雨","ISTK":0,"ZCMC":"1-15周","YPSJDD":"1-10周 星期一 第3节-第4节 余区南-航海楼-101,11-15周 星期四 第3节-第4节 余区南-航海楼-101,1-9周 星期四 第3节-第4节 余区南-航海楼-101,12-14周 星期一 第3节-第4节 余区南-航海楼-101,16-17周 星期一 第3节-第4节 余区南-航海楼-101,1-15周 星期二 第1节-第2节 余区南-航海楼-101","XF":5,"SKXQ":2,"XNXQDM":"2024-2025-2","KCM":"高等数学A下","JASDM":"0302010101","JXLDM":"030201","JXBID":"20242-06376","SKBJ":"道桥2401-04","TYXMDM":null,"KCH":"10153121060"},{"KKDWDM":"071","XS":88,"BYBZ":"0","JSJC":4,"XXXQDM":"03","KXH":"28","KSJC":3,"XKZRS":134,"SKZC":"111111111111111000000000000000","SKJS":"樊庆菊","ISTK":0,"ZCMC":"1-15周","YPSJDD":"9周 星期日 第1节-第2节 余区南-航海楼-101,12-14周 星期一 第1节-第2节 余区南-航海楼-101,1-10周 星期一 第1节-第2节 余区南-航海楼-101,11-15周 星期五 第1节-第2节 余区南-航海楼-101,7-9周 星期五 第1节-第2节 余区南-航海楼-101,16-17周 星期一 第1节-第2节 余区南-航海楼-101,1-5周 星期五 第1节-第2节 余区南-航海楼-101,1-15周 星期三 第3节-第4节 余区南-航海楼-101","XF":5,"SKXQ":3,"XNXQDM":"2024-2025-2","KCM":"高等数学A下","JASDM":"0302010101","JXLDM":"030201","JXBID":"20242-06457","SKBJ":"交通zs2401,交通类2405-07","TYXMDM":null,"KCH":"10153121060"},{"KKDWDM":"071","XS":40,"BYBZ":"0","JSJC":8,"XXXQDM":"03","KXH":"39","KSJC":6,"XKZRS":102,"SKZC":"111111111111000000000000","SKJS":"赵尚睿","ISTK":0,"ZCMC":"1-12周","YPSJDD":"13-14周 星期二 第6节-第7节 余区南-航海楼-101,1-12周 星期二 第6节-第8节 余区南-航海楼-101","XF":2,"SKXQ":2,"XNXQDM":"2024-2025-2","KCM":"线性代数","JASDM":"0302010101","JXLDM":"030201","JXBID":"20242-11763","SKBJ":"交通zs2401,导航2401-02","TYXMDM":null,"KCH":"10153111001"},{"KKDWDM":"071","XS":40,"BYBZ":"0","JSJC":5,"XXXQDM":"03","KXH":"03","KSJC":3,"XKZRS":122,"SKZC":"111111111111000000000000","SKJS":"赵尚睿","ISTK":0,"ZCMC":"1-12周","YPSJDD":"13-14周 星期二 第3节-第4节 余区南-航海楼-101,1-12周 星期二 第3节-第5节 余区南-航海楼-101","XF":2,"SKXQ":2,"XNXQDM":"2024-2025-2","KCM":"线性代数","JASDM":"0302010101","JXLDM":"030201","JXBID":"20242-11760","SKBJ":"交通类2401-04","TYXMDM":null,"KCH":"10153111001"},{"KKDWDM":"071","XS":40,"BYBZ":"0","JSJC":8,"XXXQDM":"03","KXH":"02","KSJC":6,"XKZRS":135,"SKZC":"111111111111000000000000","SKJS":"樊庆菊","ISTK":0,"ZCMC":"1-12周","YPSJDD":"13-14周 星期三 第6节-第7节 余区南-航海楼-101,1-12周 星期三 第6节-第8节 余区南-航海楼-101","XF":2,"SKXQ":3,"XNXQDM":"2024-2025-2","KCM":"线性代数","JASDM":"0302010101","JXLDM":"030201","JXBID":"20242-11761","SKBJ":"机设2401-04","TYXMDM":null,"KCH":"10153111001"},{"KKDWDM":"071","XS":88,"BYBZ":"0","JSJC":4,"XXXQDM":"03","KXH":"19","KSJC":3,"XKZRS":132,"SKZC":"111111111100000000000000000000","SKJS":"石雨","ISTK":0,"ZCMC":"1-10周","YPSJDD":"1-10周 星期一 第3节-第4节 余区南-航海楼-101,11-15周 星期四 第3节-第4节 余区南-航海楼-101,1-9周 星期四 第3节-第4节 余区南-航海楼-101,12-14周 星期一 第3节-第4节 余区南-航海楼-101,16-17周 星期一 第3节-第4节 余区南-航海楼-101,1-15周 星期二 第1节-第2节 余区南-航海楼-101","XF":5,"SKXQ":1,"XNXQDM":"2024-2025-2","KCM":"高等数学A下","JASDM":"0302010101","JXLDM":"030201","JXBID":"20242-06376","SKBJ":"道桥2401-04","TYXMDM":null,"KCH":"10153121060"},{"KKDWDM":"071","XS":88,"BYBZ":"0","JSJC":2,"XXXQDM":"03","KXH":"28","KSJC":1,"XKZRS":134,"SKZC":"111111111100000000000000000000","SKJS":"樊庆菊","ISTK":0,"ZCMC":"1-10周","YPSJDD":"9周 星期日 第1节-第2节 余区南-航海楼-101,12-14周 星期一 第1节-第2节 余区南-航海楼-101,1-10周 星期一 第1节-第2节 余区南-航海楼-101,11-15周 星期五 第1节-第2节 余区南-航海楼-101,7-9周 星期五 第1节-第2节 余区南-航海楼-101,16-17周 星期一 第1节-第2节 余区南-航海楼-101,1-5周 星期五 第1节-第2节 余区南-航海楼-101,1-15周 星期三 第3节-第4节 余区南-航海楼-101","XF":5,"SKXQ":1,"XNXQDM":"2024-2025-2","KCM":"高等数学A下","JASDM":"0302010101","JXLDM":"030201","JXBID":"20242-06457","SKBJ":"交通zs2401,交通类2405-07","TYXMDM":null,"KCH":"10153121060"},{"KKDWDM":"012","XS":32,"BYBZ":"0","JSJC":7,"XXXQDM":"03","KXH":"19","KSJC":6,"XKZRS":65,"SKZC":"111111111100000000000000000000","SKJS":"黄靖","ISTK":0,"ZCMC":"1-10周","YPSJDD":"12-14周 星期一 第6节-第7节 余区南-航海楼-101,1-10周 星期一 第6节-第7节 余区南-航海楼-101,16-17周 星期一 第6节-第7节 余区南-航海楼-101,17周 星期二 第6节-第7节 余区南-航海楼-101","XF":2,"SKXQ":1,"XNXQDM":"2024-2025-2","KCM":"Python程序设计基础A","JASDM":"0302010101","JXLDM":"030201","JXBID":"20242-11889","SKBJ":"交通类2401-02","TYXMDM":null,"KCH":"10121121086"},{"KKDWDM":"006","XS":32,"BYBZ":"0","JSJC":13,"XXXQDM":"03","KXH":"01","KSJC":11,"XKZRS":130,"SKZC":"111111111100000000000000","SKJS":"宋召军","ISTK":0,"ZCMC":"1-10周","YPSJDD":"11周 星期二 第11节-第12节 余区南-航海楼-101,1-10周 星期二 第11节-第13节 余区南-航海楼-101","XF":2,"SKXQ":2,"XNXQDM":"2024-2025-2","KCM":"深度学习及智能优化算法(JD)","JASDM":"0302010101","JXLDM":"030201","JXBID":"20242-07300","SKBJ":"公选-07300","TYXMDM":null,"KCH":"10066121123"},{"KKDWDM":"006","XS":32,"BYBZ":"0","JSJC":13,"XXXQDM":"03","KXH":"01","KSJC":11,"XKZRS":140,"SKZC":"111111111100000000000000","SKJS":"李廷秋,金秋","ISTK":0,"ZCMC":"1-10周","YPSJDD":"12周 星期一 第11节-第12节 余区南-航海楼-101,1-10周 星期一 第11节-第13节 余区南-航海楼-101","XF":2,"SKXQ":1,"XNXQDM":"2024-2025-2","KCM":"偷师大自然-智能与仿生力学(JD)","JASDM":"0302010101","JXLDM":"030201","JXBID":"20242-07352","SKBJ":"公选-07352","TYXMDM":null,"KCH":"10066124172"},{"KKDWDM":"006","XS":32,"BYBZ":"0","JSJC":13,"XXXQDM":"03","KXH":"01","KSJC":11,"XKZRS":140,"SKZC":"111111111010000000000000","SKJS":"吴浩,宋召军,张启凡,徐双喜,董早鹏","ISTK":0,"ZCMC":"1-9周,11周","YPSJDD":"12周 星期四 第11节-第12节 余区南-航海楼-101,1-9周,11周 星期四 第11节-第13节 余区南-航海楼-101","XF":2,"SKXQ":4,"XNXQDM":"2024-2025-2","KCM":"水下载人潜器设计原理与智能控制(JD)","JASDM":"0302010101","JXLDM":"030201","JXBID":"20242-11449","SKBJ":"公选-11449","TYXMDM":null,"KCH":"10066121139"},{"KKDWDM":"071","XS":88,"BYBZ":"0","JSJC":4,"XXXQDM":"03","KXH":"19","KSJC":3,"XKZRS":132,"SKZC":"111111111000000000000000000000","SKJS":"石雨","ISTK":0,"ZCMC":"1-9周","YPSJDD":"1-10周 星期一 第3节-第4节 余区南-航海楼-101,11-15周 星期四 第3节-第4节 余区南-航海楼-101,1-9周 星期四 第3节-第4节 余区南-航海楼-101,12-14周 星期一 第3节-第4节 余区南-航海楼-101,16-17周 星期一 第3节-第4节 余区南-航海楼-101,1-15周 星期二 第1节-第2节 余区南-航海楼-101","XF":5,"SKXQ":4,"XNXQDM":"2024-2025-2","KCM":"高等数学A下","JASDM":"0302010101","JXLDM":"030201","JXBID":"20242-06376","SKBJ":"道桥2401-04","TYXMDM":null,"KCH":"10153121060"},{"KKDWDM":"005","XS":32,"BYBZ":"0","JSJC":2,"XXXQDM":"03","KXH":"01","KSJC":1,"XKZRS":95,"SKZC":"111111111000000000000000000000","SKJS":"刘芳,李耘宇","ISTK":0,"ZCMC":"1-9周","YPSJDD":"11-17周 星期四 第1节-第2节 余区南-航海楼-101,1-9周 星期四 第1节-第2节 余区南-航海楼-101","XF":2,"SKXQ":4,"XNXQDM":"2024-2025-2","KCM":"工程力学C","JASDM":"0302010101","JXLDM":"030201","JXBID":"20242-06226","SKBJ":"交通类2405-07","TYXMDM":null,"KCH":"10053124337"},{"KKDWDM":"006","XS":32,"BYBZ":"0","JSJC":13,"XXXQDM":"03","KXH":"01","KSJC":11,"XKZRS":35,"SKZC":"111111110000000000000000","SKJS":"尚前明,高海波","ISTK":0,"ZCMC":"1-8周","YPSJDD":"9-10周 星期三 第11节-第12节 余区南-航海楼-101,1-8周 星期三 第11节-第13节 余区南-航海楼-101","XF":2,"SKXQ":3,"XNXQDM":"2024-2025-2","KCM":"船舶电力系统及推进技术","JASDM":"0302010101","JXLDM":"030201","JXBID":"20242-07296","SKBJ":"公选-07296","TYXMDM":null,"KCH":"10066121117"},{"KKDWDM":"021","XS":48,"BYBZ":"0","JSJC":8,"XXXQDM":"03","KXH":"19","KSJC":6,"XKZRS":129,"SKZC":"111110000000000000000000000000","SKJS":"黄荣华","ISTK":0,"ZCMC":"1-5周","YPSJDD":"1-5周 星期五 第6节-第8节 余区南-航海楼-101,11-15周 星期五 第6节-第8节 余区南-航海楼-101,7-9周 星期五 第6节-第8节 余区南-航海楼-101,9周 星期日 第6节-第8节 余区南-航海楼-101","XF":3,"SKXQ":5,"XNXQDM":"2024-2025-2","KCM":"中国近现代史纲要","JASDM":"0302010101","JXLDM":"030201","JXBID":"20242-11880","SKBJ":"船舶xs2401,轮机2404-06","TYXMDM":null,"KCH":"10211124005"},{"KKDWDM":"071","XS":88,"BYBZ":"0","JSJC":2,"XXXQDM":"03","KXH":"28","KSJC":1,"XKZRS":134,"SKZC":"111110000000000000000000000000","SKJS":"樊庆菊","ISTK":0,"ZCMC":"1-5周","YPSJDD":"9周 星期日 第1节-第2节 余区南-航海楼-101,12-14周 星期一 第1节-第2节 余区南-航海楼-101,1-10周 星期一 第1节-第2节 余区南-航海楼-101,11-15周 星期五 第1节-第2节 余区南-航海楼-101,7-9周 星期五 第1节-第2节 余区南-航海楼-101,16-17周 星期一 第1节-第2节 余区南-航海楼-101,1-5周 星期五 第1节-第2节 余区南-航海楼-101,1-15周 星期三 第3节-第4节 余区南-航海楼-101","XF":5,"SKXQ":5,"XNXQDM":"2024-2025-2","KCM":"高等数学A下","JASDM":"0302010101","JXLDM":"030201","JXBID":"20242-06457","SKBJ":"交通zs2401,交通类2405-07","TYXMDM":null,"KCH":"10153121060"},{"KKDWDM":"021","XS":48,"BYBZ":"0","JSJC":5,"XXXQDM":"03","KXH":"15","KSJC":3,"XKZRS":109,"SKZC":"111110000000000000000000000000","SKJS":"许瑶","ISTK":0,"ZCMC":"1-5周","YPSJDD":"11-15周 星期五 第3节-第5节 余区南-航海楼-101,9周 星期日 第3节-第5节 余区南-航海楼-101,7-9周 星期五 第3节-第5节 余区南-航海楼-101,1-5周 星期五 第3节-第5节 余区南-航海楼-101","XF":3,"SKXQ":5,"XNXQDM":"2024-2025-2","KCM":"思想道德与法治","JASDM":"0302010101","JXLDM":"030201","JXBID":"20242-11841","SKBJ":"机设2401-03","TYXMDM":null,"KCH":"10211124001"},{"KKDWDM":"021","XS":8,"BYBZ":"0","JSJC":7,"XXXQDM":"03","KXH":"165","KSJC":6,"XKZRS":101,"SKZC":"0001111000000000000000000","SKJS":"黄薇","ISTK":0,"ZCMC":"4-7周","YPSJDD":"4-7周 星期四 第6节-第7节 余区南-航海楼-101","XF":0,"SKXQ":4,"XNXQDM":"2024-2025-2","KCM":"形势与政策","JASDM":"0302010101","JXLDM":"030201","JXBID":"20242-06786","SKBJ":"能动2405,船舶xs2401,轮机2409","TYXMDM":null,"KCH":"10218121092"},{"KKDWDM":"021","XS":8,"BYBZ":"0","JSJC":10,"XXXQDM":"03","KXH":"641","KSJC":9,"XKZRS":140,"SKZC":"0001111","SKJS":"邓文","ISTK":0,"ZCMC":"4-7周","YPSJDD":"4-7周 星期四 第9节-第10节 余区南-航海楼-101","XF":0,"SKXQ":4,"XNXQDM":"2024-2025-2","KCM":"形势与政策","JASDM":"0302010101","JXLDM":"030201","JXBID":"20242-14232","SKBJ":null,"TYXMDM":null,"KCH":"10218121092"},{"KKDWDM":"071","XS":88,"BYBZ":"0","JSJC":2,"XXXQDM":"03","KXH":"28","KSJC":1,"XKZRS":134,"SKZC":"000000111000000000000000000000","SKJS":"樊庆菊","ISTK":0,"ZCMC":"7-9周","YPSJDD":"9周 星期日 第1节-第2节 余区南-航海楼-101,12-14周 星期一 第1节-第2节 余区南-航海楼-101,1-10周 星期一 第1节-第2节 余区南-航海楼-101,11-15周 星期五 第1节-第2节 余区南-航海楼-101,7-9周 星期五 第1节-第2节 余区南-航海楼-101,16-17周 星期一 第1节-第2节 余区南-航海楼-101,1-5周 星期五 第1节-第2节 余区南-航海楼-101,1-15周 星期三 第3节-第4节 余区南-航海楼-101","XF":5,"SKXQ":5,"XNXQDM":"2024-2025-2","KCM":"高等数学A下","JASDM":"0302010101","JXLDM":"030201","JXBID":"20242-06457","SKBJ":"交通zs2401,交通类2405-07","TYXMDM":null,"KCH":"10153121060"},{"KKDWDM":"021","XS":48,"BYBZ":"0","JSJC":8,"XXXQDM":"03","KXH":"19","KSJC":6,"XKZRS":129,"SKZC":"000000111000000000000000000000","SKJS":"黄荣华","ISTK":0,"ZCMC":"7-9周","YPSJDD":"1-5周 星期五 第6节-第8节 余区南-航海楼-101,11-15周 星期五 第6节-第8节 余区南-航海楼-101,7-9周 星期五 第6节-第8节 余区南-航海楼-101,9周 星期日 第6节-第8节 余区南-航海楼-101","XF":3,"SKXQ":5,"XNXQDM":"2024-2025-2","KCM":"中国近现代史纲要","JASDM":"0302010101","JXLDM":"030201","JXBID":"20242-11880","SKBJ":"船舶xs2401,轮机2404-06","TYXMDM":null,"KCH":"10211124005"},{"KKDWDM":"021","XS":48,"BYBZ":"0","JSJC":5,"XXXQDM":"03","KXH":"15","KSJC":3,"XKZRS":109,"SKZC":"000000111000000000000000000000","SKJS":"许瑶","ISTK":0,"ZCMC":"7-9周","YPSJDD":"11-15周 星期五 第3节-第5节 余区南-航海楼-101,9周 星期日 第3节-第5节 余区南-航海楼-101,7-9周 星期五 第3节-第5节 余区南-航海楼-101,1-5周 星期五 第3节-第5节 余区南-航海楼-101","XF":3,"SKXQ":5,"XNXQDM":"2024-2025-2","KCM":"思想道德与法治","JASDM":"0302010101","JXLDM":"030201","JXBID":"20242-11841","SKBJ":"机设2401-03","TYXMDM":null,"KCH":"10211124001"},{"KKDWDM":"021","XS":8,"BYBZ":"0","JSJC":7,"XXXQDM":"03","KXH":"191","KSJC":6,"XKZRS":116,"SKZC":"0000000110110000000000000","SKJS":"开赛尔江·艾尔肯","ISTK":0,"ZCMC":"8-9周,11-12周","YPSJDD":"8-9周,11-12周 星期四 第6节-第7节 余区南-航海楼-101","XF":0,"SKXQ":4,"XNXQDM":"2024-2025-2","KCM":"形势与政策","JASDM":"0302010101","JXLDM":"030201","JXBID":"20242-13873","SKBJ":"导航2401-02,机设2406-07","TYXMDM":null,"KCH":"10218121092"},{"KKDWDM":"021","XS":8,"BYBZ":"0","JSJC":10,"XXXQDM":"03","KXH":"649","KSJC":9,"XKZRS":138,"SKZC":"000000011011000000000000","SKJS":"邓文","ISTK":0,"ZCMC":"8-9周,11-12周","YPSJDD":"8-9周,11-12周 星期四 第9节-第10节 余区南-航海楼-101","XF":0,"SKXQ":4,"XNXQDM":"2024-2025-2","KCM":"形势与政策","JASDM":"0302010101","JXLDM":"030201","JXBID":"20242-14240","SKBJ":null,"TYXMDM":null,"KCH":"10218121092"},{"KKDWDM":"006","XS":32,"BYBZ":"0","JSJC":12,"XXXQDM":"03","KXH":"01","KSJC":11,"XKZRS":35,"SKZC":"000000001100000000000000","SKJS":"尚前明,高海波","ISTK":0,"ZCMC":"9-10周","YPSJDD":"9-10周 星期三 第11节-第12节 余区南-航海楼-101,1-8周 星期三 第11节-第13节 余区南-航海楼-101","XF":2,"SKXQ":3,"XNXQDM":"2024-2025-2","KCM":"船舶电力系统及推进技术","JASDM":"0302010101","JXLDM":"030201","JXBID":"20242-07296","SKBJ":"公选-07296","TYXMDM":null,"KCH":"10066121117"},{"KKDWDM":"071","XS":88,"BYBZ":"0","JSJC":2,"XXXQDM":"03","KXH":"28","KSJC":1,"XKZRS":134,"SKZC":"000000001000000000000000000000","SKJS":"樊庆菊","ISTK":0,"ZCMC":"9周","YPSJDD":"9周 星期日 第1节-第2节 余区南-航海楼-101,12-14周 星期一 第1节-第2节 余区南-航海楼-101,1-10周 星期一 第1节-第2节 余区南-航海楼-101,11-15周 星期五 第1节-第2节 余区南-航海楼-101,7-9周 星期五 第1节-第2节 余区南-航海楼-101,16-17周 星期一 第1节-第2节 余区南-航海楼-101,1-5周 星期五 第1节-第2节 余区南-航海楼-101,1-15周 星期三 第3节-第4节 余区南-航海楼-101","XF":5,"SKXQ":7,"XNXQDM":"2024-2025-2","KCM":"高等数学A下","JASDM":"0302010101","JXLDM":"030201","JXBID":"20242-06457","SKBJ":"交通zs2401,交通类2405-07","TYXMDM":null,"KCH":"10153121060"},{"KKDWDM":"021","XS":48,"BYBZ":"0","JSJC":5,"XXXQDM":"03","KXH":"15","KSJC":3,"XKZRS":109,"SKZC":"000000001000000000000000000000","SKJS":"许瑶","ISTK":0,"ZCMC":"9周","YPSJDD":"11-15周 星期五 第3节-第5节 余区南-航海楼-101,9周 星期日 第3节-第5节 余区南-航海楼-101,7-9周 星期五 第3节-第5节 余区南-航海楼-101,1-5周 星期五 第3节-第5节 余区南-航海楼-101","XF":3,"SKXQ":7,"XNXQDM":"2024-2025-2","KCM":"思想道德与法治","JASDM":"0302010101","JXLDM":"030201","JXBID":"20242-11841","SKBJ":"机设2401-03","TYXMDM":null,"KCH":"10211124001"},{"KKDWDM":"021","XS":48,"BYBZ":"0","JSJC":8,"XXXQDM":"03","KXH":"19","KSJC":6,"XKZRS":129,"SKZC":"000000001000000000000000000000","SKJS":"黄荣华","ISTK":0,"ZCMC":"9周","YPSJDD":"1-5周 星期五 第6节-第8节 余区南-航海楼-101,11-15周 星期五 第6节-第8节 余区南-航海楼-101,7-9周 星期五 第6节-第8节 余区南-航海楼-101,9周 星期日 第6节-第8节 余区南-航海楼-101","XF":3,"SKXQ":7,"XNXQDM":"2024-2025-2","KCM":"中国近现代史纲要","JASDM":"0302010101","JXLDM":"030201","JXBID":"20242-11880","SKBJ":"船舶xs2401,轮机2404-06","TYXMDM":null,"KCH":"10211124005"},{"KKDWDM":"005","XS":32,"BYBZ":"0","JSJC":2,"XXXQDM":"03","KXH":"01","KSJC":1,"XKZRS":95,"SKZC":"000000000011111110000000000000","SKJS":"刘芳,李耘宇","ISTK":0,"ZCMC":"11-17周","YPSJDD":"11-17周 星期四 第1节-第2节 余区南-航海楼-101,1-9周 星期四 第1节-第2节 余区南-航海楼-101","XF":2,"SKXQ":4,"XNXQDM":"2024-2025-2","KCM":"工程力学C","JASDM":"0302010101","JXLDM":"030201","JXBID":"20242-06226","SKBJ":"交通类2405-07","TYXMDM":null,"KCH":"10053124337"},{"KKDWDM":"021","XS":48,"BYBZ":"0","JSJC":8,"XXXQDM":"03","KXH":"19","KSJC":6,"XKZRS":129,"SKZC":"000000000011111000000000000000","SKJS":"黄荣华","ISTK":0,"ZCMC":"11-15周","YPSJDD":"1-5周 星期五 第6节-第8节 余区南-航海楼-101,11-15周 星期五 第6节-第8节 余区南-航海楼-101,7-9周 星期五 第6节-第8节 余区南-航海楼-101,9周 星期日 第6节-第8节 余区南-航海楼-101","XF":3,"SKXQ":5,"XNXQDM":"2024-2025-2","KCM":"中国近现代史纲要","JASDM":"0302010101","JXLDM":"030201","JXBID":"20242-11880","SKBJ":"船舶xs2401,轮机2404-06","TYXMDM":null,"KCH":"10211124005"},{"KKDWDM":"071","XS":88,"BYBZ":"0","JSJC":4,"XXXQDM":"03","KXH":"19","KSJC":3,"XKZRS":132,"SKZC":"000000000011111000000000000000","SKJS":"石雨","ISTK":0,"ZCMC":"11-15周","YPSJDD":"1-10周 星期一 第3节-第4节 余区南-航海楼-101,11-15周 星期四 第3节-第4节 余区南-航海楼-101,1-9周 星期四 第3节-第4节 余区南-航海楼-101,12-14周 星期一 第3节-第4节 余区南-航海楼-101,16-17周 星期一 第3节-第4节 余区南-航海楼-101,1-15周 星期二 第1节-第2节 余区南-航海楼-101","XF":5,"SKXQ":4,"XNXQDM":"2024-2025-2","KCM":"高等数学A下","JASDM":"0302010101","JXLDM":"030201","JXBID":"20242-06376","SKBJ":"道桥2401-04","TYXMDM":null,"KCH":"10153121060"},{"KKDWDM":"071","XS":88,"BYBZ":"0","JSJC":2,"XXXQDM":"03","KXH":"28","KSJC":1,"XKZRS":134,"SKZC":"000000000011111000000000000000","SKJS":"樊庆菊","ISTK":0,"ZCMC":"11-15周","YPSJDD":"9周 星期日 第1节-第2节 余区南-航海楼-101,12-14周 星期一 第1节-第2节 余区南-航海楼-101,1-10周 星期一 第1节-第2节 余区南-航海楼-101,11-15周 星期五 第1节-第2节 余区南-航海楼-101,7-9周 星期五 第1节-第2节 余区南-航海楼-101,16-17周 星期一 第1节-第2节 余区南-航海楼-101,1-5周 星期五 第1节-第2节 余区南-航海楼-101,1-15周 星期三 第3节-第4节 余区南-航海楼-101","XF":5,"SKXQ":5,"XNXQDM":"2024-2025-2","KCM":"高等数学A下","JASDM":"0302010101","JXLDM":"030201","JXBID":"20242-06457","SKBJ":"交通zs2401,交通类2405-07","TYXMDM":null,"KCH":"10153121060"},{"KKDWDM":"021","XS":48,"BYBZ":"0","JSJC":5,"XXXQDM":"03","KXH":"15","KSJC":3,"XKZRS":109,"SKZC":"000000000011111000000000000000","SKJS":"许瑶","ISTK":0,"ZCMC":"11-15周","YPSJDD":"11-15周 星期五 第3节-第5节 余区南-航海楼-101,9周 星期日 第3节-第5节 余区南-航海楼-101,7-9周 星期五 第3节-第5节 余区南-航海楼-101,1-5周 星期五 第3节-第5节 余区南-航海楼-101","XF":3,"SKXQ":5,"XNXQDM":"2024-2025-2","KCM":"思想道德与法治","JASDM":"0302010101","JXLDM":"030201","JXBID":"20242-11841","SKBJ":"机设2401-03","TYXMDM":null,"KCH":"10211124001"},{"KKDWDM":"006","XS":32,"BYBZ":"0","JSJC":12,"XXXQDM":"03","KXH":"01","KSJC":11,"XKZRS":130,"SKZC":"000000000010000000000000","SKJS":"宋召军","ISTK":0,"ZCMC":"11周","YPSJDD":"11周 星期二 第11节-第12节 余区南-航海楼-101,1-10周 星期二 第11节-第13节 余区南-航海楼-101","XF":2,"SKXQ":2,"XNXQDM":"2024-2025-2","KCM":"深度学习及智能优化算法(JD)","JASDM":"0302010101","JXLDM":"030201","JXBID":"20242-07300","SKBJ":"公选-07300","TYXMDM":null,"KCH":"10066121123"},{"KKDWDM":"071","XS":88,"BYBZ":"0","JSJC":2,"XXXQDM":"03","KXH":"28","KSJC":1,"XKZRS":134,"SKZC":"000000000001110000000000000000","SKJS":"樊庆菊","ISTK":0,"ZCMC":"12-14周","YPSJDD":"9周 星期日 第1节-第2节 余区南-航海楼-101,12-14周 星期一 第1节-第2节 余区南-航海楼-101,1-10周 星期一 第1节-第2节 余区南-航海楼-101,11-15周 星期五 第1节-第2节 余区南-航海楼-101,7-9周 星期五 第1节-第2节 余区南-航海楼-101,16-17周 星期一 第1节-第2节 余区南-航海楼-101,1-5周 星期五 第1节-第2节 余区南-航海楼-101,1-15周 星期三 第3节-第4节 余区南-航海楼-101","XF":5,"SKXQ":1,"XNXQDM":"2024-2025-2","KCM":"高等数学A下","JASDM":"0302010101","JXLDM":"030201","JXBID":"20242-06457","SKBJ":"交通zs2401,交通类2405-07","TYXMDM":null,"KCH":"10153121060"},{"KKDWDM":"071","XS":88,"BYBZ":"0","JSJC":4,"XXXQDM":"03","KXH":"19","KSJC":3,"XKZRS":132,"SKZC":"000000000001110000000000000000","SKJS":"石雨","ISTK":0,"ZCMC":"12-14周","YPSJDD":"1-10周 星期一 第3节-第4节 余区南-航海楼-101,11-15周 星期四 第3节-第4节 余区南-航海楼-101,1-9周 星期四 第3节-第4节 余区南-航海楼-101,12-14周 星期一 第3节-第4节 余区南-航海楼-101,16-17周 星期一 第3节-第4节 余区南-航海楼-101,1-15周 星期二 第1节-第2节 余区南-航海楼-101","XF":5,"SKXQ":1,"XNXQDM":"2024-2025-2","KCM":"高等数学A下","JASDM":"0302010101","JXLDM":"030201","JXBID":"20242-06376","SKBJ":"道桥2401-04","TYXMDM":null,"KCH":"10153121060"},{"KKDWDM":"012","XS":32,"BYBZ":"0","JSJC":7,"XXXQDM":"03","KXH":"19","KSJC":6,"XKZRS":65,"SKZC":"000000000001110000000000000000","SKJS":"黄靖","ISTK":0,"ZCMC":"12-14周","YPSJDD":"12-14周 星期一 第6节-第7节 余区南-航海楼-101,1-10周 星期一 第6节-第7节 余区南-航海楼-101,16-17周 星期一 第6节-第7节 余区南-航海楼-101,17周 星期二 第6节-第7节 余区南-航海楼-101","XF":2,"SKXQ":1,"XNXQDM":"2024-2025-2","KCM":"Python程序设计基础A","JASDM":"0302010101","JXLDM":"030201","JXBID":"20242-11889","SKBJ":"交通类2401-02","TYXMDM":null,"KCH":"10121121086"},{"KKDWDM":"006","XS":32,"BYBZ":"0","JSJC":12,"XXXQDM":"03","KXH":"01","KSJC":11,"XKZRS":140,"SKZC":"000000000001000000000000","SKJS":"李廷秋,金秋","ISTK":0,"ZCMC":"12周","YPSJDD":"12周 星期一 第11节-第12节 余区南-航海楼-101,1-10周 星期一 第11节-第13节 余区南-航海楼-101","XF":2,"SKXQ":1,"XNXQDM":"2024-2025-2","KCM":"偷师大自然-智能与仿生力学(JD)","JASDM":"0302010101","JXLDM":"030201","JXBID":"20242-07352","SKBJ":"公选-07352","TYXMDM":null,"KCH":"10066124172"},{"KKDWDM":"006","XS":32,"BYBZ":"0","JSJC":12,"XXXQDM":"03","KXH":"01","KSJC":11,"XKZRS":140,"SKZC":"000000000001000000000000","SKJS":"吴浩,宋召军,张启凡,徐双喜,董早鹏","ISTK":0,"ZCMC":"12周","YPSJDD":"12周 星期四 第11节-第12节 余区南-航海楼-101,1-9周,11周 星期四 第11节-第13节 余区南-航海楼-101","XF":2,"SKXQ":4,"XNXQDM":"2024-2025-2","KCM":"水下载人潜器设计原理与智能控制(JD)","JASDM":"0302010101","JXLDM":"030201","JXBID":"20242-11449","SKBJ":"公选-11449","TYXMDM":null,"KCH":"10066121139"},{"KKDWDM":"021","XS":8,"BYBZ":"0","JSJC":10,"XXXQDM":"03","KXH":"661","KSJC":9,"XKZRS":126,"SKZC":"0000000000001111","SKJS":"吴冬","ISTK":0,"ZCMC":"13-16周","YPSJDD":"13-16周 星期四 第9节-第10节 余区南-航海楼-101","XF":0,"SKXQ":4,"XNXQDM":"2024-2025-2","KCM":"形势与政策","JASDM":"0302010101","JXLDM":"030201","JXBID":"20242-14252","SKBJ":null,"TYXMDM":null,"KCH":"10218121092"},{"KKDWDM":"021","XS":8,"BYBZ":"0","JSJC":7,"XXXQDM":"03","KXH":"655","KSJC":6,"XKZRS":135,"SKZC":"0000000000001111","SKJS":"邓文","ISTK":0,"ZCMC":"13-16周","YPSJDD":"13-16周 星期四 第6节-第7节 余区南-航海楼-101","XF":0,"SKXQ":4,"XNXQDM":"2024-2025-2","KCM":"形势与政策","JASDM":"0302010101","JXLDM":"030201","JXBID":"20242-14246","SKBJ":null,"TYXMDM":null,"KCH":"10218121092"},{"KKDWDM":"071","XS":40,"BYBZ":"0","JSJC":4,"XXXQDM":"03","KXH":"03","KSJC":3,"XKZRS":122,"SKZC":"000000000000110000000000","SKJS":"赵尚睿","ISTK":0,"ZCMC":"13-14周","YPSJDD":"13-14周 星期二 第3节-第4节 余区南-航海楼-101,1-12周 星期二 第3节-第5节 余区南-航海楼-101","XF":2,"SKXQ":2,"XNXQDM":"2024-2025-2","KCM":"线性代数","JASDM":"0302010101","JXLDM":"030201","JXBID":"20242-11760","SKBJ":"交通类2401-04","TYXMDM":null,"KCH":"10153111001"},{"KKDWDM":"071","XS":40,"BYBZ":"0","JSJC":7,"XXXQDM":"03","KXH":"39","KSJC":6,"XKZRS":102,"SKZC":"000000000000110000000000","SKJS":"赵尚睿","ISTK":0,"ZCMC":"13-14周","YPSJDD":"13-14周 星期二 第6节-第7节 余区南-航海楼-101,1-12周 星期二 第6节-第8节 余区南-航海楼-101","XF":2,"SKXQ":2,"XNXQDM":"2024-2025-2","KCM":"线性代数","JASDM":"0302010101","JXLDM":"030201","JXBID":"20242-11763","SKBJ":"交通zs2401,导航2401-02","TYXMDM":null,"KCH":"10153111001"},{"KKDWDM":"071","XS":40,"BYBZ":"0","JSJC":7,"XXXQDM":"03","KXH":"02","KSJC":6,"XKZRS":135,"SKZC":"000000000000110000000000","SKJS":"樊庆菊","ISTK":0,"ZCMC":"13-14周","YPSJDD":"13-14周 星期三 第6节-第7节 余区南-航海楼-101,1-12周 星期三 第6节-第8节 余区南-航海楼-101","XF":2,"SKXQ":3,"XNXQDM":"2024-2025-2","KCM":"线性代数","JASDM":"0302010101","JXLDM":"030201","JXBID":"20242-11761","SKBJ":"机设2401-04","TYXMDM":null,"KCH":"10153111001"},{"KKDWDM":"012","XS":32,"BYBZ":"0","JSJC":7,"XXXQDM":"03","KXH":"19","KSJC":6,"XKZRS":65,"SKZC":"000000000000000110000000000000","SKJS":"黄靖","ISTK":0,"ZCMC":"16-17周","YPSJDD":"12-14周 星期一 第6节-第7节 余区南-航海楼-101,1-10周 星期一 第6节-第7节 余区南-航海楼-101,16-17周 星期一 第6节-第7节 余区南-航海楼-101,17周 星期二 第6节-第7节 余区南-航海楼-101","XF":2,"SKXQ":1,"XNXQDM":"2024-2025-2","KCM":"Python程序设计基础A","JASDM":"0302010101","JXLDM":"030201","JXBID":"20242-11889","SKBJ":"交通类2401-02","TYXMDM":null,"KCH":"10121121086"},{"KKDWDM":"071","XS":88,"BYBZ":"0","JSJC":4,"XXXQDM":"03","KXH":"19","KSJC":3,"XKZRS":132,"SKZC":"000000000000000110000000000000","SKJS":"石雨","ISTK":0,"ZCMC":"16-17周","YPSJDD":"1-10周 星期一 第3节-第4节 余区南-航海楼-101,11-15周 星期四 第3节-第4节 余区南-航海楼-101,1-9周 星期四 第3节-第4节 余区南-航海楼-101,12-14周 星期一 第3节-第4节 余区南-航海楼-101,16-17周 星期一 第3节-第4节 余区南-航海楼-101,1-15周 星期二 第1节-第2节 余区南-航海楼-101","XF":5,"SKXQ":1,"XNXQDM":"2024-2025-2","KCM":"高等数学A下","JASDM":"0302010101","JXLDM":"030201","JXBID":"20242-06376","SKBJ":"道桥2401-04","TYXMDM":null,"KCH":"10153121060"},{"KKDWDM":"071","XS":88,"BYBZ":"0","JSJC":2,"XXXQDM":"03","KXH":"28","KSJC":1,"XKZRS":134,"SKZC":"000000000000000110000000000000","SKJS":"樊庆菊","ISTK":0,"ZCMC":"16-17周","YPSJDD":"9周 星期日 第1节-第2节 余区南-航海楼-101,12-14周 星期一 第1节-第2节 余区南-航海楼-101,1-10周 星期一 第1节-第2节 余区南-航海楼-101,11-15周 星期五 第1节-第2节 余区南-航海楼-101,7-9周 星期五 第1节-第2节 余区南-航海楼-101,16-17周 星期一 第1节-第2节 余区南-航海楼-101,1-5周 星期五 第1节-第2节 余区南-航海楼-101,1-15周 星期三 第3节-第4节 余区南-航海楼-101","XF":5,"SKXQ":1,"XNXQDM":"2024-2025-2","KCM":"高等数学A下","JASDM":"0302010101","JXLDM":"030201","JXBID":"20242-06457","SKBJ":"交通zs2401,交通类2405-07","TYXMDM":null,"KCH":"10153121060"},{"KKDWDM":"012","XS":32,"BYBZ":"0","JSJC":7,"XXXQDM":"03","KXH":"19","KSJC":6,"XKZRS":65,"SKZC":"000000000000000010000000000000","SKJS":"黄靖","ISTK":0,"ZCMC":"17周","YPSJDD":"12-14周 星期一 第6节-第7节 余区南-航海楼-101,1-10周 星期一 第6节-第7节 余区南-航海楼-101,16-17周 星期一 第6节-第7节 余区南-航海楼-101,17周 星期二 第6节-第7节 余区南-航海楼-101","XF":2,"SKXQ":2,"XNXQDM":"2024-2025-2","KCM":"Python程序设计基础A","JASDM":"0302010101","JXLDM":"030201","JXBID":"20242-11889","SKBJ":"交通类2401-02","TYXMDM":null,"KCH":"10121121086"}]}},"code":"0"}